energy,intensity,line_id,technique,material
0.1,0.09320627629602271,1,EDS,Silicon
0.10972154372252077,0.10005960245594502,1,EDS,Silicon
0.11944308744504153,0.10447005890338473,1,EDS,Silicon
0.1291646311675623,0.11013409433955369,1,EDS,Silicon
0.13888617489008304,0.12711121317097343,1,EDS,Silicon
0.1486077186126038,0.14168908325759322,1,EDS,Silicon
0.15832926233512457,0.12572381269086122,1,EDS,Silicon
0.16805080605764533,0.1414684260210246,1,EDS,Silicon
0.1777723497801661,0.1453520149514481,1,EDS,Silicon
0.18749389350268686,0.12991786780769785,1,EDS,Silicon
0.19721543722520762,0.194927277113327,1,EDS,Silicon
0.2069369809477284,0.13738985083561236,1,EDS,Silicon
0.21665852467024915,0.161680316847914,1,EDS,Silicon
0.2263800683927699,0.16665611018333323,1,EDS,Silicon
0.23610161211529065,0.1601523408322166,1,EDS,Silicon
0.24582315583781142,0.15501923568833031,1,EDS,Silicon
0.2555446995603322,0.16763183205682003,1,EDS,Silicon
0.265266243282853,0.16073615441416528,1,EDS,Silicon
0.27498778700537374,0.2065719735165627,1,EDS,Silicon
0.2847093307278945,0.19847257943115684,1,EDS,Silicon
0.29443087445041527,0.19194067028268413,1,EDS,Silicon
0.304152418172936,0.1738169981732607,1,EDS,Silicon
0.31387396189545674,0.19759379333160046,1,EDS,Silicon
0.3235955056179775,0.20109517538323327,1,EDS,Silicon
0.3333170493404983,0.1829047927841148,1,EDS,Silicon
0.34303859306301904,0.2069737542515061,1,EDS,Silicon
0.35276013678553975,0.18886558607460255,1,EDS,Silicon
0.3624816805080605,0.19176133618155602,1,EDS,Silicon
0.3722032242305813,0.20406612096162313,1,EDS,Silicon
0.38192476795310204,0.20862064770121644,1,EDS,Silicon
0.3916463116756228,0.20948439862834473,1,EDS,Silicon
0.40136785539814357,0.20097303675410302,1,EDS,Silicon
0.41108939912066433,0.2048530245218853,1,EDS,Silicon
0.4208109428431851,0.21538121683646355,1,EDS,Silicon
0.43053248656570586,0.21876516838758844,1,EDS,Silicon
0.4402540302882266,0.21907427515147498,1,EDS,Silicon
0.4499755740107474,0.24167823598634589,1,EDS,Silicon
0.45969711773326816,0.23497938689623854,1,EDS,Silicon
0.4694186614557889,0.23740469487019206,1,EDS,Silicon
0.4791402051783097,0.21885068952793657,1,EDS,Silicon
0.48886174890083045,0.2404840503104192,1,EDS,Silicon
0.4985832926233512,0.23215649277316458,1,EDS,Silicon
0.508304836345872,0.2429520245291315,1,EDS,Silicon
0.5180263800683927,0.23532852340463792,1,EDS,Silicon
0.5277479237909135,0.22724396900448196,1,EDS,Silicon
0.5374694675134343,0.24017452831790276,1,EDS,Silicon
0.547191011235955,0.25119360883337694,1,EDS,Silicon
0.5569125549584758,0.2710055111518781,1,EDS,Silicon
0.5666340986809966,0.24429854395374903,1,EDS,Silicon
0.5763556424035173,0.24520942478473132,1,EDS,Silicon
0.5860771861260381,0.2564352694868684,1,EDS,Silicon
0.5957987298485589,0.23895287284441594,1,EDS,Silicon
0.6055202735710795,0.3007079945883118,1,EDS,Silicon
0.6152418172936003,0.25199538808273775,1,EDS,Silicon
0.624963361016121,0.24184968908477894,1,EDS,Silicon
0.6346849047386418,0.24360348281836644,1,EDS,Silicon
0.6444064484611626,0.27542025787140745,1,EDS,Silicon
0.6541279921836833,0.26721132543473874,1,EDS,Silicon
0.6638495359062041,0.25721329471370685,1,EDS,Silicon
0.6735710796287249,0.26865456749406663,1,EDS,Silicon
0.6832926233512456,0.2790505186665626,1,EDS,Silicon
0.6930141670737664,0.2501175010164232,1,EDS,Silicon
0.7027357107962872,0.2529198112639058,1,EDS,Silicon
0.7124572545188079,0.2744683767374183,1,EDS,Silicon
0.7221787982413287,0.2743385176778872,1,EDS,Silicon
0.7319003419638495,0.27628579891868954,1,EDS,Silicon
0.7416218856863702,0.2667693796555048,1,EDS,Silicon
0.751343429408891,0.27692458050202823,1,EDS,Silicon
0.7610649731314117,0.2587470935405174,1,EDS,Silicon
0.7707865168539325,0.26069113205188016,1,EDS,Silicon
0.7805080605764533,0.2703069319303932,1,EDS,Silicon
0.790229604298974,0.2625656620687025,1,EDS,Silicon
0.7999511480214948,0.2999514437546925,1,EDS,Silicon
0.8096726917440156,0.2737158837087093,1,EDS,Silicon
0.8193942354665363,0.3139576316381587,1,EDS,Silicon
0.8291157791890571,0.2844736531661581,1,EDS,Silicon
0.8388373229115779,0.28562346397656785,1,EDS,Silicon
0.8485588666340986,0.334683455206025,1,EDS,Silicon
0.8582804103566194,0.28695397898009445,1,EDS,Silicon
0.8680019540791402,0.2882084819445154,1,EDS,Silicon
0.8777234978016609,0.2899030196863046,1,EDS,Silicon
0.8874450415241816,0.2689665904206146,1,EDS,Silicon
0.8971665852467023,0.2694457347918231,1,EDS,Silicon
0.9068881289692231,0.2904104118717216,1,EDS,Silicon
0.9166096726917439,0.28229172839963357,1,EDS,Silicon
0.9263312164142646,0.29247730751853346,1,EDS,Silicon
0.9360527601367854,0.2724204934682878,1,EDS,Silicon
0.9457743038593062,0.2839449778959234,1,EDS,Silicon
0.9554958475818269,0.29423153497050436,1,EDS,Silicon
0.9652173913043477,0.2855850437515006,1,EDS,Silicon
0.9749389350268685,0.294792568669386,1,EDS,Silicon
0.9846604787493892,0.29570296927727113,1,EDS,Silicon
0.99438202247191,0.3162326098495862,1,EDS,Silicon
1.0041035661944309,0.28590511969995774,1,EDS,Silicon
1.0138251099169515,0.28794066418950387,1,EDS,Silicon
1.0235466536394724,0.28845869872642776,1,EDS,Silicon
1.033268197361993,0.2787798302770146,1,EDS,Silicon
1.042989741084514,0.28910322353047757,1,EDS,Silicon
1.0527112848070346,0.28862595347822845,1,EDS,Silicon
1.0624328285295555,0.27996292261043493,1,EDS,Silicon
1.072154372252076,0.28052004217121035,1,EDS,Silicon
1.081875915974597,0.28061573880823815,1,EDS,Silicon
1.0915974596971176,0.3116244660461759,1,EDS,Silicon
1.1013190034196385,0.3025596364431389,1,EDS,Silicon
1.1110405471421592,0.29425406851301084,1,EDS,Silicon
1.12076209086468,0.32325939147536414,1,EDS,Silicon
1.1304836345872007,0.3037607705949717,1,EDS,Silicon
1.1402051783097216,0.2839046730420759,1,EDS,Silicon
1.1499267220322422,0.29277063870918757,1,EDS,Silicon
1.159648265754763,0.3047624410876242,1,EDS,Silicon
1.1693698094772838,0.2852306772520474,1,EDS,Silicon
1.1790913531998046,0.2876335003989913,1,EDS,Silicon
1.1888128969223253,0.30578387347152647,1,EDS,Silicon
1.1985344406448462,0.31656820270992125,1,EDS,Silicon
1.2082559843673668,0.306647867718536,1,EDS,Silicon
1.2179775280898877,0.3060502495867346,1,EDS,Silicon
1.2276990718124083,0.2983353264834771,1,EDS,Silicon
1.2374206155349292,0.28834546248406157,1,EDS,Silicon
1.2471421592574499,0.2987087218582437,1,EDS,Silicon
1.2568637029799707,0.29760512038650055,1,EDS,Silicon
1.2665852467024914,0.2898605607641277,1,EDS,Silicon
1.2763067904250123,0.29781599025964534,1,EDS,Silicon
1.286028334147533,0.299785732827089,1,EDS,Silicon
1.2957498778700538,0.3014254128586887,1,EDS,Silicon
1.3054714215925745,0.3090441832561644,1,EDS,Silicon
1.3151929653150953,0.3196808459953423,1,EDS,Silicon
1.324914509037616,0.3005136734187544,1,EDS,Silicon
1.3346360527601369,0.3102752957380549,1,EDS,Silicon
1.3443575964826575,0.32965797397927865,1,EDS,Silicon
1.3540791402051782,0.3112713650426445,1,EDS,Silicon
1.363800683927699,0.29057136712066167,1,EDS,Silicon
1.3735222276502197,0.3121025828930426,1,EDS,Silicon
1.3832437713727406,0.32117059181643315,1,EDS,Silicon
1.3929653150952612,0.30347307926874534,1,EDS,Silicon
1.402686858817782,0.3017406604476273,1,EDS,Silicon
1.4124084025403028,0.30234691054316976,1,EDS,Silicon
1.4221299462628236,0.3135133432592144,1,EDS,Silicon
1.4318514899853443,0.33200642439600125,1,EDS,Silicon
1.4415730337078652,0.3334327003055309,1,EDS,Silicon
1.4512945774303858,0.3045359812684201,1,EDS,Silicon
1.4610161211529067,0.3022829692607013,1,EDS,Silicon
1.4707376648754273,0.3539735406083215,1,EDS,Silicon
1.4804592085979482,0.3042186546296624,1,EDS,Silicon
1.4901807523204689,0.31483352065213555,1,EDS,Silicon
1.4999022960429897,0.2933119180868728,1,EDS,Silicon
1.5096238397655104,0.30340907163500924,1,EDS,Silicon
1.5193453834880313,0.3251172008404547,1,EDS,Silicon
1.529066927210552,0.3350862137166548,1,EDS,Silicon
1.5387884709330728,0.32520032504112195,1,EDS,Silicon
1.5485100146555935,0.315429388203228,1,EDS,Silicon
1.5582315583781143,0.29471229869367455,1,EDS,Silicon
1.567953102100635,0.3056173172223226,1,EDS,Silicon
1.5776746458231559,0.3058036483705521,1,EDS,Silicon
1.5873961895456765,0.32508948628668477,1,EDS,Silicon
1.5971177332681974,0.33738089658481113,1,EDS,Silicon
1.606839276990718,0.30633576162779175,1,EDS,Silicon
1.616560820713239,0.30505733171561505,1,EDS,Silicon
1.6262823644357596,0.3067221099006749,1,EDS,Silicon
1.6360039081582805,0.305464108476403,1,EDS,Silicon
1.645725451880801,0.3170487648660741,1,EDS,Silicon
1.655446995603322,0.317463197929395,1,EDS,Silicon
1.6651685393258426,0.31590163219557355,1,EDS,Silicon
1.6748900830483633,0.32749466116517423,1,EDS,Silicon
1.6846116267708842,0.30717220093267794,1,EDS,Silicon
1.6943331704934048,0.31873927547119185,1,EDS,Silicon
1.7040547142159257,0.32404717570423414,1,EDS,Silicon
1.7137762579384463,0.42679762371642826,1,EDS,Silicon
1.7234978016609672,0.7291245494478867,1,EDS,Silicon
1.7332193453834879,1.1866715217727966,1,EDS,Silicon
1.7429408891060088,1.310015932328185,1,EDS,Silicon
1.7526624328285294,0.9148551344326235,1,EDS,Silicon
1.7623839765510503,0.5090495723939652,1,EDS,Silicon
1.772105520273571,0.3338444459125372,1,EDS,Silicon
1.7818270639960918,0.3117141756426194,1,EDS,Silicon
1.7915486077186125,0.3077504540672802,1,EDS,Silicon
1.8012701514411333,0.318829629149863,1,EDS,Silicon
1.810991695163654,0.2974308547317157,1,EDS,Silicon
1.8207132388861749,0.31997980910954443,1,EDS,Silicon
1.8304347826086955,0.3282645211341555,1,EDS,Silicon
1.8401563263312164,0.2970594492958183,1,EDS,Silicon
1.849877870053737,0.3169161727624449,1,EDS,Silicon
1.859599413776258,0.31825253858313185,1,EDS,Silicon
1.8693209574987786,0.30769061580416773,1,EDS,Silicon
1.8790425012212995,0.3185046315591385,1,EDS,Silicon
1.88876404494382,0.29832740617371256,1,EDS,Silicon
1.898485588666341,0.3278913189815782,1,EDS,Silicon
1.9082071323888616,0.3272613454809502,1,EDS,Silicon
1.9179286761113825,0.2967175721855094,1,EDS,Silicon
1.9276502198339032,0.30762792883490275,1,EDS,Silicon
1.937371763556424,0.31873250290738964,1,EDS,Silicon
1.9470933072789447,0.3082025730511308,1,EDS,Silicon
1.9568148510014656,0.3169842547452306,1,EDS,Silicon
1.9665363947239862,0.2981785935884215,1,EDS,Silicon
1.9762579384465069,0.3083580400699372,1,EDS,Silicon
1.9859794821690278,0.3272923088133084,1,EDS,Silicon
1.9957010258915484,0.3181594506530878,1,EDS,Silicon
2.005422569614069,0.3280736104808767,1,EDS,Silicon
2.0151441133365897,0.30705783596367314,1,EDS,Silicon
2.024865657059111,0.2983065618249643,1,EDS,Silicon
2.0345872007816315,0.31846425007649054,1,EDS,Silicon
2.044308744504152,0.3088875449602924,1,EDS,Silicon
2.0540302882266728,0.3088459244276757,1,EDS,Silicon
2.063751831949194,0.2967867562488548,1,EDS,Silicon
2.0734733756717145,0.31713432980312906,1,EDS,Silicon
2.083194919394235,0.30832964143461883,1,EDS,Silicon
2.092916463116756,0.358302909448501,1,EDS,Silicon
2.102638006839277,0.32827619921711493,1,EDS,Silicon
2.1123595505617976,0.3010465382688127,1,EDS,Silicon
2.1220810942843182,0.3182613579115152,1,EDS,Silicon
2.1318026380068393,0.30870122258286353,1,EDS,Silicon
2.14152418172936,0.31851304060404073,1,EDS,Silicon
2.1512457254518806,0.32822134427955374,1,EDS,Silicon
2.1609672691744013,0.31737060163453173,1,EDS,Silicon
2.1706888128969224,0.31823016691225364,1,EDS,Silicon
2.180410356619443,0.31690149511840965,1,EDS,Silicon
2.1901319003419637,0.297305746172949,1,EDS,Silicon
2.1998534440644844,0.30704994606783553,1,EDS,Silicon
2.2095749877870055,0.2974767253337933,1,EDS,Silicon
2.219296531509526,0.319299019489302,1,EDS,Silicon
2.2290180752320468,0.3157378775161244,1,EDS,Silicon
2.2387396189545674,0.3078257135713163,1,EDS,Silicon
2.2484611626770885,0.2958407763772978,1,EDS,Silicon
2.258182706399609,0.29673992235383206,1,EDS,Silicon
2.26790425012213,0.2979898105087072,1,EDS,Silicon
2.2776257938446505,0.3370688534133515,1,EDS,Silicon
2.287347337567171,0.30604777872954453,1,EDS,Silicon
2.297068881289692,0.30628723996528134,1,EDS,Silicon
2.306790425012213,0.30739126443685744,1,EDS,Silicon
2.3165119687347335,0.32614052572763863,1,EDS,Silicon
2.326233512457254,0.3268654399291956,1,EDS,Silicon
2.3359550561797753,0.3266510737384123,1,EDS,Silicon
2.345676599902296,0.30599362526135876,1,EDS,Silicon
2.3553981436248166,0.3082648747820034,1,EDS,Silicon
2.3651196873473372,0.34692242655102706,1,EDS,Silicon
2.3748412310698583,0.3046144873922151,1,EDS,Silicon
2.384562774792379,0.3063913287115338,1,EDS,Silicon
2.3942843185148996,0.30559963571358006,1,EDS,Silicon
2.4040058622374203,0.2967884901697727,1,EDS,Silicon
2.4137274059599414,0.2953255039894969,1,EDS,Silicon
2.423448949682462,0.2958097719546006,1,EDS,Silicon
2.4331704934049827,0.32624392591716234,1,EDS,Silicon
2.4428920371275034,0.2964594391472578,1,EDS,Silicon
2.4526135808500245,0.29463758619768593,1,EDS,Silicon
2.462335124572545,0.29527406315232524,1,EDS,Silicon
2.4720566682950658,0.30506500687748483,1,EDS,Silicon
2.4817782120175864,0.30482279176675703,1,EDS,Silicon
2.4914997557401075,0.29675816917680947,1,EDS,Silicon
2.501221299462628,0.3155216194708301,1,EDS,Silicon
2.510942843185149,0.2940275720401451,1,EDS,Silicon
2.5206643869076695,0.30575770881981007,1,EDS,Silicon
2.5303859306301906,0.2966690650788903,1,EDS,Silicon
2.5401074743527112,0.3256546246491434,1,EDS,Silicon
2.549829018075232,0.31341227802276495,1,EDS,Silicon
2.5595505617977525,0.3041780200428326,1,EDS,Silicon
2.5692721055202736,0.305543255154221,1,EDS,Silicon
2.5789936492427943,0.3237815790853743,1,EDS,Silicon
2.588715192965315,0.30464135393372443,1,EDS,Silicon
2.5984367366878356,0.30481145071016774,1,EDS,Silicon
2.6081582804103562,0.3032753154600685,1,EDS,Silicon
2.6178798241328773,0.31389328587497817,1,EDS,Silicon
2.627601367855398,0.30111307015419503,1,EDS,Silicon
2.6373229115779186,0.2928609350961825,1,EDS,Silicon
2.6470444553004393,0.3033953495276276,1,EDS,Silicon
2.6567659990229604,0.3124462028362668,1,EDS,Silicon
2.666487542745481,0.3047472642557495,1,EDS,Silicon
2.6762090864680017,0.2920615509718376,1,EDS,Silicon
2.6859306301905224,0.3427747643853918,1,EDS,Silicon
2.6956521739130435,0.313135139915359,1,EDS,Silicon
2.705373717635564,0.2941150872804511,1,EDS,Silicon
2.7150952613580848,0.3215807357717031,1,EDS,Silicon
2.7248168050806054,0.3236396161628362,1,EDS,Silicon
2.7345383488031265,0.2925497609073932,1,EDS,Silicon
2.744259892525647,0.31159413413839554,1,EDS,Silicon
2.753981436248168,0.3026806684103589,1,EDS,Silicon
2.7637029799706885,0.3023344128860915,1,EDS,Silicon
2.7734245236932096,0.3115373099520683,1,EDS,Silicon
2.7831460674157302,0.3119719177669749,1,EDS,Silicon
2.792867611138251,0.29146163510063355,1,EDS,Silicon
2.8025891548607715,0.3017507274954816,1,EDS,Silicon
2.8123106985832926,0.29208065094518054,1,EDS,Silicon
2.8220322423058133,0.3027244865433746,1,EDS,Silicon
2.831753786028334,0.32022323826772037,1,EDS,Silicon
2.8414753297508546,0.2929181433154836,1,EDS,Silicon
2.8511968734733757,0.3093569252412825,1,EDS,Silicon
2.8609184171958963,0.3207324250678675,1,EDS,Silicon
2.870639960918417,0.3312175835949472,1,EDS,Silicon
2.8803615046409377,0.30082312514047505,1,EDS,Silicon
2.8900830483634588,0.31992747862582094,1,EDS,Silicon
2.8998045920859794,0.2901369451954715,1,EDS,Silicon
2.9095261358085,0.33975875246103254,1,EDS,Silicon
2.9192476795310207,0.3195378763227086,1,EDS,Silicon
2.9289692232535414,0.3106042429962685,1,EDS,Silicon
2.9386907669760625,0.29004929982666977,1,EDS,Silicon
2.948412310698583,0.29902595952460487,1,EDS,Silicon
2.9581338544211038,0.29021869616999446,1,EDS,Silicon
2.9678553981436244,0.3095776754868262,1,EDS,Silicon
2.9775769418661455,0.2898569205561348,1,EDS,Silicon
2.987298485588666,0.2895575120843772,1,EDS,Silicon
2.997020029311187,0.308187330770288,1,EDS,Silicon
3.0067415730337075,0.30826562252445416,1,EDS,Silicon
3.0164631167562286,0.2992145413735393,1,EDS,Silicon
3.0261846604787492,0.30895091939444036,1,EDS,Silicon
3.03590620420127,0.29827181261254787,1,EDS,Silicon
3.0456277479237905,0.29823754103240685,1,EDS,Silicon
3.0553492916463116,0.29906003809559917,1,EDS,Silicon
3.0650708353688323,0.3273401305121783,1,EDS,Silicon
3.074792379091353,0.2881429994998111,1,EDS,Silicon
3.0845139228138736,0.3073612411025069,1,EDS,Silicon
3.0942354665363947,0.2871944014144026,1,EDS,Silicon
3.1039570102589153,0.2981443039206859,1,EDS,Silicon
3.113678553981436,0.29775972487197566,1,EDS,Silicon
3.1234000977039567,0.2975938052507772,1,EDS,Silicon
3.1331216414264778,0.2978499326253152,1,EDS,Silicon
3.1428431851489984,0.33661502679018646,1,EDS,Silicon
3.152564728871519,0.2970115747222765,1,EDS,Silicon
3.1622862725940397,0.2960205241000668,1,EDS,Silicon
3.172007816316561,0.28639350450651324,1,EDS,Silicon
3.1817293600390815,0.31585242673380787,1,EDS,Silicon
3.191450903761602,0.3058824076093499,1,EDS,Silicon
3.2011724474841228,0.28613912357401144,1,EDS,Silicon
3.210893991206644,0.29479150955201755,1,EDS,Silicon
3.2206155349291645,0.287070897085451,1,EDS,Silicon
3.230337078651685,0.30430836879069717,1,EDS,Silicon
3.240058622374206,0.29396999926865225,1,EDS,Silicon
3.2497801660967265,0.29579591696413954,1,EDS,Silicon
3.2595017098192476,0.31532354120140715,1,EDS,Silicon
3.2692232535417682,0.31501743668563076,1,EDS,Silicon
3.278944797264289,0.32485484222379957,1,EDS,Silicon
3.2886663409868095,0.3041506835145332,1,EDS,Silicon
3.2983878847093306,0.2932408856598201,1,EDS,Silicon
3.3081094284318513,0.31388934194853335,1,EDS,Silicon
3.317830972154372,0.2830891649492431,1,EDS,Silicon
3.3275525158768926,0.33430631272711364,1,EDS,Silicon
3.3372740595994137,0.283195248565321,1,EDS,Silicon
3.3469956033219344,0.30245589964687153,1,EDS,Silicon
3.356717147044455,0.30270810260440245,1,EDS,Silicon
3.3664386907669757,0.31315288723884627,1,EDS,Silicon
3.3761602344894968,0.29216169582750956,1,EDS,Silicon
3.3858817782120174,0.3017724673219092,1,EDS,Silicon
3.395603321934538,0.3024938173636079,1,EDS,Silicon
3.4053248656570587,0.2923214599193648,1,EDS,Silicon
3.41504640937958,0.2815166830525076,1,EDS,Silicon
3.4247679531021005,0.3313723244193977,1,EDS,Silicon
3.434489496824621,0.30178718427692697,1,EDS,Silicon
3.4442110405471418,0.2802021130549985,1,EDS,Silicon
3.453932584269663,0.2900601684244964,1,EDS,Silicon
3.4636541279921835,0.3104616961539792,1,EDS,Silicon
3.473375671714704,0.28070833617951146,1,EDS,Silicon
3.483097215437225,0.2809707195674298,1,EDS,Silicon
3.492818759159746,0.29176962047077165,1,EDS,Silicon
3.5025403028822666,0.3210728928041464,1,EDS,Silicon
3.5122618466047872,0.3000401812528669,1,EDS,Silicon
3.521983390327308,0.2899789362078626,1,EDS,Silicon
3.5317049340498285,0.29897386384720537,1,EDS,Silicon
3.5414264777723496,0.31961898826257773,1,EDS,Silicon
3.5511480214948703,0.279211458771142,1,EDS,Silicon
3.560869565217391,0.28954302291070183,1,EDS,Silicon
3.5705911089399116,0.318396452202079,1,EDS,Silicon
3.5803126526624327,0.28934389908859476,1,EDS,Silicon
3.5900341963849534,0.28001136564355816,1,EDS,Silicon
3.599755740107474,0.288451047875506,1,EDS,Silicon
3.6094772838299947,0.28869569185818544,1,EDS,Silicon
3.6191988275525158,0.2787536126996416,1,EDS,Silicon
3.6289203712750364,0.2776535076278179,1,EDS,Silicon
3.638641914997557,0.31799318343720834,1,EDS,Silicon
3.6483634587200777,0.2976303795086798,1,EDS,Silicon
3.658085002442599,0.2875159685575687,1,EDS,Silicon
3.6678065461651195,0.28659928566878334,1,EDS,Silicon
3.67752808988764,0.28708173221244715,1,EDS,Silicon
3.687249633610161,0.27729191337894077,1,EDS,Silicon
3.696971177332682,0.2879040916834368,1,EDS,Silicon
3.7066927210552025,0.2973035540643798,1,EDS,Silicon
3.716414264777723,0.2781169069975839,1,EDS,Silicon
3.726135808500244,0.28547802375328424,1,EDS,Silicon
3.735857352222765,0.2966645421144838,1,EDS,Silicon
3.7455788959452856,0.2958970326908222,1,EDS,Silicon
3.7553004396678062,0.2873904822488693,1,EDS,Silicon
3.765021983390327,0.28468493721474475,1,EDS,Silicon
3.774743527112848,0.2844679140802541,1,EDS,Silicon
3.7844650708353686,0.28447849458713476,1,EDS,Silicon
3.7941866145578893,0.28300807813453943,1,EDS,Silicon
3.80390815828041,0.3041570413835881,1,EDS,Silicon
3.813629702002931,0.2937690670987556,1,EDS,Silicon
3.8233512457254517,0.31433956552886627,1,EDS,Silicon
3.8330727894479724,0.2943071865956676,1,EDS,Silicon
3.842794333170493,0.2954012019586229,1,EDS,Silicon
3.8525158768930137,0.2944308877692866,1,EDS,Silicon
3.8622374206155348,0.29295551346657933,1,EDS,Silicon
3.8719589643380554,0.27249140704115465,1,EDS,Silicon
3.881680508060576,0.2834631064655904,1,EDS,Silicon
3.8914020517830967,0.2917477107440635,1,EDS,Silicon
3.901123595505618,0.2841964084174235,1,EDS,Silicon
3.9108451392281385,0.2834536160857658,1,EDS,Silicon
3.920566682950659,0.28187437901421925,1,EDS,Silicon
3.93028822667318,0.28063428928384077,1,EDS,Silicon
3.940009770395701,0.28301056783843737,1,EDS,Silicon
3.9497313141182215,0.27158149639108087,1,EDS,Silicon
3.959452857840742,0.2925185895579727,1,EDS,Silicon
3.969174401563263,0.28994465934704683,1,EDS,Silicon
3.978895945285784,0.2905813310211411,1,EDS,Silicon
3.9886174890083046,0.27089012001923135,1,EDS,Silicon
3.9983390327308252,0.30072635277227455,1,EDS,Silicon
4.008060576453346,0.2801102496418037,1,EDS,Silicon
4.017782120175867,0.2708109552699255,1,EDS,Silicon
4.027503663898387,0.27919298775469686,1,EDS,Silicon
4.037225207620908,0.2797691711613246,1,EDS,Silicon
4.0469467513434285,0.30978918012683887,1,EDS,Silicon
4.05666829506595,0.27991917593522586,1,EDS,Silicon
4.066389838788471,0.26988361847378595,1,EDS,Silicon
4.076111382510991,0.28814179743290264,1,EDS,Silicon
4.085832926233512,0.2775966830476462,1,EDS,Silicon
4.095554469956033,0.27975376447096956,1,EDS,Silicon
4.105276013678553,0.2787584646079559,1,EDS,Silicon
4.114997557401074,0.2776492433568981,1,EDS,Silicon
4.124719101123595,0.27937576619055876,1,EDS,Silicon
4.134440644846116,0.2979684032764548,1,EDS,Silicon
4.144162188568636,0.2786573847340994,1,EDS,Silicon
4.153883732291157,0.2675210155295615,1,EDS,Silicon
4.163605276013678,0.26898932491670213,1,EDS,Silicon
4.173326819736198,0.27852889904279066,1,EDS,Silicon
4.183048363458719,0.2966428938708857,1,EDS,Silicon
4.19276990718124,0.26746210725979225,1,EDS,Silicon
4.202491450903761,0.26698340749437016,1,EDS,Silicon
4.212212994626282,0.2873848760254789,1,EDS,Silicon
4.221934538348802,0.2652215455321612,1,EDS,Silicon
4.231656082071323,0.26640078755674923,1,EDS,Silicon
4.241377625793844,0.27650707209937114,1,EDS,Silicon
4.2510991695163645,0.263937212132532,1,EDS,Silicon
4.260820713238886,0.27421336561979,1,EDS,Silicon
4.270542256961406,0.2732883309100343,1,EDS,Silicon
4.280263800683927,0.26456596411863686,1,EDS,Silicon
4.289985344406448,0.2851865412062523,1,EDS,Silicon
4.299706888128968,0.27563728057625525,1,EDS,Silicon
4.309428431851489,0.2742310931425721,1,EDS,Silicon
4.31914997557401,0.2953270748012956,1,EDS,Silicon
4.328871519296531,0.2625944537460605,1,EDS,Silicon
4.338593063019052,0.26211454462842254,1,EDS,Silicon
4.348314606741572,0.29328806650840245,1,EDS,Silicon
4.358036150464093,0.27344769950415193,1,EDS,Silicon
4.367757694186614,0.29288863032914614,1,EDS,Silicon
4.377479237909134,0.2809719008597319,1,EDS,Silicon
4.387200781631655,0.30242171723202455,1,EDS,Silicon
4.3969223253541765,0.2811919481549118,1,EDS,Silicon
4.406643869076697,0.30263778338966285,1,EDS,Silicon
4.416365412799218,0.2721729014689053,1,EDS,Silicon
4.426086956521738,0.27086597585400696,1,EDS,Silicon
4.435808500244259,0.2910123013462178,1,EDS,Silicon
4.44553004396678,0.2803434701857393,1,EDS,Silicon
4.4552515876893,0.26096798029882073,1,EDS,Silicon
4.4649731314118215,0.26161012299665104,1,EDS,Silicon
4.474694675134342,0.269769832786309,1,EDS,Silicon
4.484416218856863,0.28080747372358905,1,EDS,Silicon
4.494137762579384,0.2697273058838677,1,EDS,Silicon
4.503859306301904,0.28929433066425425,1,EDS,Silicon
4.513580850024425,0.28965685071547176,1,EDS,Silicon
4.523302393746946,0.2586650346362215,1,EDS,Silicon
4.5330239374694665,0.25885576665304144,1,EDS,Silicon
4.542745481191988,0.2781017711007251,1,EDS,Silicon
4.552467024914508,0.3005413247323048,1,EDS,Silicon
4.562188568637029,0.268708653488531,1,EDS,Silicon
4.57191011235955,0.2578778820906052,1,EDS,Silicon
4.58163165608207,0.26843008390691747,1,EDS,Silicon
4.591353199804591,0.26794176382652257,1,EDS,Silicon
4.601074743527112,0.27763585139402847,1,EDS,Silicon
4.610796287249633,0.26812152304467307,1,EDS,Silicon
4.620517830972154,0.2780266075631575,1,EDS,Silicon
4.630239374694674,0.2567306531841708,1,EDS,Silicon
4.639960918417195,0.27647706253957544,1,EDS,Silicon
4.649682462139716,0.2965136229429218,1,EDS,Silicon
4.659404005862236,0.2845972046848664,1,EDS,Silicon
4.6691255495847575,0.2550410756406288,1,EDS,Silicon
4.6788470933072785,0.2772426455417213,1,EDS,Silicon
4.688568637029799,0.2772594074401574,1,EDS,Silicon
4.69829018075232,0.26545368620271437,1,EDS,Silicon
4.70801172447484,0.2559293954066267,1,EDS,Silicon
4.717733268197361,0.2754897003293777,1,EDS,Silicon
4.727454811919882,0.27759431714469557,1,EDS,Silicon
4.7371763556424025,0.25573306022729964,1,EDS,Silicon
4.746897899364924,0.26446879859837596,1,EDS,Silicon
4.756619443087445,0.2835566058045754,1,EDS,Silicon
4.766340986809965,0.2727924888940645,1,EDS,Silicon
4.776062530532486,0.2540927058219227,1,EDS,Silicon
4.785784074255006,0.253069068776321,1,EDS,Silicon
4.795505617977527,0.2722918322446913,1,EDS,Silicon
4.805227161700048,0.2627238431968949,1,EDS,Silicon
4.814948705422569,0.2621399924403226,1,EDS,Silicon
4.82467024914509,0.28424369864073484,1,EDS,Silicon
4.83439179286761,0.273348644994387,1,EDS,Silicon
4.844113336590131,0.25238285440860375,1,EDS,Silicon
4.853834880312652,0.25341153357099155,1,EDS,Silicon
4.863556424035172,0.2720150491937595,1,EDS,Silicon
4.873277967757693,0.25100760724152055,1,EDS,Silicon
4.8829995114802145,0.28278789720616093,1,EDS,Silicon
4.892721055202735,0.26174189766448047,1,EDS,Silicon
4.902442598925256,0.26019912009212476,1,EDS,Silicon
4.912164142647776,0.2806890205417295,1,EDS,Silicon
4.921885686370297,0.25989332182713176,1,EDS,Silicon
4.931607230092818,0.24924687773157672,1,EDS,Silicon
4.941328773815338,0.2909629041493648,1,EDS,Silicon
4.9510503175378595,0.2615665360486083,1,EDS,Silicon
4.960771861260381,0.27856986524311,1,EDS,Silicon
4.970493404982901,0.25999392930591,1,EDS,Silicon
4.980214948705422,0.27875402950114847,1,EDS,Silicon
4.989936492427942,0.25866932401033566,1,EDS,Silicon
4.999658036150463,0.24835896511226319,1,EDS,Silicon
5.009379579872984,0.2579089110343845,1,EDS,Silicon
5.0191011235955045,0.26845211945625663,1,EDS,Silicon
5.028822667318026,0.25749178227632097,1,EDS,Silicon
5.038544211040547,0.24819316352734738,1,EDS,Silicon
5.048265754763067,0.2577013158588295,1,EDS,Silicon
5.057987298485588,0.2573200495879839,1,EDS,Silicon
5.067708842208108,0.26653601682049444,1,EDS,Silicon
5.077430385930629,0.27659029644814526,1,EDS,Silicon
5.08715192965315,0.2974845357102886,1,EDS,Silicon
5.096873473375671,0.27704751370726044,1,EDS,Silicon
5.106595017098192,0.26558346861634463,1,EDS,Silicon
5.116316560820712,0.2762631138841072,1,EDS,Silicon
5.126038104543233,0.2665862021790995,1,EDS,Silicon
5.135759648265754,0.2643311688231282,1,EDS,Silicon
5.145481191988274,0.25596334364571594,1,EDS,Silicon
5.1552027357107955,0.25472720221099493,1,EDS,Silicon
5.164924279433317,0.25553730812139075,1,EDS,Silicon
5.174645823155837,0.2841936119134193,1,EDS,Silicon
5.184367366878358,0.27309495188948363,1,EDS,Silicon
5.194088910600878,0.2530188120234471,1,EDS,Silicon
5.203810454323399,0.2541995344731322,1,EDS,Silicon
5.21353199804592,0.27415190186505733,1,EDS,Silicon
5.2232535417684405,0.25295000585396976,1,EDS,Silicon
5.232975085490962,0.2540189868343985,1,EDS,Silicon
5.242696629213483,0.2518637142084955,1,EDS,Silicon
5.252418172936003,0.25297650632510227,1,EDS,Silicon
5.262139716658524,0.24179011628883587,1,EDS,Silicon
5.271861260381044,0.2720332757438262,1,EDS,Silicon
5.281582804103565,0.25239380768984143,1,EDS,Silicon
5.291304347826086,0.24140597300855973,1,EDS,Silicon
5.301025891548607,0.26157884993416164,1,EDS,Silicon
5.310747435271128,0.2525192383137489,1,EDS,Silicon
5.320468978993649,0.2609644222853016,1,EDS,Silicon
5.330190522716169,0.25192279903539744,1,EDS,Silicon
5.33991206643869,0.26004707709139974,1,EDS,Silicon
5.34963361016121,0.2412123709441308,1,EDS,Silicon
5.359355153883731,0.2617502182503884,1,EDS,Silicon
5.3690766976062525,0.24824000552761946,1,EDS,Silicon
5.378798241328773,0.25941772401387403,1,EDS,Silicon
5.388519785051294,0.2703429816887166,1,EDS,Silicon
5.398241328773814,0.2494609410385908,1,EDS,Silicon
5.407962872496335,0.2597149880581489,1,EDS,Silicon
5.417684416218856,0.24866910700035513,1,EDS,Silicon
5.427405959941376,0.26902056348242476,1,EDS,Silicon
5.4371275036638975,0.24858929277717084,1,EDS,Silicon
5.446849047386419,0.2494714825928274,1,EDS,Silicon
5.456570591108939,0.2484769670926056,1,EDS,Silicon
5.46629213483146,0.2483183942831785,1,EDS,Silicon
5.47601367855398,0.2374611442120324,1,EDS,Silicon
5.485735222276501,0.24716902967742624,1,EDS,Silicon
5.495456765999022,0.24698652128891196,1,EDS,Silicon
5.5051783097215425,0.24745154526696655,1,EDS,Silicon
5.514899853444064,0.24653852103914478,1,EDS,Silicon
5.524621397166585,0.26690579886298443,1,EDS,Silicon
5.534342940889105,0.23817473430567168,1,EDS,Silicon
5.544064484611626,0.2469351691277924,1,EDS,Silicon
5.553786028334146,0.25570147793249204,1,EDS,Silicon
5.563507572056667,0.23675331907861125,1,EDS,Silicon
5.5732291157791884,0.25517365007064446,1,EDS,Silicon
5.582950659501709,0.2435764605131401,1,EDS,Silicon
5.59267220322423,0.26421086190646426,1,EDS,Silicon
5.602393746946751,0.24325723332629742,1,EDS,Silicon
5.612115290669271,0.2743018807595803,1,EDS,Silicon
5.621836834391792,0.23438217654796872,1,EDS,Silicon
5.631558378114312,0.2555430190511754,1,EDS,Silicon
5.6412799218368335,0.24418057943140406,1,EDS,Silicon
5.651001465559355,0.24349212587474264,1,EDS,Silicon
5.660723009281875,0.2941413162100015,1,EDS,Silicon
5.670444553004396,0.25135988102420437,1,EDS,Silicon
5.680166096726917,0.24318193962899914,1,EDS,Silicon
5.689887640449437,0.2534002390541986,1,EDS,Silicon
5.699609184171958,0.2812822018178221,1,EDS,Silicon
5.7093307278944785,0.24325128408457206,1,EDS,Silicon
5.719052271617,0.2623446700685631,1,EDS,Silicon
5.728773815339521,0.24148114539868254,1,EDS,Silicon
5.738495359062041,0.2421292017963004,1,EDS,Silicon
5.748216902784562,0.23327201529709052,1,EDS,Silicon
5.757938446507082,0.26128817010644134,1,EDS,Silicon
5.767659990229603,0.26111233314764865,1,EDS,Silicon
5.777381533952124,0.250287107171613,1,EDS,Silicon
5.787103077674645,0.23972782130085393,1,EDS,Silicon
5.796824621397166,0.2409056391813709,1,EDS,Silicon
5.806546165119687,0.2492589407215077,1,EDS,Silicon
5.816267708842207,0.2298052404976975,1,EDS,Silicon
5.825989252564728,0.22911242064826914,1,EDS,Silicon
5.835710796287248,0.249682862623487,1,EDS,Silicon
5.845432340009769,0.24932872613613538,1,EDS,Silicon
5.8551538837322905,0.24968693970546676,1,EDS,Silicon
5.864875427454811,0.22815621432628058,1,EDS,Silicon
5.874596971177332,0.228125201465725,1,EDS,Silicon
5.884318514899853,0.23729790933946615,1,EDS,Silicon
5.894040058622373,0.24751365511314724,1,EDS,Silicon
5.903761602344894,0.22797020017226896,1,EDS,Silicon
5.913483146067414,0.23805592241060208,1,EDS,Silicon
5.9232046897899355,0.2364142850668487,1,EDS,Silicon
5.932926233512457,0.25768451584101737,1,EDS,Silicon
5.942647777234977,0.22785920757300168,1,EDS,Silicon
5.952369320957498,0.226835592461372,1,EDS,Silicon
5.962090864680019,0.23783005655327627,1,EDS,Silicon
5.971812408402539,0.24537302349499815,1,EDS,Silicon
5.98153395212506,0.2347445973449601,1,EDS,Silicon
5.9912554958475805,0.2640630695074804,1,EDS,Silicon
6.000977039570102,0.246576900439331,1,EDS,Silicon
6.010698583292623,0.2256371410967571,1,EDS,Silicon
6.020420127015143,0.23480781772296744,1,EDS,Silicon
6.030141670737664,0.2548555473730475,1,EDS,Silicon
6.039863214460184,0.24344256952511212,1,EDS,Silicon
6.049584758182705,0.23620474235166164,1,EDS,Silicon
6.0593063019052265,0.22402726191375083,1,EDS,Silicon
6.069027845627747,0.22377653786356488,1,EDS,Silicon
6.078749389350268,0.2540594803090852,1,EDS,Silicon
6.088470933072789,0.25361989902622617,1,EDS,Silicon
6.098192476795309,0.22316986730410734,1,EDS,Silicon
6.10791402051783,0.24208447683024198,1,EDS,Silicon
6.11763556424035,0.22290872776487258,1,EDS,Silicon
6.1273571079628715,0.2638575856075894,1,EDS,Silicon
6.137078651685393,0.22317279031354514,1,EDS,Silicon
6.146800195407913,0.23314597508319004,1,EDS,Silicon
6.156521739130434,0.24114572378395732,1,EDS,Silicon
6.166243282852955,0.2205095535077007,1,EDS,Silicon
6.175964826575475,0.23099936406914745,1,EDS,Silicon
6.185686370297996,0.2209166800338376,1,EDS,Silicon
6.1954079140205165,0.2515528727768488,1,EDS,Silicon
6.205129457743038,0.24897988928006762,1,EDS,Silicon
6.214851001465559,0.23144784279879618,1,EDS,Silicon
6.224572545188079,0.23979681558309765,1,EDS,Silicon
6.2342940889106,0.21933593340989455,1,EDS,Silicon
6.244015632633121,0.22860957985341457,1,EDS,Silicon
6.253737176355641,0.24783489468422049,1,EDS,Silicon
6.263458720078162,0.2496783369070939,1,EDS,Silicon
6.273180263800683,0.2188136658786316,1,EDS,Silicon
6.282901807523204,0.21743429156058178,1,EDS,Silicon
6.292623351245725,0.22719428779945042,1,EDS,Silicon
6.302344894968245,0.2377633171738768,1,EDS,Silicon
6.312066438690766,0.21920941952894815,1,EDS,Silicon
6.321787982413287,0.2273554948276996,1,EDS,Silicon
6.331509526135807,0.236076241753708,1,EDS,Silicon
6.3412310698583285,0.21689511130314063,1,EDS,Silicon
6.350952613580849,0.2166363798685676,1,EDS,Silicon
6.36067415730337,0.2143664566315897,1,EDS,Silicon
6.370395701025891,0.23634725134453535,1,EDS,Silicon
6.380117244748411,0.23596277491550727,1,EDS,Silicon
6.389838788470932,0.23650425917752094,1,EDS,Silicon
6.399560332193452,0.22723495774583188,1,EDS,Silicon
6.4092818759159735,0.2563924360986841,1,EDS,Silicon
6.419003419638495,0.23498518435915305,1,EDS,Silicon
6.428724963361015,0.2340458554108848,1,EDS,Silicon
6.438446507083536,0.22689646605851072,1,EDS,Silicon
6.448168050806057,0.22455050571881913,1,EDS,Silicon
6.457889594528577,0.23427574269786686,1,EDS,Silicon
6.467611138251098,0.23400699050195228,1,EDS,Silicon
6.4773326819736186,0.2239565298848024,1,EDS,Silicon
6.48705422569614,0.23343229088409229,1,EDS,Silicon
6.496775769418661,0.2328351254909092,1,EDS,Silicon
6.506497313141181,0.21262055410159664,1,EDS,Silicon
6.516218856863702,0.22281475074679938,1,EDS,Silicon
6.525940400586223,0.21214914853182348,1,EDS,Silicon
6.535661944308743,0.24176978386063125,1,EDS,Silicon
6.5453834880312645,0.22221983573566206,1,EDS,Silicon
6.555105031753785,0.2316792913927664,1,EDS,Silicon
6.564826575476306,0.2329175936670905,1,EDS,Silicon
6.574548119198827,0.2091943159189821,1,EDS,Silicon
6.584269662921347,0.25209658170481786,1,EDS,Silicon
6.593991206643868,0.23198870711182992,1,EDS,Silicon
6.603712750366389,0.21896620295692176,1,EDS,Silicon
6.6134342940889095,0.2101805184822773,1,EDS,Silicon
6.623155837811431,0.21991867594947126,1,EDS,Silicon
6.632877381533951,0.2188116860931469,1,EDS,Silicon
6.642598925256472,0.209102146541594,1,EDS,Silicon
6.652320468978993,0.23858509868988986,1,EDS,Silicon
6.662042012701513,0.23074896873431602,1,EDS,Silicon
6.671763556424034,0.20982590302184095,1,EDS,Silicon
6.6814851001465545,0.22986965561493453,1,EDS,Silicon
6.691206643869076,0.2191702443713166,1,EDS,Silicon
6.700928187591597,0.20737943516547072,1,EDS,Silicon
6.710649731314117,0.22764842482900183,1,EDS,Silicon
6.720371275036638,0.2482608018529698,1,EDS,Silicon
6.730092818759159,0.2365866427967156,1,EDS,Silicon
6.739814362481679,0.22797179236919565,1,EDS,Silicon
6.7495359062042,0.22693361241002405,1,EDS,Silicon
6.759257449926721,0.21658234391152126,1,EDS,Silicon
6.768978993649242,0.21725478387742375,1,EDS,Silicon
6.778700537371763,0.2367925074904784,1,EDS,Silicon
6.788422081094283,0.22587837813863165,1,EDS,Silicon
6.798143624816804,0.2169152127901925,1,EDS,Silicon
6.807865168539325,0.2247969501851793,1,EDS,Silicon
6.817586712261845,0.22598193610236958,1,EDS,Silicon
6.8273082559843665,0.20572401201107454,1,EDS,Silicon
6.837029799706887,0.22472791731933797,1,EDS,Silicon
6.846751343429408,0.20502236394781995,1,EDS,Silicon
6.856472887151929,0.21346021865572157,1,EDS,Silicon
6.866194430874449,0.2350461125039391,1,EDS,Silicon
6.87591597459697,0.24387677338583774,1,EDS,Silicon
6.885637518319491,0.23335431440793653,1,EDS,Silicon
6.8953590620420115,0.21443384011978178,1,EDS,Silicon
6.905080605764533,0.2227237235995023,1,EDS,Silicon
6.914802149487053,0.20189382417796187,1,EDS,Silicon
6.924523693209574,0.23153029760530872,1,EDS,Silicon
6.934245236932095,0.21310539084619456,1,EDS,Silicon
6.943966780654615,0.21128344499611124,1,EDS,Silicon
6.953688324377136,0.203590510663886,1,EDS,Silicon
6.963409868099657,0.20013227730337266,1,EDS,Silicon
6.973131411822178,0.21306273705152295,1,EDS,Silicon
6.982852955544699,0.21157704104054256,1,EDS,Silicon
6.992574499267219,0.21107934735776682,1,EDS,Silicon
7.00229604298974,0.2104637591315469,1,EDS,Silicon
7.012017586712261,0.21101617398875272,1,EDS,Silicon
7.021739130434781,0.20041009616776717,1,EDS,Silicon
7.0314606741573025,0.23112760302056456,1,EDS,Silicon
7.041182217879823,0.21005808519184208,1,EDS,Silicon
7.050903761602344,0.19984858022837446,1,EDS,Silicon
7.060625305324865,0.199177619424368,1,EDS,Silicon
7.070346849047385,0.19919504876952265,1,EDS,Silicon
7.080068392769906,0.21926116534690912,1,EDS,Silicon
7.089789936492427,0.22732824884256123,1,EDS,Silicon
7.0995114802149475,0.19739196700192135,1,EDS,Silicon
7.109233023937469,0.19890659094028265,1,EDS,Silicon
7.118954567659989,0.1981863265194265,1,EDS,Silicon
7.12867611138251,0.2076485379578347,1,EDS,Silicon
7.138397655105031,0.23757823214594703,1,EDS,Silicon
7.148119198827551,0.20761420927433005,1,EDS,Silicon
7.157840742550072,0.19662956841246426,1,EDS,Silicon
7.167562286272593,0.19618920082656316,1,EDS,Silicon
7.177283829995114,0.2167661925022585,1,EDS,Silicon
7.187005373717635,0.20554076224074413,1,EDS,Silicon
7.196726917440155,0.1964637279758404,1,EDS,Silicon
7.206448461162676,0.20445244285886421,1,EDS,Silicon
7.216170004885197,0.19650382522804571,1,EDS,Silicon
7.225891548607717,0.22579643684679676,1,EDS,Silicon
7.235613092330238,0.20537424898376347,1,EDS,Silicon
7.2453346360527595,0.19574335203520274,1,EDS,Silicon
7.25505617977528,0.19607560781687175,1,EDS,Silicon
7.264777723497801,0.2252887558643808,1,EDS,Silicon
7.274499267220321,0.20265269386145104,1,EDS,Silicon
7.284220810942842,0.2028829221725588,1,EDS,Silicon
7.293942354665363,0.21319152528751592,1,EDS,Silicon
7.303663898387883,0.21349686478359403,1,EDS,Silicon
7.3133854421104045,0.20366848929523665,1,EDS,Silicon
7.323106985832925,0.20238451671536584,1,EDS,Silicon
7.332828529555446,0.212909224934185,1,EDS,Silicon
7.342550073277967,0.21187792237525535,1,EDS,Silicon
7.352271617000487,0.21175770401596025,1,EDS,Silicon
7.361993160723008,0.20084966620917008,1,EDS,Silicon
7.371714704445529,0.21101425914760344,1,EDS,Silicon
7.3814362481680496,0.21041379324572948,1,EDS,Silicon
7.391157791890571,0.21048803495653257,1,EDS,Silicon
7.400879335613091,0.19194962744356334,1,EDS,Silicon
7.410600879335612,0.23002805379399152,1,EDS,Silicon
7.420322423058133,0.2127918632978811,1,EDS,Silicon
7.430043966780653,0.20075610785067569,1,EDS,Silicon
7.439765510503174,0.21025609728289016,1,EDS,Silicon
7.4494870542256955,0.20913966453190994,1,EDS,Silicon
7.459208597948216,0.19020604575623834,1,EDS,Silicon
7.468930141670737,0.19889428037478485,1,EDS,Silicon
7.478651685393257,0.20923824212625508,1,EDS,Silicon
7.488373229115778,0.20104231346803944,1,EDS,Silicon
7.498094772838299,0.218572532349763,1,EDS,Silicon
7.507816316560819,0.1993758859010869,1,EDS,Silicon
7.5175378602833405,0.19758030795937873,1,EDS,Silicon
7.527259404005862,0.20789940213783242,1,EDS,Silicon
7.536980947728382,0.18917286291734223,1,EDS,Silicon
7.546702491450903,0.1969196980130049,1,EDS,Silicon
7.556424035173423,0.19872468386407552,1,EDS,Silicon
7.566145578895944,0.2075562888839804,1,EDS,Silicon
7.575867122618465,0.19624899914675598,1,EDS,Silicon
7.5855886663409855,0.20700978332286427,1,EDS,Silicon
7.595310210063507,0.20705346036239325,1,EDS,Silicon
7.605031753786027,0.1865174820239396,1,EDS,Silicon
7.614753297508548,0.22443671522659725,1,EDS,Silicon
7.624474841231069,0.21490225187406356,1,EDS,Silicon
7.634196384953589,0.18506282624136786,1,EDS,Silicon
7.64391792867611,0.19496620498290299,1,EDS,Silicon
7.653639472398631,0.19530750769875957,1,EDS,Silicon
7.663361016121152,0.20469398754265397,1,EDS,Silicon
7.673082559843673,0.1931826956237602,1,EDS,Silicon
7.682804103566193,0.1843800169594595,1,EDS,Silicon
7.692525647288714,0.18433133329298507,1,EDS,Silicon
7.702247191011235,0.19404672267094175,1,EDS,Silicon
7.711968734733755,0.194241787874117,1,EDS,Silicon
7.721690278456276,0.1937926357589305,1,EDS,Silicon
7.7314118221787975,0.22323616876820382,1,EDS,Silicon
7.741133365901318,0.18254997000744175,1,EDS,Silicon
7.750854909623839,0.2109732366819007,1,EDS,Silicon
7.760576453346359,0.22248498581417375,1,EDS,Silicon
7.77029799706888,0.19205661716188582,1,EDS,Silicon
7.780019540791401,0.19186801458856068,1,EDS,Silicon
7.789741084513921,0.19032680745733682,1,EDS,Silicon
7.7994626282364425,0.18024872937683434,1,EDS,Silicon
7.809184171958964,0.211796955546708,1,EDS,Silicon
7.818905715681484,0.20063791759682545,1,EDS,Silicon
7.828627259404005,0.19100052161302294,1,EDS,Silicon
7.838348803126525,0.2102101767615783,1,EDS,Silicon
7.848070346849046,0.2199690044536979,1,EDS,Silicon
7.857791890571567,0.18048881572083117,1,EDS,Silicon
7.867513434294088,0.20902627231777468,1,EDS,Silicon
7.877234978016609,0.1892974009674189,1,EDS,Silicon
7.886956521739129,0.1985864570746535,1,EDS,Silicon
7.89667806546165,0.1883672642397973,1,EDS,Silicon
7.906399609184171,0.18822988384743386,1,EDS,Silicon
7.916121152906691,0.20843308067276553,1,EDS,Silicon
7.925842696629212,0.19760250350248246,1,EDS,Silicon
7.9355642403517335,0.19881508408925422,1,EDS,Silicon
7.945285784074254,0.1767684113013954,1,EDS,Silicon
7.955007327796775,0.18711953296523365,1,EDS,Silicon
7.964728871519295,0.18666473577479192,1,EDS,Silicon
7.974450415241816,0.19800491821201552,1,EDS,Silicon
7.984171958964337,0.20671316499476397,1,EDS,Silicon
7.993893502686857,0.2071712093524019,1,EDS,Silicon
8.00361504640938,0.19481647095046165,1,EDS,Silicon
8.0133365901319,0.17604406257676575,1,EDS,Silicon
8.02305813385442,0.19632358780009646,1,EDS,Silicon
8.032779677576942,0.1754034464131332,1,EDS,Silicon
8.042501221299462,0.1959854691630678,1,EDS,Silicon
8.052222765021982,0.20441474066084192,1,EDS,Silicon
8.061944308744504,0.18578822444594512,1,EDS,Silicon
8.071665852467024,0.20629161913782512,1,EDS,Silicon
8.081387396189545,0.1838156218106646,1,EDS,Silicon
8.091108939912067,0.1735033302877909,1,EDS,Silicon
8.100830483634587,0.20485345069368488,1,EDS,Silicon
8.110552027357107,0.17471633523177615,1,EDS,Silicon
8.120273571079627,0.19270948713666822,1,EDS,Silicon
8.12999511480215,0.19255260352691195,1,EDS,Silicon
8.13971665852467,0.21242567486192948,1,EDS,Silicon
8.14943820224719,0.20129108386568054,1,EDS,Silicon
8.15915974596971,0.191405228103283,1,EDS,Silicon
8.168881289692232,0.1910904054220538,1,EDS,Silicon
8.178602833414752,0.201045565839158,1,EDS,Silicon
8.188324377137272,0.19141747417674765,1,EDS,Silicon
8.198045920859794,0.19139990923645728,1,EDS,Silicon
8.207767464582314,0.17226103520581912,1,EDS,Silicon
8.217489008304835,0.18987946244589937,1,EDS,Silicon
8.227210552027357,0.18129962239400618,1,EDS,Silicon
8.236932095749877,0.19005105728013783,1,EDS,Silicon
8.246653639472397,0.18994583220819972,1,EDS,Silicon
8.256375183194919,0.19031020055086778,1,EDS,Silicon
8.26609672691744,0.18855885242609063,1,EDS,Silicon
8.27581827063996,0.18957828103949725,1,EDS,Silicon
8.28553981436248,0.18915377459464341,1,EDS,Silicon
8.295261358085002,0.17918392741650105,1,EDS,Silicon
8.304982901807522,0.18877001867266432,1,EDS,Silicon
8.314704445530042,0.21034392449139033,1,EDS,Silicon
8.324425989252564,0.1675056030580037,1,EDS,Silicon
8.334147532975084,0.16735173887677474,1,EDS,Silicon
8.343869076697604,0.17703100028614172,1,EDS,Silicon
8.353590620420126,0.16684431526010093,1,EDS,Silicon
8.363312164142647,0.19653212761501382,1,EDS,Silicon
8.373033707865167,0.16782091260692567,1,EDS,Silicon
8.382755251587689,0.16777161753494688,1,EDS,Silicon
8.392476795310209,0.1958575276954314,1,EDS,Silicon
8.40219833903273,0.17539451269086542,1,EDS,Silicon
8.411919882755251,0.1862447651327018,1,EDS,Silicon
8.421641426477771,0.16514240847108333,1,EDS,Silicon
8.431362970200292,0.16589311423216155,1,EDS,Silicon
8.441084513922812,0.18528875368509504,1,EDS,Silicon
8.450806057645334,0.16360325028910297,1,EDS,Silicon
8.460527601367854,0.16592954465245166,1,EDS,Silicon
8.470249145090374,0.18589426738484913,1,EDS,Silicon
8.479970688812896,0.1836298376205018,1,EDS,Silicon
8.489692232535416,0.18357499338802513,1,EDS,Silicon
8.499413776257937,0.19389638800900585,1,EDS,Silicon
8.509135319980459,0.18369344058906162,1,EDS,Silicon
8.518856863702979,0.19372160662755622,1,EDS,Silicon
8.528578407425499,0.18461184491594423,1,EDS,Silicon
8.538299951148021,0.1725331631174534,1,EDS,Silicon
8.548021494870541,0.1917681037899948,1,EDS,Silicon
8.557743038593062,0.17103686288050976,1,EDS,Silicon
8.567464582315582,0.17133702801685308,1,EDS,Silicon
8.577186126038104,0.16167863439838603,1,EDS,Silicon
8.586907669760624,0.17296814632131324,1,EDS,Silicon
8.596629213483144,0.17078449148232083,1,EDS,Silicon
8.606350757205666,0.1911626293703694,1,EDS,Silicon
8.616072300928186,0.1607172259537226,1,EDS,Silicon
8.625793844650707,0.17148412124439816,1,EDS,Silicon
8.635515388373229,0.17236318996020383,1,EDS,Silicon
8.645236932095749,0.16955391185553742,1,EDS,Silicon
8.654958475818269,0.16934473545571002,1,EDS,Silicon
8.664680019540791,0.1703874098473581,1,EDS,Silicon
8.674401563263311,0.15983952065321008,1,EDS,Silicon
8.684123106985831,0.17057277392815284,1,EDS,Silicon
8.693844650708353,0.17926937011610167,1,EDS,Silicon
8.703566194430874,0.17823404840924145,1,EDS,Silicon
8.713287738153394,0.15878699585289288,1,EDS,Silicon
8.723009281875914,0.1689775867819088,1,EDS,Silicon
8.732730825598436,0.21849173996217258,1,EDS,Silicon
8.742452369320956,0.16798491728616216,1,EDS,Silicon
8.752173913043476,0.16821016134191039,1,EDS,Silicon
8.761895456765998,0.16805217472793582,1,EDS,Silicon
8.771617000488519,0.16798666382929195,1,EDS,Silicon
8.781338544211039,0.16712722638884134,1,EDS,Silicon
8.79106008793356,0.1861986641489401,1,EDS,Silicon
8.800781631656081,0.1662178233293912,1,EDS,Silicon
8.810503175378601,0.16686280006916943,1,EDS,Silicon
8.820224719101123,0.1549210641981002,1,EDS,Silicon
8.829946262823643,0.18567156840511992,1,EDS,Silicon
8.839667806546164,0.1547880935339134,1,EDS,Silicon
8.849389350268684,0.15489800992520697,1,EDS,Silicon
8.859110893991206,0.17570225332326359,1,EDS,Silicon
8.868832437713726,0.1645457962492186,1,EDS,Silicon
8.878553981436246,0.1841802023135956,1,EDS,Silicon
8.888275525158768,0.16275614543014447,1,EDS,Silicon
8.897997068881288,0.15427882529699685,1,EDS,Silicon
8.907718612603809,0.2039500208603398,1,EDS,Silicon
8.91744015632633,0.1649790875171582,1,EDS,Silicon
8.92716170004885,0.17266171523458518,1,EDS,Silicon
8.936883243771371,0.17285948718518704,1,EDS,Silicon
8.946604787493893,0.15264054290087942,1,EDS,Silicon
8.956326331216413,0.15351041401753665,1,EDS,Silicon
8.966047874938933,0.16186272180211897,1,EDS,Silicon
8.975769418661455,0.18193241527738022,1,EDS,Silicon
8.985490962383976,0.16196397403436386,1,EDS,Silicon
8.995212506106496,0.1713661693754178,1,EDS,Silicon
9.004934049829016,0.15059070077097625,1,EDS,Silicon
9.014655593551538,0.1708836867158151,1,EDS,Silicon
9.024377137274058,0.1513771876683997,1,EDS,Silicon
9.034098680996578,0.1593708526621981,1,EDS,Silicon
9.0438202247191,0.15009919264755922,1,EDS,Silicon
9.05354176844162,0.15915584074352318,1,EDS,Silicon
9.06326331216414,0.16050136491891495,1,EDS,Silicon
9.072984855886663,0.14797644208185495,1,EDS,Silicon
9.082706399609183,0.1585409606797352,1,EDS,Silicon
9.092427943331703,0.15908186839240676,1,EDS,Silicon
9.102149487054225,0.15983433264533306,1,EDS,Silicon
9.111871030776745,0.16822128029541727,1,EDS,Silicon
9.121592574499266,0.15756615830875878,1,EDS,Silicon
9.131314118221786,0.1793656468246899,1,EDS,Silicon
9.141035661944308,0.15632810624755406,1,EDS,Silicon
9.150757205666828,0.14545370067110672,1,EDS,Silicon
9.160478749389348,0.16742301880461016,1,EDS,Silicon
9.17020029311187,0.17638812196769244,1,EDS,Silicon
9.17992183683439,0.1657080017223824,1,EDS,Silicon
9.18964338055691,0.15691448786155876,1,EDS,Silicon
9.199364924279433,0.15628017546460948,1,EDS,Silicon
9.209086468001953,0.16535782089700327,1,EDS,Silicon
9.218808011724473,0.16451235062161051,1,EDS,Silicon
9.228529555446995,0.16607382354106243,1,EDS,Silicon
9.238251099169515,0.16564275397286804,1,EDS,Silicon
9.247972642892035,0.16476944483937622,1,EDS,Silicon
9.257694186614557,0.20615727072030715,1,EDS,Silicon
9.267415730337078,0.1434656391388617,1,EDS,Silicon
9.277137274059598,0.1628389039196367,1,EDS,Silicon
9.286858817782118,0.1632936217979291,1,EDS,Silicon
9.29658036150464,0.14359119914301455,1,EDS,Silicon
9.30630190522716,0.16358892844848358,1,EDS,Silicon
9.31602344894968,0.15293771683334656,1,EDS,Silicon
9.325744992672202,0.1531907791875237,1,EDS,Silicon
9.335466536394723,0.1816007442119058,1,EDS,Silicon
9.345188080117243,0.17361728490776068,1,EDS,Silicon
9.354909623839765,0.15209240319718004,1,EDS,Silicon
9.364631167562285,0.14285397098551697,1,EDS,Silicon
9.374352711284805,0.14195941865074035,1,EDS,Silicon
9.384074255007327,0.14181035281543317,1,EDS,Silicon
9.393795798729847,0.16166042876134326,1,EDS,Silicon
9.403517342452368,0.1613132815585313,1,EDS,Silicon
9.41323888617489,0.19123213680073942,1,EDS,Silicon
9.42296042989741,0.15156326023415362,1,EDS,Silicon
9.43268197361993,0.14036826540314645,1,EDS,Silicon
9.44240351734245,0.1505534401896135,1,EDS,Silicon
9.452125061064972,0.15963855110776864,1,EDS,Silicon
9.461846604787493,0.15067723956771523,1,EDS,Silicon
9.471568148510013,0.1686567860394017,1,EDS,Silicon
9.481289692232535,0.16049035343665058,1,EDS,Silicon
9.491011235955055,0.14870094342913162,1,EDS,Silicon
9.500732779677575,0.16728946006033052,1,EDS,Silicon
9.510454323400097,0.1383524654756782,1,EDS,Silicon
9.520175867122617,0.13742878821707688,1,EDS,Silicon
9.529897410845138,0.14846058408210822,1,EDS,Silicon
9.53961895456766,0.17696295448507376,1,EDS,Silicon
9.54934049829018,0.1568912972427428,1,EDS,Silicon
9.5590620420127,0.13543552689494032,1,EDS,Silicon
9.56878358573522,0.14639643753358572,1,EDS,Silicon
9.578505129457742,0.14449750490048424,1,EDS,Silicon
9.588226673180262,0.15495733006332493,1,EDS,Silicon
9.597948216902783,0.16667922364138177,1,EDS,Silicon
9.607669760625305,0.16645563083870232,1,EDS,Silicon
9.617391304347825,0.1659084232284885,1,EDS,Silicon
9.627112848070345,0.14449533124175434,1,EDS,Silicon
9.636834391792867,0.14502164472633466,1,EDS,Silicon
9.646555935515387,0.14481373551003776,1,EDS,Silicon
9.656277479237907,0.1336000212610786,1,EDS,Silicon
9.66599902296043,0.15558819485640085,1,EDS,Silicon
9.67572056668295,0.14481804642808846,1,EDS,Silicon
9.68544211040547,0.1636516616695273,1,EDS,Silicon
9.695163654127992,0.15361465298905197,1,EDS,Silicon
9.704885197850512,0.1435219714093151,1,EDS,Silicon
9.714606741573032,0.14138926838687838,1,EDS,Silicon
9.724328285295552,0.15264986121298818,1,EDS,Silicon
9.734049829018074,0.1320401116540377,1,EDS,Silicon
9.743771372740595,0.16152698005925217,1,EDS,Silicon
9.753492916463115,0.14188648696880066,1,EDS,Silicon
9.763214460185637,0.13338551385107653,1,EDS,Silicon
9.772936003908157,0.13216998633441365,1,EDS,Silicon
9.782657547630677,0.1409081615794882,1,EDS,Silicon
9.7923790913532,0.13162272867044542,1,EDS,Silicon
9.80210063507572,0.15207135098362765,1,EDS,Silicon
9.81182217879824,0.14142807270526875,1,EDS,Silicon
9.821543722520762,0.13045736068002337,1,EDS,Silicon
9.831265266243282,0.12961956456979754,1,EDS,Silicon
9.840986809965802,0.1405030708853385,1,EDS,Silicon
9.850708353688322,0.1300023817942607,1,EDS,Silicon
9.860429897410844,0.15017825982402583,1,EDS,Silicon
9.870151441133364,0.13971507639020547,1,EDS,Silicon
9.879872984855885,0.1498176816565405,1,EDS,Silicon
9.889594528578407,0.13824306914627726,1,EDS,Silicon
9.899316072300927,0.12955229123160597,1,EDS,Silicon
9.909037616023447,0.13836777835477815,1,EDS,Silicon
9.918759159745969,0.1896979921956915,1,EDS,Silicon
9.92848070346849,0.1471336791841235,1,EDS,Silicon
9.93820224719101,0.13892320416657403,1,EDS,Silicon
9.947923790913531,0.14738777356968638,1,EDS,Silicon
9.957645334636052,0.15643014752329867,1,EDS,Silicon
9.967366878358572,0.13632561810060007,1,EDS,Silicon
9.977088422081094,0.1562177340417915,1,EDS,Silicon
9.986809965803614,0.12659725767537994,1,EDS,Silicon
9.996531509526134,0.1464349432982672,1,EDS,Silicon
10.006253053248654,0.12526990140491195,1,EDS,Silicon
10.015974596971176,0.15548567596355536,1,EDS,Silicon
10.025696140693697,0.14705827175929254,1,EDS,Silicon
10.035417684416217,0.16646522481728115,1,EDS,Silicon
10.045139228138739,0.13513683626275927,1,EDS,Silicon
10.054860771861259,0.15455754650656078,1,EDS,Silicon
10.06458231558378,0.12438124355077715,1,EDS,Silicon
10.074303859306301,0.14455013245307538,1,EDS,Silicon
10.084025403028821,0.132932213253975,1,EDS,Silicon
10.093746946751342,0.13332923157098428,1,EDS,Silicon
10.103468490473864,0.1219001566452574,1,EDS,Silicon
10.113190034196384,0.1333898158775679,1,EDS,Silicon
10.122911577918904,0.12335271211594766,1,EDS,Silicon
10.132633121641424,0.12215922665976195,1,EDS,Silicon
10.142354665363946,0.14363995436044333,1,EDS,Silicon
10.152076209086466,0.1210459355869408,1,EDS,Silicon
10.161797752808987,0.1206005980856922,1,EDS,Silicon
10.171519296531509,0.1517722898521225,1,EDS,Silicon
10.181240840254029,0.14221729205628486,1,EDS,Silicon
10.190962383976549,0.13250639894421887,1,EDS,Silicon
10.200683927699071,0.1604635081313482,1,EDS,Silicon
10.210405471421591,0.1415082859087498,1,EDS,Silicon
10.220127015144111,0.15032584063083432,1,EDS,Silicon
10.229848558866633,0.13996814456037238,1,EDS,Silicon
10.239570102589154,0.13060914302492704,1,EDS,Silicon
10.249291646311674,0.14016987952360346,1,EDS,Silicon
10.259013190034196,0.14805490253568604,1,EDS,Silicon
10.268734733756716,0.14037098866520364,1,EDS,Silicon
10.278456277479236,0.13004488200755945,1,EDS,Silicon
10.288177821201757,0.13811703512403076,1,EDS,Silicon
10.297899364924278,0.13872872015410045,1,EDS,Silicon
10.307620908646799,0.12856592983886392,1,EDS,Silicon
10.317342452369319,0.12812495365069695,1,EDS,Silicon
10.327063996091841,0.11719937556802737,1,EDS,Silicon
10.336785539814361,0.12685238951145725,1,EDS,Silicon
10.346507083536881,0.11714920483354212,1,EDS,Silicon
10.356228627259403,0.13790930045953692,1,EDS,Silicon
10.365950170981924,0.13713627695388303,1,EDS,Silicon
10.375671714704444,0.13612407710839933,1,EDS,Silicon
10.385393258426966,0.1168372095749107,1,EDS,Silicon
10.395114802149486,0.13355476993790036,1,EDS,Silicon
10.404836345872006,0.1366631113138839,1,EDS,Silicon
10.414557889594526,0.14399458287153963,1,EDS,Silicon
10.424279433317048,0.14490482760420925,1,EDS,Silicon
10.434000977039569,0.14402431886762496,1,EDS,Silicon
10.443722520762089,0.13363226246407975,1,EDS,Silicon
10.45344406448461,0.1354470925142764,1,EDS,Silicon
10.463165608207131,0.11383559707463138,1,EDS,Silicon
10.472887151929651,0.13427344347264744,1,EDS,Silicon
10.482608695652173,0.13369814092416887,1,EDS,Silicon
10.492330239374693,0.13389248227027578,1,EDS,Silicon
10.502051783097214,0.113311475939584,1,EDS,Silicon
10.511773326819736,0.11192541050833878,1,EDS,Silicon
10.521494870542256,0.13359236288880205,1,EDS,Silicon
10.531216414264776,0.12209705440625367,1,EDS,Silicon
10.540937957987298,0.13096014440868867,1,EDS,Silicon
10.550659501709818,0.131661628801189,1,EDS,Silicon
10.560381045432338,0.15303461834438173,1,EDS,Silicon
10.570102589154859,0.11224359437725258,1,EDS,Silicon
10.57982413287738,0.12099253976254963,1,EDS,Silicon
10.5895456765999,0.11074677721897488,1,EDS,Silicon
10.599267220322421,0.11052469553126149,1,EDS,Silicon
10.608988764044943,0.11229157435287185,1,EDS,Silicon
10.618710307767463,0.12062444404338096,1,EDS,Silicon
10.628431851489983,0.13041954327384978,1,EDS,Silicon
10.638153395212505,0.1106778583540366,1,EDS,Silicon
10.647874938935026,0.11976856797114988,1,EDS,Silicon
10.657596482657546,0.13910564655180063,1,EDS,Silicon
10.667318026380068,0.11891297823892857,1,EDS,Silicon
10.677039570102588,0.13877237131071524,1,EDS,Silicon
10.686761113825108,0.13855594733008963,1,EDS,Silicon
10.696482657547628,0.12895235629702542,1,EDS,Silicon
10.70620420127015,0.11814021955763705,1,EDS,Silicon
10.71592574499267,0.11846602218971805,1,EDS,Silicon
10.72564728871519,0.11753838215189819,1,EDS,Silicon
10.735368832437713,0.11742680008617182,1,EDS,Silicon
10.745090376160233,0.10543915587017291,1,EDS,Silicon
10.754811919882753,0.12763904201970874,1,EDS,Silicon
10.764533463605275,0.11691569901674839,1,EDS,Silicon
10.774255007327795,0.13721702236078648,1,EDS,Silicon
10.783976551050316,0.12370463312165485,1,EDS,Silicon
10.793698094772838,0.12764123914900552,1,EDS,Silicon
10.803419638495358,0.10552680072259092,1,EDS,Silicon
10.813141182217878,0.12632834927820646,1,EDS,Silicon
10.8228627259404,0.11428092176649575,1,EDS,Silicon
10.83258426966292,0.13542216843212512,1,EDS,Silicon
10.84230581338544,0.12377903184467744,1,EDS,Silicon
10.85202735710796,0.10389420745110807,1,EDS,Silicon
10.861748900830483,0.1457780292339943,1,EDS,Silicon
10.871470444553003,0.12376698915516267,1,EDS,Silicon
10.881191988275523,0.13386409979307817,1,EDS,Silicon
10.890913531998045,0.10416635109799434,1,EDS,Silicon
10.900635075720565,0.11360697772531725,1,EDS,Silicon
10.910356619443085,0.12307203687520557,1,EDS,Silicon
10.920078163165607,0.12300674720611979,1,EDS,Silicon
10.929799706888128,0.11447163827440555,1,EDS,Silicon
10.939521250610648,0.11216165936552999,1,EDS,Silicon
10.94924279433317,0.11213343069674617,1,EDS,Silicon
10.95896433805569,0.12260088815105351,1,EDS,Silicon
10.96868588177821,0.13240164139763622,1,EDS,Silicon
10.978407425500732,0.13222473836851162,1,EDS,Silicon
10.988128969223252,0.11151945759259718,1,EDS,Silicon
10.997850512945773,0.10977938005326632,1,EDS,Silicon
11.007572056668293,0.11186340447991709,1,EDS,Silicon
11.017293600390815,0.12928601470624163,1,EDS,Silicon
11.027015144113335,0.13025636353077008,1,EDS,Silicon
11.036736687835855,0.11912438115026086,1,EDS,Silicon
11.046458231558377,0.10945809470184238,1,EDS,Silicon
11.056179775280897,0.09954244013986757,1,EDS,Silicon
11.065901319003418,0.10929094704489714,1,EDS,Silicon
11.07562286272594,0.109130035154405,1,EDS,Silicon
11.08534440644846,0.10988461414714262,1,EDS,Silicon
11.09506595017098,0.11866599803849548,1,EDS,Silicon
11.104787493893502,0.12783538736453448,1,EDS,Silicon
11.114509037616022,0.12860377100492085,1,EDS,Silicon
11.124230581338542,0.10854757911485576,1,EDS,Silicon
11.133952125061063,0.11627448065825033,1,EDS,Silicon
11.143673668783585,0.10756030308871256,1,EDS,Silicon
11.153395212506105,0.11740208673045581,1,EDS,Silicon
11.163116756228625,0.09631891527525575,1,EDS,Silicon
11.172838299951147,0.10747743827112488,1,EDS,Silicon
11.182559843673667,0.09595211661135461,1,EDS,Silicon
11.192281387396187,0.10593808486236939,1,EDS,Silicon
11.20200293111871,0.10544225827764776,1,EDS,Silicon
11.21172447484123,0.10535525453628175,1,EDS,Silicon
11.22144601856375,0.09417718601115695,1,EDS,Silicon
11.231167562286272,0.11364350155499205,1,EDS,Silicon
11.240889106008792,0.10594408695054432,1,EDS,Silicon
11.250610649731312,0.12365053550645479,1,EDS,Silicon
11.260332193453834,0.09328409475152132,1,EDS,Silicon
11.270053737176355,0.1020639618693569,1,EDS,Silicon
11.279775280898875,0.1330892315603656,1,EDS,Silicon
11.289496824621395,0.10227001173026458,1,EDS,Silicon
11.299218368343917,0.0945123359416985,1,EDS,Silicon
11.308939912066437,0.10373668489279829,1,EDS,Silicon
11.318661455788957,0.10206690202560537,1,EDS,Silicon
11.32838299951148,0.11428865896303136,1,EDS,Silicon
11.338104543234,0.11297736126290356,1,EDS,Silicon
11.34782608695652,0.12163592384027551,1,EDS,Silicon
11.357547630679042,0.11956629325586839,1,EDS,Silicon
11.367269174401562,0.1133399220579521,1,EDS,Silicon
11.376990718124082,0.100006876855778,1,EDS,Silicon
11.386712261846604,0.11954699336365276,1,EDS,Silicon
11.396433805569124,0.10154004455106734,1,EDS,Silicon
11.406155349291645,0.10248374246602682,1,EDS,Silicon
11.415876893014165,0.10135298924566612,1,EDS,Silicon
11.425598436736687,0.10041948898163074,1,EDS,Silicon
11.435319980459207,0.1002001161718532,1,EDS,Silicon
11.445041524181727,0.09017187208399384,1,EDS,Silicon
11.45476306790425,0.11984735380159203,1,EDS,Silicon
11.46448461162677,0.11920130710978577,1,EDS,Silicon
11.47420615534929,0.11880757493228733,1,EDS,Silicon
11.483927699071812,0.10842239821448259,1,EDS,Silicon
11.493649242794332,0.09759712610686526,1,EDS,Silicon
11.503370786516852,0.09774895386538453,1,EDS,Silicon
11.513092330239374,0.0963188732249943,1,EDS,Silicon
11.522813873961894,0.1074114476713509,1,EDS,Silicon
11.532535417684414,0.08641933006035692,1,EDS,Silicon
11.542256961406936,0.0860776167804597,1,EDS,Silicon
11.551978505129457,0.10690916859049013,1,EDS,Silicon
11.561700048851977,0.08768084128018974,1,EDS,Silicon
11.571421592574497,0.12703821003661675,1,EDS,Silicon
11.581143136297019,0.08470497528418726,1,EDS,Silicon
11.59086468001954,0.08494707441285068,1,EDS,Silicon
11.60058622374206,0.09632136784445841,1,EDS,Silicon
11.610307767464581,0.09446261650890601,1,EDS,Silicon
11.620029311187102,0.12485320053961738,1,EDS,Silicon
11.629750854909622,0.09525790678081622,1,EDS,Silicon
11.639472398632144,0.09373882181347909,1,EDS,Silicon
11.649193942354664,0.10439440835999199,1,EDS,Silicon
11.658915486077184,0.09294160073852852,1,EDS,Silicon
11.668637029799706,0.13331105510060492,1,EDS,Silicon
11.678358573522226,0.11383864744616919,1,EDS,Silicon
11.688080117244747,0.12198870525732433,1,EDS,Silicon
11.697801660967267,0.10344948715176748,1,EDS,Silicon
11.707523204689789,0.0928182681351441,1,EDS,Silicon
11.717244748412309,0.09305305446332045,1,EDS,Silicon
11.72696629213483,0.10253219278551348,1,EDS,Silicon
11.736687835857351,0.093243592324874,1,EDS,Silicon
11.746409379579871,0.1019590000575336,1,EDS,Silicon
11.756130923302392,0.10124849505031966,1,EDS,Silicon
11.765852467024914,0.09146615603580203,1,EDS,Silicon
11.775574010747434,0.09157416553828834,1,EDS,Silicon
11.785295554469954,0.09091416523208876,1,EDS,Silicon
11.795017098192476,0.11066204156033974,1,EDS,Silicon
11.804738641914996,0.08979386261746133,1,EDS,Silicon
11.814460185637516,0.09958147545624975,1,EDS,Silicon
11.824181729360038,0.1087157162320331,1,EDS,Silicon
11.833903273082559,0.09111507765287034,1,EDS,Silicon
11.843624816805079,0.07835853955782393,1,EDS,Silicon
11.853346360527599,0.10857559497605478,1,EDS,Silicon
11.863067904250121,0.09830902843653602,1,EDS,Silicon
11.872789447972641,0.08941737230190162,1,EDS,Silicon
11.882510991695161,0.09817395437943574,1,EDS,Silicon
11.892232535417683,0.07922303916893643,1,EDS,Silicon
11.901954079140204,0.0773660487566867,1,EDS,Silicon
11.911675622862724,0.07791998103461777,1,EDS,Silicon
11.921397166585246,0.09673994120461508,1,EDS,Silicon
11.931118710307766,0.07899528904718832,1,EDS,Silicon
11.940840254030286,0.09595411044243109,1,EDS,Silicon
11.950561797752808,0.08696522789740059,1,EDS,Silicon
11.960283341475328,0.086991864924051,1,EDS,Silicon
11.970004885197849,0.10656216819511452,1,EDS,Silicon
11.979726428920369,0.08581441851066057,1,EDS,Silicon
11.98944797264289,0.08561581261280064,1,EDS,Silicon
11.999169516365411,0.0755163445783792,1,EDS,Silicon
12.008891060087931,0.11511112552093347,1,EDS,Silicon
12.018612603810453,0.07579797253271667,1,EDS,Silicon
12.028334147532973,0.11659872102439531,1,EDS,Silicon
12.038055691255494,0.08403135322441357,1,EDS,Silicon
12.047777234978016,0.09310473582361684,1,EDS,Silicon
12.057498778700536,0.08393475249694578,1,EDS,Silicon
12.067220322423056,0.08592795848629849,1,EDS,Silicon
12.076941866145578,0.08284433418830156,1,EDS,Silicon
12.086663409868098,0.08464861284448882,1,EDS,Silicon
12.096384953590618,0.08443587187276669,1,EDS,Silicon
12.10610649731314,0.08231881175567225,1,EDS,Silicon
12.11582804103566,0.07301549311856215,1,EDS,Silicon
12.125549584758181,0.10365919071327938,1,EDS,Silicon
12.135271128480701,0.08172986749363449,1,EDS,Silicon
12.144992672203223,0.07163204655653757,1,EDS,Silicon
12.154714215925743,0.10106974261922115,1,EDS,Silicon
12.164435759648264,0.08046131974756483,1,EDS,Silicon
12.174157303370785,0.0905228516428509,1,EDS,Silicon
12.183878847093306,0.07979564944905428,1,EDS,Silicon
12.193600390815826,0.09060599205366018,1,EDS,Silicon
12.203321934538348,0.07968634440385414,1,EDS,Silicon
12.213043478260868,0.09028337625463122,1,EDS,Silicon
12.222765021983388,0.1085368393614504,1,EDS,Silicon
12.23248656570591,0.06987468864970912,1,EDS,Silicon
12.24220810942843,0.08005132020920194,1,EDS,Silicon
12.25192965315095,0.06743430655221118,1,EDS,Silicon
12.261651196873471,0.06917571602623303,1,EDS,Silicon
12.271372740595993,0.08964679947811714,1,EDS,Silicon
12.281094284318513,0.06735694938310327,1,EDS,Silicon
12.290815828041033,0.07952994437464368,1,EDS,Silicon
12.300537371763555,0.0682332192632738,1,EDS,Silicon
12.310258915486076,0.06704516084601218,1,EDS,Silicon
12.319980459208596,0.0973448027545024,1,EDS,Silicon
12.329702002931118,0.0976149612182563,1,EDS,Silicon
12.339423546653638,0.07696527762494199,1,EDS,Silicon
12.349145090376158,0.09710847040462159,1,EDS,Silicon
12.35886663409868,0.07563904324053992,1,EDS,Silicon
12.3685881778212,0.11630850544760682,1,EDS,Silicon
12.37830972154372,0.0747353514648183,1,EDS,Silicon
12.388031265266243,0.09558305953262289,1,EDS,Silicon
12.397752808988763,0.07467301699735591,1,EDS,Silicon
12.407474352711283,0.08456926343899157,1,EDS,Silicon
12.417195896433803,0.07597835534355202,1,EDS,Silicon
12.426917440156325,0.08561188050690247,1,EDS,Silicon
12.436638983878845,0.06496235475946557,1,EDS,Silicon
12.446360527601366,0.08328991193456792,1,EDS,Silicon
12.456082071323888,0.07369586256403472,1,EDS,Silicon
12.465803615046408,0.07473405475395069,1,EDS,Silicon
12.475525158768928,0.0835902226064875,1,EDS,Silicon
12.48524670249145,0.07517215387594917,1,EDS,Silicon
12.49496824621397,0.08331133143804431,1,EDS,Silicon
12.50468978993649,0.06289749456599524,1,EDS,Silicon
12.514411333659012,0.062232061086890285,1,EDS,Silicon
12.524132877381533,0.08235845625813791,1,EDS,Silicon
12.533854421104053,0.0718735349653085,1,EDS,Silicon
12.543575964826575,0.07235055420477424,1,EDS,Silicon
12.553297508549095,0.10231414902200345,1,EDS,Silicon
12.563019052271615,0.08060714801991882,1,EDS,Silicon
12.572740595994135,0.06990475604312896,1,EDS,Silicon
12.582462139716657,0.06923615322791137,1,EDS,Silicon
12.592183683439178,0.07095787930725338,1,EDS,Silicon
12.601905227161698,0.07936107568436092,1,EDS,Silicon
12.61162677088422,0.06823562916799063,1,EDS,Silicon
12.62134831460674,0.09012286877080965,1,EDS,Silicon
12.63106985832926,0.06164344803213995,1,EDS,Silicon
12.640791402051782,0.0593019077541568,1,EDS,Silicon
12.650512945774302,0.09976552877342379,1,EDS,Silicon
12.660234489496823,0.07888579893618491,1,EDS,Silicon
12.669956033219345,0.07848926265371904,1,EDS,Silicon
12.679677576941865,0.06909837322430909,1,EDS,Silicon
12.689399120664385,0.08783886808945181,1,EDS,Silicon
12.699120664386905,0.08806181555992486,1,EDS,Silicon
12.708842208109427,0.07786246909204136,1,EDS,Silicon
12.718563751831947,0.056787178433757,1,EDS,Silicon
12.728285295554468,0.05793505666350267,1,EDS,Silicon
12.73800683927699,0.05671109901736481,1,EDS,Silicon
12.74772838299951,0.0659789547111093,1,EDS,Silicon
12.75744992672203,0.056818211238864935,1,EDS,Silicon
12.767171470444552,0.07536944530414104,1,EDS,Silicon
12.776893014167072,0.055901982480515436,1,EDS,Silicon
12.786614557889592,0.0956258131721759,1,EDS,Silicon
12.796336101612114,0.056299609055705614,1,EDS,Silicon
12.806057645334635,0.055541973384915344,1,EDS,Silicon
12.815779189057155,0.05487786170979152,1,EDS,Silicon
12.825500732779677,0.07534006678722172,1,EDS,Silicon
12.835222276502197,0.05557546251700748,1,EDS,Silicon
12.844943820224717,0.07463226553738765,1,EDS,Silicon
12.854665363947237,0.06392812399986612,1,EDS,Silicon
12.86438690766976,0.07257402161813849,1,EDS,Silicon
12.87410845139228,0.06253616962077385,1,EDS,Silicon
12.8838299951148,0.07292884519937229,1,EDS,Silicon
12.893551538837322,0.08242872832920368,1,EDS,Silicon
12.903273082559842,0.05253839191928075,1,EDS,Silicon
12.912994626282362,0.0824979538989144,1,EDS,Silicon
12.922716170004884,0.08264999432859307,1,EDS,Silicon
12.932437713727404,0.07190164318126822,1,EDS,Silicon
12.942159257449925,0.06212412830194401,1,EDS,Silicon
12.951880801172447,0.06152525708299345,1,EDS,Silicon
12.961602344894967,0.0795690326975402,1,EDS,Silicon
12.971323888617487,0.07019349920346245,1,EDS,Silicon
12.981045432340007,0.06061587944351441,1,EDS,Silicon
12.99076697606253,0.06947708969990388,1,EDS,Silicon
13.00048851978505,0.050750493860573884,1,EDS,Silicon
13.01021006350757,0.0512866271151004,1,EDS,Silicon
13.019931607230092,0.0807801016214223,1,EDS,Silicon
13.029653150952612,0.05933376939416359,1,EDS,Silicon
13.039374694675132,0.07051871846344814,1,EDS,Silicon
13.049096238397654,0.05914802301894335,1,EDS,Silicon
13.058817782120174,0.05849573350849378,1,EDS,Silicon
13.068539325842695,0.058019156216449055,1,EDS,Silicon
13.078260869565216,0.08803525929235774,1,EDS,Silicon
13.087982413287737,0.04771860326763201,1,EDS,Silicon
13.097703957010257,0.05794249045181787,1,EDS,Silicon
13.107425500732779,0.07768949009793813,1,EDS,Silicon
13.117147044455299,0.047312592265053084,1,EDS,Silicon
13.12686858817782,0.057431873669104266,1,EDS,Silicon
13.13659013190034,0.05781947059350413,1,EDS,Silicon
13.146311675622862,0.04737247890707935,1,EDS,Silicon
13.156033219345382,0.07508536066971203,1,EDS,Silicon
13.165754763067902,0.04394378046971458,1,EDS,Silicon
13.175476306790424,0.0666255452293303,1,EDS,Silicon
13.185197850512944,0.04445023358995544,1,EDS,Silicon
13.194919394235464,0.06516371081321463,1,EDS,Silicon
13.204640937957986,0.05412590609626398,1,EDS,Silicon
13.214362481680507,0.07335110158099568,1,EDS,Silicon
13.224084025403027,0.07507245379547267,1,EDS,Silicon
13.233805569125549,0.06501040066222988,1,EDS,Silicon
13.243527112848069,0.07364515407750943,1,EDS,Silicon
13.25324865657059,0.06171037340957601,1,EDS,Silicon
13.26297020029311,0.0531811930597374,1,EDS,Silicon
13.272691744015631,0.04372350391447713,1,EDS,Silicon
13.282413287738152,0.06190939189474619,1,EDS,Silicon
13.292134831460672,0.04305930228348331,1,EDS,Silicon
13.301856375183194,0.05264797069248447,1,EDS,Silicon
13.311577918905714,0.042902162497260136,1,EDS,Silicon
13.321299462628234,0.04227183777752751,1,EDS,Silicon
13.331021006350756,0.0811105107194393,1,EDS,Silicon
13.340742550073276,0.0626861031939816,1,EDS,Silicon
13.350464093795797,0.04130459980169848,1,EDS,Silicon
13.360185637518319,0.07117006196678319,1,EDS,Silicon
13.369907181240839,0.040165373948697417,1,EDS,Silicon
13.379628724963359,0.05033182926639997,1,EDS,Silicon
13.389350268685881,0.05971679712431356,1,EDS,Silicon
13.399071812408401,0.06006940127939325,1,EDS,Silicon
13.408793356130921,0.0514059348970545,1,EDS,Silicon
13.418514899853442,0.07857432183588214,1,EDS,Silicon
13.428236443575964,0.048126981629319006,1,EDS,Silicon
13.437957987298484,0.06047033995208109,1,EDS,Silicon
13.447679531021004,0.06881589178061011,1,EDS,Silicon
13.457401074743526,0.03818559855355348,1,EDS,Silicon
13.467122618466046,0.05937477435904685,1,EDS,Silicon
13.476844162188566,0.04774968140262879,1,EDS,Silicon
13.486565705911088,0.049545135600755616,1,EDS,Silicon
13.496287249633609,0.048337378736997345,1,EDS,Silicon
13.506008793356129,0.047114732164694265,1,EDS,Silicon
13.51573033707865,0.059089396367721925,1,EDS,Silicon
13.525451880801171,0.05652679164892781,1,EDS,Silicon
13.535173424523691,0.04741299681282523,1,EDS,Silicon
13.544894968246211,0.05679696242156347,1,EDS,Silicon
13.554616511968733,0.06739343401734785,1,EDS,Silicon
13.564338055691254,0.05736683602943107,1,EDS,Silicon
13.574059599413774,0.05583911946757589,1,EDS,Silicon
13.583781143136296,0.06493566163706527,1,EDS,Silicon
13.593502686858816,0.0457091223347783,1,EDS,Silicon
13.603224230581336,0.044510138955036097,1,EDS,Silicon
13.612945774303858,0.05652334382443219,1,EDS,Silicon
13.622667318026378,0.0347042440639318,1,EDS,Silicon
13.632388861748899,0.05403870832984195,1,EDS,Silicon
13.64211040547142,0.0342556397450058,1,EDS,Silicon
13.65183194919394,0.04272603182414506,1,EDS,Silicon
13.661553492916461,0.03279658380392773,1,EDS,Silicon
13.671275036638983,0.04437433680925017,1,EDS,Silicon
13.680996580361503,0.04257166196177124,1,EDS,Silicon
13.690718124084023,0.051999983780358444,1,EDS,Silicon
13.700439667806544,0.043084056042809335,1,EDS,Silicon
13.710161211529066,0.05338411910413232,1,EDS,Silicon
13.719882755251586,0.04274807885101243,1,EDS,Silicon
13.729604298974106,0.052736096266757335,1,EDS,Silicon
13.739325842696628,0.041021092122170935,1,EDS,Silicon
13.749047386419148,0.04021873114283579,1,EDS,Silicon
13.758768930141668,0.04242668054378499,1,EDS,Silicon
13.76849047386419,0.05065198191275157,1,EDS,Silicon
13.77821201758671,0.05046783008401769,1,EDS,Silicon
13.78793356130923,0.03154813996405548,1,EDS,Silicon
13.797655105031753,0.04065607827927606,1,EDS,Silicon
13.807376648754273,0.030327482191418353,1,EDS,Silicon
13.817098192476793,0.0715169442661236,1,EDS,Silicon
13.826819736199313,0.038916317594164015,1,EDS,Silicon
13.836541279921835,0.04999021819549261,1,EDS,Silicon
13.846262823644356,0.03901523952766325,1,EDS,Silicon
13.855984367366876,0.02894835610218174,1,EDS,Silicon
13.865705911089398,0.029760951865334274,1,EDS,Silicon
13.875427454811918,0.06866030776498463,1,EDS,Silicon
13.885148998534438,0.02844148858660784,1,EDS,Silicon
13.89487054225696,0.03864529885363629,1,EDS,Silicon
13.90459208597948,0.047194970110594744,1,EDS,Silicon
13.914313629702,0.02655273065057039,1,EDS,Silicon
13.924035173424523,0.026135887715331853,1,EDS,Silicon
13.933756717147043,0.0551184015589094,1,EDS,Silicon
13.943478260869563,0.03824880829977436,1,EDS,Silicon
13.953199804592085,0.02535386099015467,1,EDS,Silicon
13.962921348314605,0.04584944740834428,1,EDS,Silicon
13.972642892037126,0.04555850621764153,1,EDS,Silicon
13.982364435759646,0.05580431656026551,1,EDS,Silicon
13.992085979482168,0.02598646405798813,1,EDS,Silicon
14.001807523204688,0.025779681783488516,1,EDS,Silicon
14.011529066927208,0.024324298218134165,1,EDS,Silicon
14.02125061064973,0.04442896254687591,1,EDS,Silicon
14.03097215437225,0.034561943270386655,1,EDS,Silicon
14.04069369809477,0.03387193684719557,1,EDS,Silicon
14.050415241817293,0.03518477985728804,1,EDS,Silicon
14.060136785539813,0.03400391126484032,1,EDS,Silicon
14.069858329262333,0.03396425630062668,1,EDS,Silicon
14.079579872984855,0.023659581018223113,1,EDS,Silicon
14.089301416707375,0.023843677019290733,1,EDS,Silicon
14.099022960429895,0.03276679075439067,1,EDS,Silicon
14.108744504152416,0.05128267972209088,1,EDS,Silicon
14.118466047874938,0.02246173099845156,1,EDS,Silicon
14.128187591597458,0.021335703579922614,1,EDS,Silicon
14.137909135319978,0.03119443441615953,1,EDS,Silicon
14.1476306790425,0.021885615747177286,1,EDS,Silicon
14.15735222276502,0.022188314234609388,1,EDS,Silicon
14.16707376648754,0.030923068812772125,1,EDS,Silicon
14.176795310210062,0.0409200978892546,1,EDS,Silicon
14.186516853932583,0.021844866028419382,1,EDS,Silicon
14.196238397655103,0.020374553279887436,1,EDS,Silicon
14.205959941377625,0.07211106123776555,1,EDS,Silicon
14.215681485100145,0.03015860146741249,1,EDS,Silicon
14.225403028822665,0.017962766870476814,1,EDS,Silicon
14.235124572545187,0.019827796914628396,1,EDS,Silicon
14.244846116267707,0.04927136606187302,1,EDS,Silicon
14.254567659990228,0.019789455498469423,1,EDS,Silicon
14.264289203712748,0.03902800434661497,1,EDS,Silicon
14.27401074743527,0.028102906835145186,1,EDS,Silicon
14.28373229115779,0.026947768904776147,1,EDS,Silicon
14.29345383488031,0.02755537951136454,1,EDS,Silicon
14.303175378602832,0.03677303767239891,1,EDS,Silicon
14.312896922325352,0.026755403914453225,1,EDS,Silicon
14.322618466047873,0.017492084132204714,1,EDS,Silicon
14.332340009770395,0.03815512968303296,1,EDS,Silicon
14.342061553492915,0.02684113293064727,1,EDS,Silicon
14.351783097215435,0.025262600730270188,1,EDS,Silicon
14.361504640937957,0.04639477199997529,1,EDS,Silicon
14.371226184660477,0.0367815729780117,1,EDS,Silicon
14.380947728382997,0.035021959924430454,1,EDS,Silicon
14.39066927210552,0.05517699913223426,1,EDS,Silicon
14.40039081582804,0.04505765462775772,1,EDS,Silicon
14.41011235955056,0.014142741003889767,1,EDS,Silicon
14.41983390327308,0.03510102279140756,1,EDS,Silicon
14.429555446995602,0.024211588740975953,1,EDS,Silicon
14.439276990718122,0.02442094738339499,1,EDS,Silicon
14.448998534440642,0.023080337186264503,1,EDS,Silicon
14.458720078163164,0.043213825750279246,1,EDS,Silicon
14.468441621885685,0.01394281493100595,1,EDS,Silicon
14.478163165608205,0.022779919960631872,1,EDS,Silicon
14.487884709330727,0.05429750197585787,1,EDS,Silicon
14.497606253053247,0.02226933142950034,1,EDS,Silicon
14.507327796775767,0.03254906577549124,1,EDS,Silicon
14.51704934049829,0.03289892972689934,1,EDS,Silicon
14.52677088422081,0.02068255020328239,1,EDS,Silicon
14.53649242794333,0.020151228961353195,1,EDS,Silicon
14.54621397166585,0.05010448993637546,1,EDS,Silicon
14.555935515388372,0.0321996827762597,1,EDS,Silicon
14.565657059110892,0.03043343629524907,1,EDS,Silicon
14.575378602833412,0.0327986299987838,1,EDS,Silicon
14.585100146555934,0.039935036988572356,1,EDS,Silicon
14.594821690278454,0.03031925130510201,1,EDS,Silicon
14.604543234000975,0.021214193214151886,1,EDS,Silicon
14.614264777723497,0.031359470521712944,1,EDS,Silicon
14.623986321446017,0.021161979429916905,1,EDS,Silicon
14.633707865168537,0.03020226263987477,1,EDS,Silicon
14.643429408891059,0.02980367277016136,1,EDS,Silicon
14.65315095261358,0.029197671868484945,1,EDS,Silicon
14.6628724963361,0.029109621957167785,1,EDS,Silicon
14.672594040058621,0.027750240742240743,1,EDS,Silicon
14.682315583781142,0.017282283129888283,1,EDS,Silicon
14.692037127503662,0.0077219442897337315,1,EDS,Silicon
14.701758671226182,0.027338063436595717,1,EDS,Silicon
14.711480214948704,0.00685667355049426,1,EDS,Silicon
14.721201758671224,0.007577225842602232,1,EDS,Silicon
14.730923302393744,0.02755052808699262,1,EDS,Silicon
14.740644846116266,0.01657932651987782,1,EDS,Silicon
14.750366389838787,0.007500831502795455,1,EDS,Silicon
14.760087933561307,0.005059522150386584,1,EDS,Silicon
14.769809477283829,0.015610980391888775,1,EDS,Silicon
14.779531021006349,0.01492817947446063,1,EDS,Silicon
14.78925256472887,0.03371973545884412,1,EDS,Silicon
14.798974108451391,0.024972431053821628,1,EDS,Silicon
14.808695652173911,0.014695781579693607,1,EDS,Silicon
14.818417195896432,0.015823770236016024,1,EDS,Silicon
14.828138739618952,0.044839413305505366,1,EDS,Silicon
14.837860283341474,0.023207086063077965,1,EDS,Silicon
14.847581827063994,0.01537798157861835,1,EDS,Silicon
14.857303370786514,0.014603027019420579,1,EDS,Silicon
14.867024914509036,0.013823147362519626,1,EDS,Silicon
14.876746458231557,0.002900948013418161,1,EDS,Silicon
14.886468001954077,0.032042201602987985,1,EDS,Silicon
14.896189545676599,0.022291039045758312,1,EDS,Silicon
14.905911089399119,0.0032728964796961283,1,EDS,Silicon
14.91563263312164,0.0536967554953139,1,EDS,Silicon
14.925354176844161,0.0031665765781406113,1,EDS,Silicon
14.935075720566681,0.011217939527851528,1,EDS,Silicon
14.944797264289202,0.03044495694819397,1,EDS,Silicon
14.954518808011724,0.011258672236493808,1,EDS,Silicon
14.964240351734244,0.02,1,EDS,Silicon
14.973961895456764,0.02092403324734317,1,EDS,Silicon
14.983683439179284,0.010285303939750167,1,EDS,Silicon
14.993404982901806,0.03,1,EDS,Silicon
15.003126526624326,0.01,1,EDS,Silicon
15.012848070346847,0.020430887497802294,1,EDS,Silicon
15.022569614069369,0.02,1,EDS,Silicon
15.032291157791889,0.02,1,EDS,Silicon
15.042012701514409,0.0,1,EDS,Silicon
15.051734245236931,0.01,1,EDS,Silicon
15.061455788959451,0.041486839753724795,1,EDS,Silicon
15.071177332681971,0.001393722113763558,1,EDS,Silicon
15.080898876404493,0.01,1,EDS,Silicon
15.090620420127014,0.0,1,EDS,Silicon
15.100341963849534,0.020393280615892708,1,EDS,Silicon
15.110063507572054,0.04,1,EDS,Silicon
15.119785051294576,0.03025318989405731,1,EDS,Silicon
15.129506595017096,0.0006427070595322312,1,EDS,Silicon
15.139228138739616,0.011029342050454282,1,EDS,Silicon
15.148949682462138,0.0,1,EDS,Silicon
15.158671226184659,0.01,1,EDS,Silicon
15.168392769907179,0.03,1,EDS,Silicon
15.1781143136297,0.0,1,EDS,Silicon
15.187835857352221,0.03,1,EDS,Silicon
15.197557401074741,0.020308203214886616,1,EDS,Silicon
15.207278944797263,0.020766456604258614,1,EDS,Silicon
15.217000488519783,0.01,1,EDS,Silicon
15.226722032242304,0.021252298888278655,1,EDS,Silicon
15.236443575964826,0.01,1,EDS,Silicon
15.246165119687346,0.01,1,EDS,Silicon
15.255886663409866,0.06,1,EDS,Silicon
15.265608207132386,0.02,1,EDS,Silicon
15.275329750854908,0.010741674512736773,1,EDS,Silicon
15.285051294577428,0.020618179044411766,1,EDS,Silicon
15.294772838299949,0.0,1,EDS,Silicon
15.30449438202247,5.6202212872959746e-05,1,EDS,Silicon
15.31421592574499,0.02043284990733236,1,EDS,Silicon
15.323937469467511,0.02,1,EDS,Silicon
15.333659013190033,0.01,1,EDS,Silicon
15.343380556912553,0.0006663525104789539,1,EDS,Silicon
15.353102100635073,0.01,1,EDS,Silicon
15.362823644357595,0.010246281963794967,1,EDS,Silicon
15.372545188080116,0.0,1,EDS,Silicon
15.382266731802636,0.010391313875250274,1,EDS,Silicon
15.391988275525156,0.0,1,EDS,Silicon
15.401709819247678,0.01,1,EDS,Silicon
15.411431362970198,0.0009771641781499201,1,EDS,Silicon
15.421152906692718,0.05,1,EDS,Silicon
15.43087445041524,0.04,1,EDS,Silicon
15.44059599413776,0.030168268577879128,1,EDS,Silicon
15.45031753786028,0.010963655316746736,1,EDS,Silicon
15.460039081582803,0.01,1,EDS,Silicon
15.469760625305323,5.1746632887830294e-05,1,EDS,Silicon
15.479482169027843,0.01035975784755546,1,EDS,Silicon
15.489203712750365,0.030581484577215164,1,EDS,Silicon
15.498925256472885,0.02014802656636799,1,EDS,Silicon
15.508646800195406,0.0,1,EDS,Silicon
15.518368343917928,0.01,1,EDS,Silicon
15.528089887640448,0.03007227086159451,1,EDS,Silicon
15.537811431362968,0.02,1,EDS,Silicon
15.547532975085488,0.01,1,EDS,Silicon
15.55725451880801,0.020366254132832863,1,EDS,Silicon
15.56697606253053,0.010758360866498524,1,EDS,Silicon
15.57669760625305,0.02,1,EDS,Silicon
15.586419149975573,0.02,1,EDS,Silicon
15.596140693698093,0.000519442708180092,1,EDS,Silicon
15.605862237420613,0.021726146594097887,1,EDS,Silicon
15.615583781143135,0.01001744498989716,1,EDS,Silicon
15.625305324865655,0.01,1,EDS,Silicon
15.635026868588175,0.02,1,EDS,Silicon
15.644748412310697,0.011153459768516855,1,EDS,Silicon
15.654469956033218,0.01,1,EDS,Silicon
15.664191499755738,0.0,1,EDS,Silicon
15.673913043478258,0.01,1,EDS,Silicon
15.68363458720078,0.02,1,EDS,Silicon
15.6933561309233,0.010102914903711064,1,EDS,Silicon
15.70307767464582,0.03136303249697284,1,EDS,Silicon
15.712799218368342,0.02027104904731139,1,EDS,Silicon
15.722520762090863,0.0,1,EDS,Silicon
15.732242305813383,0.0,1,EDS,Silicon
15.741963849535905,0.02,1,EDS,Silicon
15.751685393258425,0.03074088957009986,1,EDS,Silicon
15.761406936980945,0.0,1,EDS,Silicon
15.771128480703467,0.02,1,EDS,Silicon
15.780850024425987,0.02267887430809066,1,EDS,Silicon
15.790571568148508,0.020250640316269823,1,EDS,Silicon
15.80029311187103,0.0,1,EDS,Silicon
15.81001465559355,0.02,1,EDS,Silicon
15.81973619931607,0.02096349453917101,1,EDS,Silicon
15.82945774303859,9.502880382488922e-05,1,EDS,Silicon
15.839179286761112,0.0,1,EDS,Silicon
15.848900830483633,0.010771191926286745,1,EDS,Silicon
15.858622374206153,0.01,1,EDS,Silicon
15.868343917928675,0.011571612974973965,1,EDS,Silicon
15.878065461651195,0.010906111978150106,1,EDS,Silicon
15.887787005373715,0.02,1,EDS,Silicon
15.897508549096237,0.03107471538204775,1,EDS,Silicon
15.907230092818757,0.010056927735740805,1,EDS,Silicon
15.916951636541278,0.030715438938514316,1,EDS,Silicon
15.9266731802638,0.020406669134361483,1,EDS,Silicon
15.93639472398632,0.03,1,EDS,Silicon
15.94611626770884,0.02,1,EDS,Silicon
15.955837811431362,0.04086409101915112,1,EDS,Silicon
15.965559355153882,0.02,1,EDS,Silicon
15.975280898876402,0.01,1,EDS,Silicon
15.985002442598923,0.01,1,EDS,Silicon
15.994723986321445,0.00035538065337254723,1,EDS,Silicon
16.004445530043967,0.011730366077108513,1,EDS,Silicon
16.014167073766487,0.01,1,EDS,Silicon
16.023888617489007,0.030020319039950276,1,EDS,Silicon
16.033610161211527,0.011184789827112934,1,EDS,Silicon
16.043331704934047,0.0,1,EDS,Silicon
16.05305324865657,0.020379519686365016,1,EDS,Silicon
16.06277479237909,0.0,1,EDS,Silicon
16.07249633610161,0.0003593304811390568,1,EDS,Silicon
16.08221787982413,0.02,1,EDS,Silicon
16.091939423546652,0.02082698333959459,1,EDS,Silicon
16.101660967269176,0.010996163743230515,1,EDS,Silicon
16.111382510991696,0.012172527972319904,1,EDS,Silicon
16.121104054714216,0.00048628628470757224,1,EDS,Silicon
16.130825598436736,0.010273328525149436,1,EDS,Silicon
16.140547142159257,0.010163079727296232,1,EDS,Silicon
16.150268685881777,0.01,1,EDS,Silicon
16.1599902296043,0.040283972792236784,1,EDS,Silicon
16.16971177332682,0.02,1,EDS,Silicon
16.17943331704934,0.0201413312178359,1,EDS,Silicon
16.18915486077186,0.01110540534934939,1,EDS,Silicon
16.19887640449438,0.05,1,EDS,Silicon
16.2085979482169,0.010956307085455603,1,EDS,Silicon
16.218319491939422,0.031105000580070433,1,EDS,Silicon
16.228041035661946,0.01,1,EDS,Silicon
16.237762579384466,0.02,1,EDS,Silicon
16.247484123106986,0.02,1,EDS,Silicon
16.257205666829506,0.0010881203638439584,1,EDS,Silicon
16.266927210552026,0.01,1,EDS,Silicon
16.276648754274547,0.03,1,EDS,Silicon
16.28637029799707,0.02,1,EDS,Silicon
16.29609184171959,0.0207052425713893,1,EDS,Silicon
16.30581338544211,0.020458684988872433,1,EDS,Silicon
16.31553492916463,0.0,1,EDS,Silicon
16.32525647288715,0.04,1,EDS,Silicon
16.33497801660967,0.0,1,EDS,Silicon
16.34469956033219,0.02,1,EDS,Silicon
16.354421104054715,0.011355227890225642,1,EDS,Silicon
16.364142647777236,0.0,1,EDS,Silicon
16.373864191499756,0.001021141512158249,1,EDS,Silicon
16.383585735222276,0.021276316064958504,1,EDS,Silicon
16.393307278944796,0.020837538153573854,1,EDS,Silicon
16.403028822667316,0.0,1,EDS,Silicon
16.41275036638984,0.00033871147257836777,1,EDS,Silicon
16.42247191011236,0.02,1,EDS,Silicon
16.43219345383488,0.02,1,EDS,Silicon
16.4419149975574,0.01027212291723113,1,EDS,Silicon
16.45163654127992,0.02,1,EDS,Silicon
16.46135808500244,0.010996409839755542,1,EDS,Silicon
16.47107962872496,0.03,1,EDS,Silicon
16.480801172447485,0.010168763946247454,1,EDS,Silicon
16.490522716170005,0.01023766584267966,1,EDS,Silicon
16.500244259892526,0.06,1,EDS,Silicon
16.509965803615046,0.010492209835745977,1,EDS,Silicon
16.519687347337566,0.01,1,EDS,Silicon
16.529408891060086,0.0207309794284326,1,EDS,Silicon
16.53913043478261,0.0,1,EDS,Silicon
16.54885197850513,0.010106026809783513,1,EDS,Silicon
16.55857352222765,0.0016266746329172002,1,EDS,Silicon
16.56829506595017,0.0,1,EDS,Silicon
16.57801660967269,0.01,1,EDS,Silicon
16.58773815339521,0.03043114568047783,1,EDS,Silicon
16.59745969711773,0.020150661075963635,1,EDS,Silicon
16.607181240840255,0.0002941629571286809,1,EDS,Silicon
16.616902784562775,0.020410406103445383,1,EDS,Silicon
16.626624328285295,0.010532502898444889,1,EDS,Silicon
16.636345872007816,0.030930988491037648,1,EDS,Silicon
16.646067415730336,0.020343819507390722,1,EDS,Silicon
16.655788959452856,0.01,1,EDS,Silicon
16.66551050317538,0.0005642592271532824,1,EDS,Silicon
16.6752320468979,0.03159391589404909,1,EDS,Silicon
16.68495359062042,0.03,1,EDS,Silicon
16.69467513434294,0.02,1,EDS,Silicon
16.70439667806546,0.02092879112241695,1,EDS,Silicon
16.71411822178798,0.0,1,EDS,Silicon
16.723839765510505,0.0,1,EDS,Silicon
16.733561309233025,0.010710948851801304,1,EDS,Silicon
16.743282852955545,0.01,1,EDS,Silicon
16.753004396678065,0.01,1,EDS,Silicon
16.762725940400586,0.010278516636053392,1,EDS,Silicon
16.772447484123106,0.020159820703504854,1,EDS,Silicon
16.782169027845626,0.010595198315553379,1,EDS,Silicon
16.79189057156815,0.02,1,EDS,Silicon
16.80161211529067,0.00043047279518803895,1,EDS,Silicon
16.81133365901319,0.02,1,EDS,Silicon
16.82105520273571,0.010619828920180555,1,EDS,Silicon
16.83077674645823,0.010516265771800974,1,EDS,Silicon
16.84049829018075,0.03,1,EDS,Silicon
16.850219833903274,0.010911090380845123,1,EDS,Silicon
16.859941377625795,0.02,1,EDS,Silicon
16.869662921348315,0.0006779243195770832,1,EDS,Silicon
16.879384465070835,0.01030813761411194,1,EDS,Silicon
16.889106008793355,0.011542153817461787,1,EDS,Silicon
16.898827552515876,0.01,1,EDS,Silicon
16.908549096238396,0.02,1,EDS,Silicon
16.91827063996092,0.01,1,EDS,Silicon
16.92799218368344,0.02,1,EDS,Silicon
16.93771372740596,0.02067111544586144,1,EDS,Silicon
16.94743527112848,0.02,1,EDS,Silicon
16.957156814851,0.01,1,EDS,Silicon
16.96687835857352,0.01,1,EDS,Silicon
16.976599902296044,0.0007972655285896709,1,EDS,Silicon
16.986321446018565,0.011435128042986329,1,EDS,Silicon
16.996042989741085,0.0,1,EDS,Silicon
17.005764533463605,0.01,1,EDS,Silicon
17.015486077186125,0.02005877062892583,1,EDS,Silicon
17.025207620908645,0.010974763883725288,1,EDS,Silicon
17.034929164631166,0.0,1,EDS,Silicon
17.04465070835369,0.010199980905787307,1,EDS,Silicon
17.05437225207621,0.020818147156094174,1,EDS,Silicon
17.06409379579873,0.020420395576805413,1,EDS,Silicon
17.07381533952125,0.00015905048959419894,1,EDS,Silicon
17.08353688324377,0.020839832859248966,1,EDS,Silicon
17.09325842696629,0.02,1,EDS,Silicon
17.102979970688814,0.010568707047600573,1,EDS,Silicon
17.112701514411334,0.0,1,EDS,Silicon
17.122423058133855,0.01,1,EDS,Silicon
17.132144601856375,0.020428876096717567,1,EDS,Silicon
17.141866145578895,0.02115243802676209,1,EDS,Silicon
17.151587689301415,0.03,1,EDS,Silicon
17.16130923302394,0.020799419089115853,1,EDS,Silicon
17.17103077674646,0.011352629283871589,1,EDS,Silicon
17.18075232046898,0.001103154363641066,1,EDS,Silicon
17.1904738641915,0.021375856826169555,1,EDS,Silicon
17.20019540791402,0.0006226117432373522,1,EDS,Silicon
17.20991695163654,0.020063285446207394,1,EDS,Silicon
17.21963849535906,0.04,1,EDS,Silicon
17.229360039081584,0.02,1,EDS,Silicon
17.239081582804104,0.0,1,EDS,Silicon
17.248803126526624,0.021821323756457917,1,EDS,Silicon
17.258524670249145,0.01,1,EDS,Silicon
17.268246213971665,0.01010336331755682,1,EDS,Silicon
17.277967757694185,0.02046267154293197,1,EDS,Silicon
17.28768930141671,0.03003658050061743,1,EDS,Silicon
17.29741084513923,0.0014220719429684121,1,EDS,Silicon
17.30713238886175,0.04,1,EDS,Silicon
17.31685393258427,0.010163266943227289,1,EDS,Silicon
17.32657547630679,0.0,1,EDS,Silicon
17.33629702002931,0.0,1,EDS,Silicon
17.34601856375183,0.02,1,EDS,Silicon
17.355740107474354,0.0,1,EDS,Silicon
17.365461651196874,0.04,1,EDS,Silicon
17.375183194919394,0.01,1,EDS,Silicon
17.384904738641914,0.0,1,EDS,Silicon
17.394626282364435,0.03,1,EDS,Silicon
17.404347826086955,0.01,1,EDS,Silicon
17.41406936980948,0.01063765292918503,1,EDS,Silicon
17.423790913532,0.010069163262248205,1,EDS,Silicon
17.43351245725452,0.01,1,EDS,Silicon
17.44323400097704,0.02,1,EDS,Silicon
17.45295554469956,0.0,1,EDS,Silicon
17.46267708842208,0.020267773126207724,1,EDS,Silicon
17.4723986321446,0.041124577918163804,1,EDS,Silicon
17.482120175867124,0.0,1,EDS,Silicon
17.491841719589644,0.020096501731194854,1,EDS,Silicon
17.501563263312164,0.01,1,EDS,Silicon
17.511284807034684,0.020563224271210066,1,EDS,Silicon
17.521006350757204,0.010178862427219442,1,EDS,Silicon
17.530727894479725,0.02,1,EDS,Silicon
17.54044943820225,0.02,1,EDS,Silicon
17.55017098192477,0.0,1,EDS,Silicon
17.55989252564729,0.030902721821194207,1,EDS,Silicon
17.56961406936981,1.7879519207319793e-05,1,EDS,Silicon
17.57933561309233,0.03159501387743178,1,EDS,Silicon
17.58905715681485,0.02,1,EDS,Silicon
17.59877870053737,0.01,1,EDS,Silicon
17.608500244259893,0.05,1,EDS,Silicon
17.618221787982414,0.0,1,EDS,Silicon
17.627943331704934,0.01,1,EDS,Silicon
17.637664875427454,0.010224107302117588,1,EDS,Silicon
17.647386419149974,0.00042679752111617726,1,EDS,Silicon
17.657107962872495,0.01,1,EDS,Silicon
17.66682950659502,0.01075089707859531,1,EDS,Silicon
17.67655105031754,0.01,1,EDS,Silicon
17.68627259404006,0.020123152765780687,1,EDS,Silicon
17.69599413776258,0.021352580935105246,1,EDS,Silicon
17.7057156814851,0.010752408038473731,1,EDS,Silicon
17.71543722520762,0.01,1,EDS,Silicon
17.725158768930143,0.02,1,EDS,Silicon
17.734880312652663,0.0,1,EDS,Silicon
17.744601856375184,0.0,1,EDS,Silicon
17.754323400097704,0.02,1,EDS,Silicon
17.764044943820224,0.01,1,EDS,Silicon
17.773766487542744,0.01,1,EDS,Silicon
17.783488031265264,0.010064475289482837,1,EDS,Silicon
17.793209574987788,0.0,1,EDS,Silicon
17.80293111871031,0.0,1,EDS,Silicon
17.81265266243283,0.020141493719854877,1,EDS,Silicon
17.82237420615535,0.0003707684212566142,1,EDS,Silicon
17.83209574987787,0.0,1,EDS,Silicon
17.84181729360039,0.011183709105392448,1,EDS,Silicon
17.851538837322913,0.03,1,EDS,Silicon
17.861260381045433,1.5813989836311687e-05,1,EDS,Silicon
17.870981924767953,0.030594160197478636,1,EDS,Silicon
17.880703468490474,0.030195657894073316,1,EDS,Silicon
17.890425012212994,0.020799638968133333,1,EDS,Silicon
17.900146555935514,0.010240884321322844,1,EDS,Silicon
17.909868099658034,0.01,1,EDS,Silicon
17.919589643380558,0.0203032852747308,1,EDS,Silicon
17.929311187103078,0.01,1,EDS,Silicon
17.9390327308256,0.030091076733407666,1,EDS,Silicon
17.94875427454812,0.01,1,EDS,Silicon
17.95847581827064,0.01,1,EDS,Silicon
17.96819736199316,0.01,1,EDS,Silicon
17.977918905715683,0.03,1,EDS,Silicon
17.987640449438203,0.02,1,EDS,Silicon
17.997361993160723,7.789271580099594e-05,1,EDS,Silicon
18.007083536883243,0.03013411235682077,1,EDS,Silicon
18.016805080605764,0.02,1,EDS,Silicon
18.026526624328284,0.021061872218332382,1,EDS,Silicon
18.036248168050804,0.03,1,EDS,Silicon
18.045969711773328,0.020813331192922325,1,EDS,Silicon
18.055691255495848,0.010358396946004433,1,EDS,Silicon
18.065412799218368,0.03,1,EDS,Silicon
18.07513434294089,0.031489406366067084,1,EDS,Silicon
18.08485588666341,0.01,1,EDS,Silicon
18.09457743038593,0.030771129205183656,1,EDS,Silicon
18.104298974108453,0.02083944377318433,1,EDS,Silicon
18.114020517830973,0.02,1,EDS,Silicon
18.123742061553493,0.02116821605222894,1,EDS,Silicon
18.133463605276013,0.02,1,EDS,Silicon
18.143185148998533,0.04024220103142633,1,EDS,Silicon
18.152906692721054,0.010218398369269414,1,EDS,Silicon
18.162628236443574,0.01,1,EDS,Silicon
18.172349780166098,0.01068023184487364,1,EDS,Silicon
18.182071323888618,0.02066570151555581,1,EDS,Silicon
18.191792867611138,0.0,1,EDS,Silicon
18.201514411333658,0.011094283074219558,1,EDS,Silicon
18.21123595505618,0.0,1,EDS,Silicon
18.2209574987787,0.040866260042906825,1,EDS,Silicon
18.230679042501222,0.020945255172182733,1,EDS,Silicon
18.240400586223743,0.04,1,EDS,Silicon
18.250122129946263,0.02,1,EDS,Silicon
18.259843673668783,0.01,1,EDS,Silicon
18.269565217391303,0.01,1,EDS,Silicon
18.279286761113823,0.03,1,EDS,Silicon
18.289008304836347,0.03065410028461343,1,EDS,Silicon
18.298729848558867,0.011099290381255596,1,EDS,Silicon
18.308451392281388,0.0011709162386492238,1,EDS,Silicon
18.318172936003908,0.02,1,EDS,Silicon
18.327894479726428,0.03,1,EDS,Silicon
18.33761602344895,0.02,1,EDS,Silicon
18.34733756717147,0.0,1,EDS,Silicon
18.357059110893992,0.0008094673280200851,1,EDS,Silicon
18.366780654616512,0.021355401666445267,1,EDS,Silicon
18.376502198339033,0.0,1,EDS,Silicon
18.386223742061553,0.01,1,EDS,Silicon
18.395945285784073,0.01,1,EDS,Silicon
18.405666829506593,0.00023504267067122304,1,EDS,Silicon
18.415388373229117,0.01,1,EDS,Silicon
18.425109916951637,0.01035576823296425,1,EDS,Silicon
18.434831460674157,0.02,1,EDS,Silicon
18.444553004396678,0.02,1,EDS,Silicon
18.454274548119198,0.00045830802934066303,1,EDS,Silicon
18.463996091841718,0.030005387996874706,1,EDS,Silicon
18.47371763556424,0.0,1,EDS,Silicon
18.483439179286762,0.01,1,EDS,Silicon
18.493160723009282,0.02,1,EDS,Silicon
18.502882266731802,0.03,1,EDS,Silicon
18.512603810454323,0.0,1,EDS,Silicon
18.522325354176843,0.01134119341167619,1,EDS,Silicon
18.532046897899363,0.010470586306934959,1,EDS,Silicon
18.541768441621887,0.01,1,EDS,Silicon
18.551489985344407,0.01058471354581223,1,EDS,Silicon
18.561211529066927,0.01,1,EDS,Silicon
18.570933072789447,0.010984199055323433,1,EDS,Silicon
18.580654616511968,0.030310113252004885,1,EDS,Silicon
18.590376160234488,0.0,1,EDS,Silicon
18.600097703957008,0.020375614458444314,1,EDS,Silicon
18.609819247679532,0.01,1,EDS,Silicon
18.619540791402052,0.01,1,EDS,Silicon
18.629262335124572,0.03,1,EDS,Silicon
18.638983878847093,0.02011992285757536,1,EDS,Silicon
18.648705422569613,0.0014535025275189243,1,EDS,Silicon
18.658426966292133,0.00187196093719721,1,EDS,Silicon
18.668148510014657,0.0005352963113773922,1,EDS,Silicon
18.677870053737177,0.010420186093882023,1,EDS,Silicon
18.687591597459697,0.01,1,EDS,Silicon
18.697313141182217,0.03,1,EDS,Silicon
18.707034684904738,0.01,1,EDS,Silicon
18.716756228627258,0.01,1,EDS,Silicon
18.72647777234978,0.02,1,EDS,Silicon
18.7361993160723,0.02,1,EDS,Silicon
18.745920859794822,0.01,1,EDS,Silicon
18.755642403517342,0.03062746322424178,1,EDS,Silicon
18.765363947239862,0.0,1,EDS,Silicon
18.775085490962383,0.020200717408963204,1,EDS,Silicon
18.784807034684903,0.031740062512394265,1,EDS,Silicon
18.794528578407427,0.03,1,EDS,Silicon
18.804250122129947,0.02,1,EDS,Silicon
18.813971665852467,0.02,1,EDS,Silicon
18.823693209574987,0.030923655848660664,1,EDS,Silicon
18.833414753297507,0.011642965847519855,1,EDS,Silicon
18.843136297020028,0.0,1,EDS,Silicon
18.85285784074255,0.010416708413263687,1,EDS,Silicon
18.86257938446507,0.01,1,EDS,Silicon
18.87230092818759,0.01,1,EDS,Silicon
18.882022471910112,0.03221848569256799,1,EDS,Silicon
18.891744015632632,0.0,1,EDS,Silicon
18.901465559355152,0.02021287621718933,1,EDS,Silicon
18.911187103077673,0.010392373634552334,1,EDS,Silicon
18.920908646800196,0.020910926120763094,1,EDS,Silicon
18.930630190522717,8.220347948880582e-05,1,EDS,Silicon
18.940351734245237,0.00025844061258104776,1,EDS,Silicon
18.950073277967757,0.02,1,EDS,Silicon
18.959794821690277,0.00022578545607943327,1,EDS,Silicon
18.969516365412797,0.02,1,EDS,Silicon
18.97923790913532,0.010521470990559386,1,EDS,Silicon
18.98895945285784,0.02,1,EDS,Silicon
18.99868099658036,0.02031637034936385,1,EDS,Silicon
19.008402540302882,0.01,1,EDS,Silicon
19.018124084025402,0.0209447057520986,1,EDS,Silicon
19.027845627747922,0.0,1,EDS,Silicon
19.037567171470442,0.0,1,EDS,Silicon
19.047288715192966,0.011058695648443674,1,EDS,Silicon
19.057010258915486,0.02,1,EDS,Silicon
19.066731802638007,0.01,1,EDS,Silicon
19.076453346360527,0.0,1,EDS,Silicon
19.086174890083047,0.011153092032643764,1,EDS,Silicon
19.095896433805567,0.01,1,EDS,Silicon
19.10561797752809,0.012632430556589157,1,EDS,Silicon
19.11533952125061,0.0008859843878045945,1,EDS,Silicon
19.12506106497313,0.00018728745553357376,1,EDS,Silicon
19.13478260869565,0.01,1,EDS,Silicon
19.144504152418172,0.010239567085810102,1,EDS,Silicon
19.154225696140692,0.0004371983890594224,1,EDS,Silicon
19.163947239863212,0.010541306993158348,1,EDS,Silicon
19.173668783585736,0.0004661272750174327,1,EDS,Silicon
19.183390327308256,0.01007515418144147,1,EDS,Silicon
19.193111871030776,0.02,1,EDS,Silicon
19.202833414753297,0.01,1,EDS,Silicon
19.212554958475817,0.02,1,EDS,Silicon
19.222276502198337,0.04095118235738878,1,EDS,Silicon
19.23199804592086,0.010497967519079193,1,EDS,Silicon
19.24171958964338,0.01,1,EDS,Silicon
19.2514411333659,0.020550271389725903,1,EDS,Silicon
19.26116267708842,0.020163374949889196,1,EDS,Silicon
19.27088422081094,0.01,1,EDS,Silicon
19.280605764533462,0.01,1,EDS,Silicon
19.290327308255986,0.020943080250503714,1,EDS,Silicon
19.300048851978506,0.020794932285143827,1,EDS,Silicon
19.309770395701026,0.02,1,EDS,Silicon
19.319491939423546,0.00034149864696335163,1,EDS,Silicon
19.329213483146066,0.01,1,EDS,Silicon
19.338935026868587,0.02,1,EDS,Silicon
19.348656570591107,0.03,1,EDS,Silicon
19.35837811431363,0.01072350951778005,1,EDS,Silicon
19.36809965803615,0.020799629245869426,1,EDS,Silicon
19.37782120175867,0.00043045569889217097,1,EDS,Silicon
19.38754274548119,0.010608322905827723,1,EDS,Silicon
19.39726428920371,0.03043305047586599,1,EDS,Silicon
19.40698583292623,0.0,1,EDS,Silicon
19.416707376648755,0.020362363679715653,1,EDS,Silicon
19.426428920371276,0.010671507760864653,1,EDS,Silicon
19.436150464093796,0.030632816659420255,1,EDS,Silicon
19.445872007816316,0.000997445096263543,1,EDS,Silicon
19.455593551538836,0.020594235220164965,1,EDS,Silicon
19.465315095261357,0.010294849313342458,1,EDS,Silicon
19.475036638983877,0.0008978081440450416,1,EDS,Silicon
19.4847581827064,0.01,1,EDS,Silicon
19.49447972642892,0.02,1,EDS,Silicon
19.50420127015144,0.02,1,EDS,Silicon
19.51392281387396,0.01,1,EDS,Silicon
19.52364435759648,0.0,1,EDS,Silicon
19.533365901319,0.0,1,EDS,Silicon
19.543087445041525,0.01,1,EDS,Silicon
19.552808988764045,0.03,1,EDS,Silicon
19.562530532486566,0.01,1,EDS,Silicon
19.572252076209086,0.00017894387226811178,1,EDS,Silicon
19.581973619931606,1.0113398650952322e-06,1,EDS,Silicon
19.591695163654126,0.02,1,EDS,Silicon
19.601416707376647,0.0005530776042961751,1,EDS,Silicon
19.61113825109917,0.010786579374592131,1,EDS,Silicon
19.62085979482169,0.04,1,EDS,Silicon
19.63058133854421,0.02,1,EDS,Silicon
19.64030288226673,0.0,1,EDS,Silicon
19.65002442598925,0.02,1,EDS,Silicon
19.65974596971177,0.020695892260453434,1,EDS,Silicon
19.669467513434295,0.04,1,EDS,Silicon
19.679189057156815,0.01,1,EDS,Silicon
19.688910600879336,0.01,1,EDS,Silicon
19.698632144601856,0.0005330872824851143,1,EDS,Silicon
19.708353688324376,0.01,1,EDS,Silicon
19.718075232046896,5.0280793874139854e-05,1,EDS,Silicon
19.727796775769416,0.040232706834005774,1,EDS,Silicon
19.73751831949194,0.011141531651229348,1,EDS,Silicon
19.74723986321446,0.0,1,EDS,Silicon
19.75696140693698,0.02,1,EDS,Silicon
19.7666829506595,0.020154241537915757,1,EDS,Silicon
19.77640449438202,0.0015105482803496099,1,EDS,Silicon
19.78612603810454,0.031039420527956774,1,EDS,Silicon
19.795847581827065,0.010175894863888842,1,EDS,Silicon
19.805569125549585,0.0,1,EDS,Silicon
19.815290669272105,0.020677139727262754,1,EDS,Silicon
19.825012212994626,0.0,1,EDS,Silicon
19.834733756717146,0.020399642844055214,1,EDS,Silicon
19.844455300439666,0.01042406683587296,1,EDS,Silicon
19.85417684416219,0.010889468651473853,1,EDS,Silicon
19.86389838788471,0.0023152312348478114,1,EDS,Silicon
19.87361993160723,0.01032921942973229,1,EDS,Silicon
19.88334147532975,0.02,1,EDS,Silicon
19.89306301905227,0.01,1,EDS,Silicon
19.90278456277479,0.04,1,EDS,Silicon
19.91250610649731,0.0,1,EDS,Silicon
19.922227650219835,0.03,1,EDS,Silicon
19.931949193942355,0.03,1,EDS,Silicon
19.941670737664875,0.010127818917381178,1,EDS,Silicon
19.951392281387395,0.02,1,EDS,Silicon
19.961113825109916,0.010940494546290574,1,EDS,Silicon
19.970835368832436,1.73718196985198e-07,1,EDS,Silicon
19.98055691255496,0.0,1,EDS,Silicon
19.99027845627748,0.01,1,EDS,Silicon
20.0,0.010130198036555791,1,EDS,Silicon
