energy,intensity,line_id,technique,material
400.0,0.0,1,IR,Gold
401.7586712261847,0.0,1,IR,Gold
403.51734245236935,0.0,1,IR,Gold
405.27601367855397,0.0,1,IR,Gold
407.03468490473864,0.0,1,IR,Gold
408.7933561309233,0.0,1,IR,Gold
410.552027357108,0.0,1,IR,Gold
412.3106985832926,0.0,1,IR,Gold
414.0693698094773,0.0,1,IR,Gold
415.82804103566195,0.0,1,IR,Gold
417.5867122618466,0.01,1,IR,Gold
419.34538348803125,0.0,1,IR,Gold
421.1040547142159,0.0,1,IR,Gold
422.8627259404006,0.01,1,IR,Gold
424.62139716658527,0.01,1,IR,Gold
426.3800683927699,0.0,1,IR,Gold
428.13873961895456,0.0,1,IR,Gold
429.89741084513923,0.0,1,IR,Gold
431.6560820713239,0.0,1,IR,Gold
433.4147532975085,0.01,1,IR,Gold
435.1734245236932,0.0,1,IR,Gold
436.9320957498779,0.0,1,IR,Gold
438.69076697606255,0.01,1,IR,Gold
440.44943820224717,0.0,1,IR,Gold
442.20810942843184,0.0,1,IR,Gold
443.9667806546165,0.0,1,IR,Gold
445.7254518808012,0.01,1,IR,Gold
447.48412310698586,0.0,1,IR,Gold
449.2427943331705,0.0,1,IR,Gold
451.00146555935515,0.0,1,IR,Gold
452.7601367855398,0.0,1,IR,Gold
454.51880801172445,0.0,1,IR,Gold
456.2774792379091,0.0,1,IR,Gold
458.0361504640938,0.0,1,IR,Gold
459.79482169027847,0.0,1,IR,Gold
461.55349291646314,0.01,1,IR,Gold
463.31216414264776,0.0,1,IR,Gold
465.07083536883243,0.0,1,IR,Gold
466.8295065950171,0.01,1,IR,Gold
468.5881778212017,0.0,1,IR,Gold
470.3468490473864,0.0,1,IR,Gold
472.1055202735711,0.0,1,IR,Gold
473.86419149975575,0.0,1,IR,Gold
475.6228627259404,0.0,1,IR,Gold
477.38153395212504,0.0,1,IR,Gold
479.1402051783097,0.0,1,IR,Gold
480.8988764044944,0.0,1,IR,Gold
482.657547630679,0.0,1,IR,Gold
484.4162188568637,0.0,1,IR,Gold
486.17489008304835,0.0,1,IR,Gold
487.933561309233,0.0,1,IR,Gold
489.6922325354177,0.0,1,IR,Gold
491.4509037616024,0.0,1,IR,Gold
493.209574987787,0.0,1,IR,Gold
494.96824621397167,0.0,1,IR,Gold
496.72691744015634,0.0,1,IR,Gold
498.48558866634096,0.0,1,IR,Gold
500.24425989252563,0.0,1,IR,Gold
502.0029311187103,0.0,1,IR,Gold
503.761602344895,0.0,1,IR,Gold
505.52027357107966,0.01,1,IR,Gold
507.2789447972643,0.0,1,IR,Gold
509.03761602344895,0.01,1,IR,Gold
510.7962872496336,0.0,1,IR,Gold
512.5549584758182,0.0,1,IR,Gold
514.3136297020029,0.0,1,IR,Gold
516.0723009281876,0.0,1,IR,Gold
517.8309721543723,0.0,1,IR,Gold
519.5896433805569,0.0,1,IR,Gold
521.3483146067416,0.0,1,IR,Gold
523.1069858329263,0.0,1,IR,Gold
524.8656570591108,0.0,1,IR,Gold
526.6243282852955,0.0,1,IR,Gold
528.3829995114802,0.0,1,IR,Gold
530.1416707376649,0.0,1,IR,Gold
531.9003419638495,0.01,1,IR,Gold
533.6590131900342,0.0,1,IR,Gold
535.4176844162189,0.01,1,IR,Gold
537.1763556424035,0.0,1,IR,Gold
538.9350268685882,0.0,1,IR,Gold
540.6936980947728,0.01,1,IR,Gold
542.4523693209575,0.0,1,IR,Gold
544.2110405471421,0.0,1,IR,Gold
545.9697117733268,0.0,1,IR,Gold
547.7283829995115,0.0,1,IR,Gold
549.4870542256962,0.0,1,IR,Gold
551.2457254518808,0.0,1,IR,Gold
553.0043966780654,0.0,1,IR,Gold
554.7630679042501,0.0,1,IR,Gold
556.5217391304348,0.0,1,IR,Gold
558.2804103566194,0.0,1,IR,Gold
560.0390815828041,0.0,1,IR,Gold
561.7977528089888,0.0,1,IR,Gold
563.5564240351734,0.0,1,IR,Gold
565.315095261358,0.0,1,IR,Gold
567.0737664875428,0.0,1,IR,Gold
568.8324377137274,0.0,1,IR,Gold
570.591108939912,0.0,1,IR,Gold
572.3497801660967,0.0,1,IR,Gold
574.1084513922814,0.0,1,IR,Gold
575.867122618466,0.0,1,IR,Gold
577.6257938446507,0.0,1,IR,Gold
579.3844650708354,0.0,1,IR,Gold
581.14313629702,0.0,1,IR,Gold
582.9018075232048,0.0,1,IR,Gold
584.6604787493893,0.0,1,IR,Gold
586.419149975574,0.0,1,IR,Gold
588.1778212017587,0.0,1,IR,Gold
589.9364924279433,0.0,1,IR,Gold
591.695163654128,0.0,1,IR,Gold
593.4538348803127,0.0,1,IR,Gold
595.2125061064974,0.0,1,IR,Gold
596.9711773326819,0.0,1,IR,Gold
598.7298485588666,0.0,1,IR,Gold
600.4885197850513,0.01,1,IR,Gold
602.2471910112359,0.01,1,IR,Gold
604.0058622374206,0.0,1,IR,Gold
605.7645334636053,0.0,1,IR,Gold
607.52320468979,0.0,1,IR,Gold
609.2818759159745,0.0,1,IR,Gold
611.0405471421593,0.01,1,IR,Gold
612.7992183683439,0.0,1,IR,Gold
614.5578895945285,0.0,1,IR,Gold
616.3165608207132,0.0,1,IR,Gold
618.0752320468979,0.0,1,IR,Gold
619.8339032730826,0.0,1,IR,Gold
621.5925744992672,0.0,1,IR,Gold
623.3512457254519,0.0,1,IR,Gold
625.1099169516365,0.0,1,IR,Gold
626.8685881778213,0.01,1,IR,Gold
628.6272594040058,0.0,1,IR,Gold
630.3859306301905,0.0,1,IR,Gold
632.1446018563752,0.01,1,IR,Gold
633.9032730825598,0.01,1,IR,Gold
635.6619443087445,0.0,1,IR,Gold
637.4206155349292,0.0,1,IR,Gold
639.1792867611139,0.01,1,IR,Gold
640.9379579872984,0.0,1,IR,Gold
642.6966292134831,0.0,1,IR,Gold
644.4553004396678,0.0,1,IR,Gold
646.2139716658525,0.0,1,IR,Gold
647.9726428920371,0.0,1,IR,Gold
649.7313141182218,0.01,1,IR,Gold
651.4899853444065,0.0,1,IR,Gold
653.248656570591,0.0,1,IR,Gold
655.0073277967758,0.0,1,IR,Gold
656.7659990229604,0.0,1,IR,Gold
658.5246702491451,0.0,1,IR,Gold
660.2833414753297,0.0,1,IR,Gold
662.0420127015144,0.02,1,IR,Gold
663.8006839276991,0.01,1,IR,Gold
665.5593551538836,0.0,1,IR,Gold
667.3180263800684,0.0,1,IR,Gold
669.076697606253,0.0,1,IR,Gold
670.8353688324378,0.0,1,IR,Gold
672.5940400586223,0.0,1,IR,Gold
674.352711284807,0.0,1,IR,Gold
676.1113825109917,0.01,1,IR,Gold
677.8700537371764,0.0,1,IR,Gold
679.628724963361,0.01,1,IR,Gold
681.3873961895456,0.0,1,IR,Gold
683.1460674157304,0.0,1,IR,Gold
684.904738641915,0.0,1,IR,Gold
686.6634098680997,0.0,1,IR,Gold
688.4220810942843,0.0,1,IR,Gold
690.180752320469,0.0,1,IR,Gold
691.9394235466536,0.01,1,IR,Gold
693.6980947728383,0.0,1,IR,Gold
695.456765999023,0.0,1,IR,Gold
697.2154372252076,0.01,1,IR,Gold
698.9741084513923,0.0,1,IR,Gold
700.7327796775769,0.0,1,IR,Gold
702.4914509037616,0.0,1,IR,Gold
704.2501221299462,0.0,1,IR,Gold
706.0087933561309,0.0,1,IR,Gold
707.7674645823156,0.0,1,IR,Gold
709.5261358085002,0.0,1,IR,Gold
711.284807034685,0.0,1,IR,Gold
713.0434782608695,0.02,1,IR,Gold
714.8021494870543,0.0,1,IR,Gold
716.5608207132389,0.0,1,IR,Gold
718.3194919394235,0.0,1,IR,Gold
720.0781631656082,0.0,1,IR,Gold
721.8368343917929,0.0,1,IR,Gold
723.5955056179776,0.0,1,IR,Gold
725.3541768441621,0.01,1,IR,Gold
727.1128480703469,0.0,1,IR,Gold
728.8715192965315,0.0,1,IR,Gold
730.6301905227161,0.0,1,IR,Gold
732.3888617489008,0.0,1,IR,Gold
734.1475329750855,0.0,1,IR,Gold
735.9062042012702,0.0,1,IR,Gold
737.6648754274548,0.0,1,IR,Gold
739.4235466536395,0.0,1,IR,Gold
741.1822178798241,0.0,1,IR,Gold
742.9408891060089,0.0,1,IR,Gold
744.6995603321934,0.0,1,IR,Gold
746.4582315583781,0.0,1,IR,Gold
748.2169027845628,0.0,1,IR,Gold
749.9755740107474,0.0,1,IR,Gold
751.7342452369321,0.0,1,IR,Gold
753.4929164631167,0.01,1,IR,Gold
755.2515876893015,0.01,1,IR,Gold
757.010258915486,0.02,1,IR,Gold
758.7689301416708,0.0,1,IR,Gold
760.5276013678554,0.0,1,IR,Gold
762.28627259404,0.0,1,IR,Gold
764.0449438202247,0.0,1,IR,Gold
765.8036150464094,0.0,1,IR,Gold
767.5622862725941,0.0,1,IR,Gold
769.3209574987786,0.0,1,IR,Gold
771.0796287249634,0.0,1,IR,Gold
772.838299951148,0.0,1,IR,Gold
774.5969711773326,0.01,1,IR,Gold
776.3556424035173,0.0,1,IR,Gold
778.114313629702,0.0,1,IR,Gold
779.8729848558867,0.0,1,IR,Gold
781.6316560820712,0.01,1,IR,Gold
783.390327308256,0.01,1,IR,Gold
785.1489985344406,0.0,1,IR,Gold
786.9076697606254,0.0,1,IR,Gold
788.6663409868099,0.0,1,IR,Gold
790.4250122129946,0.01,1,IR,Gold
792.1836834391793,0.0,1,IR,Gold
793.942354665364,0.0,1,IR,Gold
795.7010258915486,0.0,1,IR,Gold
797.4596971177332,0.0,1,IR,Gold
799.218368343918,0.0,1,IR,Gold
800.9770395701025,0.0,1,IR,Gold
802.7357107962873,0.0,1,IR,Gold
804.4943820224719,0.0,1,IR,Gold
806.2530532486566,0.0,1,IR,Gold
808.0117244748412,0.0,1,IR,Gold
809.7703957010259,0.01,1,IR,Gold
811.5290669272106,0.0,1,IR,Gold
813.2877381533951,0.0,1,IR,Gold
815.0464093795799,0.0,1,IR,Gold
816.8050806057645,0.01,1,IR,Gold
818.5637518319492,0.0,1,IR,Gold
820.3224230581338,0.0,1,IR,Gold
822.0810942843185,0.0,1,IR,Gold
823.8397655105032,0.0,1,IR,Gold
825.5984367366877,0.0,1,IR,Gold
827.3571079628725,0.0,1,IR,Gold
829.1157791890571,0.0,1,IR,Gold
830.8744504152419,0.0,1,IR,Gold
832.6331216414264,0.0,1,IR,Gold
834.3917928676111,0.0,1,IR,Gold
836.1504640937958,0.0,1,IR,Gold
837.9091353199805,0.0,1,IR,Gold
839.6678065461651,0.0,1,IR,Gold
841.4264777723497,0.0,1,IR,Gold
843.1851489985345,0.0,1,IR,Gold
844.943820224719,0.0,1,IR,Gold
846.7024914509037,0.0,1,IR,Gold
848.4611626770884,0.0,1,IR,Gold
850.2198339032731,0.0,1,IR,Gold
851.9785051294577,0.0,1,IR,Gold
853.7371763556424,0.0,1,IR,Gold
855.4958475818271,0.01,1,IR,Gold
857.2545188080117,0.0,1,IR,Gold
859.0131900341964,0.0,1,IR,Gold
860.771861260381,0.0,1,IR,Gold
862.5305324865657,0.0,1,IR,Gold
864.2892037127503,0.0,1,IR,Gold
866.047874938935,0.0,1,IR,Gold
867.8065461651197,0.0,1,IR,Gold
869.5652173913043,0.0,1,IR,Gold
871.323888617489,0.0,1,IR,Gold
873.0825598436736,0.0,1,IR,Gold
874.8412310698584,0.0,1,IR,Gold
876.599902296043,0.0,1,IR,Gold
878.3585735222276,0.0,1,IR,Gold
880.1172447484123,0.0,1,IR,Gold
881.875915974597,0.0,1,IR,Gold
883.6345872007817,0.0,1,IR,Gold
885.3932584269662,0.0,1,IR,Gold
887.151929653151,0.0,1,IR,Gold
888.9106008793356,0.0,1,IR,Gold
890.6692721055202,0.01,1,IR,Gold
892.4279433317049,0.0,1,IR,Gold
894.1866145578896,0.0,1,IR,Gold
895.9452857840743,0.0,1,IR,Gold
897.7039570102588,0.0,1,IR,Gold
899.4626282364436,0.01,1,IR,Gold
901.2212994626282,0.0,1,IR,Gold
902.979970688813,0.0,1,IR,Gold
904.7386419149975,0.0,1,IR,Gold
906.4973131411822,0.0,1,IR,Gold
908.2559843673669,0.0,1,IR,Gold
910.0146555935515,0.0,1,IR,Gold
911.7733268197362,0.0,1,IR,Gold
913.5319980459209,0.0,1,IR,Gold
915.2906692721056,0.0,1,IR,Gold
917.0493404982901,0.0,1,IR,Gold
918.8080117244748,0.0,1,IR,Gold
920.5666829506595,0.0,1,IR,Gold
922.3253541768441,0.0,1,IR,Gold
924.0840254030288,0.0,1,IR,Gold
925.8426966292135,0.01,1,IR,Gold
927.6013678553982,0.0,1,IR,Gold
929.3600390815828,0.0,1,IR,Gold
931.1187103077674,0.0,1,IR,Gold
932.8773815339521,0.0,1,IR,Gold
934.6360527601367,0.0,1,IR,Gold
936.3947239863214,0.01,1,IR,Gold
938.1533952125061,0.0,1,IR,Gold
939.9120664386908,0.0,1,IR,Gold
941.6707376648754,0.0,1,IR,Gold
943.4294088910601,0.0,1,IR,Gold
945.1880801172447,0.0,1,IR,Gold
946.9467513434294,0.0,1,IR,Gold
948.705422569614,0.0,1,IR,Gold
950.4640937957987,0.0,1,IR,Gold
952.2227650219834,0.0,1,IR,Gold
953.981436248168,0.0,1,IR,Gold
955.7401074743527,0.0,1,IR,Gold
957.4987787005374,0.0,1,IR,Gold
959.257449926722,0.0,1,IR,Gold
961.0161211529066,0.0,1,IR,Gold
962.7747923790913,0.0,1,IR,Gold
964.533463605276,0.0,1,IR,Gold
966.2921348314607,0.0,1,IR,Gold
968.0508060576453,0.0,1,IR,Gold
969.80947728383,0.0,1,IR,Gold
971.5681485100147,0.0,1,IR,Gold
973.3268197361994,0.0,1,IR,Gold
975.0854909623839,0.0,1,IR,Gold
976.8441621885686,0.0,1,IR,Gold
978.6028334147533,0.01,1,IR,Gold
980.3615046409379,0.0,1,IR,Gold
982.1201758671226,0.0,1,IR,Gold
983.8788470933073,0.0,1,IR,Gold
985.637518319492,0.0,1,IR,Gold
987.3961895456766,0.0,1,IR,Gold
989.1548607718612,0.0,1,IR,Gold
990.9135319980459,0.0,1,IR,Gold
992.6722032242305,0.0,1,IR,Gold
994.4308744504152,0.0,1,IR,Gold
996.1895456765999,0.0,1,IR,Gold
997.9482169027846,0.0,1,IR,Gold
999.7068881289692,0.0,1,IR,Gold
1001.4655593551539,0.0,1,IR,Gold
1003.2242305813385,0.0,1,IR,Gold
1004.9829018075231,0.0,1,IR,Gold
1006.7415730337078,0.01,1,IR,Gold
1008.5002442598925,0.01,1,IR,Gold
1010.2589154860772,0.0,1,IR,Gold
1012.0175867122618,0.0,1,IR,Gold
1013.7762579384465,0.0,1,IR,Gold
1015.5349291646312,0.0,1,IR,Gold
1017.2936003908158,0.0,1,IR,Gold
1019.0522716170004,0.0,1,IR,Gold
1020.8109428431851,0.0,1,IR,Gold
1022.5696140693698,0.0,1,IR,Gold
1024.3282852955545,0.0,1,IR,Gold
1026.086956521739,0.01,1,IR,Gold
1027.8456277479238,0.01,1,IR,Gold
1029.6042989741086,0.0,1,IR,Gold
1031.3629702002931,0.0,1,IR,Gold
1033.1216414264777,0.0,1,IR,Gold
1034.8803126526623,0.0,1,IR,Gold
1036.638983878847,0.0,1,IR,Gold
1038.3976551050318,0.0,1,IR,Gold
1040.1563263312164,0.0,1,IR,Gold
1041.914997557401,0.01,1,IR,Gold
1043.6736687835858,0.0,1,IR,Gold
1045.4323400097705,0.0,1,IR,Gold
1047.191011235955,0.0,1,IR,Gold
1048.9496824621397,0.0,1,IR,Gold
1050.7083536883242,0.0,1,IR,Gold
1052.467024914509,0.0,1,IR,Gold
1054.2256961406938,0.0,1,IR,Gold
1055.9843673668784,0.0,1,IR,Gold
1057.743038593063,0.0,1,IR,Gold
1059.5017098192477,0.0,1,IR,Gold
1061.2603810454323,0.01,1,IR,Gold
1063.019052271617,0.0,1,IR,Gold
1064.7777234978016,0.0,1,IR,Gold
1066.5363947239862,0.0,1,IR,Gold
1068.295065950171,0.0,1,IR,Gold
1070.0537371763558,0.0,1,IR,Gold
1071.8124084025403,0.01,1,IR,Gold
1073.5710796287249,0.01,1,IR,Gold
1075.3297508549097,0.0,1,IR,Gold
1077.0884220810942,0.0,1,IR,Gold
1078.847093307279,0.01,1,IR,Gold
1080.6057645334636,0.0,1,IR,Gold
1082.3644357596481,0.01,1,IR,Gold
1084.123106985833,0.0,1,IR,Gold
1085.8817782120177,0.0,1,IR,Gold
1087.6404494382023,0.0,1,IR,Gold
1089.3991206643868,0.0,1,IR,Gold
1091.1577918905714,0.0,1,IR,Gold
1092.9164631167562,0.0,1,IR,Gold
1094.675134342941,0.0,1,IR,Gold
1096.4338055691255,0.0,1,IR,Gold
1098.19247679531,0.0,1,IR,Gold
1099.9511480214949,0.0,1,IR,Gold
1101.7098192476797,0.0,1,IR,Gold
1103.4684904738642,0.0,1,IR,Gold
1105.2271617000488,0.0,1,IR,Gold
1106.9858329262333,0.0,1,IR,Gold
1108.7445041524181,0.01,1,IR,Gold
1110.503175378603,0.0,1,IR,Gold
1112.2618466047875,0.0,1,IR,Gold
1114.020517830972,0.0,1,IR,Gold
1115.7791890571568,0.0,1,IR,Gold
1117.5378602833416,0.0,1,IR,Gold
1119.2965315095262,0.0,1,IR,Gold
1121.0552027357107,0.0,1,IR,Gold
1122.8138739618953,0.0,1,IR,Gold
1124.57254518808,0.0,1,IR,Gold
1126.3312164142649,0.0,1,IR,Gold
1128.0898876404494,0.0,1,IR,Gold
1129.848558866634,0.0,1,IR,Gold
1131.6072300928188,0.0,1,IR,Gold
1133.3659013190036,0.0,1,IR,Gold
1135.1245725451881,0.0,1,IR,Gold
1136.8832437713727,0.0,1,IR,Gold
1138.6419149975573,0.0,1,IR,Gold
1140.400586223742,0.0,1,IR,Gold
1142.1592574499268,0.0,1,IR,Gold
1143.9179286761114,0.0,1,IR,Gold
1145.676599902296,0.01,1,IR,Gold
1147.4352711284807,0.0,1,IR,Gold
1149.1939423546653,0.0,1,IR,Gold
1150.95261358085,0.0,1,IR,Gold
1152.7112848070346,0.0,1,IR,Gold
1154.4699560332192,0.0,1,IR,Gold
1156.228627259404,0.0,1,IR,Gold
1157.9872984855888,0.01,1,IR,Gold
1159.7459697117733,0.01,1,IR,Gold
1161.504640937958,0.0,1,IR,Gold
1163.2633121641425,0.0,1,IR,Gold
1165.0219833903273,0.0,1,IR,Gold
1166.780654616512,0.0,1,IR,Gold
1168.5393258426966,0.0,1,IR,Gold
1170.2979970688812,0.0,1,IR,Gold
1172.056668295066,0.0,1,IR,Gold
1173.8153395212507,0.0,1,IR,Gold
1175.5740107474353,0.01,1,IR,Gold
1177.3326819736199,0.0,1,IR,Gold
1179.0913531998044,0.0,1,IR,Gold
1180.8500244259892,0.0,1,IR,Gold
1182.608695652174,0.0,1,IR,Gold
1184.3673668783586,0.0,1,IR,Gold
1186.126038104543,0.01,1,IR,Gold
1187.884709330728,0.0,1,IR,Gold
1189.6433805569127,0.0,1,IR,Gold
1191.4020517830972,0.0,1,IR,Gold
1193.1607230092818,0.0,1,IR,Gold
1194.9193942354664,0.0,1,IR,Gold
1196.6780654616512,0.0,1,IR,Gold
1198.436736687836,0.0,1,IR,Gold
1200.1954079140205,0.01,1,IR,Gold
1201.954079140205,0.0,1,IR,Gold
1203.7127503663899,0.0,1,IR,Gold
1205.4714215925746,0.0,1,IR,Gold
1207.2300928187592,0.01,1,IR,Gold
1208.9887640449438,0.0,1,IR,Gold
1210.7474352711283,0.0,1,IR,Gold
1212.506106497313,0.0,1,IR,Gold
1214.264777723498,0.0,1,IR,Gold
1216.0234489496825,0.0,1,IR,Gold
1217.782120175867,0.0,1,IR,Gold
1219.5407914020518,0.0,1,IR,Gold
1221.2994626282364,0.0,1,IR,Gold
1223.0581338544212,0.0,1,IR,Gold
1224.8168050806057,0.0,1,IR,Gold
1226.5754763067903,0.0,1,IR,Gold
1228.334147532975,0.0,1,IR,Gold
1230.0928187591599,0.0,1,IR,Gold
1231.8514899853444,0.0,1,IR,Gold
1233.610161211529,0.01,1,IR,Gold
1235.3688324377135,0.0,1,IR,Gold
1237.1275036638983,0.0,1,IR,Gold
1238.886174890083,0.0,1,IR,Gold
1240.6448461162677,0.0,1,IR,Gold
1242.4035173424522,0.0,1,IR,Gold
1244.162188568637,0.0,1,IR,Gold
1245.9208597948218,0.01,1,IR,Gold
1247.6795310210064,0.0,1,IR,Gold
1249.438202247191,0.0,1,IR,Gold
1251.1968734733755,0.0,1,IR,Gold
1252.9555446995603,0.0,1,IR,Gold
1254.714215925745,0.0,1,IR,Gold
1256.4728871519296,0.0,1,IR,Gold
1258.2315583781142,0.0,1,IR,Gold
1259.990229604299,0.0,1,IR,Gold
1261.7489008304838,0.0,1,IR,Gold
1263.5075720566683,0.0,1,IR,Gold
1265.2662432828529,0.0,1,IR,Gold
1267.0249145090374,0.0,1,IR,Gold
1268.7835857352222,0.0,1,IR,Gold
1270.542256961407,0.0,1,IR,Gold
1272.3009281875916,0.0,1,IR,Gold
1274.0595994137761,0.0,1,IR,Gold
1275.818270639961,0.0,1,IR,Gold
1277.5769418661457,0.0,1,IR,Gold
1279.3356130923303,0.0,1,IR,Gold
1281.0942843185148,0.0,1,IR,Gold
1282.8529555446994,0.0,1,IR,Gold
1284.6116267708842,0.0,1,IR,Gold
1286.370297997069,0.0,1,IR,Gold
1288.1289692232535,0.0,1,IR,Gold
1289.887640449438,0.01,1,IR,Gold
1291.6463116756229,0.0,1,IR,Gold
1293.4049829018074,0.0,1,IR,Gold
1295.1636541279922,0.01,1,IR,Gold
1296.9223253541768,0.0,1,IR,Gold
1298.6809965803614,0.0,1,IR,Gold
1300.4396678065461,0.0,1,IR,Gold
1302.198339032731,0.0,1,IR,Gold
1303.9570102589155,0.0,1,IR,Gold
1305.7156814851,0.01,1,IR,Gold
1307.4743527112848,0.0,1,IR,Gold
1309.2330239374694,0.0,1,IR,Gold
1310.9916951636542,0.0,1,IR,Gold
1312.7503663898387,0.0,1,IR,Gold
1314.5090376160233,0.0,1,IR,Gold
1316.267708842208,0.0,1,IR,Gold
1318.0263800683929,0.0,1,IR,Gold
1319.7850512945774,0.0,1,IR,Gold
1321.543722520762,0.0,1,IR,Gold
1323.3023937469466,0.0,1,IR,Gold
1325.0610649731314,0.0,1,IR,Gold
1326.8197361993161,0.0,1,IR,Gold
1328.5784074255007,0.0,1,IR,Gold
1330.3370786516853,0.0,1,IR,Gold
1332.09574987787,0.01,1,IR,Gold
1333.8544211040548,0.0,1,IR,Gold
1335.6130923302394,0.0,1,IR,Gold
1337.371763556424,0.0,1,IR,Gold
1339.1304347826085,0.0,1,IR,Gold
1340.8891060087933,0.0,1,IR,Gold
1342.647777234978,0.0,1,IR,Gold
1344.4064484611627,0.0,1,IR,Gold
1346.1651196873472,0.0,1,IR,Gold
1347.923790913532,0.0,1,IR,Gold
1349.6824621397168,0.0,1,IR,Gold
1351.4411333659014,0.0,1,IR,Gold
1353.199804592086,0.0,1,IR,Gold
1354.9584758182705,0.0,1,IR,Gold
1356.7171470444553,0.0,1,IR,Gold
1358.47581827064,0.0,1,IR,Gold
1360.2344894968246,0.0,1,IR,Gold
1361.9931607230092,0.0,1,IR,Gold
1363.751831949194,0.0,1,IR,Gold
1365.5105031753787,0.0,1,IR,Gold
1367.2691744015633,0.0,1,IR,Gold
1369.0278456277479,0.0,1,IR,Gold
1370.7865168539324,0.0,1,IR,Gold
1372.5451880801172,0.0,1,IR,Gold
1374.303859306302,0.0,1,IR,Gold
1376.0625305324866,0.0,1,IR,Gold
1377.8212017586711,0.0,1,IR,Gold
1379.579872984856,0.0,1,IR,Gold
1381.3385442110405,0.0,1,IR,Gold
1383.0972154372253,0.0,1,IR,Gold
1384.8558866634098,0.0,1,IR,Gold
1386.6145578895944,0.0,1,IR,Gold
1388.3732291157792,0.0,1,IR,Gold
1390.131900341964,0.0,1,IR,Gold
1391.8905715681485,0.0,1,IR,Gold
1393.649242794333,0.0,1,IR,Gold
1395.4079140205176,0.0,1,IR,Gold
1397.1665852467024,0.0,1,IR,Gold
1398.9252564728872,0.0,1,IR,Gold
1400.6839276990718,0.01,1,IR,Gold
1402.4425989252563,0.0,1,IR,Gold
1404.2012701514411,0.0,1,IR,Gold
1405.959941377626,0.0,1,IR,Gold
1407.7186126038105,0.0,1,IR,Gold
1409.477283829995,0.0,1,IR,Gold
1411.2359550561796,0.0,1,IR,Gold
1412.9946262823644,0.0,1,IR,Gold
1414.7532975085492,0.0,1,IR,Gold
1416.5119687347337,0.0,1,IR,Gold
1418.2706399609183,0.0,1,IR,Gold
1420.029311187103,0.01,1,IR,Gold
1421.7879824132879,0.0,1,IR,Gold
1423.5466536394724,0.01,1,IR,Gold
1425.305324865657,0.01,1,IR,Gold
1427.0639960918418,0.0,1,IR,Gold
1428.8226673180263,0.0,1,IR,Gold
1430.5813385442111,0.0,1,IR,Gold
1432.3400097703957,0.0,1,IR,Gold
1434.0986809965802,0.01,1,IR,Gold
1435.857352222765,0.0,1,IR,Gold
1437.6160234489496,0.0,1,IR,Gold
1439.3746946751344,0.0,1,IR,Gold
1441.133365901319,0.0,1,IR,Gold
1442.8920371275037,0.0,1,IR,Gold
1444.6507083536883,0.0,1,IR,Gold
1446.4093795798728,0.0,1,IR,Gold
1448.1680508060576,0.0,1,IR,Gold
1449.9267220322422,0.0,1,IR,Gold
1451.685393258427,0.0,1,IR,Gold
1453.4440644846115,0.0,1,IR,Gold
1455.2027357107963,0.0,1,IR,Gold
1456.961406936981,0.0,1,IR,Gold
1458.7200781631657,0.0,1,IR,Gold
1460.4787493893502,0.0,1,IR,Gold
1462.2374206155348,0.0,1,IR,Gold
1463.9960918417196,0.0,1,IR,Gold
1465.7547630679042,0.0,1,IR,Gold
1467.513434294089,0.0,1,IR,Gold
1469.2721055202735,0.0,1,IR,Gold
1471.0307767464583,0.0,1,IR,Gold
1472.7894479726428,0.0,1,IR,Gold
1474.5481191988276,0.0,1,IR,Gold
1476.3067904250122,0.0,1,IR,Gold
1478.0654616511968,0.0,1,IR,Gold
1479.8241328773815,0.0,1,IR,Gold
1481.582804103566,0.0,1,IR,Gold
1483.341475329751,0.0,1,IR,Gold
1485.1001465559355,0.0,1,IR,Gold
1486.8588177821202,0.0,1,IR,Gold
1488.6174890083048,0.0,1,IR,Gold
1490.3761602344894,0.0,1,IR,Gold
1492.1348314606741,0.0,1,IR,Gold
1493.8935026868587,0.01,1,IR,Gold
1495.6521739130435,0.0,1,IR,Gold
1497.410845139228,0.01,1,IR,Gold
1499.1695163654128,0.01,1,IR,Gold
1500.9281875915974,0.0,1,IR,Gold
1502.6868588177822,0.0,1,IR,Gold
1504.4455300439668,0.0,1,IR,Gold
1506.2042012701513,0.0,1,IR,Gold
1507.962872496336,0.0,1,IR,Gold
1509.7215437225207,0.0,1,IR,Gold
1511.4802149487055,0.0,1,IR,Gold
1513.23888617489,0.0,1,IR,Gold
1514.9975574010748,0.0,1,IR,Gold
1516.7562286272594,0.01,1,IR,Gold
1518.514899853444,0.0,1,IR,Gold
1520.2735710796287,0.0,1,IR,Gold
1522.0322423058133,0.0,1,IR,Gold
1523.790913531998,0.0,1,IR,Gold
1525.5495847581826,0.0,1,IR,Gold
1527.3082559843674,0.0,1,IR,Gold
1529.066927210552,0.0,1,IR,Gold
1530.8255984367368,0.0,1,IR,Gold
1532.5842696629213,0.0,1,IR,Gold
1534.3429408891059,0.0,1,IR,Gold
1536.1016121152907,0.0,1,IR,Gold
1537.8602833414752,0.0,1,IR,Gold
1539.61895456766,0.0,1,IR,Gold
1541.3776257938446,0.0,1,IR,Gold
1543.1362970200294,0.0,1,IR,Gold
1544.894968246214,0.0,1,IR,Gold
1546.6536394723987,0.0,1,IR,Gold
1548.4123106985833,0.0,1,IR,Gold
1550.1709819247678,0.0,1,IR,Gold
1551.9296531509526,0.0,1,IR,Gold
1553.6883243771372,0.0,1,IR,Gold
1555.446995603322,0.0,1,IR,Gold
1557.2056668295065,0.0,1,IR,Gold
1558.9643380556913,0.0,1,IR,Gold
1560.7230092818759,0.0,1,IR,Gold
1562.4816805080604,0.0,1,IR,Gold
1564.2403517342452,0.0,1,IR,Gold
1565.9990229604298,0.0,1,IR,Gold
1567.7576941866146,0.0,1,IR,Gold
1569.5163654127991,0.0,1,IR,Gold
1571.275036638984,0.0,1,IR,Gold
1573.0337078651685,0.0,1,IR,Gold
1574.7923790913533,0.0,1,IR,Gold
1576.5510503175378,0.0,1,IR,Gold
1578.3097215437224,0.0,1,IR,Gold
1580.0683927699072,0.0,1,IR,Gold
1581.8270639960917,0.0,1,IR,Gold
1583.5857352222765,0.0,1,IR,Gold
1585.344406448461,0.0,1,IR,Gold
1587.1030776746459,0.0,1,IR,Gold
1588.8617489008304,0.0,1,IR,Gold
1590.6204201270152,0.0,1,IR,Gold
1592.3790913531998,0.0,1,IR,Gold
1594.1377625793843,0.0,1,IR,Gold
1595.8964338055691,0.0,1,IR,Gold
1597.6551050317537,0.01,1,IR,Gold
1599.4137762579385,0.0,1,IR,Gold
1601.172447484123,0.0,1,IR,Gold
1602.9311187103078,0.0,1,IR,Gold
1604.6897899364924,0.0,1,IR,Gold
1606.448461162677,0.0,1,IR,Gold
1608.2071323888617,0.0,1,IR,Gold
1609.9658036150463,0.0,1,IR,Gold
1611.724474841231,0.0,1,IR,Gold
1613.4831460674156,0.0,1,IR,Gold
1615.2418172936004,0.0,1,IR,Gold
1617.000488519785,0.0,1,IR,Gold
1618.7591597459698,0.0,1,IR,Gold
1620.5178309721543,0.0,1,IR,Gold
1622.276502198339,0.0,1,IR,Gold
1624.0351734245237,0.0,1,IR,Gold
1625.7938446507083,0.01,1,IR,Gold
1627.552515876893,0.0,1,IR,Gold
1629.3111871030776,0.0,1,IR,Gold
1631.0698583292624,0.0,1,IR,Gold
1632.828529555447,0.0,1,IR,Gold
1634.5872007816315,0.0,1,IR,Gold
1636.3458720078163,0.0,1,IR,Gold
1638.1045432340009,0.0,1,IR,Gold
1639.8632144601856,0.01,1,IR,Gold
1641.6218856863702,0.0,1,IR,Gold
1643.380556912555,0.0,1,IR,Gold
1645.1392281387396,0.0,1,IR,Gold
1646.8978993649243,0.0,1,IR,Gold
1648.656570591109,0.0,1,IR,Gold
1650.4152418172935,0.0,1,IR,Gold
1652.1739130434783,0.0,1,IR,Gold
1653.9325842696628,0.0,1,IR,Gold
1655.6912554958476,0.0,1,IR,Gold
1657.4499267220322,0.0,1,IR,Gold
1659.208597948217,0.0,1,IR,Gold
1660.9672691744015,0.0,1,IR,Gold
1662.7259404005863,0.0,1,IR,Gold
1664.4846116267709,0.01,1,IR,Gold
1666.2432828529554,0.01,1,IR,Gold
1668.0019540791402,0.0,1,IR,Gold
1669.7606253053248,0.0,1,IR,Gold
1671.5192965315096,0.0,1,IR,Gold
1673.2779677576941,0.0,1,IR,Gold
1675.036638983879,0.0,1,IR,Gold
1676.7953102100635,0.0,1,IR,Gold
1678.553981436248,0.0,1,IR,Gold
1680.3126526624328,0.01,1,IR,Gold
1682.0713238886174,0.0,1,IR,Gold
1683.8299951148022,0.0,1,IR,Gold
1685.5886663409867,0.0,1,IR,Gold
1687.3473375671715,0.0,1,IR,Gold
1689.106008793356,0.0,1,IR,Gold
1690.8646800195409,0.0,1,IR,Gold
1692.6233512457254,0.0,1,IR,Gold
1694.38202247191,0.01,1,IR,Gold
1696.1406936980948,0.0,1,IR,Gold
1697.8993649242793,0.0,1,IR,Gold
1699.658036150464,0.0,1,IR,Gold
1701.4167073766487,0.0,1,IR,Gold
1703.1753786028335,0.01,1,IR,Gold
1704.934049829018,0.0,1,IR,Gold
1706.6927210552028,0.0,1,IR,Gold
1708.4513922813874,0.0,1,IR,Gold
1710.210063507572,0.0,1,IR,Gold
1711.9687347337567,0.0,1,IR,Gold
1713.7274059599413,0.0,1,IR,Gold
1715.486077186126,0.0,1,IR,Gold
1717.2447484123106,0.0,1,IR,Gold
1719.0034196384954,0.0,1,IR,Gold
1720.76209086468,0.0,1,IR,Gold
1722.5207620908645,0.0,1,IR,Gold
1724.2794333170493,0.0,1,IR,Gold
1726.0381045432339,0.0,1,IR,Gold
1727.7967757694187,0.0,1,IR,Gold
1729.5554469956032,0.0,1,IR,Gold
1731.314118221788,0.0,1,IR,Gold
1733.0727894479726,0.0,1,IR,Gold
1734.8314606741574,0.0,1,IR,Gold
1736.590131900342,0.0,1,IR,Gold
1738.3488031265265,0.01,1,IR,Gold
1740.1074743527113,0.01,1,IR,Gold
1741.8661455788958,0.0,1,IR,Gold
1743.6248168050806,0.0,1,IR,Gold
1745.3834880312652,0.0,1,IR,Gold
1747.14215925745,0.01,1,IR,Gold
1748.9008304836345,0.0,1,IR,Gold
1750.6595017098193,0.0,1,IR,Gold
1752.4181729360039,0.01,1,IR,Gold
1754.1768441621884,0.0,1,IR,Gold
1755.9355153883732,0.0,1,IR,Gold
1757.6941866145578,0.0,1,IR,Gold
1759.4528578407426,0.0,1,IR,Gold
1761.2115290669271,0.0,1,IR,Gold
1762.970200293112,0.0,1,IR,Gold
1764.7288715192965,0.0,1,IR,Gold
1766.487542745481,0.0,1,IR,Gold
1768.2462139716658,0.01,1,IR,Gold
1770.0048851978504,0.0,1,IR,Gold
1771.7635564240352,0.0,1,IR,Gold
1773.5222276502197,0.0,1,IR,Gold
1775.2808988764045,0.0,1,IR,Gold
1777.039570102589,0.0,1,IR,Gold
1778.7982413287739,0.0,1,IR,Gold
1780.5569125549584,0.01,1,IR,Gold
1782.315583781143,0.01,1,IR,Gold
1784.0742550073278,0.0,1,IR,Gold
1785.8329262335124,0.0,1,IR,Gold
1787.5915974596971,0.0,1,IR,Gold
1789.3502686858817,0.0,1,IR,Gold
1791.1089399120665,0.0,1,IR,Gold
1792.867611138251,0.0,1,IR,Gold
1794.6262823644356,0.0,1,IR,Gold
1796.3849535906204,0.0,1,IR,Gold
1798.143624816805,0.0,1,IR,Gold
1799.9022960429897,0.0,1,IR,Gold
1801.6609672691743,0.01,1,IR,Gold
1803.419638495359,0.0,1,IR,Gold
1805.1783097215437,0.0,1,IR,Gold
1806.9369809477284,0.0,1,IR,Gold
1808.695652173913,0.0,1,IR,Gold
1810.4543234000976,0.01,1,IR,Gold
1812.2129946262824,0.0,1,IR,Gold
1813.971665852467,0.0,1,IR,Gold
1815.7303370786517,0.0,1,IR,Gold
1817.4890083048363,0.0,1,IR,Gold
1819.247679531021,0.0,1,IR,Gold
1821.0063507572056,0.0,1,IR,Gold
1822.7650219833904,0.0,1,IR,Gold
1824.523693209575,0.0,1,IR,Gold
1826.2823644357595,0.0,1,IR,Gold
1828.0410356619443,0.01,1,IR,Gold
1829.7997068881289,0.0,1,IR,Gold
1831.5583781143137,0.0,1,IR,Gold
1833.3170493404982,0.0,1,IR,Gold
1835.075720566683,0.0,1,IR,Gold
1836.8343917928676,0.0,1,IR,Gold
1838.5930630190521,0.01,1,IR,Gold
1840.351734245237,0.0,1,IR,Gold
1842.1104054714215,0.0,1,IR,Gold
1843.8690766976063,0.0,1,IR,Gold
1845.6277479237908,0.0,1,IR,Gold
1847.3864191499756,0.0,1,IR,Gold
1849.1450903761602,0.0,1,IR,Gold
1850.903761602345,0.01,1,IR,Gold
1852.6624328285295,0.0,1,IR,Gold
1854.421104054714,0.0,1,IR,Gold
1856.1797752808989,0.01,1,IR,Gold
1857.9384465070834,0.0,1,IR,Gold
1859.6971177332682,0.0,1,IR,Gold
1861.4557889594528,0.0,1,IR,Gold
1863.2144601856376,0.0,1,IR,Gold
1864.9731314118221,0.0,1,IR,Gold
1866.731802638007,0.0,1,IR,Gold
1868.4904738641915,0.0,1,IR,Gold
1870.249145090376,0.0,1,IR,Gold
1872.0078163165608,0.0,1,IR,Gold
1873.7664875427454,0.0,1,IR,Gold
1875.5251587689302,0.0,1,IR,Gold
1877.2838299951147,0.01,1,IR,Gold
1879.0425012212995,0.01,1,IR,Gold
1880.801172447484,0.0,1,IR,Gold
1882.5598436736686,0.01,1,IR,Gold
1884.3185148998534,0.0,1,IR,Gold
1886.077186126038,0.0,1,IR,Gold
1887.8358573522228,0.0,1,IR,Gold
1889.5945285784073,0.0,1,IR,Gold
1891.3531998045921,0.0,1,IR,Gold
1893.1118710307767,0.0,1,IR,Gold
1894.8705422569615,0.0,1,IR,Gold
1896.629213483146,0.0,1,IR,Gold
1898.3878847093306,0.0,1,IR,Gold
1900.1465559355154,0.0,1,IR,Gold
1901.9052271617,0.0,1,IR,Gold
1903.6638983878847,0.0,1,IR,Gold
1905.4225696140693,0.0,1,IR,Gold
1907.181240840254,0.01,1,IR,Gold
1908.9399120664386,0.0,1,IR,Gold
1910.6985832926232,0.0,1,IR,Gold
1912.457254518808,0.0,1,IR,Gold
1914.2159257449925,0.0,1,IR,Gold
1915.9745969711773,0.0,1,IR,Gold
1917.733268197362,0.0,1,IR,Gold
1919.4919394235467,0.01,1,IR,Gold
1921.2506106497312,0.0,1,IR,Gold
1923.009281875916,0.0,1,IR,Gold
1924.7679531021006,0.0,1,IR,Gold
1926.5266243282852,0.0,1,IR,Gold
1928.28529555447,0.0,1,IR,Gold
1930.0439667806545,0.01,1,IR,Gold
1931.8026380068393,0.0,1,IR,Gold
1933.5613092330238,0.0,1,IR,Gold
1935.3199804592086,0.0,1,IR,Gold
1937.0786516853932,0.0,1,IR,Gold
1938.837322911578,0.0,1,IR,Gold
1940.5959941377625,0.0,1,IR,Gold
1942.354665363947,0.0,1,IR,Gold
1944.113336590132,0.0,1,IR,Gold
1945.8720078163165,0.0,1,IR,Gold
1947.6306790425012,0.0,1,IR,Gold
1949.3893502686858,0.0,1,IR,Gold
1951.1480214948706,0.0,1,IR,Gold
1952.9066927210552,0.01,1,IR,Gold
1954.6653639472397,0.0,1,IR,Gold
1956.4240351734245,0.0,1,IR,Gold
1958.182706399609,0.0,1,IR,Gold
1959.9413776257938,0.0,1,IR,Gold
1961.7000488519784,0.0,1,IR,Gold
1963.4587200781632,0.0,1,IR,Gold
1965.2173913043478,0.02,1,IR,Gold
1966.9760625305325,0.0,1,IR,Gold
1968.734733756717,0.0,1,IR,Gold
1970.4934049829017,0.0,1,IR,Gold
1972.2520762090865,0.0,1,IR,Gold
1974.010747435271,0.0,1,IR,Gold
1975.7694186614558,0.0,1,IR,Gold
1977.5280898876404,0.0,1,IR,Gold
1979.2867611138252,0.01,1,IR,Gold
1981.0454323400097,0.0,1,IR,Gold
1982.8041035661945,0.0,1,IR,Gold
1984.562774792379,0.0,1,IR,Gold
1986.3214460185636,0.0,1,IR,Gold
1988.0801172447484,0.0,1,IR,Gold
1989.838788470933,0.01,1,IR,Gold
1991.5974596971178,0.0,1,IR,Gold
1993.3561309233023,0.0,1,IR,Gold
1995.114802149487,0.0,1,IR,Gold
1996.8734733756717,0.0,1,IR,Gold
1998.6321446018562,0.01,1,IR,Gold
2000.390815828041,0.0,1,IR,Gold
2002.1494870542256,0.0,1,IR,Gold
2003.9081582804104,0.0,1,IR,Gold
2005.666829506595,0.0,1,IR,Gold
2007.4255007327797,0.0,1,IR,Gold
2009.1841719589643,0.0,1,IR,Gold
2010.942843185149,0.0,1,IR,Gold
2012.7015144113336,0.0,1,IR,Gold
2014.4601856375182,0.0,1,IR,Gold
2016.218856863703,0.0,1,IR,Gold
2017.9775280898875,0.0,1,IR,Gold
2019.7361993160723,0.0,1,IR,Gold
2021.4948705422569,0.0,1,IR,Gold
2023.2535417684417,0.0,1,IR,Gold
2025.0122129946262,0.0,1,IR,Gold
2026.7708842208108,0.02,1,IR,Gold
2028.5295554469956,0.01,1,IR,Gold
2030.2882266731801,0.0,1,IR,Gold
2032.046897899365,0.0,1,IR,Gold
2033.8055691255495,0.0,1,IR,Gold
2035.5642403517343,0.0,1,IR,Gold
2037.3229115779188,0.0,1,IR,Gold
2039.0815828041036,0.0,1,IR,Gold
2040.8402540302882,0.0,1,IR,Gold
2042.5989252564727,0.0,1,IR,Gold
2044.3575964826575,0.01,1,IR,Gold
2046.116267708842,0.0,1,IR,Gold
2047.8749389350269,0.0,1,IR,Gold
2049.6336101612114,0.0,1,IR,Gold
2051.392281387396,0.0,1,IR,Gold
2053.1509526135806,0.0,1,IR,Gold
2054.9096238397656,0.0,1,IR,Gold
2056.66829506595,0.0,1,IR,Gold
2058.4269662921347,0.0,1,IR,Gold
2060.1856375183197,0.0,1,IR,Gold
2061.9443087445043,0.0,1,IR,Gold
2063.702979970689,0.0,1,IR,Gold
2065.4616511968734,0.0,1,IR,Gold
2067.220322423058,0.0,1,IR,Gold
2068.9789936492425,0.0,1,IR,Gold
2070.737664875427,0.02,1,IR,Gold
2072.496336101612,0.0,1,IR,Gold
2074.2550073277966,0.0,1,IR,Gold
2076.0136785539817,0.0,1,IR,Gold
2077.772349780166,0.0,1,IR,Gold
2079.531021006351,0.0,1,IR,Gold
2081.2896922325353,0.01,1,IR,Gold
2083.04836345872,0.01,1,IR,Gold
2084.8070346849045,0.0,1,IR,Gold
2086.565705911089,0.0,1,IR,Gold
2088.324377137274,0.0,1,IR,Gold
2090.0830483634586,0.0,1,IR,Gold
2091.8417195896436,0.0,1,IR,Gold
2093.600390815828,0.0,1,IR,Gold
2095.3590620420127,0.0,1,IR,Gold
2097.1177332681973,0.0,1,IR,Gold
2098.876404494382,0.0,1,IR,Gold
2100.6350757205664,0.01,1,IR,Gold
2102.393746946751,0.0,1,IR,Gold
2104.152418172936,0.0,1,IR,Gold
2105.9110893991206,0.0,1,IR,Gold
2107.6697606253056,0.0,1,IR,Gold
2109.42843185149,0.0,1,IR,Gold
2111.1871030776747,0.0,1,IR,Gold
2112.9457743038593,0.0,1,IR,Gold
2114.704445530044,0.0,1,IR,Gold
2116.4631167562284,0.0,1,IR,Gold
2118.221787982413,0.0,1,IR,Gold
2119.980459208598,0.0,1,IR,Gold
2121.7391304347825,0.0,1,IR,Gold
2123.4978016609675,0.0,1,IR,Gold
2125.256472887152,0.0,1,IR,Gold
2127.0151441133366,0.0,1,IR,Gold
2128.773815339521,0.0,1,IR,Gold
2130.5324865657058,0.0,1,IR,Gold
2132.2911577918903,0.0,1,IR,Gold
2134.049829018075,0.0,1,IR,Gold
2135.80850024426,0.01,1,IR,Gold
2137.5671714704445,0.0,1,IR,Gold
2139.3258426966295,0.0,1,IR,Gold
2141.084513922814,0.0,1,IR,Gold
2142.8431851489986,0.0,1,IR,Gold
2144.601856375183,0.0,1,IR,Gold
2146.3605276013677,0.0,1,IR,Gold
2148.1191988275523,0.0,1,IR,Gold
2149.877870053737,0.0,1,IR,Gold
2151.636541279922,0.0,1,IR,Gold
2153.3952125061064,0.0,1,IR,Gold
2155.1538837322914,0.0,1,IR,Gold
2156.912554958476,0.01,1,IR,Gold
2158.6712261846606,0.02,1,IR,Gold
2160.429897410845,0.0,1,IR,Gold
2162.1885686370297,0.0,1,IR,Gold
2163.9472398632142,0.0,1,IR,Gold
2165.705911089399,0.0,1,IR,Gold
2167.464582315584,0.0,1,IR,Gold
2169.2232535417684,0.0,1,IR,Gold
2170.9819247679534,0.0,1,IR,Gold
2172.740595994138,0.01,1,IR,Gold
2174.4992672203225,0.0,1,IR,Gold
2176.257938446507,0.0,1,IR,Gold
2178.0166096726916,0.01,1,IR,Gold
2179.775280898876,0.0,1,IR,Gold
2181.5339521250608,0.0,1,IR,Gold
2183.2926233512458,0.0,1,IR,Gold
2185.0512945774303,0.0,1,IR,Gold
2186.809965803615,0.01,1,IR,Gold
2188.5686370298,0.0,1,IR,Gold
2190.3273082559845,0.0,1,IR,Gold
2192.085979482169,0.0,1,IR,Gold
2193.8446507083536,0.0,1,IR,Gold
2195.603321934538,0.0,1,IR,Gold
2197.3619931607227,0.0,1,IR,Gold
2199.1206643869077,0.0,1,IR,Gold
2200.8793356130923,0.0,1,IR,Gold
2202.638006839277,0.0,1,IR,Gold
2204.396678065462,0.0,1,IR,Gold
2206.1553492916464,0.0,1,IR,Gold
2207.914020517831,0.0,1,IR,Gold
2209.6726917440155,0.01,1,IR,Gold
2211.4313629702,0.0,1,IR,Gold
2213.1900341963847,0.0,1,IR,Gold
2214.9487054225697,0.0,1,IR,Gold
2216.7073766487542,0.0,1,IR,Gold
2218.466047874939,0.0,1,IR,Gold
2220.224719101124,0.0,1,IR,Gold
2221.9833903273084,0.01,1,IR,Gold
2223.742061553493,0.0,1,IR,Gold
2225.5007327796775,0.0,1,IR,Gold
2227.259404005862,0.0,1,IR,Gold
2229.0180752320466,0.0,1,IR,Gold
2230.776746458231,0.0,1,IR,Gold
2232.535417684416,0.0,1,IR,Gold
2234.2940889106007,0.0,1,IR,Gold
2236.0527601367858,0.0,1,IR,Gold
2237.8114313629703,0.0,1,IR,Gold
2239.570102589155,0.0,1,IR,Gold
2241.3287738153394,0.0,1,IR,Gold
2243.087445041524,0.0,1,IR,Gold
2244.8461162677086,0.0,1,IR,Gold
2246.604787493893,0.0,1,IR,Gold
2248.363458720078,0.0,1,IR,Gold
2250.1221299462627,0.01,1,IR,Gold
2251.8808011724477,0.0,1,IR,Gold
2253.6394723986323,0.0,1,IR,Gold
2255.398143624817,0.0,1,IR,Gold
2257.1568148510014,0.0,1,IR,Gold
2258.915486077186,0.0,1,IR,Gold
2260.6741573033705,0.0,1,IR,Gold
2262.432828529555,0.0,1,IR,Gold
2264.19149975574,0.0,1,IR,Gold
2265.9501709819247,0.01,1,IR,Gold
2267.7088422081097,0.0,1,IR,Gold
2269.4675134342942,0.0,1,IR,Gold
2271.226184660479,0.0,1,IR,Gold
2272.9848558866634,0.0,1,IR,Gold
2274.743527112848,0.0,1,IR,Gold
2276.5021983390325,0.0,1,IR,Gold
2278.260869565217,0.0,1,IR,Gold
2280.019540791402,0.0,1,IR,Gold
2281.7782120175866,0.0,1,IR,Gold
2283.5368832437716,0.0,1,IR,Gold
2285.295554469956,0.0,1,IR,Gold
2287.0542256961407,0.0,1,IR,Gold
2288.8128969223253,0.0,1,IR,Gold
2290.57156814851,0.0,1,IR,Gold
2292.3302393746944,0.0,1,IR,Gold
2294.088910600879,0.0,1,IR,Gold
2295.847581827064,0.0,1,IR,Gold
2297.6062530532486,0.0,1,IR,Gold
2299.3649242794336,0.0,1,IR,Gold
2301.123595505618,0.01,1,IR,Gold
2302.8822667318027,0.0,1,IR,Gold
2304.6409379579873,0.0,1,IR,Gold
2306.399609184172,0.01,1,IR,Gold
2308.1582804103564,0.0,1,IR,Gold
2309.916951636541,0.01,1,IR,Gold
2311.675622862726,0.0,1,IR,Gold
2313.4342940889105,0.0,1,IR,Gold
2315.1929653150955,0.0,1,IR,Gold
2316.95163654128,0.0,1,IR,Gold
2318.7103077674647,0.0,1,IR,Gold
2320.468978993649,0.0,1,IR,Gold
2322.227650219834,0.01,1,IR,Gold
2323.9863214460183,0.0,1,IR,Gold
2325.744992672203,0.0,1,IR,Gold
2327.503663898388,0.0,1,IR,Gold
2329.2623351245725,0.0,1,IR,Gold
2331.0210063507575,0.0,1,IR,Gold
2332.779677576942,0.0,1,IR,Gold
2334.5383488031266,0.0,1,IR,Gold
2336.297020029311,0.0,1,IR,Gold
2338.0556912554957,0.0,1,IR,Gold
2339.8143624816803,0.0,1,IR,Gold
2341.573033707865,0.0,1,IR,Gold
2343.33170493405,0.0,1,IR,Gold
2345.0903761602344,0.01,1,IR,Gold
2346.849047386419,0.0,1,IR,Gold
2348.607718612604,0.0,1,IR,Gold
2350.3663898387886,0.0,1,IR,Gold
2352.125061064973,0.0,1,IR,Gold
2353.8837322911577,0.01,1,IR,Gold
2355.6424035173422,0.0,1,IR,Gold
2357.401074743527,0.0,1,IR,Gold
2359.159745969712,0.0,1,IR,Gold
2360.9184171958964,0.0,1,IR,Gold
2362.677088422081,0.0,1,IR,Gold
2364.435759648266,0.0,1,IR,Gold
2366.1944308744505,0.0,1,IR,Gold
2367.953102100635,0.0,1,IR,Gold
2369.7117733268196,0.0,1,IR,Gold
2371.470444553004,0.01,1,IR,Gold
2373.2291157791888,0.0,1,IR,Gold
2374.987787005374,0.0,1,IR,Gold
2376.7464582315583,0.01,1,IR,Gold
2378.505129457743,0.0,1,IR,Gold
2380.263800683928,0.0,1,IR,Gold
2382.0224719101125,0.0,1,IR,Gold
2383.781143136297,0.0,1,IR,Gold
2385.5398143624816,0.0,1,IR,Gold
2387.298485588666,0.0,1,IR,Gold
2389.0571568148507,0.0,1,IR,Gold
2390.8158280410353,0.0,1,IR,Gold
2392.5744992672203,0.0,1,IR,Gold
2394.333170493405,0.01,1,IR,Gold
2396.09184171959,0.0,1,IR,Gold
2397.8505129457744,0.0,1,IR,Gold
2399.609184171959,0.0,1,IR,Gold
2401.3678553981435,0.0,1,IR,Gold
2403.126526624328,0.0,1,IR,Gold
2404.8851978505127,0.01,1,IR,Gold
2406.6438690766972,0.0,1,IR,Gold
2408.4025403028822,0.0,1,IR,Gold
2410.161211529067,0.0,1,IR,Gold
2411.919882755252,0.0,1,IR,Gold
2413.6785539814364,0.0,1,IR,Gold
2415.437225207621,0.0,1,IR,Gold
2417.1958964338055,0.0,1,IR,Gold
2418.95456765999,0.0,1,IR,Gold
2420.7132388861746,0.0,1,IR,Gold
2422.471910112359,0.0,1,IR,Gold
2424.230581338544,0.0,1,IR,Gold
2425.9892525647288,0.0,1,IR,Gold
2427.747923790914,0.0,1,IR,Gold
2429.5065950170983,0.01,1,IR,Gold
2431.265266243283,0.0,1,IR,Gold
2433.0239374694675,0.01,1,IR,Gold
2434.782608695652,0.0,1,IR,Gold
2436.5412799218366,0.0,1,IR,Gold
2438.299951148021,0.0,1,IR,Gold
2440.058622374206,0.0,1,IR,Gold
2441.8172936003907,0.0,1,IR,Gold
2443.5759648265757,0.0,1,IR,Gold
2445.3346360527603,0.0,1,IR,Gold
2447.093307278945,0.01,1,IR,Gold
2448.8519785051294,0.0,1,IR,Gold
2450.610649731314,0.0,1,IR,Gold
2452.3693209574985,0.0,1,IR,Gold
2454.1279921836835,0.0,1,IR,Gold
2455.886663409868,0.0,1,IR,Gold
2457.6453346360527,0.0,1,IR,Gold
2459.404005862237,0.0,1,IR,Gold
2461.1626770884222,0.0,1,IR,Gold
2462.921348314607,0.0,1,IR,Gold
2464.6800195407914,0.0,1,IR,Gold
2466.438690766976,0.0,1,IR,Gold
2468.1973619931605,0.0,1,IR,Gold
2469.9560332193455,0.0,1,IR,Gold
2471.71470444553,0.0,1,IR,Gold
2473.4733756717146,0.0,1,IR,Gold
2475.232046897899,0.0,1,IR,Gold
2476.9907181240837,0.01,1,IR,Gold
2478.7493893502688,0.0,1,IR,Gold
2480.5080605764533,0.0,1,IR,Gold
2482.266731802638,0.0,1,IR,Gold
2484.0254030288224,0.0,1,IR,Gold
2485.7840742550075,0.0,1,IR,Gold
2487.542745481192,0.01,1,IR,Gold
2489.3014167073766,0.0,1,IR,Gold
2491.060087933561,0.01,1,IR,Gold
2492.8187591597457,0.0,1,IR,Gold
2494.5774303859307,0.0,1,IR,Gold
2496.3361016121153,0.0,1,IR,Gold
2498.0947728383,0.0,1,IR,Gold
2499.8534440644844,0.0,1,IR,Gold
2501.6121152906694,0.0,1,IR,Gold
2503.370786516854,0.0,1,IR,Gold
2505.1294577430385,0.0,1,IR,Gold
2506.888128969223,0.0,1,IR,Gold
2508.6468001954076,0.0,1,IR,Gold
2510.4054714215927,0.0,1,IR,Gold
2512.164142647777,0.0,1,IR,Gold
2513.922813873962,0.0,1,IR,Gold
2515.6814851001463,0.0,1,IR,Gold
2517.4401563263314,0.01,1,IR,Gold
2519.198827552516,0.0,1,IR,Gold
2520.9574987787005,0.0,1,IR,Gold
2522.716170004885,0.0,1,IR,Gold
2524.4748412310696,0.0,1,IR,Gold
2526.2335124572546,0.01,1,IR,Gold
2527.992183683439,0.0,1,IR,Gold
2529.7508549096237,0.0,1,IR,Gold
2531.5095261358083,0.0,1,IR,Gold
2533.2681973619933,0.0,1,IR,Gold
2535.026868588178,0.01,1,IR,Gold
2536.7855398143624,0.0,1,IR,Gold
2538.544211040547,0.0,1,IR,Gold
2540.3028822667316,0.0,1,IR,Gold
2542.0615534929166,0.0,1,IR,Gold
2543.820224719101,0.0,1,IR,Gold
2545.5788959452857,0.0,1,IR,Gold
2547.3375671714703,0.0,1,IR,Gold
2549.0962383976553,0.0,1,IR,Gold
2550.85490962384,0.0,1,IR,Gold
2552.6135808500244,0.0,1,IR,Gold
2554.372252076209,0.0,1,IR,Gold
2556.1309233023935,0.0,1,IR,Gold
2557.8895945285785,0.0,1,IR,Gold
2559.648265754763,0.0,1,IR,Gold
2561.4069369809476,0.0,1,IR,Gold
2563.165608207132,0.0,1,IR,Gold
2564.9242794333168,0.0,1,IR,Gold
2566.682950659502,0.0,1,IR,Gold
2568.4416218856863,0.0,1,IR,Gold
2570.200293111871,0.0,1,IR,Gold
2571.9589643380555,0.0,1,IR,Gold
2573.7176355642405,0.0,1,IR,Gold
2575.476306790425,0.0,1,IR,Gold
2577.2349780166096,0.0,1,IR,Gold
2578.993649242794,0.0,1,IR,Gold
2580.7523204689787,0.0,1,IR,Gold
2582.5109916951637,0.0,1,IR,Gold
2584.2696629213483,0.0,1,IR,Gold
2586.028334147533,0.0,1,IR,Gold
2587.7870053737174,0.0,1,IR,Gold
2589.5456765999024,0.0,1,IR,Gold
2591.304347826087,0.0,1,IR,Gold
2593.0630190522716,0.0,1,IR,Gold
2594.821690278456,0.0,1,IR,Gold
2596.5803615046407,0.0,1,IR,Gold
2598.3390327308257,0.0,1,IR,Gold
2600.0977039570103,0.0,1,IR,Gold
2601.856375183195,0.01,1,IR,Gold
2603.6150464093794,0.0,1,IR,Gold
2605.3737176355644,0.0,1,IR,Gold
2607.132388861749,0.0,1,IR,Gold
2608.8910600879335,0.0,1,IR,Gold
2610.649731314118,0.0,1,IR,Gold
2612.4084025403026,0.0,1,IR,Gold
2614.1670737664876,0.0,1,IR,Gold
2615.925744992672,0.0,1,IR,Gold
2617.6844162188568,0.0,1,IR,Gold
2619.4430874450413,0.0,1,IR,Gold
2621.2017586712263,0.01,1,IR,Gold
2622.960429897411,0.0,1,IR,Gold
2624.7191011235955,0.0,1,IR,Gold
2626.47777234978,0.0,1,IR,Gold
2628.2364435759646,0.0,1,IR,Gold
2629.9951148021496,0.0,1,IR,Gold
2631.753786028334,0.0,1,IR,Gold
2633.5124572545187,0.0,1,IR,Gold
2635.2711284807033,0.0,1,IR,Gold
2637.029799706888,0.0,1,IR,Gold
2638.788470933073,0.0,1,IR,Gold
2640.5471421592574,0.0,1,IR,Gold
2642.305813385442,0.0,1,IR,Gold
2644.0644846116265,0.0,1,IR,Gold
2645.8231558378116,0.0,1,IR,Gold
2647.581827063996,0.0,1,IR,Gold
2649.3404982901807,0.01,1,IR,Gold
2651.0991695163652,0.0,1,IR,Gold
2652.85784074255,0.0,1,IR,Gold
2654.616511968735,0.0,1,IR,Gold
2656.3751831949194,0.0,1,IR,Gold
2658.133854421104,0.0,1,IR,Gold
2659.8925256472885,0.0,1,IR,Gold
2661.6511968734735,0.0,1,IR,Gold
2663.409868099658,0.0,1,IR,Gold
2665.1685393258426,0.01,1,IR,Gold
2666.927210552027,0.0,1,IR,Gold
2668.6858817782118,0.0,1,IR,Gold
2670.4445530043968,0.0,1,IR,Gold
2672.2032242305813,0.0,1,IR,Gold
2673.961895456766,0.0,1,IR,Gold
2675.7205666829504,0.0,1,IR,Gold
2677.4792379091355,0.0,1,IR,Gold
2679.23790913532,0.0,1,IR,Gold
2680.9965803615046,0.0,1,IR,Gold
2682.755251587689,0.0,1,IR,Gold
2684.5139228138737,0.0,1,IR,Gold
2686.2725940400587,0.0,1,IR,Gold
2688.0312652662433,0.0,1,IR,Gold
2689.789936492428,0.0,1,IR,Gold
2691.5486077186124,0.0,1,IR,Gold
2693.3072789447974,0.0,1,IR,Gold
2695.065950170982,0.0,1,IR,Gold
2696.8246213971665,0.0,1,IR,Gold
2698.583292623351,0.0,1,IR,Gold
2700.3419638495357,0.0,1,IR,Gold
2702.1006350757207,0.0,1,IR,Gold
2703.8593063019052,0.0,1,IR,Gold
2705.61797752809,0.0,1,IR,Gold
2707.3766487542744,0.0,1,IR,Gold
2709.1353199804594,0.0,1,IR,Gold
2710.893991206644,0.01,1,IR,Gold
2712.6526624328285,0.0,1,IR,Gold
2714.411333659013,0.01,1,IR,Gold
2716.1700048851976,0.0,1,IR,Gold
2717.9286761113826,0.0,1,IR,Gold
2719.687347337567,0.0,1,IR,Gold
2721.4460185637517,0.0,1,IR,Gold
2723.2046897899363,0.0,1,IR,Gold
2724.963361016121,0.0,1,IR,Gold
2726.722032242306,0.0,1,IR,Gold
2728.4807034684904,0.01,1,IR,Gold
2730.239374694675,0.0,1,IR,Gold
2731.9980459208596,0.0,1,IR,Gold
2733.7567171470446,0.0,1,IR,Gold
2735.515388373229,0.0,1,IR,Gold
2737.2740595994137,0.0,1,IR,Gold
2739.0327308255983,0.0,1,IR,Gold
2740.791402051783,0.0,1,IR,Gold
2742.550073277968,0.0,1,IR,Gold
2744.3087445041524,0.01,1,IR,Gold
2746.067415730337,0.0,1,IR,Gold
2747.8260869565215,0.0,1,IR,Gold
2749.5847581827065,0.0,1,IR,Gold
2751.343429408891,0.0,1,IR,Gold
2753.1021006350757,0.0,1,IR,Gold
2754.86077186126,0.0,1,IR,Gold
2756.619443087445,0.0,1,IR,Gold
2758.37811431363,0.0,1,IR,Gold
2760.1367855398144,0.0,1,IR,Gold
2761.895456765999,0.0,1,IR,Gold
2763.6541279921835,0.0,1,IR,Gold
2765.4127992183685,0.0,1,IR,Gold
2767.171470444553,0.0,1,IR,Gold
2768.9301416707376,0.0,1,IR,Gold
2770.688812896922,0.0,1,IR,Gold
2772.4474841231067,0.0,1,IR,Gold
2774.2061553492917,0.0,1,IR,Gold
2775.9648265754763,0.0,1,IR,Gold
2777.723497801661,0.0,1,IR,Gold
2779.4821690278454,0.0,1,IR,Gold
2781.2408402540304,0.0,1,IR,Gold
2782.999511480215,0.0,1,IR,Gold
2784.7581827063996,0.0,1,IR,Gold
2786.516853932584,0.0,1,IR,Gold
2788.2755251587687,0.0,1,IR,Gold
2790.0341963849537,0.0,1,IR,Gold
2791.7928676111383,0.0,1,IR,Gold
2793.551538837323,0.01,1,IR,Gold
2795.3102100635074,0.0,1,IR,Gold
2797.068881289692,0.01,1,IR,Gold
2798.827552515877,0.0,1,IR,Gold
2800.5862237420615,0.0,1,IR,Gold
2802.344894968246,0.0,1,IR,Gold
2804.1035661944306,0.0,1,IR,Gold
2805.8622374206157,0.0,1,IR,Gold
2807.6209086468,0.0,1,IR,Gold
2809.379579872985,0.0,1,IR,Gold
2811.1382510991693,0.01,1,IR,Gold
2812.896922325354,0.0,1,IR,Gold
2814.655593551539,0.0,1,IR,Gold
2816.4142647777235,0.0,1,IR,Gold
2818.172936003908,0.0,1,IR,Gold
2819.9316072300926,0.01,1,IR,Gold
2821.6902784562776,0.0,1,IR,Gold
2823.448949682462,0.0,1,IR,Gold
2825.2076209086467,0.0,1,IR,Gold
2826.9662921348313,0.01,1,IR,Gold
2828.724963361016,0.0,1,IR,Gold
2830.483634587201,0.0,1,IR,Gold
2832.2423058133854,0.01,1,IR,Gold
2834.00097703957,0.0,1,IR,Gold
2835.7596482657545,0.0,1,IR,Gold
2837.5183194919396,0.01,1,IR,Gold
2839.276990718124,0.0,1,IR,Gold
2841.0356619443087,0.0,1,IR,Gold
2842.7943331704932,0.0,1,IR,Gold
2844.553004396678,0.0,1,IR,Gold
2846.311675622863,0.0,1,IR,Gold
2848.0703468490474,0.01,1,IR,Gold
2849.829018075232,0.01,1,IR,Gold
2851.5876893014165,0.0,1,IR,Gold
2853.3463605276015,0.0,1,IR,Gold
2855.105031753786,0.0,1,IR,Gold
2856.8637029799706,0.01,1,IR,Gold
2858.622374206155,0.0,1,IR,Gold
2860.3810454323398,0.0,1,IR,Gold
2862.139716658525,0.0,1,IR,Gold
2863.8983878847093,0.0,1,IR,Gold
2865.657059110894,0.0,1,IR,Gold
2867.4157303370785,0.01,1,IR,Gold
2869.174401563263,0.0,1,IR,Gold
2870.933072789448,0.0,1,IR,Gold
2872.6917440156326,0.01,1,IR,Gold
2874.450415241817,0.0,1,IR,Gold
2876.2090864680017,0.0,1,IR,Gold
2877.9677576941867,0.0,1,IR,Gold
2879.7264289203713,0.0,1,IR,Gold
2881.485100146556,0.0,1,IR,Gold
2883.2437713727404,0.0,1,IR,Gold
2885.002442598925,0.0,1,IR,Gold
2886.76111382511,0.0,1,IR,Gold
2888.5197850512945,0.0,1,IR,Gold
2890.278456277479,0.0,1,IR,Gold
2892.0371275036637,0.0,1,IR,Gold
2893.7957987298487,0.0,1,IR,Gold
2895.5544699560332,0.0,1,IR,Gold
2897.313141182218,0.0,1,IR,Gold
2899.0718124084024,0.0,1,IR,Gold
2900.830483634587,0.01,1,IR,Gold
2902.589154860772,0.0,1,IR,Gold
2904.3478260869565,0.0,1,IR,Gold
2906.106497313141,0.0,1,IR,Gold
2907.8651685393256,0.0,1,IR,Gold
2909.6238397655106,0.0,1,IR,Gold
2911.382510991695,0.0,1,IR,Gold
2913.1411822178798,0.0,1,IR,Gold
2914.8998534440643,0.0,1,IR,Gold
2916.658524670249,0.0,1,IR,Gold
2918.417195896434,0.0,1,IR,Gold
2920.1758671226185,0.0,1,IR,Gold
2921.934538348803,0.0,1,IR,Gold
2923.6932095749876,0.0,1,IR,Gold
2925.4518808011726,0.0,1,IR,Gold
2927.210552027357,0.0,1,IR,Gold
2928.9692232535417,0.0,1,IR,Gold
2930.7278944797263,0.01,1,IR,Gold
2932.486565705911,0.0,1,IR,Gold
2934.245236932096,0.0,1,IR,Gold
2936.0039081582804,0.0,1,IR,Gold
2937.762579384465,0.01,1,IR,Gold
2939.5212506106495,0.0,1,IR,Gold
2941.2799218368345,0.0,1,IR,Gold
2943.038593063019,0.0,1,IR,Gold
2944.7972642892037,0.0,1,IR,Gold
2946.5559355153882,0.0,1,IR,Gold
2948.314606741573,0.01,1,IR,Gold
2950.073277967758,0.0,1,IR,Gold
2951.8319491939424,0.01,1,IR,Gold
2953.590620420127,0.02,1,IR,Gold
2955.3492916463115,0.0,1,IR,Gold
2957.107962872496,0.0,1,IR,Gold
2958.866634098681,0.01,1,IR,Gold
2960.6253053248656,0.0,1,IR,Gold
2962.38397655105,0.02,1,IR,Gold
2964.1426477772347,0.0,1,IR,Gold
2965.9013190034198,0.01,1,IR,Gold
2967.6599902296043,0.01,1,IR,Gold
2969.418661455789,0.0,1,IR,Gold
2971.1773326819734,0.0,1,IR,Gold
2972.936003908158,0.0,1,IR,Gold
2974.694675134343,0.0,1,IR,Gold
2976.4533463605276,0.0,1,IR,Gold
2978.212017586712,0.0,1,IR,Gold
2979.9706888128967,0.0,1,IR,Gold
2981.7293600390817,0.0,1,IR,Gold
2983.4880312652663,0.0,1,IR,Gold
2985.246702491451,0.0,1,IR,Gold
2987.0053737176354,0.0,1,IR,Gold
2988.76404494382,0.0,1,IR,Gold
2990.522716170005,0.0,1,IR,Gold
2992.2813873961895,0.0,1,IR,Gold
2994.040058622374,0.0,1,IR,Gold
2995.7987298485587,0.01,1,IR,Gold
2997.5574010747437,0.0,1,IR,Gold
2999.316072300928,0.01,1,IR,Gold
3001.074743527113,0.0,1,IR,Gold
3002.8334147532973,0.0,1,IR,Gold
3004.592085979482,0.0,1,IR,Gold
3006.350757205667,0.0,1,IR,Gold
3008.1094284318515,0.0,1,IR,Gold
3009.868099658036,0.0,1,IR,Gold
3011.6267708842206,0.0,1,IR,Gold
3013.3854421104056,0.0,1,IR,Gold
3015.14411333659,0.0,1,IR,Gold
3016.9027845627747,0.0,1,IR,Gold
3018.6614557889593,0.0,1,IR,Gold
3020.420127015144,0.0,1,IR,Gold
3022.178798241329,0.0,1,IR,Gold
3023.9374694675134,0.0,1,IR,Gold
3025.696140693698,0.0,1,IR,Gold
3027.4548119198826,0.0,1,IR,Gold
3029.213483146067,0.0,1,IR,Gold
3030.972154372252,0.0,1,IR,Gold
3032.7308255984367,0.0,1,IR,Gold
3034.4894968246213,0.0,1,IR,Gold
3036.248168050806,0.0,1,IR,Gold
3038.006839276991,0.0,1,IR,Gold
3039.7655105031754,0.0,1,IR,Gold
3041.52418172936,0.0,1,IR,Gold
3043.2828529555445,0.0,1,IR,Gold
3045.041524181729,0.0,1,IR,Gold
3046.800195407914,0.0,1,IR,Gold
3048.5588666340986,0.0,1,IR,Gold
3050.317537860283,0.0,1,IR,Gold
3052.0762090864678,0.0,1,IR,Gold
3053.834880312653,0.0,1,IR,Gold
3055.5935515388373,0.0,1,IR,Gold
3057.352222765022,0.0,1,IR,Gold
3059.1108939912065,0.0,1,IR,Gold
3060.869565217391,0.0,1,IR,Gold
3062.628236443576,0.0,1,IR,Gold
3064.3869076697606,0.0,1,IR,Gold
3066.145578895945,0.0,1,IR,Gold
3067.9042501221297,0.0,1,IR,Gold
3069.6629213483147,0.0,1,IR,Gold
3071.4215925744993,0.0,1,IR,Gold
3073.180263800684,0.0,1,IR,Gold
3074.9389350268684,0.0,1,IR,Gold
3076.697606253053,0.0,1,IR,Gold
3078.456277479238,0.01,1,IR,Gold
3080.2149487054226,0.0,1,IR,Gold
3081.973619931607,0.0,1,IR,Gold
3083.7322911577917,0.0,1,IR,Gold
3085.4909623839767,0.0,1,IR,Gold
3087.2496336101613,0.01,1,IR,Gold
3089.008304836346,0.0,1,IR,Gold
3090.7669760625304,0.0,1,IR,Gold
3092.525647288715,0.0,1,IR,Gold
3094.2843185149,0.0,1,IR,Gold
3096.0429897410845,0.0,1,IR,Gold
3097.801660967269,0.01,1,IR,Gold
3099.5603321934536,0.01,1,IR,Gold
3101.3190034196386,0.0,1,IR,Gold
3103.077674645823,0.0,1,IR,Gold
3104.8363458720078,0.0,1,IR,Gold
3106.5950170981923,0.0,1,IR,Gold
3108.353688324377,0.0,1,IR,Gold
3110.112359550562,0.0,1,IR,Gold
3111.8710307767465,0.0,1,IR,Gold
3113.629702002931,0.0,1,IR,Gold
3115.3883732291156,0.0,1,IR,Gold
3117.1470444553,0.0,1,IR,Gold
3118.905715681485,0.0,1,IR,Gold
3120.6643869076697,0.0,1,IR,Gold
3122.4230581338543,0.0,1,IR,Gold
3124.181729360039,0.0,1,IR,Gold
3125.940400586224,0.0,1,IR,Gold
3127.6990718124084,0.01,1,IR,Gold
3129.457743038593,0.0,1,IR,Gold
3131.2164142647775,0.0,1,IR,Gold
3132.975085490962,0.0,1,IR,Gold
3134.733756717147,0.0,1,IR,Gold
3136.4924279433317,0.0,1,IR,Gold
3138.2510991695162,0.0,1,IR,Gold
3140.009770395701,0.0,1,IR,Gold
3141.768441621886,0.01,1,IR,Gold
3143.5271128480704,0.0,1,IR,Gold
3145.285784074255,0.0,1,IR,Gold
3147.0444553004395,0.0,1,IR,Gold
3148.803126526624,0.0,1,IR,Gold
3150.561797752809,0.0,1,IR,Gold
3152.3204689789936,0.0,1,IR,Gold
3154.079140205178,0.0,1,IR,Gold
3155.8378114313628,0.0,1,IR,Gold
3157.5964826575478,0.0,1,IR,Gold
3159.3551538837323,0.0,1,IR,Gold
3161.113825109917,0.0,1,IR,Gold
3162.8724963361014,0.0,1,IR,Gold
3164.631167562286,0.0,1,IR,Gold
3166.389838788471,0.0,1,IR,Gold
3168.1485100146556,0.0,1,IR,Gold
3169.90718124084,0.0,1,IR,Gold
3171.6658524670247,0.0,1,IR,Gold
3173.4245236932097,0.0,1,IR,Gold
3175.1831949193943,0.0,1,IR,Gold
3176.941866145579,0.0,1,IR,Gold
3178.7005373717634,0.0,1,IR,Gold
3180.459208597948,0.0,1,IR,Gold
3182.217879824133,0.0,1,IR,Gold
3183.9765510503175,0.0,1,IR,Gold
3185.735222276502,0.01,1,IR,Gold
3187.4938935026867,0.0,1,IR,Gold
3189.252564728871,0.0,1,IR,Gold
3191.0112359550562,0.0,1,IR,Gold
3192.769907181241,0.0,1,IR,Gold
3194.5285784074254,0.0,1,IR,Gold
3196.28724963361,0.0,1,IR,Gold
3198.045920859795,0.0,1,IR,Gold
3199.8045920859795,0.01,1,IR,Gold
3201.563263312164,0.0,1,IR,Gold
3203.3219345383486,0.0,1,IR,Gold
3205.080605764533,0.01,1,IR,Gold
3206.839276990718,0.0,1,IR,Gold
3208.5979482169028,0.01,1,IR,Gold
3210.3566194430873,0.0,1,IR,Gold
3212.115290669272,0.0,1,IR,Gold
3213.873961895457,0.0,1,IR,Gold
3215.6326331216414,0.0,1,IR,Gold
3217.391304347826,0.0,1,IR,Gold
3219.1499755740106,0.02,1,IR,Gold
3220.908646800195,0.0,1,IR,Gold
3222.66731802638,0.0,1,IR,Gold
3224.4259892525647,0.0,1,IR,Gold
3226.1846604787493,0.0,1,IR,Gold
3227.943331704934,0.0,1,IR,Gold
3229.702002931119,0.0,1,IR,Gold
3231.4606741573034,0.0,1,IR,Gold
3233.219345383488,0.01,1,IR,Gold
3234.9780166096725,0.0,1,IR,Gold
3236.736687835857,0.0,1,IR,Gold
3238.495359062042,0.0,1,IR,Gold
3240.2540302882267,0.0,1,IR,Gold
3242.012701514411,0.0,1,IR,Gold
3243.771372740596,0.0,1,IR,Gold
3245.530043966781,0.0,1,IR,Gold
3247.2887151929654,0.0,1,IR,Gold
3249.04738641915,0.0,1,IR,Gold
3250.8060576453345,0.0,1,IR,Gold
3252.564728871519,0.01,1,IR,Gold
3254.323400097704,0.01,1,IR,Gold
3256.0820713238886,0.01,1,IR,Gold
3257.840742550073,0.0,1,IR,Gold
3259.5994137762577,0.0,1,IR,Gold
3261.3580850024423,0.0,1,IR,Gold
3263.1167562286273,0.0,1,IR,Gold
3264.875427454812,0.0,1,IR,Gold
3266.6340986809964,0.0,1,IR,Gold
3268.392769907181,0.0,1,IR,Gold
3270.151441133366,0.0,1,IR,Gold
3271.9101123595506,0.0,1,IR,Gold
3273.668783585735,0.0,1,IR,Gold
3275.4274548119197,0.0,1,IR,Gold
3277.1861260381042,0.0,1,IR,Gold
3278.9447972642893,0.0,1,IR,Gold
3280.703468490474,0.0,1,IR,Gold
3282.4621397166584,0.0,1,IR,Gold
3284.220810942843,0.01,1,IR,Gold
3285.979482169028,0.0,1,IR,Gold
3287.7381533952125,0.0,1,IR,Gold
3289.496824621397,0.0,1,IR,Gold
3291.2554958475816,0.0,1,IR,Gold
3293.014167073766,0.0,1,IR,Gold
3294.772838299951,0.0,1,IR,Gold
3296.531509526136,0.0,1,IR,Gold
3298.2901807523203,0.0,1,IR,Gold
3300.048851978505,0.0,1,IR,Gold
3301.80752320469,0.0,1,IR,Gold
3303.5661944308745,0.0,1,IR,Gold
3305.324865657059,0.0,1,IR,Gold
3307.0835368832436,0.0,1,IR,Gold
3308.842208109428,0.01,1,IR,Gold
3310.600879335613,0.0,1,IR,Gold
3312.3595505617977,0.0,1,IR,Gold
3314.1182217879823,0.0,1,IR,Gold
3315.876893014167,0.0,1,IR,Gold
3317.635564240352,0.0,1,IR,Gold
3319.3942354665364,0.0,1,IR,Gold
3321.152906692721,0.0,1,IR,Gold
3322.9115779189056,0.0,1,IR,Gold
3324.67024914509,0.01,1,IR,Gold
3326.428920371275,0.0,1,IR,Gold
3328.1875915974597,0.0,1,IR,Gold
3329.9462628236442,0.0,1,IR,Gold
3331.704934049829,0.0,1,IR,Gold
3333.463605276014,0.0,1,IR,Gold
3335.2222765021984,0.0,1,IR,Gold
3336.980947728383,0.0,1,IR,Gold
3338.7396189545675,0.0,1,IR,Gold
3340.498290180752,0.0,1,IR,Gold
3342.256961406937,0.0,1,IR,Gold
3344.0156326331216,0.01,1,IR,Gold
3345.774303859306,0.0,1,IR,Gold
3347.5329750854908,0.0,1,IR,Gold
3349.2916463116753,0.0,1,IR,Gold
3351.0503175378603,0.0,1,IR,Gold
3352.808988764045,0.0,1,IR,Gold
3354.5676599902295,0.0,1,IR,Gold
3356.326331216414,0.0,1,IR,Gold
3358.085002442599,0.0,1,IR,Gold
3359.8436736687836,0.0,1,IR,Gold
3361.602344894968,0.0,1,IR,Gold
3363.3610161211527,0.0,1,IR,Gold
3365.1196873473373,0.0,1,IR,Gold
3366.8783585735223,0.0,1,IR,Gold
3368.637029799707,0.0,1,IR,Gold
3370.3957010258914,0.0,1,IR,Gold
3372.154372252076,0.0,1,IR,Gold
3373.913043478261,0.0,1,IR,Gold
3375.6717147044455,0.0,1,IR,Gold
3377.43038593063,0.0,1,IR,Gold
3379.1890571568147,0.01,1,IR,Gold
3380.9477283829992,0.0,1,IR,Gold
3382.7063996091842,0.0,1,IR,Gold
3384.465070835369,0.0,1,IR,Gold
3386.2237420615534,0.0,1,IR,Gold
3387.982413287738,0.01,1,IR,Gold
3389.741084513923,0.0,1,IR,Gold
3391.4997557401075,0.0,1,IR,Gold
3393.258426966292,0.0,1,IR,Gold
3395.0170981924766,0.0,1,IR,Gold
3396.775769418661,0.0,1,IR,Gold
3398.534440644846,0.0,1,IR,Gold
3400.2931118710308,0.0,1,IR,Gold
3402.0517830972153,0.0,1,IR,Gold
3403.8104543234,0.0,1,IR,Gold
3405.569125549585,0.0,1,IR,Gold
3407.3277967757695,0.0,1,IR,Gold
3409.086468001954,0.0,1,IR,Gold
3410.8451392281386,0.0,1,IR,Gold
3412.603810454323,0.0,1,IR,Gold
3414.362481680508,0.0,1,IR,Gold
3416.1211529066927,0.0,1,IR,Gold
3417.8798241328773,0.0,1,IR,Gold
3419.638495359062,0.0,1,IR,Gold
3421.3971665852464,0.0,1,IR,Gold
3423.1558378114314,0.0,1,IR,Gold
3424.914509037616,0.0,1,IR,Gold
3426.6731802638005,0.0,1,IR,Gold
3428.431851489985,0.0,1,IR,Gold
3430.19052271617,0.0,1,IR,Gold
3431.9491939423547,0.0,1,IR,Gold
3433.7078651685392,0.0,1,IR,Gold
3435.466536394724,0.0,1,IR,Gold
3437.2252076209083,0.0,1,IR,Gold
3438.9838788470934,0.0,1,IR,Gold
3440.742550073278,0.0,1,IR,Gold
3442.5012212994625,0.0,1,IR,Gold
3444.259892525647,0.0,1,IR,Gold
3446.018563751832,0.0,1,IR,Gold
3447.7772349780166,0.0,1,IR,Gold
3449.535906204201,0.0,1,IR,Gold
3451.2945774303857,0.0,1,IR,Gold
3453.0532486565703,0.0,1,IR,Gold
3454.8119198827553,0.0,1,IR,Gold
3456.57059110894,0.0,1,IR,Gold
3458.3292623351244,0.0,1,IR,Gold
3460.087933561309,0.0,1,IR,Gold
3461.846604787494,0.0,1,IR,Gold
3463.6052760136786,0.0,1,IR,Gold
3465.363947239863,0.0,1,IR,Gold
3467.1226184660477,0.0,1,IR,Gold
3468.8812896922323,0.0,1,IR,Gold
3470.6399609184173,0.0,1,IR,Gold
3472.398632144602,0.0,1,IR,Gold
3474.1573033707864,0.0,1,IR,Gold
3475.915974596971,0.0,1,IR,Gold
3477.674645823156,0.0,1,IR,Gold
3479.4333170493405,0.0,1,IR,Gold
3481.191988275525,0.0,1,IR,Gold
3482.9506595017097,0.0,1,IR,Gold
3484.709330727894,0.0,1,IR,Gold
3486.468001954079,0.0,1,IR,Gold
3488.226673180264,0.0,1,IR,Gold
3489.9853444064483,0.0,1,IR,Gold
3491.744015632633,0.0,1,IR,Gold
3493.5026868588175,0.0,1,IR,Gold
3495.2613580850025,0.0,1,IR,Gold
3497.020029311187,0.01,1,IR,Gold
3498.7787005373716,0.0,1,IR,Gold
3500.537371763556,0.0,1,IR,Gold
3502.296042989741,0.0,1,IR,Gold
3504.0547142159257,0.01,1,IR,Gold
3505.8133854421103,0.0,1,IR,Gold
3507.572056668295,0.0,1,IR,Gold
3509.3307278944794,0.01,1,IR,Gold
3511.0893991206644,0.0,1,IR,Gold
3512.848070346849,0.0,1,IR,Gold
3514.6067415730336,0.0,1,IR,Gold
3516.365412799218,0.0,1,IR,Gold
3518.124084025403,0.0,1,IR,Gold
3519.8827552515877,0.0,1,IR,Gold
3521.6414264777723,0.0,1,IR,Gold
3523.400097703957,0.0,1,IR,Gold
3525.1587689301414,0.0,1,IR,Gold
3526.9174401563264,0.0,1,IR,Gold
3528.676111382511,0.01,1,IR,Gold
3530.4347826086955,0.0,1,IR,Gold
3532.19345383488,0.0,1,IR,Gold
3533.952125061065,0.0,1,IR,Gold
3535.7107962872497,0.0,1,IR,Gold
3537.469467513434,0.0,1,IR,Gold
3539.2281387396188,0.0,1,IR,Gold
3540.9868099658033,0.0,1,IR,Gold
3542.7454811919883,0.0,1,IR,Gold
3544.504152418173,0.0,1,IR,Gold
3546.2628236443575,0.0,1,IR,Gold
3548.021494870542,0.01,1,IR,Gold
3549.780166096727,0.0,1,IR,Gold
3551.5388373229116,0.0,1,IR,Gold
3553.297508549096,0.0,1,IR,Gold
3555.0561797752807,0.0,1,IR,Gold
3556.8148510014653,0.0,1,IR,Gold
3558.5735222276503,0.0,1,IR,Gold
3560.332193453835,0.0,1,IR,Gold
3562.0908646800194,0.0,1,IR,Gold
3563.849535906204,0.0,1,IR,Gold
3565.608207132389,0.01,1,IR,Gold
3567.3668783585736,0.0,1,IR,Gold
3569.125549584758,0.0,1,IR,Gold
3570.8842208109427,0.0,1,IR,Gold
3572.6428920371272,0.0,1,IR,Gold
3574.4015632633123,0.0,1,IR,Gold
3576.160234489497,0.01,1,IR,Gold
3577.9189057156814,0.0,1,IR,Gold
3579.677576941866,0.0,1,IR,Gold
3581.4362481680505,0.01,1,IR,Gold
3583.1949193942355,0.0,1,IR,Gold
3584.95359062042,0.0,1,IR,Gold
3586.7122618466046,0.0,1,IR,Gold
3588.470933072789,0.0,1,IR,Gold
3590.229604298974,0.0,1,IR,Gold
3591.9882755251588,0.0,1,IR,Gold
3593.7469467513433,0.0,1,IR,Gold
3595.505617977528,0.0,1,IR,Gold
3597.2642892037125,0.0,1,IR,Gold
3599.0229604298975,0.0,1,IR,Gold
3600.781631656082,0.0,1,IR,Gold
3602.5403028822666,0.0,1,IR,Gold
3604.298974108451,0.0,1,IR,Gold
3606.057645334636,0.0,1,IR,Gold
3607.8163165608207,0.01,1,IR,Gold
3609.5749877870053,0.0,1,IR,Gold
3611.33365901319,0.0,1,IR,Gold
3613.0923302393744,0.0,1,IR,Gold
3614.8510014655594,0.01,1,IR,Gold
3616.609672691744,0.0,1,IR,Gold
3618.3683439179285,0.0,1,IR,Gold
3620.127015144113,0.0,1,IR,Gold
3621.885686370298,0.0,1,IR,Gold
3623.6443575964827,0.0,1,IR,Gold
3625.4030288226672,0.0,1,IR,Gold
3627.161700048852,0.01,1,IR,Gold
3628.9203712750364,0.0,1,IR,Gold
3630.6790425012214,0.0,1,IR,Gold
3632.437713727406,0.0,1,IR,Gold
3634.1963849535905,0.0,1,IR,Gold
3635.955056179775,0.0,1,IR,Gold
3637.71372740596,0.0,1,IR,Gold
3639.4723986321446,0.0,1,IR,Gold
3641.231069858329,0.0,1,IR,Gold
3642.9897410845138,0.0,1,IR,Gold
3644.7484123106983,0.0,1,IR,Gold
3646.5070835368833,0.02,1,IR,Gold
3648.265754763068,0.0,1,IR,Gold
3650.0244259892524,0.0,1,IR,Gold
3651.783097215437,0.0,1,IR,Gold
3653.5417684416216,0.01,1,IR,Gold
3655.3004396678066,0.0,1,IR,Gold
3657.059110893991,0.0,1,IR,Gold
3658.8177821201757,0.0,1,IR,Gold
3660.5764533463603,0.0,1,IR,Gold
3662.3351245725453,0.0,1,IR,Gold
3664.09379579873,0.0,1,IR,Gold
3665.8524670249144,0.0,1,IR,Gold
3667.611138251099,0.0,1,IR,Gold
3669.3698094772835,0.0,1,IR,Gold
3671.1284807034685,0.0,1,IR,Gold
3672.887151929653,0.0,1,IR,Gold
3674.6458231558377,0.0,1,IR,Gold
3676.404494382022,0.0,1,IR,Gold
3678.1631656082072,0.01,1,IR,Gold
3679.921836834392,0.02,1,IR,Gold
3681.6805080605764,0.0,1,IR,Gold
3683.439179286761,0.0,1,IR,Gold
3685.1978505129455,0.0,1,IR,Gold
3686.9565217391305,0.0,1,IR,Gold
3688.715192965315,0.0,1,IR,Gold
3690.4738641914996,0.0,1,IR,Gold
3692.232535417684,0.0,1,IR,Gold
3693.991206643869,0.0,1,IR,Gold
3695.7498778700538,0.0,1,IR,Gold
3697.5085490962383,0.0,1,IR,Gold
3699.267220322423,0.0,1,IR,Gold
3701.0258915486074,0.0,1,IR,Gold
3702.7845627747924,0.0,1,IR,Gold
3704.543234000977,0.0,1,IR,Gold
3706.3019052271616,0.0,1,IR,Gold
3708.060576453346,0.0,1,IR,Gold
3709.819247679531,0.0,1,IR,Gold
3711.5779189057157,0.0,1,IR,Gold
3713.3365901319003,0.01,1,IR,Gold
3715.095261358085,0.0,1,IR,Gold
3716.8539325842694,0.0,1,IR,Gold
3718.6126038104544,0.0,1,IR,Gold
3720.371275036639,0.0,1,IR,Gold
3722.1299462628235,0.01,1,IR,Gold
3723.888617489008,0.0,1,IR,Gold
3725.647288715193,0.0,1,IR,Gold
3727.4059599413777,0.0,1,IR,Gold
3729.164631167562,0.0,1,IR,Gold
3730.923302393747,0.0,1,IR,Gold
3732.6819736199313,0.0,1,IR,Gold
3734.4406448461164,0.0,1,IR,Gold
3736.199316072301,0.0,1,IR,Gold
3737.9579872984855,0.0,1,IR,Gold
3739.71665852467,0.0,1,IR,Gold
3741.4753297508546,0.0,1,IR,Gold
3743.2340009770396,0.0,1,IR,Gold
3744.992672203224,0.0,1,IR,Gold
3746.7513434294087,0.0,1,IR,Gold
3748.5100146555933,0.0,1,IR,Gold
3750.2686858817783,0.0,1,IR,Gold
3752.027357107963,0.0,1,IR,Gold
3753.7860283341474,0.0,1,IR,Gold
3755.544699560332,0.0,1,IR,Gold
3757.3033707865166,0.0,1,IR,Gold
3759.0620420127016,0.0,1,IR,Gold
3760.820713238886,0.0,1,IR,Gold
3762.5793844650707,0.0,1,IR,Gold
3764.3380556912552,0.0,1,IR,Gold
3766.0967269174403,0.0,1,IR,Gold
3767.855398143625,0.0,1,IR,Gold
3769.6140693698094,0.0,1,IR,Gold
3771.372740595994,0.01,1,IR,Gold
3773.1314118221785,0.0,1,IR,Gold
3774.8900830483635,0.0,1,IR,Gold
3776.648754274548,0.0,1,IR,Gold
3778.4074255007326,0.0,1,IR,Gold
3780.166096726917,0.0,1,IR,Gold
3781.924767953102,0.0,1,IR,Gold
3783.683439179287,0.0,1,IR,Gold
3785.4421104054713,0.0,1,IR,Gold
3787.200781631656,0.0,1,IR,Gold
3788.9594528578405,0.0,1,IR,Gold
3790.7181240840255,0.0,1,IR,Gold
3792.47679531021,0.0,1,IR,Gold
3794.2354665363946,0.0,1,IR,Gold
3795.994137762579,0.0,1,IR,Gold
3797.752808988764,0.0,1,IR,Gold
3799.5114802149487,0.0,1,IR,Gold
3801.2701514411333,0.0,1,IR,Gold
3803.028822667318,0.0,1,IR,Gold
3804.7874938935024,0.0,1,IR,Gold
3806.5461651196874,0.0,1,IR,Gold
3808.304836345872,0.0,1,IR,Gold
3810.0635075720566,0.0,1,IR,Gold
3811.822178798241,0.0,1,IR,Gold
3813.5808500244257,0.0,1,IR,Gold
3815.3395212506107,0.0,1,IR,Gold
3817.0981924767952,0.0,1,IR,Gold
3818.85686370298,0.0,1,IR,Gold
3820.6155349291644,0.01,1,IR,Gold
3822.3742061553494,0.0,1,IR,Gold
3824.132877381534,0.01,1,IR,Gold
3825.8915486077185,0.02,1,IR,Gold
3827.650219833903,0.0,1,IR,Gold
3829.4088910600876,0.0,1,IR,Gold
3831.1675622862726,0.0,1,IR,Gold
3832.926233512457,0.0,1,IR,Gold
3834.6849047386418,0.0,1,IR,Gold
3836.4435759648263,0.0,1,IR,Gold
3838.2022471910113,0.0,1,IR,Gold
3839.960918417196,0.01,1,IR,Gold
3841.7195896433805,0.0,1,IR,Gold
3843.478260869565,0.0,1,IR,Gold
3845.2369320957496,0.0,1,IR,Gold
3846.9956033219346,0.0,1,IR,Gold
3848.754274548119,0.0,1,IR,Gold
3850.5129457743037,0.01,1,IR,Gold
3852.2716170004883,0.0,1,IR,Gold
3854.0302882266733,0.0,1,IR,Gold
3855.788959452858,0.01,1,IR,Gold
3857.5476306790424,0.0,1,IR,Gold
3859.306301905227,0.0,1,IR,Gold
3861.0649731314115,0.0,1,IR,Gold
3862.8236443575965,0.0,1,IR,Gold
3864.582315583781,0.0,1,IR,Gold
3866.3409868099657,0.0,1,IR,Gold
3868.0996580361502,0.0,1,IR,Gold
3869.8583292623352,0.0,1,IR,Gold
3871.61700048852,0.0,1,IR,Gold
3873.3756717147044,0.0,1,IR,Gold
3875.134342940889,0.0,1,IR,Gold
3876.8930141670735,0.0,1,IR,Gold
3878.6516853932585,0.0,1,IR,Gold
3880.410356619443,0.0,1,IR,Gold
3882.1690278456276,0.0,1,IR,Gold
3883.927699071812,0.0,1,IR,Gold
3885.6863702979967,0.0,1,IR,Gold
3887.4450415241818,0.0,1,IR,Gold
3889.2037127503663,0.0,1,IR,Gold
3890.962383976551,0.01,1,IR,Gold
3892.7210552027354,0.0,1,IR,Gold
3894.4797264289205,0.0,1,IR,Gold
3896.238397655105,0.01,1,IR,Gold
3897.9970688812896,0.0,1,IR,Gold
3899.755740107474,0.0,1,IR,Gold
3901.5144113336587,0.0,1,IR,Gold
3903.2730825598437,0.0,1,IR,Gold
3905.0317537860283,0.0,1,IR,Gold
3906.790425012213,0.0,1,IR,Gold
3908.5490962383974,0.0,1,IR,Gold
3910.3077674645824,0.0,1,IR,Gold
3912.066438690767,0.0,1,IR,Gold
3913.8251099169515,0.0,1,IR,Gold
3915.583781143136,0.0,1,IR,Gold
3917.3424523693207,0.0,1,IR,Gold
3919.1011235955057,0.0,1,IR,Gold
3920.8597948216902,0.0,1,IR,Gold
3922.618466047875,0.01,1,IR,Gold
3924.3771372740594,0.0,1,IR,Gold
3926.1358085002444,0.01,1,IR,Gold
3927.894479726429,0.0,1,IR,Gold
3929.6531509526135,0.0,1,IR,Gold
3931.411822178798,0.0,1,IR,Gold
3933.1704934049826,0.0,1,IR,Gold
3934.9291646311676,0.0,1,IR,Gold
3936.687835857352,0.0,1,IR,Gold
3938.4465070835367,0.0,1,IR,Gold
3940.2051783097213,0.0,1,IR,Gold
3941.9638495359063,0.0,1,IR,Gold
3943.722520762091,0.0,1,IR,Gold
3945.4811919882754,0.0,1,IR,Gold
3947.23986321446,0.0,1,IR,Gold
3948.9985344406446,0.0,1,IR,Gold
3950.7572056668296,0.0,1,IR,Gold
3952.515876893014,0.0,1,IR,Gold
3954.2745481191987,0.0,1,IR,Gold
3956.0332193453833,0.0,1,IR,Gold
3957.7918905715683,0.0,1,IR,Gold
3959.550561797753,0.01,1,IR,Gold
3961.3092330239374,0.0,1,IR,Gold
3963.067904250122,0.0,1,IR,Gold
3964.8265754763065,0.01,1,IR,Gold
3966.5852467024915,0.0,1,IR,Gold
3968.343917928676,0.0,1,IR,Gold
3970.1025891548607,0.0,1,IR,Gold
3971.861260381045,0.0,1,IR,Gold
3973.61993160723,0.0,1,IR,Gold
3975.378602833415,0.01,1,IR,Gold
3977.1372740595993,0.0,1,IR,Gold
3978.895945285784,0.01,1,IR,Gold
3980.6546165119685,0.0,1,IR,Gold
3982.4132877381535,0.0,1,IR,Gold
3984.171958964338,0.0,1,IR,Gold
3985.9306301905226,0.0,1,IR,Gold
3987.689301416707,0.0,1,IR,Gold
3989.4479726428917,0.0,1,IR,Gold
3991.2066438690767,0.0,1,IR,Gold
3992.9653150952613,0.0,1,IR,Gold
3994.723986321446,0.0,1,IR,Gold
3996.4826575476304,0.0,1,IR,Gold
3998.2413287738154,0.0,1,IR,Gold
4000.0,0.0,1,IR,Gold
400.0,15.711305340275262,2,IR,Gold
401.7586712261847,15.711305340275262,2,IR,Gold
403.51734245236935,15.711305340275262,2,IR,Gold
405.27601367855397,15.711305340275262,2,IR,Gold
407.03468490473864,15.711305340275262,2,IR,Gold
408.7933561309233,15.711305340275262,2,IR,Gold
410.552027357108,15.711305340275262,2,IR,Gold
412.3106985832926,15.711305340275262,2,IR,Gold
414.0693698094773,15.711305340275262,2,IR,Gold
415.82804103566195,15.711305340275262,2,IR,Gold
417.5867122618466,15.711305340275262,2,IR,Gold
419.34538348803125,15.711305340275262,2,IR,Gold
421.1040547142159,15.711305340275262,2,IR,Gold
422.8627259404006,15.711305340275262,2,IR,Gold
424.62139716658527,15.711305340275262,2,IR,Gold
426.3800683927699,15.711305340275262,2,IR,Gold
428.13873961895456,15.711305340275262,2,IR,Gold
429.89741084513923,15.711305340275262,2,IR,Gold
431.6560820713239,15.721305340275261,2,IR,Gold
433.4147532975085,15.711305340275262,2,IR,Gold
435.1734245236932,15.711305340275262,2,IR,Gold
436.9320957498779,15.711305340275262,2,IR,Gold
438.69076697606255,15.711305340275262,2,IR,Gold
440.44943820224717,15.711305340275262,2,IR,Gold
442.20810942843184,15.711305340275262,2,IR,Gold
443.9667806546165,15.711305340275262,2,IR,Gold
445.7254518808012,15.711305340275262,2,IR,Gold
447.48412310698586,15.711305340275262,2,IR,Gold
449.2427943331705,15.711305340275262,2,IR,Gold
451.00146555935515,15.711305340275262,2,IR,Gold
452.7601367855398,15.711305340275262,2,IR,Gold
454.51880801172445,15.711305340275262,2,IR,Gold
456.2774792379091,15.711305340275262,2,IR,Gold
458.0361504640938,15.711305340275262,2,IR,Gold
459.79482169027847,15.711305340275262,2,IR,Gold
461.55349291646314,15.721305340275261,2,IR,Gold
463.31216414264776,15.711305340275262,2,IR,Gold
465.07083536883243,15.711305340275262,2,IR,Gold
466.8295065950171,15.721305340275261,2,IR,Gold
468.5881778212017,15.721305340275261,2,IR,Gold
470.3468490473864,15.711305340275262,2,IR,Gold
472.1055202735711,15.711305340275262,2,IR,Gold
473.86419149975575,15.711305340275262,2,IR,Gold
475.6228627259404,15.711305340275262,2,IR,Gold
477.38153395212504,15.711305340275262,2,IR,Gold
479.1402051783097,15.711305340275262,2,IR,Gold
480.8988764044944,15.711305340275262,2,IR,Gold
482.657547630679,15.711305340275262,2,IR,Gold
484.4162188568637,15.711305340275262,2,IR,Gold
486.17489008304835,15.711305340275262,2,IR,Gold
487.933561309233,15.711305340275262,2,IR,Gold
489.6922325354177,15.711305340275262,2,IR,Gold
491.4509037616024,15.711305340275262,2,IR,Gold
493.209574987787,15.711305340275262,2,IR,Gold
494.96824621397167,15.711305340275262,2,IR,Gold
496.72691744015634,15.711305340275262,2,IR,Gold
498.48558866634096,15.711305340275262,2,IR,Gold
500.24425989252563,15.711305340275262,2,IR,Gold
502.0029311187103,15.711305340275262,2,IR,Gold
503.761602344895,15.711305340275262,2,IR,Gold
505.52027357107966,15.711305340275262,2,IR,Gold
507.2789447972643,15.711305340275262,2,IR,Gold
509.03761602344895,15.711305340275262,2,IR,Gold
510.7962872496336,15.711305340275262,2,IR,Gold
512.5549584758182,15.711305340275262,2,IR,Gold
514.3136297020029,15.711305340275262,2,IR,Gold
516.0723009281876,15.711305340275262,2,IR,Gold
517.8309721543723,15.711305340275262,2,IR,Gold
519.5896433805569,15.711305340275262,2,IR,Gold
521.3483146067416,15.711305340275262,2,IR,Gold
523.1069858329263,15.721305340275261,2,IR,Gold
524.8656570591108,15.711305340275262,2,IR,Gold
526.6243282852955,15.711305340275262,2,IR,Gold
528.3829995114802,15.711305340275262,2,IR,Gold
530.1416707376649,15.711305340275262,2,IR,Gold
531.9003419638495,15.711305340275262,2,IR,Gold
533.6590131900342,15.721305340275261,2,IR,Gold
535.4176844162189,15.711305340275262,2,IR,Gold
537.1763556424035,15.711305340275262,2,IR,Gold
538.9350268685882,15.711305340275262,2,IR,Gold
540.6936980947728,15.711305340275262,2,IR,Gold
542.4523693209575,15.711305340275262,2,IR,Gold
544.2110405471421,15.711305340275262,2,IR,Gold
545.9697117733268,15.711305340275262,2,IR,Gold
547.7283829995115,15.711305340275262,2,IR,Gold
549.4870542256962,15.711305340275262,2,IR,Gold
551.2457254518808,15.711305340275262,2,IR,Gold
553.0043966780654,15.711305340275262,2,IR,Gold
554.7630679042501,15.711305340275262,2,IR,Gold
556.5217391304348,15.711305340275262,2,IR,Gold
558.2804103566194,15.721305340275261,2,IR,Gold
560.0390815828041,15.711305340275262,2,IR,Gold
561.7977528089888,15.711305340275262,2,IR,Gold
563.5564240351734,15.711305340275262,2,IR,Gold
565.315095261358,15.711305340275262,2,IR,Gold
567.0737664875428,15.711305340275262,2,IR,Gold
568.8324377137274,15.711305340275262,2,IR,Gold
570.591108939912,15.711305340275262,2,IR,Gold
572.3497801660967,15.711305340275262,2,IR,Gold
574.1084513922814,15.711305340275262,2,IR,Gold
575.867122618466,15.711305340275262,2,IR,Gold
577.6257938446507,15.711305340275262,2,IR,Gold
579.3844650708354,15.721305340275261,2,IR,Gold
581.14313629702,15.711305340275262,2,IR,Gold
582.9018075232048,15.711305340275262,2,IR,Gold
584.6604787493893,15.711305340275262,2,IR,Gold
586.419149975574,15.711305340275262,2,IR,Gold
588.1778212017587,15.711305340275262,2,IR,Gold
589.9364924279433,15.711305340275262,2,IR,Gold
591.695163654128,15.711305340275262,2,IR,Gold
593.4538348803127,15.711305340275262,2,IR,Gold
595.2125061064974,15.711305340275262,2,IR,Gold
596.9711773326819,15.711305340275262,2,IR,Gold
598.7298485588666,15.711305340275262,2,IR,Gold
600.4885197850513,15.711305340275262,2,IR,Gold
602.2471910112359,15.711305340275262,2,IR,Gold
604.0058622374206,15.721305340275261,2,IR,Gold
605.7645334636053,15.721305340275261,2,IR,Gold
607.52320468979,15.711305340275262,2,IR,Gold
609.2818759159745,15.721305340275261,2,IR,Gold
611.0405471421593,15.711305340275262,2,IR,Gold
612.7992183683439,15.711305340275262,2,IR,Gold
614.5578895945285,15.711305340275262,2,IR,Gold
616.3165608207132,15.721305340275261,2,IR,Gold
618.0752320468979,15.711305340275262,2,IR,Gold
619.8339032730826,15.711305340275262,2,IR,Gold
621.5925744992672,15.711305340275262,2,IR,Gold
623.3512457254519,15.711305340275262,2,IR,Gold
625.1099169516365,15.711305340275262,2,IR,Gold
626.8685881778213,15.711305340275262,2,IR,Gold
628.6272594040058,15.711305340275262,2,IR,Gold
630.3859306301905,15.721305340275261,2,IR,Gold
632.1446018563752,15.711305340275262,2,IR,Gold
633.9032730825598,15.711305340275262,2,IR,Gold
635.6619443087445,15.711305340275262,2,IR,Gold
637.4206155349292,15.711305340275262,2,IR,Gold
639.1792867611139,15.721305340275261,2,IR,Gold
640.9379579872984,15.711305340275262,2,IR,Gold
642.6966292134831,15.711305340275262,2,IR,Gold
644.4553004396678,15.711305340275262,2,IR,Gold
646.2139716658525,15.711305340275262,2,IR,Gold
647.9726428920371,15.711305340275262,2,IR,Gold
649.7313141182218,15.711305340275262,2,IR,Gold
651.4899853444065,15.721305340275261,2,IR,Gold
653.248656570591,15.721305340275261,2,IR,Gold
655.0073277967758,15.711305340275262,2,IR,Gold
656.7659990229604,15.711305340275262,2,IR,Gold
658.5246702491451,15.711305340275262,2,IR,Gold
660.2833414753297,15.721305340275261,2,IR,Gold
662.0420127015144,15.711305340275262,2,IR,Gold
663.8006839276991,15.711305340275262,2,IR,Gold
665.5593551538836,15.711305340275262,2,IR,Gold
667.3180263800684,15.711305340275262,2,IR,Gold
669.076697606253,15.711305340275262,2,IR,Gold
670.8353688324378,15.711305340275262,2,IR,Gold
672.5940400586223,15.711305340275262,2,IR,Gold
674.352711284807,15.711305340275262,2,IR,Gold
676.1113825109917,15.711305340275262,2,IR,Gold
677.8700537371764,15.711305340275262,2,IR,Gold
679.628724963361,15.711305340275262,2,IR,Gold
681.3873961895456,15.711305340275262,2,IR,Gold
683.1460674157304,15.711305340275262,2,IR,Gold
684.904738641915,15.711305340275262,2,IR,Gold
686.6634098680997,15.711305340275262,2,IR,Gold
688.4220810942843,15.711305340275262,2,IR,Gold
690.180752320469,15.711305340275262,2,IR,Gold
691.9394235466536,15.711305340275262,2,IR,Gold
693.6980947728383,15.711305340275262,2,IR,Gold
695.456765999023,15.711305340275262,2,IR,Gold
697.2154372252076,15.711305340275262,2,IR,Gold
698.9741084513923,15.711305340275262,2,IR,Gold
700.7327796775769,15.711305340275262,2,IR,Gold
702.4914509037616,15.711305340275262,2,IR,Gold
704.2501221299462,15.711305340275262,2,IR,Gold
706.0087933561309,15.711305340275262,2,IR,Gold
707.7674645823156,15.711305340275262,2,IR,Gold
709.5261358085002,15.711305340275262,2,IR,Gold
711.284807034685,15.711305340275262,2,IR,Gold
713.0434782608695,15.711305340275262,2,IR,Gold
714.8021494870543,15.711305340275262,2,IR,Gold
716.5608207132389,15.711305340275262,2,IR,Gold
718.3194919394235,15.711305340275262,2,IR,Gold
720.0781631656082,15.711305340275262,2,IR,Gold
721.8368343917929,15.711305340275262,2,IR,Gold
723.5955056179776,15.711305340275262,2,IR,Gold
725.3541768441621,15.711305340275262,2,IR,Gold
727.1128480703469,15.711305340275262,2,IR,Gold
728.8715192965315,15.711305340275262,2,IR,Gold
730.6301905227161,15.711305340275262,2,IR,Gold
732.3888617489008,15.711305340275262,2,IR,Gold
734.1475329750855,15.711305340275262,2,IR,Gold
735.9062042012702,15.721305340275261,2,IR,Gold
737.6648754274548,15.711305340275262,2,IR,Gold
739.4235466536395,15.721305340275261,2,IR,Gold
741.1822178798241,15.711305340275262,2,IR,Gold
742.9408891060089,15.711305340275262,2,IR,Gold
744.6995603321934,15.711305340275262,2,IR,Gold
746.4582315583781,15.711305340275262,2,IR,Gold
748.2169027845628,15.711305340275262,2,IR,Gold
749.9755740107474,15.711305340275262,2,IR,Gold
751.7342452369321,15.711305340275262,2,IR,Gold
753.4929164631167,15.711305340275262,2,IR,Gold
755.2515876893015,15.711305340275262,2,IR,Gold
757.010258915486,15.711305340275262,2,IR,Gold
758.7689301416708,15.711305340275262,2,IR,Gold
760.5276013678554,15.711305340275262,2,IR,Gold
762.28627259404,15.721305340275261,2,IR,Gold
764.0449438202247,15.711305340275262,2,IR,Gold
765.8036150464094,15.711305340275262,2,IR,Gold
767.5622862725941,15.711305340275262,2,IR,Gold
769.3209574987786,15.711305340275262,2,IR,Gold
771.0796287249634,15.721305340275261,2,IR,Gold
772.838299951148,15.711305340275262,2,IR,Gold
774.5969711773326,15.711305340275262,2,IR,Gold
776.3556424035173,15.711305340275262,2,IR,Gold
778.114313629702,15.711305340275262,2,IR,Gold
779.8729848558867,15.711305340275262,2,IR,Gold
781.6316560820712,15.711305340275262,2,IR,Gold
783.390327308256,15.711305340275262,2,IR,Gold
785.1489985344406,15.711305340275262,2,IR,Gold
786.9076697606254,15.711305340275262,2,IR,Gold
788.6663409868099,15.711305340275262,2,IR,Gold
790.4250122129946,15.711305340275262,2,IR,Gold
792.1836834391793,15.711305340275262,2,IR,Gold
793.942354665364,15.711305340275262,2,IR,Gold
795.7010258915486,15.721305340275261,2,IR,Gold
797.4596971177332,15.721305340275261,2,IR,Gold
799.218368343918,15.721305340275261,2,IR,Gold
800.9770395701025,15.721305340275261,2,IR,Gold
802.7357107962873,15.711305340275262,2,IR,Gold
804.4943820224719,15.721305340275261,2,IR,Gold
806.2530532486566,15.711305340275262,2,IR,Gold
808.0117244748412,15.711305340275262,2,IR,Gold
809.7703957010259,15.721305340275261,2,IR,Gold
811.5290669272106,15.711305340275262,2,IR,Gold
813.2877381533951,15.711305340275262,2,IR,Gold
815.0464093795799,15.711305340275262,2,IR,Gold
816.8050806057645,15.711305340275262,2,IR,Gold
818.5637518319492,15.711305340275262,2,IR,Gold
820.3224230581338,15.711305340275262,2,IR,Gold
822.0810942843185,15.721305340275261,2,IR,Gold
823.8397655105032,15.711305340275262,2,IR,Gold
825.5984367366877,15.711305340275262,2,IR,Gold
827.3571079628725,15.711305340275262,2,IR,Gold
829.1157791890571,15.711305340275262,2,IR,Gold
830.8744504152419,15.711305340275262,2,IR,Gold
832.6331216414264,15.711305340275262,2,IR,Gold
834.3917928676111,15.711305340275262,2,IR,Gold
836.1504640937958,15.711305340275262,2,IR,Gold
837.9091353199805,15.711305340275262,2,IR,Gold
839.6678065461651,15.711305340275262,2,IR,Gold
841.4264777723497,15.711305340275262,2,IR,Gold
843.1851489985345,15.711305340275262,2,IR,Gold
844.943820224719,15.711305340275262,2,IR,Gold
846.7024914509037,15.711305340275262,2,IR,Gold
848.4611626770884,15.711305340275262,2,IR,Gold
850.2198339032731,15.711305340275262,2,IR,Gold
851.9785051294577,15.711305340275262,2,IR,Gold
853.7371763556424,15.711305340275262,2,IR,Gold
855.4958475818271,15.711305340275262,2,IR,Gold
857.2545188080117,15.711305340275262,2,IR,Gold
859.0131900341964,15.721305340275261,2,IR,Gold
860.771861260381,15.711305340275262,2,IR,Gold
862.5305324865657,15.711305340275262,2,IR,Gold
864.2892037127503,15.711305340275262,2,IR,Gold
866.047874938935,15.711305340275262,2,IR,Gold
867.8065461651197,15.711305340275262,2,IR,Gold
869.5652173913043,15.711305340275262,2,IR,Gold
871.323888617489,15.711305340275262,2,IR,Gold
873.0825598436736,15.711305340275262,2,IR,Gold
874.8412310698584,15.711305340275262,2,IR,Gold
876.599902296043,15.711305340275262,2,IR,Gold
878.3585735222276,15.711305340275262,2,IR,Gold
880.1172447484123,15.711305340275262,2,IR,Gold
881.875915974597,15.711305340275262,2,IR,Gold
883.6345872007817,15.711305340275262,2,IR,Gold
885.3932584269662,15.711305340275262,2,IR,Gold
887.151929653151,15.711305340275262,2,IR,Gold
888.9106008793356,15.711305340275262,2,IR,Gold
890.6692721055202,15.711305340275262,2,IR,Gold
892.4279433317049,15.721305340275261,2,IR,Gold
894.1866145578896,15.711305340275262,2,IR,Gold
895.9452857840743,15.711305340275262,2,IR,Gold
897.7039570102588,15.711305340275262,2,IR,Gold
899.4626282364436,15.711305340275262,2,IR,Gold
901.2212994626282,15.721305340275261,2,IR,Gold
902.979970688813,15.711305340275262,2,IR,Gold
904.7386419149975,15.721305340275261,2,IR,Gold
906.4973131411822,15.711305340275262,2,IR,Gold
908.2559843673669,15.711305340275262,2,IR,Gold
910.0146555935515,15.711305340275262,2,IR,Gold
911.7733268197362,15.711305340275262,2,IR,Gold
913.5319980459209,15.711305340275262,2,IR,Gold
915.2906692721056,15.711305340275262,2,IR,Gold
917.0493404982901,15.711305340275262,2,IR,Gold
918.8080117244748,15.721305340275261,2,IR,Gold
920.5666829506595,15.711305340275262,2,IR,Gold
922.3253541768441,15.711305340275262,2,IR,Gold
924.0840254030288,15.711305340275262,2,IR,Gold
925.8426966292135,15.711305340275262,2,IR,Gold
927.6013678553982,15.721305340275261,2,IR,Gold
929.3600390815828,15.711305340275262,2,IR,Gold
931.1187103077674,15.711305340275262,2,IR,Gold
932.8773815339521,15.711305340275262,2,IR,Gold
934.6360527601367,15.711305340275262,2,IR,Gold
936.3947239863214,15.711305340275262,2,IR,Gold
938.1533952125061,15.711305340275262,2,IR,Gold
939.9120664386908,15.711305340275262,2,IR,Gold
941.6707376648754,15.711305340275262,2,IR,Gold
943.4294088910601,15.711305340275262,2,IR,Gold
945.1880801172447,15.711305340275262,2,IR,Gold
946.9467513434294,15.711305340275262,2,IR,Gold
948.705422569614,15.711305340275262,2,IR,Gold
950.4640937957987,15.711305340275262,2,IR,Gold
952.2227650219834,15.721305340275261,2,IR,Gold
953.981436248168,15.711305340275262,2,IR,Gold
955.7401074743527,15.711305340275262,2,IR,Gold
957.4987787005374,15.711305340275262,2,IR,Gold
959.257449926722,15.711305340275262,2,IR,Gold
961.0161211529066,15.711305340275262,2,IR,Gold
962.7747923790913,15.711305340275262,2,IR,Gold
964.533463605276,15.711305340275262,2,IR,Gold
966.2921348314607,15.721305340275261,2,IR,Gold
968.0508060576453,15.711305340275262,2,IR,Gold
969.80947728383,15.711305340275262,2,IR,Gold
971.5681485100147,15.711305340275262,2,IR,Gold
973.3268197361994,15.711305340275262,2,IR,Gold
975.0854909623839,15.711305340275262,2,IR,Gold
976.8441621885686,15.711305340275262,2,IR,Gold
978.6028334147533,15.711305340275262,2,IR,Gold
980.3615046409379,15.711305340275262,2,IR,Gold
982.1201758671226,15.711305340275262,2,IR,Gold
983.8788470933073,15.711305340275262,2,IR,Gold
985.637518319492,15.711305340275262,2,IR,Gold
987.3961895456766,15.711305340275262,2,IR,Gold
989.1548607718612,15.711305340275262,2,IR,Gold
990.9135319980459,15.711305340275262,2,IR,Gold
992.6722032242305,15.711305340275262,2,IR,Gold
994.4308744504152,15.711305340275262,2,IR,Gold
996.1895456765999,15.711305340275262,2,IR,Gold
997.9482169027846,15.711305340275262,2,IR,Gold
999.7068881289692,15.711305340275262,2,IR,Gold
1001.4655593551539,15.711305340275262,2,IR,Gold
1003.2242305813385,15.711305340275262,2,IR,Gold
1004.9829018075231,15.711305340275262,2,IR,Gold
1006.7415730337078,15.711305340275262,2,IR,Gold
1008.5002442598925,15.711305340275262,2,IR,Gold
1010.2589154860772,15.711305340275262,2,IR,Gold
1012.0175867122618,15.711305340275262,2,IR,Gold
1013.7762579384465,15.711305340275262,2,IR,Gold
1015.5349291646312,15.711305340275262,2,IR,Gold
1017.2936003908158,15.711305340275262,2,IR,Gold
1019.0522716170004,15.711305340275262,2,IR,Gold
1020.8109428431851,15.711305340275262,2,IR,Gold
1022.5696140693698,15.711305340275262,2,IR,Gold
1024.3282852955545,15.711305340275262,2,IR,Gold
1026.086956521739,15.711305340275262,2,IR,Gold
1027.8456277479238,15.711305340275262,2,IR,Gold
1029.6042989741086,15.711305340275262,2,IR,Gold
1031.3629702002931,15.711305340275262,2,IR,Gold
1033.1216414264777,15.721305340275261,2,IR,Gold
1034.8803126526623,15.711305340275262,2,IR,Gold
1036.638983878847,15.711305340275262,2,IR,Gold
1038.3976551050318,15.711305340275262,2,IR,Gold
1040.1563263312164,15.711305340275262,2,IR,Gold
1041.914997557401,15.711305340275262,2,IR,Gold
1043.6736687835858,15.721305340275261,2,IR,Gold
1045.4323400097705,15.711305340275262,2,IR,Gold
1047.191011235955,15.711305340275262,2,IR,Gold
1048.9496824621397,15.711305340275262,2,IR,Gold
1050.7083536883242,15.711305340275262,2,IR,Gold
1052.467024914509,15.711305340275262,2,IR,Gold
1054.2256961406938,15.711305340275262,2,IR,Gold
1055.9843673668784,15.711305340275262,2,IR,Gold
1057.743038593063,15.711305340275262,2,IR,Gold
1059.5017098192477,15.711305340275262,2,IR,Gold
1061.2603810454323,15.721305340275261,2,IR,Gold
1063.019052271617,15.711305340275262,2,IR,Gold
1064.7777234978016,15.711305340275262,2,IR,Gold
1066.5363947239862,15.711305340275262,2,IR,Gold
1068.295065950171,15.711305340275262,2,IR,Gold
1070.0537371763558,15.711305340275262,2,IR,Gold
1071.8124084025403,15.711305340275262,2,IR,Gold
1073.5710796287249,15.711305340275262,2,IR,Gold
1075.3297508549097,15.711305340275262,2,IR,Gold
1077.0884220810942,15.711305340275262,2,IR,Gold
1078.847093307279,15.711305340275262,2,IR,Gold
1080.6057645334636,15.711305340275262,2,IR,Gold
1082.3644357596481,15.711305340275262,2,IR,Gold
1084.123106985833,15.711305340275262,2,IR,Gold
1085.8817782120177,15.711305340275262,2,IR,Gold
1087.6404494382023,15.711305340275262,2,IR,Gold
1089.3991206643868,15.711305340275262,2,IR,Gold
1091.1577918905714,15.711305340275262,2,IR,Gold
1092.9164631167562,15.711305340275262,2,IR,Gold
1094.675134342941,15.711305340275262,2,IR,Gold
1096.4338055691255,15.711305340275262,2,IR,Gold
1098.19247679531,15.721305340275261,2,IR,Gold
1099.9511480214949,15.711305340275262,2,IR,Gold
1101.7098192476797,15.711305340275262,2,IR,Gold
1103.4684904738642,15.711305340275262,2,IR,Gold
1105.2271617000488,15.711305340275262,2,IR,Gold
1106.9858329262333,15.711305340275262,2,IR,Gold
1108.7445041524181,15.711305340275262,2,IR,Gold
1110.503175378603,15.711305340275262,2,IR,Gold
1112.2618466047875,15.711305340275262,2,IR,Gold
1114.020517830972,15.711305340275262,2,IR,Gold
1115.7791890571568,15.711305340275262,2,IR,Gold
1117.5378602833416,15.711305340275262,2,IR,Gold
1119.2965315095262,15.711305340275262,2,IR,Gold
1121.0552027357107,15.711305340275262,2,IR,Gold
1122.8138739618953,15.711305340275262,2,IR,Gold
1124.57254518808,15.711305340275262,2,IR,Gold
1126.3312164142649,15.711305340275262,2,IR,Gold
1128.0898876404494,15.711305340275262,2,IR,Gold
1129.848558866634,15.721305340275261,2,IR,Gold
1131.6072300928188,15.711305340275262,2,IR,Gold
1133.3659013190036,15.711305340275262,2,IR,Gold
1135.1245725451881,15.711305340275262,2,IR,Gold
1136.8832437713727,15.711305340275262,2,IR,Gold
1138.6419149975573,15.711305340275262,2,IR,Gold
1140.400586223742,15.711305340275262,2,IR,Gold
1142.1592574499268,15.711305340275262,2,IR,Gold
1143.9179286761114,15.711305340275262,2,IR,Gold
1145.676599902296,15.711305340275262,2,IR,Gold
1147.4352711284807,15.711305340275262,2,IR,Gold
1149.1939423546653,15.711305340275262,2,IR,Gold
1150.95261358085,15.711305340275262,2,IR,Gold
1152.7112848070346,15.711305340275262,2,IR,Gold
1154.4699560332192,15.711305340275262,2,IR,Gold
1156.228627259404,15.711305340275262,2,IR,Gold
1157.9872984855888,15.711305340275262,2,IR,Gold
1159.7459697117733,15.721305340275261,2,IR,Gold
1161.504640937958,15.711305340275262,2,IR,Gold
1163.2633121641425,15.711305340275262,2,IR,Gold
1165.0219833903273,15.711305340275262,2,IR,Gold
1166.780654616512,15.711305340275262,2,IR,Gold
1168.5393258426966,15.721305340275261,2,IR,Gold
1170.2979970688812,15.721305340275261,2,IR,Gold
1172.056668295066,15.711305340275262,2,IR,Gold
1173.8153395212507,15.711305340275262,2,IR,Gold
1175.5740107474353,15.721305340275261,2,IR,Gold
1177.3326819736199,15.711305340275262,2,IR,Gold
1179.0913531998044,15.711305340275262,2,IR,Gold
1180.8500244259892,15.711305340275262,2,IR,Gold
1182.608695652174,15.711305340275262,2,IR,Gold
1184.3673668783586,15.711305340275262,2,IR,Gold
1186.126038104543,15.711305340275262,2,IR,Gold
1187.884709330728,15.711305340275262,2,IR,Gold
1189.6433805569127,15.711305340275262,2,IR,Gold
1191.4020517830972,15.711305340275262,2,IR,Gold
1193.1607230092818,15.711305340275262,2,IR,Gold
1194.9193942354664,15.711305340275262,2,IR,Gold
1196.6780654616512,15.711305340275262,2,IR,Gold
1198.436736687836,15.711305340275262,2,IR,Gold
1200.1954079140205,15.721305340275261,2,IR,Gold
1201.954079140205,15.711305340275262,2,IR,Gold
1203.7127503663899,15.711305340275262,2,IR,Gold
1205.4714215925746,15.721305340275261,2,IR,Gold
1207.2300928187592,15.711305340275262,2,IR,Gold
1208.9887640449438,15.721305340275261,2,IR,Gold
1210.7474352711283,15.711305340275262,2,IR,Gold
1212.506106497313,15.711305340275262,2,IR,Gold
1214.264777723498,15.711305340275262,2,IR,Gold
1216.0234489496825,15.711305340275262,2,IR,Gold
1217.782120175867,15.711305340275262,2,IR,Gold
1219.5407914020518,15.711305340275262,2,IR,Gold
1221.2994626282364,15.711305340275262,2,IR,Gold
1223.0581338544212,15.711305340275262,2,IR,Gold
1224.8168050806057,15.711305340275262,2,IR,Gold
1226.5754763067903,15.711305340275262,2,IR,Gold
1228.334147532975,15.711305340275262,2,IR,Gold
1230.0928187591599,15.711305340275262,2,IR,Gold
1231.8514899853444,15.711305340275262,2,IR,Gold
1233.610161211529,15.711305340275262,2,IR,Gold
1235.3688324377135,15.711305340275262,2,IR,Gold
1237.1275036638983,15.711305340275262,2,IR,Gold
1238.886174890083,15.711305340275262,2,IR,Gold
1240.6448461162677,15.711305340275262,2,IR,Gold
1242.4035173424522,15.711305340275262,2,IR,Gold
1244.162188568637,15.711305340275262,2,IR,Gold
1245.9208597948218,15.721305340275261,2,IR,Gold
1247.6795310210064,15.711305340275262,2,IR,Gold
1249.438202247191,15.711305340275262,2,IR,Gold
1251.1968734733755,15.711305340275262,2,IR,Gold
1252.9555446995603,15.721305340275261,2,IR,Gold
1254.714215925745,15.711305340275262,2,IR,Gold
1256.4728871519296,15.711305340275262,2,IR,Gold
1258.2315583781142,15.711305340275262,2,IR,Gold
1259.990229604299,15.711305340275262,2,IR,Gold
1261.7489008304838,15.711305340275262,2,IR,Gold
1263.5075720566683,15.711305340275262,2,IR,Gold
1265.2662432828529,15.711305340275262,2,IR,Gold
1267.0249145090374,15.711305340275262,2,IR,Gold
1268.7835857352222,15.711305340275262,2,IR,Gold
1270.542256961407,15.711305340275262,2,IR,Gold
1272.3009281875916,15.711305340275262,2,IR,Gold
1274.0595994137761,15.711305340275262,2,IR,Gold
1275.818270639961,15.711305340275262,2,IR,Gold
1277.5769418661457,15.711305340275262,2,IR,Gold
1279.3356130923303,15.721305340275261,2,IR,Gold
1281.0942843185148,15.711305340275262,2,IR,Gold
1282.8529555446994,15.711305340275262,2,IR,Gold
1284.6116267708842,15.711305340275262,2,IR,Gold
1286.370297997069,15.711305340275262,2,IR,Gold
1288.1289692232535,15.711305340275262,2,IR,Gold
1289.887640449438,15.711305340275262,2,IR,Gold
1291.6463116756229,15.711305340275262,2,IR,Gold
1293.4049829018074,15.711305340275262,2,IR,Gold
1295.1636541279922,15.711305340275262,2,IR,Gold
1296.9223253541768,15.711305340275262,2,IR,Gold
1298.6809965803614,15.711305340275262,2,IR,Gold
1300.4396678065461,15.711305340275262,2,IR,Gold
1302.198339032731,15.711305340275262,2,IR,Gold
1303.9570102589155,15.711305340275262,2,IR,Gold
1305.7156814851,15.711305340275262,2,IR,Gold
1307.4743527112848,15.711305340275262,2,IR,Gold
1309.2330239374694,15.711305340275262,2,IR,Gold
1310.9916951636542,15.711305340275262,2,IR,Gold
1312.7503663898387,15.731305340275261,2,IR,Gold
1314.5090376160233,15.711305340275262,2,IR,Gold
1316.267708842208,15.711305340275262,2,IR,Gold
1318.0263800683929,15.711305340275262,2,IR,Gold
1319.7850512945774,15.711305340275262,2,IR,Gold
1321.543722520762,15.711305340275262,2,IR,Gold
1323.3023937469466,15.711305340275262,2,IR,Gold
1325.0610649731314,15.711305340275262,2,IR,Gold
1326.8197361993161,15.711305340275262,2,IR,Gold
1328.5784074255007,15.711305340275262,2,IR,Gold
1330.3370786516853,15.711305340275262,2,IR,Gold
1332.09574987787,15.721305340275261,2,IR,Gold
1333.8544211040548,15.711305340275262,2,IR,Gold
1335.6130923302394,15.711305340275262,2,IR,Gold
1337.371763556424,15.711305340275262,2,IR,Gold
1339.1304347826085,15.711305340275262,2,IR,Gold
1340.8891060087933,15.711305340275262,2,IR,Gold
1342.647777234978,15.711305340275262,2,IR,Gold
1344.4064484611627,15.711305340275262,2,IR,Gold
1346.1651196873472,15.711305340275262,2,IR,Gold
1347.923790913532,15.721305340275261,2,IR,Gold
1349.6824621397168,15.721305340275261,2,IR,Gold
1351.4411333659014,15.711305340275262,2,IR,Gold
1353.199804592086,15.711305340275262,2,IR,Gold
1354.9584758182705,15.711305340275262,2,IR,Gold
1356.7171470444553,15.711305340275262,2,IR,Gold
1358.47581827064,15.711305340275262,2,IR,Gold
1360.2344894968246,15.711305340275262,2,IR,Gold
1361.9931607230092,15.711305340275262,2,IR,Gold
1363.751831949194,15.711305340275262,2,IR,Gold
1365.5105031753787,15.711305340275262,2,IR,Gold
1367.2691744015633,15.711305340275262,2,IR,Gold
1369.0278456277479,15.711305340275262,2,IR,Gold
1370.7865168539324,15.711305340275262,2,IR,Gold
1372.5451880801172,15.711305340275262,2,IR,Gold
1374.303859306302,15.711305340275262,2,IR,Gold
1376.0625305324866,15.711305340275262,2,IR,Gold
1377.8212017586711,15.711305340275262,2,IR,Gold
1379.579872984856,15.711305340275262,2,IR,Gold
1381.3385442110405,15.711305340275262,2,IR,Gold
1383.0972154372253,15.711305340275262,2,IR,Gold
1384.8558866634098,15.711305340275262,2,IR,Gold
1386.6145578895944,15.721305340275261,2,IR,Gold
1388.3732291157792,15.711305340275262,2,IR,Gold
1390.131900341964,15.711305340275262,2,IR,Gold
1391.8905715681485,15.711305340275262,2,IR,Gold
1393.649242794333,15.711305340275262,2,IR,Gold
1395.4079140205176,15.711305340275262,2,IR,Gold
1397.1665852467024,15.721305340275261,2,IR,Gold
1398.9252564728872,15.721305340275261,2,IR,Gold
1400.6839276990718,15.711305340275262,2,IR,Gold
1402.4425989252563,15.711305340275262,2,IR,Gold
1404.2012701514411,15.711305340275262,2,IR,Gold
1405.959941377626,15.711305340275262,2,IR,Gold
1407.7186126038105,15.721305340275261,2,IR,Gold
1409.477283829995,15.711305340275262,2,IR,Gold
1411.2359550561796,15.711305340275262,2,IR,Gold
1412.9946262823644,15.711305340275262,2,IR,Gold
1414.7532975085492,15.711305340275262,2,IR,Gold
1416.5119687347337,15.711305340275262,2,IR,Gold
1418.2706399609183,15.711305340275262,2,IR,Gold
1420.029311187103,15.711305340275262,2,IR,Gold
1421.7879824132879,15.711305340275262,2,IR,Gold
1423.5466536394724,15.711305340275262,2,IR,Gold
1425.305324865657,15.721305340275261,2,IR,Gold
1427.0639960918418,15.711305340275262,2,IR,Gold
1428.8226673180263,15.711305340275262,2,IR,Gold
1430.5813385442111,15.711305340275262,2,IR,Gold
1432.3400097703957,15.711305340275262,2,IR,Gold
1434.0986809965802,15.711305340275262,2,IR,Gold
1435.857352222765,15.711305340275262,2,IR,Gold
1437.6160234489496,15.711305340275262,2,IR,Gold
1439.3746946751344,15.711305340275262,2,IR,Gold
1441.133365901319,15.711305340275262,2,IR,Gold
1442.8920371275037,15.711305340275262,2,IR,Gold
1444.6507083536883,15.711305340275262,2,IR,Gold
1446.4093795798728,15.711305340275262,2,IR,Gold
1448.1680508060576,15.711305340275262,2,IR,Gold
1449.9267220322422,15.721305340275261,2,IR,Gold
1451.685393258427,15.711305340275262,2,IR,Gold
1453.4440644846115,15.711305340275262,2,IR,Gold
1455.2027357107963,15.711305340275262,2,IR,Gold
1456.961406936981,15.721305340275261,2,IR,Gold
1458.7200781631657,15.711305340275262,2,IR,Gold
1460.4787493893502,15.711305340275262,2,IR,Gold
1462.2374206155348,15.711305340275262,2,IR,Gold
1463.9960918417196,15.721305340275261,2,IR,Gold
1465.7547630679042,15.711305340275262,2,IR,Gold
1467.513434294089,15.711305340275262,2,IR,Gold
1469.2721055202735,15.711305340275262,2,IR,Gold
1471.0307767464583,15.711305340275262,2,IR,Gold
1472.7894479726428,15.711305340275262,2,IR,Gold
1474.5481191988276,15.721305340275261,2,IR,Gold
1476.3067904250122,15.711305340275262,2,IR,Gold
1478.0654616511968,15.721305340275261,2,IR,Gold
1479.8241328773815,15.711305340275262,2,IR,Gold
1481.582804103566,15.711305340275262,2,IR,Gold
1483.341475329751,15.711305340275262,2,IR,Gold
1485.1001465559355,15.711305340275262,2,IR,Gold
1486.8588177821202,15.721305340275261,2,IR,Gold
1488.6174890083048,15.711305340275262,2,IR,Gold
1490.3761602344894,15.711305340275262,2,IR,Gold
1492.1348314606741,15.711305340275262,2,IR,Gold
1493.8935026868587,15.711305340275262,2,IR,Gold
1495.6521739130435,15.711305340275262,2,IR,Gold
1497.410845139228,15.721305340275261,2,IR,Gold
1499.1695163654128,15.711305340275262,2,IR,Gold
1500.9281875915974,15.711305340275262,2,IR,Gold
1502.6868588177822,15.711305340275262,2,IR,Gold
1504.4455300439668,15.711305340275262,2,IR,Gold
1506.2042012701513,15.711305340275262,2,IR,Gold
1507.962872496336,15.711305340275262,2,IR,Gold
1509.7215437225207,15.711305340275262,2,IR,Gold
1511.4802149487055,15.711305340275262,2,IR,Gold
1513.23888617489,15.711305340275262,2,IR,Gold
1514.9975574010748,15.711305340275262,2,IR,Gold
1516.7562286272594,15.711305340275262,2,IR,Gold
1518.514899853444,15.711305340275262,2,IR,Gold
1520.2735710796287,15.711305340275262,2,IR,Gold
1522.0322423058133,15.711305340275262,2,IR,Gold
1523.790913531998,15.711305340275262,2,IR,Gold
1525.5495847581826,15.711305340275262,2,IR,Gold
1527.3082559843674,15.711305340275262,2,IR,Gold
1529.066927210552,15.711305340275262,2,IR,Gold
1530.8255984367368,15.711305340275262,2,IR,Gold
1532.5842696629213,15.711305340275262,2,IR,Gold
1534.3429408891059,15.711305340275262,2,IR,Gold
1536.1016121152907,15.721305340275261,2,IR,Gold
1537.8602833414752,15.711305340275262,2,IR,Gold
1539.61895456766,15.711305340275262,2,IR,Gold
1541.3776257938446,15.721305340275261,2,IR,Gold
1543.1362970200294,15.711305340275262,2,IR,Gold
1544.894968246214,15.711305340275262,2,IR,Gold
1546.6536394723987,15.711305340275262,2,IR,Gold
1548.4123106985833,15.711305340275262,2,IR,Gold
1550.1709819247678,15.711305340275262,2,IR,Gold
1551.9296531509526,15.711305340275262,2,IR,Gold
1553.6883243771372,15.711305340275262,2,IR,Gold
1555.446995603322,15.711305340275262,2,IR,Gold
1557.2056668295065,15.711305340275262,2,IR,Gold
1558.9643380556913,15.711305340275262,2,IR,Gold
1560.7230092818759,15.711305340275262,2,IR,Gold
1562.4816805080604,15.711305340275262,2,IR,Gold
1564.2403517342452,15.711305340275262,2,IR,Gold
1565.9990229604298,15.721305340275261,2,IR,Gold
1567.7576941866146,15.711305340275262,2,IR,Gold
1569.5163654127991,15.711305340275262,2,IR,Gold
1571.275036638984,15.711305340275262,2,IR,Gold
1573.0337078651685,15.711305340275262,2,IR,Gold
1574.7923790913533,15.711305340275262,2,IR,Gold
1576.5510503175378,15.711305340275262,2,IR,Gold
1578.3097215437224,15.711305340275262,2,IR,Gold
1580.0683927699072,15.711305340275262,2,IR,Gold
1581.8270639960917,15.711305340275262,2,IR,Gold
1583.5857352222765,15.711305340275262,2,IR,Gold
1585.344406448461,15.711305340275262,2,IR,Gold
1587.1030776746459,15.711305340275262,2,IR,Gold
1588.8617489008304,15.711305340275262,2,IR,Gold
1590.6204201270152,15.711305340275262,2,IR,Gold
1592.3790913531998,15.711305340275262,2,IR,Gold
1594.1377625793843,15.711305340275262,2,IR,Gold
1595.8964338055691,15.711305340275262,2,IR,Gold
1597.6551050317537,15.711305340275262,2,IR,Gold
1599.4137762579385,15.711305340275262,2,IR,Gold
1601.172447484123,15.721305340275261,2,IR,Gold
1602.9311187103078,15.711305340275262,2,IR,Gold
1604.6897899364924,15.711305340275262,2,IR,Gold
1606.448461162677,15.711305340275262,2,IR,Gold
1608.2071323888617,15.711305340275262,2,IR,Gold
1609.9658036150463,15.711305340275262,2,IR,Gold
1611.724474841231,15.711305340275262,2,IR,Gold
1613.4831460674156,15.711305340275262,2,IR,Gold
1615.2418172936004,15.711305340275262,2,IR,Gold
1617.000488519785,15.711305340275262,2,IR,Gold
1618.7591597459698,15.711305340275262,2,IR,Gold
1620.5178309721543,15.711305340275262,2,IR,Gold
1622.276502198339,15.711305340275262,2,IR,Gold
1624.0351734245237,15.711305340275262,2,IR,Gold
1625.7938446507083,15.711305340275262,2,IR,Gold
1627.552515876893,15.711305340275262,2,IR,Gold
1629.3111871030776,15.711305340275262,2,IR,Gold
1631.0698583292624,15.711305340275262,2,IR,Gold
1632.828529555447,15.711305340275262,2,IR,Gold
1634.5872007816315,15.711305340275262,2,IR,Gold
1636.3458720078163,15.711305340275262,2,IR,Gold
1638.1045432340009,15.711305340275262,2,IR,Gold
1639.8632144601856,15.711305340275262,2,IR,Gold
1641.6218856863702,15.711305340275262,2,IR,Gold
1643.380556912555,15.721305340275261,2,IR,Gold
1645.1392281387396,15.731305340275261,2,IR,Gold
1646.8978993649243,15.711305340275262,2,IR,Gold
1648.656570591109,15.711305340275262,2,IR,Gold
1650.4152418172935,15.711305340275262,2,IR,Gold
1652.1739130434783,15.711305340275262,2,IR,Gold
1653.9325842696628,15.721305340275261,2,IR,Gold
1655.6912554958476,15.711305340275262,2,IR,Gold
1657.4499267220322,15.711305340275262,2,IR,Gold
1659.208597948217,15.711305340275262,2,IR,Gold
1660.9672691744015,15.711305340275262,2,IR,Gold
1662.7259404005863,15.711305340275262,2,IR,Gold
1664.4846116267709,15.711305340275262,2,IR,Gold
1666.2432828529554,15.711305340275262,2,IR,Gold
1668.0019540791402,15.711305340275262,2,IR,Gold
1669.7606253053248,15.711305340275262,2,IR,Gold
1671.5192965315096,15.711305340275262,2,IR,Gold
1673.2779677576941,15.711305340275262,2,IR,Gold
1675.036638983879,15.711305340275262,2,IR,Gold
1676.7953102100635,15.711305340275262,2,IR,Gold
1678.553981436248,15.711305340275262,2,IR,Gold
1680.3126526624328,15.711305340275262,2,IR,Gold
1682.0713238886174,15.711305340275262,2,IR,Gold
1683.8299951148022,15.711305340275262,2,IR,Gold
1685.5886663409867,15.711305340275262,2,IR,Gold
1687.3473375671715,15.711305340275262,2,IR,Gold
1689.106008793356,15.711305340275262,2,IR,Gold
1690.8646800195409,15.711305340275262,2,IR,Gold
1692.6233512457254,15.711305340275262,2,IR,Gold
1694.38202247191,15.721305340275261,2,IR,Gold
1696.1406936980948,15.711305340275262,2,IR,Gold
1697.8993649242793,15.711305340275262,2,IR,Gold
1699.658036150464,15.711305340275262,2,IR,Gold
1701.4167073766487,15.711305340275262,2,IR,Gold
1703.1753786028335,15.711305340275262,2,IR,Gold
1704.934049829018,15.711305340275262,2,IR,Gold
1706.6927210552028,15.711305340275262,2,IR,Gold
1708.4513922813874,15.721305340275261,2,IR,Gold
1710.210063507572,15.711305340275262,2,IR,Gold
1711.9687347337567,15.711305340275262,2,IR,Gold
1713.7274059599413,15.711305340275262,2,IR,Gold
1715.486077186126,15.711305340275262,2,IR,Gold
1717.2447484123106,15.711305340275262,2,IR,Gold
1719.0034196384954,15.711305340275262,2,IR,Gold
1720.76209086468,15.711305340275262,2,IR,Gold
1722.5207620908645,15.711305340275262,2,IR,Gold
1724.2794333170493,15.711305340275262,2,IR,Gold
1726.0381045432339,15.711305340275262,2,IR,Gold
1727.7967757694187,15.711305340275262,2,IR,Gold
1729.5554469956032,15.711305340275262,2,IR,Gold
1731.314118221788,15.711305340275262,2,IR,Gold
1733.0727894479726,15.711305340275262,2,IR,Gold
1734.8314606741574,15.711305340275262,2,IR,Gold
1736.590131900342,15.711305340275262,2,IR,Gold
1738.3488031265265,15.711305340275262,2,IR,Gold
1740.1074743527113,15.711305340275262,2,IR,Gold
1741.8661455788958,15.711305340275262,2,IR,Gold
1743.6248168050806,15.711305340275262,2,IR,Gold
1745.3834880312652,15.711305340275262,2,IR,Gold
1747.14215925745,15.711305340275262,2,IR,Gold
1748.9008304836345,15.711305340275262,2,IR,Gold
1750.6595017098193,15.711305340275262,2,IR,Gold
1752.4181729360039,15.711305340275262,2,IR,Gold
1754.1768441621884,15.711305340275262,2,IR,Gold
1755.9355153883732,15.711305340275262,2,IR,Gold
1757.6941866145578,15.711305340275262,2,IR,Gold
1759.4528578407426,15.711305340275262,2,IR,Gold
1761.2115290669271,15.711305340275262,2,IR,Gold
1762.970200293112,15.711305340275262,2,IR,Gold
1764.7288715192965,15.711305340275262,2,IR,Gold
1766.487542745481,15.711305340275262,2,IR,Gold
1768.2462139716658,15.711305340275262,2,IR,Gold
1770.0048851978504,15.711305340275262,2,IR,Gold
1771.7635564240352,15.721305340275261,2,IR,Gold
1773.5222276502197,15.711305340275262,2,IR,Gold
1775.2808988764045,15.711305340275262,2,IR,Gold
1777.039570102589,15.711305340275262,2,IR,Gold
1778.7982413287739,15.711305340275262,2,IR,Gold
1780.5569125549584,15.711305340275262,2,IR,Gold
1782.315583781143,15.711305340275262,2,IR,Gold
1784.0742550073278,15.711305340275262,2,IR,Gold
1785.8329262335124,15.721305340275261,2,IR,Gold
1787.5915974596971,15.711305340275262,2,IR,Gold
1789.3502686858817,15.711305340275262,2,IR,Gold
1791.1089399120665,15.711305340275262,2,IR,Gold
1792.867611138251,15.711305340275262,2,IR,Gold
1794.6262823644356,15.711305340275262,2,IR,Gold
1796.3849535906204,15.711305340275262,2,IR,Gold
1798.143624816805,15.721305340275261,2,IR,Gold
1799.9022960429897,15.711305340275262,2,IR,Gold
1801.6609672691743,15.711305340275262,2,IR,Gold
1803.419638495359,15.711305340275262,2,IR,Gold
1805.1783097215437,15.711305340275262,2,IR,Gold
1806.9369809477284,15.711305340275262,2,IR,Gold
1808.695652173913,15.711305340275262,2,IR,Gold
1810.4543234000976,15.711305340275262,2,IR,Gold
1812.2129946262824,15.711305340275262,2,IR,Gold
1813.971665852467,15.711305340275262,2,IR,Gold
1815.7303370786517,15.711305340275262,2,IR,Gold
1817.4890083048363,15.711305340275262,2,IR,Gold
1819.247679531021,15.711305340275262,2,IR,Gold
1821.0063507572056,15.711305340275262,2,IR,Gold
1822.7650219833904,15.711305340275262,2,IR,Gold
1824.523693209575,15.711305340275262,2,IR,Gold
1826.2823644357595,15.711305340275262,2,IR,Gold
1828.0410356619443,15.711305340275262,2,IR,Gold
1829.7997068881289,15.711305340275262,2,IR,Gold
1831.5583781143137,15.711305340275262,2,IR,Gold
1833.3170493404982,15.711305340275262,2,IR,Gold
1835.075720566683,15.711305340275262,2,IR,Gold
1836.8343917928676,15.711305340275262,2,IR,Gold
1838.5930630190521,15.711305340275262,2,IR,Gold
1840.351734245237,15.711305340275262,2,IR,Gold
1842.1104054714215,15.711305340275262,2,IR,Gold
1843.8690766976063,15.711305340275262,2,IR,Gold
1845.6277479237908,15.711305340275262,2,IR,Gold
1847.3864191499756,15.711305340275262,2,IR,Gold
1849.1450903761602,15.711305340275262,2,IR,Gold
1850.903761602345,15.711305340275262,2,IR,Gold
1852.6624328285295,15.711305340275262,2,IR,Gold
1854.421104054714,15.711305340275262,2,IR,Gold
1856.1797752808989,15.711305340275262,2,IR,Gold
1857.9384465070834,15.711305340275262,2,IR,Gold
1859.6971177332682,15.711305340275262,2,IR,Gold
1861.4557889594528,15.711305340275262,2,IR,Gold
1863.2144601856376,15.711305340275262,2,IR,Gold
1864.9731314118221,15.711305340275262,2,IR,Gold
1866.731802638007,15.711305340275262,2,IR,Gold
1868.4904738641915,15.711305340275262,2,IR,Gold
1870.249145090376,15.721305340275261,2,IR,Gold
1872.0078163165608,15.711305340275262,2,IR,Gold
1873.7664875427454,15.711305340275262,2,IR,Gold
1875.5251587689302,15.711305340275262,2,IR,Gold
1877.2838299951147,15.711305340275262,2,IR,Gold
1879.0425012212995,15.721305340275261,2,IR,Gold
1880.801172447484,15.711305340275262,2,IR,Gold
1882.5598436736686,15.711305340275262,2,IR,Gold
1884.3185148998534,15.711305340275262,2,IR,Gold
1886.077186126038,15.711305340275262,2,IR,Gold
1887.8358573522228,15.711305340275262,2,IR,Gold
1889.5945285784073,15.721305340275261,2,IR,Gold
1891.3531998045921,15.721305340275261,2,IR,Gold
1893.1118710307767,15.711305340275262,2,IR,Gold
1894.8705422569615,15.711305340275262,2,IR,Gold
1896.629213483146,15.711305340275262,2,IR,Gold
1898.3878847093306,15.711305340275262,2,IR,Gold
1900.1465559355154,15.711305340275262,2,IR,Gold
1901.9052271617,15.711305340275262,2,IR,Gold
1903.6638983878847,15.711305340275262,2,IR,Gold
1905.4225696140693,15.711305340275262,2,IR,Gold
1907.181240840254,15.721305340275261,2,IR,Gold
1908.9399120664386,15.711305340275262,2,IR,Gold
1910.6985832926232,15.711305340275262,2,IR,Gold
1912.457254518808,15.711305340275262,2,IR,Gold
1914.2159257449925,15.711305340275262,2,IR,Gold
1915.9745969711773,15.711305340275262,2,IR,Gold
1917.733268197362,15.711305340275262,2,IR,Gold
1919.4919394235467,15.711305340275262,2,IR,Gold
1921.2506106497312,15.711305340275262,2,IR,Gold
1923.009281875916,15.711305340275262,2,IR,Gold
1924.7679531021006,15.711305340275262,2,IR,Gold
1926.5266243282852,15.711305340275262,2,IR,Gold
1928.28529555447,15.711305340275262,2,IR,Gold
1930.0439667806545,15.711305340275262,2,IR,Gold
1931.8026380068393,15.711305340275262,2,IR,Gold
1933.5613092330238,15.721305340275261,2,IR,Gold
1935.3199804592086,15.711305340275262,2,IR,Gold
1937.0786516853932,15.711305340275262,2,IR,Gold
1938.837322911578,15.711305340275262,2,IR,Gold
1940.5959941377625,15.711305340275262,2,IR,Gold
1942.354665363947,15.711305340275262,2,IR,Gold
1944.113336590132,15.721305340275261,2,IR,Gold
1945.8720078163165,15.711305340275262,2,IR,Gold
1947.6306790425012,15.711305340275262,2,IR,Gold
1949.3893502686858,15.711305340275262,2,IR,Gold
1951.1480214948706,15.711305340275262,2,IR,Gold
1952.9066927210552,15.711305340275262,2,IR,Gold
1954.6653639472397,15.711305340275262,2,IR,Gold
1956.4240351734245,15.711305340275262,2,IR,Gold
1958.182706399609,15.711305340275262,2,IR,Gold
1959.9413776257938,15.711305340275262,2,IR,Gold
1961.7000488519784,15.711305340275262,2,IR,Gold
1963.4587200781632,15.711305340275262,2,IR,Gold
1965.2173913043478,15.711305340275262,2,IR,Gold
1966.9760625305325,15.711305340275262,2,IR,Gold
1968.734733756717,15.711305340275262,2,IR,Gold
1970.4934049829017,15.711305340275262,2,IR,Gold
1972.2520762090865,15.711305340275262,2,IR,Gold
1974.010747435271,15.711305340275262,2,IR,Gold
1975.7694186614558,15.711305340275262,2,IR,Gold
1977.5280898876404,15.721305340275261,2,IR,Gold
1979.2867611138252,15.711305340275262,2,IR,Gold
1981.0454323400097,15.711305340275262,2,IR,Gold
1982.8041035661945,15.721305340275261,2,IR,Gold
1984.562774792379,15.721305340275261,2,IR,Gold
1986.3214460185636,15.711305340275262,2,IR,Gold
1988.0801172447484,15.711305340275262,2,IR,Gold
1989.838788470933,15.721305340275261,2,IR,Gold
1991.5974596971178,15.711305340275262,2,IR,Gold
1993.3561309233023,15.711305340275262,2,IR,Gold
1995.114802149487,15.711305340275262,2,IR,Gold
1996.8734733756717,15.711305340275262,2,IR,Gold
1998.6321446018562,15.711305340275262,2,IR,Gold
2000.390815828041,15.711305340275262,2,IR,Gold
2002.1494870542256,15.711305340275262,2,IR,Gold
2003.9081582804104,15.711305340275262,2,IR,Gold
2005.666829506595,15.711305340275262,2,IR,Gold
2007.4255007327797,15.711305340275262,2,IR,Gold
2009.1841719589643,15.711305340275262,2,IR,Gold
2010.942843185149,15.711305340275262,2,IR,Gold
2012.7015144113336,15.711305340275262,2,IR,Gold
2014.4601856375182,15.721305340275261,2,IR,Gold
2016.218856863703,15.711305340275262,2,IR,Gold
2017.9775280898875,15.721305340275261,2,IR,Gold
2019.7361993160723,15.711305340275262,2,IR,Gold
2021.4948705422569,15.711305340275262,2,IR,Gold
2023.2535417684417,15.711305340275262,2,IR,Gold
2025.0122129946262,15.711305340275262,2,IR,Gold
2026.7708842208108,15.711305340275262,2,IR,Gold
2028.5295554469956,15.711305340275262,2,IR,Gold
2030.2882266731801,15.711305340275262,2,IR,Gold
2032.046897899365,15.711305340275262,2,IR,Gold
2033.8055691255495,15.711305340275262,2,IR,Gold
2035.5642403517343,15.721305340275261,2,IR,Gold
2037.3229115779188,15.731305340275261,2,IR,Gold
2039.0815828041036,15.711305340275262,2,IR,Gold
2040.8402540302882,15.711305340275262,2,IR,Gold
2042.5989252564727,15.711305340275262,2,IR,Gold
2044.3575964826575,15.711305340275262,2,IR,Gold
2046.116267708842,15.711305340275262,2,IR,Gold
2047.8749389350269,15.721305340275261,2,IR,Gold
2049.6336101612114,15.711305340275262,2,IR,Gold
2051.392281387396,15.711305340275262,2,IR,Gold
2053.1509526135806,15.711305340275262,2,IR,Gold
2054.9096238397656,15.721305340275261,2,IR,Gold
2056.66829506595,15.711305340275262,2,IR,Gold
2058.4269662921347,15.711305340275262,2,IR,Gold
2060.1856375183197,15.711305340275262,2,IR,Gold
2061.9443087445043,15.711305340275262,2,IR,Gold
2063.702979970689,15.711305340275262,2,IR,Gold
2065.4616511968734,15.711305340275262,2,IR,Gold
2067.220322423058,15.721305340275261,2,IR,Gold
2068.9789936492425,15.711305340275262,2,IR,Gold
2070.737664875427,15.711305340275262,2,IR,Gold
2072.496336101612,15.711305340275262,2,IR,Gold
2074.2550073277966,15.711305340275262,2,IR,Gold
2076.0136785539817,15.711305340275262,2,IR,Gold
2077.772349780166,15.711305340275262,2,IR,Gold
2079.531021006351,15.711305340275262,2,IR,Gold
2081.2896922325353,15.711305340275262,2,IR,Gold
2083.04836345872,15.711305340275262,2,IR,Gold
2084.8070346849045,15.711305340275262,2,IR,Gold
2086.565705911089,15.711305340275262,2,IR,Gold
2088.324377137274,15.711305340275262,2,IR,Gold
2090.0830483634586,15.721305340275261,2,IR,Gold
2091.8417195896436,15.711305340275262,2,IR,Gold
2093.600390815828,15.711305340275262,2,IR,Gold
2095.3590620420127,15.711305340275262,2,IR,Gold
2097.1177332681973,15.711305340275262,2,IR,Gold
2098.876404494382,15.711305340275262,2,IR,Gold
2100.6350757205664,15.721305340275261,2,IR,Gold
2102.393746946751,15.711305340275262,2,IR,Gold
2104.152418172936,15.711305340275262,2,IR,Gold
2105.9110893991206,15.711305340275262,2,IR,Gold
2107.6697606253056,15.711305340275262,2,IR,Gold
2109.42843185149,15.711305340275262,2,IR,Gold
2111.1871030776747,15.711305340275262,2,IR,Gold
2112.9457743038593,15.711305340275262,2,IR,Gold
2114.704445530044,15.711305340275262,2,IR,Gold
2116.4631167562284,15.711305340275262,2,IR,Gold
2118.221787982413,15.711305340275262,2,IR,Gold
2119.980459208598,15.711305340275262,2,IR,Gold
2121.7391304347825,15.721305340275261,2,IR,Gold
2123.4978016609675,15.711305340275262,2,IR,Gold
2125.256472887152,15.711305340275262,2,IR,Gold
2127.0151441133366,15.711305340275262,2,IR,Gold
2128.773815339521,15.711305340275262,2,IR,Gold
2130.5324865657058,15.711305340275262,2,IR,Gold
2132.2911577918903,15.711305340275262,2,IR,Gold
2134.049829018075,15.711305340275262,2,IR,Gold
2135.80850024426,15.711305340275262,2,IR,Gold
2137.5671714704445,15.711305340275262,2,IR,Gold
2139.3258426966295,15.721305340275261,2,IR,Gold
2141.084513922814,15.711305340275262,2,IR,Gold
2142.8431851489986,15.711305340275262,2,IR,Gold
2144.601856375183,15.711305340275262,2,IR,Gold
2146.3605276013677,15.721305340275261,2,IR,Gold
2148.1191988275523,15.711305340275262,2,IR,Gold
2149.877870053737,15.711305340275262,2,IR,Gold
2151.636541279922,15.711305340275262,2,IR,Gold
2153.3952125061064,15.711305340275262,2,IR,Gold
2155.1538837322914,15.711305340275262,2,IR,Gold
2156.912554958476,15.711305340275262,2,IR,Gold
2158.6712261846606,15.711305340275262,2,IR,Gold
2160.429897410845,15.711305340275262,2,IR,Gold
2162.1885686370297,15.711305340275262,2,IR,Gold
2163.9472398632142,15.711305340275262,2,IR,Gold
2165.705911089399,15.711305340275262,2,IR,Gold
2167.464582315584,15.711305340275262,2,IR,Gold
2169.2232535417684,15.711305340275262,2,IR,Gold
2170.9819247679534,15.711305340275262,2,IR,Gold
2172.740595994138,15.711305340275262,2,IR,Gold
2174.4992672203225,15.711305340275262,2,IR,Gold
2176.257938446507,15.711305340275262,2,IR,Gold
2178.0166096726916,15.711305340275262,2,IR,Gold
2179.775280898876,15.711305340275262,2,IR,Gold
2181.5339521250608,15.711305340275262,2,IR,Gold
2183.2926233512458,15.711305340275262,2,IR,Gold
2185.0512945774303,15.711305340275262,2,IR,Gold
2186.809965803615,15.711305340275262,2,IR,Gold
2188.5686370298,15.711305340275262,2,IR,Gold
2190.3273082559845,15.711305340275262,2,IR,Gold
2192.085979482169,15.721305340275261,2,IR,Gold
2193.8446507083536,15.711305340275262,2,IR,Gold
2195.603321934538,15.711305340275262,2,IR,Gold
2197.3619931607227,15.711305340275262,2,IR,Gold
2199.1206643869077,15.711305340275262,2,IR,Gold
2200.8793356130923,15.711305340275262,2,IR,Gold
2202.638006839277,15.711305340275262,2,IR,Gold
2204.396678065462,15.711305340275262,2,IR,Gold
2206.1553492916464,15.711305340275262,2,IR,Gold
2207.914020517831,15.711305340275262,2,IR,Gold
2209.6726917440155,15.711305340275262,2,IR,Gold
2211.4313629702,15.711305340275262,2,IR,Gold
2213.1900341963847,15.711305340275262,2,IR,Gold
2214.9487054225697,15.711305340275262,2,IR,Gold
2216.7073766487542,15.711305340275262,2,IR,Gold
2218.466047874939,15.711305340275262,2,IR,Gold
2220.224719101124,15.711305340275262,2,IR,Gold
2221.9833903273084,15.731305340275261,2,IR,Gold
2223.742061553493,15.711305340275262,2,IR,Gold
2225.5007327796775,15.731305340275261,2,IR,Gold
2227.259404005862,15.711305340275262,2,IR,Gold
2229.0180752320466,15.711305340275262,2,IR,Gold
2230.776746458231,15.721305340275261,2,IR,Gold
2232.535417684416,15.711305340275262,2,IR,Gold
2234.2940889106007,15.711305340275262,2,IR,Gold
2236.0527601367858,15.711305340275262,2,IR,Gold
2237.8114313629703,15.711305340275262,2,IR,Gold
2239.570102589155,15.711305340275262,2,IR,Gold
2241.3287738153394,15.711305340275262,2,IR,Gold
2243.087445041524,15.711305340275262,2,IR,Gold
2244.8461162677086,15.711305340275262,2,IR,Gold
2246.604787493893,15.711305340275262,2,IR,Gold
2248.363458720078,15.711305340275262,2,IR,Gold
2250.1221299462627,15.711305340275262,2,IR,Gold
2251.8808011724477,15.711305340275262,2,IR,Gold
2253.6394723986323,15.711305340275262,2,IR,Gold
2255.398143624817,15.711305340275262,2,IR,Gold
2257.1568148510014,15.711305340275262,2,IR,Gold
2258.915486077186,15.711305340275262,2,IR,Gold
2260.6741573033705,15.711305340275262,2,IR,Gold
2262.432828529555,15.711305340275262,2,IR,Gold
2264.19149975574,15.711305340275262,2,IR,Gold
2265.9501709819247,15.711305340275262,2,IR,Gold
2267.7088422081097,15.711305340275262,2,IR,Gold
2269.4675134342942,15.711305340275262,2,IR,Gold
2271.226184660479,15.711305340275262,2,IR,Gold
2272.9848558866634,15.711305340275262,2,IR,Gold
2274.743527112848,15.711305340275262,2,IR,Gold
2276.5021983390325,15.711305340275262,2,IR,Gold
2278.260869565217,15.711305340275262,2,IR,Gold
2280.019540791402,15.711305340275262,2,IR,Gold
2281.7782120175866,15.711305340275262,2,IR,Gold
2283.5368832437716,15.711305340275262,2,IR,Gold
2285.295554469956,15.711305340275262,2,IR,Gold
2287.0542256961407,15.711305340275262,2,IR,Gold
2288.8128969223253,15.711305340275262,2,IR,Gold
2290.57156814851,15.711305340275262,2,IR,Gold
2292.3302393746944,15.711305340275262,2,IR,Gold
2294.088910600879,15.711305340275262,2,IR,Gold
2295.847581827064,15.711305340275262,2,IR,Gold
2297.6062530532486,15.711305340275262,2,IR,Gold
2299.3649242794336,15.711305340275262,2,IR,Gold
2301.123595505618,15.711305340275262,2,IR,Gold
2302.8822667318027,15.711305340275262,2,IR,Gold
2304.6409379579873,15.711305340275262,2,IR,Gold
2306.399609184172,15.711305340275262,2,IR,Gold
2308.1582804103564,15.711305340275262,2,IR,Gold
2309.916951636541,15.711305340275262,2,IR,Gold
2311.675622862726,15.711305340275262,2,IR,Gold
2313.4342940889105,15.711305340275262,2,IR,Gold
2315.1929653150955,15.711305340275262,2,IR,Gold
2316.95163654128,15.721305340275261,2,IR,Gold
2318.7103077674647,15.711305340275262,2,IR,Gold
2320.468978993649,15.711305340275262,2,IR,Gold
2322.227650219834,15.711305340275262,2,IR,Gold
2323.9863214460183,15.711305340275262,2,IR,Gold
2325.744992672203,15.711305340275262,2,IR,Gold
2327.503663898388,15.711305340275262,2,IR,Gold
2329.2623351245725,15.711305340275262,2,IR,Gold
2331.0210063507575,15.711305340275262,2,IR,Gold
2332.779677576942,15.711305340275262,2,IR,Gold
2334.5383488031266,15.711305340275262,2,IR,Gold
2336.297020029311,15.711305340275262,2,IR,Gold
2338.0556912554957,15.711305340275262,2,IR,Gold
2339.8143624816803,15.711305340275262,2,IR,Gold
2341.573033707865,15.711305340275262,2,IR,Gold
2343.33170493405,15.711305340275262,2,IR,Gold
2345.0903761602344,15.711305340275262,2,IR,Gold
2346.849047386419,15.711305340275262,2,IR,Gold
2348.607718612604,15.711305340275262,2,IR,Gold
2350.3663898387886,15.711305340275262,2,IR,Gold
2352.125061064973,15.711305340275262,2,IR,Gold
2353.8837322911577,15.711305340275262,2,IR,Gold
2355.6424035173422,15.711305340275262,2,IR,Gold
2357.401074743527,15.711305340275262,2,IR,Gold
2359.159745969712,15.711305340275262,2,IR,Gold
2360.9184171958964,15.721305340275261,2,IR,Gold
2362.677088422081,15.711305340275262,2,IR,Gold
2364.435759648266,15.711305340275262,2,IR,Gold
2366.1944308744505,15.721305340275261,2,IR,Gold
2367.953102100635,15.711305340275262,2,IR,Gold
2369.7117733268196,15.711305340275262,2,IR,Gold
2371.470444553004,15.711305340275262,2,IR,Gold
2373.2291157791888,15.711305340275262,2,IR,Gold
2374.987787005374,15.711305340275262,2,IR,Gold
2376.7464582315583,15.711305340275262,2,IR,Gold
2378.505129457743,15.711305340275262,2,IR,Gold
2380.263800683928,15.711305340275262,2,IR,Gold
2382.0224719101125,15.711305340275262,2,IR,Gold
2383.781143136297,15.711305340275262,2,IR,Gold
2385.5398143624816,15.711305340275262,2,IR,Gold
2387.298485588666,15.711305340275262,2,IR,Gold
2389.0571568148507,15.721305340275261,2,IR,Gold
2390.8158280410353,15.711305340275262,2,IR,Gold
2392.5744992672203,15.711305340275262,2,IR,Gold
2394.333170493405,15.711305340275262,2,IR,Gold
2396.09184171959,15.711305340275262,2,IR,Gold
2397.8505129457744,15.711305340275262,2,IR,Gold
2399.609184171959,15.711305340275262,2,IR,Gold
2401.3678553981435,15.711305340275262,2,IR,Gold
2403.126526624328,15.711305340275262,2,IR,Gold
2404.8851978505127,15.711305340275262,2,IR,Gold
2406.6438690766972,15.711305340275262,2,IR,Gold
2408.4025403028822,15.711305340275262,2,IR,Gold
2410.161211529067,15.711305340275262,2,IR,Gold
2411.919882755252,15.711305340275262,2,IR,Gold
2413.6785539814364,15.711305340275262,2,IR,Gold
2415.437225207621,15.711305340275262,2,IR,Gold
2417.1958964338055,15.711305340275262,2,IR,Gold
2418.95456765999,15.711305340275262,2,IR,Gold
2420.7132388861746,15.711305340275262,2,IR,Gold
2422.471910112359,15.711305340275262,2,IR,Gold
2424.230581338544,15.721305340275261,2,IR,Gold
2425.9892525647288,15.711305340275262,2,IR,Gold
2427.747923790914,15.711305340275262,2,IR,Gold
2429.5065950170983,15.711305340275262,2,IR,Gold
2431.265266243283,15.711305340275262,2,IR,Gold
2433.0239374694675,15.711305340275262,2,IR,Gold
2434.782608695652,15.711305340275262,2,IR,Gold
2436.5412799218366,15.711305340275262,2,IR,Gold
2438.299951148021,15.711305340275262,2,IR,Gold
2440.058622374206,15.711305340275262,2,IR,Gold
2441.8172936003907,15.711305340275262,2,IR,Gold
2443.5759648265757,15.711305340275262,2,IR,Gold
2445.3346360527603,15.711305340275262,2,IR,Gold
2447.093307278945,15.711305340275262,2,IR,Gold
2448.8519785051294,15.711305340275262,2,IR,Gold
2450.610649731314,15.711305340275262,2,IR,Gold
2452.3693209574985,15.711305340275262,2,IR,Gold
2454.1279921836835,15.711305340275262,2,IR,Gold
2455.886663409868,15.721305340275261,2,IR,Gold
2457.6453346360527,15.711305340275262,2,IR,Gold
2459.404005862237,15.711305340275262,2,IR,Gold
2461.1626770884222,15.711305340275262,2,IR,Gold
2462.921348314607,15.711305340275262,2,IR,Gold
2464.6800195407914,15.711305340275262,2,IR,Gold
2466.438690766976,15.711305340275262,2,IR,Gold
2468.1973619931605,15.711305340275262,2,IR,Gold
2469.9560332193455,15.721305340275261,2,IR,Gold
2471.71470444553,15.711305340275262,2,IR,Gold
2473.4733756717146,15.711305340275262,2,IR,Gold
2475.232046897899,15.711305340275262,2,IR,Gold
2476.9907181240837,15.711305340275262,2,IR,Gold
2478.7493893502688,15.711305340275262,2,IR,Gold
2480.5080605764533,15.711305340275262,2,IR,Gold
2482.266731802638,15.711305340275262,2,IR,Gold
2484.0254030288224,15.711305340275262,2,IR,Gold
2485.7840742550075,15.711305340275262,2,IR,Gold
2487.542745481192,15.721305340275261,2,IR,Gold
2489.3014167073766,15.721305340275261,2,IR,Gold
2491.060087933561,15.711305340275262,2,IR,Gold
2492.8187591597457,15.711305340275262,2,IR,Gold
2494.5774303859307,15.711305340275262,2,IR,Gold
2496.3361016121153,15.711305340275262,2,IR,Gold
2498.0947728383,15.711305340275262,2,IR,Gold
2499.8534440644844,15.711305340275262,2,IR,Gold
2501.6121152906694,15.711305340275262,2,IR,Gold
2503.370786516854,15.711305340275262,2,IR,Gold
2505.1294577430385,15.711305340275262,2,IR,Gold
2506.888128969223,15.711305340275262,2,IR,Gold
2508.6468001954076,15.711305340275262,2,IR,Gold
2510.4054714215927,15.711305340275262,2,IR,Gold
2512.164142647777,15.721305340275261,2,IR,Gold
2513.922813873962,15.711305340275262,2,IR,Gold
2515.6814851001463,15.711305340275262,2,IR,Gold
2517.4401563263314,15.711305340275262,2,IR,Gold
2519.198827552516,15.711305340275262,2,IR,Gold
2520.9574987787005,15.711305340275262,2,IR,Gold
2522.716170004885,15.711305340275262,2,IR,Gold
2524.4748412310696,15.711305340275262,2,IR,Gold
2526.2335124572546,15.711305340275262,2,IR,Gold
2527.992183683439,15.711305340275262,2,IR,Gold
2529.7508549096237,15.711305340275262,2,IR,Gold
2531.5095261358083,15.711305340275262,2,IR,Gold
2533.2681973619933,15.721305340275261,2,IR,Gold
2535.026868588178,15.711305340275262,2,IR,Gold
2536.7855398143624,15.711305340275262,2,IR,Gold
2538.544211040547,15.711305340275262,2,IR,Gold
2540.3028822667316,15.711305340275262,2,IR,Gold
2542.0615534929166,15.711305340275262,2,IR,Gold
2543.820224719101,15.711305340275262,2,IR,Gold
2545.5788959452857,15.711305340275262,2,IR,Gold
2547.3375671714703,15.711305340275262,2,IR,Gold
2549.0962383976553,15.711305340275262,2,IR,Gold
2550.85490962384,15.711305340275262,2,IR,Gold
2552.6135808500244,15.711305340275262,2,IR,Gold
2554.372252076209,15.711305340275262,2,IR,Gold
2556.1309233023935,15.711305340275262,2,IR,Gold
2557.8895945285785,15.711305340275262,2,IR,Gold
2559.648265754763,15.711305340275262,2,IR,Gold
2561.4069369809476,15.711305340275262,2,IR,Gold
2563.165608207132,15.721305340275261,2,IR,Gold
2564.9242794333168,15.711305340275262,2,IR,Gold
2566.682950659502,15.711305340275262,2,IR,Gold
2568.4416218856863,15.711305340275262,2,IR,Gold
2570.200293111871,15.711305340275262,2,IR,Gold
2571.9589643380555,15.711305340275262,2,IR,Gold
2573.7176355642405,15.711305340275262,2,IR,Gold
2575.476306790425,15.711305340275262,2,IR,Gold
2577.2349780166096,15.711305340275262,2,IR,Gold
2578.993649242794,15.711305340275262,2,IR,Gold
2580.7523204689787,15.711305340275262,2,IR,Gold
2582.5109916951637,15.711305340275262,2,IR,Gold
2584.2696629213483,15.721305340275261,2,IR,Gold
2586.028334147533,15.711305340275262,2,IR,Gold
2587.7870053737174,15.711305340275262,2,IR,Gold
2589.5456765999024,15.721305340275261,2,IR,Gold
2591.304347826087,15.711305340275262,2,IR,Gold
2593.0630190522716,15.711305340275262,2,IR,Gold
2594.821690278456,15.711305340275262,2,IR,Gold
2596.5803615046407,15.711305340275262,2,IR,Gold
2598.3390327308257,15.711305340275262,2,IR,Gold
2600.0977039570103,15.711305340275262,2,IR,Gold
2601.856375183195,15.721305340275261,2,IR,Gold
2603.6150464093794,15.711305340275262,2,IR,Gold
2605.3737176355644,15.711305340275262,2,IR,Gold
2607.132388861749,15.721305340275261,2,IR,Gold
2608.8910600879335,15.711305340275262,2,IR,Gold
2610.649731314118,15.711305340275262,2,IR,Gold
2612.4084025403026,15.711305340275262,2,IR,Gold
2614.1670737664876,15.711305340275262,2,IR,Gold
2615.925744992672,15.711305340275262,2,IR,Gold
2617.6844162188568,15.711305340275262,2,IR,Gold
2619.4430874450413,15.711305340275262,2,IR,Gold
2621.2017586712263,15.711305340275262,2,IR,Gold
2622.960429897411,15.711305340275262,2,IR,Gold
2624.7191011235955,15.711305340275262,2,IR,Gold
2626.47777234978,15.711305340275262,2,IR,Gold
2628.2364435759646,15.711305340275262,2,IR,Gold
2629.9951148021496,15.711305340275262,2,IR,Gold
2631.753786028334,15.711305340275262,2,IR,Gold
2633.5124572545187,15.711305340275262,2,IR,Gold
2635.2711284807033,15.711305340275262,2,IR,Gold
2637.029799706888,15.711305340275262,2,IR,Gold
2638.788470933073,15.711305340275262,2,IR,Gold
2640.5471421592574,15.721305340275261,2,IR,Gold
2642.305813385442,15.711305340275262,2,IR,Gold
2644.0644846116265,15.711305340275262,2,IR,Gold
2645.8231558378116,15.721305340275261,2,IR,Gold
2647.581827063996,15.711305340275262,2,IR,Gold
2649.3404982901807,15.711305340275262,2,IR,Gold
2651.0991695163652,15.711305340275262,2,IR,Gold
2652.85784074255,15.711305340275262,2,IR,Gold
2654.616511968735,15.711305340275262,2,IR,Gold
2656.3751831949194,15.711305340275262,2,IR,Gold
2658.133854421104,15.711305340275262,2,IR,Gold
2659.8925256472885,15.711305340275262,2,IR,Gold
2661.6511968734735,15.711305340275262,2,IR,Gold
2663.409868099658,15.711305340275262,2,IR,Gold
2665.1685393258426,15.711305340275262,2,IR,Gold
2666.927210552027,15.711305340275262,2,IR,Gold
2668.6858817782118,15.711305340275262,2,IR,Gold
2670.4445530043968,15.711305340275262,2,IR,Gold
2672.2032242305813,15.711305340275262,2,IR,Gold
2673.961895456766,15.711305340275262,2,IR,Gold
2675.7205666829504,15.721305340275261,2,IR,Gold
2677.4792379091355,15.711305340275262,2,IR,Gold
2679.23790913532,15.711305340275262,2,IR,Gold
2680.9965803615046,15.711305340275262,2,IR,Gold
2682.755251587689,15.711305340275262,2,IR,Gold
2684.5139228138737,15.711305340275262,2,IR,Gold
2686.2725940400587,15.721305340275261,2,IR,Gold
2688.0312652662433,15.721305340275261,2,IR,Gold
2689.789936492428,15.711305340275262,2,IR,Gold
2691.5486077186124,15.711305340275262,2,IR,Gold
2693.3072789447974,15.711305340275262,2,IR,Gold
2695.065950170982,15.711305340275262,2,IR,Gold
2696.8246213971665,15.711305340275262,2,IR,Gold
2698.583292623351,15.711305340275262,2,IR,Gold
2700.3419638495357,15.721305340275261,2,IR,Gold
2702.1006350757207,15.711305340275262,2,IR,Gold
2703.8593063019052,15.711305340275262,2,IR,Gold
2705.61797752809,15.711305340275262,2,IR,Gold
2707.3766487542744,15.711305340275262,2,IR,Gold
2709.1353199804594,15.711305340275262,2,IR,Gold
2710.893991206644,15.711305340275262,2,IR,Gold
2712.6526624328285,15.711305340275262,2,IR,Gold
2714.411333659013,15.711305340275262,2,IR,Gold
2716.1700048851976,15.711305340275262,2,IR,Gold
2717.9286761113826,15.711305340275262,2,IR,Gold
2719.687347337567,15.711305340275262,2,IR,Gold
2721.4460185637517,15.711305340275262,2,IR,Gold
2723.2046897899363,15.711305340275262,2,IR,Gold
2724.963361016121,15.711305340275262,2,IR,Gold
2726.722032242306,15.711305340275262,2,IR,Gold
2728.4807034684904,15.711305340275262,2,IR,Gold
2730.239374694675,15.711305340275262,2,IR,Gold
2731.9980459208596,15.711305340275262,2,IR,Gold
2733.7567171470446,15.721305340275261,2,IR,Gold
2735.515388373229,15.711305340275262,2,IR,Gold
2737.2740595994137,15.711305340275262,2,IR,Gold
2739.0327308255983,15.711305340275262,2,IR,Gold
2740.791402051783,15.711305340275262,2,IR,Gold
2742.550073277968,15.711305340275262,2,IR,Gold
2744.3087445041524,15.711305340275262,2,IR,Gold
2746.067415730337,15.721305340275261,2,IR,Gold
2747.8260869565215,15.711305340275262,2,IR,Gold
2749.5847581827065,15.711305340275262,2,IR,Gold
2751.343429408891,15.711305340275262,2,IR,Gold
2753.1021006350757,15.711305340275262,2,IR,Gold
2754.86077186126,15.721305340275261,2,IR,Gold
2756.619443087445,15.711305340275262,2,IR,Gold
2758.37811431363,15.711305340275262,2,IR,Gold
2760.1367855398144,15.721305340275261,2,IR,Gold
2761.895456765999,15.711305340275262,2,IR,Gold
2763.6541279921835,15.711305340275262,2,IR,Gold
2765.4127992183685,15.711305340275262,2,IR,Gold
2767.171470444553,15.711305340275262,2,IR,Gold
2768.9301416707376,15.711305340275262,2,IR,Gold
2770.688812896922,15.711305340275262,2,IR,Gold
2772.4474841231067,15.711305340275262,2,IR,Gold
2774.2061553492917,15.711305340275262,2,IR,Gold
2775.9648265754763,15.711305340275262,2,IR,Gold
2777.723497801661,15.711305340275262,2,IR,Gold
2779.4821690278454,15.711305340275262,2,IR,Gold
2781.2408402540304,15.711305340275262,2,IR,Gold
2782.999511480215,15.711305340275262,2,IR,Gold
2784.7581827063996,15.711305340275262,2,IR,Gold
2786.516853932584,15.711305340275262,2,IR,Gold
2788.2755251587687,15.711305340275262,2,IR,Gold
2790.0341963849537,15.711305340275262,2,IR,Gold
2791.7928676111383,15.711305340275262,2,IR,Gold
2793.551538837323,15.711305340275262,2,IR,Gold
2795.3102100635074,15.711305340275262,2,IR,Gold
2797.068881289692,15.711305340275262,2,IR,Gold
2798.827552515877,15.711305340275262,2,IR,Gold
2800.5862237420615,15.711305340275262,2,IR,Gold
2802.344894968246,15.711305340275262,2,IR,Gold
2804.1035661944306,15.711305340275262,2,IR,Gold
2805.8622374206157,15.711305340275262,2,IR,Gold
2807.6209086468,15.711305340275262,2,IR,Gold
2809.379579872985,15.711305340275262,2,IR,Gold
2811.1382510991693,15.711305340275262,2,IR,Gold
2812.896922325354,15.711305340275262,2,IR,Gold
2814.655593551539,15.711305340275262,2,IR,Gold
2816.4142647777235,15.711305340275262,2,IR,Gold
2818.172936003908,15.711305340275262,2,IR,Gold
2819.9316072300926,15.711305340275262,2,IR,Gold
2821.6902784562776,15.711305340275262,2,IR,Gold
2823.448949682462,15.711305340275262,2,IR,Gold
2825.2076209086467,15.711305340275262,2,IR,Gold
2826.9662921348313,15.711305340275262,2,IR,Gold
2828.724963361016,15.721305340275261,2,IR,Gold
2830.483634587201,15.711305340275262,2,IR,Gold
2832.2423058133854,15.711305340275262,2,IR,Gold
2834.00097703957,15.711305340275262,2,IR,Gold
2835.7596482657545,15.711305340275262,2,IR,Gold
2837.5183194919396,15.711305340275262,2,IR,Gold
2839.276990718124,15.711305340275262,2,IR,Gold
2841.0356619443087,15.711305340275262,2,IR,Gold
2842.7943331704932,15.711305340275262,2,IR,Gold
2844.553004396678,15.721305340275261,2,IR,Gold
2846.311675622863,15.721305340275261,2,IR,Gold
2848.0703468490474,15.711305340275262,2,IR,Gold
2849.829018075232,15.711305340275262,2,IR,Gold
2851.5876893014165,15.711305340275262,2,IR,Gold
2853.3463605276015,15.711305340275262,2,IR,Gold
2855.105031753786,15.711305340275262,2,IR,Gold
2856.8637029799706,15.711305340275262,2,IR,Gold
2858.622374206155,15.711305340275262,2,IR,Gold
2860.3810454323398,15.711305340275262,2,IR,Gold
2862.139716658525,15.711305340275262,2,IR,Gold
2863.8983878847093,15.711305340275262,2,IR,Gold
2865.657059110894,15.711305340275262,2,IR,Gold
2867.4157303370785,15.711305340275262,2,IR,Gold
2869.174401563263,15.711305340275262,2,IR,Gold
2870.933072789448,15.711305340275262,2,IR,Gold
2872.6917440156326,15.711305340275262,2,IR,Gold
2874.450415241817,15.711305340275262,2,IR,Gold
2876.2090864680017,15.711305340275262,2,IR,Gold
2877.9677576941867,15.711305340275262,2,IR,Gold
2879.7264289203713,15.711305340275262,2,IR,Gold
2881.485100146556,15.711305340275262,2,IR,Gold
2883.2437713727404,15.711305340275262,2,IR,Gold
2885.002442598925,15.711305340275262,2,IR,Gold
2886.76111382511,15.711305340275262,2,IR,Gold
2888.5197850512945,15.711305340275262,2,IR,Gold
2890.278456277479,15.711305340275262,2,IR,Gold
2892.0371275036637,15.711305340275262,2,IR,Gold
2893.7957987298487,15.711305340275262,2,IR,Gold
2895.5544699560332,15.721305340275261,2,IR,Gold
2897.313141182218,15.711305340275262,2,IR,Gold
2899.0718124084024,15.711305340275262,2,IR,Gold
2900.830483634587,15.711305340275262,2,IR,Gold
2902.589154860772,15.711305340275262,2,IR,Gold
2904.3478260869565,15.711305340275262,2,IR,Gold
2906.106497313141,15.711305340275262,2,IR,Gold
2907.8651685393256,15.711305340275262,2,IR,Gold
2909.6238397655106,15.711305340275262,2,IR,Gold
2911.382510991695,15.711305340275262,2,IR,Gold
2913.1411822178798,15.711305340275262,2,IR,Gold
2914.8998534440643,15.711305340275262,2,IR,Gold
2916.658524670249,15.711305340275262,2,IR,Gold
2918.417195896434,15.721305340275261,2,IR,Gold
2920.1758671226185,15.711305340275262,2,IR,Gold
2921.934538348803,15.711305340275262,2,IR,Gold
2923.6932095749876,15.711305340275262,2,IR,Gold
2925.4518808011726,15.711305340275262,2,IR,Gold
2927.210552027357,15.721305340275261,2,IR,Gold
2928.9692232535417,15.711305340275262,2,IR,Gold
2930.7278944797263,15.711305340275262,2,IR,Gold
2932.486565705911,15.711305340275262,2,IR,Gold
2934.245236932096,15.711305340275262,2,IR,Gold
2936.0039081582804,15.711305340275262,2,IR,Gold
2937.762579384465,15.721305340275261,2,IR,Gold
2939.5212506106495,15.711305340275262,2,IR,Gold
2941.2799218368345,15.711305340275262,2,IR,Gold
2943.038593063019,15.711305340275262,2,IR,Gold
2944.7972642892037,15.721305340275261,2,IR,Gold
2946.5559355153882,15.711305340275262,2,IR,Gold
2948.314606741573,15.711305340275262,2,IR,Gold
2950.073277967758,15.711305340275262,2,IR,Gold
2951.8319491939424,15.711305340275262,2,IR,Gold
2953.590620420127,15.711305340275262,2,IR,Gold
2955.3492916463115,15.711305340275262,2,IR,Gold
2957.107962872496,15.711305340275262,2,IR,Gold
2958.866634098681,15.711305340275262,2,IR,Gold
2960.6253053248656,15.711305340275262,2,IR,Gold
2962.38397655105,15.711305340275262,2,IR,Gold
2964.1426477772347,15.711305340275262,2,IR,Gold
2965.9013190034198,15.711305340275262,2,IR,Gold
2967.6599902296043,15.711305340275262,2,IR,Gold
2969.418661455789,15.711305340275262,2,IR,Gold
2971.1773326819734,15.711305340275262,2,IR,Gold
2972.936003908158,15.711305340275262,2,IR,Gold
2974.694675134343,15.711305340275262,2,IR,Gold
2976.4533463605276,15.711305340275262,2,IR,Gold
2978.212017586712,15.711305340275262,2,IR,Gold
2979.9706888128967,15.711305340275262,2,IR,Gold
2981.7293600390817,15.711305340275262,2,IR,Gold
2983.4880312652663,15.711305340275262,2,IR,Gold
2985.246702491451,15.711305340275262,2,IR,Gold
2987.0053737176354,15.711305340275262,2,IR,Gold
2988.76404494382,15.711305340275262,2,IR,Gold
2990.522716170005,15.721305340275261,2,IR,Gold
2992.2813873961895,15.711305340275262,2,IR,Gold
2994.040058622374,15.711305340275262,2,IR,Gold
2995.7987298485587,15.711305340275262,2,IR,Gold
2997.5574010747437,15.711305340275262,2,IR,Gold
2999.316072300928,15.711305340275262,2,IR,Gold
3001.074743527113,15.711305340275262,2,IR,Gold
3002.8334147532973,15.711305340275262,2,IR,Gold
3004.592085979482,15.711305340275262,2,IR,Gold
3006.350757205667,15.711305340275262,2,IR,Gold
3008.1094284318515,15.721305340275261,2,IR,Gold
3009.868099658036,15.711305340275262,2,IR,Gold
3011.6267708842206,15.711305340275262,2,IR,Gold
3013.3854421104056,15.711305340275262,2,IR,Gold
3015.14411333659,15.711305340275262,2,IR,Gold
3016.9027845627747,15.711305340275262,2,IR,Gold
3018.6614557889593,15.711305340275262,2,IR,Gold
3020.420127015144,15.711305340275262,2,IR,Gold
3022.178798241329,15.711305340275262,2,IR,Gold
3023.9374694675134,15.711305340275262,2,IR,Gold
3025.696140693698,15.711305340275262,2,IR,Gold
3027.4548119198826,15.721305340275261,2,IR,Gold
3029.213483146067,15.711305340275262,2,IR,Gold
3030.972154372252,15.711305340275262,2,IR,Gold
3032.7308255984367,15.711305340275262,2,IR,Gold
3034.4894968246213,15.711305340275262,2,IR,Gold
3036.248168050806,15.711305340275262,2,IR,Gold
3038.006839276991,15.731305340275261,2,IR,Gold
3039.7655105031754,15.721305340275261,2,IR,Gold
3041.52418172936,15.711305340275262,2,IR,Gold
3043.2828529555445,15.721305340275261,2,IR,Gold
3045.041524181729,15.721305340275261,2,IR,Gold
3046.800195407914,15.711305340275262,2,IR,Gold
3048.5588666340986,15.711305340275262,2,IR,Gold
3050.317537860283,15.721305340275261,2,IR,Gold
3052.0762090864678,15.711305340275262,2,IR,Gold
3053.834880312653,15.711305340275262,2,IR,Gold
3055.5935515388373,15.711305340275262,2,IR,Gold
3057.352222765022,15.711305340275262,2,IR,Gold
3059.1108939912065,15.711305340275262,2,IR,Gold
3060.869565217391,15.711305340275262,2,IR,Gold
3062.628236443576,15.711305340275262,2,IR,Gold
3064.3869076697606,15.711305340275262,2,IR,Gold
3066.145578895945,15.711305340275262,2,IR,Gold
3067.9042501221297,15.711305340275262,2,IR,Gold
3069.6629213483147,15.711305340275262,2,IR,Gold
3071.4215925744993,15.721305340275261,2,IR,Gold
3073.180263800684,15.711305340275262,2,IR,Gold
3074.9389350268684,15.711305340275262,2,IR,Gold
3076.697606253053,15.711305340275262,2,IR,Gold
3078.456277479238,15.711305340275262,2,IR,Gold
3080.2149487054226,15.711305340275262,2,IR,Gold
3081.973619931607,15.711305340275262,2,IR,Gold
3083.7322911577917,15.711305340275262,2,IR,Gold
3085.4909623839767,15.711305340275262,2,IR,Gold
3087.2496336101613,15.711305340275262,2,IR,Gold
3089.008304836346,15.711305340275262,2,IR,Gold
3090.7669760625304,15.711305340275262,2,IR,Gold
3092.525647288715,15.711305340275262,2,IR,Gold
3094.2843185149,15.721305340275261,2,IR,Gold
3096.0429897410845,15.711305340275262,2,IR,Gold
3097.801660967269,15.711305340275262,2,IR,Gold
3099.5603321934536,15.721305340275261,2,IR,Gold
3101.3190034196386,15.711305340275262,2,IR,Gold
3103.077674645823,15.711305340275262,2,IR,Gold
3104.8363458720078,15.721305340275261,2,IR,Gold
3106.5950170981923,15.711305340275262,2,IR,Gold
3108.353688324377,15.711305340275262,2,IR,Gold
3110.112359550562,15.711305340275262,2,IR,Gold
3111.8710307767465,15.711305340275262,2,IR,Gold
3113.629702002931,15.711305340275262,2,IR,Gold
3115.3883732291156,15.711305340275262,2,IR,Gold
3117.1470444553,15.711305340275262,2,IR,Gold
3118.905715681485,15.711305340275262,2,IR,Gold
3120.6643869076697,15.711305340275262,2,IR,Gold
3122.4230581338543,15.711305340275262,2,IR,Gold
3124.181729360039,15.711305340275262,2,IR,Gold
3125.940400586224,15.711305340275262,2,IR,Gold
3127.6990718124084,15.711305340275262,2,IR,Gold
3129.457743038593,15.711305340275262,2,IR,Gold
3131.2164142647775,15.711305340275262,2,IR,Gold
3132.975085490962,15.711305340275262,2,IR,Gold
3134.733756717147,15.711305340275262,2,IR,Gold
3136.4924279433317,15.711305340275262,2,IR,Gold
3138.2510991695162,15.711305340275262,2,IR,Gold
3140.009770395701,15.711305340275262,2,IR,Gold
3141.768441621886,15.711305340275262,2,IR,Gold
3143.5271128480704,15.711305340275262,2,IR,Gold
3145.285784074255,15.721305340275261,2,IR,Gold
3147.0444553004395,15.721305340275261,2,IR,Gold
3148.803126526624,15.721305340275261,2,IR,Gold
3150.561797752809,15.711305340275262,2,IR,Gold
3152.3204689789936,15.711305340275262,2,IR,Gold
3154.079140205178,15.711305340275262,2,IR,Gold
3155.8378114313628,15.721305340275261,2,IR,Gold
3157.5964826575478,15.711305340275262,2,IR,Gold
3159.3551538837323,15.721305340275261,2,IR,Gold
3161.113825109917,15.711305340275262,2,IR,Gold
3162.8724963361014,15.711305340275262,2,IR,Gold
3164.631167562286,15.721305340275261,2,IR,Gold
3166.389838788471,15.711305340275262,2,IR,Gold
3168.1485100146556,15.711305340275262,2,IR,Gold
3169.90718124084,15.711305340275262,2,IR,Gold
3171.6658524670247,15.711305340275262,2,IR,Gold
3173.4245236932097,15.721305340275261,2,IR,Gold
3175.1831949193943,15.711305340275262,2,IR,Gold
3176.941866145579,15.711305340275262,2,IR,Gold
3178.7005373717634,15.711305340275262,2,IR,Gold
3180.459208597948,15.711305340275262,2,IR,Gold
3182.217879824133,15.711305340275262,2,IR,Gold
3183.9765510503175,15.721305340275261,2,IR,Gold
3185.735222276502,15.711305340275262,2,IR,Gold
3187.4938935026867,15.711305340275262,2,IR,Gold
3189.252564728871,15.711305340275262,2,IR,Gold
3191.0112359550562,15.711305340275262,2,IR,Gold
3192.769907181241,15.711305340275262,2,IR,Gold
3194.5285784074254,15.721305340275261,2,IR,Gold
3196.28724963361,15.711305340275262,2,IR,Gold
3198.045920859795,15.721305340275261,2,IR,Gold
3199.8045920859795,15.711305340275262,2,IR,Gold
3201.563263312164,15.711305340275262,2,IR,Gold
3203.3219345383486,15.711305340275262,2,IR,Gold
3205.080605764533,15.721305340275261,2,IR,Gold
3206.839276990718,15.711305340275262,2,IR,Gold
3208.5979482169028,15.711305340275262,2,IR,Gold
3210.3566194430873,15.711305340275262,2,IR,Gold
3212.115290669272,15.711305340275262,2,IR,Gold
3213.873961895457,15.711305340275262,2,IR,Gold
3215.6326331216414,15.711305340275262,2,IR,Gold
3217.391304347826,15.711305340275262,2,IR,Gold
3219.1499755740106,15.711305340275262,2,IR,Gold
3220.908646800195,15.711305340275262,2,IR,Gold
3222.66731802638,15.711305340275262,2,IR,Gold
3224.4259892525647,15.711305340275262,2,IR,Gold
3226.1846604787493,15.721305340275261,2,IR,Gold
3227.943331704934,15.711305340275262,2,IR,Gold
3229.702002931119,15.711305340275262,2,IR,Gold
3231.4606741573034,15.711305340275262,2,IR,Gold
3233.219345383488,15.711305340275262,2,IR,Gold
3234.9780166096725,15.711305340275262,2,IR,Gold
3236.736687835857,15.711305340275262,2,IR,Gold
3238.495359062042,15.711305340275262,2,IR,Gold
3240.2540302882267,15.711305340275262,2,IR,Gold
3242.012701514411,15.711305340275262,2,IR,Gold
3243.771372740596,15.711305340275262,2,IR,Gold
3245.530043966781,15.711305340275262,2,IR,Gold
3247.2887151929654,15.711305340275262,2,IR,Gold
3249.04738641915,15.711305340275262,2,IR,Gold
3250.8060576453345,15.711305340275262,2,IR,Gold
3252.564728871519,15.711305340275262,2,IR,Gold
3254.323400097704,15.711305340275262,2,IR,Gold
3256.0820713238886,15.711305340275262,2,IR,Gold
3257.840742550073,15.711305340275262,2,IR,Gold
3259.5994137762577,15.711305340275262,2,IR,Gold
3261.3580850024423,15.711305340275262,2,IR,Gold
3263.1167562286273,15.711305340275262,2,IR,Gold
3264.875427454812,15.711305340275262,2,IR,Gold
3266.6340986809964,15.711305340275262,2,IR,Gold
3268.392769907181,15.711305340275262,2,IR,Gold
3270.151441133366,15.711305340275262,2,IR,Gold
3271.9101123595506,15.711305340275262,2,IR,Gold
3273.668783585735,15.711305340275262,2,IR,Gold
3275.4274548119197,15.711305340275262,2,IR,Gold
3277.1861260381042,15.711305340275262,2,IR,Gold
3278.9447972642893,15.711305340275262,2,IR,Gold
3280.703468490474,15.711305340275262,2,IR,Gold
3282.4621397166584,15.711305340275262,2,IR,Gold
3284.220810942843,15.711305340275262,2,IR,Gold
3285.979482169028,15.711305340275262,2,IR,Gold
3287.7381533952125,15.721305340275261,2,IR,Gold
3289.496824621397,15.711305340275262,2,IR,Gold
3291.2554958475816,15.711305340275262,2,IR,Gold
3293.014167073766,15.711305340275262,2,IR,Gold
3294.772838299951,15.711305340275262,2,IR,Gold
3296.531509526136,15.711305340275262,2,IR,Gold
3298.2901807523203,15.711305340275262,2,IR,Gold
3300.048851978505,15.711305340275262,2,IR,Gold
3301.80752320469,15.711305340275262,2,IR,Gold
3303.5661944308745,15.711305340275262,2,IR,Gold
3305.324865657059,15.711305340275262,2,IR,Gold
3307.0835368832436,15.711305340275262,2,IR,Gold
3308.842208109428,15.721305340275261,2,IR,Gold
3310.600879335613,15.711305340275262,2,IR,Gold
3312.3595505617977,15.711305340275262,2,IR,Gold
3314.1182217879823,15.721305340275261,2,IR,Gold
3315.876893014167,15.711305340275262,2,IR,Gold
3317.635564240352,15.711305340275262,2,IR,Gold
3319.3942354665364,15.711305340275262,2,IR,Gold
3321.152906692721,15.711305340275262,2,IR,Gold
3322.9115779189056,15.711305340275262,2,IR,Gold
3324.67024914509,15.711305340275262,2,IR,Gold
3326.428920371275,15.711305340275262,2,IR,Gold
3328.1875915974597,15.711305340275262,2,IR,Gold
3329.9462628236442,15.711305340275262,2,IR,Gold
3331.704934049829,15.711305340275262,2,IR,Gold
3333.463605276014,15.711305340275262,2,IR,Gold
3335.2222765021984,15.711305340275262,2,IR,Gold
3336.980947728383,15.711305340275262,2,IR,Gold
3338.7396189545675,15.711305340275262,2,IR,Gold
3340.498290180752,15.711305340275262,2,IR,Gold
3342.256961406937,15.711305340275262,2,IR,Gold
3344.0156326331216,15.711305340275262,2,IR,Gold
3345.774303859306,15.711305340275262,2,IR,Gold
3347.5329750854908,15.711305340275262,2,IR,Gold
3349.2916463116753,15.711305340275262,2,IR,Gold
3351.0503175378603,15.711305340275262,2,IR,Gold
3352.808988764045,15.711305340275262,2,IR,Gold
3354.5676599902295,15.711305340275262,2,IR,Gold
3356.326331216414,15.711305340275262,2,IR,Gold
3358.085002442599,15.711305340275262,2,IR,Gold
3359.8436736687836,15.721305340275261,2,IR,Gold
3361.602344894968,15.711305340275262,2,IR,Gold
3363.3610161211527,15.711305340275262,2,IR,Gold
3365.1196873473373,15.711305340275262,2,IR,Gold
3366.8783585735223,15.711305340275262,2,IR,Gold
3368.637029799707,15.711305340275262,2,IR,Gold
3370.3957010258914,15.711305340275262,2,IR,Gold
3372.154372252076,15.711305340275262,2,IR,Gold
3373.913043478261,15.711305340275262,2,IR,Gold
3375.6717147044455,15.711305340275262,2,IR,Gold
3377.43038593063,15.711305340275262,2,IR,Gold
3379.1890571568147,15.721305340275261,2,IR,Gold
3380.9477283829992,15.711305340275262,2,IR,Gold
3382.7063996091842,15.711305340275262,2,IR,Gold
3384.465070835369,15.711305340275262,2,IR,Gold
3386.2237420615534,15.711305340275262,2,IR,Gold
3387.982413287738,15.711305340275262,2,IR,Gold
3389.741084513923,15.711305340275262,2,IR,Gold
3391.4997557401075,15.721305340275261,2,IR,Gold
3393.258426966292,15.711305340275262,2,IR,Gold
3395.0170981924766,15.711305340275262,2,IR,Gold
3396.775769418661,15.711305340275262,2,IR,Gold
3398.534440644846,15.711305340275262,2,IR,Gold
3400.2931118710308,15.711305340275262,2,IR,Gold
3402.0517830972153,15.711305340275262,2,IR,Gold
3403.8104543234,15.711305340275262,2,IR,Gold
3405.569125549585,15.711305340275262,2,IR,Gold
3407.3277967757695,15.711305340275262,2,IR,Gold
3409.086468001954,15.711305340275262,2,IR,Gold
3410.8451392281386,15.711305340275262,2,IR,Gold
3412.603810454323,15.711305340275262,2,IR,Gold
3414.362481680508,15.711305340275262,2,IR,Gold
3416.1211529066927,15.711305340275262,2,IR,Gold
3417.8798241328773,15.711305340275262,2,IR,Gold
3419.638495359062,15.711305340275262,2,IR,Gold
3421.3971665852464,15.711305340275262,2,IR,Gold
3423.1558378114314,15.711305340275262,2,IR,Gold
3424.914509037616,15.711305340275262,2,IR,Gold
3426.6731802638005,15.711305340275262,2,IR,Gold
3428.431851489985,15.711305340275262,2,IR,Gold
3430.19052271617,15.711305340275262,2,IR,Gold
3431.9491939423547,15.711305340275262,2,IR,Gold
3433.7078651685392,15.711305340275262,2,IR,Gold
3435.466536394724,15.711305340275262,2,IR,Gold
3437.2252076209083,15.711305340275262,2,IR,Gold
3438.9838788470934,15.711305340275262,2,IR,Gold
3440.742550073278,15.711305340275262,2,IR,Gold
3442.5012212994625,15.711305340275262,2,IR,Gold
3444.259892525647,15.711305340275262,2,IR,Gold
3446.018563751832,15.711305340275262,2,IR,Gold
3447.7772349780166,15.711305340275262,2,IR,Gold
3449.535906204201,15.711305340275262,2,IR,Gold
3451.2945774303857,15.711305340275262,2,IR,Gold
3453.0532486565703,15.711305340275262,2,IR,Gold
3454.8119198827553,15.711305340275262,2,IR,Gold
3456.57059110894,15.711305340275262,2,IR,Gold
3458.3292623351244,15.711305340275262,2,IR,Gold
3460.087933561309,15.711305340275262,2,IR,Gold
3461.846604787494,15.721305340275261,2,IR,Gold
3463.6052760136786,15.711305340275262,2,IR,Gold
3465.363947239863,15.711305340275262,2,IR,Gold
3467.1226184660477,15.731305340275261,2,IR,Gold
3468.8812896922323,15.711305340275262,2,IR,Gold
3470.6399609184173,15.711305340275262,2,IR,Gold
3472.398632144602,15.711305340275262,2,IR,Gold
3474.1573033707864,15.711305340275262,2,IR,Gold
3475.915974596971,15.711305340275262,2,IR,Gold
3477.674645823156,15.711305340275262,2,IR,Gold
3479.4333170493405,15.711305340275262,2,IR,Gold
3481.191988275525,15.711305340275262,2,IR,Gold
3482.9506595017097,15.711305340275262,2,IR,Gold
3484.709330727894,15.711305340275262,2,IR,Gold
3486.468001954079,15.711305340275262,2,IR,Gold
3488.226673180264,15.711305340275262,2,IR,Gold
3489.9853444064483,15.711305340275262,2,IR,Gold
3491.744015632633,15.711305340275262,2,IR,Gold
3493.5026868588175,15.711305340275262,2,IR,Gold
3495.2613580850025,15.711305340275262,2,IR,Gold
3497.020029311187,15.711305340275262,2,IR,Gold
3498.7787005373716,15.711305340275262,2,IR,Gold
3500.537371763556,15.711305340275262,2,IR,Gold
3502.296042989741,15.711305340275262,2,IR,Gold
3504.0547142159257,15.711305340275262,2,IR,Gold
3505.8133854421103,15.711305340275262,2,IR,Gold
3507.572056668295,15.711305340275262,2,IR,Gold
3509.3307278944794,15.711305340275262,2,IR,Gold
3511.0893991206644,15.711305340275262,2,IR,Gold
3512.848070346849,15.711305340275262,2,IR,Gold
3514.6067415730336,15.711305340275262,2,IR,Gold
3516.365412799218,15.721305340275261,2,IR,Gold
3518.124084025403,15.711305340275262,2,IR,Gold
3519.8827552515877,15.711305340275262,2,IR,Gold
3521.6414264777723,15.721305340275261,2,IR,Gold
3523.400097703957,15.711305340275262,2,IR,Gold
3525.1587689301414,15.711305340275262,2,IR,Gold
3526.9174401563264,15.711305340275262,2,IR,Gold
3528.676111382511,15.711305340275262,2,IR,Gold
3530.4347826086955,15.711305340275262,2,IR,Gold
3532.19345383488,15.711305340275262,2,IR,Gold
3533.952125061065,15.711305340275262,2,IR,Gold
3535.7107962872497,15.711305340275262,2,IR,Gold
3537.469467513434,15.711305340275262,2,IR,Gold
3539.2281387396188,15.711305340275262,2,IR,Gold
3540.9868099658033,15.711305340275262,2,IR,Gold
3542.7454811919883,15.711305340275262,2,IR,Gold
3544.504152418173,15.711305340275262,2,IR,Gold
3546.2628236443575,15.711305340275262,2,IR,Gold
3548.021494870542,15.711305340275262,2,IR,Gold
3549.780166096727,15.711305340275262,2,IR,Gold
3551.5388373229116,15.711305340275262,2,IR,Gold
3553.297508549096,15.711305340275262,2,IR,Gold
3555.0561797752807,15.711305340275262,2,IR,Gold
3556.8148510014653,15.711305340275262,2,IR,Gold
3558.5735222276503,15.721305340275261,2,IR,Gold
3560.332193453835,15.711305340275262,2,IR,Gold
3562.0908646800194,15.711305340275262,2,IR,Gold
3563.849535906204,15.711305340275262,2,IR,Gold
3565.608207132389,15.711305340275262,2,IR,Gold
3567.3668783585736,15.711305340275262,2,IR,Gold
3569.125549584758,15.711305340275262,2,IR,Gold
3570.8842208109427,15.711305340275262,2,IR,Gold
3572.6428920371272,15.711305340275262,2,IR,Gold
3574.4015632633123,15.711305340275262,2,IR,Gold
3576.160234489497,15.711305340275262,2,IR,Gold
3577.9189057156814,15.711305340275262,2,IR,Gold
3579.677576941866,15.711305340275262,2,IR,Gold
3581.4362481680505,15.711305340275262,2,IR,Gold
3583.1949193942355,15.711305340275262,2,IR,Gold
3584.95359062042,15.711305340275262,2,IR,Gold
3586.7122618466046,15.711305340275262,2,IR,Gold
3588.470933072789,15.711305340275262,2,IR,Gold
3590.229604298974,15.721305340275261,2,IR,Gold
3591.9882755251588,15.721305340275261,2,IR,Gold
3593.7469467513433,15.711305340275262,2,IR,Gold
3595.505617977528,15.711305340275262,2,IR,Gold
3597.2642892037125,15.711305340275262,2,IR,Gold
3599.0229604298975,15.711305340275262,2,IR,Gold
3600.781631656082,15.711305340275262,2,IR,Gold
3602.5403028822666,15.721305340275261,2,IR,Gold
3604.298974108451,15.721305340275261,2,IR,Gold
3606.057645334636,15.711305340275262,2,IR,Gold
3607.8163165608207,15.711305340275262,2,IR,Gold
3609.5749877870053,15.711305340275262,2,IR,Gold
3611.33365901319,15.711305340275262,2,IR,Gold
3613.0923302393744,15.711305340275262,2,IR,Gold
3614.8510014655594,15.711305340275262,2,IR,Gold
3616.609672691744,15.721305340275261,2,IR,Gold
3618.3683439179285,15.711305340275262,2,IR,Gold
3620.127015144113,15.711305340275262,2,IR,Gold
3621.885686370298,15.711305340275262,2,IR,Gold
3623.6443575964827,15.711305340275262,2,IR,Gold
3625.4030288226672,15.711305340275262,2,IR,Gold
3627.161700048852,15.711305340275262,2,IR,Gold
3628.9203712750364,15.711305340275262,2,IR,Gold
3630.6790425012214,15.711305340275262,2,IR,Gold
3632.437713727406,15.711305340275262,2,IR,Gold
3634.1963849535905,15.711305340275262,2,IR,Gold
3635.955056179775,15.711305340275262,2,IR,Gold
3637.71372740596,15.711305340275262,2,IR,Gold
3639.4723986321446,15.721305340275261,2,IR,Gold
3641.231069858329,15.711305340275262,2,IR,Gold
3642.9897410845138,15.711305340275262,2,IR,Gold
3644.7484123106983,15.711305340275262,2,IR,Gold
3646.5070835368833,15.721305340275261,2,IR,Gold
3648.265754763068,15.711305340275262,2,IR,Gold
3650.0244259892524,15.711305340275262,2,IR,Gold
3651.783097215437,15.711305340275262,2,IR,Gold
3653.5417684416216,15.711305340275262,2,IR,Gold
3655.3004396678066,15.711305340275262,2,IR,Gold
3657.059110893991,15.711305340275262,2,IR,Gold
3658.8177821201757,15.711305340275262,2,IR,Gold
3660.5764533463603,15.711305340275262,2,IR,Gold
3662.3351245725453,15.711305340275262,2,IR,Gold
3664.09379579873,15.711305340275262,2,IR,Gold
3665.8524670249144,15.711305340275262,2,IR,Gold
3667.611138251099,15.711305340275262,2,IR,Gold
3669.3698094772835,15.711305340275262,2,IR,Gold
3671.1284807034685,15.711305340275262,2,IR,Gold
3672.887151929653,15.711305340275262,2,IR,Gold
3674.6458231558377,15.711305340275262,2,IR,Gold
3676.404494382022,15.711305340275262,2,IR,Gold
3678.1631656082072,15.721305340275261,2,IR,Gold
3679.921836834392,15.711305340275262,2,IR,Gold
3681.6805080605764,15.711305340275262,2,IR,Gold
3683.439179286761,15.721305340275261,2,IR,Gold
3685.1978505129455,15.731305340275261,2,IR,Gold
3686.9565217391305,15.721305340275261,2,IR,Gold
3688.715192965315,15.711305340275262,2,IR,Gold
3690.4738641914996,15.711305340275262,2,IR,Gold
3692.232535417684,15.711305340275262,2,IR,Gold
3693.991206643869,15.711305340275262,2,IR,Gold
3695.7498778700538,15.711305340275262,2,IR,Gold
3697.5085490962383,15.711305340275262,2,IR,Gold
3699.267220322423,15.711305340275262,2,IR,Gold
3701.0258915486074,15.711305340275262,2,IR,Gold
3702.7845627747924,15.711305340275262,2,IR,Gold
3704.543234000977,15.711305340275262,2,IR,Gold
3706.3019052271616,15.711305340275262,2,IR,Gold
3708.060576453346,15.711305340275262,2,IR,Gold
3709.819247679531,15.711305340275262,2,IR,Gold
3711.5779189057157,15.711305340275262,2,IR,Gold
3713.3365901319003,15.711305340275262,2,IR,Gold
3715.095261358085,15.711305340275262,2,IR,Gold
3716.8539325842694,15.721305340275261,2,IR,Gold
3718.6126038104544,15.721305340275261,2,IR,Gold
3720.371275036639,15.711305340275262,2,IR,Gold
3722.1299462628235,15.711305340275262,2,IR,Gold
3723.888617489008,15.711305340275262,2,IR,Gold
3725.647288715193,15.711305340275262,2,IR,Gold
3727.4059599413777,15.711305340275262,2,IR,Gold
3729.164631167562,15.711305340275262,2,IR,Gold
3730.923302393747,15.711305340275262,2,IR,Gold
3732.6819736199313,15.711305340275262,2,IR,Gold
3734.4406448461164,15.711305340275262,2,IR,Gold
3736.199316072301,15.711305340275262,2,IR,Gold
3737.9579872984855,15.711305340275262,2,IR,Gold
3739.71665852467,15.711305340275262,2,IR,Gold
3741.4753297508546,15.711305340275262,2,IR,Gold
3743.2340009770396,15.711305340275262,2,IR,Gold
3744.992672203224,15.721305340275261,2,IR,Gold
3746.7513434294087,15.711305340275262,2,IR,Gold
3748.5100146555933,15.711305340275262,2,IR,Gold
3750.2686858817783,15.711305340275262,2,IR,Gold
3752.027357107963,15.711305340275262,2,IR,Gold
3753.7860283341474,15.711305340275262,2,IR,Gold
3755.544699560332,15.711305340275262,2,IR,Gold
3757.3033707865166,15.711305340275262,2,IR,Gold
3759.0620420127016,15.711305340275262,2,IR,Gold
3760.820713238886,15.711305340275262,2,IR,Gold
3762.5793844650707,15.711305340275262,2,IR,Gold
3764.3380556912552,15.711305340275262,2,IR,Gold
3766.0967269174403,15.711305340275262,2,IR,Gold
3767.855398143625,15.711305340275262,2,IR,Gold
3769.6140693698094,15.711305340275262,2,IR,Gold
3771.372740595994,15.711305340275262,2,IR,Gold
3773.1314118221785,15.721305340275261,2,IR,Gold
3774.8900830483635,15.711305340275262,2,IR,Gold
3776.648754274548,15.711305340275262,2,IR,Gold
3778.4074255007326,15.711305340275262,2,IR,Gold
3780.166096726917,15.711305340275262,2,IR,Gold
3781.924767953102,15.711305340275262,2,IR,Gold
3783.683439179287,15.711305340275262,2,IR,Gold
3785.4421104054713,15.711305340275262,2,IR,Gold
3787.200781631656,15.711305340275262,2,IR,Gold
3788.9594528578405,15.711305340275262,2,IR,Gold
3790.7181240840255,15.711305340275262,2,IR,Gold
3792.47679531021,15.711305340275262,2,IR,Gold
3794.2354665363946,15.711305340275262,2,IR,Gold
3795.994137762579,15.711305340275262,2,IR,Gold
3797.752808988764,15.711305340275262,2,IR,Gold
3799.5114802149487,15.711305340275262,2,IR,Gold
3801.2701514411333,15.711305340275262,2,IR,Gold
3803.028822667318,15.711305340275262,2,IR,Gold
3804.7874938935024,15.711305340275262,2,IR,Gold
3806.5461651196874,15.711305340275262,2,IR,Gold
3808.304836345872,15.711305340275262,2,IR,Gold
3810.0635075720566,15.711305340275262,2,IR,Gold
3811.822178798241,15.711305340275262,2,IR,Gold
3813.5808500244257,15.711305340275262,2,IR,Gold
3815.3395212506107,15.711305340275262,2,IR,Gold
3817.0981924767952,15.711305340275262,2,IR,Gold
3818.85686370298,15.711305340275262,2,IR,Gold
3820.6155349291644,15.721305340275261,2,IR,Gold
3822.3742061553494,15.721305340275261,2,IR,Gold
3824.132877381534,15.711305340275262,2,IR,Gold
3825.8915486077185,15.721305340275261,2,IR,Gold
3827.650219833903,15.711305340275262,2,IR,Gold
3829.4088910600876,15.711305340275262,2,IR,Gold
3831.1675622862726,15.711305340275262,2,IR,Gold
3832.926233512457,15.711305340275262,2,IR,Gold
3834.6849047386418,15.711305340275262,2,IR,Gold
3836.4435759648263,15.711305340275262,2,IR,Gold
3838.2022471910113,15.711305340275262,2,IR,Gold
3839.960918417196,15.711305340275262,2,IR,Gold
3841.7195896433805,15.711305340275262,2,IR,Gold
3843.478260869565,15.711305340275262,2,IR,Gold
3845.2369320957496,15.711305340275262,2,IR,Gold
3846.9956033219346,15.711305340275262,2,IR,Gold
3848.754274548119,15.711305340275262,2,IR,Gold
3850.5129457743037,15.711305340275262,2,IR,Gold
3852.2716170004883,15.711305340275262,2,IR,Gold
3854.0302882266733,15.711305340275262,2,IR,Gold
3855.788959452858,15.711305340275262,2,IR,Gold
3857.5476306790424,15.721305340275261,2,IR,Gold
3859.306301905227,15.711305340275262,2,IR,Gold
3861.0649731314115,15.711305340275262,2,IR,Gold
3862.8236443575965,15.711305340275262,2,IR,Gold
3864.582315583781,15.711305340275262,2,IR,Gold
3866.3409868099657,15.711305340275262,2,IR,Gold
3868.0996580361502,15.711305340275262,2,IR,Gold
3869.8583292623352,15.711305340275262,2,IR,Gold
3871.61700048852,15.711305340275262,2,IR,Gold
3873.3756717147044,15.711305340275262,2,IR,Gold
3875.134342940889,15.711305340275262,2,IR,Gold
3876.8930141670735,15.711305340275262,2,IR,Gold
3878.6516853932585,15.711305340275262,2,IR,Gold
3880.410356619443,15.711305340275262,2,IR,Gold
3882.1690278456276,15.711305340275262,2,IR,Gold
3883.927699071812,15.711305340275262,2,IR,Gold
3885.6863702979967,15.711305340275262,2,IR,Gold
3887.4450415241818,15.711305340275262,2,IR,Gold
3889.2037127503663,15.711305340275262,2,IR,Gold
3890.962383976551,15.721305340275261,2,IR,Gold
3892.7210552027354,15.711305340275262,2,IR,Gold
3894.4797264289205,15.711305340275262,2,IR,Gold
3896.238397655105,15.711305340275262,2,IR,Gold
3897.9970688812896,15.711305340275262,2,IR,Gold
3899.755740107474,15.711305340275262,2,IR,Gold
3901.5144113336587,15.711305340275262,2,IR,Gold
3903.2730825598437,15.711305340275262,2,IR,Gold
3905.0317537860283,15.711305340275262,2,IR,Gold
3906.790425012213,15.711305340275262,2,IR,Gold
3908.5490962383974,15.711305340275262,2,IR,Gold
3910.3077674645824,15.711305340275262,2,IR,Gold
3912.066438690767,15.711305340275262,2,IR,Gold
3913.8251099169515,15.711305340275262,2,IR,Gold
3915.583781143136,15.711305340275262,2,IR,Gold
3917.3424523693207,15.711305340275262,2,IR,Gold
3919.1011235955057,15.711305340275262,2,IR,Gold
3920.8597948216902,15.711305340275262,2,IR,Gold
3922.618466047875,15.711305340275262,2,IR,Gold
3924.3771372740594,15.721305340275261,2,IR,Gold
3926.1358085002444,15.711305340275262,2,IR,Gold
3927.894479726429,15.711305340275262,2,IR,Gold
3929.6531509526135,15.711305340275262,2,IR,Gold
3931.411822178798,15.711305340275262,2,IR,Gold
3933.1704934049826,15.711305340275262,2,IR,Gold
3934.9291646311676,15.711305340275262,2,IR,Gold
3936.687835857352,15.711305340275262,2,IR,Gold
3938.4465070835367,15.711305340275262,2,IR,Gold
3940.2051783097213,15.711305340275262,2,IR,Gold
3941.9638495359063,15.711305340275262,2,IR,Gold
3943.722520762091,15.711305340275262,2,IR,Gold
3945.4811919882754,15.711305340275262,2,IR,Gold
3947.23986321446,15.721305340275261,2,IR,Gold
3948.9985344406446,15.711305340275262,2,IR,Gold
3950.7572056668296,15.711305340275262,2,IR,Gold
3952.515876893014,15.711305340275262,2,IR,Gold
3954.2745481191987,15.711305340275262,2,IR,Gold
3956.0332193453833,15.711305340275262,2,IR,Gold
3957.7918905715683,15.711305340275262,2,IR,Gold
3959.550561797753,15.711305340275262,2,IR,Gold
3961.3092330239374,15.711305340275262,2,IR,Gold
3963.067904250122,15.711305340275262,2,IR,Gold
3964.8265754763065,15.711305340275262,2,IR,Gold
3966.5852467024915,15.711305340275262,2,IR,Gold
3968.343917928676,15.711305340275262,2,IR,Gold
3970.1025891548607,15.711305340275262,2,IR,Gold
3971.861260381045,15.711305340275262,2,IR,Gold
3973.61993160723,15.711305340275262,2,IR,Gold
3975.378602833415,15.711305340275262,2,IR,Gold
3977.1372740595993,15.711305340275262,2,IR,Gold
3978.895945285784,15.711305340275262,2,IR,Gold
3980.6546165119685,15.711305340275262,2,IR,Gold
3982.4132877381535,15.711305340275262,2,IR,Gold
3984.171958964338,15.711305340275262,2,IR,Gold
3985.9306301905226,15.711305340275262,2,IR,Gold
3987.689301416707,15.711305340275262,2,IR,Gold
3989.4479726428917,15.711305340275262,2,IR,Gold
3991.2066438690767,15.711305340275262,2,IR,Gold
3992.9653150952613,15.711305340275262,2,IR,Gold
3994.723986321446,15.711305340275262,2,IR,Gold
3996.4826575476304,15.711305340275262,2,IR,Gold
3998.2413287738154,15.711305340275262,2,IR,Gold
4000.0,15.711305340275262,2,IR,Gold
