energy,intensity,line_id,technique,material
0.1,0.06674109004322232,1,EDS,Graphite
0.10972154372252077,0.07136650443753856,1,EDS,Graphite
0.11944308744504153,0.07447895813902654,1,EDS,Graphite
0.1291646311675623,0.0783440284143295,1,EDS,Graphite
0.13888617489008304,0.09299903620603023,1,EDS,Graphite
0.1486077186126038,0.1061704197004627,1,EDS,Graphite
0.15832926233512457,0.08899608799467061,1,EDS,Graphite
0.16805080605764533,0.10285754003939701,1,EDS,Graphite
0.1777723497801661,0.10557283195288569,1,EDS,Graphite
0.18749389350268686,0.08874102271301222,1,EDS,Graphite
0.19721543722520762,0.15246358836281837,1,EDS,Graphite
0.2069369809477284,0.09608147710983322,1,EDS,Graphite
0.21665852467024915,0.126510898920833,1,EDS,Graphite
0.2263800683927699,0.15436385588894388,1,EDS,Graphite
0.23610161211529065,0.20925619061534345,1,EDS,Graphite
0.24582315583781142,0.324874035366936,1,EDS,Graphite
0.2555446995603322,0.5156826274888835,1,EDS,Graphite
0.265266243282853,0.689806944189294,1,EDS,Graphite
0.27498778700537374,0.8314991024470041,1,EDS,Graphite
0.2847093307278945,0.7804694170086358,1,EDS,Graphite
0.29443087445041527,0.6151387598777769,1,EDS,Graphite
0.304152418172936,0.4068437820858553,1,EDS,Graphite
0.31387396189545674,0.2805973266818202,1,EDS,Graphite
0.3235955056179775,0.19764382951349208,1,EDS,Graphite
0.3333170493404983,0.14170552499470862,1,EDS,Graphite
0.34303859306301904,0.15176623004293754,1,EDS,Graphite
0.35276013678553975,0.1297554765499005,1,EDS,Graphite
0.3624816805080605,0.13100773029554846,1,EDS,Graphite
0.3722032242305813,0.14248102884493355,1,EDS,Graphite
0.38192476795310204,0.14542981790401205,1,EDS,Graphite
0.3916463116756228,0.1461267481830547,1,EDS,Graphite
0.40136785539814357,0.1372035337851525,1,EDS,Graphite
0.41108939912066433,0.1397411716608848,1,EDS,Graphite
0.4208109428431851,0.15022115885588083,1,EDS,Graphite
0.43053248656570586,0.1524466776762266,1,EDS,Graphite
0.4402540302882266,0.1527844860166989,1,EDS,Graphite
0.4499755740107474,0.17452445114843282,1,EDS,Graphite
0.45969711773326816,0.16668788960917463,1,EDS,Graphite
0.4694186614557889,0.16831120279179662,1,EDS,Graphite
0.4791402051783097,0.14933111259091894,1,EDS,Graphite
0.48886174890083045,0.1704624916876138,1,EDS,Graphite
0.4985832926233512,0.16161459747959542,1,EDS,Graphite
0.508304836345872,0.17222634790611407,1,EDS,Graphite
0.5180263800683927,0.16380365376449724,1,EDS,Graphite
0.5277479237909135,0.1550955656308314,1,EDS,Graphite
0.5374694675134343,0.16700654304981505,1,EDS,Graphite
0.547191011235955,0.1777436976193816,1,EDS,Graphite
0.5569125549584758,0.1977385992635889,1,EDS,Graphite
0.5666340986809966,0.16986361178567635,1,EDS,Graphite
0.5763556424035173,0.17052667837059554,1,EDS,Graphite
0.5860771861260381,0.18138025547763176,1,EDS,Graphite
0.5957987298485589,0.1630228445562409,1,EDS,Graphite
0.6055202735710795,0.22419598506512975,1,EDS,Graphite
0.6152418172936003,0.17508032168548976,1,EDS,Graphite
0.624963361016121,0.16508448745018048,1,EDS,Graphite
0.6346849047386418,0.16625024591471324,1,EDS,Graphite
0.6444064484611626,0.1974525186260288,1,EDS,Graphite
0.6541279921836833,0.18863702617184072,1,EDS,Graphite
0.6638495359062041,0.17872348334032864,1,EDS,Graphite
0.6735710796287249,0.18968981783193886,1,EDS,Graphite
0.6832926233512456,0.20001387757287215,1,EDS,Graphite
0.6930141670737664,0.17074723204131909,1,EDS,Graphite
0.7027357107962872,0.17254196783272047,1,EDS,Graphite
0.7124572545188079,0.19356687884837262,1,EDS,Graphite
0.7221787982413287,0.1935618292352503,1,EDS,Graphite
0.7319003419638495,0.19482770273329242,1,EDS,Graphite
0.7416218856863702,0.18519524892857067,1,EDS,Graphite
0.751343429408891,0.19536005986931068,1,EDS,Graphite
0.7610649731314117,0.1765448317125238,1,EDS,Graphite
0.7707865168539325,0.17780257732760335,1,EDS,Graphite
0.7805080605764533,0.18763248791936865,1,EDS,Graphite
0.790229604298974,0.17908017784652358,1,EDS,Graphite
0.7999511480214948,0.2175410880298426,1,EDS,Graphite
0.8096726917440156,0.1899085322023149,1,EDS,Graphite
0.8193942354665363,0.23011649339153672,1,EDS,Graphite
0.8291157791890571,0.20049120785955196,1,EDS,Graphite
0.8388373229115779,0.20125296201436055,1,EDS,Graphite
0.8485588666340986,0.25073316940355495,1,EDS,Graphite
0.8582804103566194,0.2021791112577585,1,EDS,Graphite
0.8680019540791402,0.2030014225835742,1,EDS,Graphite
0.8777234978016609,0.20409218005637517,1,EDS,Graphite
0.8874450415241816,0.18356996417844854,1,EDS,Graphite
0.8971665852467023,0.18391390718399214,1,EDS,Graphite
0.9068881289692231,0.20455424481203122,1,EDS,Graphite
0.9166096726917439,0.19575511733871265,1,EDS,Graphite
0.9263312164142646,0.20591607838221082,1,EDS,Graphite
0.9360527601367854,0.18592753929658354,1,EDS,Graphite
0.9457743038593062,0.1969068036412996,1,EDS,Graphite
0.9554958475818269,0.20712669744140982,1,EDS,Graphite
0.9652173913043477,0.19799932188176977,1,EDS,Graphite
0.9749389350268685,0.20755629613002244,1,EDS,Graphite
0.9846604787493892,0.20815563777883175,1,EDS,Graphite
0.99438202247191,0.22852082891729064,1,EDS,Graphite
1.0041035661944309,0.1983600398236104,1,EDS,Graphite
1.0138251099169515,0.19964611796010853,1,EDS,Graphite
1.0235466536394724,0.20000167023991436,1,EDS,Graphite
1.033268197361993,0.19023578139227607,1,EDS,Graphite
1.042989741084514,0.20047048565539313,1,EDS,Graphite
1.0527112848070346,0.20021388798241171,1,EDS,Graphite
1.0624328285295555,0.19106802018002816,1,EDS,Graphite
1.072154372252076,0.19144363241262372,1,EDS,Graphite
1.081875915974597,0.1915358229714701,1,EDS,Graphite
1.0915974596971176,0.22218666317241903,1,EDS,Graphite
1.1013190034196385,0.21279173550449296,1,EDS,Graphite
1.1110405471421592,0.2038612786355297,1,EDS,Graphite
1.12076209086468,0.23328266622553204,1,EDS,Graphite
1.1304836345872007,0.21361994684983704,1,EDS,Graphite
1.1402051783097216,0.1937375687737474,1,EDS,Graphite
1.1499267220322422,0.20307162565942521,1,EDS,Graphite
1.159648265754763,0.21432009518068357,1,EDS,Graphite
1.1693698094772838,0.1946345387767869,1,EDS,Graphite
1.1790913531998046,0.19613360059013868,1,EDS,Graphite
1.1888128969223253,0.21502681209173072,1,EDS,Graphite
1.1985344406448462,0.22553313134544956,1,EDS,Graphite
1.2082559843673668,0.21560716780620007,1,EDS,Graphite
1.2179775280898877,0.2152657068083873,1,EDS,Graphite
1.2276990718124083,0.2066897741325833,1,EDS,Graphite
1.2374206155349292,0.19671956117028305,1,EDS,Graphite
1.2471421592574499,0.20696515748264876,1,EDS,Graphite
1.2568637029799707,0.20631156168610784,1,EDS,Graphite
1.2665852467024914,0.19771536555869285,1,EDS,Graphite
1.2763067904250123,0.2064842700856223,1,EDS,Graphite
1.286028334147533,0.20771204306456623,1,EDS,Graphite
1.2957498778700538,0.2087371174092539,1,EDS,Graphite
1.3054714215925745,0.21729830917319046,1,EDS,Graphite
1.3151929653150953,0.22770793880879586,1,EDS,Graphite
1.324914509037616,0.208237286816623,1,EDS,Graphite
1.3346360527601369,0.21810990870713748,1,EDS,Graphite
1.3443575964826575,0.23774992491195873,1,EDS,Graphite
1.3540791402051782,0.21875614561114753,1,EDS,Graphite
1.363800683927699,0.19834464049591388,1,EDS,Graphite
1.3735222276502197,0.21929966126539627,1,EDS,Graphite
1.3832437713727406,0.2287451847325758,1,EDS,Graphite
1.3929653150952612,0.21017189680300097,1,EDS,Graphite
1.402686858817782,0.2091262257193944,1,EDS,Graphite
1.4124084025403028,0.209512940051503,1,EDS,Graphite
1.4221299462628236,0.22024245909529855,1,EDS,Graphite
1.4318514899853443,0.23933376893629157,1,EDS,Graphite
1.4415730337078652,0.24022171858658542,1,EDS,Graphite
1.4512945774303858,0.21091141399857982,1,EDS,Graphite
1.4610161211529067,0.2095445152866885,1,EDS,Graphite
1.4707376648754273,0.26059328734119636,1,EDS,Graphite
1.4804592085979482,0.2107561475717372,1,EDS,Graphite
1.4901807523204689,0.22114518702301011,1,EDS,Graphite
1.4999022960429897,0.20022497859707022,1,EDS,Graphite
1.5096238397655104,0.21029616083656394,1,EDS,Graphite
1.5193453834880313,0.2313539722992437,1,EDS,Graphite
1.529066927210552,0.2413459889261191,1,EDS,Graphite
1.5387884709330728,0.2314265773170191,1,EDS,Graphite
1.5485100146555935,0.22157727312935072,1,EDS,Graphite
1.5582315583781143,0.20114799700004765,1,EDS,Graphite
1.567953102100635,0.21171219502623073,1,EDS,Graphite
1.5776746458231559,0.21183578680092352,1,EDS,Graphite
1.5873961895456765,0.2314073937829785,1,EDS,Graphite
1.5971177332681974,0.2428200661125879,1,EDS,Graphite
1.606839276990718,0.21218831862425802,1,EDS,Graphite
1.616560820713239,0.21141335760195082,1,EDS,Graphite
1.6262823644357596,0.2124412674443935,1,EDS,Graphite
1.6360039081582805,0.21167826307954654,1,EDS,Graphite
1.645725451880801,0.22265653578999028,1,EDS,Graphite
1.655446995603322,0.22291760345657893,1,EDS,Graphite
1.6651685393258426,0.22196780472705951,1,EDS,Graphite
1.6748900830483633,0.23294974432061963,1,EDS,Graphite
1.6846116267708842,0.21272918517803285,1,EDS,Graphite
1.6943331704934048,0.22299950068910607,1,EDS,Graphite
1.7040547142159257,0.21360939852984215,1,EDS,Graphite
1.7137762579384463,0.22256343582693655,1,EDS,Graphite
1.7234978016609672,0.21235485680302577,1,EDS,Graphite
1.7332193453834879,0.2123354249557161,1,EDS,Graphite
1.7429408891060088,0.22242134884513456,1,EDS,Graphite
1.7526624328285294,0.21284679223613892,1,EDS,Graphite
1.7623839765510503,0.21310527586512118,1,EDS,Graphite
1.772105520273571,0.20311343182014557,1,EDS,Graphite
1.7818270639960918,0.2134354756539129,1,EDS,Graphite
1.7915486077186125,0.21305393917821758,1,EDS,Graphite
1.8012701514411333,0.22382916192919186,1,EDS,Graphite
1.810991695163654,0.20297874907228838,1,EDS,Graphite
1.8207132388861749,0.22454354371637172,1,EDS,Graphite
1.8304347826086955,0.23349559785178303,1,EDS,Graphite
1.8401563263312164,0.2027600287576129,1,EDS,Graphite
1.849877870053737,0.2226747638319864,1,EDS,Graphite
1.859599413776258,0.22349579921352233,1,EDS,Graphite
1.8693209574987786,0.21315365287652854,1,EDS,Graphite
1.8790425012212995,0.22365427815239602,1,EDS,Graphite
1.88876404494382,0.203547428290819,1,EDS,Graphite
1.898485588666341,0.23328179701418955,1,EDS,Graphite
1.9082071323888616,0.2328971939701332,1,EDS,Graphite
1.9179286761113825,0.20256521622875598,1,EDS,Graphite
1.9276502198339032,0.21312392645880612,1,EDS,Graphite
1.937371763556424,0.2238014433810854,1,EDS,Graphite
1.9470933072789447,0.2134774057380194,1,EDS,Graphite
1.9568148510014656,0.22273145215960632,1,EDS,Graphite
1.9665363947239862,0.2034634361794528,1,EDS,Graphite
1.9762579384465069,0.21357347657772716,1,EDS,Graphite
1.9859794821690278,0.2329204915245219,1,EDS,Graphite
1.9957010258915484,0.22345151159491122,1,EDS,Graphite
2.005422569614069,0.2333985237844968,1,EDS,Graphite
2.0151441133365897,0.21277565029536394,1,EDS,Graphite
2.024865657059111,0.203539959166609,1,EDS,Graphite
2.0345872007816315,0.22363568672983708,1,EDS,Graphite
2.044308744504152,0.2138939811758507,1,EDS,Graphite
2.0540302882266728,0.21386729113787006,1,EDS,Graphite
2.063751831949194,0.20260440055875759,1,EDS,Graphite
2.0734733756717145,0.2228158460643154,1,EDS,Graphite
2.083194919394235,0.21354650809187567,1,EDS,Graphite
2.092916463116756,0.26352833959418775,1,EDS,Graphite
2.102638006839277,0.23351003902396458,1,EDS,Graphite
2.1123595505617976,0.2052052031808217,1,EDS,Graphite
2.1220810942843182,0.22349664421505852,1,EDS,Graphite
2.1318026380068393,0.2137637644394797,1,EDS,Graphite
2.14152418172936,0.22364597428679076,1,EDS,Graphite
2.1512457254518806,0.23346462941028628,1,EDS,Graphite
2.1609672691744013,0.22294065041967212,1,EDS,Graphite
2.1706888128969224,0.22346435565239242,1,EDS,Graphite
2.180410356619443,0.22264730852941148,1,EDS,Graphite
2.1901319003419637,0.2028918037905574,1,EDS,Graphite
2.1998534440644844,0.21273179078034385,1,EDS,Graphite
2.2095749877870055,0.20298983174663124,1,EDS,Graphite
2.219296531509526,0.22410270714076413,1,EDS,Graphite
2.2290180752320468,0.22191730352190128,1,EDS,Graphite
2.2387396189545674,0.21319261553645943,1,EDS,Graphite
2.2484611626770885,0.20197262721290526,1,EDS,Graphite
2.258182706399609,0.20251944837390948,1,EDS,Graphite
2.26790425012213,0.20328103257232596,1,EDS,Graphite
2.2776257938446505,0.2427125341450076,1,EDS,Graphite
2.287347337567171,0.2120825828635769,1,EDS,Graphite
2.297068881289692,0.21222478253695287,1,EDS,Graphite
2.306790425012213,0.2128965423608292,1,EDS,Graphite
2.3165119687347335,0.2321255477730918,1,EDS,Graphite
2.326233512457254,0.23256482344325308,1,EDS,Graphite
2.3359550561797753,0.23242854078997352,1,EDS,Graphite
2.345676599902296,0.2120206961288182,1,EDS,Graphite
2.3553981436248166,0.21340700718066694,1,EDS,Graphite
2.3651196873473372,0.2525792854871697,1,EDS,Graphite
2.3748412310698583,0.2111599524604524,1,EDS,Graphite
2.384562774792379,0.21224305102224358,1,EDS,Graphite
2.3942843185148996,0.2117524382645037,1,EDS,Graphite
2.4040058622374203,0.2024751039435417,1,EDS,Graphite
2.4137274059599414,0.2015730230549386,1,EDS,Graphite
2.423448949682462,0.20186382572474015,1,EDS,Graphite
2.4331704934049827,0.23212382822159386,1,EDS,Graphite
2.4428920371275034,0.2022497839508987,1,EDS,Graphite
2.4526135808500245,0.20112745435353907,1,EDS,Graphite
2.462335124572545,0.20151112242706778,1,EDS,Graphite
2.4720566682950658,0.21137668204475626,1,EDS,Graphite
2.4817782120175864,0.21122183426352267,1,EDS,Graphite
2.4914997557401075,0.20240099382849483,1,EDS,Graphite
2.501221299462628,0.2216367859590068,1,EDS,Graphite
2.510942843185149,0.20071473274264567,1,EDS,Graphite
2.5206643869076695,0.2117678827359975,1,EDS,Graphite
2.5303859306301906,0.20231932016522888,1,EDS,Graphite
2.5401074743527112,0.2316908340484576,1,EDS,Graphite
2.549829018075232,0.22030998694717868,1,EDS,Graphite
2.5595505617977525,0.210771956121636,1,EDS,Graphite
2.5692721055202736,0.2116011197512934,1,EDS,Graphite
2.5789936492427943,0.23051450232586917,1,EDS,Graphite
2.588715192965315,0.21103383076532198,1,EDS,Graphite
2.5984367366878356,0.21113054736045095,1,EDS,Graphite
2.6081582804103562,0.21018186259511334,1,EDS,Graphite
2.6178798241328773,0.22055280782805475,1,EDS,Graphite
2.627601367855398,0.2088417800361623,1,EDS,Graphite
2.6373229115779186,0.1999047963703184,1,EDS,Graphite
2.6470444553004393,0.21022431654741874,1,EDS,Graphite
2.6567659990229604,0.21963485847298855,1,EDS,Graphite
2.666487542745481,0.21103656007230187,1,EDS,Graphite
2.6762090864680017,0.19938304605322538,1,EDS,Graphite
2.6859306301905224,0.24981180548537907,1,EDS,Graphite
2.6956521739130435,0.22002432577098885,1,EDS,Graphite
2.705373717635564,0.2006163531187283,1,EDS,Graphite
2.7150952613580848,0.22905527812363488,1,EDS,Graphite
2.7248168050806054,0.2303081689689539,1,EDS,Graphite
2.7345383488031265,0.19963192072041058,1,EDS,Graphite
2.744259892525647,0.21903783749870534,1,EDS,Graphite
2.753981436248168,0.2096948122308962,1,EDS,Graphite
2.7637029799706885,0.2094739218098052,1,EDS,Graphite
2.7734245236932096,0.21897675255607021,1,EDS,Graphite
2.7831460674157302,0.21923412206047374,1,EDS,Graphite
2.792867611138251,0.1989125392716769,1,EDS,Graphite
2.8025891548607715,0.20908062670661798,1,EDS,Graphite
2.8123106985832926,0.19927366408399227,1,EDS,Graphite
2.8220322423058133,0.20965895479756394,1,EDS,Graphite
2.831753786028334,0.2281173503772544,1,EDS,Graphite
2.8414753297508546,0.19975909881981826,1,EDS,Graphite
2.8511968734733757,0.21756797950260398,1,EDS,Graphite
2.8609184171958963,0.2284012715258614,1,EDS,Graphite
2.870639960918417,0.23868903577567627,1,EDS,Graphite
2.8803615046409377,0.2084378430862355,1,EDS,Graphite
2.8900830483634588,0.2278795379985135,1,EDS,Graphite
2.8998045920859794,0.19799821925658764,1,EDS,Graphite
2.9095261358085,0.24775681278472106,1,EDS,Graphite
2.9192476795310207,0.22761172759976175,1,EDS,Graphite
2.9289692232535414,0.2182552119873312,1,EDS,Graphite
2.9386907669760625,0.1979053457613474,1,EDS,Graphite
2.948412310698583,0.20726845983826034,1,EDS,Graphite
2.9581338544211038,0.1979891940713358,1,EDS,Graphite
2.9678553981436244,0.21758642365672046,1,EDS,Graphite
2.9775769418661455,0.19774739753375847,1,EDS,Graphite
2.987298485588666,0.19755380540317766,1,EDS,Graphite
2.997020029311187,0.21670415157494521,1,EDS,Graphite
3.0067415730337075,0.21674184906292635,1,EDS,Graphite
3.0164631167562286,0.2073128818386091,1,EDS,Graphite
3.0261846604787492,0.2171410004681106,1,EDS,Graphite
3.03590620420127,0.2067145207090483,1,EDS,Graphite
3.0456277479237905,0.20668304662409867,1,EDS,Graphite
3.0553492916463116,0.20717641942211987,1,EDS,Graphite
3.0650708353688323,0.23611214078832077,1,EDS,Graphite
3.074792379091353,0.19659338742245022,1,EDS,Graphite
3.0845139228138736,0.2161037644660242,1,EDS,Graphite
3.0942354665363947,0.1959908212340868,1,EDS,Graphite
3.1039570102589153,0.20656199964061597,1,EDS,Graphite
3.113678553981436,0.20631556131214876,1,EDS,Graphite
3.1234000977039567,0.20620303635532733,1,EDS,Graphite
3.1331216414264778,0.20634903031923202,1,EDS,Graphite
3.1428431851489984,0.2455814977092582,1,EDS,Graphite
3.152564728871519,0.20581342625854235,1,EDS,Graphite
3.1622862725940397,0.20519519818358684,1,EDS,Graphite
3.172007816316561,0.1954125959411932,1,EDS,Graphite
3.1817293600390815,0.22506995175976063,1,EDS,Graphite
3.191450903761602,0.21507712080805952,1,EDS,Graphite
3.2011724474841228,0.19522315414118716,1,EDS,Graphite
3.210893991206644,0.20438625268676383,1,EDS,Graphite
3.2206155349291645,0.1957713848361445,1,EDS,Graphite
3.230337078651685,0.2140675507992523,1,EDS,Graphite
3.240058622374206,0.2038488311864612,1,EDS,Graphite
3.2497801660967265,0.2049560164337228,1,EDS,Graphite
3.2595017098192476,0.22465511307361702,1,EDS,Graphite
3.2692232535417682,0.22445603362050198,1,EDS,Graphite
3.278944797264289,0.2343448338315568,1,EDS,Graphite
3.2886663409868095,0.21390180425497063,1,EDS,Graphite
3.2983878847093306,0.2033327492997895,1,EDS,Graphite
3.3081094284318513,0.2237183160953295,1,EDS,Graphite
3.317830972154372,0.19321633959214987,1,EDS,Graphite
3.3275525158768926,0.2439502345304425,1,EDS,Graphite
3.3372740595994137,0.19325771422974414,1,EDS,Graphite
3.3469956033219344,0.21279288566788293,1,EDS,Graphite
3.356717147044455,0.212935491235532,1,EDS,Graphite
3.3664386907669757,0.22319604328703,1,EDS,Graphite
3.3761602344894968,0.20257680853025714,1,EDS,Graphite
3.3858817782120174,0.212326327759008,1,EDS,Graphite
3.395603321934538,0.2127562039641491,1,EDS,Graphite
3.4053248656570587,0.2026385144160329,1,EDS,Graphite
3.41504640937958,0.192133337201751,1,EDS,Graphite
3.4247679531021005,0.24203272782890878,1,EDS,Graphite
3.434489496824621,0.21227468672731367,1,EDS,Graphite
3.4442110405471418,0.1912913547795907,1,EDS,Graphite
3.453932584269663,0.20119211678568377,1,EDS,Graphite
3.4636541279921835,0.22142580113360724,1,EDS,Graphite
3.473375671714704,0.19156455880005882,1,EDS,Graphite
3.483097215437225,0.19171292696631512,1,EDS,Graphite
3.492818759159746,0.20218995748579677,1,EDS,Graphite
3.5025403028822666,0.23175065917446586,1,EDS,Graphite
3.5122618466047872,0.2111054870230058,1,EDS,Graphite
3.521983390327308,0.20105544897917385,1,EDS,Graphite
3.5317049340498285,0.2104271432267886,1,EDS,Graphite
3.5414264777723496,0.23080979529667842,1,EDS,Graphite
3.5511480214948703,0.1905475077511308,1,EDS,Graphite
3.560869565217391,0.20073799250008376,1,EDS,Graphite
3.5705911089399116,0.2300228678680813,1,EDS,Graphite
3.5803126526624327,0.2005906083493795,1,EDS,Graphite
3.5900341963849534,0.19098678767902524,1,EDS,Graphite
3.599755740107474,0.2000180867112138,1,EDS,Graphite
3.6094772838299947,0.20015516197942795,1,EDS,Graphite
3.6191988275525158,0.1901778107599344,1,EDS,Graphite
3.6289203712750364,0.1894909660134089,1,EDS,Graphite
3.638641914997557,0.22968617071133948,1,EDS,Graphite
3.6483634587200777,0.20945097211245722,1,EDS,Graphite
3.658085002442599,0.1993679213095933,1,EDS,Graphite
3.6678065461651195,0.19879333014683345,1,EDS,Graphite
3.67752808988764,0.19907588435371304,1,EDS,Graphite
3.687249633610161,0.18919160646269237,1,EDS,Graphite
3.696971177332682,0.19955358270243193,1,EDS,Graphite
3.7066927210552025,0.20917256159482467,1,EDS,Graphite
3.716414264777723,0.1896577301767756,1,EDS,Graphite
3.726135808500244,0.1980278629026086,1,EDS,Graphite
3.735857352222765,0.20874159466811804,1,EDS,Graphite
3.7455788959452856,0.20825816631800975,1,EDS,Graphite
3.7553004396678062,0.19915988385682215,1,EDS,Graphite
3.765021983390327,0.1974890659300678,1,EDS,Graphite
3.774743527112848,0.1973428104362513,1,EDS,Graphite
3.7844650708353686,0.1973359691642701,1,EDS,Graphite
3.7941866145578893,0.1964217705457797,1,EDS,Graphite
3.80390815828041,0.2171123048529446,1,EDS,Graphite
3.813629702002931,0.20686121032043073,1,EDS,Graphite
3.8233512457254517,0.22719729677542125,1,EDS,Graphite
3.8330727894479724,0.20716400546934238,1,EDS,Graphite
3.842794333170493,0.20782077248388275,1,EDS,Graphite
3.8525158768930137,0.20721280549174956,1,EDS,Graphite
3.8622374206155348,0.20629538894670127,1,EDS,Graphite
3.8719589643380554,0.1859974992820115,1,EDS,Graphite
3.881680508060576,0.1965792292925449,1,EDS,Graphite
3.8914020517830967,0.205514689610191,1,EDS,Graphite
3.901123595505618,0.19700125156096357,1,EDS,Graphite
3.9108451392281385,0.1965325273930309,1,EDS,Graphite
3.920566682950659,0.1955513325024684,1,EDS,Graphite
3.93028822667318,0.19477789193029063,1,EDS,Graphite
3.940009770395701,0.1962199907163518,1,EDS,Graphite
3.9497313141182215,0.1853307236551498,1,EDS,Graphite
3.959452857840742,0.20589106077716177,1,EDS,Graphite
3.969174401563263,0.20430035121105067,1,EDS,Graphite
3.978895945285784,0.20467658950668027,1,EDS,Graphite
3.9886174890083046,0.18485192819459634,1,EDS,Graphite
3.9983390327308252,0.21473773338908916,1,EDS,Graphite
4.008060576453346,0.19434639324011613,1,EDS,Graphite
4.017782120175867,0.18476177192476761,1,EDS,Graphite
4.027503663898387,0.19375659668107062,1,EDS,Graphite
4.037225207620908,0.1940956430666275,1,EDS,Graphite
4.0469467513434285,0.2240939282391932,1,EDS,Graphite
4.05666829506595,0.19415957514886628,1,EDS,Graphite
4.066389838788471,0.1841237746929122,1,EDS,Graphite
4.076111382510991,0.20304261300507817,1,EDS,Graphite
4.085832926233512,0.19269459092471233,1,EDS,Graphite
4.095554469956033,0.19400204444782837,1,EDS,Graphite
4.105276013678553,0.19337817521586423,1,EDS,Graphite
4.114997557401074,0.19268449161758872,1,EDS,Graphite
4.124719101123595,0.1937281022590089,1,EDS,Graphite
4.134440644846116,0.21285172187759677,1,EDS,Graphite
4.144162188568636,0.19325964383643313,1,EDS,Graphite
4.153883732291157,0.1825492472770504,1,EDS,Graphite
4.163605276013678,0.18343458361207074,1,EDS,Graphite
4.173326819736198,0.19313826329653128,1,EDS,Graphite
4.183048363458719,0.2119685442787967,1,EDS,Graphite
4.19276990718124,0.1824561542693712,1,EDS,Graphite
4.202491450903761,0.18214858033361514,1,EDS,Graphite
4.212212994626282,0.20238022118722238,1,EDS,Graphite
4.221934538348802,0.18104052253299785,1,EDS,Graphite
4.231656082071323,0.18174862747333276,1,EDS,Graphite
4.241377625793844,0.1917993678327821,1,EDS,Graphite
4.2510991695163645,0.18021055344633471,1,EDS,Graphite
4.260820713238886,0.19036532684925317,1,EDS,Graphite
4.270542256961406,0.18978417571316247,1,EDS,Graphite
4.280263800683927,0.1805524678889745,1,EDS,Graphite
4.289985344406448,0.2009181975536827,1,EDS,Graphite
4.299706888128968,0.19117985851696304,1,EDS,Graphite
4.309428431851489,0.19030385812713926,1,EDS,Graphite
4.31914997557401,0.21096079055393366,1,EDS,Graphite
4.328871519296531,0.17927211738150692,1,EDS,Graphite
4.338593063019052,0.1789635477032408,1,EDS,Graphite
4.348314606741572,0.20966793301113504,1,EDS,Graphite
4.358036150464093,0.18975114361381268,1,EDS,Graphite
4.367757694186614,0.20939402536528542,1,EDS,Graphite
4.377479237909134,0.1982051215828832,1,EDS,Graphite
4.387200781631655,0.21907871070952972,1,EDS,Graphite
4.3969223253541765,0.19831063893767445,1,EDS,Graphite
4.406643869076697,0.2191817559487598,1,EDS,Graphite
4.416365412799218,0.1888822583919168,1,EDS,Graphite
4.426086956521738,0.18806686769549014,1,EDS,Graphite
4.435808500244259,0.20814179314516543,1,EDS,Graphite
4.44553004396678,0.1977172979970985,1,EDS,Graphite
4.4552515876893,0.17808515068924435,1,EDS,Graphite
4.4649731314118215,0.17846379018135497,1,EDS,Graphite
4.474694675134342,0.187321554938554,1,EDS,Graphite
4.484416218856863,0.19794246465867166,1,EDS,Graphite
4.494137762579384,0.18726588633439423,1,EDS,Graphite
4.503859306301904,0.20698579433748213,1,EDS,Graphite
4.513580850024425,0.20719304619012122,1,EDS,Graphite
4.523302393746946,0.1765705507819934,1,EDS,Graphite
4.5330239374694665,0.17667252681472675,1,EDS,Graphite
4.542745481191988,0.19619570191654445,1,EDS,Graphite
4.552467024914508,0.2176753856920164,1,EDS,Graphite
4.562188568637029,0.18653768214927166,1,EDS,Graphite
4.57191011235955,0.17601377656950584,1,EDS,Graphite
4.58163165608207,0.18633713312518005,1,EDS,Graphite
4.591353199804591,0.18602300100858113,1,EDS,Graphite
4.601074743527112,0.1958206064062836,1,EDS,Graphite
4.610796287249633,0.186103160514945,1,EDS,Graphite
4.620517830972154,0.19603000464720868,1,EDS,Graphite
4.630239374694674,0.17522101999071837,1,EDS,Graphite
4.639960918417195,0.19505062414674917,1,EDS,Graphite
4.649682462139716,0.21505797515618974,1,EDS,Graphite
4.659404005862236,0.20386882281806484,1,EDS,Graphite
4.6691255495847575,0.1741256847945965,1,EDS,Graphite
4.6788470933072785,0.19545938509062358,1,EDS,Graphite
4.688568637029799,0.19545455240042467,1,EDS,Graphite
4.69829018075232,0.18433316464326968,1,EDS,Graphite
4.70801172447484,0.1746094788587226,1,EDS,Graphite
4.717733268197361,0.19432495879091022,1,EDS,Graphite
4.727454811919882,0.1955991948343482,1,EDS,Graphite
4.7371763556424025,0.1744437309080732,1,EDS,Graphite
4.746897899364924,0.18365400246327174,1,EDS,Graphite
4.756619443087445,0.20307995573782134,1,EDS,Graphite
4.766340986809965,0.19259661482167062,1,EDS,Graphite
4.776062530532486,0.17337797257412338,1,EDS,Graphite
4.785784074255006,0.17273561192055598,1,EDS,Graphite
4.795505617977527,0.19224419578508273,1,EDS,Graphite
4.805227161700048,0.18249361111047152,1,EDS,Graphite
4.814948705422569,0.18212064792848984,1,EDS,Graphite
4.82467024914509,0.20339420061947225,1,EDS,Graphite
4.83439179286761,0.19283055518343403,1,EDS,Graphite
4.844113336590131,0.17222356086610108,1,EDS,Graphite
4.853834880312652,0.17283846375521406,1,EDS,Graphite
4.863556424035172,0.19196758174363324,1,EDS,Graphite
4.873277967757693,0.171335034283432,1,EDS,Graphite
4.8829995114802145,0.20241037523677402,1,EDS,Graphite
4.892721055202735,0.18175418226415357,1,EDS,Graphite
4.902442598925256,0.18079362741101163,1,EDS,Graphite
4.912164142647776,0.20107837848925272,1,EDS,Graphite
4.921885686370297,0.1805754976722637,1,EDS,Graphite
4.931607230092818,0.17016404621234713,1,EDS,Graphite
4.941328773815338,0.21119994782628443,1,EDS,Graphite
4.9510503175378595,0.18155433135969196,1,EDS,Graphite
4.960771861260381,0.19970298339681475,1,EDS,Graphite
4.970493404982901,0.18055998152878358,1,EDS,Graphite
4.980214948705422,0.19978489499992708,1,EDS,Graphite
4.989936492427942,0.17971752583340558,1,EDS,Graphite
4.999658036150463,0.16951189966573788,1,EDS,Graphite
5.009379579872984,0.17922067875783856,1,EDS,Graphite
5.0191011235955045,0.18953796812861684,1,EDS,Graphite
5.028822667318026,0.17893410183755196,1,EDS,Graphite
5.038544211040547,0.1693482745639706,1,EDS,Graphite
5.048265754763067,0.17903140685335653,1,EDS,Graphite
5.057987298485588,0.1787822763533346,1,EDS,Graphite
5.067708842208108,0.18828638125932598,1,EDS,Graphite
5.077430385930629,0.19830406689732374,1,EDS,Graphite
5.08715192965315,0.2188363425142733,1,EDS,Graphite
5.096873473375671,0.1985530127124467,1,EDS,Graphite
5.106595017098192,0.18764046865514752,1,EDS,Graphite
5.116316560820712,0.19804124359326936,1,EDS,Graphite
5.126038104543233,0.1882235645416072,1,EDS,Graphite
5.135759648265754,0.18682639305448406,1,EDS,Graphite
5.145481191988274,0.17781070452738404,1,EDS,Graphite
5.1552027357107955,0.17703773637224285,1,EDS,Graphite
5.164924279433317,0.17751838921076135,1,EDS,Graphite
5.174645823155837,0.2066795086425334,1,EDS,Graphite
5.184367366878358,0.19599073968117173,1,EDS,Graphite
5.194088910600878,0.17592840686480984,1,EDS,Graphite
5.203810454323399,0.1766360796527126,1,EDS,Graphite
5.21353199804592,0.19659119313817494,1,EDS,Graphite
5.2232535417684405,0.1758391395316415,1,EDS,Graphite
5.232975085490962,0.17647832639413702,1,EDS,Graphite
5.242696629213483,0.17514216966574037,1,EDS,Graphite
5.252418172936003,0.17580817921559494,1,EDS,Graphite
5.262139716658524,0.16506558903347218,1,EDS,Graphite
5.271861260381044,0.19519880143555282,1,EDS,Graphite
5.281582804103565,0.17540391306562853,1,EDS,Graphite
5.291304347826086,0.1647829409489258,1,EDS,Graphite
5.301025891548607,0.18487306843455803,1,EDS,Graphite
5.310747435271128,0.17543340205277533,1,EDS,Graphite
5.320468978993649,0.1844650435240646,1,EDS,Graphite
5.330190522716169,0.17503638047733702,1,EDS,Graphite
5.33991206643869,0.18387140228285218,1,EDS,Graphite
5.34963361016121,0.1645694897200332,1,EDS,Graphite
5.359355153883731,0.18488316449017897,1,EDS,Graphite
5.3690766976062525,0.1727167925540453,1,EDS,Graphite
5.378798241328773,0.1834224668511909,1,EDS,Graphite
5.388519785051294,0.19397346313348174,1,EDS,Graphite
5.398241328773814,0.17341721241366234,1,EDS,Graphite
5.407962872496335,0.18355697608193886,1,EDS,Graphite
5.417684416218856,0.17290033253075196,1,EDS,Graphite
5.427405959941376,0.19309975784251324,1,EDS,Graphite
5.4371275036638975,0.172819638445329,1,EDS,Graphite
5.446849047386419,0.17334420087567157,1,EDS,Graphite
5.456570591108939,0.17271899452057127,1,EDS,Graphite
5.46629213483146,0.1726059194604521,1,EDS,Graphite
5.47601367855398,0.16206479296569198,1,EDS,Graphite
5.485735222276501,0.1718698882400488,1,EDS,Graphite
5.495456765999022,0.17174212588562837,1,EDS,Graphite
5.5051783097215425,0.17201106570288419,1,EDS,Graphite
5.514899853444064,0.17143573861960085,1,EDS,Graphite
5.524621397166585,0.19164477927353565,1,EDS,Graphite
5.534342940889105,0.16240621172777325,1,EDS,Graphite
5.544064484611626,0.1716308073265382,1,EDS,Graphite
5.553786028334146,0.1808589942220749,1,EDS,Graphite
5.563507572056667,0.16148740198557043,1,EDS,Graphite
5.5732291157791884,0.18050361141594826,1,EDS,Graphite
5.582950659501709,0.16950907965654408,1,EDS,Graphite
5.59267220322423,0.18988172178717136,1,EDS,Graphite
5.602393746946751,0.16928145240546222,1,EDS,Graphite
5.612115290669271,0.1999054169335044,1,EDS,Graphite
5.621836834391792,0.15993856570109435,1,EDS,Graphite
5.631558378114312,0.18063370289007055,1,EDS,Graphite
5.6412799218368335,0.16978294781854408,1,EDS,Graphite
5.651001465559355,0.16934510243956327,1,EDS,Graphite
5.660723009281875,0.21972675584327916,1,EDS,Graphite
5.670444553004396,0.17800663444755174,1,EDS,Graphite
5.680166096726917,0.16910683032128573,1,EDS,Graphite
5.689887640449437,0.17922447860620622,1,EDS,Graphite
5.699609184171958,0.20791076676944859,1,EDS,Graphite
5.7093307278944785,0.16910101634154534,1,EDS,Graphite
5.719052271617,0.18852946795484088,1,EDS,Graphite
5.728773815339521,0.16798431160849855,1,EDS,Graphite
5.738495359062041,0.168365216755477,1,EDS,Graphite
5.748216902784562,0.15904922764925417,1,EDS,Graphite
5.757938446507082,0.18781768897969175,1,EDS,Graphite
5.767659990229603,0.1876938176168824,1,EDS,Graphite
5.777381533952124,0.1771720925935453,1,EDS,Graphite
5.787103077674645,0.16681328906416143,1,EDS,Graphite
5.796824621397166,0.1675187134308964,1,EDS,Graphite
5.806546165119687,0.176493695526912,1,EDS,Graphite
5.816267708842207,0.15681220872041227,1,EDS,Graphite
5.825989252564728,0.1563715708147244,1,EDS,Graphite
5.835710796287248,0.17670486236487445,1,EDS,Graphite
5.845432340009769,0.1764717060995667,1,EDS,Graphite
5.8551538837322905,0.17667496403846097,1,EDS,Graphite
5.864875427454811,0.15572096012753142,1,EDS,Graphite
5.874596971177332,0.15568574701430027,1,EDS,Graphite
5.884318514899853,0.16516268856209373,1,EDS,Graphite
5.894040058622373,0.17527863991233925,1,EDS,Graphite
5.903761602344894,0.15554211073039712,1,EDS,Graphite
5.913483146067414,0.16557839162012886,1,EDS,Graphite
5.9232046897899355,0.16455640225746787,1,EDS,Graphite
5.932926233512457,0.18531835907864513,1,EDS,Graphite
5.942647777234977,0.15540912969511242,1,EDS,Graphite
5.952369320957498,0.1547657535920543,1,EDS,Graphite
5.962090864680019,0.16535874524470254,1,EDS,Graphite
5.971812408402539,0.1738371763403576,1,EDS,Graphite
5.98153395212506,0.16343589532393088,1,EDS,Graphite
5.9912554958475805,0.19300207607553954,1,EDS,Graphite
6.000977039570102,0.17452588341192557,1,EDS,Graphite
6.010698583292623,0.15393384798072818,1,EDS,Graphite
6.020420127015143,0.16340946553851554,1,EDS,Graphite
6.030141670737664,0.18342240299211704,1,EDS,Graphite
6.039863214460184,0.17254043464201513,1,EDS,Graphite
6.049584758182705,0.16421636119484592,1,EDS,Graphite
6.0593063019052265,0.15286601072416695,1,EDS,Graphite
6.069027845627747,0.15269607958920595,1,EDS,Graphite
6.078749389350268,0.1828530932374472,1,EDS,Graphite
6.088470933072789,0.18256744850736684,1,EDS,Graphite
6.098192476795309,0.1522753961418627,1,EDS,Graphite
6.10791402051783,0.17159408696436917,1,EDS,Graphite
6.11763556424035,0.15208271181639837,1,EDS,Graphite
6.1273571079628715,0.19264767182500023,1,EDS,Graphite
6.137078651685393,0.1522117714499873,1,EDS,Graphite
6.146800195407913,0.16217897661661398,1,EDS,Graphite
6.156521739130434,0.17093715392119685,1,EDS,Graphite
6.166243282852955,0.15053102860042183,1,EDS,Graphite
6.175964826575475,0.16081472893757545,1,EDS,Graphite
6.185686370297996,0.15074768634987343,1,EDS,Graphite
6.1954079140205165,0.1811210577450303,1,EDS,Graphite
6.205129457743038,0.17952832693330298,1,EDS,Graphite
6.214851001465559,0.16102391435930602,1,EDS,Graphite
6.224572545188079,0.16999600917947907,1,EDS,Graphite
6.2342940889106,0.1496972399486467,1,EDS,Graphite
6.244015632633121,0.15923582531684144,1,EDS,Graphite
6.253737176355641,0.1787447956917437,1,EDS,Graphite
6.263458720078162,0.17985775350408845,1,EDS,Graphite
6.273180263800683,0.14931158485822899,1,EDS,Graphite
6.282901807523204,0.1484500793460513,1,EDS,Graphite
6.292623351245725,0.15828660303816047,1,EDS,Graphite
6.302344894968245,0.16861877520089869,1,EDS,Graphite
6.312066438690766,0.14948828037880035,1,EDS,Graphite
6.321787982413287,0.15833602407003763,1,EDS,Graphite
6.331509526135807,0.16753583506330283,1,EDS,Graphite
6.3412310698583285,0.14802105352065734,1,EDS,Graphite
6.350952613580849,0.14784607681695192,1,EDS,Graphite
6.36067415730337,0.14643894186253886,1,EDS,Graphite
6.370395701025891,0.1676359989874329,1,EDS,Graphite
6.380117244748411,0.16738397170034158,1,EDS,Graphite
6.389838788470932,0.1676992286341793,1,EDS,Graphite
6.399560332193452,0.1581304031671898,1,EDS,Graphite
6.4092818759159735,0.18759774226645234,1,EDS,Graphite
6.419003419638495,0.16671909602976534,1,EDS,Graphite
6.428724963361015,0.16612711783642783,1,EDS,Graphite
6.438446507083536,0.1578570366885712,1,EDS,Graphite
6.448168050806057,0.15640327939811194,1,EDS,Graphite
6.457889594528577,0.1662184341379227,1,EDS,Graphite
6.467611138251098,0.16603726729943666,1,EDS,Graphite
6.4773326819736186,0.15598983241641132,1,EDS,Graphite
6.48705422569614,0.16565213381368948,1,EDS,Graphite
6.496775769418661,0.16526975293108576,1,EDS,Graphite
6.506497313141181,0.14512176373072538,1,EDS,Graphite
6.516218856863702,0.1552242017206077,1,EDS,Graphite
6.525940400586223,0.14479988118091155,1,EDS,Graphite
6.535661944308743,0.17455091974525416,1,EDS,Graphite
6.5453834880312645,0.15481009529828677,1,EDS,Graphite
6.555105031753785,0.16446237957455484,1,EDS,Graphite
6.564826575476306,0.16520446790005863,1,EDS,Graphite
6.574548119198827,0.14290684728969522,1,EDS,Graphite
6.584269662921347,0.18466835290268682,1,EDS,Graphite
6.593991206643868,0.1645856964109061,1,EDS,Graphite
6.603712750366389,0.15271739240669557,1,EDS,Graphite
6.6134342940889095,0.1434447663477325,1,EDS,Graphite
6.623155837811431,0.15326777038892955,1,EDS,Graphite
6.632877381533951,0.15257299240222816,1,EDS,Graphite
6.642598925256472,0.14273435672902668,1,EDS,Graphite
6.652320468978993,0.17240099856830868,1,EDS,Graphite
6.662042012701513,0.16371009740113895,1,EDS,Graphite
6.671763556424034,0.14312798572894556,1,EDS,Graphite
6.6814851001465545,0.16313819036369065,1,EDS,Graphite
6.691206643869076,0.15269309314541551,1,EDS,Graphite
6.700928187591597,0.14157934894308485,1,EDS,Graphite
6.710649731314117,0.1617275341357054,1,EDS,Graphite
6.720371275036638,0.18208609162037062,1,EDS,Graphite
6.730092818759159,0.1710438024792457,1,EDS,Graphite
6.739814362481679,0.16187579106150143,1,EDS,Graphite
6.7495359062042,0.1612231267424924,1,EDS,Graphite
6.759257449926721,0.1509912943625764,1,EDS,Graphite
6.768978993649242,0.15138663215864842,1,EDS,Graphite
6.778700537371763,0.17108678418827072,1,EDS,Graphite
6.788422081094283,0.16051010577718994,1,EDS,Graphite
6.798143624816804,0.15112867942056554,1,EDS,Graphite
6.807865168539325,0.15981428380741833,1,EDS,Graphite
6.817586712261845,0.16052361551947464,1,EDS,Graphite
6.8273082559843665,0.1403489471521906,1,EDS,Graphite
6.837029799706887,0.15972203634398774,1,EDS,Graphite
6.846751343429408,0.13988577065213303,1,EDS,Graphite
6.856472887151929,0.14891206329224085,1,EDS,Graphite
6.866194430874449,0.1698669945448047,1,EDS,Graphite
6.87591597459697,0.17913393298125624,1,EDS,Graphite
6.885637518319491,0.16879717848528727,1,EDS,Graphite
6.8953590620420115,0.1494418745504302,1,EDS,Graphite
6.905080605764533,0.15837749706837792,1,EDS,Graphite
6.914802149487053,0.1378523802745361,1,EDS,Graphite
6.924523693209574,0.16761298308356273,1,EDS,Graphite
6.934245236932095,0.14856127557009496,1,EDS,Graphite
6.943966780654615,0.14742837374381335,1,EDS,Graphite
6.953688324377136,0.13882510206436038,1,EDS,Graphite
6.963409868099657,0.1366897249514164,1,EDS,Graphite
6.973131411822178,0.14846836880679126,1,EDS,Graphite
6.982852955544699,0.1475414580132239,1,EDS,Graphite
6.992574499267219,0.14721984252696022,1,EDS,Graphite
7.00229604298974,0.1468259961852735,1,EDS,Graphite
7.012017586712261,0.1471477223992305,1,EDS,Graphite
7.021739130434781,0.13675969679310454,1,EDS,Graphite
7.0314606741573025,0.1671825606231337,1,EDS,Graphite
7.041182217879823,0.14651060341046088,1,EDS,Graphite
7.050903761602344,0.1363655290450931,1,EDS,Graphite
7.060625305324865,0.1359377415792165,1,EDS,Graphite
7.070346849047385,0.13593169257692475,1,EDS,Graphite
7.080068392769906,0.1559554689528001,1,EDS,Graphite
7.089789936492427,0.16475453772077392,1,EDS,Graphite
7.0995114802149475,0.13477683918638186,1,EDS,Graphite
7.109233023937469,0.1356880333240796,1,EDS,Graphite
7.118954567659989,0.13523002349669114,1,EDS,Graphite
7.12867611138251,0.1448838045481766,1,EDS,Graphite
7.138397655105031,0.17482398557026027,1,EDS,Graphite
7.148119198827551,0.14482927801839468,1,EDS,Graphite
7.157840742550072,0.13420928762075368,1,EDS,Graphite
7.167562286272593,0.13392274285200206,1,EDS,Graphite
7.177283829995114,0.15425947919963617,1,EDS,Graphite
7.187005373717635,0.14349196164900346,1,EDS,Graphite
7.196726917440155,0.13404065332993548,1,EDS,Graphite
7.206448461162676,0.1427916777335442,1,EDS,Graphite
7.216170004885197,0.134031687166855,1,EDS,Graphite
7.225891548607717,0.163581536994657,1,EDS,Graphite
7.235613092330238,0.14330611199789553,1,EDS,Graphite
7.2453346360527595,0.133515467769694,1,EDS,Graphite
7.25505617977528,0.13370224661838964,1,EDS,Graphite
7.264777723497801,0.16320340319063628,1,EDS,Graphite
7.274499267220321,0.14157164133278802,1,EDS,Graphite
7.284220810942842,0.1416959058017609,1,EDS,Graphite
7.293942354665363,0.15186818405172275,1,EDS,Graphite
7.303663898387883,0.15203846043150507,1,EDS,Graphite
7.3133854421104045,0.14212681410829928,1,EDS,Graphite
7.323106985832925,0.141323395862015,1,EDS,Graphite
7.332828529555446,0.1516280610180887,1,EDS,Graphite
7.342550073277967,0.1509794359752329,1,EDS,Graphite
7.352271617000487,0.1508889830555995,1,EDS,Graphite
7.361993160723008,0.14031587131646656,1,EDS,Graphite
7.371714704445529,0.15039990299598882,1,EDS,Graphite
7.3814362481680496,0.15001522013908783,1,EDS,Graphite
7.391157791890571,0.1500438936755348,1,EDS,Graphite
7.400879335613091,0.1309225234627596,1,EDS,Graphite
7.410600879335612,0.16972845896125066,1,EDS,Graphite
7.420322423058133,0.151404885688832,1,EDS,Graphite
7.430043966780653,0.14014086339129334,1,EDS,Graphite
7.439765510503174,0.1498177108413491,1,EDS,Graphite
7.4494870542256955,0.14911690589427737,1,EDS,Graphite
7.459208597948216,0.12975339670412975,1,EDS,Graphite
7.468930141670737,0.1389329171261852,1,EDS,Graphite
7.478651685393257,0.14912681431117658,1,EDS,Graphite
7.488373229115778,0.14021524345706166,1,EDS,Graphite
7.498094772838299,0.15868530069970388,1,EDS,Graphite
7.507816316560819,0.1391606372238467,1,EDS,Graphite
7.5175378602833405,0.13804373987285087,1,EDS,Graphite
7.527259404005862,0.14822239135955897,1,EDS,Graphite
7.536980947728382,0.12898573213407838,1,EDS,Graphite
7.546702491450903,0.1375884885165497,1,EDS,Graphite
7.556424035173423,0.1386774632593225,1,EDS,Graphite
7.566145578895944,0.14794479832556123,1,EDS,Graphite
7.575867122618465,0.13712703768015133,1,EDS,Graphite
7.5855886663409855,0.14757627762312314,1,EDS,Graphite
7.595310210063507,0.14758618086946898,1,EDS,Graphite
7.605031753786027,0.1272409570605345,1,EDS,Graphite
7.614753297508548,0.16594931876873706,1,EDS,Graphite
7.624474841231069,0.1562176677729282,1,EDS,Graphite
7.634196384953589,0.126299180103529,1,EDS,Graphite
7.64391792867611,0.13622311994721456,1,EDS,Graphite
7.653639472398631,0.13641535137267563,1,EDS,Graphite
7.663361016121152,0.14602260997318936,1,EDS,Graphite
7.673082559843673,0.1350798480435375,1,EDS,Graphite
7.682804103566193,0.1257965123622069,1,EDS,Graphite
7.692525647288714,0.12574981156473475,1,EDS,Graphite
7.702247191011235,0.13555856857380352,1,EDS,Graphite
7.711968734733755,0.1356611964498725,1,EDS,Graphite
7.721690278456276,0.13536914363295635,1,EDS,Graphite
7.7314118221787975,0.16501134266979797,1,EDS,Graphite
7.741133365901318,0.12457405989276071,1,EDS,Graphite
7.750854909623839,0.1535911905390281,1,EDS,Graphite
7.760576453346359,0.16450047386643604,1,EDS,Graphite
7.77029799706888,0.13422114493981008,1,EDS,Graphite
7.780019540791401,0.13408870658851874,1,EDS,Graphite
7.789741084513921,0.1331275951672517,1,EDS,Graphite
7.7994626282364425,0.12306286596748232,1,EDS,Graphite
7.809184171958964,0.1539944880595584,1,EDS,Graphite
7.818905715681484,0.14326750681813039,1,EDS,Graphite
7.828627259404005,0.13347275568773898,1,EDS,Graphite
7.838348803126525,0.1529716503239063,1,EDS,Graphite
7.848070346849046,0.16280699305344948,1,EDS,Graphite
7.857791890571567,0.1231085496211353,1,EDS,Graphite
7.867513434294088,0.15219561767624923,1,EDS,Graphite
7.877234978016609,0.13234481583444319,1,EDS,Graphite
7.886956521739129,0.14189234695624645,1,EDS,Graphite
7.89667806546165,0.13174114703176965,1,EDS,Graphite
7.906399609184171,0.131640067748829,1,EDS,Graphite
7.916121152906691,0.15174764099766186,1,EDS,Graphite
7.925842696629212,0.1412218724288148,1,EDS,Graphite
7.9355642403517335,0.1419478400126995,1,EDS,Graphite
7.945285784074254,0.12067702895243676,1,EDS,Graphite
7.955007327796775,0.13087522174338775,1,EDS,Graphite
7.964728871519295,0.13057966789339412,1,EDS,Graphite
7.974450415241816,0.1413838042512222,1,EDS,Graphite
7.984171958964337,0.15057548733467901,1,EDS,Graphite
7.993893502686857,0.1508391799243054,1,EDS,Graphite
8.00361504640938,0.13937962353212252,1,EDS,Graphite
8.0133365901319,0.12011477512559343,1,EDS,Graphite
8.02305813385442,0.14026909364020726,1,EDS,Graphite
8.032779677576942,0.11968843656861514,1,EDS,Graphite
8.042501221299462,0.1400280767711661,1,EDS,Graphite
8.052222765021982,0.14904883542637498,1,EDS,Graphite
8.061944308744504,0.12987336016942821,1,EDS,Graphite
8.071665852467024,0.15016482457266117,1,EDS,Graphite
8.081387396189545,0.12863096714097424,1,EDS,Graphite
8.091108939912067,0.11842269961424408,1,EDS,Graphite
8.100830483634587,0.1492329050061133,1,EDS,Graphite
8.110552027357107,0.11913195598278453,1,EDS,Graphite
8.120273571079627,0.13788551644213623,1,EDS,Graphite
8.12999511480215,0.13777245366119453,1,EDS,Graphite
8.13971665852467,0.15767774133477896,1,EDS,Graphite
8.14943820224719,0.1469656846906685,1,EDS,Graphite
8.15915974596971,0.1370186625689403,1,EDS,Graphite
8.168881289692232,0.13680883308759045,1,EDS,Graphite
8.178602833414752,0.14676440701186175,1,EDS,Graphite
8.188324377137272,0.13697529961499688,1,EDS,Graphite
8.198045920859794,0.1369475806097776,1,EDS,Graphite
8.207767464582314,0.11745818903132588,1,EDS,Graphite
8.217489008304835,0.1359821612567137,1,EDS,Graphite
8.227210552027357,0.12683525842006374,1,EDS,Graphite
8.236932095749877,0.13605336357406256,1,EDS,Graphite
8.246653639472397,0.13597193311294944,1,EDS,Graphite
8.256375183194919,0.13617819711097387,1,EDS,Graphite
8.26609672691744,0.13508826907221977,1,EDS,Graphite
8.27581827063996,0.13569585227339406,1,EDS,Graphite
8.28553981436248,0.13541880940120057,1,EDS,Graphite
8.295261358085002,0.12542031163747613,1,EDS,Graphite
8.304982901807522,0.13514975892230785,1,EDS,Graphite
8.314704445530042,0.1560970367927353,1,EDS,Graphite
8.324425989252564,0.11434116853815465,1,EDS,Graphite
8.334147532975084,0.11422992806100433,1,EDS,Graphite
8.343869076697604,0.12401645099167379,1,EDS,Graphite
8.353590620420126,0.11388510044324558,1,EDS,Graphite
8.363312164142647,0.14367685968889599,1,EDS,Graphite
8.373033707865167,0.11444945140184812,1,EDS,Graphite
8.382755251587689,0.11440226903954263,1,EDS,Graphite
8.392476795310209,0.14321262157920828,1,EDS,Graphite
8.40219833903273,0.12291197193034926,1,EDS,Graphite
8.411919882755251,0.13341589259595732,1,EDS,Graphite
8.421641426477771,0.11272354885665781,1,EDS,Graphite
8.431362970200292,0.11316648008932825,1,EDS,Graphite
8.441084513922812,0.1327792306955364,1,EDS,Graphite
8.450806057645334,0.11172961950950916,1,EDS,Graphite
8.460527601367854,0.1131378295213036,1,EDS,Graphite
8.470249145090374,0.13309922484338835,1,EDS,Graphite
8.479970688812896,0.13169493188190004,1,EDS,Graphite
8.489692232535416,0.13164433732597175,1,EDS,Graphite
8.499413776257937,0.14182424388981235,1,EDS,Graphite
8.509135319980459,0.13168291194823437,1,EDS,Graphite
8.518856863702979,0.1416831702700413,1,EDS,Graphite
8.528578407425499,0.1322115748890001,1,EDS,Graphite
8.538299951148021,0.12092107368414855,1,EDS,Graphite
8.548021494870541,0.1404353604064337,1,EDS,Graphite
8.557743038593062,0.11997036488959112,1,EDS,Graphite
8.567464582315582,0.12013725781408222,1,EDS,Graphite
8.577186126038104,0.11032953862856047,1,EDS,Graphite
8.586907669760624,0.12110255143097577,1,EDS,Graphite
8.596629213483144,0.11974773242909693,1,EDS,Graphite
8.606350757205666,0.13996239116984116,1,EDS,Graphite
8.616072300928186,0.10967250747286547,1,EDS,Graphite
8.625793844650707,0.12012533589794797,1,EDS,Graphite
8.635515388373229,0.12064688622766334,1,EDS,Graphite
8.645236932095749,0.11890877502491906,1,EDS,Graphite
8.654958475818269,0.11876361154210954,1,EDS,Graphite
8.664680019540791,0.11938539173876347,1,EDS,Graphite
8.674401563263311,0.10903271440573567,1,EDS,Graphite
8.684123106985831,0.11946492627153844,1,EDS,Graphite
8.693844650708353,0.12864938205814364,1,EDS,Graphite
8.703566194430874,0.12799807703388416,1,EDS,Graphite
8.713287738153394,0.10831982196322948,1,EDS,Graphite
8.723009281875914,0.11841956875137269,1,EDS,Graphite
8.732730825598436,0.16810489597364708,1,EDS,Graphite
8.742452369320956,0.11777737145378024,1,EDS,Graphite
8.752173913043476,0.11789834569291822,1,EDS,Graphite
8.761895456765998,0.11778453329538761,1,EDS,Graphite
8.771617000488519,0.11772737512312657,1,EDS,Graphite
8.781338544211039,0.1171838180723141,1,EDS,Graphite
8.79106008793356,0.13659791092912338,1,EDS,Graphite
8.800781631656081,0.1165926231227353,1,EDS,Graphite
8.810503175378601,0.11697074070671266,1,EDS,Graphite
8.820224719101123,0.10576411154549022,1,EDS,Graphite
8.829946262823643,0.1362068786703155,1,EDS,Graphite
8.839667806546164,0.10564858993670208,1,EDS,Graphite
8.849389350268684,0.10569890013703351,1,EDS,Graphite
8.859110893991206,0.1261745879771321,1,EDS,Graphite
8.868832437713726,0.11544905456993408,1,EDS,Graphite
8.878553981436246,0.13520804154178626,1,EDS,Graphite
8.888275525158768,0.1143185618434773,1,EDS,Graphite
8.897997068881288,0.105234395507274,1,EDS,Graphite
8.907718612603809,0.15501591908224843,1,EDS,Graphite
8.91744015632633,0.11562933969607068,1,EDS,Graphite
8.92716170004885,0.12419256835415683,1,EDS,Graphite
8.936883243771371,0.12429669584309525,1,EDS,Graphite
8.946604787493893,0.1041455219296423,1,EDS,Graphite
8.956326331216413,0.1046614084831435,1,EDS,Graphite
8.966047874938933,0.11363491259313781,1,EDS,Graphite
8.975769418661455,0.13366056989592578,1,EDS,Graphite
8.985490962383976,0.11366286325975215,1,EDS,Graphite
8.995212506106496,0.12327957725089958,1,EDS,Graphite
9.004934049829016,0.10278744492768348,1,EDS,Graphite
9.014655593551538,0.12294989905907086,1,EDS,Graphite
9.024377137274058,0.10323519769749753,1,EDS,Graphite
9.034098680996578,0.11198897458368026,1,EDS,Graphite
9.0438202247191,0.10241814557883608,1,EDS,Graphite
9.05354176844162,0.11182315614574048,1,EDS,Graphite
9.06326331216414,0.11263044274924729,1,EDS,Graphite
9.072984855886663,0.1010665046668129,1,EDS,Graphite
9.082706399609183,0.11139530788409162,1,EDS,Graphite
9.092427943331703,0.11170964523116633,1,EDS,Graphite
9.102149487054225,0.11215359170978552,1,EDS,Graphite
9.111871030776745,0.12114830704755716,1,EDS,Graphite
9.121592574499266,0.11072989641271687,1,EDS,Graphite
9.131314118221786,0.13181529881704024,1,EDS,Graphite
9.141035661944308,0.10993730140615313,1,EDS,Graphite
9.150757205666828,0.09938454498426001,1,EDS,Graphite
9.160478749389348,0.120573991283138,1,EDS,Graphite
9.17020029311187,0.12992290880671972,1,EDS,Graphite
9.17992183683439,0.11948917907035189,1,EDS,Graphite
9.18964338055691,0.11021127547201995,1,EDS,Graphite
9.199364924279433,0.1098056085750458,1,EDS,Graphite
9.209086468001953,0.11922347241296252,1,EDS,Graphite
9.218808011724473,0.11868843868104108,1,EDS,Graphite
9.228529555446995,0.11962801473137223,1,EDS,Graphite
9.238251099169515,0.11934686178288764,1,EDS,Graphite
9.247972642892035,0.1187947707705003,1,EDS,Graphite
9.257694186614557,0.159627960376724,1,EDS,Graphite
9.267415730337078,0.09796187544184826,1,EDS,Graphite
9.277137274059598,0.11756084579827852,1,EDS,Graphite
9.286858817782118,0.11782236630231847,1,EDS,Graphite
9.29658036150464,0.09798761429327167,1,EDS,Graphite
9.30630190522716,0.11796916022072858,1,EDS,Graphite
9.31602344894968,0.10755313282148193,1,EDS,Graphite
9.325744992672202,0.10769110704312748,1,EDS,Graphite
9.335466536394723,0.13669990968417947,1,EDS,Graphite
9.345188080117243,0.12791827533636044,1,EDS,Graphite
9.354909623839765,0.10696699292085587,1,EDS,Graphite
9.364631167562285,0.0974165000620699,1,EDS,Graphite
9.374352711284805,0.09685138696771807,1,EDS,Graphite
9.384074255007327,0.09674299460063991,1,EDS,Graphite
9.393795798729847,0.11663407591168573,1,EDS,Graphite
9.403517342452368,0.11640432820428519,1,EDS,Graphite
9.41323888617489,0.14633754599906532,1,EDS,Graphite
9.42296042989741,0.10652333880673426,1,EDS,Graphite
9.43268197361993,0.09577415686509295,1,EDS,Graphite
9.44240351734245,0.10587053340863584,1,EDS,Graphite
9.452125061064972,0.11529295684548999,1,EDS,Graphite
9.461846604787493,0.10591223634427618,1,EDS,Graphite
9.471568148510013,0.12465733625929427,1,EDS,Graphite
9.481289692232535,0.11576359624198966,1,EDS,Graphite
9.491011235955055,0.1046502436660266,1,EDS,Graphite
9.500732779677575,0.12376842683517783,1,EDS,Graphite
9.510454323400097,0.09440260163719938,1,EDS,Graphite
9.520175867122617,0.0938196375856744,1,EDS,Graphite
9.529897410845138,0.10443469095314138,1,EDS,Graphite
9.53961895456766,0.13350009486140604,1,EDS,Graphite
9.54934049829018,0.11343911828760653,1,EDS,Graphite
9.5590620420127,0.0925301662861513,1,EDS,Graphite
9.56878358573522,0.10310179007707139,1,EDS,Graphite
9.578505129457742,0.10192133441452926,1,EDS,Graphite
9.588226673180262,0.11218596799086115,1,EDS,Graphite
9.597948216902783,0.12322380558611218,1,EDS,Graphite
9.607669760625305,0.12306974321867277,1,EDS,Graphite
9.617391304347825,0.12271741825700896,1,EDS,Graphite
9.627112848070345,0.10183461000788534,1,EDS,Graphite
9.636834391792867,0.10213997540022336,1,EDS,Graphite
9.646555935515387,0.10199551985599133,1,EDS,Graphite
9.656277479237907,0.09123485884139226,1,EDS,Graphite
9.66599902296043,0.11243582955113048,1,EDS,Graphite
9.67572056668295,0.10194691770098012,1,EDS,Graphite
9.68544211040547,0.12121525181078087,1,EDS,Graphite
9.695163654127992,0.1111754962053208,1,EDS,Graphite
9.704885197850512,0.1011016322804073,1,EDS,Graphite
9.714606741573032,0.09977795166403029,1,EDS,Graphite
9.724328285295552,0.11053316864405513,1,EDS,Graphite
9.734049829018074,0.09014252257936413,1,EDS,Graphite
9.743771372740595,0.11981106899697126,1,EDS,Graphite
9.753492916463115,0.100014235805768,1,EDS,Graphite
9.763214460185637,0.09091552757022384,1,EDS,Graphite
9.772936003908157,0.0901537509892657,1,EDS,Graphite
9.782657547630677,0.09936361010626389,1,EDS,Graphite
9.7923790913532,0.0897843025800983,1,EDS,Graphite
9.80210063507572,0.11004206399995238,1,EDS,Graphite
9.81182217879824,0.0996308736887962,1,EDS,Graphite
9.821543722520762,0.08901908119989602,1,EDS,Graphite
9.831265266243282,0.08848871911734107,1,EDS,Graphite
9.840986809965802,0.09901291023219172,1,EDS,Graphite
9.850708353688322,0.08868907561917405,1,EDS,Graphite
9.860429897410844,0.10877973857914726,1,EDS,Graphite
9.870151441133364,0.09847888109287897,1,EDS,Graphite
9.879872984855885,0.10852465294164246,1,EDS,Graphite
9.889594528578407,0.09754287932988749,1,EDS,Graphite
9.899316072300927,0.08832788265530309,1,EDS,Graphite
9.909037616023447,0.09758510240911362,1,EDS,Graphite
9.918759159745969,0.14838296567924947,1,EDS,Graphite
9.92848070346849,0.10679485218113889,1,EDS,Graphite
9.93820224719101,0.09787411117284633,1,EDS,Graphite
9.947923790913531,0.106916340452048,1,EDS,Graphite
9.957645334636052,0.11631256058935761,1,EDS,Graphite
9.967366878358572,0.09623142889419604,1,EDS,Graphite
9.977088422081094,0.11614824169661843,1,EDS,Graphite
9.986809965803614,0.08636366385833595,1,EDS,Graphite
9.996531509526134,0.10624712943394059,1,EDS,Graphite
10.006253053248654,0.08551627511218259,1,EDS,Graphite
10.015974596971176,0.11563137579453059,1,EDS,Graphite
10.025696140693697,0.10657773084939005,1,EDS,Graphite
10.035417684416217,0.12619730762374015,1,EDS,Graphite
10.045139228138739,0.09536637811664855,1,EDS,Graphite
10.054860771861259,0.11499438268520995,1,EDS,Graphite
10.06458231558378,0.08486927629853644,1,EDS,Graphite
10.074303859306301,0.10495565096893829,1,EDS,Graphite
10.084025403028821,0.09394733988898527,1,EDS,Graphite
10.093746946751342,0.09417347722853191,1,EDS,Graphite
10.103468490473864,0.08328086083716746,1,EDS,Graphite
10.113190034196384,0.09417640262794537,1,EDS,Graphite
10.122911577918904,0.08413657495514315,1,EDS,Graphite
10.132633121641424,0.08338829141010361,1,EDS,Graphite
10.142354665363946,0.1042783606056528,1,EDS,Graphite
10.152076209086466,0.08267204181100786,1,EDS,Graphite
10.161797752808987,0.08238210938502873,1,EDS,Graphite
10.171519296531509,0.11308284746954837,1,EDS,Graphite
10.181240840254029,0.10333837998536737,1,EDS,Graphite
10.190962383976549,0.09349840323685574,1,EDS,Graphite
10.200683927699071,0.12222973112698132,1,EDS,Graphite
10.210405471421591,0.10285271467647239,1,EDS,Graphite
10.220127015144111,0.1121111929117647,1,EDS,Graphite
10.229848558866633,0.1018749523992208,1,EDS,Graphite
10.239570102589154,0.09225056050502019,1,EDS,Graphite
10.249291646311674,0.10196434742261883,1,EDS,Graphite
10.259013190034196,0.11065151060885896,1,EDS,Graphite
10.268734733756716,0.10205335826223265,1,EDS,Graphite
10.278456277479236,0.09183646999068343,1,EDS,Graphite
10.288177821201757,0.10063827761223712,1,EDS,Graphite
10.297899364924278,0.10099592574802889,1,EDS,Graphite
10.307620908646799,0.09087909246178055,1,EDS,Graphite
10.317342452369319,0.09059182881167849,1,EDS,Graphite
10.327063996091841,0.08000767431208827,1,EDS,Graphite
10.336785539814361,0.08977799324313424,1,EDS,Graphite
10.346507083536881,0.07994273602693777,1,EDS,Graphite
10.356228627259403,0.10039130668099078,1,EDS,Graphite
10.365950170981924,0.0999006138698654,1,EDS,Graphite
10.375671714704444,0.09926338984874145,1,EDS,Graphite
10.385393258426966,0.0796831881145445,1,EDS,Graphite
10.395114802149486,0.09765510453448693,1,EDS,Graphite
10.404836345872006,0.09954232390679812,1,EDS,Graphite
10.414557889594526,0.10789035187075172,1,EDS,Graphite
10.424279433317048,0.10843091010071487,1,EDS,Graphite
10.434000977039569,0.10787436556683604,1,EDS,Graphite
10.443722520762089,0.0976170705376302,1,EDS,Graphite
10.45344406448461,0.09871182129058488,1,EDS,Graphite
10.463165608207131,0.07770743836381801,1,EDS,Graphite
10.472887151929651,0.09795858173477742,1,EDS,Graphite
10.482608695652173,0.09758902068547748,1,EDS,Graphite
10.492330239374693,0.09769098077390614,1,EDS,Graphite
10.502051783097214,0.07731792506478401,1,EDS,Graphite
10.511773326819736,0.07645165089837717,1,EDS,Graphite
10.521494870542256,0.09745580373331289,1,EDS,Graphite
10.531216414264776,0.08652260173410854,1,EDS,Graphite
10.540937957987298,0.09580897195777223,1,EDS,Graphite
10.550659501709818,0.09622163184039263,1,EDS,Graphite
10.560381045432338,0.11704568831459658,1,EDS,Graphite
10.570102589154859,0.07654396481793754,1,EDS,Graphite
10.57982413287738,0.0857604040846431,1,EDS,Graphite
10.5895456765999,0.07559273404351813,1,EDS,Graphite
10.599267220322421,0.07543957195099261,1,EDS,Graphite
10.608988764044943,0.07650494365677403,1,EDS,Graphite
10.618710307767463,0.08546647435348016,1,EDS,Graphite
10.628431851489983,0.09532383785764073,1,EDS,Graphite
10.638153395212505,0.07546498982354027,1,EDS,Graphite
10.647874938935026,0.08489080984397882,1,EDS,Graphite
10.657596482657546,0.10446756738792243,1,EDS,Graphite
10.667318026380068,0.08433242476676793,1,EDS,Graphite
10.677039570102588,0.10422917740611594,1,EDS,Graphite
10.686761113825108,0.10407948076179628,1,EDS,Graphite
10.696482657547628,0.09430523530125907,1,EDS,Graphite
10.70620420127015,0.08379057592716795,1,EDS,Graphite
10.71592574499267,0.08397307346227707,1,EDS,Graphite
10.72564728871519,0.08338765102643259,1,EDS,Graphite
10.735368832437713,0.0833021853128998,1,EDS,Graphite
10.745090376160233,0.07206735267433421,1,EDS,Graphite
10.754811919882753,0.09339800463697576,1,EDS,Graphite
10.764533463605275,0.0829377442714994,1,EDS,Graphite
10.774255007327795,0.10310524426880113,1,EDS,Graphite
10.783976551050316,0.09093627850710777,1,EDS,Graphite
10.793698094772838,0.09333092929290276,1,EDS,Graphite
10.803419638495358,0.07201841606475708,1,EDS,Graphite
10.813141182217878,0.09249237816615366,1,EDS,Graphite
10.8228627259404,0.08122091900300188,1,EDS,Graphite
10.83258426966292,0.10190299660510868,1,EDS,Graphite
10.84230581338544,0.09087922564514483,1,EDS,Graphite
10.85202735710796,0.07093268217470362,1,EDS,Graphite
10.861748900830483,0.112069697296135,1,EDS,Graphite
10.871470444553003,0.09082053068682944,1,EDS,Graphite
10.881191988275523,0.1008629196585027,1,EDS,Graphite
10.890913531998045,0.07103098775243502,1,EDS,Graphite
10.900635075720565,0.08067118266577034,1,EDS,Graphite
10.910356619443085,0.09032634611242718,1,EDS,Graphite
10.920078163165607,0.09026924068669605,1,EDS,Graphite
10.929799706888128,0.0811495983489013,1,EDS,Graphite
10.939521250610648,0.07971728715727919,1,EDS,Graphite
10.94924279433317,0.07968288706883793,1,EDS,Graphite
10.95896433805569,0.08995216838787659,1,EDS,Graphite
10.96868588177821,0.0998129942966171,1,EDS,Graphite
10.978407425500732,0.09968750905470568,1,EDS,Graphite
10.988128969223252,0.07923831392077858,1,EDS,Graphite
10.997850512945773,0.0781551519905849,1,EDS,Graphite
11.007572056668293,0.07941482081688202,1,EDS,Graphite
11.017293600390815,0.09781868072100042,1,EDS,Graphite
11.027015144113335,0.098396057752847,1,EDS,Graphite
11.036736687835855,0.08768544450558324,1,EDS,Graphite
11.046458231558377,0.07787278784578576,1,EDS,Graphite
11.056179775280897,0.06790735617264769,1,EDS,Graphite
11.065901319003418,0.07773617350600766,1,EDS,Graphite
11.07562286272594,0.0776204853071911,1,EDS,Graphite
11.08534440644846,0.07806567134596618,1,EDS,Graphite
11.09506595017098,0.0873019821724147,1,EDS,Graphite
11.104787493893502,0.09677600401392181,1,EDS,Graphite
11.114509037616022,0.09722964752584932,1,EDS,Graphite
11.124230581338542,0.07717811601459844,1,EDS,Graphite
11.133952125061063,0.08576839980885456,1,EDS,Graphite
11.143673668783585,0.07653905156920397,1,EDS,Graphite
11.153395212506105,0.0864250150085188,1,EDS,Graphite
11.163116756228625,0.06574430603079963,1,EDS,Graphite
11.172838299951147,0.07643696808061369,1,EDS,Graphite
11.182559843673667,0.06548537647480336,1,EDS,Graphite
11.192281387396187,0.07545967457441402,1,EDS,Graphite
11.20200293111871,0.07513880178267413,1,EDS,Graphite
11.21172447484123,0.07506839378427684,1,EDS,Graphite
11.22144601856375,0.06432954651188251,1,EDS,Graphite
11.231167562286272,0.08398548029401243,1,EDS,Graphite
11.240889106008792,0.0753778256125056,1,EDS,Graphite
11.250610649731312,0.09395557943846025,1,EDS,Graphite
11.260332193453834,0.06371397500496623,1,EDS,Graphite
11.270053737176355,0.07294935733495085,1,EDS,Graphite
11.279775280898875,0.10356038248942526,1,EDS,Graphite
11.289496824621395,0.0730413837653897,1,EDS,Graphite
11.299218368343917,0.06439803580537268,1,EDS,Graphite
11.308939912066437,0.07390572956406116,1,EDS,Graphite
11.318661455788957,0.07286563477501164,1,EDS,Graphite
11.32838299951148,0.08420968650570386,1,EDS,Graphite
11.338104543234,0.08338921729632114,1,EDS,Graphite
11.34782608695652,0.09255028310083672,1,EDS,Graphite
11.357547630679042,0.09126522245207444,1,EDS,Graphite
11.367269174401562,0.08356002661840253,1,EDS,Graphite
11.376990718124082,0.07150093691570711,1,EDS,Graphite
11.386712261846604,0.09120208581990351,1,EDS,Graphite
11.396433805569124,0.07240602182681756,1,EDS,Graphite
11.406155349291645,0.07296707309409982,1,EDS,Graphite
11.415876893014165,0.07225721484314554,1,EDS,Graphite
11.425598436736687,0.07166820342880967,1,EDS,Graphite
11.435319980459207,0.07151670129531351,1,EDS,Graphite
11.445041524181727,0.06148229399821206,1,EDS,Graphite
11.45476306790425,0.0912663748201572,1,EDS,Graphite
11.46448461162677,0.090853471803243,1,EDS,Graphite
11.47420615534929,0.09059514901850219,1,EDS,Graphite
11.483927699071812,0.08034206782175389,1,EDS,Graphite
11.493649242794332,0.06981936289555576,1,EDS,Graphite
11.503370786516852,0.06989527694464175,1,EDS,Graphite
11.513092330239374,0.06900203711522168,1,EDS,Graphite
11.522813873961894,0.0796542985213541,1,EDS,Graphite
11.532535417684414,0.05902937634304858,1,EDS,Graphite
11.542256961406936,0.05880292358138743,1,EDS,Graphite
11.551978505129457,0.07929527015491324,1,EDS,Graphite
11.561700048851977,0.059750931979445525,1,EDS,Graphite
11.571421592574497,0.09934012257819405,1,EDS,Graphite
11.581143136297019,0.05789356740197363,1,EDS,Graphite
11.59086468001954,0.05802478706287583,1,EDS,Graphite
11.60058622374206,0.06884964410653524,1,EDS,Graphite
11.610307767464581,0.06769378088779889,1,EDS,Graphite
11.620029311187102,0.09791596997415045,1,EDS,Graphite
11.629750854909622,0.0681468111351893,1,EDS,Graphite
11.639472398632144,0.06719904441085543,1,EDS,Graphite
11.649193942354664,0.07758358729097448,1,EDS,Graphite
11.658915486077184,0.06667642554242907,1,EDS,Graphite
11.668637029799706,0.10688567019270975,1,EDS,Graphite
11.678358573522226,0.08719179798857601,1,EDS,Graphite
11.688080117244747,0.09604133268914719,1,EDS,Graphite
11.697801660967267,0.07691917802897968,1,EDS,Graphite
11.707523204689789,0.06651536205390458,1,EDS,Graphite
11.717244748412309,0.06664210318520554,1,EDS,Graphite
11.72696629213483,0.07630589775382869,1,EDS,Graphite
11.736687835857351,0.06672463558279979,1,EDS,Graphite
11.746409379579871,0.07592053194719509,1,EDS,Graphite
11.756130923302392,0.07546814221529005,1,EDS,Graphite
11.765852467024914,0.0655843922317575,1,EDS,Graphite
11.775574010747434,0.06563346456460173,1,EDS,Graphite
11.785295554469954,0.06521201690245905,1,EDS,Graphite
11.795017098192476,0.08504045444119647,1,EDS,Graphite
11.804738641914996,0.0644914667240204,1,EDS,Graphite
11.814460185637516,0.07434424908086606,1,EDS,Graphite
11.824181729360038,0.08379674410403597,1,EDS,Graphite
11.833903273082559,0.06524961090418052,1,EDS,Graphite
11.843624816805079,0.05354372318994706,1,EDS,Graphite
11.853346360527599,0.08365960356360651,1,EDS,Graphite
11.863067904250121,0.07347919377525766,1,EDS,Graphite
11.872789447972641,0.06414112109412476,1,EDS,Graphite
11.882510991695161,0.07336224498441066,1,EDS,Graphite
11.892232535417683,0.053987867635802364,1,EDS,Graphite
11.901954079140204,0.052833087519096156,1,EDS,Graphite
11.911675622862724,0.053155356001269645,1,EDS,Graphite
11.921397166585246,0.07241530904881038,1,EDS,Graphite
11.931118710307766,0.05377994774500078,1,EDS,Graphite
11.940840254030286,0.07189967704673625,1,EDS,Graphite
11.950561797752808,0.06250204006546721,1,EDS,Graphite
11.960283341475328,0.06250126269041595,1,EDS,Graphite
11.970004885197849,0.08222091324762859,1,EDS,Graphite
11.979726428920369,0.06174570927833831,1,EDS,Graphite
11.98944797264289,0.061606937662159564,1,EDS,Graphite
11.999169516365411,0.05152890289729916,1,EDS,Graphite
12.008891060087931,0.0912635503717556,1,EDS,Graphite
12.018612603810453,0.051667250784850204,1,EDS,Graphite
12.028334147532973,0.0921407329623036,1,EDS,Graphite
12.038055691255494,0.06055074355916741,1,EDS,Graphite
12.047777234978016,0.06996595779042057,1,EDS,Graphite
12.057498778700536,0.06045737162967868,1,EDS,Graphite
12.067220322423056,0.06166141197231729,1,EDS,Graphite
12.076941866145578,0.05975513948590163,1,EDS,Graphite
12.086663409868098,0.06084343413689437,1,EDS,Graphite
12.096384953590618,0.06069600470743515,1,EDS,Graphite
12.10610649731314,0.059381896992709716,1,EDS,Graphite
12.11582804103566,0.0497916242759784,1,EDS,Graphite
12.125549584758181,0.08016889132118007,1,EDS,Graphite
12.135271128480701,0.058969800937138536,1,EDS,Graphite
12.144992672203223,0.048892778076244967,1,EDS,Graphite
12.154714215925743,0.07853119054864442,1,EDS,Graphite
12.164435759648264,0.0581413485188197,1,EDS,Graphite
12.174157303370785,0.06816195354543374,1,EDS,Graphite
12.183878847093306,0.05769934193025849,1,EDS,Graphite
12.193600390815826,0.06817870520039972,1,EDS,Graphite
12.203321934538348,0.05759819255022396,1,EDS,Graphite
12.213043478260868,0.06794687169206917,1,EDS,Graphite
12.222765021983388,0.08685976690750401,1,EDS,Graphite
12.23248656570591,0.04766230723558409,1,EDS,Graphite
12.24220810942843,0.057753429345106626,1,EDS,Graphite
12.25192965315095,0.04613302880666891,1,EDS,Graphite
12.261651196873471,0.047182810350104694,1,EDS,Graphite
12.271372740595993,0.0674543286342673,1,EDS,Graphite
12.281094284318513,0.04603436503285323,1,EDS,Graphite
12.290815828041033,0.057348557482662946,1,EDS,Graphite
12.300537371763555,0.04653703095117413,1,EDS,Graphite
12.310258915486076,0.04579207913523737,1,EDS,Graphite
12.319980459208596,0.07595856507297133,1,EDS,Graphite
12.329702002931118,0.07610698823805286,1,EDS,Graphite
12.339423546653638,0.055691871665743166,1,EDS,Graphite
12.349145090376158,0.07576250992193179,1,EDS,Graphite
12.35886663409868,0.054845179033943196,1,EDS,Graphite
12.3685881778212,0.09523823596846813,1,EDS,Graphite
12.37830972154372,0.05425735743682862,1,EDS,Graphite
12.388031265266243,0.07475961689990993,1,EDS,Graphite
12.397752808988763,0.05418499312659739,1,EDS,Graphite
12.407474352711283,0.06410434140154303,1,EDS,Graphite
12.417195896433803,0.054950532574579034,1,EDS,Graphite
12.426917440156325,0.064708925482221,1,EDS,Graphite
12.436638983878845,0.04429390787381874,1,EDS,Graphite
12.446360527601366,0.06325220177216076,1,EDS,Graphite
12.456082071323888,0.05348382076348922,1,EDS,Graphite
12.465803615046408,0.05410278190182674,1,EDS,Graphite
12.475525158768928,0.06338492909895663,1,EDS,Graphite
12.48524670249145,0.05433701169968271,1,EDS,Graphite
12.49496824621397,0.06317989626572795,1,EDS,Graphite
12.50468978993649,0.04290927476504678,1,EDS,Graphite
12.514411333659012,0.04248451319219604,1,EDS,Graphite
12.524132877381533,0.06254486458135165,1,EDS,Graphite
12.533854421104053,0.052230694030156136,1,EDS,Graphite
12.543575964826575,0.05250585525095942,1,EDS,Graphite
12.553297508549095,0.08246646795677229,1,EDS,Graphite
12.563019052271615,0.06140359270115024,1,EDS,Graphite
12.572740595994135,0.0509561900134727,1,EDS,Graphite
12.582462139716657,0.05052948845508725,1,EDS,Graphite
12.592183683439178,0.05156721881780976,1,EDS,Graphite
12.601905227161698,0.06057185682106006,1,EDS,Graphite
12.61162677088422,0.049865271349649944,1,EDS,Graphite
12.62134831460674,0.07100440409064117,1,EDS,Graphite
12.63106985832926,0.041918903134614056,1,EDS,Graphite
12.640791402051782,0.0404672802651777,1,EDS,Graphite
12.650512945774302,0.08073423581745459,1,EDS,Graphite
12.660234489496823,0.060178189589615946,1,EDS,Graphite
12.669956033219345,0.05991817147651601,1,EDS,Graphite
12.679677576941865,0.05027426176587128,1,EDS,Graphite
12.689399120664385,0.06948554749861977,1,EDS,Graphite
12.699120664386905,0.06960505601689063,1,EDS,Graphite
12.708842208109427,0.0594658470000488,1,EDS,Graphite
12.718563751831947,0.038789992252885805,1,EDS,Graphite
12.728285295554468,0.03947615909474566,1,EDS,Graphite
12.73800683927699,0.038709224246966344,1,EDS,Graphite
12.74772838299951,0.048243598420816707,1,EDS,Graphite
12.75744992672203,0.03874068939440823,1,EDS,Graphite
12.767171470444552,0.057836026852309944,1,EDS,Graphite
12.776893014167072,0.03814520717190055,1,EDS,Graphite
12.786614557889592,0.07795893485451921,1,EDS,Graphite
12.796336101612114,0.03835465765842372,1,EDS,Graphite
12.806057645334635,0.037873416179119795,1,EDS,Graphite
12.815779189057155,0.037449472314862474,1,EDS,Graphite
12.825500732779677,0.057715565113027084,1,EDS,Graphite
12.835222276502197,0.03784270375063744,1,EDS,Graphite
12.844943820224717,0.057247779475378915,1,EDS,Graphite
12.854665363947237,0.046799312457012576,1,EDS,Graphite
12.86438690766976,0.055952648104720934,1,EDS,Graphite
12.87410845139228,0.045912382994683774,1,EDS,Graphite
12.8838299951148,0.05613588028073423,1,EDS,Graphite
12.893551538837322,0.06581240979056377,1,EDS,Graphite
12.903273082559842,0.03586252072851888,1,EDS,Graphite
12.912994626282362,0.06582067240140665,1,EDS,Graphite
12.922716170004884,0.06589674600780274,1,EDS,Graphite
12.932437713727404,0.05542119624603799,1,EDS,Graphite
12.942159257449925,0.04554042825439009,1,EDS,Graphite
12.951880801172447,0.0451564577245477,1,EDS,Graphite
12.961602344894967,0.06394090694662358,1,EDS,Graphite
12.971323888617487,0.05430641313794328,1,EDS,Graphite
12.981045432340007,0.044548111743195305,1,EDS,Graphite
12.99076697606253,0.05383336201320339,1,EDS,Graphite
13.00048851978505,0.03459643981006089,1,EDS,Graphite
13.01021006350757,0.03490782989757744,1,EDS,Graphite
13.019931607230092,0.06458043683974432,1,EDS,Graphite
13.029653150952612,0.043677272781119346,1,EDS,Graphite
13.039374694675132,0.054386159838822806,1,EDS,Graphite
13.049096238397654,0.04352933512799608,1,EDS,Graphite
13.058817782120174,0.04311264110397759,1,EDS,Graphite
13.068539325842695,0.04280359721724157,1,EDS,Graphite
13.078260869565216,0.07279639356467545,1,EDS,Graphite
13.087982413287737,0.03258532580434623,1,EDS,Graphite
13.097703957010257,0.0427054213827141,1,EDS,Graphite
13.107425500732779,0.06253335276808325,1,EDS,Graphite
13.117147044455299,0.03228537883010268,1,EDS,Graphite
13.12686858817782,0.042341388707391424,1,EDS,Graphite
13.13659013190034,0.04256178201157536,1,EDS,Graphite
13.146311675622862,0.03227086606096067,1,EDS,Graphite
13.156033219345382,0.06085259943541945,1,EDS,Graphite
13.165754763067902,0.03013614539438645,1,EDS,Graphite
13.175476306790424,0.05176205862622921,1,EDS,Graphite
13.185197850512944,0.03041229105584023,1,EDS,Graphite
13.194919394235464,0.05083233626643574,1,EDS,Graphite
13.204640937957986,0.04017946133307406,1,EDS,Graphite
13.214362481680507,0.059687713410009266,1,EDS,Graphite
13.224084025403027,0.06072523273985049,1,EDS,Graphite
13.233805569125549,0.050670151566987634,1,EDS,Graphite
13.243527112848069,0.059816671042679695,1,EDS,Graphite
13.25324865657059,0.04861426655951652,1,EDS,Graphite
13.26297020029311,0.03949829868204327,1,EDS,Graphite
13.272691744015631,0.029813481488842785,1,EDS,Graphite
13.282413287738152,0.04868500540550827,1,EDS,Graphite
13.292134831460672,0.029372433837648943,1,EDS,Graphite
13.301856375183194,0.03910336985058748,1,EDS,Graphite
13.311577918905714,0.029242038156177055,1,EDS,Graphite
13.321299462628234,0.028838808953172448,1,EDS,Graphite
13.331021006350756,0.06811026221687944,1,EDS,Graphite
13.340742550073276,0.049058485738441904,1,EDS,Graphite
13.350464093795797,0.028195048901185356,1,EDS,Graphite
13.360185637518319,0.05809556409188549,1,EDS,Graphite
13.369907181240839,0.02746298329647848,1,EDS,Graphite
13.379628724963359,0.03754790215176286,1,EDS,Graphite
13.389350268685881,0.04715404411649425,1,EDS,Graphite
13.399071812408401,0.04735300742901379,1,EDS,Graphite
13.408793356130921,0.03815477407512739,1,EDS,Graphite
13.418514899853442,0.06640293177104917,1,EDS,Graphite
13.428236443575964,0.036111811233942664,1,EDS,Graphite
13.437957987298484,0.04753040858897625,1,EDS,Graphite
13.447679531021004,0.05649975567304462,1,EDS,Graphite
13.457401074743526,0.026096550179515874,1,EDS,Graphite
13.467122618466046,0.04680804017930931,1,EDS,Graphite
13.476844162188566,0.035795372656169375,1,EDS,Graphite
13.486565705911088,0.036878298912898434,1,EDS,Graphite
13.496287249633609,0.03612131241060868,1,EDS,Graphite
13.506008793356129,0.03535520407201754,1,EDS,Graphite
13.51573033707865,0.04654792405787413,1,EDS,Graphite
13.525451880801171,0.044960892871718464,1,EDS,Graphite
13.535173424523691,0.035486770589702,1,EDS,Graphite
13.544894968246211,0.04509230365842369,1,EDS,Graphite
13.554616511968733,0.05544067716028096,1,EDS,Graphite
13.564338055691254,0.04540732827470801,1,EDS,Graphite
13.574059599413774,0.04445432150931448,1,EDS,Graphite
13.583781143136296,0.05388376631561187,1,EDS,Graphite
13.593502686858816,0.034340573255120625,1,EDS,Graphite
13.603224230581336,0.03358896540225089,1,EDS,Graphite
13.612945774303858,0.044805300543639716,1,EDS,Graphite
13.622667318026378,0.023673779912401268,1,EDS,Graphite
13.632388861748899,0.043248989008932086,1,EDS,Graphite
13.64211040547142,0.02336484070897696,1,EDS,Graphite
13.65183194919394,0.03241067784536379,1,EDS,Graphite
13.661553492916461,0.02243685105268422,1,EDS,Graphite
13.671275036638983,0.03338640920594427,1,EDS,Graphite
13.680996580361503,0.03226495326930318,1,EDS,Graphite
13.690718124084023,0.04189766606297502,1,EDS,Graphite
13.700439667806544,0.03254477239891534,1,EDS,Graphite
13.710161211529066,0.04271155692350243,1,EDS,Graphite
13.719882755251586,0.03230483939026107,1,EDS,Graphite
13.729604298974106,0.042280450256893004,1,EDS,Graphite
13.739325842696628,0.031212707669831204,1,EDS,Graphite
13.749047386419148,0.030704094986875437,1,EDS,Graphite
13.758768930141668,0.032039745111222324,1,EDS,Graphite
13.76849047386419,0.0409354317953534,1,EDS,Graphite
13.77821201758671,0.0408055651059246,1,EDS,Graphite
13.78793356130923,0.021450369464335463,1,EDS,Graphite
13.797655105031753,0.03088680346665188,1,EDS,Graphite
13.807376648754273,0.020668444224662613,1,EDS,Graphite
13.817098192476793,0.06138012154695993,1,EDS,Graphite
13.826819736199313,0.029769806610738164,1,EDS,Graphite
13.836541279921835,0.04041068604215464,1,EDS,Graphite
13.846262823644356,0.02979632278149536,1,EDS,Graphite
13.855984367366876,0.019738303152309466,1,EDS,Graphite
13.865705911089398,0.02021909556960789,1,EDS,Graphite
13.875427454811918,0.05952774458969946,1,EDS,Graphite
13.885148998534438,0.01937664276759622,1,EDS,Graphite
13.89487054225696,0.029484464633579177,1,EDS,Graphite
13.90459208597948,0.038578880881516404,1,EDS,Graphite
13.914313629702,0.018168372252135606,1,EDS,Graphite
13.924035173424523,0.01789595283781262,1,EDS,Graphite
13.933756717147043,0.047255550537239045,1,EDS,Graphite
13.943478260869563,0.029156349401411867,1,EDS,Graphite
13.953199804592085,0.0173657238334444,1,EDS,Graphite
13.962921348314605,0.037652304389106175,1,EDS,Graphite
13.972642892037126,0.03745702024886817,1,EDS,Graphite
13.982364435759646,0.04759057653978667,1,EDS,Graphite
13.992085979482168,0.017685130228369237,1,EDS,Graphite
14.001807523204688,0.017541406984346745,1,EDS,Graphite
14.011529066927208,0.016632730247631157,1,EDS,Graphite
14.02125061064973,0.03667981503664942,1,EDS,Graphite
14.03097215437225,0.026744248178586456,1,EDS,Graphite
14.04069369809477,0.026304479742919835,1,EDS,Graphite
14.050415241817293,0.027091754581739166,1,EDS,Graphite
14.060136785539813,0.02635126082906694,1,EDS,Graphite
14.069858329262333,0.026309930373914853,1,EDS,Graphite
14.079579872984855,0.016106235944746417,1,EDS,Graphite
14.089301416707375,0.01620198691869885,1,EDS,Graphite
14.099022960429895,0.0255251992170828,1,EDS,Graphite
14.108744504152416,0.04459892618477533,1,EDS,Graphite
14.118466047874938,0.015304236195239703,1,EDS,Graphite
14.128187591597458,0.014597343306090626,1,EDS,Graphite
14.137909135319978,0.02449376155071569,1,EDS,Graphite
14.1476306790425,0.014900179792190472,1,EDS,Graphite
14.15735222276502,0.015068594918838864,1,EDS,Graphite
14.16707376648754,0.024276411749177336,1,EDS,Graphite
14.176795310210062,0.03425755965585324,1,EDS,Graphite
14.186516853932583,0.014807085969818676,1,EDS,Graphite
14.196238397655103,0.013889269669059054,1,EDS,Graphite
14.205959941377625,0.06493610797661117,1,EDS,Graphite
14.215681485100145,0.023722905696525146,1,EDS,Graphite
14.225403028822665,0.012360600529588907,1,EDS,Graphite
14.235124572545187,0.013486178801375549,1,EDS,Graphite
14.244846116267707,0.0431282527846691,1,EDS,Graphite
14.254567659990228,0.013428630492755908,1,EDS,Graphite
14.264289203712748,0.03294509980243041,1,EDS,Graphite
14.27401074743527,0.022361311761846765,1,EDS,Graphite
14.28373229115779,0.0216365901433263,1,EDS,Graphite
14.29345383488031,0.02199181433026996,1,EDS,Graphite
14.303175378602832,0.031495486449764375,1,EDS,Graphite
14.312896922325352,0.02146765627793539,1,EDS,Graphite
14.322618466047873,0.011901955881025965,1,EDS,Graphite
14.332340009770395,0.032291143674751534,1,EDS,Graphite
14.342061553492915,0.021469099617700688,1,EDS,Graphite
14.351783097215435,0.020484988654019615,1,EDS,Graphite
14.361504640937957,0.04116158677042102,1,EDS,Graphite
14.371226184660477,0.03138153518259307,1,EDS,Graphite
14.380947728382997,0.030286486391709097,1,EDS,Graphite
14.39066927210552,0.05036444701596183,1,EDS,Graphite
14.40039081582804,0.04027430721017982,1,EDS,Graphite
14.41011235955056,0.00969676345976423,1,EDS,Graphite
14.41983390327308,0.030266830644168213,1,EDS,Graphite
14.429555446995602,0.01970489766053598,1,EDS,Graphite
14.439276990718122,0.019816138863747723,1,EDS,Graphite
14.448998534440642,0.01897779418427759,1,EDS,Graphite
14.458720078163164,0.03904255443333236,1,EDS,Graphite
14.468441621885685,0.009472147679736696,1,EDS,Graphite
14.478163165608205,0.0187426811044004,1,EDS,Graphite
14.487884709330727,0.04965540540056882,1,EDS,Graphite
14.497606253053247,0.018395829693657616,1,EDS,Graphite
14.507327796775767,0.02855018908411046,1,EDS,Graphite
14.51704934049829,0.02874751365422731,1,EDS,Graphite
14.52677088422081,0.017372633102332807,1,EDS,Graphite
14.53649242794333,0.017030101538922236,1,EDS,Graphite
14.54621397166585,0.04698444897247823,1,EDS,Graphite
14.555935515388372,0.028251048360735928,1,EDS,Graphite
14.565657059110892,0.027151942694356758,1,EDS,Graphite
14.575378602833412,0.028583958489194504,1,EDS,Graphite
14.585100146555934,0.03681256575108576,1,EDS,Graphite
14.594821690278454,0.027030938033207115,1,EDS,Graphite
14.604543234000975,0.017562207242455236,1,EDS,Graphite
14.614264777723497,0.027634195854009124,1,EDS,Graphite
14.623986321446017,0.01749618826069837,1,EDS,Graphite
14.633707865168537,0.02689120453193466,1,EDS,Graphite
14.643429408891059,0.026629994809811708,1,EDS,Graphite
14.65315095261358,0.02624171538680144,1,EDS,Graphite
14.6628724963361,0.026170758297662026,1,EDS,Graphite
14.672594040058621,0.025320922233203633,1,EDS,Graphite
14.682315583781142,0.015017215979888691,1,EDS,Graphite
14.692037127503662,0.005269561486208589,1,EDS,Graphite
14.701758671226182,0.02501736550451299,1,EDS,Graphite
14.711480214948704,0.004705431130851305,1,EDS,Graphite
14.721201758671224,0.0051298653432906,1,EDS,Graphite
14.730923302393744,0.02509649823515902,1,EDS,Graphite
14.740644846116266,0.014484482562669702,1,EDS,Graphite
14.750366389838787,0.005032031309213036,1,EDS,Graphite
14.760087933561307,0.003519356912119998,1,EDS,Graphite
14.769809477283829,0.013840197803689204,1,EDS,Graphite
14.779531021006349,0.013404871921488686,1,EDS,Graphite
14.78925256472887,0.03264751191017454,1,EDS,Graphite
14.798974108451391,0.023397966043698152,1,EDS,Graphite
14.808695652173911,0.013211469431838034,1,EDS,Graphite
14.818417195896432,0.01388552280262833,1,EDS,Graphite
14.828138739618952,0.04326545097209956,1,EDS,Graphite
14.837860283341474,0.022248401416634686,1,EDS,Graphite
14.847581827063994,0.013561391381749544,1,EDS,Graphite
14.857303370786514,0.013069610780890426,1,EDS,Graphite
14.867024914509036,0.0125748132124032,1,EDS,Graphite
14.876746458231557,0.001992824069311991,1,EDS,Graphite
14.886468001954077,0.03144970966811255,1,EDS,Graphite
14.896189545676599,0.021585155362105465,1,EDS,Graphite
14.905911089399119,0.0021696851223205684,1,EDS,Graphite
14.91563263312164,0.052412358315551306,1,EDS,Graphite
14.925354176844161,0.0020705418842182797,1,EDS,Graphite
14.935075720566681,0.010859709438630523,1,EDS,Graphite
14.944797264289202,0.030369140458842925,1,EDS,Graphite
14.954518808011724,0.010850660110993383,1,EDS,Graphite
14.964240351734244,0.02,1,EDS,Graphite
14.973961895456764,0.020611641393077924,1,EDS,Graphite
14.983683439179284,0.01020332405277471,1,EDS,Graphite
14.993404982901806,0.03,1,EDS,Graphite
15.003126526624326,0.01,1,EDS,Graphite
15.012848070346847,0.02026398262641088,1,EDS,Graphite
15.022569614069369,0.02,1,EDS,Graphite
15.032291157791889,0.02,1,EDS,Graphite
15.042012701514409,0.0,1,EDS,Graphite
15.051734245236931,0.01,1,EDS,Graphite
15.061455788959451,0.04091091030777707,1,EDS,Graphite
15.071177332681971,0.0008538619151281164,1,EDS,Graphite
15.080898876404493,0.01,1,EDS,Graphite
15.090620420127014,0.0,1,EDS,Graphite
15.100341963849534,0.020240942822498605,1,EDS,Graphite
15.110063507572054,0.04,1,EDS,Graphite
15.119785051294576,0.030155116436552096,1,EDS,Graphite
15.129506595017096,0.0003937535863850483,1,EDS,Graphite
15.139228138739616,0.010630624975985638,1,EDS,Graphite
15.148949682462138,0.0,1,EDS,Graphite
15.158671226184659,0.01,1,EDS,Graphite
15.168392769907179,0.03,1,EDS,Graphite
15.1781143136297,0.0,1,EDS,Graphite
15.187835857352221,0.03,1,EDS,Graphite
15.197557401074741,0.020188820271066152,1,EDS,Graphite
15.207278944797263,0.020469568572896935,1,EDS,Graphite
15.217000488519783,0.01,1,EDS,Graphite
15.226722032242304,0.020767219172673487,1,EDS,Graphite
15.236443575964826,0.01,1,EDS,Graphite
15.246165119687346,0.01,1,EDS,Graphite
15.255886663409866,0.06,1,EDS,Graphite
15.265608207132386,0.02,1,EDS,Graphite
15.275329750854908,0.010454385858983773,1,EDS,Graphite
15.285051294577428,0.020378726532025916,1,EDS,Graphite
15.294772838299949,0.0,1,EDS,Graphite
15.30449438202247,3.443220757153366e-05,1,EDS,Graphite
15.31421592574499,0.020265184893880888,1,EDS,Graphite
15.323937469467511,0.02,1,EDS,Graphite
15.333659013190033,0.01,1,EDS,Graphite
15.343380556912553,0.00040823993903027993,1,EDS,Graphite
15.353102100635073,0.01,1,EDS,Graphite
15.362823644357595,0.010150884302681847,1,EDS,Graphite
15.372545188080116,0.0,1,EDS,Graphite
15.382266731802636,0.010239737901578626,1,EDS,Graphite
15.391988275525156,0.0,1,EDS,Graphite
15.401709819247678,0.01,1,EDS,Graphite
15.411431362970198,0.0005986582750679024,1,EDS,Graphite
15.421152906692718,0.05,1,EDS,Graphite
15.43087445041524,0.04,1,EDS,Graphite
15.44059599413776,0.030103089510272442,1,EDS,Graphite
15.45031753786028,0.01059038208991233,1,EDS,Graphite
15.460039081582803,0.01,1,EDS,Graphite
15.469760625305323,3.170250268880368e-05,1,EDS,Graphite
15.479482169027843,0.01022040514508776,1,EDS,Graphite
15.489203712750365,0.0303562457177189,1,EDS,Graphite
15.498925256472885,0.020090688270065184,1,EDS,Graphite
15.508646800195406,0.0,1,EDS,Graphite
15.518368343917928,0.01,1,EDS,Graphite
15.528089887640448,0.030044276642868503,1,EDS,Graphite
15.537811431362968,0.02,1,EDS,Graphite
15.547532975085488,0.01,1,EDS,Graphite
15.55725451880801,0.020224385085230348,1,EDS,Graphite
15.56697606253053,0.010464608730414748,1,EDS,Graphite
15.57669760625305,0.02,1,EDS,Graphite
15.586419149975573,0.02,1,EDS,Graphite
15.596140693698093,0.0003182358529192663,1,EDS,Graphite
15.605862237420613,0.021057521310792904,1,EDS,Graphite
15.615583781143135,0.010010687648804507,1,EDS,Graphite
15.625305324865655,0.01,1,EDS,Graphite
15.635026868588175,0.02,1,EDS,Graphite
15.644748412310697,0.010706665523380022,1,EDS,Graphite
15.654469956033218,0.01,1,EDS,Graphite
15.664191499755738,0.0,1,EDS,Graphite
15.673913043478258,0.01,1,EDS,Graphite
15.68363458720078,0.02,1,EDS,Graphite
15.6933561309233,0.010063050672662902,1,EDS,Graphite
15.70307767464582,0.03083505996407296,1,EDS,Graphite
15.712799218368342,0.020166057821961358,1,EDS,Graphite
15.722520762090863,0.0,1,EDS,Graphite
15.732242305813383,0.0,1,EDS,Graphite
15.741963849535905,0.02,1,EDS,Graphite
15.751685393258425,0.03045390496496867,1,EDS,Graphite
15.761406936980945,0.0,1,EDS,Graphite
15.771128480703467,0.02,1,EDS,Graphite
15.780850024425987,0.021641208620072055,1,EDS,Graphite
15.790571568148508,0.020153554441265594,1,EDS,Graphite
15.80029311187103,0.0,1,EDS,Graphite
15.81001465559355,0.02,1,EDS,Graphite
15.81973619931607,0.02059028358975411,1,EDS,Graphite
15.82945774303859,5.821926453268536e-05,1,EDS,Graphite
15.839179286761112,0.0,1,EDS,Graphite
15.848900830483633,0.010472469661353349,1,EDS,Graphite
15.858622374206153,0.01,1,EDS,Graphite
15.868343917928675,0.010962846503904382,1,EDS,Graphite
15.878065461651195,0.010555128243530928,1,EDS,Graphite
15.887787005373715,0.02,1,EDS,Graphite
15.897508549096237,0.030658422884498063,1,EDS,Graphite
15.907230092818757,0.010034876698147732,1,EDS,Graphite
15.916951636541278,0.03043831267091504,1,EDS,Graphite
15.9266731802638,0.02024914527972274,1,EDS,Graphite
15.93639472398632,0.03,1,EDS,Graphite
15.94611626770884,0.02,1,EDS,Graphite
15.955837811431362,0.04052938416142728,1,EDS,Graphite
15.965559355153882,0.02,1,EDS,Graphite
15.975280898876402,0.01,1,EDS,Graphite
15.985002442598923,0.01,1,EDS,Graphite
15.994723986321445,0.0002177234631577665,1,EDS,Graphite
16.004445530043967,0.011060106371192483,1,EDS,Graphite
16.014167073766487,0.01,1,EDS,Graphite
16.023888617489007,0.03001244843157339,1,EDS,Graphite
16.033610161211527,0.010725859840216744,1,EDS,Graphite
16.043331704934047,0.0,1,EDS,Graphite
16.05305324865657,0.020232512208157034,1,EDS,Graphite
16.06277479237909,0.0,1,EDS,Graphite
16.07249633610161,0.00022014331964697066,1,EDS,Graphite
16.08221787982413,0.02,1,EDS,Graphite
16.091939423546652,0.0205066501931425,1,EDS,Graphite
16.101660967269176,0.010610298332197017,1,EDS,Graphite
16.111382510991696,0.011330996241499818,1,EDS,Graphite
16.121104054714216,0.00029792261618041995,1,EDS,Graphite
16.130825598436736,0.010167454340889387,1,EDS,Graphite
16.140547142159257,0.010099910568177549,1,EDS,Graphite
16.150268685881777,0.01,1,EDS,Graphite
16.1599902296043,0.04017397553632037,1,EDS,Graphite
16.16971177332682,0.02,1,EDS,Graphite
16.17943331704934,0.020086586374096396,1,EDS,Graphite
16.18915486077186,0.010677225050293246,1,EDS,Graphite
16.19887640449438,0.05,1,EDS,Graphite
16.2085979482169,0.010585880206228998,1,EDS,Graphite
16.218319491939422,0.030676977068957292,1,EDS,Graphite
16.228041035661946,0.01,1,EDS,Graphite
16.237762579384466,0.02,1,EDS,Graphite
16.247484123106986,0.02,1,EDS,Graphite
16.257205666829506,0.0006666354279568572,1,EDS,Graphite
16.266927210552026,0.01,1,EDS,Graphite
16.276648754274547,0.03,1,EDS,Graphite
16.28637029799707,0.02,1,EDS,Graphite
16.29609184171959,0.020432065880773204,1,EDS,Graphite
16.30581338544211,0.020281012720664616,1,EDS,Graphite
16.31553492916463,0.0,1,EDS,Graphite
16.32525647288715,0.04,1,EDS,Graphite
16.33497801660967,0.0,1,EDS,Graphite
16.34469956033219,0.02,1,EDS,Graphite
16.354421104054715,0.010830278482601027,1,EDS,Graphite
16.364142647777236,0.0,1,EDS,Graphite
16.373864191499756,0.0006256009276008241,1,EDS,Graphite
16.383585735222276,0.02078193326257226,1,EDS,Graphite
16.393307278944796,0.020513116585251196,1,EDS,Graphite
16.403028822667316,0.0,1,EDS,Graphite
16.41275036638984,0.0002075111127214947,1,EDS,Graphite
16.42247191011236,0.02,1,EDS,Graphite
16.43219345383488,0.02,1,EDS,Graphite
16.4419149975574,0.010166715726874548,1,EDS,Graphite
16.45163654127992,0.02,1,EDS,Graphite
16.46135808500244,0.010610449102890896,1,EDS,Graphite
16.47107962872496,0.03,1,EDS,Graphite
16.480801172447485,0.010103392997014522,1,EDS,Graphite
16.490522716170005,0.010145605648060644,1,EDS,Graphite
16.500244259892526,0.06,1,EDS,Graphite
16.509965803615046,0.010301551671487831,1,EDS,Graphite
16.519687347337566,0.01,1,EDS,Graphite
16.529408891060086,0.020447833530455557,1,EDS,Graphite
16.53913043478261,0.0,1,EDS,Graphite
16.54885197850513,0.010064957177591309,1,EDS,Graphite
16.55857352222765,0.0009965799520840779,1,EDS,Graphite
16.56829506595017,0.0,1,EDS,Graphite
16.57801660967269,0.01,1,EDS,Graphite
16.58773815339521,0.030264140801668064,1,EDS,Graphite
16.59745969711773,0.020092302298705865,1,EDS,Graphite
16.607181240840255,0.00018021852667271139,1,EDS,Graphite
16.616902784562775,0.020251434728636008,1,EDS,Graphite
16.626624328285295,0.010326237160325751,1,EDS,Graphite
16.636345872007816,0.0305703688045625,1,EDS,Graphite
16.646067415730336,0.020210640543146936,1,EDS,Graphite
16.655788959452856,0.01,1,EDS,Graphite
16.66551050317538,0.00034569263095408475,1,EDS,Graphite
16.6752320468979,0.03097651035626517,1,EDS,Graphite
16.68495359062042,0.03,1,EDS,Graphite
16.69467513434294,0.02,1,EDS,Graphite
16.70439667806546,0.02056902258973231,1,EDS,Graphite
16.71411822178798,0.0,1,EDS,Graphite
16.723839765510505,0.0,1,EDS,Graphite
16.733561309233025,0.010435561825533452,1,EDS,Graphite
16.743282852955545,0.01,1,EDS,Graphite
16.753004396678065,0.01,1,EDS,Graphite
16.762725940400586,0.010170632829821006,1,EDS,Graphite
16.772447484123106,0.020097913931783198,1,EDS,Graphite
16.782169027845626,0.010364647420443853,1,EDS,Graphite
16.79189057156815,0.02,1,EDS,Graphite
16.80161211529067,0.00026372855943087144,1,EDS,Graphite
16.81133365901319,0.02,1,EDS,Graphite
16.82105520273571,0.01037973732612163,1,EDS,Graphite
16.83077674645823,0.010316289507263899,1,EDS,Graphite
16.84049829018075,0.03,1,EDS,Graphite
16.850219833903274,0.010558178255019923,1,EDS,Graphite
16.859941377625795,0.02,1,EDS,Graphite
16.869662921348315,0.0004153293917844908,1,EDS,Graphite
16.879384465070835,0.010188780080842761,1,EDS,Graphite
16.889106008793355,0.01094479839201536,1,EDS,Graphite
16.898827552515876,0.01,1,EDS,Graphite
16.908549096238396,0.02,1,EDS,Graphite
16.91827063996092,0.01,1,EDS,Graphite
16.92799218368344,0.02,1,EDS,Graphite
16.93771372740596,0.020411157944769845,1,EDS,Graphite
16.94743527112848,0.02,1,EDS,Graphite
16.957156814851,0.01,1,EDS,Graphite
16.96687835857352,0.01,1,EDS,Graphite
16.976599902296044,0.0004884436175507902,1,EDS,Graphite
16.986321446018565,0.010879229200094516,1,EDS,Graphite
16.996042989741085,0.0,1,EDS,Graphite
17.005764533463605,0.01,1,EDS,Graphite
17.015486077186125,0.020036005744095132,1,EDS,Graphite
17.025207620908645,0.010597187738026086,1,EDS,Graphite
17.034929164631166,0.0,1,EDS,Graphite
17.04465070835369,0.010122518023871704,1,EDS,Graphite
17.05437225207621,0.020501236717607042,1,EDS,Graphite
17.06409379579873,0.020257554765600393,1,EDS,Graphite
17.07381533952125,9.744206130176007e-05,1,EDS,Graphite
17.08353688324377,0.020514522433492433,1,EDS,Graphite
17.09325842696629,0.02,1,EDS,Graphite
17.102979970688814,0.010348417581966746,1,EDS,Graphite
17.112701514411334,0.0,1,EDS,Graphite
17.122423058133855,0.01,1,EDS,Graphite
17.132144601856375,0.02026275034433303,1,EDS,Graphite
17.141866145578895,0.020706039554714624,1,EDS,Graphite
17.151587689301415,0.03,1,EDS,Graphite
17.16130923302394,0.020489762993412784,1,EDS,Graphite
17.17103077674646,0.01082868645003139,1,EDS,Graphite
17.18075232046898,0.000675845987028873,1,EDS,Graphite
17.1904738641915,0.02084291677152403,1,EDS,Graphite
17.20019540791402,0.0003814422187980649,1,EDS,Graphite
17.20991695163654,0.020038771740625155,1,EDS,Graphite
17.21963849535906,0.04,1,EDS,Graphite
17.229360039081584,0.02,1,EDS,Graphite
17.239081582804104,0.0,1,EDS,Graphite
17.248803126526624,0.021115831466975862,1,EDS,Graphite
17.258524670249145,0.01,1,EDS,Graphite
17.268246213971665,0.010063325392782018,1,EDS,Graphite
17.277967757694185,0.020283455077466175,1,EDS,Graphite
17.28768930141671,0.030022410992840743,1,EDS,Graphite
17.29741084513923,0.0008712303985720967,1,EDS,Graphite
17.30713238886175,0.04,1,EDS,Graphite
17.31685393258427,0.0101000252657574,1,EDS,Graphite
17.32657547630679,0.0,1,EDS,Graphite
17.33629702002931,0.0,1,EDS,Graphite
17.34601856375183,0.02,1,EDS,Graphite
17.355740107474354,0.0,1,EDS,Graphite
17.365461651196874,0.04,1,EDS,Graphite
17.375183194919394,0.01,1,EDS,Graphite
17.384904738641914,0.0,1,EDS,Graphite
17.394626282364435,0.03,1,EDS,Graphite
17.404347826086955,0.01,1,EDS,Graphite
17.41406936980948,0.010390657180455235,1,EDS,Graphite
17.423790913532,0.010042372776449883,1,EDS,Graphite
17.43351245725452,0.01,1,EDS,Graphite
17.44323400097704,0.02,1,EDS,Graphite
17.45295554469956,0.0,1,EDS,Graphite
17.46267708842208,0.020164050833452126,1,EDS,Graphite
17.4723986321446,0.04068897109791934,1,EDS,Graphite
17.482120175867124,0.0,1,EDS,Graphite
17.491841719589644,0.020059121651437896,1,EDS,Graphite
17.501563263312164,0.01,1,EDS,Graphite
17.511284807034684,0.020345058566634506,1,EDS,Graphite
17.521006350757204,0.010109579817340808,1,EDS,Graphite
17.530727894479725,0.02,1,EDS,Graphite
17.54044943820225,0.02,1,EDS,Graphite
17.55017098192477,0.0,1,EDS,Graphite
17.55989252564729,0.030553051268585662,1,EDS,Graphite
17.56961406936981,1.0953862582194755e-05,1,EDS,Graphite
17.57933561309233,0.030977183034257907,1,EDS,Graphite
17.58905715681485,0.02,1,EDS,Graphite
17.59877870053737,0.01,1,EDS,Graphite
17.608500244259893,0.05,1,EDS,Graphite
17.618221787982414,0.0,1,EDS,Graphite
17.627943331704934,0.01,1,EDS,Graphite
17.637664875427454,0.010137299027037453,1,EDS,Graphite
17.647386419149974,0.00026147690788094643,1,EDS,Graphite
17.657107962872495,0.01,1,EDS,Graphite
17.66682950659502,0.010460036051133699,1,EDS,Graphite
17.67655105031754,0.01,1,EDS,Graphite
17.68627259404006,0.02007544937072058,1,EDS,Graphite
17.69599413776258,0.020828656829226914,1,EDS,Graphite
17.7057156814851,0.010460961738602333,1,EDS,Graphite
17.71543722520762,0.01,1,EDS,Graphite
17.725158768930143,0.02,1,EDS,Graphite
17.734880312652663,0.0,1,EDS,Graphite
17.744601856375184,0.0,1,EDS,Graphite
17.754323400097704,0.02,1,EDS,Graphite
17.764044943820224,0.01,1,EDS,Graphite
17.773766487542744,0.01,1,EDS,Graphite
17.783488031265264,0.010039500696453464,1,EDS,Graphite
17.793209574987788,0.0,1,EDS,Graphite
17.80293111871031,0.0,1,EDS,Graphite
17.81265266243283,0.020086685930732373,1,EDS,Graphite
17.82237420615535,0.0002271507577563692,1,EDS,Graphite
17.83209574987787,0.0,1,EDS,Graphite
17.84181729360039,0.010725197737557354,1,EDS,Graphite
17.851538837322913,0.03,1,EDS,Graphite
17.861260381045433,9.688418885014844e-06,1,EDS,Graphite
17.870981924767953,0.03036401141884879,1,EDS,Graphite
17.880703468490474,0.03011986953675596,1,EDS,Graphite
17.890425012212994,0.02048989770198712,1,EDS,Graphite
17.900146555935514,0.010147577444526329,1,EDS,Graphite
17.909868099658034,0.01,1,EDS,Graphite
17.919589643380558,0.020185807301867732,1,EDS,Graphite
17.929311187103078,0.01,1,EDS,Graphite
17.9390327308256,0.030055798034086638,1,EDS,Graphite
17.94875427454812,0.01,1,EDS,Graphite
17.95847581827064,0.01,1,EDS,Graphite
17.96819736199316,0.01,1,EDS,Graphite
17.977918905715683,0.03,1,EDS,Graphite
17.987640449438203,0.02,1,EDS,Graphite
17.997361993160723,4.7720864031329927e-05,1,EDS,Graphite
18.007083536883243,0.030082163748932775,1,EDS,Graphite
18.016805080605764,0.02,1,EDS,Graphite
18.026526624328284,0.020650554538105326,1,EDS,Graphite
18.036248168050804,0.03,1,EDS,Graphite
18.045969711773328,0.020498286224466054,1,EDS,Graphite
18.055691255495848,0.010219571390644756,1,EDS,Graphite
18.065412799218368,0.03,1,EDS,Graphite
18.07513434294089,0.030912482739259884,1,EDS,Graphite
18.08485588666341,0.01,1,EDS,Graphite
18.09457743038593,0.03047243123535675,1,EDS,Graphite
18.104298974108453,0.02051428406045593,1,EDS,Graphite
18.114020517830973,0.02,1,EDS,Graphite
18.123742061553493,0.020715705940078693,1,EDS,Graphite
18.133463605276013,0.02,1,EDS,Graphite
18.143185148998533,0.04014838412514044,1,EDS,Graphite
18.152906692721054,0.010133801457265874,1,EDS,Graphite
18.162628236443574,0.01,1,EDS,Graphite
18.172349780166098,0.010416743093948981,1,EDS,Graphite
18.182071323888618,0.02040784110789578,1,EDS,Graphite
18.191792867611138,0.0,1,EDS,Graphite
18.201514411333658,0.010670411003899668,1,EDS,Graphite
18.21123595505618,0.0,1,EDS,Graphite
18.2209574987787,0.040530713010815345,1,EDS,Graphite
18.230679042501222,0.020579109266929255,1,EDS,Graphite
18.240400586223743,0.04,1,EDS,Graphite
18.250122129946263,0.02,1,EDS,Graphite
18.259843673668783,0.01,1,EDS,Graphite
18.269565217391303,0.01,1,EDS,Graphite
18.279286761113823,0.03,1,EDS,Graphite
18.289008304836347,0.030400733629889595,1,EDS,Graphite
18.298729848558867,0.010673478723593002,1,EDS,Graphite
18.308451392281388,0.0007173602055346672,1,EDS,Graphite
18.318172936003908,0.02,1,EDS,Graphite
18.327894479726428,0.03,1,EDS,Graphite
18.33761602344895,0.02,1,EDS,Graphite
18.34733756717147,0.0,1,EDS,Graphite
18.357059110893992,0.0004959190330061198,1,EDS,Graphite
18.366780654616512,0.02083038494636036,1,EDS,Graphite
18.376502198339033,0.0,1,EDS,Graphite
18.386223742061553,0.01,1,EDS,Graphite
18.395945285784073,0.01,1,EDS,Graphite
18.405666829506593,0.0001439985653770038,1,EDS,Graphite
18.415388373229117,0.01,1,EDS,Graphite
18.425109916951637,0.010217960913255723,1,EDS,Graphite
18.434831460674157,0.02,1,EDS,Graphite
18.444553004396678,0.02,1,EDS,Graphite
18.454274548119198,0.0002807817769316101,1,EDS,Graphite
18.463996091841718,0.03000330094879367,1,EDS,Graphite
18.47371763556424,0.0,1,EDS,Graphite
18.483439179286762,0.01,1,EDS,Graphite
18.493160723009282,0.02,1,EDS,Graphite
18.502882266731802,0.03,1,EDS,Graphite
18.512603810454323,0.0,1,EDS,Graphite
18.522325354176843,0.010821680278831626,1,EDS,Graphite
18.532046897899363,0.010288304046627703,1,EDS,Graphite
18.541768441621887,0.01,1,EDS,Graphite
18.551489985344407,0.010358223940840247,1,EDS,Graphite
18.561211529066927,0.01,1,EDS,Graphite
18.570933072789447,0.010602968182786771,1,EDS,Graphite
18.580654616511968,0.030189990452650892,1,EDS,Graphite
18.590376160234488,0.0,1,EDS,Graphite
18.600097703957008,0.02023011967570135,1,EDS,Graphite
18.609819247679532,0.01,1,EDS,Graphite
18.619540791402052,0.01,1,EDS,Graphite
18.629262335124572,0.03,1,EDS,Graphite
18.638983878847093,0.020073470571949543,1,EDS,Graphite
18.648705422569613,0.0008904863024950286,1,EDS,Graphite
18.658426966292133,0.001146854265348478,1,EDS,Graphite
18.668148510014657,0.00032794854087481125,1,EDS,Graphite
18.677870053737177,0.010257426426178651,1,EDS,Graphite
18.687591597459697,0.01,1,EDS,Graphite
18.697313141182217,0.03,1,EDS,Graphite
18.707034684904738,0.01,1,EDS,Graphite
18.716756228627258,0.01,1,EDS,Graphite
18.72647777234978,0.02,1,EDS,Graphite
18.7361993160723,0.02,1,EDS,Graphite
18.745920859794822,0.01,1,EDS,Graphite
18.755642403517342,0.030384414471889797,1,EDS,Graphite
18.765363947239862,0.0,1,EDS,Graphite
18.775085490962383,0.020122969241518362,1,EDS,Graphite
18.784807034684903,0.03106604687878811,1,EDS,Graphite
18.794528578407427,0.03,1,EDS,Graphite
18.804250122129947,0.02,1,EDS,Graphite
18.813971665852467,0.02,1,EDS,Graphite
18.823693209574987,0.030565876471405747,1,EDS,Graphite
18.833414753297507,0.011006560742058646,1,EDS,Graphite
18.843136297020028,0.0,1,EDS,Graphite
18.85285784074255,0.010255295829983288,1,EDS,Graphite
18.86257938446507,0.01,1,EDS,Graphite
18.87230092818759,0.01,1,EDS,Graphite
18.882022471910112,0.03135915217490894,1,EDS,Graphite
18.891744015632632,0.0,1,EDS,Graphite
18.901465559355152,0.020130418318472162,1,EDS,Graphite
18.911187103077673,0.010240387161641516,1,EDS,Graphite
18.920908646800196,0.02055807762130906,1,EDS,Graphite
18.930630190522717,5.036184741086359e-05,1,EDS,Graphite
18.940351734245237,0.0001583332819549232,1,EDS,Graphite
18.950073277967757,0.02,1,EDS,Graphite
18.959794821690277,0.0001383271457288267,1,EDS,Graphite
18.969516365412797,0.02,1,EDS,Graphite
18.97923790913532,0.010319478477298761,1,EDS,Graphite
18.98895945285784,0.02,1,EDS,Graphite
18.99868099658036,0.020193823854647828,1,EDS,Graphite
19.008402540302882,0.01,1,EDS,Graphite
19.018124084025402,0.02057877266547864,1,EDS,Graphite
19.027845627747922,0.0,1,EDS,Graphite
19.037567171470442,0.0,1,EDS,Graphite
19.047288715192966,0.010648608416979798,1,EDS,Graphite
19.057010258915486,0.02,1,EDS,Graphite
19.066731802638007,0.01,1,EDS,Graphite
19.076453346360527,0.0,1,EDS,Graphite
19.086174890083047,0.010706440230508683,1,EDS,Graphite
19.095896433805567,0.01,1,EDS,Graphite
19.10561797752809,0.011612754920291315,1,EDS,Graphite
19.11533952125061,0.0005427971032916988,1,EDS,Graphite
19.12506106497313,0.00011474139922307275,1,EDS,Graphite
19.13478260869565,0.01,1,EDS,Graphite
19.144504152418172,0.010146770442020968,1,EDS,Graphite
19.154225696140692,0.00026784898516472595,1,EDS,Graphite
19.163947239863212,0.010331630976710499,1,EDS,Graphite
19.173668783585736,0.0002855722269233912,1,EDS,Graphite
19.183390327308256,0.010046043104763699,1,EDS,Graphite
19.193111871030776,0.02,1,EDS,Graphite
19.202833414753297,0.01,1,EDS,Graphite
19.212554958475817,0.02,1,EDS,Graphite
19.222276502198337,0.04058274054870442,1,EDS,Graphite
19.23199804592086,0.010305079108176287,1,EDS,Graphite
19.24171958964338,0.01,1,EDS,Graphite
19.2514411333659,0.02033712300180327,1,EDS,Graphite
19.26116267708842,0.02010009143588864,1,EDS,Graphite
19.27088422081094,0.01,1,EDS,Graphite
19.280605764533462,0.01,1,EDS,Graphite
19.290327308255986,0.020577776804186675,1,EDS,Graphite
19.300048851978506,0.0204870141591979,1,EDS,Graphite
19.309770395701026,0.02,1,EDS,Graphite
19.319491939423546,0.00020921867123309203,1,EDS,Graphite
19.329213483146066,0.01,1,EDS,Graphite
19.338935026868587,0.02,1,EDS,Graphite
19.348656570591107,0.03,1,EDS,Graphite
19.35837811431363,0.01044325710008064,1,EDS,Graphite
19.36809965803615,0.020489891745655655,1,EDS,Graphite
19.37782120175867,0.0002637180854089791,1,EDS,Graphite
19.38754274548119,0.010372688182426645,1,EDS,Graphite
19.39726428920371,0.03026530777191414,1,EDS,Graphite
19.40698583292623,0.0,1,EDS,Graphite
19.416707376648755,0.02022200160453748,1,EDS,Graphite
19.426428920371276,0.010411398296011077,1,EDS,Graphite
19.436150464093796,0.030387694246508327,1,EDS,Graphite
19.445872007816316,0.0006110833513510735,1,EDS,Graphite
19.455593551538836,0.020364057381393255,1,EDS,Graphite
19.465315095261357,0.010180639021852752,1,EDS,Graphite
19.475036638983877,0.0005500409111123365,1,EDS,Graphite
19.4847581827064,0.01,1,EDS,Graphite
19.49447972642892,0.02,1,EDS,Graphite
19.50420127015144,0.02,1,EDS,Graphite
19.51392281387396,0.01,1,EDS,Graphite
19.52364435759648,0.0,1,EDS,Graphite
19.533365901319,0.0,1,EDS,Graphite
19.543087445041525,0.01,1,EDS,Graphite
19.552808988764045,0.03,1,EDS,Graphite
19.562530532486566,0.01,1,EDS,Graphite
19.572252076209086,0.00010962971453663254,1,EDS,Graphite
19.581973619931606,6.195959621561435e-07,1,EDS,Graphite
19.591695163654126,0.02,1,EDS,Graphite
19.601416707376647,0.00033884222525791037,1,EDS,Graphite
19.61113825109917,0.010481896760162517,1,EDS,Graphite
19.62085979482169,0.04,1,EDS,Graphite
19.63058133854421,0.02,1,EDS,Graphite
19.64030288226673,0.0,1,EDS,Graphite
19.65002442598925,0.02,1,EDS,Graphite
19.65974596971177,0.020426337425779272,1,EDS,Graphite
19.669467513434295,0.04,1,EDS,Graphite
19.679189057156815,0.01,1,EDS,Graphite
19.688910600879336,0.01,1,EDS,Graphite
19.698632144601856,0.00032659518239545106,1,EDS,Graphite
19.708353688324376,0.01,1,EDS,Graphite
19.718075232046896,3.0804458455208657e-05,1,EDS,Graphite
19.727796775769416,0.040142567518291726,1,EDS,Graphite
19.73751831949194,0.01069935777890901,1,EDS,Graphite
19.74723986321446,0.0,1,EDS,Graphite
19.75696140693698,0.02,1,EDS,Graphite
19.7666829506595,0.02009449586374246,1,EDS,Graphite
19.77640449438202,0.0009254353036487821,1,EDS,Graphite
19.78612603810454,0.03063679954121415,1,EDS,Graphite
19.795847581827065,0.010107761743792498,1,EDS,Graphite
19.805569125549585,0.0,1,EDS,Graphite
19.815290669272105,0.020414848712394035,1,EDS,Graphite
19.825012212994626,0.0,1,EDS,Graphite
19.834733756717146,0.020244840632736148,1,EDS,Graphite
19.844455300439666,0.010259803957363508,1,EDS,Graphite
19.85417684416219,0.010544931732584055,1,EDS,Graphite
19.86389838788471,0.001418423196869043,1,EDS,Graphite
19.87361993160723,0.01020169582586984,1,EDS,Graphite
19.88334147532975,0.02,1,EDS,Graphite
19.89306301905227,0.01,1,EDS,Graphite
19.90278456277479,0.04,1,EDS,Graphite
19.91250610649731,0.0,1,EDS,Graphite
19.922227650219835,0.03,1,EDS,Graphite
19.931949193942355,0.03,1,EDS,Graphite
19.941670737664875,0.01007830808201068,1,EDS,Graphite
19.951392281387395,0.02,1,EDS,Graphite
19.961113825109916,0.010576192676095728,1,EDS,Graphite
19.970835368832436,1.0642821184047641e-07,1,EDS,Graphite
19.98055691255496,0.0,1,EDS,Graphite
19.99027845627748,0.01,1,EDS,Graphite
20.0,0.010079765646065015,1,EDS,Graphite
0.1,9.856084243592447,2,EDS,Graphite
0.10972154372252077,9.849595001043886,2,EDS,Graphite
0.11944308744504153,9.853290461278544,2,EDS,Graphite
0.1291646311675623,9.867106807067099,2,EDS,Graphite
0.13888617489008304,9.870600564360265,2,EDS,Graphite
0.1486077186126038,9.86384092330029,2,EDS,Graphite
0.15832926233512457,9.856950534534839,2,EDS,Graphite
0.16805080605764533,9.879974864044392,2,EDS,Graphite
0.1777723497801661,9.89228362921733,2,EDS,Graphite
0.18749389350268686,9.91623774579408,2,EDS,Graphite
0.19721543722520762,9.8785099997371,2,EDS,Graphite
0.2069369809477284,9.884288300816685,2,EDS,Graphite
0.21665852467024915,9.897664307334425,2,EDS,Graphite
0.2263800683927699,9.928637426434605,2,EDS,Graphite
0.23610161211529065,10.024289176030681,2,EDS,Graphite
0.24582315583781142,10.111425881927113,2,EDS,Graphite
0.2555446995603322,10.287646779529362,2,EDS,Graphite
0.265266243282853,10.406602261978884,2,EDS,Graphite
0.27498778700537374,10.496766115020263,2,EDS,Graphite
0.2847093307278945,10.465341803131674,2,EDS,Graphite
0.29443087445041527,10.341534379960612,2,EDS,Graphite
0.304152418172936,10.183909654131556,2,EDS,Graphite
0.31387396189545674,10.073040917739261,2,EDS,Graphite
0.3235955056179775,9.960282348103402,2,EDS,Graphite
0.3333170493404983,9.951307410272229,2,EDS,Graphite
0.34303859306301904,9.92721187604146,2,EDS,Graphite
0.35276013678553975,9.91315767705995,2,EDS,Graphite
0.3624816805080605,9.932959806053779,2,EDS,Graphite
0.3722032242305813,9.915074477014118,2,EDS,Graphite
0.38192476795310204,9.925754480660311,2,EDS,Graphite
0.3916463116756228,9.916527717519939,2,EDS,Graphite
0.40136785539814357,9.908350677320973,2,EDS,Graphite
0.41108939912066433,9.920105937178564,2,EDS,Graphite
0.4208109428431851,9.921489815588737,2,EDS,Graphite
0.43053248656570586,9.911921609258387,2,EDS,Graphite
0.4402540302882266,9.923221761661512,2,EDS,Graphite
0.4499755740107474,9.924816972162532,2,EDS,Graphite
0.45969711773326816,9.946436738962364,2,EDS,Graphite
0.4694186614557889,9.927685569434896,2,EDS,Graphite
0.4791402051783097,9.928609284928541,2,EDS,Graphite
0.48886174890083045,9.92929745543205,2,EDS,Graphite
0.4985832926233512,9.931571684169992,2,EDS,Graphite
0.508304836345872,9.9313708617337,2,EDS,Graphite
0.5180263800683927,9.953502292560124,2,EDS,Graphite
0.5277479237909135,9.954271599941178,2,EDS,Graphite
0.5374694675134343,9.935519069553582,2,EDS,Graphite
0.547191011235955,9.94571150287554,2,EDS,Graphite
0.5569125549584758,9.946802820040553,2,EDS,Graphite
0.5666340986809966,9.977824269129956,2,EDS,Graphite
0.5763556424035173,9.948492102373336,2,EDS,Graphite
0.5860771861260381,9.949699754274908,2,EDS,Graphite
0.5957987298485589,9.951183509385556,2,EDS,Graphite
0.6055202735710795,9.950722687069607,2,EDS,Graphite
0.6152418172936003,9.971841928982922,2,EDS,Graphite
0.624963361016121,9.942601804300038,2,EDS,Graphite
0.6346849047386418,9.943698073408406,2,EDS,Graphite
0.6444064484611626,9.934452247004137,2,EDS,Graphite
0.6541279921836833,9.995620730930025,2,EDS,Graphite
0.6638495359062041,9.936023101295477,2,EDS,Graphite
0.6735710796287249,9.966867451236812,2,EDS,Graphite
0.6832926233512456,9.947616705578449,2,EDS,Graphite
0.6930141670737664,9.948237152150336,2,EDS,Graphite
0.7027357107962872,9.939120292861999,2,EDS,Graphite
0.7124572545188079,9.949404528557157,2,EDS,Graphite
0.7221787982413287,9.950854655525342,2,EDS,Graphite
0.7319003419638495,9.95189321681655,2,EDS,Graphite
0.7416218856863702,9.961675546370397,2,EDS,Graphite
0.751343429408891,9.972061915354976,2,EDS,Graphite
0.7610649731314117,9.942833201459944,2,EDS,Graphite
0.7707865168539325,9.962626083512388,2,EDS,Graphite
0.7805080605764533,9.963774529949578,2,EDS,Graphite
0.790229604298974,9.963913167861786,2,EDS,Graphite
0.7999511480214948,9.955019383909795,2,EDS,Graphite
0.8096726917440156,9.954986658416367,2,EDS,Graphite
0.8193942354665363,9.945678727521438,2,EDS,Graphite
0.8291157791890571,9.97549122307564,2,EDS,Graphite
0.8388373229115779,9.956305672543648,2,EDS,Graphite
0.8485588666340986,9.957486911218963,2,EDS,Graphite
0.8582804103566194,9.987405732109986,2,EDS,Graphite
0.8680019540791402,9.96875056974576,2,EDS,Graphite
0.8777234978016609,10.008288163568299,2,EDS,Graphite
0.8874450415241816,9.959374373517106,2,EDS,Graphite
0.8971665852467023,9.959258014064876,2,EDS,Graphite
0.9068881289692231,9.970207336215848,2,EDS,Graphite
0.9166096726917439,9.969751876129544,2,EDS,Graphite
0.9263312164142646,9.960653414372524,2,EDS,Graphite
0.9360527601367854,9.970875352133778,2,EDS,Graphite
0.9457743038593062,9.982054547305417,2,EDS,Graphite
0.9554958475818269,9.972247029621672,2,EDS,Graphite
0.9652173913043477,9.951851800326203,2,EDS,Graphite
0.9749389350268685,9.962688151967365,2,EDS,Graphite
0.9846604787493892,9.962789407257123,2,EDS,Graphite
0.99438202247191,9.963925774726937,2,EDS,Graphite
1.0041035661944309,9.954417100411305,2,EDS,Graphite
1.0138251099169515,9.963520469600633,2,EDS,Graphite
1.0235466536394724,9.97488326096852,2,EDS,Graphite
1.033268197361993,9.964456212930026,2,EDS,Graphite
1.042989741084514,9.965032564374953,2,EDS,Graphite
1.0527112848070346,9.965472419647625,2,EDS,Graphite
1.0624328285295555,9.976587803083163,2,EDS,Graphite
1.072154372252076,9.955601552019463,2,EDS,Graphite
1.081875915974597,9.956728817685125,2,EDS,Graphite
1.0915974596971176,9.956100475822694,2,EDS,Graphite
1.1013190034196385,9.976347444539844,2,EDS,Graphite
1.1110405471421592,9.967197289949999,2,EDS,Graphite
1.12076209086468,9.97746079459251,2,EDS,Graphite
1.1304836345872007,9.956423032924866,2,EDS,Graphite
1.1402051783097216,9.968494519642226,2,EDS,Graphite
1.1499267220322422,9.977243264673307,2,EDS,Graphite
1.159648265754763,9.988394369339368,2,EDS,Graphite
1.1693698094772838,9.989303718270614,2,EDS,Graphite
1.1790913531998046,9.979938486367892,2,EDS,Graphite
1.1888128969223253,9.958996653100117,2,EDS,Graphite
1.1985344406448462,9.968733336948524,2,EDS,Graphite
1.2082559843673668,9.990191054627411,2,EDS,Graphite
1.2179775280898877,9.980211180885416,2,EDS,Graphite
1.2276990718124083,9.95980395522825,2,EDS,Graphite
1.2374206155349292,9.979950508551168,2,EDS,Graphite
1.2471421592574499,10.000103876182214,2,EDS,Graphite
1.2568637029799707,9.990468601369283,2,EDS,Graphite
1.2665852467024914,9.970959856355835,2,EDS,Graphite
1.2763067904250123,9.99074480878959,2,EDS,Graphite
1.286028334147533,9.96098434635988,2,EDS,Graphite
1.2957498778700538,9.991653931780398,2,EDS,Graphite
1.3054714215925745,9.970861318034341,2,EDS,Graphite
1.3151929653150953,9.971534352467575,2,EDS,Graphite
1.324914509037616,10.001108446759908,2,EDS,Graphite
1.3346360527601369,9.982081982449445,2,EDS,Graphite
1.3443575964826575,10.011308029735426,2,EDS,Graphite
1.3540791402051782,9.992749401442168,2,EDS,Graphite
1.363800683927699,9.981896557024523,2,EDS,Graphite
1.3735222276502197,9.961834784369083,2,EDS,Graphite
1.3832437713727406,9.98261883498835,2,EDS,Graphite
1.3929653150952612,9.983702249053945,2,EDS,Graphite
1.402686858817782,9.973383220591746,2,EDS,Graphite
1.4124084025403028,9.992317476387889,2,EDS,Graphite
1.4221299462628236,9.972710115501734,2,EDS,Graphite
1.4318514899853443,9.963267019403174,2,EDS,Graphite
1.4415730337078652,9.994587969040493,2,EDS,Graphite
1.4512945774303858,10.003261595184506,2,EDS,Graphite
1.4610161211529067,9.973381386642547,2,EDS,Graphite
1.4707376648754273,9.974612912010372,2,EDS,Graphite
1.4804592085979482,9.994116550516939,2,EDS,Graphite
1.4901807523204689,9.964613889460082,2,EDS,Graphite
1.4999022960429897,9.973907886185172,2,EDS,Graphite
1.5096238397655104,10.014293477680056,2,EDS,Graphite
1.5193453834880313,9.965036454723496,2,EDS,Graphite
1.529066927210552,9.9844672323196,2,EDS,Graphite
1.5387884709330728,9.965136612687756,2,EDS,Graphite
1.5485100146555935,9.97489157435733,2,EDS,Graphite
1.5582315583781143,10.004329373630787,2,EDS,Graphite
1.567953102100635,10.004879340298945,2,EDS,Graphite
1.5776746458231559,9.965415025974622,2,EDS,Graphite
1.5873961895456765,10.035352228247165,2,EDS,Graphite
1.5971177332681974,9.985105927883378,2,EDS,Graphite
1.606839276990718,9.984337604105667,2,EDS,Graphite
1.616560820713239,9.974452767490638,2,EDS,Graphite
1.6262823644357596,9.994618710448405,2,EDS,Graphite
1.6360039081582805,9.965173628761933,2,EDS,Graphite
1.645725451880801,9.97529869307527,2,EDS,Graphite
1.655446995603322,9.964861043102468,2,EDS,Graphite
1.6651685393258426,9.976057360503763,2,EDS,Graphite
1.6748900830483633,9.965074615904276,2,EDS,Graphite
1.6846116267708842,9.965081299401936,2,EDS,Graphite
1.6943331704934048,9.965798117477126,2,EDS,Graphite
1.7040547142159257,9.996251996130914,2,EDS,Graphite
1.7137762579384463,9.976792587976789,2,EDS,Graphite
1.7234978016609672,9.986169347875009,2,EDS,Graphite
1.7332193453834879,9.976667685706389,2,EDS,Graphite
1.7429408891060088,9.975439915034919,2,EDS,Graphite
1.7526624328285294,9.977014576915684,2,EDS,Graphite
1.7623839765510503,9.975223449005254,2,EDS,Graphite
1.772105520273571,9.975877722200948,2,EDS,Graphite
1.7818270639960918,10.016396673948659,2,EDS,Graphite
1.7915486077186125,9.965443911927277,2,EDS,Graphite
1.8012701514411333,9.975783291433215,2,EDS,Graphite
1.810991695163654,9.97573996198429,2,EDS,Graphite
1.8207132388861749,9.986120026551397,2,EDS,Graphite
1.8304347826086955,9.976933305325735,2,EDS,Graphite
1.8401563263312164,9.976317675364545,2,EDS,Graphite
1.849877870053737,9.996121096875749,2,EDS,Graphite
1.859599413776258,9.97503946449034,2,EDS,Graphite
1.8693209574987786,9.96658251227546,2,EDS,Graphite
1.8790425012212995,9.976746222227952,2,EDS,Graphite
1.88876404494382,9.975628224386195,2,EDS,Graphite
1.898485588666341,9.996384567739275,2,EDS,Graphite
1.9082071323888616,9.976514545748076,2,EDS,Graphite
1.9179286761113825,9.986875702243704,2,EDS,Graphite
1.9276502198339032,9.98611554642237,2,EDS,Graphite
1.937371763556424,9.966053967095357,2,EDS,Graphite
1.9470933072789447,9.986249945867108,2,EDS,Graphite
1.9568148510014656,9.967045940349971,2,EDS,Graphite
1.9665363947239862,9.966938845273086,2,EDS,Graphite
1.9762579384465069,9.976455077421098,2,EDS,Graphite
1.9859794821690278,9.986928209988982,2,EDS,Graphite
1.9957010258915484,9.995384449687975,2,EDS,Graphite
2.005422569614069,9.9868189484996,2,EDS,Graphite
2.0151441133365897,9.97594485792035,2,EDS,Graphite
2.024865657059111,9.977251634565075,2,EDS,Graphite
2.0345872007816315,9.98595579552456,2,EDS,Graphite
2.044308744504152,9.96604304067818,2,EDS,Graphite
2.0540302882266728,9.986676626526934,2,EDS,Graphite
2.063751831949194,9.996708905518492,2,EDS,Graphite
2.0734733756717145,9.986193055282842,2,EDS,Graphite
2.083194919394235,9.986550882382057,2,EDS,Graphite
2.092916463116756,9.966591775991718,2,EDS,Graphite
2.102638006839277,9.966528471354648,2,EDS,Graphite
2.1123595505617976,9.986147516142438,2,EDS,Graphite
2.1220810942843182,9.96654220898407,2,EDS,Graphite
2.1318026380068393,10.016931771808792,2,EDS,Graphite
2.14152418172936,9.965712624653614,2,EDS,Graphite
2.1512457254518806,9.965865147384811,2,EDS,Graphite
2.1609672691744013,9.986235756306083,2,EDS,Graphite
2.1706888128969224,9.98571760361388,2,EDS,Graphite
2.180410356619443,9.965351323216549,2,EDS,Graphite
2.1901319003419637,9.97664178668784,2,EDS,Graphite
2.1998534440644844,9.985101767262963,2,EDS,Graphite
2.2095749877870055,9.985903110552183,2,EDS,Graphite
2.219296531509526,9.986400755589894,2,EDS,Graphite
2.2290180752320468,9.976144954400768,2,EDS,Graphite
2.2387396189545674,10.005814513641294,2,EDS,Graphite
2.2484611626770885,10.005457431253307,2,EDS,Graphite
2.258182706399609,9.966078232580974,2,EDS,Graphite
2.26790425012213,9.975436041816394,2,EDS,Graphite
2.2776257938446505,9.96596972380274,2,EDS,Graphite
2.287347337567171,9.975874805805205,2,EDS,Graphite
2.297068881289692,9.98584037871102,2,EDS,Graphite
2.306790425012213,9.995440305548263,2,EDS,Graphite
2.3165119687347335,9.96661658875444,2,EDS,Graphite
2.326233512457254,9.97581170903682,2,EDS,Graphite
2.3359550561797753,10.005479025673381,2,EDS,Graphite
2.345676599902296,9.98568225256659,2,EDS,Graphite
2.3553981436248166,9.985164879142003,2,EDS,Graphite
2.3651196873473372,10.005295818445264,2,EDS,Graphite
2.3748412310698583,9.976513323212075,2,EDS,Graphite
2.384562774792379,9.985028379001113,2,EDS,Graphite
2.3942843185148996,9.985293787976884,2,EDS,Graphite
2.4040058622374203,9.995072411346532,2,EDS,Graphite
2.4137274059599414,9.96475680389368,2,EDS,Graphite
2.423448949682462,9.975370464522108,2,EDS,Graphite
2.4331704934049827,9.975143657873542,2,EDS,Graphite
2.4428920371275034,9.985488929404381,2,EDS,Graphite
2.4526135808500245,9.965389747853761,2,EDS,Graphite
2.462335124572545,9.985376458639209,2,EDS,Graphite
2.4720566682950658,9.98449375110096,2,EDS,Graphite
2.4817782120175864,9.975147252816313,2,EDS,Graphite
2.4914997557401075,9.985101607587819,2,EDS,Graphite
2.501221299462628,9.984276839351137,2,EDS,Graphite
2.510942843185149,9.974538180804622,2,EDS,Graphite
2.5206643869076695,9.983961586146316,2,EDS,Graphite
2.5303859306301906,9.974868988987962,2,EDS,Graphite
2.5401074743527112,9.984806344573624,2,EDS,Graphite
2.549829018075232,9.965093275733397,2,EDS,Graphite
2.5595505617977525,9.964276330690994,2,EDS,Graphite
2.5692721055202736,9.964523088669004,2,EDS,Graphite
2.5789936492427943,9.96470360473695,2,EDS,Graphite
2.588715192965315,9.973846974402418,2,EDS,Graphite
2.5984367366878356,9.993712878740148,2,EDS,Graphite
2.6081582804103562,9.97373057788455,2,EDS,Graphite
2.6178798241328773,9.983834266717952,2,EDS,Graphite
2.627601367855398,9.963530118251363,2,EDS,Graphite
2.6373229115779186,9.973549243315333,2,EDS,Graphite
2.6470444553004393,9.98419105049697,2,EDS,Graphite
2.6567659990229604,9.963677411267575,2,EDS,Graphite
2.666487542745481,9.983791150039119,2,EDS,Graphite
2.6762090864680017,9.983330734080374,2,EDS,Graphite
2.6859306301905224,9.96322992577243,2,EDS,Graphite
2.6956521739130435,9.97356872159689,2,EDS,Graphite
2.705373717635564,9.983423947231936,2,EDS,Graphite
2.7150952613580848,9.9936477412312,2,EDS,Graphite
2.7248168050806054,9.983812533431106,2,EDS,Graphite
2.7345383488031265,9.972831665124833,2,EDS,Graphite
2.744259892525647,9.963463427731561,2,EDS,Graphite
2.753981436248168,9.962505021518243,2,EDS,Graphite
2.7637029799706885,9.983864035684453,2,EDS,Graphite
2.7734245236932096,9.972486265556569,2,EDS,Graphite
2.7831460674157302,9.973081241315263,2,EDS,Graphite
2.792867611138251,9.972194716679343,2,EDS,Graphite
2.8025891548607715,9.972542036614415,2,EDS,Graphite
2.8123106985832926,9.973235806444078,2,EDS,Graphite
2.8220322423058133,9.962081158279261,2,EDS,Graphite
2.831753786028334,9.993376261522068,2,EDS,Graphite
2.8414753297508546,9.982290570598739,2,EDS,Graphite
2.8511968734733757,9.982655980408403,2,EDS,Graphite
2.8609184171958963,9.97231389961032,2,EDS,Graphite
2.870639960918417,9.962256507465655,2,EDS,Graphite
2.8803615046409377,9.981317147084189,2,EDS,Graphite
2.8900830483634588,9.981667823467573,2,EDS,Graphite
2.8998045920859794,9.982343564195356,2,EDS,Graphite
2.9095261358085,9.991558652050212,2,EDS,Graphite
2.9192476795310207,9.991693896015684,2,EDS,Graphite
2.9289692232535414,9.970841565469238,2,EDS,Graphite
2.9386907669760625,9.961215453307064,2,EDS,Graphite
2.948412310698583,9.961884947244346,2,EDS,Graphite
2.9581338544211038,10.00070380847953,2,EDS,Graphite
2.9678553981436244,9.981526617389626,2,EDS,Graphite
2.9775769418661455,9.981193707692746,2,EDS,Graphite
2.987298485588666,9.980917456675346,2,EDS,Graphite
2.997020029311187,9.970808977692496,2,EDS,Graphite
3.0067415730337075,9.960623987289514,2,EDS,Graphite
3.0164631167562286,10.000575109635514,2,EDS,Graphite
3.0261846604787492,9.9910911779523,2,EDS,Graphite
3.03590620420127,10.000381263482506,2,EDS,Graphite
3.0456277479237905,9.981309533348758,2,EDS,Graphite
3.0553492916463116,9.980532173094717,2,EDS,Graphite
3.0650708353688323,9.970042050727457,2,EDS,Graphite
3.074792379091353,9.980655051161682,2,EDS,Graphite
3.0845139228138736,9.970403537312668,2,EDS,Graphite
3.0942354665363947,9.99927408872089,2,EDS,Graphite
3.1039570102589153,9.979462694744774,2,EDS,Graphite
3.113678553981436,9.999787082304486,2,EDS,Graphite
3.1234000977039567,9.969024868902409,2,EDS,Graphite
3.1331216414264778,9.970601982885038,2,EDS,Graphite
3.1428431851489984,9.959929898090069,2,EDS,Graphite
3.152564728871519,9.95945430040465,2,EDS,Graphite
3.1622862725940397,9.95920861690974,2,EDS,Graphite
3.172007816316561,9.988995485299947,2,EDS,Graphite
3.1817293600390815,9.978278091670552,2,EDS,Graphite
3.191450903761602,9.978286266802524,2,EDS,Graphite
3.2011724474841228,9.979842333222162,2,EDS,Graphite
3.210893991206644,9.959595541077903,2,EDS,Graphite
3.2206155349291645,9.958519431009773,2,EDS,Graphite
3.230337078651685,9.969096016571886,2,EDS,Graphite
3.240058622374206,9.968814399143147,2,EDS,Graphite
3.2497801660967265,9.97876875776081,2,EDS,Graphite
3.2595017098192476,9.96773662118797,2,EDS,Graphite
3.2692232535417682,9.967462357151302,2,EDS,Graphite
3.278944797264289,9.958722787333992,2,EDS,Graphite
3.2886663409868095,9.987183420239498,2,EDS,Graphite
3.2983878847093306,9.977915495207965,2,EDS,Graphite
3.3081094284318513,9.987714197742427,2,EDS,Graphite
3.317830972154372,9.97757036459598,2,EDS,Graphite
3.3275525158768926,9.967820691712081,2,EDS,Graphite
3.3372740595994137,9.96726686015719,2,EDS,Graphite
3.3469956033219344,9.987652426453192,2,EDS,Graphite
3.356717147044455,9.987433463789156,2,EDS,Graphite
3.3664386907669757,9.958220691855699,2,EDS,Graphite
3.3761602344894968,9.976531627689615,2,EDS,Graphite
3.3858817782120174,9.977071182021763,2,EDS,Graphite
3.395603321934538,9.957149681794455,2,EDS,Graphite
3.4053248656570587,9.976731994285661,2,EDS,Graphite
3.41504640937958,9.986135208729076,2,EDS,Graphite
3.4247679531021005,9.967210150969333,2,EDS,Graphite
3.434489496824621,9.97668576508597,2,EDS,Graphite
3.4442110405471418,9.985850004651661,2,EDS,Graphite
3.453932584269663,9.976519699448023,2,EDS,Graphite
3.4636541279921835,9.96698767727539,2,EDS,Graphite
3.473375671714704,9.966090008281347,2,EDS,Graphite
3.483097215437225,9.975998286070595,2,EDS,Graphite
3.492818759159746,9.986605192800306,2,EDS,Graphite
3.5025403028822666,9.965342403203126,2,EDS,Graphite
3.5122618466047872,9.976461830023183,2,EDS,Graphite
3.521983390327308,9.976010056612505,2,EDS,Graphite
3.5317049340498285,9.975038167086058,2,EDS,Graphite
3.5414264777723496,9.985045635893867,2,EDS,Graphite
3.5511480214948703,9.975001637507205,2,EDS,Graphite
3.560869565217391,9.97429660935741,2,EDS,Graphite
3.5705911089399116,9.965139558952526,2,EDS,Graphite
3.5803126526624327,9.954511022386924,2,EDS,Graphite
3.5900341963849534,9.95493549111269,2,EDS,Graphite
3.599755740107474,9.964102536659126,2,EDS,Graphite
3.6094772838299947,10.004998959603839,2,EDS,Graphite
3.6191988275525158,9.984803422858008,2,EDS,Graphite
3.6289203712750364,9.994035182404513,2,EDS,Graphite
3.638641914997557,9.964408280430298,2,EDS,Graphite
3.6483634587200777,9.964170396070902,2,EDS,Graphite
3.658085002442599,9.974694876330812,2,EDS,Graphite
3.6678065461651195,9.953438172937187,2,EDS,Graphite
3.67752808988764,9.963725909786062,2,EDS,Graphite
3.687249633610161,9.963390701743663,2,EDS,Graphite
3.696971177332682,9.963589358325292,2,EDS,Graphite
3.7066927210552025,9.963698111565119,2,EDS,Graphite
3.716414264777723,9.97304516586037,2,EDS,Graphite
3.726135808500244,9.983062086784503,2,EDS,Graphite
3.735857352222765,9.95355307485048,2,EDS,Graphite
3.7455788959452856,9.963616643544325,2,EDS,Graphite
3.7553004396678062,9.973108911586895,2,EDS,Graphite
3.765021983390327,9.962706652528555,2,EDS,Graphite
3.774743527112848,9.972548194361947,2,EDS,Graphite
3.7844650708353686,9.96278824308495,2,EDS,Graphite
3.7941866145578893,9.982526845141273,2,EDS,Graphite
3.80390815828041,9.981557069581282,2,EDS,Graphite
3.813629702002931,9.972451689617971,2,EDS,Graphite
3.8233512457254517,9.951683383896357,2,EDS,Graphite
3.8330727894479724,9.961313699412916,2,EDS,Graphite
3.842794333170493,9.981082548224915,2,EDS,Graphite
3.8525158768930137,9.96162633138017,2,EDS,Graphite
3.8622374206155348,9.96114494404803,2,EDS,Graphite
3.8719589643380554,9.96043155736314,2,EDS,Graphite
3.881680508060576,9.971209317382039,2,EDS,Graphite
3.8914020517830967,9.971031362266052,2,EDS,Graphite
3.901123595505618,9.98106831133421,2,EDS,Graphite
3.9108451392281385,9.960732105415694,2,EDS,Graphite
3.920566682950659,9.97173211801716,2,EDS,Graphite
3.93028822667318,9.961016487715645,2,EDS,Graphite
3.940009770395701,9.970434895553307,2,EDS,Graphite
3.9497313141182215,9.970514181332934,2,EDS,Graphite
3.959452857840742,9.9710675005014,2,EDS,Graphite
3.969174401563263,9.95073961492357,2,EDS,Graphite
3.978895945285784,9.959549396934833,2,EDS,Graphite
3.9886174890083046,9.949621485880716,2,EDS,Graphite
3.9983390327308252,9.959588967889871,2,EDS,Graphite
4.008060576453346,9.979624370364386,2,EDS,Graphite
4.017782120175867,9.969433051225955,2,EDS,Graphite
4.027503663898387,9.959598784103079,2,EDS,Graphite
4.037225207620908,9.969797214396968,2,EDS,Graphite
4.0469467513434285,9.969752136776847,2,EDS,Graphite
4.05666829506595,9.96907151707649,2,EDS,Graphite
4.066389838788471,9.948355022887858,2,EDS,Graphite
4.076111382510991,9.958503829805553,2,EDS,Graphite
4.085832926233512,9.958618944527297,2,EDS,Graphite
4.095554469956033,9.958167000551429,2,EDS,Graphite
4.105276013678553,9.959130440354876,2,EDS,Graphite
4.114997557401074,9.947952355269067,2,EDS,Graphite
4.124719101123595,9.948647315261537,2,EDS,Graphite
4.134440644846116,9.957478640268004,2,EDS,Graphite
4.144162188568636,9.958420075552477,2,EDS,Graphite
4.153883732291157,9.947934673311092,2,EDS,Graphite
4.163605276013678,9.978563053033385,2,EDS,Graphite
4.173326819736198,9.967236646635826,2,EDS,Graphite
4.183048363458719,9.967371310725706,2,EDS,Graphite
4.19276990718124,9.957335744932053,2,EDS,Graphite
4.202491450903761,9.94731104632462,2,EDS,Graphite
4.212212994626282,9.967098990766004,2,EDS,Graphite
4.221934538348802,9.946983586560878,2,EDS,Graphite
4.231656082071323,9.95685178230701,2,EDS,Graphite
4.241377625793844,9.955940983815033,2,EDS,Graphite
4.2510991695163645,9.967210654950476,2,EDS,Graphite
4.260820713238886,9.957935666950906,2,EDS,Graphite
4.270542256961406,9.946644583029203,2,EDS,Graphite
4.280263800683927,9.965866961834653,2,EDS,Graphite
4.289985344406448,9.945787710808176,2,EDS,Graphite
4.299706888128968,9.966411957197087,2,EDS,Graphite
4.309428431851489,9.966182741975583,2,EDS,Graphite
4.31914997557401,9.945752240857628,2,EDS,Graphite
4.328871519296531,9.966098473864454,2,EDS,Graphite
4.338593063019052,9.954690552878064,2,EDS,Graphite
4.348314606741572,9.955846495109723,2,EDS,Graphite
4.358036150464093,9.945485218427052,2,EDS,Graphite
4.367757694186614,9.984797376649615,2,EDS,Graphite
4.377479237909134,9.964471717731252,2,EDS,Graphite
4.387200781631655,9.975052279159819,2,EDS,Graphite
4.3969223253541765,9.965510420919601,2,EDS,Graphite
4.406643869076697,9.97463926526418,2,EDS,Graphite
4.416365412799218,9.964227850774767,2,EDS,Graphite
4.426086956521738,9.944575486695156,2,EDS,Graphite
4.435808500244259,9.965189433515569,2,EDS,Graphite
4.44553004396678,9.954429536787455,2,EDS,Graphite
4.4552515876893,9.954350938748973,2,EDS,Graphite
4.4649731314118215,9.974533960950595,2,EDS,Graphite
4.474694675134342,9.944064547391907,2,EDS,Graphite
4.484416218856863,9.973366005858116,2,EDS,Graphite
4.494137762579384,9.962799248521925,2,EDS,Graphite
4.503859306301904,9.953045212667451,2,EDS,Graphite
4.513580850024425,9.962833325405512,2,EDS,Graphite
4.523302393746946,9.963507234176587,2,EDS,Graphite
4.5330239374694665,9.96344164633201,2,EDS,Graphite
4.542745481191988,9.943029305934411,2,EDS,Graphite
4.552467024914508,9.952243063297292,2,EDS,Graphite
4.562188568637029,9.943503973844145,2,EDS,Graphite
4.57191011235955,9.952372343227449,2,EDS,Graphite
4.58163165608207,9.972706812360125,2,EDS,Graphite
4.591353199804591,9.952325062051328,2,EDS,Graphite
4.601074743527112,9.97226782564404,2,EDS,Graphite
4.610796287249633,9.942301548469452,2,EDS,Graphite
4.620517830972154,9.951596360482307,2,EDS,Graphite
4.630239374694674,9.952376899819752,2,EDS,Graphite
4.639960918417195,9.980934056198056,2,EDS,Graphite
4.649682462139716,9.98104984575847,2,EDS,Graphite
4.659404005862236,9.951979976958576,2,EDS,Graphite
4.6691255495847575,9.951529799691905,2,EDS,Graphite
4.6788470933072785,9.972286524950077,2,EDS,Graphite
4.688568637029799,9.951030945789734,2,EDS,Graphite
4.69829018075232,9.951642610941368,2,EDS,Graphite
4.70801172447484,9.959892736279835,2,EDS,Graphite
4.717733268197361,9.949963585231298,2,EDS,Graphite
4.727454811919882,9.960882924477488,2,EDS,Graphite
4.7371763556424025,9.93955222453772,2,EDS,Graphite
4.746897899364924,9.950122794793007,2,EDS,Graphite
4.756619443087445,9.950612072435655,2,EDS,Graphite
4.766340986809965,9.94017731800981,2,EDS,Graphite
4.776062530532486,9.949822516529432,2,EDS,Graphite
4.785784074255006,9.949481199042198,2,EDS,Graphite
4.795505617977527,9.939645518913538,2,EDS,Graphite
4.805227161700048,9.969684011556705,2,EDS,Graphite
4.814948705422569,9.958988413790324,2,EDS,Graphite
4.82467024914509,9.959325904260684,2,EDS,Graphite
4.83439179286761,9.959514990581491,2,EDS,Graphite
4.844113336590131,9.948790520616445,2,EDS,Graphite
4.853834880312652,9.958790078725034,2,EDS,Graphite
4.863556424035172,9.958846433937236,2,EDS,Graphite
4.873277967757693,9.968744302859495,2,EDS,Graphite
4.8829995114802145,9.948760171378108,2,EDS,Graphite
4.892721055202735,9.96776587122306,2,EDS,Graphite
4.902442598925256,9.947853580638014,2,EDS,Graphite
4.912164142647776,9.957737166710455,2,EDS,Graphite
4.921885686370297,9.947416325884246,2,EDS,Graphite
4.931607230092818,9.936875866042373,2,EDS,Graphite
4.941328773815338,9.956079799915967,2,EDS,Graphite
4.9510503175378595,9.957970844620114,2,EDS,Graphite
4.960771861260381,9.936586148357218,2,EDS,Graphite
4.970493404982901,9.967872071138627,2,EDS,Graphite
4.980214948705422,9.937361800418179,2,EDS,Graphite
4.989936492427942,9.936706747859855,2,EDS,Graphite
4.999658036150463,9.957037674132708,2,EDS,Graphite
5.009379579872984,9.976816415547994,2,EDS,Graphite
5.0191011235955045,9.945987363337373,2,EDS,Graphite
5.028822667318026,9.966347445824791,2,EDS,Graphite
5.038544211040547,9.965773940826558,2,EDS,Graphite
5.048265754763067,9.956382803026862,2,EDS,Graphite
5.057987298485588,9.945625077929,2,EDS,Graphite
5.067708842208108,9.965771769664567,2,EDS,Graphite
5.077430385930629,9.975617274347286,2,EDS,Graphite
5.08715192965315,9.955601259269233,2,EDS,Graphite
5.096873473375671,9.956167369641301,2,EDS,Graphite
5.106595017098192,9.965166162165513,2,EDS,Graphite
5.116316560820712,9.9356947501672,2,EDS,Graphite
5.126038104543233,9.945223708583077,2,EDS,Graphite
5.135759648265754,9.945515308894318,2,EDS,Graphite
5.145481191988274,9.944580498712103,2,EDS,Graphite
5.1552027357107955,9.954915686497069,2,EDS,Graphite
5.164924279433317,9.97443635839266,2,EDS,Graphite
5.174645823155837,9.95296745761466,2,EDS,Graphite
5.184367366878358,9.953695959262724,2,EDS,Graphite
5.194088910600878,9.93432094558792,2,EDS,Graphite
5.203810454323399,9.974154915911614,2,EDS,Graphite
5.21353199804592,9.95319477783212,2,EDS,Graphite
5.2232535417684405,9.943748145068232,2,EDS,Graphite
5.232975085490962,9.933740671606117,2,EDS,Graphite
5.242696629213483,9.953359649856601,2,EDS,Graphite
5.252418172936003,9.973570686645306,2,EDS,Graphite
5.262139716658524,9.933372263739848,2,EDS,Graphite
5.271861260381044,9.932950162129577,2,EDS,Graphite
5.281582804103565,9.95259715121026,2,EDS,Graphite
5.291304347826086,9.93316727336998,2,EDS,Graphite
5.301025891548607,9.942766928041898,2,EDS,Graphite
5.310747435271128,9.951790839039683,2,EDS,Graphite
5.320468978993649,9.942383013713076,2,EDS,Graphite
5.330190522716169,9.941621839827713,2,EDS,Graphite
5.33991206643869,9.931569649006358,2,EDS,Graphite
5.34963361016121,9.931574805892303,2,EDS,Graphite
5.359355153883731,9.931754665568937,2,EDS,Graphite
5.3690766976062525,9.931767391400529,2,EDS,Graphite
5.378798241328773,9.951273616205997,2,EDS,Graphite
5.388519785051294,9.981156136538258,2,EDS,Graphite
5.398241328773814,9.950955858289598,2,EDS,Graphite
5.407962872496335,9.941523915760119,2,EDS,Graphite
5.417684416218856,9.969611620236181,2,EDS,Graphite
5.427405959941376,9.930631580929761,2,EDS,Graphite
5.4371275036638975,9.941337250170296,2,EDS,Graphite
5.446849047386419,9.93073181635909,2,EDS,Graphite
5.456570591108939,9.950935012089726,2,EDS,Graphite
5.46629213483146,9.92929508003327,2,EDS,Graphite
5.47601367855398,9.929517424375177,2,EDS,Graphite
5.485735222276501,9.970178453745234,2,EDS,Graphite
5.495456765999022,9.960511948882923,2,EDS,Graphite
5.5051783097215425,9.949148946935638,2,EDS,Graphite
5.514899853444064,9.959353497150184,2,EDS,Graphite
5.524621397166585,9.939574248900897,2,EDS,Graphite
5.534342940889105,9.9385922945843,2,EDS,Graphite
5.544064484611626,9.929352071289475,2,EDS,Graphite
5.553786028334146,9.92775874028891,2,EDS,Graphite
5.563507572056667,9.939061534248772,2,EDS,Graphite
5.5732291157791884,9.938246143702825,2,EDS,Graphite
5.582950659501709,9.928356522583899,2,EDS,Graphite
5.59267220322423,9.938717994062268,2,EDS,Graphite
5.602393746946751,9.948486036864209,2,EDS,Graphite
5.612115290669271,9.928139995258316,2,EDS,Graphite
5.621836834391792,9.948445563362304,2,EDS,Graphite
5.631558378114312,9.93709204535902,2,EDS,Graphite
5.6412799218368335,9.947819532602834,2,EDS,Graphite
5.651001465559355,9.937227845680924,2,EDS,Graphite
5.660723009281875,9.947865857031957,2,EDS,Graphite
5.670444553004396,9.92762149556204,2,EDS,Graphite
5.680166096726917,9.937498670948314,2,EDS,Graphite
5.689887640449437,9.937778801982217,2,EDS,Graphite
5.699609184171958,9.967403194150139,2,EDS,Graphite
5.7093307278944785,9.936679577056351,2,EDS,Graphite
5.719052271617,9.946611062015238,2,EDS,Graphite
5.728773815339521,9.936745442308375,2,EDS,Graphite
5.738495359062041,9.936394298424979,2,EDS,Graphite
5.748216902784562,9.936513456344748,2,EDS,Graphite
5.757938446507082,9.955038026872693,2,EDS,Graphite
5.767659990229603,9.936768727417856,2,EDS,Graphite
5.777381533952124,9.935800835071733,2,EDS,Graphite
5.787103077674645,9.92489489516747,2,EDS,Graphite
5.796824621397166,9.935077327537012,2,EDS,Graphite
5.806546165119687,9.934384199017746,2,EDS,Graphite
5.816267708842207,9.944716863152149,2,EDS,Graphite
5.825989252564728,9.945008021134552,2,EDS,Graphite
5.835710796287248,9.935621707595514,2,EDS,Graphite
5.845432340009769,9.954979094724386,2,EDS,Graphite
5.8551538837322905,9.924757858812841,2,EDS,Graphite
5.864875427454811,9.923995056187652,2,EDS,Graphite
5.874596971177332,9.933995951492253,2,EDS,Graphite
5.884318514899853,9.953890753034848,2,EDS,Graphite
5.894040058622373,9.933768778329052,2,EDS,Graphite
5.903761602344894,9.963789527221984,2,EDS,Graphite
5.913483146067414,9.92368325151752,2,EDS,Graphite
5.9232046897899355,9.93351386614784,2,EDS,Graphite
5.932926233512457,9.943221955533009,2,EDS,Graphite
5.942647777234977,9.923448064728806,2,EDS,Graphite
5.952369320957498,9.923102719464765,2,EDS,Graphite
5.962090864680019,9.922378911698647,2,EDS,Graphite
5.971812408402539,9.92297959589582,2,EDS,Graphite
5.98153395212506,9.92276983990309,2,EDS,Graphite
5.9912554958475805,9.93196320898115,2,EDS,Graphite
6.000977039570102,9.942271812594607,2,EDS,Graphite
6.010698583292623,9.952671389792359,2,EDS,Graphite
6.020420127015143,9.951741467372281,2,EDS,Graphite
6.030141670737664,9.951552138122109,2,EDS,Graphite
6.039863214460184,9.94182823471461,2,EDS,Graphite
6.049584758182705,9.932118171636303,2,EDS,Graphite
6.0593063019052265,9.94251707026007,2,EDS,Graphite
6.069027845627747,9.931851783187762,2,EDS,Graphite
6.078749389350268,9.931904109428784,2,EDS,Graphite
6.088470933072789,9.931426764408357,2,EDS,Graphite
6.098192476795309,9.940815749515124,2,EDS,Graphite
6.10791402051783,9.931282412924404,2,EDS,Graphite
6.11763556424035,9.920805302912795,2,EDS,Graphite
6.1273571079628715,9.920874126726778,2,EDS,Graphite
6.137078651685393,9.940130417115657,2,EDS,Graphite
6.146800195407913,9.920631324456775,2,EDS,Graphite
6.156521739130434,9.930222455230842,2,EDS,Graphite
6.166243282852955,9.930240657167563,2,EDS,Graphite
6.175964826575475,9.939954834677705,2,EDS,Graphite
6.185686370297996,9.949725480690372,2,EDS,Graphite
6.1954079140205165,9.929930161875644,2,EDS,Graphite
6.205129457743038,9.929382839554997,2,EDS,Graphite
6.214851001465559,9.918702700705596,2,EDS,Graphite
6.224572545188079,9.958430795516533,2,EDS,Graphite
6.2342940889106,9.919225209888229,2,EDS,Graphite
6.244015632633121,9.938795633442588,2,EDS,Graphite
6.253737176355641,9.918070156272648,2,EDS,Graphite
6.263458720078162,9.918763096978973,2,EDS,Graphite
6.273180263800683,9.958529604963545,2,EDS,Graphite
6.282901807523204,9.958202648813401,2,EDS,Graphite
6.292623351245725,9.95839988249836,2,EDS,Graphite
6.302344894968245,9.928743522678909,2,EDS,Graphite
6.312066438690766,9.94858717907634,2,EDS,Graphite
6.321787982413287,9.947925603639224,2,EDS,Graphite
6.331509526135807,9.917679105887983,2,EDS,Graphite
6.3412310698583285,9.917646836873237,2,EDS,Graphite
6.350952613580849,9.947573045800409,2,EDS,Graphite
6.36067415730337,9.927167716873857,2,EDS,Graphite
6.370395701025891,9.95722651307151,2,EDS,Graphite
6.380117244748411,9.936288368302865,2,EDS,Graphite
6.389838788470932,9.916898607687516,2,EDS,Graphite
6.399560332193452,9.916935735765113,2,EDS,Graphite
6.4092818759159735,9.926353067173062,2,EDS,Graphite
6.419003419638495,9.926389623334714,2,EDS,Graphite
6.428724963361015,9.925784415239582,2,EDS,Graphite
6.438446507083536,9.925578304953628,2,EDS,Graphite
6.448168050806057,9.916100124203467,2,EDS,Graphite
6.457889594528577,9.925529230787356,2,EDS,Graphite
6.467611138251098,9.92490966975536,2,EDS,Graphite
6.4773326819736186,9.935069168292767,2,EDS,Graphite
6.48705422569614,9.914992193696163,2,EDS,Graphite
6.496775769418661,9.945641158443268,2,EDS,Graphite
6.506497313141181,9.945227023080019,2,EDS,Graphite
6.516218856863702,9.91460571627923,2,EDS,Graphite
6.525940400586223,9.934591591813124,2,EDS,Graphite
6.535661944308743,9.965312713870796,2,EDS,Graphite
6.5453834880312645,9.934998306609211,2,EDS,Graphite
6.555105031753785,9.913920299477104,2,EDS,Graphite
6.564826575476306,9.944815009167272,2,EDS,Graphite
6.574548119198827,9.914105486223548,2,EDS,Graphite
6.584269662921347,9.924362522388977,2,EDS,Graphite
6.593991206643868,9.93378089458832,2,EDS,Graphite
6.603712750366389,9.914251211665627,2,EDS,Graphite
6.6134342940889095,9.923040472589106,2,EDS,Graphite
6.623155837811431,9.93330826668989,2,EDS,Graphite
6.632877381533951,9.923834348449718,2,EDS,Graphite
6.642598925256472,9.91204857166102,2,EDS,Graphite
6.652320468978993,9.922972546461942,2,EDS,Graphite
6.662042012701513,9.942670715144445,2,EDS,Graphite
6.671763556424034,9.943017537527847,2,EDS,Graphite
6.6814851001465545,9.913049036685676,2,EDS,Graphite
6.691206643869076,9.962750686376422,2,EDS,Graphite
6.700928187591597,9.952384213396531,2,EDS,Graphite
6.710649731314117,9.932149134676491,2,EDS,Graphite
6.720371275036638,9.911830834369974,2,EDS,Graphite
6.730092818759159,9.921938361663177,2,EDS,Graphite
6.739814362481679,9.912362991052785,2,EDS,Graphite
6.7495359062042,9.92117697201695,2,EDS,Graphite
6.759257449926721,9.921227875693516,2,EDS,Graphite
6.768978993649242,9.941232404371192,2,EDS,Graphite
6.778700537371763,9.921578092523035,2,EDS,Graphite
6.788422081094283,9.9110801551297,2,EDS,Graphite
6.798143624816804,9.921281886855583,2,EDS,Graphite
6.807865168539325,9.93116074656051,2,EDS,Graphite
6.817586712261845,9.910815400479574,2,EDS,Graphite
6.8273082559843665,9.92991767989848,2,EDS,Graphite
6.837029799706887,9.911013324060114,2,EDS,Graphite
6.846751343429408,9.920755871621461,2,EDS,Graphite
6.856472887151929,9.919997837391726,2,EDS,Graphite
6.866194430874449,9.939195882179815,2,EDS,Graphite
6.87591597459697,9.918970189924003,2,EDS,Graphite
6.885637518319491,9.91965152466329,2,EDS,Graphite
6.8953590620420115,9.92907209193188,2,EDS,Graphite
6.905080605764533,9.948465617911475,2,EDS,Graphite
6.914802149487053,9.928383847205994,2,EDS,Graphite
6.924523693209574,9.918744106027093,2,EDS,Graphite
6.934245236932095,9.918902105686575,2,EDS,Graphite
6.943966780654615,9.90930844852702,2,EDS,Graphite
6.953688324377136,9.92874458743982,2,EDS,Graphite
6.963409868099657,9.928206119637611,2,EDS,Graphite
6.973131411822178,9.92840789576764,2,EDS,Graphite
6.982852955544699,9.918222564387928,2,EDS,Graphite
6.992574499267219,9.928282159170855,2,EDS,Graphite
7.00229604298974,9.927782781477342,2,EDS,Graphite
7.012017586712261,9.928127682263652,2,EDS,Graphite
7.021739130434781,9.917886574599875,2,EDS,Graphite
7.0314606741573025,9.937404291293594,2,EDS,Graphite
7.041182217879823,9.937167602784376,2,EDS,Graphite
7.050903761602344,9.917495493436709,2,EDS,Graphite
7.060625305324865,9.936607520269924,2,EDS,Graphite
7.070346849047385,9.9261017581361,2,EDS,Graphite
7.080068392769906,9.945954260297164,2,EDS,Graphite
7.089789936492427,9.926135067813814,2,EDS,Graphite
7.0995114802149475,9.936652595799476,2,EDS,Graphite
7.109233023937469,9.916015101779443,2,EDS,Graphite
7.118954567659989,9.936155521577478,2,EDS,Graphite
7.12867611138251,9.915692079996335,2,EDS,Graphite
7.138397655105031,9.935550639202535,2,EDS,Graphite
7.148119198827551,9.905160726772932,2,EDS,Graphite
7.157840742550072,9.905440397890121,2,EDS,Graphite
7.167562286272593,9.915257389380066,2,EDS,Graphite
7.177283829995114,9.925379704826726,2,EDS,Graphite
7.187005373717635,9.915177678022719,2,EDS,Graphite
7.196726917440155,9.904811885799015,2,EDS,Graphite
7.206448461162676,9.924071110365272,2,EDS,Graphite
7.216170004885197,9.90509825122676,2,EDS,Graphite
7.225891548607717,9.934427190616724,2,EDS,Graphite
7.235613092330238,9.924356844802197,2,EDS,Graphite
7.2453346360527595,9.924903527591235,2,EDS,Graphite
7.25505617977528,9.914443224732363,2,EDS,Graphite
7.264777723497801,9.904087777073824,2,EDS,Graphite
7.274499267220321,9.903738231190033,2,EDS,Graphite
7.284220810942842,9.91358859643929,2,EDS,Graphite
7.293942354665363,9.923557740080474,2,EDS,Graphite
7.303663898387883,9.94348820272096,2,EDS,Graphite
7.3133854421104045,9.933936295214872,2,EDS,Graphite
7.323106985832925,9.934137472002991,2,EDS,Graphite
7.332828529555446,9.922998723172093,2,EDS,Graphite
7.342550073277967,9.911741412965025,2,EDS,Graphite
7.352271617000487,9.90214257546448,2,EDS,Graphite
7.361993160723008,9.92325429008821,2,EDS,Graphite
7.371714704445529,9.902611479599006,2,EDS,Graphite
7.3814362481680496,9.942332754629822,2,EDS,Graphite
7.391157791890571,9.92191738432251,2,EDS,Graphite
7.400879335613091,9.901306664486139,2,EDS,Graphite
7.410600879335612,9.902465404225259,2,EDS,Graphite
7.420322423058133,9.911181789487705,2,EDS,Graphite
7.430043966780653,9.911742493355526,2,EDS,Graphite
7.439765510503174,9.920673137207276,2,EDS,Graphite
7.4494870542256955,9.901021242576748,2,EDS,Graphite
7.459208597948216,9.901425272025888,2,EDS,Graphite
7.468930141670737,9.910714105969408,2,EDS,Graphite
7.478651685393257,9.920514289625197,2,EDS,Graphite
7.488373229115778,9.910540970908611,2,EDS,Graphite
7.498094772838299,9.92978243489684,2,EDS,Graphite
7.507816316560819,9.909550991613518,2,EDS,Graphite
7.5175378602833405,9.910423591279807,2,EDS,Graphite
7.527259404005862,9.929760637394217,2,EDS,Graphite
7.536980947728382,9.92012829649602,2,EDS,Graphite
7.546702491450903,9.92016970687379,2,EDS,Graphite
7.556424035173423,9.910060387031947,2,EDS,Graphite
7.566145578895944,9.92863150966319,2,EDS,Graphite
7.575867122618465,9.918905588803558,2,EDS,Graphite
7.5855886663409855,9.919321716526735,2,EDS,Graphite
7.595310210063507,9.919182732072874,2,EDS,Graphite
7.605031753786027,9.909808588182576,2,EDS,Graphite
7.614753297508548,9.9182261080259,2,EDS,Graphite
7.624474841231069,9.909024530990143,2,EDS,Graphite
7.634196384953589,9.89851633490195,2,EDS,Graphite
7.64391792867611,9.917454565765356,2,EDS,Graphite
7.653639472398631,9.907805512353836,2,EDS,Graphite
7.663361016121152,9.938028098119641,2,EDS,Graphite
7.673082559843673,9.916987034093582,2,EDS,Graphite
7.682804103566193,9.906672744604922,2,EDS,Graphite
7.692525647288714,9.896668838576918,2,EDS,Graphite
7.702247191011235,9.897441919504189,2,EDS,Graphite
7.711968734733755,9.91695729367901,2,EDS,Graphite
7.721690278456276,9.906749522824102,2,EDS,Graphite
7.7314118221787975,9.9066189135932,2,EDS,Graphite
7.741133365901318,9.916091152028104,2,EDS,Graphite
7.750854909623839,9.89638519825278,2,EDS,Graphite
7.760576453346359,9.935618307358173,2,EDS,Graphite
7.77029799706888,9.906840660685345,2,EDS,Graphite
7.780019540791401,9.896923983096118,2,EDS,Graphite
7.789741084513921,9.91494930417743,2,EDS,Graphite
7.7994626282364425,9.895647862868154,2,EDS,Graphite
7.809184171958964,9.895531136694574,2,EDS,Graphite
7.818905715681484,9.895489200858291,2,EDS,Graphite
7.828627259404005,9.895877898722613,2,EDS,Graphite
7.838348803126525,9.935063682238383,2,EDS,Graphite
7.848070346849046,9.915089238099254,2,EDS,Graphite
7.857791890571567,9.936338422552604,2,EDS,Graphite
7.867513434294088,9.904785881942875,2,EDS,Graphite
7.877234978016609,9.91549369465605,2,EDS,Graphite
7.886956521739129,9.904771992164386,2,EDS,Graphite
7.89667806546165,9.894145167421206,2,EDS,Graphite
7.906399609184171,9.903922670893701,2,EDS,Graphite
7.916121152906691,9.914100778404466,2,EDS,Graphite
7.925842696629212,9.913445017343651,2,EDS,Graphite
7.9355642403517335,9.913417959886813,2,EDS,Graphite
7.945285784074254,9.90347196814812,2,EDS,Graphite
7.955007327796775,9.90365135912508,2,EDS,Graphite
7.964728871519295,9.914202127048277,2,EDS,Graphite
7.974450415241816,9.893004054852788,2,EDS,Graphite
7.984171958964337,9.893288085415676,2,EDS,Graphite
7.993893502686857,9.90219078433167,2,EDS,Graphite
8.00361504640938,9.91326726181228,2,EDS,Graphite
8.0133365901319,9.921854824044956,2,EDS,Graphite
8.02305813385442,9.912854782360105,2,EDS,Graphite
8.032779677576942,9.902308021773809,2,EDS,Graphite
8.042501221299462,9.912143255669164,2,EDS,Graphite
8.052222765021982,9.901914830075206,2,EDS,Graphite
8.061944308744504,9.921312668515029,2,EDS,Graphite
8.071665852467024,9.901190046811337,2,EDS,Graphite
8.081387396189545,9.891991878053602,2,EDS,Graphite
8.091108939912067,9.90146994205554,2,EDS,Graphite
8.100830483634587,9.891177807666788,2,EDS,Graphite
8.110552027357107,9.921372710976001,2,EDS,Graphite
8.120273571079627,9.90107027166063,2,EDS,Graphite
8.12999511480215,9.910516591976956,2,EDS,Graphite
8.13971665852467,9.901850302379753,2,EDS,Graphite
8.14943820224719,9.930920772390929,2,EDS,Graphite
8.15915974596971,9.890494707618812,2,EDS,Graphite
8.168881289692232,9.890056349657119,2,EDS,Graphite
8.178602833414752,9.910576680428454,2,EDS,Graphite
8.188324377137272,9.899637963180169,2,EDS,Graphite
8.198045920859794,9.909452763214553,2,EDS,Graphite
8.207767464582314,9.900472976913727,2,EDS,Graphite
8.217489008304835,9.899569567715448,2,EDS,Graphite
8.227210552027357,9.889061368830216,2,EDS,Graphite
8.236932095749877,9.909264344914435,2,EDS,Graphite
8.246653639472397,9.899501646465156,2,EDS,Graphite
8.256375183194919,9.889250528687281,2,EDS,Graphite
8.26609672691744,9.909264180342069,2,EDS,Graphite
8.27581827063996,9.908105374412914,2,EDS,Graphite
8.28553981436248,9.898958789632115,2,EDS,Graphite
8.295261358085002,9.89829846052144,2,EDS,Graphite
8.304982901807522,9.908273462748019,2,EDS,Graphite
8.314704445530042,9.898636217696282,2,EDS,Graphite
8.324425989252564,9.898258608863168,2,EDS,Graphite
8.334147532975084,9.907951557366154,2,EDS,Graphite
8.343869076697604,9.886742066407402,2,EDS,Graphite
8.353590620420126,9.917477012087778,2,EDS,Graphite
8.363312164142647,9.9069936179147,2,EDS,Graphite
8.373033707865167,9.897527082226508,2,EDS,Graphite
8.382755251587689,9.917507348106655,2,EDS,Graphite
8.392476795310209,9.936771939013319,2,EDS,Graphite
8.40219833903273,9.896458746787596,2,EDS,Graphite
8.411919882755251,9.897323235668726,2,EDS,Graphite
8.421641426477771,9.906193560625873,2,EDS,Graphite
8.431362970200292,9.905777336597385,2,EDS,Graphite
8.441084513922812,9.885794830898927,2,EDS,Graphite
8.450806057645334,9.885774007185917,2,EDS,Graphite
8.460527601367854,9.92548743974488,2,EDS,Graphite
8.470249145090374,9.896116824137453,2,EDS,Graphite
8.479970688812896,9.884584939107379,2,EDS,Graphite
8.489692232535416,9.885036218180545,2,EDS,Graphite
8.499413776257937,9.905268957556792,2,EDS,Graphite
8.509135319980459,9.90523900935065,2,EDS,Graphite
8.518856863702979,9.915765896869685,2,EDS,Graphite
8.528578407425499,9.895551956493325,2,EDS,Graphite
8.538299951148021,9.903973300867948,2,EDS,Graphite
8.548021494870541,9.90368621804546,2,EDS,Graphite
8.557743038593062,9.904418468232537,2,EDS,Graphite
8.567464582315582,9.883953533964005,2,EDS,Graphite
8.577186126038104,9.893570178620495,2,EDS,Graphite
8.586907669760624,9.90397258787903,2,EDS,Graphite
8.596629213483144,9.883922917189318,2,EDS,Graphite
8.606350757205666,9.883288912192365,2,EDS,Graphite
8.616072300928186,9.913239363882761,2,EDS,Graphite
8.625793844650707,9.903029265806282,2,EDS,Graphite
8.635515388373229,9.903041428124569,2,EDS,Graphite
8.645236932095749,9.893327664971613,2,EDS,Graphite
8.654958475818269,9.89244351283971,2,EDS,Graphite
8.664680019540791,9.882495084642636,2,EDS,Graphite
8.674401563263311,9.912457551634692,2,EDS,Graphite
8.684123106985831,9.892488772556563,2,EDS,Graphite
8.693844650708353,9.88247002993213,2,EDS,Graphite
8.703566194430874,9.913126282903711,2,EDS,Graphite
8.713287738153394,9.892309974970063,2,EDS,Graphite
8.723009281875914,9.902173395304821,2,EDS,Graphite
8.732730825598436,9.891633521623506,2,EDS,Graphite
8.742452369320956,9.881161567164089,2,EDS,Graphite
8.752173913043476,9.901219632231502,2,EDS,Graphite
8.761895456765998,9.880989326323652,2,EDS,Graphite
8.771617000488519,9.891343538195425,2,EDS,Graphite
8.781338544211039,9.890266289482428,2,EDS,Graphite
8.79106008793356,9.89113975158713,2,EDS,Graphite
8.800781631656081,9.890669334025363,2,EDS,Graphite
8.810503175378601,9.89090886764218,2,EDS,Graphite
8.820224719101123,9.880098332990825,2,EDS,Graphite
8.829946262823643,9.929870093003107,2,EDS,Graphite
8.839667806546164,9.879947677193737,2,EDS,Graphite
8.849389350268684,9.879789255866674,2,EDS,Graphite
8.859110893991206,9.910204567837042,2,EDS,Graphite
8.868832437713726,9.890052700852658,2,EDS,Graphite
8.878553981436246,9.910409404341857,2,EDS,Graphite
8.888275525158768,9.899169639670266,2,EDS,Graphite
8.897997068881288,9.897724417436907,2,EDS,Graphite
8.907718612603809,9.888913702208788,2,EDS,Graphite
8.91744015632633,9.89905737672342,2,EDS,Graphite
8.92716170004885,9.879129970418404,2,EDS,Graphite
8.936883243771371,9.888795426897026,2,EDS,Graphite
8.946604787493893,9.878283903317246,2,EDS,Graphite
8.956326331216413,9.88914205945869,2,EDS,Graphite
8.966047874938933,9.877744181183603,2,EDS,Graphite
8.975769418661455,9.887941964615752,2,EDS,Graphite
8.985490962383976,9.887427965176622,2,EDS,Graphite
8.995212506106496,9.907780614342423,2,EDS,Graphite
9.004934049829016,9.87834707914874,2,EDS,Graphite
9.014655593551538,9.877412340334342,2,EDS,Graphite
9.024377137274058,9.897267495185588,2,EDS,Graphite
9.034098680996578,9.886409533237318,2,EDS,Graphite
9.0438202247191,9.916902964377266,2,EDS,Graphite
9.05354176844162,9.877409360990596,2,EDS,Graphite
9.06326331216414,9.886624379561097,2,EDS,Graphite
9.072984855886663,9.896445979187682,2,EDS,Graphite
9.082706399609183,9.916945999149643,2,EDS,Graphite
9.092427943331703,9.90615255686292,2,EDS,Graphite
9.102149487054225,9.886735425584726,2,EDS,Graphite
9.111871030776745,9.885415351971886,2,EDS,Graphite
9.121592574499266,9.896160586119585,2,EDS,Graphite
9.131314118221786,9.876453539683585,2,EDS,Graphite
9.141035661944308,9.886015332131535,2,EDS,Graphite
9.150757205666828,9.874559447458877,2,EDS,Graphite
9.160478749389348,9.884970908154552,2,EDS,Graphite
9.17020029311187,9.875003524754296,2,EDS,Graphite
9.17992183683439,9.915425410342396,2,EDS,Graphite
9.18964338055691,9.884212269649508,2,EDS,Graphite
9.199364924279433,9.924206799940631,2,EDS,Graphite
9.209086468001953,9.883792330243542,2,EDS,Graphite
9.218808011724473,9.873999182716894,2,EDS,Graphite
9.228529555446995,9.893657687467277,2,EDS,Graphite
9.238251099169515,9.8848064452013,2,EDS,Graphite
9.247972642892035,9.893637084004208,2,EDS,Graphite
9.257694186614557,9.904098236148187,2,EDS,Graphite
9.267415730337078,9.893644267805701,2,EDS,Graphite
9.277137274059598,9.873490113082685,2,EDS,Graphite
9.286858817782118,9.883071419776673,2,EDS,Graphite
9.29658036150464,9.893543090849374,2,EDS,Graphite
9.30630190522716,9.873115163258932,2,EDS,Graphite
9.31602344894968,9.872941154145268,2,EDS,Graphite
9.325744992672202,9.91247932566993,2,EDS,Graphite
9.335466536394723,9.88240597241928,2,EDS,Graphite
9.345188080117243,9.892721655515464,2,EDS,Graphite
9.354909623839765,9.892410556914298,2,EDS,Graphite
9.364631167562285,9.872214236497884,2,EDS,Graphite
9.374352711284805,9.8916671403043,2,EDS,Graphite
9.384074255007327,9.902746954119284,2,EDS,Graphite
9.393795798729847,9.891496287849701,2,EDS,Graphite
9.403517342452368,9.891552943804037,2,EDS,Graphite
9.41323888617489,9.871333760442873,2,EDS,Graphite
9.42296042989741,9.87216039351755,2,EDS,Graphite
9.43268197361993,9.900990829792875,2,EDS,Graphite
9.44240351734245,9.880801323178694,2,EDS,Graphite
9.452125061064972,9.880881252125448,2,EDS,Graphite
9.461846604787493,9.880363991616028,2,EDS,Graphite
9.471568148510013,9.89058245261583,2,EDS,Graphite
9.481289692232535,9.901462866877509,2,EDS,Graphite
9.491011235955055,9.89037227260854,2,EDS,Graphite
9.500732779677575,9.88020780037263,2,EDS,Graphite
9.510454323400097,9.869613488345847,2,EDS,Graphite
9.520175867122617,9.87056991951535,2,EDS,Graphite
9.529897410845138,9.880526589165434,2,EDS,Graphite
9.53961895456766,9.88988439858459,2,EDS,Graphite
9.54934049829018,9.889646015652199,2,EDS,Graphite
9.5590620420127,9.88909379434126,2,EDS,Graphite
9.56878358573522,9.869230752825635,2,EDS,Graphite
9.578505129457742,9.898524781951371,2,EDS,Graphite
9.588226673180262,9.888244474009934,2,EDS,Graphite
9.597948216902783,9.897932180748944,2,EDS,Graphite
9.607669760625305,9.878647847885494,2,EDS,Graphite
9.617391304347825,9.887685902104979,2,EDS,Graphite
9.627112848070345,9.877937786318881,2,EDS,Graphite
9.636834391792867,9.887989316914162,2,EDS,Graphite
9.646555935515387,9.878322083400272,2,EDS,Graphite
9.656277479237907,9.887458191961684,2,EDS,Graphite
9.66599902296043,9.868079861575579,2,EDS,Graphite
9.67572056668295,9.86785268371094,2,EDS,Graphite
9.68544211040547,9.886789967974961,2,EDS,Graphite
9.695163654127992,9.867640327108642,2,EDS,Graphite
9.704885197850512,9.866852449899307,2,EDS,Graphite
9.714606741573032,9.886606486668695,2,EDS,Graphite
9.724328285295552,9.876558428889073,2,EDS,Graphite
9.734049829018074,9.926535961202143,2,EDS,Graphite
9.743771372740595,9.876200731887065,2,EDS,Graphite
9.753492916463115,9.87585953514501,2,EDS,Graphite
9.763214460185637,9.865751786160693,2,EDS,Graphite
9.772936003908157,9.87600883296809,2,EDS,Graphite
9.782657547630677,9.875724610747872,2,EDS,Graphite
9.7923790913532,9.905889548576244,2,EDS,Graphite
9.80210063507572,9.865525449896344,2,EDS,Graphite
9.81182217879824,9.875388663410467,2,EDS,Graphite
9.821543722520762,9.865475344088713,2,EDS,Graphite
9.831265266243282,9.875703210624367,2,EDS,Graphite
9.840986809965802,9.87557344633471,2,EDS,Graphite
9.850708353688322,9.86537146200831,2,EDS,Graphite
9.860429897410844,9.86500961576345,2,EDS,Graphite
9.870151441133364,9.865414398603825,2,EDS,Graphite
9.879872984855885,9.884516729463583,2,EDS,Graphite
9.889594528578407,9.874317617554047,2,EDS,Graphite
9.899316072300927,9.875042442871846,2,EDS,Graphite
9.909037616023447,9.88263312945454,2,EDS,Graphite
9.918759159745969,9.903628079307406,2,EDS,Graphite
9.92848070346849,9.884147245803899,2,EDS,Graphite
9.93820224719101,9.863875341566063,2,EDS,Graphite
9.947923790913531,9.874448645770553,2,EDS,Graphite
9.957645334636052,9.873182144695779,2,EDS,Graphite
9.967366878358572,9.902789171618155,2,EDS,Graphite
9.977088422081094,9.862686045198938,2,EDS,Graphite
9.986809965803614,9.872833810441453,2,EDS,Graphite
9.996531509526134,9.87327887995208,2,EDS,Graphite
10.006253053248654,9.883136507562888,2,EDS,Graphite
10.015974596971176,9.87221943358903,2,EDS,Graphite
10.025696140693697,9.912211976426144,2,EDS,Graphite
10.035417684416217,9.881670518051877,2,EDS,Graphite
10.045139228138739,9.861569947113907,2,EDS,Graphite
10.054860771861259,9.872128703148713,2,EDS,Graphite
10.06458231558378,9.882233589586335,2,EDS,Graphite
10.074303859306301,9.871039254703403,2,EDS,Graphite
10.084025403028821,9.871318985435632,2,EDS,Graphite
10.093746946751342,9.870949764289309,2,EDS,Graphite
10.103468490473864,9.861305343056806,2,EDS,Graphite
10.113190034196384,9.860587429721209,2,EDS,Graphite
10.122911577918904,9.859739589539648,2,EDS,Graphite
10.132633121641424,9.890924709695678,2,EDS,Graphite
10.142354665363946,9.860181862522884,2,EDS,Graphite
10.152076209086466,9.870081110770608,2,EDS,Graphite
10.161797752808987,9.880221956385663,2,EDS,Graphite
10.171519296531509,9.870036210078009,2,EDS,Graphite
10.181240840254029,9.869935110446212,2,EDS,Graphite
10.190962383976549,9.868837956845928,2,EDS,Graphite
10.200683927699071,9.869684499142501,2,EDS,Graphite
10.210405471421591,9.868414665962343,2,EDS,Graphite
10.220127015144111,9.879485326474073,2,EDS,Graphite
10.229848558866633,9.879495932188409,2,EDS,Graphite
10.239570102589154,9.868216294901531,2,EDS,Graphite
10.249291646311674,9.86884029465243,2,EDS,Graphite
10.259013190034196,9.879023762032697,2,EDS,Graphite
10.268734733756716,9.868190343172817,2,EDS,Graphite
10.278456277479236,9.878553027556555,2,EDS,Graphite
10.288177821201757,9.866831061444346,2,EDS,Graphite
10.297899364924278,9.88844997041604,2,EDS,Graphite
10.307620908646799,9.877815824929172,2,EDS,Graphite
10.317342452369319,9.86753674721853,2,EDS,Graphite
10.327063996091841,9.877953673471069,2,EDS,Graphite
10.336785539814361,9.898144636758095,2,EDS,Graphite
10.346507083536881,9.857430691734006,2,EDS,Graphite
10.356228627259403,9.887793526964238,2,EDS,Graphite
10.365950170981924,9.866206703441271,2,EDS,Graphite
10.375671714704444,9.88706831845053,2,EDS,Graphite
10.385393258426966,9.856557123917087,2,EDS,Graphite
10.395114802149486,9.856110418089154,2,EDS,Graphite
10.404836345872006,9.865443380292696,2,EDS,Graphite
10.414557889594526,9.896451151479456,2,EDS,Graphite
10.424279433317048,9.876422910336515,2,EDS,Graphite
10.434000977039569,9.886487136751672,2,EDS,Graphite
10.443722520762089,9.876263683670553,2,EDS,Graphite
10.45344406448461,9.89522912198998,2,EDS,Graphite
10.463165608207131,9.906019374679367,2,EDS,Graphite
10.472887151929651,9.875919301486881,2,EDS,Graphite
10.482608695652173,9.865017535641401,2,EDS,Graphite
10.492330239374693,9.87500062005667,2,EDS,Graphite
10.502051783097214,9.87441450535938,2,EDS,Graphite
10.511773326819736,9.865365195909433,2,EDS,Graphite
10.521494870542256,9.88385539510741,2,EDS,Graphite
10.531216414264776,9.874638516379619,2,EDS,Graphite
10.540937957987298,9.883975404407247,2,EDS,Graphite
10.550659501709818,9.853594742446257,2,EDS,Graphite
10.560381045432338,9.863097667912898,2,EDS,Graphite
10.570102589154859,9.863704503658884,2,EDS,Graphite
10.57982413287738,9.863078980283163,2,EDS,Graphite
10.5895456765999,9.863531881037245,2,EDS,Graphite
10.599267220322421,9.854163100109856,2,EDS,Graphite
10.608988764044943,9.863300679937206,2,EDS,Graphite
10.618710307767463,9.883970506292709,2,EDS,Graphite
10.628431851489983,9.892466665360589,2,EDS,Graphite
10.638153395212505,9.862182617257938,2,EDS,Graphite
10.647874938935026,9.852149996158325,2,EDS,Graphite
10.657596482657546,9.862439507194656,2,EDS,Graphite
10.667318026380068,9.85355990203264,2,EDS,Graphite
10.677039570102588,9.861416555836813,2,EDS,Graphite
10.686761113825108,9.872306597747471,2,EDS,Graphite
10.696482657547628,9.881558012178298,2,EDS,Graphite
10.70620420127015,9.871626504342213,2,EDS,Graphite
10.71592574499267,9.851007778880662,2,EDS,Graphite
10.72564728871519,9.851832017118378,2,EDS,Graphite
10.735368832437713,9.861263865000637,2,EDS,Graphite
10.745090376160233,9.861630476155955,2,EDS,Graphite
10.754811919882753,9.891067262099806,2,EDS,Graphite
10.764533463605275,9.85996048122566,2,EDS,Graphite
10.774255007327795,9.871190122763299,2,EDS,Graphite
10.783976551050316,9.849627127871127,2,EDS,Graphite
10.793698094772838,9.879544072689388,2,EDS,Graphite
10.803419638495358,9.85982938315222,2,EDS,Graphite
10.813141182217878,9.859687291096607,2,EDS,Graphite
10.8228627259404,9.870585561513023,2,EDS,Graphite
10.83258426966292,9.879724335688,2,EDS,Graphite
10.84230581338544,9.850221601150944,2,EDS,Graphite
10.85202735710796,9.87924747877559,2,EDS,Graphite
10.861748900830483,9.889502240725022,2,EDS,Graphite
10.871470444553003,9.899425233674945,2,EDS,Graphite
10.881191988275523,9.849378086536097,2,EDS,Graphite
10.890913531998045,9.848701672503527,2,EDS,Graphite
10.900635075720565,9.848593122408904,2,EDS,Graphite
10.910356619443085,9.848481229313695,2,EDS,Graphite
10.920078163165607,9.85771686846907,2,EDS,Graphite
10.929799706888128,9.85828236748825,2,EDS,Graphite
10.939521250610648,9.84799779986858,2,EDS,Graphite
10.94924279433317,9.848288138109192,2,EDS,Graphite
10.95896433805569,9.86791758089149,2,EDS,Graphite
10.96868588177821,9.878335920207146,2,EDS,Graphite
10.978407425500732,9.87761159340361,2,EDS,Graphite
10.988128969223252,9.84717573393009,2,EDS,Graphite
10.997850512945773,9.887309619636314,2,EDS,Graphite
11.007572056668293,9.867464693241427,2,EDS,Graphite
11.017293600390815,9.856180228981904,2,EDS,Graphite
11.027015144113335,9.846513428739181,2,EDS,Graphite
11.036736687835855,9.866374848691912,2,EDS,Graphite
11.046458231558377,9.856729528142042,2,EDS,Graphite
11.056179775280897,9.866634275160143,2,EDS,Graphite
11.065901319003418,9.876292252685927,2,EDS,Graphite
11.07562286272594,9.864970255937667,2,EDS,Graphite
11.08534440644846,9.8851982436222,2,EDS,Graphite
11.09506595017098,9.86569298061601,2,EDS,Graphite
11.104787493893502,9.845425360462487,2,EDS,Graphite
11.114509037616022,9.865507804488551,2,EDS,Graphite
11.124230581338542,9.845143620508221,2,EDS,Graphite
11.133952125061063,9.875905921044748,2,EDS,Graphite
11.143673668783585,9.8440171286412,2,EDS,Graphite
11.153395212506105,9.855050393128334,2,EDS,Graphite
11.163116756228625,9.845141275571054,2,EDS,Graphite
11.172838299951147,9.864935566802561,2,EDS,Graphite
11.182559843673667,9.84482641157119,2,EDS,Graphite
11.192281387396187,9.854743695819892,2,EDS,Graphite
11.20200293111871,9.843897069393643,2,EDS,Graphite
11.21172447484123,9.853522543958329,2,EDS,Graphite
11.22144601856375,9.87294977972496,2,EDS,Graphite
11.231167562286272,9.863562407462604,2,EDS,Graphite
11.240889106008792,9.843225454024545,2,EDS,Graphite
11.250610649731312,9.853959595436288,2,EDS,Graphite
11.260332193453834,9.863152069017765,2,EDS,Graphite
11.270053737176355,9.852665915837608,2,EDS,Graphite
11.279775280898875,9.852445807719578,2,EDS,Graphite
11.289496824621395,9.85374333389225,2,EDS,Graphite
11.299218368343917,9.842680220165741,2,EDS,Graphite
11.308939912066437,9.852186529637262,2,EDS,Graphite
11.318661455788957,9.842450392502782,2,EDS,Graphite
11.32838299951148,9.843108874832843,2,EDS,Graphite
11.338104543234,9.861920337610234,2,EDS,Graphite
11.34782608695652,9.852262072719796,2,EDS,Graphite
11.357547630679042,9.86234116589203,2,EDS,Graphite
11.367269174401562,9.860792585080638,2,EDS,Graphite
11.376990718124082,9.85121454719987,2,EDS,Graphite
11.386712261846604,9.861839660249956,2,EDS,Graphite
11.396433805569124,9.840890536934381,2,EDS,Graphite
11.406155349291645,9.841249219084897,2,EDS,Graphite
11.415876893014165,9.890567308913717,2,EDS,Graphite
11.425598436736687,9.840561540836926,2,EDS,Graphite
11.435319980459207,9.840357967670569,2,EDS,Graphite
11.445041524181727,9.850757650377258,2,EDS,Graphite
11.45476306790425,9.84041153837316,2,EDS,Graphite
11.46448461162677,9.840216654049565,2,EDS,Graphite
11.47420615534929,9.841164428693546,2,EDS,Graphite
11.483927699071812,9.850666938333262,2,EDS,Graphite
11.493649242794332,9.858825779322611,2,EDS,Graphite
11.503370786516852,9.839377344843452,2,EDS,Graphite
11.513092330239374,9.850534984378337,2,EDS,Graphite
11.522813873961894,9.849021374169373,2,EDS,Graphite
11.532535417684414,9.860084586786572,2,EDS,Graphite
11.542256961406936,9.848792552982427,2,EDS,Graphite
11.551978505129457,9.848731923298919,2,EDS,Graphite
11.561700048851977,9.869083175369093,2,EDS,Graphite
11.571421592574497,9.848501072711596,2,EDS,Graphite
11.581143136297019,9.838619033204706,2,EDS,Graphite
11.59086468001954,9.838962441885336,2,EDS,Graphite
11.60058622374206,9.838442963737613,2,EDS,Graphite
11.610307767464581,9.858013975831218,2,EDS,Graphite
11.620029311187102,9.888562896118806,2,EDS,Graphite
11.629750854909622,9.878052206354008,2,EDS,Graphite
11.639472398632144,9.847171427562909,2,EDS,Graphite
11.649193942354664,9.838257985581667,2,EDS,Graphite
11.658915486077184,9.867501205044844,2,EDS,Graphite
11.668637029799706,9.866963582496002,2,EDS,Graphite
11.678358573522226,9.855993214703597,2,EDS,Graphite
11.688080117244747,9.836137763036024,2,EDS,Graphite
11.697801660967267,9.847389987633823,2,EDS,Graphite
11.707523204689789,9.847259852016267,2,EDS,Graphite
11.717244748412309,9.85635899393888,2,EDS,Graphite
11.72696629213483,9.87536661586471,2,EDS,Graphite
11.736687835857351,9.845529382554272,2,EDS,Graphite
11.746409379579871,9.845137026639424,2,EDS,Graphite
11.756130923302392,9.844972374987396,2,EDS,Graphite
11.765852467024914,9.85650179288152,2,EDS,Graphite
11.775574010747434,9.856368747071304,2,EDS,Graphite
11.785295554469954,9.86477339844075,2,EDS,Graphite
11.795017098192476,9.835131294761128,2,EDS,Graphite
11.804738641914996,9.834402582104186,2,EDS,Graphite
11.814460185637516,9.864832118357894,2,EDS,Graphite
11.824181729360038,9.835436822179188,2,EDS,Graphite
11.833903273082559,9.855033652639573,2,EDS,Graphite
11.843624816805079,9.84476267388538,2,EDS,Graphite
11.853346360527599,9.844158281399672,2,EDS,Graphite
11.863067904250121,9.84467272157547,2,EDS,Graphite
11.872789447972641,9.844244663022243,2,EDS,Graphite
11.882510991695161,9.833986112586665,2,EDS,Graphite
11.892232535417683,9.853601724404596,2,EDS,Graphite
11.901954079140204,9.86365099797847,2,EDS,Graphite
11.911675622862724,9.86348919849743,2,EDS,Graphite
11.921397166585246,9.842963602692356,2,EDS,Graphite
11.931118710307766,9.852709276432916,2,EDS,Graphite
11.940840254030286,9.852460181576713,2,EDS,Graphite
11.950561797752808,9.852341232760855,2,EDS,Graphite
11.960283341475328,9.842532008935592,2,EDS,Graphite
11.970004885197849,9.862309039159596,2,EDS,Graphite
11.979726428920369,9.842038993862756,2,EDS,Graphite
11.98944797264289,9.841857219898717,2,EDS,Graphite
11.999169516365411,9.842158066344638,2,EDS,Graphite
12.008891060087931,9.842503988972844,2,EDS,Graphite
12.018612603810453,9.861724138076964,2,EDS,Graphite
12.028334147532973,9.841546298124404,2,EDS,Graphite
12.038055691255494,9.861007583558498,2,EDS,Graphite
12.047777234978016,9.8711833845349,2,EDS,Graphite
12.057498778700536,9.841678407702974,2,EDS,Graphite
12.067220322423056,9.85146078009795,2,EDS,Graphite
12.076941866145578,9.831281095301105,2,EDS,Graphite
12.086663409868098,9.861118421016968,2,EDS,Graphite
12.096384953590618,9.840743250794482,2,EDS,Graphite
12.10610649731314,9.850579023509221,2,EDS,Graphite
12.11582804103566,9.840359774520662,2,EDS,Graphite
12.125549584758181,9.84991067269172,2,EDS,Graphite
12.135271128480701,9.839990378592988,2,EDS,Graphite
12.144992672203223,9.869902336124603,2,EDS,Graphite
12.154714215925743,9.839944273566317,2,EDS,Graphite
12.164435759648264,9.839553747284588,2,EDS,Graphite
12.174157303370785,9.840317920326921,2,EDS,Graphite
12.183878847093306,9.848661569583571,2,EDS,Graphite
12.193600390815826,9.829407265534797,2,EDS,Graphite
12.203321934538348,9.838897169875615,2,EDS,Graphite
12.213043478260868,9.84876886774068,2,EDS,Graphite
12.222765021983388,9.838250129499174,2,EDS,Graphite
12.23248656570591,9.8389356052191,2,EDS,Graphite
12.24220810942843,9.858620809212468,2,EDS,Graphite
12.25192965315095,9.838555033454096,2,EDS,Graphite
12.261651196873471,9.83810470209383,2,EDS,Graphite
12.271372740595993,9.837731836511754,2,EDS,Graphite
12.281094284318513,9.867701345498645,2,EDS,Graphite
12.290815828041033,9.827780826209036,2,EDS,Graphite
12.300537371763555,9.846523042974255,2,EDS,Graphite
12.310258915486076,9.867684728089815,2,EDS,Graphite
12.319980459208596,9.828243431530062,2,EDS,Graphite
12.329702002931118,9.84721005091805,2,EDS,Graphite
12.339423546653638,9.836715659164664,2,EDS,Graphite
12.349145090376158,9.826622099783718,2,EDS,Graphite
12.35886663409868,9.836869373864126,2,EDS,Graphite
12.3685881778212,9.826281909569335,2,EDS,Graphite
12.37830972154372,9.83664666137587,2,EDS,Graphite
12.388031265266243,9.836024173091518,2,EDS,Graphite
12.397752808988763,9.826735344982211,2,EDS,Graphite
12.407474352711283,9.846574786011852,2,EDS,Graphite
12.417195896433803,9.8255091599876,2,EDS,Graphite
12.426917440156325,9.85547451758016,2,EDS,Graphite
12.436638983878845,9.835353204519645,2,EDS,Graphite
12.446360527601366,9.845211303771809,2,EDS,Graphite
12.456082071323888,9.834636309782306,2,EDS,Graphite
12.465803615046408,9.82442469208308,2,EDS,Graphite
12.475525158768928,9.825340034194713,2,EDS,Graphite
12.48524670249145,9.82511925744295,2,EDS,Graphite
12.49496824621397,9.84496341266879,2,EDS,Graphite
12.50468978993649,9.864295866097065,2,EDS,Graphite
12.514411333659012,9.865040307006248,2,EDS,Graphite
12.524132877381533,9.834021242716343,2,EDS,Graphite
12.533854421104053,9.83427609120808,2,EDS,Graphite
12.543575964826575,9.843103689387338,2,EDS,Graphite
12.553297508549095,9.84348300249833,2,EDS,Graphite
12.563019052271615,9.85336865919219,2,EDS,Graphite
12.572740595994135,9.853261788707707,2,EDS,Graphite
12.582462139716657,9.842540518274186,2,EDS,Graphite
12.592183683439178,9.833315911180085,2,EDS,Graphite
12.601905227161698,9.853315696399347,2,EDS,Graphite
12.61162677088422,9.842361265755471,2,EDS,Graphite
12.62134831460674,9.822029721691642,2,EDS,Graphite
12.63106985832926,9.852053933305301,2,EDS,Graphite
12.640791402051782,9.842481292294153,2,EDS,Graphite
12.650512945774302,9.85183643521701,2,EDS,Graphite
12.660234489496823,9.831898935997426,2,EDS,Graphite
12.669956033219345,9.8313235642541,2,EDS,Graphite
12.679677576941865,9.8325646052434,2,EDS,Graphite
12.689399120664385,9.821549396442938,2,EDS,Graphite
12.699120664386905,9.821891264164652,2,EDS,Graphite
12.708842208109427,9.851444597078082,2,EDS,Graphite
12.718563751831947,9.821053212306198,2,EDS,Graphite
12.728285295554468,9.830881714819178,2,EDS,Graphite
12.73800683927699,9.86044641310804,2,EDS,Graphite
12.74772838299951,9.840423505060231,2,EDS,Graphite
12.75744992672203,9.830021987829612,2,EDS,Graphite
12.767171470444552,9.849824436646086,2,EDS,Graphite
12.776893014167072,9.841133974611477,2,EDS,Graphite
12.786614557889592,9.830163662425395,2,EDS,Graphite
12.796336101612114,9.820555733669503,2,EDS,Graphite
12.806057645334635,9.819379623769983,2,EDS,Graphite
12.815779189057155,9.849023528069603,2,EDS,Graphite
12.825500732779677,9.849000203928084,2,EDS,Graphite
12.835222276502197,9.829105136946819,2,EDS,Graphite
12.844943820224717,9.849165876468408,2,EDS,Graphite
12.854665363947237,9.828932686874184,2,EDS,Graphite
12.86438690766976,9.82850165911645,2,EDS,Graphite
12.87410845139228,9.858745466339384,2,EDS,Graphite
12.8838299951148,9.828637456871595,2,EDS,Graphite
12.893551538837322,9.838729292943018,2,EDS,Graphite
12.903273082559842,9.828930906379657,2,EDS,Graphite
12.912994626282362,9.827948402308682,2,EDS,Graphite
12.922716170004884,9.838519122063179,2,EDS,Graphite
12.932437713727404,9.837848196666513,2,EDS,Graphite
12.942159257449925,9.826975385618889,2,EDS,Graphite
12.951880801172447,9.838333809433047,2,EDS,Graphite
12.961602344894967,9.828408543364663,2,EDS,Graphite
12.971323888617487,9.827508356424541,2,EDS,Graphite
12.981045432340007,9.82711964633483,2,EDS,Graphite
12.99076697606253,9.836807433381376,2,EDS,Graphite
13.00048851978505,9.826571956729296,2,EDS,Graphite
13.01021006350757,9.82718604824561,2,EDS,Graphite
13.019931607230092,9.826479458920943,2,EDS,Graphite
13.029653150952612,9.83710109189113,2,EDS,Graphite
13.039374694675132,9.826207457225824,2,EDS,Graphite
13.049096238397654,9.835856120835334,2,EDS,Graphite
13.058817782120174,9.815622292206234,2,EDS,Graphite
13.068539325842695,9.84540964078829,2,EDS,Graphite
13.078260869565216,9.825834113127483,2,EDS,Graphite
13.087982413287737,9.83486334105712,2,EDS,Graphite
13.097703957010257,9.814932145040817,2,EDS,Graphite
13.107425500732779,9.81575927779255,2,EDS,Graphite
13.117147044455299,9.834574486356887,2,EDS,Graphite
13.12686858817782,9.825253492923695,2,EDS,Graphite
13.13659013190034,9.813774467365104,2,EDS,Graphite
13.146311675622862,9.825225082263298,2,EDS,Graphite
13.156033219345382,9.843839517142069,2,EDS,Graphite
13.165754763067902,9.833870884807165,2,EDS,Graphite
13.175476306790424,9.814431369567025,2,EDS,Graphite
13.185197850512944,9.824097028818098,2,EDS,Graphite
13.194919394235464,9.814233390701116,2,EDS,Graphite
13.204640937957986,9.83309675292031,2,EDS,Graphite
13.214362481680507,9.813400048166196,2,EDS,Graphite
13.224084025403027,9.833101963643273,2,EDS,Graphite
13.233805569125549,9.83272979114546,2,EDS,Graphite
13.243527112848069,9.82335824792356,2,EDS,Graphite
13.25324865657059,9.833368398062616,2,EDS,Graphite
13.26297020029311,9.822638239121531,2,EDS,Graphite
13.272691744015631,9.813336541816824,2,EDS,Graphite
13.282413287738152,9.822138427193341,2,EDS,Graphite
13.292134831460672,9.843029922159397,2,EDS,Graphite
13.301856375183194,9.822456151316077,2,EDS,Graphite
13.311577918905714,9.831495828235514,2,EDS,Graphite
13.321299462628234,9.812806348304768,2,EDS,Graphite
13.331021006350756,9.81155474393571,2,EDS,Graphite
13.340742550073276,9.852157524243559,2,EDS,Graphite
13.350464093795797,9.83152769295207,2,EDS,Graphite
13.360185637518319,9.831484018356154,2,EDS,Graphite
13.369907181240839,9.841575923324994,2,EDS,Graphite
13.379628724963359,9.831402967991345,2,EDS,Graphite
13.389350268685881,9.820714667290707,2,EDS,Graphite
13.399071812408401,9.840964485400562,2,EDS,Graphite
13.408793356130921,9.820782570224232,2,EDS,Graphite
13.418514899853442,9.810524230729666,2,EDS,Graphite
13.428236443575964,9.820186797830598,2,EDS,Graphite
13.437957987298484,9.830227815082122,2,EDS,Graphite
13.447679531021004,9.83087902828162,2,EDS,Graphite
13.457401074743526,9.829701821210714,2,EDS,Graphite
13.467122618466046,9.810237306552247,2,EDS,Graphite
13.476844162188566,9.80925864009989,2,EDS,Graphite
13.486565705911088,9.828991839044487,2,EDS,Graphite
13.496287249633609,9.830735848322352,2,EDS,Graphite
13.506008793356129,9.839343074682313,2,EDS,Graphite
13.51573033707865,9.82920785218991,2,EDS,Graphite
13.525451880801171,9.8290727349009,2,EDS,Graphite
13.535173424523691,9.829294500317156,2,EDS,Graphite
13.544894968246211,9.818692014542325,2,EDS,Graphite
13.554616511968733,9.818730121722098,2,EDS,Graphite
13.564338055691254,9.827729383047737,2,EDS,Graphite
13.574059599413774,9.80851099638276,2,EDS,Graphite
13.583781143136296,9.847807879281307,2,EDS,Graphite
13.593502686858816,9.808073537497227,2,EDS,Graphite
13.603224230581336,9.816839819150553,2,EDS,Graphite
13.612945774303858,9.837759220304997,2,EDS,Graphite
13.622667318026378,9.81630473727764,2,EDS,Graphite
13.632388861748899,9.80705155553569,2,EDS,Graphite
13.64211040547142,9.806253383168167,2,EDS,Graphite
13.65183194919394,9.82716974221347,2,EDS,Graphite
13.661553492916461,9.806765543003769,2,EDS,Graphite
13.671275036638983,9.826235635527135,2,EDS,Graphite
13.680996580361503,9.807091309958674,2,EDS,Graphite
13.690718124084023,9.845883000794542,2,EDS,Graphite
13.700439667806544,9.804764122800503,2,EDS,Graphite
13.710161211529066,9.816229334314515,2,EDS,Graphite
13.719882755251586,9.835044166245757,2,EDS,Graphite
13.729604298974106,9.825306719012069,2,EDS,Graphite
13.739325842696628,9.82531724036397,2,EDS,Graphite
13.749047386419148,9.824757057956043,2,EDS,Graphite
13.758768930141668,9.825032667519094,2,EDS,Graphite
13.76849047386419,9.814470258300561,2,EDS,Graphite
13.77821201758671,9.805035887901461,2,EDS,Graphite
13.78793356130923,9.8142552800651,2,EDS,Graphite
13.797655105031753,9.814680424770469,2,EDS,Graphite
13.807376648754273,9.815047774080321,2,EDS,Graphite
13.817098192476793,9.814727401009712,2,EDS,Graphite
13.826819736199313,9.81418660856971,2,EDS,Graphite
13.836541279921835,9.81362628011441,2,EDS,Graphite
13.846262823644356,9.834000945408475,2,EDS,Graphite
13.855984367366876,9.823464342043644,2,EDS,Graphite
13.865705911089398,9.863724776512461,2,EDS,Graphite
13.875427454811918,9.842705194786895,2,EDS,Graphite
13.885148998534438,9.813705324555166,2,EDS,Graphite
13.89487054225696,9.813205520404345,2,EDS,Graphite
13.90459208597948,9.814047660421355,2,EDS,Graphite
13.914313629702,9.823489435860967,2,EDS,Graphite
13.924035173424523,9.813005187940112,2,EDS,Graphite
13.933756717147043,9.872543553904894,2,EDS,Graphite
13.943478260869563,9.802120401260721,2,EDS,Graphite
13.953199804592085,9.832733562827327,2,EDS,Graphite
13.962921348314605,9.812052766474086,2,EDS,Graphite
13.972642892037126,9.812541183537622,2,EDS,Graphite
13.982364435759646,9.812044365411658,2,EDS,Graphite
13.992085979482168,9.811900043055964,2,EDS,Graphite
14.001807523204688,9.811837329640458,2,EDS,Graphite
14.011529066927208,9.811000815065139,2,EDS,Graphite
14.02125061064973,9.810806596365865,2,EDS,Graphite
14.03097215437225,9.800643291405569,2,EDS,Graphite
14.04069369809477,9.821453126501199,2,EDS,Graphite
14.050415241817293,9.810398651118977,2,EDS,Graphite
14.060136785539813,9.810307761247062,2,EDS,Graphite
14.069858329262333,9.800778392306098,2,EDS,Graphite
14.079579872984855,9.810271583582967,2,EDS,Graphite
14.089301416707375,9.800065904173023,2,EDS,Graphite
14.099022960429895,9.829878875599961,2,EDS,Graphite
14.108744504152416,9.838885452734397,2,EDS,Graphite
14.118466047874938,9.809356132586359,2,EDS,Graphite
14.128187591597458,9.800186123693164,2,EDS,Graphite
14.137909135319978,9.809255552165583,2,EDS,Graphite
14.1476306790425,9.818488723131102,2,EDS,Graphite
14.15735222276502,9.79874727120166,2,EDS,Graphite
14.16707376648754,9.799222106168568,2,EDS,Graphite
14.176795310210062,9.81906556051671,2,EDS,Graphite
14.186516853932583,9.818629424583268,2,EDS,Graphite
14.196238397655103,9.818302214176473,2,EDS,Graphite
14.205959941377625,9.807830286877026,2,EDS,Graphite
14.215681485100145,9.818488288457146,2,EDS,Graphite
14.225403028822665,9.818554481347023,2,EDS,Graphite
14.235124572545187,9.818612179958265,2,EDS,Graphite
14.244846116267707,9.807372924979786,2,EDS,Graphite
14.254567659990228,9.818352043429192,2,EDS,Graphite
14.264289203712748,9.807557477423119,2,EDS,Graphite
14.27401074743527,9.827447829346326,2,EDS,Graphite
14.28373229115779,9.80769482699642,2,EDS,Graphite
14.29345383488031,9.81689462356702,2,EDS,Graphite
14.303175378602832,9.796008746048981,2,EDS,Graphite
14.312896922325352,9.797166494221443,2,EDS,Graphite
14.322618466047873,9.826856902507666,2,EDS,Graphite
14.332340009770395,9.826386901904907,2,EDS,Graphite
14.342061553492915,9.79668660176711,2,EDS,Graphite
14.351783097215435,9.806632137406858,2,EDS,Graphite
14.361504640937957,9.805420455744022,2,EDS,Graphite
14.371226184660477,9.825971191733148,2,EDS,Graphite
14.380947728382997,9.804777204075839,2,EDS,Graphite
14.39066927210552,9.80560974853758,2,EDS,Graphite
14.40039081582804,9.805348976959271,2,EDS,Graphite
14.41011235955056,9.825594938216687,2,EDS,Graphite
14.41983390327308,9.83473543638547,2,EDS,Graphite
14.429555446995602,9.794884452265812,2,EDS,Graphite
14.439276990718122,9.803465490377365,2,EDS,Graphite
14.448998534440642,9.80503500794932,2,EDS,Graphite
14.458720078163164,9.794593688210263,2,EDS,Graphite
14.468441621885685,9.794526171753613,2,EDS,Graphite
14.478163165608205,9.813659542202409,2,EDS,Graphite
14.487884709330727,9.804372738482206,2,EDS,Graphite
14.497606253053247,9.814796193845154,2,EDS,Graphite
14.507327796775767,9.813812644367035,2,EDS,Graphite
14.51704934049829,9.804045150640517,2,EDS,Graphite
14.52677088422081,9.80320581989286,2,EDS,Graphite
14.53649242794333,9.793419570069679,2,EDS,Graphite
14.54621397166585,9.802610378191439,2,EDS,Graphite
14.555935515388372,9.7935183217788,2,EDS,Graphite
14.565657059110892,9.813085055891777,2,EDS,Graphite
14.575378602833412,9.852310161163878,2,EDS,Graphite
14.585100146555934,9.81235269400868,2,EDS,Graphite
14.594821690278454,9.802597941999906,2,EDS,Graphite
14.604543234000975,9.802843116138042,2,EDS,Graphite
14.614264777723497,9.842948556579465,2,EDS,Graphite
14.623986321446017,9.792066969897764,2,EDS,Graphite
14.633707865168537,9.831359708941683,2,EDS,Graphite
14.643429408891059,9.801941745939745,2,EDS,Graphite
14.65315095261358,9.792497989496203,2,EDS,Graphite
14.6628724963361,9.790800162331264,2,EDS,Graphite
14.672594040058621,9.790956805287335,2,EDS,Graphite
14.682315583781142,9.801521768597349,2,EDS,Graphite
14.692037127503662,9.81116631153076,2,EDS,Graphite
14.701758671226182,9.79070108822257,2,EDS,Graphite
14.711480214948704,9.800901870314185,2,EDS,Graphite
14.721201758671224,9.791099151206723,2,EDS,Graphite
14.730923302393744,9.790462284660912,2,EDS,Graphite
14.740644846116266,9.800275053503425,2,EDS,Graphite
14.750366389838787,9.810480352515604,2,EDS,Graphite
14.760087933561307,9.809941930971817,2,EDS,Graphite
14.769809477283829,9.800437527317891,2,EDS,Graphite
14.779531021006349,9.790692514736643,2,EDS,Graphite
14.78925256472887,9.829216745711538,2,EDS,Graphite
14.798974108451391,9.828906952906475,2,EDS,Graphite
14.808695652173911,9.799497523194132,2,EDS,Graphite
14.818417195896432,9.798596177954138,2,EDS,Graphite
14.828138739618952,9.79844109875683,2,EDS,Graphite
14.837860283341474,9.797954077852578,2,EDS,Graphite
14.847581827063994,9.808565231317269,2,EDS,Graphite
14.857303370786514,9.788576843210038,2,EDS,Graphite
14.867024914509036,9.79820915769956,2,EDS,Graphite
14.876746458231557,9.798929858248975,2,EDS,Graphite
14.886468001954077,9.788748694646939,2,EDS,Graphite
14.896189545676599,9.78888030011303,2,EDS,Graphite
14.905911089399119,9.81787656908435,2,EDS,Graphite
14.91563263312164,9.80824675130438,2,EDS,Graphite
14.925354176844161,9.797701367206415,2,EDS,Graphite
14.935075720566681,9.787508379397261,2,EDS,Graphite
14.944797264289202,9.7870536364181,2,EDS,Graphite
14.954518808011724,9.78643009809482,2,EDS,Graphite
14.964240351734244,9.797261729234462,2,EDS,Graphite
14.973961895456764,9.787349631072662,2,EDS,Graphite
14.983683439179284,9.79643009809482,2,EDS,Graphite
14.993404982901806,9.786525579181944,2,EDS,Graphite
15.003126526624326,9.796881293981924,2,EDS,Graphite
15.012848070346847,9.80643009809482,2,EDS,Graphite
15.022569614069369,9.796972955965485,2,EDS,Graphite
15.032291157791889,9.81643009809482,2,EDS,Graphite
15.042012701514409,9.82643009809482,2,EDS,Graphite
15.051734245236931,9.816998974133382,2,EDS,Graphite
15.061455788959451,9.79643009809482,2,EDS,Graphite
15.071177332681971,9.79643009809482,2,EDS,Graphite
15.080898876404493,9.80643009809482,2,EDS,Graphite
15.090620420127014,9.80643009809482,2,EDS,Graphite
15.100341963849534,9.796499727975595,2,EDS,Graphite
15.110063507572054,9.78643009809482,2,EDS,Graphite
15.119785051294576,9.806652415292419,2,EDS,Graphite
15.129506595017096,9.78643009809482,2,EDS,Graphite
15.139228138739616,9.80643009809482,2,EDS,Graphite
15.148949682462138,9.78645356639463,2,EDS,Graphite
15.158671226184659,9.807098797468887,2,EDS,Graphite
15.168392769907179,9.816602315208216,2,EDS,Graphite
15.1781143136297,9.836430098094821,2,EDS,Graphite
15.187835857352221,9.79643009809482,2,EDS,Graphite
15.197557401074741,9.80643009809482,2,EDS,Graphite
15.207278944797263,9.79643009809482,2,EDS,Graphite
15.217000488519783,9.78643009809482,2,EDS,Graphite
15.226722032242304,9.80643009809482,2,EDS,Graphite
15.236443575964826,9.79643009809482,2,EDS,Graphite
15.246165119687346,9.79643009809482,2,EDS,Graphite
15.255886663409866,9.78643009809482,2,EDS,Graphite
15.265608207132386,9.79643009809482,2,EDS,Graphite
15.275329750854908,9.806660268569235,2,EDS,Graphite
15.285051294577428,9.806486839286176,2,EDS,Graphite
15.294772838299949,9.79643009809482,2,EDS,Graphite
15.30449438202247,9.796723013572572,2,EDS,Graphite
15.31421592574499,9.786685779049742,2,EDS,Graphite
15.323937469467511,9.79643009809482,2,EDS,Graphite
15.333659013190033,9.80643009809482,2,EDS,Graphite
15.343380556912553,9.796835163427575,2,EDS,Graphite
15.353102100635073,9.806911251905042,2,EDS,Graphite
15.362823644357595,9.80659886025757,2,EDS,Graphite
15.372545188080116,9.80643009809482,2,EDS,Graphite
15.382266731802636,9.796621797082492,2,EDS,Graphite
15.391988275525156,9.78679763209433,2,EDS,Graphite
15.401709819247678,9.816482801214088,2,EDS,Graphite
15.411431362970198,9.836534112157024,2,EDS,Graphite
15.421152906692718,9.78643009809482,2,EDS,Graphite
15.43087445041524,9.78643009809482,2,EDS,Graphite
15.44059599413776,9.79643009809482,2,EDS,Graphite
15.45031753786028,9.80643009809482,2,EDS,Graphite
15.460039081582803,9.79643009809482,2,EDS,Graphite
15.469760625305323,9.80708248761894,2,EDS,Graphite
15.479482169027843,9.826863053271673,2,EDS,Graphite
15.489203712750365,9.79643009809482,2,EDS,Graphite
15.498925256472885,9.79643009809482,2,EDS,Graphite
15.508646800195406,9.80643009809482,2,EDS,Graphite
15.518368343917928,9.80643009809482,2,EDS,Graphite
15.528089887640448,9.806574522265088,2,EDS,Graphite
15.537811431362968,9.79643009809482,2,EDS,Graphite
15.547532975085488,9.806866226682054,2,EDS,Graphite
15.55725451880801,9.78643009809482,2,EDS,Graphite
15.56697606253053,9.78643009809482,2,EDS,Graphite
15.57669760625305,9.81643009809482,2,EDS,Graphite
15.586419149975573,9.836430098094821,2,EDS,Graphite
15.596140693698093,9.80643009809482,2,EDS,Graphite
15.605862237420613,9.786435524373083,2,EDS,Graphite
15.615583781143135,9.81643009809482,2,EDS,Graphite
15.625305324865655,9.78643009809482,2,EDS,Graphite
15.635026868588175,9.786929424712282,2,EDS,Graphite
15.644748412310697,9.786734689977836,2,EDS,Graphite
15.654469956033218,9.797539769105128,2,EDS,Graphite
15.664191499755738,9.816809942053611,2,EDS,Graphite
15.673913043478258,9.80643009809482,2,EDS,Graphite
15.68363458720078,9.78643009809482,2,EDS,Graphite
15.6933561309233,9.78643009809482,2,EDS,Graphite
15.70307767464582,9.78643009809482,2,EDS,Graphite
15.712799218368342,9.78647959413325,2,EDS,Graphite
15.722520762090863,9.79643009809482,2,EDS,Graphite
15.732242305813383,9.826724611148231,2,EDS,Graphite
15.741963849535905,9.796471592114155,2,EDS,Graphite
15.751685393258425,9.826672367435526,2,EDS,Graphite
15.761406936980945,9.78643009809482,2,EDS,Graphite
15.771128480703467,9.786542340596101,2,EDS,Graphite
15.780850024425987,9.81702121875606,2,EDS,Graphite
15.790571568148508,9.836430098094821,2,EDS,Graphite
15.80029311187103,9.79643009809482,2,EDS,Graphite
15.81001465559355,9.78675403617583,2,EDS,Graphite
15.81973619931607,9.80643009809482,2,EDS,Graphite
15.82945774303859,9.80643009809482,2,EDS,Graphite
15.839179286761112,9.797101551144285,2,EDS,Graphite
15.848900830483633,9.80643009809482,2,EDS,Graphite
15.858622374206153,9.79713281368266,2,EDS,Graphite
15.868343917928675,9.79643009809482,2,EDS,Graphite
15.878065461651195,9.78643009809482,2,EDS,Graphite
15.887787005373715,9.786704781309268,2,EDS,Graphite
15.897508549096237,9.806479123107684,2,EDS,Graphite
15.907230092818757,9.826436095066013,2,EDS,Graphite
15.916951636541278,9.79643009809482,2,EDS,Graphite
15.9266731802638,9.80647580382518,2,EDS,Graphite
15.93639472398632,9.79643009809482,2,EDS,Graphite
15.94611626770884,9.786529635261491,2,EDS,Graphite
15.955837811431362,9.787020341804796,2,EDS,Graphite
15.965559355153882,9.81643009809482,2,EDS,Graphite
15.975280898876402,9.80643009809482,2,EDS,Graphite
15.985002442598923,9.79643009809482,2,EDS,Graphite
15.994723986321445,9.78643009809482,2,EDS,Graphite
16.004445530043967,9.80643009809482,2,EDS,Graphite
16.014167073766487,9.78643009809482,2,EDS,Graphite
16.023888617489007,9.78643009809482,2,EDS,Graphite
16.033610161211527,9.796952951309656,2,EDS,Graphite
16.043331704934047,9.80643009809482,2,EDS,Graphite
16.05305324865657,9.80656404573905,2,EDS,Graphite
16.06277479237909,9.786530034225004,2,EDS,Graphite
16.07249633610161,9.79719083521484,2,EDS,Graphite
16.08221787982413,9.786689915352762,2,EDS,Graphite
16.091939423546652,9.786716108598279,2,EDS,Graphite
16.101660967269176,9.82674827725597,2,EDS,Graphite
16.111382510991696,9.79643009809482,2,EDS,Graphite
16.121104054714216,9.78643009809482,2,EDS,Graphite
16.130825598436736,9.786938269082754,2,EDS,Graphite
16.140547142159257,9.78643009809482,2,EDS,Graphite
16.150268685881777,9.78643009809482,2,EDS,Graphite
16.1599902296043,9.79643009809482,2,EDS,Graphite
16.16971177332682,9.816536678289584,2,EDS,Graphite
16.17943331704934,9.79643009809482,2,EDS,Graphite
16.18915486077186,9.786714912404546,2,EDS,Graphite
16.19887640449438,9.78643009809482,2,EDS,Graphite
16.2085979482169,9.80643009809482,2,EDS,Graphite
16.218319491939422,9.78643009809482,2,EDS,Graphite
16.228041035661946,9.79643009809482,2,EDS,Graphite
16.237762579384466,9.79643009809482,2,EDS,Graphite
16.247484123106986,9.79643009809482,2,EDS,Graphite
16.257205666829506,9.796857073729091,2,EDS,Graphite
16.266927210552026,9.80677545522676,2,EDS,Graphite
16.276648754274547,9.847248060512111,2,EDS,Graphite
16.28637029799707,9.846430098094821,2,EDS,Graphite
16.29609184171959,9.836430098094821,2,EDS,Graphite
16.30581338544211,9.796620372566217,2,EDS,Graphite
16.31553492916463,9.80643009809482,2,EDS,Graphite
16.32525647288715,9.78643009809482,2,EDS,Graphite
16.33497801660967,9.82643009809482,2,EDS,Graphite
16.34469956033219,9.797182092912163,2,EDS,Graphite
16.354421104054715,9.796750399998615,2,EDS,Graphite
16.364142647777236,9.806798108462356,2,EDS,Graphite
16.373864191499756,9.797161666022342,2,EDS,Graphite
16.383585735222276,9.796840747338354,2,EDS,Graphite
16.393307278944796,9.78643009809482,2,EDS,Graphite
16.403028822667316,9.796833853871815,2,EDS,Graphite
16.41275036638984,9.80689158039879,2,EDS,Graphite
16.42247191011236,9.786726694253062,2,EDS,Graphite
16.43219345383488,9.80643009809482,2,EDS,Graphite
16.4419149975574,9.816678677051726,2,EDS,Graphite
16.45163654127992,9.81643009809482,2,EDS,Graphite
16.46135808500244,9.79643009809482,2,EDS,Graphite
16.47107962872496,9.81643009809482,2,EDS,Graphite
16.480801172447485,9.806750289440757,2,EDS,Graphite
16.490522716170005,9.78643009809482,2,EDS,Graphite
16.500244259892526,9.79643009809482,2,EDS,Graphite
16.509965803615046,9.806772885308439,2,EDS,Graphite
16.519687347337566,9.816490971636163,2,EDS,Graphite
16.529408891060086,9.80669271897357,2,EDS,Graphite
16.53913043478261,9.79643009809482,2,EDS,Graphite
16.54885197850513,9.786680086540212,2,EDS,Graphite
16.55857352222765,9.80643009809482,2,EDS,Graphite
16.56829506595017,9.82643009809482,2,EDS,Graphite
16.57801660967269,9.78643009809482,2,EDS,Graphite
16.58773815339521,9.807049832740477,2,EDS,Graphite
16.59745969711773,9.79643009809482,2,EDS,Graphite
16.607181240840255,9.787431722933704,2,EDS,Graphite
16.616902784562775,9.82643009809482,2,EDS,Graphite
16.626624328285295,9.78643009809482,2,EDS,Graphite
16.636345872007816,9.807032597604518,2,EDS,Graphite
16.646067415730336,9.80714699248976,2,EDS,Graphite
16.655788959452856,9.80643009809482,2,EDS,Graphite
16.66551050317538,9.806461444442093,2,EDS,Graphite
16.6752320468979,9.816754141940555,2,EDS,Graphite
16.68495359062042,9.78643009809482,2,EDS,Graphite
16.69467513434294,9.796498287081185,2,EDS,Graphite
16.70439667806546,9.796435072576436,2,EDS,Graphite
16.71411822178798,9.79643009809482,2,EDS,Graphite
16.723839765510505,9.79643009809482,2,EDS,Graphite
16.733561309233025,9.806435724168535,2,EDS,Graphite
16.743282852955545,9.786477018157623,2,EDS,Graphite
16.753004396678065,9.78643009809482,2,EDS,Graphite
16.762725940400586,9.806773026102327,2,EDS,Graphite
16.772447484123106,9.796489017240111,2,EDS,Graphite
16.782169027845626,9.81643009809482,2,EDS,Graphite
16.79189057156815,9.797248665836333,2,EDS,Graphite
16.80161211529067,9.80643009809482,2,EDS,Graphite
16.81133365901319,9.82643009809482,2,EDS,Graphite
16.82105520273571,9.796722073488256,2,EDS,Graphite
16.83077674645823,9.78728731182128,2,EDS,Graphite
16.84049829018075,9.806739968656123,2,EDS,Graphite
16.850219833903274,9.826805975092693,2,EDS,Graphite
16.859941377625795,9.79643009809482,2,EDS,Graphite
16.869662921348315,9.79646966444579,2,EDS,Graphite
16.879384465070835,9.80643009809482,2,EDS,Graphite
16.889106008793355,9.796750474637554,2,EDS,Graphite
16.898827552515876,9.806792714659007,2,EDS,Graphite
16.908549096238396,9.797173211637643,2,EDS,Graphite
16.91827063996092,9.80643009809482,2,EDS,Graphite
16.92799218368344,9.79643009809482,2,EDS,Graphite
16.93771372740596,9.797021706677533,2,EDS,Graphite
16.94743527112848,9.79643009809482,2,EDS,Graphite
16.957156814851,9.80679666641071,2,EDS,Graphite
16.96687835857352,9.796946064235035,2,EDS,Graphite
16.976599902296044,9.80643009809482,2,EDS,Graphite
16.986321446018565,9.79643009809482,2,EDS,Graphite
16.996042989741085,9.80643009809482,2,EDS,Graphite
17.005764533463605,9.797093792845352,2,EDS,Graphite
17.015486077186125,9.807130345452968,2,EDS,Graphite
17.025207620908645,9.786524682916921,2,EDS,Graphite
17.034929164631166,9.82643009809482,2,EDS,Graphite
17.04465070835369,9.817221062551829,2,EDS,Graphite
17.05437225207621,9.80680361504569,2,EDS,Graphite
17.06409379579873,9.78643009809482,2,EDS,Graphite
17.07381533952125,9.786585942992033,2,EDS,Graphite
17.08353688324377,9.796565117583995,2,EDS,Graphite
17.09325842696629,9.79643009809482,2,EDS,Graphite
17.102979970688814,9.816588485440718,2,EDS,Graphite
17.112701514411334,9.796933409118768,2,EDS,Graphite
17.122423058133855,9.82643009809482,2,EDS,Graphite
17.132144601856375,9.836979856176125,2,EDS,Graphite
17.141866145578895,9.79643009809482,2,EDS,Graphite
17.151587689301415,9.79743940158065,2,EDS,Graphite
17.16130923302394,9.81645619271593,2,EDS,Graphite
17.17103077674646,9.816918318779608,2,EDS,Graphite
17.18075232046898,9.816529565533179,2,EDS,Graphite
17.1904738641915,9.80643009809482,2,EDS,Graphite
17.20019540791402,9.80643009809482,2,EDS,Graphite
17.20991695163654,9.80643009809482,2,EDS,Graphite
17.21963849535906,9.796743311666912,2,EDS,Graphite
17.229360039081584,9.796518260279653,2,EDS,Graphite
17.239081582804104,9.80643009809482,2,EDS,Graphite
17.248803126526624,9.806772573686453,2,EDS,Graphite
17.258524670249145,9.796447171043587,2,EDS,Graphite
17.268246213971665,9.81670620349931,2,EDS,Graphite
17.277967757694185,9.816867948669412,2,EDS,Graphite
17.28768930141671,9.82643009809482,2,EDS,Graphite
17.29741084513923,9.79643009809482,2,EDS,Graphite
17.30713238886175,9.81643009809482,2,EDS,Graphite
17.31685393258427,9.7964858628165,2,EDS,Graphite
17.32657547630679,9.81663580073142,2,EDS,Graphite
17.33629702002931,9.79643009809482,2,EDS,Graphite
17.34601856375183,9.797076365805724,2,EDS,Graphite
17.355740107474354,9.80643009809482,2,EDS,Graphite
17.365461651196874,9.80643009809482,2,EDS,Graphite
17.375183194919394,9.797110237125983,2,EDS,Graphite
17.384904738641914,9.78643009809482,2,EDS,Graphite
17.394626282364435,9.7868687959612,2,EDS,Graphite
17.404347826086955,9.816758204877447,2,EDS,Graphite
17.41406936980948,9.786575494059,2,EDS,Graphite
17.423790913532,9.79643009809482,2,EDS,Graphite
17.43351245725452,9.796658869051429,2,EDS,Graphite
17.44323400097704,9.816907154932952,2,EDS,Graphite
17.45295554469956,9.79643009809482,2,EDS,Graphite
17.46267708842208,9.806874344596556,2,EDS,Graphite
17.4723986321446,9.79685364264229,2,EDS,Graphite
17.482120175867124,9.796563435284847,2,EDS,Graphite
17.491841719589644,9.80643009809482,2,EDS,Graphite
17.501563263312164,9.816855727823846,2,EDS,Graphite
17.511284807034684,9.806661378657592,2,EDS,Graphite
17.521006350757204,9.78643009809482,2,EDS,Graphite
17.530727894479725,9.79643009809482,2,EDS,Graphite
17.54044943820225,9.79680276513941,2,EDS,Graphite
17.55017098192477,9.79648223186258,2,EDS,Graphite
17.55989252564729,9.806924216397222,2,EDS,Graphite
17.56961406936981,9.79643009809482,2,EDS,Graphite
17.57933561309233,9.78643009809482,2,EDS,Graphite
17.58905715681485,9.797428179377789,2,EDS,Graphite
17.59877870053737,9.82643009809482,2,EDS,Graphite
17.608500244259893,9.80643009809482,2,EDS,Graphite
17.618221787982414,9.78655738242675,2,EDS,Graphite
17.627943331704934,9.806878762710971,2,EDS,Graphite
17.637664875427454,9.786724230227295,2,EDS,Graphite
17.647386419149974,9.827481712610828,2,EDS,Graphite
17.657107962872495,9.80643009809482,2,EDS,Graphite
17.66682950659502,9.79643009809482,2,EDS,Graphite
17.67655105031754,9.79643009809482,2,EDS,Graphite
17.68627259404006,9.80643009809482,2,EDS,Graphite
17.69599413776258,9.80643009809482,2,EDS,Graphite
17.7057156814851,9.81643009809482,2,EDS,Graphite
17.71543722520762,9.78678684076599,2,EDS,Graphite
17.725158768930143,9.80659882450336,2,EDS,Graphite
17.734880312652663,9.80643009809482,2,EDS,Graphite
17.744601856375184,9.806870546014967,2,EDS,Graphite
17.754323400097704,9.78643009809482,2,EDS,Graphite
17.764044943820224,9.81643009809482,2,EDS,Graphite
17.773766487542744,9.806469832340317,2,EDS,Graphite
17.783488031265264,9.78643009809482,2,EDS,Graphite
17.793209574987788,9.836698319857572,2,EDS,Graphite
17.80293111871031,9.81643009809482,2,EDS,Graphite
17.81265266243283,9.78643009809482,2,EDS,Graphite
17.82237420615535,9.807146779898122,2,EDS,Graphite
17.83209574987787,9.80643009809482,2,EDS,Graphite
17.84181729360039,9.80643009809482,2,EDS,Graphite
17.851538837322913,9.827009611103353,2,EDS,Graphite
17.861260381045433,9.78643009809482,2,EDS,Graphite
17.870981924767953,9.786777459715438,2,EDS,Graphite
17.880703468490474,9.796964349477404,2,EDS,Graphite
17.890425012212994,9.816647827662832,2,EDS,Graphite
17.900146555935514,9.80643009809482,2,EDS,Graphite
17.909868099658034,9.80643009809482,2,EDS,Graphite
17.919589643380558,9.79766478531199,2,EDS,Graphite
17.929311187103078,9.79643009809482,2,EDS,Graphite
17.9390327308256,9.787788867196085,2,EDS,Graphite
17.94875427454812,9.797207670578304,2,EDS,Graphite
17.95847581827064,9.79666627286418,2,EDS,Graphite
17.96819736199316,9.806565338617386,2,EDS,Graphite
17.977918905715683,9.80643009809482,2,EDS,Graphite
17.987640449438203,9.81643009809482,2,EDS,Graphite
17.997361993160723,9.80643009809482,2,EDS,Graphite
18.007083536883243,9.79643009809482,2,EDS,Graphite
18.016805080605764,9.79643009809482,2,EDS,Graphite
18.026526624328284,9.81643009809482,2,EDS,Graphite
18.036248168050804,9.817022055531643,2,EDS,Graphite
18.045969711773328,9.80643009809482,2,EDS,Graphite
18.055691255495848,9.806833287760456,2,EDS,Graphite
18.065412799218368,9.81643009809482,2,EDS,Graphite
18.07513434294089,9.796716580934584,2,EDS,Graphite
18.08485588666341,9.80643009809482,2,EDS,Graphite
18.09457743038593,9.807031292204234,2,EDS,Graphite
18.104298974108453,9.79643009809482,2,EDS,Graphite
18.114020517830973,9.79643009809482,2,EDS,Graphite
18.123742061553493,9.81643009809482,2,EDS,Graphite
18.133463605276013,9.806502743076626,2,EDS,Graphite
18.143185148998533,9.79643009809482,2,EDS,Graphite
18.152906692721054,9.806691770080318,2,EDS,Graphite
18.162628236443574,9.80643009809482,2,EDS,Graphite
18.172349780166098,9.82643009809482,2,EDS,Graphite
18.182071323888618,9.79643009809482,2,EDS,Graphite
18.191792867611138,9.78643009809482,2,EDS,Graphite
18.201514411333658,9.79643009809482,2,EDS,Graphite
18.21123595505618,9.787524875094523,2,EDS,Graphite
18.2209574987787,9.797001166535171,2,EDS,Graphite
18.230679042501222,9.786742548307464,2,EDS,Graphite
18.240400586223743,9.78663303217949,2,EDS,Graphite
18.250122129946263,9.78656649338145,2,EDS,Graphite
18.259843673668783,9.816568872243476,2,EDS,Graphite
18.269565217391303,9.786504392660385,2,EDS,Graphite
18.279286761113823,9.786448352132714,2,EDS,Graphite
18.289008304836347,9.79643009809482,2,EDS,Graphite
18.298729848558867,9.80643009809482,2,EDS,Graphite
18.308451392281388,9.78643009809482,2,EDS,Graphite
18.318172936003908,9.80643009809482,2,EDS,Graphite
18.327894479726428,9.82643009809482,2,EDS,Graphite
18.33761602344895,9.796566937813548,2,EDS,Graphite
18.34733756717147,9.806779348812952,2,EDS,Graphite
18.357059110893992,9.796566249606355,2,EDS,Graphite
18.366780654616512,9.806767907547165,2,EDS,Graphite
18.376502198339033,9.78677594450893,2,EDS,Graphite
18.386223742061553,9.82643009809482,2,EDS,Graphite
18.395945285784073,9.796669111096717,2,EDS,Graphite
18.405666829506593,9.78643009809482,2,EDS,Graphite
18.415388373229117,9.79643009809482,2,EDS,Graphite
18.425109916951637,9.79643009809482,2,EDS,Graphite
18.434831460674157,9.79712684627,2,EDS,Graphite
18.444553004396678,9.796583471597938,2,EDS,Graphite
18.454274548119198,9.78643009809482,2,EDS,Graphite
18.463996091841718,9.806700631582736,2,EDS,Graphite
18.47371763556424,9.826844046237406,2,EDS,Graphite
18.483439179286762,9.81643009809482,2,EDS,Graphite
18.493160723009282,9.806744162054452,2,EDS,Graphite
18.502882266731802,9.79643009809482,2,EDS,Graphite
18.512603810454323,9.81643009809482,2,EDS,Graphite
18.522325354176843,9.78643009809482,2,EDS,Graphite
18.532046897899363,9.786497910621371,2,EDS,Graphite
18.541768441621887,9.807127227087102,2,EDS,Graphite
18.551489985344407,9.80643009809482,2,EDS,Graphite
18.561211529066927,9.80643009809482,2,EDS,Graphite
18.570933072789447,9.816470413683207,2,EDS,Graphite
18.580654616511968,9.82643009809482,2,EDS,Graphite
18.590376160234488,9.80643009809482,2,EDS,Graphite
18.600097703957008,9.78643009809482,2,EDS,Graphite
18.609819247679532,9.78702832211913,2,EDS,Graphite
18.619540791402052,9.796937935172942,2,EDS,Graphite
18.629262335124572,9.806440776551865,2,EDS,Graphite
18.638983878847093,9.787182880655658,2,EDS,Graphite
18.648705422569613,9.78666170416106,2,EDS,Graphite
18.658426966292133,9.78695511576667,2,EDS,Graphite
18.668148510014657,9.79643009809482,2,EDS,Graphite
18.677870053737177,9.79643009809482,2,EDS,Graphite
18.687591597459697,9.78643009809482,2,EDS,Graphite
18.697313141182217,9.78643009809482,2,EDS,Graphite
18.707034684904738,9.826457358401731,2,EDS,Graphite
18.716756228627258,9.796577597601692,2,EDS,Graphite
18.72647777234978,9.797327853697478,2,EDS,Graphite
18.7361993160723,9.796758277043685,2,EDS,Graphite
18.745920859794822,9.79643009809482,2,EDS,Graphite
18.755642403517342,9.80643009809482,2,EDS,Graphite
18.765363947239862,9.797114841366103,2,EDS,Graphite
18.775085490962383,9.806785850604815,2,EDS,Graphite
18.784807034684903,9.81710885360185,2,EDS,Graphite
18.794528578407427,9.80643009809482,2,EDS,Graphite
18.804250122129947,9.79643009809482,2,EDS,Graphite
18.813971665852467,9.78643009809482,2,EDS,Graphite
18.823693209574987,9.81643009809482,2,EDS,Graphite
18.833414753297507,9.79643009809482,2,EDS,Graphite
18.843136297020028,9.816564409873834,2,EDS,Graphite
18.85285784074255,9.816572233164532,2,EDS,Graphite
18.86257938446507,9.797039237245558,2,EDS,Graphite
18.87230092818759,9.79643009809482,2,EDS,Graphite
18.882022471910112,9.78643009809482,2,EDS,Graphite
18.891744015632632,9.78679663430691,2,EDS,Graphite
18.901465559355152,9.79651357770248,2,EDS,Graphite
18.911187103077673,9.79645048305098,2,EDS,Graphite
18.920908646800196,9.79700514703625,2,EDS,Graphite
18.930630190522717,9.80643009809482,2,EDS,Graphite
18.940351734245237,9.79643009809482,2,EDS,Graphite
18.950073277967757,9.80643009809482,2,EDS,Graphite
18.959794821690277,9.79643009809482,2,EDS,Graphite
18.969516365412797,9.806490529593766,2,EDS,Graphite
18.97923790913532,9.79643009809482,2,EDS,Graphite
18.98895945285784,9.79643009809482,2,EDS,Graphite
18.99868099658036,9.79643009809482,2,EDS,Graphite
19.008402540302882,9.79643009809482,2,EDS,Graphite
19.018124084025402,9.79643009809482,2,EDS,Graphite
19.027845627747922,9.796530910521213,2,EDS,Graphite
19.037567171470442,9.806639023415782,2,EDS,Graphite
19.047288715192966,9.80643009809482,2,EDS,Graphite
19.057010258915486,9.79643009809482,2,EDS,Graphite
19.066731802638007,9.786514495831339,2,EDS,Graphite
19.076453346360527,9.81643009809482,2,EDS,Graphite
19.086174890083047,9.80703531580677,2,EDS,Graphite
19.095896433805567,9.81657490776718,2,EDS,Graphite
19.10561797752809,9.786928585775758,2,EDS,Graphite
19.11533952125061,9.816707878400225,2,EDS,Graphite
19.12506106497313,9.80643009809482,2,EDS,Graphite
19.13478260869565,9.80643009809482,2,EDS,Graphite
19.144504152418172,9.79643009809482,2,EDS,Graphite
19.154225696140692,9.806825237125718,2,EDS,Graphite
19.163947239863212,9.817307246059595,2,EDS,Graphite
19.173668783585736,9.79643009809482,2,EDS,Graphite
19.183390327308256,9.786455239420363,2,EDS,Graphite
19.193111871030776,9.796794054844602,2,EDS,Graphite
19.202833414753297,9.82643009809482,2,EDS,Graphite
19.212554958475817,9.837178156202377,2,EDS,Graphite
19.222276502198337,9.81643009809482,2,EDS,Graphite
19.23199804592086,9.806738594712344,2,EDS,Graphite
19.24171958964338,9.796734132716924,2,EDS,Graphite
19.2514411333659,9.796954271549875,2,EDS,Graphite
19.26116267708842,9.806458331234863,2,EDS,Graphite
19.27088422081094,9.796835737035588,2,EDS,Graphite
19.280605764533462,9.78643009809482,2,EDS,Graphite
19.290327308255986,9.78643009809482,2,EDS,Graphite
19.300048851978506,9.80643009809482,2,EDS,Graphite
19.309770395701026,9.78643009809482,2,EDS,Graphite
19.319491939423546,9.80643009809482,2,EDS,Graphite
19.329213483146066,9.80657182418358,2,EDS,Graphite
19.338935026868587,9.79643009809482,2,EDS,Graphite
19.348656570591107,9.786520171956713,2,EDS,Graphite
19.35837811431363,9.786991963596444,2,EDS,Graphite
19.36809965803615,9.80643009809482,2,EDS,Graphite
19.37782120175867,9.80749492456552,2,EDS,Graphite
19.38754274548119,9.786773730936988,2,EDS,Graphite
19.39726428920371,9.80643009809482,2,EDS,Graphite
19.40698583292623,9.79643009809482,2,EDS,Graphite
19.416707376648755,9.79643009809482,2,EDS,Graphite
19.426428920371276,9.80643009809482,2,EDS,Graphite
19.436150464093796,9.80643009809482,2,EDS,Graphite
19.445872007816316,9.79700146717799,2,EDS,Graphite
19.455593551538836,9.79643009809482,2,EDS,Graphite
19.465315095261357,9.806449094637205,2,EDS,Graphite
19.475036638983877,9.78643009809482,2,EDS,Graphite
19.4847581827064,9.81643009809482,2,EDS,Graphite
19.49447972642892,9.81643009809482,2,EDS,Graphite
19.50420127015144,9.797306251041638,2,EDS,Graphite
19.51392281387396,9.82643009809482,2,EDS,Graphite
19.52364435759648,9.786846082892131,2,EDS,Graphite
19.533365901319,9.786958076744314,2,EDS,Graphite
19.543087445041525,9.81643009809482,2,EDS,Graphite
19.552808988764045,9.81643009809482,2,EDS,Graphite
19.562530532486566,9.797105521631124,2,EDS,Graphite
19.572252076209086,9.80643009809482,2,EDS,Graphite
19.581973619931606,9.826975309372148,2,EDS,Graphite
19.591695163654126,9.78643009809482,2,EDS,Graphite
19.601416707376647,9.79643009809482,2,EDS,Graphite
19.61113825109917,9.796461716528116,2,EDS,Graphite
19.62085979482169,9.78658596704332,2,EDS,Graphite
19.63058133854421,9.79643009809482,2,EDS,Graphite
19.64030288226673,9.82643009809482,2,EDS,Graphite
19.65002442598925,9.82659871903731,2,EDS,Graphite
19.65974596971177,9.806510580514152,2,EDS,Graphite
19.669467513434295,9.786588994466948,2,EDS,Graphite
19.679189057156815,9.79643009809482,2,EDS,Graphite
19.688910600879336,9.786717791956065,2,EDS,Graphite
19.698632144601856,9.786487644071268,2,EDS,Graphite
19.708353688324376,9.79643009809482,2,EDS,Graphite
19.718075232046896,9.80643009809482,2,EDS,Graphite
19.727796775769416,9.80643009809482,2,EDS,Graphite
19.73751831949194,9.836430098094821,2,EDS,Graphite
19.74723986321446,9.836430098094821,2,EDS,Graphite
19.75696140693698,9.816709225614673,2,EDS,Graphite
19.7666829506595,9.80643009809482,2,EDS,Graphite
19.77640449438202,9.816532498621362,2,EDS,Graphite
19.78612603810454,9.796457926842724,2,EDS,Graphite
19.795847581827065,9.79643009809482,2,EDS,Graphite
19.805569125549585,9.81643009809482,2,EDS,Graphite
19.815290669272105,9.806823601373956,2,EDS,Graphite
19.825012212994626,9.786498259424482,2,EDS,Graphite
19.834733756717146,9.786679812793434,2,EDS,Graphite
19.844455300439666,9.797009079435414,2,EDS,Graphite
19.85417684416219,9.796627992886682,2,EDS,Graphite
19.86389838788471,9.81643009809482,2,EDS,Graphite
19.87361993160723,9.796553219080247,2,EDS,Graphite
19.88334147532975,9.80643009809482,2,EDS,Graphite
19.89306301905227,9.807253779256895,2,EDS,Graphite
19.90278456277479,9.816611764236065,2,EDS,Graphite
19.91250610649731,9.79643009809482,2,EDS,Graphite
19.922227650219835,9.796687858980649,2,EDS,Graphite
19.931949193942355,9.786471407628403,2,EDS,Graphite
19.941670737664875,9.80643009809482,2,EDS,Graphite
19.951392281387395,9.786822787639272,2,EDS,Graphite
19.961113825109916,9.81643009809482,2,EDS,Graphite
19.970835368832436,9.797076474297224,2,EDS,Graphite
19.98055691255496,9.78643009809482,2,EDS,Graphite
19.99027845627748,9.81708497144184,2,EDS,Graphite
20.0,9.816623425221426,2,EDS,Graphite
