energy,intensity,line_id,technique,material
20.0,0.0055522230041610615,1,AES,Graphite
21.21152906692721,-0.0020541194192272047,1,AES,Graphite
22.423058133854422,-0.00483023092130774,1,AES,Graphite
23.63458720078163,0.005008413026635834,1,AES,Graphite
24.846116267708844,0.0024338898828827017,1,AES,Graphite
26.057645334636053,-0.005008413026635855,1,AES,Graphite
27.269174401563262,-0.00071318146198825,1,AES,Graphite
28.480703468490475,-1.0091684155203736e-17,1,AES,Graphite
29.692232535417684,-0.0017207084208944888,1,AES,Graphite
30.903761602344893,0.0007673740872450833,1,AES,Graphite
32.115290669272106,-9.001056568711997e-18,1,AES,Graphite
33.32681973619931,-0.000767374087245091,1,AES,Graphite
34.538348803126524,0.0,1,AES,Graphite
35.74987787005374,0.0,1,AES,Graphite
36.96140693698095,0.010996623392826364,1,AES,Graphite
38.17293600390816,-1.2898693201773318e-16,1,AES,Graphite
39.38446507083537,-0.010996623392826428,1,AES,Graphite
40.595994137762574,0.0046482489976380995,1,AES,Graphite
41.80752320468979,0.0,1,AES,Graphite
43.019052271617,-0.004434085879973909,1,AES,Graphite
44.23058133854421,0.0,1,AES,Graphite
45.442110405471425,-0.0002141631176642039,1,AES,Graphite
46.65363947239863,0.0003517867495728121,1,AES,Graphite
47.86516853932584,-4.12634787342892e-18,1,AES,Graphite
49.07669760625305,0.01083972514212193,1,AES,Graphite
50.28822667318026,0.010000000000019072,1,AES,Graphite
51.499755740107474,-0.01119151189169478,1,AES,Graphite
52.71128480703469,-0.01000000000001904,1,AES,Graphite
53.92281387396189,0.0058744293974509615,1,AES,Graphite
55.134342940889105,0.0,1,AES,Graphite
56.34587200781632,-0.0058744293974509615,1,AES,Graphite
57.557401074743524,0.0026086697196964015,1,AES,Graphite
58.76893014167074,0.010000000000019072,1,AES,Graphite
59.98045920859795,-0.0019462668188717043,1,AES,Graphite
61.191988275525155,-0.010000000000019148,1,AES,Graphite
62.40351734245237,-0.0006624029008248086,1,AES,Graphite
63.61504640937958,0.0006243378780141002,1,AES,Graphite
64.82657547630679,0.002342018506097237,1,AES,Graphite
66.038104543234,-8.084993045189076e-05,1,AES,Graphite
67.24963361016121,-0.0023420185060972366,1,AES,Graphite
68.46116267708842,-0.000543487947562201,1,AES,Graphite
69.67269174401562,0.0,1,AES,Graphite
70.88422081094285,0.0,1,AES,Graphite
72.09574987787005,0.0,1,AES,Graphite
73.30727894479726,0.003352622696922584,1,AES,Graphite
74.51880801172447,0.001089772259169558,1,AES,Graphite
75.73033707865169,-0.003352622696922584,1,AES,Graphite
76.9418661455789,-6.195234908399192e-05,1,AES,Graphite
78.1533952125061,4.822401645769229e-17,1,AES,Graphite
79.36492427943332,-0.0010278199100855177,1,AES,Graphite
80.57645334636052,0.0019399079484613729,1,AES,Graphite
81.78798241328774,0.003269775541471271,1,AES,Graphite
82.99951148021495,0.0010136113202699525,1,AES,Graphite
84.21104054714216,-0.003269775541471271,1,AES,Graphite
85.42256961406937,-0.0029535192687313197,1,AES,Graphite
86.63409868099657,0.0010505892991734798,1,AES,Graphite
87.84562774792379,0.0030939040481259773,1,AES,Graphite
89.057156814851,-0.0010505892991734859,1,AES,Graphite
90.26868588177821,-0.0030939040481259773,1,AES,Graphite
91.48021494870542,0.0,1,AES,Graphite
92.69174401563264,0.0,1,AES,Graphite
93.90327308255983,0.0025768945599960714,1,AES,Graphite
95.11480214948705,0.004301263363390735,1,AES,Graphite
96.32633121641426,-0.0025768945599960865,1,AES,Graphite
97.53786028334147,-0.0011185971710288324,1,AES,Graphite
98.74938935026869,0.001146914817916698,1,AES,Graphite
99.9609184171959,-0.0031826661923619022,1,AES,Graphite
101.17244748412311,-7.624813706055667e-07,1,AES,Graphite
102.38397655105031,0.004877824128127693,1,AES,Graphite
103.59550561797752,-0.0011461523365460656,1,AES,Graphite
104.80703468490474,8.438336592953472e-05,1,AES,Graphite
106.01856375183195,0.0,1,AES,Graphite
107.23009281875916,-0.002355575145892735,1,AES,Graphite
108.44162188568637,0.00027606644665833315,1,AES,Graphite
109.65315095261357,-0.0026066323481645326,1,AES,Graphite
110.86468001954078,1.494934552727056e-05,1,AES,Graphite
112.076209086468,0.0,1,AES,Graphite
113.28773815339521,-0.00029101579218566,1,AES,Graphite
114.49926722032242,0.0011325688580865515,1,AES,Graphite
115.71079628724964,0.014687084421438708,1,AES,Graphite
116.92232535417685,-0.0011325688580868893,1,AES,Graphite
118.13385442110405,-0.014687084421438968,1,AES,Graphite
119.34538348803126,0.0,1,AES,Graphite
120.55691255495847,0.002903162794709251,1,AES,Graphite
121.76844162188569,0.0010426215668795304,1,AES,Graphite
122.9799706888129,0.007096837205309819,1,AES,Graphite
124.19149975574011,0.0005851864605816837,1,AES,Graphite
125.40302882266731,-0.009692122266268427,1,AES,Graphite
126.61455788959452,0.0014442125014574548,1,AES,Graphite
127.82608695652173,-0.0003078777337507831,1,AES,Graphite
129.03761602344895,-0.0030720205289188514,1,AES,Graphite
130.24914509037615,0.0,1,AES,Graphite
131.46067415730337,0.0,1,AES,Graphite
132.67220322423057,0.0009391341296991018,1,AES,Graphite
133.8837322911578,0.0008279268082292006,1,AES,Graphite
135.095261358085,-0.0009229169975889128,1,AES,Graphite
136.3067904250122,-0.0008279268082292438,1,AES,Graphite
137.51831949193942,-1.621713211022164e-05,1,AES,Graphite
138.72984855886665,0.0,1,AES,Graphite
139.94137762579385,0.0,1,AES,Graphite
141.15290669272105,0.010000000000019186,1,AES,Graphite
142.36443575964825,4.691874129366761e-16,1,AES,Graphite
143.57596482657547,-0.008718568165866128,1,AES,Graphite
144.7874938935027,0.005981966423723968,1,AES,Graphite
145.9990229604299,-0.0007277649797791709,1,AES,Graphite
147.2105520273571,-0.005165155212945822,1,AES,Graphite
148.42208109428432,-0.0005536668543737027,1,AES,Graphite
149.63361016121152,-0.0008168112107782186,1,AES,Graphite
150.84513922813875,0.0,1,AES,Graphite
152.05666829506595,0.0001910178065321304,1,AES,Graphite
153.26819736199315,0.007812078120683968,1,AES,Graphite
154.47972642892037,-0.00019101780653249024,1,AES,Graphite
155.69125549584757,-0.0068557322611139,1,AES,Graphite
156.9027845627748,-4.4870543972370414e-17,1,AES,Graphite
158.114313629702,-0.0009563458595704694,1,AES,Graphite
159.32584269662922,0.013624418833977919,1,AES,Graphite
160.53737176355642,0.0023847268456064848,1,AES,Graphite
161.74890083048362,-0.0011156912773234143,1,AES,Graphite
162.96042989741085,0.007615273154412319,1,AES,Graphite
164.17195896433805,-0.008059819067822684,1,AES,Graphite
165.38348803126527,-0.010000000000019042,1,AES,Graphite
166.59501709819247,-0.0025877136679055804,1,AES,Graphite
167.80654616511967,0.0069469462144970745,1,AES,Graphite
169.0180752320469,-0.0018611948209266633,1,AES,Graphite
170.2296042989741,-0.006946946214497313,1,AES,Graphite
171.44113336590132,0.00031604049189953024,1,AES,Graphite
172.65266243282852,1.482822207772889e-17,1,AES,Graphite
173.86419149975575,-0.0003160404918995154,1,AES,Graphite
175.07572056668295,0.00021744485150539166,1,AES,Graphite
176.28724963361014,1.0202238733401868e-17,1,AES,Graphite
177.49877870053737,0.0012845354234883556,1,AES,Graphite
178.71030776746457,7.047102395048697e-17,1,AES,Graphite
179.9218368343918,0.003413577392911266,1,AES,Graphite
181.133365901319,2.3063177853409053e-16,1,AES,Graphite
182.34489496824622,-0.004915557667904705,1,AES,Graphite
183.55642403517342,0.0025800387312318973,1,AES,Graphite
184.76795310210062,1.2105216975807958e-16,1,AES,Graphite
185.97948216902785,-0.0018586582508289405,1,AES,Graphite
187.19101123595505,0.004145553236355447,1,AES,Graphite
188.40254030288227,-0.0007213804804030269,1,AES,Graphite
189.61406936980947,-0.00355999401776846,1,AES,Graphite
190.82559843673667,0.0008242083393264147,1,AES,Graphite
192.0371275036639,0.0018939621081653668,1,AES,Graphite
193.2486565705911,-0.0008242083393263096,1,AES,Graphite
194.46018563751832,0.007520478673266938,1,AES,Graphite
195.67171470444552,0.001655317706840646,1,AES,Graphite
196.88324377137275,-0.00905812447094121,1,AES,Graphite
198.09477283829995,-0.0008608892153589526,1,AES,Graphite
199.30630190522714,0.0001568717128776764,1,AES,Graphite
200.51783097215437,-0.0007944284914813058,1,AES,Graphite
201.72936003908157,-0.0003621635270038766,1,AES,Graphite
202.9408891060088,0.0009294681366588806,1,AES,Graphite
204.152418172936,-0.0007365837149515077,1,AES,Graphite
205.36394723986322,0.004987764344373384,1,AES,Graphite
206.57547630679042,0.001502742980705267,1,AES,Graphite
207.78700537371762,-0.005917232481032185,1,AES,Graphite
208.99853444064485,0.000579491670556789,1,AES,Graphite
210.21006350757204,9.769582891508354e-17,1,AES,Graphite
211.42159257449927,0.00041397405711394677,1,AES,Graphite
212.63312164142647,0.0036744415531095127,1,AES,Graphite
213.8446507083537,0.0075037912916434,1,AES,Graphite
215.0561797752809,-0.0006191310161904759,1,AES,Graphite
216.2677088422081,-0.008690881082470809,1,AES,Graphite
217.47923790913532,0.009551821810029747,1,AES,Graphite
218.69076697606252,0.02470648745920418,1,AES,Graphite
219.90229604298975,-0.0026071323469300744,1,AES,Graphite
221.11382510991695,-0.02601560637675292,1,AES,Graphite
222.32535417684414,-0.010000000000019306,1,AES,Graphite
223.53688324377137,0.0,1,AES,Graphite
224.74841231069857,0.0,1,AES,Graphite
225.9599413776258,0.0010819504362908096,1,AES,Graphite
227.171470444553,0.010877514284418532,1,AES,Graphite
228.38299951148022,0.0015414295915335417,1,AES,Graphite
229.59452857840742,-0.010836279281756287,1,AES,Graphite
230.80605764533462,0.011986447688387336,1,AES,Graphite
232.01758671226185,-4.1235002663259764e-05,1,AES,Graphite
233.22911577918904,0.004017084727030492,1,AES,Graphite
234.44064484611627,0.0019842800565665624,1,AES,Graphite
235.65217391304347,-0.0186269124432441,1,AES,Graphite
236.8637029799707,-0.0019842800565673434,1,AES,Graphite
238.0752320468979,0.001530142806446307,1,AES,Graphite
239.2867611138251,7.179237447788306e-17,1,AES,Graphite
240.49829018075232,0.0007342824442356147,1,AES,Graphite
241.70981924767952,0.0015008550211435146,1,AES,Graphite
242.92134831460675,-0.002264425250681832,1,AES,Graphite
244.13287738153394,-0.0015008550211434615,1,AES,Graphite
245.34440644846114,0.0,1,AES,Graphite
246.55593551538837,0.0,1,AES,Graphite
247.76746458231557,0.0027160360119713907,1,AES,Graphite
248.9789936492428,0.000678990118680277,1,AES,Graphite
250.19052271617,0.00728396398804735,1,AES,Graphite
251.40205178309722,-0.0001297534379240066,1,AES,Graphite
252.61358085002442,-0.008777980671735635,1,AES,Graphite
253.82510991695162,-0.0005492366807567778,1,AES,Graphite
255.03663898387885,-0.0007344860360139639,1,AES,Graphite
256.24816805080604,0.00018460672359419216,1,AES,Graphite
257.4596971177333,-0.0004875332922695274,1,AES,Graphite
258.67122618466044,0.0009501022014711921,1,AES,Graphite
259.8827552515877,0.0017785066708035846,1,AES,Graphite
261.0942843185149,0.002300146657138274,1,AES,Graphite
262.3058133854421,0.0015635862207181135,1,AES,Graphite
263.51734245236935,-0.0034348555822040537,1,AES,Graphite
264.7288715192965,-0.003342092891522031,1,AES,Graphite
265.94040058622375,0.001633542244297019,1,AES,Graphite
267.15192965315094,0.0018445478303722577,1,AES,Graphite
268.36345872007814,0.046402859259802635,1,AES,Graphite
269.5749877870054,0.5389501996705198,1,AES,Graphite
270.78651685393254,-0.04338106804987302,1,AES,Graphite
271.9980459208598,-0.5407947475008125,1,AES,Graphite
273.209574987787,-0.004655333454133289,1,AES,Graphite
274.4211040547142,0.0015856294565544994,1,AES,Graphite
275.63263312164145,0.010000000000019271,1,AES,Graphite
276.84416218856865,0.0008214123547806142,1,AES,Graphite
278.05569125549584,-0.010000000000019186,1,AES,Graphite
279.26722032242304,-0.0024070418113352247,1,AES,Graphite
280.47874938935024,0.0,1,AES,Graphite
281.6902784562775,0.0002596607007113992,1,AES,Graphite
282.9018075232047,0.0073408510896723535,1,AES,Graphite
284.1133365901319,-0.0002596607007113931,1,AES,Graphite
285.3248656570591,-0.005164403150938374,1,AES,Graphite
286.5363947239863,2.0423239555279478e-16,1,AES,Graphite
287.74792379091355,-0.002176447938733826,1,AES,Graphite
288.95945285784074,0.0034535651570570536,1,AES,Graphite
290.17098192476794,0.00020386162132725758,1,AES,Graphite
291.38251099169514,-0.0034535651570570536,1,AES,Graphite
292.59404005862234,-0.00020386162132726238,1,AES,Graphite
293.8055691255496,0.0021553182606002057,1,AES,Graphite
295.0170981924768,0.0,1,AES,Graphite
296.228627259404,-0.0014688281250440566,1,AES,Graphite
297.4401563263312,0.01014452934677963,1,AES,Graphite
298.65168539325845,-0.0006864901355570019,1,AES,Graphite
299.86321446018565,-0.0033450926907992243,1,AES,Graphite
301.07474352711284,0.002010449926718544,1,AES,Graphite
302.28627259404004,-0.006799436655981053,1,AES,Graphite
303.49780166096724,-0.0014191172008227665,1,AES,Graphite
304.7093307278945,-5.548917436946707e-17,1,AES,Graphite
305.9208597948217,0.0021121269828960586,1,AES,Graphite
307.1323888617489,0.010000000000019186,1,AES,Graphite
308.3439179286761,-0.002703459708791925,1,AES,Graphite
309.5554469956033,-0.00839845216460729,1,AES,Graphite
310.76697606253055,0.0027457094761265876,1,AES,Graphite
311.97850512945774,-0.0016015478354122442,1,AES,Graphite
313.19003419638494,-0.002745709476126673,1,AES,Graphite
314.40156326331214,0.0,1,AES,Graphite
315.61309233023934,0.0,1,AES,Graphite
316.8246213971666,0.00559907058005524,1,AES,Graphite
318.0361504640938,0.0012843840024654681,1,AES,Graphite
319.247679531021,-0.005599070580055108,1,AES,Graphite
320.4592085979482,0.0016265800469271795,1,AES,Graphite
321.67073766487545,0.0067303371890754795,1,AES,Graphite
322.88226673180264,0.010363460024263254,1,AES,Graphite
324.09379579872984,-0.006730337189075594,1,AES,Graphite
325.30532486565704,-0.013274424073656137,1,AES,Graphite
326.51685393258424,0.00401796023998033,1,AES,Graphite
327.7283829995115,-3.770352740550538e-16,1,AES,Graphite
328.9399120664387,-0.0026104039033208928,1,AES,Graphite
330.1514411333659,0.0024567222643926802,1,AES,Graphite
331.3629702002931,-0.00140755633665972,1,AES,Graphite
332.5744992672203,-0.0024567222643927383,1,AES,Graphite
333.78602833414755,0.0,1,AES,Graphite
334.99755740107474,0.0,1,AES,Graphite
336.20908646800194,0.0,1,AES,Graphite
337.42061553492914,0.0,1,AES,Graphite
338.63214460185634,0.005177129997397779,1,AES,Graphite
339.8436736687836,-4.858088459822756e-16,1,AES,Graphite
341.0552027357108,-0.005177129997398144,1,AES,Graphite
342.266731802638,0.0004146387389714624,1,AES,Graphite
343.4782608695652,0.004570943095836895,1,AES,Graphite
344.68978993649245,-0.0004146387389718622,1,AES,Graphite
345.90131900341964,-0.0008820137563599904,1,AES,Graphite
347.11284807034684,0.010032453761544923,1,AES,Graphite
348.32437713727404,-0.003688929339477187,1,AES,Graphite
349.53590620420124,-0.008566910272138947,1,AES,Graphite
350.7474352711285,0.0006313102088573341,1,AES,Graphite
351.9589643380557,-0.0014655434894063142,1,AES,Graphite
353.1704934049829,-0.00040993556680958744,1,AES,Graphite
354.3820224719101,0.010000000000019186,1,AES,Graphite
355.5935515388373,0.00013864127545482646,1,AES,Graphite
356.80508060576454,-0.007900077897663354,1,AES,Graphite
358.01660967269174,0.004669975736848992,1,AES,Graphite
359.22813873961894,-0.002099922102355116,1,AES,Graphite
360.43966780654614,0.0017348420874810074,1,AES,Graphite
361.65119687347334,6.347949684541254e-16,1,AES,Graphite
362.8627259404006,-0.006764833741831311,1,AES,Graphite
364.0742550073278,0.0018658255124434824,1,AES,Graphite
365.285784074255,0.0008911549582952979,1,AES,Graphite
366.4973131411822,-0.0018658255124434427,1,AES,Graphite
367.70884220810944,-0.0008911549582952353,1,AES,Graphite
368.92037127503664,0.0,1,AES,Graphite
370.13190034196384,0.010000000000019186,1,AES,Graphite
371.34342940889104,0.0026944805465057738,1,AES,Graphite
372.55495847581824,-0.008867739045029728,1,AES,Graphite
373.7664875427455,-0.0026944805465056905,1,AES,Graphite
374.9780166096727,0.0017207856329285955,1,AES,Graphite
376.1895456765999,0.0009745886737519177,1,AES,Graphite
377.4010747435271,-0.0002750854766135138,1,AES,Graphite
378.6126038104543,0.0010222551099801928,1,AES,Graphite
379.82413287738154,-0.002577961111304609,1,AES,Graphite
381.03566194430874,-0.001996843783732032,1,AES,Graphite
382.24719101123594,0.012370013078603864,1,AES,Graphite
383.45872007816314,0.001935765945190855,1,AES,Graphite
384.67024914509034,-0.012370013078603975,1,AES,Graphite
385.8817782120176,-0.0015636666377544242,1,AES,Graphite
387.0933072789448,0.00405206533590988,1,AES,Graphite
388.304836345872,-0.0003720993074362857,1,AES,Graphite
389.5163654127992,-0.0023169669224578048,1,AES,Graphite
390.72789447972644,-1.6281726715932625e-16,1,AES,Graphite
391.93942354665364,-0.0017350984134522926,1,AES,Graphite
393.15095261358084,0.0034847287489181804,1,AES,Graphite
394.36248168050804,0.012617776371940065,1,AES,Graphite
395.57401074743524,-0.0009047140617071962,1,AES,Graphite
396.7855398143625,-0.008477500280241003,1,AES,Graphite
397.9970688812897,-0.002513401807039693,1,AES,Graphite
399.2085979482169,-0.001977488333488936,1,AES,Graphite
400.4201270151441,-6.661288017037086e-05,1,AES,Graphite
401.6316560820713,-0.001134706573294272,1,AES,Graphite
402.84318514899854,-9.647255028766265e-17,1,AES,Graphite
404.05471421592574,-0.0007204621928260836,1,AES,Graphite
405.26624328285294,0.0018875177365720662,1,AES,Graphite
406.47777234978014,-0.00030761899208897814,1,AES,Graphite
407.6893014167074,0.004748408457418261,1,AES,Graphite
408.9008304836346,0.0,1,AES,Graphite
410.1123595505618,0.003364073806029146,1,AES,Graphite
411.323888617489,0.0036729043281369393,1,AES,Graphite
412.5354176844162,-0.007489272053658385,1,AES,Graphite
413.74694675134344,-0.001693532206019616,1,AES,Graphite
414.95847581827064,0.0094820457969592,1,AES,Graphite
416.17000488519784,-0.0019793721221172535,1,AES,Graphite
417.38153395212504,-0.011992773743320069,1,AES,Graphite
418.59306301905224,0.0002404112561699474,1,AES,Graphite
419.8045920859795,-2.2559587064604602e-17,1,AES,Graphite
421.0161211529067,0.0028521436720966575,1,AES,Graphite
422.2276502198339,0.0,1,AES,Graphite
423.4391792867611,-0.003092554928266622,1,AES,Graphite
424.6507083536883,0.0,1,AES,Graphite
425.86223742061554,0.001309596309245575,1,AES,Graphite
427.07376648754274,0.010000000000019186,1,AES,Graphite
428.28529555446994,-0.0013095963092455438,1,AES,Graphite
429.49682462139714,-0.009227155331792454,1,AES,Graphite
430.7083536883244,0.0007769021083057621,1,AES,Graphite
431.9198827552516,-0.0007728446682270217,1,AES,Graphite
433.1314118221788,0.00922309789171337,1,AES,Graphite
434.342940889106,0.0007359374985306345,1,AES,Graphite
435.5544699560332,-0.010000000000019353,1,AES,Graphite
436.76599902296044,-0.0007359374985305827,1,AES,Graphite
437.97752808988764,0.0,1,AES,Graphite
439.18905715681484,0.0,1,AES,Graphite
440.40058622374204,0.000986031449548741,1,AES,Graphite
441.61211529066924,0.004679035797669815,1,AES,Graphite
442.8236443575965,0.0017340032329737829,1,AES,Graphite
444.0351734245237,-0.004679035797670051,1,AES,Graphite
445.2467024914509,-0.002720034682522829,1,AES,Graphite
446.4582315583781,0.0,1,AES,Graphite
447.6697606253053,0.0,1,AES,Graphite
448.88128969223254,0.0,1,AES,Graphite
450.09281875915974,0.0010234895675002237,1,AES,Graphite
451.30434782608694,0.0,1,AES,Graphite
452.51587689301414,0.0006235980331835983,1,AES,Graphite
453.7274059599414,0.004861022822846934,1,AES,Graphite
454.9389350268686,-0.001647087600683962,1,AES,Graphite
456.1504640937958,-0.003587009464953691,1,AES,Graphite
457.361993160723,0.0021887652660859858,1,AES,Graphite
458.5735222276502,-0.0012740133578931084,1,AES,Graphite
459.78505129457744,-0.0014780645333857345,1,AES,Graphite
460.99658036150464,3.993631731762392e-05,1,AES,Graphite
462.20810942843184,-0.00040092472305836317,1,AES,Graphite
463.41963849535904,-3.993631731762392e-05,1,AES,Graphite
464.63116756228624,-0.00023204292969318372,1,AES,Graphite
465.8426966292135,0.0015793825281963721,1,AES,Graphite
467.0542256961407,0.00452451335411738,1,AES,Graphite
468.2657547630679,0.0014629081968148385,1,AES,Graphite
469.4772838299951,0.0022264893531749696,1,AES,Graphite
470.6888128969223,-0.003042290725010611,1,AES,Graphite
471.90034196384954,-0.00406220426124621,1,AES,Graphite
473.11187103077674,0.0005814621568749654,1,AES,Graphite
474.32340009770394,0.004178344698917397,1,AES,Graphite
475.53492916463114,-0.0005814621568743274,1,AES,Graphite
476.7464582315584,-0.006944876224911048,1,AES,Graphite
477.9579872984856,0.0,1,AES,Graphite
479.1695163654128,0.0,1,AES,Graphite
480.38104543234,0.0,1,AES,Graphite
481.5925744992672,0.010000000000018484,1,AES,Graphite
482.80410356619444,0.0004769681400217503,1,AES,Graphite
484.01563263312164,-0.008916133997790067,1,AES,Graphite
485.22716170004884,0.005473235897742916,1,AES,Graphite
486.43869076697604,0.0019303668391291921,1,AES,Graphite
487.65021983390324,-0.005950204037765451,1,AES,Graphite
488.8617489008305,-0.0030142328413581,1,AES,Graphite
490.0732779677577,0.0015601028325200994,1,AES,Graphite
491.2848070346849,0.0,1,AES,Graphite
492.4963361016121,0.004248298575180178,1,AES,Graphite
493.7078651685393,0.013740549219700466,1,AES,Graphite
494.91939423546654,-0.005808401407701158,1,AES,Graphite
496.13092330239374,-0.013740549219700887,1,AES,Graphite
497.34245236932094,0.01429375443804527,1,AES,Graphite
498.55398143624814,1.3412899331851136e-15,1,AES,Graphite
499.7655105031754,-0.010368067361170729,1,AES,Graphite
500.9770395701026,0.0,1,AES,Graphite
502.1885686370298,-0.003925687076873443,1,AES,Graphite
503.400097703957,1.6630193042017296e-05,1,AES,Graphite
504.6116267708842,0.000148997155734713,1,AES,Graphite
505.82315583781144,-1.6630193042030103e-05,1,AES,Graphite
507.03468490473864,0.001826347575625141,1,AES,Graphite
508.24621397166584,0.0,1,AES,Graphite
509.45774303859304,-0.001975344731359863,1,AES,Graphite
510.66927210552024,0.0003815129936870795,1,AES,Graphite
511.8808011724475,0.0016315230807442062,1,AES,Graphite
513.0923302393746,0.01187534636712812,1,AES,Graphite
514.3038593063019,-0.0016315230807440483,1,AES,Graphite
515.5153883732291,-0.012256859360814956,1,AES,Graphite
516.7269174401563,0.01405210315912961,1,AES,Graphite
517.9384465070835,0.0010539211752770615,1,AES,Graphite
519.1499755740108,-0.014052103159129808,1,AES,Graphite
520.3615046409379,0.003865497970902519,1,AES,Graphite
521.5730337078651,0.00036685767716514937,1,AES,Graphite
522.7845627747924,-0.0011793232446368515,1,AES,Graphite
523.9960918417196,-0.0001527253965027844,1,AES,Graphite
525.2076209086467,0.012795487301855825,1,AES,Graphite
526.419149975574,0.005352864045071165,1,AES,Graphite
527.6306790425012,-0.016535583203398235,1,AES,Graphite
528.8422081094284,-0.0024856962252790583,1,AES,Graphite
530.0537371763556,0.0020467851332254382,1,AES,Graphite
531.2652662432829,0.0012592625229619402,1,AES,Graphite
532.47679531021,-0.0020467851332249113,1,AES,Graphite
533.6883243771373,-0.002164776665082901,1,AES,Graphite
534.8998534440644,0.01335675276670907,1,AES,Graphite
536.1113825109917,-0.002175785958331794,1,AES,Graphite
537.322911577919,-0.0033567527666885375,1,AES,Graphite
538.5344406448461,1.8767496517467487e-15,1,AES,Graphite
539.7459697117733,-0.01000000000001825,1,AES,Graphite
540.9574987787005,0.0022756578124242355,1,AES,Graphite
542.1690278456277,0.004764667913335133,1,AES,Graphite
543.380556912555,-0.0020406690510523114,1,AES,Graphite
544.5920859794821,0.0004004239816407275,1,AES,Graphite
545.8036150464094,-0.0002349887613737439,1,AES,Graphite
547.0151441133365,-0.005165091894977457,1,AES,Graphite
548.2266731802638,0.0,1,AES,Graphite
549.438202247191,0.0012180488776812166,1,AES,Graphite
550.6497313141182,0.010000000000018478,1,AES,Graphite
551.8612603810454,-0.0012180488776828648,1,AES,Graphite
553.0727894479726,-0.010000000000020125,1,AES,Graphite
554.2843185148998,0.0,1,AES,Graphite
555.4958475818271,0.012123840868208323,1,AES,Graphite
556.7073766487542,0.0011626523121311104,1,AES,Graphite
557.9189057156815,-0.012123840868206264,1,AES,Graphite
559.1304347826086,-0.0011626523121290532,1,AES,Graphite
560.3419638495359,0.0,1,AES,Graphite
561.5534929164631,0.0,1,AES,Graphite
562.7650219833903,0.003029197327500287,1,AES,Graphite
563.9765510503175,-5.685045029447972e-16,1,AES,Graphite
565.1880801172447,-0.0014306330874185767,1,AES,Graphite
566.3996091841719,0.0,1,AES,Graphite
567.6111382510992,-0.001598564240082279,1,AES,Graphite
568.8226673180263,0.0,1,AES,Graphite
570.0341963849536,0.0,1,AES,Graphite
571.2457254518807,0.0,1,AES,Graphite
572.457254518808,0.0,1,AES,Graphite
573.6687835857352,0.006231050592314712,1,AES,Graphite
574.8803126526624,0.00011183700596156998,1,AES,Graphite
576.0918417195896,-0.006231050592313836,1,AES,Graphite
577.3033707865169,0.0005667920944597566,1,AES,Graphite
578.514899853444,1.273616927876176e-16,1,AES,Graphite
579.7264289203713,-0.00067862910042003,1,AES,Graphite
580.9379579872984,0.001947806192311633,1,AES,Graphite
582.1494870542257,0.0024024067215785067,1,AES,Graphite
583.3610161211529,-0.0019478061923120839,1,AES,Graphite
584.5725451880801,-0.002402406721578844,1,AES,Graphite
585.7840742550073,0.0,1,AES,Graphite
586.9956033219345,0.0,1,AES,Graphite
588.2071323888617,0.0,1,AES,Graphite
589.418661455789,0.004334989445132931,1,AES,Graphite
590.6301905227161,0.005216952169963726,1,AES,Graphite
591.8417195896434,-0.004334989445133096,1,AES,Graphite
593.0532486565705,0.006611576180388245,1,AES,Graphite
594.2647777234978,0.0009871179572826319,1,AES,Graphite
595.476306790425,-0.0020639756585902063,1,AES,Graphite
596.6878358573522,0.012563571041497464,1,AES,Graphite
597.8993649242794,-0.009764552691762829,1,AES,Graphite
599.1108939912066,-0.013550688998780945,1,AES,Graphite
600.3224230581338,0.0,1,AES,Graphite
601.5339521250611,0.0006452771370125888,1,AES,Graphite
602.7454811919882,1.2110236421660775e-16,1,AES,Graphite
603.9570102589155,-0.0006452771370124677,1,AES,Graphite
605.1685393258426,0.0,1,AES,Graphite
606.3800683927699,0.0,1,AES,Graphite
607.5915974596971,0.0053507051487314055,1,AES,Graphite
608.8031265266243,0.0027960867592682227,1,AES,Graphite
610.0146555935515,-0.005350705148730926,1,AES,Graphite
611.2261846604787,0.0018974994573107205,1,AES,Graphite
612.4377137274059,0.00024537062773682483,1,AES,Graphite
613.6492427943332,-0.00469358621657851,1,AES,Graphite
614.8607718612603,0.00458515911142844,1,AES,Graphite
616.0723009281876,0.001709132585848975,1,AES,Graphite
617.2838299951147,-0.004830529739165887,1,AES,Graphite
618.495359062042,-0.0017091325858496409,1,AES,Graphite
619.7068881289692,0.0,1,AES,Graphite
620.9184171958964,0.0,1,AES,Graphite
622.1299462628236,0.002937336658165711,1,AES,Graphite
623.3414753297509,0.006055641824520911,1,AES,Graphite
624.553004396678,0.007062663341853261,1,AES,Graphite
625.7645334636053,-0.00427020642851405,1,AES,Graphite
626.9760625305324,-0.010000000000019792,1,AES,Graphite
628.1875915974597,-0.0017854353960079009,1,AES,Graphite
629.3991206643869,0.0,1,AES,Graphite
630.6106497313141,0.0,1,AES,Graphite
631.8221787982413,0.00015388448667977354,1,AES,Graphite
633.0337078651685,2.8880265678491094e-17,1,AES,Graphite
634.2452369320957,0.000703858989105724,1,AES,Graphite
635.456765999023,0.010000000000019963,1,AES,Graphite
636.6682950659501,-0.0008577434757837196,1,AES,Graphite
637.8798241328774,-0.01000000000001825,1,AES,Graphite
639.0913531998045,0.0,1,AES,Graphite
640.3028822667318,0.0023956943728426143,1,AES,Graphite
641.514411333659,0.0015886396963902746,1,AES,Graphite
642.7259404005862,-0.0023956943728426533,1,AES,Graphite
643.9374694675134,-0.0012736110899909051,1,AES,Graphite
645.1489985344406,0.0023829955150993206,1,AES,Graphite
646.3605276013678,-0.0003150286063994767,1,AES,Graphite
647.5720566682951,-0.0006597494529167238,1,AES,Graphite
648.7835857352222,3.234101447068524e-16,1,AES,Graphite
649.9951148021495,8.638578521712207e-05,1,AES,Graphite
651.2066438690766,3.3962259393896947e-16,1,AES,Graphite
652.4181729360039,-0.0018096318473990816,1,AES,Graphite
653.6297020029311,0.0,1,AES,Graphite
654.8412310698583,0.00015249956869591288,1,AES,Graphite
656.0527601367855,0.0008236999777097637,1,AES,Graphite
657.2642892037127,-0.00015249956869578686,1,AES,Graphite
658.4758182706399,0.0012015715739426532,1,AES,Graphite
659.6873473375672,-3.8009276792489914e-16,1,AES,Graphite
660.8988764044943,-0.0020252715516526146,1,AES,Graphite
662.1104054714216,0.0,1,AES,Graphite
663.3219345383488,0.0,1,AES,Graphite
664.533463605276,0.00015032307269496567,1,AES,Graphite
665.7449926722032,0.010000000000020099,1,AES,Graphite
666.9565217391304,-0.00015032307269311713,1,AES,Graphite
668.1680508060576,-0.006808580854486962,1,AES,Graphite
669.3795798729849,0.010000000000019526,1,AES,Graphite
670.591108939912,-0.0005410535841422296,1,AES,Graphite
671.8026380068393,-0.010000000000018747,1,AES,Graphite
673.0141670737664,-0.0009701118804531186,1,AES,Graphite
674.2256961406937,0.004571879728681472,1,AES,Graphite
675.4372252076209,-0.0016802536809363377,1,AES,Graphite
676.6487542745481,-0.004571879728682115,1,AES,Graphite
677.8602833414753,0.0018301621736467276,1,AES,Graphite
679.0718124084025,3.4347562220246564e-16,1,AES,Graphite
680.2833414753297,-0.000653087235600393,1,AES,Graphite
681.494870542257,-2.209074980053666e-16,1,AES,Graphite
682.7063996091841,-0.0009024587398402225,1,AES,Graphite
683.9179286761114,-5.1538585434622426e-17,1,AES,Graphite
685.1294577430385,0.0034289599331774586,1,AES,Graphite
686.3409868099658,0.0008068859708613875,1,AES,Graphite
687.552515876893,-0.00263288220466216,1,AES,Graphite
688.7640449438202,-0.0008068859708613002,1,AES,Graphite
689.9755740107474,-0.0010706939267213207,1,AES,Graphite
691.1871030776746,0.0,1,AES,Graphite
692.3986321446018,0.0012509898785472218,1,AES,Graphite
693.6101612115291,-2.347794818897811e-16,1,AES,Graphite
694.8216902784562,-0.00033198000614770236,1,AES,Graphite
696.0332193453835,0.006582054231929083,1,AES,Graphite
697.2447484123106,0.0018437287969234142,1,AES,Graphite
698.4562774792379,-0.006582054231928328,1,AES,Graphite
699.6678065461651,0.001046865328610244,1,AES,Graphite
700.8793356130923,7.149672976398058e-16,1,AES,Graphite
702.0908646800195,-0.0038096039979315754,1,AES,Graphite
703.3023937469467,0.0,1,AES,Graphite
704.5139228138739,0.0,1,AES,Graphite
705.7254518808012,0.0,1,AES,Graphite
706.9369809477283,5.8413184946718725e-05,1,AES,Graphite
708.1485100146556,0.005316756798506559,1,AES,Graphite
709.3600390815828,0.00097842447331202,1,AES,Graphite
710.57156814851,-0.005316756798507113,1,AES,Graphite
711.7830972154372,0.0015935904109488752,1,AES,Graphite
712.9946262823644,4.936654962821835e-16,1,AES,Graphite
714.2061553492916,-0.001883185512341636,1,AES,Graphite
715.4176844162189,0.0024447694705437015,1,AES,Graphite
716.629213483146,-0.0007472425568660576,1,AES,Graphite
717.8407425500733,0.011182602719604964,1,AES,Graphite
719.0522716170004,0.001073528406127871,1,AES,Graphite
720.2638006839277,-0.01362737219014643,1,AES,Graphite
721.4753297508549,0.0009333150731734111,1,AES,Graphite
722.6868588177821,0.0072014155260399304,1,AES,Graphite
723.8983878847093,-0.001430061609246368,1,AES,Graphite
725.1099169516365,-0.006414193433047425,1,AES,Graphite
726.3214460185637,-0.0005767818700532501,1,AES,Graphite
727.532975085491,-0.0007872220929933736,1,AES,Graphite
728.7445041524181,0.002633378275065487,1,AES,Graphite
729.9560332193454,-4.942191760637587e-16,1,AES,Graphite
731.1675622862725,-0.0024064086917158583,1,AES,Graphite
732.3790913531998,0.0,1,AES,Graphite
733.590620420127,0.001292096609127227,1,AES,Graphite
734.8021494870542,0.0010581966016260354,1,AES,Graphite
736.0136785539814,0.0017714520463880006,1,AES,Graphite
737.2252076209086,-0.0010581966016253315,1,AES,Graphite
738.4367366878358,-0.0032905182388648004,1,AES,Graphite
739.6482657547631,0.0,1,AES,Graphite
740.8597948216902,0.0,1,AES,Graphite
742.0713238886175,0.0011965940788765826,1,AES,Graphite
743.2828529555446,0.002400760436713872,1,AES,Graphite
744.4943820224719,-0.0011965940788764141,1,AES,Graphite
745.7059110893991,0.0003571614693962317,1,AES,Graphite
746.9174401563263,0.004299353605016331,1,AES,Graphite
748.1289692232535,-0.0014467289277866982,1,AES,Graphite
749.3404982901807,0.0016528325117930655,1,AES,Graphite
750.5520273571079,-0.001311192978323286,1,AES,Graphite
751.7635564240352,-0.00595218611680944,1,AES,Graphite
752.9750854909623,0.0,1,AES,Graphite
754.1866145578896,0.004744647298014241,1,AES,Graphite
755.3981436248168,0.002075295644312972,1,AES,Graphite
756.609672691744,-0.00474464729801452,1,AES,Graphite
757.8212017586712,-0.0011873858570191243,1,AES,Graphite
759.0327308255984,1.6663843840838454e-16,1,AES,Graphite
760.2442598925256,0.006868699046137286,1,AES,Graphite
761.4557889594529,0.0004098200348708797,1,AES,Graphite
762.66731802638,-0.007409667427584563,1,AES,Graphite
763.8788470933073,0.0018919210463411195,1,AES,Graphite
765.0903761602344,0.001178560970086473,1,AES,Graphite
766.3019052271617,-0.0015917014635983468,1,AES,Graphite
767.5134342940889,-0.0015255023759342013,1,AES,Graphite
768.7249633610161,0.0007852042395391438,1,AES,Graphite
769.9364924279433,0.005968768687813217,1,AES,Graphite
771.1480214948705,0.0027717043459577623,1,AES,Graphite
772.3595505617977,-0.0009160382537838685,1,AES,Graphite
773.571079628725,-0.004266948203111888,1,AES,Graphite
774.7826086956521,-0.0050527304340295,1,AES,Graphite
775.9941377625794,0.0,1,AES,Graphite
777.2056668295065,0.00017672942739205405,1,AES,Graphite
778.4171958964338,0.003470186539097591,1,AES,Graphite
779.628724963361,-0.00017672942739270527,1,AES,Graphite
780.8402540302882,0.0013807237813197623,1,AES,Graphite
782.0517830972154,-9.103944254482278e-16,1,AES,Graphite
783.2633121641426,-0.004850910320418751,1,AES,Graphite
784.4748412310698,0.0,1,AES,Graphite
785.6863702979971,0.010000000000020125,1,AES,Graphite
786.8978993649242,0.002610654014060978,1,AES,Graphite
788.1094284318515,-0.009767474872089784,1,AES,Graphite
789.3209574987786,-0.0026106540140595474,1,AES,Graphite
790.5324865657059,-0.00023252512792892136,1,AES,Graphite
791.7440156326331,0.0,1,AES,Graphite
792.9555446995603,0.015293237913813032,1,AES,Graphite
794.1670737664875,0.0,1,AES,Graphite
795.3786028334148,-0.015293237913813032,1,AES,Graphite
796.5901319003419,0.0,1,AES,Graphite
797.8016609672692,0.0,1,AES,Graphite
799.0131900341963,0.0,1,AES,Graphite
800.2247191011236,0.0,1,AES,Graphite
801.4362481680508,0.0,1,AES,Graphite
802.647777234978,0.0022079918504446195,1,AES,Graphite
803.8593063019052,0.00586389351749722,1,AES,Graphite
805.0708353688324,0.0013648660404832484,1,AES,Graphite
806.2823644357596,-0.005863893517496809,1,AES,Graphite
807.4938935026869,-0.0035728578909271823,1,AES,Graphite
808.705422569614,0.00816131216404523,1,AES,Graphite
809.9169516365413,0.00018780899788826605,1,AES,Graphite
811.1284807034684,-0.008117135947653627,1,AES,Graphite
812.3400097703957,-0.0001878089978897713,1,AES,Graphite
813.5515388373229,0.000584042024027604,1,AES,Graphite
814.7630679042501,1.179008363928134e-16,1,AES,Graphite
815.9745969711773,-0.0006282182404205837,1,AES,Graphite
817.1861260381045,0.0,1,AES,Graphite
818.3976551050317,0.0,1,AES,Graphite
819.609184171959,0.0,1,AES,Graphite
820.8207132388861,0.0,1,AES,Graphite
822.0322423058134,0.0003375393953022768,1,AES,Graphite
823.2437713727405,6.334769425830813e-17,1,AES,Graphite
824.4553004396678,0.004432316828012459,1,AES,Graphite
825.666829506595,-8.951826005971147e-16,1,AES,Graphite
826.8783585735222,-0.0013081840014661057,1,AES,Graphite
828.0898876404494,0.003951911515103569,1,AES,Graphite
829.3014167073766,-0.0034616722218491604,1,AES,Graphite
830.5129457743038,-0.003951911515103663,1,AES,Graphite
831.7244748412311,0.0,1,AES,Graphite
832.9360039081582,0.0,1,AES,Graphite
834.1475329750855,0.0,1,AES,Graphite
835.3590620420126,0.0,1,AES,Graphite
836.5705911089399,0.005557258672708921,1,AES,Graphite
837.7821201758671,0.0029674682265509707,1,AES,Graphite
838.9936492427943,-0.0015245703362690417,1,AES,Graphite
840.2051783097215,-0.0006787128852698128,1,AES,Graphite
841.4167073766488,-0.004032688336440534,1,AES,Graphite
842.6282364435759,-0.002288755341282105,1,AES,Graphite
843.8397655105032,0.0015520326983737619,1,AES,Graphite
845.0512945774303,2.9127768261666626e-16,1,AES,Graphite
846.2628236443576,0.0007092145449239538,1,AES,Graphite
847.4743527112848,-4.24379497636393e-16,1,AES,Graphite
848.685881778212,-0.002261247243297815,1,AES,Graphite
849.8974108451392,0.0022547823391512243,1,AES,Graphite
851.1089399120664,0.0014089640956900717,1,AES,Graphite
852.3204689789936,-0.002254782339150907,1,AES,Graphite
853.5319980459209,0.002267806021877893,1,AES,Graphite
854.743527112848,6.90037703768385e-16,1,AES,Graphite
855.9550561797753,-0.0017233539046939326,1,AES,Graphite
857.1665852467024,0.0018809979486956545,1,AES,Graphite
858.3781143136297,-0.0019534162128726443,1,AES,Graphite
859.5896433805569,-0.000846679545897304,1,AES,Graphite
860.8011724474841,1.941156702242463e-16,1,AES,Graphite
862.0127015144113,0.0018961979370616352,1,AES,Graphite
863.2242305813385,5.499845520258263e-16,1,AES,Graphite
864.4357596482657,-0.0029305163398590127,1,AES,Graphite
865.647288715193,0.003326892626599647,1,AES,Graphite
866.8588177821201,6.243744578357148e-16,1,AES,Graphite
868.0703468490474,0.006673107373421103,1,AES,Graphite
869.2818759159745,1.8767496517467487e-15,1,AES,Graphite
870.4934049829018,-0.008078062624139983,1,AES,Graphite
871.704934049829,-3.606995300852726e-16,1,AES,Graphite
872.9164631167562,0.003643325237121501,1,AES,Graphite
874.1279921836834,-1.0444604670808844e-15,1,AES,Graphite
875.3395212506106,-0.00018501614423630983,1,AES,Graphite
876.5510503175378,0.0006692338240971623,1,AES,Graphite
877.7625793844651,-0.005380246468765369,1,AES,Graphite
878.9741084513922,-0.0006692338240972566,1,AES,Graphite
880.1856375183195,0.0012658449164621654,1,AES,Graphite
881.3971665852466,2.3756740061309797e-16,1,AES,Graphite
882.6086956521739,0.00223323479207482,1,AES,Graphite
883.8202247191011,0.00036226861759360333,1,AES,Graphite
885.0317537860283,-0.003022403422326841,1,AES,Graphite
886.2432828529555,-0.00036226861759420907,1,AES,Graphite
887.4548119198828,-0.000476676286210391,1,AES,Graphite
888.6663409868099,0.0009761815341177501,1,AES,Graphite
889.8778700537372,-1.8320483541937514e-16,1,AES,Graphite
891.0893991206643,-0.0009761815341179335,1,AES,Graphite
892.3009281875916,0.002357233638290784,1,AES,Graphite
893.5124572545188,0.0005418932000284357,1,AES,Graphite
894.723986321446,-0.002357233638291014,1,AES,Graphite
895.9355153883732,-0.000483430686559878,1,AES,Graphite
897.1470444553004,0.0011023420807247247,1,AES,Graphite
898.3585735222276,-5.846251346889028e-05,1,AES,Graphite
899.5701025891549,-0.0011023420807247137,1,AES,Graphite
900.781631656082,0.0006211157338669509,1,AES,Graphite
901.9931607230093,-1.165678737227099e-16,1,AES,Graphite
903.2046897899364,0.0006736422618899665,1,AES,Graphite
904.4162188568637,0.01000000000001872,1,AES,Graphite
905.6277479237909,0.0019691697344386932,1,AES,Graphite
906.8392769907181,-0.008501175165247577,1,AES,Graphite
908.0508060576453,-0.00245193922304229,1,AES,Graphite
909.2623351245725,0.0016177420248810952,1,AES,Graphite
910.4738641914997,0.0044699999755026315,1,AES,Graphite
911.685393258427,0.010100468993658795,1,AES,Graphite
912.8969223253541,-0.005281988482655763,1,AES,Graphite
914.1084513922814,-0.01321703585331047,1,AES,Graphite
915.3199804592085,0.0,1,AES,Graphite
916.5315095261358,0.010082746767567308,1,AES,Graphite
917.743038593063,0.0016417357787445435,1,AES,Graphite
918.9545676599902,-0.01008274676756842,1,AES,Graphite
920.1660967269174,-0.0010494121305561362,1,AES,Graphite
921.3776257938446,1.1116432004596927e-16,1,AES,Graphite
922.5891548607718,-0.000592323648189908,1,AES,Graphite
923.8006839276991,0.0,1,AES,Graphite
925.0122129946262,0.0,1,AES,Graphite
926.2237420615535,0.0,1,AES,Graphite
927.4352711284806,0.0,1,AES,Graphite
928.6468001954079,0.0033415846475657036,1,AES,Graphite
929.8583292623351,-6.271317823589478e-16,1,AES,Graphite
931.0698583292623,0.005006914361021913,1,AES,Graphite
932.2813873961895,0.0015645388492180985,1,AES,Graphite
933.4929164631168,-0.007762298313776424,1,AES,Graphite
934.7044455300439,-0.0015645388492182084,1,AES,Graphite
935.9159745969712,0.0016348052951802102,1,AES,Graphite
937.1275036638983,4.168272218236645e-16,1,AES,Graphite
938.3390327308256,-0.0018340565307126305,1,AES,Graphite
939.5505617977528,0.008119210169046187,1,AES,Graphite
940.76209086468,-0.00038694945927764395,1,AES,Graphite
941.9736199316072,-0.004474333783789776,1,AES,Graphite
943.1851489985344,6.840520486673428e-16,1,AES,Graphite
944.3966780654616,0.006355123614764272,1,AES,Graphite
945.6082071323889,0.0056160264683771345,1,AES,Graphite
946.819736199316,-0.010000000000019072,1,AES,Graphite
948.0312652662433,0.0001320847923982405,1,AES,Graphite
949.2427943331704,0.002244608186024915,1,AES,Graphite
950.4543234000977,-0.005748111260775389,1,AES,Graphite
951.6658524670249,0.009761048763666923,1,AES,Graphite
952.8773815339521,0.003084419228868348,1,AES,Graphite
954.0889106008793,-0.010033610443809965,1,AES,Graphite
955.3004396678065,-0.0030844192288663045,1,AES,Graphite
956.5119687347337,0.0180279534941586,1,AES,Graphite
957.723497801661,-3.7534993034934974e-15,1,AES,Graphite
958.9350268685881,-0.02000000000004025,1,AES,Graphite
960.1465559355154,0.0019684378116218404,1,AES,Graphite
961.3580850024425,0.0005635719259502685,1,AES,Graphite
962.5696140693698,-0.0019684378116215633,1,AES,Graphite
963.781143136297,0.0006422110128528208,1,AES,Graphite
964.9926722032242,0.0019364493312924525,1,AES,Graphite
966.2042012701514,0.000569571050268989,1,AES,Graphite
967.4157303370786,0.011491205391161295,1,AES,Graphite
968.6272594040058,0.0008693982197691657,1,AES,Graphite
969.8387884709331,-0.011971382668556914,1,AES,Graphite
971.0503175378602,-0.00264475220884086,1,AES,Graphite
972.2618466047875,-0.0014562720538969277,1,AES,Graphite
973.4733756717147,0.00136251774558493,1,AES,Graphite
974.6849047386419,0.0006586735540932831,1,AES,Graphite
975.8964338055691,-0.0005012158535209038,1,AES,Graphite
977.1079628724963,-0.0006586735540929892,1,AES,Graphite
978.3194919394235,-0.0008613018920637735,1,AES,Graphite
979.5310210063508,0.0033400339826757746,1,AES,Graphite
980.7425500732779,6.268407613796451e-16,1,AES,Graphite
981.9540791402052,-0.0011786805939071052,1,AES,Graphite
983.1656082071323,8.981064648973587e-05,1,AES,Graphite
984.3771372740596,-0.002066982930771559,1,AES,Graphite
985.5886663409868,0.00288592054717012,1,AES,Graphite
986.800195407914,-9.437045799563415e-05,1,AES,Graphite
988.0117244748412,-0.002670887826992742,1,AES,Graphite
989.2232535417684,5.721146822268846e-17,1,AES,Graphite
990.4347826086956,-0.0003048433666661245,1,AES,Graphite
991.6463116756229,0.0,1,AES,Graphite
992.85784074255,0.010704488758329456,1,AES,Graphite
994.0693698094773,-2.0089645549285132e-15,1,AES,Graphite
995.2808988764044,-0.006721906248969717,1,AES,Graphite
996.4924279433317,0.0,1,AES,Graphite
997.7039570102589,-0.003982582509361748,1,AES,Graphite
998.9154860771861,0.0,1,AES,Graphite
1000.1270151441133,0.004589035001545078,1,AES,Graphite
1001.3385442110405,0.0006233659538870039,1,AES,Graphite
1002.5500732779677,-0.001316579521073187,1,AES,Graphite
1003.761602344895,-0.0006233659538867568,1,AES,Graphite
1004.9731314118221,-0.002425515779114026,1,AES,Graphite
1006.1846604787494,0.0028214300326998547,1,AES,Graphite
1007.3961895456765,-0.0005859791774027493,1,AES,Graphite
1008.6077186126038,0.0005577002135220856,1,AES,Graphite
1009.819247679531,-0.00026096052395519403,1,AES,Graphite
1011.0307767464582,0.0010905612413135742,1,AES,Graphite
1012.2423058133854,0.007290867447490863,1,AES,Graphite
1013.4538348803126,-0.004469691487535223,1,AES,Graphite
1014.6653639472398,-0.007290867447490677,1,AES,Graphite
1015.8768930141671,0.004609353265391678,1,AES,Graphite
1017.0884220810942,0.005009552628692251,1,AES,Graphite
1018.2999511480215,-0.0046093532653910295,1,AES,Graphite
1019.5114802149487,-0.005009552628691386,1,AES,Graphite
1020.7230092818759,0.0,1,AES,Graphite
1021.9345383488031,0.0,1,AES,Graphite
1023.1460674157303,0.01000000000001825,1,AES,Graphite
1024.3575964826575,1.8767496517463965e-15,1,AES,Graphite
1025.569125549585,-0.010000000000016844,1,AES,Graphite
1026.780654616512,0.010000000000019656,1,AES,Graphite
1027.9921836834392,0.0007428030636194616,1,AES,Graphite
1029.2037127503663,-0.005082647006325299,1,AES,Graphite
1030.4152418172935,-0.0007428030636176854,1,AES,Graphite
1031.6267708842208,-0.0017956121652686792,1,AES,Graphite
1032.838299951148,0.010000000000018017,1,AES,Graphite
1034.0498290180753,-0.0031217408284268775,1,AES,Graphite
1035.2613580850025,0.0021401642020675324,1,AES,Graphite
1036.4728871519296,0.0,1,AES,Graphite
1037.6844162188568,-0.01092736632235022,1,AES,Graphite
1038.895945285784,0.0005278968101960683,1,AES,Graphite
1040.1074743527113,0.00034899246379558284,1,AES,Graphite
1041.3190034196384,0.00038919048090359514,1,AES,Graphite
1042.5305324865658,0.0062251001149785795,1,AES,Graphite
1043.742061553493,-0.0009170872910990781,1,AES,Graphite
1044.95359062042,-0.007786890458510016,1,AES,Graphite
1046.1651196873472,0.0,1,AES,Graphite
1047.3766487542746,0.010000000000020595,1,AES,Graphite
1048.5881778212017,0.010000000000019656,1,AES,Graphite
1049.7997068881289,-0.0062290795611716415,1,AES,Graphite
1051.0112359550562,-0.005494925123368914,1,AES,Graphite
1052.2227650219834,-0.00377092043884626,1,AES,Graphite
1053.4342940889105,-0.004505074876649343,1,AES,Graphite
1054.645823155838,0.0014950764015970958,1,AES,Graphite
1055.857352222765,0.0,1,AES,Graphite
1057.0688812896922,0.0005122426436203246,1,AES,Graphite
1058.2804103566193,0.0006435625971730549,1,AES,Graphite
1059.4919394235467,-0.0020073190452169565,1,AES,Graphite
1060.7034684904738,0.004264290944174604,1,AES,Graphite
1061.914997557401,0.0056955573332825955,1,AES,Graphite
1063.1265266243283,-0.004907853541347843,1,AES,Graphite
1064.3380556912555,-0.005695557333282357,1,AES,Graphite
1065.5495847581826,0.0009066111500055385,1,AES,Graphite
1066.76111382511,0.0010607169137487932,1,AES,Graphite
1067.9726428920371,0.0011819368160968693,1,AES,Graphite
1069.1841719589643,0.005314569874261043,1,AES,Graphite
1070.3957010258914,-0.0020885479661004657,1,AES,Graphite
1071.6072300928188,-0.006375286788008284,1,AES,Graphite
1072.818759159746,0.0,1,AES,Graphite
1074.030288226673,0.0,1,AES,Graphite
1075.2418172936004,0.0,1,AES,Graphite
1076.4533463605276,0.005691371607700033,1,AES,Graphite
1077.6648754274547,2.136255936538075e-15,1,AES,Graphite
1078.876404494382,-0.004981636680786464,1,AES,Graphite
1080.0879335613092,0.0,1,AES,Graphite
1081.2994626282364,0.003059208874112036,1,AES,Graphite
1082.5109916951635,0.008014069512921915,1,AES,Graphite
1083.7225207620909,-0.003768943801025885,1,AES,Graphite
1084.934049829018,-0.008014069512922757,1,AES,Graphite
1086.1455788959452,0.0033115162739702345,1,AES,Graphite
1087.3571079628725,0.0021625927714484846,1,AES,Graphite
1088.5686370297997,0.0025452453580125886,1,AES,Graphite
1089.7801660967268,-0.00031068687169323144,1,AES,Graphite
1090.9916951636542,-0.005856761631982801,1,AES,Graphite
1092.2032242305813,2.133329843042152e-05,1,AES,Graphite
1093.4147532975085,0.0035162109888811997,1,AES,Graphite
1094.6262823644358,0.0007288886493591987,1,AES,Graphite
1095.837811431363,-0.001907410806585775,1,AES,Graphite
1097.0493404982901,0.0007807901214970187,1,AES,Graphite
1098.2608695652173,0.0020995760477279914,1,AES,Graphite
1099.4723986321446,0.0010005463922008006,1,AES,Graphite
1100.6839276990718,-0.0016510176399670096,1,AES,Graphite
1101.895456765999,0.005616535638774369,1,AES,Graphite
1103.1069858329263,-0.0015920617465292736,1,AES,Graphite
1104.3185148998534,-0.006173602971527793,1,AES,Graphite
1105.5300439667806,-0.00046529684352908217,1,AES,Graphite
1106.741573033708,-0.0026571637341554705,1,AES,Graphite
1107.953102100635,0.0,1,AES,Graphite
1109.1646311675622,-0.0010780701881209043,1,AES,Graphite
1110.3761602344894,0.004054561171067134,1,AES,Graphite
1111.5876893014167,0.0005149002769144136,1,AES,Graphite
1112.7992183683439,-0.003907289435166992,1,AES,Graphite
1114.010747435271,-0.0006060633831301577,1,AES,Graphite
1115.2222765021984,0.00221944289848067,1,AES,Graphite
1116.4338055691255,0.002047128385464517,1,AES,Graphite
1117.6453346360527,0.004493964958477383,1,AES,Graphite
1118.85686370298,-0.002047128385466516,1,AES,Graphite
1120.0683927699072,-0.006165652712958238,1,AES,Graphite
1121.2799218368343,0.010790910811952341,1,AES,Graphite
1122.4914509037615,0.00430780584644126,1,AES,Graphite
1123.7029799706888,-0.010790910811951184,1,AES,Graphite
1124.914509037616,-0.0041179266322049326,1,AES,Graphite
1126.126038104543,0.0019279205235757993,1,AES,Graphite
1127.3375671714705,-0.0002930823993639897,1,AES,Graphite
1128.5490962383976,-0.0019279205235760097,1,AES,Graphite
1129.7606253053248,2.3725292182199185e-05,1,AES,Graphite
1130.9721543722521,0.0034049820195261715,1,AES,Graphite
1132.1836834391793,-0.0006155489869547913,1,AES,Graphite
1133.3952125061064,-0.002983273785142162,1,AES,Graphite
1134.6067415730338,-1.5828815640359072e-16,1,AES,Graphite
1135.818270639961,0.003368336428989109,1,AES,Graphite
1137.029799706888,0.0,1,AES,Graphite
1138.2413287738152,-0.003790044663373825,1,AES,Graphite
1139.4528578407426,0.0011963130303423775,1,AES,Graphite
1140.6643869076697,0.00496499956467866,1,AES,Graphite
1141.8759159745969,0.00880368696967633,1,AES,Graphite
1143.0874450415242,-0.004964999564681017,1,AES,Graphite
1144.2989741084514,-0.004033982323860033,1,AES,Graphite
1145.5105031753785,2.239344319204893e-15,1,AES,Graphite
1146.7220322423059,-0.005966017676157946,1,AES,Graphite
1147.933561309233,0.0013954889942095522,1,AES,Graphite
1149.1450903761602,0.0,1,AES,Graphite
1150.3566194430873,-0.0013954889942096832,1,AES,Graphite
1151.5681485100147,0.0022465253722097223,1,AES,Graphite
1152.7796775769418,0.0007732046363634292,1,AES,Graphite
1153.991206643869,-0.002246525372209432,1,AES,Graphite
1155.2027357107963,-0.0007732046363632117,1,AES,Graphite
1156.4142647777235,0.002766965038045554,1,AES,Graphite
1157.6257938446506,0.0020620881604084215,1,AES,Graphite
1158.837322911578,-0.002766965038045549,1,AES,Graphite
1160.0488519785051,0.0037944504236598164,1,AES,Graphite
1161.2603810454323,0.0,1,AES,Graphite
1162.4719101123594,-0.005856538584068329,1,AES,Graphite
1163.6834391792868,0.0,1,AES,Graphite
1164.894968246214,0.0,1,AES,Graphite
1166.106497313141,0.0007717417538118922,1,AES,Graphite
1167.3180263800684,-2.896732135404637e-16,1,AES,Graphite
1168.5295554469956,0.0003447884672482078,1,AES,Graphite
1169.7410845139227,4.1908954070707107e-16,1,AES,Graphite
1170.95261358085,0.0034623139850098973,1,AES,Graphite
1172.1641426477772,0.0,1,AES,Graphite
1173.3756717147044,-0.001035383221849901,1,AES,Graphite
1174.5872007816317,0.0010869403240012531,1,AES,Graphite
1175.7987298485589,-0.00209488562420354,1,AES,Graphite
1177.010258915486,0.0007200548070173719,1,AES,Graphite
1178.2217879824132,-2.8684790419330077e-05,1,AES,Graphite
1179.4333170493405,0.0002313755125226684,1,AES,Graphite
1180.6448461162677,0.002795465828812962,1,AES,Graphite
1181.8563751831948,-0.0014151112723674213,1,AES,Graphite
1183.0679042501222,-0.0019667781063830905,1,AES,Graphite
1184.2794333170493,-0.0006232593711737179,1,AES,Graphite
1185.4909623839765,0.002318698360563249,1,AES,Graphite
1186.7024914509038,-1.7143269734328765e-15,1,AES,Graphite
1187.914020517831,0.0011443370297533487,1,AES,Graphite
1189.1255495847581,0.0,1,AES,Graphite
1190.3370786516853,0.004288386317671522,1,AES,Graphite
1191.5486077186126,0.00040627825084916613,1,AES,Graphite
1192.7601367855398,-0.010000000000019656,1,AES,Graphite
1193.971665852467,0.0022597906033051773,1,AES,Graphite
1195.1831949193943,-1.000708758713033e-15,1,AES,Graphite
1196.3947239863214,-0.002666068854158847,1,AES,Graphite
1197.6062530532486,0.0,1,AES,Graphite
1198.817782120176,0.0,1,AES,Graphite
1200.029311187103,0.0,1,AES,Graphite
1201.2408402540302,0.0,1,AES,Graphite
1202.4523693209574,0.0024116259899103123,1,AES,Graphite
1203.6638983878847,0.0024921351399076765,1,AES,Graphite
1204.8754274548119,-0.001062303609925092,1,AES,Graphite
1206.086956521739,-0.002492135139908075,1,AES,Graphite
1207.2984855886664,-0.001349322379985519,1,AES,Graphite
1208.5100146555935,0.0,1,AES,Graphite
1209.7215437225207,0.0,1,AES,Graphite
1210.933072789448,0.004767970196831716,1,AES,Graphite
1212.1446018563752,0.0027825209383110804,1,AES,Graphite
1213.3561309233023,-0.004767970196831269,1,AES,Graphite
1214.5676599902295,-0.0026972535285424135,1,AES,Graphite
1215.7791890571568,0.0006608781030669772,1,AES,Graphite
1216.990718124084,-8.526740976895237e-05,1,AES,Graphite
1218.202247191011,-0.0006608781030670092,1,AES,Graphite
1219.4137762579385,0.0,1,AES,Graphite
1220.6253053248656,0.0,1,AES,Graphite
1221.8368343917928,0.0,1,AES,Graphite
1223.0483634587201,0.005701294043760324,1,AES,Graphite
1224.2598925256473,0.0020324086170521853,1,AES,Graphite
1225.4714215925744,-0.005701294043759561,1,AES,Graphite
1226.6829506595018,-0.00021648423193280396,1,AES,Graphite
1227.894479726429,0.004438002230395797,1,AES,Graphite
1229.106008793356,0.0011165159654739829,1,AES,Graphite
1230.3175378602832,-0.004248886793540396,1,AES,Graphite
1231.5290669272106,-0.0029324403505918673,1,AES,Graphite
1232.7405959941377,0.0020252730895451944,1,AES,Graphite
1233.9521250610649,0.011247923845863296,1,AES,Graphite
1235.1636541279922,0.0006246825224867934,1,AES,Graphite
1236.3751831949194,-0.009233500777323206,1,AES,Graphite
1237.5867122618465,0.0004895452338096341,1,AES,Graphite
1238.7982413287739,-0.002014423068543106,1,AES,Graphite
1240.009770395701,0.0008494485954120175,1,AES,Graphite
1241.2212994626282,0.0006266795864885337,1,AES,Graphite
1242.4328285295553,0.0024035455837950782,1,AES,Graphite
1243.6443575964827,-0.0006266795864908277,1,AES,Graphite
1244.8558866634098,0.008923932325102125,1,AES,Graphite
1246.067415730337,0.01062766647807574,1,AES,Graphite
1247.2789447972643,-0.015505542787011026,1,AES,Graphite
1248.4904738641915,-0.01062766647807291,1,AES,Graphite
1249.7020029311186,0.0,1,AES,Graphite
1250.913531998046,0.00134522607121349,1,AES,Graphite
1252.1250610649731,0.011658152747610756,1,AES,Graphite
1253.3365901319003,-0.0013452260712133637,1,AES,Graphite
1254.5481191988274,-0.01165815274761185,1,AES,Graphite
1255.7596482657548,0.006794128483058089,1,AES,Graphite
1256.971177332682,0.01547883707140498,1,AES,Graphite
1258.182706399609,-0.005410344657613674,1,AES,Graphite
1259.3942354665364,-0.015358310494333087,1,AES,Graphite
1260.6057645334636,-0.0010031090649273745,1,AES,Graphite
1261.8172936003907,0.011825222201406181,1,AES,Graphite
1263.028822667318,-0.00038067476051599703,1,AES,Graphite
1264.2403517342452,-0.011945748778477457,1,AES,Graphite
1265.4518808011724,0.0,1,AES,Graphite
1266.6634098680997,0.0012661208598085017,1,AES,Graphite
1267.8749389350269,0.0020525571622541402,1,AES,Graphite
1269.086468001954,-0.0012661208598083826,1,AES,Graphite
1270.2979970688812,0.012939281639728925,1,AES,Graphite
1271.5095261358085,-5.6271856501230905e-15,1,AES,Graphite
1272.7210552027357,-0.004991838801967819,1,AES,Graphite
1273.9325842696628,0.0007118403554573252,1,AES,Graphite
1275.1441133365902,-0.006679167793316185,1,AES,Graphite
1276.3556424035173,0.004628671894062878,1,AES,Graphite
1277.5671714704445,-0.003320832206698921,1,AES,Graphite
1278.7787005373718,0.008080482745410391,1,AES,Graphite
1279.990229604299,0.0,1,AES,Graphite
1281.2017586712261,-0.01342099499492428,1,AES,Graphite
1282.4132877381533,0.002802493684552272,1,AES,Graphite
1283.6248168050806,0.0020688170522270588,1,AES,Graphite
1284.8363458720078,-0.0028024936845530606,1,AES,Graphite
1286.047874938935,0.0026139741772383002,1,AES,Graphite
1287.2594040058623,0.0043769069299485555,1,AES,Graphite
1288.4709330727894,-0.004682791229467728,1,AES,Graphite
1289.6824621397166,-0.0031216311663610622,1,AES,Graphite
1290.893991206644,0.0015667978351191721,1,AES,Graphite
1292.105520273571,-0.00042855888817260496,1,AES,Graphite
1293.3170493404982,-0.0015667978351194963,1,AES,Graphite
1294.5285784074254,-0.0008267168754170775,1,AES,Graphite
1295.7401074743527,0.0,1,AES,Graphite
1296.9516365412799,0.0037192652181496496,1,AES,Graphite
1298.163165608207,0.0017240070931661378,1,AES,Graphite
1299.3746946751344,-0.0037192652181492506,1,AES,Graphite
1300.5862237420615,0.0007234058438984092,1,AES,Graphite
1301.7977528089887,9.186362754610412e-16,1,AES,Graphite
1303.009281875916,0.001195853532028113,1,AES,Graphite
1304.2208109428432,0.0,1,AES,Graphite
1305.4323400097703,-0.00364326646909106,1,AES,Graphite
1306.6438690766977,0.0,1,AES,Graphite
1307.8553981436248,0.0,1,AES,Graphite
1309.066927210552,0.0036815177450968055,1,AES,Graphite
1310.278456277479,1.3818574291991356e-15,1,AES,Graphite
1311.4899853444065,-0.002582593940780844,1,AES,Graphite
1312.7015144113336,0.0,1,AES,Graphite
1313.9130434782608,0.0004139929285278526,1,AES,Graphite
1315.1245725451881,0.00024363768843436377,1,AES,Graphite
1316.3361016121153,-0.0015129167328432032,1,AES,Graphite
1317.5476306790424,0.0029159844141249673,1,AES,Graphite
1318.7591597459698,-1.1859639361240155e-15,1,AES,Graphite
1319.970688812897,-0.003159622102560788,1,AES,Graphite
1321.182217879824,0.0,1,AES,Graphite
1322.3937469467512,0.004759602259716658,1,AES,Graphite
1323.6052760136786,0.0026964457272086605,1,AES,Graphite
1324.8168050806057,-0.004759602259717996,1,AES,Graphite
1326.0283341475329,-0.002696445727210447,1,AES,Graphite
1327.2398632144602,0.0,1,AES,Graphite
1328.4513922813874,0.006586326777347355,1,AES,Graphite
1329.6629213483145,0.0012112936746143618,1,AES,Graphite
1330.8744504152419,0.004777533854147544,1,AES,Graphite
1332.085979482169,0.0020562108831207594,1,AES,Graphite
1333.2975085490962,-0.01060654994926901,1,AES,Graphite
1334.5090376160233,-0.0032675045577330126,1,AES,Graphite
1335.7205666829507,-0.0007573106822232115,1,AES,Graphite
1336.9320957498778,0.0,1,AES,Graphite
1338.143624816805,0.0,1,AES,Graphite
1339.3551538837323,0.0023076492598916865,1,AES,Graphite
1340.5666829506595,0.00016474438948485968,1,AES,Graphite
1341.7782120175866,1.5890715550022174e-05,1,AES,Graphite
1342.989741084514,-0.00016474438948568546,1,AES,Graphite
1344.2012701514411,-0.0020741514777909676,1,AES,Graphite
1345.4127992183683,0.0,1,AES,Graphite
1346.6243282852954,0.012656709665690791,1,AES,Graphite
1347.8358573522228,0.001098874945300998,1,AES,Graphite
1349.04738641915,-0.009740947281936758,1,AES,Graphite
1350.258915486077,-0.0010988749453046541,1,AES,Graphite
1351.4704445530044,0.0034580495974719846,1,AES,Graphite
1352.6819736199316,0.0,1,AES,Graphite
1353.8935026868587,-0.0031086410726118207,1,AES,Graphite
1355.105031753786,-1.319189628349111e-15,1,AES,Graphite
1356.3165608207132,-0.0015711704099534139,1,AES,Graphite
1357.5280898876404,7.294509244073521e-16,1,AES,Graphite
1358.7396189545677,-0.0019433889963153224,1,AES,Graphite
1359.9511480214949,0.016070277211527973,1,AES,Graphite
1361.162677088422,0.010000000000019656,1,AES,Graphite
1362.3742061553492,-0.005380697172796973,1,AES,Graphite
1363.5857352222765,-0.007240613479314578,1,AES,Graphite
1364.7972642892037,-0.009117543894893896,1,AES,Graphite
1366.0087933561308,-0.002282338717790555,1,AES,Graphite
1367.2203224230582,-0.00041457628724512455,1,AES,Graphite
1368.4318514899853,0.0071452927754571145,1,AES,Graphite
1369.6433805569125,-0.0011574598565896213,1,AES,Graphite
1370.8549096238398,-0.006984562645389212,1,AES,Graphite
1372.066438690767,0.0033321102208547864,1,AES,Graphite
1373.2779677576941,0.002868355268028965,1,AES,Graphite
1374.4894968246213,0.00043251097965785857,1,AES,Graphite
1375.7010258915486,-0.0014804247384750942,1,AES,Graphite
1376.9125549584758,-0.0037646212005127007,1,AES,Graphite
1378.124084025403,0.003154657150103372,1,AES,Graphite
1379.3356130923303,-1.94444987188462e-15,1,AES,Graphite
1380.5471421592574,-0.004220568812904604,1,AES,Graphite
1381.7586712261846,3.6025966192950163e-16,1,AES,Graphite
1382.970200293112,-0.000959796799735216,1,AES,Graphite
1384.181729360039,0.00104265740643905,1,AES,Graphite
1385.3932584269662,0.001019172114271086,1,AES,Graphite
1386.6047874938934,0.0002954481237146266,1,AES,Graphite
1387.8163165608207,0.004098651437956442,1,AES,Graphite
1389.0278456277479,0.00010026115571885226,1,AES,Graphite
1390.239374694675,-0.005117823552227203,1,AES,Graphite
1391.4509037616024,0.0016191988841723916,1,AES,Graphite
1392.6624328285295,0.0037723601486955756,1,AES,Graphite
1393.8739618954567,-0.0030575655700431914,1,AES,Graphite
1395.085490962384,-0.0018777286825812363,1,AES,Graphite
1396.2970200293112,0.0022237425266738203,1,AES,Graphite
1397.5085490962383,-0.0018946314661124433,1,AES,Graphite
1398.7200781631657,0.012139258999781253,1,AES,Graphite
1399.9316072300928,0.010000000000019656,1,AES,Graphite
1401.14313629702,-0.013964740608589684,1,AES,Graphite
1402.354665363947,-0.010000000000020444,1,AES,Graphite
1403.5661944308745,-0.00034885256448406233,1,AES,Graphite
1404.7777234978016,0.0,1,AES,Graphite
1405.9892525647288,-4.940835337923984e-05,1,AES,Graphite
1407.2007816316561,0.0050569118052199566,1,AES,Graphite
1408.4123106985833,0.010000000000019656,1,AES,Graphite
1409.6238397655104,-0.0050569118052162035,1,AES,Graphite
1410.8353688324378,-0.010000000000016844,1,AES,Graphite
1412.046897899365,0.0,1,AES,Graphite
1413.258426966292,0.0,1,AES,Graphite
1414.4699560332192,0.005207588259924557,1,AES,Graphite
1415.6814851001466,0.01320259626514516,1,AES,Graphite
1416.8930141670737,-0.005207588259926021,1,AES,Graphite
1418.1045432340009,-0.006059082282504848,1,AES,Graphite
1419.3160723009282,0.003113631681469648,1,AES,Graphite
1420.5276013678554,-0.007143513982644277,1,AES,Graphite
1421.7391304347825,-0.003113631681472329,1,AES,Graphite
1422.9506595017099,0.007265636721769713,1,AES,Graphite
1424.162188568637,0.0,1,AES,Graphite
1425.3737176355642,-0.0072656367217690315,1,AES,Graphite
1426.5852467024913,0.0032430430034745437,1,AES,Graphite
1427.7967757694187,0.007737581416314502,1,AES,Graphite
1429.0083048363458,0.0011471252807268616,1,AES,Graphite
1430.219833903273,-0.005949165216182783,1,AES,Graphite
1431.4313629702003,-0.0025039276438052066,1,AES,Graphite
1432.6428920371275,0.0009181585944477189,1,AES,Graphite
1433.8544211040546,0.0005206723469160045,1,AES,Graphite
1435.065950170982,-0.0018147869513216598,1,AES,Graphite
1436.2774792379091,-0.002076443172669299,1,AES,Graphite
1437.4890083048363,-0.0008917878432578683,1,AES,Graphite
1438.7005373717636,-0.0003304698146428211,1,AES,Graphite
1439.9120664386908,0.0,1,AES,Graphite
1441.123595505618,0.0,1,AES,Graphite
1442.335124572545,0.0,1,AES,Graphite
1443.5466536394724,0.0,1,AES,Graphite
1444.7581827063996,0.0,1,AES,Graphite
1445.9697117733267,0.0005705274179674113,1,AES,Graphite
1447.181240840254,0.004414681995723242,1,AES,Graphite
1448.3927699071812,0.002341878564883155,1,AES,Graphite
1449.6042989741084,0.005585318004294481,1,AES,Graphite
1450.8158280410357,-0.0029124059828536607,1,AES,Graphite
1452.0273571079629,0.0029836198305484675,1,AES,Graphite
1453.23888617489,0.0,1,AES,Graphite
1454.4504152418172,-0.012983619830569344,1,AES,Graphite
1455.6619443087445,0.0017444691880861192,1,AES,Graphite
1456.8734733756717,0.0,1,AES,Graphite
1458.0850024425988,-0.001410274801815206,1,AES,Graphite
1459.2965315095262,-1.2543983960970784e-16,1,AES,Graphite
1460.5080605764533,-0.00033419438627100705,1,AES,Graphite
1461.7195896433805,0.001014176169870649,1,AES,Graphite
1462.9311187103078,-3.806709547222416e-16,1,AES,Graphite
1464.142647777235,0.0003827726098261199,1,AES,Graphite
1465.354176844162,0.0,1,AES,Graphite
1466.5657059110893,0.0003552519734980813,1,AES,Graphite
1467.7772349780166,0.0007101351096471125,1,AES,Graphite
1468.9887640449438,0.002574118430990243,1,AES,Graphite
1470.200293111871,-0.0003129903903550192,1,AES,Graphite
1471.4118221787983,-0.004326319184184935,1,AES,Graphite
1472.6233512457254,-9.282867299387619e-06,1,AES,Graphite
1473.8348803126526,0.0017230489135163128,1,AES,Graphite
1475.04640937958,-0.00023290400824983168,1,AES,Graphite
1476.257938446507,-0.0015943139178261586,1,AES,Graphite
1477.4694675134342,-0.00015495784374254263,1,AES,Graphite
1478.6809965803614,-0.00012873499569050545,1,AES,Graphite
1479.8925256472887,0.0,1,AES,Graphite
1481.1040547142159,0.005548715705464763,1,AES,Graphite
1482.315583781143,2.082710053570253e-15,1,AES,Graphite
1483.5271128480704,-0.005548715705463201,1,AES,Graphite
1484.7386419149975,0.020000000000039313,1,AES,Graphite
1485.9501709819247,0.002838218423343577,1,AES,Graphite
1487.161700048852,-0.02000000000003475,1,AES,Graphite
1488.3732291157792,0.001118947823856526,1,AES,Graphite
1489.5847581827063,1.4853220752617798e-15,1,AES,Graphite
1490.7962872496337,0.0069276530645233664,1,AES,Graphite
1492.0078163165608,0.0,1,AES,Graphite
1493.219345383488,-0.004081560922397754,1,AES,Graphite
1494.430874450415,0.010000000000019398,1,AES,Graphite
1495.6424035173425,-0.00582067385999782,1,AES,Graphite
1496.8539325842696,-0.007990000869268377,1,AES,Graphite
1498.0654616511968,0.00032976347706296894,1,AES,Graphite
1499.2769907181241,-0.002009999130751208,1,AES,Graphite
1500.4885197850513,0.008687651993636183,1,AES,Graphite
1501.7000488519784,0.00013894640724001605,1,AES,Graphite
1502.9115779189058,-0.010000000000016896,1,AES,Graphite
1504.123106985833,0.002917959335456212,1,AES,Graphite
1505.33463605276,0.0070105891290477024,1,AES,Graphite
1506.5461651196872,-0.0030569057426901693,1,AES,Graphite
1507.7576941866146,-0.007010589129045729,1,AES,Graphite
1508.9692232535417,0.0,1,AES,Graphite
1510.1807523204689,0.008181449469486433,1,AES,Graphite
1511.3922813873962,-3.0709064885229975e-15,1,AES,Graphite
1512.6038104543234,-0.002983053230583688,1,AES,Graphite
1513.8153395212505,0.005320763946130655,1,AES,Graphite
1515.0268685881779,-0.005198396238905582,1,AES,Graphite
1516.238397655105,-0.003516255878728606,1,AES,Graphite
1517.4499267220322,0.005164397590825585,1,AES,Graphite
1518.6614557889593,-0.0018045080673998245,1,AES,Graphite
1519.8729848558867,-0.005164397590824132,1,AES,Graphite
1521.0845139228138,0.0,1,AES,Graphite
1522.296042989741,0.0,1,AES,Graphite
1523.5075720566683,0.0,1,AES,Graphite
1524.7191011235955,0.0,1,AES,Graphite
1525.9306301905226,0.010108094415630837,1,AES,Graphite
1527.14215925745,-3.794072534864939e-15,1,AES,Graphite
1528.3536883243771,-0.00936665134060355,1,AES,Graphite
1529.5652173913043,0.01000000000001712,1,AES,Graphite
1530.7767464582316,0.0003079309225722087,1,AES,Graphite
1531.9882755251588,-0.007356494787544962,1,AES,Graphite
1533.199804592086,-0.0010493739976057833,1,AES,Graphite
1534.411333659013,-0.0014571991119124552,1,AES,Graphite
1535.6228627259404,0.003893505241296334,1,AES,Graphite
1536.8343917928676,-0.0011863061005628222,1,AES,Graphite
1538.0459208597947,0.001410994094048363,1,AES,Graphite
1539.257449926722,0.0013289027573144712,1,AES,Graphite
1540.4689789936492,-0.005304499335346635,1,AES,Graphite
1541.6805080605764,-0.0013289027573164622,1,AES,Graphite
1542.8920371275037,0.0017707124425134215,1,AES,Graphite
1544.1035661944309,0.00024104819103953014,1,AES,Graphite
1545.315095261358,0.00993793157574768,1,AES,Graphite
1546.5266243282852,-0.0002410481910351579,1,AES,Graphite
1547.7381533952125,-0.01117152264425735,1,AES,Graphite
1548.9496824621397,0.0,1,AES,Graphite
1550.1612115290668,-0.000537121374000294,1,AES,Graphite
1551.3727405959942,0.0,1,AES,Graphite
1552.5842696629213,0.0,1,AES,Graphite
1553.7957987298485,0.0039202222145526015,1,AES,Graphite
1555.0073277967758,0.003461048295967805,1,AES,Graphite
1556.218856863703,-0.0019883639685883215,1,AES,Graphite
1557.43038593063,-0.0034610482959689516,1,AES,Graphite
1558.6419149975573,-0.0019318582459655635,1,AES,Graphite
1559.8534440644846,0.0038472929446222623,1,AES,Graphite
1561.0649731314118,0.00044944976978338416,1,AES,Graphite
1562.276502198339,0.013508371958209538,1,AES,Graphite
1563.4880312652663,0.0007979427102404888,1,AES,Graphite
1564.6995603321934,-0.016746588477330435,1,AES,Graphite
1565.9110893991206,-0.0012473924800300324,1,AES,Graphite
1567.122618466048,-0.00018555655501554104,1,AES,Graphite
1568.334147532975,0.0,1,AES,Graphite
1569.5456765999022,0.0018222197067057206,1,AES,Graphite
1570.7572056668296,0.003034144796061944,1,AES,Graphite
1571.9687347337567,-0.0022457395771967197,1,AES,Graphite
1573.1802638006839,-0.0030341447960625023,1,AES,Graphite
1574.391792867611,0.0,1,AES,Graphite
1575.6033219345384,0.0016110750584997955,1,AES,Graphite
1576.8148510014655,0.0,1,AES,Graphite
1578.0263800683927,-0.0016110750584997955,1,AES,Graphite
1579.23790913532,0.0012323621779752744,1,AES,Graphite
1580.4494382022472,0.007906452592012635,1,AES,Graphite
1581.6609672691743,-0.0012323621779723067,1,AES,Graphite
1582.8724963361017,-0.0052472111799345186,1,AES,Graphite
1584.0840254030288,0.0002595186799945174,1,AES,Graphite
1585.295554469956,-0.0026592414120756407,1,AES,Graphite
1586.507083536883,0.0026552972236432567,1,AES,Graphite
1587.7186126038105,-1.0940759464096792e-15,1,AES,Graphite
1588.9301416707376,-0.002066791409492262,1,AES,Graphite
1590.1416707376648,0.0010202522847908646,1,AES,Graphite
1591.3531998045921,-0.0008480244941465009,1,AES,Graphite
1592.5647288715193,0.002125972073068795,1,AES,Graphite
1593.7762579384464,1.180935093583607e-15,1,AES,Graphite
1594.9877870053738,-0.003146224357858743,1,AES,Graphite
1596.199316072301,0.0017015204430146339,1,AES,Graphite
1597.410845139228,0.0,1,AES,Graphite
1598.6223742061552,-0.0016121449805773025,1,AES,Graphite
1599.8339032730826,-3.354707360079349e-17,1,AES,Graphite
1601.0454323400097,0.0033545007802523582,1,AES,Graphite
1602.2569614069369,0.0015054872845080163,1,AES,Graphite
1603.4684904738642,-0.003443876242689469,1,AES,Graphite
1604.6800195407914,0.001088027247188705,1,AES,Graphite
1605.8915486077185,0.0044089900549525995,1,AES,Graphite
1607.1030776746459,-0.000824440485886676,1,AES,Graphite
1608.314606741573,-0.0043761571171915675,1,AES,Graphite
1609.5261358085002,-0.001769074045809935,1,AES,Graphite
1610.7376648754273,-3.2832937761301595e-05,1,AES,Graphite
1611.9491939423547,0.0,1,AES,Graphite
1613.1607230092818,0.0,1,AES,Graphite
1614.372252076209,0.0,1,AES,Graphite
1615.5837811431363,0.000179663069490414,1,AES,Graphite
1616.7953102100635,0.0016799003053826265,1,AES,Graphite
1618.0068392769906,-0.00017966306948978347,1,AES,Graphite
1619.218368343918,0.00986302104538521,1,AES,Graphite
1620.4298974108451,0.0202044781399384,1,AES,Graphite
1621.6414264777723,-0.011542921350759782,1,AES,Graphite
1622.8529555446996,-0.020204478139932716,1,AES,Graphite
1624.0644846116268,0.0,1,AES,Graphite
1625.276013678554,0.0,1,AES,Graphite
1626.487542745481,0.0019026510150248676,1,AES,Graphite
1627.6990718124084,0.004854717701097575,1,AES,Graphite
1628.9106008793356,0.0019626055700706466,1,AES,Graphite
1630.1221299462627,-0.004854717701096838,1,AES,Graphite
1631.33365901319,0.0008625243255153199,1,AES,Graphite
1632.5451880801172,0.00047149315277605235,1,AES,Graphite
1633.7567171470444,-0.004727780910610104,1,AES,Graphite
1634.9682462139717,-0.00047149315277591965,1,AES,Graphite
1636.1797752808989,0.010000000000019656,1,AES,Graphite
1637.391304347826,0.0,1,AES,Graphite
1638.6028334147531,-0.009459531470564643,1,AES,Graphite
1639.8143624816805,0.0005092542376375848,1,AES,Graphite
1641.0258915486077,-0.0005308081930746161,1,AES,Graphite
1642.2374206155348,0.0008764784512705467,1,AES,Graphite
1643.4489496824622,0.003766428772190929,1,AES,Graphite
1644.6604787493893,0.0016257419234680418,1,AES,Graphite
1645.8720078163165,0.006223910891445039,1,AES,Graphite
1647.0835368832438,-0.0030114746123796688,1,AES,Graphite
1648.295065950171,-0.007036840146866608,1,AES,Graphite
1649.506595017098,0.0,1,AES,Graphite
1650.7181240840252,-0.0029631598531533274,1,AES,Graphite
1651.9296531509526,0.0,1,AES,Graphite
1653.1411822178798,0.0,1,AES,Graphite
1654.352711284807,0.01171722832716079,1,AES,Graphite
1655.5642403517343,0.0024076315470309925,1,AES,Graphite
1656.7757694186614,-0.011717228327164084,1,AES,Graphite
1657.9872984855886,-0.002407631547035391,1,AES,Graphite
1659.198827552516,0.0,1,AES,Graphite
1660.410356619443,0.001242591413441543,1,AES,Graphite
1661.6218856863702,4.664066004870227e-16,1,AES,Graphite
1662.8334147532976,-0.0006610724428710947,1,AES,Graphite
1664.0449438202247,0.0,1,AES,Graphite
1665.2564728871519,0.0012556818577993051,1,AES,Graphite
1666.468001954079,0.00037924456350355056,1,AES,Graphite
1667.6795310210064,-0.001837200828368975,1,AES,Graphite
1668.8910600879335,0.0034156361754255024,1,AES,Graphite
1670.1025891548607,1.4244082210379569e-15,1,AES,Graphite
1671.314118221788,-0.0037948807389274024,1,AES,Graphite
1672.5256472887152,0.0,1,AES,Graphite
1673.7371763556423,0.0,1,AES,Graphite
1674.9487054225697,0.0,1,AES,Graphite
1676.1602344894968,0.0,1,AES,Graphite
1677.371763556424,0.00542861795798815,1,AES,Graphite
1678.583292623351,2.0376313724198853e-15,1,AES,Graphite
1679.7948216902785,-0.0054286179579866225,1,AES,Graphite
1681.0063507572056,0.004665760409405093,1,AES,Graphite
1682.2178798241328,1.751292844693349e-15,1,AES,Graphite
1683.4294088910601,-0.0046657604094037805,1,AES,Graphite
1684.6409379579873,0.013298017931276818,1,AES,Graphite
1685.8524670249144,4.991410104278879e-15,1,AES,Graphite
1687.0639960918418,-0.007506897984494347,1,AES,Graphite
1688.275525158769,0.002150015964769351,1,AES,Graphite
1689.487054225696,-0.005791119946778184,1,AES,Graphite
1690.6985832926232,0.004691804498999638,1,AES,Graphite
1691.9101123595506,-2.568076834533956e-15,1,AES,Graphite
1693.1216414264777,-0.004488293382632505,1,AES,Graphite
1694.3331704934049,0.0009491949683822547,1,AES,Graphite
1695.5446995603322,0.0017748956159894034,1,AES,Graphite
1696.7562286272594,0.004003078051523033,1,AES,Graphite
1697.9677576941865,-0.004026922762783028,1,AES,Graphite
1699.1792867611139,0.005047726980117278,1,AES,Graphite
1700.390815828041,0.0013572841193097488,1,AES,Graphite
1701.6023448949682,-0.010000000000019656,1,AES,Graphite
1702.8138739618953,0.004926596573424233,1,AES,Graphite
1704.0254030288227,0.00043301657893868474,1,AES,Graphite
1705.2369320957498,-0.006385380627078765,1,AES,Graphite
1706.448461162677,0.00015268994558424677,1,AES,Graphite
1707.6599902296043,-2.1984490318535079e-16,1,AES,Graphite
1708.8715192965315,-0.000585706524525493,1,AES,Graphite
1710.0830483634586,0.0038070667834408907,1,AES,Graphite
1711.294577430386,-1.4289822519973205e-15,1,AES,Graphite
1712.506106497313,-0.003807066783441962,1,AES,Graphite
1713.7176355642403,0.001701973673303477,1,AES,Graphite
1714.9291646311676,0.003760415363677432,1,AES,Graphite
1716.1406936980948,0.0005781592456536298,1,AES,Graphite
1717.352222765022,-0.0006014882350767424,1,AES,Graphite
1718.563751831949,-0.0022801329189566146,1,AES,Graphite
1719.7752808988764,-0.0031589271286000865,1,AES,Graphite
1720.9868099658036,0.004761422238943239,1,AES,Graphite
1722.1983390327307,1.7871995057475092e-15,1,AES,Graphite
1723.409868099658,0.005238577761078695,1,AES,Graphite
1724.6213971665852,0.00421231690663638,1,AES,Graphite
1725.8329262335124,-0.008235937805531092,1,AES,Graphite
1727.0444553004397,-0.0027664862788972767,1,AES,Graphite
1728.2559843673669,0.005102159913401774,1,AES,Graphite
1729.467513434294,-0.0014458306277384447,1,AES,Graphite
1730.6790425012211,-0.003923612639119874,1,AES,Graphite
1731.8905715681485,0.0001808149443938815,1,AES,Graphite
1733.1021006350757,-0.002090779332198074,1,AES,Graphite
1734.3136297020028,0.004666664193611717,1,AES,Graphite
1735.5251587689302,0.000758751535645752,1,AES,Graphite
1736.7366878358573,-0.0031402937175087856,1,AES,Graphite
1737.9482169027845,0.001790834315920423,1,AES,Graphite
1739.1597459697118,-0.0017071854204997587,1,AES,Graphite
1740.371275036639,-0.0034014159881417872,1,AES,Graphite
1741.582804103566,0.0,1,AES,Graphite
1742.7943331704932,0.0,1,AES,Graphite
1744.0058622374206,0.006521182245945352,1,AES,Graphite
1745.2173913043478,0.0,1,AES,Graphite
1746.428920371275,-0.006521182245945352,1,AES,Graphite
1747.6404494382023,0.0,1,AES,Graphite
1748.8519785051294,0.0009749285812929698,1,AES,Graphite
1750.0635075720566,0.002587079360979241,1,AES,Graphite
1751.275036638984,0.0017540301669240266,1,AES,Graphite
1752.486565705911,-0.002587079360979603,1,AES,Graphite
1753.6980947728382,-0.002728958748217693,1,AES,Graphite
1754.9096238397656,0.0008961915019903171,1,AES,Graphite
1756.1211529066927,0.0,1,AES,Graphite
1757.3326819736199,0.004201443498304516,1,AES,Graphite
1758.544211040547,0.001557108275333575,1,AES,Graphite
1759.7557401074744,0.007233001783126424,1,AES,Graphite
1760.9672691744015,0.0005451943076419793,1,AES,Graphite
1762.1787982413286,-0.008609009339333425,1,AES,Graphite
1763.390327308256,-0.0015281996350942253,1,AES,Graphite
1764.6018563751832,-0.0037216274440871567,1,AES,Graphite
1765.8133854421103,0.0006934920997847276,1,AES,Graphite
1767.0249145090377,-4.757917128515377e-16,1,AES,Graphite
1768.2364435759648,-0.0012675950476657434,1,AES,Graphite
1769.447972642892,0.0018596310522848453,1,AES,Graphite
1770.659501709819,0.003927167386643814,1,AES,Graphite
1771.8710307767465,-0.0017921690604783386,1,AES,Graphite
1773.0825598436736,-0.002947715302563351,1,AES,Graphite
1774.2940889106007,0.015331047581540611,1,AES,Graphite
1775.5056179775281,-0.000215912586107241,1,AES,Graphite
1776.7171470444553,-0.007147371112286673,1,AES,Graphite
1777.9286761113824,0.011029952707813347,1,AES,Graphite
1779.1402051783098,-0.008251138461067467,1,AES,Graphite
1780.351734245237,-0.009404298075909156,1,AES,Graphite
1781.563263312164,0.0012088292352447406,1,AES,Graphite
1782.7747923790912,0.001701207386147065,1,AES,Graphite
1783.9863214460186,0.0009261396656403119,1,AES,Graphite
1785.1978505129457,-0.0040904015160315305,1,AES,Graphite
1786.4093795798728,-0.002134968900886248,1,AES,Graphite
1787.6209086468002,0.0,1,AES,Graphite
1788.8324377137274,0.0,1,AES,Graphite
1790.0439667806545,0.0,1,AES,Graphite
1791.2554958475819,0.0018666538917049282,1,AES,Graphite
1792.467024914509,0.005296038248109566,1,AES,Graphite
1793.6785539814362,-0.0006149682342684928,1,AES,Graphite
1794.8900830483635,-0.005296038248108545,1,AES,Graphite
1796.1016121152907,0.00015835469515409055,1,AES,Graphite
1797.3131411822178,0.0037950709790013043,1,AES,Graphite
1798.524670249145,-0.001410040352587598,1,AES,Graphite
1799.7361993160723,-0.0037950709790002366,1,AES,Graphite
1800.9477283829995,4.658304764063296e-05,1,AES,Graphite
1802.1592574499266,1.7484943687336017e-17,1,AES,Graphite
1803.370786516854,0.00200941354629154,1,AES,Graphite
1804.582315583781,0.0,1,AES,Graphite
1805.7938446507083,-0.0007254654986125214,1,AES,Graphite
1807.0053737176356,-4.994147539549825e-16,1,AES,Graphite
1808.2169027845628,-0.001330531095320013,1,AES,Graphite
1809.42843185149,0.002291004839383394,1,AES,Graphite
1810.639960918417,0.010000000000017703,1,AES,Graphite
1811.8514899853444,0.0031859949443753346,1,AES,Graphite
1813.0630190522716,-0.010000000000019656,1,AES,Graphite
1814.2745481191987,-0.004764420772059707,1,AES,Graphite
1815.486077186126,0.002957676144094569,1,AES,Graphite
1816.6976062530532,-0.0007125790117023311,1,AES,Graphite
1817.9091353199804,-0.002957676144094836,1,AES,Graphite
1819.1206643869077,0.0,1,AES,Graphite
1820.3321934538349,0.004004237179899461,1,AES,Graphite
1821.543722520762,0.0,1,AES,Graphite
1822.7552515876891,0.0041089939826473975,1,AES,Graphite
1823.9667806546165,-3.0453007517648635e-15,1,AES,Graphite
1825.1783097215437,-0.007527933765049775,1,AES,Graphite
1826.3898387884708,0.004890742716308841,1,AES,Graphite
1827.6013678553982,0.005776949447912548,1,AES,Graphite
1828.8128969223253,0.001647237007699146,1,AES,Graphite
1830.0244259892524,-0.002529959574931293,1,AES,Graphite
1831.2359550561798,-0.0032902046021252365,1,AES,Graphite
1832.447484123107,-0.0019531107200689306,1,AES,Graphite
1833.659013190034,-0.0007792327474680133,1,AES,Graphite
1834.8705422569612,-0.001879176550411611,1,AES,Graphite
1836.0820713238886,-0.0024685423744144927,1,AES,Graphite
1837.2936003908158,0.0,1,AES,Graphite
1838.505129457743,0.0,1,AES,Graphite
1839.7166585246703,0.0,1,AES,Graphite
1840.9281875915974,0.0022085661471202616,1,AES,Graphite
1842.1397166585245,0.0030297139207805935,1,AES,Graphite
1843.351245725452,-0.0019281870895292222,1,AES,Graphite
1844.562774792379,0.0016562162037329145,1,AES,Graphite
1845.7743038593062,-0.0002803790575897965,1,AES,Graphite
1846.9858329262336,-0.004685930124512213,1,AES,Graphite
1848.1973619931607,0.0,1,AES,Graphite
1849.4088910600879,0.0,1,AES,Graphite
1850.620420127015,0.0,1,AES,Graphite
1851.8319491939424,0.0,1,AES,Graphite
1853.0434782608695,0.0047998479589197104,1,AES,Graphite
1854.2550073277966,0.0020005951238847458,1,AES,Graphite
1855.466536394724,-0.00479984795891911,1,AES,Graphite
1856.6780654616512,0.0038795885161117243,1,AES,Graphite
1857.8895945285783,0.0038724616508812636,1,AES,Graphite
1859.1011235955057,-0.004034083043419785,1,AES,Graphite
1860.3126526624328,0.00612753834913951,1,AES,Graphite
1861.52418172936,-0.0018461005965750709,1,AES,Graphite
1862.735710796287,-0.010000000000020595,1,AES,Graphite
1863.9472398632145,0.013452924593915231,1,AES,Graphite
1865.1587689301416,0.005976893368504194,1,AES,Graphite
1866.3702979970687,-0.008558586785626637,1,AES,Graphite
1867.5818270639961,-0.005976893368504349,1,AES,Graphite
1868.7933561309233,-0.004894337808287729,1,AES,Graphite
1870.0048851978504,0.0004468153420329481,1,AES,Graphite
1871.2164142647778,0.010000000000020427,1,AES,Graphite
1872.427943331705,0.0005780986997081907,1,AES,Graphite
1873.639472398632,-0.010000000000019656,1,AES,Graphite
1874.8510014655592,-0.0010249140417413606,1,AES,Graphite
1876.0625305324866,0.0,1,AES,Graphite
1877.2740595994137,0.0016288630886008891,1,AES,Graphite
1878.4855886663408,6.113936468537112e-16,1,AES,Graphite
1879.6971177332682,-0.0016288630886004305,1,AES,Graphite
1880.9086468001954,0.0,1,AES,Graphite
1882.1201758671225,0.0,1,AES,Graphite
1883.3317049340499,0.005620628135788278,1,AES,Graphite
1884.543234000977,0.005268620042250361,1,AES,Graphite
1885.7547630679042,0.004379371864230542,1,AES,Graphite
1886.9662921348315,0.004731379957767962,1,AES,Graphite
1888.1778212017587,-0.008513300381309007,1,AES,Graphite
1889.3893502686858,-0.010000000000019656,1,AES,Graphite
1890.600879335613,-0.0005295781544304869,1,AES,Graphite
1891.8124084025403,0.0024295942940900945,1,AES,Graphite
1893.0239374694675,0.002934050315085014,1,AES,Graphite
1894.2354665363946,-0.0024295942940889934,1,AES,Graphite
1895.446995603322,-0.003891171779364492,1,AES,Graphite
1896.658524670249,0.0,1,AES,Graphite
1897.8700537371762,0.0,1,AES,Graphite
1899.0815828041036,0.0,1,AES,Graphite
1900.2931118710308,0.0011650856501463846,1,AES,Graphite
1901.504640937958,0.0028973986900498873,1,AES,Graphite
1902.716170004885,-0.0011650856501454066,1,AES,Graphite
1903.9276990718124,0.0018366059989177064,1,AES,Graphite
1905.1392281387396,0.0,1,AES,Graphite
1906.3507572056667,-0.004734004688966779,1,AES,Graphite
1907.562286272594,0.0,1,AES,Graphite
1908.7738153395212,0.0,1,AES,Graphite
1909.9853444064483,0.0028037161526254196,1,AES,Graphite
1911.1968734733757,0.0023368722293505796,1,AES,Graphite
1912.4084025403029,-0.002803716152626209,1,AES,Graphite
1913.61993160723,-0.002124413732612994,1,AES,Graphite
1914.8314606741571,0.0016362814900731616,1,AES,Graphite
1916.0429897410845,-0.00021245849673897312,1,AES,Graphite
1917.2545188080117,-0.0016362814900735424,1,AES,Graphite
1918.4660478749388,0.002518980044330318,1,AES,Graphite
1919.6775769418662,-9.454989841891059e-16,1,AES,Graphite
1920.8891060087933,-0.0015879722934451356,1,AES,Graphite
1922.1006350757204,0.010000000000017191,1,AES,Graphite
1923.3121641426478,0.0005482570936549476,1,AES,Graphite
1924.523693209575,-0.010000000000019656,1,AES,Graphite
1925.735222276502,-0.0014792648445443306,1,AES,Graphite
1926.9467513434295,0.003693926301899558,1,AES,Graphite
1928.1582804103566,0.0,1,AES,Graphite
1929.3698094772838,-0.0036939263018992106,1,AES,Graphite
1930.581338544211,0.0006360975356132562,1,AES,Graphite
1931.7928676111383,0.0036428594089843343,1,AES,Graphite
1933.0043966780654,0.009363902464406222,1,AES,Graphite
1934.2159257449925,-0.0034472441249443855,1,AES,Graphite
1935.42745481192,0.0013599751250803595,1,AES,Graphite
1936.638983878847,0.0020025426324669637,1,AES,Graphite
1937.8505129457742,-0.010800397482860675,1,AES,Graphite
1939.0620420127016,-0.0021981579165030445,1,AES,Graphite
1940.2735710796287,-0.0005595776422359321,1,AES,Graphite
1941.4851001465559,0.00027320202937680866,1,AES,Graphite
1942.696629213483,0.010000000000016945,1,AES,Graphite
1943.9081582804104,-0.00027320202938048525,1,AES,Graphite
1945.1196873473375,-0.008615467283099879,1,AES,Graphite
1946.3312164142646,0.012866794765655396,1,AES,Graphite
1947.542745481192,0.008615467283096376,1,AES,Graphite
1948.7542745481192,-0.012866794765658496,1,AES,Graphite
1949.9658036150463,-0.008036375948933788,1,AES,Graphite
1951.1773326819737,0.006525268166240054,1,AES,Graphite
1952.3888617489008,-0.0018976776027233918,1,AES,Graphite
1953.600390815828,-0.006525268166240178,1,AES,Graphite
1954.811919882755,-6.59464483639754e-05,1,AES,Graphite
1956.0234489496825,0.004360367963113852,1,AES,Graphite
1957.2349780166096,0.0,1,AES,Graphite
1958.4465070835367,-0.004360367963113852,1,AES,Graphite
1959.658036150464,0.0,1,AES,Graphite
1960.8695652173913,0.0,1,AES,Graphite
1962.0810942843184,0.0003890442140392169,1,AES,Graphite
1963.2926233512458,0.005152605573860041,1,AES,Graphite
1964.504152418173,0.0006355893402359808,1,AES,Graphite
1965.7156814851,-0.005152605573859704,1,AES,Graphite
1966.9272105520272,-0.0010246335542754034,1,AES,Graphite
1968.1387396189546,0.0,1,AES,Graphite
1969.3502686858817,0.002800748872084405,1,AES,Graphite
1970.5617977528088,1.0512608940607365e-15,1,AES,Graphite
1971.7733268197362,-0.002800748872083617,1,AES,Graphite
1972.9848558866634,0.010126818489062453,1,AES,Graphite
1974.1963849535905,0.0009474834191546066,1,AES,Graphite
1975.4079140205179,-0.010126818489059962,1,AES,Graphite
1976.619443087445,-0.0009474834191510721,1,AES,Graphite
1977.8309721543721,0.013642251629336183,1,AES,Graphite
1979.0425012212995,0.0003592327735001678,1,AES,Graphite
1980.2540302882267,-0.013642251629340022,1,AES,Graphite
1981.4655593551538,0.0025560666245103988,1,AES,Graphite
1982.677088422081,1.0942574259904236e-15,1,AES,Graphite
1983.8886174890083,0.0030257928303704072,1,AES,Graphite
1985.1001465559355,0.0034253311197835114,1,AES,Graphite
1986.3116756228626,-0.005941092228383954,1,AES,Graphite
1987.52320468979,0.0006373632621569699,1,AES,Graphite
1988.734733756717,0.0002152011556120135,1,AES,Graphite
1989.9462628236442,-0.0013581552968250379,1,AES,Graphite
1991.1577918905716,0.0013221104294604408,1,AES,Graphite
1992.3693209574988,-0.0027045390851151594,1,AES,Graphite
1993.580850024426,-0.0015373115850732645,1,AES,Graphite
1994.792379091353,0.0032664813285722075,1,AES,Graphite
1996.0039081582804,-1.2260735391648493e-15,1,AES,Graphite
1997.2154372252076,-0.0032664813285731265,1,AES,Graphite
1998.4269662921347,0.0,1,AES,Graphite
1999.638495359062,0.001343428230417279,1,AES,Graphite
2000.8500244259892,0.0065412188730117745,1,AES,Graphite
2002.0615534929163,-0.001343428230414824,1,AES,Graphite
2003.2730825598437,-0.006464407792763646,1,AES,Graphite
2004.4846116267709,0.004478803462567803,1,AES,Graphite
2005.696140693698,-7.681108024627933e-05,1,AES,Graphite
2006.9076697606251,-0.0030441236176662716,1,AES,Graphite
2008.1191988275525,-5.38506979856606e-16,1,AES,Graphite
2009.3307278944797,-7.632027234134098e-05,1,AES,Graphite
2010.5422569614068,5.098601709490992e-16,1,AES,Graphite
2011.7537860283342,0.001767845396541813,1,AES,Graphite
2012.9653150952613,0.0037657494353553825,1,AES,Graphite
2014.1768441621884,0.005086497049669396,1,AES,Graphite
2015.3883732291158,-0.0019274650021976775,1,AES,Graphite
2016.599902296043,0.0028205485349260496,1,AES,Graphite
2017.81143136297,-0.0012218020574851333,1,AES,Graphite
2019.0229604298975,-0.011033250553695912,1,AES,Graphite
2020.2344894968246,0.0004570061841057327,1,AES,Graphite
2021.4460185637517,0.0,1,AES,Graphite
2022.657547630679,-0.0005392210185412049,1,AES,Graphite
2023.8690766976063,0.004178710175349378,1,AES,Graphite
2025.0806057645334,0.009465732458784251,1,AES,Graphite
2026.2921348314605,-0.0005636289283600623,1,AES,Graphite
2027.503663898388,-0.005822819954322545,1,AES,Graphite
2028.715192965315,-0.0036150812469867796,1,AES,Graphite
2029.9267220322422,-0.0041771800456956555,1,AES,Graphite
2031.1382510991696,0.0,1,AES,Graphite
2032.3497801660967,0.004113368583819147,1,AES,Graphite
2033.5613092330238,0.0,1,AES,Graphite
2034.772838299951,-0.004113368583819533,1,AES,Graphite
2035.9843673668784,0.010000000000020595,1,AES,Graphite
2037.1958964338055,0.012665994253519882,1,AES,Graphite
2038.4074255007326,-0.008266055405475247,1,AES,Graphite
2039.61895456766,-0.01266599425351697,1,AES,Graphite
2040.8304836345872,-0.0017339445945410814,1,AES,Graphite
2042.0420127015143,0.0,1,AES,Graphite
2043.2535417684417,0.0,1,AES,Graphite
2044.4650708353688,0.00512310219788247,1,AES,Graphite
2045.676599902296,0.0,1,AES,Graphite
2046.888128969223,-0.0012629305153090747,1,AES,Graphite
2048.0996580361507,0.004824795655947012,1,AES,Graphite
2049.311187103078,-0.0006940668626187395,1,AES,Graphite
2050.522716170005,-0.004824795655949004,1,AES,Graphite
2051.734245236932,-0.0018856902844176973,1,AES,Graphite
2052.9457743038593,0.0,1,AES,Graphite
2054.1573033707864,0.008719585464479564,1,AES,Graphite
2055.3688324377135,0.001028693052597136,1,AES,Graphite
2056.5803615046407,-0.010000000000019656,1,AES,Graphite
2057.791890571568,0.0027379866895016506,1,AES,Graphite
2059.0034196384954,-2.8276459576855547e-15,1,AES,Graphite
2060.2149487054226,-0.0031287095894947403,1,AES,Graphite
2061.4264777723497,0.0008984366465414372,1,AES,Graphite
2062.638006839277,-0.0006379701526058053,1,AES,Graphite
2063.8495359062044,0.0009622402990244451,1,AES,Graphite
2065.0610649731316,0.0,1,AES,Graphite
2066.2725940400587,0.0009026090991063193,1,AES,Graphite
2067.484123106986,0.0,1,AES,Graphite
2068.695652173913,-0.0023624780431875944,1,AES,Graphite
2069.90718124084,0.006149239140695552,1,AES,Graphite
2071.1187103077673,-0.00040080800148375187,1,AES,Graphite
2072.3302393746944,-0.006149239140696707,1,AES,Graphite
2073.541768441622,0.011629839084056444,1,AES,Graphite
2074.753297508549,0.000569536750956415,1,AES,Graphite
2075.9648265754763,-0.01051782913866372,1,AES,Graphite
2077.1763556424035,0.0009819015169170114,1,AES,Graphite
2078.3878847093306,0.0009009849088900783,1,AES,Graphite
2079.5994137762577,0.001967932325838422,1,AES,Graphite
2080.810942843185,0.009286729337284019,1,AES,Graphite
2082.0224719101125,-0.0035193705937183496,1,AES,Graphite
2083.2340009770396,-0.009166682429623338,1,AES,Graphite
2084.4455300439668,0.006025402870570436,1,AES,Graphite
2085.657059110894,-0.0021330417619453966,1,AES,Graphite
2086.868588177821,-0.006025402870570436,1,AES,Graphite
2088.080117244748,0.00351106398779402,1,AES,Graphite
2089.291646311676,-2.6357552465367517e-15,1,AES,Graphite
2090.503175378603,-0.003511063987795996,1,AES,Graphite
2091.71470444553,0.0026875654283050917,1,AES,Graphite
2092.926233512457,0.0,1,AES,Graphite
2094.1377625793843,-0.0026875654283050917,1,AES,Graphite
2095.3492916463115,0.0010528629174495464,1,AES,Graphite
2096.5608207132386,0.000604162446256272,1,AES,Graphite
2097.772349780166,0.0011971363783002786,1,AES,Graphite
2098.9838788470934,-0.0006041624462558217,1,AES,Graphite
2100.1954079140205,0.00937729611271219,1,AES,Graphite
2101.4069369809476,0.0,1,AES,Graphite
2102.618466047875,-0.009284186233841817,1,AES,Graphite
2103.829995114802,0.0019516144327324815,1,AES,Graphite
2105.0415241817295,-0.002343109174619783,1,AES,Graphite
2106.2530532486567,0.011492536301080719,1,AES,Graphite
2107.464582315584,0.0,1,AES,Graphite
2108.676111382511,-0.0008814263413328993,1,AES,Graphite
2109.887640449438,0.0011648376627227625,1,AES,Graphite
2111.0991695163652,-0.0067329951870130295,1,AES,Graphite
2112.3106985832924,-0.0011648376627186046,1,AES,Graphite
2113.52222765022,-0.005829729205463329,1,AES,Graphite
2114.733756717147,0.0,1,AES,Graphite
2115.9452857840743,0.0,1,AES,Graphite
2117.1568148510014,0.0025369851377196454,1,AES,Graphite
2118.3683439179285,0.0,1,AES,Graphite
2119.5798729848557,-0.0025369851377196454,1,AES,Graphite
2120.791402051783,0.0,1,AES,Graphite
2122.0029311187104,0.0030138641709435204,1,AES,Graphite
2123.2144601856376,0.005425144866257062,1,AES,Graphite
2124.4259892525647,-0.003013864170942955,1,AES,Graphite
2125.637518319492,-0.005425144866257062,1,AES,Graphite
2126.849047386419,0.00022216775524796562,1,AES,Graphite
2128.060576453346,0.003684852585416783,1,AES,Graphite
2129.2721055202737,-0.0002221677552506068,1,AES,Graphite
2130.483634587201,-0.002928874476229319,1,AES,Graphite
2131.695163654128,0.0030928019736071737,1,AES,Graphite
2132.906692721055,0.0008332228798437585,1,AES,Graphite
2134.1182217879823,-0.002491551129604357,1,AES,Graphite
2135.3297508549094,0.0015855783953816396,1,AES,Graphite
2136.5412799218366,-0.0006012508440005462,1,AES,Graphite
2137.752808988764,-0.001024923742769428,1,AES,Graphite
2138.9643380556913,0.0,1,AES,Graphite
2140.1758671226185,-0.0021498556416431514,1,AES,Graphite
2141.3873961895456,0.00162125948673267,1,AES,Graphite
2142.5989252564727,0.00435650552236289,1,AES,Graphite
2143.8104543234,-0.00162125948673267,1,AES,Graphite
2145.021983390327,-0.0013345003511194646,1,AES,Graphite
2146.2335124572546,0.005113278812441782,1,AES,Graphite
2147.4450415241818,0.0011481957121141316,1,AES,Graphite
2148.656570591109,8.780595046512775e-05,1,AES,Graphite
2149.868099658036,-0.00181657193784329,1,AES,Graphite
2151.079628724963,-0.004961849863082563,1,AES,Graphite
2152.2911577918903,-0.0023536289455170483,1,AES,Graphite
2153.502686858818,0.009760765100196012,1,AES,Graphite
2154.714215925745,0.0,1,AES,Graphite
2155.925744992672,-0.003114938227706546,1,AES,Graphite
2157.1372740595993,0.0,1,AES,Graphite
2158.3488031265265,-0.0064943224411829065,1,AES,Graphite
2159.5603321934536,0.0017490147713074187,1,AES,Graphite
2160.771861260381,-0.0002524558406073198,1,AES,Graphite
2161.9833903273084,0.003626774753919979,1,AES,Graphite
2163.1949193942355,-0.00013828349052172353,1,AES,Graphite
2164.4064484611627,-0.0047585994262599315,1,AES,Graphite
2165.61797752809,0.0,1,AES,Graphite
2166.829506595017,-0.0006171900989655772,1,AES,Graphite
2168.041035661944,0.0,1,AES,Graphite
2169.2525647288717,0.0,1,AES,Graphite
2170.464093795799,0.0,1,AES,Graphite
2171.675622862726,0.0,1,AES,Graphite
2172.887151929653,0.0,1,AES,Graphite
2174.0986809965802,0.0,1,AES,Graphite
2175.3102100635074,0.0,1,AES,Graphite
2176.5217391304345,0.0024104884105124757,1,AES,Graphite
2177.733268197362,0.00026145452243837755,1,AES,Graphite
2178.9447972642893,-0.0024104884105138323,1,AES,Graphite
2180.1563263312164,-0.00026145452244013797,1,AES,Graphite
2181.3678553981435,0.0,1,AES,Graphite
2182.5793844650707,0.001012249748771211,1,AES,Graphite
2183.790913531998,0.00425118730642109,1,AES,Graphite
2185.002442598925,-0.0010122497487682098,1,AES,Graphite
2186.2139716658526,-0.003886386497086476,1,AES,Graphite
2187.4255007327797,0.0,1,AES,Graphite
2188.637029799707,0.0017643285589076232,1,AES,Graphite
2189.848558866634,0.0006761449499493033,1,AES,Graphite
2191.060087933561,-0.002129129368239775,1,AES,Graphite
2192.2716170004883,-0.0006761449499494301,1,AES,Graphite
2193.483146067416,0.0,1,AES,Graphite
2194.694675134343,0.0034125154740333153,1,AES,Graphite
2195.90620420127,6.75890784190185e-05,1,AES,Graphite
2197.1177332681973,0.002617038049812237,1,AES,Graphite
2198.3292623351244,-6.75890784190185e-05,1,AES,Graphite
2199.5407914020516,-0.006029553523845553,1,AES,Graphite
2200.7523204689787,0.0,1,AES,Graphite
2201.9638495359063,0.010000000000021535,1,AES,Graphite
2203.1753786028335,0.0,1,AES,Graphite
2204.3869076697606,-0.009152818046105647,1,AES,Graphite
2205.5984367366877,0.0016134019483003907,1,AES,Graphite
2206.809965803615,-0.0008471819539140107,1,AES,Graphite
2208.021494870542,0.001225177822288659,1,AES,Graphite
2209.2330239374696,-2.1309214383599843e-15,1,AES,Graphite
2210.4445530043968,0.017626968650932877,1,AES,Graphite
2211.656082071324,0.005113096041948988,1,AES,Graphite
2212.867611138251,-0.01762125684266072,1,AES,Graphite
2214.079140205178,-0.005113096041948988,1,AES,Graphite
2215.2906692721053,-0.002844291578863106,1,AES,Graphite
2216.5021983390325,0.0,1,AES,Graphite
2217.71372740596,0.0,1,AES,Graphite
2218.925256472887,0.0,1,AES,Graphite
2220.1367855398144,0.0,1,AES,Graphite
2221.3483146067415,0.0,1,AES,Graphite
2222.5598436736686,0.00024373280659360804,1,AES,Graphite
2223.771372740596,0.0,1,AES,Graphite
2224.982901807523,-0.00024373280659365382,1,AES,Graphite
2226.1944308744505,0.0005348818397284645,1,AES,Graphite
2227.4059599413777,0.0014015978622819777,1,AES,Graphite
2228.617489008305,-0.000534881839728364,1,AES,Graphite
2229.829018075232,0.003073120200434291,1,AES,Graphite
2231.040547142159,0.0,1,AES,Graphite
2232.252076209086,0.005585062795314949,1,AES,Graphite
2233.463605276014,0.012246074948405765,1,AES,Graphite
2234.675134342941,-0.009320144820151009,1,AES,Graphite
2235.886663409868,-0.009223238579190284,1,AES,Graphite
2237.0981924767952,0.00017096726721426057,1,AES,Graphite
2238.3097215437224,0.006977163630798924,1,AES,Graphite
2239.5212506106495,0.00023589129463757078,1,AES,Graphite
2240.7327796775767,-0.010000000000020671,1,AES,Graphite
2241.9443087445043,-0.0008022016461600506,1,AES,Graphite
2243.1558378114314,0.0,1,AES,Graphite
2244.3673668783586,-0.00034429295357778184,1,AES,Graphite
2245.5788959452857,0.0,1,AES,Graphite
2246.790425012213,0.0,1,AES,Graphite
2248.00195407914,0.0,1,AES,Graphite
2249.2134831460676,0.0002944540518958408,1,AES,Graphite
2250.4250122129947,0.0005069784314114724,1,AES,Graphite
2251.636541279922,-0.00029445405189578556,1,AES,Graphite
2252.848070346849,0.0035071655622626917,1,AES,Graphite
2254.059599413776,0.0,1,AES,Graphite
2255.2711284807033,-0.0009395475718332717,1,AES,Graphite
2256.4826575476304,0.0013548305750157353,1,AES,Graphite
2257.694186614558,-0.0030745964218401793,1,AES,Graphite
2258.905715681485,0.00427550000080356,1,AES,Graphite
2260.1172447484123,0.0,1,AES,Graphite
2261.3287738153394,-0.002715268279343019,1,AES,Graphite
2262.5403028822666,0.0031733085412545374,1,AES,Graphite
2263.7518319491937,-0.0029150622964747314,1,AES,Graphite
2264.963361016121,0.011242841884777527,1,AES,Graphite
2266.1748900830485,-1.0822202116615988e-14,1,AES,Graphite
2267.3864191499756,-0.013500569625661102,1,AES,Graphite
2268.5979482169028,0.0008256007522334795,1,AES,Graphite
2269.80947728383,-0.000915580800379676,1,AES,Graphite
2271.021006350757,0.0017458466660760482,1,AES,Graphite
2272.232535417684,0.0025165191198290105,1,AES,Graphite
2273.4440644846118,-0.0025714474183099693,1,AES,Graphite
2274.655593551539,0.001620146058827472,1,AES,Graphite
2275.867122618466,0.0,1,AES,Graphite
2277.078651685393,-0.0008619843948840185,1,AES,Graphite
2278.2901807523203,0.0035733022358054086,1,AES,Graphite
2279.5017098192475,-0.00327468078377195,1,AES,Graphite
2280.7132388861746,-0.0035733022358060795,1,AES,Graphite
2281.924767953102,0.0,1,AES,Graphite
2283.1362970200294,0.010000000000019656,1,AES,Graphite
2284.3478260869565,0.0,1,AES,Graphite
2285.5593551538836,-0.007527336450289524,1,AES,Graphite
2286.770884220811,0.004155594058342412,1,AES,Graphite
2287.982413287738,0.001953694259923242,1,AES,Graphite
2289.1939423546655,-0.0041555940583433955,1,AES,Graphite
2290.4054714215927,-0.004426357809653211,1,AES,Graphite
2291.61700048852,0.0,1,AES,Graphite
2292.828529555447,0.0,1,AES,Graphite
2294.040058622374,0.0030599900409393793,1,AES,Graphite
2295.2515876893012,0.015123759115708443,1,AES,Graphite
2296.4631167562284,-0.0030599900409286,1,AES,Graphite
2297.674645823156,-0.015123759115699931,1,AES,Graphite
2298.886174890083,0.0,1,AES,Graphite
2300.0977039570103,0.0108885203967711,1,AES,Graphite
2301.3092330239374,0.0,1,AES,Graphite
2302.5207620908645,-0.009543627018040204,1,AES,Graphite
2303.7322911577917,0.0,1,AES,Graphite
2304.943820224719,-0.0013448933787311517,1,AES,Graphite
2306.1553492916464,0.0017325195927246208,1,AES,Graphite
2307.3668783585736,2.0367983001289413e-05,1,AES,Graphite
2308.5784074255007,-0.0017325195927242953,1,AES,Graphite
2309.789936492428,-2.0367983001289413e-05,1,AES,Graphite
2311.001465559355,0.0,1,AES,Graphite
2312.212994626282,0.0,1,AES,Graphite
2313.4245236932097,0.0,1,AES,Graphite
2314.636052760137,0.005070048339987871,1,AES,Graphite
2315.847581827064,0.0017789345694106673,1,AES,Graphite
2317.059110893991,-0.005070048339987871,1,AES,Graphite
2318.2706399609183,0.0004314296603156969,1,AES,Graphite
2319.4821690278454,0.0,1,AES,Graphite
2320.6936980947726,0.0015101556768101119,1,AES,Graphite
2321.9052271617,0.001172306070730809,1,AES,Graphite
2323.1167562286273,-0.003720519906538985,1,AES,Graphite
2324.3282852955545,0.0002476110306569225,1,AES,Graphite
2325.5398143624816,0.0,1,AES,Graphite
2326.7513434294087,-0.0014199171013903045,1,AES,Graphite
2327.962872496336,0.0,1,AES,Graphite
2329.1744015632635,0.0004533385563061978,1,AES,Graphite
2330.3859306301906,0.005494605038064939,1,AES,Graphite
2331.5974596971178,0.006623144491949637,1,AES,Graphite
2332.808988764045,-0.0034710503804941746,1,AES,Graphite
2334.020517830972,-0.005488073957347627,1,AES,Graphite
2335.232046897899,-0.0020235546575707642,1,AES,Graphite
2336.4435759648263,-0.001588409090908421,1,AES,Graphite
2337.655105031754,0.0,1,AES,Graphite
2338.866634098681,0.0,1,AES,Graphite
2340.078163165608,0.0,1,AES,Graphite
2341.2896922325353,0.0,1,AES,Graphite
2342.5012212994625,0.0,1,AES,Graphite
2343.7127503663896,0.01237196876364086,1,AES,Graphite
2344.9242794333168,9.287635227412983e-15,1,AES,Graphite
2346.1358085002444,-0.01161320648724535,1,AES,Graphite
2347.3473375671715,0.006577873836566139,1,AES,Graphite
2348.5588666340986,0.009241237723631255,1,AES,Graphite
2349.770395701026,-0.006577873836566139,1,AES,Graphite
2350.981924767953,-0.010000000000019656,1,AES,Graphite
2352.19345383488,0.0034916513617277533,1,AES,Graphite
2353.4049829018077,0.006210824028327377,1,AES,Graphite
2354.616511968735,-0.0034916513617297192,1,AES,Graphite
2355.828041035662,0.0053644385553968535,1,AES,Graphite
2357.039570102589,0.0,1,AES,Graphite
2358.2510991695162,-0.011575262583725685,1,AES,Graphite
2359.4626282364434,0.00838643375740559,1,AES,Graphite
2360.6741573033705,6.2956946534291e-15,1,AES,Graphite
2361.885686370298,-0.007581708128578262,1,AES,Graphite
2363.0972154372253,0.0014832710011830595,1,AES,Graphite
2364.3087445041524,0.0026388041605570614,1,AES,Graphite
2365.5202735710795,-0.0011725211786033534,1,AES,Graphite
2366.7318026380067,0.007533440711236622,1,AES,Graphite
2367.943331704934,-0.00031074982257152416,1,AES,Graphite
2369.1548607718614,-0.010123444702747236,1,AES,Graphite
2370.3663898387886,0.0,1,AES,Graphite
2371.5779189057157,0.0011177656706312933,1,AES,Graphite
2372.789447972643,0.0,1,AES,Graphite
2374.00097703957,-0.0007753319963928741,1,AES,Graphite
2375.212506106497,0.0,1,AES,Graphite
2376.4240351734243,0.002375265817632164,1,AES,Graphite
2377.635564240352,-2.680918327522e-15,1,AES,Graphite
2378.847093307279,-0.0035712252897353823,1,AES,Graphite
2380.058622374206,0.004002135760744523,1,AES,Graphite
2381.2701514411333,0.0,1,AES,Graphite
2382.4816805080604,-0.004002135760744523,1,AES,Graphite
2383.6932095749876,0.0,1,AES,Graphite
2384.9047386419147,0.004358977829043306,1,AES,Graphite
2386.1162677088423,-3.2722840490460175e-15,1,AES,Graphite
2387.3277967757695,0.015592271601052749,1,AES,Graphite
2388.5393258426966,0.0033492437671833516,1,AES,Graphite
2389.7508549096237,-0.019243255754643588,1,AES,Graphite
2390.962383976551,-0.0033492437671833516,1,AES,Graphite
2392.173913043478,0.00019763014818762053,1,AES,Graphite
2393.3854421104056,0.0016527198444296917,1,AES,Graphite
2394.5969711773328,0.0011406527224489733,1,AES,Graphite
2395.80850024426,0.00010935846310622902,1,AES,Graphite
2397.020029311187,-0.0017621748426814112,1,AES,Graphite
2398.231558378114,-0.0017620783075362903,1,AES,Graphite
2399.4430874450413,-0.00028410170341074446,1,AES,Graphite
2400.6546165119685,0.0,1,AES,Graphite
2401.866145578896,0.003595708486279065,1,AES,Graphite
2403.077674645823,0.0018824424363373595,1,AES,Graphite
2404.2892037127503,-0.0035957084862783904,1,AES,Graphite
2405.5007327796775,0.010197721782902463,1,AES,Graphite
2406.7122618466046,0.0006175983913059232,1,AES,Graphite
2407.923790913532,-0.012080164219239822,1,AES,Graphite
2409.135319980459,-0.0006175983913060392,1,AES,Graphite
2410.3468490473865,0.003565080484974087,1,AES,Graphite
2411.5583781143137,0.0030050439240222587,1,AES,Graphite
2412.769907181241,-0.0035650804849734173,1,AES,Graphite
2413.981436248168,-0.001714093168470331,1,AES,Graphite
2415.192965315095,0.0,1,AES,Graphite
2416.404494382022,0.008709049244461857,1,AES,Graphite
2417.61602344895,-7.506998606984882e-15,1,AES,Graphite
2418.827552515877,-0.007264952095928251,1,AES,Graphite
2420.039081582804,0.00302279961661849,1,AES,Graphite
2421.2506106497312,-0.0011078171239468607,1,AES,Graphite
2422.4621397166584,-0.0007231860694464565,1,AES,Graphite
2423.6736687835855,9.80890941918518e-06,1,AES,Graphite
2424.8851978505127,-0.0022996135471712365,1,AES,Graphite
2426.0967269174403,-0.0002672138636824884,1,AES,Graphite
2427.3082559843674,0.0025384681870796316,1,AES,Graphite
2428.5197850512945,0.0010223802688401184,1,AES,Graphite
2429.7313141182217,0.001232125084937554,1,AES,Graphite
2430.942843185149,-0.00014584754171001317,1,AES,Graphite
2432.154372252076,-0.0026559887275535584,1,AES,Graphite
2433.3659013190036,0.00114758198585342,1,AES,Graphite
2434.5774303859307,0.008885395455556382,1,AES,Graphite
2435.788959452858,0.006606059461157134,1,AES,Graphite
2437.000488519785,-0.010000000000019656,1,AES,Graphite
2438.212017586712,-0.010000000000019656,1,AES,Graphite
2439.4235466536393,0.010000000000019656,1,AES,Graphite
2440.6350757205664,7.506998606984882e-15,1,AES,Graphite
2441.846604787494,-0.010000000000014027,1,AES,Graphite
2443.058133854421,0.0,1,AES,Graphite
2444.2696629213483,0.0,1,AES,Graphite
2445.4811919882754,0.0006764528327126795,1,AES,Graphite
2446.6927210552026,3.823118992048556e-06,1,AES,Graphite
2447.9042501221297,-0.0006764528327126795,1,AES,Graphite
2449.115779189057,0.00208694929692683,1,AES,Graphite
2450.3273082559845,0.0029734678217916938,1,AES,Graphite
2451.5388373229116,-0.0020907724159200565,1,AES,Graphite
2452.7503663898387,-0.0029734678217927047,1,AES,Graphite
2453.961895456766,0.0,1,AES,Graphite
2455.173424523693,0.0,1,AES,Graphite
2456.38495359062,0.00263064772702013,1,AES,Graphite
2457.5964826575478,-1.9748268822180354e-15,1,AES,Graphite
2458.808011724475,-0.002630647727021611,1,AES,Graphite
2460.019540791402,0.0,1,AES,Graphite
2461.231069858329,0.002015203972896373,1,AES,Graphite
2462.4425989252563,0.0,1,AES,Graphite
2463.6541279921835,-0.0018251299289176938,1,AES,Graphite
2464.8656570591106,0.000879690346808228,1,AES,Graphite
2466.077186126038,0.004125202636456314,1,AES,Graphite
2467.2887151929654,-0.0008796903468085805,1,AES,Graphite
2468.5002442598925,-0.004315276680434736,1,AES,Graphite
2469.7117733268196,0.01058307179746431,1,AES,Graphite
2470.923302393747,0.005710252327952166,1,AES,Graphite
2472.134831460674,-0.006653800838900269,1,AES,Graphite
2473.3463605276015,-0.005045325513587638,1,AES,Graphite
2474.5578895945287,-0.0039292709585639525,1,AES,Graphite
2475.769418661456,0.0018948316218614998,1,AES,Graphite
2476.980947728383,0.0,1,AES,Graphite
2478.19247679531,-0.0010490079952747916,1,AES,Graphite
2479.404005862237,0.0016030792714486581,1,AES,Graphite
2480.6155349291644,0.0018516647190214236,1,AES,Graphite
2481.827063996092,0.007149076962496726,1,AES,Graphite
2483.038593063019,-0.0021178829331709357,1,AES,Graphite
2484.2501221299462,-0.008752156233945364,1,AES,Graphite
2485.4616511968734,-0.001244532226802307,1,AES,Graphite
2486.6731802638005,0.0,1,AES,Graphite
2487.8847093307277,0.010000000000019656,1,AES,Graphite
2489.096238397655,7.506998606984882e-15,1,AES,Graphite
2490.3077674645824,-0.010000000000014027,1,AES,Graphite
2491.5192965315096,0.00048318764784087014,1,AES,Graphite
2492.7308255984367,0.0,1,AES,Graphite
2493.942354665364,0.0030721182250300696,1,AES,Graphite
2495.153883732291,6.566984661442211e-07,1,AES,Graphite
2496.365412799218,0.00644469412714242,1,AES,Graphite
2497.5769418661457,-6.5669847365085e-07,1,AES,Graphite
2498.788470933073,-0.00950781868346787,1,AES,Graphite
2500.0,0.0009843626331035727,1,AES,Graphite
