energy,intensity,line_id,technique,material
0.0,0.0,1,Raman,Sodium Azide
1.709819247679531,0.0,1,Raman,Sodium Azide
3.419638495359062,0.0,1,Raman,Sodium Azide
5.129457743038593,0.01,1,Raman,Sodium Azide
6.839276990718124,0.03388271612503849,1,Raman,Sodium Azide
8.549096238397656,0.01,1,Raman,Sodium Azide
10.258915486077186,0.018035681787799122,1,Raman,Sodium Azide
11.968734733756717,0.004801988572305562,1,Raman,Sodium Azide
13.678553981436249,0.02851691674262749,1,Raman,Sodium Azide
15.38837322911578,0.02,1,Raman,Sodium Azide
17.09819247679531,0.0,1,Raman,Sodium Azide
18.80801172447484,0.02582881567402754,1,Raman,Sodium Azide
20.51783097215437,0.05964362646493847,1,Raman,Sodium Azide
22.227650219833905,0.0,1,Raman,Sodium Azide
23.937469467513434,0.04871663364542512,1,Raman,Sodium Azide
25.647288715192968,0.029465621677409008,1,Raman,Sodium Azide
27.357107962872497,0.10636258395819143,1,Raman,Sodium Azide
29.066927210552027,0.029147947831671073,1,Raman,Sodium Azide
30.77674645823156,0.02432879645906053,1,Raman,Sodium Azide
32.48656570591109,0.162432746284917,1,Raman,Sodium Azide
34.19638495359062,0.0,1,Raman,Sodium Azide
35.90620420127015,0.12582838409148928,1,Raman,Sodium Azide
37.61602344894968,0.09613842176523685,1,Raman,Sodium Azide
39.325842696629216,0.0,1,Raman,Sodium Azide
41.03566194430874,0.12277207524582068,1,Raman,Sodium Azide
42.745481191988276,0.0864028160723449,1,Raman,Sodium Azide
44.45530043966781,0.029874676834989917,1,Raman,Sodium Azide
46.16511968734734,0.0,1,Raman,Sodium Azide
47.87493893502687,0.10500622469792033,1,Raman,Sodium Azide
49.5847581827064,0.015776844003163717,1,Raman,Sodium Azide
51.294577430385935,0.0,1,Raman,Sodium Azide
53.00439667806546,0.05242977615073033,1,Raman,Sodium Azide
54.714215925744995,0.03757974747819599,1,Raman,Sodium Azide
56.42403517342453,0.0734625346387145,1,Raman,Sodium Azide
58.133854421104054,0.06999879326869633,1,Raman,Sodium Azide
59.84367366878359,0.1602192658908772,1,Raman,Sodium Azide
61.55349291646312,0.120144836915755,1,Raman,Sodium Azide
63.26331216414265,0.06654904164079829,1,Raman,Sodium Azide
64.97313141182218,0.02155903341404218,1,Raman,Sodium Azide
66.68295065950171,0.15777049747386332,1,Raman,Sodium Azide
68.39276990718125,0.1440574650961976,1,Raman,Sodium Azide
70.10258915486078,0.25584802571651244,1,Raman,Sodium Azide
71.8124084025403,0.11481580869892721,1,Raman,Sodium Azide
73.52222765021983,0.195107103996017,1,Raman,Sodium Azide
75.23204689789937,0.1216126602859567,1,Raman,Sodium Azide
76.9418661455789,0.10970441555746752,1,Raman,Sodium Azide
78.65168539325843,0.0,1,Raman,Sodium Azide
80.36150464093797,0.15454822457148026,1,Raman,Sodium Azide
82.07132388861748,0.046480698688908494,1,Raman,Sodium Azide
83.78114313629702,0.06969009765616714,1,Raman,Sodium Azide
85.49096238397655,0.10183961162492043,1,Raman,Sodium Azide
87.20078163165608,0.08909129106726262,1,Raman,Sodium Azide
88.91060087933562,0.00876117330180333,1,Raman,Sodium Azide
90.62042012701515,0.059959455117223864,1,Raman,Sodium Azide
92.33023937469468,0.1825175275057772,1,Raman,Sodium Azide
94.0400586223742,0.1584218686091061,1,Raman,Sodium Azide
95.74987787005374,0.16182895957721147,1,Raman,Sodium Azide
97.45969711773327,0.13032454031872243,1,Raman,Sodium Azide
99.1695163654128,0.16368321907385897,1,Raman,Sodium Azide
100.87933561309234,0.15881382644247236,1,Raman,Sodium Azide
102.58915486077187,0.12470185427420678,1,Raman,Sodium Azide
104.29897410845139,0.20209332311909306,1,Raman,Sodium Azide
106.00879335613092,0.11390744594341638,1,Raman,Sodium Azide
107.71861260381046,0.09246178368444845,1,Raman,Sodium Azide
109.42843185148999,0.2113792776185004,1,Raman,Sodium Azide
111.13825109916952,0.22482807040794134,1,Raman,Sodium Azide
112.84807034684906,0.037228569512492315,1,Raman,Sodium Azide
114.55788959452859,0.19088271764975218,1,Raman,Sodium Azide
116.26770884220811,0.011300614041943158,1,Raman,Sodium Azide
117.97752808988764,0.2126677073510507,1,Raman,Sodium Azide
119.68734733756718,0.08654857720461069,1,Raman,Sodium Azide
121.39716658524671,0.20857902841211107,1,Raman,Sodium Azide
123.10698583292624,0.11112479888438578,1,Raman,Sodium Azide
124.81680508060577,0.17386395861337425,1,Raman,Sodium Azide
126.5266243282853,0.0662807859164292,1,Raman,Sodium Azide
128.23644357596484,0.1387567340075443,1,Raman,Sodium Azide
129.94626282364436,0.15498362102912525,1,Raman,Sodium Azide
131.65608207132388,0.22240888127796418,1,Raman,Sodium Azide
133.36590131900343,0.27780998065697865,1,Raman,Sodium Azide
135.07572056668295,0.20222687357908706,1,Raman,Sodium Azide
136.7855398143625,0.18619706652202211,1,Raman,Sodium Azide
138.495359062042,0.10343501078238707,1,Raman,Sodium Azide
140.20517830972156,0.08052917707153193,1,Raman,Sodium Azide
141.91499755740108,0.18558146235182107,1,Raman,Sodium Azide
143.6248168050806,0.18417233417332213,1,Raman,Sodium Azide
145.33463605276015,0.21648486535972483,1,Raman,Sodium Azide
147.04445530043967,0.2347697924155155,1,Raman,Sodium Azide
148.7542745481192,0.20483491344375132,1,Raman,Sodium Azide
150.46409379579873,0.09993795641674434,1,Raman,Sodium Azide
152.17391304347828,0.24303108518831704,1,Raman,Sodium Azide
153.8837322911578,0.18125260550069022,1,Raman,Sodium Azide
155.59355153883732,0.12893282846913545,1,Raman,Sodium Azide
157.30337078651687,0.1756129525528501,1,Raman,Sodium Azide
159.01319003419638,0.11472470529399835,1,Raman,Sodium Azide
160.72300928187593,0.17430472760013763,1,Raman,Sodium Azide
162.43282852955545,0.2464578512552391,1,Raman,Sodium Azide
164.14264777723497,0.17952598257763716,1,Raman,Sodium Azide
165.85246702491452,0.14743696426700945,1,Raman,Sodium Azide
167.56228627259404,0.19813816305024076,1,Raman,Sodium Azide
169.27210552027358,0.236245646101242,1,Raman,Sodium Azide
170.9819247679531,0.12247157377569425,1,Raman,Sodium Azide
172.69174401563265,0.14569522330394186,1,Raman,Sodium Azide
174.40156326331217,0.22112622489385808,1,Raman,Sodium Azide
176.1113825109917,0.14512013687714587,1,Raman,Sodium Azide
177.82120175867124,0.3416490008594572,1,Raman,Sodium Azide
179.53102100635076,0.20943674562292977,1,Raman,Sodium Azide
181.2408402540303,0.18328882384156192,1,Raman,Sodium Azide
182.95065950170982,0.171109217844724,1,Raman,Sodium Azide
184.66047874938937,0.20458337328067902,1,Raman,Sodium Azide
186.3702979970689,0.20111847476119565,1,Raman,Sodium Azide
188.0801172447484,0.09581252256118267,1,Raman,Sodium Azide
189.78993649242796,0.3326310091211432,1,Raman,Sodium Azide
191.49975574010747,0.2328475617005773,1,Raman,Sodium Azide
193.20957498778702,0.23417050318785068,1,Raman,Sodium Azide
194.91939423546654,0.2903487204708195,1,Raman,Sodium Azide
196.6292134831461,0.17259831135317472,1,Raman,Sodium Azide
198.3390327308256,0.19364348592816197,1,Raman,Sodium Azide
200.04885197850513,0.28353243042850956,1,Raman,Sodium Azide
201.75867122618467,0.24222285246588438,1,Raman,Sodium Azide
203.4684904738642,0.27049997352837724,1,Raman,Sodium Azide
205.17830972154374,0.24538564108589314,1,Raman,Sodium Azide
206.88812896922326,0.23714733013454398,1,Raman,Sodium Azide
208.59794821690278,0.35642104982279366,1,Raman,Sodium Azide
210.30776746458233,0.344971736835877,1,Raman,Sodium Azide
212.01758671226185,0.10893224798382796,1,Raman,Sodium Azide
213.7274059599414,0.35566920648301215,1,Raman,Sodium Azide
215.4372252076209,0.4011693901144485,1,Raman,Sodium Azide
217.14704445530046,0.34393068834862045,1,Raman,Sodium Azide
218.85686370297998,0.25346735177029717,1,Raman,Sodium Azide
220.5666829506595,0.2351608051564652,1,Raman,Sodium Azide
222.27650219833905,0.327931519720982,1,Raman,Sodium Azide
223.98632144601856,0.23381679021730428,1,Raman,Sodium Azide
225.6961406936981,0.3083133933707376,1,Raman,Sodium Azide
227.40595994137763,0.27620369180886695,1,Raman,Sodium Azide
229.11577918905718,0.35764065007801943,1,Raman,Sodium Azide
230.8255984367367,0.2568477090698726,1,Raman,Sodium Azide
232.53541768441622,0.25551786384107766,1,Raman,Sodium Azide
234.24523693209576,0.3101459904919927,1,Raman,Sodium Azide
235.95505617977528,0.41178589623248524,1,Raman,Sodium Azide
237.66487542745483,0.3052904193730007,1,Raman,Sodium Azide
239.37469467513435,0.265540245996572,1,Raman,Sodium Azide
241.08451392281387,0.34915494105443523,1,Raman,Sodium Azide
242.79433317049342,0.35231932290633133,1,Raman,Sodium Azide
244.50415241817294,0.2375526577725337,1,Raman,Sodium Azide
246.21397166585248,0.2662157666754569,1,Raman,Sodium Azide
247.923790913532,0.3727883526917224,1,Raman,Sodium Azide
249.63361016121155,0.34208886851419784,1,Raman,Sodium Azide
251.34342940889107,0.14872575020454293,1,Raman,Sodium Azide
253.0532486565706,0.33971074188310496,1,Raman,Sodium Azide
254.76306790425014,0.3702403832635701,1,Raman,Sodium Azide
256.4728871519297,0.27942991126122996,1,Raman,Sodium Azide
258.1827063996092,0.3684557800355457,1,Raman,Sodium Azide
259.8925256472887,0.4370257480209185,1,Raman,Sodium Azide
261.60234489496827,0.3446525687461796,1,Raman,Sodium Azide
263.31216414264776,0.2813315099488301,1,Raman,Sodium Azide
265.0219833903273,0.3100172662566918,1,Raman,Sodium Azide
266.73180263800685,0.33637187024122567,1,Raman,Sodium Azide
268.4416218856864,0.3617982288442081,1,Raman,Sodium Azide
270.1514411333659,0.33372651462546393,1,Raman,Sodium Azide
271.86126038104544,0.3638910195315736,1,Raman,Sodium Azide
273.571079628725,0.33446984409283415,1,Raman,Sodium Azide
275.2808988764045,0.35751757542043117,1,Raman,Sodium Azide
276.990718124084,0.39978793657941447,1,Raman,Sodium Azide
278.7005373717636,0.28197939227753266,1,Raman,Sodium Azide
280.4103566194431,0.3491676413544882,1,Raman,Sodium Azide
282.1201758671226,0.35106304051314163,1,Raman,Sodium Azide
283.82999511480216,0.4152991237687342,1,Raman,Sodium Azide
285.5398143624817,0.34395280824154245,1,Raman,Sodium Azide
287.2496336101612,0.4123402818821051,1,Raman,Sodium Azide
288.95945285784074,0.42320027590506837,1,Raman,Sodium Azide
290.6692721055203,0.23633144133899273,1,Raman,Sodium Azide
292.37909135319984,0.4315886820379798,1,Raman,Sodium Azide
294.08891060087933,0.2958206470853581,1,Raman,Sodium Azide
295.7987298485589,0.2909572085787071,1,Raman,Sodium Azide
297.5085490962384,0.1787721448875289,1,Raman,Sodium Azide
299.2183683439179,0.31373353543092286,1,Raman,Sodium Azide
300.92818759159746,0.36690838484747,1,Raman,Sodium Azide
302.638006839277,0.3447714424751589,1,Raman,Sodium Azide
304.34782608695656,0.35178666332718683,1,Raman,Sodium Azide
306.05764533463605,0.30227405207358293,1,Raman,Sodium Azide
307.7674645823156,0.4310563024499997,1,Raman,Sodium Azide
309.47728382999514,0.4589759745924904,1,Raman,Sodium Azide
311.18710307767464,0.41648233428817627,1,Raman,Sodium Azide
312.8969223253542,0.2710740841244301,1,Raman,Sodium Azide
314.60674157303373,0.5293809185071133,1,Raman,Sodium Azide
316.3165608207133,0.40538194513885084,1,Raman,Sodium Azide
318.02638006839277,0.4225937697405761,1,Raman,Sodium Azide
319.7361993160723,0.2942564051191129,1,Raman,Sodium Azide
321.44601856375186,0.39149575829914124,1,Raman,Sodium Azide
323.15583781143135,0.42076594334824285,1,Raman,Sodium Azide
324.8656570591109,0.38737906475238143,1,Raman,Sodium Azide
326.57547630679045,0.4542967836208083,1,Raman,Sodium Azide
328.28529555446994,0.4837836494983822,1,Raman,Sodium Azide
329.9951148021495,0.3266659135227045,1,Raman,Sodium Azide
331.70493404982903,0.45913841431351315,1,Raman,Sodium Azide
333.4147532975086,0.452053528485331,1,Raman,Sodium Azide
335.1245725451881,0.4186001779989304,1,Raman,Sodium Azide
336.8343917928676,0.32045626494445384,1,Raman,Sodium Azide
338.54421104054717,0.5077759361905285,1,Raman,Sodium Azide
340.25403028822666,0.4405456192117907,1,Raman,Sodium Azide
341.9638495359062,0.3031128541921767,1,Raman,Sodium Azide
343.67366878358575,0.40376101301643946,1,Raman,Sodium Azide
345.3834880312653,0.4423467388356545,1,Raman,Sodium Azide
347.0933072789448,0.45590894277875227,1,Raman,Sodium Azide
348.80312652662434,0.4174068826099078,1,Raman,Sodium Azide
350.5129457743039,0.449518446596685,1,Raman,Sodium Azide
352.2227650219834,0.5753455286793226,1,Raman,Sodium Azide
353.9325842696629,0.5308004938179698,1,Raman,Sodium Azide
355.6424035173425,0.3831424728816424,1,Raman,Sodium Azide
357.352222765022,0.39779356389155474,1,Raman,Sodium Azide
359.0620420127015,0.44096094656229684,1,Raman,Sodium Azide
360.77186126038106,0.3382252265408738,1,Raman,Sodium Azide
362.4816805080606,0.35639902708557625,1,Raman,Sodium Azide
364.1914997557401,0.340545084983388,1,Raman,Sodium Azide
365.90131900341964,0.37296249765572476,1,Raman,Sodium Azide
367.6111382510992,0.5474296658759852,1,Raman,Sodium Azide
369.32095749877874,0.39584869099661485,1,Raman,Sodium Azide
371.03077674645823,0.3869365835077695,1,Raman,Sodium Azide
372.7405959941378,0.511250031690009,1,Raman,Sodium Azide
374.4504152418173,0.42807993793571014,1,Raman,Sodium Azide
376.1602344894968,0.48571051571368573,1,Raman,Sodium Azide
377.87005373717636,0.4144007084487815,1,Raman,Sodium Azide
379.5798729848559,0.3477697807490624,1,Raman,Sodium Azide
381.28969223253546,0.49510360006310794,1,Raman,Sodium Azide
382.99951148021495,0.36796643902755244,1,Raman,Sodium Azide
384.7093307278945,0.4366684370107973,1,Raman,Sodium Azide
386.41914997557404,0.434515693493341,1,Raman,Sodium Azide
388.12896922325353,0.4860087791199964,1,Raman,Sodium Azide
389.8387884709331,0.4400118545910993,1,Raman,Sodium Azide
391.54860771861263,0.4695004348092211,1,Raman,Sodium Azide
393.2584269662922,0.3798870294300164,1,Raman,Sodium Azide
394.96824621397167,0.6098612235689904,1,Raman,Sodium Azide
396.6780654616512,0.4171216105236574,1,Raman,Sodium Azide
398.38788470933076,0.5728971972912539,1,Raman,Sodium Azide
400.09770395701025,0.4976845886197245,1,Raman,Sodium Azide
401.8075232046898,0.49919739712281835,1,Raman,Sodium Azide
403.51734245236935,0.5149457858711171,1,Raman,Sodium Azide
405.22716170004884,0.374011904206772,1,Raman,Sodium Azide
406.9369809477284,0.5682788286016675,1,Raman,Sodium Azide
408.64680019540793,0.4658166105903169,1,Raman,Sodium Azide
410.3566194430875,0.588062868297483,1,Raman,Sodium Azide
412.066438690767,0.49300531623067667,1,Raman,Sodium Azide
413.7762579384465,0.4807996033724136,1,Raman,Sodium Azide
415.48607718612607,0.4242172381532588,1,Raman,Sodium Azide
417.19589643380556,0.46994539212721054,1,Raman,Sodium Azide
418.9057156814851,0.5380475420012975,1,Raman,Sodium Azide
420.61553492916465,0.4294008169685679,1,Raman,Sodium Azide
422.3253541768442,0.38779453395093944,1,Raman,Sodium Azide
424.0351734245237,0.4623913663615963,1,Raman,Sodium Azide
425.74499267220324,0.5731151907671024,1,Raman,Sodium Azide
427.4548119198828,0.6354394862129884,1,Raman,Sodium Azide
429.1646311675623,0.49017172355388605,1,Raman,Sodium Azide
430.8744504152418,0.42648727784797175,1,Raman,Sodium Azide
432.5842696629214,0.5057334839008821,1,Raman,Sodium Azide
434.2940889106009,0.5515434164495162,1,Raman,Sodium Azide
436.0039081582804,0.5688452913460729,1,Raman,Sodium Azide
437.71372740595996,0.6805575752114832,1,Raman,Sodium Azide
439.4235466536395,0.5505471205573781,1,Raman,Sodium Azide
441.133365901319,0.6440592817284356,1,Raman,Sodium Azide
442.84318514899854,0.5105712333135003,1,Raman,Sodium Azide
444.5530043966781,0.5578215427275917,1,Raman,Sodium Azide
446.26282364435764,0.5064224018679724,1,Raman,Sodium Azide
447.97264289203713,0.5129308861772007,1,Raman,Sodium Azide
449.6824621397167,0.5316763513445596,1,Raman,Sodium Azide
451.3922813873962,0.532656526977409,1,Raman,Sodium Azide
453.1021006350757,0.51404876516894,1,Raman,Sodium Azide
454.81191988275526,0.5196349936921012,1,Raman,Sodium Azide
456.5217391304348,0.6270626050172219,1,Raman,Sodium Azide
458.23155837811436,0.6941886691799897,1,Raman,Sodium Azide
459.94137762579385,0.5291412718763855,1,Raman,Sodium Azide
461.6511968734734,0.5523616812485738,1,Raman,Sodium Azide
463.36101612115294,0.5987801794268212,1,Raman,Sodium Azide
465.07083536883243,0.7712535725470324,1,Raman,Sodium Azide
466.780654616512,0.5747607867938264,1,Raman,Sodium Azide
468.49047386419153,0.6337049519258441,1,Raman,Sodium Azide
470.2002931118711,0.672385659708756,1,Raman,Sodium Azide
471.91011235955057,0.597646339732627,1,Raman,Sodium Azide
473.6199316072301,0.6469876610620792,1,Raman,Sodium Azide
475.32975085490966,0.6286952194221263,1,Raman,Sodium Azide
477.03957010258915,0.6579575161057388,1,Raman,Sodium Azide
478.7493893502687,0.5277635567553399,1,Raman,Sodium Azide
480.45920859794825,0.5991207747877793,1,Raman,Sodium Azide
482.16902784562774,0.6189280698120647,1,Raman,Sodium Azide
483.8788470933073,0.6201059015270961,1,Raman,Sodium Azide
485.58866634098683,0.6650659638569987,1,Raman,Sodium Azide
487.2984855886664,0.6229834084955819,1,Raman,Sodium Azide
489.00830483634587,0.5231933021719543,1,Raman,Sodium Azide
490.7181240840254,0.6363945065290884,1,Raman,Sodium Azide
492.42794333170497,0.5441205515589348,1,Raman,Sodium Azide
494.13776257938446,0.5579610640229722,1,Raman,Sodium Azide
495.847581827064,0.58802015101926,1,Raman,Sodium Azide
497.55740107474355,0.6097573205236406,1,Raman,Sodium Azide
499.2672203224231,0.5201769149057449,1,Raman,Sodium Azide
500.9770395701026,0.682534760923401,1,Raman,Sodium Azide
502.68685881778214,0.5391896239068423,1,Raman,Sodium Azide
504.3966780654617,0.7157078194972447,1,Raman,Sodium Azide
506.1064973131412,0.5553138170831019,1,Raman,Sodium Azide
507.8163165608207,0.701432429478903,1,Raman,Sodium Azide
509.52613580850027,0.619657502957317,1,Raman,Sodium Azide
511.2359550561798,0.5437130912962145,1,Raman,Sodium Azide
512.9457743038594,0.5588973260635366,1,Raman,Sodium Azide
514.6555935515388,0.7126199211290136,1,Raman,Sodium Azide
516.3654127992183,0.658525251951564,1,Raman,Sodium Azide
518.0752320468979,0.6268581428043483,1,Raman,Sodium Azide
519.7850512945774,0.4921130300435321,1,Raman,Sodium Azide
521.494870542257,0.7249941491495775,1,Raman,Sodium Azide
523.2046897899365,0.7578520550861721,1,Raman,Sodium Azide
524.9145090376161,0.7582624928490195,1,Raman,Sodium Azide
526.6243282852955,0.6129428385563922,1,Raman,Sodium Azide
528.3341475329751,0.6688995860066415,1,Raman,Sodium Azide
530.0439667806546,0.6779812835614778,1,Raman,Sodium Azide
531.7537860283342,0.5508157967795522,1,Raman,Sodium Azide
533.4636052760137,0.6622046157852476,1,Raman,Sodium Azide
535.1734245236933,0.7212818766941458,1,Raman,Sodium Azide
536.8832437713728,0.7037465760078342,1,Raman,Sodium Azide
538.5930630190522,0.5857936767685855,1,Raman,Sodium Azide
540.3028822667318,0.6037843251721546,1,Raman,Sodium Azide
542.0127015144113,0.7316701591670774,1,Raman,Sodium Azide
543.7225207620909,0.7036591233512485,1,Raman,Sodium Azide
545.4323400097704,0.5309808224711925,1,Raman,Sodium Azide
547.14215925745,0.510109538280126,1,Raman,Sodium Azide
548.8519785051295,0.6745123043102783,1,Raman,Sodium Azide
550.561797752809,0.6537577766898247,1,Raman,Sodium Azide
552.2716170004885,0.6544877198416844,1,Raman,Sodium Azide
553.981436248168,0.6593407259581574,1,Raman,Sodium Azide
555.6912554958476,0.7407218476222467,1,Raman,Sodium Azide
557.4010747435271,0.6964587074599362,1,Raman,Sodium Azide
559.1108939912067,0.6990427729901982,1,Raman,Sodium Azide
560.8207132388862,0.598093656826515,1,Raman,Sodium Azide
562.5305324865657,0.4707880771395595,1,Raman,Sodium Azide
564.2403517342452,0.7600710986908011,1,Raman,Sodium Azide
565.9501709819248,0.8274113980803568,1,Raman,Sodium Azide
567.6599902296043,0.6704101096284466,1,Raman,Sodium Azide
569.3698094772839,0.7103747077054259,1,Raman,Sodium Azide
571.0796287249634,0.7172716626492046,1,Raman,Sodium Azide
572.789447972643,0.8058023736535319,1,Raman,Sodium Azide
574.4992672203224,0.7575644038399444,1,Raman,Sodium Azide
576.2090864680019,0.7345024603719819,1,Raman,Sodium Azide
577.9189057156815,0.7083960123484859,1,Raman,Sodium Azide
579.628724963361,0.7107783696963302,1,Raman,Sodium Azide
581.3385442110406,0.6168852890355577,1,Raman,Sodium Azide
583.0483634587201,0.6965493918876221,1,Raman,Sodium Azide
584.7581827063997,0.769890812992865,1,Raman,Sodium Azide
586.4680019540791,0.7003034192646065,1,Raman,Sodium Azide
588.1778212017587,0.7201823274495737,1,Raman,Sodium Azide
589.8876404494382,0.6441584895204462,1,Raman,Sodium Azide
591.5974596971178,0.7500236116314509,1,Raman,Sodium Azide
593.3072789447973,0.6300470070127353,1,Raman,Sodium Azide
595.0170981924769,0.7442321697390077,1,Raman,Sodium Azide
596.7269174401564,0.7157823985453715,1,Raman,Sodium Azide
598.4367366878358,0.6182820327941736,1,Raman,Sodium Azide
600.1465559355154,0.8003767868551513,1,Raman,Sodium Azide
601.8563751831949,0.7235296061604461,1,Raman,Sodium Azide
603.5661944308745,0.855186416809298,1,Raman,Sodium Azide
605.276013678554,0.8327896755683474,1,Raman,Sodium Azide
606.9858329262336,0.6839848502709122,1,Raman,Sodium Azide
608.6956521739131,0.6916846008453401,1,Raman,Sodium Azide
610.4054714215926,0.6694330749495927,1,Raman,Sodium Azide
612.1152906692721,0.6449909113877127,1,Raman,Sodium Azide
613.8251099169516,0.721586769930668,1,Raman,Sodium Azide
615.5349291646312,0.843085917658221,1,Raman,Sodium Azide
617.2447484123107,0.6302234726436182,1,Raman,Sodium Azide
618.9545676599903,0.819380001211801,1,Raman,Sodium Azide
620.6643869076698,0.8161135443315679,1,Raman,Sodium Azide
622.3742061553493,0.7945247074192348,1,Raman,Sodium Azide
624.0840254030288,0.8080311531802806,1,Raman,Sodium Azide
625.7938446507084,0.6925259748302021,1,Raman,Sodium Azide
627.5036638983879,0.8140167552363048,1,Raman,Sodium Azide
629.2134831460675,0.7422105903527435,1,Raman,Sodium Azide
630.923302393747,0.6220630097080962,1,Raman,Sodium Azide
632.6331216414266,0.775204374312118,1,Raman,Sodium Azide
634.342940889106,0.7195931098163467,1,Raman,Sodium Azide
636.0527601367855,0.8626595183339032,1,Raman,Sodium Azide
637.7625793844651,0.7594567673201719,1,Raman,Sodium Azide
639.4723986321446,0.7827851996969779,1,Raman,Sodium Azide
641.1822178798242,0.8068571190404435,1,Raman,Sodium Azide
642.8920371275037,0.7769215076686059,1,Raman,Sodium Azide
644.6018563751833,0.7894730403385027,1,Raman,Sodium Azide
646.3116756228627,0.8521896133046806,1,Raman,Sodium Azide
648.0214948705423,0.7320445732813052,1,Raman,Sodium Azide
649.7313141182218,0.7474563705176331,1,Raman,Sodium Azide
651.4411333659014,0.7425619880020952,1,Raman,Sodium Azide
653.1509526135809,0.8884882041496323,1,Raman,Sodium Azide
654.8607718612604,0.7537158805561125,1,Raman,Sodium Azide
656.5705911089399,0.7915374086819819,1,Raman,Sodium Azide
658.2804103566194,0.7643539241109716,1,Raman,Sodium Azide
659.990229604299,0.7851526766467105,1,Raman,Sodium Azide
661.7000488519785,0.7697656050071572,1,Raman,Sodium Azide
663.4098680996581,0.8486568979681071,1,Raman,Sodium Azide
665.1196873473376,0.7445155142931241,1,Raman,Sodium Azide
666.8295065950172,0.7266578561990795,1,Raman,Sodium Azide
668.5393258426966,0.7795581304924473,1,Raman,Sodium Azide
670.2491450903761,0.7762945906644416,1,Raman,Sodium Azide
671.9589643380557,0.7338448441968566,1,Raman,Sodium Azide
673.6687835857352,0.8008529131693252,1,Raman,Sodium Azide
675.3786028334148,0.7173882746874285,1,Raman,Sodium Azide
677.0884220810943,0.9362882911440997,1,Raman,Sodium Azide
678.7982413287739,0.7322771052994956,1,Raman,Sodium Azide
680.5080605764533,0.7885226537228776,1,Raman,Sodium Azide
682.2178798241329,0.8161418576867882,1,Raman,Sodium Azide
683.9276990718124,0.9418687177574436,1,Raman,Sodium Azide
685.637518319492,0.7254002776027573,1,Raman,Sodium Azide
687.3473375671715,0.8573116424293403,1,Raman,Sodium Azide
689.057156814851,0.9066807013528624,1,Raman,Sodium Azide
690.7669760625306,0.822566042416402,1,Raman,Sodium Azide
692.47679531021,0.7796072847291644,1,Raman,Sodium Azide
694.1866145578896,0.8496462950816732,1,Raman,Sodium Azide
695.8964338055691,0.946372314173554,1,Raman,Sodium Azide
697.6062530532487,0.8213163279839533,1,Raman,Sodium Azide
699.3160723009282,0.9647219507559136,1,Raman,Sodium Azide
701.0258915486078,0.8714475625127522,1,Raman,Sodium Azide
702.7357107962873,0.9458557419846579,1,Raman,Sodium Azide
704.4455300439668,0.8830568631557522,1,Raman,Sodium Azide
706.1553492916463,0.8401467323364694,1,Raman,Sodium Azide
707.8651685393259,0.968113247530877,1,Raman,Sodium Azide
709.5749877870054,0.8797284616606809,1,Raman,Sodium Azide
711.284807034685,0.8880491083635107,1,Raman,Sodium Azide
712.9946262823645,0.9211638623934174,1,Raman,Sodium Azide
714.704445530044,0.9407098893314284,1,Raman,Sodium Azide
716.4142647777235,0.9256712856064787,1,Raman,Sodium Azide
718.124084025403,0.7892911042923421,1,Raman,Sodium Azide
719.8339032730826,0.837036761702887,1,Raman,Sodium Azide
721.5437225207621,0.8378861171417813,1,Raman,Sodium Azide
723.2535417684417,0.8321271965120501,1,Raman,Sodium Azide
724.9633610161212,0.8282579869395048,1,Raman,Sodium Azide
726.6731802638008,0.8432107495717331,1,Raman,Sodium Azide
728.3829995114802,0.90973888393391,1,Raman,Sodium Azide
730.0928187591597,0.9219641050089932,1,Raman,Sodium Azide
731.8026380068393,0.8923023911516045,1,Raman,Sodium Azide
733.5124572545188,0.877226048986168,1,Raman,Sodium Azide
735.2222765021984,0.9782021291888607,1,Raman,Sodium Azide
736.9320957498779,0.9127993476993852,1,Raman,Sodium Azide
738.6419149975575,0.9607140564022596,1,Raman,Sodium Azide
740.3517342452369,0.8763919436968918,1,Raman,Sodium Azide
742.0615534929165,0.9413883757422464,1,Raman,Sodium Azide
743.771372740596,1.0028864817169432,1,Raman,Sodium Azide
745.4811919882756,0.7421231495545736,1,Raman,Sodium Azide
747.1910112359551,0.8692399367296958,1,Raman,Sodium Azide
748.9008304836346,0.9612462536463153,1,Raman,Sodium Azide
750.6106497313142,1.0029496606115895,1,Raman,Sodium Azide
752.3204689789936,0.9304150779809454,1,Raman,Sodium Azide
754.0302882266732,0.9326729030757656,1,Raman,Sodium Azide
755.7401074743527,1.0246579470328208,1,Raman,Sodium Azide
757.4499267220323,1.0052013426212636,1,Raman,Sodium Azide
759.1597459697118,0.8701653242202404,1,Raman,Sodium Azide
760.8695652173914,0.9352868133759481,1,Raman,Sodium Azide
762.5793844650709,0.9529708959193317,1,Raman,Sodium Azide
764.2892037127503,1.0519915643561535,1,Raman,Sodium Azide
765.9990229604299,0.9995156928507775,1,Raman,Sodium Azide
767.7088422081094,0.9295445424870312,1,Raman,Sodium Azide
769.418661455789,0.9623415667108103,1,Raman,Sodium Azide
771.1284807034685,0.8197769892305106,1,Raman,Sodium Azide
772.8382999511481,1.0044156065212637,1,Raman,Sodium Azide
774.5481191988276,0.985835099489246,1,Raman,Sodium Azide
776.2579384465071,1.0241690802569137,1,Raman,Sodium Azide
777.9677576941866,0.9394589994105629,1,Raman,Sodium Azide
779.6775769418662,0.9589562978778587,1,Raman,Sodium Azide
781.3873961895457,0.9220414647043547,1,Raman,Sodium Azide
783.0972154372253,0.8814571813902392,1,Raman,Sodium Azide
784.8070346849048,0.9184712159149689,1,Raman,Sodium Azide
786.5168539325844,0.8426671697385887,1,Raman,Sodium Azide
788.2266731802638,1.0197152712292472,1,Raman,Sodium Azide
789.9364924279433,0.824078933345689,1,Raman,Sodium Azide
791.6463116756229,1.1054034256841532,1,Raman,Sodium Azide
793.3561309233024,0.8645346305367024,1,Raman,Sodium Azide
795.065950170982,1.0655085889098872,1,Raman,Sodium Azide
796.7757694186615,0.913489659984739,1,Raman,Sodium Azide
798.4855886663411,1.0095921367158223,1,Raman,Sodium Azide
800.1954079140205,0.9276164385374968,1,Raman,Sodium Azide
801.9052271617,1.0949717144449782,1,Raman,Sodium Azide
803.6150464093796,0.9827365073099372,1,Raman,Sodium Azide
805.3248656570591,1.0507370560333567,1,Raman,Sodium Azide
807.0346849047387,0.9889748019739795,1,Raman,Sodium Azide
808.7445041524182,1.0087806917776625,1,Raman,Sodium Azide
810.4543234000977,1.027705637040839,1,Raman,Sodium Azide
812.1641426477772,0.956523124338402,1,Raman,Sodium Azide
813.8739618954568,0.9105086146091428,1,Raman,Sodium Azide
815.5837811431363,0.9112288213883001,1,Raman,Sodium Azide
817.2936003908159,0.9998665345553861,1,Raman,Sodium Azide
819.0034196384954,0.9774249728638019,1,Raman,Sodium Azide
820.713238886175,0.8734508879787093,1,Raman,Sodium Azide
822.4230581338544,1.0456922774133797,1,Raman,Sodium Azide
824.132877381534,0.9269686500215518,1,Raman,Sodium Azide
825.8426966292135,0.9327752118726864,1,Raman,Sodium Azide
827.552515876893,1.016453649849587,1,Raman,Sodium Azide
829.2623351245726,0.9535963563952745,1,Raman,Sodium Azide
830.9721543722521,1.021126029176352,1,Raman,Sodium Azide
832.6819736199317,1.1416672789550306,1,Raman,Sodium Azide
834.3917928676111,0.9931954210996483,1,Raman,Sodium Azide
836.1016121152907,0.9617277090701067,1,Raman,Sodium Azide
837.8114313629702,1.033238672965953,1,Raman,Sodium Azide
839.5212506106498,0.984093668281558,1,Raman,Sodium Azide
841.2310698583293,1.0373110268058006,1,Raman,Sodium Azide
842.9408891060089,1.0480751795389076,1,Raman,Sodium Azide
844.6507083536884,1.0377068319135954,1,Raman,Sodium Azide
846.3605276013678,1.0456632009810787,1,Raman,Sodium Azide
848.0703468490474,1.056421113144308,1,Raman,Sodium Azide
849.7801660967269,1.1484236633802813,1,Raman,Sodium Azide
851.4899853444065,1.0221098792702208,1,Raman,Sodium Azide
853.199804592086,1.0585358947445898,1,Raman,Sodium Azide
854.9096238397656,1.0979410284217828,1,Raman,Sodium Azide
856.6194430874451,1.084694137101276,1,Raman,Sodium Azide
858.3292623351246,1.0237084392645779,1,Raman,Sodium Azide
860.0390815828041,1.1164345592503828,1,Raman,Sodium Azide
861.7489008304836,1.0050436303223698,1,Raman,Sodium Azide
863.4587200781632,1.0383743023197658,1,Raman,Sodium Azide
865.1685393258427,1.0056221771720322,1,Raman,Sodium Azide
866.8783585735223,1.0939281984133504,1,Raman,Sodium Azide
868.5881778212018,1.1352703362166086,1,Raman,Sodium Azide
870.2979970688813,1.0855158643886207,1,Raman,Sodium Azide
872.0078163165608,1.0681239850470843,1,Raman,Sodium Azide
873.7176355642404,1.0093927934357805,1,Raman,Sodium Azide
875.4274548119199,1.0225140076316102,1,Raman,Sodium Azide
877.1372740595995,0.9931940282762406,1,Raman,Sodium Azide
878.847093307279,0.9323415556467203,1,Raman,Sodium Azide
880.5569125549586,1.0487034152449195,1,Raman,Sodium Azide
882.266731802638,1.0567350070773793,1,Raman,Sodium Azide
883.9765510503175,1.2169546015495907,1,Raman,Sodium Azide
885.6863702979971,1.179998486549731,1,Raman,Sodium Azide
887.3961895456766,1.1176260042839203,1,Raman,Sodium Azide
889.1060087933562,1.2275526360962192,1,Raman,Sodium Azide
890.8158280410357,1.1752498746993796,1,Raman,Sodium Azide
892.5256472887153,0.9698396080714049,1,Raman,Sodium Azide
894.2354665363947,1.1587188871391696,1,Raman,Sodium Azide
895.9452857840743,1.1480200444486628,1,Raman,Sodium Azide
897.6551050317538,1.086053500656259,1,Raman,Sodium Azide
899.3649242794334,1.0060877457479978,1,Raman,Sodium Azide
901.0747435271129,1.1368465449541816,1,Raman,Sodium Azide
902.7845627747924,0.9677671707284012,1,Raman,Sodium Azide
904.494382022472,1.1015370718131918,1,Raman,Sodium Azide
906.2042012701514,1.0655036630742636,1,Raman,Sodium Azide
907.914020517831,1.0265176775929856,1,Raman,Sodium Azide
909.6238397655105,1.1852462160967494,1,Raman,Sodium Azide
911.3336590131901,1.1086067080634845,1,Raman,Sodium Azide
913.0434782608696,1.1244686671012105,1,Raman,Sodium Azide
914.7532975085492,1.1835219169759361,1,Raman,Sodium Azide
916.4631167562287,1.1269424864947837,1,Raman,Sodium Azide
918.1729360039081,1.1484794125772129,1,Raman,Sodium Azide
919.8827552515877,1.173887894177269,1,Raman,Sodium Azide
921.5925744992672,1.1600314882617304,1,Raman,Sodium Azide
923.3023937469468,1.1441477137035585,1,Raman,Sodium Azide
925.0122129946263,1.2420462739955287,1,Raman,Sodium Azide
926.7220322423059,1.2094998174954215,1,Raman,Sodium Azide
928.4318514899854,1.1266133466207497,1,Raman,Sodium Azide
930.1416707376649,1.0759693575665819,1,Raman,Sodium Azide
931.8514899853444,1.1771440808054192,1,Raman,Sodium Azide
933.561309233024,1.1521741995512598,1,Raman,Sodium Azide
935.2711284807035,1.249817776093974,1,Raman,Sodium Azide
936.9809477283831,1.2157296121565222,1,Raman,Sodium Azide
938.6907669760626,1.1935262955031603,1,Raman,Sodium Azide
940.4005862237422,1.1475347022022708,1,Raman,Sodium Azide
942.1104054714216,1.092750291662014,1,Raman,Sodium Azide
943.8202247191011,1.1382115178986787,1,Raman,Sodium Azide
945.5300439667807,1.1834847130589192,1,Raman,Sodium Azide
947.2398632144602,1.0443679710183795,1,Raman,Sodium Azide
948.9496824621398,1.2366133948326297,1,Raman,Sodium Azide
950.6595017098193,1.2915225156434196,1,Raman,Sodium Azide
952.3693209574988,1.0368550116143416,1,Raman,Sodium Azide
954.0791402051783,1.0738077431134097,1,Raman,Sodium Azide
955.7889594528579,1.1902091568854842,1,Raman,Sodium Azide
957.4987787005374,1.130321613868812,1,Raman,Sodium Azide
959.208597948217,1.1963990068372083,1,Raman,Sodium Azide
960.9184171958965,1.167212897155584,1,Raman,Sodium Azide
962.628236443576,1.1083789206615107,1,Raman,Sodium Azide
964.3380556912555,1.2584611314955687,1,Raman,Sodium Azide
966.047874938935,1.2078437742117911,1,Raman,Sodium Azide
967.7576941866146,1.1444098300285828,1,Raman,Sodium Azide
969.4675134342941,1.2786758498951694,1,Raman,Sodium Azide
971.1773326819737,1.171959127164941,1,Raman,Sodium Azide
972.8871519296532,1.1171787104491904,1,Raman,Sodium Azide
974.5969711773328,1.2005863237679666,1,Raman,Sodium Azide
976.3067904250122,1.2136831681303595,1,Raman,Sodium Azide
978.0166096726917,1.2274615786898797,1,Raman,Sodium Azide
979.7264289203713,1.240536010879553,1,Raman,Sodium Azide
981.4362481680508,1.2420464104552198,1,Raman,Sodium Azide
983.1460674157304,1.2335527336642844,1,Raman,Sodium Azide
984.8558866634099,1.1722898240650372,1,Raman,Sodium Azide
986.5657059110895,1.173127143780497,1,Raman,Sodium Azide
988.2755251587689,1.2818732863752251,1,Raman,Sodium Azide
989.9853444064485,1.2444711305242768,1,Raman,Sodium Azide
991.695163654128,1.291102714392818,1,Raman,Sodium Azide
993.4049829018076,1.1158716549733547,1,Raman,Sodium Azide
995.1148021494871,1.1895470050182404,1,Raman,Sodium Azide
996.8246213971667,1.351888219060358,1,Raman,Sodium Azide
998.5344406448462,1.2652408504770603,1,Raman,Sodium Azide
1000.2442598925256,1.2399056708140455,1,Raman,Sodium Azide
1001.9540791402052,1.2879084206393276,1,Raman,Sodium Azide
1003.6638983878847,1.3757663533820272,1,Raman,Sodium Azide
1005.3737176355643,1.354228230867714,1,Raman,Sodium Azide
1007.0835368832438,1.1272508717095335,1,Raman,Sodium Azide
1008.7933561309234,1.1528772676392973,1,Raman,Sodium Azide
1010.5031753786029,1.1291213728197023,1,Raman,Sodium Azide
1012.2129946262824,1.1966053560453458,1,Raman,Sodium Azide
1013.9228138739619,1.2399849937144998,1,Raman,Sodium Azide
1015.6326331216414,1.2640169891461168,1,Raman,Sodium Azide
1017.342452369321,1.1426444507663753,1,Raman,Sodium Azide
1019.0522716170005,1.1231522218004684,1,Raman,Sodium Azide
1020.7620908646801,1.1957834638032017,1,Raman,Sodium Azide
1022.4719101123596,1.3054334456201433,1,Raman,Sodium Azide
1024.181729360039,1.318655196516639,1,Raman,Sodium Azide
1025.8915486077187,1.360118739270769,1,Raman,Sodium Azide
1027.6013678553982,1.2509571463896105,1,Raman,Sodium Azide
1029.3111871030776,1.3181037239813427,1,Raman,Sodium Azide
1031.0210063507573,1.321813104894482,1,Raman,Sodium Azide
1032.7308255984367,1.2474631682513686,1,Raman,Sodium Azide
1034.4406448461164,1.3061618738648753,1,Raman,Sodium Azide
1036.1504640937958,1.3055764269871482,1,Raman,Sodium Azide
1037.8602833414755,1.2073171674424863,1,Raman,Sodium Azide
1039.5701025891549,1.37267269642876,1,Raman,Sodium Azide
1041.2799218368343,1.2671794433896768,1,Raman,Sodium Azide
1042.989741084514,1.2773148854157386,1,Raman,Sodium Azide
1044.6995603321934,1.2331987711287509,1,Raman,Sodium Azide
1046.409379579873,1.2260269070412395,1,Raman,Sodium Azide
1048.1191988275525,1.1374184781074448,1,Raman,Sodium Azide
1049.8290180752322,1.2836027362002147,1,Raman,Sodium Azide
1051.5388373229116,1.4425139289088276,1,Raman,Sodium Azide
1053.248656570591,1.219048472974193,1,Raman,Sodium Azide
1054.9584758182707,1.4767906432071802,1,Raman,Sodium Azide
1056.6682950659501,1.3889123384860926,1,Raman,Sodium Azide
1058.3781143136298,1.2601776040648693,1,Raman,Sodium Azide
1060.0879335613092,1.2943141018962339,1,Raman,Sodium Azide
1061.797752808989,1.286006148809466,1,Raman,Sodium Azide
1063.5075720566683,1.4059261461836854,1,Raman,Sodium Azide
1065.2173913043478,1.341906454094182,1,Raman,Sodium Azide
1066.9272105520274,1.3765455734776046,1,Raman,Sodium Azide
1068.6370297997069,1.325907338952551,1,Raman,Sodium Azide
1070.3468490473865,1.2979024793453682,1,Raman,Sodium Azide
1072.056668295066,1.3280422478832434,1,Raman,Sodium Azide
1073.7664875427456,1.283191765227594,1,Raman,Sodium Azide
1075.476306790425,1.2183809033653352,1,Raman,Sodium Azide
1077.1861260381045,1.3654765685993955,1,Raman,Sodium Azide
1078.8959452857841,1.2194145935822305,1,Raman,Sodium Azide
1080.6057645334636,1.3003645982448753,1,Raman,Sodium Azide
1082.3155837811432,1.301502644689658,1,Raman,Sodium Azide
1084.0254030288227,1.3629098586223345,1,Raman,Sodium Azide
1085.7352222765023,1.4239579274276377,1,Raman,Sodium Azide
1087.4450415241818,1.4030194148843458,1,Raman,Sodium Azide
1089.1548607718612,1.3710213539572413,1,Raman,Sodium Azide
1090.8646800195409,1.2897609346162406,1,Raman,Sodium Azide
1092.5744992672203,1.3204134433297474,1,Raman,Sodium Azide
1094.2843185149,1.323166017099455,1,Raman,Sodium Azide
1095.9941377625794,1.3162255922220008,1,Raman,Sodium Azide
1097.703957010259,1.3326503610010778,1,Raman,Sodium Azide
1099.4137762579385,1.3230262460606612,1,Raman,Sodium Azide
1101.123595505618,1.322275703958992,1,Raman,Sodium Azide
1102.8334147532976,1.4055761819005617,1,Raman,Sodium Azide
1104.543234000977,1.2792471360292084,1,Raman,Sodium Azide
1106.2530532486567,1.312140678499127,1,Raman,Sodium Azide
1107.962872496336,1.249574711754351,1,Raman,Sodium Azide
1109.6726917440158,1.4535809200342724,1,Raman,Sodium Azide
1111.3825109916952,1.3041025499765242,1,Raman,Sodium Azide
1113.0923302393746,1.3994490323541258,1,Raman,Sodium Azide
1114.8021494870543,1.3896641144608772,1,Raman,Sodium Azide
1116.5119687347337,1.4457314195171316,1,Raman,Sodium Azide
1118.2217879824134,1.3499719308464633,1,Raman,Sodium Azide
1119.9316072300928,1.3148559759243892,1,Raman,Sodium Azide
1121.6414264777725,1.2680157694929493,1,Raman,Sodium Azide
1123.351245725452,1.191453700062674,1,Raman,Sodium Azide
1125.0610649731314,1.3820744488748726,1,Raman,Sodium Azide
1126.770884220811,1.423460669030644,1,Raman,Sodium Azide
1128.4807034684904,1.4061030639699663,1,Raman,Sodium Azide
1130.19052271617,1.2800984398181436,1,Raman,Sodium Azide
1131.9003419638495,1.4565665382743938,1,Raman,Sodium Azide
1133.6101612115292,1.35748359854796,1,Raman,Sodium Azide
1135.3199804592086,1.336212011820817,1,Raman,Sodium Azide
1137.029799706888,1.3402169212472301,1,Raman,Sodium Azide
1138.7396189545677,1.3934377639919437,1,Raman,Sodium Azide
1140.4494382022472,1.295486086535738,1,Raman,Sodium Azide
1142.1592574499268,1.390217481862855,1,Raman,Sodium Azide
1143.8690766976063,1.422155417104917,1,Raman,Sodium Azide
1145.578895945286,1.467621947420859,1,Raman,Sodium Azide
1147.2887151929654,1.4101004660618184,1,Raman,Sodium Azide
1148.9985344406448,1.3251903226573956,1,Raman,Sodium Azide
1150.7083536883245,1.4125362406356665,1,Raman,Sodium Azide
1152.4181729360039,1.3372373765612409,1,Raman,Sodium Azide
1154.1279921836835,1.3356295328919892,1,Raman,Sodium Azide
1155.837811431363,1.3220495220090538,1,Raman,Sodium Azide
1157.5476306790426,1.2990275157268034,1,Raman,Sodium Azide
1159.257449926722,1.3771303576801983,1,Raman,Sodium Azide
1160.9672691744015,1.497757959359088,1,Raman,Sodium Azide
1162.6770884220812,1.5620055853336032,1,Raman,Sodium Azide
1164.3869076697606,1.3829713705438846,1,Raman,Sodium Azide
1166.0967269174403,1.4912719398070302,1,Raman,Sodium Azide
1167.8065461651197,1.3985951739414606,1,Raman,Sodium Azide
1169.5163654127994,1.3202881217900762,1,Raman,Sodium Azide
1171.2261846604788,1.4728743655931211,1,Raman,Sodium Azide
1172.9360039081582,1.4551271984217475,1,Raman,Sodium Azide
1174.645823155838,1.5485328939377239,1,Raman,Sodium Azide
1176.3556424035173,1.33605158754615,1,Raman,Sodium Azide
1178.065461651197,1.6152916219837485,1,Raman,Sodium Azide
1179.7752808988764,1.5403020989429805,1,Raman,Sodium Azide
1181.485100146556,1.4393726337311339,1,Raman,Sodium Azide
1183.1949193942355,1.4334915621368935,1,Raman,Sodium Azide
1184.904738641915,1.3988774882506119,1,Raman,Sodium Azide
1186.6145578895946,1.4637944230290734,1,Raman,Sodium Azide
1188.324377137274,1.437084290829647,1,Raman,Sodium Azide
1190.0341963849537,1.4838216083231826,1,Raman,Sodium Azide
1191.7440156326331,1.4341850371786067,1,Raman,Sodium Azide
1193.4538348803128,1.555662460013862,1,Raman,Sodium Azide
1195.1636541279922,1.4651945903871155,1,Raman,Sodium Azide
1196.8734733756717,1.4428402243413627,1,Raman,Sodium Azide
1198.5832926233513,1.5369120781594152,1,Raman,Sodium Azide
1200.2931118710308,1.3596060648072292,1,Raman,Sodium Azide
1202.0029311187104,1.4873505594538403,1,Raman,Sodium Azide
1203.7127503663899,1.4692485982799557,1,Raman,Sodium Azide
1205.4225696140695,1.3794047866188741,1,Raman,Sodium Azide
1207.132388861749,1.36243970129825,1,Raman,Sodium Azide
1208.8422081094284,1.538524065717176,1,Raman,Sodium Azide
1210.552027357108,1.5375647333558184,1,Raman,Sodium Azide
1212.2618466047875,1.4990756422686586,1,Raman,Sodium Azide
1213.9716658524671,1.5899786541371932,1,Raman,Sodium Azide
1215.6814851001466,1.5104213601002288,1,Raman,Sodium Azide
1217.3913043478262,1.5742692049311058,1,Raman,Sodium Azide
1219.1011235955057,1.5232683006734247,1,Raman,Sodium Azide
1220.810942843185,1.4708012856592325,1,Raman,Sodium Azide
1222.5207620908648,1.4328568569327598,1,Raman,Sodium Azide
1224.2305813385442,1.454001985573382,1,Raman,Sodium Azide
1225.9404005862239,1.488249366439735,1,Raman,Sodium Azide
1227.6502198339033,1.5840274822308331,1,Raman,Sodium Azide
1229.360039081583,1.548145883566209,1,Raman,Sodium Azide
1231.0698583292624,1.5220964638618055,1,Raman,Sodium Azide
1232.7796775769418,1.568719541587557,1,Raman,Sodium Azide
1234.4894968246215,1.5388762653388746,1,Raman,Sodium Azide
1236.199316072301,1.5239723458905599,1,Raman,Sodium Azide
1237.9091353199806,1.413382048659323,1,Raman,Sodium Azide
1239.61895456766,1.5942805985413262,1,Raman,Sodium Azide
1241.3287738153397,1.4941173107772898,1,Raman,Sodium Azide
1243.038593063019,1.5852093040000057,1,Raman,Sodium Azide
1244.7484123106985,1.5934800241737266,1,Raman,Sodium Azide
1246.4582315583782,1.4768321786674148,1,Raman,Sodium Azide
1248.1680508060576,1.5825770152641705,1,Raman,Sodium Azide
1249.8778700537373,1.5007789152797375,1,Raman,Sodium Azide
1251.5876893014167,1.5032440849580568,1,Raman,Sodium Azide
1253.2975085490964,1.5545271507580762,1,Raman,Sodium Azide
1255.0073277967758,1.5483391040460865,1,Raman,Sodium Azide
1256.7171470444553,1.5346847489821251,1,Raman,Sodium Azide
1258.426966292135,1.4489100850867709,1,Raman,Sodium Azide
1260.1367855398144,1.5286133275376232,1,Raman,Sodium Azide
1261.846604787494,1.6942873417623134,1,Raman,Sodium Azide
1263.5564240351734,1.3623835933997204,1,Raman,Sodium Azide
1265.266243282853,1.598299293152008,1,Raman,Sodium Azide
1266.9760625305325,1.6123755459225821,1,Raman,Sodium Azide
1268.685881778212,1.4598746514155914,1,Raman,Sodium Azide
1270.3957010258916,1.518846921931958,1,Raman,Sodium Azide
1272.105520273571,1.486930336904047,1,Raman,Sodium Azide
1273.8153395212507,1.6717078144903006,1,Raman,Sodium Azide
1275.5251587689302,1.6257333524768323,1,Raman,Sodium Azide
1277.2349780166098,1.6409149112425458,1,Raman,Sodium Azide
1278.9447972642893,1.5670314292174365,1,Raman,Sodium Azide
1280.6546165119687,1.6453653365197942,1,Raman,Sodium Azide
1282.3644357596484,1.5629512666168375,1,Raman,Sodium Azide
1284.0742550073278,1.67254555457618,1,Raman,Sodium Azide
1285.7840742550075,1.5581302623304611,1,Raman,Sodium Azide
1287.493893502687,1.5262605742203703,1,Raman,Sodium Azide
1289.2037127503665,1.6877114711719177,1,Raman,Sodium Azide
1290.913531998046,1.5825644118131426,1,Raman,Sodium Azide
1292.6233512457254,1.53846152456289,1,Raman,Sodium Azide
1294.333170493405,1.5198522335224725,1,Raman,Sodium Azide
1296.0429897410845,1.5221318219083708,1,Raman,Sodium Azide
1297.7528089887642,1.6462773872677674,1,Raman,Sodium Azide
1299.4626282364436,1.5879919830850047,1,Raman,Sodium Azide
1301.1724474841233,1.7334673852534146,1,Raman,Sodium Azide
1302.8822667318027,1.6743999148476043,1,Raman,Sodium Azide
1304.5920859794821,1.6070274512199914,1,Raman,Sodium Azide
1306.3019052271618,1.6825015998745947,1,Raman,Sodium Azide
1308.0117244748412,1.5630279164266645,1,Raman,Sodium Azide
1309.721543722521,1.4881211385548183,1,Raman,Sodium Azide
1311.4313629702003,1.5555762788589569,1,Raman,Sodium Azide
1313.1411822178798,1.610412464552808,1,Raman,Sodium Azide
1314.8510014655594,1.5888333831633987,1,Raman,Sodium Azide
1316.5608207132389,1.6579203885606715,1,Raman,Sodium Azide
1318.2706399609185,1.6092686666777112,1,Raman,Sodium Azide
1319.980459208598,1.657200320168079,1,Raman,Sodium Azide
1321.6902784562776,1.707470693846335,1,Raman,Sodium Azide
1323.400097703957,1.6053236113751872,1,Raman,Sodium Azide
1325.1099169516365,1.6511080101439035,1,Raman,Sodium Azide
1326.8197361993161,1.5153614849415433,1,Raman,Sodium Azide
1328.5295554469956,1.6118191145563736,1,Raman,Sodium Azide
1330.2393746946752,1.542989504037455,1,Raman,Sodium Azide
1331.9491939423547,1.6332103811029717,1,Raman,Sodium Azide
1333.6590131900343,1.6411037171382727,1,Raman,Sodium Azide
1335.3688324377138,1.6429750915083916,1,Raman,Sodium Azide
1337.0786516853932,1.5994415872115861,1,Raman,Sodium Azide
1338.7884709330729,1.7793494097338942,1,Raman,Sodium Azide
1340.4982901807523,1.553185914424519,1,Raman,Sodium Azide
1342.208109428432,1.5513581574233166,1,Raman,Sodium Azide
1343.9179286761114,1.7644196255366698,1,Raman,Sodium Azide
1345.627747923791,1.6055163858437191,1,Raman,Sodium Azide
1347.3375671714705,1.582214639037872,1,Raman,Sodium Azide
1349.04738641915,1.7921381459931238,1,Raman,Sodium Azide
1350.7572056668296,1.71992499354415,1,Raman,Sodium Azide
1352.467024914509,1.610880540748318,1,Raman,Sodium Azide
1354.1768441621887,1.6749290625210225,1,Raman,Sodium Azide
1355.886663409868,1.7776245933850343,1,Raman,Sodium Azide
1357.5964826575478,1.7094393722267571,1,Raman,Sodium Azide
1359.3063019052272,1.739571911806485,1,Raman,Sodium Azide
1361.0161211529066,1.7108509363322955,1,Raman,Sodium Azide
1362.7259404005863,1.7209635382540198,1,Raman,Sodium Azide
1364.4357596482657,1.6760568126234094,1,Raman,Sodium Azide
1366.1455788959454,1.6663237756270433,1,Raman,Sodium Azide
1367.8553981436248,1.6847722034119914,1,Raman,Sodium Azide
1369.5652173913045,1.7167689998995148,1,Raman,Sodium Azide
1371.275036638984,1.653718139504067,1,Raman,Sodium Azide
1372.9848558866634,1.6917449492542502,1,Raman,Sodium Azide
1374.694675134343,1.6561563936045103,1,Raman,Sodium Azide
1376.4044943820224,1.6855054742097069,1,Raman,Sodium Azide
1378.114313629702,1.6301249456459879,1,Raman,Sodium Azide
1379.8241328773815,1.8590468751945435,1,Raman,Sodium Azide
1381.5339521250612,1.637447541476534,1,Raman,Sodium Azide
1383.2437713727406,1.663305475259788,1,Raman,Sodium Azide
1384.95359062042,1.646091112250503,1,Raman,Sodium Azide
1386.6634098680997,1.730010313179926,1,Raman,Sodium Azide
1388.3732291157792,1.6901466331254265,1,Raman,Sodium Azide
1390.0830483634588,1.6330928729287557,1,Raman,Sodium Azide
1391.7928676111383,1.7388976016314786,1,Raman,Sodium Azide
1393.502686858818,1.7496063839369895,1,Raman,Sodium Azide
1395.2125061064974,1.6967467049754459,1,Raman,Sodium Azide
1396.9223253541768,1.6606401059519367,1,Raman,Sodium Azide
1398.6321446018565,1.8454181971354906,1,Raman,Sodium Azide
1400.341963849536,1.7290424297384137,1,Raman,Sodium Azide
1402.0517830972155,1.6378252954284607,1,Raman,Sodium Azide
1403.761602344895,1.8119424715275745,1,Raman,Sodium Azide
1405.4714215925746,1.6587633455933042,1,Raman,Sodium Azide
1407.181240840254,1.901089319803415,1,Raman,Sodium Azide
1408.8910600879335,1.7227971173603271,1,Raman,Sodium Azide
1410.6008793356132,1.7846332612287783,1,Raman,Sodium Azide
1412.3106985832926,1.5887507653067325,1,Raman,Sodium Azide
1414.0205178309723,1.641769195422693,1,Raman,Sodium Azide
1415.7303370786517,1.8113995534429104,1,Raman,Sodium Azide
1417.4401563263314,1.7484589996021125,1,Raman,Sodium Azide
1419.1499755740108,1.8609124921829854,1,Raman,Sodium Azide
1420.8597948216902,1.7633378127458454,1,Raman,Sodium Azide
1422.56961406937,1.7436703798768909,1,Raman,Sodium Azide
1424.2794333170493,1.846120784709122,1,Raman,Sodium Azide
1425.989252564729,1.8031864293906794,1,Raman,Sodium Azide
1427.6990718124084,1.7280636601984074,1,Raman,Sodium Azide
1429.408891060088,1.6726877532227393,1,Raman,Sodium Azide
1431.1187103077675,1.5930138847190212,1,Raman,Sodium Azide
1432.828529555447,1.7188665112584578,1,Raman,Sodium Azide
1434.5383488031266,1.673037379647988,1,Raman,Sodium Azide
1436.248168050806,1.9272916914323723,1,Raman,Sodium Azide
1437.9579872984857,1.7115060483574742,1,Raman,Sodium Azide
1439.6678065461651,1.711840541831911,1,Raman,Sodium Azide
1441.3776257938448,1.6599401661232416,1,Raman,Sodium Azide
1443.0874450415242,1.7423368457439325,1,Raman,Sodium Azide
1444.7972642892037,1.7189358623971698,1,Raman,Sodium Azide
1446.5070835368833,1.8847595812476725,1,Raman,Sodium Azide
1448.2169027845628,1.7764148840543927,1,Raman,Sodium Azide
1449.9267220322424,1.767149571128874,1,Raman,Sodium Azide
1451.6365412799219,1.7711821580445428,1,Raman,Sodium Azide
1453.3463605276015,1.8321984589764062,1,Raman,Sodium Azide
1455.056179775281,1.7650210481446285,1,Raman,Sodium Azide
1456.7659990229604,1.8187528547424123,1,Raman,Sodium Azide
1458.47581827064,1.8814277263298116,1,Raman,Sodium Azide
1460.1856375183195,1.8096650596403336,1,Raman,Sodium Azide
1461.8954567659991,1.766323083925028,1,Raman,Sodium Azide
1463.6052760136786,1.7233701128318688,1,Raman,Sodium Azide
1465.3150952613582,1.7688661466815314,1,Raman,Sodium Azide
1467.0249145090377,1.824593361119567,1,Raman,Sodium Azide
1468.734733756717,1.7025632304424305,1,Raman,Sodium Azide
1470.4445530043968,1.84594260106097,1,Raman,Sodium Azide
1472.1543722520762,1.8080965154936879,1,Raman,Sodium Azide
1473.8641914997559,1.7973460501527123,1,Raman,Sodium Azide
1475.5740107474353,1.756776887562225,1,Raman,Sodium Azide
1477.283829995115,1.7705748418201472,1,Raman,Sodium Azide
1478.9936492427944,1.8413723163931424,1,Raman,Sodium Azide
1480.7034684904738,1.7970248539622091,1,Raman,Sodium Azide
1482.4132877381535,1.7852423221971159,1,Raman,Sodium Azide
1484.123106985833,1.8393852869273581,1,Raman,Sodium Azide
1485.8329262335126,1.8540053526470561,1,Raman,Sodium Azide
1487.542745481192,1.7336219284844454,1,Raman,Sodium Azide
1489.2525647288717,1.8622239736462105,1,Raman,Sodium Azide
1490.962383976551,1.9878377310350392,1,Raman,Sodium Azide
1492.6722032242305,1.8498733041642086,1,Raman,Sodium Azide
1494.3820224719102,1.7131699403384804,1,Raman,Sodium Azide
1496.0918417195896,1.8353383810545676,1,Raman,Sodium Azide
1497.8016609672693,1.7089026479478389,1,Raman,Sodium Azide
1499.5114802149487,2.040859725371913,1,Raman,Sodium Azide
1501.2212994626284,1.9833172328597868,1,Raman,Sodium Azide
1502.9311187103078,1.7897044258446182,1,Raman,Sodium Azide
1504.6409379579873,1.6906893241443681,1,Raman,Sodium Azide
1506.350757205667,1.7802773403520904,1,Raman,Sodium Azide
1508.0605764533464,1.826992230060856,1,Raman,Sodium Azide
1509.770395701026,1.7379038965873266,1,Raman,Sodium Azide
1511.4802149487055,1.8383260925117897,1,Raman,Sodium Azide
1513.190034196385,1.8328228299341303,1,Raman,Sodium Azide
1514.8998534440645,1.8549211499653502,1,Raman,Sodium Azide
1516.609672691744,1.8636923824179867,1,Raman,Sodium Azide
1518.3194919394236,1.7892822576597238,1,Raman,Sodium Azide
1520.029311187103,1.7985471103766926,1,Raman,Sodium Azide
1521.7391304347827,1.8581656063758358,1,Raman,Sodium Azide
1523.4489496824622,1.8169497667713823,1,Raman,Sodium Azide
1525.1587689301418,1.9174936244455714,1,Raman,Sodium Azide
1526.8685881778213,1.8637971935261655,1,Raman,Sodium Azide
1528.5784074255007,1.9929402080252345,1,Raman,Sodium Azide
1530.2882266731804,1.9181772395430987,1,Raman,Sodium Azide
1531.9980459208598,1.9383875009879674,1,Raman,Sodium Azide
1533.7078651685395,1.8783202432302364,1,Raman,Sodium Azide
1535.417684416219,1.89199116777503,1,Raman,Sodium Azide
1537.1275036638986,1.9848051673293203,1,Raman,Sodium Azide
1538.837322911578,1.8618786046510918,1,Raman,Sodium Azide
1540.5471421592574,1.9131652698531911,1,Raman,Sodium Azide
1542.256961406937,1.8632180438826935,1,Raman,Sodium Azide
1543.9667806546165,1.8651486147722112,1,Raman,Sodium Azide
1545.6765999022962,1.8096180076761665,1,Raman,Sodium Azide
1547.3864191499756,1.8389895862451753,1,Raman,Sodium Azide
1549.0962383976553,1.839185738654347,1,Raman,Sodium Azide
1550.8060576453347,1.9287153185768355,1,Raman,Sodium Azide
1552.5158768930141,1.9593319876076343,1,Raman,Sodium Azide
1554.2256961406938,1.8987811534076038,1,Raman,Sodium Azide
1555.9355153883732,1.9216249167100405,1,Raman,Sodium Azide
1557.645334636053,1.8992554720992614,1,Raman,Sodium Azide
1559.3551538837323,1.8492094955125822,1,Raman,Sodium Azide
1561.064973131412,1.958364389417393,1,Raman,Sodium Azide
1562.7747923790914,1.9570263078102188,1,Raman,Sodium Azide
1564.4846116267709,1.7962307988732937,1,Raman,Sodium Azide
1566.1944308744505,1.8913153068699617,1,Raman,Sodium Azide
1567.90425012213,1.8550699184855344,1,Raman,Sodium Azide
1569.6140693698096,1.888582594169416,1,Raman,Sodium Azide
1571.323888617489,1.8727797270390705,1,Raman,Sodium Azide
1573.0337078651687,1.914799146356231,1,Raman,Sodium Azide
1574.7435271128481,1.9087402005470286,1,Raman,Sodium Azide
1576.4533463605276,1.899465857395832,1,Raman,Sodium Azide
1578.1631656082072,1.9948925933818142,1,Raman,Sodium Azide
1579.8729848558867,1.9717644468879651,1,Raman,Sodium Azide
1581.5828041035663,1.8831425930182488,1,Raman,Sodium Azide
1583.2926233512458,1.9047206060194832,1,Raman,Sodium Azide
1585.0024425989254,1.9638321266959415,1,Raman,Sodium Azide
1586.7122618466049,1.965828298486303,1,Raman,Sodium Azide
1588.4220810942843,1.8978859826285241,1,Raman,Sodium Azide
1590.131900341964,1.9236357758239824,1,Raman,Sodium Azide
1591.8417195896434,2.0688862723259174,1,Raman,Sodium Azide
1593.551538837323,1.915241017794023,1,Raman,Sodium Azide
1595.2613580850025,2.0671501826288723,1,Raman,Sodium Azide
1596.9711773326821,2.017579215679425,1,Raman,Sodium Azide
1598.6809965803616,2.059453880898946,1,Raman,Sodium Azide
1600.390815828041,1.9208558698334497,1,Raman,Sodium Azide
1602.1006350757207,1.9424119617583395,1,Raman,Sodium Azide
1603.8104543234,1.9265377413631002,1,Raman,Sodium Azide
1605.5202735710798,2.0294770442966272,1,Raman,Sodium Azide
1607.2300928187592,1.9231208674492513,1,Raman,Sodium Azide
1608.9399120664386,2.0083316430662173,1,Raman,Sodium Azide
1610.6497313141183,2.007029201811953,1,Raman,Sodium Azide
1612.3595505617977,1.9626298147724845,1,Raman,Sodium Azide
1614.0693698094774,2.0608990455200646,1,Raman,Sodium Azide
1615.7791890571568,1.9767630187408802,1,Raman,Sodium Azide
1617.4890083048365,2.0253354715686522,1,Raman,Sodium Azide
1619.198827552516,1.942379956839946,1,Raman,Sodium Azide
1620.9086468001954,1.9298255901045256,1,Raman,Sodium Azide
1622.618466047875,2.0449997412562397,1,Raman,Sodium Azide
1624.3282852955545,2.0078649338040555,1,Raman,Sodium Azide
1626.038104543234,1.9979473320823793,1,Raman,Sodium Azide
1627.7479237909135,1.9724649470126532,1,Raman,Sodium Azide
1629.4577430385932,2.085690327493122,1,Raman,Sodium Azide
1631.1675622862726,1.917169349389109,1,Raman,Sodium Azide
1632.877381533952,1.9157490804330193,1,Raman,Sodium Azide
1634.5872007816317,2.0530931251909292,1,Raman,Sodium Azide
1636.2970200293112,2.059924889576398,1,Raman,Sodium Azide
1638.0068392769908,2.0196047216702873,1,Raman,Sodium Azide
1639.7166585246703,1.980620441425408,1,Raman,Sodium Azide
1641.42647777235,2.053286738226998,1,Raman,Sodium Azide
1643.1362970200294,2.1233462603634794,1,Raman,Sodium Azide
1644.8461162677088,2.1662904074800617,1,Raman,Sodium Azide
1646.5559355153885,1.9013781969721006,1,Raman,Sodium Azide
1648.265754763068,1.9826591440433001,1,Raman,Sodium Azide
1649.9755740107476,1.980720752901778,1,Raman,Sodium Azide
1651.685393258427,2.1177309352724607,1,Raman,Sodium Azide
1653.3952125061066,1.8569238932170506,1,Raman,Sodium Azide
1655.105031753786,2.060689726679788,1,Raman,Sodium Azide
1656.8148510014655,2.00345417732382,1,Raman,Sodium Azide
1658.5246702491452,2.126809168479316,1,Raman,Sodium Azide
1660.2344894968246,2.120120811197088,1,Raman,Sodium Azide
1661.9443087445043,2.0495333196631362,1,Raman,Sodium Azide
1663.6541279921837,1.92712695150197,1,Raman,Sodium Azide
1665.3639472398634,2.00358216698416,1,Raman,Sodium Azide
1667.0737664875428,2.0026738970237092,1,Raman,Sodium Azide
1668.7835857352222,1.9595877824235217,1,Raman,Sodium Azide
1670.493404982902,2.110452913087572,1,Raman,Sodium Azide
1672.2032242305813,1.94563001656452,1,Raman,Sodium Azide
1673.913043478261,2.166506845717626,1,Raman,Sodium Azide
1675.6228627259404,2.168430611567201,1,Raman,Sodium Azide
1677.33268197362,2.020255328968803,1,Raman,Sodium Azide
1679.0425012212995,2.0680053964642138,1,Raman,Sodium Azide
1680.752320468979,2.044440501686489,1,Raman,Sodium Azide
1682.4621397166586,2.118865367011415,1,Raman,Sodium Azide
1684.171958964338,2.1348111839095107,1,Raman,Sodium Azide
1685.8817782120177,2.0818299443356474,1,Raman,Sodium Azide
1687.5915974596971,2.087425215518829,1,Raman,Sodium Azide
1689.3014167073768,2.029769536040024,1,Raman,Sodium Azide
1691.0112359550562,2.0895196558251072,1,Raman,Sodium Azide
1692.7210552027357,2.0840714083447813,1,Raman,Sodium Azide
1694.4308744504153,2.0073862176106303,1,Raman,Sodium Azide
1696.1406936980948,2.0669247929469057,1,Raman,Sodium Azide
1697.8505129457744,2.045384368986361,1,Raman,Sodium Azide
1699.5603321934539,2.032984901778091,1,Raman,Sodium Azide
1701.2701514411335,2.010702432138642,1,Raman,Sodium Azide
1702.979970688813,2.0901594646949775,1,Raman,Sodium Azide
1704.6897899364924,2.038294875000158,1,Raman,Sodium Azide
1706.399609184172,2.050177682195768,1,Raman,Sodium Azide
1708.1094284318515,2.1512172394198568,1,Raman,Sodium Azide
1709.8192476795311,2.1249497605584224,1,Raman,Sodium Azide
1711.5290669272106,2.0239408707908924,1,Raman,Sodium Azide
1713.2388861748902,2.1211841180973114,1,Raman,Sodium Azide
1714.9487054225697,2.099245607580427,1,Raman,Sodium Azide
1716.658524670249,2.2017368310961642,1,Raman,Sodium Azide
1718.3683439179288,2.1834343250970187,1,Raman,Sodium Azide
1720.0781631656082,1.9988435977264585,1,Raman,Sodium Azide
1721.7879824132879,2.1541945060011267,1,Raman,Sodium Azide
1723.4978016609673,2.202138145431222,1,Raman,Sodium Azide
1725.207620908647,2.1390501315716888,1,Raman,Sodium Azide
1726.9174401563264,2.083870800360782,1,Raman,Sodium Azide
1728.6272594040058,2.261872430771169,1,Raman,Sodium Azide
1730.3370786516855,2.1511933518950164,1,Raman,Sodium Azide
1732.046897899365,2.238083157117614,1,Raman,Sodium Azide
1733.7567171470446,2.2101643868169543,1,Raman,Sodium Azide
1735.466536394724,2.1454604046664816,1,Raman,Sodium Azide
1737.1763556424037,2.0907412904523905,1,Raman,Sodium Azide
1738.886174890083,2.1183822903852714,1,Raman,Sodium Azide
1740.5959941377625,2.107807112112164,1,Raman,Sodium Azide
1742.3058133854422,2.046366545943366,1,Raman,Sodium Azide
1744.0156326331216,2.1777937617943928,1,Raman,Sodium Azide
1745.7254518808013,2.2285683939984042,1,Raman,Sodium Azide
1747.4352711284807,2.111254543411905,1,Raman,Sodium Azide
1749.1450903761604,2.2808986549686856,1,Raman,Sodium Azide
1750.8549096238398,2.0348315764086577,1,Raman,Sodium Azide
1752.5647288715193,2.2040744847504934,1,Raman,Sodium Azide
1754.274548119199,2.2456552315291347,1,Raman,Sodium Azide
1755.9843673668784,2.1277081662028556,1,Raman,Sodium Azide
1757.694186614558,2.1509425402688573,1,Raman,Sodium Azide
1759.4040058622375,2.211668504903737,1,Raman,Sodium Azide
1761.1138251099171,2.179400214828842,1,Raman,Sodium Azide
1762.8236443575965,2.0212720220353746,1,Raman,Sodium Azide
1764.533463605276,2.097212007241887,1,Raman,Sodium Azide
1766.2432828529556,2.1624029703888286,1,Raman,Sodium Azide
1767.953102100635,2.0676965055408125,1,Raman,Sodium Azide
1769.6629213483147,2.127092141007936,1,Raman,Sodium Azide
1771.3727405959942,2.0834654123159044,1,Raman,Sodium Azide
1773.0825598436738,2.1479162941270697,1,Raman,Sodium Azide
1774.7923790913533,2.1421473590342024,1,Raman,Sodium Azide
1776.5021983390327,2.1882860755285036,1,Raman,Sodium Azide
1778.2120175867124,2.161986225103508,1,Raman,Sodium Azide
1779.9218368343918,2.2021201324652986,1,Raman,Sodium Azide
1781.6316560820715,2.196572741091065,1,Raman,Sodium Azide
1783.341475329751,2.240114335929626,1,Raman,Sodium Azide
1785.0512945774306,2.2321151092627427,1,Raman,Sodium Azide
1786.76111382511,2.2274372245940706,1,Raman,Sodium Azide
1788.4709330727894,2.3790677613190327,1,Raman,Sodium Azide
1790.180752320469,2.214680136267347,1,Raman,Sodium Azide
1791.8905715681485,2.350514089218515,1,Raman,Sodium Azide
1793.6003908158282,2.2129963485665165,1,Raman,Sodium Azide
1795.3102100635076,2.183397071028419,1,Raman,Sodium Azide
1797.0200293111873,2.1669016675126014,1,Raman,Sodium Azide
1798.7298485588667,2.2894866326435457,1,Raman,Sodium Azide
1800.4396678065461,2.2999401845698904,1,Raman,Sodium Azide
1802.1494870542258,2.235420489938476,1,Raman,Sodium Azide
1803.8593063019052,2.2716642186102023,1,Raman,Sodium Azide
1805.569125549585,2.119464476357114,1,Raman,Sodium Azide
1807.2789447972643,2.1041693460177826,1,Raman,Sodium Azide
1808.988764044944,2.285134116669054,1,Raman,Sodium Azide
1810.6985832926234,2.199340345072749,1,Raman,Sodium Azide
1812.4084025403029,2.2574937865625784,1,Raman,Sodium Azide
1814.1182217879825,2.1657192930207985,1,Raman,Sodium Azide
1815.828041035662,2.3197518483657658,1,Raman,Sodium Azide
1817.5378602833416,2.117208878072759,1,Raman,Sodium Azide
1819.247679531021,2.129201960696104,1,Raman,Sodium Azide
1820.9574987787007,2.3223932126194624,1,Raman,Sodium Azide
1822.6673180263801,2.055020362686138,1,Raman,Sodium Azide
1824.3771372740596,2.2483561623108126,1,Raman,Sodium Azide
1826.0869565217392,2.2193440297361398,1,Raman,Sodium Azide
1827.7967757694187,2.1811974224317243,1,Raman,Sodium Azide
1829.5065950170983,2.2175850919620457,1,Raman,Sodium Azide
1831.2164142647778,2.178225232114233,1,Raman,Sodium Azide
1832.9262335124574,2.333249946736109,1,Raman,Sodium Azide
1834.6360527601369,2.362116877421929,1,Raman,Sodium Azide
1836.3458720078163,2.1948313937399506,1,Raman,Sodium Azide
1838.055691255496,2.2584341556349905,1,Raman,Sodium Azide
1839.7655105031754,2.158083253335001,1,Raman,Sodium Azide
1841.475329750855,2.3136422978710667,1,Raman,Sodium Azide
1843.1851489985345,2.3140596768598742,1,Raman,Sodium Azide
1844.8949682462141,2.24024132411452,1,Raman,Sodium Azide
1846.6047874938936,2.252302138873143,1,Raman,Sodium Azide
1848.314606741573,2.2573048219616734,1,Raman,Sodium Azide
1850.0244259892527,2.1618119268773204,1,Raman,Sodium Azide
1851.734245236932,2.3564146248590454,1,Raman,Sodium Azide
1853.4440644846118,2.21047449880376,1,Raman,Sodium Azide
1855.1538837322912,2.212994010625033,1,Raman,Sodium Azide
1856.8637029799709,2.254099428722083,1,Raman,Sodium Azide
1858.5735222276503,2.32952296791584,1,Raman,Sodium Azide
1860.2833414753297,2.2400520065639324,1,Raman,Sodium Azide
1861.9931607230094,2.1450426163436016,1,Raman,Sodium Azide
1863.7029799706888,2.2152963308866376,1,Raman,Sodium Azide
1865.4127992183685,2.3012903903283592,1,Raman,Sodium Azide
1867.122618466048,2.4163696217167585,1,Raman,Sodium Azide
1868.8324377137276,2.197682365698721,1,Raman,Sodium Azide
1870.542256961407,2.1974252835868384,1,Raman,Sodium Azide
1872.2520762090865,2.1856798315989097,1,Raman,Sodium Azide
1873.9618954567661,2.1798198894228658,1,Raman,Sodium Azide
1875.6717147044455,2.373812379988319,1,Raman,Sodium Azide
1877.3815339521252,2.384391634334088,1,Raman,Sodium Azide
1879.0913531998046,2.302194904505404,1,Raman,Sodium Azide
1880.8011724474843,2.2629703987561216,1,Raman,Sodium Azide
1882.5109916951637,2.4096163363427556,1,Raman,Sodium Azide
1884.2208109428432,2.30820086922126,1,Raman,Sodium Azide
1885.9306301905228,2.378876768550849,1,Raman,Sodium Azide
1887.6404494382023,2.268187682561017,1,Raman,Sodium Azide
1889.350268685882,2.3261548644866306,1,Raman,Sodium Azide
1891.0600879335614,2.2262202767944297,1,Raman,Sodium Azide
1892.769907181241,2.3477620546228346,1,Raman,Sodium Azide
1894.4797264289205,2.3217951709217086,1,Raman,Sodium Azide
1896.1895456766,2.254409562153635,1,Raman,Sodium Azide
1897.8993649242796,2.2573547948988417,1,Raman,Sodium Azide
1899.609184171959,2.4192455919754243,1,Raman,Sodium Azide
1901.3190034196386,2.4440943404540927,1,Raman,Sodium Azide
1903.028822667318,2.306355744521917,1,Raman,Sodium Azide
1904.7386419149975,2.326416091524769,1,Raman,Sodium Azide
1906.4484611626772,2.3497705331363727,1,Raman,Sodium Azide
1908.1582804103566,2.3357218652346226,1,Raman,Sodium Azide
1909.8680996580363,2.221180849113095,1,Raman,Sodium Azide
1911.5779189057157,2.357799088142653,1,Raman,Sodium Azide
1913.2877381533954,2.1988800582459462,1,Raman,Sodium Azide
1914.9975574010748,2.287694268370447,1,Raman,Sodium Azide
1916.7073766487542,2.369014751009221,1,Raman,Sodium Azide
1918.417195896434,2.3771509084758375,1,Raman,Sodium Azide
1920.1270151441133,2.298993767954064,1,Raman,Sodium Azide
1921.836834391793,2.313581782802394,1,Raman,Sodium Azide
1923.5466536394724,2.3070005804137304,1,Raman,Sodium Azide
1925.256472887152,2.3405070864871087,1,Raman,Sodium Azide
1926.9662921348315,2.3474581809190487,1,Raman,Sodium Azide
1928.676111382511,2.394037527241098,1,Raman,Sodium Azide
1930.3859306301906,2.330260840999334,1,Raman,Sodium Azide
1932.09574987787,2.379321716531768,1,Raman,Sodium Azide
1933.8055691255497,2.409957149074486,1,Raman,Sodium Azide
1935.5153883732291,2.372283410548063,1,Raman,Sodium Azide
1937.2252076209088,2.3450631952337293,1,Raman,Sodium Azide
1938.9350268685882,2.375322384848921,1,Raman,Sodium Azide
1940.6448461162677,2.413955272875737,1,Raman,Sodium Azide
1942.3546653639473,2.4216356081132777,1,Raman,Sodium Azide
1944.0644846116268,2.4861935600271514,1,Raman,Sodium Azide
1945.7743038593064,2.3187382561426593,1,Raman,Sodium Azide
1947.4841231069859,2.3460223287279094,1,Raman,Sodium Azide
1949.1939423546655,2.2730074546801373,1,Raman,Sodium Azide
1950.903761602345,2.4379325460146686,1,Raman,Sodium Azide
1952.6135808500244,2.359026309018159,1,Raman,Sodium Azide
1954.323400097704,2.3957138992144777,1,Raman,Sodium Azide
1956.0332193453835,2.345925858972172,1,Raman,Sodium Azide
1957.7430385930631,2.3657779357500734,1,Raman,Sodium Azide
1959.4528578407426,2.4670518313082086,1,Raman,Sodium Azide
1961.1626770884222,2.445283836220496,1,Raman,Sodium Azide
1962.8724963361017,2.3858013268471727,1,Raman,Sodium Azide
1964.582315583781,2.44416097348671,1,Raman,Sodium Azide
1966.2921348314608,2.447658512366665,1,Raman,Sodium Azide
1968.0019540791402,2.374140338636765,1,Raman,Sodium Azide
1969.7117733268199,2.3072569168682433,1,Raman,Sodium Azide
1971.4215925744993,2.355814487484215,1,Raman,Sodium Azide
1973.131411822179,2.3196520422581677,1,Raman,Sodium Azide
1974.8412310698584,2.4920482682891407,1,Raman,Sodium Azide
1976.5510503175378,2.4952475168704553,1,Raman,Sodium Azide
1978.2608695652175,2.5132195998245184,1,Raman,Sodium Azide
1979.970688812897,2.2845320995466527,1,Raman,Sodium Azide
1981.6805080605766,2.4944306055646184,1,Raman,Sodium Azide
1983.390327308256,2.5695227616886647,1,Raman,Sodium Azide
1985.1001465559357,2.491196218099429,1,Raman,Sodium Azide
1986.8099658036151,2.2844415402787113,1,Raman,Sodium Azide
1988.5197850512945,2.5373668025978637,1,Raman,Sodium Azide
1990.2296042989742,2.4289516698797677,1,Raman,Sodium Azide
1991.9394235466536,2.4234947030208374,1,Raman,Sodium Azide
1993.6492427943333,2.4693209185603955,1,Raman,Sodium Azide
1995.3590620420127,2.3654017403075924,1,Raman,Sodium Azide
1997.0688812896924,2.4547980209298528,1,Raman,Sodium Azide
1998.7787005373718,2.560407971028345,1,Raman,Sodium Azide
2000.4885197850513,2.4786201358730455,1,Raman,Sodium Azide
2002.198339032731,2.454609740671216,1,Raman,Sodium Azide
2003.9081582804104,2.4486909733306503,1,Raman,Sodium Azide
2005.61797752809,2.3694336973843666,1,Raman,Sodium Azide
2007.3277967757695,2.447525497828753,1,Raman,Sodium Azide
2009.0376160234491,2.3546171505371487,1,Raman,Sodium Azide
2010.7474352711286,2.516726518144586,1,Raman,Sodium Azide
2012.457254518808,2.3134959369518575,1,Raman,Sodium Azide
2014.1670737664876,2.5101724352200003,1,Raman,Sodium Azide
2015.876893014167,2.5202249085531334,1,Raman,Sodium Azide
2017.5867122618467,2.564026874994423,1,Raman,Sodium Azide
2019.2965315095262,2.467271701499925,1,Raman,Sodium Azide
2021.0063507572058,2.5424591897869275,1,Raman,Sodium Azide
2022.7161700048853,2.4556576172645723,1,Raman,Sodium Azide
2024.4259892525647,2.392019112592713,1,Raman,Sodium Azide
2026.1358085002444,2.5780127132968746,1,Raman,Sodium Azide
2027.8456277479238,2.4659327906090143,1,Raman,Sodium Azide
2029.5554469956035,2.384011711936379,1,Raman,Sodium Azide
2031.265266243283,2.456426284907531,1,Raman,Sodium Azide
2032.9750854909626,2.4510376482494407,1,Raman,Sodium Azide
2034.684904738642,2.510017153623536,1,Raman,Sodium Azide
2036.3947239863214,2.6327595271418494,1,Raman,Sodium Azide
2038.104543234001,2.518071355166253,1,Raman,Sodium Azide
2039.8143624816805,2.5099593358313816,1,Raman,Sodium Azide
2041.5241817293602,2.6559701458544045,1,Raman,Sodium Azide
2043.2340009770396,2.5535369685209224,1,Raman,Sodium Azide
2044.9438202247193,2.519245393775275,1,Raman,Sodium Azide
2046.6536394723987,2.4643767682713795,1,Raman,Sodium Azide
2048.363458720078,2.5273782599621373,1,Raman,Sodium Azide
2050.073277967758,2.4949773816280194,1,Raman,Sodium Azide
2051.7830972154375,2.5071618785831618,1,Raman,Sodium Azide
2053.4929164631167,2.5875132399915364,1,Raman,Sodium Azide
2055.2027357107963,2.4708990068298595,1,Raman,Sodium Azide
2056.912554958476,2.5604279932196152,1,Raman,Sodium Azide
2058.622374206155,2.570376665282348,1,Raman,Sodium Azide
2060.332193453835,2.4693569120753165,1,Raman,Sodium Azide
2062.0420127015145,2.471168767808336,1,Raman,Sodium Azide
2063.751831949194,2.506277253763941,1,Raman,Sodium Azide
2065.4616511968734,2.4884395990376826,1,Raman,Sodium Azide
2067.171470444553,2.5938137124712033,1,Raman,Sodium Azide
2068.8812896922327,2.4580400541635843,1,Raman,Sodium Azide
2070.591108939912,2.538617117010506,1,Raman,Sodium Azide
2072.3009281875916,2.6892606810028044,1,Raman,Sodium Azide
2074.0107474352712,2.5548379580055096,1,Raman,Sodium Azide
2075.720566682951,2.567560617581201,1,Raman,Sodium Azide
2077.43038593063,2.6068525258645368,1,Raman,Sodium Azide
2079.1402051783098,2.5050277407810313,1,Raman,Sodium Azide
2080.8500244259894,2.467531054594951,1,Raman,Sodium Azide
2082.5598436736686,2.55011994622396,1,Raman,Sodium Azide
2084.2696629213483,2.5678929477315173,1,Raman,Sodium Azide
2085.979482169028,2.449429816998853,1,Raman,Sodium Azide
2087.6893014167076,2.5790796110204544,1,Raman,Sodium Azide
2089.399120664387,2.625627989472177,1,Raman,Sodium Azide
2091.1089399120665,2.4908173036029515,1,Raman,Sodium Azide
2092.818759159746,2.5892026696102906,1,Raman,Sodium Azide
2094.5285784074254,2.6105150408983406,1,Raman,Sodium Azide
2096.238397655105,2.5930423155005933,1,Raman,Sodium Azide
2097.9482169027847,2.601163175688424,1,Raman,Sodium Azide
2099.6580361504643,2.543997664998661,1,Raman,Sodium Azide
2101.3678553981435,2.489590612374194,1,Raman,Sodium Azide
2103.077674645823,2.535216097115381,1,Raman,Sodium Azide
2104.787493893503,2.5384101940895145,1,Raman,Sodium Azide
2106.497313141182,2.5828642332944485,1,Raman,Sodium Azide
2108.2071323888617,2.6400516490802133,1,Raman,Sodium Azide
2109.9169516365414,2.4882138920652004,1,Raman,Sodium Azide
2111.626770884221,2.5834845407735467,1,Raman,Sodium Azide
2113.3365901319003,2.51828155634237,1,Raman,Sodium Azide
2115.04640937958,2.5310596227785687,1,Raman,Sodium Azide
2116.7562286272596,2.616263257800711,1,Raman,Sodium Azide
2118.466047874939,2.5064352753990353,1,Raman,Sodium Azide
2120.1758671226185,2.631663245564758,1,Raman,Sodium Azide
2121.885686370298,2.500221736466113,1,Raman,Sodium Azide
2123.595505617978,2.641526650783354,1,Raman,Sodium Azide
2125.305324865657,2.491758839138116,1,Raman,Sodium Azide
2127.0151441133366,2.5634708582579444,1,Raman,Sodium Azide
2128.7249633610163,2.7364650679586644,1,Raman,Sodium Azide
2130.4347826086955,2.7165208805924324,1,Raman,Sodium Azide
2132.144601856375,2.5828610612358998,1,Raman,Sodium Azide
2133.854421104055,2.6263024293382267,1,Raman,Sodium Azide
2135.5642403517345,2.7104875923824125,1,Raman,Sodium Azide
2137.2740595994137,2.6591154143135896,1,Raman,Sodium Azide
2138.9838788470934,2.6000969149837676,1,Raman,Sodium Azide
2140.693698094773,2.561771082218528,1,Raman,Sodium Azide
2142.4035173424522,2.6673228701268754,1,Raman,Sodium Azide
2144.113336590132,2.6862127778851135,1,Raman,Sodium Azide
2145.8231558378116,2.735735473465749,1,Raman,Sodium Azide
2147.532975085491,2.5100381310288866,1,Raman,Sodium Azide
2149.2427943331704,2.539905228581092,1,Raman,Sodium Azide
2150.95261358085,2.7065471010231885,1,Raman,Sodium Azide
2152.6624328285297,2.5249760610524925,1,Raman,Sodium Azide
2154.372252076209,2.705619165934577,1,Raman,Sodium Azide
2156.0820713238886,2.614683550071252,1,Raman,Sodium Azide
2157.7918905715683,2.597185490445315,1,Raman,Sodium Azide
2159.501709819248,2.645753884925226,1,Raman,Sodium Azide
2161.211529066927,2.548590348931228,1,Raman,Sodium Azide
2162.921348314607,2.709510193400695,1,Raman,Sodium Azide
2164.6311675622865,2.7569921864489113,1,Raman,Sodium Azide
2166.3409868099657,2.696658166354638,1,Raman,Sodium Azide
2168.0508060576453,2.6272512559243073,1,Raman,Sodium Azide
2169.760625305325,2.5466804333205015,1,Raman,Sodium Azide
2171.4704445530047,2.551225110301748,1,Raman,Sodium Azide
2173.180263800684,2.564185236582699,1,Raman,Sodium Azide
2174.8900830483635,2.6505777815885887,1,Raman,Sodium Azide
2176.599902296043,2.6607049929057323,1,Raman,Sodium Azide
2178.3097215437224,2.7111101904755026,1,Raman,Sodium Azide
2180.019540791402,2.5426738687792323,1,Raman,Sodium Azide
2181.7293600390817,2.7436144357177885,1,Raman,Sodium Azide
2183.4391792867614,2.7062244116615495,1,Raman,Sodium Azide
2185.1489985344406,2.642951197964021,1,Raman,Sodium Azide
2186.8588177821202,2.589809948229407,1,Raman,Sodium Azide
2188.5686370298,2.7579784111227625,1,Raman,Sodium Azide
2190.278456277479,2.6509148682343375,1,Raman,Sodium Azide
2191.9882755251588,2.670923131045108,1,Raman,Sodium Azide
2193.6980947728384,2.698838694546895,1,Raman,Sodium Azide
2195.407914020518,2.617929716420854,1,Raman,Sodium Azide
2197.1177332681973,2.660397578341693,1,Raman,Sodium Azide
2198.827552515877,2.735918973167621,1,Raman,Sodium Azide
2200.5373717635566,2.731525135742709,1,Raman,Sodium Azide
2202.247191011236,2.734185901419512,1,Raman,Sodium Azide
2203.9570102589155,2.6128638393291506,1,Raman,Sodium Azide
2205.666829506595,2.673736259118339,1,Raman,Sodium Azide
2207.376648754275,2.6655926199373132,1,Raman,Sodium Azide
2209.086468001954,2.720255542292393,1,Raman,Sodium Azide
2210.7962872496337,2.7166104773445348,1,Raman,Sodium Azide
2212.5061064973133,2.7071601837804096,1,Raman,Sodium Azide
2214.2159257449925,2.857098813019563,1,Raman,Sodium Azide
2215.925744992672,2.682770370851096,1,Raman,Sodium Azide
2217.635564240352,2.6773656124121437,1,Raman,Sodium Azide
2219.3453834880315,2.641520027143364,1,Raman,Sodium Azide
2221.0552027357107,2.6192146864256376,1,Raman,Sodium Azide
2222.7650219833904,2.631619979845534,1,Raman,Sodium Azide
2224.47484123107,2.665807621600496,1,Raman,Sodium Azide
2226.1846604787493,2.797727565761784,1,Raman,Sodium Azide
2227.894479726429,2.718476238768175,1,Raman,Sodium Azide
2229.6042989741086,2.730426646639758,1,Raman,Sodium Azide
2231.3141182217882,2.7139767007704716,1,Raman,Sodium Azide
2233.0239374694675,2.7456005167740867,1,Raman,Sodium Azide
2234.733756717147,2.8240356695927975,1,Raman,Sodium Azide
2236.443575964827,2.5987830015195788,1,Raman,Sodium Azide
2238.153395212506,2.806445189928602,1,Raman,Sodium Azide
2239.8632144601856,2.5696014037153723,1,Raman,Sodium Azide
2241.5730337078653,2.7344473325125565,1,Raman,Sodium Azide
2243.282852955545,2.875003756544294,1,Raman,Sodium Azide
2244.992672203224,2.7903711823700075,1,Raman,Sodium Azide
2246.702491450904,2.7627695941226564,1,Raman,Sodium Azide
2248.4123106985835,2.869098864203572,1,Raman,Sodium Azide
2250.1221299462627,2.708068303938384,1,Raman,Sodium Azide
2251.8319491939424,2.7729198234732153,1,Raman,Sodium Azide
2253.541768441622,2.794229159724062,1,Raman,Sodium Azide
2255.2515876893017,2.7258824163040365,1,Raman,Sodium Azide
2256.961406936981,2.733616980990387,1,Raman,Sodium Azide
2258.6712261846606,2.718682462592116,1,Raman,Sodium Azide
2260.38104543234,2.771155193525771,1,Raman,Sodium Azide
2262.0908646800194,2.792638363517414,1,Raman,Sodium Azide
2263.800683927699,2.767621840404447,1,Raman,Sodium Azide
2265.5105031753787,2.807223446539411,1,Raman,Sodium Azide
2267.2203224230584,2.637882413099424,1,Raman,Sodium Azide
2268.9301416707376,2.7520199973525976,1,Raman,Sodium Azide
2270.6399609184173,2.702575075490398,1,Raman,Sodium Azide
2272.349780166097,2.7894653185487917,1,Raman,Sodium Azide
2274.059599413776,2.7906018989206838,1,Raman,Sodium Azide
2275.769418661456,2.766924324428174,1,Raman,Sodium Azide
2277.4792379091355,2.8190646967294666,1,Raman,Sodium Azide
2279.189057156815,2.8523498578235102,1,Raman,Sodium Azide
2280.8988764044943,2.7767029253053392,1,Raman,Sodium Azide
2282.608695652174,2.7153540134510403,1,Raman,Sodium Azide
2284.3185148998537,2.683547236697003,1,Raman,Sodium Azide
2286.028334147533,2.7891392978075884,1,Raman,Sodium Azide
2287.7381533952125,2.8043913374040685,1,Raman,Sodium Azide
2289.447972642892,2.728949070212569,1,Raman,Sodium Azide
2291.157791890572,2.8495280302417725,1,Raman,Sodium Azide
2292.867611138251,2.765792385004919,1,Raman,Sodium Azide
2294.5774303859307,2.6912406224396492,1,Raman,Sodium Azide
2296.2872496336104,2.879741935208951,1,Raman,Sodium Azide
2297.9970688812896,2.88462955608011,1,Raman,Sodium Azide
2299.7068881289692,2.67450696958922,1,Raman,Sodium Azide
2301.416707376649,2.769579801432048,1,Raman,Sodium Azide
2303.1265266243286,2.769169022645623,1,Raman,Sodium Azide
2304.8363458720078,2.9146768096319957,1,Raman,Sodium Azide
2306.5461651196874,2.8154826895341,1,Raman,Sodium Azide
2308.255984367367,2.728188355194112,1,Raman,Sodium Azide
2309.9658036150463,2.882458122775155,1,Raman,Sodium Azide
2311.675622862726,2.73932248997118,1,Raman,Sodium Azide
2313.3854421104056,2.8035122779933754,1,Raman,Sodium Azide
2315.0952613580853,2.772994052005563,1,Raman,Sodium Azide
2316.8050806057645,2.788473748028084,1,Raman,Sodium Azide
2318.514899853444,2.8964081798918673,1,Raman,Sodium Azide
2320.224719101124,2.9258715845288092,1,Raman,Sodium Azide
2321.934538348803,2.749037060486763,1,Raman,Sodium Azide
2323.6443575964827,2.8927454558813537,1,Raman,Sodium Azide
2325.3541768441623,2.7878673864256873,1,Raman,Sodium Azide
2327.063996091842,2.7919406215932203,1,Raman,Sodium Azide
2328.773815339521,2.870329799800434,1,Raman,Sodium Azide
2330.483634587201,2.7752307090466375,1,Raman,Sodium Azide
2332.1934538348805,2.8732158386106126,1,Raman,Sodium Azide
2333.9032730825597,2.8919080309973513,1,Raman,Sodium Azide
2335.6130923302394,2.8195853351540445,1,Raman,Sodium Azide
2337.322911577919,2.944280611771203,1,Raman,Sodium Azide
2339.0327308255987,2.7699766146209144,1,Raman,Sodium Azide
2340.742550073278,2.9396217158269224,1,Raman,Sodium Azide
2342.4523693209576,2.7411918131884847,1,Raman,Sodium Azide
2344.1621885686372,3.05046260034094,1,Raman,Sodium Azide
2345.8720078163165,2.8337748386478,1,Raman,Sodium Azide
2347.581827063996,2.7874698558320397,1,Raman,Sodium Azide
2349.291646311676,2.849048545707157,1,Raman,Sodium Azide
2351.0014655593554,2.7990508180223967,1,Raman,Sodium Azide
2352.7112848070346,2.892872114315415,1,Raman,Sodium Azide
2354.4211040547143,2.9777183264157236,1,Raman,Sodium Azide
2356.130923302394,2.8186963114721095,1,Raman,Sodium Azide
2357.840742550073,2.911439684266351,1,Raman,Sodium Azide
2359.550561797753,2.778351775918403,1,Raman,Sodium Azide
2361.2603810454325,2.94463438755127,1,Raman,Sodium Azide
2362.970200293112,2.907249838269895,1,Raman,Sodium Azide
2364.6800195407914,2.9515690689675815,1,Raman,Sodium Azide
2366.389838788471,2.88694983708319,1,Raman,Sodium Azide
2368.0996580361507,2.85901477608618,1,Raman,Sodium Azide
2369.80947728383,2.941177642714175,1,Raman,Sodium Azide
2371.5192965315096,2.8073197543913904,1,Raman,Sodium Azide
2373.229115779189,2.7815791295883527,1,Raman,Sodium Azide
2374.938935026869,2.8948825808993903,1,Raman,Sodium Azide
2376.648754274548,2.882350882096365,1,Raman,Sodium Azide
2378.3585735222277,2.9348124019291975,1,Raman,Sodium Azide
2380.0683927699074,2.9713092535981165,1,Raman,Sodium Azide
2381.7782120175866,2.937648162046858,1,Raman,Sodium Azide
2383.4880312652663,2.980380095735379,1,Raman,Sodium Azide
2385.197850512946,2.938251221900603,1,Raman,Sodium Azide
2386.9076697606256,2.9514416930775274,1,Raman,Sodium Azide
2388.617489008305,2.9044069179360146,1,Raman,Sodium Azide
2390.3273082559845,2.9437186861336238,1,Raman,Sodium Azide
2392.037127503664,2.9267062855344763,1,Raman,Sodium Azide
2393.7469467513433,2.9389355450511263,1,Raman,Sodium Azide
2395.456765999023,2.9095390443221083,1,Raman,Sodium Azide
2397.1665852467027,2.9740627843486678,1,Raman,Sodium Azide
2398.8764044943823,2.878909758621582,1,Raman,Sodium Azide
2400.5862237420615,2.9252869395594416,1,Raman,Sodium Azide
2402.296042989741,3.0224966019893547,1,Raman,Sodium Azide
2404.005862237421,2.869913267763614,1,Raman,Sodium Azide
2405.7156814851,2.794360089352164,1,Raman,Sodium Azide
2407.4255007327797,2.968249984672325,1,Raman,Sodium Azide
2409.1353199804594,2.920437079504425,1,Raman,Sodium Azide
2410.845139228139,3.0136586424513245,1,Raman,Sodium Azide
2412.5549584758182,2.9326970710439904,1,Raman,Sodium Azide
2414.264777723498,2.9044574482947394,1,Raman,Sodium Azide
2415.9745969711776,2.9403657494728472,1,Raman,Sodium Azide
2417.6844162188568,3.017255961549374,1,Raman,Sodium Azide
2419.3942354665364,2.986208437111146,1,Raman,Sodium Azide
2421.104054714216,2.7957057111355925,1,Raman,Sodium Azide
2422.8138739618958,2.975442901750457,1,Raman,Sodium Azide
2424.523693209575,2.9707265223801747,1,Raman,Sodium Azide
2426.2335124572546,2.9565543786655804,1,Raman,Sodium Azide
2427.9433317049343,2.920710796738571,1,Raman,Sodium Azide
2429.6531509526135,3.0383379026398223,1,Raman,Sodium Azide
2431.362970200293,3.043590000083876,1,Raman,Sodium Azide
2433.072789447973,2.8450611931424605,1,Raman,Sodium Azide
2434.7826086956525,2.917075046874667,1,Raman,Sodium Azide
2436.4924279433317,2.9609643321406693,1,Raman,Sodium Azide
2438.2022471910113,3.0330132940096606,1,Raman,Sodium Azide
2439.912066438691,2.97662543061723,1,Raman,Sodium Azide
2441.62188568637,2.9327304926565154,1,Raman,Sodium Azide
2443.33170493405,3.0239716621168204,1,Raman,Sodium Azide
2445.0415241817295,2.9871220970771697,1,Raman,Sodium Azide
2446.751343429409,2.975217818831721,1,Raman,Sodium Azide
2448.4611626770884,2.9830772094460754,1,Raman,Sodium Azide
2450.170981924768,3.0236538433209534,1,Raman,Sodium Azide
2451.8808011724477,2.969236938601213,1,Raman,Sodium Azide
2453.590620420127,3.0350305782029308,1,Raman,Sodium Azide
2455.3004396678066,2.988475329224682,1,Raman,Sodium Azide
2457.0102589154862,2.926948935364992,1,Raman,Sodium Azide
2458.720078163166,2.9949661266813052,1,Raman,Sodium Azide
2460.429897410845,2.9344323721137924,1,Raman,Sodium Azide
2462.139716658525,3.004110940864869,1,Raman,Sodium Azide
2463.8495359062044,3.0666564614611027,1,Raman,Sodium Azide
2465.5593551538836,2.936946121662306,1,Raman,Sodium Azide
2467.2691744015633,3.0310527951052584,1,Raman,Sodium Azide
2468.978993649243,2.956767590826497,1,Raman,Sodium Azide
2470.6888128969226,3.0248166362567317,1,Raman,Sodium Azide
2472.398632144602,3.0690435007215635,1,Raman,Sodium Azide
2474.1084513922815,2.879792224190101,1,Raman,Sodium Azide
2475.818270639961,2.9568364547173687,1,Raman,Sodium Azide
2477.5280898876404,2.996630661130598,1,Raman,Sodium Azide
2479.23790913532,3.0424905097634425,1,Raman,Sodium Azide
2480.9477283829997,3.0137645147816614,1,Raman,Sodium Azide
2482.6575476306793,3.023560486808087,1,Raman,Sodium Azide
2484.3673668783586,3.1693273575890295,1,Raman,Sodium Azide
2486.077186126038,2.9530702967280904,1,Raman,Sodium Azide
2487.787005373718,3.105417526411956,1,Raman,Sodium Azide
2489.496824621397,3.012435217136189,1,Raman,Sodium Azide
2491.2066438690767,3.072082304251963,1,Raman,Sodium Azide
2492.9164631167564,3.175249105640294,1,Raman,Sodium Azide
2494.626282364436,3.0951591523580797,1,Raman,Sodium Azide
2496.3361016121153,3.0670082511961794,1,Raman,Sodium Azide
2498.045920859795,3.1475937377766634,1,Raman,Sodium Azide
2499.7557401074746,3.119322135414738,1,Raman,Sodium Azide
2501.465559355154,2.9982620956138772,1,Raman,Sodium Azide
2503.1753786028335,3.080354573677211,1,Raman,Sodium Azide
2504.885197850513,2.943673750165943,1,Raman,Sodium Azide
2506.595017098193,3.0211051509663185,1,Raman,Sodium Azide
2508.304836345872,3.0778565572649663,1,Raman,Sodium Azide
2510.0146555935517,3.021308507823305,1,Raman,Sodium Azide
2511.7244748412313,3.0794208750110874,1,Raman,Sodium Azide
2513.4342940889105,3.063153490237056,1,Raman,Sodium Azide
2515.14411333659,3.1004236437853954,1,Raman,Sodium Azide
2516.85393258427,3.0410304160901127,1,Raman,Sodium Azide
2518.5637518319495,3.0100948281264497,1,Raman,Sodium Azide
2520.2735710796287,3.166943244036116,1,Raman,Sodium Azide
2521.9833903273084,3.0427069388327714,1,Raman,Sodium Azide
2523.693209574988,3.1187537464586406,1,Raman,Sodium Azide
2525.4030288226672,3.1704512509448395,1,Raman,Sodium Azide
2527.112848070347,3.091093186107572,1,Raman,Sodium Azide
2528.8226673180266,3.0279649943402496,1,Raman,Sodium Azide
2530.532486565706,3.0734201631335036,1,Raman,Sodium Azide
2532.2423058133854,3.1520552695845665,1,Raman,Sodium Azide
2533.952125061065,3.102218346880268,1,Raman,Sodium Azide
2535.6619443087448,3.0239765986792455,1,Raman,Sodium Azide
2537.371763556424,3.131370999598946,1,Raman,Sodium Azide
2539.0815828041036,3.144519502363675,1,Raman,Sodium Azide
2540.7914020517833,3.0746160684818435,1,Raman,Sodium Azide
2542.501221299463,3.1384936244932744,1,Raman,Sodium Azide
2544.211040547142,3.1172040490847435,1,Raman,Sodium Azide
2545.920859794822,3.100972412421392,1,Raman,Sodium Azide
2547.6306790425015,3.022908093115726,1,Raman,Sodium Azide
2549.3404982901807,3.1767623011406165,1,Raman,Sodium Azide
2551.0503175378603,3.1584475284038804,1,Raman,Sodium Azide
2552.76013678554,3.1493112051963603,1,Raman,Sodium Azide
2554.4699560332197,3.222874112640278,1,Raman,Sodium Azide
2556.179775280899,3.17660223500246,1,Raman,Sodium Azide
2557.8895945285785,3.17213470155253,1,Raman,Sodium Azide
2559.599413776258,2.978638361342175,1,Raman,Sodium Azide
2561.3092330239374,3.198962781293449,1,Raman,Sodium Azide
2563.019052271617,3.1297651739516894,1,Raman,Sodium Azide
2564.7288715192967,3.1465310586780184,1,Raman,Sodium Azide
2566.4386907669764,3.149052973624281,1,Raman,Sodium Azide
2568.1485100146556,3.190224021418223,1,Raman,Sodium Azide
2569.8583292623352,3.2046012368809675,1,Raman,Sodium Azide
2571.568148510015,3.1754586118967114,1,Raman,Sodium Azide
2573.277967757694,3.167369878500309,1,Raman,Sodium Azide
2574.987787005374,3.153853024200734,1,Raman,Sodium Azide
2576.6976062530534,2.926625069245058,1,Raman,Sodium Azide
2578.407425500733,3.124799669072929,1,Raman,Sodium Azide
2580.1172447484123,3.095029273198315,1,Raman,Sodium Azide
2581.827063996092,3.234857684714545,1,Raman,Sodium Azide
2583.5368832437716,3.1890741062489028,1,Raman,Sodium Azide
2585.246702491451,3.122221394664689,1,Raman,Sodium Azide
2586.9565217391305,3.1307321152497303,1,Raman,Sodium Azide
2588.66634098681,3.1304953605682,1,Raman,Sodium Azide
2590.37616023449,3.1314374064424753,1,Raman,Sodium Azide
2592.085979482169,3.0674289427304267,1,Raman,Sodium Azide
2593.7957987298487,3.055643280311614,1,Raman,Sodium Azide
2595.5056179775283,3.1659045266984505,1,Raman,Sodium Azide
2597.2154372252076,3.244947416404489,1,Raman,Sodium Azide
2598.925256472887,3.1338027825585097,1,Raman,Sodium Azide
2600.635075720567,3.189717615461217,1,Raman,Sodium Azide
2602.3448949682465,3.2193729784012133,1,Raman,Sodium Azide
2604.0547142159257,3.1208919377225266,1,Raman,Sodium Azide
2605.7645334636054,3.175271653501485,1,Raman,Sodium Azide
2607.474352711285,3.135978261783375,1,Raman,Sodium Azide
2609.1841719589643,3.293506308061179,1,Raman,Sodium Azide
2610.893991206644,3.2927962381550873,1,Raman,Sodium Azide
2612.6038104543236,3.1213785656431474,1,Raman,Sodium Azide
2614.3136297020033,3.211666157933694,1,Raman,Sodium Azide
2616.0234489496825,3.2673784905882775,1,Raman,Sodium Azide
2617.733268197362,3.245429777718409,1,Raman,Sodium Azide
2619.443087445042,3.198442479303241,1,Raman,Sodium Azide
2621.152906692721,3.2789235087772544,1,Raman,Sodium Azide
2622.8627259404007,3.139503814788877,1,Raman,Sodium Azide
2624.5725451880803,3.1900775604987026,1,Raman,Sodium Azide
2626.2823644357595,3.1453917277910755,1,Raman,Sodium Azide
2627.992183683439,3.2537208579330783,1,Raman,Sodium Azide
2629.702002931119,3.1684395822846643,1,Raman,Sodium Azide
2631.4118221787985,3.196851565935289,1,Raman,Sodium Azide
2633.1216414264777,3.249424759486297,1,Raman,Sodium Azide
2634.8314606741574,3.2566657469976277,1,Raman,Sodium Azide
2636.541279921837,3.156009261337567,1,Raman,Sodium Azide
2638.2510991695162,3.283771051187486,1,Raman,Sodium Azide
2639.960918417196,3.2473946434860457,1,Raman,Sodium Azide
2641.6707376648756,3.1510889688090007,1,Raman,Sodium Azide
2643.380556912555,3.1574287462407424,1,Raman,Sodium Azide
2645.0903761602344,3.23347129764472,1,Raman,Sodium Azide
2646.800195407914,3.290971948276197,1,Raman,Sodium Azide
2648.5100146555937,3.284695765311592,1,Raman,Sodium Azide
2650.219833903273,3.2535298433281903,1,Raman,Sodium Azide
2651.9296531509526,3.2359351007298374,1,Raman,Sodium Azide
2653.6394723986323,3.2776541794679157,1,Raman,Sodium Azide
2655.349291646312,3.182248887948146,1,Raman,Sodium Azide
2657.059110893991,3.357035760531083,1,Raman,Sodium Azide
2658.768930141671,3.3482846980477845,1,Raman,Sodium Azide
2660.4787493893505,3.2706834321493337,1,Raman,Sodium Azide
2662.1885686370297,3.257951252112489,1,Raman,Sodium Azide
2663.8983878847093,3.2410784916648696,1,Raman,Sodium Azide
2665.608207132389,3.2833313710159957,1,Raman,Sodium Azide
2667.3180263800687,3.21733388289394,1,Raman,Sodium Azide
2669.027845627748,3.121354459327116,1,Raman,Sodium Azide
2670.7376648754275,3.082047911416688,1,Raman,Sodium Azide
2672.447484123107,3.206662758725823,1,Raman,Sodium Azide
2674.1573033707864,3.269920828431233,1,Raman,Sodium Azide
2675.867122618466,3.2832425077150122,1,Raman,Sodium Azide
2677.5769418661457,3.232929737562296,1,Raman,Sodium Azide
2679.2867611138254,3.2752423312654018,1,Raman,Sodium Azide
2680.9965803615046,3.25069925177884,1,Raman,Sodium Azide
2682.7063996091842,3.206379514084156,1,Raman,Sodium Azide
2684.416218856864,3.2689778811298025,1,Raman,Sodium Azide
2686.126038104543,3.3265289570306495,1,Raman,Sodium Azide
2687.835857352223,3.2155276995586464,1,Raman,Sodium Azide
2689.5456765999024,3.217641028547194,1,Raman,Sodium Azide
2691.255495847582,3.2323240128224366,1,Raman,Sodium Azide
2692.9653150952613,3.1689048276718355,1,Raman,Sodium Azide
2694.675134342941,3.264189953467901,1,Raman,Sodium Azide
2696.3849535906206,3.3327058701707606,1,Raman,Sodium Azide
2698.0947728383,3.3002202466166866,1,Raman,Sodium Azide
2699.8045920859795,3.2803423868273027,1,Raman,Sodium Azide
2701.514411333659,3.301518009466877,1,Raman,Sodium Azide
2703.224230581339,3.2640484763268347,1,Raman,Sodium Azide
2704.934049829018,3.192765820423658,1,Raman,Sodium Azide
2706.6438690766977,3.349666648451653,1,Raman,Sodium Azide
2708.3536883243773,3.3701440620435883,1,Raman,Sodium Azide
2710.0635075720566,3.267078076003375,1,Raman,Sodium Azide
2711.773326819736,3.296109436888689,1,Raman,Sodium Azide
2713.483146067416,3.2926792320434943,1,Raman,Sodium Azide
2715.1929653150955,3.332412445673445,1,Raman,Sodium Azide
2716.9027845627747,3.4201642800474406,1,Raman,Sodium Azide
2718.6126038104544,3.3883229747487706,1,Raman,Sodium Azide
2720.322423058134,3.312061268977925,1,Raman,Sodium Azide
2722.0322423058133,3.3629835231270717,1,Raman,Sodium Azide
2723.742061553493,3.400627187314517,1,Raman,Sodium Azide
2725.4518808011726,3.3485683674671423,1,Raman,Sodium Azide
2727.1617000488523,3.3342184945070867,1,Raman,Sodium Azide
2728.8715192965315,3.3551463471503915,1,Raman,Sodium Azide
2730.581338544211,3.2836795581118956,1,Raman,Sodium Azide
2732.291157791891,3.2951066967367773,1,Raman,Sodium Azide
2734.00097703957,3.26475968263574,1,Raman,Sodium Azide
2735.7107962872497,3.35459106842401,1,Raman,Sodium Azide
2737.4206155349293,3.328614188593319,1,Raman,Sodium Azide
2739.130434782609,3.286430009402721,1,Raman,Sodium Azide
2740.840254030288,3.3406847108850024,1,Raman,Sodium Azide
2742.550073277968,3.37335476413419,1,Raman,Sodium Azide
2744.2598925256475,3.467897367219524,1,Raman,Sodium Azide
2745.9697117733267,3.422214176431055,1,Raman,Sodium Azide
2747.6795310210064,3.2133476743038663,1,Raman,Sodium Azide
2749.389350268686,3.3869274168758996,1,Raman,Sodium Azide
2751.0991695163657,3.4451698907208472,1,Raman,Sodium Azide
2752.808988764045,3.2701593780871137,1,Raman,Sodium Azide
2754.5188080117246,3.3931630034560363,1,Raman,Sodium Azide
2756.228627259404,3.344803912697045,1,Raman,Sodium Azide
2757.9384465070834,3.435648637493057,1,Raman,Sodium Azide
2759.648265754763,3.389988213902502,1,Raman,Sodium Azide
2761.3580850024427,3.3096256637161185,1,Raman,Sodium Azide
2763.0679042501224,3.3554307329578417,1,Raman,Sodium Azide
2764.7777234978016,3.36130064791257,1,Raman,Sodium Azide
2766.4875427454813,3.364569798189105,1,Raman,Sodium Azide
2768.197361993161,3.4461673803098134,1,Raman,Sodium Azide
2769.90718124084,3.322695253921997,1,Raman,Sodium Azide
2771.61700048852,3.4428982373461645,1,Raman,Sodium Azide
2773.3268197361995,3.371445911010514,1,Raman,Sodium Azide
2775.036638983879,3.397177521122625,1,Raman,Sodium Azide
2776.7464582315583,3.3895893807514765,1,Raman,Sodium Azide
2778.456277479238,3.3956459535751558,1,Raman,Sodium Azide
2780.1660967269177,3.398254969194015,1,Raman,Sodium Azide
2781.875915974597,3.4844773449450206,1,Raman,Sodium Azide
2783.5857352222765,3.447208614678831,1,Raman,Sodium Azide
2785.295554469956,3.3721647324334896,1,Raman,Sodium Azide
2787.005373717636,3.5087567264739015,1,Raman,Sodium Azide
2788.715192965315,3.4271248738424887,1,Raman,Sodium Azide
2790.4250122129947,3.4345171291365824,1,Raman,Sodium Azide
2792.1348314606744,3.3501274501211094,1,Raman,Sodium Azide
2793.8446507083536,3.3739592849969893,1,Raman,Sodium Azide
2795.5544699560332,3.3638194670048915,1,Raman,Sodium Azide
2797.264289203713,3.4154747291099166,1,Raman,Sodium Azide
2798.9741084513926,3.4629310437681653,1,Raman,Sodium Azide
2800.683927699072,3.4376364629132605,1,Raman,Sodium Azide
2802.3937469467514,3.517849817096463,1,Raman,Sodium Azide
2804.103566194431,3.361487983179712,1,Raman,Sodium Azide
2805.8133854421103,3.4377379882771613,1,Raman,Sodium Azide
2807.52320468979,3.3403653920888385,1,Raman,Sodium Azide
2809.2330239374696,3.3755570483091084,1,Raman,Sodium Azide
2810.9428431851493,3.5075690837371685,1,Raman,Sodium Azide
2812.6526624328285,3.3990813795660433,1,Raman,Sodium Azide
2814.362481680508,3.3793934677299355,1,Raman,Sodium Azide
2816.072300928188,3.2965772141376073,1,Raman,Sodium Azide
2817.782120175867,3.3829222219020765,1,Raman,Sodium Azide
2819.4919394235467,3.4339217212981437,1,Raman,Sodium Azide
2821.2017586712263,3.352272470148493,1,Raman,Sodium Azide
2822.911577918906,3.4344097948604033,1,Raman,Sodium Azide
2824.621397166585,3.5246290292592253,1,Raman,Sodium Azide
2826.331216414265,3.400129511864307,1,Raman,Sodium Azide
2828.0410356619445,3.397105129739873,1,Raman,Sodium Azide
2829.7508549096237,3.377636420397386,1,Raman,Sodium Azide
2831.4606741573034,3.378577324924551,1,Raman,Sodium Azide
2833.170493404983,3.488007577344562,1,Raman,Sodium Azide
2834.8803126526627,3.458930561392478,1,Raman,Sodium Azide
2836.590131900342,3.519136683651155,1,Raman,Sodium Azide
2838.2999511480216,3.5992492100289843,1,Raman,Sodium Azide
2840.0097703957013,3.354927071929921,1,Raman,Sodium Azide
2841.7195896433805,3.4884763661187557,1,Raman,Sodium Azide
2843.42940889106,3.3946470523672314,1,Raman,Sodium Azide
2845.13922813874,3.5188081338182635,1,Raman,Sodium Azide
2846.8490473864194,3.463002611101539,1,Raman,Sodium Azide
2848.5588666340986,3.4742370528378355,1,Raman,Sodium Azide
2850.2686858817783,3.3924519889094515,1,Raman,Sodium Azide
2851.978505129458,3.4593662086726646,1,Raman,Sodium Azide
2853.688324377137,3.4844788636224484,1,Raman,Sodium Azide
2855.398143624817,3.577610776271028,1,Raman,Sodium Azide
2857.1079628724965,3.4320586922392535,1,Raman,Sodium Azide
2858.817782120176,3.4597498438414256,1,Raman,Sodium Azide
2860.5276013678554,3.5575094354529164,1,Raman,Sodium Azide
2862.237420615535,3.434165150102034,1,Raman,Sodium Azide
2863.9472398632147,3.5743552597919974,1,Raman,Sodium Azide
2865.657059110894,3.512747669099466,1,Raman,Sodium Azide
2867.3668783585736,3.5148124679357835,1,Raman,Sodium Azide
2869.076697606253,3.5210179578734344,1,Raman,Sodium Azide
2870.786516853933,3.460144646462498,1,Raman,Sodium Azide
2872.496336101612,3.5266173846758124,1,Raman,Sodium Azide
2874.2061553492917,3.454319584996676,1,Raman,Sodium Azide
2875.9159745969714,3.4737001394505493,1,Raman,Sodium Azide
2877.6257938446506,3.543672699925698,1,Raman,Sodium Azide
2879.3356130923303,3.548778346616184,1,Raman,Sodium Azide
2881.04543234001,3.5072882580379723,1,Raman,Sodium Azide
2882.7552515876896,3.4436138594882246,1,Raman,Sodium Azide
2884.465070835369,3.451670080437448,1,Raman,Sodium Azide
2886.1748900830485,3.5460468424228067,1,Raman,Sodium Azide
2887.884709330728,3.5672775340119114,1,Raman,Sodium Azide
2889.5945285784073,3.471491339268336,1,Raman,Sodium Azide
2891.304347826087,3.470843317221624,1,Raman,Sodium Azide
2893.0141670737667,3.535261920965949,1,Raman,Sodium Azide
2894.7239863214463,3.5359766133550705,1,Raman,Sodium Azide
2896.4338055691255,3.436912811973139,1,Raman,Sodium Azide
2898.143624816805,3.553266262792565,1,Raman,Sodium Azide
2899.853444064485,3.49671643048436,1,Raman,Sodium Azide
2901.563263312164,3.6421181155592244,1,Raman,Sodium Azide
2903.2730825598437,3.5551269645987857,1,Raman,Sodium Azide
2904.9829018075234,3.5682362541373442,1,Raman,Sodium Azide
2906.692721055203,3.5719769652923663,1,Raman,Sodium Azide
2908.4025403028822,3.4677423352497327,1,Raman,Sodium Azide
2910.112359550562,3.6719189550702245,1,Raman,Sodium Azide
2911.8221787982416,3.44573641172178,1,Raman,Sodium Azide
2913.531998045921,3.612606500445367,1,Raman,Sodium Azide
2915.2418172936004,3.5933604531278074,1,Raman,Sodium Azide
2916.95163654128,3.545324285706111,1,Raman,Sodium Azide
2918.6614557889598,3.6005868233566094,1,Raman,Sodium Azide
2920.371275036639,3.5596955503496712,1,Raman,Sodium Azide
2922.0810942843186,3.5188755610746503,1,Raman,Sodium Azide
2923.7909135319983,3.5942384420113695,1,Raman,Sodium Azide
2925.5007327796775,3.5018540632147968,1,Raman,Sodium Azide
2927.210552027357,3.554003993777897,1,Raman,Sodium Azide
2928.920371275037,3.5324138968880705,1,Raman,Sodium Azide
2930.6301905227165,3.5610220271948942,1,Raman,Sodium Azide
2932.3400097703957,3.6023017332747824,1,Raman,Sodium Azide
2934.0498290180753,3.538653981572136,1,Raman,Sodium Azide
2935.759648265755,3.5664678904219302,1,Raman,Sodium Azide
2937.469467513434,3.548660079961132,1,Raman,Sodium Azide
2939.179286761114,3.685356964741268,1,Raman,Sodium Azide
2940.8891060087935,3.606954861066655,1,Raman,Sodium Azide
2942.598925256473,3.611196466299732,1,Raman,Sodium Azide
2944.3087445041524,3.6329338510583575,1,Raman,Sodium Azide
2946.018563751832,3.563257329737003,1,Raman,Sodium Azide
2947.7283829995117,3.6483552902238143,1,Raman,Sodium Azide
2949.438202247191,3.6276034024642083,1,Raman,Sodium Azide
2951.1480214948706,3.4976392657748754,1,Raman,Sodium Azide
2952.8578407425503,3.508226092179988,1,Raman,Sodium Azide
2954.56765999023,3.575075250341646,1,Raman,Sodium Azide
2956.277479237909,3.5192435617797995,1,Raman,Sodium Azide
2957.987298485589,3.590619854307933,1,Raman,Sodium Azide
2959.6971177332684,3.543076218817795,1,Raman,Sodium Azide
2961.4069369809476,3.613783238858484,1,Raman,Sodium Azide
2963.1167562286273,3.702467676555918,1,Raman,Sodium Azide
2964.826575476307,3.611045433164324,1,Raman,Sodium Azide
2966.5363947239866,3.596900459554166,1,Raman,Sodium Azide
2968.246213971666,3.653220271261133,1,Raman,Sodium Azide
2969.9560332193455,3.5758883278127094,1,Raman,Sodium Azide
2971.665852467025,3.696518405912607,1,Raman,Sodium Azide
2973.3756717147044,3.656318356336463,1,Raman,Sodium Azide
2975.085490962384,3.639197197766675,1,Raman,Sodium Azide
2976.7953102100637,3.648669835159994,1,Raman,Sodium Azide
2978.5051294577434,3.761545293262364,1,Raman,Sodium Azide
2980.2149487054226,3.6932680216039415,1,Raman,Sodium Azide
2981.924767953102,3.775811060059711,1,Raman,Sodium Azide
2983.634587200782,3.6811790193229994,1,Raman,Sodium Azide
2985.344406448461,3.5450293034660456,1,Raman,Sodium Azide
2987.0542256961407,3.6345198589620593,1,Raman,Sodium Azide
2988.7640449438204,3.534573091896902,1,Raman,Sodium Azide
2990.4738641915,3.6892767829357713,1,Raman,Sodium Azide
2992.1836834391793,3.6952548545024726,1,Raman,Sodium Azide
2993.893502686859,3.5929380140608447,1,Raman,Sodium Azide
2995.6033219345386,3.6097594777515414,1,Raman,Sodium Azide
2997.313141182218,3.6633225722682097,1,Raman,Sodium Azide
2999.0229604298975,3.579210882775614,1,Raman,Sodium Azide
3000.732779677577,3.576491555636393,1,Raman,Sodium Azide
3002.442598925257,3.739324795369018,1,Raman,Sodium Azide
3004.152418172936,3.6694803627362633,1,Raman,Sodium Azide
3005.8622374206157,3.628505433605048,1,Raman,Sodium Azide
3007.5720566682953,3.5580153846398566,1,Raman,Sodium Azide
3009.2818759159745,3.7329399720909158,1,Raman,Sodium Azide
3010.991695163654,3.626667764407943,1,Raman,Sodium Azide
3012.701514411334,3.7916392246612673,1,Raman,Sodium Azide
3014.4113336590135,3.729637536433578,1,Raman,Sodium Azide
3016.1211529066927,3.625008342690607,1,Raman,Sodium Azide
3017.8309721543724,3.6330231028702893,1,Raman,Sodium Azide
3019.540791402052,3.791090492700947,1,Raman,Sodium Azide
3021.2506106497312,3.677587449034341,1,Raman,Sodium Azide
3022.960429897411,3.662213149604502,1,Raman,Sodium Azide
3024.6702491450906,3.6889221428468457,1,Raman,Sodium Azide
3026.38006839277,3.6660868155069446,1,Raman,Sodium Azide
3028.0898876404494,3.706742736156226,1,Raman,Sodium Azide
3029.799706888129,3.688547690347966,1,Raman,Sodium Azide
3031.5095261358088,3.751514899397074,1,Raman,Sodium Azide
3033.219345383488,3.6727004923805597,1,Raman,Sodium Azide
3034.9291646311676,3.6430261494977807,1,Raman,Sodium Azide
3036.6389838788473,3.6794022743595773,1,Raman,Sodium Azide
3038.348803126527,3.6810960122370724,1,Raman,Sodium Azide
3040.058622374206,3.7009426821060787,1,Raman,Sodium Azide
3041.768441621886,3.758597936079261,1,Raman,Sodium Azide
3043.4782608695655,3.7471857248041296,1,Raman,Sodium Azide
3045.1880801172447,3.788932420032845,1,Raman,Sodium Azide
3046.8978993649243,3.6623074105431677,1,Raman,Sodium Azide
3048.607718612604,3.7512022783640013,1,Raman,Sodium Azide
3050.3175378602837,3.7649559913327155,1,Raman,Sodium Azide
3052.027357107963,3.6773445629981034,1,Raman,Sodium Azide
3053.7371763556425,3.7092893314826445,1,Raman,Sodium Azide
3055.446995603322,3.6126665916815743,1,Raman,Sodium Azide
3057.1568148510014,3.784782313375482,1,Raman,Sodium Azide
3058.866634098681,3.715038071387552,1,Raman,Sodium Azide
3060.5764533463607,3.782531895006584,1,Raman,Sodium Azide
3062.2862725940404,3.7461843475592906,1,Raman,Sodium Azide
3063.9960918417196,3.7332315353476613,1,Raman,Sodium Azide
3065.7059110893993,3.6352298920983075,1,Raman,Sodium Azide
3067.415730337079,3.648695987433599,1,Raman,Sodium Azide
3069.125549584758,3.5753782566586345,1,Raman,Sodium Azide
3070.835368832438,3.7074119686963263,1,Raman,Sodium Azide
3072.5451880801174,3.901304990169228,1,Raman,Sodium Azide
3074.255007327797,3.6751603365961354,1,Raman,Sodium Azide
3075.9648265754763,3.581264349512947,1,Raman,Sodium Azide
3077.674645823156,3.813362990138091,1,Raman,Sodium Azide
3079.3844650708356,3.9051111229228637,1,Raman,Sodium Azide
3081.094284318515,3.774988732485855,1,Raman,Sodium Azide
3082.8041035661945,3.786484751131044,1,Raman,Sodium Azide
3084.513922813874,3.760258811704712,1,Raman,Sodium Azide
3086.223742061554,3.6473461312560427,1,Raman,Sodium Azide
3087.933561309233,3.671416351061099,1,Raman,Sodium Azide
3089.6433805569127,3.746071286619613,1,Raman,Sodium Azide
3091.3531998045924,3.745886851868339,1,Raman,Sodium Azide
3093.0630190522716,3.763140136935863,1,Raman,Sodium Azide
3094.772838299951,3.825669994558487,1,Raman,Sodium Azide
3096.482657547631,3.7374427535737333,1,Raman,Sodium Azide
3098.1924767953105,3.8311431803121834,1,Raman,Sodium Azide
3099.9022960429897,3.742029965826398,1,Raman,Sodium Azide
3101.6121152906694,3.847376375102283,1,Raman,Sodium Azide
3103.321934538349,3.78854272692213,1,Raman,Sodium Azide
3105.0317537860283,3.757207279729969,1,Raman,Sodium Azide
3106.741573033708,3.7916182067664512,1,Raman,Sodium Azide
3108.4513922813876,3.77048177032319,1,Raman,Sodium Azide
3110.1612115290673,3.7985920287422954,1,Raman,Sodium Azide
3111.8710307767465,3.8419528928030866,1,Raman,Sodium Azide
3113.580850024426,3.789938225537433,1,Raman,Sodium Azide
3115.290669272106,3.773952310040185,1,Raman,Sodium Azide
3117.000488519785,3.727785406803974,1,Raman,Sodium Azide
3118.7103077674647,3.8388381754566505,1,Raman,Sodium Azide
3120.4201270151443,3.826144784641514,1,Raman,Sodium Azide
3122.129946262824,3.7302984498414724,1,Raman,Sodium Azide
3123.839765510503,3.8714940739585324,1,Raman,Sodium Azide
3125.549584758183,3.7434271966523553,1,Raman,Sodium Azide
3127.2594040058625,3.8780603566527025,1,Raman,Sodium Azide
3128.9692232535417,3.858298237177512,1,Raman,Sodium Azide
3130.6790425012214,3.8432182394194316,1,Raman,Sodium Azide
3132.388861748901,3.7943177767804572,1,Raman,Sodium Azide
3134.0986809965807,3.857377356416653,1,Raman,Sodium Azide
3135.80850024426,3.8914982333073413,1,Raman,Sodium Azide
3137.5183194919396,3.8626060837355594,1,Raman,Sodium Azide
3139.228138739619,3.7838864024967602,1,Raman,Sodium Azide
3140.9379579872984,3.8459784672805304,1,Raman,Sodium Azide
3142.647777234978,3.9033968362547644,1,Raman,Sodium Azide
3144.3575964826578,3.973770613339389,1,Raman,Sodium Azide
3146.0674157303374,3.82198404701989,1,Raman,Sodium Azide
3147.7772349780166,3.9121039375347255,1,Raman,Sodium Azide
3149.4870542256963,3.9118896386786774,1,Raman,Sodium Azide
3151.196873473376,3.799377309634244,1,Raman,Sodium Azide
3152.906692721055,3.957502623965097,1,Raman,Sodium Azide
3154.616511968735,3.787368111110043,1,Raman,Sodium Azide
3156.3263312164145,3.8993949660022516,1,Raman,Sodium Azide
3158.036150464094,3.869245537200456,1,Raman,Sodium Azide
3159.7459697117733,3.855346528405845,1,Raman,Sodium Azide
3161.455788959453,4.026865631058658,1,Raman,Sodium Azide
3163.1656082071327,3.836678287078555,1,Raman,Sodium Azide
3164.875427454812,3.8377326129087126,1,Raman,Sodium Azide
3166.5852467024915,3.9453378309940397,1,Raman,Sodium Azide
3168.295065950171,3.9109639521886885,1,Raman,Sodium Azide
3170.004885197851,3.946345773398913,1,Raman,Sodium Azide
3171.71470444553,3.883857712431421,1,Raman,Sodium Azide
3173.4245236932097,3.888746033969148,1,Raman,Sodium Azide
3175.1343429408894,3.9922021844065525,1,Raman,Sodium Azide
3176.8441621885686,3.81913132124552,1,Raman,Sodium Azide
3178.5539814362483,3.878130716816389,1,Raman,Sodium Azide
3180.263800683928,3.9378852048586683,1,Raman,Sodium Azide
3181.9736199316076,3.8663481059420763,1,Raman,Sodium Azide
3183.683439179287,3.844478756609249,1,Raman,Sodium Azide
3185.3932584269664,3.922632567680677,1,Raman,Sodium Azide
3187.103077674646,3.9806236213805284,1,Raman,Sodium Azide
3188.8128969223253,3.878205972133419,1,Raman,Sodium Azide
3190.522716170005,3.8885137699148102,1,Raman,Sodium Azide
3192.2325354176846,3.849936596381967,1,Raman,Sodium Azide
3193.9423546653643,3.874529413928131,1,Raman,Sodium Azide
3195.6521739130435,3.9649037681132127,1,Raman,Sodium Azide
3197.361993160723,3.9028272753581565,1,Raman,Sodium Azide
3199.071812408403,3.84820586642735,1,Raman,Sodium Azide
3200.781631656082,3.9185981930863623,1,Raman,Sodium Azide
3202.4914509037617,3.981165760443818,1,Raman,Sodium Azide
3204.2012701514413,3.880016273202022,1,Raman,Sodium Azide
3205.911089399121,3.8230319769323713,1,Raman,Sodium Azide
3207.6209086468,4.050351874257899,1,Raman,Sodium Azide
3209.33072789448,3.824005088918235,1,Raman,Sodium Azide
3211.0405471421595,3.891335360211003,1,Raman,Sodium Azide
3212.7503663898387,3.931251805692595,1,Raman,Sodium Azide
3214.4601856375184,3.9110453882793315,1,Raman,Sodium Azide
3216.170004885198,3.915770107229569,1,Raman,Sodium Azide
3217.8798241328773,3.959564687737386,1,Raman,Sodium Azide
3219.589643380557,3.771667444266835,1,Raman,Sodium Azide
3221.2994626282366,3.8457379901249125,1,Raman,Sodium Azide
3223.0092818759163,3.9317330342190115,1,Raman,Sodium Azide
3224.7191011235955,3.9051156019509468,1,Raman,Sodium Azide
3226.428920371275,3.941350714067799,1,Raman,Sodium Azide
3228.138739618955,3.9497220615290383,1,Raman,Sodium Azide
3229.848558866634,3.8018225861013226,1,Raman,Sodium Azide
3231.5583781143137,4.020831084998161,1,Raman,Sodium Azide
3233.2681973619933,3.909516919564595,1,Raman,Sodium Azide
3234.978016609673,3.8880980992726086,1,Raman,Sodium Azide
3236.687835857352,3.968907399767466,1,Raman,Sodium Azide
3238.397655105032,3.9645152108006068,1,Raman,Sodium Azide
3240.1074743527115,4.026326851923327,1,Raman,Sodium Azide
3241.8172936003907,3.9792246241403153,1,Raman,Sodium Azide
3243.5271128480704,4.038025965319447,1,Raman,Sodium Azide
3245.23693209575,3.895952190935156,1,Raman,Sodium Azide
3246.9467513434297,3.9771563546893813,1,Raman,Sodium Azide
3248.656570591109,3.888820223848066,1,Raman,Sodium Azide
3250.3663898387886,3.9684967456608624,1,Raman,Sodium Azide
3252.076209086468,3.9670156001304813,1,Raman,Sodium Azide
3253.7860283341474,3.956347161834895,1,Raman,Sodium Azide
3255.495847581827,3.968992487870096,1,Raman,Sodium Azide
3257.2056668295068,4.017709309533542,1,Raman,Sodium Azide
3258.9154860771864,3.869798580151366,1,Raman,Sodium Azide
3260.6253053248656,3.9171656962338894,1,Raman,Sodium Azide
3262.3351245725453,3.9742377111398426,1,Raman,Sodium Azide
3264.044943820225,3.9034864403018155,1,Raman,Sodium Azide
3265.754763067904,3.983953567514174,1,Raman,Sodium Azide
3267.464582315584,3.979831989479867,1,Raman,Sodium Azide
3269.1744015632635,3.8953331667550666,1,Raman,Sodium Azide
3270.884220810943,3.894255204474789,1,Raman,Sodium Azide
3272.5940400586223,3.821421968099872,1,Raman,Sodium Azide
3274.303859306302,3.923302527468795,1,Raman,Sodium Azide
3276.0136785539817,3.994423463453167,1,Raman,Sodium Azide
3277.723497801661,4.015586557808202,1,Raman,Sodium Azide
3279.4333170493405,4.010596082093442,1,Raman,Sodium Azide
3281.14313629702,3.9599739290495948,1,Raman,Sodium Azide
3282.8529555447,4.010671717171491,1,Raman,Sodium Azide
3284.562774792379,4.0393499569892395,1,Raman,Sodium Azide
3286.2725940400587,3.9248597532706757,1,Raman,Sodium Azide
3287.9824132877384,4.0159881104568,1,Raman,Sodium Azide
3289.6922325354176,4.052192751121217,1,Raman,Sodium Azide
3291.4020517830972,3.980855127330953,1,Raman,Sodium Azide
3293.111871030777,4.092328207454948,1,Raman,Sodium Azide
3294.8216902784566,3.9865168412660377,1,Raman,Sodium Azide
3296.531509526136,3.963473679237992,1,Raman,Sodium Azide
3298.2413287738154,4.056236374630778,1,Raman,Sodium Azide
3299.951148021495,4.162810175054235,1,Raman,Sodium Azide
3301.6609672691743,4.030230351913548,1,Raman,Sodium Azide
3303.370786516854,4.067484687656278,1,Raman,Sodium Azide
3305.0806057645336,3.9963792681598806,1,Raman,Sodium Azide
3306.7904250122133,3.961559413374595,1,Raman,Sodium Azide
3308.5002442598925,4.043744837804116,1,Raman,Sodium Azide
3310.210063507572,4.075949161184416,1,Raman,Sodium Azide
3311.919882755252,4.014366823365371,1,Raman,Sodium Azide
3313.629702002931,4.0797426542761155,1,Raman,Sodium Azide
3315.3395212506107,3.9995808090377065,1,Raman,Sodium Azide
3317.0493404982903,3.9957930261020724,1,Raman,Sodium Azide
3318.75915974597,4.113487462556674,1,Raman,Sodium Azide
3320.468978993649,4.115872626197785,1,Raman,Sodium Azide
3322.178798241329,4.009180221252434,1,Raman,Sodium Azide
3323.8886174890085,4.161863522761934,1,Raman,Sodium Azide
3325.5984367366877,4.035570736819919,1,Raman,Sodium Azide
3327.3082559843674,4.0614549261007955,1,Raman,Sodium Azide
3329.018075232047,4.052695505180177,1,Raman,Sodium Azide
3330.7278944797267,4.093716660549651,1,Raman,Sodium Azide
3332.437713727406,4.0796516091915915,1,Raman,Sodium Azide
3334.1475329750856,4.08087431486899,1,Raman,Sodium Azide
3335.8573522227653,4.001199667941911,1,Raman,Sodium Azide
3337.5671714704445,3.960469165059956,1,Raman,Sodium Azide
3339.276990718124,4.143713258966287,1,Raman,Sodium Azide
3340.986809965804,4.0377942486439204,1,Raman,Sodium Azide
3342.6966292134834,4.0716476411395846,1,Raman,Sodium Azide
3344.4064484611627,4.107784156245684,1,Raman,Sodium Azide
3346.1162677088423,4.1932068574580965,1,Raman,Sodium Azide
3347.826086956522,4.101364442937997,1,Raman,Sodium Azide
3349.535906204201,4.057855785154721,1,Raman,Sodium Azide
3351.245725451881,4.051700344618999,1,Raman,Sodium Azide
3352.9555446995605,4.094899354075673,1,Raman,Sodium Azide
3354.66536394724,4.031176832946461,1,Raman,Sodium Azide
3356.3751831949194,4.1033062397366304,1,Raman,Sodium Azide
3358.085002442599,4.090213184264664,1,Raman,Sodium Azide
3359.7948216902787,4.200680527419773,1,Raman,Sodium Azide
3361.504640937958,4.092360187565367,1,Raman,Sodium Azide
3363.2144601856376,3.976631529790404,1,Raman,Sodium Azide
3364.924279433317,4.272977461255055,1,Raman,Sodium Azide
3366.634098680997,4.165197957134352,1,Raman,Sodium Azide
3368.343917928676,4.249312522401294,1,Raman,Sodium Azide
3370.0537371763558,4.034064903700868,1,Raman,Sodium Azide
3371.7635564240354,4.096018490146196,1,Raman,Sodium Azide
3373.4733756717146,4.155459191014766,1,Raman,Sodium Azide
3375.1831949193943,4.148710935545465,1,Raman,Sodium Azide
3376.893014167074,4.136110477745398,1,Raman,Sodium Azide
3378.6028334147536,3.97778095037594,1,Raman,Sodium Azide
3380.312652662433,4.011042915812658,1,Raman,Sodium Azide
3382.0224719101125,4.219837316118454,1,Raman,Sodium Azide
3383.732291157792,4.253300802608017,1,Raman,Sodium Azide
3385.4421104054713,4.120062056169253,1,Raman,Sodium Azide
3387.151929653151,4.217955886544832,1,Raman,Sodium Azide
3388.8617489008307,4.075571319261199,1,Raman,Sodium Azide
3390.5715681485103,4.092298200379772,1,Raman,Sodium Azide
3392.2813873961895,4.084680275941006,1,Raman,Sodium Azide
3393.991206643869,4.082914885443533,1,Raman,Sodium Azide
3395.701025891549,4.185642904638309,1,Raman,Sodium Azide
3397.410845139228,4.08628735859793,1,Raman,Sodium Azide
3399.1206643869077,4.2868987335596875,1,Raman,Sodium Azide
3400.8304836345874,4.1750876751912465,1,Raman,Sodium Azide
3402.540302882267,4.2171355909437045,1,Raman,Sodium Azide
3404.2501221299462,4.181167434993839,1,Raman,Sodium Azide
3405.959941377626,4.229606979822367,1,Raman,Sodium Azide
3407.6697606253056,4.098430363393356,1,Raman,Sodium Azide
3409.379579872985,4.248665105090482,1,Raman,Sodium Azide
3411.0893991206644,4.177168385625183,1,Raman,Sodium Azide
3412.799218368344,4.237623057939126,1,Raman,Sodium Azide
3414.5090376160238,4.070187811422981,1,Raman,Sodium Azide
3416.218856863703,4.185957755456362,1,Raman,Sodium Azide
3417.9286761113826,4.175779859057894,1,Raman,Sodium Azide
3419.6384953590623,4.12893919782729,1,Raman,Sodium Azide
3421.3483146067415,4.19069196485358,1,Raman,Sodium Azide
3423.058133854421,4.271268580963831,1,Raman,Sodium Azide
3424.767953102101,4.150268969590598,1,Raman,Sodium Azide
3426.4777723497805,4.238461835705958,1,Raman,Sodium Azide
3428.1875915974597,4.106836737859475,1,Raman,Sodium Azide
3429.8974108451393,4.316073240399225,1,Raman,Sodium Azide
3431.607230092819,4.23337018637364,1,Raman,Sodium Azide
3433.317049340498,4.295645285518502,1,Raman,Sodium Azide
3435.026868588178,4.250336032923282,1,Raman,Sodium Azide
3436.7366878358575,4.214408093888498,1,Raman,Sodium Azide
3438.446507083537,4.24223974957736,1,Raman,Sodium Azide
3440.1563263312164,4.184845515877327,1,Raman,Sodium Azide
3441.866145578896,4.092124106625604,1,Raman,Sodium Azide
3443.5759648265757,4.226378577791154,1,Raman,Sodium Azide
3445.285784074255,4.161479518358702,1,Raman,Sodium Azide
3446.9956033219346,4.1314102019549335,1,Raman,Sodium Azide
3448.7054225696143,4.244719588286474,1,Raman,Sodium Azide
3450.415241817294,4.188219964594469,1,Raman,Sodium Azide
3452.125061064973,4.2739371957496886,1,Raman,Sodium Azide
3453.834880312653,4.159759963013636,1,Raman,Sodium Azide
3455.5446995603324,4.182202493312413,1,Raman,Sodium Azide
3457.2545188080117,4.288035010743384,1,Raman,Sodium Azide
3458.9643380556913,4.234411978245413,1,Raman,Sodium Azide
3460.674157303371,4.134040981345373,1,Raman,Sodium Azide
3462.3839765510506,4.237166939721331,1,Raman,Sodium Azide
3464.09379579873,4.317550899874811,1,Raman,Sodium Azide
3465.8036150464095,4.1942110488624955,1,Raman,Sodium Azide
3467.513434294089,4.265197409558108,1,Raman,Sodium Azide
3469.2232535417684,4.19464820300907,1,Raman,Sodium Azide
3470.933072789448,4.222337346202698,1,Raman,Sodium Azide
3472.6428920371277,4.30292233279011,1,Raman,Sodium Azide
3474.3527112848074,4.249289668405668,1,Raman,Sodium Azide
3476.0625305324866,4.329853839021584,1,Raman,Sodium Azide
3477.772349780166,4.266645890332625,1,Raman,Sodium Azide
3479.482169027846,4.383506015062922,1,Raman,Sodium Azide
3481.191988275525,4.143444593490938,1,Raman,Sodium Azide
3482.9018075232048,4.241779791721221,1,Raman,Sodium Azide
3484.6116267708844,4.188355979408001,1,Raman,Sodium Azide
3486.321446018564,4.194810118640675,1,Raman,Sodium Azide
3488.0312652662433,4.1874743629353555,1,Raman,Sodium Azide
3489.741084513923,4.274750068038919,1,Raman,Sodium Azide
3491.4509037616026,4.270582820182873,1,Raman,Sodium Azide
3493.160723009282,4.28554037171145,1,Raman,Sodium Azide
3494.8705422569615,4.188394791359936,1,Raman,Sodium Azide
3496.580361504641,4.241602599853364,1,Raman,Sodium Azide
3498.290180752321,4.212723608828444,1,Raman,Sodium Azide
3500.0,4.326414790487867,1,Raman,Sodium Azide
0.0,5.166807893114977,1_trailing,Raman,Sodium Azide
1.709819247679531,0.0,1_trailing,Raman,Sodium Azide
3.419638495359062,0.0,1_trailing,Raman,Sodium Azide
5.129457743038593,0.8272175702101757,1_trailing,Raman,Sodium Azide
6.839276990718124,0.12817139850411813,1_trailing,Raman,Sodium Azide
8.549096238397656,4.711634348650098,1_trailing,Raman,Sodium Azide
10.258915486077186,0.0,1_trailing,Raman,Sodium Azide
11.968734733756717,0.01,1_trailing,Raman,Sodium Azide
13.678553981436249,0.0,1_trailing,Raman,Sodium Azide
15.38837322911578,7.800670149829554,1_trailing,Raman,Sodium Azide
17.09819247679531,0.0,1_trailing,Raman,Sodium Azide
18.80801172447484,0.0,1_trailing,Raman,Sodium Azide
20.51783097215437,9.69944145957572,1_trailing,Raman,Sodium Azide
22.227650219833905,0.0,1_trailing,Raman,Sodium Azide
23.937469467513434,0.0,1_trailing,Raman,Sodium Azide
25.647288715192968,0.0,1_trailing,Raman,Sodium Azide
27.357107962872497,0.0,1_trailing,Raman,Sodium Azide
29.066927210552027,0.0,1_trailing,Raman,Sodium Azide
30.77674645823156,0.0,1_trailing,Raman,Sodium Azide
32.48656570591109,4.876572835100366,1_trailing,Raman,Sodium Azide
34.19638495359062,0.0,1_trailing,Raman,Sodium Azide
35.90620420127015,3.0781997149034055,1_trailing,Raman,Sodium Azide
37.61602344894968,17.87589010371507,1_trailing,Raman,Sodium Azide
39.325842696629216,0.0,1_trailing,Raman,Sodium Azide
41.03566194430874,2.817885311883713,1_trailing,Raman,Sodium Azide
42.745481191988276,0.0,1_trailing,Raman,Sodium Azide
44.45530043966781,0.0,1_trailing,Raman,Sodium Azide
46.16511968734734,0.01,1_trailing,Raman,Sodium Azide
47.87493893502687,0.0,1_trailing,Raman,Sodium Azide
49.5847581827064,3.654536762306409,1_trailing,Raman,Sodium Azide
51.294577430385935,23.185645146945195,1_trailing,Raman,Sodium Azide
53.00439667806546,0.01,1_trailing,Raman,Sodium Azide
54.714215925744995,0.0,1_trailing,Raman,Sodium Azide
56.42403517342453,0.0,1_trailing,Raman,Sodium Azide
58.133854421104054,4.059377475278836,1_trailing,Raman,Sodium Azide
59.84367366878359,2.7723782840534046,1_trailing,Raman,Sodium Azide
61.55349291646312,12.79694904237819,1_trailing,Raman,Sodium Azide
63.26331216414265,0.0,1_trailing,Raman,Sodium Azide
64.97313141182218,0.0,1_trailing,Raman,Sodium Azide
66.68295065950171,0.0,1_trailing,Raman,Sodium Azide
68.39276990718125,11.010973490242636,1_trailing,Raman,Sodium Azide
70.10258915486078,0.0,1_trailing,Raman,Sodium Azide
71.8124084025403,0.0,1_trailing,Raman,Sodium Azide
73.52222765021983,5.887085897536533,1_trailing,Raman,Sodium Azide
75.23204689789937,2.696859227220328,1_trailing,Raman,Sodium Azide
76.9418661455789,0.0,1_trailing,Raman,Sodium Azide
78.65168539325843,0.01,1_trailing,Raman,Sodium Azide
80.36150464093797,0.0,1_trailing,Raman,Sodium Azide
82.07132388861748,1.4375283003046493,1_trailing,Raman,Sodium Azide
83.78114313629702,0.0,1_trailing,Raman,Sodium Azide
85.49096238397655,5.231036255793026,1_trailing,Raman,Sodium Azide
87.20078163165608,0.0,1_trailing,Raman,Sodium Azide
88.91060087933562,0.0,1_trailing,Raman,Sodium Azide
90.62042012701515,0.0,1_trailing,Raman,Sodium Azide
92.33023937469468,0.0,1_trailing,Raman,Sodium Azide
94.0400586223742,0.0,1_trailing,Raman,Sodium Azide
95.74987787005374,8.310158530574089,1_trailing,Raman,Sodium Azide
97.45969711773327,0.0,1_trailing,Raman,Sodium Azide
99.1695163654128,0.9633492535582837,1_trailing,Raman,Sodium Azide
100.87933561309234,6.013528661712776,1_trailing,Raman,Sodium Azide
102.58915486077187,18.781049241470964,1_trailing,Raman,Sodium Azide
104.29897410845139,0.0,1_trailing,Raman,Sodium Azide
106.00879335613092,3.774947403048364,1_trailing,Raman,Sodium Azide
107.71861260381046,0.0,1_trailing,Raman,Sodium Azide
109.42843185148999,0.0,1_trailing,Raman,Sodium Azide
111.13825109916952,8.949359314968989,1_trailing,Raman,Sodium Azide
112.84807034684906,0.6261448595709876,1_trailing,Raman,Sodium Azide
114.55788959452859,12.254943278395325,1_trailing,Raman,Sodium Azide
116.26770884220811,0.0,1_trailing,Raman,Sodium Azide
117.97752808988764,5.844804489230847,1_trailing,Raman,Sodium Azide
119.68734733756718,19.09198426672897,1_trailing,Raman,Sodium Azide
121.39716658524671,4.895098956145589,1_trailing,Raman,Sodium Azide
123.10698583292624,3.5129409950786608,1_trailing,Raman,Sodium Azide
124.81680508060577,0.9055579464022359,1_trailing,Raman,Sodium Azide
126.5266243282853,0.01,1_trailing,Raman,Sodium Azide
128.23644357596484,14.16847499914547,1_trailing,Raman,Sodium Azide
129.94626282364436,0.0,1_trailing,Raman,Sodium Azide
131.65608207132388,5.864720151085742,1_trailing,Raman,Sodium Azide
133.36590131900343,0.0,1_trailing,Raman,Sodium Azide
135.07572056668295,0.0,1_trailing,Raman,Sodium Azide
136.7855398143625,15.068956885151412,1_trailing,Raman,Sodium Azide
138.495359062042,0.0,1_trailing,Raman,Sodium Azide
140.20517830972156,15.317718652044436,1_trailing,Raman,Sodium Azide
141.91499755740108,0.29612905354271957,1_trailing,Raman,Sodium Azide
143.6248168050806,0.01,1_trailing,Raman,Sodium Azide
145.33463605276015,9.868913488959889,1_trailing,Raman,Sodium Azide
147.04445530043967,0.01,1_trailing,Raman,Sodium Azide
148.7542745481192,8.024895263036434,1_trailing,Raman,Sodium Azide
150.46409379579873,1.4438791664040918,1_trailing,Raman,Sodium Azide
152.17391304347828,0.0,1_trailing,Raman,Sodium Azide
153.8837322911578,2.8638741505464593,1_trailing,Raman,Sodium Azide
155.59355153883732,22.82936516328896,1_trailing,Raman,Sodium Azide
157.30337078651687,6.145558933465634,1_trailing,Raman,Sodium Azide
159.01319003419638,0.7727285669047111,1_trailing,Raman,Sodium Azide
160.72300928187593,11.917468179626399,1_trailing,Raman,Sodium Azide
162.43282852955545,3.4626050944987146,1_trailing,Raman,Sodium Azide
164.14264777723497,3.4811550572406214,1_trailing,Raman,Sodium Azide
165.85246702491452,0.0,1_trailing,Raman,Sodium Azide
167.56228627259404,3.7800184906281227,1_trailing,Raman,Sodium Azide
169.27210552027358,11.675925192483772,1_trailing,Raman,Sodium Azide
170.9819247679531,0.0,1_trailing,Raman,Sodium Azide
172.69174401563265,15.555494683898878,1_trailing,Raman,Sodium Azide
174.40156326331217,0.7100065001696388,1_trailing,Raman,Sodium Azide
176.1113825109917,0.0,1_trailing,Raman,Sodium Azide
177.82120175867124,11.462685342030467,1_trailing,Raman,Sodium Azide
179.53102100635076,0.0,1_trailing,Raman,Sodium Azide
181.2408402540303,9.191561921921513,1_trailing,Raman,Sodium Azide
182.95065950170982,0.01,1_trailing,Raman,Sodium Azide
184.66047874938937,1.218693188049262,1_trailing,Raman,Sodium Azide
186.3702979970689,6.682285161501827,1_trailing,Raman,Sodium Azide
188.0801172447484,4.727797445338357,1_trailing,Raman,Sodium Azide
189.78993649242796,0.01,1_trailing,Raman,Sodium Azide
191.49975574010747,0.0,1_trailing,Raman,Sodium Azide
193.20957498778702,11.096946491050154,1_trailing,Raman,Sodium Azide
194.91939423546654,0.7163049693409704,1_trailing,Raman,Sodium Azide
196.6292134831461,0.0,1_trailing,Raman,Sodium Azide
198.3390327308256,0.0,1_trailing,Raman,Sodium Azide
200.04885197850513,0.0,1_trailing,Raman,Sodium Azide
201.75867122618467,0.0,1_trailing,Raman,Sodium Azide
203.4684904738642,1.2002586463419689,1_trailing,Raman,Sodium Azide
205.17830972154374,0.0,1_trailing,Raman,Sodium Azide
206.88812896922326,0.0,1_trailing,Raman,Sodium Azide
208.59794821690278,1.6380646426829317,1_trailing,Raman,Sodium Azide
210.30776746458233,5.915904304976915,1_trailing,Raman,Sodium Azide
212.01758671226185,22.9215867910481,1_trailing,Raman,Sodium Azide
213.7274059599414,0.0,1_trailing,Raman,Sodium Azide
215.4372252076209,13.846721043289715,1_trailing,Raman,Sodium Azide
217.14704445530046,12.048300876361685,1_trailing,Raman,Sodium Azide
218.85686370297998,0.0,1_trailing,Raman,Sodium Azide
220.5666829506595,4.574006795211075,1_trailing,Raman,Sodium Azide
222.27650219833905,0.0,1_trailing,Raman,Sodium Azide
223.98632144601856,4.482742936997579,1_trailing,Raman,Sodium Azide
225.6961406936981,17.509344780593004,1_trailing,Raman,Sodium Azide
227.40595994137763,8.68515531223696,1_trailing,Raman,Sodium Azide
229.11577918905718,7.774957082598517,1_trailing,Raman,Sodium Azide
230.8255984367367,0.0,1_trailing,Raman,Sodium Azide
232.53541768441622,0.0,1_trailing,Raman,Sodium Azide
234.24523693209576,0.8654907651317716,1_trailing,Raman,Sodium Azide
235.95505617977528,14.79308314435565,1_trailing,Raman,Sodium Azide
237.66487542745483,0.0,1_trailing,Raman,Sodium Azide
239.37469467513435,0.0,1_trailing,Raman,Sodium Azide
241.08451392281387,4.3230039804601965,1_trailing,Raman,Sodium Azide
242.79433317049342,0.0,1_trailing,Raman,Sodium Azide
244.50415241817294,0.0,1_trailing,Raman,Sodium Azide
246.21397166585248,0.0,1_trailing,Raman,Sodium Azide
247.923790913532,0.02,1_trailing,Raman,Sodium Azide
249.63361016121155,0.0,1_trailing,Raman,Sodium Azide
251.34342940889107,10.25510034326431,1_trailing,Raman,Sodium Azide
253.0532486565706,0.0,1_trailing,Raman,Sodium Azide
254.76306790425014,0.0,1_trailing,Raman,Sodium Azide
256.4728871519297,0.0,1_trailing,Raman,Sodium Azide
258.1827063996092,10.720577974784046,1_trailing,Raman,Sodium Azide
259.8925256472887,1.6635633579954954,1_trailing,Raman,Sodium Azide
261.60234489496827,0.0,1_trailing,Raman,Sodium Azide
263.31216414264776,4.116300433131654,1_trailing,Raman,Sodium Azide
265.0219833903273,0.01,1_trailing,Raman,Sodium Azide
266.73180263800685,8.631654557591897,1_trailing,Raman,Sodium Azide
268.4416218856864,7.588595834832843,1_trailing,Raman,Sodium Azide
270.1514411333659,0.0,1_trailing,Raman,Sodium Azide
271.86126038104544,13.794895443108382,1_trailing,Raman,Sodium Azide
273.571079628725,0.0,1_trailing,Raman,Sodium Azide
275.2808988764045,15.091466696315377,1_trailing,Raman,Sodium Azide
276.990718124084,5.590566726356496,1_trailing,Raman,Sodium Azide
278.7005373717636,0.823006421903504,1_trailing,Raman,Sodium Azide
280.4103566194431,3.991195018540996,1_trailing,Raman,Sodium Azide
282.1201758671226,3.1849419166128627,1_trailing,Raman,Sodium Azide
283.82999511480216,16.252445031889742,1_trailing,Raman,Sodium Azide
285.5398143624817,0.0,1_trailing,Raman,Sodium Azide
287.2496336101612,0.0,1_trailing,Raman,Sodium Azide
288.95945285784074,14.60373412765908,1_trailing,Raman,Sodium Azide
290.6692721055203,0.0,1_trailing,Raman,Sodium Azide
292.37909135319984,13.377455889914108,1_trailing,Raman,Sodium Azide
294.08891060087933,21.269746807097714,1_trailing,Raman,Sodium Azide
295.7987298485589,0.7061040883702256,1_trailing,Raman,Sodium Azide
297.5085490962384,11.388137327887508,1_trailing,Raman,Sodium Azide
299.2183683439179,0.0,1_trailing,Raman,Sodium Azide
300.92818759159746,12.21708170426178,1_trailing,Raman,Sodium Azide
302.638006839277,6.823342541009059,1_trailing,Raman,Sodium Azide
304.34782608695656,9.563351927720028,1_trailing,Raman,Sodium Azide
306.05764533463605,0.0,1_trailing,Raman,Sodium Azide
307.7674645823156,0.0,1_trailing,Raman,Sodium Azide
309.47728382999514,10.027565527080284,1_trailing,Raman,Sodium Azide
311.18710307767464,0.0,1_trailing,Raman,Sodium Azide
312.8969223253542,2.089174122880709,1_trailing,Raman,Sodium Azide
314.60674157303373,14.495118595333775,1_trailing,Raman,Sodium Azide
316.3165608207133,7.200588641731814,1_trailing,Raman,Sodium Azide
318.02638006839277,24.502698463977868,1_trailing,Raman,Sodium Azide
319.7361993160723,15.49199419462623,1_trailing,Raman,Sodium Azide
321.44601856375186,0.01,1_trailing,Raman,Sodium Azide
323.15583781143135,5.818723329481005,1_trailing,Raman,Sodium Azide
324.8656570591109,5.144961608159065,1_trailing,Raman,Sodium Azide
326.57547630679045,0.01,1_trailing,Raman,Sodium Azide
328.28529555446994,0.01,1_trailing,Raman,Sodium Azide
329.9951148021495,0.2865534550736646,1_trailing,Raman,Sodium Azide
331.70493404982903,0.0,1_trailing,Raman,Sodium Azide
333.4147532975086,6.37566819395025,1_trailing,Raman,Sodium Azide
335.1245725451881,3.526671957171168,1_trailing,Raman,Sodium Azide
336.8343917928676,0.01,1_trailing,Raman,Sodium Azide
338.54421104054717,10.059500609286598,1_trailing,Raman,Sodium Azide
340.25403028822666,13.179374757974049,1_trailing,Raman,Sodium Azide
341.9638495359062,8.445037033576167,1_trailing,Raman,Sodium Azide
343.67366878358575,3.100070667037348,1_trailing,Raman,Sodium Azide
345.3834880312653,12.145890006341988,1_trailing,Raman,Sodium Azide
347.0933072789448,13.080088535246997,1_trailing,Raman,Sodium Azide
348.80312652662434,9.485408285463519,1_trailing,Raman,Sodium Azide
350.5129457743039,0.0,1_trailing,Raman,Sodium Azide
352.2227650219834,9.31093702436957,1_trailing,Raman,Sodium Azide
353.9325842696629,18.401380472981675,1_trailing,Raman,Sodium Azide
355.6424035173425,0.8717829727222073,1_trailing,Raman,Sodium Azide
357.352222765022,27.3759876814462,1_trailing,Raman,Sodium Azide
359.0620420127015,1.6986860186971713,1_trailing,Raman,Sodium Azide
360.77186126038106,7.239781424281107,1_trailing,Raman,Sodium Azide
362.4816805080606,0.38925708404248915,1_trailing,Raman,Sodium Azide
364.1914997557401,9.244686374562294,1_trailing,Raman,Sodium Azide
365.90131900341964,0.0,1_trailing,Raman,Sodium Azide
367.6111382510992,1.8295456940737722,1_trailing,Raman,Sodium Azide
369.32095749877874,0.0,1_trailing,Raman,Sodium Azide
371.03077674645823,8.64991810592579,1_trailing,Raman,Sodium Azide
372.7405959941378,17.147323246372146,1_trailing,Raman,Sodium Azide
374.4504152418173,13.796503064696067,1_trailing,Raman,Sodium Azide
376.1602344894968,0.0,1_trailing,Raman,Sodium Azide
377.87005373717636,27.641879697794675,1_trailing,Raman,Sodium Azide
379.5798729848559,10.561337250708032,1_trailing,Raman,Sodium Azide
381.28969223253546,0.11434221593082583,1_trailing,Raman,Sodium Azide
382.99951148021495,9.34479589664197,1_trailing,Raman,Sodium Azide
384.7093307278945,9.611807002178155,1_trailing,Raman,Sodium Azide
386.41914997557404,1.4001616849587473,1_trailing,Raman,Sodium Azide
388.12896922325353,9.955878583458873,1_trailing,Raman,Sodium Azide
389.8387884709331,2.1242774429755533,1_trailing,Raman,Sodium Azide
391.54860771861263,4.198429223211609,1_trailing,Raman,Sodium Azide
393.2584269662922,1.4937820713290169,1_trailing,Raman,Sodium Azide
394.96824621397167,0.0,1_trailing,Raman,Sodium Azide
396.6780654616512,9.80254876766702,1_trailing,Raman,Sodium Azide
398.38788470933076,14.187053198594025,1_trailing,Raman,Sodium Azide
400.09770395701025,13.568915935937984,1_trailing,Raman,Sodium Azide
401.8075232046898,16.64509709602672,1_trailing,Raman,Sodium Azide
403.51734245236935,11.845805005926353,1_trailing,Raman,Sodium Azide
405.22716170004884,3.5199605386802695,1_trailing,Raman,Sodium Azide
406.9369809477284,17.049943090450835,1_trailing,Raman,Sodium Azide
408.64680019540793,0.0,1_trailing,Raman,Sodium Azide
410.3566194430875,0.12270282774825247,1_trailing,Raman,Sodium Azide
412.066438690767,0.0,1_trailing,Raman,Sodium Azide
413.7762579384465,19.717948542624086,1_trailing,Raman,Sodium Azide
415.48607718612607,18.436670640330895,1_trailing,Raman,Sodium Azide
417.19589643380556,14.043357858139522,1_trailing,Raman,Sodium Azide
418.9057156814851,19.85594356210396,1_trailing,Raman,Sodium Azide
420.61553492916465,0.7870908444760758,1_trailing,Raman,Sodium Azide
422.3253541768442,12.911931697167429,1_trailing,Raman,Sodium Azide
424.0351734245237,8.350442669492034,1_trailing,Raman,Sodium Azide
425.74499267220324,17.95577733343591,1_trailing,Raman,Sodium Azide
427.4548119198828,8.593330248724373,1_trailing,Raman,Sodium Azide
429.1646311675623,6.0249349759742366,1_trailing,Raman,Sodium Azide
430.8744504152418,15.187839956685306,1_trailing,Raman,Sodium Azide
432.5842696629214,18.556153900388068,1_trailing,Raman,Sodium Azide
434.2940889106009,3.480342234445999,1_trailing,Raman,Sodium Azide
436.0039081582804,9.518244380992508,1_trailing,Raman,Sodium Azide
437.71372740595996,0.0,1_trailing,Raman,Sodium Azide
439.4235466536395,0.0,1_trailing,Raman,Sodium Azide
441.133365901319,12.324352707190542,1_trailing,Raman,Sodium Azide
442.84318514899854,16.41263616959858,1_trailing,Raman,Sodium Azide
444.5530043966781,13.090348341384729,1_trailing,Raman,Sodium Azide
446.26282364435764,0.0,1_trailing,Raman,Sodium Azide
447.97264289203713,7.239138982093779,1_trailing,Raman,Sodium Azide
449.6824621397167,0.0,1_trailing,Raman,Sodium Azide
451.3922813873962,24.28526134588755,1_trailing,Raman,Sodium Azide
453.1021006350757,0.2717443575156473,1_trailing,Raman,Sodium Azide
454.81191988275526,23.329020731103867,1_trailing,Raman,Sodium Azide
456.5217391304348,20.374953742896764,1_trailing,Raman,Sodium Azide
458.23155837811436,2.3408109468538143,1_trailing,Raman,Sodium Azide
459.94137762579385,0.1462260886331226,1_trailing,Raman,Sodium Azide
461.6511968734734,14.79304359761754,1_trailing,Raman,Sodium Azide
463.36101612115294,3.1449930490677165,1_trailing,Raman,Sodium Azide
465.07083536883243,12.51977913785468,1_trailing,Raman,Sodium Azide
466.780654616512,6.871637456725437,1_trailing,Raman,Sodium Azide
468.49047386419153,0.0,1_trailing,Raman,Sodium Azide
470.2002931118711,0.01,1_trailing,Raman,Sodium Azide
471.91011235955057,14.080179926428285,1_trailing,Raman,Sodium Azide
473.6199316072301,6.4321316632708685,1_trailing,Raman,Sodium Azide
475.32975085490966,6.601749816059798,1_trailing,Raman,Sodium Azide
477.03957010258915,18.943382759891936,1_trailing,Raman,Sodium Azide
478.7493893502687,23.716559313912143,1_trailing,Raman,Sodium Azide
480.45920859794825,9.615936616006202,1_trailing,Raman,Sodium Azide
482.16902784562774,9.03596773509889,1_trailing,Raman,Sodium Azide
483.8788470933073,17.37345625538174,1_trailing,Raman,Sodium Azide
485.58866634098683,0.0,1_trailing,Raman,Sodium Azide
487.2984855886664,14.832739674124673,1_trailing,Raman,Sodium Azide
489.00830483634587,18.15731142459079,1_trailing,Raman,Sodium Azide
490.7181240840254,19.495972689587674,1_trailing,Raman,Sodium Azide
492.42794333170497,0.0,1_trailing,Raman,Sodium Azide
494.13776257938446,5.530691005725449,1_trailing,Raman,Sodium Azide
495.847581827064,4.473863436696323,1_trailing,Raman,Sodium Azide
497.55740107474355,14.162109051663428,1_trailing,Raman,Sodium Azide
499.2672203224231,17.99000503202983,1_trailing,Raman,Sodium Azide
500.9770395701026,28.049923976089048,1_trailing,Raman,Sodium Azide
502.68685881778214,8.599037857798116,1_trailing,Raman,Sodium Azide
504.3966780654617,8.665298410917408,1_trailing,Raman,Sodium Azide
506.1064973131412,24.92028970441734,1_trailing,Raman,Sodium Azide
507.8163165608207,16.642147411360938,1_trailing,Raman,Sodium Azide
509.52613580850027,26.263153166949714,1_trailing,Raman,Sodium Azide
511.2359550561798,16.75100135158591,1_trailing,Raman,Sodium Azide
512.9457743038594,2.657710683895596,1_trailing,Raman,Sodium Azide
514.6555935515388,1.024390468020739,1_trailing,Raman,Sodium Azide
516.3654127992183,0.0,1_trailing,Raman,Sodium Azide
518.0752320468979,20.799556328243472,1_trailing,Raman,Sodium Azide
519.7850512945774,26.050691784949763,1_trailing,Raman,Sodium Azide
521.494870542257,32.63911559946011,1_trailing,Raman,Sodium Azide
523.2046897899365,22.85095478069215,1_trailing,Raman,Sodium Azide
524.9145090376161,26.08378110870286,1_trailing,Raman,Sodium Azide
526.6243282852955,9.07871092858762,1_trailing,Raman,Sodium Azide
528.3341475329751,3.519266860933657,1_trailing,Raman,Sodium Azide
530.0439667806546,23.303614888279306,1_trailing,Raman,Sodium Azide
531.7537860283342,19.157738985081345,1_trailing,Raman,Sodium Azide
533.4636052760137,16.210836541850053,1_trailing,Raman,Sodium Azide
535.1734245236933,19.054957441977766,1_trailing,Raman,Sodium Azide
536.8832437713728,18.52293726556771,1_trailing,Raman,Sodium Azide
538.5930630190522,28.046784201909066,1_trailing,Raman,Sodium Azide
540.3028822667318,28.254772739158653,1_trailing,Raman,Sodium Azide
542.0127015144113,20.986942969630793,1_trailing,Raman,Sodium Azide
543.7225207620909,24.045109626538242,1_trailing,Raman,Sodium Azide
545.4323400097704,20.889396112340997,1_trailing,Raman,Sodium Azide
547.14215925745,11.420022519799986,1_trailing,Raman,Sodium Azide
548.8519785051295,23.46845030581338,1_trailing,Raman,Sodium Azide
550.561797752809,2.462428893932099,1_trailing,Raman,Sodium Azide
552.2716170004885,26.586696969723832,1_trailing,Raman,Sodium Azide
553.981436248168,4.626051075438182,1_trailing,Raman,Sodium Azide
555.6912554958476,19.25229122929573,1_trailing,Raman,Sodium Azide
557.4010747435271,8.2568114519071,1_trailing,Raman,Sodium Azide
559.1108939912067,22.08121502944452,1_trailing,Raman,Sodium Azide
560.8207132388862,16.42061021201994,1_trailing,Raman,Sodium Azide
562.5305324865657,1.218129320181234,1_trailing,Raman,Sodium Azide
564.2403517342452,21.106644990777365,1_trailing,Raman,Sodium Azide
565.9501709819248,11.391222135644504,1_trailing,Raman,Sodium Azide
567.6599902296043,25.811057262887587,1_trailing,Raman,Sodium Azide
569.3698094772839,17.281924030850142,1_trailing,Raman,Sodium Azide
571.0796287249634,21.252828179979737,1_trailing,Raman,Sodium Azide
572.789447972643,8.091564818732014,1_trailing,Raman,Sodium Azide
574.4992672203224,11.79936821155636,1_trailing,Raman,Sodium Azide
576.2090864680019,13.186699985870884,1_trailing,Raman,Sodium Azide
577.9189057156815,26.198159536181606,1_trailing,Raman,Sodium Azide
579.628724963361,34.35624115305011,1_trailing,Raman,Sodium Azide
581.3385442110406,10.103256300883881,1_trailing,Raman,Sodium Azide
583.0483634587201,28.675930948298138,1_trailing,Raman,Sodium Azide
584.7581827063997,0.0,1_trailing,Raman,Sodium Azide
586.4680019540791,6.605763766231565,1_trailing,Raman,Sodium Azide
588.1778212017587,9.022773531098677,1_trailing,Raman,Sodium Azide
589.8876404494382,5.26693378476118,1_trailing,Raman,Sodium Azide
591.5974596971178,3.107340841715862,1_trailing,Raman,Sodium Azide
593.3072789447973,22.806030307145363,1_trailing,Raman,Sodium Azide
595.0170981924769,16.761620520819296,1_trailing,Raman,Sodium Azide
596.7269174401564,22.693514255639265,1_trailing,Raman,Sodium Azide
598.4367366878358,25.854741727649646,1_trailing,Raman,Sodium Azide
600.1465559355154,21.795371773289784,1_trailing,Raman,Sodium Azide
601.8563751831949,25.752773788614945,1_trailing,Raman,Sodium Azide
603.5661944308745,18.726475788038304,1_trailing,Raman,Sodium Azide
605.276013678554,7.872167139032966,1_trailing,Raman,Sodium Azide
606.9858329262336,30.008904125515752,1_trailing,Raman,Sodium Azide
608.6956521739131,13.96008345736319,1_trailing,Raman,Sodium Azide
610.4054714215926,10.67157271288578,1_trailing,Raman,Sodium Azide
612.1152906692721,18.227467926876702,1_trailing,Raman,Sodium Azide
613.8251099169516,11.118496334183032,1_trailing,Raman,Sodium Azide
615.5349291646312,16.091337493163213,1_trailing,Raman,Sodium Azide
617.2447484123107,23.675513290572006,1_trailing,Raman,Sodium Azide
618.9545676599903,23.83035506794626,1_trailing,Raman,Sodium Azide
620.6643869076698,11.715942464990516,1_trailing,Raman,Sodium Azide
622.3742061553493,15.853498882817153,1_trailing,Raman,Sodium Azide
624.0840254030288,31.293997180050596,1_trailing,Raman,Sodium Azide
625.7938446507084,25.747312377420883,1_trailing,Raman,Sodium Azide
627.5036638983879,41.341575820120795,1_trailing,Raman,Sodium Azide
629.2134831460675,32.67505828833082,1_trailing,Raman,Sodium Azide
630.923302393747,32.43839870949883,1_trailing,Raman,Sodium Azide
632.6331216414266,7.7079821041373044,1_trailing,Raman,Sodium Azide
634.342940889106,28.936424891135943,1_trailing,Raman,Sodium Azide
636.0527601367855,21.036199205429625,1_trailing,Raman,Sodium Azide
637.7625793844651,16.26723260641519,1_trailing,Raman,Sodium Azide
639.4723986321446,23.438583269893403,1_trailing,Raman,Sodium Azide
641.1822178798242,31.181298031443994,1_trailing,Raman,Sodium Azide
642.8920371275037,26.938164488949333,1_trailing,Raman,Sodium Azide
644.6018563751833,13.52181225184178,1_trailing,Raman,Sodium Azide
646.3116756228627,29.544245276102636,1_trailing,Raman,Sodium Azide
648.0214948705423,16.121246431830762,1_trailing,Raman,Sodium Azide
649.7313141182218,24.621781221664197,1_trailing,Raman,Sodium Azide
651.4411333659014,19.637896466174293,1_trailing,Raman,Sodium Azide
653.1509526135809,20.585872426075145,1_trailing,Raman,Sodium Azide
654.8607718612604,30.371138289055075,1_trailing,Raman,Sodium Azide
656.5705911089399,12.765940856647115,1_trailing,Raman,Sodium Azide
658.2804103566194,42.1786656347396,1_trailing,Raman,Sodium Azide
659.990229604299,5.3440099915333725,1_trailing,Raman,Sodium Azide
661.7000488519785,17.468825653819547,1_trailing,Raman,Sodium Azide
663.4098680996581,27.08659522130845,1_trailing,Raman,Sodium Azide
665.1196873473376,29.3085800085686,1_trailing,Raman,Sodium Azide
666.8295065950172,22.710906336378077,1_trailing,Raman,Sodium Azide
668.5393258426966,23.265486733631647,1_trailing,Raman,Sodium Azide
670.2491450903761,27.96908366467022,1_trailing,Raman,Sodium Azide
671.9589643380557,21.795936288943057,1_trailing,Raman,Sodium Azide
673.6687835857352,37.855923800350624,1_trailing,Raman,Sodium Azide
675.3786028334148,32.544775317043985,1_trailing,Raman,Sodium Azide
677.0884220810943,32.99662595753253,1_trailing,Raman,Sodium Azide
678.7982413287739,15.076162401334434,1_trailing,Raman,Sodium Azide
680.5080605764533,23.901188153306,1_trailing,Raman,Sodium Azide
682.2178798241329,21.85629262369397,1_trailing,Raman,Sodium Azide
683.9276990718124,15.062111286992652,1_trailing,Raman,Sodium Azide
685.637518319492,28.598017076502646,1_trailing,Raman,Sodium Azide
687.3473375671715,19.903929369689855,1_trailing,Raman,Sodium Azide
689.057156814851,31.73576291916592,1_trailing,Raman,Sodium Azide
690.7669760625306,14.930031422871306,1_trailing,Raman,Sodium Azide
692.47679531021,42.424305931442916,1_trailing,Raman,Sodium Azide
694.1866145578896,16.888658123236212,1_trailing,Raman,Sodium Azide
695.8964338055691,27.962145653419785,1_trailing,Raman,Sodium Azide
697.6062530532487,33.70723927274887,1_trailing,Raman,Sodium Azide
699.3160723009282,20.475780695045973,1_trailing,Raman,Sodium Azide
701.0258915486078,34.557154984511,1_trailing,Raman,Sodium Azide
702.7357107962873,14.259964071847744,1_trailing,Raman,Sodium Azide
704.4455300439668,40.69740247480438,1_trailing,Raman,Sodium Azide
706.1553492916463,26.716691119708425,1_trailing,Raman,Sodium Azide
707.8651685393259,20.854854755250415,1_trailing,Raman,Sodium Azide
709.5749877870054,23.900610593835054,1_trailing,Raman,Sodium Azide
711.284807034685,34.91298595497192,1_trailing,Raman,Sodium Azide
712.9946262823645,21.361081191778627,1_trailing,Raman,Sodium Azide
714.704445530044,19.873313593527474,1_trailing,Raman,Sodium Azide
716.4142647777235,25.182892778977195,1_trailing,Raman,Sodium Azide
718.124084025403,15.939101103074638,1_trailing,Raman,Sodium Azide
719.8339032730826,45.481965980660235,1_trailing,Raman,Sodium Azide
721.5437225207621,22.19272847802756,1_trailing,Raman,Sodium Azide
723.2535417684417,36.04190384019384,1_trailing,Raman,Sodium Azide
724.9633610161212,30.069508526562945,1_trailing,Raman,Sodium Azide
726.6731802638008,18.486334430972782,1_trailing,Raman,Sodium Azide
728.3829995114802,28.220960670751552,1_trailing,Raman,Sodium Azide
730.0928187591597,36.10513307468238,1_trailing,Raman,Sodium Azide
731.8026380068393,26.69861925753148,1_trailing,Raman,Sodium Azide
733.5124572545188,40.386424892516395,1_trailing,Raman,Sodium Azide
735.2222765021984,38.83671256490052,1_trailing,Raman,Sodium Azide
736.9320957498779,37.96431445908893,1_trailing,Raman,Sodium Azide
738.6419149975575,24.57234231275786,1_trailing,Raman,Sodium Azide
740.3517342452369,18.622000016689796,1_trailing,Raman,Sodium Azide
742.0615534929165,23.33217391178342,1_trailing,Raman,Sodium Azide
743.771372740596,31.413820997720027,1_trailing,Raman,Sodium Azide
745.4811919882756,34.979464929647726,1_trailing,Raman,Sodium Azide
747.1910112359551,8.452820634041931,1_trailing,Raman,Sodium Azide
748.9008304836346,29.817280648808538,1_trailing,Raman,Sodium Azide
750.6106497313142,31.584888434538446,1_trailing,Raman,Sodium Azide
752.3204689789936,27.44756725759408,1_trailing,Raman,Sodium Azide
754.0302882266732,42.978328574724586,1_trailing,Raman,Sodium Azide
755.7401074743527,34.58457528916366,1_trailing,Raman,Sodium Azide
757.4499267220323,43.4397841341281,1_trailing,Raman,Sodium Azide
759.1597459697118,28.603490887468705,1_trailing,Raman,Sodium Azide
760.8695652173914,40.059773406627826,1_trailing,Raman,Sodium Azide
762.5793844650709,47.04355606847741,1_trailing,Raman,Sodium Azide
764.2892037127503,44.00992697691031,1_trailing,Raman,Sodium Azide
765.9990229604299,20.563021444591698,1_trailing,Raman,Sodium Azide
767.7088422081094,28.930028965891207,1_trailing,Raman,Sodium Azide
769.418661455789,28.172596463410972,1_trailing,Raman,Sodium Azide
771.1284807034685,36.50052648736778,1_trailing,Raman,Sodium Azide
772.8382999511481,38.57535386393241,1_trailing,Raman,Sodium Azide
774.5481191988276,23.75076361989389,1_trailing,Raman,Sodium Azide
776.2579384465071,32.78915887498966,1_trailing,Raman,Sodium Azide
777.9677576941866,12.445725281316907,1_trailing,Raman,Sodium Azide
779.6775769418662,46.555906561421075,1_trailing,Raman,Sodium Azide
781.3873961895457,27.53248181888714,1_trailing,Raman,Sodium Azide
783.0972154372253,33.24081775740989,1_trailing,Raman,Sodium Azide
784.8070346849048,29.797450559651146,1_trailing,Raman,Sodium Azide
786.5168539325844,44.22400417136226,1_trailing,Raman,Sodium Azide
788.2266731802638,5.281081210357041,1_trailing,Raman,Sodium Azide
789.9364924279433,33.11384867777857,1_trailing,Raman,Sodium Azide
791.6463116756229,32.372850542492024,1_trailing,Raman,Sodium Azide
793.3561309233024,29.10467938808341,1_trailing,Raman,Sodium Azide
795.065950170982,50.63853736170812,1_trailing,Raman,Sodium Azide
796.7757694186615,25.13946287359275,1_trailing,Raman,Sodium Azide
798.4855886663411,41.56444752305398,1_trailing,Raman,Sodium Azide
800.1954079140205,37.64299762646924,1_trailing,Raman,Sodium Azide
801.9052271617,46.671706500514965,1_trailing,Raman,Sodium Azide
803.6150464093796,27.883637982729255,1_trailing,Raman,Sodium Azide
805.3248656570591,27.38502131104537,1_trailing,Raman,Sodium Azide
807.0346849047387,45.478763578649954,1_trailing,Raman,Sodium Azide
808.7445041524182,39.04479039167892,1_trailing,Raman,Sodium Azide
810.4543234000977,19.860277748685277,1_trailing,Raman,Sodium Azide
812.1641426477772,29.875655317688146,1_trailing,Raman,Sodium Azide
813.8739618954568,39.106924576112384,1_trailing,Raman,Sodium Azide
815.5837811431363,43.68459315409646,1_trailing,Raman,Sodium Azide
817.2936003908159,28.95877484166894,1_trailing,Raman,Sodium Azide
819.0034196384954,7.167921320799763,1_trailing,Raman,Sodium Azide
820.713238886175,41.04625267963695,1_trailing,Raman,Sodium Azide
822.4230581338544,24.088462370243388,1_trailing,Raman,Sodium Azide
824.132877381534,16.418338352548513,1_trailing,Raman,Sodium Azide
825.8426966292135,8.572213876916127,1_trailing,Raman,Sodium Azide
827.552515876893,44.5008207335857,1_trailing,Raman,Sodium Azide
829.2623351245726,37.92719481382962,1_trailing,Raman,Sodium Azide
830.9721543722521,34.60254728416497,1_trailing,Raman,Sodium Azide
832.6819736199317,50.597684048700465,1_trailing,Raman,Sodium Azide
834.3917928676111,43.374100741438895,1_trailing,Raman,Sodium Azide
836.1016121152907,53.13229208218248,1_trailing,Raman,Sodium Azide
837.8114313629702,23.76025154328265,1_trailing,Raman,Sodium Azide
839.5212506106498,37.23988839243637,1_trailing,Raman,Sodium Azide
841.2310698583293,21.86901311398134,1_trailing,Raman,Sodium Azide
842.9408891060089,35.64525849853077,1_trailing,Raman,Sodium Azide
844.6507083536884,35.600540711204495,1_trailing,Raman,Sodium Azide
846.3605276013678,44.342647098852254,1_trailing,Raman,Sodium Azide
848.0703468490474,38.795987590433185,1_trailing,Raman,Sodium Azide
849.7801660967269,44.62075145827922,1_trailing,Raman,Sodium Azide
851.4899853444065,45.57129074322386,1_trailing,Raman,Sodium Azide
853.199804592086,59.9589266858915,1_trailing,Raman,Sodium Azide
854.9096238397656,35.87683990945494,1_trailing,Raman,Sodium Azide
856.6194430874451,29.89337648222208,1_trailing,Raman,Sodium Azide
858.3292623351246,41.69781908558679,1_trailing,Raman,Sodium Azide
860.0390815828041,31.56804106301131,1_trailing,Raman,Sodium Azide
861.7489008304836,54.13824187379079,1_trailing,Raman,Sodium Azide
863.4587200781632,36.975665568832206,1_trailing,Raman,Sodium Azide
865.1685393258427,34.36290367677193,1_trailing,Raman,Sodium Azide
866.8783585735223,35.44585669368239,1_trailing,Raman,Sodium Azide
868.5881778212018,47.27794810521201,1_trailing,Raman,Sodium Azide
870.2979970688813,38.83967107050073,1_trailing,Raman,Sodium Azide
872.0078163165608,34.25042798680871,1_trailing,Raman,Sodium Azide
873.7176355642404,57.04631362815026,1_trailing,Raman,Sodium Azide
875.4274548119199,32.46465248423773,1_trailing,Raman,Sodium Azide
877.1372740595995,41.374343389345704,1_trailing,Raman,Sodium Azide
878.847093307279,47.58607499883682,1_trailing,Raman,Sodium Azide
880.5569125549586,25.339445244764583,1_trailing,Raman,Sodium Azide
882.266731802638,46.21939216362814,1_trailing,Raman,Sodium Azide
883.9765510503175,31.31547674193351,1_trailing,Raman,Sodium Azide
885.6863702979971,49.91292279347482,1_trailing,Raman,Sodium Azide
887.3961895456766,32.545976923836335,1_trailing,Raman,Sodium Azide
889.1060087933562,48.95115791996072,1_trailing,Raman,Sodium Azide
890.8158280410357,53.176597576821486,1_trailing,Raman,Sodium Azide
892.5256472887153,50.95131652250359,1_trailing,Raman,Sodium Azide
894.2354665363947,45.10785382186199,1_trailing,Raman,Sodium Azide
895.9452857840743,40.545761741931706,1_trailing,Raman,Sodium Azide
897.6551050317538,37.313128079960634,1_trailing,Raman,Sodium Azide
899.3649242794334,57.566841023743194,1_trailing,Raman,Sodium Azide
901.0747435271129,36.43381357952348,1_trailing,Raman,Sodium Azide
902.7845627747924,33.286176240593804,1_trailing,Raman,Sodium Azide
904.494382022472,50.15548167907703,1_trailing,Raman,Sodium Azide
906.2042012701514,35.98036886648225,1_trailing,Raman,Sodium Azide
907.914020517831,34.635593553018126,1_trailing,Raman,Sodium Azide
909.6238397655105,29.95882191583258,1_trailing,Raman,Sodium Azide
911.3336590131901,39.56138453828407,1_trailing,Raman,Sodium Azide
913.0434782608696,43.644611899983474,1_trailing,Raman,Sodium Azide
914.7532975085492,47.008252594799146,1_trailing,Raman,Sodium Azide
916.4631167562287,54.12440809611323,1_trailing,Raman,Sodium Azide
918.1729360039081,50.137529166994575,1_trailing,Raman,Sodium Azide
919.8827552515877,43.252483094096746,1_trailing,Raman,Sodium Azide
921.5925744992672,43.36868466942648,1_trailing,Raman,Sodium Azide
923.3023937469468,50.467450069360275,1_trailing,Raman,Sodium Azide
925.0122129946263,58.116962652319565,1_trailing,Raman,Sodium Azide
926.7220322423059,47.038843914757805,1_trailing,Raman,Sodium Azide
928.4318514899854,41.36561934306572,1_trailing,Raman,Sodium Azide
930.1416707376649,36.39632809461768,1_trailing,Raman,Sodium Azide
931.8514899853444,32.12788896885984,1_trailing,Raman,Sodium Azide
933.561309233024,53.016023961127814,1_trailing,Raman,Sodium Azide
935.2711284807035,52.32026647489921,1_trailing,Raman,Sodium Azide
936.9809477283831,52.49510386661762,1_trailing,Raman,Sodium Azide
938.6907669760626,45.748758637574085,1_trailing,Raman,Sodium Azide
940.4005862237422,60.96757561052776,1_trailing,Raman,Sodium Azide
942.1104054714216,42.58428454932056,1_trailing,Raman,Sodium Azide
943.8202247191011,56.87974452420459,1_trailing,Raman,Sodium Azide
945.5300439667807,47.2988868940151,1_trailing,Raman,Sodium Azide
947.2398632144602,41.88261589154831,1_trailing,Raman,Sodium Azide
948.9496824621398,53.84877572295055,1_trailing,Raman,Sodium Azide
950.6595017098193,52.21758250796897,1_trailing,Raman,Sodium Azide
952.3693209574988,51.874533007679716,1_trailing,Raman,Sodium Azide
954.0791402051783,49.34340639511105,1_trailing,Raman,Sodium Azide
955.7889594528579,48.35840207851941,1_trailing,Raman,Sodium Azide
957.4987787005374,72.32965064775541,1_trailing,Raman,Sodium Azide
959.208597948217,60.689754768938684,1_trailing,Raman,Sodium Azide
960.9184171958965,56.33743760374331,1_trailing,Raman,Sodium Azide
962.628236443576,50.517572405695276,1_trailing,Raman,Sodium Azide
964.3380556912555,59.47874782294777,1_trailing,Raman,Sodium Azide
966.047874938935,54.855260945491196,1_trailing,Raman,Sodium Azide
967.7576941866146,50.22630862849204,1_trailing,Raman,Sodium Azide
969.4675134342941,47.14743159917325,1_trailing,Raman,Sodium Azide
971.1773326819737,49.5092072443885,1_trailing,Raman,Sodium Azide
972.8871519296532,19.372289076377655,1_trailing,Raman,Sodium Azide
974.5969711773328,52.72488850390724,1_trailing,Raman,Sodium Azide
976.3067904250122,46.04367730959353,1_trailing,Raman,Sodium Azide
978.0166096726917,66.64252852132425,1_trailing,Raman,Sodium Azide
979.7264289203713,51.384005424815975,1_trailing,Raman,Sodium Azide
981.4362481680508,39.70769838773532,1_trailing,Raman,Sodium Azide
983.1460674157304,51.064985869770695,1_trailing,Raman,Sodium Azide
984.8558866634099,41.47145391199198,1_trailing,Raman,Sodium Azide
986.5657059110895,56.56364315035876,1_trailing,Raman,Sodium Azide
988.2755251587689,54.96589753843475,1_trailing,Raman,Sodium Azide
989.9853444064485,61.68098944564239,1_trailing,Raman,Sodium Azide
991.695163654128,44.702391273153616,1_trailing,Raman,Sodium Azide
993.4049829018076,52.975121941985336,1_trailing,Raman,Sodium Azide
995.1148021494871,39.42668624107243,1_trailing,Raman,Sodium Azide
996.8246213971667,59.88321844468665,1_trailing,Raman,Sodium Azide
998.5344406448462,58.28216451819595,1_trailing,Raman,Sodium Azide
1000.2442598925256,58.23758952705367,1_trailing,Raman,Sodium Azide
1001.9540791402052,53.561007585635885,1_trailing,Raman,Sodium Azide
1003.6638983878847,57.797758989318204,1_trailing,Raman,Sodium Azide
1005.3737176355643,69.65309252356323,1_trailing,Raman,Sodium Azide
1007.0835368832438,51.297493006612214,1_trailing,Raman,Sodium Azide
1008.7933561309234,55.63918443514298,1_trailing,Raman,Sodium Azide
1010.5031753786029,43.805937351147776,1_trailing,Raman,Sodium Azide
1012.2129946262824,46.12822957327303,1_trailing,Raman,Sodium Azide
1013.9228138739619,55.79230018165736,1_trailing,Raman,Sodium Azide
1015.6326331216414,65.84962066358723,1_trailing,Raman,Sodium Azide
1017.342452369321,52.6986736527589,1_trailing,Raman,Sodium Azide
1019.0522716170005,53.07434214562944,1_trailing,Raman,Sodium Azide
1020.7620908646801,51.58295666254411,1_trailing,Raman,Sodium Azide
1022.4719101123596,50.51475756682406,1_trailing,Raman,Sodium Azide
1024.181729360039,58.84288240678635,1_trailing,Raman,Sodium Azide
1025.8915486077187,41.44455687307143,1_trailing,Raman,Sodium Azide
1027.6013678553982,68.89177561334786,1_trailing,Raman,Sodium Azide
1029.3111871030776,49.98171841375655,1_trailing,Raman,Sodium Azide
1031.0210063507573,63.78226917216563,1_trailing,Raman,Sodium Azide
1032.7308255984367,44.42599507672927,1_trailing,Raman,Sodium Azide
1034.4406448461164,63.6486414989341,1_trailing,Raman,Sodium Azide
1036.1504640937958,63.86808801550104,1_trailing,Raman,Sodium Azide
1037.8602833414755,61.22404303837814,1_trailing,Raman,Sodium Azide
1039.5701025891549,47.896467376460436,1_trailing,Raman,Sodium Azide
1041.2799218368343,60.28234655553578,1_trailing,Raman,Sodium Azide
1042.989741084514,46.4158028176158,1_trailing,Raman,Sodium Azide
1044.6995603321934,55.73442751765872,1_trailing,Raman,Sodium Azide
1046.409379579873,68.50606092114118,1_trailing,Raman,Sodium Azide
1048.1191988275525,66.41386140568649,1_trailing,Raman,Sodium Azide
1049.8290180752322,58.93704714320557,1_trailing,Raman,Sodium Azide
1051.5388373229116,49.42502297463908,1_trailing,Raman,Sodium Azide
1053.248656570591,65.50651600428735,1_trailing,Raman,Sodium Azide
1054.9584758182707,59.55457252177611,1_trailing,Raman,Sodium Azide
1056.6682950659501,36.790096044574554,1_trailing,Raman,Sodium Azide
1058.3781143136298,67.42938562800275,1_trailing,Raman,Sodium Azide
1060.0879335613092,59.705772718233696,1_trailing,Raman,Sodium Azide
1061.797752808989,71.9357254355613,1_trailing,Raman,Sodium Azide
1063.5075720566683,49.594359935167546,1_trailing,Raman,Sodium Azide
1065.2173913043478,29.355539183439014,1_trailing,Raman,Sodium Azide
1066.9272105520274,63.4584950322617,1_trailing,Raman,Sodium Azide
1068.6370297997069,63.78586987600466,1_trailing,Raman,Sodium Azide
1070.3468490473865,44.521321529952075,1_trailing,Raman,Sodium Azide
1072.056668295066,51.70473351396826,1_trailing,Raman,Sodium Azide
1073.7664875427456,88.53599702604429,1_trailing,Raman,Sodium Azide
1075.476306790425,58.699181724296196,1_trailing,Raman,Sodium Azide
1077.1861260381045,69.06653401410355,1_trailing,Raman,Sodium Azide
1078.8959452857841,55.7168240839823,1_trailing,Raman,Sodium Azide
1080.6057645334636,41.77808978602158,1_trailing,Raman,Sodium Azide
1082.3155837811432,60.815076765146586,1_trailing,Raman,Sodium Azide
1084.0254030288227,60.077268227763646,1_trailing,Raman,Sodium Azide
1085.7352222765023,58.95781499884207,1_trailing,Raman,Sodium Azide
1087.4450415241818,61.95493598370568,1_trailing,Raman,Sodium Azide
1089.1548607718612,65.87148037532515,1_trailing,Raman,Sodium Azide
1090.8646800195409,62.004497068579404,1_trailing,Raman,Sodium Azide
1092.5744992672203,51.28426111172769,1_trailing,Raman,Sodium Azide
1094.2843185149,68.64682260857799,1_trailing,Raman,Sodium Azide
1095.9941377625794,44.948951400588044,1_trailing,Raman,Sodium Azide
1097.703957010259,44.158307981095675,1_trailing,Raman,Sodium Azide
1099.4137762579385,71.72992662086007,1_trailing,Raman,Sodium Azide
1101.123595505618,69.65281759023377,1_trailing,Raman,Sodium Azide
1102.8334147532976,64.32591568308959,1_trailing,Raman,Sodium Azide
1104.543234000977,51.40835975972744,1_trailing,Raman,Sodium Azide
1106.2530532486567,58.33630441130079,1_trailing,Raman,Sodium Azide
1107.962872496336,62.92638288818065,1_trailing,Raman,Sodium Azide
1109.6726917440158,50.02790119221265,1_trailing,Raman,Sodium Azide
1111.3825109916952,58.638234528379826,1_trailing,Raman,Sodium Azide
1113.0923302393746,72.50335661567118,1_trailing,Raman,Sodium Azide
1114.8021494870543,80.3008035031738,1_trailing,Raman,Sodium Azide
1116.5119687347337,62.38417443074393,1_trailing,Raman,Sodium Azide
1118.2217879824134,74.12636688953475,1_trailing,Raman,Sodium Azide
1119.9316072300928,48.127117945029006,1_trailing,Raman,Sodium Azide
1121.6414264777725,73.58313424053159,1_trailing,Raman,Sodium Azide
1123.351245725452,59.439108720007845,1_trailing,Raman,Sodium Azide
1125.0610649731314,70.53840724290893,1_trailing,Raman,Sodium Azide
1126.770884220811,65.29730332303355,1_trailing,Raman,Sodium Azide
1128.4807034684904,80.8900793464865,1_trailing,Raman,Sodium Azide
1130.19052271617,59.560282598229165,1_trailing,Raman,Sodium Azide
1131.9003419638495,74.50486693878221,1_trailing,Raman,Sodium Azide
1133.6101612115292,65.81101818299032,1_trailing,Raman,Sodium Azide
1135.3199804592086,67.2073627140116,1_trailing,Raman,Sodium Azide
1137.029799706888,67.16409800777032,1_trailing,Raman,Sodium Azide
1138.7396189545677,60.87802765614061,1_trailing,Raman,Sodium Azide
1140.4494382022472,69.24551321140856,1_trailing,Raman,Sodium Azide
1142.1592574499268,68.97750032229456,1_trailing,Raman,Sodium Azide
1143.8690766976063,72.16793482439918,1_trailing,Raman,Sodium Azide
1145.578895945286,70.83902222837584,1_trailing,Raman,Sodium Azide
1147.2887151929654,78.04910447937725,1_trailing,Raman,Sodium Azide
1148.9985344406448,79.49025832377492,1_trailing,Raman,Sodium Azide
1150.7083536883245,60.3299023613236,1_trailing,Raman,Sodium Azide
1152.4181729360039,79.37333040337153,1_trailing,Raman,Sodium Azide
1154.1279921836835,59.419049273509884,1_trailing,Raman,Sodium Azide
1155.837811431363,77.03835863596483,1_trailing,Raman,Sodium Azide
1157.5476306790426,77.56236103685154,1_trailing,Raman,Sodium Azide
1159.257449926722,52.93900585631976,1_trailing,Raman,Sodium Azide
1160.9672691744015,72.81704151877925,1_trailing,Raman,Sodium Azide
1162.6770884220812,67.51992280915617,1_trailing,Raman,Sodium Azide
1164.3869076697606,64.88420420176192,1_trailing,Raman,Sodium Azide
1166.0967269174403,85.79659584414124,1_trailing,Raman,Sodium Azide
1167.8065461651197,66.34108198871783,1_trailing,Raman,Sodium Azide
1169.5163654127994,65.05615690334683,1_trailing,Raman,Sodium Azide
1171.2261846604788,73.92475117620413,1_trailing,Raman,Sodium Azide
1172.9360039081582,80.12304408893542,1_trailing,Raman,Sodium Azide
1174.645823155838,72.22043359258699,1_trailing,Raman,Sodium Azide
1176.3556424035173,85.27937890917451,1_trailing,Raman,Sodium Azide
1178.065461651197,79.2497698056951,1_trailing,Raman,Sodium Azide
1179.7752808988764,52.88233060025626,1_trailing,Raman,Sodium Azide
1181.485100146556,69.27542444363392,1_trailing,Raman,Sodium Azide
1183.1949193942355,69.17360967030689,1_trailing,Raman,Sodium Azide
1184.904738641915,79.60610532802906,1_trailing,Raman,Sodium Azide
1186.6145578895946,49.3642456560912,1_trailing,Raman,Sodium Azide
1188.324377137274,100.34685805380349,1_trailing,Raman,Sodium Azide
1190.0341963849537,80.76341198437353,1_trailing,Raman,Sodium Azide
1191.7440156326331,77.23115913099983,1_trailing,Raman,Sodium Azide
1193.4538348803128,87.59169513387714,1_trailing,Raman,Sodium Azide
1195.1636541279922,99.20217729712056,1_trailing,Raman,Sodium Azide
1196.8734733756717,84.96829325328962,1_trailing,Raman,Sodium Azide
1198.5832926233513,85.95294770183666,1_trailing,Raman,Sodium Azide
1200.2931118710308,78.1444621143337,1_trailing,Raman,Sodium Azide
1202.0029311187104,75.69275611961659,1_trailing,Raman,Sodium Azide
1203.7127503663899,72.63248667793911,1_trailing,Raman,Sodium Azide
1205.4225696140695,69.41507711457861,1_trailing,Raman,Sodium Azide
1207.132388861749,71.00013668429409,1_trailing,Raman,Sodium Azide
1208.8422081094284,64.70997079270556,1_trailing,Raman,Sodium Azide
1210.552027357108,77.43808273116272,1_trailing,Raman,Sodium Azide
1212.2618466047875,61.8736637308204,1_trailing,Raman,Sodium Azide
1213.9716658524671,80.49845451994554,1_trailing,Raman,Sodium Azide
1215.6814851001466,78.4904818864936,1_trailing,Raman,Sodium Azide
1217.3913043478262,80.51079424643237,1_trailing,Raman,Sodium Azide
1219.1011235955057,74.16829098840019,1_trailing,Raman,Sodium Azide
1220.810942843185,109.7044874297362,1_trailing,Raman,Sodium Azide
1222.5207620908648,93.08274859097145,1_trailing,Raman,Sodium Azide
1224.2305813385442,67.74907021733193,1_trailing,Raman,Sodium Azide
1225.9404005862239,82.46915095403865,1_trailing,Raman,Sodium Azide
1227.6502198339033,74.44242789043142,1_trailing,Raman,Sodium Azide
1229.360039081583,70.6783761170804,1_trailing,Raman,Sodium Azide
1231.0698583292624,67.70824711652007,1_trailing,Raman,Sodium Azide
1232.7796775769418,85.32293540508007,1_trailing,Raman,Sodium Azide
1234.4894968246215,74.62149431900164,1_trailing,Raman,Sodium Azide
1236.199316072301,91.03911622738256,1_trailing,Raman,Sodium Azide
1237.9091353199806,91.50964693613673,1_trailing,Raman,Sodium Azide
1239.61895456766,95.46568085604719,1_trailing,Raman,Sodium Azide
1241.3287738153397,73.85758473576259,1_trailing,Raman,Sodium Azide
1243.038593063019,87.10233599754156,1_trailing,Raman,Sodium Azide
1244.7484123106985,88.87079341694674,1_trailing,Raman,Sodium Azide
1246.4582315583782,78.2398752474814,1_trailing,Raman,Sodium Azide
1248.1680508060576,75.54759311480187,1_trailing,Raman,Sodium Azide
1249.8778700537373,99.14097871617312,1_trailing,Raman,Sodium Azide
1251.5876893014167,85.80883490802717,1_trailing,Raman,Sodium Azide
1253.2975085490964,90.04543825774067,1_trailing,Raman,Sodium Azide
1255.0073277967758,75.9680175709963,1_trailing,Raman,Sodium Azide
1256.7171470444553,72.29987358837629,1_trailing,Raman,Sodium Azide
1258.426966292135,78.90567699708087,1_trailing,Raman,Sodium Azide
1260.1367855398144,83.50614880653028,1_trailing,Raman,Sodium Azide
1261.846604787494,74.5110977187359,1_trailing,Raman,Sodium Azide
1263.5564240351734,85.09720810019384,1_trailing,Raman,Sodium Azide
1265.266243282853,68.84696134579704,1_trailing,Raman,Sodium Azide
1266.9760625305325,74.6558524981342,1_trailing,Raman,Sodium Azide
1268.685881778212,92.4702905549534,1_trailing,Raman,Sodium Azide
1270.3957010258916,92.03348133416341,1_trailing,Raman,Sodium Azide
1272.105520273571,82.49604338847162,1_trailing,Raman,Sodium Azide
1273.8153395212507,76.58721347492781,1_trailing,Raman,Sodium Azide
1275.5251587689302,76.72535231727902,1_trailing,Raman,Sodium Azide
1277.2349780166098,83.38678961263534,1_trailing,Raman,Sodium Azide
1278.9447972642893,93.59670368368893,1_trailing,Raman,Sodium Azide
1280.6546165119687,96.6143045217066,1_trailing,Raman,Sodium Azide
1282.3644357596484,82.8682925563509,1_trailing,Raman,Sodium Azide
1284.0742550073278,76.65644573189778,1_trailing,Raman,Sodium Azide
1285.7840742550075,90.83725364352618,1_trailing,Raman,Sodium Azide
1287.493893502687,80.36350317136115,1_trailing,Raman,Sodium Azide
1289.2037127503665,83.59416579657385,1_trailing,Raman,Sodium Azide
1290.913531998046,101.91848447149405,1_trailing,Raman,Sodium Azide
1292.6233512457254,97.26635260723971,1_trailing,Raman,Sodium Azide
1294.333170493405,90.94686511028058,1_trailing,Raman,Sodium Azide
1296.0429897410845,77.14315479339774,1_trailing,Raman,Sodium Azide
1297.7528089887642,91.93429501704614,1_trailing,Raman,Sodium Azide
1299.4626282364436,100.52399669527891,1_trailing,Raman,Sodium Azide
1301.1724474841233,86.64882543110971,1_trailing,Raman,Sodium Azide
1302.8822667318027,103.82947046722995,1_trailing,Raman,Sodium Azide
1304.5920859794821,103.49478295808353,1_trailing,Raman,Sodium Azide
1306.3019052271618,107.37327180336479,1_trailing,Raman,Sodium Azide
1308.0117244748412,94.2823635262298,1_trailing,Raman,Sodium Azide
1309.721543722521,97.28978509989457,1_trailing,Raman,Sodium Azide
1311.4313629702003,105.64162035167092,1_trailing,Raman,Sodium Azide
1313.1411822178798,96.3949916449177,1_trailing,Raman,Sodium Azide
1314.8510014655594,87.32691412151642,1_trailing,Raman,Sodium Azide
1316.5608207132389,88.08413968190852,1_trailing,Raman,Sodium Azide
1318.2706399609185,95.06650325778922,1_trailing,Raman,Sodium Azide
1319.980459208598,80.30358491573696,1_trailing,Raman,Sodium Azide
1321.6902784562776,91.80212285803566,1_trailing,Raman,Sodium Azide
1323.400097703957,104.20862198846774,1_trailing,Raman,Sodium Azide
1325.1099169516365,72.20034746082258,1_trailing,Raman,Sodium Azide
1326.8197361993161,108.98952886940621,1_trailing,Raman,Sodium Azide
1328.5295554469956,105.18831055748372,1_trailing,Raman,Sodium Azide
1330.2393746946752,89.90700765549369,1_trailing,Raman,Sodium Azide
1331.9491939423547,99.99304227439221,1_trailing,Raman,Sodium Azide
1333.6590131900343,94.9354924813119,1_trailing,Raman,Sodium Azide
1335.3688324377138,107.21698080834463,1_trailing,Raman,Sodium Azide
1337.0786516853932,105.03435589917365,1_trailing,Raman,Sodium Azide
1338.7884709330729,81.90894371144401,1_trailing,Raman,Sodium Azide
1340.4982901807523,101.6433365069269,1_trailing,Raman,Sodium Azide
1342.208109428432,94.10836306787117,1_trailing,Raman,Sodium Azide
1343.9179286761114,97.18396420887143,1_trailing,Raman,Sodium Azide
1345.627747923791,89.47187811167859,1_trailing,Raman,Sodium Azide
1347.3375671714705,114.01537352478549,1_trailing,Raman,Sodium Azide
1349.04738641915,107.3138583821198,1_trailing,Raman,Sodium Azide
1350.7572056668296,90.0965199262505,1_trailing,Raman,Sodium Azide
1352.467024914509,84.50670440962259,1_trailing,Raman,Sodium Azide
1354.1768441621887,94.064815575768,1_trailing,Raman,Sodium Azide
1355.886663409868,102.36981364880543,1_trailing,Raman,Sodium Azide
1357.5964826575478,100.71107786771243,1_trailing,Raman,Sodium Azide
1359.3063019052272,110.88798917265176,1_trailing,Raman,Sodium Azide
1361.0161211529066,106.59125914932966,1_trailing,Raman,Sodium Azide
1362.7259404005863,108.6026366908242,1_trailing,Raman,Sodium Azide
1364.4357596482657,102.54526410846015,1_trailing,Raman,Sodium Azide
1366.1455788959454,85.95555678701051,1_trailing,Raman,Sodium Azide
1367.8553981436248,97.91680378391985,1_trailing,Raman,Sodium Azide
1369.5652173913045,110.4885553441779,1_trailing,Raman,Sodium Azide
1371.275036638984,99.83157348257372,1_trailing,Raman,Sodium Azide
1372.9848558866634,105.52398901841453,1_trailing,Raman,Sodium Azide
1374.694675134343,97.71090742484654,1_trailing,Raman,Sodium Azide
1376.4044943820224,90.9850690215539,1_trailing,Raman,Sodium Azide
1378.114313629702,100.13083391481113,1_trailing,Raman,Sodium Azide
1379.8241328773815,104.63525316212734,1_trailing,Raman,Sodium Azide
1381.5339521250612,95.41131429473931,1_trailing,Raman,Sodium Azide
1383.2437713727406,99.78454141806417,1_trailing,Raman,Sodium Azide
1384.95359062042,93.13200599005147,1_trailing,Raman,Sodium Azide
1386.6634098680997,113.58516774747184,1_trailing,Raman,Sodium Azide
1388.3732291157792,99.967208310829,1_trailing,Raman,Sodium Azide
1390.0830483634588,117.36457346821724,1_trailing,Raman,Sodium Azide
1391.7928676111383,118.36417411346852,1_trailing,Raman,Sodium Azide
1393.502686858818,102.82307696884492,1_trailing,Raman,Sodium Azide
1395.2125061064974,93.97794421673727,1_trailing,Raman,Sodium Azide
1396.9223253541768,83.66086194916691,1_trailing,Raman,Sodium Azide
1398.6321446018565,89.9393022750096,1_trailing,Raman,Sodium Azide
1400.341963849536,91.16838973877873,1_trailing,Raman,Sodium Azide
1402.0517830972155,118.41996122567522,1_trailing,Raman,Sodium Azide
1403.761602344895,106.28697788464981,1_trailing,Raman,Sodium Azide
1405.4714215925746,109.22977873300988,1_trailing,Raman,Sodium Azide
1407.181240840254,83.87686139838353,1_trailing,Raman,Sodium Azide
1408.8910600879335,94.1663166648685,1_trailing,Raman,Sodium Azide
1410.6008793356132,114.88228170843423,1_trailing,Raman,Sodium Azide
1412.3106985832926,109.24976432822778,1_trailing,Raman,Sodium Azide
1414.0205178309723,105.24956028038665,1_trailing,Raman,Sodium Azide
1415.7303370786517,112.49453797636556,1_trailing,Raman,Sodium Azide
1417.4401563263314,123.26144781532768,1_trailing,Raman,Sodium Azide
1419.1499755740108,105.30100516201951,1_trailing,Raman,Sodium Azide
1420.8597948216902,108.40981451202909,1_trailing,Raman,Sodium Azide
1422.56961406937,109.87850792800555,1_trailing,Raman,Sodium Azide
1424.2794333170493,131.72012254647078,1_trailing,Raman,Sodium Azide
1425.989252564729,87.90986275234152,1_trailing,Raman,Sodium Azide
1427.6990718124084,115.47317776697857,1_trailing,Raman,Sodium Azide
1429.408891060088,107.91375037461691,1_trailing,Raman,Sodium Azide
1431.1187103077675,114.85253043747186,1_trailing,Raman,Sodium Azide
1432.828529555447,103.11262859507944,1_trailing,Raman,Sodium Azide
1434.5383488031266,109.33412084176248,1_trailing,Raman,Sodium Azide
1436.248168050806,117.05704324801559,1_trailing,Raman,Sodium Azide
1437.9579872984857,140.8830615330876,1_trailing,Raman,Sodium Azide
1439.6678065461651,118.53023984603028,1_trailing,Raman,Sodium Azide
1441.3776257938448,102.54351312749915,1_trailing,Raman,Sodium Azide
1443.0874450415242,106.970153873457,1_trailing,Raman,Sodium Azide
1444.7972642892037,106.94282744389876,1_trailing,Raman,Sodium Azide
1446.5070835368833,94.0367712836794,1_trailing,Raman,Sodium Azide
1448.2169027845628,108.69111274202118,1_trailing,Raman,Sodium Azide
1449.9267220322424,119.37510630370085,1_trailing,Raman,Sodium Azide
1451.6365412799219,99.94662406250958,1_trailing,Raman,Sodium Azide
1453.3463605276015,123.01241312755313,1_trailing,Raman,Sodium Azide
1455.056179775281,117.76624074548928,1_trailing,Raman,Sodium Azide
1456.7659990229604,106.04167195625942,1_trailing,Raman,Sodium Azide
1458.47581827064,112.12345060310412,1_trailing,Raman,Sodium Azide
1460.1856375183195,129.4714076670806,1_trailing,Raman,Sodium Azide
1461.8954567659991,121.24297371943682,1_trailing,Raman,Sodium Azide
1463.6052760136786,114.40863502167956,1_trailing,Raman,Sodium Azide
1465.3150952613582,112.24768246417733,1_trailing,Raman,Sodium Azide
1467.0249145090377,115.59923863773369,1_trailing,Raman,Sodium Azide
1468.734733756717,110.10411695317543,1_trailing,Raman,Sodium Azide
1470.4445530043968,94.73199601472055,1_trailing,Raman,Sodium Azide
1472.1543722520762,135.6904786777253,1_trailing,Raman,Sodium Azide
1473.8641914997559,117.44554645460765,1_trailing,Raman,Sodium Azide
1475.5740107474353,120.09739639192672,1_trailing,Raman,Sodium Azide
1477.283829995115,115.8921430030408,1_trailing,Raman,Sodium Azide
1478.9936492427944,109.51722851648299,1_trailing,Raman,Sodium Azide
1480.7034684904738,115.17613247903888,1_trailing,Raman,Sodium Azide
1482.4132877381535,101.57761402204049,1_trailing,Raman,Sodium Azide
1484.123106985833,139.88465327971014,1_trailing,Raman,Sodium Azide
1485.8329262335126,105.69982999948837,1_trailing,Raman,Sodium Azide
1487.542745481192,107.96867117061149,1_trailing,Raman,Sodium Azide
1489.2525647288717,114.03629374004804,1_trailing,Raman,Sodium Azide
1490.962383976551,131.26687288521256,1_trailing,Raman,Sodium Azide
1492.6722032242305,119.04296870456626,1_trailing,Raman,Sodium Azide
1494.3820224719102,107.0442879173686,1_trailing,Raman,Sodium Azide
1496.0918417195896,131.75394896849855,1_trailing,Raman,Sodium Azide
1497.8016609672693,126.89226291665904,1_trailing,Raman,Sodium Azide
1499.5114802149487,125.28643978868148,1_trailing,Raman,Sodium Azide
1501.2212994626284,127.29006079228074,1_trailing,Raman,Sodium Azide
1502.9311187103078,144.03509653219072,1_trailing,Raman,Sodium Azide
1504.6409379579873,142.26633624493138,1_trailing,Raman,Sodium Azide
1506.350757205667,114.35289292076106,1_trailing,Raman,Sodium Azide
1508.0605764533464,137.29981044108553,1_trailing,Raman,Sodium Azide
1509.770395701026,125.4013548946339,1_trailing,Raman,Sodium Azide
1511.4802149487055,126.81466861949427,1_trailing,Raman,Sodium Azide
1513.190034196385,105.58901825895458,1_trailing,Raman,Sodium Azide
1514.8998534440645,120.79827512841767,1_trailing,Raman,Sodium Azide
1516.609672691744,114.77140963067525,1_trailing,Raman,Sodium Azide
1518.3194919394236,131.14889854714684,1_trailing,Raman,Sodium Azide
1520.029311187103,133.81082681541443,1_trailing,Raman,Sodium Azide
1521.7391304347827,103.22408246717478,1_trailing,Raman,Sodium Azide
1523.4489496824622,123.64084305998821,1_trailing,Raman,Sodium Azide
1525.1587689301418,135.1431318417214,1_trailing,Raman,Sodium Azide
1526.8685881778213,122.582311114731,1_trailing,Raman,Sodium Azide
1528.5784074255007,131.84656954208165,1_trailing,Raman,Sodium Azide
1530.2882266731804,128.41787806824095,1_trailing,Raman,Sodium Azide
1531.9980459208598,128.60418727895834,1_trailing,Raman,Sodium Azide
1533.7078651685395,122.8795339989085,1_trailing,Raman,Sodium Azide
1535.417684416219,113.87474243689466,1_trailing,Raman,Sodium Azide
1537.1275036638986,115.0878959331233,1_trailing,Raman,Sodium Azide
1538.837322911578,133.33342445593593,1_trailing,Raman,Sodium Azide
1540.5471421592574,126.8452874457684,1_trailing,Raman,Sodium Azide
1542.256961406937,125.57672294221041,1_trailing,Raman,Sodium Azide
1543.9667806546165,123.06834460449655,1_trailing,Raman,Sodium Azide
1545.6765999022962,124.51512012653292,1_trailing,Raman,Sodium Azide
1547.3864191499756,138.05437950366212,1_trailing,Raman,Sodium Azide
1549.0962383976553,124.77530183824224,1_trailing,Raman,Sodium Azide
1550.8060576453347,115.18915509815616,1_trailing,Raman,Sodium Azide
1552.5158768930141,135.92781164563957,1_trailing,Raman,Sodium Azide
1554.2256961406938,126.90444324165595,1_trailing,Raman,Sodium Azide
1555.9355153883732,129.50670825029252,1_trailing,Raman,Sodium Azide
1557.645334636053,145.26654267817293,1_trailing,Raman,Sodium Azide
1559.3551538837323,129.56574296156455,1_trailing,Raman,Sodium Azide
1561.064973131412,132.89985275546286,1_trailing,Raman,Sodium Azide
1562.7747923790914,118.76991609773684,1_trailing,Raman,Sodium Azide
1564.4846116267709,128.46767044044185,1_trailing,Raman,Sodium Azide
1566.1944308744505,136.88959682414045,1_trailing,Raman,Sodium Azide
1567.90425012213,115.93363642048345,1_trailing,Raman,Sodium Azide
1569.6140693698096,133.4521826537681,1_trailing,Raman,Sodium Azide
1571.323888617489,132.75720757303324,1_trailing,Raman,Sodium Azide
1573.0337078651687,132.4604272664806,1_trailing,Raman,Sodium Azide
1574.7435271128481,142.5193474646527,1_trailing,Raman,Sodium Azide
1576.4533463605276,135.91191970068314,1_trailing,Raman,Sodium Azide
1578.1631656082072,147.42131152488108,1_trailing,Raman,Sodium Azide
1579.8729848558867,123.45757858367683,1_trailing,Raman,Sodium Azide
1581.5828041035663,134.829055926428,1_trailing,Raman,Sodium Azide
1583.2926233512458,134.61309595046677,1_trailing,Raman,Sodium Azide
1585.0024425989254,123.58198870965998,1_trailing,Raman,Sodium Azide
1586.7122618466049,143.74634342581643,1_trailing,Raman,Sodium Azide
1588.4220810942843,157.47281685805802,1_trailing,Raman,Sodium Azide
1590.131900341964,134.77634776720413,1_trailing,Raman,Sodium Azide
1591.8417195896434,140.1890100143855,1_trailing,Raman,Sodium Azide
1593.551538837323,136.35383956931082,1_trailing,Raman,Sodium Azide
1595.2613580850025,128.81394787184087,1_trailing,Raman,Sodium Azide
1596.9711773326821,118.24173547519834,1_trailing,Raman,Sodium Azide
1598.6809965803616,129.4737941044323,1_trailing,Raman,Sodium Azide
1600.390815828041,123.0429864596027,1_trailing,Raman,Sodium Azide
1602.1006350757207,153.70405480909196,1_trailing,Raman,Sodium Azide
1603.8104543234,136.1465606351858,1_trailing,Raman,Sodium Azide
1605.5202735710798,134.17485290839446,1_trailing,Raman,Sodium Azide
1607.2300928187592,146.59676620955923,1_trailing,Raman,Sodium Azide
1608.9399120664386,127.14930717528057,1_trailing,Raman,Sodium Azide
1610.6497313141183,130.93541924150404,1_trailing,Raman,Sodium Azide
1612.3595505617977,139.42210869779748,1_trailing,Raman,Sodium Azide
1614.0693698094774,149.13307744028765,1_trailing,Raman,Sodium Azide
1615.7791890571568,144.25618690431807,1_trailing,Raman,Sodium Azide
1617.4890083048365,142.06540151504768,1_trailing,Raman,Sodium Azide
1619.198827552516,140.69082456568026,1_trailing,Raman,Sodium Azide
1620.9086468001954,144.14728047532395,1_trailing,Raman,Sodium Azide
1622.618466047875,142.49490614485845,1_trailing,Raman,Sodium Azide
1624.3282852955545,130.7065868001286,1_trailing,Raman,Sodium Azide
1626.038104543234,141.56160842791368,1_trailing,Raman,Sodium Azide
1627.7479237909135,130.871462736387,1_trailing,Raman,Sodium Azide
1629.4577430385932,142.49951043701398,1_trailing,Raman,Sodium Azide
1631.1675622862726,137.28547782045044,1_trailing,Raman,Sodium Azide
1632.877381533952,167.2161502271873,1_trailing,Raman,Sodium Azide
1634.5872007816317,142.2064938403665,1_trailing,Raman,Sodium Azide
1636.2970200293112,129.11810637723337,1_trailing,Raman,Sodium Azide
1638.0068392769908,141.87892854033603,1_trailing,Raman,Sodium Azide
1639.7166585246703,148.590736849209,1_trailing,Raman,Sodium Azide
1641.42647777235,160.21345509925567,1_trailing,Raman,Sodium Azide
1643.1362970200294,138.3104771565545,1_trailing,Raman,Sodium Azide
1644.8461162677088,128.86754704685583,1_trailing,Raman,Sodium Azide
1646.5559355153885,152.70974810552377,1_trailing,Raman,Sodium Azide
1648.265754763068,131.44922497821506,1_trailing,Raman,Sodium Azide
1649.9755740107476,141.01727382027912,1_trailing,Raman,Sodium Azide
1651.685393258427,143.07050784303806,1_trailing,Raman,Sodium Azide
1653.3952125061066,145.2167984377775,1_trailing,Raman,Sodium Azide
1655.105031753786,152.96422372451005,1_trailing,Raman,Sodium Azide
1656.8148510014655,139.7966380151438,1_trailing,Raman,Sodium Azide
1658.5246702491452,144.12133521756024,1_trailing,Raman,Sodium Azide
1660.2344894968246,146.97016050452532,1_trailing,Raman,Sodium Azide
1661.9443087445043,148.88135895288755,1_trailing,Raman,Sodium Azide
1663.6541279921837,148.677009171114,1_trailing,Raman,Sodium Azide
1665.3639472398634,152.29917286044727,1_trailing,Raman,Sodium Azide
1667.0737664875428,156.60510826449863,1_trailing,Raman,Sodium Azide
1668.7835857352222,152.4824250035788,1_trailing,Raman,Sodium Azide
1670.493404982902,153.3853599676863,1_trailing,Raman,Sodium Azide
1672.2032242305813,133.71510176610036,1_trailing,Raman,Sodium Azide
1673.913043478261,150.0382856932807,1_trailing,Raman,Sodium Azide
1675.6228627259404,154.5562131976421,1_trailing,Raman,Sodium Azide
1677.33268197362,157.3097939479117,1_trailing,Raman,Sodium Azide
1679.0425012212995,143.6804512719267,1_trailing,Raman,Sodium Azide
1680.752320468979,144.30405641463238,1_trailing,Raman,Sodium Azide
1682.4621397166586,145.444541385227,1_trailing,Raman,Sodium Azide
1684.171958964338,156.64833688628266,1_trailing,Raman,Sodium Azide
1685.8817782120177,161.83719556241263,1_trailing,Raman,Sodium Azide
1687.5915974596971,148.0026911372926,1_trailing,Raman,Sodium Azide
1689.3014167073768,161.21798885860915,1_trailing,Raman,Sodium Azide
1691.0112359550562,153.8292362259213,1_trailing,Raman,Sodium Azide
1692.7210552027357,151.7070867973366,1_trailing,Raman,Sodium Azide
1694.4308744504153,151.1717229684116,1_trailing,Raman,Sodium Azide
1696.1406936980948,160.88118187610206,1_trailing,Raman,Sodium Azide
1697.8505129457744,157.0498564311512,1_trailing,Raman,Sodium Azide
1699.5603321934539,176.495962035152,1_trailing,Raman,Sodium Azide
1701.2701514411335,146.1138919737594,1_trailing,Raman,Sodium Azide
1702.979970688813,159.8704084568137,1_trailing,Raman,Sodium Azide
1704.6897899364924,149.90535094363872,1_trailing,Raman,Sodium Azide
1706.399609184172,146.87984859617887,1_trailing,Raman,Sodium Azide
1708.1094284318515,155.61445235515032,1_trailing,Raman,Sodium Azide
1709.8192476795311,157.3808514616302,1_trailing,Raman,Sodium Azide
1711.5290669272106,184.9787683022553,1_trailing,Raman,Sodium Azide
1713.2388861748902,154.85135562873091,1_trailing,Raman,Sodium Azide
1714.9487054225697,145.88183620333072,1_trailing,Raman,Sodium Azide
1716.658524670249,159.96330589773078,1_trailing,Raman,Sodium Azide
1718.3683439179288,137.2416731466001,1_trailing,Raman,Sodium Azide
1720.0781631656082,157.0097872053323,1_trailing,Raman,Sodium Azide
1721.7879824132879,158.38356021337054,1_trailing,Raman,Sodium Azide
1723.4978016609673,166.3375349861254,1_trailing,Raman,Sodium Azide
1725.207620908647,168.4089785010461,1_trailing,Raman,Sodium Azide
1726.9174401563264,154.2298898223541,1_trailing,Raman,Sodium Azide
1728.6272594040058,158.00860383041007,1_trailing,Raman,Sodium Azide
1730.3370786516855,152.28503285249096,1_trailing,Raman,Sodium Azide
1732.046897899365,149.05976646831252,1_trailing,Raman,Sodium Azide
1733.7567171470446,163.47550395344868,1_trailing,Raman,Sodium Azide
1735.466536394724,148.2550699194112,1_trailing,Raman,Sodium Azide
1737.1763556424037,157.0002706773177,1_trailing,Raman,Sodium Azide
1738.886174890083,151.62128827252067,1_trailing,Raman,Sodium Azide
1740.5959941377625,167.09718105898276,1_trailing,Raman,Sodium Azide
1742.3058133854422,179.70737526347776,1_trailing,Raman,Sodium Azide
1744.0156326331216,149.56872946020718,1_trailing,Raman,Sodium Azide
1745.7254518808013,144.47668953957253,1_trailing,Raman,Sodium Azide
1747.4352711284807,161.75212906560694,1_trailing,Raman,Sodium Azide
1749.1450903761604,163.4507983479078,1_trailing,Raman,Sodium Azide
1750.8549096238398,165.76182429068902,1_trailing,Raman,Sodium Azide
1752.5647288715193,159.55688273384428,1_trailing,Raman,Sodium Azide
1754.274548119199,162.28770111256796,1_trailing,Raman,Sodium Azide
1755.9843673668784,168.18290739410247,1_trailing,Raman,Sodium Azide
1757.694186614558,175.10644163719303,1_trailing,Raman,Sodium Azide
1759.4040058622375,146.03577902656906,1_trailing,Raman,Sodium Azide
1761.1138251099171,161.92018856956304,1_trailing,Raman,Sodium Azide
1762.8236443575965,167.95988570877117,1_trailing,Raman,Sodium Azide
1764.533463605276,157.18681807895433,1_trailing,Raman,Sodium Azide
1766.2432828529556,183.4927263319504,1_trailing,Raman,Sodium Azide
1767.953102100635,160.5944224819835,1_trailing,Raman,Sodium Azide
1769.6629213483147,166.74692185617783,1_trailing,Raman,Sodium Azide
1771.3727405959942,172.9311085050481,1_trailing,Raman,Sodium Azide
1773.0825598436738,162.0073002805871,1_trailing,Raman,Sodium Azide
1774.7923790913533,150.0042862748578,1_trailing,Raman,Sodium Azide
1776.5021983390327,164.24121125829416,1_trailing,Raman,Sodium Azide
1778.2120175867124,178.87266286650254,1_trailing,Raman,Sodium Azide
1779.9218368343918,165.79098359361018,1_trailing,Raman,Sodium Azide
1781.6316560820715,161.11654303224387,1_trailing,Raman,Sodium Azide
1783.341475329751,178.84002617779439,1_trailing,Raman,Sodium Azide
1785.0512945774306,166.82751573641735,1_trailing,Raman,Sodium Azide
1786.76111382511,165.3934910726803,1_trailing,Raman,Sodium Azide
1788.4709330727894,172.19211265262746,1_trailing,Raman,Sodium Azide
1790.180752320469,178.62502170752532,1_trailing,Raman,Sodium Azide
1791.8905715681485,194.7489223975479,1_trailing,Raman,Sodium Azide
1793.6003908158282,179.82368675236535,1_trailing,Raman,Sodium Azide
1795.3102100635076,183.4148909313941,1_trailing,Raman,Sodium Azide
1797.0200293111873,167.39791734816862,1_trailing,Raman,Sodium Azide
1798.7298485588667,162.62492088430017,1_trailing,Raman,Sodium Azide
1800.4396678065461,173.63100056701228,1_trailing,Raman,Sodium Azide
1802.1494870542258,174.39988806947707,1_trailing,Raman,Sodium Azide
1803.8593063019052,163.0951576907212,1_trailing,Raman,Sodium Azide
1805.569125549585,172.29713009456242,1_trailing,Raman,Sodium Azide
1807.2789447972643,178.25511705344692,1_trailing,Raman,Sodium Azide
1808.988764044944,178.20336989994283,1_trailing,Raman,Sodium Azide
1810.6985832926234,179.94576018057722,1_trailing,Raman,Sodium Azide
1812.4084025403029,178.18342765832327,1_trailing,Raman,Sodium Azide
1814.1182217879825,170.68479247875837,1_trailing,Raman,Sodium Azide
1815.828041035662,170.94859659518005,1_trailing,Raman,Sodium Azide
1817.5378602833416,164.5585880244614,1_trailing,Raman,Sodium Azide
1819.247679531021,194.1671008109902,1_trailing,Raman,Sodium Azide
1820.9574987787007,177.11914799008673,1_trailing,Raman,Sodium Azide
1822.6673180263801,175.11358187401515,1_trailing,Raman,Sodium Azide
1824.3771372740596,168.53949037157324,1_trailing,Raman,Sodium Azide
1826.0869565217392,206.79095217085612,1_trailing,Raman,Sodium Azide
1827.7967757694187,167.78821467919187,1_trailing,Raman,Sodium Azide
1829.5065950170983,174.44581019762896,1_trailing,Raman,Sodium Azide
1831.2164142647778,183.06813527760528,1_trailing,Raman,Sodium Azide
1832.9262335124574,185.2217943661272,1_trailing,Raman,Sodium Azide
1834.6360527601369,189.0566148394251,1_trailing,Raman,Sodium Azide
1836.3458720078163,197.7288557250079,1_trailing,Raman,Sodium Azide
1838.055691255496,185.2944499372693,1_trailing,Raman,Sodium Azide
1839.7655105031754,170.30198728777984,1_trailing,Raman,Sodium Azide
1841.475329750855,178.47876626898596,1_trailing,Raman,Sodium Azide
1843.1851489985345,184.35681511863896,1_trailing,Raman,Sodium Azide
1844.8949682462141,201.9766166407127,1_trailing,Raman,Sodium Azide
1846.6047874938936,168.29480865126567,1_trailing,Raman,Sodium Azide
1848.314606741573,194.15723849610146,1_trailing,Raman,Sodium Azide
1850.0244259892527,184.45050687655987,1_trailing,Raman,Sodium Azide
1851.734245236932,191.24399842646073,1_trailing,Raman,Sodium Azide
1853.4440644846118,182.36069082169044,1_trailing,Raman,Sodium Azide
1855.1538837322912,175.43409322782585,1_trailing,Raman,Sodium Azide
1856.8637029799709,191.40660373056656,1_trailing,Raman,Sodium Azide
1858.5735222276503,190.7995505273428,1_trailing,Raman,Sodium Azide
1860.2833414753297,194.2556607273968,1_trailing,Raman,Sodium Azide
1861.9931607230094,184.927110240084,1_trailing,Raman,Sodium Azide
1863.7029799706888,179.51234969930644,1_trailing,Raman,Sodium Azide
1865.4127992183685,170.4434288812163,1_trailing,Raman,Sodium Azide
1867.122618466048,194.1288451567348,1_trailing,Raman,Sodium Azide
1868.8324377137276,190.57945212739688,1_trailing,Raman,Sodium Azide
1870.542256961407,177.28535031835457,1_trailing,Raman,Sodium Azide
1872.2520762090865,181.818880697513,1_trailing,Raman,Sodium Azide
1873.9618954567661,182.865580375826,1_trailing,Raman,Sodium Azide
1875.6717147044455,173.23668968880617,1_trailing,Raman,Sodium Azide
1877.3815339521252,180.12733727635015,1_trailing,Raman,Sodium Azide
1879.0913531998046,177.3582651976311,1_trailing,Raman,Sodium Azide
1880.8011724474843,184.7694959017094,1_trailing,Raman,Sodium Azide
1882.5109916951637,181.92223610079796,1_trailing,Raman,Sodium Azide
1884.2208109428432,173.5500464402552,1_trailing,Raman,Sodium Azide
1885.9306301905228,209.69427578879572,1_trailing,Raman,Sodium Azide
1887.6404494382023,202.4830629919992,1_trailing,Raman,Sodium Azide
1889.350268685882,182.90416260875583,1_trailing,Raman,Sodium Azide
1891.0600879335614,193.55612047058742,1_trailing,Raman,Sodium Azide
1892.769907181241,195.32478084891972,1_trailing,Raman,Sodium Azide
1894.4797264289205,203.26138044079661,1_trailing,Raman,Sodium Azide
1896.1895456766,183.88831182077388,1_trailing,Raman,Sodium Azide
1897.8993649242796,202.98272525760441,1_trailing,Raman,Sodium Azide
1899.609184171959,187.2375865258728,1_trailing,Raman,Sodium Azide
1901.3190034196386,179.85316249743084,1_trailing,Raman,Sodium Azide
1903.028822667318,200.41332538367186,1_trailing,Raman,Sodium Azide
1904.7386419149975,206.3207165631053,1_trailing,Raman,Sodium Azide
1906.4484611626772,219.39640082227555,1_trailing,Raman,Sodium Azide
1908.1582804103566,182.58025763152062,1_trailing,Raman,Sodium Azide
1909.8680996580363,201.56845707312326,1_trailing,Raman,Sodium Azide
1911.5779189057157,191.02855797212953,1_trailing,Raman,Sodium Azide
1913.2877381533954,203.085131257661,1_trailing,Raman,Sodium Azide
1914.9975574010748,181.31981537541245,1_trailing,Raman,Sodium Azide
1916.7073766487542,183.70782950527484,1_trailing,Raman,Sodium Azide
1918.417195896434,188.83543555088505,1_trailing,Raman,Sodium Azide
1920.1270151441133,197.57363642339138,1_trailing,Raman,Sodium Azide
1921.836834391793,190.85931438638957,1_trailing,Raman,Sodium Azide
1923.5466536394724,203.96741189905276,1_trailing,Raman,Sodium Azide
1925.256472887152,207.92809750190008,1_trailing,Raman,Sodium Azide
1926.9662921348315,204.08697534436774,1_trailing,Raman,Sodium Azide
1928.676111382511,214.43955605367574,1_trailing,Raman,Sodium Azide
1930.3859306301906,202.98840505298247,1_trailing,Raman,Sodium Azide
1932.09574987787,187.330718879724,1_trailing,Raman,Sodium Azide
1933.8055691255497,212.99145915147577,1_trailing,Raman,Sodium Azide
1935.5153883732291,194.02942050603355,1_trailing,Raman,Sodium Azide
1937.2252076209088,209.26391547818437,1_trailing,Raman,Sodium Azide
1938.9350268685882,216.11631853321862,1_trailing,Raman,Sodium Azide
1940.6448461162677,205.51004172347825,1_trailing,Raman,Sodium Azide
1942.3546653639473,186.71316357012404,1_trailing,Raman,Sodium Azide
1944.0644846116268,192.72885853146406,1_trailing,Raman,Sodium Azide
1945.7743038593064,215.0723955593972,1_trailing,Raman,Sodium Azide
1947.4841231069859,200.7896080367189,1_trailing,Raman,Sodium Azide
1949.1939423546655,203.5856199382631,1_trailing,Raman,Sodium Azide
1950.903761602345,210.60656614039854,1_trailing,Raman,Sodium Azide
1952.6135808500244,210.34971604966398,1_trailing,Raman,Sodium Azide
1954.323400097704,206.60969125186074,1_trailing,Raman,Sodium Azide
1956.0332193453835,202.18367398580511,1_trailing,Raman,Sodium Azide
1957.7430385930631,201.5205756330391,1_trailing,Raman,Sodium Azide
1959.4528578407426,213.36390246791225,1_trailing,Raman,Sodium Azide
1961.1626770884222,210.7357894312797,1_trailing,Raman,Sodium Azide
1962.8724963361017,203.1377928948053,1_trailing,Raman,Sodium Azide
1964.582315583781,216.6387720836346,1_trailing,Raman,Sodium Azide
1966.2921348314608,205.1138651568469,1_trailing,Raman,Sodium Azide
1968.0019540791402,198.3826350750507,1_trailing,Raman,Sodium Azide
1969.7117733268199,199.65166975355467,1_trailing,Raman,Sodium Azide
1971.4215925744993,197.85512923226463,1_trailing,Raman,Sodium Azide
1973.131411822179,205.14584583182895,1_trailing,Raman,Sodium Azide
1974.8412310698584,220.28458291048952,1_trailing,Raman,Sodium Azide
1976.5510503175378,200.64038474134958,1_trailing,Raman,Sodium Azide
1978.2608695652175,210.75045160724434,1_trailing,Raman,Sodium Azide
1979.970688812897,202.8190690266307,1_trailing,Raman,Sodium Azide
1981.6805080605766,207.08009890871753,1_trailing,Raman,Sodium Azide
1983.390327308256,195.17971061768998,1_trailing,Raman,Sodium Azide
1985.1001465559357,208.19472561917902,1_trailing,Raman,Sodium Azide
1986.8099658036151,208.8106761590827,1_trailing,Raman,Sodium Azide
1988.5197850512945,216.37562983729725,1_trailing,Raman,Sodium Azide
1990.2296042989742,213.62843256011402,1_trailing,Raman,Sodium Azide
1991.9394235466536,200.05251449912535,1_trailing,Raman,Sodium Azide
1993.6492427943333,222.8033099922943,1_trailing,Raman,Sodium Azide
1995.3590620420127,214.60283771905517,1_trailing,Raman,Sodium Azide
1997.0688812896924,214.84052055648408,1_trailing,Raman,Sodium Azide
1998.7787005373718,213.1686286544178,1_trailing,Raman,Sodium Azide
2000.4885197850513,208.5536310407633,1_trailing,Raman,Sodium Azide
2002.198339032731,216.12645388543396,1_trailing,Raman,Sodium Azide
2003.9081582804104,219.02165189576556,1_trailing,Raman,Sodium Azide
2005.61797752809,197.58063793165513,1_trailing,Raman,Sodium Azide
2007.3277967757695,209.80132595709918,1_trailing,Raman,Sodium Azide
2009.0376160234491,212.9628467486328,1_trailing,Raman,Sodium Azide
2010.7474352711286,218.33499425203232,1_trailing,Raman,Sodium Azide
2012.457254518808,227.89760946996296,1_trailing,Raman,Sodium Azide
2014.1670737664876,208.98409486834777,1_trailing,Raman,Sodium Azide
2015.876893014167,212.03840225191462,1_trailing,Raman,Sodium Azide
2017.5867122618467,212.2637065939149,1_trailing,Raman,Sodium Azide
2019.2965315095262,209.80668984527802,1_trailing,Raman,Sodium Azide
2021.0063507572058,214.62361815055996,1_trailing,Raman,Sodium Azide
2022.7161700048853,225.96259948608676,1_trailing,Raman,Sodium Azide
2024.4259892525647,208.42870869580622,1_trailing,Raman,Sodium Azide
2026.1358085002444,223.3365747795565,1_trailing,Raman,Sodium Azide
2027.8456277479238,202.80986057745338,1_trailing,Raman,Sodium Azide
2029.5554469956035,214.38160340744759,1_trailing,Raman,Sodium Azide
2031.265266243283,217.01730038645942,1_trailing,Raman,Sodium Azide
2032.9750854909626,237.0651631436238,1_trailing,Raman,Sodium Azide
2034.684904738642,218.2964028190936,1_trailing,Raman,Sodium Azide
2036.3947239863214,199.7657984991297,1_trailing,Raman,Sodium Azide
2038.104543234001,202.12334721493147,1_trailing,Raman,Sodium Azide
2039.8143624816805,222.45278488313303,1_trailing,Raman,Sodium Azide
2041.5241817293602,228.5038938472063,1_trailing,Raman,Sodium Azide
2043.2340009770396,226.53850984221592,1_trailing,Raman,Sodium Azide
2044.9438202247193,224.87201135740227,1_trailing,Raman,Sodium Azide
2046.6536394723987,235.00554827799056,1_trailing,Raman,Sodium Azide
2048.363458720078,218.68082128998722,1_trailing,Raman,Sodium Azide
2050.073277967758,233.13044111331055,1_trailing,Raman,Sodium Azide
2051.7830972154375,208.71066910533665,1_trailing,Raman,Sodium Azide
2053.4929164631167,216.21953194462472,1_trailing,Raman,Sodium Azide
2055.2027357107963,207.7433090425256,1_trailing,Raman,Sodium Azide
2056.912554958476,223.15275943602833,1_trailing,Raman,Sodium Azide
2058.622374206155,225.7714218032414,1_trailing,Raman,Sodium Azide
2060.332193453835,227.73100531379882,1_trailing,Raman,Sodium Azide
2062.0420127015145,227.58504822795118,1_trailing,Raman,Sodium Azide
2063.751831949194,218.25337248879242,1_trailing,Raman,Sodium Azide
2065.4616511968734,225.86495058498923,1_trailing,Raman,Sodium Azide
2067.171470444553,213.41593431291716,1_trailing,Raman,Sodium Azide
2068.8812896922327,241.86267311260073,1_trailing,Raman,Sodium Azide
2070.591108939912,225.88538702329527,1_trailing,Raman,Sodium Azide
2072.3009281875916,224.44589091044773,1_trailing,Raman,Sodium Azide
2074.0107474352712,245.21221486770241,1_trailing,Raman,Sodium Azide
2075.720566682951,217.81138912436214,1_trailing,Raman,Sodium Azide
2077.43038593063,219.33527766276592,1_trailing,Raman,Sodium Azide
2079.1402051783098,220.00295930809304,1_trailing,Raman,Sodium Azide
2080.8500244259894,230.47301169603227,1_trailing,Raman,Sodium Azide
2082.5598436736686,235.7543160955269,1_trailing,Raman,Sodium Azide
2084.2696629213483,239.15732674482993,1_trailing,Raman,Sodium Azide
2085.979482169028,257.5169153740293,1_trailing,Raman,Sodium Azide
2087.6893014167076,210.5899418100431,1_trailing,Raman,Sodium Azide
2089.399120664387,239.01582435868136,1_trailing,Raman,Sodium Azide
2091.1089399120665,227.95801246745125,1_trailing,Raman,Sodium Azide
2092.818759159746,228.05270320355288,1_trailing,Raman,Sodium Azide
2094.5285784074254,228.10774770541337,1_trailing,Raman,Sodium Azide
2096.238397655105,225.65474773335072,1_trailing,Raman,Sodium Azide
2097.9482169027847,251.48324091919838,1_trailing,Raman,Sodium Azide
2099.6580361504643,243.6025480847041,1_trailing,Raman,Sodium Azide
2101.3678553981435,235.94908254628115,1_trailing,Raman,Sodium Azide
2103.077674645823,249.36161716697154,1_trailing,Raman,Sodium Azide
2104.787493893503,221.64860495721422,1_trailing,Raman,Sodium Azide
2106.497313141182,223.81719998442958,1_trailing,Raman,Sodium Azide
2108.2071323888617,215.88866443482817,1_trailing,Raman,Sodium Azide
2109.9169516365414,230.78145169576445,1_trailing,Raman,Sodium Azide
2111.626770884221,239.61620070934347,1_trailing,Raman,Sodium Azide
2113.3365901319003,239.42464122379025,1_trailing,Raman,Sodium Azide
2115.04640937958,240.26683094483806,1_trailing,Raman,Sodium Azide
2116.7562286272596,225.34253296169226,1_trailing,Raman,Sodium Azide
2118.466047874939,247.45519560238813,1_trailing,Raman,Sodium Azide
2120.1758671226185,242.3228710727015,1_trailing,Raman,Sodium Azide
2121.885686370298,247.54173955598284,1_trailing,Raman,Sodium Azide
2123.595505617978,222.16476391171625,1_trailing,Raman,Sodium Azide
2125.305324865657,244.18096241060144,1_trailing,Raman,Sodium Azide
2127.0151441133366,229.85847304723737,1_trailing,Raman,Sodium Azide
2128.7249633610163,238.00291791054096,1_trailing,Raman,Sodium Azide
2130.4347826086955,247.53358893321277,1_trailing,Raman,Sodium Azide
2132.144601856375,243.5734076718287,1_trailing,Raman,Sodium Azide
2133.854421104055,234.71377322200772,1_trailing,Raman,Sodium Azide
2135.5642403517345,243.5205163418068,1_trailing,Raman,Sodium Azide
2137.2740595994137,228.82162356150752,1_trailing,Raman,Sodium Azide
2138.9838788470934,255.52606016794888,1_trailing,Raman,Sodium Azide
2140.693698094773,242.62610665824394,1_trailing,Raman,Sodium Azide
2142.4035173424522,256.0067168348737,1_trailing,Raman,Sodium Azide
2144.113336590132,240.2565044053589,1_trailing,Raman,Sodium Azide
2145.8231558378116,240.66722165328844,1_trailing,Raman,Sodium Azide
2147.532975085491,238.69836571517845,1_trailing,Raman,Sodium Azide
2149.2427943331704,255.18600029675193,1_trailing,Raman,Sodium Azide
2150.95261358085,240.0206238876393,1_trailing,Raman,Sodium Azide
2152.6624328285297,253.69935970417157,1_trailing,Raman,Sodium Azide
2154.372252076209,244.01519728722621,1_trailing,Raman,Sodium Azide
2156.0820713238886,228.77318578867317,1_trailing,Raman,Sodium Azide
2157.7918905715683,242.95938243171446,1_trailing,Raman,Sodium Azide
2159.501709819248,237.38008130751308,1_trailing,Raman,Sodium Azide
2161.211529066927,249.67672697930223,1_trailing,Raman,Sodium Azide
2162.921348314607,238.05857651307252,1_trailing,Raman,Sodium Azide
2164.6311675622865,259.21977311622413,1_trailing,Raman,Sodium Azide
2166.3409868099657,249.63588702221176,1_trailing,Raman,Sodium Azide
2168.0508060576453,249.18272413073748,1_trailing,Raman,Sodium Azide
2169.760625305325,257.7570366068989,1_trailing,Raman,Sodium Azide
2171.4704445530047,261.17569315592135,1_trailing,Raman,Sodium Azide
2173.180263800684,251.91729828619393,1_trailing,Raman,Sodium Azide
2174.8900830483635,244.94448179175572,1_trailing,Raman,Sodium Azide
2176.599902296043,235.50260206296116,1_trailing,Raman,Sodium Azide
2178.3097215437224,246.5749720719022,1_trailing,Raman,Sodium Azide
2180.019540791402,247.6483720526772,1_trailing,Raman,Sodium Azide
2181.7293600390817,255.16321488214885,1_trailing,Raman,Sodium Azide
2183.4391792867614,251.11475330434484,1_trailing,Raman,Sodium Azide
2185.1489985344406,261.6502801584352,1_trailing,Raman,Sodium Azide
2186.8588177821202,249.2948434306227,1_trailing,Raman,Sodium Azide
2188.5686370298,255.1392977122815,1_trailing,Raman,Sodium Azide
2190.278456277479,267.7161643449307,1_trailing,Raman,Sodium Azide
2191.9882755251588,259.8529799971717,1_trailing,Raman,Sodium Azide
2193.6980947728384,256.31034649840836,1_trailing,Raman,Sodium Azide
2195.407914020518,251.39390584729566,1_trailing,Raman,Sodium Azide
2197.1177332681973,251.4880037164192,1_trailing,Raman,Sodium Azide
2198.827552515877,249.75644231052746,1_trailing,Raman,Sodium Azide
2200.5373717635566,253.19602590940175,1_trailing,Raman,Sodium Azide
2202.247191011236,266.32106151924586,1_trailing,Raman,Sodium Azide
2203.9570102589155,257.13159246259437,1_trailing,Raman,Sodium Azide
2205.666829506595,246.47738422098467,1_trailing,Raman,Sodium Azide
2207.376648754275,277.46373773531434,1_trailing,Raman,Sodium Azide
2209.086468001954,263.65716664208344,1_trailing,Raman,Sodium Azide
2210.7962872496337,247.11624677761264,1_trailing,Raman,Sodium Azide
2212.5061064973133,256.9896959068017,1_trailing,Raman,Sodium Azide
2214.2159257449925,262.8173705242742,1_trailing,Raman,Sodium Azide
2215.925744992672,278.85940646944897,1_trailing,Raman,Sodium Azide
2217.635564240352,251.67585669615738,1_trailing,Raman,Sodium Azide
2219.3453834880315,272.5308102558148,1_trailing,Raman,Sodium Azide
2221.0552027357107,277.0811388876951,1_trailing,Raman,Sodium Azide
2222.7650219833904,257.58670213748707,1_trailing,Raman,Sodium Azide
2224.47484123107,261.4381953474842,1_trailing,Raman,Sodium Azide
2226.1846604787493,254.4092552785145,1_trailing,Raman,Sodium Azide
2227.894479726429,262.97790836329386,1_trailing,Raman,Sodium Azide
2229.6042989741086,265.02227776909024,1_trailing,Raman,Sodium Azide
2231.3141182217882,272.2611503651353,1_trailing,Raman,Sodium Azide
2233.0239374694675,276.89321106205693,1_trailing,Raman,Sodium Azide
2234.733756717147,259.2638876032523,1_trailing,Raman,Sodium Azide
2236.443575964827,247.70902855555812,1_trailing,Raman,Sodium Azide
2238.153395212506,267.2126406752523,1_trailing,Raman,Sodium Azide
2239.8632144601856,270.7101951640151,1_trailing,Raman,Sodium Azide
2241.5730337078653,270.6864977731886,1_trailing,Raman,Sodium Azide
2243.282852955545,265.44338817114544,1_trailing,Raman,Sodium Azide
2244.992672203224,270.2826274781829,1_trailing,Raman,Sodium Azide
2246.702491450904,284.3383132654618,1_trailing,Raman,Sodium Azide
2248.4123106985835,273.6247508503713,1_trailing,Raman,Sodium Azide
2250.1221299462627,266.62642018259083,1_trailing,Raman,Sodium Azide
2251.8319491939424,265.79304714294597,1_trailing,Raman,Sodium Azide
2253.541768441622,269.44580692861115,1_trailing,Raman,Sodium Azide
2255.2515876893017,287.58388047997795,1_trailing,Raman,Sodium Azide
2256.961406936981,270.1375783960659,1_trailing,Raman,Sodium Azide
2258.6712261846606,272.1542425017624,1_trailing,Raman,Sodium Azide
2260.38104543234,268.0386273751208,1_trailing,Raman,Sodium Azide
2262.0908646800194,283.957341771828,1_trailing,Raman,Sodium Azide
2263.800683927699,292.81734872004995,1_trailing,Raman,Sodium Azide
2265.5105031753787,278.4223537998756,1_trailing,Raman,Sodium Azide
2267.2203224230584,275.23698360336675,1_trailing,Raman,Sodium Azide
2268.9301416707376,275.1899333648587,1_trailing,Raman,Sodium Azide
2270.6399609184173,251.84861057439207,1_trailing,Raman,Sodium Azide
2272.349780166097,282.9698226993983,1_trailing,Raman,Sodium Azide
2274.059599413776,277.3899590159116,1_trailing,Raman,Sodium Azide
2275.769418661456,280.6918796427219,1_trailing,Raman,Sodium Azide
2277.4792379091355,269.9338367821579,1_trailing,Raman,Sodium Azide
2279.189057156815,273.5485084677262,1_trailing,Raman,Sodium Azide
2280.8988764044943,273.70421449481796,1_trailing,Raman,Sodium Azide
2282.608695652174,288.1781264982333,1_trailing,Raman,Sodium Azide
2284.3185148998537,274.8745242675055,1_trailing,Raman,Sodium Azide
2286.028334147533,299.423421045052,1_trailing,Raman,Sodium Azide
2287.7381533952125,283.6335473199431,1_trailing,Raman,Sodium Azide
2289.447972642892,267.30680418229986,1_trailing,Raman,Sodium Azide
2291.157791890572,278.9808256712039,1_trailing,Raman,Sodium Azide
2292.867611138251,274.26644139314897,1_trailing,Raman,Sodium Azide
2294.5774303859307,259.548218643619,1_trailing,Raman,Sodium Azide
2296.2872496336104,297.19288535898977,1_trailing,Raman,Sodium Azide
2297.9970688812896,288.8175870300704,1_trailing,Raman,Sodium Azide
2299.7068881289692,287.5700039584226,1_trailing,Raman,Sodium Azide
2301.416707376649,284.3812391815462,1_trailing,Raman,Sodium Azide
2303.1265266243286,269.618325463141,1_trailing,Raman,Sodium Azide
2304.8363458720078,278.85423756770126,1_trailing,Raman,Sodium Azide
2306.5461651196874,292.2801808055565,1_trailing,Raman,Sodium Azide
2308.255984367367,274.1273616690465,1_trailing,Raman,Sodium Azide
2309.9658036150463,260.0218479744142,1_trailing,Raman,Sodium Azide
2311.675622862726,283.05732494912576,1_trailing,Raman,Sodium Azide
2313.3854421104056,284.3170959071741,1_trailing,Raman,Sodium Azide
2315.0952613580853,287.4608223081899,1_trailing,Raman,Sodium Azide
2316.8050806057645,293.7018787743207,1_trailing,Raman,Sodium Azide
2318.514899853444,293.2331030890624,1_trailing,Raman,Sodium Azide
2320.224719101124,289.9395244662506,1_trailing,Raman,Sodium Azide
2321.934538348803,299.5549616559544,1_trailing,Raman,Sodium Azide
2323.6443575964827,273.3443548754038,1_trailing,Raman,Sodium Azide
2325.3541768441623,293.6240498819807,1_trailing,Raman,Sodium Azide
2327.063996091842,295.245520094661,1_trailing,Raman,Sodium Azide
2328.773815339521,277.36039494343413,1_trailing,Raman,Sodium Azide
2330.483634587201,275.20225343826735,1_trailing,Raman,Sodium Azide
2332.1934538348805,283.06503427698993,1_trailing,Raman,Sodium Azide
2333.9032730825597,284.3092541130381,1_trailing,Raman,Sodium Azide
2335.6130923302394,298.61930379017537,1_trailing,Raman,Sodium Azide
2337.322911577919,285.63353641630744,1_trailing,Raman,Sodium Azide
2339.0327308255987,283.6779018847309,1_trailing,Raman,Sodium Azide
2340.742550073278,286.5063804242765,1_trailing,Raman,Sodium Azide
2342.4523693209576,303.9114682121343,1_trailing,Raman,Sodium Azide
2344.1621885686372,293.4913297099411,1_trailing,Raman,Sodium Azide
2345.8720078163165,292.0327913775609,1_trailing,Raman,Sodium Azide
2347.581827063996,293.14080707911864,1_trailing,Raman,Sodium Azide
2349.291646311676,307.3268286719451,1_trailing,Raman,Sodium Azide
2351.0014655593554,287.72736694649643,1_trailing,Raman,Sodium Azide
2352.7112848070346,308.4156138223531,1_trailing,Raman,Sodium Azide
2354.4211040547143,298.0030107732516,1_trailing,Raman,Sodium Azide
2356.130923302394,294.7937065177263,1_trailing,Raman,Sodium Azide
2357.840742550073,321.3371479941318,1_trailing,Raman,Sodium Azide
2359.550561797753,286.87097775735594,1_trailing,Raman,Sodium Azide
2361.2603810454325,294.1896541146987,1_trailing,Raman,Sodium Azide
2362.970200293112,285.9987502353451,1_trailing,Raman,Sodium Azide
2364.6800195407914,307.86872101426843,1_trailing,Raman,Sodium Azide
2366.389838788471,315.529531025273,1_trailing,Raman,Sodium Azide
2368.0996580361507,315.77281454238664,1_trailing,Raman,Sodium Azide
2369.80947728383,311.8295333244962,1_trailing,Raman,Sodium Azide
2371.5192965315096,298.3139800328825,1_trailing,Raman,Sodium Azide
2373.229115779189,297.1125409506357,1_trailing,Raman,Sodium Azide
2374.938935026869,284.72228152246174,1_trailing,Raman,Sodium Azide
2376.648754274548,321.5298449460955,1_trailing,Raman,Sodium Azide
2378.3585735222277,306.5895934895763,1_trailing,Raman,Sodium Azide
2380.0683927699074,297.5953661596922,1_trailing,Raman,Sodium Azide
2381.7782120175866,315.8882471982226,1_trailing,Raman,Sodium Azide
2383.4880312652663,293.7476180312828,1_trailing,Raman,Sodium Azide
2385.197850512946,307.71766924335526,1_trailing,Raman,Sodium Azide
2386.9076697606256,302.4697903566073,1_trailing,Raman,Sodium Azide
2388.617489008305,310.8664367710548,1_trailing,Raman,Sodium Azide
2390.3273082559845,304.42230582706003,1_trailing,Raman,Sodium Azide
2392.037127503664,291.2362188261921,1_trailing,Raman,Sodium Azide
2393.7469467513433,306.65135758294275,1_trailing,Raman,Sodium Azide
2395.456765999023,316.63862328016,1_trailing,Raman,Sodium Azide
2397.1665852467027,306.4980820350245,1_trailing,Raman,Sodium Azide
2398.8764044943823,314.8281661362355,1_trailing,Raman,Sodium Azide
2400.5862237420615,297.4021772742077,1_trailing,Raman,Sodium Azide
2402.296042989741,307.8618593625386,1_trailing,Raman,Sodium Azide
2404.005862237421,302.410690093222,1_trailing,Raman,Sodium Azide
2405.7156814851,316.3070211344204,1_trailing,Raman,Sodium Azide
2407.4255007327797,309.726116155188,1_trailing,Raman,Sodium Azide
2409.1353199804594,316.6279745965117,1_trailing,Raman,Sodium Azide
2410.845139228139,320.9797376143724,1_trailing,Raman,Sodium Azide
2412.5549584758182,317.53371183679394,1_trailing,Raman,Sodium Azide
2414.264777723498,313.87812726953194,1_trailing,Raman,Sodium Azide
2415.9745969711776,301.82484287188953,1_trailing,Raman,Sodium Azide
2417.6844162188568,312.0333921563592,1_trailing,Raman,Sodium Azide
2419.3942354665364,307.271717284002,1_trailing,Raman,Sodium Azide
2421.104054714216,309.56846071641985,1_trailing,Raman,Sodium Azide
2422.8138739618958,309.7118055009626,1_trailing,Raman,Sodium Azide
2424.523693209575,304.22430937404255,1_trailing,Raman,Sodium Azide
2426.2335124572546,295.06683283686414,1_trailing,Raman,Sodium Azide
2427.9433317049343,308.1597349978041,1_trailing,Raman,Sodium Azide
2429.6531509526135,317.05660218530846,1_trailing,Raman,Sodium Azide
2431.362970200293,302.3746612204663,1_trailing,Raman,Sodium Azide
2433.072789447973,316.2011045175891,1_trailing,Raman,Sodium Azide
2434.7826086956525,335.1372562912221,1_trailing,Raman,Sodium Azide
2436.4924279433317,326.9748321723911,1_trailing,Raman,Sodium Azide
2438.2022471910113,333.50818983110497,1_trailing,Raman,Sodium Azide
2439.912066438691,321.6648936714993,1_trailing,Raman,Sodium Azide
2441.62188568637,329.7285444543141,1_trailing,Raman,Sodium Azide
2443.33170493405,311.6153781823706,1_trailing,Raman,Sodium Azide
2445.0415241817295,312.84303756638775,1_trailing,Raman,Sodium Azide
2446.751343429409,292.74545809388064,1_trailing,Raman,Sodium Azide
2448.4611626770884,331.6975451460263,1_trailing,Raman,Sodium Azide
2450.170981924768,335.6200784017847,1_trailing,Raman,Sodium Azide
2451.8808011724477,315.52617907924986,1_trailing,Raman,Sodium Azide
2453.590620420127,318.92013606254403,1_trailing,Raman,Sodium Azide
2455.3004396678066,314.45324713130765,1_trailing,Raman,Sodium Azide
2457.0102589154862,326.0533576895628,1_trailing,Raman,Sodium Azide
2458.720078163166,333.7855124512434,1_trailing,Raman,Sodium Azide
2460.429897410845,306.0966570123105,1_trailing,Raman,Sodium Azide
2462.139716658525,327.6637486823768,1_trailing,Raman,Sodium Azide
2463.8495359062044,321.38141975349015,1_trailing,Raman,Sodium Azide
2465.5593551538836,325.65889567115903,1_trailing,Raman,Sodium Azide
2467.2691744015633,329.50037610676173,1_trailing,Raman,Sodium Azide
2468.978993649243,323.6008088720806,1_trailing,Raman,Sodium Azide
2470.6888128969226,324.8821269195477,1_trailing,Raman,Sodium Azide
2472.398632144602,324.2513514020261,1_trailing,Raman,Sodium Azide
2474.1084513922815,336.3223818386576,1_trailing,Raman,Sodium Azide
2475.818270639961,331.3624900678419,1_trailing,Raman,Sodium Azide
2477.5280898876404,329.8702895408289,1_trailing,Raman,Sodium Azide
2479.23790913532,315.68790560169083,1_trailing,Raman,Sodium Azide
2480.9477283829997,324.89684036395056,1_trailing,Raman,Sodium Azide
2482.6575476306793,337.8825174119085,1_trailing,Raman,Sodium Azide
2484.3673668783586,329.8981802219626,1_trailing,Raman,Sodium Azide
2486.077186126038,336.44352993505254,1_trailing,Raman,Sodium Azide
2487.787005373718,347.7594611048463,1_trailing,Raman,Sodium Azide
2489.496824621397,341.08171907424025,1_trailing,Raman,Sodium Azide
2491.2066438690767,332.26975740229,1_trailing,Raman,Sodium Azide
2492.9164631167564,326.7869614316443,1_trailing,Raman,Sodium Azide
2494.626282364436,307.19070479750894,1_trailing,Raman,Sodium Azide
2496.3361016121153,331.0498007766477,1_trailing,Raman,Sodium Azide
2498.045920859795,329.9592158407746,1_trailing,Raman,Sodium Azide
2499.7557401074746,337.44473252102284,1_trailing,Raman,Sodium Azide
2501.465559355154,332.5610052864763,1_trailing,Raman,Sodium Azide
2503.1753786028335,331.3844986907348,1_trailing,Raman,Sodium Azide
2504.885197850513,317.52590163673597,1_trailing,Raman,Sodium Azide
2506.595017098193,326.2200636564252,1_trailing,Raman,Sodium Azide
2508.304836345872,340.57793070730145,1_trailing,Raman,Sodium Azide
2510.0146555935517,353.195823366187,1_trailing,Raman,Sodium Azide
2511.7244748412313,335.86089901802603,1_trailing,Raman,Sodium Azide
2513.4342940889105,340.49319501863465,1_trailing,Raman,Sodium Azide
2515.14411333659,347.0816445663201,1_trailing,Raman,Sodium Azide
2516.85393258427,330.2388573706884,1_trailing,Raman,Sodium Azide
2518.5637518319495,342.25439410732497,1_trailing,Raman,Sodium Azide
2520.2735710796287,331.8496001802134,1_trailing,Raman,Sodium Azide
2521.9833903273084,348.07145674202013,1_trailing,Raman,Sodium Azide
2523.693209574988,341.5320831178222,1_trailing,Raman,Sodium Azide
2525.4030288226672,343.425994211769,1_trailing,Raman,Sodium Azide
2527.112848070347,333.2800526386744,1_trailing,Raman,Sodium Azide
2528.8226673180266,348.3580660501223,1_trailing,Raman,Sodium Azide
2530.532486565706,362.33792945525073,1_trailing,Raman,Sodium Azide
2532.2423058133854,332.45526731487485,1_trailing,Raman,Sodium Azide
2533.952125061065,339.47383566108175,1_trailing,Raman,Sodium Azide
2535.6619443087448,345.5430457181287,1_trailing,Raman,Sodium Azide
2537.371763556424,351.45000468679956,1_trailing,Raman,Sodium Azide
2539.0815828041036,338.707018376641,1_trailing,Raman,Sodium Azide
2540.7914020517833,316.86336305916114,1_trailing,Raman,Sodium Azide
2542.501221299463,358.46180003536045,1_trailing,Raman,Sodium Azide
2544.211040547142,353.051989485441,1_trailing,Raman,Sodium Azide
2545.920859794822,328.95279864954125,1_trailing,Raman,Sodium Azide
2547.6306790425015,340.55830923633073,1_trailing,Raman,Sodium Azide
2549.3404982901807,362.38231435414934,1_trailing,Raman,Sodium Azide
2551.0503175378603,361.6568287884458,1_trailing,Raman,Sodium Azide
2552.76013678554,357.1270228794601,1_trailing,Raman,Sodium Azide
2554.4699560332197,346.65539322203637,1_trailing,Raman,Sodium Azide
2556.179775280899,349.66437733764445,1_trailing,Raman,Sodium Azide
2557.8895945285785,348.0324479809888,1_trailing,Raman,Sodium Azide
2559.599413776258,360.8547473612254,1_trailing,Raman,Sodium Azide
2561.3092330239374,341.65822335599876,1_trailing,Raman,Sodium Azide
2563.019052271617,342.81342006783007,1_trailing,Raman,Sodium Azide
2564.7288715192967,361.10106961678156,1_trailing,Raman,Sodium Azide
2566.4386907669764,351.2214915421616,1_trailing,Raman,Sodium Azide
2568.1485100146556,365.65122376217437,1_trailing,Raman,Sodium Azide
2569.8583292623352,346.00591449618867,1_trailing,Raman,Sodium Azide
2571.568148510015,352.52683096933146,1_trailing,Raman,Sodium Azide
2573.277967757694,344.48336879908163,1_trailing,Raman,Sodium Azide
2574.987787005374,354.07649059702834,1_trailing,Raman,Sodium Azide
2576.6976062530534,339.977110779849,1_trailing,Raman,Sodium Azide
2578.407425500733,350.1607446827649,1_trailing,Raman,Sodium Azide
2580.1172447484123,341.32389544454907,1_trailing,Raman,Sodium Azide
2581.827063996092,362.69666021832967,1_trailing,Raman,Sodium Azide
2583.5368832437716,363.39074357058394,1_trailing,Raman,Sodium Azide
2585.246702491451,339.8541145195185,1_trailing,Raman,Sodium Azide
2586.9565217391305,370.3919860805996,1_trailing,Raman,Sodium Azide
2588.66634098681,382.2812089270115,1_trailing,Raman,Sodium Azide
2590.37616023449,358.7008067375563,1_trailing,Raman,Sodium Azide
2592.085979482169,352.43199200117533,1_trailing,Raman,Sodium Azide
2593.7957987298487,386.9086513441985,1_trailing,Raman,Sodium Azide
2595.5056179775283,346.7282811322556,1_trailing,Raman,Sodium Azide
2597.2154372252076,360.341527092199,1_trailing,Raman,Sodium Azide
2598.925256472887,362.38119725165734,1_trailing,Raman,Sodium Azide
2600.635075720567,374.2921912052078,1_trailing,Raman,Sodium Azide
2602.3448949682465,365.09843526879246,1_trailing,Raman,Sodium Azide
2604.0547142159257,357.1514725039288,1_trailing,Raman,Sodium Azide
2605.7645334636054,353.1867699362292,1_trailing,Raman,Sodium Azide
2607.474352711285,359.64191867966287,1_trailing,Raman,Sodium Azide
2609.1841719589643,353.5922408667676,1_trailing,Raman,Sodium Azide
2610.893991206644,364.4182025871883,1_trailing,Raman,Sodium Azide
2612.6038104543236,358.8900125414358,1_trailing,Raman,Sodium Azide
2614.3136297020033,350.2436694406597,1_trailing,Raman,Sodium Azide
2616.0234489496825,377.6964014078818,1_trailing,Raman,Sodium Azide
2617.733268197362,360.97559821720296,1_trailing,Raman,Sodium Azide
2619.443087445042,353.8940098619417,1_trailing,Raman,Sodium Azide
2621.152906692721,365.1646142553132,1_trailing,Raman,Sodium Azide
2622.8627259404007,367.9753124501491,1_trailing,Raman,Sodium Azide
2624.5725451880803,350.64721587428926,1_trailing,Raman,Sodium Azide
2626.2823644357595,371.50726062887264,1_trailing,Raman,Sodium Azide
2627.992183683439,358.46816498552835,1_trailing,Raman,Sodium Azide
2629.702002931119,386.0017317579712,1_trailing,Raman,Sodium Azide
2631.4118221787985,374.83459242552493,1_trailing,Raman,Sodium Azide
2633.1216414264777,366.2503723290416,1_trailing,Raman,Sodium Azide
2634.8314606741574,363.3436427303138,1_trailing,Raman,Sodium Azide
2636.541279921837,370.10668083900913,1_trailing,Raman,Sodium Azide
2638.2510991695162,377.6310377356236,1_trailing,Raman,Sodium Azide
2639.960918417196,371.8501482204874,1_trailing,Raman,Sodium Azide
2641.6707376648756,370.4518287272878,1_trailing,Raman,Sodium Azide
2643.380556912555,373.6479482075524,1_trailing,Raman,Sodium Azide
2645.0903761602344,367.62305273125344,1_trailing,Raman,Sodium Azide
2646.800195407914,370.66383204400563,1_trailing,Raman,Sodium Azide
2648.5100146555937,354.0490463957175,1_trailing,Raman,Sodium Azide
2650.219833903273,384.5530477722495,1_trailing,Raman,Sodium Azide
2651.9296531509526,378.41479636747806,1_trailing,Raman,Sodium Azide
2653.6394723986323,368.3782846391788,1_trailing,Raman,Sodium Azide
2655.349291646312,395.08274468364806,1_trailing,Raman,Sodium Azide
2657.059110893991,377.8011946624147,1_trailing,Raman,Sodium Azide
2658.768930141671,367.25612385458277,1_trailing,Raman,Sodium Azide
2660.4787493893505,386.3148974603293,1_trailing,Raman,Sodium Azide
2662.1885686370297,382.3002695963328,1_trailing,Raman,Sodium Azide
2663.8983878847093,382.75260302193175,1_trailing,Raman,Sodium Azide
2665.608207132389,375.1901091027443,1_trailing,Raman,Sodium Azide
2667.3180263800687,384.2749156337747,1_trailing,Raman,Sodium Azide
2669.027845627748,377.7735477996694,1_trailing,Raman,Sodium Azide
2670.7376648754275,386.28446823757093,1_trailing,Raman,Sodium Azide
2672.447484123107,362.6260694175639,1_trailing,Raman,Sodium Azide
2674.1573033707864,377.5485230360535,1_trailing,Raman,Sodium Azide
2675.867122618466,399.1921238808468,1_trailing,Raman,Sodium Azide
2677.5769418661457,375.2566216946507,1_trailing,Raman,Sodium Azide
2679.2867611138254,377.3474088179456,1_trailing,Raman,Sodium Azide
2680.9965803615046,379.36636820114927,1_trailing,Raman,Sodium Azide
2682.7063996091842,372.33185207364755,1_trailing,Raman,Sodium Azide
2684.416218856864,363.0739459803719,1_trailing,Raman,Sodium Azide
2686.126038104543,382.9695979214517,1_trailing,Raman,Sodium Azide
2687.835857352223,387.05591805931044,1_trailing,Raman,Sodium Azide
2689.5456765999024,385.70872649686396,1_trailing,Raman,Sodium Azide
2691.255495847582,385.28371535843195,1_trailing,Raman,Sodium Azide
2692.9653150952613,387.6192635418605,1_trailing,Raman,Sodium Azide
2694.675134342941,397.7250981641908,1_trailing,Raman,Sodium Azide
2696.3849535906206,386.3125633290094,1_trailing,Raman,Sodium Azide
2698.0947728383,383.04091685787006,1_trailing,Raman,Sodium Azide
2699.8045920859795,386.408348816524,1_trailing,Raman,Sodium Azide
2701.514411333659,395.3445776563867,1_trailing,Raman,Sodium Azide
2703.224230581339,404.00842126198137,1_trailing,Raman,Sodium Azide
2704.934049829018,384.48403502730855,1_trailing,Raman,Sodium Azide
2706.6438690766977,392.1123259267008,1_trailing,Raman,Sodium Azide
2708.3536883243773,394.9560472109031,1_trailing,Raman,Sodium Azide
2710.0635075720566,382.39164585172256,1_trailing,Raman,Sodium Azide
2711.773326819736,392.8263108364736,1_trailing,Raman,Sodium Azide
2713.483146067416,378.74014064308415,1_trailing,Raman,Sodium Azide
2715.1929653150955,376.2591321023172,1_trailing,Raman,Sodium Azide
2716.9027845627747,397.7117139988661,1_trailing,Raman,Sodium Azide
2718.6126038104544,390.842944813339,1_trailing,Raman,Sodium Azide
2720.322423058134,397.09099789074736,1_trailing,Raman,Sodium Azide
2722.0322423058133,395.43761143513973,1_trailing,Raman,Sodium Azide
2723.742061553493,386.52001284859034,1_trailing,Raman,Sodium Azide
2725.4518808011726,396.1540664860304,1_trailing,Raman,Sodium Azide
2727.1617000488523,384.9967791678002,1_trailing,Raman,Sodium Azide
2728.8715192965315,411.24254332868486,1_trailing,Raman,Sodium Azide
2730.581338544211,384.78796276739274,1_trailing,Raman,Sodium Azide
2732.291157791891,396.670610189473,1_trailing,Raman,Sodium Azide
2734.00097703957,388.8640189415469,1_trailing,Raman,Sodium Azide
2735.7107962872497,405.1873171332175,1_trailing,Raman,Sodium Azide
2737.4206155349293,396.83809467967177,1_trailing,Raman,Sodium Azide
2739.130434782609,395.50104105832935,1_trailing,Raman,Sodium Azide
2740.840254030288,409.46229543433174,1_trailing,Raman,Sodium Azide
2742.550073277968,401.88015021848344,1_trailing,Raman,Sodium Azide
2744.2598925256475,407.1717599862351,1_trailing,Raman,Sodium Azide
2745.9697117733267,392.9649640197426,1_trailing,Raman,Sodium Azide
2747.6795310210064,389.31132096561765,1_trailing,Raman,Sodium Azide
2749.389350268686,404.6493605358075,1_trailing,Raman,Sodium Azide
2751.0991695163657,400.97119090577127,1_trailing,Raman,Sodium Azide
2752.808988764045,410.74893848412654,1_trailing,Raman,Sodium Azide
2754.5188080117246,404.3211870539623,1_trailing,Raman,Sodium Azide
2756.228627259404,407.62069283254704,1_trailing,Raman,Sodium Azide
2757.9384465070834,390.183325190267,1_trailing,Raman,Sodium Azide
2759.648265754763,425.1453142761675,1_trailing,Raman,Sodium Azide
2761.3580850024427,405.5085041699022,1_trailing,Raman,Sodium Azide
2763.0679042501224,414.46929043223366,1_trailing,Raman,Sodium Azide
2764.7777234978016,399.9255594801191,1_trailing,Raman,Sodium Azide
2766.4875427454813,411.65664225099835,1_trailing,Raman,Sodium Azide
2768.197361993161,396.3562813661512,1_trailing,Raman,Sodium Azide
2769.90718124084,414.0812945032628,1_trailing,Raman,Sodium Azide
2771.61700048852,406.65879354063713,1_trailing,Raman,Sodium Azide
2773.3268197361995,410.9444015529924,1_trailing,Raman,Sodium Azide
2775.036638983879,418.01320386508456,1_trailing,Raman,Sodium Azide
2776.7464582315583,399.5778895403015,1_trailing,Raman,Sodium Azide
2778.456277479238,405.46265980968366,1_trailing,Raman,Sodium Azide
2780.1660967269177,417.17381551346153,1_trailing,Raman,Sodium Azide
2781.875915974597,433.78229086269755,1_trailing,Raman,Sodium Azide
2783.5857352222765,412.3478058379902,1_trailing,Raman,Sodium Azide
2785.295554469956,420.0114726182446,1_trailing,Raman,Sodium Azide
2787.005373717636,413.67046368270877,1_trailing,Raman,Sodium Azide
2788.715192965315,434.2866416755128,1_trailing,Raman,Sodium Azide
2790.4250122129947,398.59490018040975,1_trailing,Raman,Sodium Azide
2792.1348314606744,417.1769363209917,1_trailing,Raman,Sodium Azide
2793.8446507083536,400.80870224049494,1_trailing,Raman,Sodium Azide
2795.5544699560332,392.67443628555424,1_trailing,Raman,Sodium Azide
2797.264289203713,420.69847056722483,1_trailing,Raman,Sodium Azide
2798.9741084513926,419.65955917213074,1_trailing,Raman,Sodium Azide
2800.683927699072,416.0073209011225,1_trailing,Raman,Sodium Azide
2802.3937469467514,418.2818384804991,1_trailing,Raman,Sodium Azide
2804.103566194431,450.22645301542855,1_trailing,Raman,Sodium Azide
2805.8133854421103,417.80486227878316,1_trailing,Raman,Sodium Azide
2807.52320468979,425.85605487656,1_trailing,Raman,Sodium Azide
2809.2330239374696,414.9920095539964,1_trailing,Raman,Sodium Azide
2810.9428431851493,424.7736698666804,1_trailing,Raman,Sodium Azide
2812.6526624328285,420.05281477959124,1_trailing,Raman,Sodium Azide
2814.362481680508,418.876200817828,1_trailing,Raman,Sodium Azide
2816.072300928188,441.2655068443484,1_trailing,Raman,Sodium Azide
2817.782120175867,435.48346124575784,1_trailing,Raman,Sodium Azide
2819.4919394235467,425.78942265019356,1_trailing,Raman,Sodium Azide
2821.2017586712263,402.3537278019537,1_trailing,Raman,Sodium Azide
2822.911577918906,421.9359355447448,1_trailing,Raman,Sodium Azide
2824.621397166585,452.51613062579656,1_trailing,Raman,Sodium Azide
2826.331216414265,424.2466773408359,1_trailing,Raman,Sodium Azide
2828.0410356619445,437.85111252751597,1_trailing,Raman,Sodium Azide
2829.7508549096237,441.6913597215771,1_trailing,Raman,Sodium Azide
2831.4606741573034,430.208415254,1_trailing,Raman,Sodium Azide
2833.170493404983,420.3172276512649,1_trailing,Raman,Sodium Azide
2834.8803126526627,405.1994252142387,1_trailing,Raman,Sodium Azide
2836.590131900342,436.3257744499502,1_trailing,Raman,Sodium Azide
2838.2999511480216,422.136536502908,1_trailing,Raman,Sodium Azide
2840.0097703957013,432.3778937087078,1_trailing,Raman,Sodium Azide
2841.7195896433805,418.91505371889605,1_trailing,Raman,Sodium Azide
2843.42940889106,429.0849876678739,1_trailing,Raman,Sodium Azide
2845.13922813874,432.5378384631055,1_trailing,Raman,Sodium Azide
2846.8490473864194,435.3622254476637,1_trailing,Raman,Sodium Azide
2848.5588666340986,422.30818676104116,1_trailing,Raman,Sodium Azide
2850.2686858817783,445.51142971322804,1_trailing,Raman,Sodium Azide
2851.978505129458,428.4312507462182,1_trailing,Raman,Sodium Azide
2853.688324377137,418.3890758936195,1_trailing,Raman,Sodium Azide
2855.398143624817,434.26065299917207,1_trailing,Raman,Sodium Azide
2857.1079628724965,436.1993495168956,1_trailing,Raman,Sodium Azide
2858.817782120176,437.96974227943485,1_trailing,Raman,Sodium Azide
2860.5276013678554,450.2616230056499,1_trailing,Raman,Sodium Azide
2862.237420615535,435.0988698712387,1_trailing,Raman,Sodium Azide
2863.9472398632147,436.7681145617596,1_trailing,Raman,Sodium Azide
2865.657059110894,427.65055590173006,1_trailing,Raman,Sodium Azide
2867.3668783585736,447.03989547690225,1_trailing,Raman,Sodium Azide
2869.076697606253,441.3208843287531,1_trailing,Raman,Sodium Azide
2870.786516853933,435.9152648396866,1_trailing,Raman,Sodium Azide
2872.496336101612,421.8723142101307,1_trailing,Raman,Sodium Azide
2874.2061553492917,455.25849258348364,1_trailing,Raman,Sodium Azide
2875.9159745969714,429.56490039937006,1_trailing,Raman,Sodium Azide
2877.6257938446506,436.33471545337363,1_trailing,Raman,Sodium Azide
2879.3356130923303,446.1881773235934,1_trailing,Raman,Sodium Azide
2881.04543234001,431.44743863885054,1_trailing,Raman,Sodium Azide
2882.7552515876896,429.0600807805211,1_trailing,Raman,Sodium Azide
2884.465070835369,423.4008559218399,1_trailing,Raman,Sodium Azide
2886.1748900830485,451.8425531668699,1_trailing,Raman,Sodium Azide
2887.884709330728,439.9559903083271,1_trailing,Raman,Sodium Azide
2889.5945285784073,474.5454866571521,1_trailing,Raman,Sodium Azide
2891.304347826087,436.5942311358909,1_trailing,Raman,Sodium Azide
2893.0141670737667,437.8377903447689,1_trailing,Raman,Sodium Azide
2894.7239863214463,441.8599819691662,1_trailing,Raman,Sodium Azide
2896.4338055691255,450.3221380048574,1_trailing,Raman,Sodium Azide
2898.143624816805,443.85199167198994,1_trailing,Raman,Sodium Azide
2899.853444064485,455.00335070463325,1_trailing,Raman,Sodium Azide
2901.563263312164,439.92294859045575,1_trailing,Raman,Sodium Azide
2903.2730825598437,436.49875723223016,1_trailing,Raman,Sodium Azide
2904.9829018075234,432.9412412013233,1_trailing,Raman,Sodium Azide
2906.692721055203,429.29831551136283,1_trailing,Raman,Sodium Azide
2908.4025403028822,446.57384242613205,1_trailing,Raman,Sodium Azide
2910.112359550562,449.22527182929855,1_trailing,Raman,Sodium Azide
2911.8221787982416,446.52447299353054,1_trailing,Raman,Sodium Azide
2913.531998045921,465.4424860057681,1_trailing,Raman,Sodium Azide
2915.2418172936004,465.82390227660994,1_trailing,Raman,Sodium Azide
2916.95163654128,451.0219064067285,1_trailing,Raman,Sodium Azide
2918.6614557889598,437.2378799078789,1_trailing,Raman,Sodium Azide
2920.371275036639,449.81259856375397,1_trailing,Raman,Sodium Azide
2922.0810942843186,450.0211917748668,1_trailing,Raman,Sodium Azide
2923.7909135319983,449.9926725184057,1_trailing,Raman,Sodium Azide
2925.5007327796775,450.13861749098726,1_trailing,Raman,Sodium Azide
2927.210552027357,451.09732828305897,1_trailing,Raman,Sodium Azide
2928.920371275037,454.25115322706813,1_trailing,Raman,Sodium Azide
2930.6301905227165,452.34305253012064,1_trailing,Raman,Sodium Azide
2932.3400097703957,461.1584865971164,1_trailing,Raman,Sodium Azide
2934.0498290180753,463.1960892093043,1_trailing,Raman,Sodium Azide
2935.759648265755,451.25087458628036,1_trailing,Raman,Sodium Azide
2937.469467513434,473.19425952498017,1_trailing,Raman,Sodium Azide
2939.179286761114,451.6427481744503,1_trailing,Raman,Sodium Azide
2940.8891060087935,445.92219860903316,1_trailing,Raman,Sodium Azide
2942.598925256473,466.0696238052101,1_trailing,Raman,Sodium Azide
2944.3087445041524,454.8505587316874,1_trailing,Raman,Sodium Azide
2946.018563751832,466.5614359894258,1_trailing,Raman,Sodium Azide
2947.7283829995117,440.36222097684123,1_trailing,Raman,Sodium Azide
2949.438202247191,478.14849743675313,1_trailing,Raman,Sodium Azide
2951.1480214948706,471.62107187718993,1_trailing,Raman,Sodium Azide
2952.8578407425503,450.840908517076,1_trailing,Raman,Sodium Azide
2954.56765999023,451.5932910090952,1_trailing,Raman,Sodium Azide
2956.277479237909,483.05124776013355,1_trailing,Raman,Sodium Azide
2957.987298485589,459.9477848820287,1_trailing,Raman,Sodium Azide
2959.6971177332684,459.5383342049951,1_trailing,Raman,Sodium Azide
2961.4069369809476,446.03950383108725,1_trailing,Raman,Sodium Azide
2963.1167562286273,465.37328700869097,1_trailing,Raman,Sodium Azide
2964.826575476307,467.1120844655454,1_trailing,Raman,Sodium Azide
2966.5363947239866,476.91858386262004,1_trailing,Raman,Sodium Azide
2968.246213971666,456.70227749792605,1_trailing,Raman,Sodium Azide
2969.9560332193455,456.05525358365156,1_trailing,Raman,Sodium Azide
2971.665852467025,475.9398331422595,1_trailing,Raman,Sodium Azide
2973.3756717147044,481.94595134091577,1_trailing,Raman,Sodium Azide
2975.085490962384,457.1848668387157,1_trailing,Raman,Sodium Azide
2976.7953102100637,483.756478233777,1_trailing,Raman,Sodium Azide
2978.5051294577434,474.0568149629447,1_trailing,Raman,Sodium Azide
2980.2149487054226,484.9454486864557,1_trailing,Raman,Sodium Azide
2981.924767953102,474.0880642729786,1_trailing,Raman,Sodium Azide
2983.634587200782,450.5731409370086,1_trailing,Raman,Sodium Azide
2985.344406448461,474.3758252145834,1_trailing,Raman,Sodium Azide
2987.0542256961407,486.8145172691569,1_trailing,Raman,Sodium Azide
2988.7640449438204,468.19857537248174,1_trailing,Raman,Sodium Azide
2990.4738641915,473.69734857206225,1_trailing,Raman,Sodium Azide
2992.1836834391793,476.33218743349795,1_trailing,Raman,Sodium Azide
2993.893502686859,450.1469064517626,1_trailing,Raman,Sodium Azide
2995.6033219345386,495.5433707547077,1_trailing,Raman,Sodium Azide
2997.313141182218,470.8469690422933,1_trailing,Raman,Sodium Azide
2999.0229604298975,485.2011956935647,1_trailing,Raman,Sodium Azide
3000.732779677577,479.9360818414441,1_trailing,Raman,Sodium Azide
3002.442598925257,493.6748258682582,1_trailing,Raman,Sodium Azide
3004.152418172936,485.87777706297464,1_trailing,Raman,Sodium Azide
3005.8622374206157,480.1272860964152,1_trailing,Raman,Sodium Azide
3007.5720566682953,474.21431318781424,1_trailing,Raman,Sodium Azide
3009.2818759159745,491.3595339338529,1_trailing,Raman,Sodium Azide
3010.991695163654,465.69847011807764,1_trailing,Raman,Sodium Azide
3012.701514411334,490.97835500453624,1_trailing,Raman,Sodium Azide
3014.4113336590135,474.39737135029816,1_trailing,Raman,Sodium Azide
3016.1211529066927,498.0194248435277,1_trailing,Raman,Sodium Azide
3017.8309721543724,487.8656634269618,1_trailing,Raman,Sodium Azide
3019.540791402052,493.1544935023312,1_trailing,Raman,Sodium Azide
3021.2506106497312,488.1904489104251,1_trailing,Raman,Sodium Azide
3022.960429897411,470.74352864148887,1_trailing,Raman,Sodium Azide
3024.6702491450906,480.0446926464787,1_trailing,Raman,Sodium Azide
3026.38006839277,495.64030744921473,1_trailing,Raman,Sodium Azide
3028.0898876404494,491.2309257725661,1_trailing,Raman,Sodium Azide
3029.799706888129,501.7368290369421,1_trailing,Raman,Sodium Azide
3031.5095261358088,494.65937408069317,1_trailing,Raman,Sodium Azide
3033.219345383488,481.77093850646634,1_trailing,Raman,Sodium Azide
3034.9291646311676,483.9993920333495,1_trailing,Raman,Sodium Azide
3036.6389838788473,493.3847002100728,1_trailing,Raman,Sodium Azide
3038.348803126527,470.21413723519686,1_trailing,Raman,Sodium Azide
3040.058622374206,509.90461615485987,1_trailing,Raman,Sodium Azide
3041.768441621886,498.36456488476125,1_trailing,Raman,Sodium Azide
3043.4782608695655,506.62555509892496,1_trailing,Raman,Sodium Azide
3045.1880801172447,479.6329002962673,1_trailing,Raman,Sodium Azide
3046.8978993649243,507.90992284539027,1_trailing,Raman,Sodium Azide
3048.607718612604,518.1504088215574,1_trailing,Raman,Sodium Azide
3050.3175378602837,483.85128082051256,1_trailing,Raman,Sodium Azide
3052.027357107963,504.93810072913317,1_trailing,Raman,Sodium Azide
3053.7371763556425,497.93754622306056,1_trailing,Raman,Sodium Azide
3055.446995603322,483.33049673233614,1_trailing,Raman,Sodium Azide
3057.1568148510014,503.87896086470505,1_trailing,Raman,Sodium Azide
3058.866634098681,507.7806347942456,1_trailing,Raman,Sodium Azide
3060.5764533463607,494.26183477343824,1_trailing,Raman,Sodium Azide
3062.2862725940404,512.1592878921213,1_trailing,Raman,Sodium Azide
3063.9960918417196,484.92436190727267,1_trailing,Raman,Sodium Azide
3065.7059110893993,487.1718757602214,1_trailing,Raman,Sodium Azide
3067.415730337079,503.7388741343148,1_trailing,Raman,Sodium Azide
3069.125549584758,503.2180512972106,1_trailing,Raman,Sodium Azide
3070.835368832438,496.48862599804227,1_trailing,Raman,Sodium Azide
3072.5451880801174,512.0244754129483,1_trailing,Raman,Sodium Azide
3074.255007327797,509.8511897640952,1_trailing,Raman,Sodium Azide
3075.9648265754763,513.6237752177148,1_trailing,Raman,Sodium Azide
3077.674645823156,504.55741265154666,1_trailing,Raman,Sodium Azide
3079.3844650708356,512.2504477250834,1_trailing,Raman,Sodium Azide
3081.094284318515,502.51774375552645,1_trailing,Raman,Sodium Azide
3082.8041035661945,527.6055417844348,1_trailing,Raman,Sodium Azide
3084.513922813874,500.05385006507754,1_trailing,Raman,Sodium Azide
3086.223742061554,529.2373795935926,1_trailing,Raman,Sodium Azide
3087.933561309233,509.48625909156283,1_trailing,Raman,Sodium Azide
3089.6433805569127,496.21150546142223,1_trailing,Raman,Sodium Azide
3091.3531998045924,523.6961941279975,1_trailing,Raman,Sodium Azide
3093.0630190522716,512.082656116893,1_trailing,Raman,Sodium Azide
3094.772838299951,519.7536554340008,1_trailing,Raman,Sodium Azide
3096.482657547631,523.9763104632403,1_trailing,Raman,Sodium Azide
3098.1924767953105,515.8495215694925,1_trailing,Raman,Sodium Azide
3099.9022960429897,507.28841033797,1_trailing,Raman,Sodium Azide
3101.6121152906694,523.2495790996406,1_trailing,Raman,Sodium Azide
3103.321934538349,514.2498910141513,1_trailing,Raman,Sodium Azide
3105.0317537860283,521.5291013706607,1_trailing,Raman,Sodium Azide
3106.741573033708,494.23419845581043,1_trailing,Raman,Sodium Azide
3108.4513922813876,520.3200858785392,1_trailing,Raman,Sodium Azide
3110.1612115290673,510.23634013603055,1_trailing,Raman,Sodium Azide
3111.8710307767465,533.2927275188894,1_trailing,Raman,Sodium Azide
3113.580850024426,523.7526566567578,1_trailing,Raman,Sodium Azide
3115.290669272106,520.5612198654654,1_trailing,Raman,Sodium Azide
3117.000488519785,523.558562417354,1_trailing,Raman,Sodium Azide
3118.7103077674647,509.5595737721904,1_trailing,Raman,Sodium Azide
3120.4201270151443,535.8435560378354,1_trailing,Raman,Sodium Azide
3122.129946262824,540.0255836833934,1_trailing,Raman,Sodium Azide
3123.839765510503,524.911843094636,1_trailing,Raman,Sodium Azide
3125.549584758183,537.232373787732,1_trailing,Raman,Sodium Azide
3127.2594040058625,516.6137696352164,1_trailing,Raman,Sodium Azide
3128.9692232535417,514.9482915398613,1_trailing,Raman,Sodium Azide
3130.6790425012214,523.742802475853,1_trailing,Raman,Sodium Azide
3132.388861748901,528.1808614556669,1_trailing,Raman,Sodium Azide
3134.0986809965807,520.6196505133024,1_trailing,Raman,Sodium Azide
3135.80850024426,530.3346496791581,1_trailing,Raman,Sodium Azide
3137.5183194919396,528.637241578361,1_trailing,Raman,Sodium Azide
3139.228138739619,516.4087051942696,1_trailing,Raman,Sodium Azide
3140.9379579872984,531.8680724830838,1_trailing,Raman,Sodium Azide
3142.647777234978,535.8244576330507,1_trailing,Raman,Sodium Azide
3144.3575964826578,529.6080837540736,1_trailing,Raman,Sodium Azide
3146.0674157303374,539.8099068338327,1_trailing,Raman,Sodium Azide
3147.7772349780166,517.1296142660888,1_trailing,Raman,Sodium Azide
3149.4870542256963,534.2414634611852,1_trailing,Raman,Sodium Azide
3151.196873473376,518.7424543264345,1_trailing,Raman,Sodium Azide
3152.906692721055,519.8695865360726,1_trailing,Raman,Sodium Azide
3154.616511968735,525.1862954942567,1_trailing,Raman,Sodium Azide
3156.3263312164145,522.7098065365783,1_trailing,Raman,Sodium Azide
3158.036150464094,527.1530227803257,1_trailing,Raman,Sodium Azide
3159.7459697117733,531.0056812295809,1_trailing,Raman,Sodium Azide
3161.455788959453,541.8983952540939,1_trailing,Raman,Sodium Azide
3163.1656082071327,531.110546081601,1_trailing,Raman,Sodium Azide
3164.875427454812,519.2814298070779,1_trailing,Raman,Sodium Azide
3166.5852467024915,546.6042596420733,1_trailing,Raman,Sodium Azide
3168.295065950171,527.7828085089315,1_trailing,Raman,Sodium Azide
3170.004885197851,536.0190328493643,1_trailing,Raman,Sodium Azide
3171.71470444553,541.5357746030518,1_trailing,Raman,Sodium Azide
3173.4245236932097,539.6923746666492,1_trailing,Raman,Sodium Azide
3175.1343429408894,549.0496901411628,1_trailing,Raman,Sodium Azide
3176.8441621885686,543.5936260836882,1_trailing,Raman,Sodium Azide
3178.5539814362483,531.0328038233373,1_trailing,Raman,Sodium Azide
3180.263800683928,561.4308634224371,1_trailing,Raman,Sodium Azide
3181.9736199316076,542.5425329182184,1_trailing,Raman,Sodium Azide
3183.683439179287,539.7713394225528,1_trailing,Raman,Sodium Azide
3185.3932584269664,551.2667652408497,1_trailing,Raman,Sodium Azide
3187.103077674646,544.8282581898632,1_trailing,Raman,Sodium Azide
3188.8128969223253,546.8801407701285,1_trailing,Raman,Sodium Azide
3190.522716170005,567.9988921989756,1_trailing,Raman,Sodium Azide
3192.2325354176846,541.4288515257861,1_trailing,Raman,Sodium Azide
3193.9423546653643,541.5936696703499,1_trailing,Raman,Sodium Azide
3195.6521739130435,546.4389385887785,1_trailing,Raman,Sodium Azide
3197.361993160723,556.392651324854,1_trailing,Raman,Sodium Azide
3199.071812408403,531.6808433309366,1_trailing,Raman,Sodium Azide
3200.781631656082,527.7613479346875,1_trailing,Raman,Sodium Azide
3202.4914509037617,541.8714304316903,1_trailing,Raman,Sodium Azide
3204.2012701514413,532.18517848079,1_trailing,Raman,Sodium Azide
3205.911089399121,544.6442255286029,1_trailing,Raman,Sodium Azide
3207.6209086468,554.3189374273895,1_trailing,Raman,Sodium Azide
3209.33072789448,541.2343289860788,1_trailing,Raman,Sodium Azide
3211.0405471421595,536.5606322818521,1_trailing,Raman,Sodium Azide
3212.7503663898387,551.8276935875429,1_trailing,Raman,Sodium Azide
3214.4601856375184,560.1976170998397,1_trailing,Raman,Sodium Azide
3216.170004885198,535.6904039536751,1_trailing,Raman,Sodium Azide
3217.8798241328773,560.957289828581,1_trailing,Raman,Sodium Azide
3219.589643380557,561.5264619459533,1_trailing,Raman,Sodium Azide
3221.2994626282366,563.4467391654982,1_trailing,Raman,Sodium Azide
3223.0092818759163,566.6295048591842,1_trailing,Raman,Sodium Azide
3224.7191011235955,576.8688035752633,1_trailing,Raman,Sodium Azide
3226.428920371275,552.3676848614174,1_trailing,Raman,Sodium Azide
3228.138739618955,557.5262435060492,1_trailing,Raman,Sodium Azide
3229.848558866634,552.9447676000835,1_trailing,Raman,Sodium Azide
3231.5583781143137,557.6403480165072,1_trailing,Raman,Sodium Azide
3233.2681973619933,573.251957304354,1_trailing,Raman,Sodium Azide
3234.978016609673,545.6046862100569,1_trailing,Raman,Sodium Azide
3236.687835857352,550.9443787454096,1_trailing,Raman,Sodium Azide
3238.397655105032,573.4973195110206,1_trailing,Raman,Sodium Azide
3240.1074743527115,570.5846346191587,1_trailing,Raman,Sodium Azide
3241.8172936003907,557.6048706074416,1_trailing,Raman,Sodium Azide
3243.5271128480704,570.1536234377456,1_trailing,Raman,Sodium Azide
3245.23693209575,565.700787106626,1_trailing,Raman,Sodium Azide
3246.9467513434297,577.6664064780659,1_trailing,Raman,Sodium Azide
3248.656570591109,564.2799296020239,1_trailing,Raman,Sodium Azide
3250.3663898387886,574.1958937968072,1_trailing,Raman,Sodium Azide
3252.076209086468,590.6497050443593,1_trailing,Raman,Sodium Azide
3253.7860283341474,571.1888715098205,1_trailing,Raman,Sodium Azide
3255.495847581827,566.4187494198314,1_trailing,Raman,Sodium Azide
3257.2056668295068,573.59817812775,1_trailing,Raman,Sodium Azide
3258.9154860771864,563.5204115888865,1_trailing,Raman,Sodium Azide
3260.6253053248656,591.1407927834134,1_trailing,Raman,Sodium Azide
3262.3351245725453,570.0625034846797,1_trailing,Raman,Sodium Azide
3264.044943820225,566.2136097903033,1_trailing,Raman,Sodium Azide
3265.754763067904,561.2981434501941,1_trailing,Raman,Sodium Azide
3267.464582315584,580.8505669090516,1_trailing,Raman,Sodium Azide
3269.1744015632635,579.1904176093664,1_trailing,Raman,Sodium Azide
3270.884220810943,566.3987266705726,1_trailing,Raman,Sodium Azide
3272.5940400586223,577.5325247825648,1_trailing,Raman,Sodium Azide
3274.303859306302,557.6722180135722,1_trailing,Raman,Sodium Azide
3276.0136785539817,574.887369829515,1_trailing,Raman,Sodium Azide
3277.723497801661,578.1134007111608,1_trailing,Raman,Sodium Azide
3279.4333170493405,591.0321496060333,1_trailing,Raman,Sodium Azide
3281.14313629702,567.3055719938111,1_trailing,Raman,Sodium Azide
3282.8529555447,562.9350687440166,1_trailing,Raman,Sodium Azide
3284.562774792379,567.2820971439468,1_trailing,Raman,Sodium Azide
3286.2725940400587,563.5536725853055,1_trailing,Raman,Sodium Azide
3287.9824132877384,590.383865266799,1_trailing,Raman,Sodium Azide
3289.6922325354176,593.0645329215563,1_trailing,Raman,Sodium Azide
3291.4020517830972,581.6121969048353,1_trailing,Raman,Sodium Azide
3293.111871030777,591.0549348455153,1_trailing,Raman,Sodium Azide
3294.8216902784566,580.9875673144556,1_trailing,Raman,Sodium Azide
3296.531509526136,579.3418624842843,1_trailing,Raman,Sodium Azide
3298.2413287738154,577.6095751073957,1_trailing,Raman,Sodium Azide
3299.951148021495,578.4343503043463,1_trailing,Raman,Sodium Azide
3301.6609672691743,566.895699334473,1_trailing,Raman,Sodium Azide
3303.370786516854,585.2788686324625,1_trailing,Raman,Sodium Azide
3305.0806057645336,582.8937332636532,1_trailing,Raman,Sodium Azide
3306.7904250122133,591.206819717951,1_trailing,Raman,Sodium Azide
3308.5002442598925,585.4150904706688,1_trailing,Raman,Sodium Azide
3310.210063507572,583.5154172137381,1_trailing,Raman,Sodium Azide
3311.919882755252,577.1584397141099,1_trailing,Raman,Sodium Azide
3313.629702002931,587.0196606432459,1_trailing,Raman,Sodium Azide
3315.3395212506107,594.160683899105,1_trailing,Raman,Sodium Azide
3317.0493404982903,576.314261506835,1_trailing,Raman,Sodium Azide
3318.75915974597,588.9870537136778,1_trailing,Raman,Sodium Azide
3320.468978993649,591.0216992034377,1_trailing,Raman,Sodium Azide
3322.178798241329,582.296013071399,1_trailing,Raman,Sodium Azide
3323.8886174890085,584.1905632254167,1_trailing,Raman,Sodium Azide
3325.5984367366877,592.8186512003182,1_trailing,Raman,Sodium Azide
3327.3082559843674,580.0422717976052,1_trailing,Raman,Sodium Azide
3329.018075232047,595.2047935937695,1_trailing,Raman,Sodium Azide
3330.7278944797267,583.5942564081367,1_trailing,Raman,Sodium Azide
3332.437713727406,603.4167835865675,1_trailing,Raman,Sodium Azide
3334.1475329750856,616.5356998826504,1_trailing,Raman,Sodium Azide
3335.8573522227653,585.760167916642,1_trailing,Raman,Sodium Azide
3337.5671714704445,600.057062297111,1_trailing,Raman,Sodium Azide
3339.276990718124,588.294315739403,1_trailing,Raman,Sodium Azide
3340.986809965804,606.2490924679031,1_trailing,Raman,Sodium Azide
3342.6966292134834,584.23080431847,1_trailing,Raman,Sodium Azide
3344.4064484611627,601.9718036515854,1_trailing,Raman,Sodium Azide
3346.1162677088423,589.3014564561372,1_trailing,Raman,Sodium Azide
3347.826086956522,596.4476335415744,1_trailing,Raman,Sodium Azide
3349.535906204201,588.9737329976933,1_trailing,Raman,Sodium Azide
3351.245725451881,607.7710767420173,1_trailing,Raman,Sodium Azide
3352.9555446995605,592.1018960654509,1_trailing,Raman,Sodium Azide
3354.66536394724,606.3428451368965,1_trailing,Raman,Sodium Azide
3356.3751831949194,598.1635148393942,1_trailing,Raman,Sodium Azide
3358.085002442599,601.0397982646451,1_trailing,Raman,Sodium Azide
3359.7948216902787,604.2262924782409,1_trailing,Raman,Sodium Azide
3361.504640937958,595.9052571990673,1_trailing,Raman,Sodium Azide
3363.2144601856376,606.058570393633,1_trailing,Raman,Sodium Azide
3364.924279433317,619.6245866211966,1_trailing,Raman,Sodium Azide
3366.634098680997,597.5889206281365,1_trailing,Raman,Sodium Azide
3368.343917928676,617.3365368096988,1_trailing,Raman,Sodium Azide
3370.0537371763558,621.1534571371792,1_trailing,Raman,Sodium Azide
3371.7635564240354,599.0615900405194,1_trailing,Raman,Sodium Azide
3373.4733756717146,593.408675281781,1_trailing,Raman,Sodium Azide
3375.1831949193943,611.2649011349395,1_trailing,Raman,Sodium Azide
3376.893014167074,603.5474816014797,1_trailing,Raman,Sodium Azide
3378.6028334147536,627.8704234566326,1_trailing,Raman,Sodium Azide
3380.312652662433,610.494383614681,1_trailing,Raman,Sodium Azide
3382.0224719101125,602.8991925404013,1_trailing,Raman,Sodium Azide
3383.732291157792,600.132299884535,1_trailing,Raman,Sodium Azide
3385.4421104054713,622.7006622536218,1_trailing,Raman,Sodium Azide
3387.151929653151,607.0204783401496,1_trailing,Raman,Sodium Azide
3388.8617489008307,613.6738203600844,1_trailing,Raman,Sodium Azide
3390.5715681485103,623.2412712894544,1_trailing,Raman,Sodium Azide
3392.2813873961895,609.7407596757613,1_trailing,Raman,Sodium Azide
3393.991206643869,614.6514147094862,1_trailing,Raman,Sodium Azide
3395.701025891549,615.5595586440447,1_trailing,Raman,Sodium Azide
3397.410845139228,623.0473103875295,1_trailing,Raman,Sodium Azide
3399.1206643869077,622.7595923932037,1_trailing,Raman,Sodium Azide
3400.8304836345874,615.42441140574,1_trailing,Raman,Sodium Azide
3402.540302882267,618.8300124932146,1_trailing,Raman,Sodium Azide
3404.2501221299462,615.1891924351713,1_trailing,Raman,Sodium Azide
3405.959941377626,604.950637204319,1_trailing,Raman,Sodium Azide
3407.6697606253056,622.5988735041933,1_trailing,Raman,Sodium Azide
3409.379579872985,639.2601109882193,1_trailing,Raman,Sodium Azide
3411.0893991206644,612.6456163482479,1_trailing,Raman,Sodium Azide
3412.799218368344,614.3548879512726,1_trailing,Raman,Sodium Azide
3414.5090376160238,614.0197643549459,1_trailing,Raman,Sodium Azide
3416.218856863703,630.29691901433,1_trailing,Raman,Sodium Azide
3417.9286761113826,628.2118701643653,1_trailing,Raman,Sodium Azide
3419.6384953590623,622.8801627613017,1_trailing,Raman,Sodium Azide
3421.3483146067415,616.05284070735,1_trailing,Raman,Sodium Azide
3423.058133854421,626.6019469023024,1_trailing,Raman,Sodium Azide
3424.767953102101,610.9587665313254,1_trailing,Raman,Sodium Azide
3426.4777723497805,628.34389890099,1_trailing,Raman,Sodium Azide
3428.1875915974597,636.1140210441162,1_trailing,Raman,Sodium Azide
3429.8974108451393,615.9120667691344,1_trailing,Raman,Sodium Azide
3431.607230092819,613.7783684934154,1_trailing,Raman,Sodium Azide
3433.317049340498,644.939954392126,1_trailing,Raman,Sodium Azide
3435.026868588178,624.0770671383381,1_trailing,Raman,Sodium Azide
3436.7366878358575,641.8432075924,1_trailing,Raman,Sodium Azide
3438.446507083537,629.8140709277245,1_trailing,Raman,Sodium Azide
3440.1563263312164,630.3641747765403,1_trailing,Raman,Sodium Azide
3441.866145578896,636.8835003327765,1_trailing,Raman,Sodium Azide
3443.5759648265757,624.5367424651702,1_trailing,Raman,Sodium Azide
3445.285784074255,635.1397643880425,1_trailing,Raman,Sodium Azide
3446.9956033219346,630.7359341425099,1_trailing,Raman,Sodium Azide
3448.7054225696143,622.1421255001495,1_trailing,Raman,Sodium Azide
3450.415241817294,639.0403107648417,1_trailing,Raman,Sodium Azide
3452.125061064973,633.7756994691958,1_trailing,Raman,Sodium Azide
3453.834880312653,635.4492316348723,1_trailing,Raman,Sodium Azide
3455.5446995603324,625.7568032445715,1_trailing,Raman,Sodium Azide
3457.2545188080117,653.8671538506553,1_trailing,Raman,Sodium Azide
3458.9643380556913,647.4862363560804,1_trailing,Raman,Sodium Azide
3460.674157303371,648.9761464977659,1_trailing,Raman,Sodium Azide
3462.3839765510506,637.1510083368181,1_trailing,Raman,Sodium Azide
3464.09379579873,623.813777393179,1_trailing,Raman,Sodium Azide
3465.8036150464095,660.5755782177416,1_trailing,Raman,Sodium Azide
3467.513434294089,641.4471501279916,1_trailing,Raman,Sodium Azide
3469.2232535417684,635.3328740426795,1_trailing,Raman,Sodium Azide
3470.933072789448,647.4036101943636,1_trailing,Raman,Sodium Azide
3472.6428920371277,655.3998912862963,1_trailing,Raman,Sodium Azide
3474.3527112848074,644.3563030579767,1_trailing,Raman,Sodium Azide
3476.0625305324866,657.7626534683733,1_trailing,Raman,Sodium Azide
3477.772349780166,656.4787123348592,1_trailing,Raman,Sodium Azide
3479.482169027846,635.9261307145221,1_trailing,Raman,Sodium Azide
3481.191988275525,640.512049396797,1_trailing,Raman,Sodium Azide
3482.9018075232048,657.1546958546716,1_trailing,Raman,Sodium Azide
3484.6116267708844,621.7793210530282,1_trailing,Raman,Sodium Azide
3486.321446018564,647.5657467231624,1_trailing,Raman,Sodium Azide
3488.0312652662433,635.6297580409598,1_trailing,Raman,Sodium Azide
3489.741084513923,645.630409844123,1_trailing,Raman,Sodium Azide
3491.4509037616026,648.0118920012243,1_trailing,Raman,Sodium Azide
3493.160723009282,648.0766814232262,1_trailing,Raman,Sodium Azide
3494.8705422569615,646.8011546406743,1_trailing,Raman,Sodium Azide
3496.580361504641,642.0932317404612,1_trailing,Raman,Sodium Azide
3498.290180752321,675.9855932232108,1_trailing,Raman,Sodium Azide
3500.0,672.4599904645537,1_trailing,Raman,Sodium Azide
0.0,13.460684373384225,2,Raman,Sodium Azide
1.709819247679531,13.484998672154648,2,Raman,Sodium Azide
3.419638495359062,13.493886613513917,2,Raman,Sodium Azide
5.129457743038593,13.520339674133801,2,Raman,Sodium Azide
6.839276990718124,13.487085653235132,2,Raman,Sodium Azide
8.549096238397656,13.450684373384226,2,Raman,Sodium Azide
10.258915486077186,13.481051426441292,2,Raman,Sodium Azide
11.968734733756717,13.458253317592899,2,Raman,Sodium Azide
13.678553981436249,13.508166437928653,2,Raman,Sodium Azide
15.38837322911578,13.528628057149387,2,Raman,Sodium Azide
17.09819247679531,13.4586365466745,2,Raman,Sodium Azide
18.80801172447484,13.538542148198113,2,Raman,Sodium Azide
20.51783097215437,13.516655884212902,2,Raman,Sodium Azide
22.227650219833905,13.47021954572534,2,Raman,Sodium Azide
23.937469467513434,13.49819315615105,2,Raman,Sodium Azide
25.647288715192968,13.504618738550722,2,Raman,Sodium Azide
27.357107962872497,13.474379549490035,2,Raman,Sodium Azide
29.066927210552027,13.562868742271501,2,Raman,Sodium Azide
30.77674645823156,13.497257136409562,2,Raman,Sodium Azide
32.48656570591109,13.460684373384225,2,Raman,Sodium Azide
34.19638495359062,13.450684373384226,2,Raman,Sodium Azide
35.90620420127015,13.450684373384226,2,Raman,Sodium Azide
37.61602344894968,13.501422845708788,2,Raman,Sodium Azide
39.325842696629216,13.468844403757476,2,Raman,Sodium Azide
41.03566194430874,13.497705376103482,2,Raman,Sodium Azide
42.745481191988276,13.533640709327413,2,Raman,Sodium Azide
44.45530043966781,13.569536563866214,2,Raman,Sodium Azide
46.16511968734734,13.475096700164128,2,Raman,Sodium Azide
47.87493893502687,13.470684373384225,2,Raman,Sodium Azide
49.5847581827064,13.563878949415324,2,Raman,Sodium Azide
51.294577430385935,13.460684373384225,2,Raman,Sodium Azide
53.00439667806546,13.450684373384226,2,Raman,Sodium Azide
54.714215925744995,13.566804250966834,2,Raman,Sodium Azide
56.42403517342453,13.539562576619382,2,Raman,Sodium Azide
58.133854421104054,13.527169202764208,2,Raman,Sodium Azide
59.84367366878359,13.496678380316542,2,Raman,Sodium Azide
61.55349291646312,13.490283470497518,2,Raman,Sodium Azide
63.26331216414265,13.47481687434476,2,Raman,Sodium Azide
64.97313141182218,13.49115089255292,2,Raman,Sodium Azide
66.68295065950171,13.50209283246997,2,Raman,Sodium Azide
68.39276990718125,13.450684373384226,2,Raman,Sodium Azide
70.10258915486078,13.473217278078906,2,Raman,Sodium Azide
71.8124084025403,13.480684373384225,2,Raman,Sodium Azide
73.52222765021983,13.512519184336604,2,Raman,Sodium Azide
75.23204689789937,13.523854328540498,2,Raman,Sodium Azide
76.9418661455789,13.584561239475573,2,Raman,Sodium Azide
78.65168539325843,13.528646892457955,2,Raman,Sodium Azide
80.36150464093797,13.50196471923579,2,Raman,Sodium Azide
82.07132388861748,13.50780521551141,2,Raman,Sodium Azide
83.78114313629702,13.537170895087282,2,Raman,Sodium Azide
85.49096238397655,13.527922896927405,2,Raman,Sodium Azide
87.20078163165608,13.553558825525695,2,Raman,Sodium Azide
88.91060087933562,13.53667601046543,2,Raman,Sodium Azide
90.62042012701515,13.5223120287529,2,Raman,Sodium Azide
92.33023937469468,13.502087278009606,2,Raman,Sodium Azide
94.0400586223742,13.50122149961435,2,Raman,Sodium Azide
95.74987787005374,13.48885223820902,2,Raman,Sodium Azide
97.45969711773327,13.493780714581662,2,Raman,Sodium Azide
99.1695163654128,13.614271922829333,2,Raman,Sodium Azide
100.87933561309234,13.535676853291122,2,Raman,Sodium Azide
102.58915486077187,13.525580113034415,2,Raman,Sodium Azide
104.29897410845139,13.523011995634876,2,Raman,Sodium Azide
106.00879335613092,13.552071461755245,2,Raman,Sodium Azide
107.71861260381046,13.585011626566635,2,Raman,Sodium Azide
109.42843185148999,13.566738833392618,2,Raman,Sodium Azide
111.13825109916952,13.57615876065139,2,Raman,Sodium Azide
112.84807034684906,13.515953872683578,2,Raman,Sodium Azide
114.55788959452859,13.541044498664492,2,Raman,Sodium Azide
116.26770884220811,13.51914654536562,2,Raman,Sodium Azide
117.97752808988764,13.55823609082817,2,Raman,Sodium Azide
119.68734733756718,13.597120318129049,2,Raman,Sodium Azide
121.39716658524671,13.564453379011825,2,Raman,Sodium Azide
123.10698583292624,13.614225068530093,2,Raman,Sodium Azide
124.81680508060577,13.547409212122725,2,Raman,Sodium Azide
126.5266243282853,13.527584423464459,2,Raman,Sodium Azide
128.23644357596484,13.582732848508126,2,Raman,Sodium Azide
129.94626282364436,13.558015030429848,2,Raman,Sodium Azide
131.65608207132388,13.567660150647916,2,Raman,Sodium Azide
133.36590131900343,13.562889164634367,2,Raman,Sodium Azide
135.07572056668295,13.53738415853884,2,Raman,Sodium Azide
136.7855398143625,13.56646394890604,2,Raman,Sodium Azide
138.495359062042,13.59952038526906,2,Raman,Sodium Azide
140.20517830972156,13.615040235163729,2,Raman,Sodium Azide
141.91499755740108,13.552489018473512,2,Raman,Sodium Azide
143.6248168050806,13.573215221328786,2,Raman,Sodium Azide
145.33463605276015,13.63538579939402,2,Raman,Sodium Azide
147.04445530043967,13.547355543501117,2,Raman,Sodium Azide
148.7542745481192,13.541275919383708,2,Raman,Sodium Azide
150.46409379579873,13.61151468867972,2,Raman,Sodium Azide
152.17391304347828,13.595684436846344,2,Raman,Sodium Azide
153.8837322911578,13.537608658246361,2,Raman,Sodium Azide
155.59355153883732,13.515986698474345,2,Raman,Sodium Azide
157.30337078651687,13.583046087291272,2,Raman,Sodium Azide
159.01319003419638,13.558663167377059,2,Raman,Sodium Azide
160.72300928187593,13.508358217955806,2,Raman,Sodium Azide
162.43282852955545,13.560359867543925,2,Raman,Sodium Azide
164.14264777723497,13.604313749159326,2,Raman,Sodium Azide
165.85246702491452,13.574876899947784,2,Raman,Sodium Azide
167.56228627259404,13.646281531946878,2,Raman,Sodium Azide
169.27210552027358,13.498549055256017,2,Raman,Sodium Azide
170.9819247679531,13.639630423808228,2,Raman,Sodium Azide
172.69174401563265,13.57233519857205,2,Raman,Sodium Azide
174.40156326331217,13.567766755014885,2,Raman,Sodium Azide
176.1113825109917,13.535732470260774,2,Raman,Sodium Azide
177.82120175867124,13.619326891727903,2,Raman,Sodium Azide
179.53102100635076,13.517145083055606,2,Raman,Sodium Azide
181.2408402540303,13.626378537110956,2,Raman,Sodium Azide
182.95065950170982,13.542588189364508,2,Raman,Sodium Azide
184.66047874938937,13.540348876553018,2,Raman,Sodium Azide
186.3702979970689,13.548388367743124,2,Raman,Sodium Azide
188.0801172447484,13.569107767130197,2,Raman,Sodium Azide
189.78993649242796,13.63808518580471,2,Raman,Sodium Azide
191.49975574010747,13.662338615272484,2,Raman,Sodium Azide
193.20957498778702,13.577308993611473,2,Raman,Sodium Azide
194.91939423546654,13.60173174194739,2,Raman,Sodium Azide
196.6292134831461,13.624948814791578,2,Raman,Sodium Azide
198.3390327308256,13.592851357486055,2,Raman,Sodium Azide
200.04885197850513,13.626007165302019,2,Raman,Sodium Azide
201.75867122618467,13.608777343993593,2,Raman,Sodium Azide
203.4684904738642,13.599930391933201,2,Raman,Sodium Azide
205.17830972154374,13.553669788879995,2,Raman,Sodium Azide
206.88812896922326,13.629009090835464,2,Raman,Sodium Azide
208.59794821690278,13.653358842958776,2,Raman,Sodium Azide
210.30776746458233,13.583829436566687,2,Raman,Sodium Azide
212.01758671226185,13.536604417965636,2,Raman,Sodium Azide
213.7274059599414,13.605202144603112,2,Raman,Sodium Azide
215.4372252076209,13.681168611740311,2,Raman,Sodium Azide
217.14704445530046,13.700345239695919,2,Raman,Sodium Azide
218.85686370297998,13.608540818790505,2,Raman,Sodium Azide
220.5666829506595,13.642137935461122,2,Raman,Sodium Azide
222.27650219833905,13.649913833550247,2,Raman,Sodium Azide
223.98632144601856,13.68701601910434,2,Raman,Sodium Azide
225.6961406936981,13.564271025037883,2,Raman,Sodium Azide
227.40595994137763,13.585255200172192,2,Raman,Sodium Azide
229.11577918905718,13.548192346745767,2,Raman,Sodium Azide
230.8255984367367,13.613840856299358,2,Raman,Sodium Azide
232.53541768441622,13.676355280137548,2,Raman,Sodium Azide
234.24523693209576,13.611339657068667,2,Raman,Sodium Azide
235.95505617977528,13.592129285263017,2,Raman,Sodium Azide
237.66487542745483,13.646079979515832,2,Raman,Sodium Azide
239.37469467513435,13.658457947196016,2,Raman,Sodium Azide
241.08451392281387,13.597992276822062,2,Raman,Sodium Azide
242.79433317049342,13.630169864424387,2,Raman,Sodium Azide
244.50415241817294,13.658288869849013,2,Raman,Sodium Azide
246.21397166585248,13.693910336865734,2,Raman,Sodium Azide
247.923790913532,13.618326543338727,2,Raman,Sodium Azide
249.63361016121155,13.623774994226526,2,Raman,Sodium Azide
251.34342940889107,13.72549182667351,2,Raman,Sodium Azide
253.0532486565706,13.637604866486035,2,Raman,Sodium Azide
254.76306790425014,13.670290713608399,2,Raman,Sodium Azide
256.4728871519297,13.677895598337923,2,Raman,Sodium Azide
258.1827063996092,13.579862613341366,2,Raman,Sodium Azide
259.8925256472887,13.663341752203056,2,Raman,Sodium Azide
261.60234489496827,13.588278612383844,2,Raman,Sodium Azide
263.31216414264776,13.661417914189544,2,Raman,Sodium Azide
265.0219833903273,13.714106873910241,2,Raman,Sodium Azide
266.73180263800685,13.628671239666101,2,Raman,Sodium Azide
268.4416218856864,13.592746131943969,2,Raman,Sodium Azide
270.1514411333659,13.739085756486487,2,Raman,Sodium Azide
271.86126038104544,13.626592810259979,2,Raman,Sodium Azide
273.571079628725,13.603578371259195,2,Raman,Sodium Azide
275.2808988764045,13.732108522430694,2,Raman,Sodium Azide
276.990718124084,13.618968891411013,2,Raman,Sodium Azide
278.7005373717636,13.745820674947893,2,Raman,Sodium Azide
280.4103566194431,13.681217560369294,2,Raman,Sodium Azide
282.1201758671226,13.723749319958296,2,Raman,Sodium Azide
283.82999511480216,13.680282170955612,2,Raman,Sodium Azide
285.5398143624817,13.718071603948752,2,Raman,Sodium Azide
287.2496336101612,13.637872793636946,2,Raman,Sodium Azide
288.95945285784074,13.661638918889222,2,Raman,Sodium Azide
290.6692721055203,13.591687372351402,2,Raman,Sodium Azide
292.37909135319984,13.71898052992607,2,Raman,Sodium Azide
294.08891060087933,13.69777769550168,2,Raman,Sodium Azide
295.7987298485589,13.64088683656264,2,Raman,Sodium Azide
297.5085490962384,13.611957680652527,2,Raman,Sodium Azide
299.2183683439179,13.696141251152277,2,Raman,Sodium Azide
300.92818759159746,13.764351878262934,2,Raman,Sodium Azide
302.638006839277,13.681670097626345,2,Raman,Sodium Azide
304.34782608695656,13.661761762079248,2,Raman,Sodium Azide
306.05764533463605,13.651721465092328,2,Raman,Sodium Azide
307.7674645823156,13.742258092529578,2,Raman,Sodium Azide
309.47728382999514,13.670817077235723,2,Raman,Sodium Azide
311.18710307767464,13.678794806031515,2,Raman,Sodium Azide
312.8969223253542,13.747771377748492,2,Raman,Sodium Azide
314.60674157303373,13.732605433852402,2,Raman,Sodium Azide
316.3165608207133,13.684340423659046,2,Raman,Sodium Azide
318.02638006839277,13.670732499910127,2,Raman,Sodium Azide
319.7361993160723,13.770376897777306,2,Raman,Sodium Azide
321.44601856375186,13.656358507857117,2,Raman,Sodium Azide
323.15583781143135,13.69465585255065,2,Raman,Sodium Azide
324.8656570591109,13.643122293501909,2,Raman,Sodium Azide
326.57547630679045,13.75439898911804,2,Raman,Sodium Azide
328.28529555446994,13.687844007318096,2,Raman,Sodium Azide
329.9951148021495,13.680002415810694,2,Raman,Sodium Azide
331.70493404982903,13.736872597912567,2,Raman,Sodium Azide
333.4147532975086,13.653041398155143,2,Raman,Sodium Azide
335.1245725451881,13.738456410993837,2,Raman,Sodium Azide
336.8343917928676,13.699149615415967,2,Raman,Sodium Azide
338.54421104054717,13.666010637879332,2,Raman,Sodium Azide
340.25403028822666,13.686112419696778,2,Raman,Sodium Azide
341.9638495359062,13.699928192531772,2,Raman,Sodium Azide
343.67366878358575,13.701054906577292,2,Raman,Sodium Azide
345.3834880312653,13.671599213065646,2,Raman,Sodium Azide
347.0933072789448,13.73384510174926,2,Raman,Sodium Azide
348.80312652662434,13.673186501495021,2,Raman,Sodium Azide
350.5129457743039,13.647984907005146,2,Raman,Sodium Azide
352.2227650219834,13.804135366297631,2,Raman,Sodium Azide
353.9325842696629,13.745216405764769,2,Raman,Sodium Azide
355.6424035173425,13.810458357474985,2,Raman,Sodium Azide
357.352222765022,13.687214344517418,2,Raman,Sodium Azide
359.0620420127015,13.750701077875066,2,Raman,Sodium Azide
360.77186126038106,13.768954021304465,2,Raman,Sodium Azide
362.4816805080606,13.746055468681403,2,Raman,Sodium Azide
364.1914997557401,13.686173849863618,2,Raman,Sodium Azide
365.90131900341964,13.725645991236775,2,Raman,Sodium Azide
367.6111382510992,13.773322896651115,2,Raman,Sodium Azide
369.32095749877874,13.763093308212937,2,Raman,Sodium Azide
371.03077674645823,13.740354844257388,2,Raman,Sodium Azide
372.7405959941378,13.798359729270782,2,Raman,Sodium Azide
374.4504152418173,13.777761896679248,2,Raman,Sodium Azide
376.1602344894968,13.733039221349836,2,Raman,Sodium Azide
377.87005373717636,13.69369864750227,2,Raman,Sodium Azide
379.5798729848559,13.754831496001378,2,Raman,Sodium Azide
381.28969223253546,13.717925958492044,2,Raman,Sodium Azide
382.99951148021495,13.765582793908512,2,Raman,Sodium Azide
384.7093307278945,13.805944906869009,2,Raman,Sodium Azide
386.41914997557404,13.770223975141521,2,Raman,Sodium Azide
388.12896922325353,13.816590577314733,2,Raman,Sodium Azide
389.8387884709331,13.733760371236297,2,Raman,Sodium Azide
391.54860771861263,13.80072741068297,2,Raman,Sodium Azide
393.2584269662922,13.826093145675287,2,Raman,Sodium Azide
394.96824621397167,13.761638490336866,2,Raman,Sodium Azide
396.6780654616512,13.855084582971596,2,Raman,Sodium Azide
398.38788470933076,13.726686011560592,2,Raman,Sodium Azide
400.09770395701025,13.736933090642477,2,Raman,Sodium Azide
401.8075232046898,13.790844420985204,2,Raman,Sodium Azide
403.51734245236935,13.767876616320564,2,Raman,Sodium Azide
405.22716170004884,13.736670942349166,2,Raman,Sodium Azide
406.9369809477284,13.803570630105385,2,Raman,Sodium Azide
408.64680019540793,13.78414503074821,2,Raman,Sodium Azide
410.3566194430875,13.757045822000478,2,Raman,Sodium Azide
412.066438690767,13.780008164489098,2,Raman,Sodium Azide
413.7762579384465,13.804591811035465,2,Raman,Sodium Azide
415.48607718612607,13.76012493532816,2,Raman,Sodium Azide
417.19589643380556,13.817372833205297,2,Raman,Sodium Azide
418.9057156814851,13.742230505509076,2,Raman,Sodium Azide
420.61553492916465,13.75144211297356,2,Raman,Sodium Azide
422.3253541768442,13.825617019299518,2,Raman,Sodium Azide
424.0351734245237,13.806632589673463,2,Raman,Sodium Azide
425.74499267220324,13.705933951893476,2,Raman,Sodium Azide
427.4548119198828,13.76897835311688,2,Raman,Sodium Azide
429.1646311675623,13.815555395984438,2,Raman,Sodium Azide
430.8744504152418,13.792569137850824,2,Raman,Sodium Azide
432.5842696629214,13.813454761485989,2,Raman,Sodium Azide
434.2940889106009,13.79429155905834,2,Raman,Sodium Azide
436.0039081582804,13.79547729296776,2,Raman,Sodium Azide
437.71372740595996,13.785558284295439,2,Raman,Sodium Azide
439.4235466536395,13.838064914193122,2,Raman,Sodium Azide
441.133365901319,13.823225934308734,2,Raman,Sodium Azide
442.84318514899854,13.8127136693039,2,Raman,Sodium Azide
444.5530043966781,13.801152205927108,2,Raman,Sodium Azide
446.26282364435764,13.796463336353773,2,Raman,Sodium Azide
447.97264289203713,13.787667924428746,2,Raman,Sodium Azide
449.6824621397167,13.844951689295495,2,Raman,Sodium Azide
451.3922813873962,13.842437557606006,2,Raman,Sodium Azide
453.1021006350757,13.777705495830196,2,Raman,Sodium Azide
454.81191988275526,13.809572898068497,2,Raman,Sodium Azide
456.5217391304348,13.827162150026366,2,Raman,Sodium Azide
458.23155837811436,13.825826588951935,2,Raman,Sodium Azide
459.94137762579385,13.82684040636443,2,Raman,Sodium Azide
461.6511968734734,13.765434349267474,2,Raman,Sodium Azide
463.36101612115294,13.774338439563696,2,Raman,Sodium Azide
465.07083536883243,13.861209685154554,2,Raman,Sodium Azide
466.780654616512,13.886362414188394,2,Raman,Sodium Azide
468.49047386419153,13.765672742040714,2,Raman,Sodium Azide
470.2002931118711,13.816315919349258,2,Raman,Sodium Azide
471.91011235955057,13.851990830284782,2,Raman,Sodium Azide
473.6199316072301,13.730187981939164,2,Raman,Sodium Azide
475.32975085490966,13.787639317017371,2,Raman,Sodium Azide
477.03957010258915,13.828999048221263,2,Raman,Sodium Azide
478.7493893502687,13.799720825904195,2,Raman,Sodium Azide
480.45920859794825,13.833950202130424,2,Raman,Sodium Azide
482.16902784562774,13.88674232134701,2,Raman,Sodium Azide
483.8788470933073,13.803277897273633,2,Raman,Sodium Azide
485.58866634098683,13.831452269898694,2,Raman,Sodium Azide
487.2984855886664,13.816661057030492,2,Raman,Sodium Azide
489.00830483634587,13.857621053826447,2,Raman,Sodium Azide
490.7181240840254,13.83362190120448,2,Raman,Sodium Azide
492.42794333170497,13.94231402561634,2,Raman,Sodium Azide
494.13776257938446,13.89681783717009,2,Raman,Sodium Azide
495.847581827064,13.782865434500774,2,Raman,Sodium Azide
497.55740107474355,13.801970945497251,2,Raman,Sodium Azide
499.2672203224231,13.808288065628162,2,Raman,Sodium Azide
500.9770395701026,13.790993734606596,2,Raman,Sodium Azide
502.68685881778214,13.796850867975172,2,Raman,Sodium Azide
504.3966780654617,13.836732153122746,2,Raman,Sodium Azide
506.1064973131412,13.825157662708143,2,Raman,Sodium Azide
507.8163165608207,13.820320417482277,2,Raman,Sodium Azide
509.52613580850027,13.930431542161543,2,Raman,Sodium Azide
511.2359550561798,13.821949360077477,2,Raman,Sodium Azide
512.9457743038594,13.832568243110016,2,Raman,Sodium Azide
514.6555935515388,13.882230330741452,2,Raman,Sodium Azide
516.3654127992183,13.835087236147466,2,Raman,Sodium Azide
518.0752320468979,13.807073349410429,2,Raman,Sodium Azide
519.7850512945774,13.84543799012458,2,Raman,Sodium Azide
521.494870542257,13.939248917607518,2,Raman,Sodium Azide
523.2046897899365,13.848974951316611,2,Raman,Sodium Azide
524.9145090376161,13.822745268821125,2,Raman,Sodium Azide
526.6243282852955,13.88842033849197,2,Raman,Sodium Azide
528.3341475329751,13.850120852885484,2,Raman,Sodium Azide
530.0439667806546,13.97568468327472,2,Raman,Sodium Azide
531.7537860283342,13.833152331222516,2,Raman,Sodium Azide
533.4636052760137,13.937324896391333,2,Raman,Sodium Azide
535.1734245236933,13.925382378919188,2,Raman,Sodium Azide
536.8832437713728,13.853683478899702,2,Raman,Sodium Azide
538.5930630190522,13.870427435782515,2,Raman,Sodium Azide
540.3028822667318,13.829878639647093,2,Raman,Sodium Azide
542.0127015144113,13.86125794670886,2,Raman,Sodium Azide
543.7225207620909,13.858706001970852,2,Raman,Sodium Azide
545.4323400097704,13.882323702286373,2,Raman,Sodium Azide
547.14215925745,13.819572181647212,2,Raman,Sodium Azide
548.8519785051295,13.891248146103582,2,Raman,Sodium Azide
550.561797752809,13.873915672523513,2,Raman,Sodium Azide
552.2716170004885,13.907438586298984,2,Raman,Sodium Azide
553.981436248168,13.904854129066946,2,Raman,Sodium Azide
555.6912554958476,13.874633021447236,2,Raman,Sodium Azide
557.4010747435271,13.905098536538672,2,Raman,Sodium Azide
559.1108939912067,13.882950676946074,2,Raman,Sodium Azide
560.8207132388862,13.918170176048287,2,Raman,Sodium Azide
562.5305324865657,13.90206197877212,2,Raman,Sodium Azide
564.2403517342452,13.897878442182261,2,Raman,Sodium Azide
565.9501709819248,13.88763988600049,2,Raman,Sodium Azide
567.6599902296043,13.956018637649036,2,Raman,Sodium Azide
569.3698094772839,13.911007940673215,2,Raman,Sodium Azide
571.0796287249634,13.84188678815944,2,Raman,Sodium Azide
572.789447972643,13.877875901466076,2,Raman,Sodium Azide
574.4992672203224,13.889133571590797,2,Raman,Sodium Azide
576.2090864680019,13.899742327517822,2,Raman,Sodium Azide
577.9189057156815,13.90832607606809,2,Raman,Sodium Azide
579.628724963361,13.863919144658814,2,Raman,Sodium Azide
581.3385442110406,13.900997940680734,2,Raman,Sodium Azide
583.0483634587201,13.892283878821647,2,Raman,Sodium Azide
584.7581827063997,13.950687262723813,2,Raman,Sodium Azide
586.4680019540791,13.877156170785923,2,Raman,Sodium Azide
588.1778212017587,13.928375502634236,2,Raman,Sodium Azide
589.8876404494382,13.882448128513117,2,Raman,Sodium Azide
591.5974596971178,13.997753064214713,2,Raman,Sodium Azide
593.3072789447973,13.96434002841623,2,Raman,Sodium Azide
595.0170981924769,13.847386717154436,2,Raman,Sodium Azide
596.7269174401564,13.883238434529414,2,Raman,Sodium Azide
598.4367366878358,13.952587600001099,2,Raman,Sodium Azide
600.1465559355154,13.93703866249612,2,Raman,Sodium Azide
601.8563751831949,13.937087554936797,2,Raman,Sodium Azide
603.5661944308745,13.928824118500854,2,Raman,Sodium Azide
605.276013678554,13.961175217907076,2,Raman,Sodium Azide
606.9858329262336,13.955557972676324,2,Raman,Sodium Azide
608.6956521739131,13.923166265112,2,Raman,Sodium Azide
610.4054714215926,13.877418224507752,2,Raman,Sodium Azide
612.1152906692721,13.868720804905596,2,Raman,Sodium Azide
613.8251099169516,13.924776892259883,2,Raman,Sodium Azide
615.5349291646312,13.875263428777181,2,Raman,Sodium Azide
617.2447484123107,13.941902547887258,2,Raman,Sodium Azide
618.9545676599903,13.930421612958732,2,Raman,Sodium Azide
620.6643869076698,14.013631520222317,2,Raman,Sodium Azide
622.3742061553493,13.94964584480074,2,Raman,Sodium Azide
624.0840254030288,13.935781416209627,2,Raman,Sodium Azide
625.7938446507084,13.88236031561213,2,Raman,Sodium Azide
627.5036638983879,13.888125808105016,2,Raman,Sodium Azide
629.2134831460675,13.968758053636186,2,Raman,Sodium Azide
630.923302393747,13.929511379026716,2,Raman,Sodium Azide
632.6331216414266,14.057060390070653,2,Raman,Sodium Azide
634.342940889106,13.961553617880824,2,Raman,Sodium Azide
636.0527601367855,13.953162491314338,2,Raman,Sodium Azide
637.7625793844651,13.893867419051942,2,Raman,Sodium Azide
639.4723986321446,13.997582689310311,2,Raman,Sodium Azide
641.1822178798242,13.922483977714347,2,Raman,Sodium Azide
642.8920371275037,13.972979132485067,2,Raman,Sodium Azide
644.6018563751833,13.986032679596242,2,Raman,Sodium Azide
646.3116756228627,13.958122635948179,2,Raman,Sodium Azide
648.0214948705423,14.037253138467635,2,Raman,Sodium Azide
649.7313141182218,13.931977379448998,2,Raman,Sodium Azide
651.4411333659014,14.026586797022329,2,Raman,Sodium Azide
653.1509526135809,13.907694833993643,2,Raman,Sodium Azide
654.8607718612604,13.99348023717077,2,Raman,Sodium Azide
656.5705911089399,13.95639638549864,2,Raman,Sodium Azide
658.2804103566194,13.934642458781678,2,Raman,Sodium Azide
659.990229604299,13.897081063198124,2,Raman,Sodium Azide
661.7000488519785,13.965555609148465,2,Raman,Sodium Azide
663.4098680996581,13.954307246177793,2,Raman,Sodium Azide
665.1196873473376,13.975902110441105,2,Raman,Sodium Azide
666.8295065950172,13.999748686275433,2,Raman,Sodium Azide
668.5393258426966,13.938517116731997,2,Raman,Sodium Azide
670.2491450903761,14.044570873584416,2,Raman,Sodium Azide
671.9589643380557,13.952186759720652,2,Raman,Sodium Azide
673.6687835857352,14.000057866662456,2,Raman,Sodium Azide
675.3786028334148,13.980494657761636,2,Raman,Sodium Azide
677.0884220810943,13.97003620515446,2,Raman,Sodium Azide
678.7982413287739,13.991106234299428,2,Raman,Sodium Azide
680.5080605764533,13.94243510878736,2,Raman,Sodium Azide
682.2178798241329,13.966314842445527,2,Raman,Sodium Azide
683.9276990718124,13.928792497323956,2,Raman,Sodium Azide
685.637518319492,13.962373256818701,2,Raman,Sodium Azide
687.3473375671715,13.977071637073763,2,Raman,Sodium Azide
689.057156814851,14.021926254058153,2,Raman,Sodium Azide
690.7669760625306,13.975225387704711,2,Raman,Sodium Azide
692.47679531021,13.971814138586575,2,Raman,Sodium Azide
694.1866145578896,14.000402342830636,2,Raman,Sodium Azide
695.8964338055691,14.020131512658523,2,Raman,Sodium Azide
697.6062530532487,13.979965446751445,2,Raman,Sodium Azide
699.3160723009282,14.011493625065041,2,Raman,Sodium Azide
701.0258915486078,13.989447710212675,2,Raman,Sodium Azide
702.7357107962873,13.973883445329307,2,Raman,Sodium Azide
704.4455300439668,13.999176751820512,2,Raman,Sodium Azide
706.1553492916463,14.03945552611172,2,Raman,Sodium Azide
707.8651685393259,13.983058998077526,2,Raman,Sodium Azide
709.5749877870054,14.014031278457677,2,Raman,Sodium Azide
711.284807034685,13.952381728658258,2,Raman,Sodium Azide
712.9946262823645,14.051538929895152,2,Raman,Sodium Azide
714.704445530044,13.98357443689396,2,Raman,Sodium Azide
716.4142647777235,14.045021615568526,2,Raman,Sodium Azide
718.124084025403,13.999753145554063,2,Raman,Sodium Azide
719.8339032730826,14.027210366000077,2,Raman,Sodium Azide
721.5437225207621,14.030766427316937,2,Raman,Sodium Azide
723.2535417684417,14.018099200622327,2,Raman,Sodium Azide
724.9633610161212,13.93919620078798,2,Raman,Sodium Azide
726.6731802638008,14.061172442842988,2,Raman,Sodium Azide
728.3829995114802,14.012277654988404,2,Raman,Sodium Azide
730.0928187591597,14.044328985545528,2,Raman,Sodium Azide
731.8026380068393,14.058864908423633,2,Raman,Sodium Azide
733.5124572545188,14.003316833304693,2,Raman,Sodium Azide
735.2222765021984,14.044397859356428,2,Raman,Sodium Azide
736.9320957498779,13.994123187501694,2,Raman,Sodium Azide
738.6419149975575,14.041766481428027,2,Raman,Sodium Azide
740.3517342452369,14.02808625789833,2,Raman,Sodium Azide
742.0615534929165,14.021372150491029,2,Raman,Sodium Azide
743.771372740596,14.04185584876309,2,Raman,Sodium Azide
745.4811919882756,13.998213483751435,2,Raman,Sodium Azide
747.1910112359551,14.065203852055175,2,Raman,Sodium Azide
748.9008304836346,14.050766360614075,2,Raman,Sodium Azide
750.6106497313142,14.049353338203181,2,Raman,Sodium Azide
752.3204689789936,14.097869198462162,2,Raman,Sodium Azide
754.0302882266732,14.034031943782983,2,Raman,Sodium Azide
755.7401074743527,14.038169224969208,2,Raman,Sodium Azide
757.4499267220323,14.012814802978067,2,Raman,Sodium Azide
759.1597459697118,14.106049783957598,2,Raman,Sodium Azide
760.8695652173914,13.982093328885105,2,Raman,Sodium Azide
762.5793844650709,14.053873041699067,2,Raman,Sodium Azide
764.2892037127503,14.020791691520165,2,Raman,Sodium Azide
765.9990229604299,14.04974613871097,2,Raman,Sodium Azide
767.7088422081094,14.005161310725539,2,Raman,Sodium Azide
769.418661455789,14.086240612195436,2,Raman,Sodium Azide
771.1284807034685,14.022215376684741,2,Raman,Sodium Azide
772.8382999511481,14.10010035631964,2,Raman,Sodium Azide
774.5481191988276,14.015996401988774,2,Raman,Sodium Azide
776.2579384465071,14.094961850299473,2,Raman,Sodium Azide
777.9677576941866,14.022595828103366,2,Raman,Sodium Azide
779.6775769418662,14.032751456577076,2,Raman,Sodium Azide
781.3873961895457,14.05908100675702,2,Raman,Sodium Azide
783.0972154372253,14.025888035561893,2,Raman,Sodium Azide
784.8070346849048,14.026014570802923,2,Raman,Sodium Azide
786.5168539325844,14.039016917378445,2,Raman,Sodium Azide
788.2266731802638,14.07747837212348,2,Raman,Sodium Azide
789.9364924279433,14.075778456194783,2,Raman,Sodium Azide
791.6463116756229,14.079272302344839,2,Raman,Sodium Azide
793.3561309233024,14.055207590648882,2,Raman,Sodium Azide
795.065950170982,14.092168668895852,2,Raman,Sodium Azide
796.7757694186615,14.113952755990079,2,Raman,Sodium Azide
798.4855886663411,14.095923119122444,2,Raman,Sodium Azide
800.1954079140205,14.065239102830398,2,Raman,Sodium Azide
801.9052271617,14.025284049949022,2,Raman,Sodium Azide
803.6150464093796,13.995754423172944,2,Raman,Sodium Azide
805.3248656570591,14.07510313374376,2,Raman,Sodium Azide
807.0346849047387,13.997753299585865,2,Raman,Sodium Azide
808.7445041524182,14.072274022410474,2,Raman,Sodium Azide
810.4543234000977,14.138962658132947,2,Raman,Sodium Azide
812.1641426477772,14.035999225982131,2,Raman,Sodium Azide
813.8739618954568,14.041915601084028,2,Raman,Sodium Azide
815.5837811431363,14.111706006930842,2,Raman,Sodium Azide
817.2936003908159,13.972568998707468,2,Raman,Sodium Azide
819.0034196384954,14.103952804114726,2,Raman,Sodium Azide
820.713238886175,14.149619580252907,2,Raman,Sodium Azide
822.4230581338544,14.065432448267195,2,Raman,Sodium Azide
824.132877381534,14.049752777899002,2,Raman,Sodium Azide
825.8426966292135,14.117760715843938,2,Raman,Sodium Azide
827.552515876893,14.047247523677312,2,Raman,Sodium Azide
829.2623351245726,14.129425683440456,2,Raman,Sodium Azide
830.9721543722521,14.05322638358081,2,Raman,Sodium Azide
832.6819736199317,14.181152466118606,2,Raman,Sodium Azide
834.3917928676111,14.127350588599192,2,Raman,Sodium Azide
836.1016121152907,14.103208129965113,2,Raman,Sodium Azide
837.8114313629702,14.172784812409581,2,Raman,Sodium Azide
839.5212506106498,14.146400361157747,2,Raman,Sodium Azide
841.2310698583293,14.130680331492375,2,Raman,Sodium Azide
842.9408891060089,14.040946982319495,2,Raman,Sodium Azide
844.6507083536884,14.089674892752564,2,Raman,Sodium Azide
846.3605276013678,14.15391077740999,2,Raman,Sodium Azide
848.0703468490474,14.057906346727695,2,Raman,Sodium Azide
849.7801660967269,14.08103876421942,2,Raman,Sodium Azide
851.4899853444065,14.071906563613322,2,Raman,Sodium Azide
853.199804592086,14.131354128530353,2,Raman,Sodium Azide
854.9096238397656,14.155582160845482,2,Raman,Sodium Azide
856.6194430874451,14.15695062460874,2,Raman,Sodium Azide
858.3292623351246,14.084126061649197,2,Raman,Sodium Azide
860.0390815828041,14.136107987584502,2,Raman,Sodium Azide
861.7489008304836,14.084862232853602,2,Raman,Sodium Azide
863.4587200781632,14.114316068868971,2,Raman,Sodium Azide
865.1685393258427,14.145458364208805,2,Raman,Sodium Azide
866.8783585735223,14.168868466595612,2,Raman,Sodium Azide
868.5881778212018,14.03919349594084,2,Raman,Sodium Azide
870.2979970688813,14.132244013181307,2,Raman,Sodium Azide
872.0078163165608,14.186967037107395,2,Raman,Sodium Azide
873.7176355642404,14.14035092848681,2,Raman,Sodium Azide
875.4274548119199,14.13557509090606,2,Raman,Sodium Azide
877.1372740595995,14.11056131060251,2,Raman,Sodium Azide
878.847093307279,14.19119724397145,2,Raman,Sodium Azide
880.5569125549586,14.115103846626052,2,Raman,Sodium Azide
882.266731802638,14.143431329827388,2,Raman,Sodium Azide
883.9765510503175,14.119660622403961,2,Raman,Sodium Azide
885.6863702979971,14.144588695726934,2,Raman,Sodium Azide
887.3961895456766,14.199670783295572,2,Raman,Sodium Azide
889.1060087933562,14.11586071736553,2,Raman,Sodium Azide
890.8158280410357,14.148751587446878,2,Raman,Sodium Azide
892.5256472887153,14.171443562622267,2,Raman,Sodium Azide
894.2354665363947,14.133672011347828,2,Raman,Sodium Azide
895.9452857840743,14.14573661666394,2,Raman,Sodium Azide
897.6551050317538,14.225009793358492,2,Raman,Sodium Azide
899.3649242794334,14.078645069391007,2,Raman,Sodium Azide
901.0747435271129,14.134944497258667,2,Raman,Sodium Azide
902.7845627747924,14.1636816187994,2,Raman,Sodium Azide
904.494382022472,14.149448157621842,2,Raman,Sodium Azide
906.2042012701514,14.273877869970676,2,Raman,Sodium Azide
907.914020517831,14.179831493272488,2,Raman,Sodium Azide
909.6238397655105,14.126161480481645,2,Raman,Sodium Azide
911.3336590131901,14.064759177760783,2,Raman,Sodium Azide
913.0434782608696,14.18531403971025,2,Raman,Sodium Azide
914.7532975085492,14.14192905934943,2,Raman,Sodium Azide
916.4631167562287,14.216676577126965,2,Raman,Sodium Azide
918.1729360039081,14.15420211059641,2,Raman,Sodium Azide
919.8827552515877,14.143556510132118,2,Raman,Sodium Azide
921.5925744992672,14.14419619255834,2,Raman,Sodium Azide
923.3023937469468,14.209654774267323,2,Raman,Sodium Azide
925.0122129946263,14.187689533456297,2,Raman,Sodium Azide
926.7220322423059,14.253707617922467,2,Raman,Sodium Azide
928.4318514899854,14.164615349996605,2,Raman,Sodium Azide
930.1416707376649,14.209903480555608,2,Raman,Sodium Azide
931.8514899853444,14.221930698661467,2,Raman,Sodium Azide
933.561309233024,14.204873310500025,2,Raman,Sodium Azide
935.2711284807035,14.157908133771864,2,Raman,Sodium Azide
936.9809477283831,14.199356674120654,2,Raman,Sodium Azide
938.6907669760626,14.177403859387896,2,Raman,Sodium Azide
940.4005862237422,14.207662485908186,2,Raman,Sodium Azide
942.1104054714216,14.181155019745608,2,Raman,Sodium Azide
943.8202247191011,14.098851991270854,2,Raman,Sodium Azide
945.5300439667807,14.237631066678075,2,Raman,Sodium Azide
947.2398632144602,14.215636025304908,2,Raman,Sodium Azide
948.9496824621398,14.13455651202569,2,Raman,Sodium Azide
950.6595017098193,14.229977171989235,2,Raman,Sodium Azide
952.3693209574988,14.243769101681913,2,Raman,Sodium Azide
954.0791402051783,14.245092285725537,2,Raman,Sodium Azide
955.7889594528579,14.168318619541768,2,Raman,Sodium Azide
957.4987787005374,14.166169616301488,2,Raman,Sodium Azide
959.208597948217,14.17502064005843,2,Raman,Sodium Azide
960.9184171958965,14.2338488056063,2,Raman,Sodium Azide
962.628236443576,14.21960123877814,2,Raman,Sodium Azide
964.3380556912555,14.31525320851787,2,Raman,Sodium Azide
966.047874938935,14.145807586681178,2,Raman,Sodium Azide
967.7576941866146,14.211969094085097,2,Raman,Sodium Azide
969.4675134342941,14.12682661908212,2,Raman,Sodium Azide
971.1773326819737,14.25120352703931,2,Raman,Sodium Azide
972.8871519296532,14.251787054926789,2,Raman,Sodium Azide
974.5969711773328,14.268522988253132,2,Raman,Sodium Azide
976.3067904250122,14.218855057078937,2,Raman,Sodium Azide
978.0166096726917,14.144681580874934,2,Raman,Sodium Azide
979.7264289203713,14.212505551459456,2,Raman,Sodium Azide
981.4362481680508,14.234642774862001,2,Raman,Sodium Azide
983.1460674157304,14.178929622675048,2,Raman,Sodium Azide
984.8558866634099,14.213421018554973,2,Raman,Sodium Azide
986.5657059110895,14.177332608093852,2,Raman,Sodium Azide
988.2755251587689,14.209310364124397,2,Raman,Sodium Azide
989.9853444064485,14.274347204071812,2,Raman,Sodium Azide
991.695163654128,14.264764220575586,2,Raman,Sodium Azide
993.4049829018076,14.177891821505126,2,Raman,Sodium Azide
995.1148021494871,14.223497449158526,2,Raman,Sodium Azide
996.8246213971667,14.23293508721081,2,Raman,Sodium Azide
998.5344406448462,14.249366569142483,2,Raman,Sodium Azide
1000.2442598925256,14.203452715606202,2,Raman,Sodium Azide
1001.9540791402052,14.2507854099212,2,Raman,Sodium Azide
1003.6638983878847,14.230975752819242,2,Raman,Sodium Azide
1005.3737176355643,14.128460989819132,2,Raman,Sodium Azide
1007.0835368832438,14.211494211698641,2,Raman,Sodium Azide
1008.7933561309234,14.211587909331545,2,Raman,Sodium Azide
1010.5031753786029,14.265029653400084,2,Raman,Sodium Azide
1012.2129946262824,14.277045176034338,2,Raman,Sodium Azide
1013.9228138739619,14.171719847053408,2,Raman,Sodium Azide
1015.6326331216414,14.269138252646943,2,Raman,Sodium Azide
1017.342452369321,14.259539356950102,2,Raman,Sodium Azide
1019.0522716170005,14.24902791588992,2,Raman,Sodium Azide
1020.7620908646801,14.230139931987813,2,Raman,Sodium Azide
1022.4719101123596,14.243979241742567,2,Raman,Sodium Azide
1024.181729360039,14.314755470000796,2,Raman,Sodium Azide
1025.8915486077187,14.253718287137339,2,Raman,Sodium Azide
1027.6013678553982,14.248731169040898,2,Raman,Sodium Azide
1029.3111871030776,14.232232318635512,2,Raman,Sodium Azide
1031.0210063507573,14.296040500654852,2,Raman,Sodium Azide
1032.7308255984367,14.202173136531561,2,Raman,Sodium Azide
1034.4406448461164,14.223033499222597,2,Raman,Sodium Azide
1036.1504640937958,14.202478694372108,2,Raman,Sodium Azide
1037.8602833414755,14.26659230276816,2,Raman,Sodium Azide
1039.5701025891549,14.307864365303832,2,Raman,Sodium Azide
1041.2799218368343,14.247639551093563,2,Raman,Sodium Azide
1042.989741084514,14.22874753147726,2,Raman,Sodium Azide
1044.6995603321934,14.340475347533221,2,Raman,Sodium Azide
1046.409379579873,14.283445451492842,2,Raman,Sodium Azide
1048.1191988275525,14.277682190632166,2,Raman,Sodium Azide
1049.8290180752322,14.25992534222458,2,Raman,Sodium Azide
1051.5388373229116,14.306308472172828,2,Raman,Sodium Azide
1053.248656570591,14.291022637148618,2,Raman,Sodium Azide
1054.9584758182707,14.262029134317382,2,Raman,Sodium Azide
1056.6682950659501,14.280188837378986,2,Raman,Sodium Azide
1058.3781143136298,14.232706782847803,2,Raman,Sodium Azide
1060.0879335613092,14.22894683038996,2,Raman,Sodium Azide
1061.797752808989,14.264869794545062,2,Raman,Sodium Azide
1063.5075720566683,14.335394042623566,2,Raman,Sodium Azide
1065.2173913043478,14.247432960389274,2,Raman,Sodium Azide
1066.9272105520274,14.315080180594332,2,Raman,Sodium Azide
1068.6370297997069,14.249685222534671,2,Raman,Sodium Azide
1070.3468490473865,14.210714629042068,2,Raman,Sodium Azide
1072.056668295066,14.317239433039848,2,Raman,Sodium Azide
1073.7664875427456,14.352720628037305,2,Raman,Sodium Azide
1075.476306790425,14.252677559240745,2,Raman,Sodium Azide
1077.1861260381045,14.244867544879254,2,Raman,Sodium Azide
1078.8959452857841,14.3088087054539,2,Raman,Sodium Azide
1080.6057645334636,14.253908696420881,2,Raman,Sodium Azide
1082.3155837811432,14.314798691829555,2,Raman,Sodium Azide
1084.0254030288227,14.341212238245879,2,Raman,Sodium Azide
1085.7352222765023,14.309047794716987,2,Raman,Sodium Azide
1087.4450415241818,14.329925392636552,2,Raman,Sodium Azide
1089.1548607718612,14.331532341812203,2,Raman,Sodium Azide
1090.8646800195409,14.33993232083502,2,Raman,Sodium Azide
1092.5744992672203,14.302713753969845,2,Raman,Sodium Azide
1094.2843185149,14.33398407769166,2,Raman,Sodium Azide
1095.9941377625794,14.310232419122874,2,Raman,Sodium Azide
1097.703957010259,14.320818740209097,2,Raman,Sodium Azide
1099.4137762579385,14.430693558726645,2,Raman,Sodium Azide
1101.123595505618,14.317365619736822,2,Raman,Sodium Azide
1102.8334147532976,14.257725536693943,2,Raman,Sodium Azide
1104.543234000977,14.312108768361092,2,Raman,Sodium Azide
1106.2530532486567,14.298821733381327,2,Raman,Sodium Azide
1107.962872496336,14.302015510436956,2,Raman,Sodium Azide
1109.6726917440158,14.353048802291225,2,Raman,Sodium Azide
1111.3825109916952,14.361604553358184,2,Raman,Sodium Azide
1113.0923302393746,14.312492962088678,2,Raman,Sodium Azide
1114.8021494870543,14.261340811991895,2,Raman,Sodium Azide
1116.5119687347337,14.33350199033706,2,Raman,Sodium Azide
1118.2217879824134,14.298615789170265,2,Raman,Sodium Azide
1119.9316072300928,14.330699332728086,2,Raman,Sodium Azide
1121.6414264777725,14.318507103907612,2,Raman,Sodium Azide
1123.351245725452,14.374399192812586,2,Raman,Sodium Azide
1125.0610649731314,14.337310808236785,2,Raman,Sodium Azide
1126.770884220811,14.305385809327595,2,Raman,Sodium Azide
1128.4807034684904,14.27222287106555,2,Raman,Sodium Azide
1130.19052271617,14.33812308154245,2,Raman,Sodium Azide
1131.9003419638495,14.359596958640893,2,Raman,Sodium Azide
1133.6101612115292,14.32202929670489,2,Raman,Sodium Azide
1135.3199804592086,14.365700044689588,2,Raman,Sodium Azide
1137.029799706888,14.27897494276518,2,Raman,Sodium Azide
1138.7396189545677,14.3056091749957,2,Raman,Sodium Azide
1140.4494382022472,14.350208906304223,2,Raman,Sodium Azide
1142.1592574499268,14.316549189870244,2,Raman,Sodium Azide
1143.8690766976063,14.326151585673628,2,Raman,Sodium Azide
1145.578895945286,14.339575374825586,2,Raman,Sodium Azide
1147.2887151929654,14.37134982792182,2,Raman,Sodium Azide
1148.9985344406448,14.34058612197506,2,Raman,Sodium Azide
1150.7083536883245,14.265652227512271,2,Raman,Sodium Azide
1152.4181729360039,14.322750784815206,2,Raman,Sodium Azide
1154.1279921836835,14.368902144566235,2,Raman,Sodium Azide
1155.837811431363,14.381119519981256,2,Raman,Sodium Azide
1157.5476306790426,14.39469908512081,2,Raman,Sodium Azide
1159.257449926722,14.397586845212107,2,Raman,Sodium Azide
1160.9672691744015,14.368817896112882,2,Raman,Sodium Azide
1162.6770884220812,14.366050943636713,2,Raman,Sodium Azide
1164.3869076697606,14.315272868059944,2,Raman,Sodium Azide
1166.0967269174403,14.279244323955176,2,Raman,Sodium Azide
1167.8065461651197,14.301458493879899,2,Raman,Sodium Azide
1169.5163654127994,14.341989711991799,2,Raman,Sodium Azide
1171.2261846604788,14.316475981474985,2,Raman,Sodium Azide
1172.9360039081582,14.351329735575654,2,Raman,Sodium Azide
1174.645823155838,14.355755761690768,2,Raman,Sodium Azide
1176.3556424035173,14.424201918400048,2,Raman,Sodium Azide
1178.065461651197,14.33772362025449,2,Raman,Sodium Azide
1179.7752808988764,14.384329413731155,2,Raman,Sodium Azide
1181.485100146556,14.352794513253272,2,Raman,Sodium Azide
1183.1949193942355,14.330179964084767,2,Raman,Sodium Azide
1184.904738641915,14.342886073241928,2,Raman,Sodium Azide
1186.6145578895946,14.290211794305723,2,Raman,Sodium Azide
1188.324377137274,14.425766972326684,2,Raman,Sodium Azide
1190.0341963849537,14.433775446472168,2,Raman,Sodium Azide
1191.7440156326331,14.376976664648998,2,Raman,Sodium Azide
1193.4538348803128,14.380403372047063,2,Raman,Sodium Azide
1195.1636541279922,14.368474282094706,2,Raman,Sodium Azide
1196.8734733756717,14.348412972570891,2,Raman,Sodium Azide
1198.5832926233513,14.411962505483148,2,Raman,Sodium Azide
1200.2931118710308,14.397548032238753,2,Raman,Sodium Azide
1202.0029311187104,14.26703926699946,2,Raman,Sodium Azide
1203.7127503663899,14.344972410991371,2,Raman,Sodium Azide
1205.4225696140695,14.314746481391985,2,Raman,Sodium Azide
1207.132388861749,14.453304457244233,2,Raman,Sodium Azide
1208.8422081094284,14.384158975492317,2,Raman,Sodium Azide
1210.552027357108,14.402318711560579,2,Raman,Sodium Azide
1212.2618466047875,14.379410988190802,2,Raman,Sodium Azide
1213.9716658524671,14.440145155697053,2,Raman,Sodium Azide
1215.6814851001466,14.431599648231673,2,Raman,Sodium Azide
1217.3913043478262,14.389018115955082,2,Raman,Sodium Azide
1219.1011235955057,14.469234033771768,2,Raman,Sodium Azide
1220.810942843185,14.418027163098728,2,Raman,Sodium Azide
1222.5207620908648,14.342219216552374,2,Raman,Sodium Azide
1224.2305813385442,14.417202907099021,2,Raman,Sodium Azide
1225.9404005862239,14.425562231114018,2,Raman,Sodium Azide
1227.6502198339033,14.400342364522055,2,Raman,Sodium Azide
1229.360039081583,14.400317137031797,2,Raman,Sodium Azide
1231.0698583292624,14.4804221200003,2,Raman,Sodium Azide
1232.7796775769418,14.361377629675614,2,Raman,Sodium Azide
1234.4894968246215,14.298327512015492,2,Raman,Sodium Azide
1236.199316072301,14.488477512459166,2,Raman,Sodium Azide
1237.9091353199806,14.363722136191052,2,Raman,Sodium Azide
1239.61895456766,14.413379967728916,2,Raman,Sodium Azide
1241.3287738153397,14.401002681401824,2,Raman,Sodium Azide
1243.038593063019,14.467987136403062,2,Raman,Sodium Azide
1244.7484123106985,14.487602206664793,2,Raman,Sodium Azide
1246.4582315583782,14.377656047408232,2,Raman,Sodium Azide
1248.1680508060576,14.47707796048743,2,Raman,Sodium Azide
1249.8778700537373,14.477651203305834,2,Raman,Sodium Azide
1251.5876893014167,14.43516026375929,2,Raman,Sodium Azide
1253.2975085490964,14.463747405120923,2,Raman,Sodium Azide
1255.0073277967758,14.469167283373096,2,Raman,Sodium Azide
1256.7171470444553,14.41805532458333,2,Raman,Sodium Azide
1258.426966292135,14.423253812179231,2,Raman,Sodium Azide
1260.1367855398144,14.465056008872352,2,Raman,Sodium Azide
1261.846604787494,14.365893094259889,2,Raman,Sodium Azide
1263.5564240351734,14.419231105222647,2,Raman,Sodium Azide
1265.266243282853,14.386018846000296,2,Raman,Sodium Azide
1266.9760625305325,14.494406529731295,2,Raman,Sodium Azide
1268.685881778212,14.42273475038643,2,Raman,Sodium Azide
1270.3957010258916,14.450255347295485,2,Raman,Sodium Azide
1272.105520273571,14.441395563605017,2,Raman,Sodium Azide
1273.8153395212507,14.430068585440758,2,Raman,Sodium Azide
1275.5251587689302,14.451570769775826,2,Raman,Sodium Azide
1277.2349780166098,14.424480041938319,2,Raman,Sodium Azide
1278.9447972642893,14.447520876489692,2,Raman,Sodium Azide
1280.6546165119687,14.448548595019531,2,Raman,Sodium Azide
1282.3644357596484,14.43100759671584,2,Raman,Sodium Azide
1284.0742550073278,14.495558880815151,2,Raman,Sodium Azide
1285.7840742550075,14.432693403403428,2,Raman,Sodium Azide
1287.493893502687,14.517994737312502,2,Raman,Sodium Azide
1289.2037127503665,14.479249894837073,2,Raman,Sodium Azide
1290.913531998046,14.409862077085052,2,Raman,Sodium Azide
1292.6233512457254,14.478719975081328,2,Raman,Sodium Azide
1294.333170493405,14.439440000232974,2,Raman,Sodium Azide
1296.0429897410845,14.46443592305743,2,Raman,Sodium Azide
1297.7528089887642,14.43039403664092,2,Raman,Sodium Azide
1299.4626282364436,14.37202149327977,2,Raman,Sodium Azide
1301.1724474841233,14.471996987258601,2,Raman,Sodium Azide
1302.8822667318027,14.40568597052681,2,Raman,Sodium Azide
1304.5920859794821,14.48266469733538,2,Raman,Sodium Azide
1306.3019052271618,14.473999293078585,2,Raman,Sodium Azide
1308.0117244748412,14.453556731990277,2,Raman,Sodium Azide
1309.721543722521,14.544007970472963,2,Raman,Sodium Azide
1311.4313629702003,14.430287651612606,2,Raman,Sodium Azide
1313.1411822178798,14.456706356127958,2,Raman,Sodium Azide
1314.8510014655594,14.427782590162739,2,Raman,Sodium Azide
1316.5608207132389,14.578124181702208,2,Raman,Sodium Azide
1318.2706399609185,14.531337301702745,2,Raman,Sodium Azide
1319.980459208598,14.429468024322746,2,Raman,Sodium Azide
1321.6902784562776,14.4451356214721,2,Raman,Sodium Azide
1323.400097703957,14.447847739543835,2,Raman,Sodium Azide
1325.1099169516365,14.459006073469395,2,Raman,Sodium Azide
1326.8197361993161,14.4402577654673,2,Raman,Sodium Azide
1328.5295554469956,14.469417122547688,2,Raman,Sodium Azide
1330.2393746946752,14.536460451643032,2,Raman,Sodium Azide
1331.9491939423547,14.566224815989322,2,Raman,Sodium Azide
1333.6590131900343,14.42510337936195,2,Raman,Sodium Azide
1335.3688324377138,14.44696627982088,2,Raman,Sodium Azide
1337.0786516853932,14.499486165199398,2,Raman,Sodium Azide
1338.7884709330729,14.427622454183304,2,Raman,Sodium Azide
1340.4982901807523,14.513197890101225,2,Raman,Sodium Azide
1342.208109428432,14.516793650218752,2,Raman,Sodium Azide
1343.9179286761114,14.544672312420682,2,Raman,Sodium Azide
1345.627747923791,14.518309015704565,2,Raman,Sodium Azide
1347.3375671714705,14.476902221523636,2,Raman,Sodium Azide
1349.04738641915,14.50265669826658,2,Raman,Sodium Azide
1350.7572056668296,14.453270991239503,2,Raman,Sodium Azide
1352.467024914509,14.541670671726385,2,Raman,Sodium Azide
1354.1768441621887,14.569472111018257,2,Raman,Sodium Azide
1355.886663409868,14.52423954470499,2,Raman,Sodium Azide
1357.5964826575478,14.47835243555276,2,Raman,Sodium Azide
1359.3063019052272,14.548625964206318,2,Raman,Sodium Azide
1361.0161211529066,14.60588646618775,2,Raman,Sodium Azide
1362.7259404005863,14.520614199670348,2,Raman,Sodium Azide
1364.4357596482657,14.534644587393945,2,Raman,Sodium Azide
1366.1455788959454,14.541000490196605,2,Raman,Sodium Azide
1367.8553981436248,14.45921385373832,2,Raman,Sodium Azide
1369.5652173913045,14.519231346278577,2,Raman,Sodium Azide
1371.275036638984,14.496367311546578,2,Raman,Sodium Azide
1372.9848558866634,14.552725220389945,2,Raman,Sodium Azide
1374.694675134343,14.549300043840574,2,Raman,Sodium Azide
1376.4044943820224,14.526391601177652,2,Raman,Sodium Azide
1378.114313629702,14.499230963522797,2,Raman,Sodium Azide
1379.8241328773815,14.455158842932718,2,Raman,Sodium Azide
1381.5339521250612,14.524673097608593,2,Raman,Sodium Azide
1383.2437713727406,14.487682519151024,2,Raman,Sodium Azide
1384.95359062042,14.483953950428072,2,Raman,Sodium Azide
1386.6634098680997,14.567078925103408,2,Raman,Sodium Azide
1388.3732291157792,14.56414941666658,2,Raman,Sodium Azide
1390.0830483634588,14.522006990128613,2,Raman,Sodium Azide
1391.7928676111383,14.469251432438215,2,Raman,Sodium Azide
1393.502686858818,14.500904230864494,2,Raman,Sodium Azide
1395.2125061064974,14.576452246210438,2,Raman,Sodium Azide
1396.9223253541768,14.55633784971159,2,Raman,Sodium Azide
1398.6321446018565,14.519332264022637,2,Raman,Sodium Azide
1400.341963849536,14.552307689313112,2,Raman,Sodium Azide
1402.0517830972155,14.456583422291022,2,Raman,Sodium Azide
1403.761602344895,14.454822724545341,2,Raman,Sodium Azide
1405.4714215925746,14.62456367752852,2,Raman,Sodium Azide
1407.181240840254,14.565889544487456,2,Raman,Sodium Azide
1408.8910600879335,14.54661855672179,2,Raman,Sodium Azide
1410.6008793356132,14.531682524125905,2,Raman,Sodium Azide
1412.3106985832926,14.477321990667045,2,Raman,Sodium Azide
1414.0205178309723,14.591059171882902,2,Raman,Sodium Azide
1415.7303370786517,14.515476575219907,2,Raman,Sodium Azide
1417.4401563263314,14.581922455962069,2,Raman,Sodium Azide
1419.1499755740108,14.559904827897686,2,Raman,Sodium Azide
1420.8597948216902,14.55372158141915,2,Raman,Sodium Azide
1422.56961406937,14.50403710281555,2,Raman,Sodium Azide
1424.2794333170493,14.505908474408685,2,Raman,Sodium Azide
1425.989252564729,14.575741018714968,2,Raman,Sodium Azide
1427.6990718124084,14.564391435682538,2,Raman,Sodium Azide
1429.408891060088,14.564411819778261,2,Raman,Sodium Azide
1431.1187103077675,14.575486225652696,2,Raman,Sodium Azide
1432.828529555447,14.486122089462036,2,Raman,Sodium Azide
1434.5383488031266,14.6078905374558,2,Raman,Sodium Azide
1436.248168050806,14.553278433945895,2,Raman,Sodium Azide
1437.9579872984857,14.616850465305435,2,Raman,Sodium Azide
1439.6678065461651,14.48851372611183,2,Raman,Sodium Azide
1441.3776257938448,14.595000620992431,2,Raman,Sodium Azide
1443.0874450415242,14.595943235585565,2,Raman,Sodium Azide
1444.7972642892037,14.513803886226134,2,Raman,Sodium Azide
1446.5070835368833,14.54968547462573,2,Raman,Sodium Azide
1448.2169027845628,14.53386683132287,2,Raman,Sodium Azide
1449.9267220322424,14.61364402925194,2,Raman,Sodium Azide
1451.6365412799219,14.602355018329403,2,Raman,Sodium Azide
1453.3463605276015,14.646314934844614,2,Raman,Sodium Azide
1455.056179775281,14.600688869696798,2,Raman,Sodium Azide
1456.7659990229604,14.613612571996361,2,Raman,Sodium Azide
1458.47581827064,14.632883604515694,2,Raman,Sodium Azide
1460.1856375183195,14.619013518125419,2,Raman,Sodium Azide
1461.8954567659991,14.572045205346742,2,Raman,Sodium Azide
1463.6052760136786,14.575779704240492,2,Raman,Sodium Azide
1465.3150952613582,14.587123209396985,2,Raman,Sodium Azide
1467.0249145090377,14.634206011062247,2,Raman,Sodium Azide
1468.734733756717,14.561774642441263,2,Raman,Sodium Azide
1470.4445530043968,14.620969193602122,2,Raman,Sodium Azide
1472.1543722520762,14.608852401172163,2,Raman,Sodium Azide
1473.8641914997559,14.545880352542465,2,Raman,Sodium Azide
1475.5740107474353,14.632969667678456,2,Raman,Sodium Azide
1477.283829995115,14.60546332749261,2,Raman,Sodium Azide
1478.9936492427944,14.578538818042412,2,Raman,Sodium Azide
1480.7034684904738,14.617528122993198,2,Raman,Sodium Azide
1482.4132877381535,14.582780992583205,2,Raman,Sodium Azide
1484.123106985833,14.625090299554257,2,Raman,Sodium Azide
1485.8329262335126,14.599460070309782,2,Raman,Sodium Azide
1487.542745481192,14.555218430762157,2,Raman,Sodium Azide
1489.2525647288717,14.613337138426644,2,Raman,Sodium Azide
1490.962383976551,14.592235190630165,2,Raman,Sodium Azide
1492.6722032242305,14.647557908653257,2,Raman,Sodium Azide
1494.3820224719102,14.648848872879883,2,Raman,Sodium Azide
1496.0918417195896,14.593513501709761,2,Raman,Sodium Azide
1497.8016609672693,14.583401167902489,2,Raman,Sodium Azide
1499.5114802149487,14.548385246196773,2,Raman,Sodium Azide
1501.2212994626284,14.59505186475841,2,Raman,Sodium Azide
1502.9311187103078,14.606403829872809,2,Raman,Sodium Azide
1504.6409379579873,14.566278135830837,2,Raman,Sodium Azide
1506.350757205667,14.658690671933458,2,Raman,Sodium Azide
1508.0605764533464,14.634274233763069,2,Raman,Sodium Azide
1509.770395701026,14.639992636277965,2,Raman,Sodium Azide
1511.4802149487055,14.625553620608953,2,Raman,Sodium Azide
1513.190034196385,14.640048867342209,2,Raman,Sodium Azide
1514.8998534440645,14.654720936745655,2,Raman,Sodium Azide
1516.609672691744,14.663226427892642,2,Raman,Sodium Azide
1518.3194919394236,14.618933138516473,2,Raman,Sodium Azide
1520.029311187103,14.627082981977853,2,Raman,Sodium Azide
1521.7391304347827,14.65125952266353,2,Raman,Sodium Azide
1523.4489496824622,14.63807332363406,2,Raman,Sodium Azide
1525.1587689301418,14.67244980199191,2,Raman,Sodium Azide
1526.8685881778213,14.688262467601435,2,Raman,Sodium Azide
1528.5784074255007,14.653552940367595,2,Raman,Sodium Azide
1530.2882266731804,14.603787142914493,2,Raman,Sodium Azide
1531.9980459208598,14.672913808955776,2,Raman,Sodium Azide
1533.7078651685395,14.659153873862985,2,Raman,Sodium Azide
1535.417684416219,14.604350108650667,2,Raman,Sodium Azide
1537.1275036638986,14.671765134793816,2,Raman,Sodium Azide
1538.837322911578,14.625279070353761,2,Raman,Sodium Azide
1540.5471421592574,14.679252207383808,2,Raman,Sodium Azide
1542.256961406937,14.68055038707396,2,Raman,Sodium Azide
1543.9667806546165,14.660564934470031,2,Raman,Sodium Azide
1545.6765999022962,14.654367631096632,2,Raman,Sodium Azide
1547.3864191499756,14.567078899296337,2,Raman,Sodium Azide
1549.0962383976553,14.605907165139104,2,Raman,Sodium Azide
1550.8060576453347,14.651442198175602,2,Raman,Sodium Azide
1552.5158768930141,14.720099686833407,2,Raman,Sodium Azide
1554.2256961406938,14.68247478078826,2,Raman,Sodium Azide
1555.9355153883732,14.734778372755187,2,Raman,Sodium Azide
1557.645334636053,14.665477222554067,2,Raman,Sodium Azide
1559.3551538837323,14.662160555866814,2,Raman,Sodium Azide
1561.064973131412,14.72289410156824,2,Raman,Sodium Azide
1562.7747923790914,14.669579281583172,2,Raman,Sodium Azide
1564.4846116267709,14.62715435479194,2,Raman,Sodium Azide
1566.1944308744505,14.681655446315814,2,Raman,Sodium Azide
1567.90425012213,14.715859428166745,2,Raman,Sodium Azide
1569.6140693698096,14.637688011835454,2,Raman,Sodium Azide
1571.323888617489,14.696749326680077,2,Raman,Sodium Azide
1573.0337078651687,14.680239569226888,2,Raman,Sodium Azide
1574.7435271128481,14.713787369143043,2,Raman,Sodium Azide
1576.4533463605276,14.689492374674463,2,Raman,Sodium Azide
1578.1631656082072,14.661123789492358,2,Raman,Sodium Azide
1579.8729848558867,14.67502335124794,2,Raman,Sodium Azide
1581.5828041035663,14.666271889664898,2,Raman,Sodium Azide
1583.2926233512458,14.686857108109487,2,Raman,Sodium Azide
1585.0024425989254,14.648818358647132,2,Raman,Sodium Azide
1586.7122618466049,14.669898387000782,2,Raman,Sodium Azide
1588.4220810942843,14.669106142983525,2,Raman,Sodium Azide
1590.131900341964,14.703306185531781,2,Raman,Sodium Azide
1591.8417195896434,14.630896897889816,2,Raman,Sodium Azide
1593.551538837323,14.685609350620812,2,Raman,Sodium Azide
1595.2613580850025,14.662412674677883,2,Raman,Sodium Azide
1596.9711773326821,14.67585039012264,2,Raman,Sodium Azide
1598.6809965803616,14.667028860113378,2,Raman,Sodium Azide
1600.390815828041,14.703231336150095,2,Raman,Sodium Azide
1602.1006350757207,14.690210225747137,2,Raman,Sodium Azide
1603.8104543234,14.726983197361932,2,Raman,Sodium Azide
1605.5202735710798,14.715667838520401,2,Raman,Sodium Azide
1607.2300928187592,14.637891541025384,2,Raman,Sodium Azide
1608.9399120664386,14.662763776460505,2,Raman,Sodium Azide
1610.6497313141183,14.696197918739236,2,Raman,Sodium Azide
1612.3595505617977,14.702837143044798,2,Raman,Sodium Azide
1614.0693698094774,14.670347343859174,2,Raman,Sodium Azide
1615.7791890571568,14.760448708508616,2,Raman,Sodium Azide
1617.4890083048365,14.753853362246222,2,Raman,Sodium Azide
1619.198827552516,14.642793844095602,2,Raman,Sodium Azide
1620.9086468001954,14.725323007546878,2,Raman,Sodium Azide
1622.618466047875,14.710688716871221,2,Raman,Sodium Azide
1624.3282852955545,14.764636853408845,2,Raman,Sodium Azide
1626.038104543234,14.661160305687067,2,Raman,Sodium Azide
1627.7479237909135,14.800585872981783,2,Raman,Sodium Azide
1629.4577430385932,14.69347632950978,2,Raman,Sodium Azide
1631.1675622862726,14.734641864526292,2,Raman,Sodium Azide
1632.877381533952,14.695785526666072,2,Raman,Sodium Azide
1634.5872007816317,14.706505925527328,2,Raman,Sodium Azide
1636.2970200293112,14.654251498913956,2,Raman,Sodium Azide
1638.0068392769908,14.773344104882515,2,Raman,Sodium Azide
1639.7166585246703,14.71483588020251,2,Raman,Sodium Azide
1641.42647777235,14.718937980959357,2,Raman,Sodium Azide
1643.1362970200294,14.822845829694943,2,Raman,Sodium Azide
1644.8461162677088,14.768968328257296,2,Raman,Sodium Azide
1646.5559355153885,14.70388010753441,2,Raman,Sodium Azide
1648.265754763068,14.707578927162723,2,Raman,Sodium Azide
1649.9755740107476,14.744406311154885,2,Raman,Sodium Azide
1651.685393258427,14.776580843191297,2,Raman,Sodium Azide
1653.3952125061066,14.81796388061254,2,Raman,Sodium Azide
1655.105031753786,14.672177980801374,2,Raman,Sodium Azide
1656.8148510014655,14.778781560768847,2,Raman,Sodium Azide
1658.5246702491452,14.77666431918546,2,Raman,Sodium Azide
1660.2344894968246,14.709561656918444,2,Raman,Sodium Azide
1661.9443087445043,14.728403479562973,2,Raman,Sodium Azide
1663.6541279921837,14.677911145715772,2,Raman,Sodium Azide
1665.3639472398634,14.725321566200888,2,Raman,Sodium Azide
1667.0737664875428,14.766556363989892,2,Raman,Sodium Azide
1668.7835857352222,14.813456537369614,2,Raman,Sodium Azide
1670.493404982902,14.828548415324253,2,Raman,Sodium Azide
1672.2032242305813,14.70907421613587,2,Raman,Sodium Azide
1673.913043478261,14.81188120362049,2,Raman,Sodium Azide
1675.6228627259404,14.674191398773571,2,Raman,Sodium Azide
1677.33268197362,14.731189166903372,2,Raman,Sodium Azide
1679.0425012212995,14.744068834369159,2,Raman,Sodium Azide
1680.752320468979,14.767984384035419,2,Raman,Sodium Azide
1682.4621397166586,14.773384885396736,2,Raman,Sodium Azide
1684.171958964338,14.77528811495334,2,Raman,Sodium Azide
1685.8817782120177,14.754230375036363,2,Raman,Sodium Azide
1687.5915974596971,14.802175623821904,2,Raman,Sodium Azide
1689.3014167073768,14.792579045163176,2,Raman,Sodium Azide
1691.0112359550562,14.753864911298653,2,Raman,Sodium Azide
1692.7210552027357,14.801378094197508,2,Raman,Sodium Azide
1694.4308744504153,14.862730056898418,2,Raman,Sodium Azide
1696.1406936980948,14.742193851425592,2,Raman,Sodium Azide
1697.8505129457744,14.839347280294342,2,Raman,Sodium Azide
1699.5603321934539,14.748513214121107,2,Raman,Sodium Azide
1701.2701514411335,14.83119065218503,2,Raman,Sodium Azide
1702.979970688813,14.752700968838932,2,Raman,Sodium Azide
1704.6897899364924,14.81754374637751,2,Raman,Sodium Azide
1706.399609184172,14.784961130284998,2,Raman,Sodium Azide
1708.1094284318515,14.706119348449349,2,Raman,Sodium Azide
1709.8192476795311,14.868444739588586,2,Raman,Sodium Azide
1711.5290669272106,14.745080583381776,2,Raman,Sodium Azide
1713.2388861748902,14.731142996212597,2,Raman,Sodium Azide
1714.9487054225697,14.758182324180131,2,Raman,Sodium Azide
1716.658524670249,14.8888780128999,2,Raman,Sodium Azide
1718.3683439179288,14.735775313346123,2,Raman,Sodium Azide
1720.0781631656082,14.795528863458996,2,Raman,Sodium Azide
1721.7879824132879,14.743758062497601,2,Raman,Sodium Azide
1723.4978016609673,14.752081640231562,2,Raman,Sodium Azide
1725.207620908647,14.726982204611911,2,Raman,Sodium Azide
1726.9174401563264,14.806427763308049,2,Raman,Sodium Azide
1728.6272594040058,14.798318636743584,2,Raman,Sodium Azide
1730.3370786516855,14.760063602313375,2,Raman,Sodium Azide
1732.046897899365,14.83318040517668,2,Raman,Sodium Azide
1733.7567171470446,14.838813684021947,2,Raman,Sodium Azide
1735.466536394724,14.816823794799035,2,Raman,Sodium Azide
1737.1763556424037,14.84930154074722,2,Raman,Sodium Azide
1738.886174890083,14.788624894941686,2,Raman,Sodium Azide
1740.5959941377625,14.817346227212438,2,Raman,Sodium Azide
1742.3058133854422,14.791438519935543,2,Raman,Sodium Azide
1744.0156326331216,14.755348152361229,2,Raman,Sodium Azide
1745.7254518808013,14.817122635776341,2,Raman,Sodium Azide
1747.4352711284807,14.815979425440938,2,Raman,Sodium Azide
1749.1450903761604,14.809601275820041,2,Raman,Sodium Azide
1750.8549096238398,14.8374158379833,2,Raman,Sodium Azide
1752.5647288715193,14.871096588746518,2,Raman,Sodium Azide
1754.274548119199,14.806476829695866,2,Raman,Sodium Azide
1755.9843673668784,14.787091867571714,2,Raman,Sodium Azide
1757.694186614558,14.807364981748886,2,Raman,Sodium Azide
1759.4040058622375,14.813218331008933,2,Raman,Sodium Azide
1761.1138251099171,14.860261160344248,2,Raman,Sodium Azide
1762.8236443575965,14.825809646799133,2,Raman,Sodium Azide
1764.533463605276,14.785938277506682,2,Raman,Sodium Azide
1766.2432828529556,14.856977384331465,2,Raman,Sodium Azide
1767.953102100635,14.851763788913363,2,Raman,Sodium Azide
1769.6629213483147,14.831139788455662,2,Raman,Sodium Azide
1771.3727405959942,14.86678748521052,2,Raman,Sodium Azide
1773.0825598436738,14.874944041929123,2,Raman,Sodium Azide
1774.7923790913533,14.815354041153752,2,Raman,Sodium Azide
1776.5021983390327,14.805354487777892,2,Raman,Sodium Azide
1778.2120175867124,14.842925583470526,2,Raman,Sodium Azide
1779.9218368343918,14.85663258439635,2,Raman,Sodium Azide
1781.6316560820715,14.831767660354199,2,Raman,Sodium Azide
1783.341475329751,14.80706549832307,2,Raman,Sodium Azide
1785.0512945774306,14.855359574457458,2,Raman,Sodium Azide
1786.76111382511,14.757081259524954,2,Raman,Sodium Azide
1788.4709330727894,14.828140094111236,2,Raman,Sodium Azide
1790.180752320469,14.877435080253614,2,Raman,Sodium Azide
1791.8905715681485,14.880977513343604,2,Raman,Sodium Azide
1793.6003908158282,14.691959337798355,2,Raman,Sodium Azide
1795.3102100635076,14.838833042016216,2,Raman,Sodium Azide
1797.0200293111873,14.882469890390603,2,Raman,Sodium Azide
1798.7298485588667,14.811361302142164,2,Raman,Sodium Azide
1800.4396678065461,14.835498678541523,2,Raman,Sodium Azide
1802.1494870542258,14.901279143203169,2,Raman,Sodium Azide
1803.8593063019052,14.83357654090951,2,Raman,Sodium Azide
1805.569125549585,14.939885437179065,2,Raman,Sodium Azide
1807.2789447972643,14.83574584361518,2,Raman,Sodium Azide
1808.988764044944,14.914839859122146,2,Raman,Sodium Azide
1810.6985832926234,14.860012612744335,2,Raman,Sodium Azide
1812.4084025403029,14.834134471961521,2,Raman,Sodium Azide
1814.1182217879825,14.928960048662182,2,Raman,Sodium Azide
1815.828041035662,14.823401777972233,2,Raman,Sodium Azide
1817.5378602833416,14.831478814558693,2,Raman,Sodium Azide
1819.247679531021,14.895272726474492,2,Raman,Sodium Azide
1820.9574987787007,14.869908948037738,2,Raman,Sodium Azide
1822.6673180263801,14.899117595734984,2,Raman,Sodium Azide
1824.3771372740596,14.854239802482633,2,Raman,Sodium Azide
1826.0869565217392,14.82165903332534,2,Raman,Sodium Azide
1827.7967757694187,14.845310936614625,2,Raman,Sodium Azide
1829.5065950170983,14.927125584614078,2,Raman,Sodium Azide
1831.2164142647778,14.820029472066313,2,Raman,Sodium Azide
1832.9262335124574,14.943004045980452,2,Raman,Sodium Azide
1834.6360527601369,14.89012334783893,2,Raman,Sodium Azide
1836.3458720078163,14.854213665761515,2,Raman,Sodium Azide
1838.055691255496,14.798205982529458,2,Raman,Sodium Azide
1839.7655105031754,14.804893977603367,2,Raman,Sodium Azide
1841.475329750855,14.868027682100035,2,Raman,Sodium Azide
1843.1851489985345,14.864412262127411,2,Raman,Sodium Azide
1844.8949682462141,14.900008539831326,2,Raman,Sodium Azide
1846.6047874938936,14.956675382186173,2,Raman,Sodium Azide
1848.314606741573,14.909794824805466,2,Raman,Sodium Azide
1850.0244259892527,14.8839377746463,2,Raman,Sodium Azide
1851.734245236932,14.940165127914215,2,Raman,Sodium Azide
1853.4440644846118,14.897991386613532,2,Raman,Sodium Azide
1855.1538837322912,14.958442553557724,2,Raman,Sodium Azide
1856.8637029799709,14.877078747919326,2,Raman,Sodium Azide
1858.5735222276503,14.868997512374436,2,Raman,Sodium Azide
1860.2833414753297,14.81554089289811,2,Raman,Sodium Azide
1861.9931607230094,14.89418390333061,2,Raman,Sodium Azide
1863.7029799706888,14.849438064262106,2,Raman,Sodium Azide
1865.4127992183685,14.860188308468425,2,Raman,Sodium Azide
1867.122618466048,14.944670387682105,2,Raman,Sodium Azide
1868.8324377137276,14.853533294092713,2,Raman,Sodium Azide
1870.542256961407,14.91935037930342,2,Raman,Sodium Azide
1872.2520762090865,14.903057138431612,2,Raman,Sodium Azide
1873.9618954567661,14.911540239646827,2,Raman,Sodium Azide
1875.6717147044455,14.965582209152704,2,Raman,Sodium Azide
1877.3815339521252,14.876748136638419,2,Raman,Sodium Azide
1879.0913531998046,14.96827283599864,2,Raman,Sodium Azide
1880.8011724474843,14.841275009385262,2,Raman,Sodium Azide
1882.5109916951637,14.940972436199882,2,Raman,Sodium Azide
1884.2208109428432,14.975987239207402,2,Raman,Sodium Azide
1885.9306301905228,14.761667657329234,2,Raman,Sodium Azide
1887.6404494382023,14.916961544165508,2,Raman,Sodium Azide
1889.350268685882,14.924970925857426,2,Raman,Sodium Azide
1891.0600879335614,14.923993226350657,2,Raman,Sodium Azide
1892.769907181241,14.99222330983062,2,Raman,Sodium Azide
1894.4797264289205,14.91256081558749,2,Raman,Sodium Azide
1896.1895456766,14.876716577177444,2,Raman,Sodium Azide
1897.8993649242796,14.929602237747059,2,Raman,Sodium Azide
1899.609184171959,14.973575276622814,2,Raman,Sodium Azide
1901.3190034196386,14.95182299524232,2,Raman,Sodium Azide
1903.028822667318,14.931758480840035,2,Raman,Sodium Azide
1904.7386419149975,14.922333269629549,2,Raman,Sodium Azide
1906.4484611626772,14.861129147373388,2,Raman,Sodium Azide
1908.1582804103566,14.958246131294736,2,Raman,Sodium Azide
1909.8680996580363,14.974449027492945,2,Raman,Sodium Azide
1911.5779189057157,14.908750369329107,2,Raman,Sodium Azide
1913.2877381533954,14.929365324261838,2,Raman,Sodium Azide
1914.9975574010748,14.906885534083496,2,Raman,Sodium Azide
1916.7073766487542,14.976402973417894,2,Raman,Sodium Azide
1918.417195896434,14.93738282688641,2,Raman,Sodium Azide
1920.1270151441133,14.937546843930853,2,Raman,Sodium Azide
1921.836834391793,14.970641399706615,2,Raman,Sodium Azide
1923.5466536394724,14.9596356718009,2,Raman,Sodium Azide
1925.256472887152,14.98060532664774,2,Raman,Sodium Azide
1926.9662921348315,14.956084426043695,2,Raman,Sodium Azide
1928.676111382511,14.958321571881488,2,Raman,Sodium Azide
1930.3859306301906,14.959262811601162,2,Raman,Sodium Azide
1932.09574987787,14.981414509371273,2,Raman,Sodium Azide
1933.8055691255497,14.974725145840058,2,Raman,Sodium Azide
1935.5153883732291,14.90562164118417,2,Raman,Sodium Azide
1937.2252076209088,14.932552976272413,2,Raman,Sodium Azide
1938.9350268685882,14.949949991641745,2,Raman,Sodium Azide
1940.6448461162677,14.988010001209965,2,Raman,Sodium Azide
1942.3546653639473,15.02608006098455,2,Raman,Sodium Azide
1944.0644846116268,14.939050970644074,2,Raman,Sodium Azide
1945.7743038593064,14.999409458217013,2,Raman,Sodium Azide
1947.4841231069859,14.941673842005525,2,Raman,Sodium Azide
1949.1939423546655,15.022134230802548,2,Raman,Sodium Azide
1950.903761602345,15.045569453563644,2,Raman,Sodium Azide
1952.6135808500244,14.897550708124372,2,Raman,Sodium Azide
1954.323400097704,14.966884946217489,2,Raman,Sodium Azide
1956.0332193453835,14.885635099897309,2,Raman,Sodium Azide
1957.7430385930631,14.903908586709363,2,Raman,Sodium Azide
1959.4528578407426,14.907778992621395,2,Raman,Sodium Azide
1961.1626770884222,15.000974557287591,2,Raman,Sodium Azide
1962.8724963361017,14.994669437374275,2,Raman,Sodium Azide
1964.582315583781,15.010859751528091,2,Raman,Sodium Azide
1966.2921348314608,15.004299803720711,2,Raman,Sodium Azide
1968.0019540791402,15.000615367513486,2,Raman,Sodium Azide
1969.7117733268199,14.996716115668134,2,Raman,Sodium Azide
1971.4215925744993,14.978140206704047,2,Raman,Sodium Azide
1973.131411822179,15.026409087702794,2,Raman,Sodium Azide
1974.8412310698584,14.98663733420306,2,Raman,Sodium Azide
1976.5510503175378,15.008892342787185,2,Raman,Sodium Azide
1978.2608695652175,14.893714169860774,2,Raman,Sodium Azide
1979.970688812897,14.952176375518361,2,Raman,Sodium Azide
1981.6805080605766,15.031442875958426,2,Raman,Sodium Azide
1983.390327308256,14.975503739834645,2,Raman,Sodium Azide
1985.1001465559357,14.947172516890486,2,Raman,Sodium Azide
1986.8099658036151,15.02159822672671,2,Raman,Sodium Azide
1988.5197850512945,14.99681525856592,2,Raman,Sodium Azide
1990.2296042989742,14.981485284783705,2,Raman,Sodium Azide
1991.9394235466536,15.060990387824774,2,Raman,Sodium Azide
1993.6492427943333,15.065313828817741,2,Raman,Sodium Azide
1995.3590620420127,14.994409060059343,2,Raman,Sodium Azide
1997.0688812896924,15.032874831086234,2,Raman,Sodium Azide
1998.7787005373718,14.93338745284814,2,Raman,Sodium Azide
2000.4885197850513,15.060667502358953,2,Raman,Sodium Azide
2002.198339032731,14.963051272128295,2,Raman,Sodium Azide
2003.9081582804104,14.959464244727513,2,Raman,Sodium Azide
2005.61797752809,14.937200493039775,2,Raman,Sodium Azide
2007.3277967757695,14.935375155343332,2,Raman,Sodium Azide
2009.0376160234491,15.056775992476956,2,Raman,Sodium Azide
2010.7474352711286,15.039776952410744,2,Raman,Sodium Azide
2012.457254518808,14.98410562293603,2,Raman,Sodium Azide
2014.1670737664876,15.061562494882399,2,Raman,Sodium Azide
2015.876893014167,15.003733759161772,2,Raman,Sodium Azide
2017.5867122618467,15.032543009230064,2,Raman,Sodium Azide
2019.2965315095262,15.00098703137755,2,Raman,Sodium Azide
2021.0063507572058,15.027099214962092,2,Raman,Sodium Azide
2022.7161700048853,15.006266424822941,2,Raman,Sodium Azide
2024.4259892525647,14.993648524339381,2,Raman,Sodium Azide
2026.1358085002444,15.048177761316722,2,Raman,Sodium Azide
2027.8456277479238,15.056061858061453,2,Raman,Sodium Azide
2029.5554469956035,15.011737380185396,2,Raman,Sodium Azide
2031.265266243283,14.97771837856286,2,Raman,Sodium Azide
2032.9750854909626,15.142119949701879,2,Raman,Sodium Azide
2034.684904738642,15.034115549083603,2,Raman,Sodium Azide
2036.3947239863214,15.046682042308015,2,Raman,Sodium Azide
2038.104543234001,14.993810685900955,2,Raman,Sodium Azide
2039.8143624816805,15.086185372307114,2,Raman,Sodium Azide
2041.5241817293602,15.09374220011791,2,Raman,Sodium Azide
2043.2340009770396,14.969568768912831,2,Raman,Sodium Azide
2044.9438202247193,15.036409157979623,2,Raman,Sodium Azide
2046.6536394723987,15.044552627794161,2,Raman,Sodium Azide
2048.363458720078,15.140694094297272,2,Raman,Sodium Azide
2050.073277967758,15.113471875521475,2,Raman,Sodium Azide
2051.7830972154375,14.986705399358401,2,Raman,Sodium Azide
2053.4929164631167,15.027521515049786,2,Raman,Sodium Azide
2055.2027357107963,15.012119752866882,2,Raman,Sodium Azide
2056.912554958476,15.085047813304604,2,Raman,Sodium Azide
2058.622374206155,15.115358974164325,2,Raman,Sodium Azide
2060.332193453835,15.066993524558532,2,Raman,Sodium Azide
2062.0420127015145,15.074315311541268,2,Raman,Sodium Azide
2063.751831949194,15.038090648287852,2,Raman,Sodium Azide
2065.4616511968734,15.076752785745672,2,Raman,Sodium Azide
2067.171470444553,15.038596525732999,2,Raman,Sodium Azide
2068.8812896922327,14.992234494945656,2,Raman,Sodium Azide
2070.591108939912,15.078087445030803,2,Raman,Sodium Azide
2072.3009281875916,15.06143348893359,2,Raman,Sodium Azide
2074.0107474352712,15.018396612142837,2,Raman,Sodium Azide
2075.720566682951,15.131625200890545,2,Raman,Sodium Azide
2077.43038593063,15.054547438159355,2,Raman,Sodium Azide
2079.1402051783098,15.091999730509912,2,Raman,Sodium Azide
2080.8500244259894,15.06368336790434,2,Raman,Sodium Azide
2082.5598436736686,15.132783530597548,2,Raman,Sodium Azide
2084.2696629213483,15.06143799962848,2,Raman,Sodium Azide
2085.979482169028,15.014133162600771,2,Raman,Sodium Azide
2087.6893014167076,15.10683698601871,2,Raman,Sodium Azide
2089.399120664387,15.13793118764536,2,Raman,Sodium Azide
2091.1089399120665,15.068997040524009,2,Raman,Sodium Azide
2092.818759159746,15.105471412383277,2,Raman,Sodium Azide
2094.5285784074254,15.084381144272838,2,Raman,Sodium Azide
2096.238397655105,15.074812989337042,2,Raman,Sodium Azide
2097.9482169027847,15.116060284832939,2,Raman,Sodium Azide
2099.6580361504643,15.05044196090331,2,Raman,Sodium Azide
2101.3678553981435,15.085738245235468,2,Raman,Sodium Azide
2103.077674645823,15.096240908255297,2,Raman,Sodium Azide
2104.787493893503,15.096089212812087,2,Raman,Sodium Azide
2106.497313141182,15.056759079407412,2,Raman,Sodium Azide
2108.2071323888617,15.173758882138506,2,Raman,Sodium Azide
2109.9169516365414,15.142553736353483,2,Raman,Sodium Azide
2111.626770884221,15.132790701020248,2,Raman,Sodium Azide
2113.3365901319003,15.152185521518856,2,Raman,Sodium Azide
2115.04640937958,15.097842388874145,2,Raman,Sodium Azide
2116.7562286272596,15.081215821866259,2,Raman,Sodium Azide
2118.466047874939,15.053259035677145,2,Raman,Sodium Azide
2120.1758671226185,15.070320184288375,2,Raman,Sodium Azide
2121.885686370298,15.06897573645145,2,Raman,Sodium Azide
2123.595505617978,15.080129799823812,2,Raman,Sodium Azide
2125.305324865657,15.114285688501697,2,Raman,Sodium Azide
2127.0151441133366,15.141626486285073,2,Raman,Sodium Azide
2128.7249633610163,15.14182551610451,2,Raman,Sodium Azide
2130.4347826086955,15.059190469392833,2,Raman,Sodium Azide
2132.144601856375,15.136434651244269,2,Raman,Sodium Azide
2133.854421104055,15.156316135726325,2,Raman,Sodium Azide
2135.5642403517345,15.100600405953799,2,Raman,Sodium Azide
2137.2740595994137,15.16117112418863,2,Raman,Sodium Azide
2138.9838788470934,15.149363257917372,2,Raman,Sodium Azide
2140.693698094773,15.063360890297107,2,Raman,Sodium Azide
2142.4035173424522,15.205711065564525,2,Raman,Sodium Azide
2144.113336590132,15.08841452012206,2,Raman,Sodium Azide
2145.8231558378116,15.158005652674781,2,Raman,Sodium Azide
2147.532975085491,15.157856789216154,2,Raman,Sodium Azide
2149.2427943331704,15.071656833897219,2,Raman,Sodium Azide
2150.95261358085,15.130228549991187,2,Raman,Sodium Azide
2152.6624328285297,15.161338866174184,2,Raman,Sodium Azide
2154.372252076209,15.075208447583698,2,Raman,Sodium Azide
2156.0820713238886,15.130974598353708,2,Raman,Sodium Azide
2157.7918905715683,15.178740400884962,2,Raman,Sodium Azide
2159.501709819248,15.172702885398289,2,Raman,Sodium Azide
2161.211529066927,15.124693271827528,2,Raman,Sodium Azide
2162.921348314607,15.19523440187082,2,Raman,Sodium Azide
2164.6311675622865,15.216817217647106,2,Raman,Sodium Azide
2166.3409868099657,15.144720849323456,2,Raman,Sodium Azide
2168.0508060576453,15.109320548933175,2,Raman,Sodium Azide
2169.760625305325,15.089966485086219,2,Raman,Sodium Azide
2171.4704445530047,15.154266931398544,2,Raman,Sodium Azide
2173.180263800684,15.209944485505762,2,Raman,Sodium Azide
2174.8900830483635,15.13551474522244,2,Raman,Sodium Azide
2176.599902296043,15.107795270634814,2,Raman,Sodium Azide
2178.3097215437224,15.177832695031979,2,Raman,Sodium Azide
2180.019540791402,15.152623216967616,2,Raman,Sodium Azide
2181.7293600390817,15.17788047755848,2,Raman,Sodium Azide
2183.4391792867614,15.126727041613647,2,Raman,Sodium Azide
2185.1489985344406,15.15439671510396,2,Raman,Sodium Azide
2186.8588177821202,15.13919069175861,2,Raman,Sodium Azide
2188.5686370298,15.182509852790737,2,Raman,Sodium Azide
2190.278456277479,15.149623499095714,2,Raman,Sodium Azide
2191.9882755251588,15.17897088268699,2,Raman,Sodium Azide
2193.6980947728384,15.130774665391478,2,Raman,Sodium Azide
2195.407914020518,15.17775403241706,2,Raman,Sodium Azide
2197.1177332681973,15.187498531781092,2,Raman,Sodium Azide
2198.827552515877,15.173638838827808,2,Raman,Sodium Azide
2200.5373717635566,15.2088559867468,2,Raman,Sodium Azide
2202.247191011236,15.143123635724416,2,Raman,Sodium Azide
2203.9570102589155,15.20235626401785,2,Raman,Sodium Azide
2205.666829506595,15.174944480115649,2,Raman,Sodium Azide
2207.376648754275,15.133713705544121,2,Raman,Sodium Azide
2209.086468001954,15.090270732821494,2,Raman,Sodium Azide
2210.7962872496337,15.120325006402288,2,Raman,Sodium Azide
2212.5061064973133,15.080632252407701,2,Raman,Sodium Azide
2214.2159257449925,15.189450559767822,2,Raman,Sodium Azide
2215.925744992672,15.160141100241667,2,Raman,Sodium Azide
2217.635564240352,15.178278467897005,2,Raman,Sodium Azide
2219.3453834880315,15.168687566613377,2,Raman,Sodium Azide
2221.0552027357107,15.20110902085361,2,Raman,Sodium Azide
2222.7650219833904,15.203630195891888,2,Raman,Sodium Azide
2224.47484123107,15.181782725337742,2,Raman,Sodium Azide
2226.1846604787493,15.185580049579467,2,Raman,Sodium Azide
2227.894479726429,15.19853787502506,2,Raman,Sodium Azide
2229.6042989741086,15.250802830027325,2,Raman,Sodium Azide
2231.3141182217882,15.103554614185207,2,Raman,Sodium Azide
2233.0239374694675,15.159314570807068,2,Raman,Sodium Azide
2234.733756717147,15.223304304355613,2,Raman,Sodium Azide
2236.443575964827,15.234532398949424,2,Raman,Sodium Azide
2238.153395212506,15.208087012231665,2,Raman,Sodium Azide
2239.8632144601856,15.204472218448066,2,Raman,Sodium Azide
2241.5730337078653,15.279266643004599,2,Raman,Sodium Azide
2243.282852955545,15.211895844859303,2,Raman,Sodium Azide
2244.992672203224,15.197225079276073,2,Raman,Sodium Azide
2246.702491450904,15.251635401965487,2,Raman,Sodium Azide
2248.4123106985835,15.228028117476597,2,Raman,Sodium Azide
2250.1221299462627,15.238299292523957,2,Raman,Sodium Azide
2251.8319491939424,15.264406879811759,2,Raman,Sodium Azide
2253.541768441622,15.187411977342462,2,Raman,Sodium Azide
2255.2515876893017,15.276062792695074,2,Raman,Sodium Azide
2256.961406936981,15.104808025317324,2,Raman,Sodium Azide
2258.6712261846606,15.125821133194208,2,Raman,Sodium Azide
2260.38104543234,15.180167926975463,2,Raman,Sodium Azide
2262.0908646800194,15.191975922659598,2,Raman,Sodium Azide
2263.800683927699,15.22537307893942,2,Raman,Sodium Azide
2265.5105031753787,15.183775499225447,2,Raman,Sodium Azide
2267.2203224230584,15.212747399516005,2,Raman,Sodium Azide
2268.9301416707376,15.206191681091779,2,Raman,Sodium Azide
2270.6399609184173,15.29767427176088,2,Raman,Sodium Azide
2272.349780166097,15.184373914504478,2,Raman,Sodium Azide
2274.059599413776,15.149875748385265,2,Raman,Sodium Azide
2275.769418661456,15.275530451970655,2,Raman,Sodium Azide
2277.4792379091355,15.192071761552484,2,Raman,Sodium Azide
2279.189057156815,15.21879009717359,2,Raman,Sodium Azide
2280.8988764044943,15.197493417985704,2,Raman,Sodium Azide
2282.608695652174,15.255263806167463,2,Raman,Sodium Azide
2284.3185148998537,15.18044224628501,2,Raman,Sodium Azide
2286.028334147533,15.113632036941624,2,Raman,Sodium Azide
2287.7381533952125,15.282037051559321,2,Raman,Sodium Azide
2289.447972642892,15.25059548530309,2,Raman,Sodium Azide
2291.157791890572,15.275591571682195,2,Raman,Sodium Azide
2292.867611138251,15.28465420039427,2,Raman,Sodium Azide
2294.5774303859307,15.20708967986922,2,Raman,Sodium Azide
2296.2872496336104,15.238285811265408,2,Raman,Sodium Azide
2297.9970688812896,15.277759095109698,2,Raman,Sodium Azide
2299.7068881289692,15.24404827750369,2,Raman,Sodium Azide
2301.416707376649,15.227058644471198,2,Raman,Sodium Azide
2303.1265266243286,15.232405613448961,2,Raman,Sodium Azide
2304.8363458720078,15.286660676984138,2,Raman,Sodium Azide
2306.5461651196874,15.233210941123422,2,Raman,Sodium Azide
2308.255984367367,15.269597043378097,2,Raman,Sodium Azide
2309.9658036150463,15.270588670694112,2,Raman,Sodium Azide
2311.675622862726,15.208423324736732,2,Raman,Sodium Azide
2313.3854421104056,15.261411856793783,2,Raman,Sodium Azide
2315.0952613580853,15.187639660011147,2,Raman,Sodium Azide
2316.8050806057645,15.268126201021285,2,Raman,Sodium Azide
2318.514899853444,15.289433923665612,2,Raman,Sodium Azide
2320.224719101124,15.300158354129842,2,Raman,Sodium Azide
2321.934538348803,15.216860573741995,2,Raman,Sodium Azide
2323.6443575964827,15.235183778777099,2,Raman,Sodium Azide
2325.3541768441623,15.279977722893651,2,Raman,Sodium Azide
2327.063996091842,15.240297310807358,2,Raman,Sodium Azide
2328.773815339521,15.182343246143299,2,Raman,Sodium Azide
2330.483634587201,15.240269860346169,2,Raman,Sodium Azide
2332.1934538348805,15.275132302803325,2,Raman,Sodium Azide
2333.9032730825597,15.308584190939294,2,Raman,Sodium Azide
2335.6130923302394,15.335277511590553,2,Raman,Sodium Azide
2337.322911577919,15.272781932570696,2,Raman,Sodium Azide
2339.0327308255987,15.292125598148248,2,Raman,Sodium Azide
2340.742550073278,15.309541117785846,2,Raman,Sodium Azide
2342.4523693209576,15.188002895852993,2,Raman,Sodium Azide
2344.1621885686372,15.23141094684247,2,Raman,Sodium Azide
2345.8720078163165,15.298508845567886,2,Raman,Sodium Azide
2347.581827063996,15.339136583842073,2,Raman,Sodium Azide
2349.291646311676,15.312675260672634,2,Raman,Sodium Azide
2351.0014655593554,15.301760476173227,2,Raman,Sodium Azide
2352.7112848070346,15.290329174272857,2,Raman,Sodium Azide
2354.4211040547143,15.298378153466084,2,Raman,Sodium Azide
2356.130923302394,15.257957054403308,2,Raman,Sodium Azide
2357.840742550073,15.251802639983564,2,Raman,Sodium Azide
2359.550561797753,15.256675999451007,2,Raman,Sodium Azide
2361.2603810454325,15.340969867119854,2,Raman,Sodium Azide
2362.970200293112,15.253321484124756,2,Raman,Sodium Azide
2364.6800195407914,15.272662225526094,2,Raman,Sodium Azide
2366.389838788471,15.319478643528408,2,Raman,Sodium Azide
2368.0996580361507,15.255676344218227,2,Raman,Sodium Azide
2369.80947728383,15.302144700376083,2,Raman,Sodium Azide
2371.5192965315096,15.303458077932529,2,Raman,Sodium Azide
2373.229115779189,15.270094616101726,2,Raman,Sodium Azide
2374.938935026869,15.29634258569441,2,Raman,Sodium Azide
2376.648754274548,15.259730173197735,2,Raman,Sodium Azide
2378.3585735222277,15.355975668042468,2,Raman,Sodium Azide
2380.0683927699074,15.311395405422044,2,Raman,Sodium Azide
2381.7782120175866,15.269427490920869,2,Raman,Sodium Azide
2383.4880312652663,15.308695311768489,2,Raman,Sodium Azide
2385.197850512946,15.311870682355663,2,Raman,Sodium Azide
2386.9076697606256,15.224670732911846,2,Raman,Sodium Azide
2388.617489008305,15.372217210477794,2,Raman,Sodium Azide
2390.3273082559845,15.268476457961329,2,Raman,Sodium Azide
2392.037127503664,15.395464823784385,2,Raman,Sodium Azide
2393.7469467513433,15.34395849323479,2,Raman,Sodium Azide
2395.456765999023,15.266861821300756,2,Raman,Sodium Azide
2397.1665852467027,15.301344038153438,2,Raman,Sodium Azide
2398.8764044943823,15.353137761060877,2,Raman,Sodium Azide
2400.5862237420615,15.317121348742871,2,Raman,Sodium Azide
2402.296042989741,15.36622342627784,2,Raman,Sodium Azide
2404.005862237421,15.304134003085863,2,Raman,Sodium Azide
2405.7156814851,15.31759646539982,2,Raman,Sodium Azide
2407.4255007327797,15.360901365549028,2,Raman,Sodium Azide
2409.1353199804594,15.348081252655094,2,Raman,Sodium Azide
2410.845139228139,15.28703991763056,2,Raman,Sodium Azide
2412.5549584758182,15.343828121220954,2,Raman,Sodium Azide
2414.264777723498,15.334278445349335,2,Raman,Sodium Azide
2415.9745969711776,15.301574652284993,2,Raman,Sodium Azide
2417.6844162188568,15.273369418866785,2,Raman,Sodium Azide
2419.3942354665364,15.262627859262981,2,Raman,Sodium Azide
2421.104054714216,15.320745746779009,2,Raman,Sodium Azide
2422.8138739618958,15.331883110988317,2,Raman,Sodium Azide
2424.523693209575,15.376002061833873,2,Raman,Sodium Azide
2426.2335124572546,15.370219222549983,2,Raman,Sodium Azide
2427.9433317049343,15.321184889379015,2,Raman,Sodium Azide
2429.6531509526135,15.336009454065568,2,Raman,Sodium Azide
2431.362970200293,15.309770171999357,2,Raman,Sodium Azide
2433.072789447973,15.35561439744491,2,Raman,Sodium Azide
2434.7826086956525,15.382899291865636,2,Raman,Sodium Azide
2436.4924279433317,15.35883782282895,2,Raman,Sodium Azide
2438.2022471910113,15.393504147006064,2,Raman,Sodium Azide
2439.912066438691,15.386200973717916,2,Raman,Sodium Azide
2441.62188568637,15.40817098986548,2,Raman,Sodium Azide
2443.33170493405,15.355296128495873,2,Raman,Sodium Azide
2445.0415241817295,15.329627587892213,2,Raman,Sodium Azide
2446.751343429409,15.378026447727082,2,Raman,Sodium Azide
2448.4611626770884,15.348792589215268,2,Raman,Sodium Azide
2450.170981924768,15.379402139841991,2,Raman,Sodium Azide
2451.8808011724477,15.329620432287879,2,Raman,Sodium Azide
2453.590620420127,15.32419171256452,2,Raman,Sodium Azide
2455.3004396678066,15.4089520730902,2,Raman,Sodium Azide
2457.0102589154862,15.339333531839106,2,Raman,Sodium Azide
2458.720078163166,15.413684672098151,2,Raman,Sodium Azide
2460.429897410845,15.387214579278766,2,Raman,Sodium Azide
2462.139716658525,15.368479345593657,2,Raman,Sodium Azide
2463.8495359062044,15.298737864847112,2,Raman,Sodium Azide
2465.5593551538836,15.42790460580714,2,Raman,Sodium Azide
2467.2691744015633,15.340473526656139,2,Raman,Sodium Azide
2468.978993649243,15.408833878196388,2,Raman,Sodium Azide
2470.6888128969226,15.343080989908955,2,Raman,Sodium Azide
2472.398632144602,15.341135877820683,2,Raman,Sodium Azide
2474.1084513922815,15.401208584211828,2,Raman,Sodium Azide
2475.818270639961,15.39722632522798,2,Raman,Sodium Azide
2477.5280898876404,15.339863090612084,2,Raman,Sodium Azide
2479.23790913532,15.436533865733349,2,Raman,Sodium Azide
2480.9477283829997,15.370833596141127,2,Raman,Sodium Azide
2482.6575476306793,15.403380919589278,2,Raman,Sodium Azide
2484.3673668783586,15.36977549661945,2,Raman,Sodium Azide
2486.077186126038,15.348230624278342,2,Raman,Sodium Azide
2487.787005373718,15.414550717674022,2,Raman,Sodium Azide
2489.496824621397,15.39769477010924,2,Raman,Sodium Azide
2491.2066438690767,15.354360436044397,2,Raman,Sodium Azide
2492.9164631167564,15.427058603294011,2,Raman,Sodium Azide
2494.626282364436,15.402102342675413,2,Raman,Sodium Azide
2496.3361016121153,15.3943092570461,2,Raman,Sodium Azide
2498.045920859795,15.465005046673564,2,Raman,Sodium Azide
2499.7557401074746,15.328240855683033,2,Raman,Sodium Azide
2501.465559355154,15.329030167015587,2,Raman,Sodium Azide
2503.1753786028335,15.339546593298747,2,Raman,Sodium Azide
2504.885197850513,15.412669913615598,2,Raman,Sodium Azide
2506.595017098193,15.384511923133175,2,Raman,Sodium Azide
2508.304836345872,15.3890835519978,2,Raman,Sodium Azide
2510.0146555935517,15.383365750043474,2,Raman,Sodium Azide
2511.7244748412313,15.481089644370156,2,Raman,Sodium Azide
2513.4342940889105,15.486117366166058,2,Raman,Sodium Azide
2515.14411333659,15.452477926500848,2,Raman,Sodium Azide
2516.85393258427,15.34563065284651,2,Raman,Sodium Azide
2518.5637518319495,15.408591744263354,2,Raman,Sodium Azide
2520.2735710796287,15.453547116090116,2,Raman,Sodium Azide
2521.9833903273084,15.409243914857067,2,Raman,Sodium Azide
2523.693209574988,15.449253491002636,2,Raman,Sodium Azide
2525.4030288226672,15.464682215915893,2,Raman,Sodium Azide
2527.112848070347,15.492913747037523,2,Raman,Sodium Azide
2528.8226673180266,15.389706771660634,2,Raman,Sodium Azide
2530.532486565706,15.421070596914916,2,Raman,Sodium Azide
2532.2423058133854,15.401098482253671,2,Raman,Sodium Azide
2533.952125061065,15.33877597085231,2,Raman,Sodium Azide
2535.6619443087448,15.45036382732116,2,Raman,Sodium Azide
2537.371763556424,15.456055369085796,2,Raman,Sodium Azide
2539.0815828041036,15.402083214528599,2,Raman,Sodium Azide
2540.7914020517833,15.360519903366498,2,Raman,Sodium Azide
2542.501221299463,15.421377788755246,2,Raman,Sodium Azide
2544.211040547142,15.45820932207086,2,Raman,Sodium Azide
2545.920859794822,15.484271287593835,2,Raman,Sodium Azide
2547.6306790425015,15.401960594244576,2,Raman,Sodium Azide
2549.3404982901807,15.47755796232181,2,Raman,Sodium Azide
2551.0503175378603,15.459088261153948,2,Raman,Sodium Azide
2552.76013678554,15.461879212234269,2,Raman,Sodium Azide
2554.4699560332197,15.40356842631395,2,Raman,Sodium Azide
2556.179775280899,15.406669562921822,2,Raman,Sodium Azide
2557.8895945285785,15.405105927723278,2,Raman,Sodium Azide
2559.599413776258,15.427014018770075,2,Raman,Sodium Azide
2561.3092330239374,15.52513156939138,2,Raman,Sodium Azide
2563.019052271617,15.415967160340456,2,Raman,Sodium Azide
2564.7288715192967,15.475783112865258,2,Raman,Sodium Azide
2566.4386907669764,15.436680348453459,2,Raman,Sodium Azide
2568.1485100146556,15.466258279355017,2,Raman,Sodium Azide
2569.8583292623352,15.44572962804779,2,Raman,Sodium Azide
2571.568148510015,15.456850133768363,2,Raman,Sodium Azide
2573.277967757694,15.46603614975809,2,Raman,Sodium Azide
2574.987787005374,15.44210535077674,2,Raman,Sodium Azide
2576.6976062530534,15.468890113608332,2,Raman,Sodium Azide
2578.407425500733,15.515284789273265,2,Raman,Sodium Azide
2580.1172447484123,15.42549888327824,2,Raman,Sodium Azide
2581.827063996092,15.50598040288449,2,Raman,Sodium Azide
2583.5368832437716,15.448103180822443,2,Raman,Sodium Azide
2585.246702491451,15.445114910499058,2,Raman,Sodium Azide
2586.9565217391305,15.490122703744696,2,Raman,Sodium Azide
2588.66634098681,15.458988245084855,2,Raman,Sodium Azide
2590.37616023449,15.477258458952742,2,Raman,Sodium Azide
2592.085979482169,15.49477481529276,2,Raman,Sodium Azide
2593.7957987298487,15.381883422950867,2,Raman,Sodium Azide
2595.5056179775283,15.515258101674023,2,Raman,Sodium Azide
2597.2154372252076,15.410749598387143,2,Raman,Sodium Azide
2598.925256472887,15.415187521733907,2,Raman,Sodium Azide
2600.635075720567,15.487156456005987,2,Raman,Sodium Azide
2602.3448949682465,15.515425847847418,2,Raman,Sodium Azide
2604.0547142159257,15.524027826305058,2,Raman,Sodium Azide
2605.7645334636054,15.431741027380705,2,Raman,Sodium Azide
2607.474352711285,15.447271496350176,2,Raman,Sodium Azide
2609.1841719589643,15.497791244880691,2,Raman,Sodium Azide
2610.893991206644,15.530124569108732,2,Raman,Sodium Azide
2612.6038104543236,15.489341648147468,2,Raman,Sodium Azide
2614.3136297020033,15.447005383593769,2,Raman,Sodium Azide
2616.0234489496825,15.545620351373186,2,Raman,Sodium Azide
2617.733268197362,15.484780003226245,2,Raman,Sodium Azide
2619.443087445042,15.487379662532483,2,Raman,Sodium Azide
2621.152906692721,15.429556744042321,2,Raman,Sodium Azide
2622.8627259404007,15.519012632646914,2,Raman,Sodium Azide
2624.5725451880803,15.535584365872895,2,Raman,Sodium Azide
2626.2823644357595,15.463326415181031,2,Raman,Sodium Azide
2627.992183683439,15.564904448125846,2,Raman,Sodium Azide
2629.702002931119,15.470825727912084,2,Raman,Sodium Azide
2631.4118221787985,15.521620397363161,2,Raman,Sodium Azide
2633.1216414264777,15.50656249500067,2,Raman,Sodium Azide
2634.8314606741574,15.416120383144817,2,Raman,Sodium Azide
2636.541279921837,15.522285346877421,2,Raman,Sodium Azide
2638.2510991695162,15.519950321639552,2,Raman,Sodium Azide
2639.960918417196,15.430679124858305,2,Raman,Sodium Azide
2641.6707376648756,15.576312974395782,2,Raman,Sodium Azide
2643.380556912555,15.534100292345038,2,Raman,Sodium Azide
2645.0903761602344,15.567302723421447,2,Raman,Sodium Azide
2646.800195407914,15.438042639284191,2,Raman,Sodium Azide
2648.5100146555937,15.502643731661458,2,Raman,Sodium Azide
2650.219833903273,15.568887835478705,2,Raman,Sodium Azide
2651.9296531509526,15.44805785985848,2,Raman,Sodium Azide
2653.6394723986323,15.497824272407986,2,Raman,Sodium Azide
2655.349291646312,15.53128779101641,2,Raman,Sodium Azide
2657.059110893991,15.448729058232866,2,Raman,Sodium Azide
2658.768930141671,15.47344394720964,2,Raman,Sodium Azide
2660.4787493893505,15.575076849008244,2,Raman,Sodium Azide
2662.1885686370297,15.522453966378428,2,Raman,Sodium Azide
2663.8983878847093,15.569353049007413,2,Raman,Sodium Azide
2665.608207132389,15.530100096484272,2,Raman,Sodium Azide
2667.3180263800687,15.62420183971387,2,Raman,Sodium Azide
2669.027845627748,15.55322727751261,2,Raman,Sodium Azide
2670.7376648754275,15.578462991200146,2,Raman,Sodium Azide
2672.447484123107,15.527941995475977,2,Raman,Sodium Azide
2674.1573033707864,15.537908669900272,2,Raman,Sodium Azide
2675.867122618466,15.556827779867834,2,Raman,Sodium Azide
2677.5769418661457,15.564926201003187,2,Raman,Sodium Azide
2679.2867611138254,15.531703948222034,2,Raman,Sodium Azide
2680.9965803615046,15.544734852069915,2,Raman,Sodium Azide
2682.7063996091842,15.55642983559522,2,Raman,Sodium Azide
2684.416218856864,15.557731098654033,2,Raman,Sodium Azide
2686.126038104543,15.496783480282485,2,Raman,Sodium Azide
2687.835857352223,15.549113769691033,2,Raman,Sodium Azide
2689.5456765999024,15.554351095633413,2,Raman,Sodium Azide
2691.255495847582,15.502756301802563,2,Raman,Sodium Azide
2692.9653150952613,15.590882116118316,2,Raman,Sodium Azide
2694.675134342941,15.562087769474424,2,Raman,Sodium Azide
2696.3849535906206,15.6416685405526,2,Raman,Sodium Azide
2698.0947728383,15.546842042187471,2,Raman,Sodium Azide
2699.8045920859795,15.60558611646243,2,Raman,Sodium Azide
2701.514411333659,15.572556475714144,2,Raman,Sodium Azide
2703.224230581339,15.630284528987726,2,Raman,Sodium Azide
2704.934049829018,15.513639311482148,2,Raman,Sodium Azide
2706.6438690766977,15.534334315309748,2,Raman,Sodium Azide
2708.3536883243773,15.51769381089366,2,Raman,Sodium Azide
2710.0635075720566,15.56402067744517,2,Raman,Sodium Azide
2711.773326819736,15.512637814934402,2,Raman,Sodium Azide
2713.483146067416,15.507589936381931,2,Raman,Sodium Azide
2715.1929653150955,15.474137837125078,2,Raman,Sodium Azide
2716.9027845627747,15.472852736932607,2,Raman,Sodium Azide
2718.6126038104544,15.590621613811578,2,Raman,Sodium Azide
2720.322423058134,15.556585728459225,2,Raman,Sodium Azide
2722.0322423058133,15.526157684638875,2,Raman,Sodium Azide
2723.742061553493,15.540933035055396,2,Raman,Sodium Azide
2725.4518808011726,15.547613249176305,2,Raman,Sodium Azide
2727.1617000488523,15.531123553300926,2,Raman,Sodium Azide
2728.8715192965315,15.63731671169528,2,Raman,Sodium Azide
2730.581338544211,15.630944708341355,2,Raman,Sodium Azide
2732.291157791891,15.639276726864615,2,Raman,Sodium Azide
2734.00097703957,15.593103987853851,2,Raman,Sodium Azide
2735.7107962872497,15.588563897302517,2,Raman,Sodium Azide
2737.4206155349293,15.561821274428816,2,Raman,Sodium Azide
2739.130434782609,15.54521525781854,2,Raman,Sodium Azide
2740.840254030288,15.58199121617227,2,Raman,Sodium Azide
2742.550073277968,15.609049717909576,2,Raman,Sodium Azide
2744.2598925256475,15.632549612045185,2,Raman,Sodium Azide
2745.9697117733267,15.562811966350145,2,Raman,Sodium Azide
2747.6795310210064,15.545304024325947,2,Raman,Sodium Azide
2749.389350268686,15.617692491650189,2,Raman,Sodium Azide
2751.0991695163657,15.51489076749074,2,Raman,Sodium Azide
2752.808988764045,15.588801333114517,2,Raman,Sodium Azide
2754.5188080117246,15.605372955391584,2,Raman,Sodium Azide
2756.228627259404,15.577602300733552,2,Raman,Sodium Azide
2757.9384465070834,15.531337556000729,2,Raman,Sodium Azide
2759.648265754763,15.580796038138496,2,Raman,Sodium Azide
2761.3580850024427,15.664059062796102,2,Raman,Sodium Azide
2763.0679042501224,15.622512418491283,2,Raman,Sodium Azide
2764.7777234978016,15.647096842848118,2,Raman,Sodium Azide
2766.4875427454813,15.551362371887398,2,Raman,Sodium Azide
2768.197361993161,15.612786838153504,2,Raman,Sodium Azide
2769.90718124084,15.607286102998327,2,Raman,Sodium Azide
2771.61700048852,15.609404275895058,2,Raman,Sodium Azide
2773.3268197361995,15.639016977365682,2,Raman,Sodium Azide
2775.036638983879,15.623676806206902,2,Raman,Sodium Azide
2776.7464582315583,15.570462635540565,2,Raman,Sodium Azide
2778.456277479238,15.635343458218356,2,Raman,Sodium Azide
2780.1660967269177,15.645959087924272,2,Raman,Sodium Azide
2781.875915974597,15.666814356156864,2,Raman,Sodium Azide
2783.5857352222765,15.669944755545666,2,Raman,Sodium Azide
2785.295554469956,15.635073223108268,2,Raman,Sodium Azide
2787.005373717636,15.570333192744563,2,Raman,Sodium Azide
2788.715192965315,15.555889696446709,2,Raman,Sodium Azide
2790.4250122129947,15.610352689648304,2,Raman,Sodium Azide
2792.1348314606744,15.65846189741104,2,Raman,Sodium Azide
2793.8446507083536,15.657160892915593,2,Raman,Sodium Azide
2795.5544699560332,15.634782018543385,2,Raman,Sodium Azide
2797.264289203713,15.623438929198159,2,Raman,Sodium Azide
2798.9741084513926,15.703933228757922,2,Raman,Sodium Azide
2800.683927699072,15.651007857858577,2,Raman,Sodium Azide
2802.3937469467514,15.625353910004574,2,Raman,Sodium Azide
2804.103566194431,15.613908070579768,2,Raman,Sodium Azide
2805.8133854421103,15.600418604396621,2,Raman,Sodium Azide
2807.52320468979,15.607729430929396,2,Raman,Sodium Azide
2809.2330239374696,15.593079278978509,2,Raman,Sodium Azide
2810.9428431851493,15.64701819399217,2,Raman,Sodium Azide
2812.6526624328285,15.636145816385351,2,Raman,Sodium Azide
2814.362481680508,15.644913436852677,2,Raman,Sodium Azide
2816.072300928188,15.689588334989088,2,Raman,Sodium Azide
2817.782120175867,15.714683660481729,2,Raman,Sodium Azide
2819.4919394235467,15.608601795934042,2,Raman,Sodium Azide
2821.2017586712263,15.616011706329532,2,Raman,Sodium Azide
2822.911577918906,15.554393120050694,2,Raman,Sodium Azide
2824.621397166585,15.645105132951949,2,Raman,Sodium Azide
2826.331216414265,15.642300449959405,2,Raman,Sodium Azide
2828.0410356619445,15.685262438970126,2,Raman,Sodium Azide
2829.7508549096237,15.656621566078625,2,Raman,Sodium Azide
2831.4606741573034,15.627496144061315,2,Raman,Sodium Azide
2833.170493404983,15.670681534008072,2,Raman,Sodium Azide
2834.8803126526627,15.676876818305704,2,Raman,Sodium Azide
2836.590131900342,15.589470637688574,2,Raman,Sodium Azide
2838.2999511480216,15.697886208015523,2,Raman,Sodium Azide
2840.0097703957013,15.721430608121011,2,Raman,Sodium Azide
2841.7195896433805,15.681796806245547,2,Raman,Sodium Azide
2843.42940889106,15.622657140631372,2,Raman,Sodium Azide
2845.13922813874,15.65881385856493,2,Raman,Sodium Azide
2846.8490473864194,15.721706810229449,2,Raman,Sodium Azide
2848.5588666340986,15.63485968977829,2,Raman,Sodium Azide
2850.2686858817783,15.691749665989377,2,Raman,Sodium Azide
2851.978505129458,15.665356778134333,2,Raman,Sodium Azide
2853.688324377137,15.685292457829547,2,Raman,Sodium Azide
2855.398143624817,15.645984006415446,2,Raman,Sodium Azide
2857.1079628724965,15.684903981234685,2,Raman,Sodium Azide
2858.817782120176,15.68331114074121,2,Raman,Sodium Azide
2860.5276013678554,15.612485041447558,2,Raman,Sodium Azide
2862.237420615535,15.67521534593186,2,Raman,Sodium Azide
2863.9472398632147,15.701772426366198,2,Raman,Sodium Azide
2865.657059110894,15.662332771489385,2,Raman,Sodium Azide
2867.3668783585736,15.58951060484427,2,Raman,Sodium Azide
2869.076697606253,15.676024225852585,2,Raman,Sodium Azide
2870.786516853933,15.75187051259644,2,Raman,Sodium Azide
2872.496336101612,15.66931023816183,2,Raman,Sodium Azide
2874.2061553492917,15.742983650776273,2,Raman,Sodium Azide
2875.9159745969714,15.652875976221573,2,Raman,Sodium Azide
2877.6257938446506,15.639980215923735,2,Raman,Sodium Azide
2879.3356130923303,15.688469014209662,2,Raman,Sodium Azide
2881.04543234001,15.666443119093831,2,Raman,Sodium Azide
2882.7552515876896,15.70479189181992,2,Raman,Sodium Azide
2884.465070835369,15.687460052204237,2,Raman,Sodium Azide
2886.1748900830485,15.75412693612531,2,Raman,Sodium Azide
2887.884709330728,15.68729693994161,2,Raman,Sodium Azide
2889.5945285784073,15.71030690631381,2,Raman,Sodium Azide
2891.304347826087,15.732304773111675,2,Raman,Sodium Azide
2893.0141670737667,15.738320438274688,2,Raman,Sodium Azide
2894.7239863214463,15.76100082214434,2,Raman,Sodium Azide
2896.4338055691255,15.702375062114038,2,Raman,Sodium Azide
2898.143624816805,15.686993578492668,2,Raman,Sodium Azide
2899.853444064485,15.636523860731186,2,Raman,Sodium Azide
2901.563263312164,15.789246093564133,2,Raman,Sodium Azide
2903.2730825598437,15.721997721980637,2,Raman,Sodium Azide
2904.9829018075234,15.73927265985775,2,Raman,Sodium Azide
2906.692721055203,15.742600458002652,2,Raman,Sodium Azide
2908.4025403028822,15.723275215697775,2,Raman,Sodium Azide
2910.112359550562,15.726876978212218,2,Raman,Sodium Azide
2911.8221787982416,15.691075373268575,2,Raman,Sodium Azide
2913.531998045921,15.712912326964409,2,Raman,Sodium Azide
2915.2418172936004,15.677796864662449,2,Raman,Sodium Azide
2916.95163654128,15.781431752616662,2,Raman,Sodium Azide
2918.6614557889598,15.74213153377789,2,Raman,Sodium Azide
2920.371275036639,15.80118063100347,2,Raman,Sodium Azide
2922.0810942843186,15.815573648913285,2,Raman,Sodium Azide
2923.7909135319983,15.675915437698848,2,Raman,Sodium Azide
2925.5007327796775,15.764733131720316,2,Raman,Sodium Azide
2927.210552027357,15.670456256523542,2,Raman,Sodium Azide
2928.920371275037,15.734429627997036,2,Raman,Sodium Azide
2930.6301905227165,15.751360169296047,2,Raman,Sodium Azide
2932.3400097703957,15.677329040805049,2,Raman,Sodium Azide
2934.0498290180753,15.701083358149825,2,Raman,Sodium Azide
2935.759648265755,15.767205763334252,2,Raman,Sodium Azide
2937.469467513434,15.741024334607507,2,Raman,Sodium Azide
2939.179286761114,15.693608387288835,2,Raman,Sodium Azide
2940.8891060087935,15.708006701250529,2,Raman,Sodium Azide
2942.598925256473,15.676962748534795,2,Raman,Sodium Azide
2944.3087445041524,15.690062617945644,2,Raman,Sodium Azide
2946.018563751832,15.725316956447411,2,Raman,Sodium Azide
2947.7283829995117,15.782088613213935,2,Raman,Sodium Azide
2949.438202247191,15.798589436006292,2,Raman,Sodium Azide
2951.1480214948706,15.819261825240522,2,Raman,Sodium Azide
2952.8578407425503,15.763094021175597,2,Raman,Sodium Azide
2954.56765999023,15.754793774841133,2,Raman,Sodium Azide
2956.277479237909,15.77864220379639,2,Raman,Sodium Azide
2957.987298485589,15.769578962142196,2,Raman,Sodium Azide
2959.6971177332684,15.685140159415356,2,Raman,Sodium Azide
2961.4069369809476,15.839492033513697,2,Raman,Sodium Azide
2963.1167562286273,15.674967351499747,2,Raman,Sodium Azide
2964.826575476307,15.801950763278654,2,Raman,Sodium Azide
2966.5363947239866,15.75870864482044,2,Raman,Sodium Azide
2968.246213971666,15.713283307739832,2,Raman,Sodium Azide
2969.9560332193455,15.780744788145377,2,Raman,Sodium Azide
2971.665852467025,15.765571964108442,2,Raman,Sodium Azide
2973.3756717147044,15.733871874597423,2,Raman,Sodium Azide
2975.085490962384,15.706682387118457,2,Raman,Sodium Azide
2976.7953102100637,15.704581942905056,2,Raman,Sodium Azide
2978.5051294577434,15.7407784899271,2,Raman,Sodium Azide
2980.2149487054226,15.751242867786713,2,Raman,Sodium Azide
2981.924767953102,15.718968955331821,2,Raman,Sodium Azide
2983.634587200782,15.771258571373014,2,Raman,Sodium Azide
2985.344406448461,15.727435406530205,2,Raman,Sodium Azide
2987.0542256961407,15.787042065829013,2,Raman,Sodium Azide
2988.7640449438204,15.823914392973187,2,Raman,Sodium Azide
2990.4738641915,15.786807560257648,2,Raman,Sodium Azide
2992.1836834391793,15.782500242665382,2,Raman,Sodium Azide
2993.893502686859,15.765832450456898,2,Raman,Sodium Azide
2995.6033219345386,15.847987405519325,2,Raman,Sodium Azide
2997.313141182218,15.782417310005425,2,Raman,Sodium Azide
2999.0229604298975,15.88324502165121,2,Raman,Sodium Azide
3000.732779677577,15.734699860253318,2,Raman,Sodium Azide
3002.442598925257,15.796125687994722,2,Raman,Sodium Azide
3004.152418172936,15.843265939718684,2,Raman,Sodium Azide
3005.8622374206157,15.758794890861582,2,Raman,Sodium Azide
3007.5720566682953,15.778647156321153,2,Raman,Sodium Azide
3009.2818759159745,15.815156853321266,2,Raman,Sodium Azide
3010.991695163654,15.806763778499615,2,Raman,Sodium Azide
3012.701514411334,15.815101830393626,2,Raman,Sodium Azide
3014.4113336590135,15.840933399430552,2,Raman,Sodium Azide
3016.1211529066927,15.810773607671253,2,Raman,Sodium Azide
3017.8309721543724,15.854881937701952,2,Raman,Sodium Azide
3019.540791402052,15.737399095825621,2,Raman,Sodium Azide
3021.2506106497312,15.842866428644657,2,Raman,Sodium Azide
3022.960429897411,15.857041103641592,2,Raman,Sodium Azide
3024.6702491450906,15.769962565338899,2,Raman,Sodium Azide
3026.38006839277,15.743702277850646,2,Raman,Sodium Azide
3028.0898876404494,15.794745259274373,2,Raman,Sodium Azide
3029.799706888129,15.82202164292703,2,Raman,Sodium Azide
3031.5095261358088,15.793201640528512,2,Raman,Sodium Azide
3033.219345383488,15.828681938468895,2,Raman,Sodium Azide
3034.9291646311676,15.888592348175502,2,Raman,Sodium Azide
3036.6389838788473,15.75517641301774,2,Raman,Sodium Azide
3038.348803126527,15.732456548852118,2,Raman,Sodium Azide
3040.058622374206,15.820686914487968,2,Raman,Sodium Azide
3041.768441621886,15.797090733061879,2,Raman,Sodium Azide
3043.4782608695655,15.796573046678056,2,Raman,Sodium Azide
3045.1880801172447,15.869190015352675,2,Raman,Sodium Azide
3046.8978993649243,15.813905272042902,2,Raman,Sodium Azide
3048.607718612604,15.818971564858312,2,Raman,Sodium Azide
3050.3175378602837,15.803660823929079,2,Raman,Sodium Azide
3052.027357107963,15.821227588247801,2,Raman,Sodium Azide
3053.7371763556425,15.835093943513078,2,Raman,Sodium Azide
3055.446995603322,15.939081229889247,2,Raman,Sodium Azide
3057.1568148510014,15.848205231178296,2,Raman,Sodium Azide
3058.866634098681,15.875562238611163,2,Raman,Sodium Azide
3060.5764533463607,15.847056310871636,2,Raman,Sodium Azide
3062.2862725940404,15.768042911892817,2,Raman,Sodium Azide
3063.9960918417196,15.808969919837114,2,Raman,Sodium Azide
3065.7059110893993,15.844815035224503,2,Raman,Sodium Azide
3067.415730337079,15.864279356983516,2,Raman,Sodium Azide
3069.125549584758,15.844668834674433,2,Raman,Sodium Azide
3070.835368832438,15.884970716318064,2,Raman,Sodium Azide
3072.5451880801174,15.779178317182263,2,Raman,Sodium Azide
3074.255007327797,15.842066219294658,2,Raman,Sodium Azide
3075.9648265754763,15.905585903450445,2,Raman,Sodium Azide
3077.674645823156,15.80309077440415,2,Raman,Sodium Azide
3079.3844650708356,15.889781012820258,2,Raman,Sodium Azide
3081.094284318515,15.889000301886309,2,Raman,Sodium Azide
3082.8041035661945,15.796243675013582,2,Raman,Sodium Azide
3084.513922813874,15.861829591501655,2,Raman,Sodium Azide
3086.223742061554,15.855851605774212,2,Raman,Sodium Azide
3087.933561309233,15.843504066249423,2,Raman,Sodium Azide
3089.6433805569127,15.789729085649302,2,Raman,Sodium Azide
3091.3531998045924,15.842622836389552,2,Raman,Sodium Azide
3093.0630190522716,15.85830697958048,2,Raman,Sodium Azide
3094.772838299951,15.78671944014069,2,Raman,Sodium Azide
3096.482657547631,15.80408845243268,2,Raman,Sodium Azide
3098.1924767953105,15.820845716555203,2,Raman,Sodium Azide
3099.9022960429897,15.82722515588436,2,Raman,Sodium Azide
3101.6121152906694,15.87463650989968,2,Raman,Sodium Azide
3103.321934538349,15.899843035740847,2,Raman,Sodium Azide
3105.0317537860283,15.851309895360341,2,Raman,Sodium Azide
3106.741573033708,15.896573962808846,2,Raman,Sodium Azide
3108.4513922813876,15.905499146319476,2,Raman,Sodium Azide
3110.1612115290673,15.8744845264323,2,Raman,Sodium Azide
3111.8710307767465,15.895941285047304,2,Raman,Sodium Azide
3113.580850024426,15.861507946507967,2,Raman,Sodium Azide
3115.290669272106,15.836135995377282,2,Raman,Sodium Azide
3117.000488519785,15.852808150712223,2,Raman,Sodium Azide
3118.7103077674647,15.897912069482267,2,Raman,Sodium Azide
3120.4201270151443,15.87098251940404,2,Raman,Sodium Azide
3122.129946262824,15.917338465230364,2,Raman,Sodium Azide
3123.839765510503,15.801597771085957,2,Raman,Sodium Azide
3125.549584758183,15.812735054830684,2,Raman,Sodium Azide
3127.2594040058625,15.818891791357675,2,Raman,Sodium Azide
3128.9692232535417,15.889372818481613,2,Raman,Sodium Azide
3130.6790425012214,15.827673040751693,2,Raman,Sodium Azide
3132.388861748901,15.898290924269704,2,Raman,Sodium Azide
3134.0986809965807,15.917281011424837,2,Raman,Sodium Azide
3135.80850024426,15.94975012954602,2,Raman,Sodium Azide
3137.5183194919396,15.95657609462081,2,Raman,Sodium Azide
3139.228138739619,15.862167583158136,2,Raman,Sodium Azide
3140.9379579872984,15.823746409401215,2,Raman,Sodium Azide
3142.647777234978,15.867413653693191,2,Raman,Sodium Azide
3144.3575964826578,15.934381690022041,2,Raman,Sodium Azide
3146.0674157303374,15.889953920135156,2,Raman,Sodium Azide
3147.7772349780166,15.906189469554933,2,Raman,Sodium Azide
3149.4870542256963,15.875777033203809,2,Raman,Sodium Azide
3151.196873473376,15.96435277761105,2,Raman,Sodium Azide
3152.906692721055,15.859774775764429,2,Raman,Sodium Azide
3154.616511968735,15.90521810674852,2,Raman,Sodium Azide
3156.3263312164145,15.949039458071582,2,Raman,Sodium Azide
3158.036150464094,15.980287441150214,2,Raman,Sodium Azide
3159.7459697117733,15.878129435132863,2,Raman,Sodium Azide
3161.455788959453,15.947008198381809,2,Raman,Sodium Azide
3163.1656082071327,15.88333713022959,2,Raman,Sodium Azide
3164.875427454812,15.976652029580615,2,Raman,Sodium Azide
3166.5852467024915,15.982354622319997,2,Raman,Sodium Azide
3168.295065950171,15.876821938013611,2,Raman,Sodium Azide
3170.004885197851,15.951108549798017,2,Raman,Sodium Azide
3171.71470444553,15.97119791225455,2,Raman,Sodium Azide
3173.4245236932097,15.915096148731372,2,Raman,Sodium Azide
3175.1343429408894,15.940778029988564,2,Raman,Sodium Azide
3176.8441621885686,15.944240099793053,2,Raman,Sodium Azide
3178.5539814362483,16.003082796451764,2,Raman,Sodium Azide
3180.263800683928,15.851995678512793,2,Raman,Sodium Azide
3181.9736199316076,15.92146153428451,2,Raman,Sodium Azide
3183.683439179287,15.884059147743258,2,Raman,Sodium Azide
3185.3932584269664,15.936961956080484,2,Raman,Sodium Azide
3187.103077674646,15.905785526623454,2,Raman,Sodium Azide
3188.8128969223253,15.918654172185342,2,Raman,Sodium Azide
3190.522716170005,15.894716925936837,2,Raman,Sodium Azide
3192.2325354176846,15.938050367746637,2,Raman,Sodium Azide
3193.9423546653643,15.976855368494572,2,Raman,Sodium Azide
3195.6521739130435,15.919159298322256,2,Raman,Sodium Azide
3197.361993160723,16.034066391690416,2,Raman,Sodium Azide
3199.071812408403,15.999618053480347,2,Raman,Sodium Azide
3200.781631656082,16.031343824686804,2,Raman,Sodium Azide
3202.4914509037617,15.956463363648314,2,Raman,Sodium Azide
3204.2012701514413,15.938492431408433,2,Raman,Sodium Azide
3205.911089399121,15.877656133495417,2,Raman,Sodium Azide
3207.6209086468,15.931769955049205,2,Raman,Sodium Azide
3209.33072789448,15.936509061955645,2,Raman,Sodium Azide
3211.0405471421595,15.942667807779511,2,Raman,Sodium Azide
3212.7503663898387,16.043478426670085,2,Raman,Sodium Azide
3214.4601856375184,15.94053101609019,2,Raman,Sodium Azide
3216.170004885198,15.878153113940956,2,Raman,Sodium Azide
3217.8798241328773,15.988747250607005,2,Raman,Sodium Azide
3219.589643380557,15.977705896079112,2,Raman,Sodium Azide
3221.2994626282366,15.945563265529351,2,Raman,Sodium Azide
3223.0092818759163,16.042427580747514,2,Raman,Sodium Azide
3224.7191011235955,15.879559914608368,2,Raman,Sodium Azide
3226.428920371275,16.009251575179047,2,Raman,Sodium Azide
3228.138739618955,15.96772326329685,2,Raman,Sodium Azide
3229.848558866634,15.922150259995188,2,Raman,Sodium Azide
3231.5583781143137,16.06019546236529,2,Raman,Sodium Azide
3233.2681973619933,15.993642580936845,2,Raman,Sodium Azide
3234.978016609673,15.962735920490942,2,Raman,Sodium Azide
3236.687835857352,15.953234691486635,2,Raman,Sodium Azide
3238.397655105032,15.998806076247167,2,Raman,Sodium Azide
3240.1074743527115,15.960048083087923,2,Raman,Sodium Azide
3241.8172936003907,16.023250302347137,2,Raman,Sodium Azide
3243.5271128480704,15.975130499738947,2,Raman,Sodium Azide
3245.23693209575,16.01439868907826,2,Raman,Sodium Azide
3246.9467513434297,15.982692578020696,2,Raman,Sodium Azide
3248.656570591109,16.011027266752944,2,Raman,Sodium Azide
3250.3663898387886,16.031763398172888,2,Raman,Sodium Azide
3252.076209086468,16.046776977711993,2,Raman,Sodium Azide
3253.7860283341474,15.99955235179576,2,Raman,Sodium Azide
3255.495847581827,15.945493099632731,2,Raman,Sodium Azide
3257.2056668295068,15.975135716711181,2,Raman,Sodium Azide
3258.9154860771864,15.98243887113468,2,Raman,Sodium Azide
3260.6253053248656,15.96144580119675,2,Raman,Sodium Azide
3262.3351245725453,15.96596229213945,2,Raman,Sodium Azide
3264.044943820225,15.994609313905038,2,Raman,Sodium Azide
3265.754763067904,15.948697462426097,2,Raman,Sodium Azide
3267.464582315584,15.962106305475828,2,Raman,Sodium Azide
3269.1744015632635,15.922338723695393,2,Raman,Sodium Azide
3270.884220810943,16.01239999786205,2,Raman,Sodium Azide
3272.5940400586223,16.01805307289808,2,Raman,Sodium Azide
3274.303859306302,15.99221068379358,2,Raman,Sodium Azide
3276.0136785539817,16.037351651419158,2,Raman,Sodium Azide
3277.723497801661,15.977361356640762,2,Raman,Sodium Azide
3279.4333170493405,16.01498208291983,2,Raman,Sodium Azide
3281.14313629702,16.00297996340115,2,Raman,Sodium Azide
3282.8529555447,15.971877481184867,2,Raman,Sodium Azide
3284.562774792379,15.98332984776735,2,Raman,Sodium Azide
3286.2725940400587,15.981518109035575,2,Raman,Sodium Azide
3287.9824132877384,16.016394906958944,2,Raman,Sodium Azide
3289.6922325354176,16.031622889363508,2,Raman,Sodium Azide
3291.4020517830972,15.99134100502523,2,Raman,Sodium Azide
3293.111871030777,15.981011734862516,2,Raman,Sodium Azide
3294.8216902784566,16.016993293422168,2,Raman,Sodium Azide
3296.531509526136,15.945329180627569,2,Raman,Sodium Azide
3298.2413287738154,16.015452406134642,2,Raman,Sodium Azide
3299.951148021495,16.07910087205591,2,Raman,Sodium Azide
3301.6609672691743,15.987984180374111,2,Raman,Sodium Azide
3303.370786516854,16.010818851921353,2,Raman,Sodium Azide
3305.0806057645336,16.061166097780216,2,Raman,Sodium Azide
3306.7904250122133,16.05148239501255,2,Raman,Sodium Azide
3308.5002442598925,16.024542015227055,2,Raman,Sodium Azide
3310.210063507572,16.040958933032513,2,Raman,Sodium Azide
3311.919882755252,15.974262849102505,2,Raman,Sodium Azide
3313.629702002931,16.0460426731954,2,Raman,Sodium Azide
3315.3395212506107,15.972519882903246,2,Raman,Sodium Azide
3317.0493404982903,15.944397265307984,2,Raman,Sodium Azide
3318.75915974597,16.071119001509096,2,Raman,Sodium Azide
3320.468978993649,16.047104777705265,2,Raman,Sodium Azide
3322.178798241329,16.078537574238677,2,Raman,Sodium Azide
3323.8886174890085,16.003920960282407,2,Raman,Sodium Azide
3325.5984367366877,16.06432764161474,2,Raman,Sodium Azide
3327.3082559843674,16.018713035088016,2,Raman,Sodium Azide
3329.018075232047,16.024603688284497,2,Raman,Sodium Azide
3330.7278944797267,16.07901390724371,2,Raman,Sodium Azide
3332.437713727406,16.034500016990535,2,Raman,Sodium Azide
3334.1475329750856,16.013526387575254,2,Raman,Sodium Azide
3335.8573522227653,15.9875530615189,2,Raman,Sodium Azide
3337.5671714704445,16.059312379024313,2,Raman,Sodium Azide
3339.276990718124,16.09915173816666,2,Raman,Sodium Azide
3340.986809965804,16.015299408242893,2,Raman,Sodium Azide
3342.6966292134834,16.086691134283317,2,Raman,Sodium Azide
3344.4064484611627,16.011441603326578,2,Raman,Sodium Azide
3346.1162677088423,16.081808506279646,2,Raman,Sodium Azide
3347.826086956522,16.05390711337935,2,Raman,Sodium Azide
3349.535906204201,16.06482024376858,2,Raman,Sodium Azide
3351.245725451881,16.02676513050176,2,Raman,Sodium Azide
3352.9555446995605,16.08113681551006,2,Raman,Sodium Azide
3354.66536394724,16.033490057125768,2,Raman,Sodium Azide
3356.3751831949194,16.042326084267533,2,Raman,Sodium Azide
3358.085002442599,15.998611540070193,2,Raman,Sodium Azide
3359.7948216902787,16.030355851615116,2,Raman,Sodium Azide
3361.504640937958,16.04174778961853,2,Raman,Sodium Azide
3363.2144601856376,16.077279644554874,2,Raman,Sodium Azide
3364.924279433317,16.090148151892507,2,Raman,Sodium Azide
3366.634098680997,16.062368450518008,2,Raman,Sodium Azide
3368.343917928676,16.061791294346897,2,Raman,Sodium Azide
3370.0537371763558,16.138635332932928,2,Raman,Sodium Azide
3371.7635564240354,16.086506309901058,2,Raman,Sodium Azide
3373.4733756717146,16.050579155346206,2,Raman,Sodium Azide
3375.1831949193943,16.015281438351682,2,Raman,Sodium Azide
3376.893014167074,16.050300073221205,2,Raman,Sodium Azide
3378.6028334147536,16.040039041169667,2,Raman,Sodium Azide
3380.312652662433,16.158496724686007,2,Raman,Sodium Azide
3382.0224719101125,16.054507214943484,2,Raman,Sodium Azide
3383.732291157792,16.082535922152356,2,Raman,Sodium Azide
3385.4421104054713,16.09690870127903,2,Raman,Sodium Azide
3387.151929653151,16.138256910384747,2,Raman,Sodium Azide
3388.8617489008307,16.084764874085728,2,Raman,Sodium Azide
3390.5715681485103,16.0849441117367,2,Raman,Sodium Azide
3392.2813873961895,16.063570230803286,2,Raman,Sodium Azide
3393.991206643869,16.102962353053446,2,Raman,Sodium Azide
3395.701025891549,16.061827857493924,2,Raman,Sodium Azide
3397.410845139228,16.046025888616292,2,Raman,Sodium Azide
3399.1206643869077,16.07157664010492,2,Raman,Sodium Azide
3400.8304836345874,16.03969337402318,2,Raman,Sodium Azide
3402.540302882267,16.170569197042177,2,Raman,Sodium Azide
3404.2501221299462,16.120730003676503,2,Raman,Sodium Azide
3405.959941377626,16.163850314221726,2,Raman,Sodium Azide
3407.6697606253056,16.118852424849017,2,Raman,Sodium Azide
3409.379579872985,16.172579279573032,2,Raman,Sodium Azide
3411.0893991206644,16.116695166406735,2,Raman,Sodium Azide
3412.799218368344,16.132659273054777,2,Raman,Sodium Azide
3414.5090376160238,16.017300105238714,2,Raman,Sodium Azide
3416.218856863703,16.078380650588986,2,Raman,Sodium Azide
3417.9286761113826,16.108521099708913,2,Raman,Sodium Azide
3419.6384953590623,16.110838989777484,2,Raman,Sodium Azide
3421.3483146067415,16.116554079841354,2,Raman,Sodium Azide
3423.058133854421,16.12948129597369,2,Raman,Sodium Azide
3424.767953102101,16.13249067051765,2,Raman,Sodium Azide
3426.4777723497805,16.14895239705548,2,Raman,Sodium Azide
3428.1875915974597,16.14227843648539,2,Raman,Sodium Azide
3429.8974108451393,16.1654389365664,2,Raman,Sodium Azide
3431.607230092819,16.167099366223365,2,Raman,Sodium Azide
3433.317049340498,16.126093405779088,2,Raman,Sodium Azide
3435.026868588178,16.205228614041555,2,Raman,Sodium Azide
3436.7366878358575,16.17708525339288,2,Raman,Sodium Azide
3438.446507083537,16.090026534534825,2,Raman,Sodium Azide
3440.1563263312164,16.14029778116285,2,Raman,Sodium Azide
3441.866145578896,16.050426229669142,2,Raman,Sodium Azide
3443.5759648265757,16.068626008214146,2,Raman,Sodium Azide
3445.285784074255,16.10788333467571,2,Raman,Sodium Azide
3446.9956033219346,16.093872172608606,2,Raman,Sodium Azide
3448.7054225696143,16.110790427268785,2,Raman,Sodium Azide
3450.415241817294,16.14565036874696,2,Raman,Sodium Azide
3452.125061064973,16.183568749355878,2,Raman,Sodium Azide
3453.834880312653,16.182712376931313,2,Raman,Sodium Azide
3455.5446995603324,16.16309038482421,2,Raman,Sodium Azide
3457.2545188080117,16.093203937640514,2,Raman,Sodium Azide
3458.9643380556913,16.126145638263537,2,Raman,Sodium Azide
3460.674157303371,16.176213581379336,2,Raman,Sodium Azide
3462.3839765510506,16.1078373205793,2,Raman,Sodium Azide
3464.09379579873,16.091180218732255,2,Raman,Sodium Azide
3465.8036150464095,16.184287037673855,2,Raman,Sodium Azide
3467.513434294089,16.143554736320496,2,Raman,Sodium Azide
3469.2232535417684,16.138250302769332,2,Raman,Sodium Azide
3470.933072789448,16.193465291701923,2,Raman,Sodium Azide
3472.6428920371277,16.203936773005562,2,Raman,Sodium Azide
3474.3527112848074,16.223511867818136,2,Raman,Sodium Azide
3476.0625305324866,16.145589910508267,2,Raman,Sodium Azide
3477.772349780166,16.17102993931711,2,Raman,Sodium Azide
3479.482169027846,16.165599937178232,2,Raman,Sodium Azide
3481.191988275525,16.169956099249664,2,Raman,Sodium Azide
3482.9018075232048,16.111196422677743,2,Raman,Sodium Azide
3484.6116267708844,16.111586008963272,2,Raman,Sodium Azide
3486.321446018564,16.158495723541588,2,Raman,Sodium Azide
3488.0312652662433,16.12708916037322,2,Raman,Sodium Azide
3489.741084513923,16.211072646992047,2,Raman,Sodium Azide
3491.4509037616026,16.112891389923217,2,Raman,Sodium Azide
3493.160723009282,16.117584579745113,2,Raman,Sodium Azide
3494.8705422569615,16.159776553101302,2,Raman,Sodium Azide
3496.580361504641,16.105349687082736,2,Raman,Sodium Azide
3498.290180752321,16.23781582518138,2,Raman,Sodium Azide
3500.0,16.17329778580128,2,Raman,Sodium Azide
0.0,0.0,2_trailing,Raman,Sodium Azide
1.709819247679531,0.006064985581625061,2_trailing,Raman,Sodium Azide
3.419638495359062,0.018155503381021256,2_trailing,Raman,Sodium Azide
5.129457743038593,0.010076115109455377,2_trailing,Raman,Sodium Azide
6.839276990718124,0.01132539069391392,2_trailing,Raman,Sodium Azide
8.549096238397656,0.01883437417444974,2_trailing,Raman,Sodium Azide
10.258915486077186,0.017538999595324175,2_trailing,Raman,Sodium Azide
11.968734733756717,0.0,2_trailing,Raman,Sodium Azide
13.678553981436249,0.0,2_trailing,Raman,Sodium Azide
15.38837322911578,0.0034026412450327034,2_trailing,Raman,Sodium Azide
17.09819247679531,0.01,2_trailing,Raman,Sodium Azide
18.80801172447484,0.018653329997355986,2_trailing,Raman,Sodium Azide
20.51783097215437,0.01891844373774053,2_trailing,Raman,Sodium Azide
22.227650219833905,0.0,2_trailing,Raman,Sodium Azide
23.937469467513434,0.0010413820662950471,2_trailing,Raman,Sodium Azide
25.647288715192968,0.004918017520805733,2_trailing,Raman,Sodium Azide
27.357107962872497,0.006756074113276513,2_trailing,Raman,Sodium Azide
29.066927210552027,0.01801771308447373,2_trailing,Raman,Sodium Azide
30.77674645823156,0.013447806062514812,2_trailing,Raman,Sodium Azide
32.48656570591109,0.0052692191767598545,2_trailing,Raman,Sodium Azide
34.19638495359062,0.018719422404983994,2_trailing,Raman,Sodium Azide
35.90620420127015,0.01327697294678579,2_trailing,Raman,Sodium Azide
37.61602344894968,0.0013264175998281792,2_trailing,Raman,Sodium Azide
39.325842696629216,0.034453958388574166,2_trailing,Raman,Sodium Azide
41.03566194430874,0.0,2_trailing,Raman,Sodium Azide
42.745481191988276,0.008500136901263392,2_trailing,Raman,Sodium Azide
44.45530043966781,0.02128582765742467,2_trailing,Raman,Sodium Azide
46.16511968734734,0.011873628635161776,2_trailing,Raman,Sodium Azide
47.87493893502687,0.0243494776497876,2_trailing,Raman,Sodium Azide
49.5847581827064,0.017469041782852208,2_trailing,Raman,Sodium Azide
51.294577430385935,0.001408039521267921,2_trailing,Raman,Sodium Azide
53.00439667806546,0.011019271395026203,2_trailing,Raman,Sodium Azide
54.714215925744995,0.010416558735616605,2_trailing,Raman,Sodium Azide
56.42403517342453,0.016168895433785947,2_trailing,Raman,Sodium Azide
58.133854421104054,0.04997025516213738,2_trailing,Raman,Sodium Azide
59.84367366878359,0.014456138210080152,2_trailing,Raman,Sodium Azide
61.55349291646312,0.025545282038697138,2_trailing,Raman,Sodium Azide
63.26331216414265,0.009556101220094778,2_trailing,Raman,Sodium Azide
64.97313141182218,0.0018111410470512835,2_trailing,Raman,Sodium Azide
66.68295065950171,0.01612372771644244,2_trailing,Raman,Sodium Azide
68.39276990718125,0.022903319474562728,2_trailing,Raman,Sodium Azide
70.10258915486078,0.026463642529345736,2_trailing,Raman,Sodium Azide
71.8124084025403,0.034361479465321094,2_trailing,Raman,Sodium Azide
73.52222765021983,0.050940750233110725,2_trailing,Raman,Sodium Azide
75.23204689789937,0.029760747971530083,2_trailing,Raman,Sodium Azide
76.9418661455789,0.009441768417033234,2_trailing,Raman,Sodium Azide
78.65168539325843,0.022893691552423073,2_trailing,Raman,Sodium Azide
80.36150464093797,0.014852971951479155,2_trailing,Raman,Sodium Azide
82.07132388861748,0.029197517292628324,2_trailing,Raman,Sodium Azide
83.78114313629702,0.0035410403499682615,2_trailing,Raman,Sodium Azide
85.49096238397655,0.05685377103395935,2_trailing,Raman,Sodium Azide
87.20078163165608,0.02952288970237946,2_trailing,Raman,Sodium Azide
88.91060087933562,0.00015454084845576907,2_trailing,Raman,Sodium Azide
90.62042012701515,0.011955135019975976,2_trailing,Raman,Sodium Azide
92.33023937469468,0.030199056097964142,2_trailing,Raman,Sodium Azide
94.0400586223742,0.034799977006385555,2_trailing,Raman,Sodium Azide
95.74987787005374,0.016502954392902128,2_trailing,Raman,Sodium Azide
97.45969711773327,0.030136317229014904,2_trailing,Raman,Sodium Azide
99.1695163654128,0.0,2_trailing,Raman,Sodium Azide
100.87933561309234,0.021501688799577937,2_trailing,Raman,Sodium Azide
102.58915486077187,0.03595402951167736,2_trailing,Raman,Sodium Azide
104.29897410845139,0.016851361589870495,2_trailing,Raman,Sodium Azide
106.00879335613092,0.006042806987861794,2_trailing,Raman,Sodium Azide
107.71861260381046,0.025786216436013407,2_trailing,Raman,Sodium Azide
109.42843185148999,0.017372503433155103,2_trailing,Raman,Sodium Azide
111.13825109916952,0.03221011366595008,2_trailing,Raman,Sodium Azide
112.84807034684906,0.014848799773929004,2_trailing,Raman,Sodium Azide
114.55788959452859,0.01655007372654487,2_trailing,Raman,Sodium Azide
116.26770884220811,0.0023103062510026647,2_trailing,Raman,Sodium Azide
117.97752808988764,0.028352690137710003,2_trailing,Raman,Sodium Azide
119.68734733756718,0.024859113945549797,2_trailing,Raman,Sodium Azide
121.39716658524671,0.01320641910777008,2_trailing,Raman,Sodium Azide
123.10698583292624,0.029776345928083908,2_trailing,Raman,Sodium Azide
124.81680508060577,0.03991727033947185,2_trailing,Raman,Sodium Azide
126.5266243282853,0.02574458122724126,2_trailing,Raman,Sodium Azide
128.23644357596484,0.041791638000980715,2_trailing,Raman,Sodium Azide
129.94626282364436,0.03223331319699632,2_trailing,Raman,Sodium Azide
131.65608207132388,0.02530820779153976,2_trailing,Raman,Sodium Azide
133.36590131900343,0.05388235151350274,2_trailing,Raman,Sodium Azide
135.07572056668295,0.02466177008705702,2_trailing,Raman,Sodium Azide
136.7855398143625,0.038242522736199186,2_trailing,Raman,Sodium Azide
138.495359062042,0.03994859326848472,2_trailing,Raman,Sodium Azide
140.20517830972156,0.029685785493176343,2_trailing,Raman,Sodium Azide
141.91499755740108,0.04880913122098836,2_trailing,Raman,Sodium Azide
143.6248168050806,0.034962709444339074,2_trailing,Raman,Sodium Azide
145.33463605276015,0.015861254870038838,2_trailing,Raman,Sodium Azide
147.04445530043967,0.02895478914868962,2_trailing,Raman,Sodium Azide
148.7542745481192,0.026053519368549577,2_trailing,Raman,Sodium Azide
150.46409379579873,0.0282012219138778,2_trailing,Raman,Sodium Azide
152.17391304347828,0.01871789218724864,2_trailing,Raman,Sodium Azide
153.8837322911578,0.04756524570553873,2_trailing,Raman,Sodium Azide
155.59355153883732,0.06351654352027154,2_trailing,Raman,Sodium Azide
157.30337078651687,0.04658963260399689,2_trailing,Raman,Sodium Azide
159.01319003419638,0.06039720239807925,2_trailing,Raman,Sodium Azide
160.72300928187593,0.03186139088963501,2_trailing,Raman,Sodium Azide
162.43282852955545,0.02882725952764984,2_trailing,Raman,Sodium Azide
164.14264777723497,0.027541673666374316,2_trailing,Raman,Sodium Azide
165.85246702491452,0.04458557946881676,2_trailing,Raman,Sodium Azide
167.56228627259404,0.04008296537663518,2_trailing,Raman,Sodium Azide
169.27210552027358,0.036900524296495,2_trailing,Raman,Sodium Azide
170.9819247679531,0.05335551716490303,2_trailing,Raman,Sodium Azide
172.69174401563265,0.04331059526190745,2_trailing,Raman,Sodium Azide
174.40156326331217,0.02912665366771142,2_trailing,Raman,Sodium Azide
176.1113825109917,0.03135567390495838,2_trailing,Raman,Sodium Azide
177.82120175867124,0.05769977352979266,2_trailing,Raman,Sodium Azide
179.53102100635076,0.05229456363088217,2_trailing,Raman,Sodium Azide
181.2408402540303,0.046936359541963464,2_trailing,Raman,Sodium Azide
182.95065950170982,0.0630732268274713,2_trailing,Raman,Sodium Azide
184.66047874938937,0.060387423228924306,2_trailing,Raman,Sodium Azide
186.3702979970689,0.04678473413775023,2_trailing,Raman,Sodium Azide
188.0801172447484,0.0321789458901645,2_trailing,Raman,Sodium Azide
189.78993649242796,0.027039126056183947,2_trailing,Raman,Sodium Azide
191.49975574010747,0.03822635644659974,2_trailing,Raman,Sodium Azide
193.20957498778702,0.051966737532885755,2_trailing,Raman,Sodium Azide
194.91939423546654,0.06492050440827257,2_trailing,Raman,Sodium Azide
196.6292134831461,0.048796998821067,2_trailing,Raman,Sodium Azide
198.3390327308256,0.0579775661603432,2_trailing,Raman,Sodium Azide
200.04885197850513,0.041797487561697495,2_trailing,Raman,Sodium Azide
201.75867122618467,0.06234605785170007,2_trailing,Raman,Sodium Azide
203.4684904738642,0.0550768187770255,2_trailing,Raman,Sodium Azide
205.17830972154374,0.022629326422354747,2_trailing,Raman,Sodium Azide
206.88812896922326,0.041353983854085605,2_trailing,Raman,Sodium Azide
208.59794821690278,0.06770086000707269,2_trailing,Raman,Sodium Azide
210.30776746458233,0.05017378475218762,2_trailing,Raman,Sodium Azide
212.01758671226185,0.04332665612518879,2_trailing,Raman,Sodium Azide
213.7274059599414,0.019259739629596904,2_trailing,Raman,Sodium Azide
215.4372252076209,0.04381928715488529,2_trailing,Raman,Sodium Azide
217.14704445530046,0.04764640250302844,2_trailing,Raman,Sodium Azide
218.85686370297998,0.03851351423421268,2_trailing,Raman,Sodium Azide
220.5666829506595,0.060923530336272604,2_trailing,Raman,Sodium Azide
222.27650219833905,0.05556004260092416,2_trailing,Raman,Sodium Azide
223.98632144601856,0.05786579717550311,2_trailing,Raman,Sodium Azide
225.6961406936981,0.022798797529234076,2_trailing,Raman,Sodium Azide
227.40595994137763,0.0353801165821036,2_trailing,Raman,Sodium Azide
229.11577918905718,0.04758697827477466,2_trailing,Raman,Sodium Azide
230.8255984367367,0.05823766984252297,2_trailing,Raman,Sodium Azide
232.53541768441622,0.057647688517743705,2_trailing,Raman,Sodium Azide
234.24523693209576,0.06782573981573546,2_trailing,Raman,Sodium Azide
235.95505617977528,0.04818980222300274,2_trailing,Raman,Sodium Azide
237.66487542745483,0.049224589229552834,2_trailing,Raman,Sodium Azide
239.37469467513435,0.04491295593653287,2_trailing,Raman,Sodium Azide
241.08451392281387,0.06282206382956015,2_trailing,Raman,Sodium Azide
242.79433317049342,0.04342517985483247,2_trailing,Raman,Sodium Azide
244.50415241817294,0.06454347027198311,2_trailing,Raman,Sodium Azide
246.21397166585248,0.05740347256547359,2_trailing,Raman,Sodium Azide
247.923790913532,0.054822890501696975,2_trailing,Raman,Sodium Azide
249.63361016121155,0.048040318862548156,2_trailing,Raman,Sodium Azide
251.34342940889107,0.05023684100850196,2_trailing,Raman,Sodium Azide
253.0532486565706,0.05890925227064995,2_trailing,Raman,Sodium Azide
254.76306790425014,0.05301103015927136,2_trailing,Raman,Sodium Azide
256.4728871519297,0.02951093412655474,2_trailing,Raman,Sodium Azide
258.1827063996092,0.05532753052854665,2_trailing,Raman,Sodium Azide
259.8925256472887,0.0688467528329371,2_trailing,Raman,Sodium Azide
261.60234489496827,0.06504526346421197,2_trailing,Raman,Sodium Azide
263.31216414264776,0.05297158245274189,2_trailing,Raman,Sodium Azide
265.0219833903273,0.05971443343354955,2_trailing,Raman,Sodium Azide
266.73180263800685,0.053032178031062076,2_trailing,Raman,Sodium Azide
268.4416218856864,0.0616698764748875,2_trailing,Raman,Sodium Azide
270.1514411333659,0.07834713127033432,2_trailing,Raman,Sodium Azide
271.86126038104544,0.07203371684472296,2_trailing,Raman,Sodium Azide
273.571079628725,0.06717150549011063,2_trailing,Raman,Sodium Azide
275.2808988764045,0.05568044618503953,2_trailing,Raman,Sodium Azide
276.990718124084,0.07061815052937212,2_trailing,Raman,Sodium Azide
278.7005373717636,0.04245893866886993,2_trailing,Raman,Sodium Azide
280.4103566194431,0.05964188683152579,2_trailing,Raman,Sodium Azide
282.1201758671226,0.06981552750944875,2_trailing,Raman,Sodium Azide
283.82999511480216,0.072032378697267,2_trailing,Raman,Sodium Azide
285.5398143624817,0.07158765763110136,2_trailing,Raman,Sodium Azide
287.2496336101612,0.06757635076787707,2_trailing,Raman,Sodium Azide
288.95945285784074,0.062212255014921176,2_trailing,Raman,Sodium Azide
290.6692721055203,0.07118698159904656,2_trailing,Raman,Sodium Azide
292.37909135319984,0.054107322100767255,2_trailing,Raman,Sodium Azide
294.08891060087933,0.05575582356545411,2_trailing,Raman,Sodium Azide
295.7987298485589,0.06675338767499284,2_trailing,Raman,Sodium Azide
297.5085490962384,0.06844029588883986,2_trailing,Raman,Sodium Azide
299.2183683439179,0.045411087267150395,2_trailing,Raman,Sodium Azide
300.92818759159746,0.07250540328200915,2_trailing,Raman,Sodium Azide
302.638006839277,0.07660643295809098,2_trailing,Raman,Sodium Azide
304.34782608695656,0.0670322692122811,2_trailing,Raman,Sodium Azide
306.05764533463605,0.09612926559219193,2_trailing,Raman,Sodium Azide
307.7674645823156,0.060701583342690435,2_trailing,Raman,Sodium Azide
309.47728382999514,0.06485257693922349,2_trailing,Raman,Sodium Azide
311.18710307767464,0.06483602111059857,2_trailing,Raman,Sodium Azide
312.8969223253542,0.06895224511132164,2_trailing,Raman,Sodium Azide
314.60674157303373,0.06637588562765921,2_trailing,Raman,Sodium Azide
316.3165608207133,0.05413048002451547,2_trailing,Raman,Sodium Azide
318.02638006839277,0.06458752660370655,2_trailing,Raman,Sodium Azide
319.7361993160723,0.07022691130716532,2_trailing,Raman,Sodium Azide
321.44601856375186,0.08614106140391226,2_trailing,Raman,Sodium Azide
323.15583781143135,0.0979263839969749,2_trailing,Raman,Sodium Azide
324.8656570591109,0.08815597233700656,2_trailing,Raman,Sodium Azide
326.57547630679045,0.06381451996205215,2_trailing,Raman,Sodium Azide
328.28529555446994,0.06512788245754222,2_trailing,Raman,Sodium Azide
329.9951148021495,0.07179271650702025,2_trailing,Raman,Sodium Azide
331.70493404982903,0.09494147273370153,2_trailing,Raman,Sodium Azide
333.4147532975086,0.07248417286778644,2_trailing,Raman,Sodium Azide
335.1245725451881,0.05925496361007184,2_trailing,Raman,Sodium Azide
336.8343917928676,0.06931459077212467,2_trailing,Raman,Sodium Azide
338.54421104054717,0.08443277936721322,2_trailing,Raman,Sodium Azide
340.25403028822666,0.08402812608942721,2_trailing,Raman,Sodium Azide
341.9638495359062,0.0739837929985824,2_trailing,Raman,Sodium Azide
343.67366878358575,0.0847145447241699,2_trailing,Raman,Sodium Azide
345.3834880312653,0.05046762923217914,2_trailing,Raman,Sodium Azide
347.0933072789448,0.07868913266605201,2_trailing,Raman,Sodium Azide
348.80312652662434,0.08793505975463575,2_trailing,Raman,Sodium Azide
350.5129457743039,0.06848118668644848,2_trailing,Raman,Sodium Azide
352.2227650219834,0.0688219076465216,2_trailing,Raman,Sodium Azide
353.9325842696629,0.057138411294971166,2_trailing,Raman,Sodium Azide
355.6424035173425,0.10800146179824008,2_trailing,Raman,Sodium Azide
357.352222765022,0.07132696490834235,2_trailing,Raman,Sodium Azide
359.0620420127015,0.08296618950855145,2_trailing,Raman,Sodium Azide
360.77186126038106,0.0875976886760162,2_trailing,Raman,Sodium Azide
362.4816805080606,0.09861562022023365,2_trailing,Raman,Sodium Azide
364.1914997557401,0.07948480638770107,2_trailing,Raman,Sodium Azide
365.90131900341964,0.07535077601609588,2_trailing,Raman,Sodium Azide
367.6111382510992,0.08407716163922269,2_trailing,Raman,Sodium Azide
369.32095749877874,0.09747106416243599,2_trailing,Raman,Sodium Azide
371.03077674645823,0.08081988888088122,2_trailing,Raman,Sodium Azide
372.7405959941378,0.07201073633749155,2_trailing,Raman,Sodium Azide
374.4504152418173,0.06553007442764354,2_trailing,Raman,Sodium Azide
376.1602344894968,0.06965310494867184,2_trailing,Raman,Sodium Azide
377.87005373717636,0.0944626775847411,2_trailing,Raman,Sodium Azide
379.5798729848559,0.08096487645195106,2_trailing,Raman,Sodium Azide
381.28969223253546,0.07798609261205783,2_trailing,Raman,Sodium Azide
382.99951148021495,0.08709736451928374,2_trailing,Raman,Sodium Azide
384.7093307278945,0.08686046916529658,2_trailing,Raman,Sodium Azide
386.41914997557404,0.08344125110145104,2_trailing,Raman,Sodium Azide
388.12896922325353,0.08342824072255245,2_trailing,Raman,Sodium Azide
389.8387884709331,0.10281230630299078,2_trailing,Raman,Sodium Azide
391.54860771861263,0.10540374612487868,2_trailing,Raman,Sodium Azide
393.2584269662922,0.07891450433751875,2_trailing,Raman,Sodium Azide
394.96824621397167,0.09198978897935445,2_trailing,Raman,Sodium Azide
396.6780654616512,0.08943554166792583,2_trailing,Raman,Sodium Azide
398.38788470933076,0.08600819982128224,2_trailing,Raman,Sodium Azide
400.09770395701025,0.09291955938770902,2_trailing,Raman,Sodium Azide
401.8075232046898,0.08718719939637709,2_trailing,Raman,Sodium Azide
403.51734245236935,0.09275926455977915,2_trailing,Raman,Sodium Azide
405.22716170004884,0.09832348869272284,2_trailing,Raman,Sodium Azide
406.9369809477284,0.10427306784365135,2_trailing,Raman,Sodium Azide
408.64680019540793,0.08362840905881011,2_trailing,Raman,Sodium Azide
410.3566194430875,0.08421639916020653,2_trailing,Raman,Sodium Azide
412.066438690767,0.07510496319708575,2_trailing,Raman,Sodium Azide
413.7762579384465,0.08234725882906534,2_trailing,Raman,Sodium Azide
415.48607718612607,0.12571029876667986,2_trailing,Raman,Sodium Azide
417.19589643380556,0.08383529291168042,2_trailing,Raman,Sodium Azide
418.9057156814851,0.07951570271701468,2_trailing,Raman,Sodium Azide
420.61553492916465,0.09762138137088043,2_trailing,Raman,Sodium Azide
422.3253541768442,0.09296310303803329,2_trailing,Raman,Sodium Azide
424.0351734245237,0.09234630864655473,2_trailing,Raman,Sodium Azide
425.74499267220324,0.11152169843619807,2_trailing,Raman,Sodium Azide
427.4548119198828,0.10183151717578828,2_trailing,Raman,Sodium Azide
429.1646311675623,0.08957400294138887,2_trailing,Raman,Sodium Azide
430.8744504152418,0.09119127101616027,2_trailing,Raman,Sodium Azide
432.5842696629214,0.10065784320437698,2_trailing,Raman,Sodium Azide
434.2940889106009,0.10717088133165262,2_trailing,Raman,Sodium Azide
436.0039081582804,0.10369801261685727,2_trailing,Raman,Sodium Azide
437.71372740595996,0.07668664946221034,2_trailing,Raman,Sodium Azide
439.4235466536395,0.09750403637315162,2_trailing,Raman,Sodium Azide
441.133365901319,0.08044933257979217,2_trailing,Raman,Sodium Azide
442.84318514899854,0.12441511396218251,2_trailing,Raman,Sodium Azide
444.5530043966781,0.08790408102808023,2_trailing,Raman,Sodium Azide
446.26282364435764,0.09769986394974095,2_trailing,Raman,Sodium Azide
447.97264289203713,0.10300123189615254,2_trailing,Raman,Sodium Azide
449.6824621397167,0.0969776747700842,2_trailing,Raman,Sodium Azide
451.3922813873962,0.09734302729379944,2_trailing,Raman,Sodium Azide
453.1021006350757,0.10606192032137975,2_trailing,Raman,Sodium Azide
454.81191988275526,0.11937824168870141,2_trailing,Raman,Sodium Azide
456.5217391304348,0.11087348756567854,2_trailing,Raman,Sodium Azide
458.23155837811436,0.11958239133758335,2_trailing,Raman,Sodium Azide
459.94137762579385,0.09038878018068273,2_trailing,Raman,Sodium Azide
461.6511968734734,0.10674552533747855,2_trailing,Raman,Sodium Azide
463.36101612115294,0.10522819704467842,2_trailing,Raman,Sodium Azide
465.07083536883243,0.1179034137562123,2_trailing,Raman,Sodium Azide
466.780654616512,0.12029156141164374,2_trailing,Raman,Sodium Azide
468.49047386419153,0.10196824577673108,2_trailing,Raman,Sodium Azide
470.2002931118711,0.10018624795188937,2_trailing,Raman,Sodium Azide
471.91011235955057,0.11157116353134044,2_trailing,Raman,Sodium Azide
473.6199316072301,0.08487167375824678,2_trailing,Raman,Sodium Azide
475.32975085490966,0.10330581163921632,2_trailing,Raman,Sodium Azide
477.03957010258915,0.1048895518179394,2_trailing,Raman,Sodium Azide
478.7493893502687,0.09606324863535175,2_trailing,Raman,Sodium Azide
480.45920859794825,0.11960471978935841,2_trailing,Raman,Sodium Azide
482.16902784562774,0.09516434159325651,2_trailing,Raman,Sodium Azide
483.8788470933073,0.10639562866191667,2_trailing,Raman,Sodium Azide
485.58866634098683,0.12180197127103852,2_trailing,Raman,Sodium Azide
487.2984855886664,0.12460184814923184,2_trailing,Raman,Sodium Azide
489.00830483634587,0.11900764495977009,2_trailing,Raman,Sodium Azide
490.7181240840254,0.13047719195115667,2_trailing,Raman,Sodium Azide
492.42794333170497,0.11809969594018793,2_trailing,Raman,Sodium Azide
494.13776257938446,0.11172152740204107,2_trailing,Raman,Sodium Azide
495.847581827064,0.09789631055406318,2_trailing,Raman,Sodium Azide
497.55740107474355,0.09423621276789819,2_trailing,Raman,Sodium Azide
499.2672203224231,0.11266725392289535,2_trailing,Raman,Sodium Azide
500.9770395701026,0.10544504743268092,2_trailing,Raman,Sodium Azide
502.68685881778214,0.12294931675227828,2_trailing,Raman,Sodium Azide
504.3966780654617,0.12129978077326417,2_trailing,Raman,Sodium Azide
506.1064973131412,0.11078332032304926,2_trailing,Raman,Sodium Azide
507.8163165608207,0.09976751414538604,2_trailing,Raman,Sodium Azide
509.52613580850027,0.11969025581919113,2_trailing,Raman,Sodium Azide
511.2359550561798,0.11216731157314364,2_trailing,Raman,Sodium Azide
512.9457743038594,0.10558790076026374,2_trailing,Raman,Sodium Azide
514.6555935515388,0.10338147881103042,2_trailing,Raman,Sodium Azide
516.3654127992183,0.11361192291138009,2_trailing,Raman,Sodium Azide
518.0752320468979,0.12932111610170732,2_trailing,Raman,Sodium Azide
519.7850512945774,0.11593789425735654,2_trailing,Raman,Sodium Azide
521.494870542257,0.12118726303712803,2_trailing,Raman,Sodium Azide
523.2046897899365,0.10889137271757683,2_trailing,Raman,Sodium Azide
524.9145090376161,0.1236078411541297,2_trailing,Raman,Sodium Azide
526.6243282852955,0.10838232653966853,2_trailing,Raman,Sodium Azide
528.3341475329751,0.11928045801970555,2_trailing,Raman,Sodium Azide
530.0439667806546,0.11413678174568051,2_trailing,Raman,Sodium Azide
531.7537860283342,0.12848386728403519,2_trailing,Raman,Sodium Azide
533.4636052760137,0.12720674095565884,2_trailing,Raman,Sodium Azide
535.1734245236933,0.11873959979758719,2_trailing,Raman,Sodium Azide
536.8832437713728,0.12550038744774072,2_trailing,Raman,Sodium Azide
538.5930630190522,0.14486966103765395,2_trailing,Raman,Sodium Azide
540.3028822667318,0.1309797661242174,2_trailing,Raman,Sodium Azide
542.0127015144113,0.11991768388244956,2_trailing,Raman,Sodium Azide
543.7225207620909,0.12137434350434229,2_trailing,Raman,Sodium Azide
545.4323400097704,0.1155710182052042,2_trailing,Raman,Sodium Azide
547.14215925745,0.12097313375750322,2_trailing,Raman,Sodium Azide
548.8519785051295,0.11600719836376663,2_trailing,Raman,Sodium Azide
550.561797752809,0.11381897345716271,2_trailing,Raman,Sodium Azide
552.2716170004885,0.130896441013368,2_trailing,Raman,Sodium Azide
553.981436248168,0.11107931862722709,2_trailing,Raman,Sodium Azide
555.6912554958476,0.13962178625400162,2_trailing,Raman,Sodium Azide
557.4010747435271,0.13319646086669876,2_trailing,Raman,Sodium Azide
559.1108939912067,0.12500983897128787,2_trailing,Raman,Sodium Azide
560.8207132388862,0.1251548744846823,2_trailing,Raman,Sodium Azide
562.5305324865657,0.11900554007542477,2_trailing,Raman,Sodium Azide
564.2403517342452,0.13907729529035548,2_trailing,Raman,Sodium Azide
565.9501709819248,0.13903945099736062,2_trailing,Raman,Sodium Azide
567.6599902296043,0.11844128817126026,2_trailing,Raman,Sodium Azide
569.3698094772839,0.1190987712538438,2_trailing,Raman,Sodium Azide
571.0796287249634,0.13567597811815138,2_trailing,Raman,Sodium Azide
572.789447972643,0.13162018424544572,2_trailing,Raman,Sodium Azide
574.4992672203224,0.11508247941048325,2_trailing,Raman,Sodium Azide
576.2090864680019,0.1499942977862515,2_trailing,Raman,Sodium Azide
577.9189057156815,0.12890334038142381,2_trailing,Raman,Sodium Azide
579.628724963361,0.1208609097625471,2_trailing,Raman,Sodium Azide
581.3385442110406,0.12593719289229724,2_trailing,Raman,Sodium Azide
583.0483634587201,0.13698780459982432,2_trailing,Raman,Sodium Azide
584.7581827063997,0.12286883413627617,2_trailing,Raman,Sodium Azide
586.4680019540791,0.12199271196744696,2_trailing,Raman,Sodium Azide
588.1778212017587,0.12857437264437505,2_trailing,Raman,Sodium Azide
589.8876404494382,0.13359943073075237,2_trailing,Raman,Sodium Azide
591.5974596971178,0.12831225857724884,2_trailing,Raman,Sodium Azide
593.3072789447973,0.14596885412961105,2_trailing,Raman,Sodium Azide
595.0170981924769,0.13873052072266814,2_trailing,Raman,Sodium Azide
596.7269174401564,0.11452867320511723,2_trailing,Raman,Sodium Azide
598.4367366878358,0.1396765537137184,2_trailing,Raman,Sodium Azide
600.1465559355154,0.15101623353566385,2_trailing,Raman,Sodium Azide
601.8563751831949,0.12921363339594089,2_trailing,Raman,Sodium Azide
603.5661944308745,0.11717463674751999,2_trailing,Raman,Sodium Azide
605.276013678554,0.1351626989738868,2_trailing,Raman,Sodium Azide
606.9858329262336,0.13535935958721615,2_trailing,Raman,Sodium Azide
608.6956521739131,0.12269404989244426,2_trailing,Raman,Sodium Azide
610.4054714215926,0.11921542917445849,2_trailing,Raman,Sodium Azide
612.1152906692721,0.13556847436149638,2_trailing,Raman,Sodium Azide
613.8251099169516,0.13424548896330313,2_trailing,Raman,Sodium Azide
615.5349291646312,0.13246965427451582,2_trailing,Raman,Sodium Azide
617.2447484123107,0.13676127609316277,2_trailing,Raman,Sodium Azide
618.9545676599903,0.13520361868578165,2_trailing,Raman,Sodium Azide
620.6643869076698,0.13340832277179063,2_trailing,Raman,Sodium Azide
622.3742061553493,0.14512893143833702,2_trailing,Raman,Sodium Azide
624.0840254030288,0.13516496874243317,2_trailing,Raman,Sodium Azide
625.7938446507084,0.12006274858945205,2_trailing,Raman,Sodium Azide
627.5036638983879,0.1344904673380037,2_trailing,Raman,Sodium Azide
629.2134831460675,0.1278742099328562,2_trailing,Raman,Sodium Azide
630.923302393747,0.14391839244773874,2_trailing,Raman,Sodium Azide
632.6331216414266,0.14490535684173417,2_trailing,Raman,Sodium Azide
634.342940889106,0.12212446077717873,2_trailing,Raman,Sodium Azide
636.0527601367855,0.1508236657594147,2_trailing,Raman,Sodium Azide
637.7625793844651,0.13928910459050384,2_trailing,Raman,Sodium Azide
639.4723986321446,0.16095831842045535,2_trailing,Raman,Sodium Azide
641.1822178798242,0.14250690334583666,2_trailing,Raman,Sodium Azide
642.8920371275037,0.12886151609678145,2_trailing,Raman,Sodium Azide
644.6018563751833,0.13046579146787274,2_trailing,Raman,Sodium Azide
646.3116756228627,0.14829945221074295,2_trailing,Raman,Sodium Azide
648.0214948705423,0.14002088489680747,2_trailing,Raman,Sodium Azide
649.7313141182218,0.14385328547576068,2_trailing,Raman,Sodium Azide
651.4411333659014,0.1642560650815511,2_trailing,Raman,Sodium Azide
653.1509526135809,0.13755844335650957,2_trailing,Raman,Sodium Azide
654.8607718612604,0.14683190665961598,2_trailing,Raman,Sodium Azide
656.5705911089399,0.16314063354778138,2_trailing,Raman,Sodium Azide
658.2804103566194,0.1500607880775384,2_trailing,Raman,Sodium Azide
659.990229604299,0.12845692694663502,2_trailing,Raman,Sodium Azide
661.7000488519785,0.15357456975731285,2_trailing,Raman,Sodium Azide
663.4098680996581,0.13441534432061206,2_trailing,Raman,Sodium Azide
665.1196873473376,0.16489508215433943,2_trailing,Raman,Sodium Azide
666.8295065950172,0.13916195651968422,2_trailing,Raman,Sodium Azide
668.5393258426966,0.1839607243852508,2_trailing,Raman,Sodium Azide
670.2491450903761,0.17674876171227638,2_trailing,Raman,Sodium Azide
671.9589643380557,0.14061374827712214,2_trailing,Raman,Sodium Azide
673.6687835857352,0.15055972446300442,2_trailing,Raman,Sodium Azide
675.3786028334148,0.1595336304845008,2_trailing,Raman,Sodium Azide
677.0884220810943,0.16026661710933413,2_trailing,Raman,Sodium Azide
678.7982413287739,0.15665036523722692,2_trailing,Raman,Sodium Azide
680.5080605764533,0.18651665621355068,2_trailing,Raman,Sodium Azide
682.2178798241329,0.1507922171018013,2_trailing,Raman,Sodium Azide
683.9276990718124,0.1483187958841775,2_trailing,Raman,Sodium Azide
685.637518319492,0.1489327569063462,2_trailing,Raman,Sodium Azide
687.3473375671715,0.16343024843153536,2_trailing,Raman,Sodium Azide
689.057156814851,0.15803527859579974,2_trailing,Raman,Sodium Azide
690.7669760625306,0.1575512023835522,2_trailing,Raman,Sodium Azide
692.47679531021,0.17383503677307602,2_trailing,Raman,Sodium Azide
694.1866145578896,0.13087999284210663,2_trailing,Raman,Sodium Azide
695.8964338055691,0.15891550891625056,2_trailing,Raman,Sodium Azide
697.6062530532487,0.15822526723100702,2_trailing,Raman,Sodium Azide
699.3160723009282,0.19559228843134777,2_trailing,Raman,Sodium Azide
701.0258915486078,0.13852495728802403,2_trailing,Raman,Sodium Azide
702.7357107962873,0.17504780889753163,2_trailing,Raman,Sodium Azide
704.4455300439668,0.15807426339043043,2_trailing,Raman,Sodium Azide
706.1553492916463,0.16329965888695291,2_trailing,Raman,Sodium Azide
707.8651685393259,0.17758272402758446,2_trailing,Raman,Sodium Azide
709.5749877870054,0.16490313064051834,2_trailing,Raman,Sodium Azide
711.284807034685,0.1634059961446416,2_trailing,Raman,Sodium Azide
712.9946262823645,0.1619359859393265,2_trailing,Raman,Sodium Azide
714.704445530044,0.15381701215136323,2_trailing,Raman,Sodium Azide
716.4142647777235,0.15952739723773676,2_trailing,Raman,Sodium Azide
718.124084025403,0.15186222355332,2_trailing,Raman,Sodium Azide
719.8339032730826,0.16010195365481397,2_trailing,Raman,Sodium Azide
721.5437225207621,0.1336463174580758,2_trailing,Raman,Sodium Azide
723.2535417684417,0.16641182408439473,2_trailing,Raman,Sodium Azide
724.9633610161212,0.17034241040598488,2_trailing,Raman,Sodium Azide
726.6731802638008,0.15821195391754353,2_trailing,Raman,Sodium Azide
728.3829995114802,0.16510496083316892,2_trailing,Raman,Sodium Azide
730.0928187591597,0.1461222423346236,2_trailing,Raman,Sodium Azide
731.8026380068393,0.18589008956415073,2_trailing,Raman,Sodium Azide
733.5124572545188,0.1624717543592869,2_trailing,Raman,Sodium Azide
735.2222765021984,0.1623486588024176,2_trailing,Raman,Sodium Azide
736.9320957498779,0.15313128196517367,2_trailing,Raman,Sodium Azide
738.6419149975575,0.16510016206053807,2_trailing,Raman,Sodium Azide
740.3517342452369,0.1814455764970263,2_trailing,Raman,Sodium Azide
742.0615534929165,0.18771549296808282,2_trailing,Raman,Sodium Azide
743.771372740596,0.1859714030971711,2_trailing,Raman,Sodium Azide
745.4811919882756,0.17274500474950666,2_trailing,Raman,Sodium Azide
747.1910112359551,0.16252752212929347,2_trailing,Raman,Sodium Azide
748.9008304836346,0.15012360328909266,2_trailing,Raman,Sodium Azide
750.6106497313142,0.16513511926752517,2_trailing,Raman,Sodium Azide
752.3204689789936,0.1651085852257708,2_trailing,Raman,Sodium Azide
754.0302882266732,0.1805363734336568,2_trailing,Raman,Sodium Azide
755.7401074743527,0.17225771157137795,2_trailing,Raman,Sodium Azide
757.4499267220323,0.18789930992599457,2_trailing,Raman,Sodium Azide
759.1597459697118,0.18342222860436225,2_trailing,Raman,Sodium Azide
760.8695652173914,0.16443175922270054,2_trailing,Raman,Sodium Azide
762.5793844650709,0.15913476064152224,2_trailing,Raman,Sodium Azide
764.2892037127503,0.18676946312869624,2_trailing,Raman,Sodium Azide
765.9990229604299,0.18684415688445027,2_trailing,Raman,Sodium Azide
767.7088422081094,0.16530267344363692,2_trailing,Raman,Sodium Azide
769.418661455789,0.1893621739359861,2_trailing,Raman,Sodium Azide
771.1284807034685,0.17654244763176893,2_trailing,Raman,Sodium Azide
772.8382999511481,0.1743304200300582,2_trailing,Raman,Sodium Azide
774.5481191988276,0.19174264352507928,2_trailing,Raman,Sodium Azide
776.2579384465071,0.18896062265770933,2_trailing,Raman,Sodium Azide
777.9677576941866,0.18122131260092916,2_trailing,Raman,Sodium Azide
779.6775769418662,0.17951663616478056,2_trailing,Raman,Sodium Azide
781.3873961895457,0.19157500795561325,2_trailing,Raman,Sodium Azide
783.0972154372253,0.17005149447274542,2_trailing,Raman,Sodium Azide
784.8070346849048,0.17447315421159137,2_trailing,Raman,Sodium Azide
786.5168539325844,0.16493177939729464,2_trailing,Raman,Sodium Azide
788.2266731802638,0.18198075254661794,2_trailing,Raman,Sodium Azide
789.9364924279433,0.1719687334883348,2_trailing,Raman,Sodium Azide
791.6463116756229,0.1692034254552707,2_trailing,Raman,Sodium Azide
793.3561309233024,0.18862734954221988,2_trailing,Raman,Sodium Azide
795.065950170982,0.17361263279001035,2_trailing,Raman,Sodium Azide
796.7757694186615,0.183670937832353,2_trailing,Raman,Sodium Azide
798.4855886663411,0.159169022082802,2_trailing,Raman,Sodium Azide
800.1954079140205,0.17722388266894543,2_trailing,Raman,Sodium Azide
801.9052271617,0.1904737408759402,2_trailing,Raman,Sodium Azide
803.6150464093796,0.17567624859259168,2_trailing,Raman,Sodium Azide
805.3248656570591,0.17767676174222274,2_trailing,Raman,Sodium Azide
807.0346849047387,0.16151049467517575,2_trailing,Raman,Sodium Azide
808.7445041524182,0.18463392851082125,2_trailing,Raman,Sodium Azide
810.4543234000977,0.1884251600851036,2_trailing,Raman,Sodium Azide
812.1641426477772,0.18700211900944166,2_trailing,Raman,Sodium Azide
813.8739618954568,0.19376898161927786,2_trailing,Raman,Sodium Azide
815.5837811431363,0.18434495470631912,2_trailing,Raman,Sodium Azide
817.2936003908159,0.18797248385423862,2_trailing,Raman,Sodium Azide
819.0034196384954,0.1845756743730049,2_trailing,Raman,Sodium Azide
820.713238886175,0.19118173384940051,2_trailing,Raman,Sodium Azide
822.4230581338544,0.16503747648059666,2_trailing,Raman,Sodium Azide
824.132877381534,0.1734260128694763,2_trailing,Raman,Sodium Azide
825.8426966292135,0.20285952889607306,2_trailing,Raman,Sodium Azide
827.552515876893,0.15583751053443384,2_trailing,Raman,Sodium Azide
829.2623351245726,0.18339445729356926,2_trailing,Raman,Sodium Azide
830.9721543722521,0.19914772245071422,2_trailing,Raman,Sodium Azide
832.6819736199317,0.18470689502447854,2_trailing,Raman,Sodium Azide
834.3917928676111,0.181437057672081,2_trailing,Raman,Sodium Azide
836.1016121152907,0.1880779461684989,2_trailing,Raman,Sodium Azide
837.8114313629702,0.18280775646317293,2_trailing,Raman,Sodium Azide
839.5212506106498,0.18768638413588268,2_trailing,Raman,Sodium Azide
841.2310698583293,0.17970259774251024,2_trailing,Raman,Sodium Azide
842.9408891060089,0.20107310775060608,2_trailing,Raman,Sodium Azide
844.6507083536884,0.20513915319348355,2_trailing,Raman,Sodium Azide
846.3605276013678,0.187288667790691,2_trailing,Raman,Sodium Azide
848.0703468490474,0.17299351550569775,2_trailing,Raman,Sodium Azide
849.7801660967269,0.1834785431495306,2_trailing,Raman,Sodium Azide
851.4899853444065,0.19784049573403614,2_trailing,Raman,Sodium Azide
853.199804592086,0.19629791506419317,2_trailing,Raman,Sodium Azide
854.9096238397656,0.17895227639568673,2_trailing,Raman,Sodium Azide
856.6194430874451,0.1821312549894253,2_trailing,Raman,Sodium Azide
858.3292623351246,0.1975025621146738,2_trailing,Raman,Sodium Azide
860.0390815828041,0.2028996366719023,2_trailing,Raman,Sodium Azide
861.7489008304836,0.18500410906041015,2_trailing,Raman,Sodium Azide
863.4587200781632,0.17705089365353507,2_trailing,Raman,Sodium Azide
865.1685393258427,0.23151187213616625,2_trailing,Raman,Sodium Azide
866.8783585735223,0.2026031785822995,2_trailing,Raman,Sodium Azide
868.5881778212018,0.1906832042409934,2_trailing,Raman,Sodium Azide
870.2979970688813,0.204370270745941,2_trailing,Raman,Sodium Azide
872.0078163165608,0.2031157967536258,2_trailing,Raman,Sodium Azide
873.7176355642404,0.21511136827453708,2_trailing,Raman,Sodium Azide
875.4274548119199,0.19720338216930583,2_trailing,Raman,Sodium Azide
877.1372740595995,0.19678706455914896,2_trailing,Raman,Sodium Azide
878.847093307279,0.19476930487935698,2_trailing,Raman,Sodium Azide
880.5569125549586,0.17952903558514577,2_trailing,Raman,Sodium Azide
882.266731802638,0.21956219686000544,2_trailing,Raman,Sodium Azide
883.9765510503175,0.19621677136232218,2_trailing,Raman,Sodium Azide
885.6863702979971,0.18169687562740086,2_trailing,Raman,Sodium Azide
887.3961895456766,0.1955143397359868,2_trailing,Raman,Sodium Azide
889.1060087933562,0.18712797831263617,2_trailing,Raman,Sodium Azide
890.8158280410357,0.19816491125900573,2_trailing,Raman,Sodium Azide
892.5256472887153,0.2072074601050539,2_trailing,Raman,Sodium Azide
894.2354665363947,0.2211910494746579,2_trailing,Raman,Sodium Azide
895.9452857840743,0.2094577592692366,2_trailing,Raman,Sodium Azide
897.6551050317538,0.196717400197737,2_trailing,Raman,Sodium Azide
899.3649242794334,0.2112595202968767,2_trailing,Raman,Sodium Azide
901.0747435271129,0.2158375318760417,2_trailing,Raman,Sodium Azide
902.7845627747924,0.18085433364412168,2_trailing,Raman,Sodium Azide
904.494382022472,0.2085065375251888,2_trailing,Raman,Sodium Azide
906.2042012701514,0.1851371159366138,2_trailing,Raman,Sodium Azide
907.914020517831,0.22648420194498323,2_trailing,Raman,Sodium Azide
909.6238397655105,0.19823106223165732,2_trailing,Raman,Sodium Azide
911.3336590131901,0.20118530160396517,2_trailing,Raman,Sodium Azide
913.0434782608696,0.19471737348116439,2_trailing,Raman,Sodium Azide
914.7532975085492,0.19673581672862797,2_trailing,Raman,Sodium Azide
916.4631167562287,0.23113082192442497,2_trailing,Raman,Sodium Azide
918.1729360039081,0.215891751600539,2_trailing,Raman,Sodium Azide
919.8827552515877,0.18711510875979318,2_trailing,Raman,Sodium Azide
921.5925744992672,0.22325946013600972,2_trailing,Raman,Sodium Azide
923.3023937469468,0.21999925914359358,2_trailing,Raman,Sodium Azide
925.0122129946263,0.20311206380221844,2_trailing,Raman,Sodium Azide
926.7220322423059,0.21037988019181278,2_trailing,Raman,Sodium Azide
928.4318514899854,0.20699485221971078,2_trailing,Raman,Sodium Azide
930.1416707376649,0.23065544594555606,2_trailing,Raman,Sodium Azide
931.8514899853444,0.19860794295587567,2_trailing,Raman,Sodium Azide
933.561309233024,0.21002674704978816,2_trailing,Raman,Sodium Azide
935.2711284807035,0.20368448915042403,2_trailing,Raman,Sodium Azide
936.9809477283831,0.20229739701081986,2_trailing,Raman,Sodium Azide
938.6907669760626,0.2351332276185318,2_trailing,Raman,Sodium Azide
940.4005862237422,0.19600809474221595,2_trailing,Raman,Sodium Azide
942.1104054714216,0.21280802672187815,2_trailing,Raman,Sodium Azide
943.8202247191011,0.19022532517958335,2_trailing,Raman,Sodium Azide
945.5300439667807,0.20632211661121663,2_trailing,Raman,Sodium Azide
947.2398632144602,0.22632183860470756,2_trailing,Raman,Sodium Azide
948.9496824621398,0.21210387760460964,2_trailing,Raman,Sodium Azide
950.6595017098193,0.2190202390195986,2_trailing,Raman,Sodium Azide
952.3693209574988,0.20938082954850507,2_trailing,Raman,Sodium Azide
954.0791402051783,0.226504016436457,2_trailing,Raman,Sodium Azide
955.7889594528579,0.22925158626174758,2_trailing,Raman,Sodium Azide
957.4987787005374,0.23681629718929956,2_trailing,Raman,Sodium Azide
959.208597948217,0.22497409338179628,2_trailing,Raman,Sodium Azide
960.9184171958965,0.21661205854010246,2_trailing,Raman,Sodium Azide
962.628236443576,0.22210672771893045,2_trailing,Raman,Sodium Azide
964.3380556912555,0.2154122619380754,2_trailing,Raman,Sodium Azide
966.047874938935,0.23786496586275663,2_trailing,Raman,Sodium Azide
967.7576941866146,0.2131827368884168,2_trailing,Raman,Sodium Azide
969.4675134342941,0.2177839635558647,2_trailing,Raman,Sodium Azide
971.1773326819737,0.23204281890143003,2_trailing,Raman,Sodium Azide
972.8871519296532,0.224823944870826,2_trailing,Raman,Sodium Azide
974.5969711773328,0.22590039244125348,2_trailing,Raman,Sodium Azide
976.3067904250122,0.22661090318726734,2_trailing,Raman,Sodium Azide
978.0166096726917,0.21684334008392392,2_trailing,Raman,Sodium Azide
979.7264289203713,0.22298485818529915,2_trailing,Raman,Sodium Azide
981.4362481680508,0.20737995063000372,2_trailing,Raman,Sodium Azide
983.1460674157304,0.2362676536463331,2_trailing,Raman,Sodium Azide
984.8558866634099,0.19088387242047516,2_trailing,Raman,Sodium Azide
986.5657059110895,0.2252354669238452,2_trailing,Raman,Sodium Azide
988.2755251587689,0.24232309572452793,2_trailing,Raman,Sodium Azide
989.9853444064485,0.21436877664820653,2_trailing,Raman,Sodium Azide
991.695163654128,0.2344374940138097,2_trailing,Raman,Sodium Azide
993.4049829018076,0.21985234347079774,2_trailing,Raman,Sodium Azide
995.1148021494871,0.22148385198962578,2_trailing,Raman,Sodium Azide
996.8246213971667,0.24555955258124348,2_trailing,Raman,Sodium Azide
998.5344406448462,0.2262348815687981,2_trailing,Raman,Sodium Azide
1000.2442598925256,0.2000061848702138,2_trailing,Raman,Sodium Azide
1001.9540791402052,0.21255130392980004,2_trailing,Raman,Sodium Azide
1003.6638983878847,0.235669861314041,2_trailing,Raman,Sodium Azide
1005.3737176355643,0.22981187082662285,2_trailing,Raman,Sodium Azide
1007.0835368832438,0.24536064372968142,2_trailing,Raman,Sodium Azide
1008.7933561309234,0.2449404351393496,2_trailing,Raman,Sodium Azide
1010.5031753786029,0.22158031710680723,2_trailing,Raman,Sodium Azide
1012.2129946262824,0.2552694737268601,2_trailing,Raman,Sodium Azide
1013.9228138739619,0.2266039633188491,2_trailing,Raman,Sodium Azide
1015.6326331216414,0.2254116725128704,2_trailing,Raman,Sodium Azide
1017.342452369321,0.21963708415585956,2_trailing,Raman,Sodium Azide
1019.0522716170005,0.20100054594832736,2_trailing,Raman,Sodium Azide
1020.7620908646801,0.25662856578401705,2_trailing,Raman,Sodium Azide
1022.4719101123596,0.24686087121542602,2_trailing,Raman,Sodium Azide
1024.181729360039,0.2166653960028517,2_trailing,Raman,Sodium Azide
1025.8915486077187,0.22626762826851285,2_trailing,Raman,Sodium Azide
1027.6013678553982,0.23043438258915638,2_trailing,Raman,Sodium Azide
1029.3111871030776,0.21844507543568398,2_trailing,Raman,Sodium Azide
1031.0210063507573,0.2195155283812834,2_trailing,Raman,Sodium Azide
1032.7308255984367,0.22798707499117213,2_trailing,Raman,Sodium Azide
1034.4406448461164,0.23706962553975516,2_trailing,Raman,Sodium Azide
1036.1504640937958,0.22666060095211246,2_trailing,Raman,Sodium Azide
1037.8602833414755,0.23419806831044915,2_trailing,Raman,Sodium Azide
1039.5701025891549,0.2487124258343344,2_trailing,Raman,Sodium Azide
1041.2799218368343,0.22879970079243753,2_trailing,Raman,Sodium Azide
1042.989741084514,0.23472610273524197,2_trailing,Raman,Sodium Azide
1044.6995603321934,0.24162346772172444,2_trailing,Raman,Sodium Azide
1046.409379579873,0.23998087045995312,2_trailing,Raman,Sodium Azide
1048.1191988275525,0.2366748279031817,2_trailing,Raman,Sodium Azide
1049.8290180752322,0.24538051453663903,2_trailing,Raman,Sodium Azide
1051.5388373229116,0.2510453201667992,2_trailing,Raman,Sodium Azide
1053.248656570591,0.22179756076406892,2_trailing,Raman,Sodium Azide
1054.9584758182707,0.26019280558791413,2_trailing,Raman,Sodium Azide
1056.6682950659501,0.2525418827421027,2_trailing,Raman,Sodium Azide
1058.3781143136298,0.22769020828345227,2_trailing,Raman,Sodium Azide
1060.0879335613092,0.238804835721286,2_trailing,Raman,Sodium Azide
1061.797752808989,0.25444000765974306,2_trailing,Raman,Sodium Azide
1063.5075720566683,0.2409080771467291,2_trailing,Raman,Sodium Azide
1065.2173913043478,0.24332026168406892,2_trailing,Raman,Sodium Azide
1066.9272105520274,0.2399726061111844,2_trailing,Raman,Sodium Azide
1068.6370297997069,0.22124892657899217,2_trailing,Raman,Sodium Azide
1070.3468490473865,0.24420048809272932,2_trailing,Raman,Sodium Azide
1072.056668295066,0.2263186136323455,2_trailing,Raman,Sodium Azide
1073.7664875427456,0.2505851019634796,2_trailing,Raman,Sodium Azide
1075.476306790425,0.23210464787702956,2_trailing,Raman,Sodium Azide
1077.1861260381045,0.23845819654833203,2_trailing,Raman,Sodium Azide
1078.8959452857841,0.2568008916605391,2_trailing,Raman,Sodium Azide
1080.6057645334636,0.24692333902074684,2_trailing,Raman,Sodium Azide
1082.3155837811432,0.22884769960008577,2_trailing,Raman,Sodium Azide
1084.0254030288227,0.229985028747794,2_trailing,Raman,Sodium Azide
1085.7352222765023,0.23523403618805663,2_trailing,Raman,Sodium Azide
1087.4450415241818,0.24725664639452116,2_trailing,Raman,Sodium Azide
1089.1548607718612,0.247212219603892,2_trailing,Raman,Sodium Azide
1090.8646800195409,0.23352233125533395,2_trailing,Raman,Sodium Azide
1092.5744992672203,0.23010756520239828,2_trailing,Raman,Sodium Azide
1094.2843185149,0.2574574887764037,2_trailing,Raman,Sodium Azide
1095.9941377625794,0.24241079375074856,2_trailing,Raman,Sodium Azide
1097.703957010259,0.2701879658004072,2_trailing,Raman,Sodium Azide
1099.4137762579385,0.2457320783784654,2_trailing,Raman,Sodium Azide
1101.123595505618,0.26693368157374625,2_trailing,Raman,Sodium Azide
1102.8334147532976,0.232358122366211,2_trailing,Raman,Sodium Azide
1104.543234000977,0.22802138651170767,2_trailing,Raman,Sodium Azide
1106.2530532486567,0.23370985569050423,2_trailing,Raman,Sodium Azide
1107.962872496336,0.2611373203200925,2_trailing,Raman,Sodium Azide
1109.6726917440158,0.26815917017714436,2_trailing,Raman,Sodium Azide
1111.3825109916952,0.23881146876375073,2_trailing,Raman,Sodium Azide
1113.0923302393746,0.24295962348289987,2_trailing,Raman,Sodium Azide
1114.8021494870543,0.23504381378159173,2_trailing,Raman,Sodium Azide
1116.5119687347337,0.22789815889837572,2_trailing,Raman,Sodium Azide
1118.2217879824134,0.257912144718658,2_trailing,Raman,Sodium Azide
1119.9316072300928,0.2524913333822872,2_trailing,Raman,Sodium Azide
1121.6414264777725,0.2503834465186242,2_trailing,Raman,Sodium Azide
1123.351245725452,0.23424412185260526,2_trailing,Raman,Sodium Azide
1125.0610649731314,0.2702309275526017,2_trailing,Raman,Sodium Azide
1126.770884220811,0.2555092220098095,2_trailing,Raman,Sodium Azide
1128.4807034684904,0.25803600672098764,2_trailing,Raman,Sodium Azide
1130.19052271617,0.2551311785445389,2_trailing,Raman,Sodium Azide
1131.9003419638495,0.250317274156131,2_trailing,Raman,Sodium Azide
1133.6101612115292,0.256342778301001,2_trailing,Raman,Sodium Azide
1135.3199804592086,0.25714228328719,2_trailing,Raman,Sodium Azide
1137.029799706888,0.2655041457587377,2_trailing,Raman,Sodium Azide
1138.7396189545677,0.25986621257472386,2_trailing,Raman,Sodium Azide
1140.4494382022472,0.24121464667596917,2_trailing,Raman,Sodium Azide
1142.1592574499268,0.2671486621495698,2_trailing,Raman,Sodium Azide
1143.8690766976063,0.2665507185946534,2_trailing,Raman,Sodium Azide
1145.578895945286,0.25831314915610953,2_trailing,Raman,Sodium Azide
1147.2887151929654,0.25682844293552237,2_trailing,Raman,Sodium Azide
1148.9985344406448,0.24145028759691234,2_trailing,Raman,Sodium Azide
1150.7083536883245,0.241309455544071,2_trailing,Raman,Sodium Azide
1152.4181729360039,0.23119116035640702,2_trailing,Raman,Sodium Azide
1154.1279921836835,0.2770818329963264,2_trailing,Raman,Sodium Azide
1155.837811431363,0.2675817826040053,2_trailing,Raman,Sodium Azide
1157.5476306790426,0.2681493105778883,2_trailing,Raman,Sodium Azide
1159.257449926722,0.2622440179717628,2_trailing,Raman,Sodium Azide
1160.9672691744015,0.24404853588121544,2_trailing,Raman,Sodium Azide
1162.6770884220812,0.24738848264492805,2_trailing,Raman,Sodium Azide
1164.3869076697606,0.2617909343924359,2_trailing,Raman,Sodium Azide
1166.0967269174403,0.2617635989756726,2_trailing,Raman,Sodium Azide
1167.8065461651197,0.2579488821956635,2_trailing,Raman,Sodium Azide
1169.5163654127994,0.2652600206974753,2_trailing,Raman,Sodium Azide
1171.2261846604788,0.2614570263112245,2_trailing,Raman,Sodium Azide
1172.9360039081582,0.2631164503620591,2_trailing,Raman,Sodium Azide
1174.645823155838,0.2645984460163596,2_trailing,Raman,Sodium Azide
1176.3556424035173,0.2739663246347694,2_trailing,Raman,Sodium Azide
1178.065461651197,0.26780083347786904,2_trailing,Raman,Sodium Azide
1179.7752808988764,0.24764262554250915,2_trailing,Raman,Sodium Azide
1181.485100146556,0.2545787968959859,2_trailing,Raman,Sodium Azide
1183.1949193942355,0.25990901484043943,2_trailing,Raman,Sodium Azide
1184.904738641915,0.28601377277897955,2_trailing,Raman,Sodium Azide
1186.6145578895946,0.27425809224124326,2_trailing,Raman,Sodium Azide
1188.324377137274,0.26295433028362886,2_trailing,Raman,Sodium Azide
1190.0341963849537,0.26089126918917055,2_trailing,Raman,Sodium Azide
1191.7440156326331,0.28509713660020475,2_trailing,Raman,Sodium Azide
1193.4538348803128,0.258642918226198,2_trailing,Raman,Sodium Azide
1195.1636541279922,0.2754886077542379,2_trailing,Raman,Sodium Azide
1196.8734733756717,0.30437786709809406,2_trailing,Raman,Sodium Azide
1198.5832926233513,0.2733817430035031,2_trailing,Raman,Sodium Azide
1200.2931118710308,0.2487338268076167,2_trailing,Raman,Sodium Azide
1202.0029311187104,0.25746080216611655,2_trailing,Raman,Sodium Azide
1203.7127503663899,0.2678139662808586,2_trailing,Raman,Sodium Azide
1205.4225696140695,0.2647446503411955,2_trailing,Raman,Sodium Azide
1207.132388861749,0.28692595488276895,2_trailing,Raman,Sodium Azide
1208.8422081094284,0.270206404944162,2_trailing,Raman,Sodium Azide
1210.552027357108,0.2720298471852931,2_trailing,Raman,Sodium Azide
1212.2618466047875,0.26219665851036583,2_trailing,Raman,Sodium Azide
1213.9716658524671,0.2912511860725609,2_trailing,Raman,Sodium Azide
1215.6814851001466,0.30453026305375963,2_trailing,Raman,Sodium Azide
1217.3913043478262,0.2783555918413978,2_trailing,Raman,Sodium Azide
1219.1011235955057,0.2761347509337841,2_trailing,Raman,Sodium Azide
1220.810942843185,0.2735222483071645,2_trailing,Raman,Sodium Azide
1222.5207620908648,0.26972115801334173,2_trailing,Raman,Sodium Azide
1224.2305813385442,0.26339865788210787,2_trailing,Raman,Sodium Azide
1225.9404005862239,0.2608180648709708,2_trailing,Raman,Sodium Azide
1227.6502198339033,0.2606064921119299,2_trailing,Raman,Sodium Azide
1229.360039081583,0.27903460354367365,2_trailing,Raman,Sodium Azide
1231.0698583292624,0.26858316791942416,2_trailing,Raman,Sodium Azide
1232.7796775769418,0.2448534883340712,2_trailing,Raman,Sodium Azide
1234.4894968246215,0.280642857660868,2_trailing,Raman,Sodium Azide
1236.199316072301,0.2753658444898579,2_trailing,Raman,Sodium Azide
1237.9091353199806,0.2919679792599389,2_trailing,Raman,Sodium Azide
1239.61895456766,0.2809469057622079,2_trailing,Raman,Sodium Azide
1241.3287738153397,0.25963958659311653,2_trailing,Raman,Sodium Azide
1243.038593063019,0.2512250503279145,2_trailing,Raman,Sodium Azide
1244.7484123106985,0.2792943815344323,2_trailing,Raman,Sodium Azide
1246.4582315583782,0.27078102285608074,2_trailing,Raman,Sodium Azide
1248.1680508060576,0.2995303964817888,2_trailing,Raman,Sodium Azide
1249.8778700537373,0.2787613777593162,2_trailing,Raman,Sodium Azide
1251.5876893014167,0.2925247547969122,2_trailing,Raman,Sodium Azide
1253.2975085490964,0.2641113042875254,2_trailing,Raman,Sodium Azide
1255.0073277967758,0.29131495508213995,2_trailing,Raman,Sodium Azide
1256.7171470444553,0.2888353525998887,2_trailing,Raman,Sodium Azide
1258.426966292135,0.2571342487756865,2_trailing,Raman,Sodium Azide
1260.1367855398144,0.2966446191603084,2_trailing,Raman,Sodium Azide
1261.846604787494,0.28262978983875514,2_trailing,Raman,Sodium Azide
1263.5564240351734,0.2865083246983271,2_trailing,Raman,Sodium Azide
1265.266243282853,0.28216811402770053,2_trailing,Raman,Sodium Azide
1266.9760625305325,0.2976154607382029,2_trailing,Raman,Sodium Azide
1268.685881778212,0.2691718199303047,2_trailing,Raman,Sodium Azide
1270.3957010258916,0.2931879420210504,2_trailing,Raman,Sodium Azide
1272.105520273571,0.2934348479892357,2_trailing,Raman,Sodium Azide
1273.8153395212507,0.2727953783891937,2_trailing,Raman,Sodium Azide
1275.5251587689302,0.3078163095753296,2_trailing,Raman,Sodium Azide
1277.2349780166098,0.28767964540739693,2_trailing,Raman,Sodium Azide
1278.9447972642893,0.2930079040807655,2_trailing,Raman,Sodium Azide
1280.6546165119687,0.2678447059173834,2_trailing,Raman,Sodium Azide
1282.3644357596484,0.3109155942459645,2_trailing,Raman,Sodium Azide
1284.0742550073278,0.27215124873132845,2_trailing,Raman,Sodium Azide
1285.7840742550075,0.2988787507222296,2_trailing,Raman,Sodium Azide
1287.493893502687,0.2856053891075256,2_trailing,Raman,Sodium Azide
1289.2037127503665,0.2803880767751775,2_trailing,Raman,Sodium Azide
1290.913531998046,0.29725735645147683,2_trailing,Raman,Sodium Azide
1292.6233512457254,0.3004356480557953,2_trailing,Raman,Sodium Azide
1294.333170493405,0.2738924696296367,2_trailing,Raman,Sodium Azide
1296.0429897410845,0.3019354128070255,2_trailing,Raman,Sodium Azide
1297.7528089887642,0.30178401984542746,2_trailing,Raman,Sodium Azide
1299.4626282364436,0.2789407831878129,2_trailing,Raman,Sodium Azide
1301.1724474841233,0.30903155338538246,2_trailing,Raman,Sodium Azide
1302.8822667318027,0.28362607354714864,2_trailing,Raman,Sodium Azide
1304.5920859794821,0.283753095207841,2_trailing,Raman,Sodium Azide
1306.3019052271618,0.2970622251016682,2_trailing,Raman,Sodium Azide
1308.0117244748412,0.2818362384012686,2_trailing,Raman,Sodium Azide
1309.721543722521,0.2953047743550402,2_trailing,Raman,Sodium Azide
1311.4313629702003,0.2954198206001172,2_trailing,Raman,Sodium Azide
1313.1411822178798,0.3007866272460499,2_trailing,Raman,Sodium Azide
1314.8510014655594,0.30310840864126193,2_trailing,Raman,Sodium Azide
1316.5608207132389,0.2910659056972434,2_trailing,Raman,Sodium Azide
1318.2706399609185,0.29683381858867985,2_trailing,Raman,Sodium Azide
1319.980459208598,0.30793115280332045,2_trailing,Raman,Sodium Azide
1321.6902784562776,0.3041455144097806,2_trailing,Raman,Sodium Azide
1323.400097703957,0.30447224975171605,2_trailing,Raman,Sodium Azide
1325.1099169516365,0.2821881229976561,2_trailing,Raman,Sodium Azide
1326.8197361993161,0.3021755538835843,2_trailing,Raman,Sodium Azide
1328.5295554469956,0.286121247659726,2_trailing,Raman,Sodium Azide
1330.2393746946752,0.2817836042805675,2_trailing,Raman,Sodium Azide
1331.9491939423547,0.30633345603183715,2_trailing,Raman,Sodium Azide
1333.6590131900343,0.2869633712749027,2_trailing,Raman,Sodium Azide
1335.3688324377138,0.30719606590867393,2_trailing,Raman,Sodium Azide
1337.0786516853932,0.3078576164084705,2_trailing,Raman,Sodium Azide
1338.7884709330729,0.2764149083529328,2_trailing,Raman,Sodium Azide
1340.4982901807523,0.299379095663121,2_trailing,Raman,Sodium Azide
1342.208109428432,0.2823644035579568,2_trailing,Raman,Sodium Azide
1343.9179286761114,0.2944247985302538,2_trailing,Raman,Sodium Azide
1345.627747923791,0.30555579636210844,2_trailing,Raman,Sodium Azide
1347.3375671714705,0.29776833320524143,2_trailing,Raman,Sodium Azide
1349.04738641915,0.30408007773871887,2_trailing,Raman,Sodium Azide
1350.7572056668296,0.3265969330162164,2_trailing,Raman,Sodium Azide
1352.467024914509,0.27475523001036756,2_trailing,Raman,Sodium Azide
1354.1768441621887,0.3166183321699168,2_trailing,Raman,Sodium Azide
1355.886663409868,0.296138325732201,2_trailing,Raman,Sodium Azide
1357.5964826575478,0.311979762842387,2_trailing,Raman,Sodium Azide
1359.3063019052272,0.3070993956678997,2_trailing,Raman,Sodium Azide
1361.0161211529066,0.32172815686195655,2_trailing,Raman,Sodium Azide
1362.7259404005863,0.29962130643077994,2_trailing,Raman,Sodium Azide
1364.4357596482657,0.3045577370530157,2_trailing,Raman,Sodium Azide
1366.1455788959454,0.31097920105631843,2_trailing,Raman,Sodium Azide
1367.8553981436248,0.28631462116829753,2_trailing,Raman,Sodium Azide
1369.5652173913045,0.2947904442858491,2_trailing,Raman,Sodium Azide
1371.275036638984,0.30421045244039785,2_trailing,Raman,Sodium Azide
1372.9848558866634,0.2959425207073095,2_trailing,Raman,Sodium Azide
1374.694675134343,0.2971563704237097,2_trailing,Raman,Sodium Azide
1376.4044943820224,0.3029925354358093,2_trailing,Raman,Sodium Azide
1378.114313629702,0.315079712592659,2_trailing,Raman,Sodium Azide
1379.8241328773815,0.30383905958383595,2_trailing,Raman,Sodium Azide
1381.5339521250612,0.3208653002094941,2_trailing,Raman,Sodium Azide
1383.2437713727406,0.2969298965637303,2_trailing,Raman,Sodium Azide
1384.95359062042,0.2943344747205138,2_trailing,Raman,Sodium Azide
1386.6634098680997,0.3319406201274168,2_trailing,Raman,Sodium Azide
1388.3732291157792,0.3020539838644447,2_trailing,Raman,Sodium Azide
1390.0830483634588,0.2947878335394684,2_trailing,Raman,Sodium Azide
1391.7928676111383,0.2901196043225401,2_trailing,Raman,Sodium Azide
1393.502686858818,0.3234963293813108,2_trailing,Raman,Sodium Azide
1395.2125061064974,0.3172883998015347,2_trailing,Raman,Sodium Azide
1396.9223253541768,0.3086957544109004,2_trailing,Raman,Sodium Azide
1398.6321446018565,0.31018407882075444,2_trailing,Raman,Sodium Azide
1400.341963849536,0.3242939722526603,2_trailing,Raman,Sodium Azide
1402.0517830972155,0.32070883259119626,2_trailing,Raman,Sodium Azide
1403.761602344895,0.34064714283861064,2_trailing,Raman,Sodium Azide
1405.4714215925746,0.3151410163179229,2_trailing,Raman,Sodium Azide
1407.181240840254,0.32639170613330615,2_trailing,Raman,Sodium Azide
1408.8910600879335,0.32376840448194827,2_trailing,Raman,Sodium Azide
1410.6008793356132,0.31429175943455656,2_trailing,Raman,Sodium Azide
1412.3106985832926,0.308225299677667,2_trailing,Raman,Sodium Azide
1414.0205178309723,0.31936953353433084,2_trailing,Raman,Sodium Azide
1415.7303370786517,0.3218373175289427,2_trailing,Raman,Sodium Azide
1417.4401563263314,0.3095380439519332,2_trailing,Raman,Sodium Azide
1419.1499755740108,0.31857395241046066,2_trailing,Raman,Sodium Azide
1420.8597948216902,0.3414859330980424,2_trailing,Raman,Sodium Azide
1422.56961406937,0.3416323736954462,2_trailing,Raman,Sodium Azide
1424.2794333170493,0.32777661421911436,2_trailing,Raman,Sodium Azide
1425.989252564729,0.3399685745273543,2_trailing,Raman,Sodium Azide
1427.6990718124084,0.31116145445006266,2_trailing,Raman,Sodium Azide
1429.408891060088,0.32713490925729355,2_trailing,Raman,Sodium Azide
1431.1187103077675,0.3349727973647831,2_trailing,Raman,Sodium Azide
1432.828529555447,0.3091790221897927,2_trailing,Raman,Sodium Azide
1434.5383488031266,0.3143711787225653,2_trailing,Raman,Sodium Azide
1436.248168050806,0.3407947695380593,2_trailing,Raman,Sodium Azide
1437.9579872984857,0.3094007641091623,2_trailing,Raman,Sodium Azide
1439.6678065461651,0.3054951303196617,2_trailing,Raman,Sodium Azide
1441.3776257938448,0.3394803577803029,2_trailing,Raman,Sodium Azide
1443.0874450415242,0.33598246122699166,2_trailing,Raman,Sodium Azide
1444.7972642892037,0.32740817898306834,2_trailing,Raman,Sodium Azide
1446.5070835368833,0.3221931157337459,2_trailing,Raman,Sodium Azide
1448.2169027845628,0.3179737973443024,2_trailing,Raman,Sodium Azide
1449.9267220322424,0.32679359687186693,2_trailing,Raman,Sodium Azide
1451.6365412799219,0.34237588115825396,2_trailing,Raman,Sodium Azide
1453.3463605276015,0.32704833011611445,2_trailing,Raman,Sodium Azide
1455.056179775281,0.35001561039393064,2_trailing,Raman,Sodium Azide
1456.7659990229604,0.31450008555884745,2_trailing,Raman,Sodium Azide
1458.47581827064,0.32516793888218465,2_trailing,Raman,Sodium Azide
1460.1856375183195,0.32141050374539454,2_trailing,Raman,Sodium Azide
1461.8954567659991,0.3134518197618354,2_trailing,Raman,Sodium Azide
1463.6052760136786,0.3247497531187335,2_trailing,Raman,Sodium Azide
1465.3150952613582,0.3318120057451327,2_trailing,Raman,Sodium Azide
1467.0249145090377,0.33344547951436426,2_trailing,Raman,Sodium Azide
1468.734733756717,0.36310789572430374,2_trailing,Raman,Sodium Azide
1470.4445530043968,0.3435083665880066,2_trailing,Raman,Sodium Azide
1472.1543722520762,0.34192053201488787,2_trailing,Raman,Sodium Azide
1473.8641914997559,0.329605356445238,2_trailing,Raman,Sodium Azide
1475.5740107474353,0.34886650284427473,2_trailing,Raman,Sodium Azide
1477.283829995115,0.35768536924589256,2_trailing,Raman,Sodium Azide
1478.9936492427944,0.33619572077705023,2_trailing,Raman,Sodium Azide
1480.7034684904738,0.32873064215466846,2_trailing,Raman,Sodium Azide
1482.4132877381535,0.33431060144507935,2_trailing,Raman,Sodium Azide
1484.123106985833,0.3344218656903624,2_trailing,Raman,Sodium Azide
1485.8329262335126,0.3368478251463751,2_trailing,Raman,Sodium Azide
1487.542745481192,0.3400627624655451,2_trailing,Raman,Sodium Azide
1489.2525647288717,0.3376540007137399,2_trailing,Raman,Sodium Azide
1490.962383976551,0.3427272732590542,2_trailing,Raman,Sodium Azide
1492.6722032242305,0.325575559213065,2_trailing,Raman,Sodium Azide
1494.3820224719102,0.3381065475065946,2_trailing,Raman,Sodium Azide
1496.0918417195896,0.3555158408433301,2_trailing,Raman,Sodium Azide
1497.8016609672693,0.3461168306781675,2_trailing,Raman,Sodium Azide
1499.5114802149487,0.3408151714260146,2_trailing,Raman,Sodium Azide
1501.2212994626284,0.3469925617584126,2_trailing,Raman,Sodium Azide
1502.9311187103078,0.3309694181055373,2_trailing,Raman,Sodium Azide
1504.6409379579873,0.32974390405357407,2_trailing,Raman,Sodium Azide
1506.350757205667,0.327320004264209,2_trailing,Raman,Sodium Azide
1508.0605764533464,0.33499229599115155,2_trailing,Raman,Sodium Azide
1509.770395701026,0.3318984624771058,2_trailing,Raman,Sodium Azide
1511.4802149487055,0.35137416952420975,2_trailing,Raman,Sodium Azide
1513.190034196385,0.3520368380265671,2_trailing,Raman,Sodium Azide
1514.8998534440645,0.33858368357075697,2_trailing,Raman,Sodium Azide
1516.609672691744,0.3611187839778809,2_trailing,Raman,Sodium Azide
1518.3194919394236,0.3334615927198632,2_trailing,Raman,Sodium Azide
1520.029311187103,0.35092780958212866,2_trailing,Raman,Sodium Azide
1521.7391304347827,0.3447970796006316,2_trailing,Raman,Sodium Azide
1523.4489496824622,0.336579232740734,2_trailing,Raman,Sodium Azide
1525.1587689301418,0.35474422804058814,2_trailing,Raman,Sodium Azide
1526.8685881778213,0.34811744204506956,2_trailing,Raman,Sodium Azide
1528.5784074255007,0.3592889672822833,2_trailing,Raman,Sodium Azide
1530.2882266731804,0.33346294784163955,2_trailing,Raman,Sodium Azide
1531.9980459208598,0.34296058797610846,2_trailing,Raman,Sodium Azide
1533.7078651685395,0.3426419677145899,2_trailing,Raman,Sodium Azide
1535.417684416219,0.3456531779483354,2_trailing,Raman,Sodium Azide
1537.1275036638986,0.32590702887172246,2_trailing,Raman,Sodium Azide
1538.837322911578,0.3446234354518891,2_trailing,Raman,Sodium Azide
1540.5471421592574,0.326999584048324,2_trailing,Raman,Sodium Azide
1542.256961406937,0.34828503993322774,2_trailing,Raman,Sodium Azide
1543.9667806546165,0.3195382472748879,2_trailing,Raman,Sodium Azide
1545.6765999022962,0.3331646977740185,2_trailing,Raman,Sodium Azide
1547.3864191499756,0.35481946508375856,2_trailing,Raman,Sodium Azide
1549.0962383976553,0.3392091063447929,2_trailing,Raman,Sodium Azide
1550.8060576453347,0.33442518868088195,2_trailing,Raman,Sodium Azide
1552.5158768930141,0.36126115560938943,2_trailing,Raman,Sodium Azide
1554.2256961406938,0.3505953391872813,2_trailing,Raman,Sodium Azide
1555.9355153883732,0.3573536701317846,2_trailing,Raman,Sodium Azide
1557.645334636053,0.35557386631490906,2_trailing,Raman,Sodium Azide
1559.3551538837323,0.37928689173042984,2_trailing,Raman,Sodium Azide
1561.064973131412,0.35120355463312364,2_trailing,Raman,Sodium Azide
1562.7747923790914,0.369097206403878,2_trailing,Raman,Sodium Azide
1564.4846116267709,0.34832789304791695,2_trailing,Raman,Sodium Azide
1566.1944308744505,0.330049981087414,2_trailing,Raman,Sodium Azide
1567.90425012213,0.3554647280793408,2_trailing,Raman,Sodium Azide
1569.6140693698096,0.35387748019513615,2_trailing,Raman,Sodium Azide
1571.323888617489,0.3382589557209311,2_trailing,Raman,Sodium Azide
1573.0337078651687,0.34015246198109356,2_trailing,Raman,Sodium Azide
1574.7435271128481,0.3510458991078946,2_trailing,Raman,Sodium Azide
1576.4533463605276,0.35581292757481775,2_trailing,Raman,Sodium Azide
1578.1631656082072,0.3231609379277125,2_trailing,Raman,Sodium Azide
1579.8729848558867,0.3648138739282125,2_trailing,Raman,Sodium Azide
1581.5828041035663,0.35706916222457485,2_trailing,Raman,Sodium Azide
1583.2926233512458,0.33764449378517164,2_trailing,Raman,Sodium Azide
1585.0024425989254,0.3646457249652671,2_trailing,Raman,Sodium Azide
1586.7122618466049,0.3537285033532028,2_trailing,Raman,Sodium Azide
1588.4220810942843,0.36863060644177836,2_trailing,Raman,Sodium Azide
1590.131900341964,0.3598973834807697,2_trailing,Raman,Sodium Azide
1591.8417195896434,0.355131653424155,2_trailing,Raman,Sodium Azide
1593.551538837323,0.363742000303249,2_trailing,Raman,Sodium Azide
1595.2613580850025,0.3615658987078958,2_trailing,Raman,Sodium Azide
1596.9711773326821,0.3514502707889171,2_trailing,Raman,Sodium Azide
1598.6809965803616,0.3466895235785416,2_trailing,Raman,Sodium Azide
1600.390815828041,0.3641999249797891,2_trailing,Raman,Sodium Azide
1602.1006350757207,0.3557456478906208,2_trailing,Raman,Sodium Azide
1603.8104543234,0.35821250439909635,2_trailing,Raman,Sodium Azide
1605.5202735710798,0.37095988313094663,2_trailing,Raman,Sodium Azide
1607.2300928187592,0.3572484432697975,2_trailing,Raman,Sodium Azide
1608.9399120664386,0.3591397008684838,2_trailing,Raman,Sodium Azide
1610.6497313141183,0.3523217861653606,2_trailing,Raman,Sodium Azide
1612.3595505617977,0.3647714069302133,2_trailing,Raman,Sodium Azide
1614.0693698094774,0.3642051664290513,2_trailing,Raman,Sodium Azide
1615.7791890571568,0.3710394310733492,2_trailing,Raman,Sodium Azide
1617.4890083048365,0.3640878211279343,2_trailing,Raman,Sodium Azide
1619.198827552516,0.3558900811451067,2_trailing,Raman,Sodium Azide
1620.9086468001954,0.3809113052942741,2_trailing,Raman,Sodium Azide
1622.618466047875,0.3749689886009938,2_trailing,Raman,Sodium Azide
1624.3282852955545,0.35178255491745053,2_trailing,Raman,Sodium Azide
1626.038104543234,0.37808056006220314,2_trailing,Raman,Sodium Azide
1627.7479237909135,0.34326656149421353,2_trailing,Raman,Sodium Azide
1629.4577430385932,0.37272644731296783,2_trailing,Raman,Sodium Azide
1631.1675622862726,0.34910361330531203,2_trailing,Raman,Sodium Azide
1632.877381533952,0.3863904010122924,2_trailing,Raman,Sodium Azide
1634.5872007816317,0.3465941953992995,2_trailing,Raman,Sodium Azide
1636.2970200293112,0.3785618542979902,2_trailing,Raman,Sodium Azide
1638.0068392769908,0.37449168451858533,2_trailing,Raman,Sodium Azide
1639.7166585246703,0.37153548320684804,2_trailing,Raman,Sodium Azide
1641.42647777235,0.3683820693196707,2_trailing,Raman,Sodium Azide
1643.1362970200294,0.3739930632945187,2_trailing,Raman,Sodium Azide
1644.8461162677088,0.35638091810960887,2_trailing,Raman,Sodium Azide
1646.5559355153885,0.3578001976794971,2_trailing,Raman,Sodium Azide
1648.265754763068,0.375344692225509,2_trailing,Raman,Sodium Azide
1649.9755740107476,0.35812090923246553,2_trailing,Raman,Sodium Azide
1651.685393258427,0.37165654336847154,2_trailing,Raman,Sodium Azide
1653.3952125061066,0.4044939567008412,2_trailing,Raman,Sodium Azide
1655.105031753786,0.3579244094688806,2_trailing,Raman,Sodium Azide
1656.8148510014655,0.3830868348605373,2_trailing,Raman,Sodium Azide
1658.5246702491452,0.3731620704313764,2_trailing,Raman,Sodium Azide
1660.2344894968246,0.376368379642182,2_trailing,Raman,Sodium Azide
1661.9443087445043,0.37845171874702016,2_trailing,Raman,Sodium Azide
1663.6541279921837,0.38439179662461637,2_trailing,Raman,Sodium Azide
1665.3639472398634,0.36920514846993024,2_trailing,Raman,Sodium Azide
1667.0737664875428,0.395226349151598,2_trailing,Raman,Sodium Azide
1668.7835857352222,0.36541095289194253,2_trailing,Raman,Sodium Azide
1670.493404982902,0.3754380964090618,2_trailing,Raman,Sodium Azide
1672.2032242305813,0.37594901631174826,2_trailing,Raman,Sodium Azide
1673.913043478261,0.36031689801234046,2_trailing,Raman,Sodium Azide
1675.6228627259404,0.3704909003512609,2_trailing,Raman,Sodium Azide
1677.33268197362,0.37611222547016826,2_trailing,Raman,Sodium Azide
1679.0425012212995,0.36954084126335857,2_trailing,Raman,Sodium Azide
1680.752320468979,0.40357213910421774,2_trailing,Raman,Sodium Azide
1682.4621397166586,0.36554261928573273,2_trailing,Raman,Sodium Azide
1684.171958964338,0.38955996417914385,2_trailing,Raman,Sodium Azide
1685.8817782120177,0.39615873840962496,2_trailing,Raman,Sodium Azide
1687.5915974596971,0.3763467170130439,2_trailing,Raman,Sodium Azide
1689.3014167073768,0.3667569362482385,2_trailing,Raman,Sodium Azide
1691.0112359550562,0.3682739074443367,2_trailing,Raman,Sodium Azide
1692.7210552027357,0.371586771006972,2_trailing,Raman,Sodium Azide
1694.4308744504153,0.3571196846350015,2_trailing,Raman,Sodium Azide
1696.1406936980948,0.36666333261866213,2_trailing,Raman,Sodium Azide
1697.8505129457744,0.36143444911847455,2_trailing,Raman,Sodium Azide
1699.5603321934539,0.3949422848387235,2_trailing,Raman,Sodium Azide
1701.2701514411335,0.3868040560085839,2_trailing,Raman,Sodium Azide
1702.979970688813,0.40914742116047315,2_trailing,Raman,Sodium Azide
1704.6897899364924,0.387219862434672,2_trailing,Raman,Sodium Azide
1706.399609184172,0.3826602971697109,2_trailing,Raman,Sodium Azide
1708.1094284318515,0.39819403096588973,2_trailing,Raman,Sodium Azide
1709.8192476795311,0.37431415737205065,2_trailing,Raman,Sodium Azide
1711.5290669272106,0.38309834036906787,2_trailing,Raman,Sodium Azide
1713.2388861748902,0.39098017343583885,2_trailing,Raman,Sodium Azide
1714.9487054225697,0.37713748546309983,2_trailing,Raman,Sodium Azide
1716.658524670249,0.4192613468277894,2_trailing,Raman,Sodium Azide
1718.3683439179288,0.38370925890603336,2_trailing,Raman,Sodium Azide
1720.0781631656082,0.39541913068694723,2_trailing,Raman,Sodium Azide
1721.7879824132879,0.3988584282926584,2_trailing,Raman,Sodium Azide
1723.4978016609673,0.39523516089619837,2_trailing,Raman,Sodium Azide
1725.207620908647,0.3853463613646846,2_trailing,Raman,Sodium Azide
1726.9174401563264,0.38680591540127024,2_trailing,Raman,Sodium Azide
1728.6272594040058,0.36804623596288116,2_trailing,Raman,Sodium Azide
1730.3370786516855,0.38952717401453524,2_trailing,Raman,Sodium Azide
1732.046897899365,0.39248377874811496,2_trailing,Raman,Sodium Azide
1733.7567171470446,0.39200648904180463,2_trailing,Raman,Sodium Azide
1735.466536394724,0.4214915412590788,2_trailing,Raman,Sodium Azide
1737.1763556424037,0.39615900234507084,2_trailing,Raman,Sodium Azide
1738.886174890083,0.371703493953356,2_trailing,Raman,Sodium Azide
1740.5959941377625,0.40070989998030426,2_trailing,Raman,Sodium Azide
1742.3058133854422,0.40553447661367653,2_trailing,Raman,Sodium Azide
1744.0156326331216,0.3996165172882363,2_trailing,Raman,Sodium Azide
1745.7254518808013,0.3875609372059309,2_trailing,Raman,Sodium Azide
1747.4352711284807,0.4120910117992791,2_trailing,Raman,Sodium Azide
1749.1450903761604,0.430400625488198,2_trailing,Raman,Sodium Azide
1750.8549096238398,0.391970422941976,2_trailing,Raman,Sodium Azide
1752.5647288715193,0.3756397387729425,2_trailing,Raman,Sodium Azide
1754.274548119199,0.3945178464062979,2_trailing,Raman,Sodium Azide
1755.9843673668784,0.40909174044057767,2_trailing,Raman,Sodium Azide
1757.694186614558,0.37335152153129214,2_trailing,Raman,Sodium Azide
1759.4040058622375,0.3945129381291582,2_trailing,Raman,Sodium Azide
1761.1138251099171,0.39736487196980874,2_trailing,Raman,Sodium Azide
1762.8236443575965,0.4112714482625395,2_trailing,Raman,Sodium Azide
1764.533463605276,0.409018467339064,2_trailing,Raman,Sodium Azide
1766.2432828529556,0.40418078573237703,2_trailing,Raman,Sodium Azide
1767.953102100635,0.36910608212205137,2_trailing,Raman,Sodium Azide
1769.6629213483147,0.4056050043741751,2_trailing,Raman,Sodium Azide
1771.3727405959942,0.40346196818586866,2_trailing,Raman,Sodium Azide
1773.0825598436738,0.3985779183650338,2_trailing,Raman,Sodium Azide
1774.7923790913533,0.3756968259669389,2_trailing,Raman,Sodium Azide
1776.5021983390327,0.38724529074843117,2_trailing,Raman,Sodium Azide
1778.2120175867124,0.3830583569021651,2_trailing,Raman,Sodium Azide
1779.9218368343918,0.38350560168915654,2_trailing,Raman,Sodium Azide
1781.6316560820715,0.39745320190033867,2_trailing,Raman,Sodium Azide
1783.341475329751,0.3885244611360124,2_trailing,Raman,Sodium Azide
1785.0512945774306,0.428998475404827,2_trailing,Raman,Sodium Azide
1786.76111382511,0.39665491219380383,2_trailing,Raman,Sodium Azide
1788.4709330727894,0.4341658221267461,2_trailing,Raman,Sodium Azide
1790.180752320469,0.38101675161931264,2_trailing,Raman,Sodium Azide
1791.8905715681485,0.40356733243071785,2_trailing,Raman,Sodium Azide
1793.6003908158282,0.4012922011854087,2_trailing,Raman,Sodium Azide
1795.3102100635076,0.3899021874540954,2_trailing,Raman,Sodium Azide
1797.0200293111873,0.3959752258016285,2_trailing,Raman,Sodium Azide
1798.7298485588667,0.39874887726704195,2_trailing,Raman,Sodium Azide
1800.4396678065461,0.3989434068692242,2_trailing,Raman,Sodium Azide
1802.1494870542258,0.42379207023225607,2_trailing,Raman,Sodium Azide
1803.8593063019052,0.40687573427334084,2_trailing,Raman,Sodium Azide
1805.569125549585,0.40844342614201384,2_trailing,Raman,Sodium Azide
1807.2789447972643,0.4095292745082481,2_trailing,Raman,Sodium Azide
1808.988764044944,0.4107653607320931,2_trailing,Raman,Sodium Azide
1810.6985832926234,0.4030007446435776,2_trailing,Raman,Sodium Azide
1812.4084025403029,0.41059629482077453,2_trailing,Raman,Sodium Azide
1814.1182217879825,0.40668818018612835,2_trailing,Raman,Sodium Azide
1815.828041035662,0.42866460747255486,2_trailing,Raman,Sodium Azide
1817.5378602833416,0.4186880362948739,2_trailing,Raman,Sodium Azide
1819.247679531021,0.4030630438295574,2_trailing,Raman,Sodium Azide
1820.9574987787007,0.4152532701631381,2_trailing,Raman,Sodium Azide
1822.6673180263801,0.40436247395571306,2_trailing,Raman,Sodium Azide
1824.3771372740596,0.407419625992961,2_trailing,Raman,Sodium Azide
1826.0869565217392,0.4118583152161306,2_trailing,Raman,Sodium Azide
1827.7967757694187,0.40565829482157834,2_trailing,Raman,Sodium Azide
1829.5065950170983,0.4238772127624556,2_trailing,Raman,Sodium Azide
1831.2164142647778,0.40963107924422965,2_trailing,Raman,Sodium Azide
1832.9262335124574,0.420514506254049,2_trailing,Raman,Sodium Azide
1834.6360527601369,0.39236126106335556,2_trailing,Raman,Sodium Azide
1836.3458720078163,0.40607093994349847,2_trailing,Raman,Sodium Azide
1838.055691255496,0.40724796592248674,2_trailing,Raman,Sodium Azide
1839.7655105031754,0.41074458292557897,2_trailing,Raman,Sodium Azide
1841.475329750855,0.41109090849766383,2_trailing,Raman,Sodium Azide
1843.1851489985345,0.406191882360647,2_trailing,Raman,Sodium Azide
1844.8949682462141,0.4125369368110197,2_trailing,Raman,Sodium Azide
1846.6047874938936,0.4134045030021408,2_trailing,Raman,Sodium Azide
1848.314606741573,0.40116879861276195,2_trailing,Raman,Sodium Azide
1850.0244259892527,0.41807457124949243,2_trailing,Raman,Sodium Azide
1851.734245236932,0.41403192525142235,2_trailing,Raman,Sodium Azide
1853.4440644846118,0.4373779531615637,2_trailing,Raman,Sodium Azide
1855.1538837322912,0.41689530728527746,2_trailing,Raman,Sodium Azide
1856.8637029799709,0.4165172040149457,2_trailing,Raman,Sodium Azide
1858.5735222276503,0.41932464080757775,2_trailing,Raman,Sodium Azide
1860.2833414753297,0.4350320843917125,2_trailing,Raman,Sodium Azide
1861.9931607230094,0.4261509488501195,2_trailing,Raman,Sodium Azide
1863.7029799706888,0.42220843746996545,2_trailing,Raman,Sodium Azide
1865.4127992183685,0.42467538997308574,2_trailing,Raman,Sodium Azide
1867.122618466048,0.43342363471399137,2_trailing,Raman,Sodium Azide
1868.8324377137276,0.4395379594024545,2_trailing,Raman,Sodium Azide
1870.542256961407,0.423959402563217,2_trailing,Raman,Sodium Azide
1872.2520762090865,0.43021900073040864,2_trailing,Raman,Sodium Azide
1873.9618954567661,0.40541561112266683,2_trailing,Raman,Sodium Azide
1875.6717147044455,0.4008706884239626,2_trailing,Raman,Sodium Azide
1877.3815339521252,0.4306870274322556,2_trailing,Raman,Sodium Azide
1879.0913531998046,0.42003287603460265,2_trailing,Raman,Sodium Azide
1880.8011724474843,0.4132394717532998,2_trailing,Raman,Sodium Azide
1882.5109916951637,0.429663923963429,2_trailing,Raman,Sodium Azide
1884.2208109428432,0.3985543802663674,2_trailing,Raman,Sodium Azide
1885.9306301905228,0.41449076593212925,2_trailing,Raman,Sodium Azide
1887.6404494382023,0.4254556559170206,2_trailing,Raman,Sodium Azide
1889.350268685882,0.4323522027864739,2_trailing,Raman,Sodium Azide
1891.0600879335614,0.44940512312526715,2_trailing,Raman,Sodium Azide
1892.769907181241,0.4063605250359216,2_trailing,Raman,Sodium Azide
1894.4797264289205,0.4157704818831702,2_trailing,Raman,Sodium Azide
1896.1895456766,0.44367720475561195,2_trailing,Raman,Sodium Azide
1897.8993649242796,0.4309907818300211,2_trailing,Raman,Sodium Azide
1899.609184171959,0.41082630883450366,2_trailing,Raman,Sodium Azide
1901.3190034196386,0.4321804687604374,2_trailing,Raman,Sodium Azide
1903.028822667318,0.4279624287703143,2_trailing,Raman,Sodium Azide
1904.7386419149975,0.4522749575684378,2_trailing,Raman,Sodium Azide
1906.4484611626772,0.4300623003637728,2_trailing,Raman,Sodium Azide
1908.1582804103566,0.4340584028656345,2_trailing,Raman,Sodium Azide
1909.8680996580363,0.4260625073340395,2_trailing,Raman,Sodium Azide
1911.5779189057157,0.4177587333949193,2_trailing,Raman,Sodium Azide
1913.2877381533954,0.4171853054665713,2_trailing,Raman,Sodium Azide
1914.9975574010748,0.44329703579831387,2_trailing,Raman,Sodium Azide
1916.7073766487542,0.4278302499907521,2_trailing,Raman,Sodium Azide
1918.417195896434,0.43462153096476297,2_trailing,Raman,Sodium Azide
1920.1270151441133,0.44611790274564567,2_trailing,Raman,Sodium Azide
1921.836834391793,0.4011410859260452,2_trailing,Raman,Sodium Azide
1923.5466536394724,0.4441239877819125,2_trailing,Raman,Sodium Azide
1925.256472887152,0.4301757215668417,2_trailing,Raman,Sodium Azide
1926.9662921348315,0.4350037247491163,2_trailing,Raman,Sodium Azide
1928.676111382511,0.42058726363873494,2_trailing,Raman,Sodium Azide
1930.3859306301906,0.4218269482127918,2_trailing,Raman,Sodium Azide
1932.09574987787,0.4467780856709302,2_trailing,Raman,Sodium Azide
1933.8055691255497,0.45936306455725123,2_trailing,Raman,Sodium Azide
1935.5153883732291,0.44356651294552724,2_trailing,Raman,Sodium Azide
1937.2252076209088,0.44701900562781755,2_trailing,Raman,Sodium Azide
1938.9350268685882,0.4303295141252348,2_trailing,Raman,Sodium Azide
1940.6448461162677,0.42592995480117557,2_trailing,Raman,Sodium Azide
1942.3546653639473,0.42419613389815963,2_trailing,Raman,Sodium Azide
1944.0644846116268,0.43800376152225967,2_trailing,Raman,Sodium Azide
1945.7743038593064,0.4100612386273372,2_trailing,Raman,Sodium Azide
1947.4841231069859,0.4259949511256364,2_trailing,Raman,Sodium Azide
1949.1939423546655,0.4283038178325892,2_trailing,Raman,Sodium Azide
1950.903761602345,0.43319440579236707,2_trailing,Raman,Sodium Azide
1952.6135808500244,0.43717276383155124,2_trailing,Raman,Sodium Azide
1954.323400097704,0.4402562164129354,2_trailing,Raman,Sodium Azide
1956.0332193453835,0.4362177078436808,2_trailing,Raman,Sodium Azide
1957.7430385930631,0.43996392354259267,2_trailing,Raman,Sodium Azide
1959.4528578407426,0.41415998069078613,2_trailing,Raman,Sodium Azide
1961.1626770884222,0.4307986188580971,2_trailing,Raman,Sodium Azide
1962.8724963361017,0.4265286080720858,2_trailing,Raman,Sodium Azide
1964.582315583781,0.4437583334128466,2_trailing,Raman,Sodium Azide
1966.2921348314608,0.449330876029677,2_trailing,Raman,Sodium Azide
1968.0019540791402,0.45005527757790703,2_trailing,Raman,Sodium Azide
1969.7117733268199,0.44830953824001557,2_trailing,Raman,Sodium Azide
1971.4215925744993,0.4382614385373835,2_trailing,Raman,Sodium Azide
1973.131411822179,0.43409346737483573,2_trailing,Raman,Sodium Azide
1974.8412310698584,0.43183790637172953,2_trailing,Raman,Sodium Azide
1976.5510503175378,0.42331336561054644,2_trailing,Raman,Sodium Azide
1978.2608695652175,0.45296787812406253,2_trailing,Raman,Sodium Azide
1979.970688812897,0.43968618191232994,2_trailing,Raman,Sodium Azide
1981.6805080605766,0.42751639557489834,2_trailing,Raman,Sodium Azide
1983.390327308256,0.44281520221558784,2_trailing,Raman,Sodium Azide
1985.1001465559357,0.44272248855719304,2_trailing,Raman,Sodium Azide
1986.8099658036151,0.4437620522163335,2_trailing,Raman,Sodium Azide
1988.5197850512945,0.45614203142915716,2_trailing,Raman,Sodium Azide
1990.2296042989742,0.4399452375105931,2_trailing,Raman,Sodium Azide
1991.9394235466536,0.41802013038154406,2_trailing,Raman,Sodium Azide
1993.6492427943333,0.45256810038252454,2_trailing,Raman,Sodium Azide
1995.3590620420127,0.44333586971963246,2_trailing,Raman,Sodium Azide
1997.0688812896924,0.4429123518235135,2_trailing,Raman,Sodium Azide
1998.7787005373718,0.4485791076160316,2_trailing,Raman,Sodium Azide
2000.4885197850513,0.44885622960182087,2_trailing,Raman,Sodium Azide
2002.198339032731,0.44746561054354866,2_trailing,Raman,Sodium Azide
2003.9081582804104,0.4467815520828363,2_trailing,Raman,Sodium Azide
2005.61797752809,0.45228676120562833,2_trailing,Raman,Sodium Azide
2007.3277967757695,0.4428009006241608,2_trailing,Raman,Sodium Azide
2009.0376160234491,0.4425176193977524,2_trailing,Raman,Sodium Azide
2010.7474352711286,0.46476243948006557,2_trailing,Raman,Sodium Azide
2012.457254518808,0.4555308089721379,2_trailing,Raman,Sodium Azide
2014.1670737664876,0.459046325912101,2_trailing,Raman,Sodium Azide
2015.876893014167,0.46410280112220126,2_trailing,Raman,Sodium Azide
2017.5867122618467,0.4562837577606115,2_trailing,Raman,Sodium Azide
2019.2965315095262,0.4613787191837519,2_trailing,Raman,Sodium Azide
2021.0063507572058,0.43238889022487415,2_trailing,Raman,Sodium Azide
2022.7161700048853,0.45365913331840263,2_trailing,Raman,Sodium Azide
2024.4259892525647,0.44950940399476036,2_trailing,Raman,Sodium Azide
2026.1358085002444,0.47168036175632105,2_trailing,Raman,Sodium Azide
2027.8456277479238,0.46327713205790416,2_trailing,Raman,Sodium Azide
2029.5554469956035,0.4454097783801392,2_trailing,Raman,Sodium Azide
2031.265266243283,0.4575414104734879,2_trailing,Raman,Sodium Azide
2032.9750854909626,0.45552049734001826,2_trailing,Raman,Sodium Azide
2034.684904738642,0.45925924366885457,2_trailing,Raman,Sodium Azide
2036.3947239863214,0.4523864585991317,2_trailing,Raman,Sodium Azide
2038.104543234001,0.45891744816894425,2_trailing,Raman,Sodium Azide
2039.8143624816805,0.4624100921141465,2_trailing,Raman,Sodium Azide
2041.5241817293602,0.46877181287037767,2_trailing,Raman,Sodium Azide
2043.2340009770396,0.4473609151170489,2_trailing,Raman,Sodium Azide
2044.9438202247193,0.44937411510088654,2_trailing,Raman,Sodium Azide
2046.6536394723987,0.47035630851759797,2_trailing,Raman,Sodium Azide
2048.363458720078,0.4446733714097466,2_trailing,Raman,Sodium Azide
2050.073277967758,0.4459190800624917,2_trailing,Raman,Sodium Azide
2051.7830972154375,0.4571480920656715,2_trailing,Raman,Sodium Azide
2053.4929164631167,0.4590930615775601,2_trailing,Raman,Sodium Azide
2055.2027357107963,0.44814937929776555,2_trailing,Raman,Sodium Azide
2056.912554958476,0.4601271737301697,2_trailing,Raman,Sodium Azide
2058.622374206155,0.4416501835356099,2_trailing,Raman,Sodium Azide
2060.332193453835,0.44785381805515967,2_trailing,Raman,Sodium Azide
2062.0420127015145,0.48409888505862375,2_trailing,Raman,Sodium Azide
2063.751831949194,0.46580368454930127,2_trailing,Raman,Sodium Azide
2065.4616511968734,0.4520596621171167,2_trailing,Raman,Sodium Azide
2067.171470444553,0.47608328333304073,2_trailing,Raman,Sodium Azide
2068.8812896922327,0.46821118631594255,2_trailing,Raman,Sodium Azide
2070.591108939912,0.47359473155307913,2_trailing,Raman,Sodium Azide
2072.3009281875916,0.46084002057868767,2_trailing,Raman,Sodium Azide
2074.0107474352712,0.47414773291259343,2_trailing,Raman,Sodium Azide
2075.720566682951,0.43921731969388256,2_trailing,Raman,Sodium Azide
2077.43038593063,0.46110181175366444,2_trailing,Raman,Sodium Azide
2079.1402051783098,0.4657743055574068,2_trailing,Raman,Sodium Azide
2080.8500244259894,0.46809717954521773,2_trailing,Raman,Sodium Azide
2082.5598436736686,0.4539388073999586,2_trailing,Raman,Sodium Azide
2084.2696629213483,0.46803766645990214,2_trailing,Raman,Sodium Azide
2085.979482169028,0.4580741086748239,2_trailing,Raman,Sodium Azide
2087.6893014167076,0.4625182973151605,2_trailing,Raman,Sodium Azide
2089.399120664387,0.47814596601126946,2_trailing,Raman,Sodium Azide
2091.1089399120665,0.477170683496943,2_trailing,Raman,Sodium Azide
2092.818759159746,0.4552285484216329,2_trailing,Raman,Sodium Azide
2094.5285784074254,0.4549049970753747,2_trailing,Raman,Sodium Azide
2096.238397655105,0.4628534603157275,2_trailing,Raman,Sodium Azide
2097.9482169027847,0.4677373970926547,2_trailing,Raman,Sodium Azide
2099.6580361504643,0.460726596539379,2_trailing,Raman,Sodium Azide
2101.3678553981435,0.4810017875446257,2_trailing,Raman,Sodium Azide
2103.077674645823,0.4732636502673006,2_trailing,Raman,Sodium Azide
2104.787493893503,0.4743325284069446,2_trailing,Raman,Sodium Azide
2106.497313141182,0.45512373096609987,2_trailing,Raman,Sodium Azide
2108.2071323888617,0.48401081972894644,2_trailing,Raman,Sodium Azide
2109.9169516365414,0.44769004597241835,2_trailing,Raman,Sodium Azide
2111.626770884221,0.48087072558344723,2_trailing,Raman,Sodium Azide
2113.3365901319003,0.4824263775278135,2_trailing,Raman,Sodium Azide
2115.04640937958,0.4668004920512196,2_trailing,Raman,Sodium Azide
2116.7562286272596,0.4971549806614707,2_trailing,Raman,Sodium Azide
2118.466047874939,0.47188872220568007,2_trailing,Raman,Sodium Azide
2120.1758671226185,0.4737403779704763,2_trailing,Raman,Sodium Azide
2121.885686370298,0.4773672368457432,2_trailing,Raman,Sodium Azide
2123.595505617978,0.5110940291649818,2_trailing,Raman,Sodium Azide
2125.305324865657,0.4898998023338613,2_trailing,Raman,Sodium Azide
2127.0151441133366,0.4827466916357374,2_trailing,Raman,Sodium Azide
2128.7249633610163,0.4742252667669693,2_trailing,Raman,Sodium Azide
2130.4347826086955,0.47697946409684877,2_trailing,Raman,Sodium Azide
2132.144601856375,0.4661555971042084,2_trailing,Raman,Sodium Azide
2133.854421104055,0.4956893313579327,2_trailing,Raman,Sodium Azide
2135.5642403517345,0.47808715864912715,2_trailing,Raman,Sodium Azide
2137.2740595994137,0.47365269514771635,2_trailing,Raman,Sodium Azide
2138.9838788470934,0.47815497141841246,2_trailing,Raman,Sodium Azide
2140.693698094773,0.46763763635479566,2_trailing,Raman,Sodium Azide
2142.4035173424522,0.49973875031749615,2_trailing,Raman,Sodium Azide
2144.113336590132,0.46828734444650466,2_trailing,Raman,Sodium Azide
2145.8231558378116,0.4790524546731086,2_trailing,Raman,Sodium Azide
2147.532975085491,0.4879016401320746,2_trailing,Raman,Sodium Azide
2149.2427943331704,0.4888719997621408,2_trailing,Raman,Sodium Azide
2150.95261358085,0.4752965939715981,2_trailing,Raman,Sodium Azide
2152.6624328285297,0.48263703145688697,2_trailing,Raman,Sodium Azide
2154.372252076209,0.4888032192810774,2_trailing,Raman,Sodium Azide
2156.0820713238886,0.46805142472917094,2_trailing,Raman,Sodium Azide
2157.7918905715683,0.4844533508779907,2_trailing,Raman,Sodium Azide
2159.501709819248,0.4972132913531139,2_trailing,Raman,Sodium Azide
2161.211529066927,0.48888214723905904,2_trailing,Raman,Sodium Azide
2162.921348314607,0.4832211782910087,2_trailing,Raman,Sodium Azide
2164.6311675622865,0.49041894713423406,2_trailing,Raman,Sodium Azide
2166.3409868099657,0.5086073530685167,2_trailing,Raman,Sodium Azide
2168.0508060576453,0.49251539505310066,2_trailing,Raman,Sodium Azide
2169.760625305325,0.46036560920745123,2_trailing,Raman,Sodium Azide
2171.4704445530047,0.47625736777934397,2_trailing,Raman,Sodium Azide
2173.180263800684,0.4966021155790028,2_trailing,Raman,Sodium Azide
2174.8900830483635,0.4675844760726825,2_trailing,Raman,Sodium Azide
2176.599902296043,0.49029906186690336,2_trailing,Raman,Sodium Azide
2178.3097215437224,0.48185425679612715,2_trailing,Raman,Sodium Azide
2180.019540791402,0.47469134432350313,2_trailing,Raman,Sodium Azide
2181.7293600390817,0.49083559562862494,2_trailing,Raman,Sodium Azide
2183.4391792867614,0.49947638556620294,2_trailing,Raman,Sodium Azide
2185.1489985344406,0.5122201505648025,2_trailing,Raman,Sodium Azide
2186.8588177821202,0.4805667173557677,2_trailing,Raman,Sodium Azide
2188.5686370298,0.505133053960269,2_trailing,Raman,Sodium Azide
2190.278456277479,0.4927751926741656,2_trailing,Raman,Sodium Azide
2191.9882755251588,0.48128687843291906,2_trailing,Raman,Sodium Azide
2193.6980947728384,0.49877135686338564,2_trailing,Raman,Sodium Azide
2195.407914020518,0.506417872416032,2_trailing,Raman,Sodium Azide
2197.1177332681973,0.4905930208115571,2_trailing,Raman,Sodium Azide
2198.827552515877,0.4936735606752638,2_trailing,Raman,Sodium Azide
2200.5373717635566,0.4839439888970212,2_trailing,Raman,Sodium Azide
2202.247191011236,0.4916456441586977,2_trailing,Raman,Sodium Azide
2203.9570102589155,0.5005936989195561,2_trailing,Raman,Sodium Azide
2205.666829506595,0.48945749292896784,2_trailing,Raman,Sodium Azide
2207.376648754275,0.4915238014520514,2_trailing,Raman,Sodium Azide
2209.086468001954,0.4961205241507536,2_trailing,Raman,Sodium Azide
2210.7962872496337,0.4963317302318124,2_trailing,Raman,Sodium Azide
2212.5061064973133,0.48686536976218747,2_trailing,Raman,Sodium Azide
2214.2159257449925,0.5090523786487131,2_trailing,Raman,Sodium Azide
2215.925744992672,0.4957881900631917,2_trailing,Raman,Sodium Azide
2217.635564240352,0.5023767661282014,2_trailing,Raman,Sodium Azide
2219.3453834880315,0.5001779031356984,2_trailing,Raman,Sodium Azide
2221.0552027357107,0.49828358812968815,2_trailing,Raman,Sodium Azide
2222.7650219833904,0.5148786100990076,2_trailing,Raman,Sodium Azide
2224.47484123107,0.5025769985430496,2_trailing,Raman,Sodium Azide
2226.1846604787493,0.505065020545182,2_trailing,Raman,Sodium Azide
2227.894479726429,0.5228620396232496,2_trailing,Raman,Sodium Azide
2229.6042989741086,0.5177695076088271,2_trailing,Raman,Sodium Azide
2231.3141182217882,0.4959220252594886,2_trailing,Raman,Sodium Azide
2233.0239374694675,0.4850313864563979,2_trailing,Raman,Sodium Azide
2234.733756717147,0.5180982271912925,2_trailing,Raman,Sodium Azide
2236.443575964827,0.49616167325994986,2_trailing,Raman,Sodium Azide
2238.153395212506,0.49378621558780045,2_trailing,Raman,Sodium Azide
2239.8632144601856,0.4793677891463264,2_trailing,Raman,Sodium Azide
2241.5730337078653,0.5040545114687602,2_trailing,Raman,Sodium Azide
2243.282852955545,0.5022154468715166,2_trailing,Raman,Sodium Azide
2244.992672203224,0.4831076373147761,2_trailing,Raman,Sodium Azide
2246.702491450904,0.5165433611647918,2_trailing,Raman,Sodium Azide
2248.4123106985835,0.495780959676493,2_trailing,Raman,Sodium Azide
2250.1221299462627,0.5335070326742045,2_trailing,Raman,Sodium Azide
2251.8319491939424,0.49571025291557885,2_trailing,Raman,Sodium Azide
2253.541768441622,0.49766308635912954,2_trailing,Raman,Sodium Azide
2255.2515876893017,0.5028959968878919,2_trailing,Raman,Sodium Azide
2256.961406936981,0.5184898674709051,2_trailing,Raman,Sodium Azide
2258.6712261846606,0.49953840762209184,2_trailing,Raman,Sodium Azide
2260.38104543234,0.4957954920069108,2_trailing,Raman,Sodium Azide
2262.0908646800194,0.512947351682085,2_trailing,Raman,Sodium Azide
2263.800683927699,0.48888166381290593,2_trailing,Raman,Sodium Azide
2265.5105031753787,0.5127516142071394,2_trailing,Raman,Sodium Azide
2267.2203224230584,0.5266758069811315,2_trailing,Raman,Sodium Azide
2268.9301416707376,0.5128292615820517,2_trailing,Raman,Sodium Azide
2270.6399609184173,0.514045658306946,2_trailing,Raman,Sodium Azide
2272.349780166097,0.5171462242804077,2_trailing,Raman,Sodium Azide
2274.059599413776,0.5273618284147135,2_trailing,Raman,Sodium Azide
2275.769418661456,0.5218892952290557,2_trailing,Raman,Sodium Azide
2277.4792379091355,0.5132496455117092,2_trailing,Raman,Sodium Azide
2279.189057156815,0.5190681579338151,2_trailing,Raman,Sodium Azide
2280.8988764044943,0.5084866546952204,2_trailing,Raman,Sodium Azide
2282.608695652174,0.518336544985046,2_trailing,Raman,Sodium Azide
2284.3185148998537,0.49784846775156816,2_trailing,Raman,Sodium Azide
2286.028334147533,0.5057085676652223,2_trailing,Raman,Sodium Azide
2287.7381533952125,0.4742848600861306,2_trailing,Raman,Sodium Azide
2289.447972642892,0.5154717316830174,2_trailing,Raman,Sodium Azide
2291.157791890572,0.503610301190744,2_trailing,Raman,Sodium Azide
2292.867611138251,0.5245469577779392,2_trailing,Raman,Sodium Azide
2294.5774303859307,0.5264843906653117,2_trailing,Raman,Sodium Azide
2296.2872496336104,0.5254614864927224,2_trailing,Raman,Sodium Azide
2297.9970688812896,0.4999858231004907,2_trailing,Raman,Sodium Azide
2299.7068881289692,0.5252204764988575,2_trailing,Raman,Sodium Azide
2301.416707376649,0.5381043988972062,2_trailing,Raman,Sodium Azide
2303.1265266243286,0.5227714944637557,2_trailing,Raman,Sodium Azide
2304.8363458720078,0.5234596705201229,2_trailing,Raman,Sodium Azide
2306.5461651196874,0.5265706876245867,2_trailing,Raman,Sodium Azide
2308.255984367367,0.5188206758432693,2_trailing,Raman,Sodium Azide
2309.9658036150463,0.5242624504914796,2_trailing,Raman,Sodium Azide
2311.675622862726,0.49808893683195365,2_trailing,Raman,Sodium Azide
2313.3854421104056,0.5112171476201586,2_trailing,Raman,Sodium Azide
2315.0952613580853,0.49574833832245907,2_trailing,Raman,Sodium Azide
2316.8050806057645,0.508631442244476,2_trailing,Raman,Sodium Azide
2318.514899853444,0.5247740827473784,2_trailing,Raman,Sodium Azide
2320.224719101124,0.5235550045921586,2_trailing,Raman,Sodium Azide
2321.934538348803,0.5186134399430452,2_trailing,Raman,Sodium Azide
2323.6443575964827,0.5203943307210965,2_trailing,Raman,Sodium Azide
2325.3541768441623,0.49669221900937255,2_trailing,Raman,Sodium Azide
2327.063996091842,0.5147978458978949,2_trailing,Raman,Sodium Azide
2328.773815339521,0.5115626458176543,2_trailing,Raman,Sodium Azide
2330.483634587201,0.5122051581692164,2_trailing,Raman,Sodium Azide
2332.1934538348805,0.52732809166618,2_trailing,Raman,Sodium Azide
2333.9032730825597,0.5106085962383302,2_trailing,Raman,Sodium Azide
2335.6130923302394,0.5139863280896678,2_trailing,Raman,Sodium Azide
2337.322911577919,0.49700562047987806,2_trailing,Raman,Sodium Azide
2339.0327308255987,0.5183865098247892,2_trailing,Raman,Sodium Azide
2340.742550073278,0.5094717374107672,2_trailing,Raman,Sodium Azide
2342.4523693209576,0.5235218523816717,2_trailing,Raman,Sodium Azide
2344.1621885686372,0.511835996944788,2_trailing,Raman,Sodium Azide
2345.8720078163165,0.5245814801607097,2_trailing,Raman,Sodium Azide
2347.581827063996,0.5220438782562108,2_trailing,Raman,Sodium Azide
2349.291646311676,0.5437033025488082,2_trailing,Raman,Sodium Azide
2351.0014655593554,0.5403248741825415,2_trailing,Raman,Sodium Azide
2352.7112848070346,0.5033364142053536,2_trailing,Raman,Sodium Azide
2354.4211040547143,0.5104494526514217,2_trailing,Raman,Sodium Azide
2356.130923302394,0.5262922050187825,2_trailing,Raman,Sodium Azide
2357.840742550073,0.5151363885106724,2_trailing,Raman,Sodium Azide
2359.550561797753,0.4916421125339156,2_trailing,Raman,Sodium Azide
2361.2603810454325,0.5425961132489145,2_trailing,Raman,Sodium Azide
2362.970200293112,0.5356067449221429,2_trailing,Raman,Sodium Azide
2364.6800195407914,0.5436545323108906,2_trailing,Raman,Sodium Azide
2366.389838788471,0.5208210040509544,2_trailing,Raman,Sodium Azide
2368.0996580361507,0.5333246233506969,2_trailing,Raman,Sodium Azide
2369.80947728383,0.5304473242789859,2_trailing,Raman,Sodium Azide
2371.5192965315096,0.5314777487611603,2_trailing,Raman,Sodium Azide
2373.229115779189,0.5186777104799422,2_trailing,Raman,Sodium Azide
2374.938935026869,0.5476004295438524,2_trailing,Raman,Sodium Azide
2376.648754274548,0.511831641935384,2_trailing,Raman,Sodium Azide
2378.3585735222277,0.5450369380422154,2_trailing,Raman,Sodium Azide
2380.0683927699074,0.5314413149243971,2_trailing,Raman,Sodium Azide
2381.7782120175866,0.5256341768267869,2_trailing,Raman,Sodium Azide
2383.4880312652663,0.5337043522739804,2_trailing,Raman,Sodium Azide
2385.197850512946,0.5407189614868779,2_trailing,Raman,Sodium Azide
2386.9076697606256,0.5485189209893976,2_trailing,Raman,Sodium Azide
2388.617489008305,0.5465602547533853,2_trailing,Raman,Sodium Azide
2390.3273082559845,0.5228419912203668,2_trailing,Raman,Sodium Azide
2392.037127503664,0.5443070414152871,2_trailing,Raman,Sodium Azide
2393.7469467513433,0.5553156802920778,2_trailing,Raman,Sodium Azide
2395.456765999023,0.5502027010923556,2_trailing,Raman,Sodium Azide
2397.1665852467027,0.545443438773192,2_trailing,Raman,Sodium Azide
2398.8764044943823,0.5445004803793256,2_trailing,Raman,Sodium Azide
2400.5862237420615,0.5437547510663688,2_trailing,Raman,Sodium Azide
2402.296042989741,0.5495156750500814,2_trailing,Raman,Sodium Azide
2404.005862237421,0.5309772916561678,2_trailing,Raman,Sodium Azide
2405.7156814851,0.5208357421236032,2_trailing,Raman,Sodium Azide
2407.4255007327797,0.5478964850895996,2_trailing,Raman,Sodium Azide
2409.1353199804594,0.527893985865316,2_trailing,Raman,Sodium Azide
2410.845139228139,0.5254944580028571,2_trailing,Raman,Sodium Azide
2412.5549584758182,0.5297964717679755,2_trailing,Raman,Sodium Azide
2414.264777723498,0.5677226556130391,2_trailing,Raman,Sodium Azide
2415.9745969711776,0.5405897431121981,2_trailing,Raman,Sodium Azide
2417.6844162188568,0.5436156000789637,2_trailing,Raman,Sodium Azide
2419.3942354665364,0.5254416202288826,2_trailing,Raman,Sodium Azide
2421.104054714216,0.5285451553241037,2_trailing,Raman,Sodium Azide
2422.8138739618958,0.5309281441110102,2_trailing,Raman,Sodium Azide
2424.523693209575,0.5577470651109919,2_trailing,Raman,Sodium Azide
2426.2335124572546,0.5551990796227193,2_trailing,Raman,Sodium Azide
2427.9433317049343,0.5486762855286557,2_trailing,Raman,Sodium Azide
2429.6531509526135,0.5506970863228184,2_trailing,Raman,Sodium Azide
2431.362970200293,0.5355021831812109,2_trailing,Raman,Sodium Azide
2433.072789447973,0.5590658751354026,2_trailing,Raman,Sodium Azide
2434.7826086956525,0.5357794602969407,2_trailing,Raman,Sodium Azide
2436.4924279433317,0.5600426674316179,2_trailing,Raman,Sodium Azide
2438.2022471910113,0.5491342814419911,2_trailing,Raman,Sodium Azide
2439.912066438691,0.5233815658667275,2_trailing,Raman,Sodium Azide
2441.62188568637,0.5359558786857522,2_trailing,Raman,Sodium Azide
2443.33170493405,0.5241925106384577,2_trailing,Raman,Sodium Azide
2445.0415241817295,0.5591042864207094,2_trailing,Raman,Sodium Azide
2446.751343429409,0.5455713291939399,2_trailing,Raman,Sodium Azide
2448.4611626770884,0.5201435153615569,2_trailing,Raman,Sodium Azide
2450.170981924768,0.5510247324105052,2_trailing,Raman,Sodium Azide
2451.8808011724477,0.5407138953452578,2_trailing,Raman,Sodium Azide
2453.590620420127,0.5300079982070016,2_trailing,Raman,Sodium Azide
2455.3004396678066,0.5674209409702018,2_trailing,Raman,Sodium Azide
2457.0102589154862,0.5494061387310779,2_trailing,Raman,Sodium Azide
2458.720078163166,0.5450942539129874,2_trailing,Raman,Sodium Azide
2460.429897410845,0.5542342544539224,2_trailing,Raman,Sodium Azide
2462.139716658525,0.5315699126286818,2_trailing,Raman,Sodium Azide
2463.8495359062044,0.5343960445860582,2_trailing,Raman,Sodium Azide
2465.5593551538836,0.5651059856697829,2_trailing,Raman,Sodium Azide
2467.2691744015633,0.5448878751666554,2_trailing,Raman,Sodium Azide
2468.978993649243,0.5510780049247394,2_trailing,Raman,Sodium Azide
2470.6888128969226,0.5272572179063781,2_trailing,Raman,Sodium Azide
2472.398632144602,0.536144541049401,2_trailing,Raman,Sodium Azide
2474.1084513922815,0.5591061004996651,2_trailing,Raman,Sodium Azide
2475.818270639961,0.5567690975227244,2_trailing,Raman,Sodium Azide
2477.5280898876404,0.5732626606794909,2_trailing,Raman,Sodium Azide
2479.23790913532,0.5688371481339438,2_trailing,Raman,Sodium Azide
2480.9477283829997,0.5507873574479845,2_trailing,Raman,Sodium Azide
2482.6575476306793,0.5694102889743876,2_trailing,Raman,Sodium Azide
2484.3673668783586,0.550544208691815,2_trailing,Raman,Sodium Azide
2486.077186126038,0.5787002612320026,2_trailing,Raman,Sodium Azide
2487.787005373718,0.5684727689259227,2_trailing,Raman,Sodium Azide
2489.496824621397,0.5573840210084899,2_trailing,Raman,Sodium Azide
2491.2066438690767,0.5581251246581211,2_trailing,Raman,Sodium Azide
2492.9164631167564,0.573081945225155,2_trailing,Raman,Sodium Azide
2494.626282364436,0.5633290654608012,2_trailing,Raman,Sodium Azide
2496.3361016121153,0.5751773874874472,2_trailing,Raman,Sodium Azide
2498.045920859795,0.5316111472508561,2_trailing,Raman,Sodium Azide
2499.7557401074746,0.5630871937217968,2_trailing,Raman,Sodium Azide
2501.465559355154,0.5520296763239607,2_trailing,Raman,Sodium Azide
2503.1753786028335,0.579019182120424,2_trailing,Raman,Sodium Azide
2504.885197850513,0.5769412716197274,2_trailing,Raman,Sodium Azide
2506.595017098193,0.559595440117845,2_trailing,Raman,Sodium Azide
2508.304836345872,0.5775780042595969,2_trailing,Raman,Sodium Azide
2510.0146555935517,0.5808580214340271,2_trailing,Raman,Sodium Azide
2511.7244748412313,0.5612265996287034,2_trailing,Raman,Sodium Azide
2513.4342940889105,0.5896885044676021,2_trailing,Raman,Sodium Azide
2515.14411333659,0.5607508996372533,2_trailing,Raman,Sodium Azide
2516.85393258427,0.5589868721124361,2_trailing,Raman,Sodium Azide
2518.5637518319495,0.5720221548991147,2_trailing,Raman,Sodium Azide
2520.2735710796287,0.5581185539668655,2_trailing,Raman,Sodium Azide
2521.9833903273084,0.5636431918813202,2_trailing,Raman,Sodium Azide
2523.693209574988,0.5795327675186313,2_trailing,Raman,Sodium Azide
2525.4030288226672,0.5736316128001815,2_trailing,Raman,Sodium Azide
2527.112848070347,0.553935436239302,2_trailing,Raman,Sodium Azide
2528.8226673180266,0.5784715067089653,2_trailing,Raman,Sodium Azide
2530.532486565706,0.5663956094247375,2_trailing,Raman,Sodium Azide
2532.2423058133854,0.57506649851852,2_trailing,Raman,Sodium Azide
2533.952125061065,0.573467594729825,2_trailing,Raman,Sodium Azide
2535.6619443087448,0.5929284933446644,2_trailing,Raman,Sodium Azide
2537.371763556424,0.5767057427890216,2_trailing,Raman,Sodium Azide
2539.0815828041036,0.5792271380775732,2_trailing,Raman,Sodium Azide
2540.7914020517833,0.55900268668651,2_trailing,Raman,Sodium Azide
2542.501221299463,0.5766372569177505,2_trailing,Raman,Sodium Azide
2544.211040547142,0.5906572048213602,2_trailing,Raman,Sodium Azide
2545.920859794822,0.5799179453681751,2_trailing,Raman,Sodium Azide
2547.6306790425015,0.5894440398167652,2_trailing,Raman,Sodium Azide
2549.3404982901807,0.5623123091855731,2_trailing,Raman,Sodium Azide
2551.0503175378603,0.5591493524184591,2_trailing,Raman,Sodium Azide
2552.76013678554,0.5729784710999793,2_trailing,Raman,Sodium Azide
2554.4699560332197,0.5782756505048339,2_trailing,Raman,Sodium Azide
2556.179775280899,0.5809508012358655,2_trailing,Raman,Sodium Azide
2557.8895945285785,0.5693891425608957,2_trailing,Raman,Sodium Azide
2559.599413776258,0.5761244361669648,2_trailing,Raman,Sodium Azide
2561.3092330239374,0.5733870100225941,2_trailing,Raman,Sodium Azide
2563.019052271617,0.5543591753889632,2_trailing,Raman,Sodium Azide
2564.7288715192967,0.5613016470606752,2_trailing,Raman,Sodium Azide
2566.4386907669764,0.5637659329399605,2_trailing,Raman,Sodium Azide
2568.1485100146556,0.5790511658054062,2_trailing,Raman,Sodium Azide
2569.8583292623352,0.5868185625638103,2_trailing,Raman,Sodium Azide
2571.568148510015,0.5564503583821576,2_trailing,Raman,Sodium Azide
2573.277967757694,0.578208636240743,2_trailing,Raman,Sodium Azide
2574.987787005374,0.5606859918652402,2_trailing,Raman,Sodium Azide
2576.6976062530534,0.5822172378294618,2_trailing,Raman,Sodium Azide
2578.407425500733,0.5679370561915564,2_trailing,Raman,Sodium Azide
2580.1172447484123,0.5632986196490672,2_trailing,Raman,Sodium Azide
2581.827063996092,0.5853593765577085,2_trailing,Raman,Sodium Azide
2583.5368832437716,0.5695007192373159,2_trailing,Raman,Sodium Azide
2585.246702491451,0.5830556832459466,2_trailing,Raman,Sodium Azide
2586.9565217391305,0.5511366529065227,2_trailing,Raman,Sodium Azide
2588.66634098681,0.5886054486445418,2_trailing,Raman,Sodium Azide
2590.37616023449,0.5875153094254201,2_trailing,Raman,Sodium Azide
2592.085979482169,0.5783459555427906,2_trailing,Raman,Sodium Azide
2593.7957987298487,0.5607720169879075,2_trailing,Raman,Sodium Azide
2595.5056179775283,0.5932093354027185,2_trailing,Raman,Sodium Azide
2597.2154372252076,0.5716228464877654,2_trailing,Raman,Sodium Azide
2598.925256472887,0.5744979283224184,2_trailing,Raman,Sodium Azide
2600.635075720567,0.6172684301723699,2_trailing,Raman,Sodium Azide
2602.3448949682465,0.5823293936194588,2_trailing,Raman,Sodium Azide
2604.0547142159257,0.5896449585585977,2_trailing,Raman,Sodium Azide
2605.7645334636054,0.587916795147424,2_trailing,Raman,Sodium Azide
2607.474352711285,0.5862846445941706,2_trailing,Raman,Sodium Azide
2609.1841719589643,0.5853991326456252,2_trailing,Raman,Sodium Azide
2610.893991206644,0.5868860539553821,2_trailing,Raman,Sodium Azide
2612.6038104543236,0.5860441547401202,2_trailing,Raman,Sodium Azide
2614.3136297020033,0.5826324552083072,2_trailing,Raman,Sodium Azide
2616.0234489496825,0.6013225143238766,2_trailing,Raman,Sodium Azide
2617.733268197362,0.5686291508560295,2_trailing,Raman,Sodium Azide
2619.443087445042,0.6163483990733754,2_trailing,Raman,Sodium Azide
2621.152906692721,0.5943977247548878,2_trailing,Raman,Sodium Azide
2622.8627259404007,0.5933274924465177,2_trailing,Raman,Sodium Azide
2624.5725451880803,0.5986114408997063,2_trailing,Raman,Sodium Azide
2626.2823644357595,0.5948259523113556,2_trailing,Raman,Sodium Azide
2627.992183683439,0.564401998398109,2_trailing,Raman,Sodium Azide
2629.702002931119,0.5858266372048184,2_trailing,Raman,Sodium Azide
2631.4118221787985,0.5754456388198106,2_trailing,Raman,Sodium Azide
2633.1216414264777,0.5888644635640785,2_trailing,Raman,Sodium Azide
2634.8314606741574,0.5732660657510715,2_trailing,Raman,Sodium Azide
2636.541279921837,0.5826082509631311,2_trailing,Raman,Sodium Azide
2638.2510991695162,0.5815926486800372,2_trailing,Raman,Sodium Azide
2639.960918417196,0.5611151526542574,2_trailing,Raman,Sodium Azide
2641.6707376648756,0.6075444996929583,2_trailing,Raman,Sodium Azide
2643.380556912555,0.6157297420418851,2_trailing,Raman,Sodium Azide
2645.0903761602344,0.5972065723885505,2_trailing,Raman,Sodium Azide
2646.800195407914,0.5881108831377222,2_trailing,Raman,Sodium Azide
2648.5100146555937,0.6002278020081719,2_trailing,Raman,Sodium Azide
2650.219833903273,0.5863197304145823,2_trailing,Raman,Sodium Azide
2651.9296531509526,0.592686444669654,2_trailing,Raman,Sodium Azide
2653.6394723986323,0.5915798281941583,2_trailing,Raman,Sodium Azide
2655.349291646312,0.5825441152894515,2_trailing,Raman,Sodium Azide
2657.059110893991,0.6324865647199974,2_trailing,Raman,Sodium Azide
2658.768930141671,0.5757395975111413,2_trailing,Raman,Sodium Azide
2660.4787493893505,0.6019522628209464,2_trailing,Raman,Sodium Azide
2662.1885686370297,0.5927351405304171,2_trailing,Raman,Sodium Azide
2663.8983878847093,0.6165648705791507,2_trailing,Raman,Sodium Azide
2665.608207132389,0.5986755390220605,2_trailing,Raman,Sodium Azide
2667.3180263800687,0.5908493544374426,2_trailing,Raman,Sodium Azide
2669.027845627748,0.5925448749959289,2_trailing,Raman,Sodium Azide
2670.7376648754275,0.5962949096416401,2_trailing,Raman,Sodium Azide
2672.447484123107,0.5828242636245335,2_trailing,Raman,Sodium Azide
2674.1573033707864,0.5876085768169508,2_trailing,Raman,Sodium Azide
2675.867122618466,0.5760660389544663,2_trailing,Raman,Sodium Azide
2677.5769418661457,0.5865430522898408,2_trailing,Raman,Sodium Azide
2679.2867611138254,0.5988344870490746,2_trailing,Raman,Sodium Azide
2680.9965803615046,0.6016317833959656,2_trailing,Raman,Sodium Azide
2682.7063996091842,0.5753150350402552,2_trailing,Raman,Sodium Azide
2684.416218856864,0.597271839230927,2_trailing,Raman,Sodium Azide
2686.126038104543,0.6158591317064372,2_trailing,Raman,Sodium Azide
2687.835857352223,0.5977336751449044,2_trailing,Raman,Sodium Azide
2689.5456765999024,0.6026000671379937,2_trailing,Raman,Sodium Azide
2691.255495847582,0.6055772514354165,2_trailing,Raman,Sodium Azide
2692.9653150952613,0.594452451290717,2_trailing,Raman,Sodium Azide
2694.675134342941,0.5937098810997239,2_trailing,Raman,Sodium Azide
2696.3849535906206,0.6035847317293351,2_trailing,Raman,Sodium Azide
2698.0947728383,0.6289585517572264,2_trailing,Raman,Sodium Azide
2699.8045920859795,0.5936012976912088,2_trailing,Raman,Sodium Azide
2701.514411333659,0.5989669623888827,2_trailing,Raman,Sodium Azide
2703.224230581339,0.6024690576840417,2_trailing,Raman,Sodium Azide
2704.934049829018,0.595405501559739,2_trailing,Raman,Sodium Azide
2706.6438690766977,0.6167002375128141,2_trailing,Raman,Sodium Azide
2708.3536883243773,0.5764503819720468,2_trailing,Raman,Sodium Azide
2710.0635075720566,0.5983803441156078,2_trailing,Raman,Sodium Azide
2711.773326819736,0.6145659855190698,2_trailing,Raman,Sodium Azide
2713.483146067416,0.6019185871903722,2_trailing,Raman,Sodium Azide
2715.1929653150955,0.5961306358431924,2_trailing,Raman,Sodium Azide
2716.9027845627747,0.6112882071809556,2_trailing,Raman,Sodium Azide
2718.6126038104544,0.6271227045832914,2_trailing,Raman,Sodium Azide
2720.322423058134,0.6093558115608374,2_trailing,Raman,Sodium Azide
2722.0322423058133,0.5978861080718882,2_trailing,Raman,Sodium Azide
2723.742061553493,0.6129948154234263,2_trailing,Raman,Sodium Azide
2725.4518808011726,0.6033241537019348,2_trailing,Raman,Sodium Azide
2727.1617000488523,0.6271423154950487,2_trailing,Raman,Sodium Azide
2728.8715192965315,0.626168236520728,2_trailing,Raman,Sodium Azide
2730.581338544211,0.5786601187281238,2_trailing,Raman,Sodium Azide
2732.291157791891,0.6108596091044721,2_trailing,Raman,Sodium Azide
2734.00097703957,0.5896107984243719,2_trailing,Raman,Sodium Azide
2735.7107962872497,0.6389204877620767,2_trailing,Raman,Sodium Azide
2737.4206155349293,0.6052202271969048,2_trailing,Raman,Sodium Azide
2739.130434782609,0.6198261748395172,2_trailing,Raman,Sodium Azide
2740.840254030288,0.6110522338942878,2_trailing,Raman,Sodium Azide
2742.550073277968,0.6024413556067004,2_trailing,Raman,Sodium Azide
2744.2598925256475,0.6014293884560149,2_trailing,Raman,Sodium Azide
2745.9697117733267,0.6411820452749603,2_trailing,Raman,Sodium Azide
2747.6795310210064,0.6241877716965698,2_trailing,Raman,Sodium Azide
2749.389350268686,0.6361367707302829,2_trailing,Raman,Sodium Azide
2751.0991695163657,0.6144038996957125,2_trailing,Raman,Sodium Azide
2752.808988764045,0.617508030761964,2_trailing,Raman,Sodium Azide
2754.5188080117246,0.6113878429229368,2_trailing,Raman,Sodium Azide
2756.228627259404,0.6115363019182123,2_trailing,Raman,Sodium Azide
2757.9384465070834,0.603077249672776,2_trailing,Raman,Sodium Azide
2759.648265754763,0.6166454826797072,2_trailing,Raman,Sodium Azide
2761.3580850024427,0.6167990881333423,2_trailing,Raman,Sodium Azide
2763.0679042501224,0.621600135719052,2_trailing,Raman,Sodium Azide
2764.7777234978016,0.6187970085601451,2_trailing,Raman,Sodium Azide
2766.4875427454813,0.6205566360617037,2_trailing,Raman,Sodium Azide
2768.197361993161,0.637188221969916,2_trailing,Raman,Sodium Azide
2769.90718124084,0.6175083109056194,2_trailing,Raman,Sodium Azide
2771.61700048852,0.6271944870615658,2_trailing,Raman,Sodium Azide
2773.3268197361995,0.6427407505081149,2_trailing,Raman,Sodium Azide
2775.036638983879,0.6343977941884773,2_trailing,Raman,Sodium Azide
2776.7464582315583,0.6429820008503653,2_trailing,Raman,Sodium Azide
2778.456277479238,0.6162651763319137,2_trailing,Raman,Sodium Azide
2780.1660967269177,0.6229282557213814,2_trailing,Raman,Sodium Azide
2781.875915974597,0.6051800320393885,2_trailing,Raman,Sodium Azide
2783.5857352222765,0.6268448810146316,2_trailing,Raman,Sodium Azide
2785.295554469956,0.6245974363480381,2_trailing,Raman,Sodium Azide
2787.005373717636,0.6220382013807239,2_trailing,Raman,Sodium Azide
2788.715192965315,0.6441765132614387,2_trailing,Raman,Sodium Azide
2790.4250122129947,0.6283813723584789,2_trailing,Raman,Sodium Azide
2792.1348314606744,0.6420565318037881,2_trailing,Raman,Sodium Azide
2793.8446507083536,0.6338517126931196,2_trailing,Raman,Sodium Azide
2795.5544699560332,0.6228441417996946,2_trailing,Raman,Sodium Azide
2797.264289203713,0.6223108885463469,2_trailing,Raman,Sodium Azide
2798.9741084513926,0.630063320557408,2_trailing,Raman,Sodium Azide
2800.683927699072,0.6426283145266758,2_trailing,Raman,Sodium Azide
2802.3937469467514,0.6263871767781576,2_trailing,Raman,Sodium Azide
2804.103566194431,0.6272654719817485,2_trailing,Raman,Sodium Azide
2805.8133854421103,0.6261721753341054,2_trailing,Raman,Sodium Azide
2807.52320468979,0.6472129353998746,2_trailing,Raman,Sodium Azide
2809.2330239374696,0.6224023558473593,2_trailing,Raman,Sodium Azide
2810.9428431851493,0.6367586363959447,2_trailing,Raman,Sodium Azide
2812.6526624328285,0.6446258122617271,2_trailing,Raman,Sodium Azide
2814.362481680508,0.6295889146598527,2_trailing,Raman,Sodium Azide
2816.072300928188,0.6415660465569991,2_trailing,Raman,Sodium Azide
2817.782120175867,0.6179567744687658,2_trailing,Raman,Sodium Azide
2819.4919394235467,0.6266069135955484,2_trailing,Raman,Sodium Azide
2821.2017586712263,0.646778868411107,2_trailing,Raman,Sodium Azide
2822.911577918906,0.6218527293093994,2_trailing,Raman,Sodium Azide
2824.621397166585,0.6383835702185559,2_trailing,Raman,Sodium Azide
2826.331216414265,0.6335434150674185,2_trailing,Raman,Sodium Azide
2828.0410356619445,0.6193332287856571,2_trailing,Raman,Sodium Azide
2829.7508549096237,0.6364532404147117,2_trailing,Raman,Sodium Azide
2831.4606741573034,0.6430005502314525,2_trailing,Raman,Sodium Azide
2833.170493404983,0.63260949165648,2_trailing,Raman,Sodium Azide
2834.8803126526627,0.6474399929028626,2_trailing,Raman,Sodium Azide
2836.590131900342,0.6508795503205917,2_trailing,Raman,Sodium Azide
2838.2999511480216,0.6231803171465518,2_trailing,Raman,Sodium Azide
2840.0097703957013,0.6448916433808013,2_trailing,Raman,Sodium Azide
2841.7195896433805,0.6418668373756105,2_trailing,Raman,Sodium Azide
2843.42940889106,0.6521111523807775,2_trailing,Raman,Sodium Azide
2845.13922813874,0.6431478584086395,2_trailing,Raman,Sodium Azide
2846.8490473864194,0.6385213864476377,2_trailing,Raman,Sodium Azide
2848.5588666340986,0.6433022792040791,2_trailing,Raman,Sodium Azide
2850.2686858817783,0.6437683390863735,2_trailing,Raman,Sodium Azide
2851.978505129458,0.6253927620405,2_trailing,Raman,Sodium Azide
2853.688324377137,0.6388979357454131,2_trailing,Raman,Sodium Azide
2855.398143624817,0.6641113334822112,2_trailing,Raman,Sodium Azide
2857.1079628724965,0.6449740533084775,2_trailing,Raman,Sodium Azide
2858.817782120176,0.6393002088141642,2_trailing,Raman,Sodium Azide
2860.5276013678554,0.63532510065985,2_trailing,Raman,Sodium Azide
2862.237420615535,0.6114463980342589,2_trailing,Raman,Sodium Azide
2863.9472398632147,0.6491695231197541,2_trailing,Raman,Sodium Azide
2865.657059110894,0.6428444570748011,2_trailing,Raman,Sodium Azide
2867.3668783585736,0.6336887521624712,2_trailing,Raman,Sodium Azide
2869.076697606253,0.6265492178216019,2_trailing,Raman,Sodium Azide
2870.786516853933,0.6401401600030099,2_trailing,Raman,Sodium Azide
2872.496336101612,0.6497858534975753,2_trailing,Raman,Sodium Azide
2874.2061553492917,0.664319646325368,2_trailing,Raman,Sodium Azide
2875.9159745969714,0.6677897604639669,2_trailing,Raman,Sodium Azide
2877.6257938446506,0.6262344118485705,2_trailing,Raman,Sodium Azide
2879.3356130923303,0.6523708014474305,2_trailing,Raman,Sodium Azide
2881.04543234001,0.634975464454953,2_trailing,Raman,Sodium Azide
2882.7552515876896,0.6463043555821177,2_trailing,Raman,Sodium Azide
2884.465070835369,0.6380946650143628,2_trailing,Raman,Sodium Azide
2886.1748900830485,0.652156516557976,2_trailing,Raman,Sodium Azide
2887.884709330728,0.6555033274812727,2_trailing,Raman,Sodium Azide
2889.5945285784073,0.6435015515347493,2_trailing,Raman,Sodium Azide
2891.304347826087,0.6440816189682055,2_trailing,Raman,Sodium Azide
2893.0141670737667,0.6508501464132747,2_trailing,Raman,Sodium Azide
2894.7239863214463,0.6524464928512202,2_trailing,Raman,Sodium Azide
2896.4338055691255,0.6599516831415256,2_trailing,Raman,Sodium Azide
2898.143624816805,0.6315139256653174,2_trailing,Raman,Sodium Azide
2899.853444064485,0.6471728242954067,2_trailing,Raman,Sodium Azide
2901.563263312164,0.6448106938428902,2_trailing,Raman,Sodium Azide
2903.2730825598437,0.6471044560373835,2_trailing,Raman,Sodium Azide
2904.9829018075234,0.6454335034635459,2_trailing,Raman,Sodium Azide
2906.692721055203,0.6479164105125534,2_trailing,Raman,Sodium Azide
2908.4025403028822,0.6394785726490473,2_trailing,Raman,Sodium Azide
2910.112359550562,0.6318072621133569,2_trailing,Raman,Sodium Azide
2911.8221787982416,0.6250776082704395,2_trailing,Raman,Sodium Azide
2913.531998045921,0.6484532294341623,2_trailing,Raman,Sodium Azide
2915.2418172936004,0.6553230694087948,2_trailing,Raman,Sodium Azide
2916.95163654128,0.6528357301314247,2_trailing,Raman,Sodium Azide
2918.6614557889598,0.6666239599384385,2_trailing,Raman,Sodium Azide
2920.371275036639,0.6414493697116986,2_trailing,Raman,Sodium Azide
2922.0810942843186,0.6684911054185201,2_trailing,Raman,Sodium Azide
2923.7909135319983,0.6712970816747749,2_trailing,Raman,Sodium Azide
2925.5007327796775,0.6298101407968725,2_trailing,Raman,Sodium Azide
2927.210552027357,0.6541230310242202,2_trailing,Raman,Sodium Azide
2928.920371275037,0.6487411053958029,2_trailing,Raman,Sodium Azide
2930.6301905227165,0.619700051640224,2_trailing,Raman,Sodium Azide
2932.3400097703957,0.6372652786530523,2_trailing,Raman,Sodium Azide
2934.0498290180753,0.6636429883607965,2_trailing,Raman,Sodium Azide
2935.759648265755,0.678597556020087,2_trailing,Raman,Sodium Azide
2937.469467513434,0.6659019843758088,2_trailing,Raman,Sodium Azide
2939.179286761114,0.6595014694476437,2_trailing,Raman,Sodium Azide
2940.8891060087935,0.6558425719106566,2_trailing,Raman,Sodium Azide
2942.598925256473,0.6761816460020309,2_trailing,Raman,Sodium Azide
2944.3087445041524,0.6820160240235746,2_trailing,Raman,Sodium Azide
2946.018563751832,0.6503634338819937,2_trailing,Raman,Sodium Azide
2947.7283829995117,0.6341937366744881,2_trailing,Raman,Sodium Azide
2949.438202247191,0.6334250048143487,2_trailing,Raman,Sodium Azide
2951.1480214948706,0.6838631886797742,2_trailing,Raman,Sodium Azide
2952.8578407425503,0.6582112246676827,2_trailing,Raman,Sodium Azide
2954.56765999023,0.6612899889028352,2_trailing,Raman,Sodium Azide
2956.277479237909,0.6385526485265327,2_trailing,Raman,Sodium Azide
2957.987298485589,0.6510851065618664,2_trailing,Raman,Sodium Azide
2959.6971177332684,0.6568273302477544,2_trailing,Raman,Sodium Azide
2961.4069369809476,0.6631037633689412,2_trailing,Raman,Sodium Azide
2963.1167562286273,0.6563825108696018,2_trailing,Raman,Sodium Azide
2964.826575476307,0.6492829083245707,2_trailing,Raman,Sodium Azide
2966.5363947239866,0.6526247155247996,2_trailing,Raman,Sodium Azide
2968.246213971666,0.6863474052459947,2_trailing,Raman,Sodium Azide
2969.9560332193455,0.665443605073829,2_trailing,Raman,Sodium Azide
2971.665852467025,0.6701277903001626,2_trailing,Raman,Sodium Azide
2973.3756717147044,0.6528116173370383,2_trailing,Raman,Sodium Azide
2975.085490962384,0.6291249182864547,2_trailing,Raman,Sodium Azide
2976.7953102100637,0.6679755776842887,2_trailing,Raman,Sodium Azide
2978.5051294577434,0.6543342322316124,2_trailing,Raman,Sodium Azide
2980.2149487054226,0.6789528882512157,2_trailing,Raman,Sodium Azide
2981.924767953102,0.7037298649834003,2_trailing,Raman,Sodium Azide
2983.634587200782,0.6737699809215809,2_trailing,Raman,Sodium Azide
2985.344406448461,0.6980537335561863,2_trailing,Raman,Sodium Azide
2987.0542256961407,0.6730524402314686,2_trailing,Raman,Sodium Azide
2988.7640449438204,0.6693948834818338,2_trailing,Raman,Sodium Azide
2990.4738641915,0.6712285903321992,2_trailing,Raman,Sodium Azide
2992.1836834391793,0.6883904448219906,2_trailing,Raman,Sodium Azide
2993.893502686859,0.6893448793072562,2_trailing,Raman,Sodium Azide
2995.6033219345386,0.6615594684667644,2_trailing,Raman,Sodium Azide
2997.313141182218,0.6716447531978474,2_trailing,Raman,Sodium Azide
2999.0229604298975,0.6523208636497995,2_trailing,Raman,Sodium Azide
3000.732779677577,0.6791009851729622,2_trailing,Raman,Sodium Azide
3002.442598925257,0.6880169756931329,2_trailing,Raman,Sodium Azide
3004.152418172936,0.6706712336201882,2_trailing,Raman,Sodium Azide
3005.8622374206157,0.6627699339145733,2_trailing,Raman,Sodium Azide
3007.5720566682953,0.6751858891428174,2_trailing,Raman,Sodium Azide
3009.2818759159745,0.6762387545088046,2_trailing,Raman,Sodium Azide
3010.991695163654,0.6726811640523909,2_trailing,Raman,Sodium Azide
3012.701514411334,0.6742053687313635,2_trailing,Raman,Sodium Azide
3014.4113336590135,0.670457866471579,2_trailing,Raman,Sodium Azide
3016.1211529066927,0.6845399478114795,2_trailing,Raman,Sodium Azide
3017.8309721543724,0.6818793732616641,2_trailing,Raman,Sodium Azide
3019.540791402052,0.6621235350499493,2_trailing,Raman,Sodium Azide
3021.2506106497312,0.6621830180762082,2_trailing,Raman,Sodium Azide
3022.960429897411,0.671421448660547,2_trailing,Raman,Sodium Azide
3024.6702491450906,0.683412207961969,2_trailing,Raman,Sodium Azide
3026.38006839277,0.6768976853452265,2_trailing,Raman,Sodium Azide
3028.0898876404494,0.6680122702879373,2_trailing,Raman,Sodium Azide
3029.799706888129,0.6789894201828336,2_trailing,Raman,Sodium Azide
3031.5095261358088,0.6724333259694094,2_trailing,Raman,Sodium Azide
3033.219345383488,0.6870017850426368,2_trailing,Raman,Sodium Azide
3034.9291646311676,0.680971584468511,2_trailing,Raman,Sodium Azide
3036.6389838788473,0.6737595152982844,2_trailing,Raman,Sodium Azide
3038.348803126527,0.6805451716511574,2_trailing,Raman,Sodium Azide
3040.058622374206,0.6936171811945863,2_trailing,Raman,Sodium Azide
3041.768441621886,0.6719247481389661,2_trailing,Raman,Sodium Azide
3043.4782608695655,0.6836938588136778,2_trailing,Raman,Sodium Azide
3045.1880801172447,0.6885340051535976,2_trailing,Raman,Sodium Azide
3046.8978993649243,0.6947416266738966,2_trailing,Raman,Sodium Azide
3048.607718612604,0.6724556621657243,2_trailing,Raman,Sodium Azide
3050.3175378602837,0.6817958043005538,2_trailing,Raman,Sodium Azide
3052.027357107963,0.6938600734093259,2_trailing,Raman,Sodium Azide
3053.7371763556425,0.6702918956191418,2_trailing,Raman,Sodium Azide
3055.446995603322,0.676077446911161,2_trailing,Raman,Sodium Azide
3057.1568148510014,0.6669033455983979,2_trailing,Raman,Sodium Azide
3058.866634098681,0.6686995295559713,2_trailing,Raman,Sodium Azide
3060.5764533463607,0.6997646532929764,2_trailing,Raman,Sodium Azide
3062.2862725940404,0.666707684285965,2_trailing,Raman,Sodium Azide
3063.9960918417196,0.6800658837415443,2_trailing,Raman,Sodium Azide
3065.7059110893993,0.6911779079203239,2_trailing,Raman,Sodium Azide
3067.415730337079,0.6891977838550938,2_trailing,Raman,Sodium Azide
3069.125549584758,0.680183414186008,2_trailing,Raman,Sodium Azide
3070.835368832438,0.6873167580432988,2_trailing,Raman,Sodium Azide
3072.5451880801174,0.6867169463917722,2_trailing,Raman,Sodium Azide
3074.255007327797,0.6832170847044777,2_trailing,Raman,Sodium Azide
3075.9648265754763,0.6837555256475663,2_trailing,Raman,Sodium Azide
3077.674645823156,0.7327882285451276,2_trailing,Raman,Sodium Azide
3079.3844650708356,0.6964665921798796,2_trailing,Raman,Sodium Azide
3081.094284318515,0.7164231988333171,2_trailing,Raman,Sodium Azide
3082.8041035661945,0.6819300067894317,2_trailing,Raman,Sodium Azide
3084.513922813874,0.6871368443768043,2_trailing,Raman,Sodium Azide
3086.223742061554,0.672911204708184,2_trailing,Raman,Sodium Azide
3087.933561309233,0.6794129791393253,2_trailing,Raman,Sodium Azide
3089.6433805569127,0.711551984116614,2_trailing,Raman,Sodium Azide
3091.3531998045924,0.6835434841455854,2_trailing,Raman,Sodium Azide
3093.0630190522716,0.7125182515640723,2_trailing,Raman,Sodium Azide
3094.772838299951,0.6758579441962369,2_trailing,Raman,Sodium Azide
3096.482657547631,0.6784634481674243,2_trailing,Raman,Sodium Azide
3098.1924767953105,0.6871867922357762,2_trailing,Raman,Sodium Azide
3099.9022960429897,0.6908181512409325,2_trailing,Raman,Sodium Azide
3101.6121152906694,0.7027576772516558,2_trailing,Raman,Sodium Azide
3103.321934538349,0.6976071986416177,2_trailing,Raman,Sodium Azide
3105.0317537860283,0.6878330818205144,2_trailing,Raman,Sodium Azide
3106.741573033708,0.6915290708981602,2_trailing,Raman,Sodium Azide
3108.4513922813876,0.6897349743128198,2_trailing,Raman,Sodium Azide
3110.1612115290673,0.6831406782032957,2_trailing,Raman,Sodium Azide
3111.8710307767465,0.6838347115036677,2_trailing,Raman,Sodium Azide
3113.580850024426,0.7066550476428533,2_trailing,Raman,Sodium Azide
3115.290669272106,0.6735856602382818,2_trailing,Raman,Sodium Azide
3117.000488519785,0.7243219818960523,2_trailing,Raman,Sodium Azide
3118.7103077674647,0.6917432254112884,2_trailing,Raman,Sodium Azide
3120.4201270151443,0.697094061113615,2_trailing,Raman,Sodium Azide
3122.129946262824,0.7051875724132914,2_trailing,Raman,Sodium Azide
3123.839765510503,0.7142999919594081,2_trailing,Raman,Sodium Azide
3125.549584758183,0.7103761712465415,2_trailing,Raman,Sodium Azide
3127.2594040058625,0.7035454093922091,2_trailing,Raman,Sodium Azide
3128.9692232535417,0.7107786440116525,2_trailing,Raman,Sodium Azide
3130.6790425012214,0.6783263497164969,2_trailing,Raman,Sodium Azide
3132.388861748901,0.6927000344203602,2_trailing,Raman,Sodium Azide
3134.0986809965807,0.6885214089006118,2_trailing,Raman,Sodium Azide
3135.80850024426,0.7139179986347278,2_trailing,Raman,Sodium Azide
3137.5183194919396,0.6954647268174383,2_trailing,Raman,Sodium Azide
3139.228138739619,0.7202391765412935,2_trailing,Raman,Sodium Azide
3140.9379579872984,0.7069950718116099,2_trailing,Raman,Sodium Azide
3142.647777234978,0.6910008244182092,2_trailing,Raman,Sodium Azide
3144.3575964826578,0.6946072061548259,2_trailing,Raman,Sodium Azide
3146.0674157303374,0.7170167821749259,2_trailing,Raman,Sodium Azide
3147.7772349780166,0.6931620042863129,2_trailing,Raman,Sodium Azide
3149.4870542256963,0.704088571848088,2_trailing,Raman,Sodium Azide
3151.196873473376,0.6938421786213903,2_trailing,Raman,Sodium Azide
3152.906692721055,0.7097118435133669,2_trailing,Raman,Sodium Azide
3154.616511968735,0.703229698264302,2_trailing,Raman,Sodium Azide
3156.3263312164145,0.6949826400037957,2_trailing,Raman,Sodium Azide
3158.036150464094,0.6932841936473074,2_trailing,Raman,Sodium Azide
3159.7459697117733,0.7082675400570009,2_trailing,Raman,Sodium Azide
3161.455788959453,0.7054022619154982,2_trailing,Raman,Sodium Azide
3163.1656082071327,0.6961828378065268,2_trailing,Raman,Sodium Azide
3164.875427454812,0.6950604576909055,2_trailing,Raman,Sodium Azide
3166.5852467024915,0.7155278438710455,2_trailing,Raman,Sodium Azide
3168.295065950171,0.7378746343520035,2_trailing,Raman,Sodium Azide
3170.004885197851,0.7248480388705768,2_trailing,Raman,Sodium Azide
3171.71470444553,0.6990824467262825,2_trailing,Raman,Sodium Azide
3173.4245236932097,0.7331510354082441,2_trailing,Raman,Sodium Azide
3175.1343429408894,0.6965800681354349,2_trailing,Raman,Sodium Azide
3176.8441621885686,0.7214196761680098,2_trailing,Raman,Sodium Azide
3178.5539814362483,0.7006575856063927,2_trailing,Raman,Sodium Azide
3180.263800683928,0.6992912245552916,2_trailing,Raman,Sodium Azide
3181.9736199316076,0.7011503511702266,2_trailing,Raman,Sodium Azide
3183.683439179287,0.7096402772711259,2_trailing,Raman,Sodium Azide
3185.3932584269664,0.717428772161577,2_trailing,Raman,Sodium Azide
3187.103077674646,0.7188630801985764,2_trailing,Raman,Sodium Azide
3188.8128969223253,0.7003426232596132,2_trailing,Raman,Sodium Azide
3190.522716170005,0.7001890974144479,2_trailing,Raman,Sodium Azide
3192.2325354176846,0.7014257577247555,2_trailing,Raman,Sodium Azide
3193.9423546653643,0.7212388871369212,2_trailing,Raman,Sodium Azide
3195.6521739130435,0.7104631244221126,2_trailing,Raman,Sodium Azide
3197.361993160723,0.7021772365773747,2_trailing,Raman,Sodium Azide
3199.071812408403,0.7168450411828252,2_trailing,Raman,Sodium Azide
3200.781631656082,0.7505686074062177,2_trailing,Raman,Sodium Azide
3202.4914509037617,0.7085388542457156,2_trailing,Raman,Sodium Azide
3204.2012701514413,0.7097542339086648,2_trailing,Raman,Sodium Azide
3205.911089399121,0.7217679709333535,2_trailing,Raman,Sodium Azide
3207.6209086468,0.7090494812907948,2_trailing,Raman,Sodium Azide
3209.33072789448,0.7238110029877519,2_trailing,Raman,Sodium Azide
3211.0405471421595,0.7079415696133126,2_trailing,Raman,Sodium Azide
3212.7503663898387,0.7381970352406781,2_trailing,Raman,Sodium Azide
3214.4601856375184,0.7211582788769084,2_trailing,Raman,Sodium Azide
3216.170004885198,0.7102397299745189,2_trailing,Raman,Sodium Azide
3217.8798241328773,0.7109881134844308,2_trailing,Raman,Sodium Azide
3219.589643380557,0.712246691579758,2_trailing,Raman,Sodium Azide
3221.2994626282366,0.7347238885970016,2_trailing,Raman,Sodium Azide
3223.0092818759163,0.7041673467022433,2_trailing,Raman,Sodium Azide
3224.7191011235955,0.7215856105341562,2_trailing,Raman,Sodium Azide
3226.428920371275,0.7232118269819312,2_trailing,Raman,Sodium Azide
3228.138739618955,0.7199878281043223,2_trailing,Raman,Sodium Azide
3229.848558866634,0.7173776837441826,2_trailing,Raman,Sodium Azide
3231.5583781143137,0.7034687558812314,2_trailing,Raman,Sodium Azide
3233.2681973619933,0.7166330096207258,2_trailing,Raman,Sodium Azide
3234.978016609673,0.7205312994413267,2_trailing,Raman,Sodium Azide
3236.687835857352,0.7147222367310162,2_trailing,Raman,Sodium Azide
3238.397655105032,0.7405038097749168,2_trailing,Raman,Sodium Azide
3240.1074743527115,0.7336098927489323,2_trailing,Raman,Sodium Azide
3241.8172936003907,0.7223048716978652,2_trailing,Raman,Sodium Azide
3243.5271128480704,0.7263045462673128,2_trailing,Raman,Sodium Azide
3245.23693209575,0.6986749364824398,2_trailing,Raman,Sodium Azide
3246.9467513434297,0.7194351595033215,2_trailing,Raman,Sodium Azide
3248.656570591109,0.7365173933247798,2_trailing,Raman,Sodium Azide
3250.3663898387886,0.7301706722810781,2_trailing,Raman,Sodium Azide
3252.076209086468,0.7168764919962614,2_trailing,Raman,Sodium Azide
3253.7860283341474,0.7525698267611678,2_trailing,Raman,Sodium Azide
3255.495847581827,0.7475798664286233,2_trailing,Raman,Sodium Azide
3257.2056668295068,0.7421321322410397,2_trailing,Raman,Sodium Azide
3258.9154860771864,0.7403764197669157,2_trailing,Raman,Sodium Azide
3260.6253053248656,0.7013478627791473,2_trailing,Raman,Sodium Azide
3262.3351245725453,0.7185760257685195,2_trailing,Raman,Sodium Azide
3264.044943820225,0.7226771904354485,2_trailing,Raman,Sodium Azide
3265.754763067904,0.7257990244740116,2_trailing,Raman,Sodium Azide
3267.464582315584,0.7232059543040642,2_trailing,Raman,Sodium Azide
3269.1744015632635,0.6994591409175445,2_trailing,Raman,Sodium Azide
3270.884220810943,0.7342283812954522,2_trailing,Raman,Sodium Azide
3272.5940400586223,0.7364560039505866,2_trailing,Raman,Sodium Azide
3274.303859306302,0.7492318731897296,2_trailing,Raman,Sodium Azide
3276.0136785539817,0.7216185379286654,2_trailing,Raman,Sodium Azide
3277.723497801661,0.7210412666481557,2_trailing,Raman,Sodium Azide
3279.4333170493405,0.7002255766383016,2_trailing,Raman,Sodium Azide
3281.14313629702,0.7385573646349267,2_trailing,Raman,Sodium Azide
3282.8529555447,0.7429311849933827,2_trailing,Raman,Sodium Azide
3284.562774792379,0.7255933557554529,2_trailing,Raman,Sodium Azide
3286.2725940400587,0.76824457021709,2_trailing,Raman,Sodium Azide
3287.9824132877384,0.7405160846400918,2_trailing,Raman,Sodium Azide
3289.6922325354176,0.7356244288934995,2_trailing,Raman,Sodium Azide
3291.4020517830972,0.7183192098719864,2_trailing,Raman,Sodium Azide
3293.111871030777,0.7380296646084108,2_trailing,Raman,Sodium Azide
3294.8216902784566,0.7118647612007764,2_trailing,Raman,Sodium Azide
3296.531509526136,0.7435532865548489,2_trailing,Raman,Sodium Azide
3298.2413287738154,0.7442946306604019,2_trailing,Raman,Sodium Azide
3299.951148021495,0.752111743045697,2_trailing,Raman,Sodium Azide
3301.6609672691743,0.7246266326857898,2_trailing,Raman,Sodium Azide
3303.370786516854,0.7488347504382998,2_trailing,Raman,Sodium Azide
3305.0806057645336,0.7439391982663036,2_trailing,Raman,Sodium Azide
3306.7904250122133,0.7428971721275325,2_trailing,Raman,Sodium Azide
3308.5002442598925,0.7279638567561466,2_trailing,Raman,Sodium Azide
3310.210063507572,0.7104643634129193,2_trailing,Raman,Sodium Azide
3311.919882755252,0.7429250134755947,2_trailing,Raman,Sodium Azide
3313.629702002931,0.7374566275929713,2_trailing,Raman,Sodium Azide
3315.3395212506107,0.7429871700959242,2_trailing,Raman,Sodium Azide
3317.0493404982903,0.7489531250821232,2_trailing,Raman,Sodium Azide
3318.75915974597,0.7398609055928278,2_trailing,Raman,Sodium Azide
3320.468978993649,0.7353176719987621,2_trailing,Raman,Sodium Azide
3322.178798241329,0.7185281742967671,2_trailing,Raman,Sodium Azide
3323.8886174890085,0.7283085647933137,2_trailing,Raman,Sodium Azide
3325.5984367366877,0.7699403120473551,2_trailing,Raman,Sodium Azide
3327.3082559843674,0.7507594885064935,2_trailing,Raman,Sodium Azide
3329.018075232047,0.7448846347049719,2_trailing,Raman,Sodium Azide
3330.7278944797267,0.7409293182229908,2_trailing,Raman,Sodium Azide
3332.437713727406,0.7505408707351499,2_trailing,Raman,Sodium Azide
3334.1475329750856,0.7574903396617717,2_trailing,Raman,Sodium Azide
3335.8573522227653,0.7384552611971639,2_trailing,Raman,Sodium Azide
3337.5671714704445,0.7513397206101405,2_trailing,Raman,Sodium Azide
3339.276990718124,0.7408832155609181,2_trailing,Raman,Sodium Azide
3340.986809965804,0.7680691563972168,2_trailing,Raman,Sodium Azide
3342.6966292134834,0.7544208266822489,2_trailing,Raman,Sodium Azide
3344.4064484611627,0.7606966637732197,2_trailing,Raman,Sodium Azide
3346.1162677088423,0.7396450270545121,2_trailing,Raman,Sodium Azide
3347.826086956522,0.759264389171909,2_trailing,Raman,Sodium Azide
3349.535906204201,0.743591647545807,2_trailing,Raman,Sodium Azide
3351.245725451881,0.7489228192241416,2_trailing,Raman,Sodium Azide
3352.9555446995605,0.76716560280134,2_trailing,Raman,Sodium Azide
3354.66536394724,0.7361836472620267,2_trailing,Raman,Sodium Azide
3356.3751831949194,0.7511588243365019,2_trailing,Raman,Sodium Azide
3358.085002442599,0.7542897910521468,2_trailing,Raman,Sodium Azide
3359.7948216902787,0.7556316102986662,2_trailing,Raman,Sodium Azide
3361.504640937958,0.7446428937572726,2_trailing,Raman,Sodium Azide
3363.2144601856376,0.7747389118367668,2_trailing,Raman,Sodium Azide
3364.924279433317,0.7455188597662412,2_trailing,Raman,Sodium Azide
3366.634098680997,0.7681537308504112,2_trailing,Raman,Sodium Azide
3368.343917928676,0.7656794715636257,2_trailing,Raman,Sodium Azide
3370.0537371763558,0.7740934404072074,2_trailing,Raman,Sodium Azide
3371.7635564240354,0.7336094014555868,2_trailing,Raman,Sodium Azide
3373.4733756717146,0.7524165795794602,2_trailing,Raman,Sodium Azide
3375.1831949193943,0.7704480286755804,2_trailing,Raman,Sodium Azide
3376.893014167074,0.731371027587674,2_trailing,Raman,Sodium Azide
3378.6028334147536,0.7449215596968742,2_trailing,Raman,Sodium Azide
3380.312652662433,0.748399069382892,2_trailing,Raman,Sodium Azide
3382.0224719101125,0.7567483676627258,2_trailing,Raman,Sodium Azide
3383.732291157792,0.7735296760741683,2_trailing,Raman,Sodium Azide
3385.4421104054713,0.7530926476874038,2_trailing,Raman,Sodium Azide
3387.151929653151,0.7485200950731612,2_trailing,Raman,Sodium Azide
3388.8617489008307,0.7596724614381067,2_trailing,Raman,Sodium Azide
3390.5715681485103,0.7619068424961378,2_trailing,Raman,Sodium Azide
3392.2813873961895,0.761956145166566,2_trailing,Raman,Sodium Azide
3393.991206643869,0.7550850270810059,2_trailing,Raman,Sodium Azide
3395.701025891549,0.7346525791589957,2_trailing,Raman,Sodium Azide
3397.410845139228,0.7471851314252976,2_trailing,Raman,Sodium Azide
3399.1206643869077,0.7749485162942525,2_trailing,Raman,Sodium Azide
3400.8304836345874,0.7608863450117673,2_trailing,Raman,Sodium Azide
3402.540302882267,0.7552993011782869,2_trailing,Raman,Sodium Azide
3404.2501221299462,0.7925544807446527,2_trailing,Raman,Sodium Azide
3405.959941377626,0.7466033843252067,2_trailing,Raman,Sodium Azide
3407.6697606253056,0.7575816995027348,2_trailing,Raman,Sodium Azide
3409.379579872985,0.7722159243181695,2_trailing,Raman,Sodium Azide
3411.0893991206644,0.7558143525057872,2_trailing,Raman,Sodium Azide
3412.799218368344,0.7625454691263498,2_trailing,Raman,Sodium Azide
3414.5090376160238,0.7695484096431988,2_trailing,Raman,Sodium Azide
3416.218856863703,0.7457386732482533,2_trailing,Raman,Sodium Azide
3417.9286761113826,0.764635096084221,2_trailing,Raman,Sodium Azide
3419.6384953590623,0.7473329889147217,2_trailing,Raman,Sodium Azide
3421.3483146067415,0.7652121542210224,2_trailing,Raman,Sodium Azide
3423.058133854421,0.7897480967570537,2_trailing,Raman,Sodium Azide
3424.767953102101,0.7607438532282825,2_trailing,Raman,Sodium Azide
3426.4777723497805,0.7506959708233816,2_trailing,Raman,Sodium Azide
3428.1875915974597,0.7633108040252509,2_trailing,Raman,Sodium Azide
3429.8974108451393,0.7554352738212115,2_trailing,Raman,Sodium Azide
3431.607230092819,0.7825240155301427,2_trailing,Raman,Sodium Azide
3433.317049340498,0.7642091059495966,2_trailing,Raman,Sodium Azide
3435.026868588178,0.7963490198551788,2_trailing,Raman,Sodium Azide
3436.7366878358575,0.7803264834366606,2_trailing,Raman,Sodium Azide
3438.446507083537,0.7752937404325635,2_trailing,Raman,Sodium Azide
3440.1563263312164,0.7758494895361574,2_trailing,Raman,Sodium Azide
3441.866145578896,0.7632438169770648,2_trailing,Raman,Sodium Azide
3443.5759648265757,0.7686286430862832,2_trailing,Raman,Sodium Azide
3445.285784074255,0.7643791400411495,2_trailing,Raman,Sodium Azide
3446.9956033219346,0.7779707160024173,2_trailing,Raman,Sodium Azide
3448.7054225696143,0.786158745029576,2_trailing,Raman,Sodium Azide
3450.415241817294,0.7791106072558082,2_trailing,Raman,Sodium Azide
3452.125061064973,0.7809360175453651,2_trailing,Raman,Sodium Azide
3453.834880312653,0.78133028748556,2_trailing,Raman,Sodium Azide
3455.5446995603324,0.7773573528753113,2_trailing,Raman,Sodium Azide
3457.2545188080117,0.7579386934430612,2_trailing,Raman,Sodium Azide
3458.9643380556913,0.7915859777656009,2_trailing,Raman,Sodium Azide
3460.674157303371,0.7931789102191036,2_trailing,Raman,Sodium Azide
3462.3839765510506,0.7696873287251773,2_trailing,Raman,Sodium Azide
3464.09379579873,0.7684662994101246,2_trailing,Raman,Sodium Azide
3465.8036150464095,0.7803621662364166,2_trailing,Raman,Sodium Azide
3467.513434294089,0.7800221278409433,2_trailing,Raman,Sodium Azide
3469.2232535417684,0.7715870368716651,2_trailing,Raman,Sodium Azide
3470.933072789448,0.7696930707417704,2_trailing,Raman,Sodium Azide
3472.6428920371277,0.7882955849343403,2_trailing,Raman,Sodium Azide
3474.3527112848074,0.7815551268306178,2_trailing,Raman,Sodium Azide
3476.0625305324866,0.7839789897239218,2_trailing,Raman,Sodium Azide
3477.772349780166,0.7799504117564003,2_trailing,Raman,Sodium Azide
3479.482169027846,0.7830654510519404,2_trailing,Raman,Sodium Azide
3481.191988275525,0.7882642668674655,2_trailing,Raman,Sodium Azide
3482.9018075232048,0.7777749067874213,2_trailing,Raman,Sodium Azide
3484.6116267708844,0.7719397917788814,2_trailing,Raman,Sodium Azide
3486.321446018564,0.7756506575702149,2_trailing,Raman,Sodium Azide
3488.0312652662433,0.7576986837351637,2_trailing,Raman,Sodium Azide
3489.741084513923,0.7763949003161017,2_trailing,Raman,Sodium Azide
3491.4509037616026,0.786973942447524,2_trailing,Raman,Sodium Azide
3493.160723009282,0.7932718425378775,2_trailing,Raman,Sodium Azide
3494.8705422569615,0.7974840632622987,2_trailing,Raman,Sodium Azide
3496.580361504641,0.7769750266970439,2_trailing,Raman,Sodium Azide
3498.290180752321,0.7961440256850528,2_trailing,Raman,Sodium Azide
3500.0,0.7901026924048832,2_trailing,Raman,Sodium Azide
0.0,30.56989575371965,3,Raman,Sodium Azide
1.709819247679531,30.559983706711463,3,Raman,Sodium Azide
3.419638495359062,30.559895753719648,3,Raman,Sodium Azide
5.129457743038593,30.559895753719648,3,Raman,Sodium Azide
6.839276990718124,30.559895753719648,3,Raman,Sodium Azide
8.549096238397656,30.579895753719647,3,Raman,Sodium Azide
10.258915486077186,30.569962286870517,3,Raman,Sodium Azide
11.968734733756717,30.559895753719648,3,Raman,Sodium Azide
13.678553981436249,30.560051512917013,3,Raman,Sodium Azide
15.38837322911578,30.559895753719648,3,Raman,Sodium Azide
17.09819247679531,30.559895753719648,3,Raman,Sodium Azide
18.80801172447484,30.56023664742946,3,Raman,Sodium Azide
20.51783097215437,30.56015498666006,3,Raman,Sodium Azide
22.227650219833905,30.559993723269304,3,Raman,Sodium Azide
23.937469467513434,30.580186638752412,3,Raman,Sodium Azide
25.647288715192968,30.559895753719648,3,Raman,Sodium Azide
27.357107962872497,30.559965261817382,3,Raman,Sodium Azide
29.066927210552027,30.56989575371965,3,Raman,Sodium Azide
30.77674645823156,30.559895753719648,3,Raman,Sodium Azide
32.48656570591109,30.559895753719648,3,Raman,Sodium Azide
34.19638495359062,30.559895753719648,3,Raman,Sodium Azide
35.90620420127015,30.560592670409918,3,Raman,Sodium Azide
37.61602344894968,30.559895753719648,3,Raman,Sodium Azide
39.325842696629216,30.56989575371965,3,Raman,Sodium Azide
41.03566194430874,30.559925445515113,3,Raman,Sodium Azide
42.745481191988276,30.560523429751203,3,Raman,Sodium Azide
44.45530043966781,30.559895753719648,3,Raman,Sodium Azide
46.16511968734734,30.559895753719648,3,Raman,Sodium Azide
47.87493893502687,30.56007163005961,3,Raman,Sodium Azide
49.5847581827064,30.57005682350099,3,Raman,Sodium Azide
51.294577430385935,30.56989575371965,3,Raman,Sodium Azide
53.00439667806546,30.56989575371965,3,Raman,Sodium Azide
54.714215925744995,30.56001309873837,3,Raman,Sodium Azide
56.42403517342453,30.559895753719648,3,Raman,Sodium Azide
58.133854421104054,30.559971109544097,3,Raman,Sodium Azide
59.84367366878359,30.559895753719648,3,Raman,Sodium Azide
61.55349291646312,30.57998782115389,3,Raman,Sodium Azide
63.26331216414265,30.560014910635868,3,Raman,Sodium Azide
64.97313141182218,30.559895753719648,3,Raman,Sodium Azide
66.68295065950171,30.559895753719648,3,Raman,Sodium Azide
68.39276990718125,30.559983206859208,3,Raman,Sodium Azide
70.10258915486078,30.570108040028394,3,Raman,Sodium Azide
71.8124084025403,30.559895753719648,3,Raman,Sodium Azide
73.52222765021983,30.56989575371965,3,Raman,Sodium Azide
75.23204689789937,30.57022283668505,3,Raman,Sodium Azide
76.9418661455789,30.57011984022691,3,Raman,Sodium Azide
78.65168539325843,30.559923465085326,3,Raman,Sodium Azide
80.36150464093797,30.559895753719648,3,Raman,Sodium Azide
82.07132388861748,30.560053001856673,3,Raman,Sodium Azide
83.78114313629702,30.56989575371965,3,Raman,Sodium Azide
85.49096238397655,30.58012517140923,3,Raman,Sodium Azide
87.20078163165608,30.560366194664933,3,Raman,Sodium Azide
88.91060087933562,30.559895753719648,3,Raman,Sodium Azide
90.62042012701515,30.56010015576303,3,Raman,Sodium Azide
92.33023937469468,30.559895753719648,3,Raman,Sodium Azide
94.0400586223742,30.560164791234303,3,Raman,Sodium Azide
95.74987787005374,30.559895753719648,3,Raman,Sodium Azide
97.45969711773327,30.560274858949743,3,Raman,Sodium Azide
99.1695163654128,30.559895753719648,3,Raman,Sodium Azide
100.87933561309234,30.56989575371965,3,Raman,Sodium Azide
102.58915486077187,30.56989575371965,3,Raman,Sodium Azide
104.29897410845139,30.559895753719648,3,Raman,Sodium Azide
106.00879335613092,30.569957732220768,3,Raman,Sodium Azide
107.71861260381046,30.559895753719648,3,Raman,Sodium Azide
109.42843185148999,30.55996012561091,3,Raman,Sodium Azide
111.13825109916952,30.559964742302498,3,Raman,Sodium Azide
112.84807034684906,30.559895753719648,3,Raman,Sodium Azide
114.55788959452859,30.559981832190104,3,Raman,Sodium Azide
116.26770884220811,30.559895753719648,3,Raman,Sodium Azide
117.97752808988764,30.570419356696032,3,Raman,Sodium Azide
119.68734733756718,30.559974168715108,3,Raman,Sodium Azide
121.39716658524671,30.56005615566319,3,Raman,Sodium Azide
123.10698583292624,30.559895753719648,3,Raman,Sodium Azide
124.81680508060577,30.56989575371965,3,Raman,Sodium Azide
126.5266243282853,30.56011470838323,3,Raman,Sodium Azide
128.23644357596484,30.559982223771044,3,Raman,Sodium Azide
129.94626282364436,30.559895753719648,3,Raman,Sodium Azide
131.65608207132388,30.56039994612019,3,Raman,Sodium Azide
133.36590131900343,30.560089010974473,3,Raman,Sodium Azide
135.07572056668295,30.559895753719648,3,Raman,Sodium Azide
136.7855398143625,30.560054407941216,3,Raman,Sodium Azide
138.495359062042,30.560006245891234,3,Raman,Sodium Azide
140.20517830972156,30.560025523029076,3,Raman,Sodium Azide
141.91499755740108,30.56989575371965,3,Raman,Sodium Azide
143.6248168050806,30.559914500296145,3,Raman,Sodium Azide
145.33463605276015,30.559974947815007,3,Raman,Sodium Azide
147.04445530043967,30.560218350887173,3,Raman,Sodium Azide
148.7542745481192,30.55992273450575,3,Raman,Sodium Azide
150.46409379579873,30.560008749059772,3,Raman,Sodium Azide
152.17391304347828,30.559895753719648,3,Raman,Sodium Azide
153.8837322911578,30.559913489271437,3,Raman,Sodium Azide
155.59355153883732,30.57012285005252,3,Raman,Sodium Azide
157.30337078651687,30.56989575371965,3,Raman,Sodium Azide
159.01319003419638,30.559895753719648,3,Raman,Sodium Azide
160.72300928187593,30.559895753719648,3,Raman,Sodium Azide
162.43282852955545,30.559895753719648,3,Raman,Sodium Azide
164.14264777723497,30.559895753719648,3,Raman,Sodium Azide
165.85246702491452,30.570043079132972,3,Raman,Sodium Azide
167.56228627259404,30.559895753719648,3,Raman,Sodium Azide
169.27210552027358,30.559895753719648,3,Raman,Sodium Azide
170.9819247679531,30.560466301229575,3,Raman,Sodium Azide
172.69174401563265,30.56989575371965,3,Raman,Sodium Azide
174.40156326331217,30.560059377558492,3,Raman,Sodium Azide
176.1113825109917,30.55998304567379,3,Raman,Sodium Azide
177.82120175867124,30.559960850049553,3,Raman,Sodium Azide
179.53102100635076,30.559895753719648,3,Raman,Sodium Azide
181.2408402540303,30.560228372074636,3,Raman,Sodium Azide
182.95065950170982,30.55997951594412,3,Raman,Sodium Azide
184.66047874938937,30.560136443196605,3,Raman,Sodium Azide
186.3702979970689,30.56019395801427,3,Raman,Sodium Azide
188.0801172447484,30.560344473722242,3,Raman,Sodium Azide
189.78993649242796,30.559895753719648,3,Raman,Sodium Azide
191.49975574010747,30.559895753719648,3,Raman,Sodium Azide
193.20957498778702,30.559895753719648,3,Raman,Sodium Azide
194.91939423546654,30.56989575371965,3,Raman,Sodium Azide
196.6292134831461,30.560241865275483,3,Raman,Sodium Azide
198.3390327308256,30.56989575371965,3,Raman,Sodium Azide
200.04885197850513,30.56989575371965,3,Raman,Sodium Azide
201.75867122618467,30.56989575371965,3,Raman,Sodium Azide
203.4684904738642,30.560087517422566,3,Raman,Sodium Azide
205.17830972154374,30.559895753719648,3,Raman,Sodium Azide
206.88812896922326,30.570127117744747,3,Raman,Sodium Azide
208.59794821690278,30.560079395312226,3,Raman,Sodium Azide
210.30776746458233,30.559895753719648,3,Raman,Sodium Azide
212.01758671226185,30.56994430376189,3,Raman,Sodium Azide
213.7274059599414,30.559895753719648,3,Raman,Sodium Azide
215.4372252076209,30.55993284033274,3,Raman,Sodium Azide
217.14704445530046,30.559895753719648,3,Raman,Sodium Azide
218.85686370297998,30.56037588081319,3,Raman,Sodium Azide
220.5666829506595,30.56059310243413,3,Raman,Sodium Azide
222.27650219833905,30.56989575371965,3,Raman,Sodium Azide
223.98632144601856,30.569921804811848,3,Raman,Sodium Azide
225.6961406936981,30.559895753719648,3,Raman,Sodium Azide
227.40595994137763,30.559895753719648,3,Raman,Sodium Azide
229.11577918905718,30.55999699808894,3,Raman,Sodium Azide
230.8255984367367,30.559895753719648,3,Raman,Sodium Azide
232.53541768441622,30.560006184319906,3,Raman,Sodium Azide
234.24523693209576,30.56989575371965,3,Raman,Sodium Azide
235.95505617977528,30.569975133302584,3,Raman,Sodium Azide
237.66487542745483,30.559895753719648,3,Raman,Sodium Azide
239.37469467513435,30.559895753719648,3,Raman,Sodium Azide
241.08451392281387,30.560018038567673,3,Raman,Sodium Azide
242.79433317049342,30.560340017118993,3,Raman,Sodium Azide
244.50415241817294,30.56989575371965,3,Raman,Sodium Azide
246.21397166585248,30.560050308169433,3,Raman,Sodium Azide
247.923790913532,30.56989575371965,3,Raman,Sodium Azide
249.63361016121155,30.56001202811152,3,Raman,Sodium Azide
251.34342940889107,30.559895753719648,3,Raman,Sodium Azide
253.0532486565706,30.560407592824525,3,Raman,Sodium Azide
254.76306790425014,30.559895753719648,3,Raman,Sodium Azide
256.4728871519297,30.559895753719648,3,Raman,Sodium Azide
258.1827063996092,30.560098564405433,3,Raman,Sodium Azide
259.8925256472887,30.560027440045,3,Raman,Sodium Azide
261.60234489496827,30.559895753719648,3,Raman,Sodium Azide
263.31216414264776,30.56000319646435,3,Raman,Sodium Azide
265.0219833903273,30.559895753719648,3,Raman,Sodium Azide
266.73180263800685,30.55995516263167,3,Raman,Sodium Azide
268.4416218856864,30.570039702425117,3,Raman,Sodium Azide
270.1514411333659,30.559895753719648,3,Raman,Sodium Azide
271.86126038104544,30.559895753719648,3,Raman,Sodium Azide
273.571079628725,30.559895753719648,3,Raman,Sodium Azide
275.2808988764045,30.559895753719648,3,Raman,Sodium Azide
276.990718124084,30.560004612250726,3,Raman,Sodium Azide
278.7005373717636,30.559895753719648,3,Raman,Sodium Azide
280.4103566194431,30.560041583156377,3,Raman,Sodium Azide
282.1201758671226,30.559895753719648,3,Raman,Sodium Azide
283.82999511480216,30.570056861009576,3,Raman,Sodium Azide
285.5398143624817,30.56989575371965,3,Raman,Sodium Azide
287.2496336101612,30.56989575371965,3,Raman,Sodium Azide
288.95945285784074,30.559895753719648,3,Raman,Sodium Azide
290.6692721055203,30.560209281719047,3,Raman,Sodium Azide
292.37909135319984,30.560001453751838,3,Raman,Sodium Azide
294.08891060087933,30.56989575371965,3,Raman,Sodium Azide
295.7987298485589,30.559895753719648,3,Raman,Sodium Azide
297.5085490962384,30.560051974421096,3,Raman,Sodium Azide
299.2183683439179,30.559895753719648,3,Raman,Sodium Azide
300.92818759159746,30.56008849276938,3,Raman,Sodium Azide
302.638006839277,30.56989575371965,3,Raman,Sodium Azide
304.34782608695656,30.59023441080819,3,Raman,Sodium Azide
306.05764533463605,30.559895753719648,3,Raman,Sodium Azide
307.7674645823156,30.559895753719648,3,Raman,Sodium Azide
309.47728382999514,30.579895753719647,3,Raman,Sodium Azide
311.18710307767464,30.560322153803945,3,Raman,Sodium Azide
312.8969223253542,30.569901401535166,3,Raman,Sodium Azide
314.60674157303373,30.559895753719648,3,Raman,Sodium Azide
316.3165608207133,30.58989575371965,3,Raman,Sodium Azide
318.02638006839277,30.56003050689285,3,Raman,Sodium Azide
319.7361993160723,30.559895753719648,3,Raman,Sodium Azide
321.44601856375186,30.559895753719648,3,Raman,Sodium Azide
323.15583781143135,30.559895753719648,3,Raman,Sodium Azide
324.8656570591109,30.579895753719647,3,Raman,Sodium Azide
326.57547630679045,30.559922452517696,3,Raman,Sodium Azide
328.28529555446994,30.559895753719648,3,Raman,Sodium Azide
329.9951148021495,30.559895753719648,3,Raman,Sodium Azide
331.70493404982903,30.559939296889468,3,Raman,Sodium Azide
333.4147532975086,30.560354024457133,3,Raman,Sodium Azide
335.1245725451881,30.560229418668317,3,Raman,Sodium Azide
336.8343917928676,30.56989575371965,3,Raman,Sodium Azide
338.54421104054717,30.560085743571587,3,Raman,Sodium Azide
340.25403028822666,30.570072916753734,3,Raman,Sodium Azide
341.9638495359062,30.56989575371965,3,Raman,Sodium Azide
343.67366878358575,30.56989575371965,3,Raman,Sodium Azide
345.3834880312653,30.560036666148154,3,Raman,Sodium Azide
347.0933072789448,30.559895753719648,3,Raman,Sodium Azide
348.80312652662434,30.56989575371965,3,Raman,Sodium Azide
350.5129457743039,30.559895753719648,3,Raman,Sodium Azide
352.2227650219834,30.559895753719648,3,Raman,Sodium Azide
353.9325842696629,30.559895753719648,3,Raman,Sodium Azide
355.6424035173425,30.560011717803107,3,Raman,Sodium Azide
357.352222765022,30.579902903112693,3,Raman,Sodium Azide
359.0620420127015,30.560063328706864,3,Raman,Sodium Azide
360.77186126038106,30.56055566302834,3,Raman,Sodium Azide
362.4816805080606,30.559895753719648,3,Raman,Sodium Azide
364.1914997557401,30.55995295773314,3,Raman,Sodium Azide
365.90131900341964,30.570029105695127,3,Raman,Sodium Azide
367.6111382510992,30.5601818113965,3,Raman,Sodium Azide
369.32095749877874,30.57000970425008,3,Raman,Sodium Azide
371.03077674645823,30.559895753719648,3,Raman,Sodium Azide
372.7405959941378,30.56989575371965,3,Raman,Sodium Azide
374.4504152418173,30.559934318690317,3,Raman,Sodium Azide
376.1602344894968,30.559895753719648,3,Raman,Sodium Azide
377.87005373717636,30.559895753719648,3,Raman,Sodium Azide
379.5798729848559,30.559895753719648,3,Raman,Sodium Azide
381.28969223253546,30.559895753719648,3,Raman,Sodium Azide
382.99951148021495,30.559895753719648,3,Raman,Sodium Azide
384.7093307278945,30.560557414652777,3,Raman,Sodium Azide
386.41914997557404,30.56997852476907,3,Raman,Sodium Azide
388.12896922325353,30.579926243858914,3,Raman,Sodium Azide
389.8387884709331,30.560136691155957,3,Raman,Sodium Azide
391.54860771861263,30.5603667309238,3,Raman,Sodium Azide
393.2584269662922,30.559997214180235,3,Raman,Sodium Azide
394.96824621397167,30.5601623606787,3,Raman,Sodium Azide
396.6780654616512,30.559895753719648,3,Raman,Sodium Azide
398.38788470933076,30.559895753719648,3,Raman,Sodium Azide
400.09770395701025,30.560133997363277,3,Raman,Sodium Azide
401.8075232046898,30.560128984841395,3,Raman,Sodium Azide
403.51734245236935,30.560104425908058,3,Raman,Sodium Azide
405.22716170004884,30.559928879818735,3,Raman,Sodium Azide
406.9369809477284,30.559895753719648,3,Raman,Sodium Azide
408.64680019540793,30.56989575371965,3,Raman,Sodium Azide
410.3566194430875,30.5601983722499,3,Raman,Sodium Azide
412.066438690767,30.559895753719648,3,Raman,Sodium Azide
413.7762579384465,30.55994476833429,3,Raman,Sodium Azide
415.48607718612607,30.559895753719648,3,Raman,Sodium Azide
417.19589643380556,30.56989575371965,3,Raman,Sodium Azide
418.9057156814851,30.56989575371965,3,Raman,Sodium Azide
420.61553492916465,30.559895753719648,3,Raman,Sodium Azide
422.3253541768442,30.56989575371965,3,Raman,Sodium Azide
424.0351734245237,30.559895753719648,3,Raman,Sodium Azide
425.74499267220324,30.570067438347706,3,Raman,Sodium Azide
427.4548119198828,30.560055525732565,3,Raman,Sodium Azide
429.1646311675623,30.55991072089536,3,Raman,Sodium Azide
430.8744504152418,30.559895753719648,3,Raman,Sodium Azide
432.5842696629214,30.559895753719648,3,Raman,Sodium Azide
434.2940889106009,30.56050610518447,3,Raman,Sodium Azide
436.0039081582804,30.559895753719648,3,Raman,Sodium Azide
437.71372740595996,30.559895753719648,3,Raman,Sodium Azide
439.4235466536395,30.560458734230256,3,Raman,Sodium Azide
441.133365901319,30.57054067797538,3,Raman,Sodium Azide
442.84318514899854,30.56034082317002,3,Raman,Sodium Azide
444.5530043966781,30.560035264723073,3,Raman,Sodium Azide
446.26282364435764,30.559895753719648,3,Raman,Sodium Azide
447.97264289203713,30.559895753719648,3,Raman,Sodium Azide
449.6824621397167,30.57000236629196,3,Raman,Sodium Azide
451.3922813873962,30.559895753719648,3,Raman,Sodium Azide
453.1021006350757,30.5602760425008,3,Raman,Sodium Azide
454.81191988275526,30.559895753719648,3,Raman,Sodium Azide
456.5217391304348,30.55994852153655,3,Raman,Sodium Azide
458.23155837811436,30.560139175002135,3,Raman,Sodium Azide
459.94137762579385,30.560161143764827,3,Raman,Sodium Azide
461.6511968734734,30.56011428081172,3,Raman,Sodium Azide
463.36101612115294,30.55998518654124,3,Raman,Sodium Azide
465.07083536883243,30.559929499558454,3,Raman,Sodium Azide
466.780654616512,30.560133748295755,3,Raman,Sodium Azide
468.49047386419153,30.56998523257625,3,Raman,Sodium Azide
470.2002931118711,30.569993668537453,3,Raman,Sodium Azide
471.91011235955057,30.559905073310514,3,Raman,Sodium Azide
473.6199316072301,30.559895753719648,3,Raman,Sodium Azide
475.32975085490966,30.559895753719648,3,Raman,Sodium Azide
477.03957010258915,30.559895753719648,3,Raman,Sodium Azide
478.7493893502687,30.559895753719648,3,Raman,Sodium Azide
480.45920859794825,30.56989575371965,3,Raman,Sodium Azide
482.16902784562774,30.559895753719648,3,Raman,Sodium Azide
483.8788470933073,30.559895753719648,3,Raman,Sodium Azide
485.58866634098683,30.559895753719648,3,Raman,Sodium Azide
487.2984855886664,30.580132225614705,3,Raman,Sodium Azide
489.00830483634587,30.559895753719648,3,Raman,Sodium Azide
490.7181240840254,30.56989575371965,3,Raman,Sodium Azide
492.42794333170497,30.55993840229573,3,Raman,Sodium Azide
494.13776257938446,30.570232920310424,3,Raman,Sodium Azide
495.847581827064,30.560461745446442,3,Raman,Sodium Azide
497.55740107474355,30.579895753719647,3,Raman,Sodium Azide
499.2672203224231,30.559895753719648,3,Raman,Sodium Azide
500.9770395701026,30.58989575371965,3,Raman,Sodium Azide
502.68685881778214,30.56995556695432,3,Raman,Sodium Azide
504.3966780654617,30.559895753719648,3,Raman,Sodium Azide
506.1064973131412,30.559926632151427,3,Raman,Sodium Azide
507.8163165608207,30.56989575371965,3,Raman,Sodium Azide
509.52613580850027,30.56989575371965,3,Raman,Sodium Azide
511.2359550561798,30.560083375667332,3,Raman,Sodium Azide
512.9457743038594,30.559895753719648,3,Raman,Sodium Azide
514.6555935515388,30.570114322231788,3,Raman,Sodium Azide
516.3654127992183,30.559954715334605,3,Raman,Sodium Azide
518.0752320468979,30.559895753719648,3,Raman,Sodium Azide
519.7850512945774,30.570302729231074,3,Raman,Sodium Azide
521.494870542257,30.559904354561827,3,Raman,Sodium Azide
523.2046897899365,30.56989575371965,3,Raman,Sodium Azide
524.9145090376161,30.559895753719648,3,Raman,Sodium Azide
526.6243282852955,30.559895753719648,3,Raman,Sodium Azide
528.3341475329751,30.569983250865018,3,Raman,Sodium Azide
530.0439667806546,30.559895753719648,3,Raman,Sodium Azide
531.7537860283342,30.56042457618157,3,Raman,Sodium Azide
533.4636052760137,30.57003227071845,3,Raman,Sodium Azide
535.1734245236933,30.560408723966376,3,Raman,Sodium Azide
536.8832437713728,30.559895753719648,3,Raman,Sodium Azide
538.5930630190522,30.559895753719648,3,Raman,Sodium Azide
540.3028822667318,30.560129183913357,3,Raman,Sodium Azide
542.0127015144113,30.57005034126151,3,Raman,Sodium Azide
543.7225207620909,30.559895753719648,3,Raman,Sodium Azide
545.4323400097704,30.559895753719648,3,Raman,Sodium Azide
547.14215925745,30.559895753719648,3,Raman,Sodium Azide
548.8519785051295,30.559895753719648,3,Raman,Sodium Azide
550.561797752809,30.559895753719648,3,Raman,Sodium Azide
552.2716170004885,30.57992972222911,3,Raman,Sodium Azide
553.981436248168,30.559895753719648,3,Raman,Sodium Azide
555.6912554958476,30.559895753719648,3,Raman,Sodium Azide
557.4010747435271,30.569998789828432,3,Raman,Sodium Azide
559.1108939912067,30.56004936308297,3,Raman,Sodium Azide
560.8207132388862,30.559948826474283,3,Raman,Sodium Azide
562.5305324865657,30.56989575371965,3,Raman,Sodium Azide
564.2403517342452,30.559895753719648,3,Raman,Sodium Azide
565.9501709819248,30.560145932140028,3,Raman,Sodium Azide
567.6599902296043,30.560086536235154,3,Raman,Sodium Azide
569.3698094772839,30.56989575371965,3,Raman,Sodium Azide
571.0796287249634,30.560114355335124,3,Raman,Sodium Azide
572.789447972643,30.559895753719648,3,Raman,Sodium Azide
574.4992672203224,30.559895753719648,3,Raman,Sodium Azide
576.2090864680019,30.56013884526558,3,Raman,Sodium Azide
577.9189057156815,30.559922481669727,3,Raman,Sodium Azide
579.628724963361,30.559895753719648,3,Raman,Sodium Azide
581.3385442110406,30.559895753719648,3,Raman,Sodium Azide
583.0483634587201,30.559895753719648,3,Raman,Sodium Azide
584.7581827063997,30.560117998767172,3,Raman,Sodium Azide
586.4680019540791,30.57001484151577,3,Raman,Sodium Azide
588.1778212017587,30.559895753719648,3,Raman,Sodium Azide
589.8876404494382,30.559895753719648,3,Raman,Sodium Azide
591.5974596971178,30.56044667504208,3,Raman,Sodium Azide
593.3072789447973,30.57001792565534,3,Raman,Sodium Azide
595.0170981924769,30.56021292675711,3,Raman,Sodium Azide
596.7269174401564,30.560286937000935,3,Raman,Sodium Azide
598.4367366878358,30.559895753719648,3,Raman,Sodium Azide
600.1465559355154,30.560352521066783,3,Raman,Sodium Azide
601.8563751831949,30.559895753719648,3,Raman,Sodium Azide
603.5661944308745,30.560087212755818,3,Raman,Sodium Azide
605.276013678554,30.56989575371965,3,Raman,Sodium Azide
606.9858329262336,30.56008572872274,3,Raman,Sodium Azide
608.6956521739131,30.56989575371965,3,Raman,Sodium Azide
610.4054714215926,30.580040068731716,3,Raman,Sodium Azide
612.1152906692721,30.56025286061622,3,Raman,Sodium Azide
613.8251099169516,30.560189452755154,3,Raman,Sodium Azide
615.5349291646312,30.56989575371965,3,Raman,Sodium Azide
617.2447484123107,30.579895753719647,3,Raman,Sodium Azide
618.9545676599903,30.56989575371965,3,Raman,Sodium Azide
620.6643869076698,30.570012655352187,3,Raman,Sodium Azide
622.3742061553493,30.560067064931186,3,Raman,Sodium Azide
624.0840254030288,30.560176495266987,3,Raman,Sodium Azide
625.7938446507084,30.559895753719648,3,Raman,Sodium Azide
627.5036638983879,30.559895753719648,3,Raman,Sodium Azide
629.2134831460675,30.559895753719648,3,Raman,Sodium Azide
630.923302393747,30.559895753719648,3,Raman,Sodium Azide
632.6331216414266,30.559952504226565,3,Raman,Sodium Azide
634.342940889106,30.559993278159087,3,Raman,Sodium Azide
636.0527601367855,30.56989575371965,3,Raman,Sodium Azide
637.7625793844651,30.56989575371965,3,Raman,Sodium Azide
639.4723986321446,30.559895753719648,3,Raman,Sodium Azide
641.1822178798242,30.56035654813228,3,Raman,Sodium Azide
642.8920371275037,30.559895753719648,3,Raman,Sodium Azide
644.6018563751833,30.56989575371965,3,Raman,Sodium Azide
646.3116756228627,30.569996344520277,3,Raman,Sodium Azide
648.0214948705423,30.559895753719648,3,Raman,Sodium Azide
649.7313141182218,30.559895753719648,3,Raman,Sodium Azide
651.4411333659014,30.559895753719648,3,Raman,Sodium Azide
653.1509526135809,30.579895753719647,3,Raman,Sodium Azide
654.8607718612604,30.56989575371965,3,Raman,Sodium Azide
656.5705911089399,30.560139966310803,3,Raman,Sodium Azide
658.2804103566194,30.560043264701847,3,Raman,Sodium Azide
659.990229604299,30.5699292744528,3,Raman,Sodium Azide
661.7000488519785,30.560154685841695,3,Raman,Sodium Azide
663.4098680996581,30.559895753719648,3,Raman,Sodium Azide
665.1196873473376,30.559895753719648,3,Raman,Sodium Azide
666.8295065950172,30.559977396884964,3,Raman,Sodium Azide
668.5393258426966,30.559957197446657,3,Raman,Sodium Azide
670.2491450903761,30.559895753719648,3,Raman,Sodium Azide
671.9589643380557,30.56028748812075,3,Raman,Sodium Azide
673.6687835857352,30.579895753719647,3,Raman,Sodium Azide
675.3786028334148,30.5800352234398,3,Raman,Sodium Azide
677.0884220810943,30.570041329501887,3,Raman,Sodium Azide
678.7982413287739,30.559895753719648,3,Raman,Sodium Azide
680.5080605764533,30.559956131986837,3,Raman,Sodium Azide
682.2178798241329,30.560325287778227,3,Raman,Sodium Azide
683.9276990718124,30.559895753719648,3,Raman,Sodium Azide
685.637518319492,30.56989575371965,3,Raman,Sodium Azide
687.3473375671715,30.56989575371965,3,Raman,Sodium Azide
689.057156814851,30.57001870277409,3,Raman,Sodium Azide
690.7669760625306,30.559895753719648,3,Raman,Sodium Azide
692.47679531021,30.559895753719648,3,Raman,Sodium Azide
694.1866145578896,30.559895753719648,3,Raman,Sodium Azide
695.8964338055691,30.559895753719648,3,Raman,Sodium Azide
697.6062530532487,30.559895753719648,3,Raman,Sodium Azide
699.3160723009282,30.559895753719648,3,Raman,Sodium Azide
701.0258915486078,30.56000778371138,3,Raman,Sodium Azide
702.7357107962873,30.569938461076084,3,Raman,Sodium Azide
704.4455300439668,30.55996248573893,3,Raman,Sodium Azide
706.1553492916463,30.570062216133095,3,Raman,Sodium Azide
707.8651685393259,30.56023928925912,3,Raman,Sodium Azide
709.5749877870054,30.559904084851016,3,Raman,Sodium Azide
711.284807034685,30.559987105456983,3,Raman,Sodium Azide
712.9946262823645,30.559988861803006,3,Raman,Sodium Azide
714.704445530044,30.559935451523852,3,Raman,Sodium Azide
716.4142647777235,30.559901939567343,3,Raman,Sodium Azide
718.124084025403,30.569923178233992,3,Raman,Sodium Azide
719.8339032730826,30.5703056922207,3,Raman,Sodium Azide
721.5437225207621,30.56027192211549,3,Raman,Sodium Azide
723.2535417684417,30.559895753719648,3,Raman,Sodium Azide
724.9633610161212,30.5599542075221,3,Raman,Sodium Azide
726.6731802638008,30.559898827501474,3,Raman,Sodium Azide
728.3829995114802,30.57022688676979,3,Raman,Sodium Azide
730.0928187591597,30.559895753719648,3,Raman,Sodium Azide
731.8026380068393,30.55996287857459,3,Raman,Sodium Azide
733.5124572545188,30.56989575371965,3,Raman,Sodium Azide
735.2222765021984,30.56011001384443,3,Raman,Sodium Azide
736.9320957498779,30.56989575371965,3,Raman,Sodium Azide
738.6419149975575,30.559895753719648,3,Raman,Sodium Azide
740.3517342452369,30.579895753719647,3,Raman,Sodium Azide
742.0615534929165,30.559895753719648,3,Raman,Sodium Azide
743.771372740596,30.559895753719648,3,Raman,Sodium Azide
745.4811919882756,30.560116271336085,3,Raman,Sodium Azide
747.1910112359551,30.559895753719648,3,Raman,Sodium Azide
748.9008304836346,30.57028774811333,3,Raman,Sodium Azide
750.6106497313142,30.559895753719648,3,Raman,Sodium Azide
752.3204689789936,30.559895753719648,3,Raman,Sodium Azide
754.0302882266732,30.559895753719648,3,Raman,Sodium Azide
755.7401074743527,30.560022140622486,3,Raman,Sodium Azide
757.4499267220323,30.560338833789537,3,Raman,Sodium Azide
759.1597459697118,30.56989575371965,3,Raman,Sodium Azide
760.8695652173914,30.560331591230174,3,Raman,Sodium Azide
762.5793844650709,30.559895753719648,3,Raman,Sodium Azide
764.2892037127503,30.559895753719648,3,Raman,Sodium Azide
765.9990229604299,30.560100515136213,3,Raman,Sodium Azide
767.7088422081094,30.580270088702388,3,Raman,Sodium Azide
769.418661455789,30.57004336257058,3,Raman,Sodium Azide
771.1284807034685,30.559895753719648,3,Raman,Sodium Azide
772.8382999511481,30.55998475935456,3,Raman,Sodium Azide
774.5481191988276,30.5604668700399,3,Raman,Sodium Azide
776.2579384465071,30.559895753719648,3,Raman,Sodium Azide
777.9677576941866,30.559995419958195,3,Raman,Sodium Azide
779.6775769418662,30.559895753719648,3,Raman,Sodium Azide
781.3873961895457,30.559895753719648,3,Raman,Sodium Azide
783.0972154372253,30.56016827531853,3,Raman,Sodium Azide
784.8070346849048,30.559895753719648,3,Raman,Sodium Azide
786.5168539325844,30.559895753719648,3,Raman,Sodium Azide
788.2266731802638,30.56015993471641,3,Raman,Sodium Azide
789.9364924279433,30.560130044577754,3,Raman,Sodium Azide
791.6463116756229,30.56005407857798,3,Raman,Sodium Azide
793.3561309233024,30.56994321019112,3,Raman,Sodium Azide
795.065950170982,30.56989575371965,3,Raman,Sodium Azide
796.7757694186615,30.56989575371965,3,Raman,Sodium Azide
798.4855886663411,30.559895753719648,3,Raman,Sodium Azide
800.1954079140205,30.560111032204944,3,Raman,Sodium Azide
801.9052271617,30.559953412829476,3,Raman,Sodium Azide
803.6150464093796,30.56011888663411,3,Raman,Sodium Azide
805.3248656570591,30.559895753719648,3,Raman,Sodium Azide
807.0346849047387,30.559895753719648,3,Raman,Sodium Azide
808.7445041524182,30.560028376790275,3,Raman,Sodium Azide
810.4543234000977,30.579895753719647,3,Raman,Sodium Azide
812.1641426477772,30.559895753719648,3,Raman,Sodium Azide
813.8739618954568,30.560163742882906,3,Raman,Sodium Azide
815.5837811431363,30.56989575371965,3,Raman,Sodium Azide
817.2936003908159,30.56994917482333,3,Raman,Sodium Azide
819.0034196384954,30.569998081858557,3,Raman,Sodium Azide
820.713238886175,30.5601697267938,3,Raman,Sodium Azide
822.4230581338544,30.56989575371965,3,Raman,Sodium Azide
824.132877381534,30.559895753719648,3,Raman,Sodium Azide
825.8426966292135,30.56989575371965,3,Raman,Sodium Azide
827.552515876893,30.570061605451027,3,Raman,Sodium Azide
829.2623351245726,30.570073296121095,3,Raman,Sodium Azide
830.9721543722521,30.570233765414933,3,Raman,Sodium Azide
832.6819736199317,30.559895753719648,3,Raman,Sodium Azide
834.3917928676111,30.560484044177475,3,Raman,Sodium Azide
836.1016121152907,30.56989575371965,3,Raman,Sodium Azide
837.8114313629702,30.559895753719648,3,Raman,Sodium Azide
839.5212506106498,30.559942341352794,3,Raman,Sodium Azide
841.2310698583293,30.56989575371965,3,Raman,Sodium Azide
842.9408891060089,30.56989575371965,3,Raman,Sodium Azide
844.6507083536884,30.56028217533367,3,Raman,Sodium Azide
846.3605276013678,30.560286353854035,3,Raman,Sodium Azide
848.0703468490474,30.56995372562626,3,Raman,Sodium Azide
849.7801660967269,30.560173370574667,3,Raman,Sodium Azide
851.4899853444065,30.57000779513677,3,Raman,Sodium Azide
853.199804592086,30.559895753719648,3,Raman,Sodium Azide
854.9096238397656,30.56989575371965,3,Raman,Sodium Azide
856.6194430874451,30.559895753719648,3,Raman,Sodium Azide
858.3292623351246,30.559895753719648,3,Raman,Sodium Azide
860.0390815828041,30.560323579848205,3,Raman,Sodium Azide
861.7489008304836,30.56012958393863,3,Raman,Sodium Azide
863.4587200781632,30.560278344015273,3,Raman,Sodium Azide
865.1685393258427,30.560005912607778,3,Raman,Sodium Azide
866.8783585735223,30.559895753719648,3,Raman,Sodium Azide
868.5881778212018,30.570059536526244,3,Raman,Sodium Azide
870.2979970688813,30.570234153410755,3,Raman,Sodium Azide
872.0078163165608,30.5600694175195,3,Raman,Sodium Azide
873.7176355642404,30.559895753719648,3,Raman,Sodium Azide
875.4274548119199,30.559895753719648,3,Raman,Sodium Azide
877.1372740595995,30.56006911606392,3,Raman,Sodium Azide
878.847093307279,30.559895753719648,3,Raman,Sodium Azide
880.5569125549586,30.559984731974065,3,Raman,Sodium Azide
882.266731802638,30.559895753719648,3,Raman,Sodium Azide
883.9765510503175,30.559936607925692,3,Raman,Sodium Azide
885.6863702979971,30.56989575371965,3,Raman,Sodium Azide
887.3961895456766,30.569968641894032,3,Raman,Sodium Azide
889.1060087933562,30.560094891843942,3,Raman,Sodium Azide
890.8158280410357,30.56010968960926,3,Raman,Sodium Azide
892.5256472887153,30.559895753719648,3,Raman,Sodium Azide
894.2354665363947,30.570027926117614,3,Raman,Sodium Azide
895.9452857840743,30.559895753719648,3,Raman,Sodium Azide
897.6551050317538,30.56030560042561,3,Raman,Sodium Azide
899.3649242794334,30.5601565426167,3,Raman,Sodium Azide
901.0747435271129,30.569913445686957,3,Raman,Sodium Azide
902.7845627747924,30.56047829870851,3,Raman,Sodium Azide
904.494382022472,30.559895753719648,3,Raman,Sodium Azide
906.2042012701514,30.559895753719648,3,Raman,Sodium Azide
907.914020517831,30.560050282754194,3,Raman,Sodium Azide
909.6238397655105,30.570441699701735,3,Raman,Sodium Azide
911.3336590131901,30.580292851978495,3,Raman,Sodium Azide
913.0434782608696,30.560120224927868,3,Raman,Sodium Azide
914.7532975085492,30.559895753719648,3,Raman,Sodium Azide
916.4631167562287,30.559895753719648,3,Raman,Sodium Azide
918.1729360039081,30.560094554409904,3,Raman,Sodium Azide
919.8827552515877,30.559895753719648,3,Raman,Sodium Azide
921.5925744992672,30.559998112840248,3,Raman,Sodium Azide
923.3023937469468,30.560125738729354,3,Raman,Sodium Azide
925.0122129946263,30.559895753719648,3,Raman,Sodium Azide
926.7220322423059,30.560086979490745,3,Raman,Sodium Azide
928.4318514899854,30.56015313042863,3,Raman,Sodium Azide
930.1416707376649,30.559895753719648,3,Raman,Sodium Azide
931.8514899853444,30.559895753719648,3,Raman,Sodium Azide
933.561309233024,30.56989575371965,3,Raman,Sodium Azide
935.2711284807035,30.569896030850213,3,Raman,Sodium Azide
936.9809477283831,30.559895753719648,3,Raman,Sodium Azide
938.6907669760626,30.559895753719648,3,Raman,Sodium Azide
940.4005862237422,30.559895753719648,3,Raman,Sodium Azide
942.1104054714216,30.559895753719648,3,Raman,Sodium Azide
943.8202247191011,30.56989575371965,3,Raman,Sodium Azide
945.5300439667807,30.56989575371965,3,Raman,Sodium Azide
947.2398632144602,30.560263019044168,3,Raman,Sodium Azide
948.9496824621398,30.55992925439776,3,Raman,Sodium Azide
950.6595017098193,30.560283755001212,3,Raman,Sodium Azide
952.3693209574988,30.56989575371965,3,Raman,Sodium Azide
954.0791402051783,30.56989575371965,3,Raman,Sodium Azide
955.7889594528579,30.559895753719648,3,Raman,Sodium Azide
957.4987787005374,30.579895753719647,3,Raman,Sodium Azide
959.208597948217,30.560121536363717,3,Raman,Sodium Azide
960.9184171958965,30.55997256065999,3,Raman,Sodium Azide
962.628236443576,30.560027964411653,3,Raman,Sodium Azide
964.3380556912555,30.559895753719648,3,Raman,Sodium Azide
966.047874938935,30.560044979754267,3,Raman,Sodium Azide
967.7576941866146,30.559964030667167,3,Raman,Sodium Azide
969.4675134342941,30.560145508576156,3,Raman,Sodium Azide
971.1773326819737,30.56013717626582,3,Raman,Sodium Azide
972.8871519296532,30.560090261035572,3,Raman,Sodium Azide
974.5969711773328,30.570449954484467,3,Raman,Sodium Azide
976.3067904250122,30.57069856778373,3,Raman,Sodium Azide
978.0166096726917,30.570532606708436,3,Raman,Sodium Azide
979.7264289203713,30.56064515050572,3,Raman,Sodium Azide
981.4362481680508,30.56145249086709,3,Raman,Sodium Azide
983.1460674157304,30.563575440033848,3,Raman,Sodium Azide
984.8558866634099,30.566871556374863,3,Raman,Sodium Azide
986.5657059110895,30.58052632616856,3,Raman,Sodium Azide
988.2755251587689,30.575155645593444,3,Raman,Sodium Azide
989.9853444064485,30.577259994476684,3,Raman,Sodium Azide
991.695163654128,30.574948829685304,3,Raman,Sodium Azide
993.4049829018076,30.571058414147004,3,Raman,Sodium Azide
995.1148021494871,30.566693984151645,3,Raman,Sodium Azide
996.8246213971667,30.56362966875468,3,Raman,Sodium Azide
998.5344406448462,30.561729144963863,3,Raman,Sodium Azide
1000.2442598925256,30.560940160285565,3,Raman,Sodium Azide
1001.9540791402052,30.570376731433385,3,Raman,Sodium Azide
1003.6638983878847,30.5699694071482,3,Raman,Sodium Azide
1005.3737176355643,30.57025522723573,3,Raman,Sodium Azide
1007.0835368832438,30.560325430801978,3,Raman,Sodium Azide
1008.7933561309234,30.570162125900204,3,Raman,Sodium Azide
1010.5031753786029,30.560403595082487,3,Raman,Sodium Azide
1012.2129946262824,30.560169751227196,3,Raman,Sodium Azide
1013.9228138739619,30.560225514121658,3,Raman,Sodium Azide
1015.6326331216414,30.560075717920544,3,Raman,Sodium Azide
1017.342452369321,30.560501442547057,3,Raman,Sodium Azide
1019.0522716170005,30.559895753719648,3,Raman,Sodium Azide
1020.7620908646801,30.580166801047376,3,Raman,Sodium Azide
1022.4719101123596,30.590044188056368,3,Raman,Sodium Azide
1024.181729360039,30.56016418776471,3,Raman,Sodium Azide
1025.8915486077187,30.56005116797723,3,Raman,Sodium Azide
1027.6013678553982,30.559946610624912,3,Raman,Sodium Azide
1029.3111871030776,30.570051359859697,3,Raman,Sodium Azide
1031.0210063507573,30.560079428071372,3,Raman,Sodium Azide
1032.7308255984367,30.560109404146463,3,Raman,Sodium Azide
1034.4406448461164,30.560322933389465,3,Raman,Sodium Azide
1036.1504640937958,30.55998734493534,3,Raman,Sodium Azide
1037.8602833414755,30.559895753719648,3,Raman,Sodium Azide
1039.5701025891549,30.55997422840022,3,Raman,Sodium Azide
1041.2799218368343,30.559895753719648,3,Raman,Sodium Azide
1042.989741084514,30.559895753719648,3,Raman,Sodium Azide
1044.6995603321934,30.56989575371965,3,Raman,Sodium Azide
1046.409379579873,30.559895753719648,3,Raman,Sodium Azide
1048.1191988275525,30.559895753719648,3,Raman,Sodium Azide
1049.8290180752322,30.57030613613489,3,Raman,Sodium Azide
1051.5388373229116,30.559895753719648,3,Raman,Sodium Azide
1053.248656570591,30.559895753719648,3,Raman,Sodium Azide
1054.9584758182707,30.56996308493851,3,Raman,Sodium Azide
1056.6682950659501,30.56007638967638,3,Raman,Sodium Azide
1058.3781143136298,30.559895753719648,3,Raman,Sodium Azide
1060.0879335613092,30.559895753719648,3,Raman,Sodium Azide
1061.797752808989,30.559895753719648,3,Raman,Sodium Azide
1063.5075720566683,30.56050901788781,3,Raman,Sodium Azide
1065.2173913043478,30.559895753719648,3,Raman,Sodium Azide
1066.9272105520274,30.56989575371965,3,Raman,Sodium Azide
1068.6370297997069,30.559895753719648,3,Raman,Sodium Azide
1070.3468490473865,30.56012427798813,3,Raman,Sodium Azide
1072.056668295066,30.560342732846816,3,Raman,Sodium Azide
1073.7664875427456,30.559895753719648,3,Raman,Sodium Azide
1075.476306790425,30.559895753719648,3,Raman,Sodium Azide
1077.1861260381045,30.559895753719648,3,Raman,Sodium Azide
1078.8959452857841,30.560191555309324,3,Raman,Sodium Azide
1080.6057645334636,30.559895753719648,3,Raman,Sodium Azide
1082.3155837811432,30.569896189144384,3,Raman,Sodium Azide
1084.0254030288227,30.56001898236107,3,Raman,Sodium Azide
1085.7352222765023,30.559984186075127,3,Raman,Sodium Azide
1087.4450415241818,30.559895753719648,3,Raman,Sodium Azide
1089.1548607718612,30.56025032632435,3,Raman,Sodium Azide
1090.8646800195409,30.559895753719648,3,Raman,Sodium Azide
1092.5744992672203,30.559959267781466,3,Raman,Sodium Azide
1094.2843185149,30.560010274545007,3,Raman,Sodium Azide
1095.9941377625794,30.559895753719648,3,Raman,Sodium Azide
1097.703957010259,30.560064560733114,3,Raman,Sodium Azide
1099.4137762579385,30.56007653823451,3,Raman,Sodium Azide
1101.123595505618,30.56019325671469,3,Raman,Sodium Azide
1102.8334147532976,30.559895753719648,3,Raman,Sodium Azide
1104.543234000977,30.559895753719648,3,Raman,Sodium Azide
1106.2530532486567,30.560043281914282,3,Raman,Sodium Azide
1107.962872496336,30.559895753719648,3,Raman,Sodium Azide
1109.6726917440158,30.559895753719648,3,Raman,Sodium Azide
1111.3825109916952,30.560127364304,3,Raman,Sodium Azide
1113.0923302393746,30.56989575371965,3,Raman,Sodium Azide
1114.8021494870543,30.560006438152666,3,Raman,Sodium Azide
1116.5119687347337,30.560565641997123,3,Raman,Sodium Azide
1118.2217879824134,30.57004057884207,3,Raman,Sodium Azide
1119.9316072300928,30.559895753719648,3,Raman,Sodium Azide
1121.6414264777725,30.56989575371965,3,Raman,Sodium Azide
1123.351245725452,30.559997621191393,3,Raman,Sodium Azide
1125.0610649731314,30.559895753719648,3,Raman,Sodium Azide
1126.770884220811,30.560098327146616,3,Raman,Sodium Azide
1128.4807034684904,30.560279837488785,3,Raman,Sodium Azide
1130.19052271617,30.56024421370895,3,Raman,Sodium Azide
1131.9003419638495,30.559895753719648,3,Raman,Sodium Azide
1133.6101612115292,30.55990412240912,3,Raman,Sodium Azide
1135.3199804592086,30.560028836801216,3,Raman,Sodium Azide
1137.029799706888,30.560296831004397,3,Raman,Sodium Azide
1138.7396189545677,30.559993671552785,3,Raman,Sodium Azide
1140.4494382022472,30.559895753719648,3,Raman,Sodium Azide
1142.1592574499268,30.56001335815609,3,Raman,Sodium Azide
1143.8690766976063,30.5603756278642,3,Raman,Sodium Azide
1145.578895945286,30.559895753719648,3,Raman,Sodium Azide
1147.2887151929654,30.559895753719648,3,Raman,Sodium Azide
1148.9985344406448,30.559895753719648,3,Raman,Sodium Azide
1150.7083536883245,30.559895753719648,3,Raman,Sodium Azide
1152.4181729360039,30.560115501510744,3,Raman,Sodium Azide
1154.1279921836835,30.559895753719648,3,Raman,Sodium Azide
1155.837811431363,30.560237233246465,3,Raman,Sodium Azide
1157.5476306790426,30.560028474932423,3,Raman,Sodium Azide
1159.257449926722,30.560081215007816,3,Raman,Sodium Azide
1160.9672691744015,30.570079149900426,3,Raman,Sodium Azide
1162.6770884220812,30.580121637610766,3,Raman,Sodium Azide
1164.3869076697606,30.56989575371965,3,Raman,Sodium Azide
1166.0967269174403,30.56989575371965,3,Raman,Sodium Azide
1167.8065461651197,30.559895753719648,3,Raman,Sodium Azide
1169.5163654127994,30.56014091904277,3,Raman,Sodium Azide
1171.2261846604788,30.559895753719648,3,Raman,Sodium Azide
1172.9360039081582,30.559895753719648,3,Raman,Sodium Azide
1174.645823155838,30.55995706606682,3,Raman,Sodium Azide
1176.3556424035173,30.570119231879964,3,Raman,Sodium Azide
1178.065461651197,30.560154721746816,3,Raman,Sodium Azide
1179.7752808988764,30.559895753719648,3,Raman,Sodium Azide
1181.485100146556,30.559895753719648,3,Raman,Sodium Azide
1183.1949193942355,30.559895753719648,3,Raman,Sodium Azide
1184.904738641915,30.559895753719648,3,Raman,Sodium Azide
1186.6145578895946,30.56989575371965,3,Raman,Sodium Azide
1188.324377137274,30.559929665341926,3,Raman,Sodium Azide
1190.0341963849537,30.56026585670488,3,Raman,Sodium Azide
1191.7440156326331,30.559895753719648,3,Raman,Sodium Azide
1193.4538348803128,30.560143283361157,3,Raman,Sodium Azide
1195.1636541279922,30.56006917094579,3,Raman,Sodium Azide
1196.8734733756717,30.559895753719648,3,Raman,Sodium Azide
1198.5832926233513,30.56006607670088,3,Raman,Sodium Azide
1200.2931118710308,30.560048059945096,3,Raman,Sodium Azide
1202.0029311187104,30.56989752690882,3,Raman,Sodium Azide
1203.7127503663899,30.55994314426183,3,Raman,Sodium Azide
1205.4225696140695,30.559895753719648,3,Raman,Sodium Azide
1207.132388861749,30.559895753719648,3,Raman,Sodium Azide
1208.8422081094284,30.5705168139266,3,Raman,Sodium Azide
1210.552027357108,30.56017382298693,3,Raman,Sodium Azide
1212.2618466047875,30.560035505059084,3,Raman,Sodium Azide
1213.9716658524671,30.559895753719648,3,Raman,Sodium Azide
1215.6814851001466,30.56989575371965,3,Raman,Sodium Azide
1217.3913043478262,30.559895753719648,3,Raman,Sodium Azide
1219.1011235955057,30.56002041083179,3,Raman,Sodium Azide
1220.810942843185,30.55998537369825,3,Raman,Sodium Azide
1222.5207620908648,30.559895753719648,3,Raman,Sodium Azide
1224.2305813385442,30.559905155104893,3,Raman,Sodium Azide
1225.9404005862239,30.559895753719648,3,Raman,Sodium Azide
1227.6502198339033,30.559895753719648,3,Raman,Sodium Azide
1229.360039081583,30.559895753719648,3,Raman,Sodium Azide
1231.0698583292624,30.559895753719648,3,Raman,Sodium Azide
1232.7796775769418,30.56989575371965,3,Raman,Sodium Azide
1234.4894968246215,30.559895753719648,3,Raman,Sodium Azide
1236.199316072301,30.560182293985505,3,Raman,Sodium Azide
1237.9091353199806,30.559895753719648,3,Raman,Sodium Azide
1239.61895456766,30.559895753719648,3,Raman,Sodium Azide
1241.3287738153397,30.55997347366497,3,Raman,Sodium Azide
1243.038593063019,30.57006034082813,3,Raman,Sodium Azide
1244.7484123106985,30.56015067428502,3,Raman,Sodium Azide
1246.4582315583782,30.559940560309816,3,Raman,Sodium Azide
1248.1680508060576,30.559895753719648,3,Raman,Sodium Azide
1249.8778700537373,30.559895753719648,3,Raman,Sodium Azide
1251.5876893014167,30.560054117241688,3,Raman,Sodium Azide
1253.2975085490964,30.560278928120866,3,Raman,Sodium Azide
1255.0073277967758,30.56989575371965,3,Raman,Sodium Azide
1256.7171470444553,30.559952438331877,3,Raman,Sodium Azide
1258.426966292135,30.56989575371965,3,Raman,Sodium Azide
1260.1367855398144,30.559895753719648,3,Raman,Sodium Azide
1261.846604787494,30.559906080581552,3,Raman,Sodium Azide
1263.5564240351734,30.56989575371965,3,Raman,Sodium Azide
1265.266243282853,30.559895753719648,3,Raman,Sodium Azide
1266.9760625305325,30.559949647355776,3,Raman,Sodium Azide
1268.685881778212,30.56998274831073,3,Raman,Sodium Azide
1270.3957010258916,30.56009247527919,3,Raman,Sodium Azide
1272.105520273571,30.579895753719647,3,Raman,Sodium Azide
1273.8153395212507,30.559895753719648,3,Raman,Sodium Azide
1275.5251587689302,30.559895753719648,3,Raman,Sodium Azide
1277.2349780166098,30.560081587618335,3,Raman,Sodium Azide
1278.9447972642893,30.559895753719648,3,Raman,Sodium Azide
1280.6546165119687,30.58011909597314,3,Raman,Sodium Azide
1282.3644357596484,30.559895753719648,3,Raman,Sodium Azide
1284.0742550073278,30.56010933193678,3,Raman,Sodium Azide
1285.7840742550075,30.55996193077897,3,Raman,Sodium Azide
1287.493893502687,30.559895753719648,3,Raman,Sodium Azide
1289.2037127503665,30.56017690145865,3,Raman,Sodium Azide
1290.913531998046,30.559959536034675,3,Raman,Sodium Azide
1292.6233512457254,30.56989575371965,3,Raman,Sodium Azide
1294.333170493405,30.56015370820852,3,Raman,Sodium Azide
1296.0429897410845,30.56989575371965,3,Raman,Sodium Azide
1297.7528089887642,30.559906334716445,3,Raman,Sodium Azide
1299.4626282364436,30.559895753719648,3,Raman,Sodium Azide
1301.1724474841233,30.56989575371965,3,Raman,Sodium Azide
1302.8822667318027,30.56989575371965,3,Raman,Sodium Azide
1304.5920859794821,30.56989575371965,3,Raman,Sodium Azide
1306.3019052271618,30.559904645752816,3,Raman,Sodium Azide
1308.0117244748412,30.57005517852289,3,Raman,Sodium Azide
1309.721543722521,30.579895753719647,3,Raman,Sodium Azide
1311.4313629702003,30.560159141603975,3,Raman,Sodium Azide
1313.1411822178798,30.560167327152165,3,Raman,Sodium Azide
1314.8510014655594,30.559895753719648,3,Raman,Sodium Azide
1316.5608207132389,30.559930344133285,3,Raman,Sodium Azide
1318.2706399609185,30.56997679165539,3,Raman,Sodium Azide
1319.980459208598,30.55991836836412,3,Raman,Sodium Azide
1321.6902784562776,30.560054495926398,3,Raman,Sodium Azide
1323.400097703957,30.559895753719648,3,Raman,Sodium Azide
1325.1099169516365,30.56989575371965,3,Raman,Sodium Azide
1326.8197361993161,30.56000859423183,3,Raman,Sodium Azide
1328.5295554469956,30.559895753719648,3,Raman,Sodium Azide
1330.2393746946752,30.56005854462438,3,Raman,Sodium Azide
1331.9491939423547,30.560085640411526,3,Raman,Sodium Azide
1333.6590131900343,30.559895753719648,3,Raman,Sodium Azide
1335.3688324377138,30.560268734386838,3,Raman,Sodium Azide
1337.0786516853932,30.559895753719648,3,Raman,Sodium Azide
1338.7884709330729,30.559895753719648,3,Raman,Sodium Azide
1340.4982901807523,30.559895753719648,3,Raman,Sodium Azide
1342.208109428432,30.56001374800193,3,Raman,Sodium Azide
1343.9179286761114,30.559895753719648,3,Raman,Sodium Azide
1345.627747923791,30.559895753719648,3,Raman,Sodium Azide
1347.3375671714705,30.559985853635553,3,Raman,Sodium Azide
1349.04738641915,30.559895753719648,3,Raman,Sodium Azide
1350.7572056668296,30.570180677592177,3,Raman,Sodium Azide
1352.467024914509,30.55997723512021,3,Raman,Sodium Azide
1354.1768441621887,30.559966074349454,3,Raman,Sodium Azide
1355.886663409868,30.57016196384601,3,Raman,Sodium Azide
1357.5964826575478,30.559938278310376,3,Raman,Sodium Azide
1359.3063019052272,30.560101140784667,3,Raman,Sodium Azide
1361.0161211529066,30.56989575371965,3,Raman,Sodium Azide
1362.7259404005863,30.570327256057535,3,Raman,Sodium Azide
1364.4357596482657,30.559968467621825,3,Raman,Sodium Azide
1366.1455788959454,30.559895753719648,3,Raman,Sodium Azide
1367.8553981436248,30.559932443611054,3,Raman,Sodium Azide
1369.5652173913045,30.579945215051442,3,Raman,Sodium Azide
1371.275036638984,30.559929013895726,3,Raman,Sodium Azide
1372.9848558866634,30.56989575371965,3,Raman,Sodium Azide
1374.694675134343,30.559895753719648,3,Raman,Sodium Azide
1376.4044943820224,30.559895753719648,3,Raman,Sodium Azide
1378.114313629702,30.559895753719648,3,Raman,Sodium Azide
1379.8241328773815,30.569939883912326,3,Raman,Sodium Azide
1381.5339521250612,30.559895753719648,3,Raman,Sodium Azide
1383.2437713727406,30.56989575371965,3,Raman,Sodium Azide
1384.95359062042,30.559895753719648,3,Raman,Sodium Azide
1386.6634098680997,30.570257362545878,3,Raman,Sodium Azide
1388.3732291157792,30.55990673612374,3,Raman,Sodium Azide
1390.0830483634588,30.559895753719648,3,Raman,Sodium Azide
1391.7928676111383,30.560064879262207,3,Raman,Sodium Azide
1393.502686858818,30.559895753719648,3,Raman,Sodium Azide
1395.2125061064974,30.56020874148075,3,Raman,Sodium Azide
1396.9223253541768,30.559895753719648,3,Raman,Sodium Azide
1398.6321446018565,30.559895753719648,3,Raman,Sodium Azide
1400.341963849536,30.559895753719648,3,Raman,Sodium Azide
1402.0517830972155,30.56989575371965,3,Raman,Sodium Azide
1403.761602344895,30.560024459946515,3,Raman,Sodium Azide
1405.4714215925746,30.56989575371965,3,Raman,Sodium Azide
1407.181240840254,30.560221805921294,3,Raman,Sodium Azide
1408.8910600879335,30.559992724798125,3,Raman,Sodium Azide
1410.6008793356132,30.55995498218452,3,Raman,Sodium Azide
1412.3106985832926,30.559915357832033,3,Raman,Sodium Azide
1414.0205178309723,30.579895753719647,3,Raman,Sodium Azide
1415.7303370786517,30.56989575371965,3,Raman,Sodium Azide
1417.4401563263314,30.55997280139469,3,Raman,Sodium Azide
1419.1499755740108,30.560400319487673,3,Raman,Sodium Azide
1420.8597948216902,30.56007731524134,3,Raman,Sodium Azide
1422.56961406937,30.560010988289353,3,Raman,Sodium Azide
1424.2794333170493,30.56989575371965,3,Raman,Sodium Azide
1425.989252564729,30.560180523478262,3,Raman,Sodium Azide
1427.6990718124084,30.56010627365404,3,Raman,Sodium Azide
1429.408891060088,30.560201796453416,3,Raman,Sodium Azide
1431.1187103077675,30.56989575371965,3,Raman,Sodium Azide
1432.828529555447,30.559895753719648,3,Raman,Sodium Azide
1434.5383488031266,30.56989575371965,3,Raman,Sodium Azide
1436.248168050806,30.559895753719648,3,Raman,Sodium Azide
1437.9579872984857,30.559895753719648,3,Raman,Sodium Azide
1439.6678065461651,30.560018626266885,3,Raman,Sodium Azide
1441.3776257938448,30.559895753719648,3,Raman,Sodium Azide
1443.0874450415242,30.559895753719648,3,Raman,Sodium Azide
1444.7972642892037,30.559985024080362,3,Raman,Sodium Azide
1446.5070835368833,30.559895753719648,3,Raman,Sodium Azide
1448.2169027845628,30.559895753719648,3,Raman,Sodium Azide
1449.9267220322424,30.559984717171584,3,Raman,Sodium Azide
1451.6365412799219,30.559895753719648,3,Raman,Sodium Azide
1453.3463605276015,30.570236246680395,3,Raman,Sodium Azide
1455.056179775281,30.559895753719648,3,Raman,Sodium Azide
1456.7659990229604,30.559895753719648,3,Raman,Sodium Azide
1458.47581827064,30.559895753719648,3,Raman,Sodium Azide
1460.1856375183195,30.559895753719648,3,Raman,Sodium Azide
1461.8954567659991,30.569968653512323,3,Raman,Sodium Azide
1463.6052760136786,30.570107675054008,3,Raman,Sodium Azide
1465.3150952613582,30.5604602260789,3,Raman,Sodium Azide
1467.0249145090377,30.570047281983086,3,Raman,Sodium Azide
1468.734733756717,30.559895753719648,3,Raman,Sodium Azide
1470.4445530043968,30.56022115287739,3,Raman,Sodium Azide
1472.1543722520762,30.560023642404843,3,Raman,Sodium Azide
1473.8641914997559,30.55990363265049,3,Raman,Sodium Azide
1475.5740107474353,30.570175507528585,3,Raman,Sodium Azide
1477.283829995115,30.570515973889975,3,Raman,Sodium Azide
1478.9936492427944,30.559895753719648,3,Raman,Sodium Azide
1480.7034684904738,30.559895753719648,3,Raman,Sodium Azide
1482.4132877381535,30.56024358921665,3,Raman,Sodium Azide
1484.123106985833,30.56059144720836,3,Raman,Sodium Azide
1485.8329262335126,30.559934030407042,3,Raman,Sodium Azide
1487.542745481192,30.56990419349513,3,Raman,Sodium Azide
1489.2525647288717,30.559941154300137,3,Raman,Sodium Azide
1490.962383976551,30.560013717686253,3,Raman,Sodium Azide
1492.6722032242305,30.56989575371965,3,Raman,Sodium Azide
1494.3820224719102,30.569976166954,3,Raman,Sodium Azide
1496.0918417195896,30.559967672429696,3,Raman,Sodium Azide
1497.8016609672693,30.569952611342284,3,Raman,Sodium Azide
1499.5114802149487,30.569939802209376,3,Raman,Sodium Azide
1501.2212994626284,30.559921285739147,3,Raman,Sodium Azide
1502.9311187103078,30.56989575371965,3,Raman,Sodium Azide
1504.6409379579873,30.559895753719648,3,Raman,Sodium Azide
1506.350757205667,30.5601201141307,3,Raman,Sodium Azide
1508.0605764533464,30.560181520572357,3,Raman,Sodium Azide
1509.770395701026,30.559895753719648,3,Raman,Sodium Azide
1511.4802149487055,30.559895753719648,3,Raman,Sodium Azide
1513.190034196385,30.57008374785545,3,Raman,Sodium Azide
1514.8998534440645,30.5599674862788,3,Raman,Sodium Azide
1516.609672691744,30.56989575371965,3,Raman,Sodium Azide
1518.3194919394236,30.580121669089575,3,Raman,Sodium Azide
1520.029311187103,30.559895753719648,3,Raman,Sodium Azide
1521.7391304347827,30.56019996180506,3,Raman,Sodium Azide
1523.4489496824622,30.56989575371965,3,Raman,Sodium Azide
1525.1587689301418,30.559895753719648,3,Raman,Sodium Azide
1526.8685881778213,30.559895753719648,3,Raman,Sodium Azide
1528.5784074255007,30.56989575371965,3,Raman,Sodium Azide
1530.2882266731804,30.569976170998213,3,Raman,Sodium Azide
1531.9980459208598,30.560073637391845,3,Raman,Sodium Azide
1533.7078651685395,30.559895753719648,3,Raman,Sodium Azide
1535.417684416219,30.559895753719648,3,Raman,Sodium Azide
1537.1275036638986,30.559895753719648,3,Raman,Sodium Azide
1538.837322911578,30.58011759381154,3,Raman,Sodium Azide
1540.5471421592574,30.570085188326992,3,Raman,Sodium Azide
1542.256961406937,30.560176357890416,3,Raman,Sodium Azide
1543.9667806546165,30.579895753719647,3,Raman,Sodium Azide
1545.6765999022962,30.570070935088207,3,Raman,Sodium Azide
1547.3864191499756,30.559895753719648,3,Raman,Sodium Azide
1549.0962383976553,30.560021833641823,3,Raman,Sodium Azide
1550.8060576453347,30.559895753719648,3,Raman,Sodium Azide
1552.5158768930141,30.56989575371965,3,Raman,Sodium Azide
1554.2256961406938,30.55995675399867,3,Raman,Sodium Azide
1555.9355153883732,30.559943080938115,3,Raman,Sodium Azide
1557.645334636053,30.560134652818963,3,Raman,Sodium Azide
1559.3551538837323,30.559895753719648,3,Raman,Sodium Azide
1561.064973131412,30.560138707990696,3,Raman,Sodium Azide
1562.7747923790914,30.569930018023953,3,Raman,Sodium Azide
1564.4846116267709,30.580175573519853,3,Raman,Sodium Azide
1566.1944308744505,30.580172869492447,3,Raman,Sodium Azide
1567.90425012213,30.559895753719648,3,Raman,Sodium Azide
1569.6140693698096,30.560170509949415,3,Raman,Sodium Azide
1571.323888617489,30.560182140447928,3,Raman,Sodium Azide
1573.0337078651687,30.559895753719648,3,Raman,Sodium Azide
1574.7435271128481,30.559895753719648,3,Raman,Sodium Azide
1576.4533463605276,30.560098803012423,3,Raman,Sodium Azide
1578.1631656082072,30.55992574261849,3,Raman,Sodium Azide
1579.8729848558867,30.559895753719648,3,Raman,Sodium Azide
1581.5828041035663,30.57027262888844,3,Raman,Sodium Azide
1583.2926233512458,30.559975194188,3,Raman,Sodium Azide
1585.0024425989254,30.559895753719648,3,Raman,Sodium Azide
1586.7122618466049,30.559895753719648,3,Raman,Sodium Azide
1588.4220810942843,30.570168846140323,3,Raman,Sodium Azide
1590.131900341964,30.559905364179503,3,Raman,Sodium Azide
1591.8417195896434,30.56989575371965,3,Raman,Sodium Azide
1593.551538837323,30.57001443685302,3,Raman,Sodium Azide
1595.2613580850025,30.559895753719648,3,Raman,Sodium Azide
1596.9711773326821,30.559895753719648,3,Raman,Sodium Azide
1598.6809965803616,30.560162129869294,3,Raman,Sodium Azide
1600.390815828041,30.56020160859642,3,Raman,Sodium Azide
1602.1006350757207,30.560021929937168,3,Raman,Sodium Azide
1603.8104543234,30.56989575371965,3,Raman,Sodium Azide
1605.5202735710798,30.560380300039245,3,Raman,Sodium Azide
1607.2300928187592,30.560371362564226,3,Raman,Sodium Azide
1608.9399120664386,30.570229222769974,3,Raman,Sodium Azide
1610.6497313141183,30.55997549030988,3,Raman,Sodium Azide
1612.3595505617977,30.55991981655378,3,Raman,Sodium Azide
1614.0693698094774,30.560010442738687,3,Raman,Sodium Azide
1615.7791890571568,30.559895753719648,3,Raman,Sodium Azide
1617.4890083048365,30.56989575371965,3,Raman,Sodium Azide
1619.198827552516,30.559895753719648,3,Raman,Sodium Azide
1620.9086468001954,30.560054908230835,3,Raman,Sodium Azide
1622.618466047875,30.559960643213536,3,Raman,Sodium Azide
1624.3282852955545,30.559895753719648,3,Raman,Sodium Azide
1626.038104543234,30.56989575371965,3,Raman,Sodium Azide
1627.7479237909135,30.5699890563296,3,Raman,Sodium Azide
1629.4577430385932,30.559895753719648,3,Raman,Sodium Azide
1631.1675622862726,30.559895753719648,3,Raman,Sodium Azide
1632.877381533952,30.56044475500228,3,Raman,Sodium Azide
1634.5872007816317,30.560500565040382,3,Raman,Sodium Azide
1636.2970200293112,30.56989575371965,3,Raman,Sodium Azide
1638.0068392769908,30.559895753719648,3,Raman,Sodium Azide
1639.7166585246703,30.5602129231033,3,Raman,Sodium Azide
1641.42647777235,30.5799839377286,3,Raman,Sodium Azide
1643.1362970200294,30.560097522362312,3,Raman,Sodium Azide
1644.8461162677088,30.559895753719648,3,Raman,Sodium Azide
1646.5559355153885,30.56989575371965,3,Raman,Sodium Azide
1648.265754763068,30.559895753719648,3,Raman,Sodium Azide
1649.9755740107476,30.569941574848727,3,Raman,Sodium Azide
1651.685393258427,30.559895753719648,3,Raman,Sodium Azide
1653.3952125061066,30.56023537247461,3,Raman,Sodium Azide
1655.105031753786,30.559895753719648,3,Raman,Sodium Azide
1656.8148510014655,30.57000307865209,3,Raman,Sodium Azide
1658.5246702491452,30.56992899812688,3,Raman,Sodium Azide
1660.2344894968246,30.570214995202516,3,Raman,Sodium Azide
1661.9443087445043,30.559895753719648,3,Raman,Sodium Azide
1663.6541279921837,30.570080707802358,3,Raman,Sodium Azide
1665.3639472398634,30.560020834157722,3,Raman,Sodium Azide
1667.0737664875428,30.55995984986822,3,Raman,Sodium Azide
1668.7835857352222,30.559895753719648,3,Raman,Sodium Azide
1670.493404982902,30.559895753719648,3,Raman,Sodium Azide
1672.2032242305813,30.56989575371965,3,Raman,Sodium Azide
1673.913043478261,30.559895753719648,3,Raman,Sodium Azide
1675.6228627259404,30.56022579558562,3,Raman,Sodium Azide
1677.33268197362,30.559931420878385,3,Raman,Sodium Azide
1679.0425012212995,30.57010397882607,3,Raman,Sodium Azide
1680.752320468979,30.559895753719648,3,Raman,Sodium Azide
1682.4621397166586,30.559895753719648,3,Raman,Sodium Azide
1684.171958964338,30.559895753719648,3,Raman,Sodium Azide
1685.8817782120177,30.559895753719648,3,Raman,Sodium Azide
1687.5915974596971,30.559906369870728,3,Raman,Sodium Azide
1689.3014167073768,30.559895753719648,3,Raman,Sodium Azide
1691.0112359550562,30.559976078950776,3,Raman,Sodium Azide
1692.7210552027357,30.559895753719648,3,Raman,Sodium Azide
1694.4308744504153,30.560042793679347,3,Raman,Sodium Azide
1696.1406936980948,30.559895753719648,3,Raman,Sodium Azide
1697.8505129457744,30.56989575371965,3,Raman,Sodium Azide
1699.5603321934539,30.56011913616652,3,Raman,Sodium Azide
1701.2701514411335,30.559895753719648,3,Raman,Sodium Azide
1702.979970688813,30.570255202240375,3,Raman,Sodium Azide
1704.6897899364924,30.559895753719648,3,Raman,Sodium Azide
1706.399609184172,30.559895753719648,3,Raman,Sodium Azide
1708.1094284318515,30.56989575371965,3,Raman,Sodium Azide
1709.8192476795311,30.559895753719648,3,Raman,Sodium Azide
1711.5290669272106,30.569928946089053,3,Raman,Sodium Azide
1713.2388861748902,30.580001304560316,3,Raman,Sodium Azide
1714.9487054225697,30.570041010935793,3,Raman,Sodium Azide
1716.658524670249,30.559895753719648,3,Raman,Sodium Azide
1718.3683439179288,30.559895753719648,3,Raman,Sodium Azide
1720.0781631656082,30.560347058668537,3,Raman,Sodium Azide
1721.7879824132879,30.559895753719648,3,Raman,Sodium Azide
1723.4978016609673,30.56989575371965,3,Raman,Sodium Azide
1725.207620908647,30.559895753719648,3,Raman,Sodium Azide
1726.9174401563264,30.559895753719648,3,Raman,Sodium Azide
1728.6272594040058,30.559895753719648,3,Raman,Sodium Azide
1730.3370786516855,30.5700464190341,3,Raman,Sodium Azide
1732.046897899365,30.559895753719648,3,Raman,Sodium Azide
1733.7567171470446,30.56989575371965,3,Raman,Sodium Azide
1735.466536394724,30.570356449594218,3,Raman,Sodium Azide
1737.1763556424037,30.57014314574739,3,Raman,Sodium Azide
1738.886174890083,30.570317931144167,3,Raman,Sodium Azide
1740.5959941377625,30.559895753719648,3,Raman,Sodium Azide
1742.3058133854422,30.57008700683667,3,Raman,Sodium Azide
1744.0156326331216,30.570001466909005,3,Raman,Sodium Azide
1745.7254518808013,30.559895753719648,3,Raman,Sodium Azide
1747.4352711284807,30.559895753719648,3,Raman,Sodium Azide
1749.1450903761604,30.58017981917724,3,Raman,Sodium Azide
1750.8549096238398,30.559895753719648,3,Raman,Sodium Azide
1752.5647288715193,30.559931576515964,3,Raman,Sodium Azide
1754.274548119199,30.560134926145228,3,Raman,Sodium Azide
1755.9843673668784,30.559895753719648,3,Raman,Sodium Azide
1757.694186614558,30.56989575371965,3,Raman,Sodium Azide
1759.4040058622375,30.570554538099785,3,Raman,Sodium Azide
1761.1138251099171,30.559895753719648,3,Raman,Sodium Azide
1762.8236443575965,30.570319109437328,3,Raman,Sodium Azide
1764.533463605276,30.559895753719648,3,Raman,Sodium Azide
1766.2432828529556,30.559895753719648,3,Raman,Sodium Azide
1767.953102100635,30.559895753719648,3,Raman,Sodium Azide
1769.6629213483147,30.559895753719648,3,Raman,Sodium Azide
1771.3727405959942,30.560246119217275,3,Raman,Sodium Azide
1773.0825598436738,30.560093818051094,3,Raman,Sodium Azide
1774.7923790913533,30.559895753719648,3,Raman,Sodium Azide
1776.5021983390327,30.56989575371965,3,Raman,Sodium Azide
1778.2120175867124,30.559901289502406,3,Raman,Sodium Azide
1779.9218368343918,30.569930664107133,3,Raman,Sodium Azide
1781.6316560820715,30.57022533209883,3,Raman,Sodium Azide
1783.341475329751,30.56989575371965,3,Raman,Sodium Azide
1785.0512945774306,30.559895753719648,3,Raman,Sodium Azide
1786.76111382511,30.559895753719648,3,Raman,Sodium Azide
1788.4709330727894,30.56989575371965,3,Raman,Sodium Azide
1790.180752320469,30.559919720739565,3,Raman,Sodium Azide
1791.8905715681485,30.56001064973088,3,Raman,Sodium Azide
1793.6003908158282,30.559895753719648,3,Raman,Sodium Azide
1795.3102100635076,30.559941166787308,3,Raman,Sodium Azide
1797.0200293111873,30.55996018959803,3,Raman,Sodium Azide
1798.7298485588667,30.559915557679712,3,Raman,Sodium Azide
1800.4396678065461,30.559895753719648,3,Raman,Sodium Azide
1802.1494870542258,30.559895753719648,3,Raman,Sodium Azide
1803.8593063019052,30.570044606495475,3,Raman,Sodium Azide
1805.569125549585,30.559895753719648,3,Raman,Sodium Azide
1807.2789447972643,30.560056533163756,3,Raman,Sodium Azide
1808.988764044944,30.56022313152532,3,Raman,Sodium Azide
1810.6985832926234,30.559895753719648,3,Raman,Sodium Azide
1812.4084025403029,30.56004856036583,3,Raman,Sodium Azide
1814.1182217879825,30.579895753719647,3,Raman,Sodium Azide
1815.828041035662,30.559895753719648,3,Raman,Sodium Azide
1817.5378602833416,30.559895753719648,3,Raman,Sodium Azide
1819.247679531021,30.560093885910586,3,Raman,Sodium Azide
1820.9574987787007,30.560055013482085,3,Raman,Sodium Azide
1822.6673180263801,30.569964491910554,3,Raman,Sodium Azide
1824.3771372740596,30.56989575371965,3,Raman,Sodium Azide
1826.0869565217392,30.56989575371965,3,Raman,Sodium Azide
1827.7967757694187,30.560134683830135,3,Raman,Sodium Azide
1829.5065950170983,30.560091278328272,3,Raman,Sodium Azide
1831.2164142647778,30.56989575371965,3,Raman,Sodium Azide
1832.9262335124574,30.559986799345282,3,Raman,Sodium Azide
1834.6360527601369,30.559895753719648,3,Raman,Sodium Azide
1836.3458720078163,30.560180284007924,3,Raman,Sodium Azide
1838.055691255496,30.559917753440327,3,Raman,Sodium Azide
1839.7655105031754,30.56013156741717,3,Raman,Sodium Azide
1841.475329750855,30.559895753719648,3,Raman,Sodium Azide
1843.1851489985345,30.5699704824146,3,Raman,Sodium Azide
1844.8949682462141,30.56989575371965,3,Raman,Sodium Azide
1846.6047874938936,30.559895753719648,3,Raman,Sodium Azide
1848.314606741573,30.559895753719648,3,Raman,Sodium Azide
1850.0244259892527,30.56013760887152,3,Raman,Sodium Azide
1851.734245236932,30.560353885587393,3,Raman,Sodium Azide
1853.4440644846118,30.559895753719648,3,Raman,Sodium Azide
1855.1538837322912,30.560077430697287,3,Raman,Sodium Azide
1856.8637029799709,30.57006652066901,3,Raman,Sodium Azide
1858.5735222276503,30.579895753719647,3,Raman,Sodium Azide
1860.2833414753297,30.56989575371965,3,Raman,Sodium Azide
1861.9931607230094,30.570204886719143,3,Raman,Sodium Azide
1863.7029799706888,30.56017729743911,3,Raman,Sodium Azide
1865.4127992183685,30.56001405225605,3,Raman,Sodium Azide
1867.122618466048,30.579895753719647,3,Raman,Sodium Azide
1868.8324377137276,30.560181051096997,3,Raman,Sodium Azide
1870.542256961407,30.56989575371965,3,Raman,Sodium Azide
1872.2520762090865,30.560267743404623,3,Raman,Sodium Azide
1873.9618954567661,30.56032312550994,3,Raman,Sodium Azide
1875.6717147044455,30.570205138600596,3,Raman,Sodium Azide
1877.3815339521252,30.55998559971311,3,Raman,Sodium Azide
1879.0913531998046,30.559895753719648,3,Raman,Sodium Azide
1880.8011724474843,30.559895753719648,3,Raman,Sodium Azide
1882.5109916951637,30.570357853062752,3,Raman,Sodium Azide
1884.2208109428432,30.56014115394314,3,Raman,Sodium Azide
1885.9306301905228,30.570009812822047,3,Raman,Sodium Azide
1887.6404494382023,30.56989575371965,3,Raman,Sodium Azide
1889.350268685882,30.570164018108223,3,Raman,Sodium Azide
1891.0600879335614,30.559895753719648,3,Raman,Sodium Azide
1892.769907181241,30.56989575371965,3,Raman,Sodium Azide
1894.4797264289205,30.560351305865304,3,Raman,Sodium Azide
1896.1895456766,30.559895753719648,3,Raman,Sodium Azide
1897.8993649242796,30.5600553252063,3,Raman,Sodium Azide
1899.609184171959,30.559895753719648,3,Raman,Sodium Azide
1901.3190034196386,30.559895753719648,3,Raman,Sodium Azide
1903.028822667318,30.559942834873052,3,Raman,Sodium Azide
1904.7386419149975,30.56998842348129,3,Raman,Sodium Azide
1906.4484611626772,30.56043704964523,3,Raman,Sodium Azide
1908.1582804103566,30.559895753719648,3,Raman,Sodium Azide
1909.8680996580363,30.560051460626877,3,Raman,Sodium Azide
1911.5779189057157,30.560044116656588,3,Raman,Sodium Azide
1913.2877381533954,30.559895753719648,3,Raman,Sodium Azide
1914.9975574010748,30.57014609182153,3,Raman,Sodium Azide
1916.7073766487542,30.580070760929008,3,Raman,Sodium Azide
1918.417195896434,30.56989575371965,3,Raman,Sodium Azide
1920.1270151441133,30.55994682037085,3,Raman,Sodium Azide
1921.836834391793,30.559895753719648,3,Raman,Sodium Azide
1923.5466536394724,30.579895753719647,3,Raman,Sodium Azide
1925.256472887152,30.559895753719648,3,Raman,Sodium Azide
1926.9662921348315,30.560091517545455,3,Raman,Sodium Azide
1928.676111382511,30.559895753719648,3,Raman,Sodium Azide
1930.3859306301906,30.559895753719648,3,Raman,Sodium Azide
1932.09574987787,30.56989575371965,3,Raman,Sodium Azide
1933.8055691255497,30.560112756784413,3,Raman,Sodium Azide
1935.5153883732291,30.559895753719648,3,Raman,Sodium Azide
1937.2252076209088,30.56012132434902,3,Raman,Sodium Azide
1938.9350268685882,30.56002986869214,3,Raman,Sodium Azide
1940.6448461162677,30.559895753719648,3,Raman,Sodium Azide
1942.3546653639473,30.56989575371965,3,Raman,Sodium Azide
1944.0644846116268,30.56006235230556,3,Raman,Sodium Azide
1945.7743038593064,30.559895753719648,3,Raman,Sodium Azide
1947.4841231069859,30.559895753719648,3,Raman,Sodium Azide
1949.1939423546655,30.56989575371965,3,Raman,Sodium Azide
1950.903761602345,30.579895753719647,3,Raman,Sodium Azide
1952.6135808500244,30.580167492907893,3,Raman,Sodium Azide
1954.323400097704,30.560104807389273,3,Raman,Sodium Azide
1956.0332193453835,30.56989575371965,3,Raman,Sodium Azide
1957.7430385930631,30.560165190727425,3,Raman,Sodium Azide
1959.4528578407426,30.560069503426266,3,Raman,Sodium Azide
1961.1626770884222,30.56022963457795,3,Raman,Sodium Azide
1962.8724963361017,30.56989575371965,3,Raman,Sodium Azide
1964.582315583781,30.57003695817381,3,Raman,Sodium Azide
1966.2921348314608,30.5607784828935,3,Raman,Sodium Azide
1968.0019540791402,30.559895753719648,3,Raman,Sodium Azide
1969.7117733268199,30.559895753719648,3,Raman,Sodium Azide
1971.4215925744993,30.559895753719648,3,Raman,Sodium Azide
1973.131411822179,30.56989575371965,3,Raman,Sodium Azide
1974.8412310698584,30.560041936640705,3,Raman,Sodium Azide
1976.5510503175378,30.5599110532676,3,Raman,Sodium Azide
1978.2608695652175,30.559895753719648,3,Raman,Sodium Azide
1979.970688812897,30.569900566238267,3,Raman,Sodium Azide
1981.6805080605766,30.559895753719648,3,Raman,Sodium Azide
1983.390327308256,30.559895753719648,3,Raman,Sodium Azide
1985.1001465559357,30.56019557485955,3,Raman,Sodium Azide
1986.8099658036151,30.559895753719648,3,Raman,Sodium Azide
1988.5197850512945,30.559996193632784,3,Raman,Sodium Azide
1990.2296042989742,30.559895753719648,3,Raman,Sodium Azide
1991.9394235466536,30.570026441926075,3,Raman,Sodium Azide
1993.6492427943333,30.559895753719648,3,Raman,Sodium Azide
1995.3590620420127,30.579895753719647,3,Raman,Sodium Azide
1997.0688812896924,30.559895753719648,3,Raman,Sodium Azide
1998.7787005373718,30.559895753719648,3,Raman,Sodium Azide
2000.4885197850513,30.560092341759496,3,Raman,Sodium Azide
2002.198339032731,30.56991950874443,3,Raman,Sodium Azide
2003.9081582804104,30.559895753719648,3,Raman,Sodium Azide
2005.61797752809,30.570010624021375,3,Raman,Sodium Azide
2007.3277967757695,30.56989575371965,3,Raman,Sodium Azide
2009.0376160234491,30.559895753719648,3,Raman,Sodium Azide
2010.7474352711286,30.55989967183475,3,Raman,Sodium Azide
2012.457254518808,30.579895753719647,3,Raman,Sodium Azide
2014.1670737664876,30.57020778919628,3,Raman,Sodium Azide
2015.876893014167,30.559940158994657,3,Raman,Sodium Azide
2017.5867122618467,30.560059692049688,3,Raman,Sodium Azide
2019.2965315095262,30.570070366856612,3,Raman,Sodium Azide
2021.0063507572058,30.559895753719648,3,Raman,Sodium Azide
2022.7161700048853,30.559895753719648,3,Raman,Sodium Azide
2024.4259892525647,30.559895753719648,3,Raman,Sodium Azide
2026.1358085002444,30.570122846254012,3,Raman,Sodium Azide
2027.8456277479238,30.56989575371965,3,Raman,Sodium Azide
2029.5554469956035,30.560050526922605,3,Raman,Sodium Azide
2031.265266243283,30.559895753719648,3,Raman,Sodium Azide
2032.9750854909626,30.56989575371965,3,Raman,Sodium Azide
2034.684904738642,30.559895753719648,3,Raman,Sodium Azide
2036.3947239863214,30.560304839803848,3,Raman,Sodium Azide
2038.104543234001,30.559895753719648,3,Raman,Sodium Azide
2039.8143624816805,30.559895753719648,3,Raman,Sodium Azide
2041.5241817293602,30.56013602763331,3,Raman,Sodium Azide
2043.2340009770396,30.579895753719647,3,Raman,Sodium Azide
2044.9438202247193,30.559895753719648,3,Raman,Sodium Azide
2046.6536394723987,30.56989575371965,3,Raman,Sodium Azide
2048.363458720078,30.559895753719648,3,Raman,Sodium Azide
2050.073277967758,30.559895753719648,3,Raman,Sodium Azide
2051.7830972154375,30.56989575371965,3,Raman,Sodium Azide
2053.4929164631167,30.560073593407754,3,Raman,Sodium Azide
2055.2027357107963,30.559895753719648,3,Raman,Sodium Azide
2056.912554958476,30.559895753719648,3,Raman,Sodium Azide
2058.622374206155,30.560143488357607,3,Raman,Sodium Azide
2060.332193453835,30.560342527187583,3,Raman,Sodium Azide
2062.0420127015145,30.560145855118346,3,Raman,Sodium Azide
2063.751831949194,30.559895753719648,3,Raman,Sodium Azide
2065.4616511968734,30.559895753719648,3,Raman,Sodium Azide
2067.171470444553,30.560010220162532,3,Raman,Sodium Azide
2068.8812896922327,30.55994060226701,3,Raman,Sodium Azide
2070.591108939912,30.559895753719648,3,Raman,Sodium Azide
2072.3009281875916,30.559970806826016,3,Raman,Sodium Azide
2074.0107474352712,30.559921707858866,3,Raman,Sodium Azide
2075.720566682951,30.560282700302572,3,Raman,Sodium Azide
2077.43038593063,30.559895753719648,3,Raman,Sodium Azide
2079.1402051783098,30.56025879613058,3,Raman,Sodium Azide
2080.8500244259894,30.560270265331493,3,Raman,Sodium Azide
2082.5598436736686,30.559895753719648,3,Raman,Sodium Azide
2084.2696629213483,30.56998850126594,3,Raman,Sodium Azide
2085.979482169028,30.56989575371965,3,Raman,Sodium Azide
2087.6893014167076,30.56989575371965,3,Raman,Sodium Azide
2089.399120664387,30.559960283538093,3,Raman,Sodium Azide
2091.1089399120665,30.559895753719648,3,Raman,Sodium Azide
2092.818759159746,30.56989575371965,3,Raman,Sodium Azide
2094.5285784074254,30.56989575371965,3,Raman,Sodium Azide
2096.238397655105,30.560204942252714,3,Raman,Sodium Azide
2097.9482169027847,30.579895753719647,3,Raman,Sodium Azide
2099.6580361504643,30.559895753719648,3,Raman,Sodium Azide
2101.3678553981435,30.560103314661433,3,Raman,Sodium Azide
2103.077674645823,30.559895753719648,3,Raman,Sodium Azide
2104.787493893503,30.56001076783914,3,Raman,Sodium Azide
2106.497313141182,30.560332939013,3,Raman,Sodium Azide
2108.2071323888617,30.559919782599295,3,Raman,Sodium Azide
2109.9169516365414,30.56989575371965,3,Raman,Sodium Azide
2111.626770884221,30.559895753719648,3,Raman,Sodium Azide
2113.3365901319003,30.560055558022004,3,Raman,Sodium Azide
2115.04640937958,30.569925159423747,3,Raman,Sodium Azide
2116.7562286272596,30.55996714121484,3,Raman,Sodium Azide
2118.466047874939,30.569998594457804,3,Raman,Sodium Azide
2120.1758671226185,30.56989575371965,3,Raman,Sodium Azide
2121.885686370298,30.559895753719648,3,Raman,Sodium Azide
2123.595505617978,30.579895753719647,3,Raman,Sodium Azide
2125.305324865657,30.55999861031625,3,Raman,Sodium Azide
2127.0151441133366,30.559895753719648,3,Raman,Sodium Azide
2128.7249633610163,30.570434105906482,3,Raman,Sodium Azide
2130.4347826086955,30.559895753719648,3,Raman,Sodium Azide
2132.144601856375,30.559895753719648,3,Raman,Sodium Azide
2133.854421104055,30.570040753896084,3,Raman,Sodium Azide
2135.5642403517345,30.560018209160923,3,Raman,Sodium Azide
2137.2740595994137,30.559895753719648,3,Raman,Sodium Azide
2138.9838788470934,30.570072827102692,3,Raman,Sodium Azide
2140.693698094773,30.57004442564346,3,Raman,Sodium Azide
2142.4035173424522,30.55989583957337,3,Raman,Sodium Azide
2144.113336590132,30.569966034482942,3,Raman,Sodium Azide
2145.8231558378116,30.56989575371965,3,Raman,Sodium Azide
2147.532975085491,30.56989575371965,3,Raman,Sodium Azide
2149.2427943331704,30.559895753719648,3,Raman,Sodium Azide
2150.95261358085,30.570396537474732,3,Raman,Sodium Azide
2152.6624328285297,30.559895753719648,3,Raman,Sodium Azide
2154.372252076209,30.56989575371965,3,Raman,Sodium Azide
2156.0820713238886,30.57026848067582,3,Raman,Sodium Azide
2157.7918905715683,30.560042437134815,3,Raman,Sodium Azide
2159.501709819248,30.559902404089083,3,Raman,Sodium Azide
2161.211529066927,30.570147722460128,3,Raman,Sodium Azide
2162.921348314607,30.579895753719647,3,Raman,Sodium Azide
2164.6311675622865,30.560347448780483,3,Raman,Sodium Azide
2166.3409868099657,30.560064001477,3,Raman,Sodium Azide
2168.0508060576453,30.559895753719648,3,Raman,Sodium Azide
2169.760625305325,30.559895753719648,3,Raman,Sodium Azide
2171.4704445530047,30.56989575371965,3,Raman,Sodium Azide
2173.180263800684,30.57010412367693,3,Raman,Sodium Azide
2174.8900830483635,30.560043324446635,3,Raman,Sodium Azide
2176.599902296043,30.559895753719648,3,Raman,Sodium Azide
2178.3097215437224,30.57021003121909,3,Raman,Sodium Azide
2180.019540791402,30.56989575371965,3,Raman,Sodium Azide
2181.7293600390817,30.580582535827283,3,Raman,Sodium Azide
2183.4391792867614,30.559895753719648,3,Raman,Sodium Azide
2185.1489985344406,30.56006378868195,3,Raman,Sodium Azide
2186.8588177821202,30.56989575371965,3,Raman,Sodium Azide
2188.5686370298,30.559895753719648,3,Raman,Sodium Azide
2190.278456277479,30.56989575371965,3,Raman,Sodium Azide
2191.9882755251588,30.559991883196744,3,Raman,Sodium Azide
2193.6980947728384,30.559911074127477,3,Raman,Sodium Azide
2195.407914020518,30.560073209467703,3,Raman,Sodium Azide
2197.1177332681973,30.580054700467752,3,Raman,Sodium Azide
2198.827552515877,30.57027575083293,3,Raman,Sodium Azide
2200.5373717635566,30.559895753719648,3,Raman,Sodium Azide
2202.247191011236,30.559895753719648,3,Raman,Sodium Azide
2203.9570102589155,30.579895753719647,3,Raman,Sodium Azide
2205.666829506595,30.559895753719648,3,Raman,Sodium Azide
2207.376648754275,30.56012458299939,3,Raman,Sodium Azide
2209.086468001954,30.56989575371965,3,Raman,Sodium Azide
2210.7962872496337,30.559895753719648,3,Raman,Sodium Azide
2212.5061064973133,30.559895753719648,3,Raman,Sodium Azide
2214.2159257449925,30.560357972570387,3,Raman,Sodium Azide
2215.925744992672,30.56044752397836,3,Raman,Sodium Azide
2217.635564240352,30.559895753719648,3,Raman,Sodium Azide
2219.3453834880315,30.559895753719648,3,Raman,Sodium Azide
2221.0552027357107,30.56989575371965,3,Raman,Sodium Azide
2222.7650219833904,30.559895753719648,3,Raman,Sodium Azide
2224.47484123107,30.559895753719648,3,Raman,Sodium Azide
2226.1846604787493,30.559895753719648,3,Raman,Sodium Azide
2227.894479726429,30.56010938910548,3,Raman,Sodium Azide
2229.6042989741086,30.559895753719648,3,Raman,Sodium Azide
2231.3141182217882,30.559951658052423,3,Raman,Sodium Azide
2233.0239374694675,30.57006456714453,3,Raman,Sodium Azide
2234.733756717147,30.56995324618013,3,Raman,Sodium Azide
2236.443575964827,30.560072688566837,3,Raman,Sodium Azide
2238.153395212506,30.559895753719648,3,Raman,Sodium Azide
2239.8632144601856,30.559925777801322,3,Raman,Sodium Azide
2241.5730337078653,30.56995596167614,3,Raman,Sodium Azide
2243.282852955545,30.559895753719648,3,Raman,Sodium Azide
2244.992672203224,30.559895753719648,3,Raman,Sodium Azide
2246.702491450904,30.570016532154778,3,Raman,Sodium Azide
2248.4123106985835,30.559927990803583,3,Raman,Sodium Azide
2250.1221299462627,30.559895753719648,3,Raman,Sodium Azide
2251.8319491939424,30.56989575371965,3,Raman,Sodium Azide
2253.541768441622,30.559895753719648,3,Raman,Sodium Azide
2255.2515876893017,30.559895753719648,3,Raman,Sodium Azide
2256.961406936981,30.559895753719648,3,Raman,Sodium Azide
2258.6712261846606,30.56989575371965,3,Raman,Sodium Azide
2260.38104543234,30.559895753719648,3,Raman,Sodium Azide
2262.0908646800194,30.569991173758105,3,Raman,Sodium Azide
2263.800683927699,30.56011038620171,3,Raman,Sodium Azide
2265.5105031753787,30.559895753719648,3,Raman,Sodium Azide
2267.2203224230584,30.56989575371965,3,Raman,Sodium Azide
2268.9301416707376,30.559933488388193,3,Raman,Sodium Azide
2270.6399609184173,30.570153217815403,3,Raman,Sodium Azide
2272.349780166097,30.56989575371965,3,Raman,Sodium Azide
2274.059599413776,30.56001698412939,3,Raman,Sodium Azide
2275.769418661456,30.56999281142438,3,Raman,Sodium Azide
2277.4792379091355,30.56989575371965,3,Raman,Sodium Azide
2279.189057156815,30.560080795186476,3,Raman,Sodium Azide
2280.8988764044943,30.559895753719648,3,Raman,Sodium Azide
2282.608695652174,30.56017373569925,3,Raman,Sodium Azide
2284.3185148998537,30.559895753719648,3,Raman,Sodium Azide
2286.028334147533,30.559895753719648,3,Raman,Sodium Azide
2287.7381533952125,30.57011280430613,3,Raman,Sodium Azide
2289.447972642892,30.559895753719648,3,Raman,Sodium Azide
2291.157791890572,30.569957103619693,3,Raman,Sodium Azide
2292.867611138251,30.570117041517683,3,Raman,Sodium Azide
2294.5774303859307,30.560379611332944,3,Raman,Sodium Azide
2296.2872496336104,30.559895753719648,3,Raman,Sodium Azide
2297.9970688812896,30.569942868055207,3,Raman,Sodium Azide
2299.7068881289692,30.559906395893982,3,Raman,Sodium Azide
2301.416707376649,30.559895753719648,3,Raman,Sodium Azide
2303.1265266243286,30.56989575371965,3,Raman,Sodium Azide
2304.8363458720078,30.559895753719648,3,Raman,Sodium Azide
2306.5461651196874,30.56989575371965,3,Raman,Sodium Azide
2308.255984367367,30.559985090638087,3,Raman,Sodium Azide
2309.9658036150463,30.560226005738652,3,Raman,Sodium Azide
2311.675622862726,30.559895753719648,3,Raman,Sodium Azide
2313.3854421104056,30.560295961971164,3,Raman,Sodium Azide
2315.0952613580853,30.559895753719648,3,Raman,Sodium Azide
2316.8050806057645,30.55995081448569,3,Raman,Sodium Azide
2318.514899853444,30.559895753719648,3,Raman,Sodium Azide
2320.224719101124,30.559895753719648,3,Raman,Sodium Azide
2321.934538348803,30.559895753719648,3,Raman,Sodium Azide
2323.6443575964827,30.56989575371965,3,Raman,Sodium Azide
2325.3541768441623,30.559895753719648,3,Raman,Sodium Azide
2327.063996091842,30.559895753719648,3,Raman,Sodium Azide
2328.773815339521,30.560095175496457,3,Raman,Sodium Azide
2330.483634587201,30.559895753719648,3,Raman,Sodium Azide
2332.1934538348805,30.559895753719648,3,Raman,Sodium Azide
2333.9032730825597,30.559895753719648,3,Raman,Sodium Azide
2335.6130923302394,30.579895753719647,3,Raman,Sodium Azide
2337.322911577919,30.570326928319496,3,Raman,Sodium Azide
2339.0327308255987,30.559895753719648,3,Raman,Sodium Azide
2340.742550073278,30.559895753719648,3,Raman,Sodium Azide
2342.4523693209576,30.5603264391254,3,Raman,Sodium Azide
2344.1621885686372,30.560085593122057,3,Raman,Sodium Azide
2345.8720078163165,30.569923628507958,3,Raman,Sodium Azide
2347.581827063996,30.559895753719648,3,Raman,Sodium Azide
2349.291646311676,30.560096456282103,3,Raman,Sodium Azide
2351.0014655593554,30.559895753719648,3,Raman,Sodium Azide
2352.7112848070346,30.560077277450276,3,Raman,Sodium Azide
2354.4211040547143,30.55996127449499,3,Raman,Sodium Azide
2356.130923302394,30.5601549670569,3,Raman,Sodium Azide
2357.840742550073,30.559895753719648,3,Raman,Sodium Azide
2359.550561797753,30.559895753719648,3,Raman,Sodium Azide
2361.2603810454325,30.559895753719648,3,Raman,Sodium Azide
2362.970200293112,30.559895753719648,3,Raman,Sodium Azide
2364.6800195407914,30.560007055735124,3,Raman,Sodium Azide
2366.389838788471,30.559895753719648,3,Raman,Sodium Azide
2368.0996580361507,30.559895753719648,3,Raman,Sodium Azide
2369.80947728383,30.559895753719648,3,Raman,Sodium Azide
2371.5192965315096,30.559895753719648,3,Raman,Sodium Azide
2373.229115779189,30.570122434603253,3,Raman,Sodium Azide
2374.938935026869,30.56989575371965,3,Raman,Sodium Azide
2376.648754274548,30.570113425915572,3,Raman,Sodium Azide
2378.3585735222277,30.58059332787492,3,Raman,Sodium Azide
2380.0683927699074,30.559895753719648,3,Raman,Sodium Azide
2381.7782120175866,30.559895753719648,3,Raman,Sodium Azide
2383.4880312652663,30.559895753719648,3,Raman,Sodium Azide
2385.197850512946,30.570387686036156,3,Raman,Sodium Azide
2386.9076697606256,30.570180273595245,3,Raman,Sodium Azide
2388.617489008305,30.559895753719648,3,Raman,Sodium Azide
2390.3273082559845,30.56989575371965,3,Raman,Sodium Azide
2392.037127503664,30.56009867235059,3,Raman,Sodium Azide
2393.7469467513433,30.56002133295941,3,Raman,Sodium Azide
2395.456765999023,30.57010146293177,3,Raman,Sodium Azide
2397.1665852467027,30.56989575371965,3,Raman,Sodium Azide
2398.8764044943823,30.55999752034282,3,Raman,Sodium Azide
2400.5862237420615,30.559895753719648,3,Raman,Sodium Azide
2402.296042989741,30.56026055434621,3,Raman,Sodium Azide
2404.005862237421,30.559895753719648,3,Raman,Sodium Azide
2405.7156814851,30.559895753719648,3,Raman,Sodium Azide
2407.4255007327797,30.559895753719648,3,Raman,Sodium Azide
2409.1353199804594,30.559895753719648,3,Raman,Sodium Azide
2410.845139228139,30.559895753719648,3,Raman,Sodium Azide
2412.5549584758182,30.559895753719648,3,Raman,Sodium Azide
2414.264777723498,30.560175497079484,3,Raman,Sodium Azide
2415.9745969711776,30.559895753719648,3,Raman,Sodium Azide
2417.6844162188568,30.559895753719648,3,Raman,Sodium Azide
2419.3942354665364,30.569910532613036,3,Raman,Sodium Azide
2421.104054714216,30.570314141973153,3,Raman,Sodium Azide
2422.8138739618958,30.559926239778072,3,Raman,Sodium Azide
2424.523693209575,30.559895753719648,3,Raman,Sodium Azide
2426.2335124572546,30.559895753719648,3,Raman,Sodium Azide
2427.9433317049343,30.560052585446414,3,Raman,Sodium Azide
2429.6531509526135,30.559895753719648,3,Raman,Sodium Azide
2431.362970200293,30.570328268910405,3,Raman,Sodium Azide
2433.072789447973,30.559895753719648,3,Raman,Sodium Azide
2434.7826086956525,30.560159566443687,3,Raman,Sodium Azide
2436.4924279433317,30.559895753719648,3,Raman,Sodium Azide
2438.2022471910113,30.559895753719648,3,Raman,Sodium Azide
2439.912066438691,30.559895753719648,3,Raman,Sodium Azide
2441.62188568637,30.56010376200083,3,Raman,Sodium Azide
2443.33170493405,30.559895753719648,3,Raman,Sodium Azide
2445.0415241817295,30.56006321227182,3,Raman,Sodium Azide
2446.751343429409,30.560339801159508,3,Raman,Sodium Azide
2448.4611626770884,30.559895753719648,3,Raman,Sodium Azide
2450.170981924768,30.559895753719648,3,Raman,Sodium Azide
2451.8808011724477,30.559895753719648,3,Raman,Sodium Azide
2453.590620420127,30.559895753719648,3,Raman,Sodium Azide
2455.3004396678066,30.56989575371965,3,Raman,Sodium Azide
2457.0102589154862,30.560127249958654,3,Raman,Sodium Azide
2458.720078163166,30.569908630050982,3,Raman,Sodium Azide
2460.429897410845,30.559895753719648,3,Raman,Sodium Azide
2462.139716658525,30.559895753719648,3,Raman,Sodium Azide
2463.8495359062044,30.56992855926071,3,Raman,Sodium Azide
2465.5593551538836,30.560147749017435,3,Raman,Sodium Azide
2467.2691744015633,30.56010428411494,3,Raman,Sodium Azide
2468.978993649243,30.559895753719648,3,Raman,Sodium Azide
2470.6888128969226,30.559895753719648,3,Raman,Sodium Azide
2472.398632144602,30.56005131801032,3,Raman,Sodium Azide
2474.1084513922815,30.579895753719647,3,Raman,Sodium Azide
2475.818270639961,30.56011970077303,3,Raman,Sodium Azide
2477.5280898876404,30.559895753719648,3,Raman,Sodium Azide
2479.23790913532,30.56030183259281,3,Raman,Sodium Azide
2480.9477283829997,30.559957379570722,3,Raman,Sodium Azide
2482.6575476306793,30.559895753719648,3,Raman,Sodium Azide
2484.3673668783586,30.56006343971767,3,Raman,Sodium Azide
2486.077186126038,30.55996250170101,3,Raman,Sodium Azide
2487.787005373718,30.57002305215812,3,Raman,Sodium Azide
2489.496824621397,30.570485267439246,3,Raman,Sodium Azide
2491.2066438690767,30.559895753719648,3,Raman,Sodium Azide
2492.9164631167564,30.559895753719648,3,Raman,Sodium Azide
2494.626282364436,30.56022759407361,3,Raman,Sodium Azide
2496.3361016121153,30.56989575371965,3,Raman,Sodium Azide
2498.045920859795,30.56989575371965,3,Raman,Sodium Azide
2499.7557401074746,30.55990681077338,3,Raman,Sodium Azide
2501.465559355154,30.56989575371965,3,Raman,Sodium Azide
2503.1753786028335,30.56989575371965,3,Raman,Sodium Azide
2504.885197850513,30.559895753719648,3,Raman,Sodium Azide
2506.595017098193,30.5602978218398,3,Raman,Sodium Azide
2508.304836345872,30.579895753719647,3,Raman,Sodium Azide
2510.0146555935517,30.559918657600104,3,Raman,Sodium Azide
2511.7244748412313,30.559895753719648,3,Raman,Sodium Azide
2513.4342940889105,30.559895753719648,3,Raman,Sodium Azide
2515.14411333659,30.560073818060285,3,Raman,Sodium Azide
2516.85393258427,30.57003139214549,3,Raman,Sodium Azide
2518.5637518319495,30.55998552913712,3,Raman,Sodium Azide
2520.2735710796287,30.56989575371965,3,Raman,Sodium Azide
2521.9833903273084,30.570206296412355,3,Raman,Sodium Azide
2523.693209574988,30.56989575371965,3,Raman,Sodium Azide
2525.4030288226672,30.560258704475963,3,Raman,Sodium Azide
2527.112848070347,30.559895753719648,3,Raman,Sodium Azide
2528.8226673180266,30.560165630107168,3,Raman,Sodium Azide
2530.532486565706,30.559922420667906,3,Raman,Sodium Azide
2532.2423058133854,30.559895753719648,3,Raman,Sodium Azide
2533.952125061065,30.56989575371965,3,Raman,Sodium Azide
2535.6619443087448,30.560341410783106,3,Raman,Sodium Azide
2537.371763556424,30.560111344304662,3,Raman,Sodium Azide
2539.0815828041036,30.559895753719648,3,Raman,Sodium Azide
2540.7914020517833,30.560237046815153,3,Raman,Sodium Azide
2542.501221299463,30.559969576967728,3,Raman,Sodium Azide
2544.211040547142,30.570325827939268,3,Raman,Sodium Azide
2545.920859794822,30.559895753719648,3,Raman,Sodium Azide
2547.6306790425015,30.559895753719648,3,Raman,Sodium Azide
2549.3404982901807,30.56015446131246,3,Raman,Sodium Azide
2551.0503175378603,30.559961754770438,3,Raman,Sodium Azide
2552.76013678554,30.560041730302387,3,Raman,Sodium Azide
2554.4699560332197,30.559895753719648,3,Raman,Sodium Azide
2556.179775280899,30.560202374027444,3,Raman,Sodium Azide
2557.8895945285785,30.570152921356307,3,Raman,Sodium Azide
2559.599413776258,30.56024958336783,3,Raman,Sodium Azide
2561.3092330239374,30.559895753719648,3,Raman,Sodium Azide
2563.019052271617,30.559895753719648,3,Raman,Sodium Azide
2564.7288715192967,30.559895753719648,3,Raman,Sodium Azide
2566.4386907669764,30.559895753719648,3,Raman,Sodium Azide
2568.1485100146556,30.559895753719648,3,Raman,Sodium Azide
2569.8583292623352,30.560062608916333,3,Raman,Sodium Azide
2571.568148510015,30.559895753719648,3,Raman,Sodium Azide
2573.277967757694,30.56022456252319,3,Raman,Sodium Azide
2574.987787005374,30.560445219413968,3,Raman,Sodium Azide
2576.6976062530534,30.559895753719648,3,Raman,Sodium Azide
2578.407425500733,30.559895753719648,3,Raman,Sodium Azide
2580.1172447484123,30.560091402809796,3,Raman,Sodium Azide
2581.827063996092,30.56992117282451,3,Raman,Sodium Azide
2583.5368832437716,30.569992556651552,3,Raman,Sodium Azide
2585.246702491451,30.560243782111282,3,Raman,Sodium Azide
2586.9565217391305,30.559895753719648,3,Raman,Sodium Azide
2588.66634098681,30.559895753719648,3,Raman,Sodium Azide
2590.37616023449,30.559895753719648,3,Raman,Sodium Azide
2592.085979482169,30.559895753719648,3,Raman,Sodium Azide
2593.7957987298487,30.559895753719648,3,Raman,Sodium Azide
2595.5056179775283,30.560122186888304,3,Raman,Sodium Azide
2597.2154372252076,30.56026029581133,3,Raman,Sodium Azide
2598.925256472887,30.560259265776164,3,Raman,Sodium Azide
2600.635075720567,30.56989575371965,3,Raman,Sodium Azide
2602.3448949682465,30.559895753719648,3,Raman,Sodium Azide
2604.0547142159257,30.56989575371965,3,Raman,Sodium Azide
2605.7645334636054,30.56989657903003,3,Raman,Sodium Azide
2607.474352711285,30.56012737983917,3,Raman,Sodium Azide
2609.1841719589643,30.56989575371965,3,Raman,Sodium Azide
2610.893991206644,30.559895753719648,3,Raman,Sodium Azide
2612.6038104543236,30.560389438305204,3,Raman,Sodium Azide
2614.3136297020033,30.559895753719648,3,Raman,Sodium Azide
2616.0234489496825,30.56989575371965,3,Raman,Sodium Azide
2617.733268197362,30.559895753719648,3,Raman,Sodium Azide
2619.443087445042,30.56989575371965,3,Raman,Sodium Azide
2621.152906692721,30.570131870751435,3,Raman,Sodium Azide
2622.8627259404007,30.559895753719648,3,Raman,Sodium Azide
2624.5725451880803,30.560190107073076,3,Raman,Sodium Azide
2626.2823644357595,30.569965952979167,3,Raman,Sodium Azide
2627.992183683439,30.559895753719648,3,Raman,Sodium Azide
2629.702002931119,30.559895753719648,3,Raman,Sodium Azide
2631.4118221787985,30.560014700493657,3,Raman,Sodium Azide
2633.1216414264777,30.559895753719648,3,Raman,Sodium Azide
2634.8314606741574,30.559942054143452,3,Raman,Sodium Azide
2636.541279921837,30.559895753719648,3,Raman,Sodium Azide
2638.2510991695162,30.559895753719648,3,Raman,Sodium Azide
2639.960918417196,30.560057294334033,3,Raman,Sodium Azide
2641.6707376648756,30.560533760340412,3,Raman,Sodium Azide
2643.380556912555,30.57004396125378,3,Raman,Sodium Azide
2645.0903761602344,30.56989575371965,3,Raman,Sodium Azide
2646.800195407914,30.56989575371965,3,Raman,Sodium Azide
2648.5100146555937,30.56989575371965,3,Raman,Sodium Azide
2650.219833903273,30.56989575371965,3,Raman,Sodium Azide
2651.9296531509526,30.559947874592122,3,Raman,Sodium Azide
2653.6394723986323,30.559895753719648,3,Raman,Sodium Azide
2655.349291646312,30.56989575371965,3,Raman,Sodium Azide
2657.059110893991,30.56001389368342,3,Raman,Sodium Azide
2658.768930141671,30.559895753719648,3,Raman,Sodium Azide
2660.4787493893505,30.56989575371965,3,Raman,Sodium Azide
2662.1885686370297,30.559895753719648,3,Raman,Sodium Azide
2663.8983878847093,30.559895753719648,3,Raman,Sodium Azide
2665.608207132389,30.559895753719648,3,Raman,Sodium Azide
2667.3180263800687,30.560268372223494,3,Raman,Sodium Azide
2669.027845627748,30.559895753719648,3,Raman,Sodium Azide
2670.7376648754275,30.57009576275844,3,Raman,Sodium Azide
2672.447484123107,30.560050297405166,3,Raman,Sodium Azide
2674.1573033707864,30.559895753719648,3,Raman,Sodium Azide
2675.867122618466,30.56009603353951,3,Raman,Sodium Azide
2677.5769418661457,30.560011399907143,3,Raman,Sodium Azide
2679.2867611138254,30.559895753719648,3,Raman,Sodium Azide
2680.9965803615046,30.56989575371965,3,Raman,Sodium Azide
2682.7063996091842,30.55999729073585,3,Raman,Sodium Azide
2684.416218856864,30.559895753719648,3,Raman,Sodium Azide
2686.126038104543,30.56005565837276,3,Raman,Sodium Azide
2687.835857352223,30.570200096995638,3,Raman,Sodium Azide
2689.5456765999024,30.559895753719648,3,Raman,Sodium Azide
2691.255495847582,30.56989575371965,3,Raman,Sodium Azide
2692.9653150952613,30.559895753719648,3,Raman,Sodium Azide
2694.675134342941,30.559895753719648,3,Raman,Sodium Azide
2696.3849535906206,30.56989575371965,3,Raman,Sodium Azide
2698.0947728383,30.58012195899625,3,Raman,Sodium Azide
2699.8045920859795,30.559895753719648,3,Raman,Sodium Azide
2701.514411333659,30.56989575371965,3,Raman,Sodium Azide
2703.224230581339,30.56009988674714,3,Raman,Sodium Azide
2704.934049829018,30.559895753719648,3,Raman,Sodium Azide
2706.6438690766977,30.559895753719648,3,Raman,Sodium Azide
2708.3536883243773,30.58012387159553,3,Raman,Sodium Azide
2710.0635075720566,30.560199436533544,3,Raman,Sodium Azide
2711.773326819736,30.579905826671617,3,Raman,Sodium Azide
2713.483146067416,30.560330503043172,3,Raman,Sodium Azide
2715.1929653150955,30.559939171584084,3,Raman,Sodium Azide
2716.9027845627747,30.560125179728836,3,Raman,Sodium Azide
2718.6126038104544,30.560407543337153,3,Raman,Sodium Azide
2720.322423058134,30.579895753719647,3,Raman,Sodium Azide
2722.0322423058133,30.559895753719648,3,Raman,Sodium Azide
2723.742061553493,30.56010504508887,3,Raman,Sodium Azide
2725.4518808011726,30.559895753719648,3,Raman,Sodium Azide
2727.1617000488523,30.559895753719648,3,Raman,Sodium Azide
2728.8715192965315,30.56989575371965,3,Raman,Sodium Azide
2730.581338544211,30.559895753719648,3,Raman,Sodium Azide
2732.291157791891,30.559902226376252,3,Raman,Sodium Azide
2734.00097703957,30.5599384744925,3,Raman,Sodium Azide
2735.7107962872497,30.57017978533639,3,Raman,Sodium Azide
2737.4206155349293,30.56020480008112,3,Raman,Sodium Azide
2739.130434782609,30.56989575371965,3,Raman,Sodium Azide
2740.840254030288,30.56044748476985,3,Raman,Sodium Azide
2742.550073277968,30.559895753719648,3,Raman,Sodium Azide
2744.2598925256475,30.559895753719648,3,Raman,Sodium Azide
2745.9697117733267,30.559895753719648,3,Raman,Sodium Azide
2747.6795310210064,30.559895753719648,3,Raman,Sodium Azide
2749.389350268686,30.56009422267711,3,Raman,Sodium Azide
2751.0991695163657,30.560336119349895,3,Raman,Sodium Azide
2752.808988764045,30.570346872714357,3,Raman,Sodium Azide
2754.5188080117246,30.56989575371965,3,Raman,Sodium Azide
2756.228627259404,30.5601200708923,3,Raman,Sodium Azide
2757.9384465070834,30.560295520289813,3,Raman,Sodium Azide
2759.648265754763,30.56015701010777,3,Raman,Sodium Azide
2761.3580850024427,30.559895753719648,3,Raman,Sodium Azide
2763.0679042501224,30.55993986328785,3,Raman,Sodium Azide
2764.7777234978016,30.579895753719647,3,Raman,Sodium Azide
2766.4875427454813,30.56009143419438,3,Raman,Sodium Azide
2768.197361993161,30.559895753719648,3,Raman,Sodium Azide
2769.90718124084,30.560075192651208,3,Raman,Sodium Azide
2771.61700048852,30.56989575371965,3,Raman,Sodium Azide
2773.3268197361995,30.55999085661104,3,Raman,Sodium Azide
2775.036638983879,30.559895753719648,3,Raman,Sodium Azide
2776.7464582315583,30.559895753719648,3,Raman,Sodium Azide
2778.456277479238,30.560143616651626,3,Raman,Sodium Azide
2780.1660967269177,30.56029536637079,3,Raman,Sodium Azide
2781.875915974597,30.559895753719648,3,Raman,Sodium Azide
2783.5857352222765,30.559944637099395,3,Raman,Sodium Azide
2785.295554469956,30.559895753719648,3,Raman,Sodium Azide
2787.005373717636,30.559895753719648,3,Raman,Sodium Azide
2788.715192965315,30.599895753719647,3,Raman,Sodium Azide
2790.4250122129947,30.559895753719648,3,Raman,Sodium Azide
2792.1348314606744,30.560173059035506,3,Raman,Sodium Azide
2793.8446507083536,30.569922860718446,3,Raman,Sodium Azide
2795.5544699560332,30.559895753719648,3,Raman,Sodium Azide
2797.264289203713,30.56989575371965,3,Raman,Sodium Azide
2798.9741084513926,30.560208940630513,3,Raman,Sodium Azide
2800.683927699072,30.56016478791854,3,Raman,Sodium Azide
2802.3937469467514,30.560041927903598,3,Raman,Sodium Azide
2804.103566194431,30.559895753719648,3,Raman,Sodium Azide
2805.8133854421103,30.55992701842805,3,Raman,Sodium Azide
2807.52320468979,30.56989575371965,3,Raman,Sodium Azide
2809.2330239374696,30.559895753719648,3,Raman,Sodium Azide
2810.9428431851493,30.56015177734238,3,Raman,Sodium Azide
2812.6526624328285,30.590200272804875,3,Raman,Sodium Azide
2814.362481680508,30.559895753719648,3,Raman,Sodium Azide
2816.072300928188,30.560113733862767,3,Raman,Sodium Azide
2817.782120175867,30.56005996279769,3,Raman,Sodium Azide
2819.4919394235467,30.559895753719648,3,Raman,Sodium Azide
2821.2017586712263,30.56009108990411,3,Raman,Sodium Azide
2822.911577918906,30.560216781435187,3,Raman,Sodium Azide
2824.621397166585,30.57011845550403,3,Raman,Sodium Azide
2826.331216414265,30.56989575371965,3,Raman,Sodium Azide
2828.0410356619445,30.559895753719648,3,Raman,Sodium Azide
2829.7508549096237,30.560000387018583,3,Raman,Sodium Azide
2831.4606741573034,30.56989575371965,3,Raman,Sodium Azide
2833.170493404983,30.560303602845188,3,Raman,Sodium Azide
2834.8803126526627,30.55997783051541,3,Raman,Sodium Azide
2836.590131900342,30.559895753719648,3,Raman,Sodium Azide
2838.2999511480216,30.559895753719648,3,Raman,Sodium Azide
2840.0097703957013,30.559895753719648,3,Raman,Sodium Azide
2841.7195896433805,30.580080546716754,3,Raman,Sodium Azide
2843.42940889106,30.56011168759808,3,Raman,Sodium Azide
2845.13922813874,30.559895753719648,3,Raman,Sodium Azide
2846.8490473864194,30.560280387618135,3,Raman,Sodium Azide
2848.5588666340986,30.559895753719648,3,Raman,Sodium Azide
2850.2686858817783,30.559895753719648,3,Raman,Sodium Azide
2851.978505129458,30.560020705192255,3,Raman,Sodium Azide
2853.688324377137,30.559895753719648,3,Raman,Sodium Azide
2855.398143624817,30.56989575371965,3,Raman,Sodium Azide
2857.1079628724965,30.559895753719648,3,Raman,Sodium Azide
2858.817782120176,30.559895753719648,3,Raman,Sodium Azide
2860.5276013678554,30.570091974371284,3,Raman,Sodium Azide
2862.237420615535,30.56989575371965,3,Raman,Sodium Azide
2863.9472398632147,30.559992315135222,3,Raman,Sodium Azide
2865.657059110894,30.560116067417187,3,Raman,Sodium Azide
2867.3668783585736,30.560273953155548,3,Raman,Sodium Azide
2869.076697606253,30.559895753719648,3,Raman,Sodium Azide
2870.786516853933,30.559895753719648,3,Raman,Sodium Azide
2872.496336101612,30.560428857524983,3,Raman,Sodium Azide
2874.2061553492917,30.56024999065892,3,Raman,Sodium Azide
2875.9159745969714,30.559895753719648,3,Raman,Sodium Azide
2877.6257938446506,30.57019594052629,3,Raman,Sodium Azide
2879.3356130923303,30.56996055846408,3,Raman,Sodium Azide
2881.04543234001,30.5599000478713,3,Raman,Sodium Azide
2882.7552515876896,30.560545816881387,3,Raman,Sodium Azide
2884.465070835369,30.560177126598244,3,Raman,Sodium Azide
2886.1748900830485,30.570389686334273,3,Raman,Sodium Azide
2887.884709330728,30.559895753719648,3,Raman,Sodium Azide
2889.5945285784073,30.56036633747845,3,Raman,Sodium Azide
2891.304347826087,30.579895753719647,3,Raman,Sodium Azide
2893.0141670737667,30.559895753719648,3,Raman,Sodium Azide
2894.7239863214463,30.559997823290526,3,Raman,Sodium Azide
2896.4338055691255,30.560029899946834,3,Raman,Sodium Azide
2898.143624816805,30.560171971365246,3,Raman,Sodium Azide
2899.853444064485,30.560127047572436,3,Raman,Sodium Azide
2901.563263312164,30.56989575371965,3,Raman,Sodium Azide
2903.2730825598437,30.559895753719648,3,Raman,Sodium Azide
2904.9829018075234,30.559895753719648,3,Raman,Sodium Azide
2906.692721055203,30.559895753719648,3,Raman,Sodium Azide
2908.4025403028822,30.569919089242386,3,Raman,Sodium Azide
2910.112359550562,30.56025359088003,3,Raman,Sodium Azide
2911.8221787982416,30.559944056007307,3,Raman,Sodium Azide
2913.531998045921,30.560586092030142,3,Raman,Sodium Azide
2915.2418172936004,30.560274247224008,3,Raman,Sodium Azide
2916.95163654128,30.559895753719648,3,Raman,Sodium Azide
2918.6614557889598,30.559895753719648,3,Raman,Sodium Azide
2920.371275036639,30.570520902181254,3,Raman,Sodium Azide
2922.0810942843186,30.559895753719648,3,Raman,Sodium Azide
2923.7909135319983,30.56013891243198,3,Raman,Sodium Azide
2925.5007327796775,30.579895753719647,3,Raman,Sodium Azide
2927.210552027357,30.560314252194747,3,Raman,Sodium Azide
2928.920371275037,30.56011769715398,3,Raman,Sodium Azide
2930.6301905227165,30.579895753719647,3,Raman,Sodium Azide
2932.3400097703957,30.559895753719648,3,Raman,Sodium Azide
2934.0498290180753,30.559945172292526,3,Raman,Sodium Azide
2935.759648265755,30.570025909173705,3,Raman,Sodium Azide
2937.469467513434,30.56009543354881,3,Raman,Sodium Azide
2939.179286761114,30.56989575371965,3,Raman,Sodium Azide
2940.8891060087935,30.559895753719648,3,Raman,Sodium Azide
2942.598925256473,30.559895753719648,3,Raman,Sodium Azide
2944.3087445041524,30.559895753719648,3,Raman,Sodium Azide
2946.018563751832,30.559895753719648,3,Raman,Sodium Azide
2947.7283829995117,30.559895753719648,3,Raman,Sodium Azide
2949.438202247191,30.559981675814463,3,Raman,Sodium Azide
2951.1480214948706,30.559977905194653,3,Raman,Sodium Azide
2952.8578407425503,30.559895753719648,3,Raman,Sodium Azide
2954.56765999023,30.57996699913466,3,Raman,Sodium Azide
2956.277479237909,30.570282679437373,3,Raman,Sodium Azide
2957.987298485589,30.56989575371965,3,Raman,Sodium Azide
2959.6971177332684,30.56989575371965,3,Raman,Sodium Azide
2961.4069369809476,30.560101423391632,3,Raman,Sodium Azide
2963.1167562286273,30.570181633092172,3,Raman,Sodium Azide
2964.826575476307,30.559895753719648,3,Raman,Sodium Azide
2966.5363947239866,30.559895753719648,3,Raman,Sodium Azide
2968.246213971666,30.559895753719648,3,Raman,Sodium Azide
2969.9560332193455,30.559895753719648,3,Raman,Sodium Azide
2971.665852467025,30.559895753719648,3,Raman,Sodium Azide
2973.3756717147044,30.559895753719648,3,Raman,Sodium Azide
2975.085490962384,30.559895753719648,3,Raman,Sodium Azide
2976.7953102100637,30.56989575371965,3,Raman,Sodium Azide
2978.5051294577434,30.559895753719648,3,Raman,Sodium Azide
2980.2149487054226,30.559895753719648,3,Raman,Sodium Azide
2981.924767953102,30.560294804388935,3,Raman,Sodium Azide
2983.634587200782,30.56997624843744,3,Raman,Sodium Azide
2985.344406448461,30.57006611598043,3,Raman,Sodium Azide
2987.0542256961407,30.570369744376574,3,Raman,Sodium Azide
2988.7640449438204,30.560154115468343,3,Raman,Sodium Azide
2990.4738641915,30.559895753719648,3,Raman,Sodium Azide
2992.1836834391793,30.559895753719648,3,Raman,Sodium Azide
2993.893502686859,30.559895753719648,3,Raman,Sodium Azide
2995.6033219345386,30.560276772126105,3,Raman,Sodium Azide
2997.313141182218,30.560152268814317,3,Raman,Sodium Azide
2999.0229604298975,30.559895753719648,3,Raman,Sodium Azide
3000.732779677577,30.559895753719648,3,Raman,Sodium Azide
3002.442598925257,30.56992923394072,3,Raman,Sodium Azide
3004.152418172936,30.559895753719648,3,Raman,Sodium Azide
3005.8622374206157,30.559895753719648,3,Raman,Sodium Azide
3007.5720566682953,30.579895753719647,3,Raman,Sodium Azide
3009.2818759159745,30.570024653662813,3,Raman,Sodium Azide
3010.991695163654,30.559895753719648,3,Raman,Sodium Azide
3012.701514411334,30.560273212745425,3,Raman,Sodium Azide
3014.4113336590135,30.559895753719648,3,Raman,Sodium Azide
3016.1211529066927,30.559895753719648,3,Raman,Sodium Azide
3017.8309721543724,30.56016435149167,3,Raman,Sodium Azide
3019.540791402052,30.560288504741084,3,Raman,Sodium Azide
3021.2506106497312,30.560718020236887,3,Raman,Sodium Azide
3022.960429897411,30.560254600889934,3,Raman,Sodium Azide
3024.6702491450906,30.559895753719648,3,Raman,Sodium Azide
3026.38006839277,30.55995076331528,3,Raman,Sodium Azide
3028.0898876404494,30.560557716056103,3,Raman,Sodium Azide
3029.799706888129,30.559895753719648,3,Raman,Sodium Azide
3031.5095261358088,30.56989575371965,3,Raman,Sodium Azide
3033.219345383488,30.559895753719648,3,Raman,Sodium Azide
3034.9291646311676,30.559895753719648,3,Raman,Sodium Azide
3036.6389838788473,30.559895753719648,3,Raman,Sodium Azide
3038.348803126527,30.559895753719648,3,Raman,Sodium Azide
3040.058622374206,30.56008321303194,3,Raman,Sodium Azide
3041.768441621886,30.56989575371965,3,Raman,Sodium Azide
3043.4782608695655,30.559930031230373,3,Raman,Sodium Azide
3045.1880801172447,30.559895753719648,3,Raman,Sodium Azide
3046.8978993649243,30.560039743391382,3,Raman,Sodium Azide
3048.607718612604,30.560068244286427,3,Raman,Sodium Azide
3050.3175378602837,30.560129432452204,3,Raman,Sodium Azide
3052.027357107963,30.56012938513502,3,Raman,Sodium Azide
3053.7371763556425,30.56989575371965,3,Raman,Sodium Azide
3055.446995603322,30.56989575371965,3,Raman,Sodium Azide
3057.1568148510014,30.56028048294876,3,Raman,Sodium Azide
3058.866634098681,30.570011449906445,3,Raman,Sodium Azide
3060.5764533463607,30.570128067871313,3,Raman,Sodium Azide
3062.2862725940404,30.56989575371965,3,Raman,Sodium Azide
3063.9960918417196,30.570145398655175,3,Raman,Sodium Azide
3065.7059110893993,30.559895753719648,3,Raman,Sodium Azide
3067.415730337079,30.559895753719648,3,Raman,Sodium Azide
3069.125549584758,30.559895753719648,3,Raman,Sodium Azide
3070.835368832438,30.560007181743895,3,Raman,Sodium Azide
3072.5451880801174,30.570051982368007,3,Raman,Sodium Azide
3074.255007327797,30.559895753719648,3,Raman,Sodium Azide
3075.9648265754763,30.559895753719648,3,Raman,Sodium Azide
3077.674645823156,30.560145368687564,3,Raman,Sodium Azide
3079.3844650708356,30.56004958739256,3,Raman,Sodium Azide
3081.094284318515,30.570007758252796,3,Raman,Sodium Azide
3082.8041035661945,30.560400113209575,3,Raman,Sodium Azide
3084.513922813874,30.569935043627197,3,Raman,Sodium Azide
3086.223742061554,30.559895753719648,3,Raman,Sodium Azide
3087.933561309233,30.56024360347647,3,Raman,Sodium Azide
3089.6433805569127,30.56989575371965,3,Raman,Sodium Azide
3091.3531998045924,30.559895753719648,3,Raman,Sodium Azide
3093.0630190522716,30.579895753719647,3,Raman,Sodium Azide
3094.772838299951,30.56989575371965,3,Raman,Sodium Azide
3096.482657547631,30.56989575371965,3,Raman,Sodium Azide
3098.1924767953105,30.560293827206458,3,Raman,Sodium Azide
3099.9022960429897,30.559895753719648,3,Raman,Sodium Azide
3101.6121152906694,30.56017573854777,3,Raman,Sodium Azide
3103.321934538349,30.559895753719648,3,Raman,Sodium Azide
3105.0317537860283,30.56031485580569,3,Raman,Sodium Azide
3106.741573033708,30.560342281116768,3,Raman,Sodium Azide
3108.4513922813876,30.559895753719648,3,Raman,Sodium Azide
3110.1612115290673,30.569916435982794,3,Raman,Sodium Azide
3111.8710307767465,30.56006431344589,3,Raman,Sodium Azide
3113.580850024426,30.56989575371965,3,Raman,Sodium Azide
3115.290669272106,30.580388616511552,3,Raman,Sodium Azide
3117.000488519785,30.569901429963345,3,Raman,Sodium Azide
3118.7103077674647,30.559895753719648,3,Raman,Sodium Azide
3120.4201270151443,30.559916405866645,3,Raman,Sodium Azide
3122.129946262824,30.559895753719648,3,Raman,Sodium Azide
3123.839765510503,30.559901251254956,3,Raman,Sodium Azide
3125.549584758183,30.559895753719648,3,Raman,Sodium Azide
3127.2594040058625,30.559895753719648,3,Raman,Sodium Azide
3128.9692232535417,30.580104524769098,3,Raman,Sodium Azide
3130.6790425012214,30.559895753719648,3,Raman,Sodium Azide
3132.388861748901,30.56035721659682,3,Raman,Sodium Azide
3134.0986809965807,30.559956081241197,3,Raman,Sodium Azide
3135.80850024426,30.580379297555503,3,Raman,Sodium Azide
3137.5183194919396,30.560147596371525,3,Raman,Sodium Azide
3139.228138739619,30.56989575371965,3,Raman,Sodium Azide
3140.9379579872984,30.5599142852396,3,Raman,Sodium Azide
3142.647777234978,30.559895753719648,3,Raman,Sodium Azide
3144.3575964826578,30.579895753719647,3,Raman,Sodium Azide
3146.0674157303374,30.559895753719648,3,Raman,Sodium Azide
3147.7772349780166,30.56989575371965,3,Raman,Sodium Azide
3149.4870542256963,30.559895753719648,3,Raman,Sodium Azide
3151.196873473376,30.559895753719648,3,Raman,Sodium Azide
3152.906692721055,30.56047927300904,3,Raman,Sodium Azide
3154.616511968735,30.569926884680665,3,Raman,Sodium Azide
3156.3263312164145,30.56005897572023,3,Raman,Sodium Azide
3158.036150464094,30.559895753719648,3,Raman,Sodium Azide
3159.7459697117733,30.55998408861537,3,Raman,Sodium Azide
3161.455788959453,30.559895753719648,3,Raman,Sodium Azide
3163.1656082071327,30.57033311171111,3,Raman,Sodium Azide
3164.875427454812,30.579895753719647,3,Raman,Sodium Azide
3166.5852467024915,30.56019570759047,3,Raman,Sodium Azide
3168.295065950171,30.560205888018505,3,Raman,Sodium Azide
3170.004885197851,30.559895753719648,3,Raman,Sodium Azide
3171.71470444553,30.55991045245714,3,Raman,Sodium Azide
3173.4245236932097,30.560001875483813,3,Raman,Sodium Azide
3175.1343429408894,30.559924514155238,3,Raman,Sodium Azide
3176.8441621885686,30.559895753719648,3,Raman,Sodium Azide
3178.5539814362483,30.559895753719648,3,Raman,Sodium Azide
3180.263800683928,30.559895753719648,3,Raman,Sodium Azide
3181.9736199316076,30.560172733983094,3,Raman,Sodium Azide
3183.683439179287,30.559999892706838,3,Raman,Sodium Azide
3185.3932584269664,30.559944283089855,3,Raman,Sodium Azide
3187.103077674646,30.559895753719648,3,Raman,Sodium Azide
3188.8128969223253,30.56989575371965,3,Raman,Sodium Azide
3190.522716170005,30.559895753719648,3,Raman,Sodium Azide
3192.2325354176846,30.560115861904432,3,Raman,Sodium Azide
3193.9423546653643,30.559895753719648,3,Raman,Sodium Azide
3195.6521739130435,30.559895753719648,3,Raman,Sodium Azide
3197.361993160723,30.560366623828273,3,Raman,Sodium Azide
3199.071812408403,30.559895753719648,3,Raman,Sodium Azide
3200.781631656082,30.559895753719648,3,Raman,Sodium Azide
3202.4914509037617,30.559895753719648,3,Raman,Sodium Azide
3204.2012701514413,30.559895753719648,3,Raman,Sodium Azide
3205.911089399121,30.56006621626464,3,Raman,Sodium Azide
3207.6209086468,30.570063000257015,3,Raman,Sodium Azide
3209.33072789448,30.559895753719648,3,Raman,Sodium Azide
3211.0405471421595,30.559895753719648,3,Raman,Sodium Azide
3212.7503663898387,30.560036324741127,3,Raman,Sodium Azide
3214.4601856375184,30.560045096778346,3,Raman,Sodium Azide
3216.170004885198,30.559895753719648,3,Raman,Sodium Azide
3217.8798241328773,30.559895753719648,3,Raman,Sodium Azide
3219.589643380557,30.56044976165475,3,Raman,Sodium Azide
3221.2994626282366,30.559895753719648,3,Raman,Sodium Azide
3223.0092818759163,30.560286709787928,3,Raman,Sodium Azide
3224.7191011235955,30.559955614280458,3,Raman,Sodium Azide
3226.428920371275,30.56018241473324,3,Raman,Sodium Azide
3228.138739618955,30.560059451533977,3,Raman,Sodium Azide
3229.848558866634,30.55994053224416,3,Raman,Sodium Azide
3231.5583781143137,30.559937434542793,3,Raman,Sodium Azide
3233.2681973619933,30.559895753719648,3,Raman,Sodium Azide
3234.978016609673,30.56989575371965,3,Raman,Sodium Azide
3236.687835857352,30.56989575371965,3,Raman,Sodium Azide
3238.397655105032,30.559895753719648,3,Raman,Sodium Azide
3240.1074743527115,30.559895753719648,3,Raman,Sodium Azide
3241.8172936003907,30.569938281812465,3,Raman,Sodium Azide
3243.5271128480704,30.560062767273404,3,Raman,Sodium Azide
3245.23693209575,30.559895753719648,3,Raman,Sodium Azide
3246.9467513434297,30.560145729062977,3,Raman,Sodium Azide
3248.656570591109,30.56989575371965,3,Raman,Sodium Azide
3250.3663898387886,30.559918465075373,3,Raman,Sodium Azide
3252.076209086468,30.56055631124122,3,Raman,Sodium Azide
3253.7860283341474,30.559895753719648,3,Raman,Sodium Azide
3255.495847581827,30.559895753719648,3,Raman,Sodium Azide
3257.2056668295068,30.559895753719648,3,Raman,Sodium Azide
3258.9154860771864,30.559955570907782,3,Raman,Sodium Azide
3260.6253053248656,30.559900099395637,3,Raman,Sodium Azide
3262.3351245725453,30.559928679902562,3,Raman,Sodium Azide
3264.044943820225,30.559895753719648,3,Raman,Sodium Azide
3265.754763067904,30.559895753719648,3,Raman,Sodium Azide
3267.464582315584,30.569909920909847,3,Raman,Sodium Azide
3269.1744015632635,30.559895753719648,3,Raman,Sodium Azide
3270.884220810943,30.560126522066025,3,Raman,Sodium Azide
3272.5940400586223,30.56989575371965,3,Raman,Sodium Azide
3274.303859306302,30.559895753719648,3,Raman,Sodium Azide
3276.0136785539817,30.559895753719648,3,Raman,Sodium Azide
3277.723497801661,30.559895753719648,3,Raman,Sodium Azide
3279.4333170493405,30.559895753719648,3,Raman,Sodium Azide
3281.14313629702,30.559895753719648,3,Raman,Sodium Azide
3282.8529555447,30.559895753719648,3,Raman,Sodium Azide
3284.562774792379,30.559932468068176,3,Raman,Sodium Azide
3286.2725940400587,30.559895753719648,3,Raman,Sodium Azide
3287.9824132877384,30.559895753719648,3,Raman,Sodium Azide
3289.6922325354176,30.559895753719648,3,Raman,Sodium Azide
3291.4020517830972,30.560134576307956,3,Raman,Sodium Azide
3293.111871030777,30.56018275825894,3,Raman,Sodium Azide
3294.8216902784566,30.559895753719648,3,Raman,Sodium Azide
3296.531509526136,30.570629092842445,3,Raman,Sodium Azide
3298.2413287738154,30.57009490180176,3,Raman,Sodium Azide
3299.951148021495,30.559895753719648,3,Raman,Sodium Azide
3301.6609672691743,30.559895753719648,3,Raman,Sodium Azide
3303.370786516854,30.559895753719648,3,Raman,Sodium Azide
3305.0806057645336,30.559895753719648,3,Raman,Sodium Azide
3306.7904250122133,30.559895753719648,3,Raman,Sodium Azide
3308.5002442598925,30.559895753719648,3,Raman,Sodium Azide
3310.210063507572,30.559895753719648,3,Raman,Sodium Azide
3311.919882755252,30.560250399999227,3,Raman,Sodium Azide
3313.629702002931,30.560101722196016,3,Raman,Sodium Azide
3315.3395212506107,30.560379320023713,3,Raman,Sodium Azide
3317.0493404982903,30.56999207202375,3,Raman,Sodium Azide
3318.75915974597,30.570169769527965,3,Raman,Sodium Azide
3320.468978993649,30.56989575371965,3,Raman,Sodium Azide
3322.178798241329,30.560053418662303,3,Raman,Sodium Azide
3323.8886174890085,30.559895753719648,3,Raman,Sodium Azide
3325.5984367366877,30.579895753719647,3,Raman,Sodium Azide
3327.3082559843674,30.560551907027016,3,Raman,Sodium Azide
3329.018075232047,30.56989575371965,3,Raman,Sodium Azide
3330.7278944797267,30.559895753719648,3,Raman,Sodium Azide
3332.437713727406,30.590079515938925,3,Raman,Sodium Azide
3334.1475329750856,30.559895753719648,3,Raman,Sodium Azide
3335.8573522227653,30.56989575371965,3,Raman,Sodium Azide
3337.5671714704445,30.56989575371965,3,Raman,Sodium Azide
3339.276990718124,30.56010557032893,3,Raman,Sodium Azide
3340.986809965804,30.559973847259855,3,Raman,Sodium Azide
3342.6966292134834,30.560114707938947,3,Raman,Sodium Azide
3344.4064484611627,30.56004952773162,3,Raman,Sodium Azide
3346.1162677088423,30.559911596064175,3,Raman,Sodium Azide
3347.826086956522,30.55989922383154,3,Raman,Sodium Azide
3349.535906204201,30.559921098394184,3,Raman,Sodium Azide
3351.245725451881,30.559895753719648,3,Raman,Sodium Azide
3352.9555446995605,30.559895753719648,3,Raman,Sodium Azide
3354.66536394724,30.560027175537304,3,Raman,Sodium Azide
3356.3751831949194,30.560272900680935,3,Raman,Sodium Azide
3358.085002442599,30.559895753719648,3,Raman,Sodium Azide
3359.7948216902787,30.560520742041373,3,Raman,Sodium Azide
3361.504640937958,30.560077077577493,3,Raman,Sodium Azide
3363.2144601856376,30.560009770840537,3,Raman,Sodium Azide
3364.924279433317,30.559895753719648,3,Raman,Sodium Azide
3366.634098680997,30.559895753719648,3,Raman,Sodium Azide
3368.343917928676,30.580055785000557,3,Raman,Sodium Azide
3370.0537371763558,30.55996143680382,3,Raman,Sodium Azide
3371.7635564240354,30.56989575371965,3,Raman,Sodium Azide
3373.4733756717146,30.559895753719648,3,Raman,Sodium Azide
3375.1831949193943,30.559895753719648,3,Raman,Sodium Azide
3376.893014167074,30.56989575371965,3,Raman,Sodium Azide
3378.6028334147536,30.55996682899073,3,Raman,Sodium Azide
3380.312652662433,30.559895753719648,3,Raman,Sodium Azide
3382.0224719101125,30.57009967998167,3,Raman,Sodium Azide
3383.732291157792,30.559895753719648,3,Raman,Sodium Azide
3385.4421104054713,30.56015130457906,3,Raman,Sodium Azide
3387.151929653151,30.570696705549068,3,Raman,Sodium Azide
3388.8617489008307,30.570099622174364,3,Raman,Sodium Azide
3390.5715681485103,30.559895753719648,3,Raman,Sodium Azide
3392.2813873961895,30.559895753719648,3,Raman,Sodium Azide
3393.991206643869,30.56989575371965,3,Raman,Sodium Azide
3395.701025891549,30.560178057035067,3,Raman,Sodium Azide
3397.410845139228,30.559938442432824,3,Raman,Sodium Azide
3399.1206643869077,30.559895753719648,3,Raman,Sodium Azide
3400.8304836345874,30.559895753719648,3,Raman,Sodium Azide
3402.540302882267,30.559895753719648,3,Raman,Sodium Azide
3404.2501221299462,30.56009535061287,3,Raman,Sodium Azide
3405.959941377626,30.559895753719648,3,Raman,Sodium Azide
3407.6697606253056,30.560114050452405,3,Raman,Sodium Azide
3409.379579872985,30.56989575371965,3,Raman,Sodium Azide
3411.0893991206644,30.56010321948688,3,Raman,Sodium Azide
3412.799218368344,30.559895753719648,3,Raman,Sodium Azide
3414.5090376160238,30.560144407292686,3,Raman,Sodium Azide
3416.218856863703,30.559895753719648,3,Raman,Sodium Azide
3417.9286761113826,30.559895753719648,3,Raman,Sodium Azide
3419.6384953590623,30.56989575371965,3,Raman,Sodium Azide
3421.3483146067415,30.56011402057156,3,Raman,Sodium Azide
3423.058133854421,30.559895753719648,3,Raman,Sodium Azide
3424.767953102101,30.559895753719648,3,Raman,Sodium Azide
3426.4777723497805,30.559895753719648,3,Raman,Sodium Azide
3428.1875915974597,30.56000023117919,3,Raman,Sodium Azide
3429.8974108451393,30.559895753719648,3,Raman,Sodium Azide
3431.607230092819,30.560046974095446,3,Raman,Sodium Azide
3433.317049340498,30.56989575371965,3,Raman,Sodium Azide
3435.026868588178,30.570154660403727,3,Raman,Sodium Azide
3436.7366878358575,30.560093799882765,3,Raman,Sodium Azide
3438.446507083537,30.559895753719648,3,Raman,Sodium Azide
3440.1563263312164,30.56008439734781,3,Raman,Sodium Azide
3441.866145578896,30.559895753719648,3,Raman,Sodium Azide
3443.5759648265757,30.55993811288919,3,Raman,Sodium Azide
3445.285784074255,30.559895753719648,3,Raman,Sodium Azide
3446.9956033219346,30.559977784018912,3,Raman,Sodium Azide
3448.7054225696143,30.559895753719648,3,Raman,Sodium Azide
3450.415241817294,30.559895753719648,3,Raman,Sodium Azide
3452.125061064973,30.559895753719648,3,Raman,Sodium Azide
3453.834880312653,30.559895753719648,3,Raman,Sodium Azide
3455.5446995603324,30.570208068887005,3,Raman,Sodium Azide
3457.2545188080117,30.559970170698357,3,Raman,Sodium Azide
3458.9643380556913,30.559895753719648,3,Raman,Sodium Azide
3460.674157303371,30.559895753719648,3,Raman,Sodium Azide
3462.3839765510506,30.57020686510242,3,Raman,Sodium Azide
3464.09379579873,30.559895753719648,3,Raman,Sodium Azide
3465.8036150464095,30.56989575371965,3,Raman,Sodium Azide
3467.513434294089,30.570353157784776,3,Raman,Sodium Azide
3469.2232535417684,30.559895753719648,3,Raman,Sodium Azide
3470.933072789448,30.56989575371965,3,Raman,Sodium Azide
3472.6428920371277,30.56989575371965,3,Raman,Sodium Azide
3474.3527112848074,30.560066664565436,3,Raman,Sodium Azide
3476.0625305324866,30.560021793019565,3,Raman,Sodium Azide
3477.772349780166,30.559895753719648,3,Raman,Sodium Azide
3479.482169027846,30.559895753719648,3,Raman,Sodium Azide
3481.191988275525,30.55993212581217,3,Raman,Sodium Azide
3482.9018075232048,30.579952896556826,3,Raman,Sodium Azide
3484.6116267708844,30.559895753719648,3,Raman,Sodium Azide
3486.321446018564,30.559895753719648,3,Raman,Sodium Azide
3488.0312652662433,30.559895753719648,3,Raman,Sodium Azide
3489.741084513923,30.570380108208077,3,Raman,Sodium Azide
3491.4509037616026,30.560062879841638,3,Raman,Sodium Azide
3493.160723009282,30.55989731236696,3,Raman,Sodium Azide
3494.8705422569615,30.57015130685187,3,Raman,Sodium Azide
3496.580361504641,30.56989575371965,3,Raman,Sodium Azide
3498.290180752321,30.559895753719648,3,Raman,Sodium Azide
3500.0,30.5599863361495,3,Raman,Sodium Azide
0.0,0.0,3_trailing,Raman,Sodium Azide
1.709819247679531,0.0,3_trailing,Raman,Sodium Azide
3.419638495359062,0.0,3_trailing,Raman,Sodium Azide
5.129457743038593,2.206529853152943e-05,3_trailing,Raman,Sodium Azide
6.839276990718124,0.01,3_trailing,Raman,Sodium Azide
8.549096238397656,0.0,3_trailing,Raman,Sodium Azide
10.258915486077186,0.0,3_trailing,Raman,Sodium Azide
11.968734733756717,0.0,3_trailing,Raman,Sodium Azide
13.678553981436249,1.968800419763658e-06,3_trailing,Raman,Sodium Azide
15.38837322911578,1.351432172828884e-05,3_trailing,Raman,Sodium Azide
17.09819247679531,0.0,3_trailing,Raman,Sodium Azide
18.80801172447484,0.0,3_trailing,Raman,Sodium Azide
20.51783097215437,0.0,3_trailing,Raman,Sodium Azide
22.227650219833905,0.00015585255927999804,3_trailing,Raman,Sodium Azide
23.937469467513434,0.0,3_trailing,Raman,Sodium Azide
25.647288715192968,0.00012229593795050242,3_trailing,Raman,Sodium Azide
27.357107962872497,0.0,3_trailing,Raman,Sodium Azide
29.066927210552027,3.912517313583881e-05,3_trailing,Raman,Sodium Azide
30.77674645823156,0.0001134295380845967,3_trailing,Raman,Sodium Azide
32.48656570591109,0.01,3_trailing,Raman,Sodium Azide
34.19638495359062,3.792921156976866e-05,3_trailing,Raman,Sodium Azide
35.90620420127015,0.01,3_trailing,Raman,Sodium Azide
37.61602344894968,0.010126470185939125,3_trailing,Raman,Sodium Azide
39.325842696629216,0.0,3_trailing,Raman,Sodium Azide
41.03566194430874,0.0,3_trailing,Raman,Sodium Azide
42.745481191988276,1.4229051527876401e-05,3_trailing,Raman,Sodium Azide
44.45530043966781,0.010076899672338617,3_trailing,Raman,Sodium Azide
46.16511968734734,1.0052355933569026e-05,3_trailing,Raman,Sodium Azide
47.87493893502687,5.352836439583338e-05,3_trailing,Raman,Sodium Azide
49.5847581827064,0.0,3_trailing,Raman,Sodium Azide
51.294577430385935,0.0,3_trailing,Raman,Sodium Azide
53.00439667806546,0.00015826573976874715,3_trailing,Raman,Sodium Azide
54.714215925744995,5.392043127307363e-05,3_trailing,Raman,Sodium Azide
56.42403517342453,0.0,3_trailing,Raman,Sodium Azide
58.133854421104054,0.0,3_trailing,Raman,Sodium Azide
59.84367366878359,0.0001321823329375275,3_trailing,Raman,Sodium Azide
61.55349291646312,0.00013663148748641336,3_trailing,Raman,Sodium Azide
63.26331216414265,0.01,3_trailing,Raman,Sodium Azide
64.97313141182218,0.0,3_trailing,Raman,Sodium Azide
66.68295065950171,0.0,3_trailing,Raman,Sodium Azide
68.39276990718125,0.01,3_trailing,Raman,Sodium Azide
70.10258915486078,8.31745364992623e-05,3_trailing,Raman,Sodium Azide
71.8124084025403,0.01,3_trailing,Raman,Sodium Azide
73.52222765021983,0.0,3_trailing,Raman,Sodium Azide
75.23204689789937,0.0,3_trailing,Raman,Sodium Azide
76.9418661455789,2.795337301578475e-05,3_trailing,Raman,Sodium Azide
78.65168539325843,9.363759962593607e-05,3_trailing,Raman,Sodium Azide
80.36150464093797,3.363522005788292e-05,3_trailing,Raman,Sodium Azide
82.07132388861748,0.00018932728846825976,3_trailing,Raman,Sodium Azide
83.78114313629702,0.0,3_trailing,Raman,Sodium Azide
85.49096238397655,0.010157946767049656,3_trailing,Raman,Sodium Azide
87.20078163165608,0.0,3_trailing,Raman,Sodium Azide
88.91060087933562,0.01,3_trailing,Raman,Sodium Azide
90.62042012701515,4.187296543199282e-05,3_trailing,Raman,Sodium Azide
92.33023937469468,0.00012729072335523623,3_trailing,Raman,Sodium Azide
94.0400586223742,0.0,3_trailing,Raman,Sodium Azide
95.74987787005374,4.244512292832142e-05,3_trailing,Raman,Sodium Azide
97.45969711773327,0.0,3_trailing,Raman,Sodium Azide
99.1695163654128,0.0,3_trailing,Raman,Sodium Azide
100.87933561309234,0.0,3_trailing,Raman,Sodium Azide
102.58915486077187,0.0,3_trailing,Raman,Sodium Azide
104.29897410845139,0.0001374059301634072,3_trailing,Raman,Sodium Azide
106.00879335613092,0.00013815339039703587,3_trailing,Raman,Sodium Azide
107.71861260381046,0.0,3_trailing,Raman,Sodium Azide
109.42843185148999,0.0,3_trailing,Raman,Sodium Azide
111.13825109916952,0.02,3_trailing,Raman,Sodium Azide
112.84807034684906,0.020057558612448744,3_trailing,Raman,Sodium Azide
114.55788959452859,5.79872929606223e-05,3_trailing,Raman,Sodium Azide
116.26770884220811,0.010368230640973506,3_trailing,Raman,Sodium Azide
117.97752808988764,0.0,3_trailing,Raman,Sodium Azide
119.68734733756718,9.913089877600391e-06,3_trailing,Raman,Sodium Azide
121.39716658524671,0.00020873704333052812,3_trailing,Raman,Sodium Azide
123.10698583292624,3.097718437475679e-05,3_trailing,Raman,Sodium Azide
124.81680508060577,0.0,3_trailing,Raman,Sodium Azide
126.5266243282853,3.698694853287114e-05,3_trailing,Raman,Sodium Azide
128.23644357596484,7.618757209385713e-05,3_trailing,Raman,Sodium Azide
129.94626282364436,0.01,3_trailing,Raman,Sodium Azide
131.65608207132388,8.596123586579952e-05,3_trailing,Raman,Sodium Azide
133.36590131900343,7.634741017812511e-05,3_trailing,Raman,Sodium Azide
135.07572056668295,0.0,3_trailing,Raman,Sodium Azide
136.7855398143625,0.01016768200654896,3_trailing,Raman,Sodium Azide
138.495359062042,0.0,3_trailing,Raman,Sodium Azide
140.20517830972156,4.728902225706074e-05,3_trailing,Raman,Sodium Azide
141.91499755740108,0.0,3_trailing,Raman,Sodium Azide
143.6248168050806,0.0,3_trailing,Raman,Sodium Azide
145.33463605276015,3.876129135532068e-05,3_trailing,Raman,Sodium Azide
147.04445530043967,0.00020847981952794802,3_trailing,Raman,Sodium Azide
148.7542745481192,0.0,3_trailing,Raman,Sodium Azide
150.46409379579873,0.01,3_trailing,Raman,Sodium Azide
152.17391304347828,2.4035337385103216e-05,3_trailing,Raman,Sodium Azide
153.8837322911578,0.0,3_trailing,Raman,Sodium Azide
155.59355153883732,0.00011389216349275014,3_trailing,Raman,Sodium Azide
157.30337078651687,0.0,3_trailing,Raman,Sodium Azide
159.01319003419638,0.01,3_trailing,Raman,Sodium Azide
160.72300928187593,5.49846431059976e-05,3_trailing,Raman,Sodium Azide
162.43282852955545,2.2612519757593274e-05,3_trailing,Raman,Sodium Azide
164.14264777723497,0.0,3_trailing,Raman,Sodium Azide
165.85246702491452,0.0,3_trailing,Raman,Sodium Azide
167.56228627259404,0.0001933365786193997,3_trailing,Raman,Sodium Azide
169.27210552027358,0.0,3_trailing,Raman,Sodium Azide
170.9819247679531,9.696544887366348e-05,3_trailing,Raman,Sodium Azide
172.69174401563265,0.0,3_trailing,Raman,Sodium Azide
174.40156326331217,7.360067371904369e-05,3_trailing,Raman,Sodium Azide
176.1113825109917,5.822690089788715e-06,3_trailing,Raman,Sodium Azide
177.82120175867124,3.0747637928077612e-06,3_trailing,Raman,Sodium Azide
179.53102100635076,0.0,3_trailing,Raman,Sodium Azide
181.2408402540303,5.710671181040765e-05,3_trailing,Raman,Sodium Azide
182.95065950170982,0.0001518514277742665,3_trailing,Raman,Sodium Azide
184.66047874938937,0.0,3_trailing,Raman,Sodium Azide
186.3702979970689,0.0,3_trailing,Raman,Sodium Azide
188.0801172447484,0.000318167299518704,3_trailing,Raman,Sodium Azide
189.78993649242796,0.0,3_trailing,Raman,Sodium Azide
191.49975574010747,0.0,3_trailing,Raman,Sodium Azide
193.20957498778702,0.010149538235416759,3_trailing,Raman,Sodium Azide
194.91939423546654,0.010152793072794907,3_trailing,Raman,Sodium Azide
196.6292134831461,0.0,3_trailing,Raman,Sodium Azide
198.3390327308256,8.274355834477397e-05,3_trailing,Raman,Sodium Azide
200.04885197850513,0.0,3_trailing,Raman,Sodium Azide
201.75867122618467,0.0,3_trailing,Raman,Sodium Azide
203.4684904738642,0.00012592558895242588,3_trailing,Raman,Sodium Azide
205.17830972154374,0.0,3_trailing,Raman,Sodium Azide
206.88812896922326,0.0,3_trailing,Raman,Sodium Azide
208.59794821690278,0.01,3_trailing,Raman,Sodium Azide
210.30776746458233,0.0,3_trailing,Raman,Sodium Azide
212.01758671226185,0.010037579253123558,3_trailing,Raman,Sodium Azide
213.7274059599414,0.0001430187897719652,3_trailing,Raman,Sodium Azide
215.4372252076209,4.6243567615418586e-05,3_trailing,Raman,Sodium Azide
217.14704445530046,0.0,3_trailing,Raman,Sodium Azide
218.85686370297998,5.908259854394654e-05,3_trailing,Raman,Sodium Azide
220.5666829506595,8.434223234492719e-05,3_trailing,Raman,Sodium Azide
222.27650219833905,6.249931664762208e-05,3_trailing,Raman,Sodium Azide
223.98632144601856,0.01,3_trailing,Raman,Sodium Azide
225.6961406936981,4.592658842077016e-05,3_trailing,Raman,Sodium Azide
227.40595994137763,0.0,3_trailing,Raman,Sodium Azide
229.11577918905718,0.0001657722149305779,3_trailing,Raman,Sodium Azide
230.8255984367367,0.00016546561936248976,3_trailing,Raman,Sodium Azide
232.53541768441622,9.614190162252398e-05,3_trailing,Raman,Sodium Azide
234.24523693209576,0.0001346602675965521,3_trailing,Raman,Sodium Azide
235.95505617977528,0.0,3_trailing,Raman,Sodium Azide
237.66487542745483,0.01,3_trailing,Raman,Sodium Azide
239.37469467513435,0.0,3_trailing,Raman,Sodium Azide
241.08451392281387,0.010108970887598163,3_trailing,Raman,Sodium Azide
242.79433317049342,0.0,3_trailing,Raman,Sodium Azide
244.50415241817294,0.0,3_trailing,Raman,Sodium Azide
246.21397166585248,2.4272228838801936e-05,3_trailing,Raman,Sodium Azide
247.923790913532,0.0,3_trailing,Raman,Sodium Azide
249.63361016121155,2.8662731597647112e-05,3_trailing,Raman,Sodium Azide
251.34342940889107,0.0,3_trailing,Raman,Sodium Azide
253.0532486565706,0.0,3_trailing,Raman,Sodium Azide
254.76306790425014,8.909734076693891e-05,3_trailing,Raman,Sodium Azide
256.4728871519297,0.0,3_trailing,Raman,Sodium Azide
258.1827063996092,0.0,3_trailing,Raman,Sodium Azide
259.8925256472887,0.00010321095168374972,3_trailing,Raman,Sodium Azide
261.60234489496827,0.0,3_trailing,Raman,Sodium Azide
263.31216414264776,0.010019991458193081,3_trailing,Raman,Sodium Azide
265.0219833903273,0.0,3_trailing,Raman,Sodium Azide
266.73180263800685,1.3911592151122127e-08,3_trailing,Raman,Sodium Azide
268.4416218856864,0.00016531260699118375,3_trailing,Raman,Sodium Azide
270.1514411333659,6.185046003738355e-05,3_trailing,Raman,Sodium Azide
271.86126038104544,0.0,3_trailing,Raman,Sodium Azide
273.571079628725,0.0,3_trailing,Raman,Sodium Azide
275.2808988764045,0.0,3_trailing,Raman,Sodium Azide
276.990718124084,0.010023438229072576,3_trailing,Raman,Sodium Azide
278.7005373717636,9.824329418791658e-05,3_trailing,Raman,Sodium Azide
280.4103566194431,3.5026968252575685e-06,3_trailing,Raman,Sodium Azide
282.1201758671226,3.2938829380619105e-07,3_trailing,Raman,Sodium Azide
283.82999511480216,0.0,3_trailing,Raman,Sodium Azide
285.5398143624817,0.000143107324795439,3_trailing,Raman,Sodium Azide
287.2496336101612,0.0,3_trailing,Raman,Sodium Azide
288.95945285784074,2.8006990460785524e-05,3_trailing,Raman,Sodium Azide
290.6692721055203,2.7752177749793313e-05,3_trailing,Raman,Sodium Azide
292.37909135319984,0.0,3_trailing,Raman,Sodium Azide
294.08891060087933,0.0,3_trailing,Raman,Sodium Azide
295.7987298485589,0.0,3_trailing,Raman,Sodium Azide
297.5085490962384,0.010149514410152601,3_trailing,Raman,Sodium Azide
299.2183683439179,0.0,3_trailing,Raman,Sodium Azide
300.92818759159746,0.0,3_trailing,Raman,Sodium Azide
302.638006839277,0.0,3_trailing,Raman,Sodium Azide
304.34782608695656,0.0001618496676995167,3_trailing,Raman,Sodium Azide
306.05764533463605,7.653693494021105e-05,3_trailing,Raman,Sodium Azide
307.7674645823156,0.0,3_trailing,Raman,Sodium Azide
309.47728382999514,0.0,3_trailing,Raman,Sodium Azide
311.18710307767464,0.01007799802601706,3_trailing,Raman,Sodium Azide
312.8969223253542,0.00024065297013897875,3_trailing,Raman,Sodium Azide
314.60674157303373,0.0,3_trailing,Raman,Sodium Azide
316.3165608207133,0.0,3_trailing,Raman,Sodium Azide
318.02638006839277,3.489746860873582e-05,3_trailing,Raman,Sodium Azide
319.7361993160723,0.0,3_trailing,Raman,Sodium Azide
321.44601856375186,5.0124697218163374e-05,3_trailing,Raman,Sodium Azide
323.15583781143135,7.46669862769682e-05,3_trailing,Raman,Sodium Azide
324.8656570591109,3.463568791582763e-05,3_trailing,Raman,Sodium Azide
326.57547630679045,5.7135986648728993e-05,3_trailing,Raman,Sodium Azide
328.28529555446994,0.00017678393581552202,3_trailing,Raman,Sodium Azide
329.9951148021495,0.0,3_trailing,Raman,Sodium Azide
331.70493404982903,0.0,3_trailing,Raman,Sodium Azide
333.4147532975086,3.3994120495043075e-05,3_trailing,Raman,Sodium Azide
335.1245725451881,0.0,3_trailing,Raman,Sodium Azide
336.8343917928676,0.0,3_trailing,Raman,Sodium Azide
338.54421104054717,0.0,3_trailing,Raman,Sodium Azide
340.25403028822666,0.0,3_trailing,Raman,Sodium Azide
341.9638495359062,0.00012632169531374832,3_trailing,Raman,Sodium Azide
343.67366878358575,0.010005360200567142,3_trailing,Raman,Sodium Azide
345.3834880312653,7.643447443021067e-05,3_trailing,Raman,Sodium Azide
347.0933072789448,5.520334827181775e-05,3_trailing,Raman,Sodium Azide
348.80312652662434,0.0,3_trailing,Raman,Sodium Azide
350.5129457743039,0.00010384582702605808,3_trailing,Raman,Sodium Azide
352.2227650219834,0.0,3_trailing,Raman,Sodium Azide
353.9325842696629,0.0,3_trailing,Raman,Sodium Azide
355.6424035173425,0.0,3_trailing,Raman,Sodium Azide
357.352222765022,0.00015136155273884003,3_trailing,Raman,Sodium Azide
359.0620420127015,0.01,3_trailing,Raman,Sodium Azide
360.77186126038106,6.468824863014516e-05,3_trailing,Raman,Sodium Azide
362.4816805080606,0.0,3_trailing,Raman,Sodium Azide
364.1914997557401,9.158897971210862e-05,3_trailing,Raman,Sodium Azide
365.90131900341964,8.357144142778299e-05,3_trailing,Raman,Sodium Azide
367.6111382510992,0.0,3_trailing,Raman,Sodium Azide
369.32095749877874,5.281595733730279e-07,3_trailing,Raman,Sodium Azide
371.03077674645823,1.2712318908977749e-05,3_trailing,Raman,Sodium Azide
372.7405959941378,0.0,3_trailing,Raman,Sodium Azide
374.4504152418173,0.00014968116787760684,3_trailing,Raman,Sodium Azide
376.1602344894968,0.0,3_trailing,Raman,Sodium Azide
377.87005373717636,0.0,3_trailing,Raman,Sodium Azide
379.5798729848559,0.0,3_trailing,Raman,Sodium Azide
381.28969223253546,0.00011135342345238194,3_trailing,Raman,Sodium Azide
382.99951148021495,0.0,3_trailing,Raman,Sodium Azide
384.7093307278945,0.0,3_trailing,Raman,Sodium Azide
386.41914997557404,4.6691968452024233e-05,3_trailing,Raman,Sodium Azide
388.12896922325353,0.0,3_trailing,Raman,Sodium Azide
389.8387884709331,0.00011248249011823437,3_trailing,Raman,Sodium Azide
391.54860771861263,8.785032590902798e-05,3_trailing,Raman,Sodium Azide
393.2584269662922,0.0,3_trailing,Raman,Sodium Azide
394.96824621397167,0.0,3_trailing,Raman,Sodium Azide
396.6780654616512,0.01,3_trailing,Raman,Sodium Azide
398.38788470933076,0.0,3_trailing,Raman,Sodium Azide
400.09770395701025,0.0,3_trailing,Raman,Sodium Azide
401.8075232046898,0.0,3_trailing,Raman,Sodium Azide
403.51734245236935,0.0,3_trailing,Raman,Sodium Azide
405.22716170004884,1.884396678010001e-05,3_trailing,Raman,Sodium Azide
406.9369809477284,0.000205176550455906,3_trailing,Raman,Sodium Azide
408.64680019540793,6.28480928149488e-05,3_trailing,Raman,Sodium Azide
410.3566194430875,7.801511268283058e-06,3_trailing,Raman,Sodium Azide
412.066438690767,0.0,3_trailing,Raman,Sodium Azide
413.7762579384465,2.927493382878644e-06,3_trailing,Raman,Sodium Azide
415.48607718612607,9.536610780560904e-05,3_trailing,Raman,Sodium Azide
417.19589643380556,4.232122677585196e-05,3_trailing,Raman,Sodium Azide
418.9057156814851,0.0,3_trailing,Raman,Sodium Azide
420.61553492916465,0.0,3_trailing,Raman,Sodium Azide
422.3253541768442,8.025482235419764e-06,3_trailing,Raman,Sodium Azide
424.0351734245237,0.01,3_trailing,Raman,Sodium Azide
425.74499267220324,0.0,3_trailing,Raman,Sodium Azide
427.4548119198828,0.0,3_trailing,Raman,Sodium Azide
429.1646311675623,0.0,3_trailing,Raman,Sodium Azide
430.8744504152418,2.7233854202889024e-05,3_trailing,Raman,Sodium Azide
432.5842696629214,9.464551280530107e-05,3_trailing,Raman,Sodium Azide
434.2940889106009,8.330771180808443e-06,3_trailing,Raman,Sodium Azide
436.0039081582804,0.000114561196160768,3_trailing,Raman,Sodium Azide
437.71372740595996,0.0,3_trailing,Raman,Sodium Azide
439.4235466536395,0.0,3_trailing,Raman,Sodium Azide
441.133365901319,0.0,3_trailing,Raman,Sodium Azide
442.84318514899854,5.4017149402511075e-05,3_trailing,Raman,Sodium Azide
444.5530043966781,0.0,3_trailing,Raman,Sodium Azide
446.26282364435764,0.0,3_trailing,Raman,Sodium Azide
447.97264289203713,0.0,3_trailing,Raman,Sodium Azide
449.6824621397167,0.01,3_trailing,Raman,Sodium Azide
451.3922813873962,0.0,3_trailing,Raman,Sodium Azide
453.1021006350757,0.0,3_trailing,Raman,Sodium Azide
454.81191988275526,0.0,3_trailing,Raman,Sodium Azide
456.5217391304348,0.00016836302125633847,3_trailing,Raman,Sodium Azide
458.23155837811436,6.497676315901523e-05,3_trailing,Raman,Sodium Azide
459.94137762579385,0.01023694067087444,3_trailing,Raman,Sodium Azide
461.6511968734734,0.0,3_trailing,Raman,Sodium Azide
463.36101612115294,3.3945108409993365e-05,3_trailing,Raman,Sodium Azide
465.07083536883243,0.0,3_trailing,Raman,Sodium Azide
466.780654616512,2.2393196564855176e-06,3_trailing,Raman,Sodium Azide
468.49047386419153,0.00020006533502934165,3_trailing,Raman,Sodium Azide
470.2002931118711,0.0,3_trailing,Raman,Sodium Azide
471.91011235955057,0.01,3_trailing,Raman,Sodium Azide
473.6199316072301,0.0,3_trailing,Raman,Sodium Azide
475.32975085490966,0.0,3_trailing,Raman,Sodium Azide
477.03957010258915,0.0,3_trailing,Raman,Sodium Azide
478.7493893502687,0.0001389866658624214,3_trailing,Raman,Sodium Azide
480.45920859794825,0.0001432792734047219,3_trailing,Raman,Sodium Azide
482.16902784562774,6.298683865388372e-05,3_trailing,Raman,Sodium Azide
483.8788470933073,0.0,3_trailing,Raman,Sodium Azide
485.58866634098683,3.011992795913146e-05,3_trailing,Raman,Sodium Azide
487.2984855886664,9.368256695536716e-05,3_trailing,Raman,Sodium Azide
489.00830483634587,4.208553512073039e-05,3_trailing,Raman,Sodium Azide
490.7181240840254,0.0,3_trailing,Raman,Sodium Azide
492.42794333170497,0.0001525205416022324,3_trailing,Raman,Sodium Azide
494.13776257938446,0.0,3_trailing,Raman,Sodium Azide
495.847581827064,0.01,3_trailing,Raman,Sodium Azide
497.55740107474355,6.771785117582432e-05,3_trailing,Raman,Sodium Azide
499.2672203224231,3.446995995616307e-05,3_trailing,Raman,Sodium Azide
500.9770395701026,6.0628691185076556e-05,3_trailing,Raman,Sodium Azide
502.68685881778214,5.777451779779508e-05,3_trailing,Raman,Sodium Azide
504.3966780654617,5.683879491139578e-05,3_trailing,Raman,Sodium Azide
506.1064973131412,0.0,3_trailing,Raman,Sodium Azide
507.8163165608207,0.0,3_trailing,Raman,Sodium Azide
509.52613580850027,1.4953484731871598e-05,3_trailing,Raman,Sodium Azide
511.2359550561798,0.0001634000537136102,3_trailing,Raman,Sodium Azide
512.9457743038594,0.0,3_trailing,Raman,Sodium Azide
514.6555935515388,6.489672494074822e-05,3_trailing,Raman,Sodium Azide
516.3654127992183,0.010012288866114626,3_trailing,Raman,Sodium Azide
518.0752320468979,0.00021985636950986245,3_trailing,Raman,Sodium Azide
519.7850512945774,0.0,3_trailing,Raman,Sodium Azide
521.494870542257,6.527234915292626e-05,3_trailing,Raman,Sodium Azide
523.2046897899365,0.0,3_trailing,Raman,Sodium Azide
524.9145090376161,0.0,3_trailing,Raman,Sodium Azide
526.6243282852955,0.0,3_trailing,Raman,Sodium Azide
528.3341475329751,0.00012774913501568025,3_trailing,Raman,Sodium Azide
530.0439667806546,6.860007259453626e-05,3_trailing,Raman,Sodium Azide
531.7537860283342,0.0,3_trailing,Raman,Sodium Azide
533.4636052760137,7.932701063739206e-05,3_trailing,Raman,Sodium Azide
535.1734245236933,0.0,3_trailing,Raman,Sodium Azide
536.8832437713728,0.010090903430379406,3_trailing,Raman,Sodium Azide
538.5930630190522,5.8971335484253443e-05,3_trailing,Raman,Sodium Azide
540.3028822667318,0.0,3_trailing,Raman,Sodium Azide
542.0127015144113,7.872716971115799e-05,3_trailing,Raman,Sodium Azide
543.7225207620909,0.0,3_trailing,Raman,Sodium Azide
545.4323400097704,0.010016297345205715,3_trailing,Raman,Sodium Azide
547.14215925745,0.0,3_trailing,Raman,Sodium Azide
548.8519785051295,0.0,3_trailing,Raman,Sodium Azide
550.561797752809,9.997416474334293e-05,3_trailing,Raman,Sodium Azide
552.2716170004885,0.0,3_trailing,Raman,Sodium Azide
553.981436248168,8.860726616831525e-05,3_trailing,Raman,Sodium Azide
555.6912554958476,0.01,3_trailing,Raman,Sodium Azide
557.4010747435271,0.0,3_trailing,Raman,Sodium Azide
559.1108939912067,0.0,3_trailing,Raman,Sodium Azide
560.8207132388862,1.676513522035565e-05,3_trailing,Raman,Sodium Azide
562.5305324865657,0.0,3_trailing,Raman,Sodium Azide
564.2403517342452,0.0,3_trailing,Raman,Sodium Azide
565.9501709819248,0.010119788921727227,3_trailing,Raman,Sodium Azide
567.6599902296043,0.00012859843350695015,3_trailing,Raman,Sodium Azide
569.3698094772839,0.0,3_trailing,Raman,Sodium Azide
571.0796287249634,0.01,3_trailing,Raman,Sodium Azide
572.789447972643,0.0,3_trailing,Raman,Sodium Azide
574.4992672203224,0.00023977840088891162,3_trailing,Raman,Sodium Azide
576.2090864680019,2.0181510597723746e-06,3_trailing,Raman,Sodium Azide
577.9189057156815,0.00016991208733445595,3_trailing,Raman,Sodium Azide
579.628724963361,7.927228998496868e-05,3_trailing,Raman,Sodium Azide
581.3385442110406,0.0,3_trailing,Raman,Sodium Azide
583.0483634587201,0.0,3_trailing,Raman,Sodium Azide
584.7581827063997,8.437337897026763e-05,3_trailing,Raman,Sodium Azide
586.4680019540791,0.0,3_trailing,Raman,Sodium Azide
588.1778212017587,0.0,3_trailing,Raman,Sodium Azide
589.8876404494382,7.13765977689586e-05,3_trailing,Raman,Sodium Azide
591.5974596971178,0.0,3_trailing,Raman,Sodium Azide
593.3072789447973,0.0,3_trailing,Raman,Sodium Azide
595.0170981924769,0.0,3_trailing,Raman,Sodium Azide
596.7269174401564,0.0,3_trailing,Raman,Sodium Azide
598.4367366878358,4.8765268431330994e-05,3_trailing,Raman,Sodium Azide
600.1465559355154,4.124954464515724e-06,3_trailing,Raman,Sodium Azide
601.8563751831949,0.02,3_trailing,Raman,Sodium Azide
603.5661944308745,0.0,3_trailing,Raman,Sodium Azide
605.276013678554,0.0,3_trailing,Raman,Sodium Azide
606.9858329262336,0.0,3_trailing,Raman,Sodium Azide
608.6956521739131,6.49415523714287e-05,3_trailing,Raman,Sodium Azide
610.4054714215926,0.0,3_trailing,Raman,Sodium Azide
612.1152906692721,0.000292335959133276,3_trailing,Raman,Sodium Azide
613.8251099169516,0.00014991323209586165,3_trailing,Raman,Sodium Azide
615.5349291646312,0.00014939464911547466,3_trailing,Raman,Sodium Azide
617.2447484123107,0.0,3_trailing,Raman,Sodium Azide
618.9545676599903,0.0,3_trailing,Raman,Sodium Azide
620.6643869076698,0.0,3_trailing,Raman,Sodium Azide
622.3742061553493,3.194629330872292e-05,3_trailing,Raman,Sodium Azide
624.0840254030288,0.0,3_trailing,Raman,Sodium Azide
625.7938446507084,0.0,3_trailing,Raman,Sodium Azide
627.5036638983879,0.0,3_trailing,Raman,Sodium Azide
629.2134831460675,0.0,3_trailing,Raman,Sodium Azide
630.923302393747,0.0,3_trailing,Raman,Sodium Azide
632.6331216414266,0.01,3_trailing,Raman,Sodium Azide
634.342940889106,0.0,3_trailing,Raman,Sodium Azide
636.0527601367855,0.0,3_trailing,Raman,Sodium Azide
637.7625793844651,0.0001790389596937445,3_trailing,Raman,Sodium Azide
639.4723986321446,7.67958700376693e-05,3_trailing,Raman,Sodium Azide
641.1822178798242,0.0001035438601243619,3_trailing,Raman,Sodium Azide
642.8920371275037,2.973279542480835e-05,3_trailing,Raman,Sodium Azide
644.6018563751833,0.0,3_trailing,Raman,Sodium Azide
646.3116756228627,8.004558375710667e-05,3_trailing,Raman,Sodium Azide
648.0214948705423,0.00014592713643731946,3_trailing,Raman,Sodium Azide
649.7313141182218,0.00016168531616170202,3_trailing,Raman,Sodium Azide
651.4411333659014,6.765215499859085e-05,3_trailing,Raman,Sodium Azide
653.1509526135809,3.8685738853971517e-07,3_trailing,Raman,Sodium Azide
654.8607718612604,7.866667230663199e-08,3_trailing,Raman,Sodium Azide
656.5705911089399,5.6332869778864114e-05,3_trailing,Raman,Sodium Azide
658.2804103566194,0.0,3_trailing,Raman,Sodium Azide
659.990229604299,6.928087968337893e-05,3_trailing,Raman,Sodium Azide
661.7000488519785,0.0,3_trailing,Raman,Sodium Azide
663.4098680996581,0.0002389979423751235,3_trailing,Raman,Sodium Azide
665.1196873473376,0.0,3_trailing,Raman,Sodium Azide
666.8295065950172,2.1321203423613235e-05,3_trailing,Raman,Sodium Azide
668.5393258426966,1.5942415146133695e-05,3_trailing,Raman,Sodium Azide
670.2491450903761,0.0,3_trailing,Raman,Sodium Azide
671.9589643380557,4.9718943330012304e-05,3_trailing,Raman,Sodium Azide
673.6687835857352,3.727542966069491e-05,3_trailing,Raman,Sodium Azide
675.3786028334148,0.010110819943054985,3_trailing,Raman,Sodium Azide
677.0884220810943,7.81582601577096e-05,3_trailing,Raman,Sodium Azide
678.7982413287739,2.0546731292188595e-05,3_trailing,Raman,Sodium Azide
680.5080605764533,0.0,3_trailing,Raman,Sodium Azide
682.2178798241329,0.0,3_trailing,Raman,Sodium Azide
683.9276990718124,0.00017935461877462768,3_trailing,Raman,Sodium Azide
685.637518319492,9.758055792579235e-06,3_trailing,Raman,Sodium Azide
687.3473375671715,0.00022468827956809457,3_trailing,Raman,Sodium Azide
689.057156814851,0.01,3_trailing,Raman,Sodium Azide
690.7669760625306,0.00023736356390001255,3_trailing,Raman,Sodium Azide
692.47679531021,0.0,3_trailing,Raman,Sodium Azide
694.1866145578896,0.0,3_trailing,Raman,Sodium Azide
695.8964338055691,4.8134556049071266e-05,3_trailing,Raman,Sodium Azide
697.6062530532487,0.0001081409982057148,3_trailing,Raman,Sodium Azide
699.3160723009282,7.363264756038078e-05,3_trailing,Raman,Sodium Azide
701.0258915486078,0.0,3_trailing,Raman,Sodium Azide
702.7357107962873,0.0,3_trailing,Raman,Sodium Azide
704.4455300439668,0.01,3_trailing,Raman,Sodium Azide
706.1553492916463,0.0,3_trailing,Raman,Sodium Azide
707.8651685393259,0.0,3_trailing,Raman,Sodium Azide
709.5749877870054,0.0,3_trailing,Raman,Sodium Azide
711.284807034685,0.00010843428024485147,3_trailing,Raman,Sodium Azide
712.9946262823645,8.087768407416743e-05,3_trailing,Raman,Sodium Azide
714.704445530044,0.00017537253463058376,3_trailing,Raman,Sodium Azide
716.4142647777235,0.01,3_trailing,Raman,Sodium Azide
718.124084025403,0.0,3_trailing,Raman,Sodium Azide
719.8339032730826,0.00011410614504325067,3_trailing,Raman,Sodium Azide
721.5437225207621,0.00012228238099798062,3_trailing,Raman,Sodium Azide
723.2535417684417,0.00014614913391515952,3_trailing,Raman,Sodium Azide
724.9633610161212,0.0001251426530554299,3_trailing,Raman,Sodium Azide
726.6731802638008,2.4133873705914594e-05,3_trailing,Raman,Sodium Azide
728.3829995114802,0.01,3_trailing,Raman,Sodium Azide
730.0928187591597,7.987630962601547e-05,3_trailing,Raman,Sodium Azide
731.8026380068393,0.0,3_trailing,Raman,Sodium Azide
733.5124572545188,1.1857592127713095e-05,3_trailing,Raman,Sodium Azide
735.2222765021984,0.0,3_trailing,Raman,Sodium Azide
736.9320957498779,2.930210349067897e-05,3_trailing,Raman,Sodium Azide
738.6419149975575,0.00013468999263703925,3_trailing,Raman,Sodium Azide
740.3517342452369,0.0,3_trailing,Raman,Sodium Azide
742.0615534929165,0.01,3_trailing,Raman,Sodium Azide
743.771372740596,0.01,3_trailing,Raman,Sodium Azide
745.4811919882756,0.0,3_trailing,Raman,Sodium Azide
747.1910112359551,7.22875854367513e-05,3_trailing,Raman,Sodium Azide
748.9008304836346,1.3135087493873499e-05,3_trailing,Raman,Sodium Azide
750.6106497313142,0.0,3_trailing,Raman,Sodium Azide
752.3204689789936,3.606882622248164e-05,3_trailing,Raman,Sodium Azide
754.0302882266732,0.0,3_trailing,Raman,Sodium Azide
755.7401074743527,0.01015189896481831,3_trailing,Raman,Sodium Azide
757.4499267220323,0.0,3_trailing,Raman,Sodium Azide
759.1597459697118,0.0,3_trailing,Raman,Sodium Azide
760.8695652173914,9.405998136895737e-05,3_trailing,Raman,Sodium Azide
762.5793844650709,6.664940784154564e-05,3_trailing,Raman,Sodium Azide
764.2892037127503,0.00021657140196109905,3_trailing,Raman,Sodium Azide
765.9990229604299,0.01,3_trailing,Raman,Sodium Azide
767.7088422081094,0.0,3_trailing,Raman,Sodium Azide
769.418661455789,0.02,3_trailing,Raman,Sodium Azide
771.1284807034685,1.5088859088665213e-05,3_trailing,Raman,Sodium Azide
772.8382999511481,0.0,3_trailing,Raman,Sodium Azide
774.5481191988276,0.0,3_trailing,Raman,Sodium Azide
776.2579384465071,0.0,3_trailing,Raman,Sodium Azide
777.9677576941866,0.0,3_trailing,Raman,Sodium Azide
779.6775769418662,0.00016773612734891647,3_trailing,Raman,Sodium Azide
781.3873961895457,0.0,3_trailing,Raman,Sodium Azide
783.0972154372253,0.0,3_trailing,Raman,Sodium Azide
784.8070346849048,0.0,3_trailing,Raman,Sodium Azide
786.5168539325844,0.0,3_trailing,Raman,Sodium Azide
788.2266731802638,0.0,3_trailing,Raman,Sodium Azide
789.9364924279433,0.01,3_trailing,Raman,Sodium Azide
791.6463116756229,7.852662382237353e-05,3_trailing,Raman,Sodium Azide
793.3561309233024,0.0,3_trailing,Raman,Sodium Azide
795.065950170982,4.968716221183536e-05,3_trailing,Raman,Sodium Azide
796.7757694186615,6.828579040773941e-05,3_trailing,Raman,Sodium Azide
798.4855886663411,0.010074000956260168,3_trailing,Raman,Sodium Azide
800.1954079140205,0.00011277031285584058,3_trailing,Raman,Sodium Azide
801.9052271617,0.0,3_trailing,Raman,Sodium Azide
803.6150464093796,5.938738823790959e-05,3_trailing,Raman,Sodium Azide
805.3248656570591,0.00019163176823429093,3_trailing,Raman,Sodium Azide
807.0346849047387,0.00015222825367667997,3_trailing,Raman,Sodium Azide
808.7445041524182,0.00020536559461156357,3_trailing,Raman,Sodium Azide
810.4543234000977,2.7023352230002464e-05,3_trailing,Raman,Sodium Azide
812.1641426477772,0.0,3_trailing,Raman,Sodium Azide
813.8739618954568,0.0,3_trailing,Raman,Sodium Azide
815.5837811431363,0.0,3_trailing,Raman,Sodium Azide
817.2936003908159,0.0,3_trailing,Raman,Sodium Azide
819.0034196384954,0.0,3_trailing,Raman,Sodium Azide
820.713238886175,0.0,3_trailing,Raman,Sodium Azide
822.4230581338544,3.78181939483842e-05,3_trailing,Raman,Sodium Azide
824.132877381534,2.2202414903805206e-05,3_trailing,Raman,Sodium Azide
825.8426966292135,5.604691766286124e-06,3_trailing,Raman,Sodium Azide
827.552515876893,8.604459115350368e-05,3_trailing,Raman,Sodium Azide
829.2623351245726,0.01,3_trailing,Raman,Sodium Azide
830.9721543722521,0.0001196630785932725,3_trailing,Raman,Sodium Azide
832.6819736199317,0.0,3_trailing,Raman,Sodium Azide
834.3917928676111,0.0,3_trailing,Raman,Sodium Azide
836.1016121152907,3.575688505821403e-05,3_trailing,Raman,Sodium Azide
837.8114313629702,0.0,3_trailing,Raman,Sodium Azide
839.5212506106498,0.0,3_trailing,Raman,Sodium Azide
841.2310698583293,7.833121493632154e-05,3_trailing,Raman,Sodium Azide
842.9408891060089,0.0,3_trailing,Raman,Sodium Azide
844.6507083536884,0.0,3_trailing,Raman,Sodium Azide
846.3605276013678,0.0,3_trailing,Raman,Sodium Azide
848.0703468490474,0.0,3_trailing,Raman,Sodium Azide
849.7801660967269,5.5225633608583454e-05,3_trailing,Raman,Sodium Azide
851.4899853444065,1.4329586973478555e-05,3_trailing,Raman,Sodium Azide
853.199804592086,0.0,3_trailing,Raman,Sodium Azide
854.9096238397656,0.0,3_trailing,Raman,Sodium Azide
856.6194430874451,0.0,3_trailing,Raman,Sodium Azide
858.3292623351246,5.216005427315151e-06,3_trailing,Raman,Sodium Azide
860.0390815828041,0.0,3_trailing,Raman,Sodium Azide
861.7489008304836,3.9771487958549654e-05,3_trailing,Raman,Sodium Azide
863.4587200781632,0.010036080331508646,3_trailing,Raman,Sodium Azide
865.1685393258427,0.020059549812805853,3_trailing,Raman,Sodium Azide
866.8783585735223,0.0,3_trailing,Raman,Sodium Azide
868.5881778212018,0.0,3_trailing,Raman,Sodium Azide
870.2979970688813,0.00011840583643936444,3_trailing,Raman,Sodium Azide
872.0078163165608,0.0,3_trailing,Raman,Sodium Azide
873.7176355642404,0.0,3_trailing,Raman,Sodium Azide
875.4274548119199,0.0,3_trailing,Raman,Sodium Azide
877.1372740595995,0.0,3_trailing,Raman,Sodium Azide
878.847093307279,1.5700192693813565e-05,3_trailing,Raman,Sodium Azide
880.5569125549586,0.0,3_trailing,Raman,Sodium Azide
882.266731802638,0.0,3_trailing,Raman,Sodium Azide
883.9765510503175,0.01013088824079769,3_trailing,Raman,Sodium Azide
885.6863702979971,5.7637710981278534e-05,3_trailing,Raman,Sodium Azide
887.3961895456766,1.913110005202866e-05,3_trailing,Raman,Sodium Azide
889.1060087933562,0.01,3_trailing,Raman,Sodium Azide
890.8158280410357,0.01,3_trailing,Raman,Sodium Azide
892.5256472887153,0.0,3_trailing,Raman,Sodium Azide
894.2354665363947,0.0,3_trailing,Raman,Sodium Azide
895.9452857840743,0.0001794218036830785,3_trailing,Raman,Sodium Azide
897.6551050317538,5.993486488992782e-06,3_trailing,Raman,Sodium Azide
899.3649242794334,0.0,3_trailing,Raman,Sodium Azide
901.0747435271129,0.0,3_trailing,Raman,Sodium Azide
902.7845627747924,3.7084481792266306e-05,3_trailing,Raman,Sodium Azide
904.494382022472,3.5099038925349845e-05,3_trailing,Raman,Sodium Azide
906.2042012701514,0.0,3_trailing,Raman,Sodium Azide
907.914020517831,0.0,3_trailing,Raman,Sodium Azide
909.6238397655105,0.0,3_trailing,Raman,Sodium Azide
911.3336590131901,0.0,3_trailing,Raman,Sodium Azide
913.0434782608696,0.0,3_trailing,Raman,Sodium Azide
914.7532975085492,0.0,3_trailing,Raman,Sodium Azide
916.4631167562287,0.0001708316821525429,3_trailing,Raman,Sodium Azide
918.1729360039081,0.0,3_trailing,Raman,Sodium Azide
919.8827552515877,0.010033808834520886,3_trailing,Raman,Sodium Azide
921.5925744992672,0.00017949356135698073,3_trailing,Raman,Sodium Azide
923.3023937469468,0.0,3_trailing,Raman,Sodium Azide
925.0122129946263,0.0,3_trailing,Raman,Sodium Azide
926.7220322423059,0.0,3_trailing,Raman,Sodium Azide
928.4318514899854,0.0,3_trailing,Raman,Sodium Azide
930.1416707376649,0.0,3_trailing,Raman,Sodium Azide
931.8514899853444,0.00013514568573517975,3_trailing,Raman,Sodium Azide
933.561309233024,0.00010139379111485495,3_trailing,Raman,Sodium Azide
935.2711284807035,0.00013841309372543843,3_trailing,Raman,Sodium Azide
936.9809477283831,0.0,3_trailing,Raman,Sodium Azide
938.6907669760626,0.0,3_trailing,Raman,Sodium Azide
940.4005862237422,0.00025676360536837085,3_trailing,Raman,Sodium Azide
942.1104054714216,3.718993082845158e-05,3_trailing,Raman,Sodium Azide
943.8202247191011,0.0,3_trailing,Raman,Sodium Azide
945.5300439667807,0.00029285757122656517,3_trailing,Raman,Sodium Azide
947.2398632144602,7.864814526452962e-06,3_trailing,Raman,Sodium Azide
948.9496824621398,0.0,3_trailing,Raman,Sodium Azide
950.6595017098193,0.0001779606749363771,3_trailing,Raman,Sodium Azide
952.3693209574988,0.0,3_trailing,Raman,Sodium Azide
954.0791402051783,5.620260545615173e-05,3_trailing,Raman,Sodium Azide
955.7889594528579,0.010118670884943956,3_trailing,Raman,Sodium Azide
957.4987787005374,0.0001043204128086144,3_trailing,Raman,Sodium Azide
959.208597948217,0.00020240477020489508,3_trailing,Raman,Sodium Azide
960.9184171958965,0.0001484380185106708,3_trailing,Raman,Sodium Azide
962.628236443576,0.00024425007685644786,3_trailing,Raman,Sodium Azide
964.3380556912555,3.9842115054105534e-05,3_trailing,Raman,Sodium Azide
966.047874938935,1.2874442374156579e-05,3_trailing,Raman,Sodium Azide
967.7576941866146,2.9730691183692883e-05,3_trailing,Raman,Sodium Azide
969.4675134342941,0.0002278944962437355,3_trailing,Raman,Sodium Azide
971.1773326819737,2.6553794517146845e-05,3_trailing,Raman,Sodium Azide
972.8871519296532,0.00020897614949899645,3_trailing,Raman,Sodium Azide
974.5969711773328,5.5144704606490056e-05,3_trailing,Raman,Sodium Azide
976.3067904250122,0.00010249108237931064,3_trailing,Raman,Sodium Azide
978.0166096726917,0.0003943175438081627,3_trailing,Raman,Sodium Azide
979.7264289203713,0.0004455769575589259,3_trailing,Raman,Sodium Azide
981.4362481680508,0.0004383491243728397,3_trailing,Raman,Sodium Azide
983.1460674157304,0.0011792146620959955,3_trailing,Raman,Sodium Azide
984.8558866634099,0.0021944652732883087,3_trailing,Raman,Sodium Azide
986.5657059110895,0.004313256794852276,3_trailing,Raman,Sodium Azide
988.2755251587689,0.006291113044613616,3_trailing,Raman,Sodium Azide
989.9853444064485,0.017151125140601055,3_trailing,Raman,Sodium Azide
991.695163654128,0.006478633561118156,3_trailing,Raman,Sodium Azide
993.4049829018076,0.004434372705108416,3_trailing,Raman,Sodium Azide
995.1148021494871,0.0027656319310796974,3_trailing,Raman,Sodium Azide
996.8246213971667,0.0013439079669961902,3_trailing,Raman,Sodium Azide
998.5344406448462,0.0007381733261592404,3_trailing,Raman,Sodium Azide
1000.2442598925256,0.010430929155918105,3_trailing,Raman,Sodium Azide
1001.9540791402052,0.0002389392531739493,3_trailing,Raman,Sodium Azide
1003.6638983878847,0.0001242179593435894,3_trailing,Raman,Sodium Azide
1005.3737176355643,0.00012328855792403972,3_trailing,Raman,Sodium Azide
1007.0835368832438,9.743845525139397e-05,3_trailing,Raman,Sodium Azide
1008.7933561309234,8.577063267524002e-05,3_trailing,Raman,Sodium Azide
1010.5031753786029,0.010148441677533884,3_trailing,Raman,Sodium Azide
1012.2129946262824,9.97856178343932e-05,3_trailing,Raman,Sodium Azide
1013.9228138739619,1.8598511383460114e-06,3_trailing,Raman,Sodium Azide
1015.6326331216414,0.01,3_trailing,Raman,Sodium Azide
1017.342452369321,0.010067994677719422,3_trailing,Raman,Sodium Azide
1019.0522716170005,0.0,3_trailing,Raman,Sodium Azide
1020.7620908646801,0.0,3_trailing,Raman,Sodium Azide
1022.4719101123596,0.0,3_trailing,Raman,Sodium Azide
1024.181729360039,0.000289803794779433,3_trailing,Raman,Sodium Azide
1025.8915486077187,0.0,3_trailing,Raman,Sodium Azide
1027.6013678553982,0.0,3_trailing,Raman,Sodium Azide
1029.3111871030776,0.0,3_trailing,Raman,Sodium Azide
1031.0210063507573,0.0,3_trailing,Raman,Sodium Azide
1032.7308255984367,0.01012562466209866,3_trailing,Raman,Sodium Azide
1034.4406448461164,0.0,3_trailing,Raman,Sodium Azide
1036.1504640937958,0.0,3_trailing,Raman,Sodium Azide
1037.8602833414755,0.00016859314963591057,3_trailing,Raman,Sodium Azide
1039.5701025891549,4.1528792759499796e-05,3_trailing,Raman,Sodium Azide
1041.2799218368343,5.761535720333888e-05,3_trailing,Raman,Sodium Azide
1042.989741084514,0.01008171778384347,3_trailing,Raman,Sodium Azide
1044.6995603321934,0.0,3_trailing,Raman,Sodium Azide
1046.409379579873,9.31139265726951e-06,3_trailing,Raman,Sodium Azide
1048.1191988275525,9.819176171003392e-05,3_trailing,Raman,Sodium Azide
1049.8290180752322,0.01,3_trailing,Raman,Sodium Azide
1051.5388373229116,4.1569521339184674e-05,3_trailing,Raman,Sodium Azide
1053.248656570591,6.670596984223601e-05,3_trailing,Raman,Sodium Azide
1054.9584758182707,0.0,3_trailing,Raman,Sodium Azide
1056.6682950659501,0.0,3_trailing,Raman,Sodium Azide
1058.3781143136298,0.0,3_trailing,Raman,Sodium Azide
1060.0879335613092,3.0993012918003675e-05,3_trailing,Raman,Sodium Azide
1061.797752808989,0.010209833596654085,3_trailing,Raman,Sodium Azide
1063.5075720566683,0.0,3_trailing,Raman,Sodium Azide
1065.2173913043478,0.0,3_trailing,Raman,Sodium Azide
1066.9272105520274,0.00011486430939511623,3_trailing,Raman,Sodium Azide
1068.6370297997069,3.3881101565456135e-05,3_trailing,Raman,Sodium Azide
1070.3468490473865,0.0,3_trailing,Raman,Sodium Azide
1072.056668295066,0.000169629750107301,3_trailing,Raman,Sodium Azide
1073.7664875427456,2.5861034922800676e-05,3_trailing,Raman,Sodium Azide
1075.476306790425,0.0,3_trailing,Raman,Sodium Azide
1077.1861260381045,0.0,3_trailing,Raman,Sodium Azide
1078.8959452857841,0.010067867135870172,3_trailing,Raman,Sodium Azide
1080.6057645334636,0.0,3_trailing,Raman,Sodium Azide
1082.3155837811432,0.00017352879002066124,3_trailing,Raman,Sodium Azide
1084.0254030288227,0.00013958011164047,3_trailing,Raman,Sodium Azide
1085.7352222765023,4.3918173759179915e-06,3_trailing,Raman,Sodium Azide
1087.4450415241818,1.0010507294158026e-05,3_trailing,Raman,Sodium Azide
1089.1548607718612,0.0,3_trailing,Raman,Sodium Azide
1090.8646800195409,0.0,3_trailing,Raman,Sodium Azide
1092.5744992672203,0.0,3_trailing,Raman,Sodium Azide
1094.2843185149,0.0,3_trailing,Raman,Sodium Azide
1095.9941377625794,9.569539578823318e-06,3_trailing,Raman,Sodium Azide
1097.703957010259,0.0,3_trailing,Raman,Sodium Azide
1099.4137762579385,7.708618905912589e-05,3_trailing,Raman,Sodium Azide
1101.123595505618,0.0,3_trailing,Raman,Sodium Azide
1102.8334147532976,4.6990634113595585e-05,3_trailing,Raman,Sodium Azide
1104.543234000977,0.010089637645242379,3_trailing,Raman,Sodium Azide
1106.2530532486567,0.00014356301855207156,3_trailing,Raman,Sodium Azide
1107.962872496336,0.00012080771343449686,3_trailing,Raman,Sodium Azide
1109.6726917440158,0.00018119795761042476,3_trailing,Raman,Sodium Azide
1111.3825109916952,9.026166342425911e-05,3_trailing,Raman,Sodium Azide
1113.0923302393746,2.02206146721154e-05,3_trailing,Raman,Sodium Azide
1114.8021494870543,0.0,3_trailing,Raman,Sodium Azide
1116.5119687347337,0.0,3_trailing,Raman,Sodium Azide
1118.2217879824134,0.00017797465355988244,3_trailing,Raman,Sodium Azide
1119.9316072300928,0.0,3_trailing,Raman,Sodium Azide
1121.6414264777725,1.2804567094081139e-06,3_trailing,Raman,Sodium Azide
1123.351245725452,0.0001612732645395895,3_trailing,Raman,Sodium Azide
1125.0610649731314,0.0,3_trailing,Raman,Sodium Azide
1126.770884220811,0.0,3_trailing,Raman,Sodium Azide
1128.4807034684904,0.0001240829232957372,3_trailing,Raman,Sodium Azide
1130.19052271617,0.0,3_trailing,Raman,Sodium Azide
1131.9003419638495,0.010045206509433614,3_trailing,Raman,Sodium Azide
1133.6101612115292,2.6264225652630605e-05,3_trailing,Raman,Sodium Azide
1135.3199804592086,3.5617452749474936e-05,3_trailing,Raman,Sodium Azide
1137.029799706888,0.0,3_trailing,Raman,Sodium Azide
1138.7396189545677,8.57557522672168e-05,3_trailing,Raman,Sodium Azide
1140.4494382022472,0.0,3_trailing,Raman,Sodium Azide
1142.1592574499268,6.795416954794413e-05,3_trailing,Raman,Sodium Azide
1143.8690766976063,5.544685282372114e-05,3_trailing,Raman,Sodium Azide
1145.578895945286,3.544584021321347e-05,3_trailing,Raman,Sodium Azide
1147.2887151929654,0.01,3_trailing,Raman,Sodium Azide
1148.9985344406448,0.0,3_trailing,Raman,Sodium Azide
1150.7083536883245,0.0,3_trailing,Raman,Sodium Azide
1152.4181729360039,1.973089298225719e-05,3_trailing,Raman,Sodium Azide
1154.1279921836835,0.0,3_trailing,Raman,Sodium Azide
1155.837811431363,0.00010302672613747579,3_trailing,Raman,Sodium Azide
1157.5476306790426,0.0,3_trailing,Raman,Sodium Azide
1159.257449926722,0.0,3_trailing,Raman,Sodium Azide
1160.9672691744015,6.539443271871506e-05,3_trailing,Raman,Sodium Azide
1162.6770884220812,0.0002042982969629193,3_trailing,Raman,Sodium Azide
1164.3869076697606,0.0,3_trailing,Raman,Sodium Azide
1166.0967269174403,0.0,3_trailing,Raman,Sodium Azide
1167.8065461651197,0.00011594450795909296,3_trailing,Raman,Sodium Azide
1169.5163654127994,0.01006254941074255,3_trailing,Raman,Sodium Azide
1171.2261846604788,6.808408545783305e-05,3_trailing,Raman,Sodium Azide
1172.9360039081582,4.243734479659176e-06,3_trailing,Raman,Sodium Azide
1174.645823155838,0.0,3_trailing,Raman,Sodium Azide
1176.3556424035173,2.8772830143730123e-05,3_trailing,Raman,Sodium Azide
1178.065461651197,4.124836946781627e-05,3_trailing,Raman,Sodium Azide
1179.7752808988764,0.00012251313687455104,3_trailing,Raman,Sodium Azide
1181.485100146556,0.0,3_trailing,Raman,Sodium Azide
1183.1949193942355,0.00018265554117052706,3_trailing,Raman,Sodium Azide
1184.904738641915,0.0,3_trailing,Raman,Sodium Azide
1186.6145578895946,0.0,3_trailing,Raman,Sodium Azide
1188.324377137274,0.01,3_trailing,Raman,Sodium Azide
1190.0341963849537,0.0001138348989715682,3_trailing,Raman,Sodium Azide
1191.7440156326331,0.0,3_trailing,Raman,Sodium Azide
1193.4538348803128,6.903842280391708e-05,3_trailing,Raman,Sodium Azide
1195.1636541279922,0.0,3_trailing,Raman,Sodium Azide
1196.8734733756717,0.0,3_trailing,Raman,Sodium Azide
1198.5832926233513,0.01,3_trailing,Raman,Sodium Azide
1200.2931118710308,8.55672579359267e-05,3_trailing,Raman,Sodium Azide
1202.0029311187104,0.0,3_trailing,Raman,Sodium Azide
1203.7127503663899,6.091821270785185e-05,3_trailing,Raman,Sodium Azide
1205.4225696140695,0.01,3_trailing,Raman,Sodium Azide
1207.132388861749,0.010057689709059047,3_trailing,Raman,Sodium Azide
1208.8422081094284,0.0,3_trailing,Raman,Sodium Azide
1210.552027357108,0.010080668658263956,3_trailing,Raman,Sodium Azide
1212.2618466047875,5.831126660963191e-05,3_trailing,Raman,Sodium Azide
1213.9716658524671,2.183490777035431e-05,3_trailing,Raman,Sodium Azide
1215.6814851001466,0.0,3_trailing,Raman,Sodium Azide
1217.3913043478262,0.0,3_trailing,Raman,Sodium Azide
1219.1011235955057,0.01,3_trailing,Raman,Sodium Azide
1220.810942843185,0.010154945953604798,3_trailing,Raman,Sodium Azide
1222.5207620908648,8.489420302883786e-05,3_trailing,Raman,Sodium Azide
1224.2305813385442,4.657656067646547e-06,3_trailing,Raman,Sodium Azide
1225.9404005862239,0.0,3_trailing,Raman,Sodium Azide
1227.6502198339033,0.0,3_trailing,Raman,Sodium Azide
1229.360039081583,1.3786552143054754e-05,3_trailing,Raman,Sodium Azide
1231.0698583292624,0.0001996783748527585,3_trailing,Raman,Sodium Azide
1232.7796775769418,1.1801124925111403e-06,3_trailing,Raman,Sodium Azide
1234.4894968246215,0.00013038143223081985,3_trailing,Raman,Sodium Azide
1236.199316072301,3.0305846798095927e-05,3_trailing,Raman,Sodium Azide
1237.9091353199806,6.129505396324185e-05,3_trailing,Raman,Sodium Azide
1239.61895456766,0.0,3_trailing,Raman,Sodium Azide
1241.3287738153397,0.0,3_trailing,Raman,Sodium Azide
1243.038593063019,0.0,3_trailing,Raman,Sodium Azide
1244.7484123106985,3.339561896033818e-05,3_trailing,Raman,Sodium Azide
1246.4582315583782,0.0,3_trailing,Raman,Sodium Azide
1248.1680508060576,3.9357266752342765e-05,3_trailing,Raman,Sodium Azide
1249.8778700537373,0.0,3_trailing,Raman,Sodium Azide
1251.5876893014167,0.010049699175755124,3_trailing,Raman,Sodium Azide
1253.2975085490964,0.010018706029470699,3_trailing,Raman,Sodium Azide
1255.0073277967758,1.5239411987382514e-05,3_trailing,Raman,Sodium Azide
1256.7171470444553,4.251314864669114e-05,3_trailing,Raman,Sodium Azide
1258.426966292135,0.0,3_trailing,Raman,Sodium Azide
1260.1367855398144,0.02041169464842975,3_trailing,Raman,Sodium Azide
1261.846604787494,5.103876373959918e-05,3_trailing,Raman,Sodium Azide
1263.5564240351734,1.178061243935207e-05,3_trailing,Raman,Sodium Azide
1265.266243282853,8.057880681222756e-05,3_trailing,Raman,Sodium Azide
1266.9760625305325,0.0,3_trailing,Raman,Sodium Azide
1268.685881778212,0.0,3_trailing,Raman,Sodium Azide
1270.3957010258916,8.687224389978358e-05,3_trailing,Raman,Sodium Azide
1272.105520273571,9.645809903920703e-05,3_trailing,Raman,Sodium Azide
1273.8153395212507,0.010129145587184309,3_trailing,Raman,Sodium Azide
1275.5251587689302,0.0,3_trailing,Raman,Sodium Azide
1277.2349780166098,0.0,3_trailing,Raman,Sodium Azide
1278.9447972642893,3.5992466120052004e-05,3_trailing,Raman,Sodium Azide
1280.6546165119687,0.010078195529227181,3_trailing,Raman,Sodium Azide
1282.3644357596484,0.010057261348599736,3_trailing,Raman,Sodium Azide
1284.0742550073278,0.0,3_trailing,Raman,Sodium Azide
1285.7840742550075,0.010055975165006545,3_trailing,Raman,Sodium Azide
1287.493893502687,3.506389822901321e-05,3_trailing,Raman,Sodium Azide
1289.2037127503665,3.476592804054555e-05,3_trailing,Raman,Sodium Azide
1290.913531998046,0.0,3_trailing,Raman,Sodium Azide
1292.6233512457254,0.0,3_trailing,Raman,Sodium Azide
1294.333170493405,0.0001961277054358999,3_trailing,Raman,Sodium Azide
1296.0429897410845,0.01010687414849269,3_trailing,Raman,Sodium Azide
1297.7528089887642,0.0,3_trailing,Raman,Sodium Azide
1299.4626282364436,0.01,3_trailing,Raman,Sodium Azide
1301.1724474841233,0.00024047211648591131,3_trailing,Raman,Sodium Azide
1302.8822667318027,5.222338669210824e-06,3_trailing,Raman,Sodium Azide
1304.5920859794821,0.0,3_trailing,Raman,Sodium Azide
1306.3019052271618,0.0,3_trailing,Raman,Sodium Azide
1308.0117244748412,0.0,3_trailing,Raman,Sodium Azide
1309.721543722521,0.0,3_trailing,Raman,Sodium Azide
1311.4313629702003,5.657159111080373e-05,3_trailing,Raman,Sodium Azide
1313.1411822178798,0.00013634857119042236,3_trailing,Raman,Sodium Azide
1314.8510014655594,0.000137548793577317,3_trailing,Raman,Sodium Azide
1316.5608207132389,0.0,3_trailing,Raman,Sodium Azide
1318.2706399609185,0.0,3_trailing,Raman,Sodium Azide
1319.980459208598,3.6945510440325125e-05,3_trailing,Raman,Sodium Azide
1321.6902784562776,0.00014275547645706645,3_trailing,Raman,Sodium Azide
1323.400097703957,0.0,3_trailing,Raman,Sodium Azide
1325.1099169516365,0.0,3_trailing,Raman,Sodium Azide
1326.8197361993161,3.889351897789764e-05,3_trailing,Raman,Sodium Azide
1328.5295554469956,0.0,3_trailing,Raman,Sodium Azide
1330.2393746946752,0.0,3_trailing,Raman,Sodium Azide
1331.9491939423547,0.0,3_trailing,Raman,Sodium Azide
1333.6590131900343,0.01,3_trailing,Raman,Sodium Azide
1335.3688324377138,0.0,3_trailing,Raman,Sodium Azide
1337.0786516853932,0.00011602821298988323,3_trailing,Raman,Sodium Azide
1338.7884709330729,0.00016813866607695853,3_trailing,Raman,Sodium Azide
1340.4982901807523,3.4519345195340605e-06,3_trailing,Raman,Sodium Azide
1342.208109428432,7.90664485217298e-05,3_trailing,Raman,Sodium Azide
1343.9179286761114,0.0,3_trailing,Raman,Sodium Azide
1345.627747923791,0.0,3_trailing,Raman,Sodium Azide
1347.3375671714705,0.0,3_trailing,Raman,Sodium Azide
1349.04738641915,4.4709213050090436e-05,3_trailing,Raman,Sodium Azide
1350.7572056668296,0.0,3_trailing,Raman,Sodium Azide
1352.467024914509,0.0,3_trailing,Raman,Sodium Azide
1354.1768441621887,6.812900698081425e-05,3_trailing,Raman,Sodium Azide
1355.886663409868,2.5971132181564525e-05,3_trailing,Raman,Sodium Azide
1357.5964826575478,0.010084816656169327,3_trailing,Raman,Sodium Azide
1359.3063019052272,0.0,3_trailing,Raman,Sodium Azide
1361.0161211529066,0.0,3_trailing,Raman,Sodium Azide
1362.7259404005863,0.00011894687005111168,3_trailing,Raman,Sodium Azide
1364.4357596482657,8.224113798699215e-05,3_trailing,Raman,Sodium Azide
1366.1455788959454,0.00016970547109815425,3_trailing,Raman,Sodium Azide
1367.8553981436248,8.24493708511217e-06,3_trailing,Raman,Sodium Azide
1369.5652173913045,4.518906746042915e-05,3_trailing,Raman,Sodium Azide
1371.275036638984,0.00025185910910222595,3_trailing,Raman,Sodium Azide
1372.9848558866634,0.0,3_trailing,Raman,Sodium Azide
1374.694675134343,4.825841743579615e-05,3_trailing,Raman,Sodium Azide
1376.4044943820224,0.00013177148255218764,3_trailing,Raman,Sodium Azide
1378.114313629702,2.3177304353560893e-05,3_trailing,Raman,Sodium Azide
1379.8241328773815,7.37266626286444e-06,3_trailing,Raman,Sodium Azide
1381.5339521250612,0.01,3_trailing,Raman,Sodium Azide
1383.2437713727406,0.010158717113768175,3_trailing,Raman,Sodium Azide
1384.95359062042,0.00011568680637070147,3_trailing,Raman,Sodium Azide
1386.6634098680997,0.0001387633729780316,3_trailing,Raman,Sodium Azide
1388.3732291157792,0.0,3_trailing,Raman,Sodium Azide
1390.0830483634588,0.0,3_trailing,Raman,Sodium Azide
1391.7928676111383,0.0,3_trailing,Raman,Sodium Azide
1393.502686858818,0.0001837816839184425,3_trailing,Raman,Sodium Azide
1395.2125061064974,0.0,3_trailing,Raman,Sodium Azide
1396.9223253541768,0.00016029377214347935,3_trailing,Raman,Sodium Azide
1398.6321446018565,0.0,3_trailing,Raman,Sodium Azide
1400.341963849536,0.0,3_trailing,Raman,Sodium Azide
1402.0517830972155,0.0,3_trailing,Raman,Sodium Azide
1403.761602344895,6.221185234035496e-05,3_trailing,Raman,Sodium Azide
1405.4714215925746,8.316827438914705e-05,3_trailing,Raman,Sodium Azide
1407.181240840254,0.0,3_trailing,Raman,Sodium Azide
1408.8910600879335,0.00015973418920205422,3_trailing,Raman,Sodium Azide
1410.6008793356132,0.0,3_trailing,Raman,Sodium Azide
1412.3106985832926,7.67144009289948e-05,3_trailing,Raman,Sodium Azide
1414.0205178309723,8.201145084085826e-05,3_trailing,Raman,Sodium Azide
1415.7303370786517,0.010116114815769904,3_trailing,Raman,Sodium Azide
1417.4401563263314,0.0,3_trailing,Raman,Sodium Azide
1419.1499755740108,0.0001154322612092082,3_trailing,Raman,Sodium Azide
1420.8597948216902,0.0,3_trailing,Raman,Sodium Azide
1422.56961406937,0.0,3_trailing,Raman,Sodium Azide
1424.2794333170493,8.929849754941069e-05,3_trailing,Raman,Sodium Azide
1425.989252564729,0.00010395502633103378,3_trailing,Raman,Sodium Azide
1427.6990718124084,0.0,3_trailing,Raman,Sodium Azide
1429.408891060088,0.0,3_trailing,Raman,Sodium Azide
1431.1187103077675,0.00012972036702543023,3_trailing,Raman,Sodium Azide
1432.828529555447,5.14775729219936e-05,3_trailing,Raman,Sodium Azide
1434.5383488031266,0.010019796472448394,3_trailing,Raman,Sodium Azide
1436.248168050806,0.0,3_trailing,Raman,Sodium Azide
1437.9579872984857,4.756869176647721e-05,3_trailing,Raman,Sodium Azide
1439.6678065461651,0.0001318446214616582,3_trailing,Raman,Sodium Azide
1441.3776257938448,0.00025057406425707534,3_trailing,Raman,Sodium Azide
1443.0874450415242,0.01,3_trailing,Raman,Sodium Azide
1444.7972642892037,9.490974260084099e-05,3_trailing,Raman,Sodium Azide
1446.5070835368833,0.020200544791217537,3_trailing,Raman,Sodium Azide
1448.2169027845628,0.0,3_trailing,Raman,Sodium Azide
1449.9267220322424,0.00019451924416815362,3_trailing,Raman,Sodium Azide
1451.6365412799219,2.1825697580000774e-05,3_trailing,Raman,Sodium Azide
1453.3463605276015,0.01000823602413669,3_trailing,Raman,Sodium Azide
1455.056179775281,0.0,3_trailing,Raman,Sodium Azide
1456.7659990229604,0.0,3_trailing,Raman,Sodium Azide
1458.47581827064,0.0,3_trailing,Raman,Sodium Azide
1460.1856375183195,0.0,3_trailing,Raman,Sodium Azide
1461.8954567659991,4.871773792446655e-05,3_trailing,Raman,Sodium Azide
1463.6052760136786,0.00012035097761803035,3_trailing,Raman,Sodium Azide
1465.3150952613582,0.0,3_trailing,Raman,Sodium Azide
1467.0249145090377,0.0,3_trailing,Raman,Sodium Azide
1468.734733756717,2.7832936595609676e-05,3_trailing,Raman,Sodium Azide
1470.4445530043968,0.0,3_trailing,Raman,Sodium Azide
1472.1543722520762,2.6511334534344722e-05,3_trailing,Raman,Sodium Azide
1473.8641914997559,0.0,3_trailing,Raman,Sodium Azide
1475.5740107474353,0.0,3_trailing,Raman,Sodium Azide
1477.283829995115,5.108649010835062e-05,3_trailing,Raman,Sodium Azide
1478.9936492427944,0.0,3_trailing,Raman,Sodium Azide
1480.7034684904738,0.0001108731953348739,3_trailing,Raman,Sodium Azide
1482.4132877381535,0.0,3_trailing,Raman,Sodium Azide
1484.123106985833,0.0,3_trailing,Raman,Sodium Azide
1485.8329262335126,0.0,3_trailing,Raman,Sodium Azide
1487.542745481192,0.00013430480260341019,3_trailing,Raman,Sodium Azide
1489.2525647288717,0.010199108953581159,3_trailing,Raman,Sodium Azide
1490.962383976551,6.419913414982978e-05,3_trailing,Raman,Sodium Azide
1492.6722032242305,0.0,3_trailing,Raman,Sodium Azide
1494.3820224719102,3.647639119848922e-06,3_trailing,Raman,Sodium Azide
1496.0918417195896,0.0,3_trailing,Raman,Sodium Azide
1497.8016609672693,0.0,3_trailing,Raman,Sodium Azide
1499.5114802149487,0.0,3_trailing,Raman,Sodium Azide
1501.2212994626284,0.0,3_trailing,Raman,Sodium Azide
1502.9311187103078,0.0001055218638964786,3_trailing,Raman,Sodium Azide
1504.6409379579873,9.311442136286686e-05,3_trailing,Raman,Sodium Azide
1506.350757205667,0.010002621587516622,3_trailing,Raman,Sodium Azide
1508.0605764533464,0.00013610732543882932,3_trailing,Raman,Sodium Azide
1509.770395701026,6.397184480103498e-05,3_trailing,Raman,Sodium Azide
1511.4802149487055,0.0,3_trailing,Raman,Sodium Azide
1513.190034196385,0.0,3_trailing,Raman,Sodium Azide
1514.8998534440645,0.00016004732611301964,3_trailing,Raman,Sodium Azide
1516.609672691744,0.0,3_trailing,Raman,Sodium Azide
1518.3194919394236,0.0,3_trailing,Raman,Sodium Azide
1520.029311187103,7.815866888383431e-05,3_trailing,Raman,Sodium Azide
1521.7391304347827,0.0,3_trailing,Raman,Sodium Azide
1523.4489496824622,6.06961299065186e-05,3_trailing,Raman,Sodium Azide
1525.1587689301418,0.0,3_trailing,Raman,Sodium Azide
1526.8685881778213,0.0,3_trailing,Raman,Sodium Azide
1528.5784074255007,0.0,3_trailing,Raman,Sodium Azide
1530.2882266731804,0.0,3_trailing,Raman,Sodium Azide
1531.9980459208598,0.0,3_trailing,Raman,Sodium Azide
1533.7078651685395,6.799442426948349e-05,3_trailing,Raman,Sodium Azide
1535.417684416219,0.00013037233850384758,3_trailing,Raman,Sodium Azide
1537.1275036638986,0.0,3_trailing,Raman,Sodium Azide
1538.837322911578,0.0,3_trailing,Raman,Sodium Azide
1540.5471421592574,0.00012303120421921262,3_trailing,Raman,Sodium Azide
1542.256961406937,0.00012622739401197086,3_trailing,Raman,Sodium Azide
1543.9667806546165,7.820847637250552e-05,3_trailing,Raman,Sodium Azide
1545.6765999022962,0.0,3_trailing,Raman,Sodium Azide
1547.3864191499756,5.5753283194113545e-05,3_trailing,Raman,Sodium Azide
1549.0962383976553,5.969154556757937e-05,3_trailing,Raman,Sodium Azide
1550.8060576453347,9.739484597946286e-05,3_trailing,Raman,Sodium Azide
1552.5158768930141,1.6412560120431517e-05,3_trailing,Raman,Sodium Azide
1554.2256961406938,0.0,3_trailing,Raman,Sodium Azide
1555.9355153883732,0.01,3_trailing,Raman,Sodium Azide
1557.645334636053,0.0001272616425566769,3_trailing,Raman,Sodium Azide
1559.3551538837323,4.1101931097085126e-05,3_trailing,Raman,Sodium Azide
1561.064973131412,0.0,3_trailing,Raman,Sodium Azide
1562.7747923790914,0.01018445520919476,3_trailing,Raman,Sodium Azide
1564.4846116267709,0.00012493594063206463,3_trailing,Raman,Sodium Azide
1566.1944308744505,0.00017970390144843459,3_trailing,Raman,Sodium Azide
1567.90425012213,0.0001226406924681792,3_trailing,Raman,Sodium Azide
1569.6140693698096,0.0,3_trailing,Raman,Sodium Azide
1571.323888617489,3.574616372796827e-05,3_trailing,Raman,Sodium Azide
1573.0337078651687,6.52920439124477e-05,3_trailing,Raman,Sodium Azide
1574.7435271128481,0.0,3_trailing,Raman,Sodium Azide
1576.4533463605276,0.0,3_trailing,Raman,Sodium Azide
1578.1631656082072,8.040496239920899e-05,3_trailing,Raman,Sodium Azide
1579.8729848558867,8.897053820142675e-05,3_trailing,Raman,Sodium Azide
1581.5828041035663,0.0002559415366922027,3_trailing,Raman,Sodium Azide
1583.2926233512458,0.01,3_trailing,Raman,Sodium Azide
1585.0024425989254,0.0,3_trailing,Raman,Sodium Azide
1586.7122618466049,0.0,3_trailing,Raman,Sodium Azide
1588.4220810942843,9.121200802078067e-05,3_trailing,Raman,Sodium Azide
1590.131900341964,0.0,3_trailing,Raman,Sodium Azide
1591.8417195896434,1.1079864663615119e-05,3_trailing,Raman,Sodium Azide
1593.551538837323,0.0,3_trailing,Raman,Sodium Azide
1595.2613580850025,0.0001289828842319336,3_trailing,Raman,Sodium Azide
1596.9711773326821,8.053087255731086e-05,3_trailing,Raman,Sodium Azide
1598.6809965803616,0.0,3_trailing,Raman,Sodium Azide
1600.390815828041,0.0,3_trailing,Raman,Sodium Azide
1602.1006350757207,0.0,3_trailing,Raman,Sodium Azide
1603.8104543234,0.0,3_trailing,Raman,Sodium Azide
1605.5202735710798,0.01,3_trailing,Raman,Sodium Azide
1607.2300928187592,0.0,3_trailing,Raman,Sodium Azide
1608.9399120664386,0.0001009423118361042,3_trailing,Raman,Sodium Azide
1610.6497313141183,0.00010950855150390431,3_trailing,Raman,Sodium Azide
1612.3595505617977,0.0,3_trailing,Raman,Sodium Azide
1614.0693698094774,2.2195942840836783e-05,3_trailing,Raman,Sodium Azide
1615.7791890571568,0.00011578669203593548,3_trailing,Raman,Sodium Azide
1617.4890083048365,0.010084756673697022,3_trailing,Raman,Sodium Azide
1619.198827552516,0.00021665804633962024,3_trailing,Raman,Sodium Azide
1620.9086468001954,2.8105495015489803e-05,3_trailing,Raman,Sodium Azide
1622.618466047875,0.00015701498427853433,3_trailing,Raman,Sodium Azide
1624.3282852955545,1.0355284981792547e-05,3_trailing,Raman,Sodium Azide
1626.038104543234,0.0,3_trailing,Raman,Sodium Azide
1627.7479237909135,0.010073399829868728,3_trailing,Raman,Sodium Azide
1629.4577430385932,5.9729642683646654e-05,3_trailing,Raman,Sodium Azide
1631.1675622862726,0.0,3_trailing,Raman,Sodium Azide
1632.877381533952,0.0,3_trailing,Raman,Sodium Azide
1634.5872007816317,8.154882762564868e-06,3_trailing,Raman,Sodium Azide
1636.2970200293112,0.0,3_trailing,Raman,Sodium Azide
1638.0068392769908,0.0,3_trailing,Raman,Sodium Azide
1639.7166585246703,0.0,3_trailing,Raman,Sodium Azide
1641.42647777235,0.01,3_trailing,Raman,Sodium Azide
1643.1362970200294,0.0,3_trailing,Raman,Sodium Azide
1644.8461162677088,0.020083035220932934,3_trailing,Raman,Sodium Azide
1646.5559355153885,4.833080019841124e-05,3_trailing,Raman,Sodium Azide
1648.265754763068,5.79408122568561e-06,3_trailing,Raman,Sodium Azide
1649.9755740107476,0.0,3_trailing,Raman,Sodium Azide
1651.685393258427,0.00011185630621391254,3_trailing,Raman,Sodium Azide
1653.3952125061066,0.010097373858465777,3_trailing,Raman,Sodium Azide
1655.105031753786,0.0,3_trailing,Raman,Sodium Azide
1656.8148510014655,0.00014643164623282917,3_trailing,Raman,Sodium Azide
1658.5246702491452,0.0,3_trailing,Raman,Sodium Azide
1660.2344894968246,2.2185807046600134e-05,3_trailing,Raman,Sodium Azide
1661.9443087445043,0.0,3_trailing,Raman,Sodium Azide
1663.6541279921837,0.0,3_trailing,Raman,Sodium Azide
1665.3639472398634,0.0,3_trailing,Raman,Sodium Azide
1667.0737664875428,7.435336912834524e-05,3_trailing,Raman,Sodium Azide
1668.7835857352222,4.0713884624387186e-05,3_trailing,Raman,Sodium Azide
1670.493404982902,0.0,3_trailing,Raman,Sodium Azide
1672.2032242305813,6.126465845146156e-05,3_trailing,Raman,Sodium Azide
1673.913043478261,0.02019376955129855,3_trailing,Raman,Sodium Azide
1675.6228627259404,0.0,3_trailing,Raman,Sodium Azide
1677.33268197362,0.0,3_trailing,Raman,Sodium Azide
1679.0425012212995,0.010000938450956549,3_trailing,Raman,Sodium Azide
1680.752320468979,0.00014896430687592869,3_trailing,Raman,Sodium Azide
1682.4621397166586,0.0,3_trailing,Raman,Sodium Azide
1684.171958964338,0.00019905045927776546,3_trailing,Raman,Sodium Azide
1685.8817782120177,0.0,3_trailing,Raman,Sodium Azide
1687.5915974596971,2.0381154551143808e-05,3_trailing,Raman,Sodium Azide
1689.3014167073768,0.0,3_trailing,Raman,Sodium Azide
1691.0112359550562,0.0,3_trailing,Raman,Sodium Azide
1692.7210552027357,0.0,3_trailing,Raman,Sodium Azide
1694.4308744504153,2.925449343275451e-05,3_trailing,Raman,Sodium Azide
1696.1406936980948,0.00013410631187622232,3_trailing,Raman,Sodium Azide
1697.8505129457744,0.0,3_trailing,Raman,Sodium Azide
1699.5603321934539,4.550742473675659e-05,3_trailing,Raman,Sodium Azide
1701.2701514411335,0.01,3_trailing,Raman,Sodium Azide
1702.979970688813,0.00010916212097865408,3_trailing,Raman,Sodium Azide
1704.6897899364924,0.00014162947386180398,3_trailing,Raman,Sodium Azide
1706.399609184172,0.010112151001610009,3_trailing,Raman,Sodium Azide
1708.1094284318515,0.00011199293132452989,3_trailing,Raman,Sodium Azide
1709.8192476795311,0.0,3_trailing,Raman,Sodium Azide
1711.5290669272106,2.9955666565375402e-05,3_trailing,Raman,Sodium Azide
1713.2388861748902,0.0,3_trailing,Raman,Sodium Azide
1714.9487054225697,0.01,3_trailing,Raman,Sodium Azide
1716.658524670249,0.01,3_trailing,Raman,Sodium Azide
1718.3683439179288,0.010030489995279075,3_trailing,Raman,Sodium Azide
1720.0781631656082,4.519672044880424e-05,3_trailing,Raman,Sodium Azide
1721.7879824132879,0.00010650605780488393,3_trailing,Raman,Sodium Azide
1723.4978016609673,4.242156339041847e-05,3_trailing,Raman,Sodium Azide
1725.207620908647,9.524627069461896e-05,3_trailing,Raman,Sodium Azide
1726.9174401563264,0.0,3_trailing,Raman,Sodium Azide
1728.6272594040058,0.0001538394781875658,3_trailing,Raman,Sodium Azide
1730.3370786516855,0.0,3_trailing,Raman,Sodium Azide
1732.046897899365,0.0,3_trailing,Raman,Sodium Azide
1733.7567171470446,0.0,3_trailing,Raman,Sodium Azide
1735.466536394724,0.020062358897392187,3_trailing,Raman,Sodium Azide
1737.1763556424037,8.937883908838344e-06,3_trailing,Raman,Sodium Azide
1738.886174890083,0.0,3_trailing,Raman,Sodium Azide
1740.5959941377625,2.330085449727479e-05,3_trailing,Raman,Sodium Azide
1742.3058133854422,1.3747603994900346e-05,3_trailing,Raman,Sodium Azide
1744.0156326331216,0.0,3_trailing,Raman,Sodium Azide
1745.7254518808013,6.104301066001038e-05,3_trailing,Raman,Sodium Azide
1747.4352711284807,0.0,3_trailing,Raman,Sodium Azide
1749.1450903761604,0.0,3_trailing,Raman,Sodium Azide
1750.8549096238398,0.010075147393844389,3_trailing,Raman,Sodium Azide
1752.5647288715193,1.894106294456787e-05,3_trailing,Raman,Sodium Azide
1754.274548119199,0.0001635718935390952,3_trailing,Raman,Sodium Azide
1755.9843673668784,0.0,3_trailing,Raman,Sodium Azide
1757.694186614558,0.0,3_trailing,Raman,Sodium Azide
1759.4040058622375,0.00011521836916159303,3_trailing,Raman,Sodium Azide
1761.1138251099171,0.0,3_trailing,Raman,Sodium Azide
1762.8236443575965,0.00011141030481453463,3_trailing,Raman,Sodium Azide
1764.533463605276,0.00011422764565286702,3_trailing,Raman,Sodium Azide
1766.2432828529556,3.3952033930567e-05,3_trailing,Raman,Sodium Azide
1767.953102100635,0.0,3_trailing,Raman,Sodium Azide
1769.6629213483147,0.0,3_trailing,Raman,Sodium Azide
1771.3727405959942,0.0,3_trailing,Raman,Sodium Azide
1773.0825598436738,3.3632450975354905e-05,3_trailing,Raman,Sodium Azide
1774.7923790913533,0.0,3_trailing,Raman,Sodium Azide
1776.5021983390327,0.0,3_trailing,Raman,Sodium Azide
1778.2120175867124,0.0,3_trailing,Raman,Sodium Azide
1779.9218368343918,0.0,3_trailing,Raman,Sodium Azide
1781.6316560820715,2.0113996324220593e-05,3_trailing,Raman,Sodium Azide
1783.341475329751,0.0,3_trailing,Raman,Sodium Azide
1785.0512945774306,0.00013000268566659232,3_trailing,Raman,Sodium Azide
1786.76111382511,9.87488109289093e-05,3_trailing,Raman,Sodium Azide
1788.4709330727894,0.00014692873796706268,3_trailing,Raman,Sodium Azide
1790.180752320469,0.0,3_trailing,Raman,Sodium Azide
1791.8905715681485,2.2499092787017676e-05,3_trailing,Raman,Sodium Azide
1793.6003908158282,8.898055827676327e-05,3_trailing,Raman,Sodium Azide
1795.3102100635076,0.0,3_trailing,Raman,Sodium Azide
1797.0200293111873,0.0,3_trailing,Raman,Sodium Azide
1798.7298485588667,1.2978130463808764e-05,3_trailing,Raman,Sodium Azide
1800.4396678065461,0.0,3_trailing,Raman,Sodium Azide
1802.1494870542258,0.0,3_trailing,Raman,Sodium Azide
1803.8593063019052,0.0,3_trailing,Raman,Sodium Azide
1805.569125549585,0.0,3_trailing,Raman,Sodium Azide
1807.2789447972643,0.0,3_trailing,Raman,Sodium Azide
1808.988764044944,0.0,3_trailing,Raman,Sodium Azide
1810.6985832926234,0.00015335571078129787,3_trailing,Raman,Sodium Azide
1812.4084025403029,0.0,3_trailing,Raman,Sodium Azide
1814.1182217879825,4.854371887374908e-05,3_trailing,Raman,Sodium Azide
1815.828041035662,0.00013213991891842874,3_trailing,Raman,Sodium Azide
1817.5378602833416,0.0,3_trailing,Raman,Sodium Azide
1819.247679531021,0.00019389670727642584,3_trailing,Raman,Sodium Azide
1820.9574987787007,0.0,3_trailing,Raman,Sodium Azide
1822.6673180263801,0.0001467739669258589,3_trailing,Raman,Sodium Azide
1824.3771372740596,2.9306101226411165e-05,3_trailing,Raman,Sodium Azide
1826.0869565217392,0.0,3_trailing,Raman,Sodium Azide
1827.7967757694187,0.0,3_trailing,Raman,Sodium Azide
1829.5065950170983,0.0,3_trailing,Raman,Sodium Azide
1831.2164142647778,7.348177630550073e-05,3_trailing,Raman,Sodium Azide
1832.9262335124574,0.00016612524598964154,3_trailing,Raman,Sodium Azide
1834.6360527601369,0.0,3_trailing,Raman,Sodium Azide
1836.3458720078163,0.01,3_trailing,Raman,Sodium Azide
1838.055691255496,0.0,3_trailing,Raman,Sodium Azide
1839.7655105031754,4.518275948237846e-05,3_trailing,Raman,Sodium Azide
1841.475329750855,0.010009590684212597,3_trailing,Raman,Sodium Azide
1843.1851489985345,0.0,3_trailing,Raman,Sodium Azide
1844.8949682462141,6.908960340483563e-05,3_trailing,Raman,Sodium Azide
1846.6047874938936,0.0,3_trailing,Raman,Sodium Azide
1848.314606741573,1.2574823483237042e-06,3_trailing,Raman,Sodium Azide
1850.0244259892527,8.324149200584935e-05,3_trailing,Raman,Sodium Azide
1851.734245236932,0.0,3_trailing,Raman,Sodium Azide
1853.4440644846118,0.0,3_trailing,Raman,Sodium Azide
1855.1538837322912,0.0,3_trailing,Raman,Sodium Azide
1856.8637029799709,4.889244774690347e-05,3_trailing,Raman,Sodium Azide
1858.5735222276503,3.780661645083993e-05,3_trailing,Raman,Sodium Azide
1860.2833414753297,0.0,3_trailing,Raman,Sodium Azide
1861.9931607230094,3.6868012094950245e-05,3_trailing,Raman,Sodium Azide
1863.7029799706888,0.01,3_trailing,Raman,Sodium Azide
1865.4127992183685,0.010090280189664413,3_trailing,Raman,Sodium Azide
1867.122618466048,9.680846788427216e-05,3_trailing,Raman,Sodium Azide
1868.8324377137276,0.0,3_trailing,Raman,Sodium Azide
1870.542256961407,0.0,3_trailing,Raman,Sodium Azide
1872.2520762090865,0.0,3_trailing,Raman,Sodium Azide
1873.9618954567661,0.0,3_trailing,Raman,Sodium Azide
1875.6717147044455,0.0,3_trailing,Raman,Sodium Azide
1877.3815339521252,3.329925971927989e-05,3_trailing,Raman,Sodium Azide
1879.0913531998046,8.744719580527581e-05,3_trailing,Raman,Sodium Azide
1880.8011724474843,3.438133149245087e-05,3_trailing,Raman,Sodium Azide
1882.5109916951637,0.00031186465190191805,3_trailing,Raman,Sodium Azide
1884.2208109428432,0.00013493098729658716,3_trailing,Raman,Sodium Azide
1885.9306301905228,7.948594794812816e-05,3_trailing,Raman,Sodium Azide
1887.6404494382023,0.010075576313004438,3_trailing,Raman,Sodium Azide
1889.350268685882,9.412298102924123e-06,3_trailing,Raman,Sodium Azide
1891.0600879335614,5.4559417894807535e-05,3_trailing,Raman,Sodium Azide
1892.769907181241,2.1386229960287074e-05,3_trailing,Raman,Sodium Azide
1894.4797264289205,0.00011356627019862079,3_trailing,Raman,Sodium Azide
1896.1895456766,0.0,3_trailing,Raman,Sodium Azide
1897.8993649242796,0.0,3_trailing,Raman,Sodium Azide
1899.609184171959,0.00012731110263510225,3_trailing,Raman,Sodium Azide
1901.3190034196386,0.0,3_trailing,Raman,Sodium Azide
1903.028822667318,0.0,3_trailing,Raman,Sodium Azide
1904.7386419149975,0.01,3_trailing,Raman,Sodium Azide
1906.4484611626772,8.09147387110358e-05,3_trailing,Raman,Sodium Azide
1908.1582804103566,0.00028869508786378455,3_trailing,Raman,Sodium Azide
1909.8680996580363,0.0,3_trailing,Raman,Sodium Azide
1911.5779189057157,6.97361034569752e-05,3_trailing,Raman,Sodium Azide
1913.2877381533954,1.6650505190535582e-05,3_trailing,Raman,Sodium Azide
1914.9975574010748,0.00012192112715669689,3_trailing,Raman,Sodium Azide
1916.7073766487542,6.878829695669637e-05,3_trailing,Raman,Sodium Azide
1918.417195896434,0.00012861904235237994,3_trailing,Raman,Sodium Azide
1920.1270151441133,0.02003159763942306,3_trailing,Raman,Sodium Azide
1921.836834391793,0.0,3_trailing,Raman,Sodium Azide
1923.5466536394724,0.0,3_trailing,Raman,Sodium Azide
1925.256472887152,2.2937675349402318e-05,3_trailing,Raman,Sodium Azide
1926.9662921348315,5.049752176744831e-05,3_trailing,Raman,Sodium Azide
1928.676111382511,0.0,3_trailing,Raman,Sodium Azide
1930.3859306301906,0.010217733049464698,3_trailing,Raman,Sodium Azide
1932.09574987787,0.00010172079068976103,3_trailing,Raman,Sodium Azide
1933.8055691255497,0.0,3_trailing,Raman,Sodium Azide
1935.5153883732291,0.0,3_trailing,Raman,Sodium Azide
1937.2252076209088,0.01,3_trailing,Raman,Sodium Azide
1938.9350268685882,0.00020598067797636098,3_trailing,Raman,Sodium Azide
1940.6448461162677,0.0,3_trailing,Raman,Sodium Azide
1942.3546653639473,0.010045273856432604,3_trailing,Raman,Sodium Azide
1944.0644846116268,1.3358277898328191e-05,3_trailing,Raman,Sodium Azide
1945.7743038593064,8.796530772627381e-05,3_trailing,Raman,Sodium Azide
1947.4841231069859,3.4904182993208467e-05,3_trailing,Raman,Sodium Azide
1949.1939423546655,0.010223594189128488,3_trailing,Raman,Sodium Azide
1950.903761602345,9.9203107413743e-05,3_trailing,Raman,Sodium Azide
1952.6135808500244,0.0,3_trailing,Raman,Sodium Azide
1954.323400097704,0.010151738774318766,3_trailing,Raman,Sodium Azide
1956.0332193453835,2.198174262493358e-05,3_trailing,Raman,Sodium Azide
1957.7430385930631,0.00015192189311111163,3_trailing,Raman,Sodium Azide
1959.4528578407426,0.0,3_trailing,Raman,Sodium Azide
1961.1626770884222,0.01,3_trailing,Raman,Sodium Azide
1962.8724963361017,0.0,3_trailing,Raman,Sodium Azide
1964.582315583781,0.00011470146196165025,3_trailing,Raman,Sodium Azide
1966.2921348314608,8.61565668609776e-05,3_trailing,Raman,Sodium Azide
1968.0019540791402,0.0,3_trailing,Raman,Sodium Azide
1969.7117733268199,0.0,3_trailing,Raman,Sodium Azide
1971.4215925744993,0.00011883644648769954,3_trailing,Raman,Sodium Azide
1973.131411822179,0.0,3_trailing,Raman,Sodium Azide
1974.8412310698584,0.00023489141954225953,3_trailing,Raman,Sodium Azide
1976.5510503175378,0.0,3_trailing,Raman,Sodium Azide
1978.2608695652175,1.553333281645451e-06,3_trailing,Raman,Sodium Azide
1979.970688812897,2.488230563052842e-05,3_trailing,Raman,Sodium Azide
1981.6805080605766,3.9449047146072244e-05,3_trailing,Raman,Sodium Azide
1983.390327308256,3.506621277265066e-05,3_trailing,Raman,Sodium Azide
1985.1001465559357,1.4124144316864593e-05,3_trailing,Raman,Sodium Azide
1986.8099658036151,0.0,3_trailing,Raman,Sodium Azide
1988.5197850512945,0.0,3_trailing,Raman,Sodium Azide
1990.2296042989742,0.0,3_trailing,Raman,Sodium Azide
1991.9394235466536,1.2550412708971214e-05,3_trailing,Raman,Sodium Azide
1993.6492427943333,0.0,3_trailing,Raman,Sodium Azide
1995.3590620420127,3.411235504771328e-05,3_trailing,Raman,Sodium Azide
1997.0688812896924,0.0,3_trailing,Raman,Sodium Azide
1998.7787005373718,9.093544519371828e-05,3_trailing,Raman,Sodium Azide
2000.4885197850513,0.0,3_trailing,Raman,Sodium Azide
2002.198339032731,6.509281483874241e-05,3_trailing,Raman,Sodium Azide
2003.9081582804104,5.966900407894178e-05,3_trailing,Raman,Sodium Azide
2005.61797752809,0.0,3_trailing,Raman,Sodium Azide
2007.3277967757695,3.815437646050511e-05,3_trailing,Raman,Sodium Azide
2009.0376160234491,0.0,3_trailing,Raman,Sodium Azide
2010.7474352711286,0.00014496662932581475,3_trailing,Raman,Sodium Azide
2012.457254518808,0.0,3_trailing,Raman,Sodium Azide
2014.1670737664876,0.0,3_trailing,Raman,Sodium Azide
2015.876893014167,0.0,3_trailing,Raman,Sodium Azide
2017.5867122618467,0.0,3_trailing,Raman,Sodium Azide
2019.2965315095262,0.01017758976931237,3_trailing,Raman,Sodium Azide
2021.0063507572058,1.4926873339185137e-05,3_trailing,Raman,Sodium Azide
2022.7161700048853,0.0,3_trailing,Raman,Sodium Azide
2024.4259892525647,0.0,3_trailing,Raman,Sodium Azide
2026.1358085002444,2.4338672337141324e-07,3_trailing,Raman,Sodium Azide
2027.8456277479238,0.010078080282027552,3_trailing,Raman,Sodium Azide
2029.5554469956035,2.0970771059902214e-05,3_trailing,Raman,Sodium Azide
2031.265266243283,2.3277909709975448e-05,3_trailing,Raman,Sodium Azide
2032.9750854909626,0.0,3_trailing,Raman,Sodium Azide
2034.684904738642,0.0,3_trailing,Raman,Sodium Azide
2036.3947239863214,0.010016938727518052,3_trailing,Raman,Sodium Azide
2038.104543234001,0.0,3_trailing,Raman,Sodium Azide
2039.8143624816805,0.0,3_trailing,Raman,Sodium Azide
2041.5241817293602,0.0,3_trailing,Raman,Sodium Azide
2043.2340009770396,4.7084891506456153e-05,3_trailing,Raman,Sodium Azide
2044.9438202247193,4.97459931289627e-05,3_trailing,Raman,Sodium Azide
2046.6536394723987,0.00010691973516351802,3_trailing,Raman,Sodium Azide
2048.363458720078,0.010021179894054218,3_trailing,Raman,Sodium Azide
2050.073277967758,0.0,3_trailing,Raman,Sodium Azide
2051.7830972154375,0.0002548063263117616,3_trailing,Raman,Sodium Azide
2053.4929164631167,0.0,3_trailing,Raman,Sodium Azide
2055.2027357107963,0.0,3_trailing,Raman,Sodium Azide
2056.912554958476,0.0,3_trailing,Raman,Sodium Azide
2058.622374206155,0.01,3_trailing,Raman,Sodium Azide
2060.332193453835,0.0,3_trailing,Raman,Sodium Azide
2062.0420127015145,6.642097353857627e-05,3_trailing,Raman,Sodium Azide
2063.751831949194,0.0,3_trailing,Raman,Sodium Azide
2065.4616511968734,0.0,3_trailing,Raman,Sodium Azide
2067.171470444553,0.0,3_trailing,Raman,Sodium Azide
2068.8812896922327,0.0,3_trailing,Raman,Sodium Azide
2070.591108939912,0.0,3_trailing,Raman,Sodium Azide
2072.3009281875916,0.0,3_trailing,Raman,Sodium Azide
2074.0107474352712,2.5553584922313805e-05,3_trailing,Raman,Sodium Azide
2075.720566682951,0.02,3_trailing,Raman,Sodium Azide
2077.43038593063,0.0,3_trailing,Raman,Sodium Azide
2079.1402051783098,0.010010460516430847,3_trailing,Raman,Sodium Azide
2080.8500244259894,0.0,3_trailing,Raman,Sodium Azide
2082.5598436736686,0.0,3_trailing,Raman,Sodium Azide
2084.2696629213483,0.0,3_trailing,Raman,Sodium Azide
2085.979482169028,3.638844959707011e-05,3_trailing,Raman,Sodium Azide
2087.6893014167076,0.0,3_trailing,Raman,Sodium Azide
2089.399120664387,0.0,3_trailing,Raman,Sodium Azide
2091.1089399120665,0.00013460145808496623,3_trailing,Raman,Sodium Azide
2092.818759159746,3.654474229216504e-05,3_trailing,Raman,Sodium Azide
2094.5285784074254,0.0,3_trailing,Raman,Sodium Azide
2096.238397655105,0.0,3_trailing,Raman,Sodium Azide
2097.9482169027847,0.00011307508496905528,3_trailing,Raman,Sodium Azide
2099.6580361504643,0.0,3_trailing,Raman,Sodium Azide
2101.3678553981435,0.0,3_trailing,Raman,Sodium Azide
2103.077674645823,8.112489868965674e-05,3_trailing,Raman,Sodium Azide
2104.787493893503,0.01,3_trailing,Raman,Sodium Azide
2106.497313141182,0.0001328730202159758,3_trailing,Raman,Sodium Azide
2108.2071323888617,0.01,3_trailing,Raman,Sodium Azide
2109.9169516365414,0.0,3_trailing,Raman,Sodium Azide
2111.626770884221,1.8177731045380834e-06,3_trailing,Raman,Sodium Azide
2113.3365901319003,0.00010424418681061698,3_trailing,Raman,Sodium Azide
2115.04640937958,2.6981281875950537e-05,3_trailing,Raman,Sodium Azide
2116.7562286272596,1.1211541242335528e-05,3_trailing,Raman,Sodium Azide
2118.466047874939,0.0,3_trailing,Raman,Sodium Azide
2120.1758671226185,0.01,3_trailing,Raman,Sodium Azide
2121.885686370298,0.00010436246039353661,3_trailing,Raman,Sodium Azide
2123.595505617978,0.00011571326512879807,3_trailing,Raman,Sodium Azide
2125.305324865657,0.00011222935805782606,3_trailing,Raman,Sodium Azide
2127.0151441133366,8.548578927662297e-05,3_trailing,Raman,Sodium Azide
2128.7249633610163,4.826398243472505e-05,3_trailing,Raman,Sodium Azide
2130.4347826086955,0.01004661019345311,3_trailing,Raman,Sodium Azide
2132.144601856375,1.4457120165571465e-05,3_trailing,Raman,Sodium Azide
2133.854421104055,0.010060747799235204,3_trailing,Raman,Sodium Azide
2135.5642403517345,0.0,3_trailing,Raman,Sodium Azide
2137.2740595994137,6.044503063438301e-05,3_trailing,Raman,Sodium Azide
2138.9838788470934,9.915271636856439e-05,3_trailing,Raman,Sodium Azide
2140.693698094773,0.0,3_trailing,Raman,Sodium Azide
2142.4035173424522,0.010118464286160644,3_trailing,Raman,Sodium Azide
2144.113336590132,0.0,3_trailing,Raman,Sodium Azide
2145.8231558378116,0.00015756051946216133,3_trailing,Raman,Sodium Azide
2147.532975085491,0.00013727862902717896,3_trailing,Raman,Sodium Azide
2149.2427943331704,0.0,3_trailing,Raman,Sodium Azide
2150.95261358085,9.216765658404812e-08,3_trailing,Raman,Sodium Azide
2152.6624328285297,0.0,3_trailing,Raman,Sodium Azide
2154.372252076209,0.0,3_trailing,Raman,Sodium Azide
2156.0820713238886,3.845572880065921e-05,3_trailing,Raman,Sodium Azide
2157.7918905715683,0.010091524076525967,3_trailing,Raman,Sodium Azide
2159.501709819248,7.503167022403418e-06,3_trailing,Raman,Sodium Azide
2161.211529066927,4.7856733628315775e-05,3_trailing,Raman,Sodium Azide
2162.921348314607,0.0,3_trailing,Raman,Sodium Azide
2164.6311675622865,0.0,3_trailing,Raman,Sodium Azide
2166.3409868099657,0.01,3_trailing,Raman,Sodium Azide
2168.0508060576453,3.054912350673017e-05,3_trailing,Raman,Sodium Azide
2169.760625305325,0.0001501621888251236,3_trailing,Raman,Sodium Azide
2171.4704445530047,0.0,3_trailing,Raman,Sodium Azide
2173.180263800684,0.0,3_trailing,Raman,Sodium Azide
2174.8900830483635,2.1227357926961143e-05,3_trailing,Raman,Sodium Azide
2176.599902296043,7.623437540455988e-05,3_trailing,Raman,Sodium Azide
2178.3097215437224,0.0,3_trailing,Raman,Sodium Azide
2180.019540791402,0.00013418484339359468,3_trailing,Raman,Sodium Azide
2181.7293600390817,0.0,3_trailing,Raman,Sodium Azide
2183.4391792867614,0.0,3_trailing,Raman,Sodium Azide
2185.1489985344406,0.0,3_trailing,Raman,Sodium Azide
2186.8588177821202,2.9061953224613668e-05,3_trailing,Raman,Sodium Azide
2188.5686370298,0.0001962129009723672,3_trailing,Raman,Sodium Azide
2190.278456277479,0.010039643928949177,3_trailing,Raman,Sodium Azide
2191.9882755251588,0.0,3_trailing,Raman,Sodium Azide
2193.6980947728384,5.5467409851788144e-05,3_trailing,Raman,Sodium Azide
2195.407914020518,8.648808546854316e-05,3_trailing,Raman,Sodium Azide
2197.1177332681973,0.010125414365301602,3_trailing,Raman,Sodium Azide
2198.827552515877,0.01,3_trailing,Raman,Sodium Azide
2200.5373717635566,0.0001678066148534269,3_trailing,Raman,Sodium Azide
2202.247191011236,2.3081290285626345e-05,3_trailing,Raman,Sodium Azide
2203.9570102589155,0.01018942806934266,3_trailing,Raman,Sodium Azide
2205.666829506595,1.683049041108452e-05,3_trailing,Raman,Sodium Azide
2207.376648754275,6.23320828454593e-05,3_trailing,Raman,Sodium Azide
2209.086468001954,0.01,3_trailing,Raman,Sodium Azide
2210.7962872496337,0.00010641865927697773,3_trailing,Raman,Sodium Azide
2212.5061064973133,0.0,3_trailing,Raman,Sodium Azide
2214.2159257449925,0.010029058727265621,3_trailing,Raman,Sodium Azide
2215.925744992672,0.0,3_trailing,Raman,Sodium Azide
2217.635564240352,0.0,3_trailing,Raman,Sodium Azide
2219.3453834880315,0.00011726336820664324,3_trailing,Raman,Sodium Azide
2221.0552027357107,0.0,3_trailing,Raman,Sodium Azide
2222.7650219833904,0.00011947259209288287,3_trailing,Raman,Sodium Azide
2224.47484123107,0.0,3_trailing,Raman,Sodium Azide
2226.1846604787493,1.4163236570060086e-05,3_trailing,Raman,Sodium Azide
2227.894479726429,0.0002322763800300596,3_trailing,Raman,Sodium Azide
2229.6042989741086,1.317092794891402e-05,3_trailing,Raman,Sodium Azide
2231.3141182217882,0.01,3_trailing,Raman,Sodium Azide
2233.0239374694675,1.513979676284512e-05,3_trailing,Raman,Sodium Azide
2234.733756717147,0.0,3_trailing,Raman,Sodium Azide
2236.443575964827,0.0,3_trailing,Raman,Sodium Azide
2238.153395212506,0.0002224806270051794,3_trailing,Raman,Sodium Azide
2239.8632144601856,0.01,3_trailing,Raman,Sodium Azide
2241.5730337078653,0.0,3_trailing,Raman,Sodium Azide
2243.282852955545,0.0,3_trailing,Raman,Sodium Azide
2244.992672203224,3.857501412902797e-05,3_trailing,Raman,Sodium Azide
2246.702491450904,0.0,3_trailing,Raman,Sodium Azide
2248.4123106985835,0.0,3_trailing,Raman,Sodium Azide
2250.1221299462627,0.0,3_trailing,Raman,Sodium Azide
2251.8319491939424,4.59928599844046e-05,3_trailing,Raman,Sodium Azide
2253.541768441622,0.010088498240259305,3_trailing,Raman,Sodium Azide
2255.2515876893017,0.0,3_trailing,Raman,Sodium Azide
2256.961406936981,0.0002797924328207308,3_trailing,Raman,Sodium Azide
2258.6712261846606,0.010112472551704547,3_trailing,Raman,Sodium Azide
2260.38104543234,0.01,3_trailing,Raman,Sodium Azide
2262.0908646800194,0.0,3_trailing,Raman,Sodium Azide
2263.800683927699,1.2365043270986975e-05,3_trailing,Raman,Sodium Azide
2265.5105031753787,8.79477312086681e-05,3_trailing,Raman,Sodium Azide
2267.2203224230584,8.877571639969268e-05,3_trailing,Raman,Sodium Azide
2268.9301416707376,0.0,3_trailing,Raman,Sodium Azide
2270.6399609184173,1.2482475747751099e-05,3_trailing,Raman,Sodium Azide
2272.349780166097,0.0,3_trailing,Raman,Sodium Azide
2274.059599413776,0.00016176897395713937,3_trailing,Raman,Sodium Azide
2275.769418661456,1.3380924223772184e-05,3_trailing,Raman,Sodium Azide
2277.4792379091355,0.0,3_trailing,Raman,Sodium Azide
2279.189057156815,0.010039811357498249,3_trailing,Raman,Sodium Azide
2280.8988764044943,0.0,3_trailing,Raman,Sodium Azide
2282.608695652174,4.864732000475351e-05,3_trailing,Raman,Sodium Azide
2284.3185148998537,0.000279527123395588,3_trailing,Raman,Sodium Azide
2286.028334147533,0.0001469840183231374,3_trailing,Raman,Sodium Azide
2287.7381533952125,2.7981362519994108e-05,3_trailing,Raman,Sodium Azide
2289.447972642892,0.0,3_trailing,Raman,Sodium Azide
2291.157791890572,0.0001376733123501477,3_trailing,Raman,Sodium Azide
2292.867611138251,6.87171896657566e-05,3_trailing,Raman,Sodium Azide
2294.5774303859307,0.0,3_trailing,Raman,Sodium Azide
2296.2872496336104,0.0,3_trailing,Raman,Sodium Azide
2297.9970688812896,0.01,3_trailing,Raman,Sodium Azide
2299.7068881289692,4.0497536873476376e-05,3_trailing,Raman,Sodium Azide
2301.416707376649,0.0,3_trailing,Raman,Sodium Azide
2303.1265266243286,1.8151885641171897e-05,3_trailing,Raman,Sodium Azide
2304.8363458720078,0.00010024985645709407,3_trailing,Raman,Sodium Azide
2306.5461651196874,0.0,3_trailing,Raman,Sodium Azide
2308.255984367367,6.97116907355208e-05,3_trailing,Raman,Sodium Azide
2309.9658036150463,0.00013207266700701996,3_trailing,Raman,Sodium Azide
2311.675622862726,4.271156184813558e-05,3_trailing,Raman,Sodium Azide
2313.3854421104056,7.559587812786331e-05,3_trailing,Raman,Sodium Azide
2315.0952613580853,0.010043517288515758,3_trailing,Raman,Sodium Azide
2316.8050806057645,1.7749244009326558e-06,3_trailing,Raman,Sodium Azide
2318.514899853444,9.045830940138066e-05,3_trailing,Raman,Sodium Azide
2320.224719101124,0.0001738695294135518,3_trailing,Raman,Sodium Azide
2321.934538348803,9.238697472132471e-05,3_trailing,Raman,Sodium Azide
2323.6443575964827,0.0,3_trailing,Raman,Sodium Azide
2325.3541768441623,0.01,3_trailing,Raman,Sodium Azide
2327.063996091842,0.0,3_trailing,Raman,Sodium Azide
2328.773815339521,0.00010237313999719484,3_trailing,Raman,Sodium Azide
2330.483634587201,0.0,3_trailing,Raman,Sodium Azide
2332.1934538348805,0.0,3_trailing,Raman,Sodium Azide
2333.9032730825597,5.06777711847615e-05,3_trailing,Raman,Sodium Azide
2335.6130923302394,2.355752027002052e-06,3_trailing,Raman,Sodium Azide
2337.322911577919,0.00016005164665155763,3_trailing,Raman,Sodium Azide
2339.0327308255987,0.0,3_trailing,Raman,Sodium Azide
2340.742550073278,2.2497883581527133e-05,3_trailing,Raman,Sodium Azide
2342.4523693209576,0.0,3_trailing,Raman,Sodium Azide
2344.1621885686372,8.755589621194585e-05,3_trailing,Raman,Sodium Azide
2345.8720078163165,0.0,3_trailing,Raman,Sodium Azide
2347.581827063996,0.0,3_trailing,Raman,Sodium Azide
2349.291646311676,0.00010112507374603092,3_trailing,Raman,Sodium Azide
2351.0014655593554,0.00013819254939228756,3_trailing,Raman,Sodium Azide
2352.7112848070346,0.0,3_trailing,Raman,Sodium Azide
2354.4211040547143,0.0,3_trailing,Raman,Sodium Azide
2356.130923302394,0.00013728429844013238,3_trailing,Raman,Sodium Azide
2357.840742550073,0.0001252125844604079,3_trailing,Raman,Sodium Azide
2359.550561797753,0.00011144709448380756,3_trailing,Raman,Sodium Azide
2361.2603810454325,0.0,3_trailing,Raman,Sodium Azide
2362.970200293112,0.0,3_trailing,Raman,Sodium Azide
2364.6800195407914,0.0001768317431782881,3_trailing,Raman,Sodium Azide
2366.389838788471,6.588692297515972e-05,3_trailing,Raman,Sodium Azide
2368.0996580361507,0.01,3_trailing,Raman,Sodium Azide
2369.80947728383,0.0,3_trailing,Raman,Sodium Azide
2371.5192965315096,9.19661542830006e-06,3_trailing,Raman,Sodium Azide
2373.229115779189,0.0,3_trailing,Raman,Sodium Azide
2374.938935026869,0.0,3_trailing,Raman,Sodium Azide
2376.648754274548,0.00013296468280289263,3_trailing,Raman,Sodium Azide
2378.3585735222277,5.710266820687385e-05,3_trailing,Raman,Sodium Azide
2380.0683927699074,0.00024345316826034828,3_trailing,Raman,Sodium Azide
2381.7782120175866,0.0001388829469091577,3_trailing,Raman,Sodium Azide
2383.4880312652663,1.4742799994932397e-05,3_trailing,Raman,Sodium Azide
2385.197850512946,0.010153113595835483,3_trailing,Raman,Sodium Azide
2386.9076697606256,3.8133934966998085e-05,3_trailing,Raman,Sodium Azide
2388.617489008305,0.00026127658159090327,3_trailing,Raman,Sodium Azide
2390.3273082559845,0.0,3_trailing,Raman,Sodium Azide
2392.037127503664,4.896090946373303e-05,3_trailing,Raman,Sodium Azide
2393.7469467513433,0.01,3_trailing,Raman,Sodium Azide
2395.456765999023,0.01,3_trailing,Raman,Sodium Azide
2397.1665852467027,0.0,3_trailing,Raman,Sodium Azide
2398.8764044943823,0.0001335729350761692,3_trailing,Raman,Sodium Azide
2400.5862237420615,2.249072530894668e-05,3_trailing,Raman,Sodium Azide
2402.296042989741,0.0,3_trailing,Raman,Sodium Azide
2404.005862237421,1.0134339792310479e-05,3_trailing,Raman,Sodium Azide
2405.7156814851,0.01,3_trailing,Raman,Sodium Azide
2407.4255007327797,0.0,3_trailing,Raman,Sodium Azide
2409.1353199804594,0.00012432353049029562,3_trailing,Raman,Sodium Azide
2410.845139228139,0.0,3_trailing,Raman,Sodium Azide
2412.5549584758182,0.0,3_trailing,Raman,Sodium Azide
2414.264777723498,0.0,3_trailing,Raman,Sodium Azide
2415.9745969711776,0.0,3_trailing,Raman,Sodium Azide
2417.6844162188568,0.0,3_trailing,Raman,Sodium Azide
2419.3942354665364,0.01,3_trailing,Raman,Sodium Azide
2421.104054714216,0.0,3_trailing,Raman,Sodium Azide
2422.8138739618958,3.3907227004318445e-05,3_trailing,Raman,Sodium Azide
2424.523693209575,0.0,3_trailing,Raman,Sodium Azide
2426.2335124572546,3.902745170669949e-05,3_trailing,Raman,Sodium Azide
2427.9433317049343,1.1971786736442999e-05,3_trailing,Raman,Sodium Azide
2429.6531509526135,5.837070345171944e-05,3_trailing,Raman,Sodium Azide
2431.362970200293,0.0,3_trailing,Raman,Sodium Azide
2433.072789447973,0.00021435185477966363,3_trailing,Raman,Sodium Azide
2434.7826086956525,0.0,3_trailing,Raman,Sodium Azide
2436.4924279433317,0.0,3_trailing,Raman,Sodium Azide
2438.2022471910113,5.565046122399982e-05,3_trailing,Raman,Sodium Azide
2439.912066438691,1.2742521743223211e-05,3_trailing,Raman,Sodium Azide
2441.62188568637,9.15120274389314e-05,3_trailing,Raman,Sodium Azide
2443.33170493405,0.0,3_trailing,Raman,Sodium Azide
2445.0415241817295,0.0,3_trailing,Raman,Sodium Azide
2446.751343429409,0.0,3_trailing,Raman,Sodium Azide
2448.4611626770884,0.0001922754083854787,3_trailing,Raman,Sodium Azide
2450.170981924768,0.0,3_trailing,Raman,Sodium Azide
2451.8808011724477,0.0,3_trailing,Raman,Sodium Azide
2453.590620420127,0.00019462829050032908,3_trailing,Raman,Sodium Azide
2455.3004396678066,0.0,3_trailing,Raman,Sodium Azide
2457.0102589154862,2.633729865162605e-06,3_trailing,Raman,Sodium Azide
2458.720078163166,0.01,3_trailing,Raman,Sodium Azide
2460.429897410845,0.0,3_trailing,Raman,Sodium Azide
2462.139716658525,0.00020417684979160254,3_trailing,Raman,Sodium Azide
2463.8495359062044,0.01020567389912189,3_trailing,Raman,Sodium Azide
2465.5593551538836,0.010110323345185381,3_trailing,Raman,Sodium Azide
2467.2691744015633,0.020106700608436497,3_trailing,Raman,Sodium Azide
2468.978993649243,8.151277779372171e-05,3_trailing,Raman,Sodium Azide
2470.6888128969226,0.0,3_trailing,Raman,Sodium Azide
2472.398632144602,0.01003142336483808,3_trailing,Raman,Sodium Azide
2474.1084513922815,0.0,3_trailing,Raman,Sodium Azide
2475.818270639961,0.0,3_trailing,Raman,Sodium Azide
2477.5280898876404,0.00012093474470305067,3_trailing,Raman,Sodium Azide
2479.23790913532,5.9935990278495525e-05,3_trailing,Raman,Sodium Azide
2480.9477283829997,0.0,3_trailing,Raman,Sodium Azide
2482.6575476306793,0.0,3_trailing,Raman,Sodium Azide
2484.3673668783586,0.010113687697932755,3_trailing,Raman,Sodium Azide
2486.077186126038,1.4268373491465943e-05,3_trailing,Raman,Sodium Azide
2487.787005373718,0.0,3_trailing,Raman,Sodium Azide
2489.496824621397,0.01,3_trailing,Raman,Sodium Azide
2491.2066438690767,0.000200665936159211,3_trailing,Raman,Sodium Azide
2492.9164631167564,7.129288594639277e-06,3_trailing,Raman,Sodium Azide
2494.626282364436,0.00011437095627161699,3_trailing,Raman,Sodium Azide
2496.3361016121153,0.00019861904175431553,3_trailing,Raman,Sodium Azide
2498.045920859795,0.0,3_trailing,Raman,Sodium Azide
2499.7557401074746,3.804785450725853e-05,3_trailing,Raman,Sodium Azide
2501.465559355154,0.0,3_trailing,Raman,Sodium Azide
2503.1753786028335,0.01,3_trailing,Raman,Sodium Azide
2504.885197850513,6.221495841627864e-05,3_trailing,Raman,Sodium Azide
2506.595017098193,0.0,3_trailing,Raman,Sodium Azide
2508.304836345872,4.8832702130643946e-05,3_trailing,Raman,Sodium Azide
2510.0146555935517,0.00010047309625260883,3_trailing,Raman,Sodium Azide
2511.7244748412313,6.054144038906628e-05,3_trailing,Raman,Sodium Azide
2513.4342940889105,3.575415182265732e-05,3_trailing,Raman,Sodium Azide
2515.14411333659,2.0633271105746292e-05,3_trailing,Raman,Sodium Azide
2516.85393258427,0.0,3_trailing,Raman,Sodium Azide
2518.5637518319495,0.0,3_trailing,Raman,Sodium Azide
2520.2735710796287,0.00014646747077871026,3_trailing,Raman,Sodium Azide
2521.9833903273084,8.56219963273685e-05,3_trailing,Raman,Sodium Azide
2523.693209574988,0.0,3_trailing,Raman,Sodium Azide
2525.4030288226672,6.937795679502311e-06,3_trailing,Raman,Sodium Azide
2527.112848070347,0.0,3_trailing,Raman,Sodium Azide
2528.8226673180266,0.01,3_trailing,Raman,Sodium Azide
2530.532486565706,5.788812168311841e-05,3_trailing,Raman,Sodium Azide
2532.2423058133854,2.812449793314833e-05,3_trailing,Raman,Sodium Azide
2533.952125061065,1.2521012075731885e-05,3_trailing,Raman,Sodium Azide
2535.6619443087448,0.0,3_trailing,Raman,Sodium Azide
2537.371763556424,0.0,3_trailing,Raman,Sodium Azide
2539.0815828041036,0.00010264498883868457,3_trailing,Raman,Sodium Azide
2540.7914020517833,0.00018298214007038887,3_trailing,Raman,Sodium Azide
2542.501221299463,5.942819044711278e-05,3_trailing,Raman,Sodium Azide
2544.211040547142,0.0,3_trailing,Raman,Sodium Azide
2545.920859794822,0.000132359697446483,3_trailing,Raman,Sodium Azide
2547.6306790425015,0.0,3_trailing,Raman,Sodium Azide
2549.3404982901807,0.00011378072717981426,3_trailing,Raman,Sodium Azide
2551.0503175378603,0.0,3_trailing,Raman,Sodium Azide
2552.76013678554,0.0,3_trailing,Raman,Sodium Azide
2554.4699560332197,0.0,3_trailing,Raman,Sodium Azide
2556.179775280899,0.0,3_trailing,Raman,Sodium Azide
2557.8895945285785,9.885834697317867e-05,3_trailing,Raman,Sodium Azide
2559.599413776258,0.0,3_trailing,Raman,Sodium Azide
2561.3092330239374,0.0,3_trailing,Raman,Sodium Azide
2563.019052271617,2.2662331218300993e-05,3_trailing,Raman,Sodium Azide
2564.7288715192967,0.010060277509331944,3_trailing,Raman,Sodium Azide
2566.4386907669764,0.0,3_trailing,Raman,Sodium Azide
2568.1485100146556,0.0,3_trailing,Raman,Sodium Azide
2569.8583292623352,0.0,3_trailing,Raman,Sodium Azide
2571.568148510015,0.0,3_trailing,Raman,Sodium Azide
2573.277967757694,0.0,3_trailing,Raman,Sodium Azide
2574.987787005374,0.010054327417461201,3_trailing,Raman,Sodium Azide
2576.6976062530534,0.0,3_trailing,Raman,Sodium Azide
2578.407425500733,7.058851845223924e-05,3_trailing,Raman,Sodium Azide
2580.1172447484123,0.0,3_trailing,Raman,Sodium Azide
2581.827063996092,0.0,3_trailing,Raman,Sodium Azide
2583.5368832437716,0.00010494650716133414,3_trailing,Raman,Sodium Azide
2585.246702491451,0.00014530757376135617,3_trailing,Raman,Sodium Azide
2586.9565217391305,0.0,3_trailing,Raman,Sodium Azide
2588.66634098681,0.01,3_trailing,Raman,Sodium Azide
2590.37616023449,0.0,3_trailing,Raman,Sodium Azide
2592.085979482169,0.0,3_trailing,Raman,Sodium Azide
2593.7957987298487,0.0,3_trailing,Raman,Sodium Azide
2595.5056179775283,0.0,3_trailing,Raman,Sodium Azide
2597.2154372252076,0.0,3_trailing,Raman,Sodium Azide
2598.925256472887,1.0584174547877322e-05,3_trailing,Raman,Sodium Azide
2600.635075720567,0.00018461086707442673,3_trailing,Raman,Sodium Azide
2602.3448949682465,0.01,3_trailing,Raman,Sodium Azide
2604.0547142159257,0.0,3_trailing,Raman,Sodium Azide
2605.7645334636054,0.0,3_trailing,Raman,Sodium Azide
2607.474352711285,1.3915225404596872e-05,3_trailing,Raman,Sodium Azide
2609.1841719589643,0.0,3_trailing,Raman,Sodium Azide
2610.893991206644,0.0,3_trailing,Raman,Sodium Azide
2612.6038104543236,0.0,3_trailing,Raman,Sodium Azide
2614.3136297020033,6.847040867290387e-05,3_trailing,Raman,Sodium Azide
2616.0234489496825,0.0,3_trailing,Raman,Sodium Azide
2617.733268197362,0.0001580107207417923,3_trailing,Raman,Sodium Azide
2619.443087445042,0.0,3_trailing,Raman,Sodium Azide
2621.152906692721,0.01,3_trailing,Raman,Sodium Azide
2622.8627259404007,0.01,3_trailing,Raman,Sodium Azide
2624.5725451880803,0.010016237773630005,3_trailing,Raman,Sodium Azide
2626.2823644357595,0.0,3_trailing,Raman,Sodium Azide
2627.992183683439,0.0,3_trailing,Raman,Sodium Azide
2629.702002931119,6.724807542592294e-05,3_trailing,Raman,Sodium Azide
2631.4118221787985,0.0,3_trailing,Raman,Sodium Azide
2633.1216414264777,5.9239593893847844e-05,3_trailing,Raman,Sodium Azide
2634.8314606741574,8.940689057959549e-05,3_trailing,Raman,Sodium Azide
2636.541279921837,7.214024602882083e-05,3_trailing,Raman,Sodium Azide
2638.2510991695162,2.525143326319624e-05,3_trailing,Raman,Sodium Azide
2639.960918417196,0.0,3_trailing,Raman,Sodium Azide
2641.6707376648756,0.0,3_trailing,Raman,Sodium Azide
2643.380556912555,0.0,3_trailing,Raman,Sodium Azide
2645.0903761602344,0.01,3_trailing,Raman,Sodium Azide
2646.800195407914,0.010003386715514838,3_trailing,Raman,Sodium Azide
2648.5100146555937,0.01,3_trailing,Raman,Sodium Azide
2650.219833903273,0.0,3_trailing,Raman,Sodium Azide
2651.9296531509526,7.392958031824977e-05,3_trailing,Raman,Sodium Azide
2653.6394723986323,0.0,3_trailing,Raman,Sodium Azide
2655.349291646312,0.0,3_trailing,Raman,Sodium Azide
2657.059110893991,0.00012759648228395442,3_trailing,Raman,Sodium Azide
2658.768930141671,0.0,3_trailing,Raman,Sodium Azide
2660.4787493893505,3.6989109609120175e-05,3_trailing,Raman,Sodium Azide
2662.1885686370297,0.00013389440655233126,3_trailing,Raman,Sodium Azide
2663.8983878847093,0.0,3_trailing,Raman,Sodium Azide
2665.608207132389,0.0,3_trailing,Raman,Sodium Azide
2667.3180263800687,0.0,3_trailing,Raman,Sodium Azide
2669.027845627748,7.314476921957629e-06,3_trailing,Raman,Sodium Azide
2670.7376648754275,0.0,3_trailing,Raman,Sodium Azide
2672.447484123107,0.00021297888154261455,3_trailing,Raman,Sodium Azide
2674.1573033707864,0.0100582017677148,3_trailing,Raman,Sodium Azide
2675.867122618466,0.0,3_trailing,Raman,Sodium Azide
2677.5769418661457,0.0,3_trailing,Raman,Sodium Azide
2679.2867611138254,0.0,3_trailing,Raman,Sodium Azide
2680.9965803615046,4.742104299449481e-05,3_trailing,Raman,Sodium Azide
2682.7063996091842,0.00019884473133142765,3_trailing,Raman,Sodium Azide
2684.416218856864,8.2017240953316e-06,3_trailing,Raman,Sodium Azide
2686.126038104543,0.0,3_trailing,Raman,Sodium Azide
2687.835857352223,0.0,3_trailing,Raman,Sodium Azide
2689.5456765999024,4.002531879356519e-05,3_trailing,Raman,Sodium Azide
2691.255495847582,0.00010984936106950391,3_trailing,Raman,Sodium Azide
2692.9653150952613,0.01,3_trailing,Raman,Sodium Azide
2694.675134342941,8.080215638922506e-06,3_trailing,Raman,Sodium Azide
2696.3849535906206,0.0,3_trailing,Raman,Sodium Azide
2698.0947728383,0.0,3_trailing,Raman,Sodium Azide
2699.8045920859795,0.0001830206255792287,3_trailing,Raman,Sodium Azide
2701.514411333659,9.58699839587981e-05,3_trailing,Raman,Sodium Azide
2703.224230581339,0.01,3_trailing,Raman,Sodium Azide
2704.934049829018,0.0,3_trailing,Raman,Sodium Azide
2706.6438690766977,0.0,3_trailing,Raman,Sodium Azide
2708.3536883243773,0.0,3_trailing,Raman,Sodium Azide
2710.0635075720566,0.0,3_trailing,Raman,Sodium Azide
2711.773326819736,0.010084707012674657,3_trailing,Raman,Sodium Azide
2713.483146067416,0.0,3_trailing,Raman,Sodium Azide
2715.1929653150955,5.01420358461841e-05,3_trailing,Raman,Sodium Azide
2716.9027845627747,0.01,3_trailing,Raman,Sodium Azide
2718.6126038104544,0.0,3_trailing,Raman,Sodium Azide
2720.322423058134,0.0001290483899730122,3_trailing,Raman,Sodium Azide
2722.0322423058133,0.0,3_trailing,Raman,Sodium Azide
2723.742061553493,0.00019285131630497536,3_trailing,Raman,Sodium Azide
2725.4518808011726,0.0001078235450958701,3_trailing,Raman,Sodium Azide
2727.1617000488523,1.9749961073826035e-05,3_trailing,Raman,Sodium Azide
2728.8715192965315,0.0,3_trailing,Raman,Sodium Azide
2730.581338544211,0.0,3_trailing,Raman,Sodium Azide
2732.291157791891,2.1883555504651644e-05,3_trailing,Raman,Sodium Azide
2734.00097703957,1.997247555272375e-05,3_trailing,Raman,Sodium Azide
2735.7107962872497,0.0,3_trailing,Raman,Sodium Azide
2737.4206155349293,7.333237429027732e-06,3_trailing,Raman,Sodium Azide
2739.130434782609,2.7960159508180607e-05,3_trailing,Raman,Sodium Azide
2740.840254030288,0.0,3_trailing,Raman,Sodium Azide
2742.550073277968,0.00024192092420038456,3_trailing,Raman,Sodium Azide
2744.2598925256475,0.0,3_trailing,Raman,Sodium Azide
2745.9697117733267,0.0,3_trailing,Raman,Sodium Azide
2747.6795310210064,0.0,3_trailing,Raman,Sodium Azide
2749.389350268686,7.601594997501227e-05,3_trailing,Raman,Sodium Azide
2751.0991695163657,0.0,3_trailing,Raman,Sodium Azide
2752.808988764045,0.0,3_trailing,Raman,Sodium Azide
2754.5188080117246,0.00015075814344098215,3_trailing,Raman,Sodium Azide
2756.228627259404,1.835322258501992e-05,3_trailing,Raman,Sodium Azide
2757.9384465070834,0.0,3_trailing,Raman,Sodium Azide
2759.648265754763,0.0,3_trailing,Raman,Sodium Azide
2761.3580850024427,6.702845282275876e-05,3_trailing,Raman,Sodium Azide
2763.0679042501224,1.6827643727716226e-06,3_trailing,Raman,Sodium Azide
2764.7777234978016,0.0001405358478971074,3_trailing,Raman,Sodium Azide
2766.4875427454813,0.0,3_trailing,Raman,Sodium Azide
2768.197361993161,0.0,3_trailing,Raman,Sodium Azide
2769.90718124084,3.227140820543016e-05,3_trailing,Raman,Sodium Azide
2771.61700048852,0.00013569622723574304,3_trailing,Raman,Sodium Azide
2773.3268197361995,0.010027933771972674,3_trailing,Raman,Sodium Azide
2775.036638983879,0.01,3_trailing,Raman,Sodium Azide
2776.7464582315583,0.01014021423912836,3_trailing,Raman,Sodium Azide
2778.456277479238,0.01,3_trailing,Raman,Sodium Azide
2780.1660967269177,0.010019459394732,3_trailing,Raman,Sodium Azide
2781.875915974597,8.110882798856795e-05,3_trailing,Raman,Sodium Azide
2783.5857352222765,0.00016889010663182117,3_trailing,Raman,Sodium Azide
2785.295554469956,3.9862433132806855e-05,3_trailing,Raman,Sodium Azide
2787.005373717636,0.00027952710398406117,3_trailing,Raman,Sodium Azide
2788.715192965315,0.0,3_trailing,Raman,Sodium Azide
2790.4250122129947,3.1725243629898284e-05,3_trailing,Raman,Sodium Azide
2792.1348314606744,0.0,3_trailing,Raman,Sodium Azide
2793.8446507083536,3.486090292062023e-05,3_trailing,Raman,Sodium Azide
2795.5544699560332,3.211236214892151e-05,3_trailing,Raman,Sodium Azide
2797.264289203713,0.00011298231923573764,3_trailing,Raman,Sodium Azide
2798.9741084513926,4.8032824940250974e-05,3_trailing,Raman,Sodium Azide
2800.683927699072,0.0,3_trailing,Raman,Sodium Azide
2802.3937469467514,2.7710222178732515e-05,3_trailing,Raman,Sodium Azide
2804.103566194431,0.0,3_trailing,Raman,Sodium Azide
2805.8133854421103,5.937425348671357e-05,3_trailing,Raman,Sodium Azide
2807.52320468979,0.0,3_trailing,Raman,Sodium Azide
2809.2330239374696,0.0,3_trailing,Raman,Sodium Azide
2810.9428431851493,0.0,3_trailing,Raman,Sodium Azide
2812.6526624328285,0.0,3_trailing,Raman,Sodium Azide
2814.362481680508,0.0,3_trailing,Raman,Sodium Azide
2816.072300928188,0.01,3_trailing,Raman,Sodium Azide
2817.782120175867,0.0,3_trailing,Raman,Sodium Azide
2819.4919394235467,0.01,3_trailing,Raman,Sodium Azide
2821.2017586712263,5.5775277339155866e-05,3_trailing,Raman,Sodium Azide
2822.911577918906,4.1357419730946665e-05,3_trailing,Raman,Sodium Azide
2824.621397166585,0.0,3_trailing,Raman,Sodium Azide
2826.331216414265,0.01013422343492806,3_trailing,Raman,Sodium Azide
2828.0410356619445,0.0,3_trailing,Raman,Sodium Azide
2829.7508549096237,0.00010874064025592069,3_trailing,Raman,Sodium Azide
2831.4606741573034,1.6879787405858264e-05,3_trailing,Raman,Sodium Azide
2833.170493404983,0.0,3_trailing,Raman,Sodium Azide
2834.8803126526627,0.0001220265144825549,3_trailing,Raman,Sodium Azide
2836.590131900342,6.020135826920369e-05,3_trailing,Raman,Sodium Azide
2838.2999511480216,0.0,3_trailing,Raman,Sodium Azide
2840.0097703957013,3.9331957493279176e-05,3_trailing,Raman,Sodium Azide
2841.7195896433805,3.9224315367621716e-05,3_trailing,Raman,Sodium Azide
2843.42940889106,0.00010884207004837072,3_trailing,Raman,Sodium Azide
2845.13922813874,6.324856336774373e-05,3_trailing,Raman,Sodium Azide
2846.8490473864194,7.097793540537651e-05,3_trailing,Raman,Sodium Azide
2848.5588666340986,0.0,3_trailing,Raman,Sodium Azide
2850.2686858817783,0.0,3_trailing,Raman,Sodium Azide
2851.978505129458,0.0,3_trailing,Raman,Sodium Azide
2853.688324377137,0.0,3_trailing,Raman,Sodium Azide
2855.398143624817,0.0001390130159756239,3_trailing,Raman,Sodium Azide
2857.1079628724965,0.0,3_trailing,Raman,Sodium Azide
2858.817782120176,2.9040435851204195e-05,3_trailing,Raman,Sodium Azide
2860.5276013678554,0.0,3_trailing,Raman,Sodium Azide
2862.237420615535,0.0,3_trailing,Raman,Sodium Azide
2863.9472398632147,0.010073207394055345,3_trailing,Raman,Sodium Azide
2865.657059110894,0.0,3_trailing,Raman,Sodium Azide
2867.3668783585736,4.933565203459878e-05,3_trailing,Raman,Sodium Azide
2869.076697606253,5.036648448834129e-05,3_trailing,Raman,Sodium Azide
2870.786516853933,0.01,3_trailing,Raman,Sodium Azide
2872.496336101612,0.010098446516745543,3_trailing,Raman,Sodium Azide
2874.2061553492917,0.010147739306394468,3_trailing,Raman,Sodium Azide
2875.9159745969714,0.010218750186996467,3_trailing,Raman,Sodium Azide
2877.6257938446506,0.0,3_trailing,Raman,Sodium Azide
2879.3356130923303,2.0656875903124875e-05,3_trailing,Raman,Sodium Azide
2881.04543234001,2.7254107821550523e-05,3_trailing,Raman,Sodium Azide
2882.7552515876896,7.193549688314063e-05,3_trailing,Raman,Sodium Azide
2884.465070835369,0.00018891247488469047,3_trailing,Raman,Sodium Azide
2886.1748900830485,5.2603298068918015e-05,3_trailing,Raman,Sodium Azide
2887.884709330728,5.554529896067003e-05,3_trailing,Raman,Sodium Azide
2889.5945285784073,0.0,3_trailing,Raman,Sodium Azide
2891.304347826087,0.00022133417688147516,3_trailing,Raman,Sodium Azide
2893.0141670737667,0.0,3_trailing,Raman,Sodium Azide
2894.7239863214463,0.0,3_trailing,Raman,Sodium Azide
2896.4338055691255,0.0,3_trailing,Raman,Sodium Azide
2898.143624816805,3.51284188387228e-05,3_trailing,Raman,Sodium Azide
2899.853444064485,0.0,3_trailing,Raman,Sodium Azide
2901.563263312164,5.8193779153477834e-06,3_trailing,Raman,Sodium Azide
2903.2730825598437,0.0,3_trailing,Raman,Sodium Azide
2904.9829018075234,3.2963820387176855e-05,3_trailing,Raman,Sodium Azide
2906.692721055203,6.097016507178817e-05,3_trailing,Raman,Sodium Azide
2908.4025403028822,1.900514692584248e-05,3_trailing,Raman,Sodium Azide
2910.112359550562,0.0,3_trailing,Raman,Sodium Azide
2911.8221787982416,9.492412578008761e-05,3_trailing,Raman,Sodium Azide
2913.531998045921,0.0,3_trailing,Raman,Sodium Azide
2915.2418172936004,0.01,3_trailing,Raman,Sodium Azide
2916.95163654128,0.0,3_trailing,Raman,Sodium Azide
2918.6614557889598,0.0,3_trailing,Raman,Sodium Azide
2920.371275036639,0.00020216904301039284,3_trailing,Raman,Sodium Azide
2922.0810942843186,0.0,3_trailing,Raman,Sodium Azide
2923.7909135319983,0.0,3_trailing,Raman,Sodium Azide
2925.5007327796775,0.0,3_trailing,Raman,Sodium Azide
2927.210552027357,0.0,3_trailing,Raman,Sodium Azide
2928.920371275037,0.0,3_trailing,Raman,Sodium Azide
2930.6301905227165,0.00010260495757376514,3_trailing,Raman,Sodium Azide
2932.3400097703957,0.0,3_trailing,Raman,Sodium Azide
2934.0498290180753,0.01,3_trailing,Raman,Sodium Azide
2935.759648265755,0.010109192607636935,3_trailing,Raman,Sodium Azide
2937.469467513434,0.01,3_trailing,Raman,Sodium Azide
2939.179286761114,0.010047442099976087,3_trailing,Raman,Sodium Azide
2940.8891060087935,0.0,3_trailing,Raman,Sodium Azide
2942.598925256473,0.0,3_trailing,Raman,Sodium Azide
2944.3087445041524,5.531074572934513e-05,3_trailing,Raman,Sodium Azide
2946.018563751832,0.0,3_trailing,Raman,Sodium Azide
2947.7283829995117,0.0001300135924481474,3_trailing,Raman,Sodium Azide
2949.438202247191,0.0,3_trailing,Raman,Sodium Azide
2951.1480214948706,0.010122727024144943,3_trailing,Raman,Sodium Azide
2952.8578407425503,4.6896790779920644e-05,3_trailing,Raman,Sodium Azide
2954.56765999023,5.112404721903377e-05,3_trailing,Raman,Sodium Azide
2956.277479237909,0.00017443784260844886,3_trailing,Raman,Sodium Azide
2957.987298485589,0.01012786253262768,3_trailing,Raman,Sodium Azide
2959.6971177332684,8.796765890429487e-05,3_trailing,Raman,Sodium Azide
2961.4069369809476,0.0,3_trailing,Raman,Sodium Azide
2963.1167562286273,0.0,3_trailing,Raman,Sodium Azide
2964.826575476307,9.091712688992313e-05,3_trailing,Raman,Sodium Azide
2966.5363947239866,4.8931520927472345e-05,3_trailing,Raman,Sodium Azide
2968.246213971666,3.2545362321130436e-05,3_trailing,Raman,Sodium Azide
2969.9560332193455,0.0,3_trailing,Raman,Sodium Azide
2971.665852467025,0.01,3_trailing,Raman,Sodium Azide
2973.3756717147044,0.0,3_trailing,Raman,Sodium Azide
2975.085490962384,6.953483924379325e-05,3_trailing,Raman,Sodium Azide
2976.7953102100637,0.0,3_trailing,Raman,Sodium Azide
2978.5051294577434,0.01,3_trailing,Raman,Sodium Azide
2980.2149487054226,0.01,3_trailing,Raman,Sodium Azide
2981.924767953102,1.0023009354347551e-05,3_trailing,Raman,Sodium Azide
2983.634587200782,0.0,3_trailing,Raman,Sodium Azide
2985.344406448461,0.0,3_trailing,Raman,Sodium Azide
2987.0542256961407,8.564769030346497e-05,3_trailing,Raman,Sodium Azide
2988.7640449438204,6.844092998852024e-06,3_trailing,Raman,Sodium Azide
2990.4738641915,0.0,3_trailing,Raman,Sodium Azide
2992.1836834391793,0.0,3_trailing,Raman,Sodium Azide
2993.893502686859,0.0,3_trailing,Raman,Sodium Azide
2995.6033219345386,0.0001712827492383541,3_trailing,Raman,Sodium Azide
2997.313141182218,8.424671048766194e-05,3_trailing,Raman,Sodium Azide
2999.0229604298975,0.0,3_trailing,Raman,Sodium Azide
3000.732779677577,0.0,3_trailing,Raman,Sodium Azide
3002.442598925257,2.672855269847451e-05,3_trailing,Raman,Sodium Azide
3004.152418172936,4.7336193798012864e-05,3_trailing,Raman,Sodium Azide
3005.8622374206157,0.0,3_trailing,Raman,Sodium Azide
3007.5720566682953,0.0,3_trailing,Raman,Sodium Azide
3009.2818759159745,0.01,3_trailing,Raman,Sodium Azide
3010.991695163654,0.01,3_trailing,Raman,Sodium Azide
3012.701514411334,0.00022226824084742208,3_trailing,Raman,Sodium Azide
3014.4113336590135,0.00029081151943935387,3_trailing,Raman,Sodium Azide
3016.1211529066927,6.938405085518725e-05,3_trailing,Raman,Sodium Azide
3017.8309721543724,0.0,3_trailing,Raman,Sodium Azide
3019.540791402052,7.33652675153822e-05,3_trailing,Raman,Sodium Azide
3021.2506106497312,0.0,3_trailing,Raman,Sodium Azide
3022.960429897411,0.0,3_trailing,Raman,Sodium Azide
3024.6702491450906,0.0,3_trailing,Raman,Sodium Azide
3026.38006839277,5.94866923283782e-05,3_trailing,Raman,Sodium Azide
3028.0898876404494,0.0,3_trailing,Raman,Sodium Azide
3029.799706888129,0.01,3_trailing,Raman,Sodium Azide
3031.5095261358088,0.0,3_trailing,Raman,Sodium Azide
3033.219345383488,0.0,3_trailing,Raman,Sodium Azide
3034.9291646311676,0.0,3_trailing,Raman,Sodium Azide
3036.6389838788473,3.6384728720446415e-05,3_trailing,Raman,Sodium Azide
3038.348803126527,0.0,3_trailing,Raman,Sodium Azide
3040.058622374206,0.00018791074421723895,3_trailing,Raman,Sodium Azide
3041.768441621886,0.0,3_trailing,Raman,Sodium Azide
3043.4782608695655,4.2962752267395576e-06,3_trailing,Raman,Sodium Azide
3045.1880801172447,6.752545597386954e-05,3_trailing,Raman,Sodium Azide
3046.8978993649243,7.376479392749984e-05,3_trailing,Raman,Sodium Azide
3048.607718612604,0.010083773628284817,3_trailing,Raman,Sodium Azide
3050.3175378602837,0.01,3_trailing,Raman,Sodium Azide
3052.027357107963,0.0,3_trailing,Raman,Sodium Azide
3053.7371763556425,1.4684875190162141e-05,3_trailing,Raman,Sodium Azide
3055.446995603322,0.010051990298242849,3_trailing,Raman,Sodium Azide
3057.1568148510014,0.010135821386546045,3_trailing,Raman,Sodium Azide
3058.866634098681,0.0,3_trailing,Raman,Sodium Azide
3060.5764533463607,0.0,3_trailing,Raman,Sodium Azide
3062.2862725940404,0.0,3_trailing,Raman,Sodium Azide
3063.9960918417196,0.00024410530482156127,3_trailing,Raman,Sodium Azide
3065.7059110893993,0.00016210622861090223,3_trailing,Raman,Sodium Azide
3067.415730337079,0.0,3_trailing,Raman,Sodium Azide
3069.125549584758,0.00013881121411588905,3_trailing,Raman,Sodium Azide
3070.835368832438,0.0,3_trailing,Raman,Sodium Azide
3072.5451880801174,0.0001031288163536587,3_trailing,Raman,Sodium Azide
3074.255007327797,0.0,3_trailing,Raman,Sodium Azide
3075.9648265754763,3.85207590345097e-05,3_trailing,Raman,Sodium Azide
3077.674645823156,0.00011014580024836731,3_trailing,Raman,Sodium Azide
3079.3844650708356,0.01,3_trailing,Raman,Sodium Azide
3081.094284318515,0.010066277678756659,3_trailing,Raman,Sodium Azide
3082.8041035661945,0.0,3_trailing,Raman,Sodium Azide
3084.513922813874,3.2800604886855446e-05,3_trailing,Raman,Sodium Azide
3086.223742061554,0.0,3_trailing,Raman,Sodium Azide
3087.933561309233,8.850283484186984e-05,3_trailing,Raman,Sodium Azide
3089.6433805569127,0.0,3_trailing,Raman,Sodium Azide
3091.3531998045924,0.0,3_trailing,Raman,Sodium Azide
3093.0630190522716,0.00014106954286678425,3_trailing,Raman,Sodium Azide
3094.772838299951,0.0,3_trailing,Raman,Sodium Azide
3096.482657547631,0.0,3_trailing,Raman,Sodium Azide
3098.1924767953105,0.0,3_trailing,Raman,Sodium Azide
3099.9022960429897,0.010038144364345565,3_trailing,Raman,Sodium Azide
3101.6121152906694,0.0,3_trailing,Raman,Sodium Azide
3103.321934538349,0.0,3_trailing,Raman,Sodium Azide
3105.0317537860283,0.00013248839906162228,3_trailing,Raman,Sodium Azide
3106.741573033708,0.0001137958763146965,3_trailing,Raman,Sodium Azide
3108.4513922813876,0.0,3_trailing,Raman,Sodium Azide
3110.1612115290673,0.0,3_trailing,Raman,Sodium Azide
3111.8710307767465,3.308395211562146e-05,3_trailing,Raman,Sodium Azide
3113.580850024426,1.9642480772552794e-05,3_trailing,Raman,Sodium Azide
3115.290669272106,0.0,3_trailing,Raman,Sodium Azide
3117.000488519785,0.0,3_trailing,Raman,Sodium Azide
3118.7103077674647,0.0,3_trailing,Raman,Sodium Azide
3120.4201270151443,8.282191411686612e-05,3_trailing,Raman,Sodium Azide
3122.129946262824,9.90932316072076e-05,3_trailing,Raman,Sodium Azide
3123.839765510503,0.0,3_trailing,Raman,Sodium Azide
3125.549584758183,0.0,3_trailing,Raman,Sodium Azide
3127.2594040058625,0.0100793547720838,3_trailing,Raman,Sodium Azide
3128.9692232535417,0.0,3_trailing,Raman,Sodium Azide
3130.6790425012214,0.0,3_trailing,Raman,Sodium Azide
3132.388861748901,0.0,3_trailing,Raman,Sodium Azide
3134.0986809965807,0.00016707743002722825,3_trailing,Raman,Sodium Azide
3135.80850024426,0.00017112929074088632,3_trailing,Raman,Sodium Azide
3137.5183194919396,0.0,3_trailing,Raman,Sodium Azide
3139.228138739619,0.0,3_trailing,Raman,Sodium Azide
3140.9379579872984,0.0002629529783018424,3_trailing,Raman,Sodium Azide
3142.647777234978,0.02,3_trailing,Raman,Sodium Azide
3144.3575964826578,0.00017499547812359744,3_trailing,Raman,Sodium Azide
3146.0674157303374,0.00010545020973802854,3_trailing,Raman,Sodium Azide
3147.7772349780166,0.00012866126917676388,3_trailing,Raman,Sodium Azide
3149.4870542256963,0.0,3_trailing,Raman,Sodium Azide
3151.196873473376,0.01,3_trailing,Raman,Sodium Azide
3152.906692721055,0.01,3_trailing,Raman,Sodium Azide
3154.616511968735,8.630859555628083e-05,3_trailing,Raman,Sodium Azide
3156.3263312164145,0.0,3_trailing,Raman,Sodium Azide
3158.036150464094,0.0,3_trailing,Raman,Sodium Azide
3159.7459697117733,0.00017658704217987203,3_trailing,Raman,Sodium Azide
3161.455788959453,6.423791365097766e-05,3_trailing,Raman,Sodium Azide
3163.1656082071327,0.00010832685703529455,3_trailing,Raman,Sodium Azide
3164.875427454812,0.01,3_trailing,Raman,Sodium Azide
3166.5852467024915,0.0,3_trailing,Raman,Sodium Azide
3168.295065950171,0.0001279371300621706,3_trailing,Raman,Sodium Azide
3170.004885197851,1.3595605832059944e-05,3_trailing,Raman,Sodium Azide
3171.71470444553,0.0,3_trailing,Raman,Sodium Azide
3173.4245236932097,6.76783276696856e-05,3_trailing,Raman,Sodium Azide
3175.1343429408894,0.0,3_trailing,Raman,Sodium Azide
3176.8441621885686,0.0002741520300685343,3_trailing,Raman,Sodium Azide
3178.5539814362483,6.472302373091919e-05,3_trailing,Raman,Sodium Azide
3180.263800683928,0.0,3_trailing,Raman,Sodium Azide
3181.9736199316076,9.51876948921834e-05,3_trailing,Raman,Sodium Azide
3183.683439179287,0.00017445821778268872,3_trailing,Raman,Sodium Azide
3185.3932584269664,0.0,3_trailing,Raman,Sodium Azide
3187.103077674646,0.01,3_trailing,Raman,Sodium Azide
3188.8128969223253,4.794852287396067e-06,3_trailing,Raman,Sodium Azide
3190.522716170005,0.0,3_trailing,Raman,Sodium Azide
3192.2325354176846,0.0,3_trailing,Raman,Sodium Azide
3193.9423546653643,0.0,3_trailing,Raman,Sodium Azide
3195.6521739130435,9.45604469335666e-05,3_trailing,Raman,Sodium Azide
3197.361993160723,0.01,3_trailing,Raman,Sodium Azide
3199.071812408403,6.57093313927454e-05,3_trailing,Raman,Sodium Azide
3200.781631656082,0.0,3_trailing,Raman,Sodium Azide
3202.4914509037617,2.4087667604716834e-05,3_trailing,Raman,Sodium Azide
3204.2012701514413,0.0,3_trailing,Raman,Sodium Azide
3205.911089399121,0.010021204802695456,3_trailing,Raman,Sodium Azide
3207.6209086468,4.674762481057944e-05,3_trailing,Raman,Sodium Azide
3209.33072789448,0.0,3_trailing,Raman,Sodium Azide
3211.0405471421595,0.0,3_trailing,Raman,Sodium Azide
3212.7503663898387,3.641591402732897e-05,3_trailing,Raman,Sodium Azide
3214.4601856375184,4.2229686239144745e-05,3_trailing,Raman,Sodium Azide
3216.170004885198,0.0,3_trailing,Raman,Sodium Azide
3217.8798241328773,0.01,3_trailing,Raman,Sodium Azide
3219.589643380557,0.0,3_trailing,Raman,Sodium Azide
3221.2994626282366,0.0,3_trailing,Raman,Sodium Azide
3223.0092818759163,7.648506317844415e-05,3_trailing,Raman,Sodium Azide
3224.7191011235955,0.0,3_trailing,Raman,Sodium Azide
3226.428920371275,3.1182086896383766e-05,3_trailing,Raman,Sodium Azide
3228.138739618955,0.0,3_trailing,Raman,Sodium Azide
3229.848558866634,0.00021796585479132638,3_trailing,Raman,Sodium Azide
3231.5583781143137,0.0,3_trailing,Raman,Sodium Azide
3233.2681973619933,0.0,3_trailing,Raman,Sodium Azide
3234.978016609673,0.010129549405722136,3_trailing,Raman,Sodium Azide
3236.687835857352,0.0,3_trailing,Raman,Sodium Azide
3238.397655105032,9.839473383250414e-06,3_trailing,Raman,Sodium Azide
3240.1074743527115,6.772731344031004e-05,3_trailing,Raman,Sodium Azide
3241.8172936003907,0.0,3_trailing,Raman,Sodium Azide
3243.5271128480704,0.0,3_trailing,Raman,Sodium Azide
3245.23693209575,2.05505435748688e-05,3_trailing,Raman,Sodium Azide
3246.9467513434297,0.010048980752835241,3_trailing,Raman,Sodium Azide
3248.656570591109,0.0,3_trailing,Raman,Sodium Azide
3250.3663898387886,0.00019885205162747084,3_trailing,Raman,Sodium Azide
3252.076209086468,5.196499236106656e-05,3_trailing,Raman,Sodium Azide
3253.7860283341474,0.01008391188374477,3_trailing,Raman,Sodium Azide
3255.495847581827,7.757420188377683e-05,3_trailing,Raman,Sodium Azide
3257.2056668295068,0.0,3_trailing,Raman,Sodium Azide
3258.9154860771864,0.0,3_trailing,Raman,Sodium Azide
3260.6253053248656,0.0,3_trailing,Raman,Sodium Azide
3262.3351245725453,0.0,3_trailing,Raman,Sodium Azide
3264.044943820225,2.2418887684189136e-05,3_trailing,Raman,Sodium Azide
3265.754763067904,0.0,3_trailing,Raman,Sodium Azide
3267.464582315584,1.3843895869092903e-05,3_trailing,Raman,Sodium Azide
3269.1744015632635,0.0,3_trailing,Raman,Sodium Azide
3270.884220810943,0.01,3_trailing,Raman,Sodium Azide
3272.5940400586223,4.5642580551551725e-05,3_trailing,Raman,Sodium Azide
3274.303859306302,0.0,3_trailing,Raman,Sodium Azide
3276.0136785539817,0.0,3_trailing,Raman,Sodium Azide
3277.723497801661,0.0,3_trailing,Raman,Sodium Azide
3279.4333170493405,0.0,3_trailing,Raman,Sodium Azide
3281.14313629702,0.01,3_trailing,Raman,Sodium Azide
3282.8529555447,5.892573700390885e-05,3_trailing,Raman,Sodium Azide
3284.562774792379,0.0,3_trailing,Raman,Sodium Azide
3286.2725940400587,0.0,3_trailing,Raman,Sodium Azide
3287.9824132877384,7.875466718641783e-06,3_trailing,Raman,Sodium Azide
3289.6922325354176,0.0,3_trailing,Raman,Sodium Azide
3291.4020517830972,0.0,3_trailing,Raman,Sodium Azide
3293.111871030777,0.0,3_trailing,Raman,Sodium Azide
3294.8216902784566,0.00019063766416977152,3_trailing,Raman,Sodium Azide
3296.531509526136,0.0,3_trailing,Raman,Sodium Azide
3298.2413287738154,8.523262850488171e-05,3_trailing,Raman,Sodium Azide
3299.951148021495,0.0,3_trailing,Raman,Sodium Azide
3301.6609672691743,0.0,3_trailing,Raman,Sodium Azide
3303.370786516854,0.0,3_trailing,Raman,Sodium Azide
3305.0806057645336,9.359286373362379e-05,3_trailing,Raman,Sodium Azide
3306.7904250122133,8.394868554018387e-05,3_trailing,Raman,Sodium Azide
3308.5002442598925,0.0,3_trailing,Raman,Sodium Azide
3310.210063507572,3.714022847602369e-05,3_trailing,Raman,Sodium Azide
3311.919882755252,0.0,3_trailing,Raman,Sodium Azide
3313.629702002931,0.0,3_trailing,Raman,Sodium Azide
3315.3395212506107,0.0,3_trailing,Raman,Sodium Azide
3317.0493404982903,0.00010067049425470933,3_trailing,Raman,Sodium Azide
3318.75915974597,5.000909248630277e-05,3_trailing,Raman,Sodium Azide
3320.468978993649,0.01,3_trailing,Raman,Sodium Azide
3322.178798241329,0.0,3_trailing,Raman,Sodium Azide
3323.8886174890085,0.01,3_trailing,Raman,Sodium Azide
3325.5984367366877,0.0,3_trailing,Raman,Sodium Azide
3327.3082559843674,0.0,3_trailing,Raman,Sodium Azide
3329.018075232047,0.0,3_trailing,Raman,Sodium Azide
3330.7278944797267,0.0001490063670228576,3_trailing,Raman,Sodium Azide
3332.437713727406,0.0,3_trailing,Raman,Sodium Azide
3334.1475329750856,3.241427509128704e-05,3_trailing,Raman,Sodium Azide
3335.8573522227653,0.0002617389846622204,3_trailing,Raman,Sodium Azide
3337.5671714704445,0.0,3_trailing,Raman,Sodium Azide
3339.276990718124,2.0825990978662765e-05,3_trailing,Raman,Sodium Azide
3340.986809965804,2.641651673463624e-05,3_trailing,Raman,Sodium Azide
3342.6966292134834,0.0,3_trailing,Raman,Sodium Azide
3344.4064484611627,4.446675627080457e-06,3_trailing,Raman,Sodium Azide
3346.1162677088423,0.01,3_trailing,Raman,Sodium Azide
3347.826086956522,3.8773496115654034e-05,3_trailing,Raman,Sodium Azide
3349.535906204201,0.0,3_trailing,Raman,Sodium Azide
3351.245725451881,0.0001942351811838201,3_trailing,Raman,Sodium Azide
3352.9555446995605,0.00018507401645324602,3_trailing,Raman,Sodium Azide
3354.66536394724,0.0,3_trailing,Raman,Sodium Azide
3356.3751831949194,0.00011363174759865597,3_trailing,Raman,Sodium Azide
3358.085002442599,0.0,3_trailing,Raman,Sodium Azide
3359.7948216902787,1.0654865130356634e-06,3_trailing,Raman,Sodium Azide
3361.504640937958,0.0,3_trailing,Raman,Sodium Azide
3363.2144601856376,8.856977483252153e-05,3_trailing,Raman,Sodium Azide
3364.924279433317,0.0,3_trailing,Raman,Sodium Azide
3366.634098680997,8.482988937695766e-05,3_trailing,Raman,Sodium Azide
3368.343917928676,0.0,3_trailing,Raman,Sodium Azide
3370.0537371763558,0.0,3_trailing,Raman,Sodium Azide
3371.7635564240354,0.0,3_trailing,Raman,Sodium Azide
3373.4733756717146,0.010006471713123083,3_trailing,Raman,Sodium Azide
3375.1831949193943,0.0,3_trailing,Raman,Sodium Azide
3376.893014167074,6.659938602669441e-06,3_trailing,Raman,Sodium Azide
3378.6028334147536,0.00020956857682632172,3_trailing,Raman,Sodium Azide
3380.312652662433,0.0,3_trailing,Raman,Sodium Azide
3382.0224719101125,0.01,3_trailing,Raman,Sodium Azide
3383.732291157792,0.01,3_trailing,Raman,Sodium Azide
3385.4421104054713,0.0,3_trailing,Raman,Sodium Azide
3387.151929653151,0.0,3_trailing,Raman,Sodium Azide
3388.8617489008307,0.00015890597971230308,3_trailing,Raman,Sodium Azide
3390.5715681485103,0.010187606907653343,3_trailing,Raman,Sodium Azide
3392.2813873961895,0.01,3_trailing,Raman,Sodium Azide
3393.991206643869,0.010043317755855362,3_trailing,Raman,Sodium Azide
3395.701025891549,0.0,3_trailing,Raman,Sodium Azide
3397.410845139228,0.0,3_trailing,Raman,Sodium Azide
3399.1206643869077,0.0,3_trailing,Raman,Sodium Azide
3400.8304836345874,0.0002303177128270343,3_trailing,Raman,Sodium Azide
3402.540302882267,0.00011866238734138222,3_trailing,Raman,Sodium Azide
3404.2501221299462,0.0,3_trailing,Raman,Sodium Azide
3405.959941377626,3.077807991219415e-05,3_trailing,Raman,Sodium Azide
3407.6697606253056,0.0,3_trailing,Raman,Sodium Azide
3409.379579872985,0.00010220143854258706,3_trailing,Raman,Sodium Azide
3411.0893991206644,0.0,3_trailing,Raman,Sodium Azide
3412.799218368344,0.0,3_trailing,Raman,Sodium Azide
3414.5090376160238,0.0,3_trailing,Raman,Sodium Azide
3416.218856863703,6.52470249861574e-05,3_trailing,Raman,Sodium Azide
3417.9286761113826,0.010238690342003054,3_trailing,Raman,Sodium Azide
3419.6384953590623,0.0,3_trailing,Raman,Sodium Azide
3421.3483146067415,0.0,3_trailing,Raman,Sodium Azide
3423.058133854421,0.0,3_trailing,Raman,Sodium Azide
3424.767953102101,2.8117059068443586e-05,3_trailing,Raman,Sodium Azide
3426.4777723497805,0.0,3_trailing,Raman,Sodium Azide
3428.1875915974597,0.0,3_trailing,Raman,Sodium Azide
3429.8974108451393,8.920840498181644e-06,3_trailing,Raman,Sodium Azide
3431.607230092819,0.0,3_trailing,Raman,Sodium Azide
3433.317049340498,0.0,3_trailing,Raman,Sodium Azide
3435.026868588178,0.0,3_trailing,Raman,Sodium Azide
3436.7366878358575,0.0,3_trailing,Raman,Sodium Azide
3438.446507083537,0.0,3_trailing,Raman,Sodium Azide
3440.1563263312164,6.774130425753342e-05,3_trailing,Raman,Sodium Azide
3441.866145578896,0.01,3_trailing,Raman,Sodium Azide
3443.5759648265757,0.02,3_trailing,Raman,Sodium Azide
3445.285784074255,0.0,3_trailing,Raman,Sodium Azide
3446.9956033219346,0.00011045983780988322,3_trailing,Raman,Sodium Azide
3448.7054225696143,0.0,3_trailing,Raman,Sodium Azide
3450.415241817294,0.0,3_trailing,Raman,Sodium Azide
3452.125061064973,8.406700543767067e-05,3_trailing,Raman,Sodium Azide
3453.834880312653,8.447173515391018e-05,3_trailing,Raman,Sodium Azide
3455.5446995603324,0.0,3_trailing,Raman,Sodium Azide
3457.2545188080117,5.693389443251281e-05,3_trailing,Raman,Sodium Azide
3458.9643380556913,0.0,3_trailing,Raman,Sodium Azide
3460.674157303371,2.5102839360675634e-05,3_trailing,Raman,Sodium Azide
3462.3839765510506,0.0,3_trailing,Raman,Sodium Azide
3464.09379579873,0.0,3_trailing,Raman,Sodium Azide
3465.8036150464095,3.8132872023727148e-06,3_trailing,Raman,Sodium Azide
3467.513434294089,0.0,3_trailing,Raman,Sodium Azide
3469.2232535417684,0.0002180826438494321,3_trailing,Raman,Sodium Azide
3470.933072789448,0.01,3_trailing,Raman,Sodium Azide
3472.6428920371277,0.0,3_trailing,Raman,Sodium Azide
3474.3527112848074,0.0,3_trailing,Raman,Sodium Azide
3476.0625305324866,0.0,3_trailing,Raman,Sodium Azide
3477.772349780166,1.2103369893910182e-05,3_trailing,Raman,Sodium Azide
3479.482169027846,3.344433315040577e-05,3_trailing,Raman,Sodium Azide
3481.191988275525,9.848006133138912e-05,3_trailing,Raman,Sodium Azide
3482.9018075232048,0.0,3_trailing,Raman,Sodium Azide
3484.6116267708844,0.010103412221471177,3_trailing,Raman,Sodium Azide
3486.321446018564,0.0,3_trailing,Raman,Sodium Azide
3488.0312652662433,4.3397696247867247e-05,3_trailing,Raman,Sodium Azide
3489.741084513923,0.010185944693260694,3_trailing,Raman,Sodium Azide
3491.4509037616026,0.0,3_trailing,Raman,Sodium Azide
3493.160723009282,0.0,3_trailing,Raman,Sodium Azide
3494.8705422569615,0.0,3_trailing,Raman,Sodium Azide
3496.580361504641,0.0,3_trailing,Raman,Sodium Azide
3498.290180752321,0.0001367103257149789,3_trailing,Raman,Sodium Azide
3500.0,0.0,3_trailing,Raman,Sodium Azide
