energy,intensity,line_id,technique,material
0.0,0.01,1,Raman,Gold
1.709819247679531,0.0,1,Raman,Gold
3.419638495359062,0.0,1,Raman,Gold
5.129457743038593,0.0,1,Raman,Gold
6.839276990718124,0.0,1,Raman,Gold
8.549096238397656,0.0,1,Raman,Gold
10.258915486077186,0.01,1,Raman,Gold
11.968734733756717,0.0,1,Raman,Gold
13.678553981436249,0.01,1,Raman,Gold
15.38837322911578,0.0,1,Raman,Gold
17.09819247679531,0.0,1,Raman,Gold
18.80801172447484,0.01,1,Raman,Gold
20.51783097215437,0.02,1,Raman,Gold
22.227650219833905,0.0,1,Raman,Gold
23.937469467513434,0.01,1,Raman,Gold
25.647288715192968,0.02,1,Raman,Gold
27.357107962872497,0.0,1,Raman,Gold
29.066927210552027,0.01,1,Raman,Gold
30.77674645823156,0.0,1,Raman,Gold
32.48656570591109,0.0,1,Raman,Gold
34.19638495359062,0.0,1,Raman,Gold
35.90620420127015,0.02,1,Raman,Gold
37.61602344894968,0.0,1,Raman,Gold
39.325842696629216,0.0,1,Raman,Gold
41.03566194430874,0.01,1,Raman,Gold
42.745481191988276,0.0,1,Raman,Gold
44.45530043966781,0.0,1,Raman,Gold
46.16511968734734,0.0,1,Raman,Gold
47.87493893502687,0.01,1,Raman,Gold
49.5847581827064,0.0,1,Raman,Gold
51.294577430385935,0.0,1,Raman,Gold
53.00439667806546,0.01,1,Raman,Gold
54.714215925744995,0.0,1,Raman,Gold
56.42403517342453,0.0,1,Raman,Gold
58.133854421104054,0.01,1,Raman,Gold
59.84367366878359,0.0,1,Raman,Gold
61.55349291646312,0.0,1,Raman,Gold
63.26331216414265,0.01,1,Raman,Gold
64.97313141182218,0.01,1,Raman,Gold
66.68295065950171,0.0,1,Raman,Gold
68.39276990718125,0.0,1,Raman,Gold
70.10258915486078,0.0,1,Raman,Gold
71.8124084025403,0.0,1,Raman,Gold
73.52222765021983,0.01,1,Raman,Gold
75.23204689789937,0.0,1,Raman,Gold
76.9418661455789,0.01,1,Raman,Gold
78.65168539325843,0.0,1,Raman,Gold
80.36150464093797,0.0,1,Raman,Gold
82.07132388861748,0.01,1,Raman,Gold
83.78114313629702,0.0,1,Raman,Gold
85.49096238397655,0.01,1,Raman,Gold
87.20078163165608,0.0,1,Raman,Gold
88.91060087933562,0.0,1,Raman,Gold
90.62042012701515,0.0,1,Raman,Gold
92.33023937469468,0.0,1,Raman,Gold
94.0400586223742,0.0,1,Raman,Gold
95.74987787005374,0.0,1,Raman,Gold
97.45969711773327,0.01,1,Raman,Gold
99.1695163654128,0.0,1,Raman,Gold
100.87933561309234,0.0,1,Raman,Gold
102.58915486077187,0.0,1,Raman,Gold
104.29897410845139,0.0,1,Raman,Gold
106.00879335613092,0.02,1,Raman,Gold
107.71861260381046,0.01,1,Raman,Gold
109.42843185148999,0.0,1,Raman,Gold
111.13825109916952,0.0,1,Raman,Gold
112.84807034684906,0.01,1,Raman,Gold
114.55788959452859,0.0,1,Raman,Gold
116.26770884220811,0.01,1,Raman,Gold
117.97752808988764,0.0,1,Raman,Gold
119.68734733756718,0.01,1,Raman,Gold
121.39716658524671,0.0,1,Raman,Gold
123.10698583292624,0.0,1,Raman,Gold
124.81680508060577,0.0,1,Raman,Gold
126.5266243282853,0.01,1,Raman,Gold
128.23644357596484,0.0,1,Raman,Gold
129.94626282364436,0.0,1,Raman,Gold
131.65608207132388,0.0,1,Raman,Gold
133.36590131900343,0.0,1,Raman,Gold
135.07572056668295,0.0,1,Raman,Gold
136.7855398143625,0.0,1,Raman,Gold
138.495359062042,0.0,1,Raman,Gold
140.20517830972156,0.0,1,Raman,Gold
141.91499755740108,0.0,1,Raman,Gold
143.6248168050806,0.0,1,Raman,Gold
145.33463605276015,0.0,1,Raman,Gold
147.04445530043967,0.0,1,Raman,Gold
148.7542745481192,0.0,1,Raman,Gold
150.46409379579873,0.0,1,Raman,Gold
152.17391304347828,0.01,1,Raman,Gold
153.8837322911578,0.0,1,Raman,Gold
155.59355153883732,0.01,1,Raman,Gold
157.30337078651687,0.0,1,Raman,Gold
159.01319003419638,0.0,1,Raman,Gold
160.72300928187593,0.0,1,Raman,Gold
162.43282852955545,0.01,1,Raman,Gold
164.14264777723497,0.01,1,Raman,Gold
165.85246702491452,0.0,1,Raman,Gold
167.56228627259404,0.0,1,Raman,Gold
169.27210552027358,0.0,1,Raman,Gold
170.9819247679531,0.0,1,Raman,Gold
172.69174401563265,0.01,1,Raman,Gold
174.40156326331217,0.0,1,Raman,Gold
176.1113825109917,0.0,1,Raman,Gold
177.82120175867124,0.0,1,Raman,Gold
179.53102100635076,0.0,1,Raman,Gold
181.2408402540303,0.01,1,Raman,Gold
182.95065950170982,0.0,1,Raman,Gold
184.66047874938937,0.0,1,Raman,Gold
186.3702979970689,0.02,1,Raman,Gold
188.0801172447484,0.0,1,Raman,Gold
189.78993649242796,0.01,1,Raman,Gold
191.49975574010747,0.01,1,Raman,Gold
193.20957498778702,0.0,1,Raman,Gold
194.91939423546654,0.02,1,Raman,Gold
196.6292134831461,0.0,1,Raman,Gold
198.3390327308256,0.0,1,Raman,Gold
200.04885197850513,0.0,1,Raman,Gold
201.75867122618467,0.0,1,Raman,Gold
203.4684904738642,0.0,1,Raman,Gold
205.17830972154374,0.01,1,Raman,Gold
206.88812896922326,0.0,1,Raman,Gold
208.59794821690278,0.0,1,Raman,Gold
210.30776746458233,0.0,1,Raman,Gold
212.01758671226185,0.0,1,Raman,Gold
213.7274059599414,0.01,1,Raman,Gold
215.4372252076209,0.02,1,Raman,Gold
217.14704445530046,0.01,1,Raman,Gold
218.85686370297998,0.0,1,Raman,Gold
220.5666829506595,0.0,1,Raman,Gold
222.27650219833905,0.0,1,Raman,Gold
223.98632144601856,0.0,1,Raman,Gold
225.6961406936981,0.01,1,Raman,Gold
227.40595994137763,0.01,1,Raman,Gold
229.11577918905718,0.0,1,Raman,Gold
230.8255984367367,0.01,1,Raman,Gold
232.53541768441622,0.0,1,Raman,Gold
234.24523693209576,0.0,1,Raman,Gold
235.95505617977528,0.0,1,Raman,Gold
237.66487542745483,0.0,1,Raman,Gold
239.37469467513435,0.0,1,Raman,Gold
241.08451392281387,0.0,1,Raman,Gold
242.79433317049342,0.01,1,Raman,Gold
244.50415241817294,0.0,1,Raman,Gold
246.21397166585248,0.0,1,Raman,Gold
247.923790913532,0.01,1,Raman,Gold
249.63361016121155,0.0,1,Raman,Gold
251.34342940889107,0.0,1,Raman,Gold
253.0532486565706,0.0,1,Raman,Gold
254.76306790425014,0.01,1,Raman,Gold
256.4728871519297,0.0,1,Raman,Gold
258.1827063996092,0.0,1,Raman,Gold
259.8925256472887,0.0,1,Raman,Gold
261.60234489496827,0.02,1,Raman,Gold
263.31216414264776,0.01,1,Raman,Gold
265.0219833903273,0.0,1,Raman,Gold
266.73180263800685,0.0,1,Raman,Gold
268.4416218856864,0.0,1,Raman,Gold
270.1514411333659,0.02,1,Raman,Gold
271.86126038104544,0.01,1,Raman,Gold
273.571079628725,0.01,1,Raman,Gold
275.2808988764045,0.0,1,Raman,Gold
276.990718124084,0.0,1,Raman,Gold
278.7005373717636,0.01,1,Raman,Gold
280.4103566194431,0.01,1,Raman,Gold
282.1201758671226,0.0,1,Raman,Gold
283.82999511480216,0.01,1,Raman,Gold
285.5398143624817,0.0,1,Raman,Gold
287.2496336101612,0.0,1,Raman,Gold
288.95945285784074,0.01,1,Raman,Gold
290.6692721055203,0.01,1,Raman,Gold
292.37909135319984,0.02,1,Raman,Gold
294.08891060087933,0.0,1,Raman,Gold
295.7987298485589,0.0,1,Raman,Gold
297.5085490962384,0.0,1,Raman,Gold
299.2183683439179,0.0,1,Raman,Gold
300.92818759159746,0.0,1,Raman,Gold
302.638006839277,0.0,1,Raman,Gold
304.34782608695656,0.0,1,Raman,Gold
306.05764533463605,0.0,1,Raman,Gold
307.7674645823156,0.0,1,Raman,Gold
309.47728382999514,0.01,1,Raman,Gold
311.18710307767464,0.0,1,Raman,Gold
312.8969223253542,0.0,1,Raman,Gold
314.60674157303373,0.02,1,Raman,Gold
316.3165608207133,0.01,1,Raman,Gold
318.02638006839277,0.01,1,Raman,Gold
319.7361993160723,0.0,1,Raman,Gold
321.44601856375186,0.01,1,Raman,Gold
323.15583781143135,0.0,1,Raman,Gold
324.8656570591109,0.0,1,Raman,Gold
326.57547630679045,0.0,1,Raman,Gold
328.28529555446994,0.0,1,Raman,Gold
329.9951148021495,0.0,1,Raman,Gold
331.70493404982903,0.0,1,Raman,Gold
333.4147532975086,0.0,1,Raman,Gold
335.1245725451881,0.01,1,Raman,Gold
336.8343917928676,0.0,1,Raman,Gold
338.54421104054717,0.02,1,Raman,Gold
340.25403028822666,0.01,1,Raman,Gold
341.9638495359062,0.01,1,Raman,Gold
343.67366878358575,0.0,1,Raman,Gold
345.3834880312653,0.0,1,Raman,Gold
347.0933072789448,0.0,1,Raman,Gold
348.80312652662434,0.0,1,Raman,Gold
350.5129457743039,0.0,1,Raman,Gold
352.2227650219834,0.0,1,Raman,Gold
353.9325842696629,0.0,1,Raman,Gold
355.6424035173425,0.0,1,Raman,Gold
357.352222765022,0.01,1,Raman,Gold
359.0620420127015,0.0,1,Raman,Gold
360.77186126038106,0.01,1,Raman,Gold
362.4816805080606,0.0,1,Raman,Gold
364.1914997557401,0.01,1,Raman,Gold
365.90131900341964,0.01,1,Raman,Gold
367.6111382510992,0.0,1,Raman,Gold
369.32095749877874,0.0,1,Raman,Gold
371.03077674645823,0.0,1,Raman,Gold
372.7405959941378,0.01,1,Raman,Gold
374.4504152418173,0.0,1,Raman,Gold
376.1602344894968,0.0,1,Raman,Gold
377.87005373717636,0.0,1,Raman,Gold
379.5798729848559,0.0,1,Raman,Gold
381.28969223253546,0.0,1,Raman,Gold
382.99951148021495,0.0,1,Raman,Gold
384.7093307278945,0.0,1,Raman,Gold
386.41914997557404,0.0,1,Raman,Gold
388.12896922325353,0.0,1,Raman,Gold
389.8387884709331,0.0,1,Raman,Gold
391.54860771861263,0.01,1,Raman,Gold
393.2584269662922,0.0,1,Raman,Gold
394.96824621397167,0.0,1,Raman,Gold
396.6780654616512,0.0,1,Raman,Gold
398.38788470933076,0.0,1,Raman,Gold
400.09770395701025,0.0,1,Raman,Gold
401.8075232046898,0.01,1,Raman,Gold
403.51734245236935,0.01,1,Raman,Gold
405.22716170004884,0.0,1,Raman,Gold
406.9369809477284,0.0,1,Raman,Gold
408.64680019540793,0.0,1,Raman,Gold
410.3566194430875,0.0,1,Raman,Gold
412.066438690767,0.01,1,Raman,Gold
413.7762579384465,0.0,1,Raman,Gold
415.48607718612607,0.01,1,Raman,Gold
417.19589643380556,0.0,1,Raman,Gold
418.9057156814851,0.0,1,Raman,Gold
420.61553492916465,0.0,1,Raman,Gold
422.3253541768442,0.01,1,Raman,Gold
424.0351734245237,0.0,1,Raman,Gold
425.74499267220324,0.0,1,Raman,Gold
427.4548119198828,0.0,1,Raman,Gold
429.1646311675623,0.0,1,Raman,Gold
430.8744504152418,0.0,1,Raman,Gold
432.5842696629214,0.0,1,Raman,Gold
434.2940889106009,0.01,1,Raman,Gold
436.0039081582804,0.0,1,Raman,Gold
437.71372740595996,0.0,1,Raman,Gold
439.4235466536395,0.01,1,Raman,Gold
441.133365901319,0.0,1,Raman,Gold
442.84318514899854,0.01,1,Raman,Gold
444.5530043966781,0.0,1,Raman,Gold
446.26282364435764,0.0,1,Raman,Gold
447.97264289203713,0.0,1,Raman,Gold
449.6824621397167,0.01,1,Raman,Gold
451.3922813873962,0.0,1,Raman,Gold
453.1021006350757,0.01,1,Raman,Gold
454.81191988275526,0.0,1,Raman,Gold
456.5217391304348,0.0,1,Raman,Gold
458.23155837811436,0.0,1,Raman,Gold
459.94137762579385,0.0,1,Raman,Gold
461.6511968734734,0.0,1,Raman,Gold
463.36101612115294,0.0,1,Raman,Gold
465.07083536883243,0.0,1,Raman,Gold
466.780654616512,0.01,1,Raman,Gold
468.49047386419153,0.0,1,Raman,Gold
470.2002931118711,0.0,1,Raman,Gold
471.91011235955057,0.0,1,Raman,Gold
473.6199316072301,0.0,1,Raman,Gold
475.32975085490966,0.0,1,Raman,Gold
477.03957010258915,0.0,1,Raman,Gold
478.7493893502687,0.01,1,Raman,Gold
480.45920859794825,0.01,1,Raman,Gold
482.16902784562774,0.01,1,Raman,Gold
483.8788470933073,0.01,1,Raman,Gold
485.58866634098683,0.0,1,Raman,Gold
487.2984855886664,0.0,1,Raman,Gold
489.00830483634587,0.0,1,Raman,Gold
490.7181240840254,0.0,1,Raman,Gold
492.42794333170497,0.0,1,Raman,Gold
494.13776257938446,0.0,1,Raman,Gold
495.847581827064,0.0,1,Raman,Gold
497.55740107474355,0.0,1,Raman,Gold
499.2672203224231,0.0,1,Raman,Gold
500.9770395701026,0.01,1,Raman,Gold
502.68685881778214,0.01,1,Raman,Gold
504.3966780654617,0.01,1,Raman,Gold
506.1064973131412,0.0,1,Raman,Gold
507.8163165608207,0.0,1,Raman,Gold
509.52613580850027,0.0,1,Raman,Gold
511.2359550561798,0.01,1,Raman,Gold
512.9457743038594,0.0,1,Raman,Gold
514.6555935515388,0.0,1,Raman,Gold
516.3654127992183,0.03,1,Raman,Gold
518.0752320468979,0.0,1,Raman,Gold
519.7850512945774,0.0,1,Raman,Gold
521.494870542257,0.0,1,Raman,Gold
523.2046897899365,0.0,1,Raman,Gold
524.9145090376161,0.0,1,Raman,Gold
526.6243282852955,0.0,1,Raman,Gold
528.3341475329751,0.0,1,Raman,Gold
530.0439667806546,0.01,1,Raman,Gold
531.7537860283342,0.01,1,Raman,Gold
533.4636052760137,0.0,1,Raman,Gold
535.1734245236933,0.0,1,Raman,Gold
536.8832437713728,0.0,1,Raman,Gold
538.5930630190522,0.0,1,Raman,Gold
540.3028822667318,0.0,1,Raman,Gold
542.0127015144113,0.0,1,Raman,Gold
543.7225207620909,0.0,1,Raman,Gold
545.4323400097704,0.0,1,Raman,Gold
547.14215925745,0.02,1,Raman,Gold
548.8519785051295,0.0,1,Raman,Gold
550.561797752809,0.01,1,Raman,Gold
552.2716170004885,0.0,1,Raman,Gold
553.981436248168,0.01,1,Raman,Gold
555.6912554958476,0.02,1,Raman,Gold
557.4010747435271,0.0,1,Raman,Gold
559.1108939912067,0.01,1,Raman,Gold
560.8207132388862,0.0,1,Raman,Gold
562.5305324865657,0.01,1,Raman,Gold
564.2403517342452,0.0,1,Raman,Gold
565.9501709819248,0.0,1,Raman,Gold
567.6599902296043,0.0,1,Raman,Gold
569.3698094772839,0.0,1,Raman,Gold
571.0796287249634,0.0,1,Raman,Gold
572.789447972643,0.0,1,Raman,Gold
574.4992672203224,0.0,1,Raman,Gold
576.2090864680019,0.0,1,Raman,Gold
577.9189057156815,0.0,1,Raman,Gold
579.628724963361,0.0,1,Raman,Gold
581.3385442110406,0.0,1,Raman,Gold
583.0483634587201,0.0,1,Raman,Gold
584.7581827063997,0.0,1,Raman,Gold
586.4680019540791,0.0,1,Raman,Gold
588.1778212017587,0.01,1,Raman,Gold
589.8876404494382,0.0,1,Raman,Gold
591.5974596971178,0.0,1,Raman,Gold
593.3072789447973,0.0,1,Raman,Gold
595.0170981924769,0.0,1,Raman,Gold
596.7269174401564,0.0,1,Raman,Gold
598.4367366878358,0.0,1,Raman,Gold
600.1465559355154,0.0,1,Raman,Gold
601.8563751831949,0.0,1,Raman,Gold
603.5661944308745,0.0,1,Raman,Gold
605.276013678554,0.0,1,Raman,Gold
606.9858329262336,0.0,1,Raman,Gold
608.6956521739131,0.0,1,Raman,Gold
610.4054714215926,0.0,1,Raman,Gold
612.1152906692721,0.0,1,Raman,Gold
613.8251099169516,0.0,1,Raman,Gold
615.5349291646312,0.0,1,Raman,Gold
617.2447484123107,0.0,1,Raman,Gold
618.9545676599903,0.0,1,Raman,Gold
620.6643869076698,0.0,1,Raman,Gold
622.3742061553493,0.0,1,Raman,Gold
624.0840254030288,0.01,1,Raman,Gold
625.7938446507084,0.01,1,Raman,Gold
627.5036638983879,0.0,1,Raman,Gold
629.2134831460675,0.0,1,Raman,Gold
630.923302393747,0.0,1,Raman,Gold
632.6331216414266,0.0,1,Raman,Gold
634.342940889106,0.01,1,Raman,Gold
636.0527601367855,0.01,1,Raman,Gold
637.7625793844651,0.0,1,Raman,Gold
639.4723986321446,0.0,1,Raman,Gold
641.1822178798242,0.0,1,Raman,Gold
642.8920371275037,0.0,1,Raman,Gold
644.6018563751833,0.0,1,Raman,Gold
646.3116756228627,0.0,1,Raman,Gold
648.0214948705423,0.01,1,Raman,Gold
649.7313141182218,0.01,1,Raman,Gold
651.4411333659014,0.01,1,Raman,Gold
653.1509526135809,0.01,1,Raman,Gold
654.8607718612604,0.0,1,Raman,Gold
656.5705911089399,0.01,1,Raman,Gold
658.2804103566194,0.0,1,Raman,Gold
659.990229604299,0.0,1,Raman,Gold
661.7000488519785,0.0,1,Raman,Gold
663.4098680996581,0.0,1,Raman,Gold
665.1196873473376,0.0,1,Raman,Gold
666.8295065950172,0.01,1,Raman,Gold
668.5393258426966,0.01,1,Raman,Gold
670.2491450903761,0.0,1,Raman,Gold
671.9589643380557,0.0,1,Raman,Gold
673.6687835857352,0.0,1,Raman,Gold
675.3786028334148,0.01,1,Raman,Gold
677.0884220810943,0.0,1,Raman,Gold
678.7982413287739,0.0,1,Raman,Gold
680.5080605764533,0.0,1,Raman,Gold
682.2178798241329,0.0,1,Raman,Gold
683.9276990718124,0.0,1,Raman,Gold
685.637518319492,0.0,1,Raman,Gold
687.3473375671715,0.01,1,Raman,Gold
689.057156814851,0.0,1,Raman,Gold
690.7669760625306,0.0,1,Raman,Gold
692.47679531021,0.01,1,Raman,Gold
694.1866145578896,0.0,1,Raman,Gold
695.8964338055691,0.0,1,Raman,Gold
697.6062530532487,0.01,1,Raman,Gold
699.3160723009282,0.01,1,Raman,Gold
701.0258915486078,0.0,1,Raman,Gold
702.7357107962873,0.01,1,Raman,Gold
704.4455300439668,0.02,1,Raman,Gold
706.1553492916463,0.0,1,Raman,Gold
707.8651685393259,0.01,1,Raman,Gold
709.5749877870054,0.01,1,Raman,Gold
711.284807034685,0.01,1,Raman,Gold
712.9946262823645,0.0,1,Raman,Gold
714.704445530044,0.0,1,Raman,Gold
716.4142647777235,0.01,1,Raman,Gold
718.124084025403,0.0,1,Raman,Gold
719.8339032730826,0.01,1,Raman,Gold
721.5437225207621,0.0,1,Raman,Gold
723.2535417684417,0.0,1,Raman,Gold
724.9633610161212,0.0,1,Raman,Gold
726.6731802638008,0.0,1,Raman,Gold
728.3829995114802,0.0,1,Raman,Gold
730.0928187591597,0.0,1,Raman,Gold
731.8026380068393,0.0,1,Raman,Gold
733.5124572545188,0.0,1,Raman,Gold
735.2222765021984,0.0,1,Raman,Gold
736.9320957498779,0.0,1,Raman,Gold
738.6419149975575,0.01,1,Raman,Gold
740.3517342452369,0.0,1,Raman,Gold
742.0615534929165,0.02,1,Raman,Gold
743.771372740596,0.0,1,Raman,Gold
745.4811919882756,0.01,1,Raman,Gold
747.1910112359551,0.01,1,Raman,Gold
748.9008304836346,0.01,1,Raman,Gold
750.6106497313142,0.0,1,Raman,Gold
752.3204689789936,0.0,1,Raman,Gold
754.0302882266732,0.01,1,Raman,Gold
755.7401074743527,0.01,1,Raman,Gold
757.4499267220323,0.0,1,Raman,Gold
759.1597459697118,0.01,1,Raman,Gold
760.8695652173914,0.0,1,Raman,Gold
762.5793844650709,0.0,1,Raman,Gold
764.2892037127503,0.0,1,Raman,Gold
765.9990229604299,0.0,1,Raman,Gold
767.7088422081094,0.0,1,Raman,Gold
769.418661455789,0.01,1,Raman,Gold
771.1284807034685,0.01,1,Raman,Gold
772.8382999511481,0.0,1,Raman,Gold
774.5481191988276,0.01,1,Raman,Gold
776.2579384465071,0.0,1,Raman,Gold
777.9677576941866,0.0,1,Raman,Gold
779.6775769418662,0.0,1,Raman,Gold
781.3873961895457,0.0,1,Raman,Gold
783.0972154372253,0.0,1,Raman,Gold
784.8070346849048,0.0,1,Raman,Gold
786.5168539325844,0.0,1,Raman,Gold
788.2266731802638,0.0,1,Raman,Gold
789.9364924279433,0.0,1,Raman,Gold
791.6463116756229,0.0,1,Raman,Gold
793.3561309233024,0.0,1,Raman,Gold
795.065950170982,0.0,1,Raman,Gold
796.7757694186615,0.01,1,Raman,Gold
798.4855886663411,0.01,1,Raman,Gold
800.1954079140205,0.0,1,Raman,Gold
801.9052271617,0.0,1,Raman,Gold
803.6150464093796,0.0,1,Raman,Gold
805.3248656570591,0.0,1,Raman,Gold
807.0346849047387,0.01,1,Raman,Gold
808.7445041524182,0.0,1,Raman,Gold
810.4543234000977,0.0,1,Raman,Gold
812.1641426477772,0.0,1,Raman,Gold
813.8739618954568,0.0,1,Raman,Gold
815.5837811431363,0.0,1,Raman,Gold
817.2936003908159,0.0,1,Raman,Gold
819.0034196384954,0.0,1,Raman,Gold
820.713238886175,0.0,1,Raman,Gold
822.4230581338544,0.0,1,Raman,Gold
824.132877381534,0.01,1,Raman,Gold
825.8426966292135,0.01,1,Raman,Gold
827.552515876893,0.01,1,Raman,Gold
829.2623351245726,0.0,1,Raman,Gold
830.9721543722521,0.0,1,Raman,Gold
832.6819736199317,0.01,1,Raman,Gold
834.3917928676111,0.0,1,Raman,Gold
836.1016121152907,0.0,1,Raman,Gold
837.8114313629702,0.0,1,Raman,Gold
839.5212506106498,0.0,1,Raman,Gold
841.2310698583293,0.01,1,Raman,Gold
842.9408891060089,0.0,1,Raman,Gold
844.6507083536884,0.01,1,Raman,Gold
846.3605276013678,0.01,1,Raman,Gold
848.0703468490474,0.0,1,Raman,Gold
849.7801660967269,0.01,1,Raman,Gold
851.4899853444065,0.01,1,Raman,Gold
853.199804592086,0.01,1,Raman,Gold
854.9096238397656,0.01,1,Raman,Gold
856.6194430874451,0.0,1,Raman,Gold
858.3292623351246,0.01,1,Raman,Gold
860.0390815828041,0.0,1,Raman,Gold
861.7489008304836,0.01,1,Raman,Gold
863.4587200781632,0.0,1,Raman,Gold
865.1685393258427,0.01,1,Raman,Gold
866.8783585735223,0.01,1,Raman,Gold
868.5881778212018,0.0,1,Raman,Gold
870.2979970688813,0.0,1,Raman,Gold
872.0078163165608,0.0,1,Raman,Gold
873.7176355642404,0.0,1,Raman,Gold
875.4274548119199,0.01,1,Raman,Gold
877.1372740595995,0.0,1,Raman,Gold
878.847093307279,0.0,1,Raman,Gold
880.5569125549586,0.0,1,Raman,Gold
882.266731802638,0.0,1,Raman,Gold
883.9765510503175,0.0,1,Raman,Gold
885.6863702979971,0.0,1,Raman,Gold
887.3961895456766,0.0,1,Raman,Gold
889.1060087933562,0.0,1,Raman,Gold
890.8158280410357,0.0,1,Raman,Gold
892.5256472887153,0.0,1,Raman,Gold
894.2354665363947,0.01,1,Raman,Gold
895.9452857840743,0.0,1,Raman,Gold
897.6551050317538,0.01,1,Raman,Gold
899.3649242794334,0.0,1,Raman,Gold
901.0747435271129,0.01,1,Raman,Gold
902.7845627747924,0.01,1,Raman,Gold
904.494382022472,0.0,1,Raman,Gold
906.2042012701514,0.0,1,Raman,Gold
907.914020517831,0.0,1,Raman,Gold
909.6238397655105,0.0,1,Raman,Gold
911.3336590131901,0.0,1,Raman,Gold
913.0434782608696,0.0,1,Raman,Gold
914.7532975085492,0.0,1,Raman,Gold
916.4631167562287,0.0,1,Raman,Gold
918.1729360039081,0.0,1,Raman,Gold
919.8827552515877,0.01,1,Raman,Gold
921.5925744992672,0.01,1,Raman,Gold
923.3023937469468,0.0,1,Raman,Gold
925.0122129946263,0.0,1,Raman,Gold
926.7220322423059,0.0,1,Raman,Gold
928.4318514899854,0.0,1,Raman,Gold
930.1416707376649,0.0,1,Raman,Gold
931.8514899853444,0.0,1,Raman,Gold
933.561309233024,0.0,1,Raman,Gold
935.2711284807035,0.0,1,Raman,Gold
936.9809477283831,0.0,1,Raman,Gold
938.6907669760626,0.0,1,Raman,Gold
940.4005862237422,0.0,1,Raman,Gold
942.1104054714216,0.01,1,Raman,Gold
943.8202247191011,0.0,1,Raman,Gold
945.5300439667807,0.0,1,Raman,Gold
947.2398632144602,0.0,1,Raman,Gold
948.9496824621398,0.0,1,Raman,Gold
950.6595017098193,0.0,1,Raman,Gold
952.3693209574988,0.0,1,Raman,Gold
954.0791402051783,0.0,1,Raman,Gold
955.7889594528579,0.0,1,Raman,Gold
957.4987787005374,0.0,1,Raman,Gold
959.208597948217,0.0,1,Raman,Gold
960.9184171958965,0.01,1,Raman,Gold
962.628236443576,0.0,1,Raman,Gold
964.3380556912555,0.01,1,Raman,Gold
966.047874938935,0.0,1,Raman,Gold
967.7576941866146,0.0,1,Raman,Gold
969.4675134342941,0.0,1,Raman,Gold
971.1773326819737,0.0,1,Raman,Gold
972.8871519296532,0.0,1,Raman,Gold
974.5969711773328,0.0,1,Raman,Gold
976.3067904250122,0.02,1,Raman,Gold
978.0166096726917,0.01,1,Raman,Gold
979.7264289203713,0.0,1,Raman,Gold
981.4362481680508,0.0,1,Raman,Gold
983.1460674157304,0.0,1,Raman,Gold
984.8558866634099,0.0,1,Raman,Gold
986.5657059110895,0.01,1,Raman,Gold
988.2755251587689,0.0,1,Raman,Gold
989.9853444064485,0.0,1,Raman,Gold
991.695163654128,0.0,1,Raman,Gold
993.4049829018076,0.01,1,Raman,Gold
995.1148021494871,0.0,1,Raman,Gold
996.8246213971667,0.01,1,Raman,Gold
998.5344406448462,0.0,1,Raman,Gold
1000.2442598925256,0.0,1,Raman,Gold
1001.9540791402052,0.01,1,Raman,Gold
1003.6638983878847,0.01,1,Raman,Gold
1005.3737176355643,0.0,1,Raman,Gold
1007.0835368832438,0.02,1,Raman,Gold
1008.7933561309234,0.01,1,Raman,Gold
1010.5031753786029,0.0,1,Raman,Gold
1012.2129946262824,0.0,1,Raman,Gold
1013.9228138739619,0.0,1,Raman,Gold
1015.6326331216414,0.0,1,Raman,Gold
1017.342452369321,0.01,1,Raman,Gold
1019.0522716170005,0.0,1,Raman,Gold
1020.7620908646801,0.01,1,Raman,Gold
1022.4719101123596,0.0,1,Raman,Gold
1024.181729360039,0.0,1,Raman,Gold
1025.8915486077187,0.0,1,Raman,Gold
1027.6013678553982,0.0,1,Raman,Gold
1029.3111871030776,0.0,1,Raman,Gold
1031.0210063507573,0.0,1,Raman,Gold
1032.7308255984367,0.0,1,Raman,Gold
1034.4406448461164,0.01,1,Raman,Gold
1036.1504640937958,0.0,1,Raman,Gold
1037.8602833414755,0.02,1,Raman,Gold
1039.5701025891549,0.02,1,Raman,Gold
1041.2799218368343,0.0,1,Raman,Gold
1042.989741084514,0.0,1,Raman,Gold
1044.6995603321934,0.0,1,Raman,Gold
1046.409379579873,0.0,1,Raman,Gold
1048.1191988275525,0.0,1,Raman,Gold
1049.8290180752322,0.02,1,Raman,Gold
1051.5388373229116,0.0,1,Raman,Gold
1053.248656570591,0.0,1,Raman,Gold
1054.9584758182707,0.0,1,Raman,Gold
1056.6682950659501,0.0,1,Raman,Gold
1058.3781143136298,0.0,1,Raman,Gold
1060.0879335613092,0.0,1,Raman,Gold
1061.797752808989,0.01,1,Raman,Gold
1063.5075720566683,0.0,1,Raman,Gold
1065.2173913043478,0.0,1,Raman,Gold
1066.9272105520274,0.0,1,Raman,Gold
1068.6370297997069,0.0,1,Raman,Gold
1070.3468490473865,0.01,1,Raman,Gold
1072.056668295066,0.0,1,Raman,Gold
1073.7664875427456,0.0,1,Raman,Gold
1075.476306790425,0.0,1,Raman,Gold
1077.1861260381045,0.0,1,Raman,Gold
1078.8959452857841,0.0,1,Raman,Gold
1080.6057645334636,0.0,1,Raman,Gold
1082.3155837811432,0.0,1,Raman,Gold
1084.0254030288227,0.0,1,Raman,Gold
1085.7352222765023,0.0,1,Raman,Gold
1087.4450415241818,0.01,1,Raman,Gold
1089.1548607718612,0.0,1,Raman,Gold
1090.8646800195409,0.0,1,Raman,Gold
1092.5744992672203,0.0,1,Raman,Gold
1094.2843185149,0.0,1,Raman,Gold
1095.9941377625794,0.0,1,Raman,Gold
1097.703957010259,0.0,1,Raman,Gold
1099.4137762579385,0.01,1,Raman,Gold
1101.123595505618,0.01,1,Raman,Gold
1102.8334147532976,0.02,1,Raman,Gold
1104.543234000977,0.01,1,Raman,Gold
1106.2530532486567,0.01,1,Raman,Gold
1107.962872496336,0.0,1,Raman,Gold
1109.6726917440158,0.0,1,Raman,Gold
1111.3825109916952,0.01,1,Raman,Gold
1113.0923302393746,0.0,1,Raman,Gold
1114.8021494870543,0.01,1,Raman,Gold
1116.5119687347337,0.0,1,Raman,Gold
1118.2217879824134,0.0,1,Raman,Gold
1119.9316072300928,0.0,1,Raman,Gold
1121.6414264777725,0.0,1,Raman,Gold
1123.351245725452,0.0,1,Raman,Gold
1125.0610649731314,0.01,1,Raman,Gold
1126.770884220811,0.0,1,Raman,Gold
1128.4807034684904,0.0,1,Raman,Gold
1130.19052271617,0.0,1,Raman,Gold
1131.9003419638495,0.0,1,Raman,Gold
1133.6101612115292,0.0,1,Raman,Gold
1135.3199804592086,0.0,1,Raman,Gold
1137.029799706888,0.01,1,Raman,Gold
1138.7396189545677,0.02,1,Raman,Gold
1140.4494382022472,0.01,1,Raman,Gold
1142.1592574499268,0.0,1,Raman,Gold
1143.8690766976063,0.0,1,Raman,Gold
1145.578895945286,0.0,1,Raman,Gold
1147.2887151929654,0.0,1,Raman,Gold
1148.9985344406448,0.0,1,Raman,Gold
1150.7083536883245,0.0,1,Raman,Gold
1152.4181729360039,0.0,1,Raman,Gold
1154.1279921836835,0.01,1,Raman,Gold
1155.837811431363,0.0,1,Raman,Gold
1157.5476306790426,0.0,1,Raman,Gold
1159.257449926722,0.0,1,Raman,Gold
1160.9672691744015,0.0,1,Raman,Gold
1162.6770884220812,0.01,1,Raman,Gold
1164.3869076697606,0.0,1,Raman,Gold
1166.0967269174403,0.01,1,Raman,Gold
1167.8065461651197,0.0,1,Raman,Gold
1169.5163654127994,0.0,1,Raman,Gold
1171.2261846604788,0.0,1,Raman,Gold
1172.9360039081582,0.0,1,Raman,Gold
1174.645823155838,0.0,1,Raman,Gold
1176.3556424035173,0.0,1,Raman,Gold
1178.065461651197,0.01,1,Raman,Gold
1179.7752808988764,0.0,1,Raman,Gold
1181.485100146556,0.0,1,Raman,Gold
1183.1949193942355,0.0,1,Raman,Gold
1184.904738641915,0.0,1,Raman,Gold
1186.6145578895946,0.0,1,Raman,Gold
1188.324377137274,0.01,1,Raman,Gold
1190.0341963849537,0.0,1,Raman,Gold
1191.7440156326331,0.01,1,Raman,Gold
1193.4538348803128,0.0,1,Raman,Gold
1195.1636541279922,0.0,1,Raman,Gold
1196.8734733756717,0.0,1,Raman,Gold
1198.5832926233513,0.01,1,Raman,Gold
1200.2931118710308,0.0,1,Raman,Gold
1202.0029311187104,0.0,1,Raman,Gold
1203.7127503663899,0.01,1,Raman,Gold
1205.4225696140695,0.0,1,Raman,Gold
1207.132388861749,0.0,1,Raman,Gold
1208.8422081094284,0.0,1,Raman,Gold
1210.552027357108,0.0,1,Raman,Gold
1212.2618466047875,0.0,1,Raman,Gold
1213.9716658524671,0.0,1,Raman,Gold
1215.6814851001466,0.0,1,Raman,Gold
1217.3913043478262,0.01,1,Raman,Gold
1219.1011235955057,0.0,1,Raman,Gold
1220.810942843185,0.0,1,Raman,Gold
1222.5207620908648,0.01,1,Raman,Gold
1224.2305813385442,0.01,1,Raman,Gold
1225.9404005862239,0.0,1,Raman,Gold
1227.6502198339033,0.01,1,Raman,Gold
1229.360039081583,0.0,1,Raman,Gold
1231.0698583292624,0.01,1,Raman,Gold
1232.7796775769418,0.0,1,Raman,Gold
1234.4894968246215,0.0,1,Raman,Gold
1236.199316072301,0.0,1,Raman,Gold
1237.9091353199806,0.01,1,Raman,Gold
1239.61895456766,0.0,1,Raman,Gold
1241.3287738153397,0.0,1,Raman,Gold
1243.038593063019,0.0,1,Raman,Gold
1244.7484123106985,0.01,1,Raman,Gold
1246.4582315583782,0.01,1,Raman,Gold
1248.1680508060576,0.0,1,Raman,Gold
1249.8778700537373,0.0,1,Raman,Gold
1251.5876893014167,0.0,1,Raman,Gold
1253.2975085490964,0.0,1,Raman,Gold
1255.0073277967758,0.0,1,Raman,Gold
1256.7171470444553,0.0,1,Raman,Gold
1258.426966292135,0.01,1,Raman,Gold
1260.1367855398144,0.0,1,Raman,Gold
1261.846604787494,0.0,1,Raman,Gold
1263.5564240351734,0.0,1,Raman,Gold
1265.266243282853,0.0,1,Raman,Gold
1266.9760625305325,0.01,1,Raman,Gold
1268.685881778212,0.0,1,Raman,Gold
1270.3957010258916,0.0,1,Raman,Gold
1272.105520273571,0.0,1,Raman,Gold
1273.8153395212507,0.0,1,Raman,Gold
1275.5251587689302,0.0,1,Raman,Gold
1277.2349780166098,0.0,1,Raman,Gold
1278.9447972642893,0.0,1,Raman,Gold
1280.6546165119687,0.0,1,Raman,Gold
1282.3644357596484,0.01,1,Raman,Gold
1284.0742550073278,0.0,1,Raman,Gold
1285.7840742550075,0.0,1,Raman,Gold
1287.493893502687,0.0,1,Raman,Gold
1289.2037127503665,0.02,1,Raman,Gold
1290.913531998046,0.0,1,Raman,Gold
1292.6233512457254,0.0,1,Raman,Gold
1294.333170493405,0.0,1,Raman,Gold
1296.0429897410845,0.01,1,Raman,Gold
1297.7528089887642,0.02,1,Raman,Gold
1299.4626282364436,0.0,1,Raman,Gold
1301.1724474841233,0.0,1,Raman,Gold
1302.8822667318027,0.01,1,Raman,Gold
1304.5920859794821,0.01,1,Raman,Gold
1306.3019052271618,0.0,1,Raman,Gold
1308.0117244748412,0.01,1,Raman,Gold
1309.721543722521,0.0,1,Raman,Gold
1311.4313629702003,0.0,1,Raman,Gold
1313.1411822178798,0.0,1,Raman,Gold
1314.8510014655594,0.01,1,Raman,Gold
1316.5608207132389,0.02,1,Raman,Gold
1318.2706399609185,0.0,1,Raman,Gold
1319.980459208598,0.0,1,Raman,Gold
1321.6902784562776,0.0,1,Raman,Gold
1323.400097703957,0.01,1,Raman,Gold
1325.1099169516365,0.0,1,Raman,Gold
1326.8197361993161,0.0,1,Raman,Gold
1328.5295554469956,0.0,1,Raman,Gold
1330.2393746946752,0.0,1,Raman,Gold
1331.9491939423547,0.01,1,Raman,Gold
1333.6590131900343,0.0,1,Raman,Gold
1335.3688324377138,0.0,1,Raman,Gold
1337.0786516853932,0.0,1,Raman,Gold
1338.7884709330729,0.0,1,Raman,Gold
1340.4982901807523,0.0,1,Raman,Gold
1342.208109428432,0.0,1,Raman,Gold
1343.9179286761114,0.0,1,Raman,Gold
1345.627747923791,0.0,1,Raman,Gold
1347.3375671714705,0.0,1,Raman,Gold
1349.04738641915,0.02,1,Raman,Gold
1350.7572056668296,0.01,1,Raman,Gold
1352.467024914509,0.0,1,Raman,Gold
1354.1768441621887,0.0,1,Raman,Gold
1355.886663409868,0.01,1,Raman,Gold
1357.5964826575478,0.0,1,Raman,Gold
1359.3063019052272,0.01,1,Raman,Gold
1361.0161211529066,0.0,1,Raman,Gold
1362.7259404005863,0.01,1,Raman,Gold
1364.4357596482657,0.0,1,Raman,Gold
1366.1455788959454,0.0,1,Raman,Gold
1367.8553981436248,0.0,1,Raman,Gold
1369.5652173913045,0.01,1,Raman,Gold
1371.275036638984,0.0,1,Raman,Gold
1372.9848558866634,0.0,1,Raman,Gold
1374.694675134343,0.0,1,Raman,Gold
1376.4044943820224,0.0,1,Raman,Gold
1378.114313629702,0.01,1,Raman,Gold
1379.8241328773815,0.0,1,Raman,Gold
1381.5339521250612,0.0,1,Raman,Gold
1383.2437713727406,0.03,1,Raman,Gold
1384.95359062042,0.01,1,Raman,Gold
1386.6634098680997,0.0,1,Raman,Gold
1388.3732291157792,0.0,1,Raman,Gold
1390.0830483634588,0.01,1,Raman,Gold
1391.7928676111383,0.0,1,Raman,Gold
1393.502686858818,0.01,1,Raman,Gold
1395.2125061064974,0.0,1,Raman,Gold
1396.9223253541768,0.0,1,Raman,Gold
1398.6321446018565,0.0,1,Raman,Gold
1400.341963849536,0.0,1,Raman,Gold
1402.0517830972155,0.0,1,Raman,Gold
1403.761602344895,0.0,1,Raman,Gold
1405.4714215925746,0.0,1,Raman,Gold
1407.181240840254,0.01,1,Raman,Gold
1408.8910600879335,0.01,1,Raman,Gold
1410.6008793356132,0.0,1,Raman,Gold
1412.3106985832926,0.01,1,Raman,Gold
1414.0205178309723,0.0,1,Raman,Gold
1415.7303370786517,0.0,1,Raman,Gold
1417.4401563263314,0.0,1,Raman,Gold
1419.1499755740108,0.0,1,Raman,Gold
1420.8597948216902,0.0,1,Raman,Gold
1422.56961406937,0.0,1,Raman,Gold
1424.2794333170493,0.0,1,Raman,Gold
1425.989252564729,0.0,1,Raman,Gold
1427.6990718124084,0.0,1,Raman,Gold
1429.408891060088,0.0,1,Raman,Gold
1431.1187103077675,0.0,1,Raman,Gold
1432.828529555447,0.0,1,Raman,Gold
1434.5383488031266,0.0,1,Raman,Gold
1436.248168050806,0.0,1,Raman,Gold
1437.9579872984857,0.0,1,Raman,Gold
1439.6678065461651,0.0,1,Raman,Gold
1441.3776257938448,0.01,1,Raman,Gold
1443.0874450415242,0.0,1,Raman,Gold
1444.7972642892037,0.0,1,Raman,Gold
1446.5070835368833,0.0,1,Raman,Gold
1448.2169027845628,0.0,1,Raman,Gold
1449.9267220322424,0.0,1,Raman,Gold
1451.6365412799219,0.01,1,Raman,Gold
1453.3463605276015,0.0,1,Raman,Gold
1455.056179775281,0.0,1,Raman,Gold
1456.7659990229604,0.01,1,Raman,Gold
1458.47581827064,0.01,1,Raman,Gold
1460.1856375183195,0.02,1,Raman,Gold
1461.8954567659991,0.0,1,Raman,Gold
1463.6052760136786,0.0,1,Raman,Gold
1465.3150952613582,0.0,1,Raman,Gold
1467.0249145090377,0.0,1,Raman,Gold
1468.734733756717,0.0,1,Raman,Gold
1470.4445530043968,0.0,1,Raman,Gold
1472.1543722520762,0.0,1,Raman,Gold
1473.8641914997559,0.01,1,Raman,Gold
1475.5740107474353,0.0,1,Raman,Gold
1477.283829995115,0.0,1,Raman,Gold
1478.9936492427944,0.01,1,Raman,Gold
1480.7034684904738,0.0,1,Raman,Gold
1482.4132877381535,0.0,1,Raman,Gold
1484.123106985833,0.0,1,Raman,Gold
1485.8329262335126,0.0,1,Raman,Gold
1487.542745481192,0.01,1,Raman,Gold
1489.2525647288717,0.0,1,Raman,Gold
1490.962383976551,0.01,1,Raman,Gold
1492.6722032242305,0.0,1,Raman,Gold
1494.3820224719102,0.01,1,Raman,Gold
1496.0918417195896,0.01,1,Raman,Gold
1497.8016609672693,0.0,1,Raman,Gold
1499.5114802149487,0.0,1,Raman,Gold
1501.2212994626284,0.0,1,Raman,Gold
1502.9311187103078,0.0,1,Raman,Gold
1504.6409379579873,0.01,1,Raman,Gold
1506.350757205667,0.01,1,Raman,Gold
1508.0605764533464,0.0,1,Raman,Gold
1509.770395701026,0.0,1,Raman,Gold
1511.4802149487055,0.0,1,Raman,Gold
1513.190034196385,0.0,1,Raman,Gold
1514.8998534440645,0.01,1,Raman,Gold
1516.609672691744,0.0,1,Raman,Gold
1518.3194919394236,0.0,1,Raman,Gold
1520.029311187103,0.0,1,Raman,Gold
1521.7391304347827,0.0,1,Raman,Gold
1523.4489496824622,0.0,1,Raman,Gold
1525.1587689301418,0.0,1,Raman,Gold
1526.8685881778213,0.0,1,Raman,Gold
1528.5784074255007,0.0,1,Raman,Gold
1530.2882266731804,0.0,1,Raman,Gold
1531.9980459208598,0.0,1,Raman,Gold
1533.7078651685395,0.01,1,Raman,Gold
1535.417684416219,0.0,1,Raman,Gold
1537.1275036638986,0.0,1,Raman,Gold
1538.837322911578,0.0,1,Raman,Gold
1540.5471421592574,0.01,1,Raman,Gold
1542.256961406937,0.0,1,Raman,Gold
1543.9667806546165,0.01,1,Raman,Gold
1545.6765999022962,0.0,1,Raman,Gold
1547.3864191499756,0.0,1,Raman,Gold
1549.0962383976553,0.0,1,Raman,Gold
1550.8060576453347,0.0,1,Raman,Gold
1552.5158768930141,0.0,1,Raman,Gold
1554.2256961406938,0.01,1,Raman,Gold
1555.9355153883732,0.0,1,Raman,Gold
1557.645334636053,0.0,1,Raman,Gold
1559.3551538837323,0.01,1,Raman,Gold
1561.064973131412,0.01,1,Raman,Gold
1562.7747923790914,0.01,1,Raman,Gold
1564.4846116267709,0.0,1,Raman,Gold
1566.1944308744505,0.0,1,Raman,Gold
1567.90425012213,0.01,1,Raman,Gold
1569.6140693698096,0.01,1,Raman,Gold
1571.323888617489,0.0,1,Raman,Gold
1573.0337078651687,0.0,1,Raman,Gold
1574.7435271128481,0.0,1,Raman,Gold
1576.4533463605276,0.0,1,Raman,Gold
1578.1631656082072,0.0,1,Raman,Gold
1579.8729848558867,0.01,1,Raman,Gold
1581.5828041035663,0.0,1,Raman,Gold
1583.2926233512458,0.0,1,Raman,Gold
1585.0024425989254,0.01,1,Raman,Gold
1586.7122618466049,0.0,1,Raman,Gold
1588.4220810942843,0.01,1,Raman,Gold
1590.131900341964,0.0,1,Raman,Gold
1591.8417195896434,0.0,1,Raman,Gold
1593.551538837323,0.0,1,Raman,Gold
1595.2613580850025,0.0,1,Raman,Gold
1596.9711773326821,0.01,1,Raman,Gold
1598.6809965803616,0.01,1,Raman,Gold
1600.390815828041,0.0,1,Raman,Gold
1602.1006350757207,0.0,1,Raman,Gold
1603.8104543234,0.0,1,Raman,Gold
1605.5202735710798,0.01,1,Raman,Gold
1607.2300928187592,0.0,1,Raman,Gold
1608.9399120664386,0.0,1,Raman,Gold
1610.6497313141183,0.0,1,Raman,Gold
1612.3595505617977,0.0,1,Raman,Gold
1614.0693698094774,0.0,1,Raman,Gold
1615.7791890571568,0.0,1,Raman,Gold
1617.4890083048365,0.0,1,Raman,Gold
1619.198827552516,0.01,1,Raman,Gold
1620.9086468001954,0.0,1,Raman,Gold
1622.618466047875,0.0,1,Raman,Gold
1624.3282852955545,0.0,1,Raman,Gold
1626.038104543234,0.0,1,Raman,Gold
1627.7479237909135,0.02,1,Raman,Gold
1629.4577430385932,0.0,1,Raman,Gold
1631.1675622862726,0.0,1,Raman,Gold
1632.877381533952,0.01,1,Raman,Gold
1634.5872007816317,0.0,1,Raman,Gold
1636.2970200293112,0.0,1,Raman,Gold
1638.0068392769908,0.0,1,Raman,Gold
1639.7166585246703,0.0,1,Raman,Gold
1641.42647777235,0.01,1,Raman,Gold
1643.1362970200294,0.0,1,Raman,Gold
1644.8461162677088,0.0,1,Raman,Gold
1646.5559355153885,0.02,1,Raman,Gold
1648.265754763068,0.01,1,Raman,Gold
1649.9755740107476,0.0,1,Raman,Gold
1651.685393258427,0.0,1,Raman,Gold
1653.3952125061066,0.0,1,Raman,Gold
1655.105031753786,0.0,1,Raman,Gold
1656.8148510014655,0.0,1,Raman,Gold
1658.5246702491452,0.0,1,Raman,Gold
1660.2344894968246,0.01,1,Raman,Gold
1661.9443087445043,0.0,1,Raman,Gold
1663.6541279921837,0.0,1,Raman,Gold
1665.3639472398634,0.0,1,Raman,Gold
1667.0737664875428,0.0,1,Raman,Gold
1668.7835857352222,0.0,1,Raman,Gold
1670.493404982902,0.01,1,Raman,Gold
1672.2032242305813,0.0,1,Raman,Gold
1673.913043478261,0.01,1,Raman,Gold
1675.6228627259404,0.0,1,Raman,Gold
1677.33268197362,0.0,1,Raman,Gold
1679.0425012212995,0.0,1,Raman,Gold
1680.752320468979,0.0,1,Raman,Gold
1682.4621397166586,0.0,1,Raman,Gold
1684.171958964338,0.0,1,Raman,Gold
1685.8817782120177,0.0,1,Raman,Gold
1687.5915974596971,0.01,1,Raman,Gold
1689.3014167073768,0.0,1,Raman,Gold
1691.0112359550562,0.01,1,Raman,Gold
1692.7210552027357,0.0,1,Raman,Gold
1694.4308744504153,0.01,1,Raman,Gold
1696.1406936980948,0.0,1,Raman,Gold
1697.8505129457744,0.01,1,Raman,Gold
1699.5603321934539,0.0,1,Raman,Gold
1701.2701514411335,0.0,1,Raman,Gold
1702.979970688813,0.0,1,Raman,Gold
1704.6897899364924,0.0,1,Raman,Gold
1706.399609184172,0.01,1,Raman,Gold
1708.1094284318515,0.01,1,Raman,Gold
1709.8192476795311,0.01,1,Raman,Gold
1711.5290669272106,0.0,1,Raman,Gold
1713.2388861748902,0.0,1,Raman,Gold
1714.9487054225697,0.0,1,Raman,Gold
1716.658524670249,0.0,1,Raman,Gold
1718.3683439179288,0.01,1,Raman,Gold
1720.0781631656082,0.0,1,Raman,Gold
1721.7879824132879,0.0,1,Raman,Gold
1723.4978016609673,0.0,1,Raman,Gold
1725.207620908647,0.0,1,Raman,Gold
1726.9174401563264,0.0,1,Raman,Gold
1728.6272594040058,0.02,1,Raman,Gold
1730.3370786516855,0.0,1,Raman,Gold
1732.046897899365,0.0,1,Raman,Gold
1733.7567171470446,0.0,1,Raman,Gold
1735.466536394724,0.0,1,Raman,Gold
1737.1763556424037,0.0,1,Raman,Gold
1738.886174890083,0.01,1,Raman,Gold
1740.5959941377625,0.0,1,Raman,Gold
1742.3058133854422,0.01,1,Raman,Gold
1744.0156326331216,0.0,1,Raman,Gold
1745.7254518808013,0.0,1,Raman,Gold
1747.4352711284807,0.0,1,Raman,Gold
1749.1450903761604,0.01,1,Raman,Gold
1750.8549096238398,0.0,1,Raman,Gold
1752.5647288715193,0.0,1,Raman,Gold
1754.274548119199,0.01,1,Raman,Gold
1755.9843673668784,0.0,1,Raman,Gold
1757.694186614558,0.0,1,Raman,Gold
1759.4040058622375,0.0,1,Raman,Gold
1761.1138251099171,0.0,1,Raman,Gold
1762.8236443575965,0.02,1,Raman,Gold
1764.533463605276,0.0,1,Raman,Gold
1766.2432828529556,0.0,1,Raman,Gold
1767.953102100635,0.0,1,Raman,Gold
1769.6629213483147,0.0,1,Raman,Gold
1771.3727405959942,0.01,1,Raman,Gold
1773.0825598436738,0.0,1,Raman,Gold
1774.7923790913533,0.0,1,Raman,Gold
1776.5021983390327,0.01,1,Raman,Gold
1778.2120175867124,0.01,1,Raman,Gold
1779.9218368343918,0.0,1,Raman,Gold
1781.6316560820715,0.0,1,Raman,Gold
1783.341475329751,0.0,1,Raman,Gold
1785.0512945774306,0.0,1,Raman,Gold
1786.76111382511,0.0,1,Raman,Gold
1788.4709330727894,0.0,1,Raman,Gold
1790.180752320469,0.0,1,Raman,Gold
1791.8905715681485,0.0,1,Raman,Gold
1793.6003908158282,0.0,1,Raman,Gold
1795.3102100635076,0.01,1,Raman,Gold
1797.0200293111873,0.0,1,Raman,Gold
1798.7298485588667,0.0,1,Raman,Gold
1800.4396678065461,0.0,1,Raman,Gold
1802.1494870542258,0.0,1,Raman,Gold
1803.8593063019052,0.0,1,Raman,Gold
1805.569125549585,0.0,1,Raman,Gold
1807.2789447972643,0.0,1,Raman,Gold
1808.988764044944,0.0,1,Raman,Gold
1810.6985832926234,0.0,1,Raman,Gold
1812.4084025403029,0.0,1,Raman,Gold
1814.1182217879825,0.0,1,Raman,Gold
1815.828041035662,0.0,1,Raman,Gold
1817.5378602833416,0.0,1,Raman,Gold
1819.247679531021,0.0,1,Raman,Gold
1820.9574987787007,0.0,1,Raman,Gold
1822.6673180263801,0.0,1,Raman,Gold
1824.3771372740596,0.0,1,Raman,Gold
1826.0869565217392,0.01,1,Raman,Gold
1827.7967757694187,0.0,1,Raman,Gold
1829.5065950170983,0.0,1,Raman,Gold
1831.2164142647778,0.0,1,Raman,Gold
1832.9262335124574,0.0,1,Raman,Gold
1834.6360527601369,0.0,1,Raman,Gold
1836.3458720078163,0.0,1,Raman,Gold
1838.055691255496,0.0,1,Raman,Gold
1839.7655105031754,0.01,1,Raman,Gold
1841.475329750855,0.0,1,Raman,Gold
1843.1851489985345,0.0,1,Raman,Gold
1844.8949682462141,0.0,1,Raman,Gold
1846.6047874938936,0.0,1,Raman,Gold
1848.314606741573,0.0,1,Raman,Gold
1850.0244259892527,0.01,1,Raman,Gold
1851.734245236932,0.0,1,Raman,Gold
1853.4440644846118,0.01,1,Raman,Gold
1855.1538837322912,0.01,1,Raman,Gold
1856.8637029799709,0.0,1,Raman,Gold
1858.5735222276503,0.0,1,Raman,Gold
1860.2833414753297,0.0,1,Raman,Gold
1861.9931607230094,0.0,1,Raman,Gold
1863.7029799706888,0.0,1,Raman,Gold
1865.4127992183685,0.01,1,Raman,Gold
1867.122618466048,0.0,1,Raman,Gold
1868.8324377137276,0.0,1,Raman,Gold
1870.542256961407,0.0,1,Raman,Gold
1872.2520762090865,0.0,1,Raman,Gold
1873.9618954567661,0.0,1,Raman,Gold
1875.6717147044455,0.0,1,Raman,Gold
1877.3815339521252,0.0,1,Raman,Gold
1879.0913531998046,0.0,1,Raman,Gold
1880.8011724474843,0.01,1,Raman,Gold
1882.5109916951637,0.0,1,Raman,Gold
1884.2208109428432,0.0,1,Raman,Gold
1885.9306301905228,0.0,1,Raman,Gold
1887.6404494382023,0.0,1,Raman,Gold
1889.350268685882,0.0,1,Raman,Gold
1891.0600879335614,0.01,1,Raman,Gold
1892.769907181241,0.0,1,Raman,Gold
1894.4797264289205,0.02,1,Raman,Gold
1896.1895456766,0.0,1,Raman,Gold
1897.8993649242796,0.0,1,Raman,Gold
1899.609184171959,0.0,1,Raman,Gold
1901.3190034196386,0.0,1,Raman,Gold
1903.028822667318,0.0,1,Raman,Gold
1904.7386419149975,0.0,1,Raman,Gold
1906.4484611626772,0.0,1,Raman,Gold
1908.1582804103566,0.0,1,Raman,Gold
1909.8680996580363,0.0,1,Raman,Gold
1911.5779189057157,0.0,1,Raman,Gold
1913.2877381533954,0.0,1,Raman,Gold
1914.9975574010748,0.0,1,Raman,Gold
1916.7073766487542,0.0,1,Raman,Gold
1918.417195896434,0.0,1,Raman,Gold
1920.1270151441133,0.0,1,Raman,Gold
1921.836834391793,0.0,1,Raman,Gold
1923.5466536394724,0.0,1,Raman,Gold
1925.256472887152,0.01,1,Raman,Gold
1926.9662921348315,0.0,1,Raman,Gold
1928.676111382511,0.0,1,Raman,Gold
1930.3859306301906,0.0,1,Raman,Gold
1932.09574987787,0.0,1,Raman,Gold
1933.8055691255497,0.0,1,Raman,Gold
1935.5153883732291,0.01,1,Raman,Gold
1937.2252076209088,0.0,1,Raman,Gold
1938.9350268685882,0.02,1,Raman,Gold
1940.6448461162677,0.0,1,Raman,Gold
1942.3546653639473,0.0,1,Raman,Gold
1944.0644846116268,0.0,1,Raman,Gold
1945.7743038593064,0.0,1,Raman,Gold
1947.4841231069859,0.0,1,Raman,Gold
1949.1939423546655,0.0,1,Raman,Gold
1950.903761602345,0.01,1,Raman,Gold
1952.6135808500244,0.0,1,Raman,Gold
1954.323400097704,0.0,1,Raman,Gold
1956.0332193453835,0.0,1,Raman,Gold
1957.7430385930631,0.0,1,Raman,Gold
1959.4528578407426,0.0,1,Raman,Gold
1961.1626770884222,0.0,1,Raman,Gold
1962.8724963361017,0.0,1,Raman,Gold
1964.582315583781,0.0,1,Raman,Gold
1966.2921348314608,0.01,1,Raman,Gold
1968.0019540791402,0.0,1,Raman,Gold
1969.7117733268199,0.0,1,Raman,Gold
1971.4215925744993,0.0,1,Raman,Gold
1973.131411822179,0.0,1,Raman,Gold
1974.8412310698584,0.0,1,Raman,Gold
1976.5510503175378,0.01,1,Raman,Gold
1978.2608695652175,0.0,1,Raman,Gold
1979.970688812897,0.01,1,Raman,Gold
1981.6805080605766,0.0,1,Raman,Gold
1983.390327308256,0.0,1,Raman,Gold
1985.1001465559357,0.0,1,Raman,Gold
1986.8099658036151,0.01,1,Raman,Gold
1988.5197850512945,0.01,1,Raman,Gold
1990.2296042989742,0.0,1,Raman,Gold
1991.9394235466536,0.0,1,Raman,Gold
1993.6492427943333,0.0,1,Raman,Gold
1995.3590620420127,0.0,1,Raman,Gold
1997.0688812896924,0.01,1,Raman,Gold
1998.7787005373718,0.01,1,Raman,Gold
2000.4885197850513,0.0,1,Raman,Gold
2002.198339032731,0.02,1,Raman,Gold
2003.9081582804104,0.02,1,Raman,Gold
2005.61797752809,0.0,1,Raman,Gold
2007.3277967757695,0.01,1,Raman,Gold
2009.0376160234491,0.0,1,Raman,Gold
2010.7474352711286,0.0,1,Raman,Gold
2012.457254518808,0.01,1,Raman,Gold
2014.1670737664876,0.01,1,Raman,Gold
2015.876893014167,0.0,1,Raman,Gold
2017.5867122618467,0.0,1,Raman,Gold
2019.2965315095262,0.0,1,Raman,Gold
2021.0063507572058,0.0,1,Raman,Gold
2022.7161700048853,0.02,1,Raman,Gold
2024.4259892525647,0.0,1,Raman,Gold
2026.1358085002444,0.02,1,Raman,Gold
2027.8456277479238,0.0,1,Raman,Gold
2029.5554469956035,0.0,1,Raman,Gold
2031.265266243283,0.01,1,Raman,Gold
2032.9750854909626,0.0,1,Raman,Gold
2034.684904738642,0.0,1,Raman,Gold
2036.3947239863214,0.01,1,Raman,Gold
2038.104543234001,0.0,1,Raman,Gold
2039.8143624816805,0.0,1,Raman,Gold
2041.5241817293602,0.0,1,Raman,Gold
2043.2340009770396,0.0,1,Raman,Gold
2044.9438202247193,0.01,1,Raman,Gold
2046.6536394723987,0.01,1,Raman,Gold
2048.363458720078,0.0,1,Raman,Gold
2050.073277967758,0.01,1,Raman,Gold
2051.7830972154375,0.0,1,Raman,Gold
2053.4929164631167,0.01,1,Raman,Gold
2055.2027357107963,0.0,1,Raman,Gold
2056.912554958476,0.0,1,Raman,Gold
2058.622374206155,0.0,1,Raman,Gold
2060.332193453835,0.0,1,Raman,Gold
2062.0420127015145,0.02,1,Raman,Gold
2063.751831949194,0.0,1,Raman,Gold
2065.4616511968734,0.0,1,Raman,Gold
2067.171470444553,0.01,1,Raman,Gold
2068.8812896922327,0.0,1,Raman,Gold
2070.591108939912,0.0,1,Raman,Gold
2072.3009281875916,0.0,1,Raman,Gold
2074.0107474352712,0.0,1,Raman,Gold
2075.720566682951,0.01,1,Raman,Gold
2077.43038593063,0.0,1,Raman,Gold
2079.1402051783098,0.0,1,Raman,Gold
2080.8500244259894,0.0,1,Raman,Gold
2082.5598436736686,0.0,1,Raman,Gold
2084.2696629213483,0.0,1,Raman,Gold
2085.979482169028,0.0,1,Raman,Gold
2087.6893014167076,0.0,1,Raman,Gold
2089.399120664387,0.01,1,Raman,Gold
2091.1089399120665,0.01,1,Raman,Gold
2092.818759159746,0.01,1,Raman,Gold
2094.5285784074254,0.01,1,Raman,Gold
2096.238397655105,0.0,1,Raman,Gold
2097.9482169027847,0.01,1,Raman,Gold
2099.6580361504643,0.0,1,Raman,Gold
2101.3678553981435,0.0,1,Raman,Gold
2103.077674645823,0.0,1,Raman,Gold
2104.787493893503,0.0,1,Raman,Gold
2106.497313141182,0.0,1,Raman,Gold
2108.2071323888617,0.0,1,Raman,Gold
2109.9169516365414,0.01,1,Raman,Gold
2111.626770884221,0.02,1,Raman,Gold
2113.3365901319003,0.0,1,Raman,Gold
2115.04640937958,0.0,1,Raman,Gold
2116.7562286272596,0.0,1,Raman,Gold
2118.466047874939,0.01,1,Raman,Gold
2120.1758671226185,0.0,1,Raman,Gold
2121.885686370298,0.0,1,Raman,Gold
2123.595505617978,0.0,1,Raman,Gold
2125.305324865657,0.0,1,Raman,Gold
2127.0151441133366,0.0,1,Raman,Gold
2128.7249633610163,0.01,1,Raman,Gold
2130.4347826086955,0.0,1,Raman,Gold
2132.144601856375,0.01,1,Raman,Gold
2133.854421104055,0.02,1,Raman,Gold
2135.5642403517345,0.01,1,Raman,Gold
2137.2740595994137,0.01,1,Raman,Gold
2138.9838788470934,0.0,1,Raman,Gold
2140.693698094773,0.03,1,Raman,Gold
2142.4035173424522,0.01,1,Raman,Gold
2144.113336590132,0.01,1,Raman,Gold
2145.8231558378116,0.0,1,Raman,Gold
2147.532975085491,0.0,1,Raman,Gold
2149.2427943331704,0.0,1,Raman,Gold
2150.95261358085,0.01,1,Raman,Gold
2152.6624328285297,0.0,1,Raman,Gold
2154.372252076209,0.0,1,Raman,Gold
2156.0820713238886,0.01,1,Raman,Gold
2157.7918905715683,0.0,1,Raman,Gold
2159.501709819248,0.0,1,Raman,Gold
2161.211529066927,0.0,1,Raman,Gold
2162.921348314607,0.0,1,Raman,Gold
2164.6311675622865,0.0,1,Raman,Gold
2166.3409868099657,0.0,1,Raman,Gold
2168.0508060576453,0.02,1,Raman,Gold
2169.760625305325,0.01,1,Raman,Gold
2171.4704445530047,0.0,1,Raman,Gold
2173.180263800684,0.0,1,Raman,Gold
2174.8900830483635,0.0,1,Raman,Gold
2176.599902296043,0.0,1,Raman,Gold
2178.3097215437224,0.0,1,Raman,Gold
2180.019540791402,0.0,1,Raman,Gold
2181.7293600390817,0.0,1,Raman,Gold
2183.4391792867614,0.0,1,Raman,Gold
2185.1489985344406,0.0,1,Raman,Gold
2186.8588177821202,0.0,1,Raman,Gold
2188.5686370298,0.0,1,Raman,Gold
2190.278456277479,0.0,1,Raman,Gold
2191.9882755251588,0.0,1,Raman,Gold
2193.6980947728384,0.01,1,Raman,Gold
2195.407914020518,0.0,1,Raman,Gold
2197.1177332681973,0.0,1,Raman,Gold
2198.827552515877,0.0,1,Raman,Gold
2200.5373717635566,0.0,1,Raman,Gold
2202.247191011236,0.0,1,Raman,Gold
2203.9570102589155,0.0,1,Raman,Gold
2205.666829506595,0.0,1,Raman,Gold
2207.376648754275,0.0,1,Raman,Gold
2209.086468001954,0.0,1,Raman,Gold
2210.7962872496337,0.0,1,Raman,Gold
2212.5061064973133,0.0,1,Raman,Gold
2214.2159257449925,0.0,1,Raman,Gold
2215.925744992672,0.0,1,Raman,Gold
2217.635564240352,0.0,1,Raman,Gold
2219.3453834880315,0.0,1,Raman,Gold
2221.0552027357107,0.0,1,Raman,Gold
2222.7650219833904,0.0,1,Raman,Gold
2224.47484123107,0.01,1,Raman,Gold
2226.1846604787493,0.01,1,Raman,Gold
2227.894479726429,0.0,1,Raman,Gold
2229.6042989741086,0.0,1,Raman,Gold
2231.3141182217882,0.0,1,Raman,Gold
2233.0239374694675,0.0,1,Raman,Gold
2234.733756717147,0.0,1,Raman,Gold
2236.443575964827,0.0,1,Raman,Gold
2238.153395212506,0.0,1,Raman,Gold
2239.8632144601856,0.01,1,Raman,Gold
2241.5730337078653,0.0,1,Raman,Gold
2243.282852955545,0.0,1,Raman,Gold
2244.992672203224,0.0,1,Raman,Gold
2246.702491450904,0.0,1,Raman,Gold
2248.4123106985835,0.0,1,Raman,Gold
2250.1221299462627,0.01,1,Raman,Gold
2251.8319491939424,0.0,1,Raman,Gold
2253.541768441622,0.0,1,Raman,Gold
2255.2515876893017,0.01,1,Raman,Gold
2256.961406936981,0.0,1,Raman,Gold
2258.6712261846606,0.01,1,Raman,Gold
2260.38104543234,0.01,1,Raman,Gold
2262.0908646800194,0.01,1,Raman,Gold
2263.800683927699,0.0,1,Raman,Gold
2265.5105031753787,0.01,1,Raman,Gold
2267.2203224230584,0.0,1,Raman,Gold
2268.9301416707376,0.0,1,Raman,Gold
2270.6399609184173,0.0,1,Raman,Gold
2272.349780166097,0.0,1,Raman,Gold
2274.059599413776,0.0,1,Raman,Gold
2275.769418661456,0.0,1,Raman,Gold
2277.4792379091355,0.0,1,Raman,Gold
2279.189057156815,0.0,1,Raman,Gold
2280.8988764044943,0.0,1,Raman,Gold
2282.608695652174,0.01,1,Raman,Gold
2284.3185148998537,0.01,1,Raman,Gold
2286.028334147533,0.0,1,Raman,Gold
2287.7381533952125,0.0,1,Raman,Gold
2289.447972642892,0.0,1,Raman,Gold
2291.157791890572,0.0,1,Raman,Gold
2292.867611138251,0.0,1,Raman,Gold
2294.5774303859307,0.0,1,Raman,Gold
2296.2872496336104,0.01,1,Raman,Gold
2297.9970688812896,0.0,1,Raman,Gold
2299.7068881289692,0.0,1,Raman,Gold
2301.416707376649,0.0,1,Raman,Gold
2303.1265266243286,0.01,1,Raman,Gold
2304.8363458720078,0.0,1,Raman,Gold
2306.5461651196874,0.0,1,Raman,Gold
2308.255984367367,0.0,1,Raman,Gold
2309.9658036150463,0.0,1,Raman,Gold
2311.675622862726,0.01,1,Raman,Gold
2313.3854421104056,0.01,1,Raman,Gold
2315.0952613580853,0.01,1,Raman,Gold
2316.8050806057645,0.0,1,Raman,Gold
2318.514899853444,0.0,1,Raman,Gold
2320.224719101124,0.0,1,Raman,Gold
2321.934538348803,0.0,1,Raman,Gold
2323.6443575964827,0.01,1,Raman,Gold
2325.3541768441623,0.0,1,Raman,Gold
2327.063996091842,0.0,1,Raman,Gold
2328.773815339521,0.02,1,Raman,Gold
2330.483634587201,0.0,1,Raman,Gold
2332.1934538348805,0.0,1,Raman,Gold
2333.9032730825597,0.0,1,Raman,Gold
2335.6130923302394,0.0,1,Raman,Gold
2337.322911577919,0.0,1,Raman,Gold
2339.0327308255987,0.0,1,Raman,Gold
2340.742550073278,0.0,1,Raman,Gold
2342.4523693209576,0.01,1,Raman,Gold
2344.1621885686372,0.0,1,Raman,Gold
2345.8720078163165,0.0,1,Raman,Gold
2347.581827063996,0.01,1,Raman,Gold
2349.291646311676,0.02,1,Raman,Gold
2351.0014655593554,0.0,1,Raman,Gold
2352.7112848070346,0.0,1,Raman,Gold
2354.4211040547143,0.0,1,Raman,Gold
2356.130923302394,0.0,1,Raman,Gold
2357.840742550073,0.0,1,Raman,Gold
2359.550561797753,0.02,1,Raman,Gold
2361.2603810454325,0.01,1,Raman,Gold
2362.970200293112,0.0,1,Raman,Gold
2364.6800195407914,0.0,1,Raman,Gold
2366.389838788471,0.0,1,Raman,Gold
2368.0996580361507,0.0,1,Raman,Gold
2369.80947728383,0.0,1,Raman,Gold
2371.5192965315096,0.01,1,Raman,Gold
2373.229115779189,0.0,1,Raman,Gold
2374.938935026869,0.0,1,Raman,Gold
2376.648754274548,0.0,1,Raman,Gold
2378.3585735222277,0.0,1,Raman,Gold
2380.0683927699074,0.0,1,Raman,Gold
2381.7782120175866,0.01,1,Raman,Gold
2383.4880312652663,0.0,1,Raman,Gold
2385.197850512946,0.0,1,Raman,Gold
2386.9076697606256,0.0,1,Raman,Gold
2388.617489008305,0.01,1,Raman,Gold
2390.3273082559845,0.01,1,Raman,Gold
2392.037127503664,0.01,1,Raman,Gold
2393.7469467513433,0.0,1,Raman,Gold
2395.456765999023,0.0,1,Raman,Gold
2397.1665852467027,0.0,1,Raman,Gold
2398.8764044943823,0.0,1,Raman,Gold
2400.5862237420615,0.0,1,Raman,Gold
2402.296042989741,0.0,1,Raman,Gold
2404.005862237421,0.0,1,Raman,Gold
2405.7156814851,0.0,1,Raman,Gold
2407.4255007327797,0.01,1,Raman,Gold
2409.1353199804594,0.0,1,Raman,Gold
2410.845139228139,0.0,1,Raman,Gold
2412.5549584758182,0.01,1,Raman,Gold
2414.264777723498,0.0,1,Raman,Gold
2415.9745969711776,0.01,1,Raman,Gold
2417.6844162188568,0.0,1,Raman,Gold
2419.3942354665364,0.0,1,Raman,Gold
2421.104054714216,0.0,1,Raman,Gold
2422.8138739618958,0.0,1,Raman,Gold
2424.523693209575,0.0,1,Raman,Gold
2426.2335124572546,0.0,1,Raman,Gold
2427.9433317049343,0.01,1,Raman,Gold
2429.6531509526135,0.0,1,Raman,Gold
2431.362970200293,0.0,1,Raman,Gold
2433.072789447973,0.0,1,Raman,Gold
2434.7826086956525,0.0,1,Raman,Gold
2436.4924279433317,0.0,1,Raman,Gold
2438.2022471910113,0.02,1,Raman,Gold
2439.912066438691,0.0,1,Raman,Gold
2441.62188568637,0.0,1,Raman,Gold
2443.33170493405,0.0,1,Raman,Gold
2445.0415241817295,0.0,1,Raman,Gold
2446.751343429409,0.0,1,Raman,Gold
2448.4611626770884,0.0,1,Raman,Gold
2450.170981924768,0.02,1,Raman,Gold
2451.8808011724477,0.0,1,Raman,Gold
2453.590620420127,0.0,1,Raman,Gold
2455.3004396678066,0.0,1,Raman,Gold
2457.0102589154862,0.0,1,Raman,Gold
2458.720078163166,0.0,1,Raman,Gold
2460.429897410845,0.0,1,Raman,Gold
2462.139716658525,0.0,1,Raman,Gold
2463.8495359062044,0.0,1,Raman,Gold
2465.5593551538836,0.0,1,Raman,Gold
2467.2691744015633,0.0,1,Raman,Gold
2468.978993649243,0.01,1,Raman,Gold
2470.6888128969226,0.0,1,Raman,Gold
2472.398632144602,0.0,1,Raman,Gold
2474.1084513922815,0.0,1,Raman,Gold
2475.818270639961,0.0,1,Raman,Gold
2477.5280898876404,0.0,1,Raman,Gold
2479.23790913532,0.0,1,Raman,Gold
2480.9477283829997,0.01,1,Raman,Gold
2482.6575476306793,0.0,1,Raman,Gold
2484.3673668783586,0.0,1,Raman,Gold
2486.077186126038,0.0,1,Raman,Gold
2487.787005373718,0.0,1,Raman,Gold
2489.496824621397,0.01,1,Raman,Gold
2491.2066438690767,0.0,1,Raman,Gold
2492.9164631167564,0.0,1,Raman,Gold
2494.626282364436,0.0,1,Raman,Gold
2496.3361016121153,0.0,1,Raman,Gold
2498.045920859795,0.0,1,Raman,Gold
2499.7557401074746,0.01,1,Raman,Gold
2501.465559355154,0.0,1,Raman,Gold
2503.1753786028335,0.0,1,Raman,Gold
2504.885197850513,0.0,1,Raman,Gold
2506.595017098193,0.0,1,Raman,Gold
2508.304836345872,0.01,1,Raman,Gold
2510.0146555935517,0.0,1,Raman,Gold
2511.7244748412313,0.0,1,Raman,Gold
2513.4342940889105,0.0,1,Raman,Gold
2515.14411333659,0.0,1,Raman,Gold
2516.85393258427,0.0,1,Raman,Gold
2518.5637518319495,0.0,1,Raman,Gold
2520.2735710796287,0.0,1,Raman,Gold
2521.9833903273084,0.0,1,Raman,Gold
2523.693209574988,0.0,1,Raman,Gold
2525.4030288226672,0.0,1,Raman,Gold
2527.112848070347,0.0,1,Raman,Gold
2528.8226673180266,0.0,1,Raman,Gold
2530.532486565706,0.0,1,Raman,Gold
2532.2423058133854,0.0,1,Raman,Gold
2533.952125061065,0.0,1,Raman,Gold
2535.6619443087448,0.0,1,Raman,Gold
2537.371763556424,0.0,1,Raman,Gold
2539.0815828041036,0.0,1,Raman,Gold
2540.7914020517833,0.01,1,Raman,Gold
2542.501221299463,0.0,1,Raman,Gold
2544.211040547142,0.0,1,Raman,Gold
2545.920859794822,0.0,1,Raman,Gold
2547.6306790425015,0.0,1,Raman,Gold
2549.3404982901807,0.0,1,Raman,Gold
2551.0503175378603,0.01,1,Raman,Gold
2552.76013678554,0.0,1,Raman,Gold
2554.4699560332197,0.0,1,Raman,Gold
2556.179775280899,0.0,1,Raman,Gold
2557.8895945285785,0.0,1,Raman,Gold
2559.599413776258,0.01,1,Raman,Gold
2561.3092330239374,0.0,1,Raman,Gold
2563.019052271617,0.01,1,Raman,Gold
2564.7288715192967,0.0,1,Raman,Gold
2566.4386907669764,0.0,1,Raman,Gold
2568.1485100146556,0.0,1,Raman,Gold
2569.8583292623352,0.0,1,Raman,Gold
2571.568148510015,0.0,1,Raman,Gold
2573.277967757694,0.01,1,Raman,Gold
2574.987787005374,0.0,1,Raman,Gold
2576.6976062530534,0.0,1,Raman,Gold
2578.407425500733,0.0,1,Raman,Gold
2580.1172447484123,0.0,1,Raman,Gold
2581.827063996092,0.0,1,Raman,Gold
2583.5368832437716,0.0,1,Raman,Gold
2585.246702491451,0.01,1,Raman,Gold
2586.9565217391305,0.01,1,Raman,Gold
2588.66634098681,0.0,1,Raman,Gold
2590.37616023449,0.0,1,Raman,Gold
2592.085979482169,0.0,1,Raman,Gold
2593.7957987298487,0.0,1,Raman,Gold
2595.5056179775283,0.0,1,Raman,Gold
2597.2154372252076,0.0,1,Raman,Gold
2598.925256472887,0.0,1,Raman,Gold
2600.635075720567,0.0,1,Raman,Gold
2602.3448949682465,0.01,1,Raman,Gold
2604.0547142159257,0.0,1,Raman,Gold
2605.7645334636054,0.0,1,Raman,Gold
2607.474352711285,0.0,1,Raman,Gold
2609.1841719589643,0.01,1,Raman,Gold
2610.893991206644,0.0,1,Raman,Gold
2612.6038104543236,0.0,1,Raman,Gold
2614.3136297020033,0.01,1,Raman,Gold
2616.0234489496825,0.01,1,Raman,Gold
2617.733268197362,0.0,1,Raman,Gold
2619.443087445042,0.0,1,Raman,Gold
2621.152906692721,0.01,1,Raman,Gold
2622.8627259404007,0.0,1,Raman,Gold
2624.5725451880803,0.0,1,Raman,Gold
2626.2823644357595,0.0,1,Raman,Gold
2627.992183683439,0.0,1,Raman,Gold
2629.702002931119,0.01,1,Raman,Gold
2631.4118221787985,0.0,1,Raman,Gold
2633.1216414264777,0.0,1,Raman,Gold
2634.8314606741574,0.0,1,Raman,Gold
2636.541279921837,0.0,1,Raman,Gold
2638.2510991695162,0.0,1,Raman,Gold
2639.960918417196,0.0,1,Raman,Gold
2641.6707376648756,0.0,1,Raman,Gold
2643.380556912555,0.0,1,Raman,Gold
2645.0903761602344,0.0,1,Raman,Gold
2646.800195407914,0.0,1,Raman,Gold
2648.5100146555937,0.02,1,Raman,Gold
2650.219833903273,0.01,1,Raman,Gold
2651.9296531509526,0.01,1,Raman,Gold
2653.6394723986323,0.0,1,Raman,Gold
2655.349291646312,0.0,1,Raman,Gold
2657.059110893991,0.0,1,Raman,Gold
2658.768930141671,0.01,1,Raman,Gold
2660.4787493893505,0.0,1,Raman,Gold
2662.1885686370297,0.01,1,Raman,Gold
2663.8983878847093,0.0,1,Raman,Gold
2665.608207132389,0.0,1,Raman,Gold
2667.3180263800687,0.0,1,Raman,Gold
2669.027845627748,0.02,1,Raman,Gold
2670.7376648754275,0.0,1,Raman,Gold
2672.447484123107,0.01,1,Raman,Gold
2674.1573033707864,0.01,1,Raman,Gold
2675.867122618466,0.0,1,Raman,Gold
2677.5769418661457,0.0,1,Raman,Gold
2679.2867611138254,0.0,1,Raman,Gold
2680.9965803615046,0.0,1,Raman,Gold
2682.7063996091842,0.0,1,Raman,Gold
2684.416218856864,0.0,1,Raman,Gold
2686.126038104543,0.0,1,Raman,Gold
2687.835857352223,0.0,1,Raman,Gold
2689.5456765999024,0.0,1,Raman,Gold
2691.255495847582,0.0,1,Raman,Gold
2692.9653150952613,0.0,1,Raman,Gold
2694.675134342941,0.0,1,Raman,Gold
2696.3849535906206,0.02,1,Raman,Gold
2698.0947728383,0.01,1,Raman,Gold
2699.8045920859795,0.01,1,Raman,Gold
2701.514411333659,0.0,1,Raman,Gold
2703.224230581339,0.0,1,Raman,Gold
2704.934049829018,0.0,1,Raman,Gold
2706.6438690766977,0.0,1,Raman,Gold
2708.3536883243773,0.0,1,Raman,Gold
2710.0635075720566,0.02,1,Raman,Gold
2711.773326819736,0.0,1,Raman,Gold
2713.483146067416,0.0,1,Raman,Gold
2715.1929653150955,0.01,1,Raman,Gold
2716.9027845627747,0.0,1,Raman,Gold
2718.6126038104544,0.0,1,Raman,Gold
2720.322423058134,0.0,1,Raman,Gold
2722.0322423058133,0.0,1,Raman,Gold
2723.742061553493,0.0,1,Raman,Gold
2725.4518808011726,0.02,1,Raman,Gold
2727.1617000488523,0.01,1,Raman,Gold
2728.8715192965315,0.0,1,Raman,Gold
2730.581338544211,0.0,1,Raman,Gold
2732.291157791891,0.01,1,Raman,Gold
2734.00097703957,0.0,1,Raman,Gold
2735.7107962872497,0.0,1,Raman,Gold
2737.4206155349293,0.0,1,Raman,Gold
2739.130434782609,0.0,1,Raman,Gold
2740.840254030288,0.0,1,Raman,Gold
2742.550073277968,0.0,1,Raman,Gold
2744.2598925256475,0.0,1,Raman,Gold
2745.9697117733267,0.01,1,Raman,Gold
2747.6795310210064,0.0,1,Raman,Gold
2749.389350268686,0.0,1,Raman,Gold
2751.0991695163657,0.01,1,Raman,Gold
2752.808988764045,0.01,1,Raman,Gold
2754.5188080117246,0.02,1,Raman,Gold
2756.228627259404,0.0,1,Raman,Gold
2757.9384465070834,0.0,1,Raman,Gold
2759.648265754763,0.0,1,Raman,Gold
2761.3580850024427,0.0,1,Raman,Gold
2763.0679042501224,0.0,1,Raman,Gold
2764.7777234978016,0.0,1,Raman,Gold
2766.4875427454813,0.0,1,Raman,Gold
2768.197361993161,0.0,1,Raman,Gold
2769.90718124084,0.0,1,Raman,Gold
2771.61700048852,0.0,1,Raman,Gold
2773.3268197361995,0.0,1,Raman,Gold
2775.036638983879,0.0,1,Raman,Gold
2776.7464582315583,0.0,1,Raman,Gold
2778.456277479238,0.01,1,Raman,Gold
2780.1660967269177,0.0,1,Raman,Gold
2781.875915974597,0.0,1,Raman,Gold
2783.5857352222765,0.01,1,Raman,Gold
2785.295554469956,0.01,1,Raman,Gold
2787.005373717636,0.0,1,Raman,Gold
2788.715192965315,0.0,1,Raman,Gold
2790.4250122129947,0.0,1,Raman,Gold
2792.1348314606744,0.01,1,Raman,Gold
2793.8446507083536,0.01,1,Raman,Gold
2795.5544699560332,0.01,1,Raman,Gold
2797.264289203713,0.0,1,Raman,Gold
2798.9741084513926,0.0,1,Raman,Gold
2800.683927699072,0.0,1,Raman,Gold
2802.3937469467514,0.0,1,Raman,Gold
2804.103566194431,0.01,1,Raman,Gold
2805.8133854421103,0.0,1,Raman,Gold
2807.52320468979,0.0,1,Raman,Gold
2809.2330239374696,0.0,1,Raman,Gold
2810.9428431851493,0.01,1,Raman,Gold
2812.6526624328285,0.0,1,Raman,Gold
2814.362481680508,0.01,1,Raman,Gold
2816.072300928188,0.0,1,Raman,Gold
2817.782120175867,0.0,1,Raman,Gold
2819.4919394235467,0.0,1,Raman,Gold
2821.2017586712263,0.0,1,Raman,Gold
2822.911577918906,0.0,1,Raman,Gold
2824.621397166585,0.01,1,Raman,Gold
2826.331216414265,0.0,1,Raman,Gold
2828.0410356619445,0.01,1,Raman,Gold
2829.7508549096237,0.0,1,Raman,Gold
2831.4606741573034,0.0,1,Raman,Gold
2833.170493404983,0.01,1,Raman,Gold
2834.8803126526627,0.0,1,Raman,Gold
2836.590131900342,0.0,1,Raman,Gold
2838.2999511480216,0.0,1,Raman,Gold
2840.0097703957013,0.0,1,Raman,Gold
2841.7195896433805,0.0,1,Raman,Gold
2843.42940889106,0.01,1,Raman,Gold
2845.13922813874,0.01,1,Raman,Gold
2846.8490473864194,0.0,1,Raman,Gold
2848.5588666340986,0.0,1,Raman,Gold
2850.2686858817783,0.0,1,Raman,Gold
2851.978505129458,0.01,1,Raman,Gold
2853.688324377137,0.0,1,Raman,Gold
2855.398143624817,0.0,1,Raman,Gold
2857.1079628724965,0.01,1,Raman,Gold
2858.817782120176,0.0,1,Raman,Gold
2860.5276013678554,0.01,1,Raman,Gold
2862.237420615535,0.0,1,Raman,Gold
2863.9472398632147,0.01,1,Raman,Gold
2865.657059110894,0.01,1,Raman,Gold
2867.3668783585736,0.0,1,Raman,Gold
2869.076697606253,0.01,1,Raman,Gold
2870.786516853933,0.02,1,Raman,Gold
2872.496336101612,0.0,1,Raman,Gold
2874.2061553492917,0.0,1,Raman,Gold
2875.9159745969714,0.0,1,Raman,Gold
2877.6257938446506,0.0,1,Raman,Gold
2879.3356130923303,0.0,1,Raman,Gold
2881.04543234001,0.0,1,Raman,Gold
2882.7552515876896,0.0,1,Raman,Gold
2884.465070835369,0.02,1,Raman,Gold
2886.1748900830485,0.0,1,Raman,Gold
2887.884709330728,0.01,1,Raman,Gold
2889.5945285784073,0.0,1,Raman,Gold
2891.304347826087,0.01,1,Raman,Gold
2893.0141670737667,0.0,1,Raman,Gold
2894.7239863214463,0.02,1,Raman,Gold
2896.4338055691255,0.0,1,Raman,Gold
2898.143624816805,0.0,1,Raman,Gold
2899.853444064485,0.0,1,Raman,Gold
2901.563263312164,0.01,1,Raman,Gold
2903.2730825598437,0.01,1,Raman,Gold
2904.9829018075234,0.0,1,Raman,Gold
2906.692721055203,0.0,1,Raman,Gold
2908.4025403028822,0.0,1,Raman,Gold
2910.112359550562,0.0,1,Raman,Gold
2911.8221787982416,0.0,1,Raman,Gold
2913.531998045921,0.0,1,Raman,Gold
2915.2418172936004,0.0,1,Raman,Gold
2916.95163654128,0.0,1,Raman,Gold
2918.6614557889598,0.01,1,Raman,Gold
2920.371275036639,0.0,1,Raman,Gold
2922.0810942843186,0.02,1,Raman,Gold
2923.7909135319983,0.0,1,Raman,Gold
2925.5007327796775,0.02,1,Raman,Gold
2927.210552027357,0.0,1,Raman,Gold
2928.920371275037,0.0,1,Raman,Gold
2930.6301905227165,0.0,1,Raman,Gold
2932.3400097703957,0.0,1,Raman,Gold
2934.0498290180753,0.0,1,Raman,Gold
2935.759648265755,0.01,1,Raman,Gold
2937.469467513434,0.0,1,Raman,Gold
2939.179286761114,0.0,1,Raman,Gold
2940.8891060087935,0.0,1,Raman,Gold
2942.598925256473,0.0,1,Raman,Gold
2944.3087445041524,0.01,1,Raman,Gold
2946.018563751832,0.0,1,Raman,Gold
2947.7283829995117,0.01,1,Raman,Gold
2949.438202247191,0.0,1,Raman,Gold
2951.1480214948706,0.01,1,Raman,Gold
2952.8578407425503,0.0,1,Raman,Gold
2954.56765999023,0.01,1,Raman,Gold
2956.277479237909,0.0,1,Raman,Gold
2957.987298485589,0.0,1,Raman,Gold
2959.6971177332684,0.01,1,Raman,Gold
2961.4069369809476,0.0,1,Raman,Gold
2963.1167562286273,0.0,1,Raman,Gold
2964.826575476307,0.0,1,Raman,Gold
2966.5363947239866,0.01,1,Raman,Gold
2968.246213971666,0.0,1,Raman,Gold
2969.9560332193455,0.0,1,Raman,Gold
2971.665852467025,0.0,1,Raman,Gold
2973.3756717147044,0.01,1,Raman,Gold
2975.085490962384,0.0,1,Raman,Gold
2976.7953102100637,0.02,1,Raman,Gold
2978.5051294577434,0.0,1,Raman,Gold
2980.2149487054226,0.01,1,Raman,Gold
2981.924767953102,0.01,1,Raman,Gold
2983.634587200782,0.0,1,Raman,Gold
2985.344406448461,0.0,1,Raman,Gold
2987.0542256961407,0.0,1,Raman,Gold
2988.7640449438204,0.01,1,Raman,Gold
2990.4738641915,0.0,1,Raman,Gold
2992.1836834391793,0.01,1,Raman,Gold
2993.893502686859,0.0,1,Raman,Gold
2995.6033219345386,0.01,1,Raman,Gold
2997.313141182218,0.0,1,Raman,Gold
2999.0229604298975,0.0,1,Raman,Gold
3000.732779677577,0.0,1,Raman,Gold
3002.442598925257,0.0,1,Raman,Gold
3004.152418172936,0.0,1,Raman,Gold
3005.8622374206157,0.0,1,Raman,Gold
3007.5720566682953,0.0,1,Raman,Gold
3009.2818759159745,0.0,1,Raman,Gold
3010.991695163654,0.0,1,Raman,Gold
3012.701514411334,0.0,1,Raman,Gold
3014.4113336590135,0.01,1,Raman,Gold
3016.1211529066927,0.0,1,Raman,Gold
3017.8309721543724,0.0,1,Raman,Gold
3019.540791402052,0.0,1,Raman,Gold
3021.2506106497312,0.0,1,Raman,Gold
3022.960429897411,0.0,1,Raman,Gold
3024.6702491450906,0.0,1,Raman,Gold
3026.38006839277,0.0,1,Raman,Gold
3028.0898876404494,0.01,1,Raman,Gold
3029.799706888129,0.0,1,Raman,Gold
3031.5095261358088,0.01,1,Raman,Gold
3033.219345383488,0.0,1,Raman,Gold
3034.9291646311676,0.0,1,Raman,Gold
3036.6389838788473,0.0,1,Raman,Gold
3038.348803126527,0.0,1,Raman,Gold
3040.058622374206,0.0,1,Raman,Gold
3041.768441621886,0.0,1,Raman,Gold
3043.4782608695655,0.0,1,Raman,Gold
3045.1880801172447,0.0,1,Raman,Gold
3046.8978993649243,0.01,1,Raman,Gold
3048.607718612604,0.0,1,Raman,Gold
3050.3175378602837,0.0,1,Raman,Gold
3052.027357107963,0.0,1,Raman,Gold
3053.7371763556425,0.01,1,Raman,Gold
3055.446995603322,0.0,1,Raman,Gold
3057.1568148510014,0.0,1,Raman,Gold
3058.866634098681,0.0,1,Raman,Gold
3060.5764533463607,0.0,1,Raman,Gold
3062.2862725940404,0.0,1,Raman,Gold
3063.9960918417196,0.0,1,Raman,Gold
3065.7059110893993,0.0,1,Raman,Gold
3067.415730337079,0.0,1,Raman,Gold
3069.125549584758,0.01,1,Raman,Gold
3070.835368832438,0.0,1,Raman,Gold
3072.5451880801174,0.0,1,Raman,Gold
3074.255007327797,0.0,1,Raman,Gold
3075.9648265754763,0.0,1,Raman,Gold
3077.674645823156,0.01,1,Raman,Gold
3079.3844650708356,0.01,1,Raman,Gold
3081.094284318515,0.0,1,Raman,Gold
3082.8041035661945,0.0,1,Raman,Gold
3084.513922813874,0.0,1,Raman,Gold
3086.223742061554,0.0,1,Raman,Gold
3087.933561309233,0.01,1,Raman,Gold
3089.6433805569127,0.02,1,Raman,Gold
3091.3531998045924,0.0,1,Raman,Gold
3093.0630190522716,0.0,1,Raman,Gold
3094.772838299951,0.0,1,Raman,Gold
3096.482657547631,0.01,1,Raman,Gold
3098.1924767953105,0.0,1,Raman,Gold
3099.9022960429897,0.0,1,Raman,Gold
3101.6121152906694,0.0,1,Raman,Gold
3103.321934538349,0.0,1,Raman,Gold
3105.0317537860283,0.0,1,Raman,Gold
3106.741573033708,0.0,1,Raman,Gold
3108.4513922813876,0.0,1,Raman,Gold
3110.1612115290673,0.0,1,Raman,Gold
3111.8710307767465,0.0,1,Raman,Gold
3113.580850024426,0.0,1,Raman,Gold
3115.290669272106,0.0,1,Raman,Gold
3117.000488519785,0.0,1,Raman,Gold
3118.7103077674647,0.0,1,Raman,Gold
3120.4201270151443,0.0,1,Raman,Gold
3122.129946262824,0.0,1,Raman,Gold
3123.839765510503,0.0,1,Raman,Gold
3125.549584758183,0.0,1,Raman,Gold
3127.2594040058625,0.0,1,Raman,Gold
3128.9692232535417,0.01,1,Raman,Gold
3130.6790425012214,0.01,1,Raman,Gold
3132.388861748901,0.0,1,Raman,Gold
3134.0986809965807,0.0,1,Raman,Gold
3135.80850024426,0.0,1,Raman,Gold
3137.5183194919396,0.0,1,Raman,Gold
3139.228138739619,0.0,1,Raman,Gold
3140.9379579872984,0.0,1,Raman,Gold
3142.647777234978,0.0,1,Raman,Gold
3144.3575964826578,0.0,1,Raman,Gold
3146.0674157303374,0.0,1,Raman,Gold
3147.7772349780166,0.0,1,Raman,Gold
3149.4870542256963,0.0,1,Raman,Gold
3151.196873473376,0.0,1,Raman,Gold
3152.906692721055,0.02,1,Raman,Gold
3154.616511968735,0.0,1,Raman,Gold
3156.3263312164145,0.01,1,Raman,Gold
3158.036150464094,0.0,1,Raman,Gold
3159.7459697117733,0.01,1,Raman,Gold
3161.455788959453,0.0,1,Raman,Gold
3163.1656082071327,0.0,1,Raman,Gold
3164.875427454812,0.0,1,Raman,Gold
3166.5852467024915,0.01,1,Raman,Gold
3168.295065950171,0.0,1,Raman,Gold
3170.004885197851,0.0,1,Raman,Gold
3171.71470444553,0.0,1,Raman,Gold
3173.4245236932097,0.0,1,Raman,Gold
3175.1343429408894,0.0,1,Raman,Gold
3176.8441621885686,0.01,1,Raman,Gold
3178.5539814362483,0.0,1,Raman,Gold
3180.263800683928,0.0,1,Raman,Gold
3181.9736199316076,0.0,1,Raman,Gold
3183.683439179287,0.01,1,Raman,Gold
3185.3932584269664,0.01,1,Raman,Gold
3187.103077674646,0.0,1,Raman,Gold
3188.8128969223253,0.0,1,Raman,Gold
3190.522716170005,0.0,1,Raman,Gold
3192.2325354176846,0.01,1,Raman,Gold
3193.9423546653643,0.0,1,Raman,Gold
3195.6521739130435,0.01,1,Raman,Gold
3197.361993160723,0.0,1,Raman,Gold
3199.071812408403,0.0,1,Raman,Gold
3200.781631656082,0.0,1,Raman,Gold
3202.4914509037617,0.0,1,Raman,Gold
3204.2012701514413,0.0,1,Raman,Gold
3205.911089399121,0.0,1,Raman,Gold
3207.6209086468,0.01,1,Raman,Gold
3209.33072789448,0.01,1,Raman,Gold
3211.0405471421595,0.0,1,Raman,Gold
3212.7503663898387,0.0,1,Raman,Gold
3214.4601856375184,0.0,1,Raman,Gold
3216.170004885198,0.0,1,Raman,Gold
3217.8798241328773,0.0,1,Raman,Gold
3219.589643380557,0.01,1,Raman,Gold
3221.2994626282366,0.0,1,Raman,Gold
3223.0092818759163,0.0,1,Raman,Gold
3224.7191011235955,0.0,1,Raman,Gold
3226.428920371275,0.0,1,Raman,Gold
3228.138739618955,0.0,1,Raman,Gold
3229.848558866634,0.0,1,Raman,Gold
3231.5583781143137,0.0,1,Raman,Gold
3233.2681973619933,0.0,1,Raman,Gold
3234.978016609673,0.0,1,Raman,Gold
3236.687835857352,0.0,1,Raman,Gold
3238.397655105032,0.0,1,Raman,Gold
3240.1074743527115,0.0,1,Raman,Gold
3241.8172936003907,0.01,1,Raman,Gold
3243.5271128480704,0.01,1,Raman,Gold
3245.23693209575,0.0,1,Raman,Gold
3246.9467513434297,0.01,1,Raman,Gold
3248.656570591109,0.01,1,Raman,Gold
3250.3663898387886,0.0,1,Raman,Gold
3252.076209086468,0.01,1,Raman,Gold
3253.7860283341474,0.0,1,Raman,Gold
3255.495847581827,0.0,1,Raman,Gold
3257.2056668295068,0.01,1,Raman,Gold
3258.9154860771864,0.0,1,Raman,Gold
3260.6253053248656,0.01,1,Raman,Gold
3262.3351245725453,0.0,1,Raman,Gold
3264.044943820225,0.0,1,Raman,Gold
3265.754763067904,0.0,1,Raman,Gold
3267.464582315584,0.0,1,Raman,Gold
3269.1744015632635,0.0,1,Raman,Gold
3270.884220810943,0.0,1,Raman,Gold
3272.5940400586223,0.0,1,Raman,Gold
3274.303859306302,0.0,1,Raman,Gold
3276.0136785539817,0.0,1,Raman,Gold
3277.723497801661,0.0,1,Raman,Gold
3279.4333170493405,0.01,1,Raman,Gold
3281.14313629702,0.0,1,Raman,Gold
3282.8529555447,0.01,1,Raman,Gold
3284.562774792379,0.0,1,Raman,Gold
3286.2725940400587,0.01,1,Raman,Gold
3287.9824132877384,0.01,1,Raman,Gold
3289.6922325354176,0.01,1,Raman,Gold
3291.4020517830972,0.0,1,Raman,Gold
3293.111871030777,0.0,1,Raman,Gold
3294.8216902784566,0.0,1,Raman,Gold
3296.531509526136,0.0,1,Raman,Gold
3298.2413287738154,0.01,1,Raman,Gold
3299.951148021495,0.0,1,Raman,Gold
3301.6609672691743,0.0,1,Raman,Gold
3303.370786516854,0.0,1,Raman,Gold
3305.0806057645336,0.01,1,Raman,Gold
3306.7904250122133,0.0,1,Raman,Gold
3308.5002442598925,0.0,1,Raman,Gold
3310.210063507572,0.0,1,Raman,Gold
3311.919882755252,0.01,1,Raman,Gold
3313.629702002931,0.0,1,Raman,Gold
3315.3395212506107,0.02,1,Raman,Gold
3317.0493404982903,0.0,1,Raman,Gold
3318.75915974597,0.0,1,Raman,Gold
3320.468978993649,0.0,1,Raman,Gold
3322.178798241329,0.01,1,Raman,Gold
3323.8886174890085,0.0,1,Raman,Gold
3325.5984367366877,0.0,1,Raman,Gold
3327.3082559843674,0.0,1,Raman,Gold
3329.018075232047,0.0,1,Raman,Gold
3330.7278944797267,0.0,1,Raman,Gold
3332.437713727406,0.0,1,Raman,Gold
3334.1475329750856,0.0,1,Raman,Gold
3335.8573522227653,0.0,1,Raman,Gold
3337.5671714704445,0.0,1,Raman,Gold
3339.276990718124,0.0,1,Raman,Gold
3340.986809965804,0.0,1,Raman,Gold
3342.6966292134834,0.0,1,Raman,Gold
3344.4064484611627,0.0,1,Raman,Gold
3346.1162677088423,0.0,1,Raman,Gold
3347.826086956522,0.0,1,Raman,Gold
3349.535906204201,0.01,1,Raman,Gold
3351.245725451881,0.01,1,Raman,Gold
3352.9555446995605,0.01,1,Raman,Gold
3354.66536394724,0.0,1,Raman,Gold
3356.3751831949194,0.0,1,Raman,Gold
3358.085002442599,0.01,1,Raman,Gold
3359.7948216902787,0.0,1,Raman,Gold
3361.504640937958,0.01,1,Raman,Gold
3363.2144601856376,0.0,1,Raman,Gold
3364.924279433317,0.0,1,Raman,Gold
3366.634098680997,0.0,1,Raman,Gold
3368.343917928676,0.0,1,Raman,Gold
3370.0537371763558,0.0,1,Raman,Gold
3371.7635564240354,0.0,1,Raman,Gold
3373.4733756717146,0.01,1,Raman,Gold
3375.1831949193943,0.0,1,Raman,Gold
3376.893014167074,0.0,1,Raman,Gold
3378.6028334147536,0.0,1,Raman,Gold
3380.312652662433,0.0,1,Raman,Gold
3382.0224719101125,0.0,1,Raman,Gold
3383.732291157792,0.0,1,Raman,Gold
3385.4421104054713,0.0,1,Raman,Gold
3387.151929653151,0.0,1,Raman,Gold
3388.8617489008307,0.02,1,Raman,Gold
3390.5715681485103,0.0,1,Raman,Gold
3392.2813873961895,0.0,1,Raman,Gold
3393.991206643869,0.01,1,Raman,Gold
3395.701025891549,0.01,1,Raman,Gold
3397.410845139228,0.02,1,Raman,Gold
3399.1206643869077,0.0,1,Raman,Gold
3400.8304836345874,0.0,1,Raman,Gold
3402.540302882267,0.0,1,Raman,Gold
3404.2501221299462,0.0,1,Raman,Gold
3405.959941377626,0.0,1,Raman,Gold
3407.6697606253056,0.0,1,Raman,Gold
3409.379579872985,0.0,1,Raman,Gold
3411.0893991206644,0.0,1,Raman,Gold
3412.799218368344,0.0,1,Raman,Gold
3414.5090376160238,0.0,1,Raman,Gold
3416.218856863703,0.01,1,Raman,Gold
3417.9286761113826,0.0,1,Raman,Gold
3419.6384953590623,0.0,1,Raman,Gold
3421.3483146067415,0.01,1,Raman,Gold
3423.058133854421,0.0,1,Raman,Gold
3424.767953102101,0.0,1,Raman,Gold
3426.4777723497805,0.0,1,Raman,Gold
3428.1875915974597,0.0,1,Raman,Gold
3429.8974108451393,0.02,1,Raman,Gold
3431.607230092819,0.0,1,Raman,Gold
3433.317049340498,0.0,1,Raman,Gold
3435.026868588178,0.0,1,Raman,Gold
3436.7366878358575,0.0,1,Raman,Gold
3438.446507083537,0.0,1,Raman,Gold
3440.1563263312164,0.02,1,Raman,Gold
3441.866145578896,0.0,1,Raman,Gold
3443.5759648265757,0.0,1,Raman,Gold
3445.285784074255,0.0,1,Raman,Gold
3446.9956033219346,0.0,1,Raman,Gold
3448.7054225696143,0.0,1,Raman,Gold
3450.415241817294,0.01,1,Raman,Gold
3452.125061064973,0.0,1,Raman,Gold
3453.834880312653,0.0,1,Raman,Gold
3455.5446995603324,0.0,1,Raman,Gold
3457.2545188080117,0.0,1,Raman,Gold
3458.9643380556913,0.0,1,Raman,Gold
3460.674157303371,0.0,1,Raman,Gold
3462.3839765510506,0.0,1,Raman,Gold
3464.09379579873,0.0,1,Raman,Gold
3465.8036150464095,0.01,1,Raman,Gold
3467.513434294089,0.0,1,Raman,Gold
3469.2232535417684,0.0,1,Raman,Gold
3470.933072789448,0.0,1,Raman,Gold
3472.6428920371277,0.0,1,Raman,Gold
3474.3527112848074,0.02,1,Raman,Gold
3476.0625305324866,0.0,1,Raman,Gold
3477.772349780166,0.0,1,Raman,Gold
3479.482169027846,0.0,1,Raman,Gold
3481.191988275525,0.01,1,Raman,Gold
3482.9018075232048,0.0,1,Raman,Gold
3484.6116267708844,0.0,1,Raman,Gold
3486.321446018564,0.0,1,Raman,Gold
3488.0312652662433,0.01,1,Raman,Gold
3489.741084513923,0.01,1,Raman,Gold
3491.4509037616026,0.01,1,Raman,Gold
3493.160723009282,0.0,1,Raman,Gold
3494.8705422569615,0.01,1,Raman,Gold
3496.580361504641,0.0,1,Raman,Gold
3498.290180752321,0.0,1,Raman,Gold
3500.0,0.0,1,Raman,Gold
0.0,12.308743405181765,2,Raman,Gold
1.709819247679531,12.308743405181765,2,Raman,Gold
3.419638495359062,12.308743405181765,2,Raman,Gold
5.129457743038593,12.308743405181765,2,Raman,Gold
6.839276990718124,12.308743405181765,2,Raman,Gold
8.549096238397656,12.308743405181765,2,Raman,Gold
10.258915486077186,12.308743405181765,2,Raman,Gold
11.968734733756717,12.308743405181765,2,Raman,Gold
13.678553981436249,12.318743405181765,2,Raman,Gold
15.38837322911578,12.308743405181765,2,Raman,Gold
17.09819247679531,12.308743405181765,2,Raman,Gold
18.80801172447484,12.308743405181765,2,Raman,Gold
20.51783097215437,12.318743405181765,2,Raman,Gold
22.227650219833905,12.328743405181765,2,Raman,Gold
23.937469467513434,12.308743405181765,2,Raman,Gold
25.647288715192968,12.308743405181765,2,Raman,Gold
27.357107962872497,12.308743405181765,2,Raman,Gold
29.066927210552027,12.308743405181765,2,Raman,Gold
30.77674645823156,12.308743405181765,2,Raman,Gold
32.48656570591109,12.308743405181765,2,Raman,Gold
34.19638495359062,12.308743405181765,2,Raman,Gold
35.90620420127015,12.308743405181765,2,Raman,Gold
37.61602344894968,12.318743405181765,2,Raman,Gold
39.325842696629216,12.318743405181765,2,Raman,Gold
41.03566194430874,12.308743405181765,2,Raman,Gold
42.745481191988276,12.308743405181765,2,Raman,Gold
44.45530043966781,12.308743405181765,2,Raman,Gold
46.16511968734734,12.308743405181765,2,Raman,Gold
47.87493893502687,12.308743405181765,2,Raman,Gold
49.5847581827064,12.318743405181765,2,Raman,Gold
51.294577430385935,12.308743405181765,2,Raman,Gold
53.00439667806546,12.318743405181765,2,Raman,Gold
54.714215925744995,12.308743405181765,2,Raman,Gold
56.42403517342453,12.308743405181765,2,Raman,Gold
58.133854421104054,12.318743405181765,2,Raman,Gold
59.84367366878359,12.308743405181765,2,Raman,Gold
61.55349291646312,12.308743405181765,2,Raman,Gold
63.26331216414265,12.318743405181765,2,Raman,Gold
64.97313141182218,12.318743405181765,2,Raman,Gold
66.68295065950171,12.318743405181765,2,Raman,Gold
68.39276990718125,12.308743405181765,2,Raman,Gold
70.10258915486078,12.318743405181765,2,Raman,Gold
71.8124084025403,12.308743405181765,2,Raman,Gold
73.52222765021983,12.308743405181765,2,Raman,Gold
75.23204689789937,12.308743405181765,2,Raman,Gold
76.9418661455789,12.308743405181765,2,Raman,Gold
78.65168539325843,12.308743405181765,2,Raman,Gold
80.36150464093797,12.308743405181765,2,Raman,Gold
82.07132388861748,12.308743405181765,2,Raman,Gold
83.78114313629702,12.308743405181765,2,Raman,Gold
85.49096238397655,12.308743405181765,2,Raman,Gold
87.20078163165608,12.308743405181765,2,Raman,Gold
88.91060087933562,12.308743405181765,2,Raman,Gold
90.62042012701515,12.308743405181765,2,Raman,Gold
92.33023937469468,12.318743405181765,2,Raman,Gold
94.0400586223742,12.318743405181765,2,Raman,Gold
95.74987787005374,12.318743405181765,2,Raman,Gold
97.45969711773327,12.318743405181765,2,Raman,Gold
99.1695163654128,12.308743405181765,2,Raman,Gold
100.87933561309234,12.308743405181765,2,Raman,Gold
102.58915486077187,12.308743405181765,2,Raman,Gold
104.29897410845139,12.308743405181765,2,Raman,Gold
106.00879335613092,12.308743405181765,2,Raman,Gold
107.71861260381046,12.308743405181765,2,Raman,Gold
109.42843185148999,12.308743405181765,2,Raman,Gold
111.13825109916952,12.308743405181765,2,Raman,Gold
112.84807034684906,12.308743405181765,2,Raman,Gold
114.55788959452859,12.308743405181765,2,Raman,Gold
116.26770884220811,12.318743405181765,2,Raman,Gold
117.97752808988764,12.308743405181765,2,Raman,Gold
119.68734733756718,12.308743405181765,2,Raman,Gold
121.39716658524671,12.308743405181765,2,Raman,Gold
123.10698583292624,12.308743405181765,2,Raman,Gold
124.81680508060577,12.318743405181765,2,Raman,Gold
126.5266243282853,12.318743405181765,2,Raman,Gold
128.23644357596484,12.308743405181765,2,Raman,Gold
129.94626282364436,12.308743405181765,2,Raman,Gold
131.65608207132388,12.318743405181765,2,Raman,Gold
133.36590131900343,12.308743405181765,2,Raman,Gold
135.07572056668295,12.318743405181765,2,Raman,Gold
136.7855398143625,12.308743405181765,2,Raman,Gold
138.495359062042,12.318743405181765,2,Raman,Gold
140.20517830972156,12.308743405181765,2,Raman,Gold
141.91499755740108,12.308743405181765,2,Raman,Gold
143.6248168050806,12.308743405181765,2,Raman,Gold
145.33463605276015,12.308743405181765,2,Raman,Gold
147.04445530043967,12.308743405181765,2,Raman,Gold
148.7542745481192,12.308743405181765,2,Raman,Gold
150.46409379579873,12.308743405181765,2,Raman,Gold
152.17391304347828,12.328743405181765,2,Raman,Gold
153.8837322911578,12.308743405181765,2,Raman,Gold
155.59355153883732,12.318743405181765,2,Raman,Gold
157.30337078651687,12.308743405181765,2,Raman,Gold
159.01319003419638,12.318743405181765,2,Raman,Gold
160.72300928187593,12.308743405181765,2,Raman,Gold
162.43282852955545,12.308743405181765,2,Raman,Gold
164.14264777723497,12.308743405181765,2,Raman,Gold
165.85246702491452,12.308743405181765,2,Raman,Gold
167.56228627259404,12.308743405181765,2,Raman,Gold
169.27210552027358,12.308743405181765,2,Raman,Gold
170.9819247679531,12.308743405181765,2,Raman,Gold
172.69174401563265,12.318743405181765,2,Raman,Gold
174.40156326331217,12.308743405181765,2,Raman,Gold
176.1113825109917,12.318743405181765,2,Raman,Gold
177.82120175867124,12.308743405181765,2,Raman,Gold
179.53102100635076,12.308743405181765,2,Raman,Gold
181.2408402540303,12.308743405181765,2,Raman,Gold
182.95065950170982,12.308743405181765,2,Raman,Gold
184.66047874938937,12.308743405181765,2,Raman,Gold
186.3702979970689,12.308743405181765,2,Raman,Gold
188.0801172447484,12.308743405181765,2,Raman,Gold
189.78993649242796,12.308743405181765,2,Raman,Gold
191.49975574010747,12.318743405181765,2,Raman,Gold
193.20957498778702,12.308743405181765,2,Raman,Gold
194.91939423546654,12.308743405181765,2,Raman,Gold
196.6292134831461,12.308743405181765,2,Raman,Gold
198.3390327308256,12.318743405181765,2,Raman,Gold
200.04885197850513,12.308743405181765,2,Raman,Gold
201.75867122618467,12.318743405181765,2,Raman,Gold
203.4684904738642,12.308743405181765,2,Raman,Gold
205.17830972154374,12.308743405181765,2,Raman,Gold
206.88812896922326,12.318743405181765,2,Raman,Gold
208.59794821690278,12.308743405181765,2,Raman,Gold
210.30776746458233,12.308743405181765,2,Raman,Gold
212.01758671226185,12.308743405181765,2,Raman,Gold
213.7274059599414,12.318743405181765,2,Raman,Gold
215.4372252076209,12.308743405181765,2,Raman,Gold
217.14704445530046,12.308743405181765,2,Raman,Gold
218.85686370297998,12.318743405181765,2,Raman,Gold
220.5666829506595,12.318743405181765,2,Raman,Gold
222.27650219833905,12.308743405181765,2,Raman,Gold
223.98632144601856,12.308743405181765,2,Raman,Gold
225.6961406936981,12.308743405181765,2,Raman,Gold
227.40595994137763,12.318743405181765,2,Raman,Gold
229.11577918905718,12.308743405181765,2,Raman,Gold
230.8255984367367,12.318743405181765,2,Raman,Gold
232.53541768441622,12.308743405181765,2,Raman,Gold
234.24523693209576,12.308743405181765,2,Raman,Gold
235.95505617977528,12.308743405181765,2,Raman,Gold
237.66487542745483,12.318743405181765,2,Raman,Gold
239.37469467513435,12.308743405181765,2,Raman,Gold
241.08451392281387,12.318743405181765,2,Raman,Gold
242.79433317049342,12.328743405181765,2,Raman,Gold
244.50415241817294,12.308743405181765,2,Raman,Gold
246.21397166585248,12.308743405181765,2,Raman,Gold
247.923790913532,12.308743405181765,2,Raman,Gold
249.63361016121155,12.308743405181765,2,Raman,Gold
251.34342940889107,12.308743405181765,2,Raman,Gold
253.0532486565706,12.308743405181765,2,Raman,Gold
254.76306790425014,12.318743405181765,2,Raman,Gold
256.4728871519297,12.308743405181765,2,Raman,Gold
258.1827063996092,12.308743405181765,2,Raman,Gold
259.8925256472887,12.318743405181765,2,Raman,Gold
261.60234489496827,12.318743405181765,2,Raman,Gold
263.31216414264776,12.308743405181765,2,Raman,Gold
265.0219833903273,12.308743405181765,2,Raman,Gold
266.73180263800685,12.308743405181765,2,Raman,Gold
268.4416218856864,12.308743405181765,2,Raman,Gold
270.1514411333659,12.308743405181765,2,Raman,Gold
271.86126038104544,12.308743405181765,2,Raman,Gold
273.571079628725,12.318743405181765,2,Raman,Gold
275.2808988764045,12.318743405181765,2,Raman,Gold
276.990718124084,12.308743405181765,2,Raman,Gold
278.7005373717636,12.308743405181765,2,Raman,Gold
280.4103566194431,12.308743405181765,2,Raman,Gold
282.1201758671226,12.308743405181765,2,Raman,Gold
283.82999511480216,12.308743405181765,2,Raman,Gold
285.5398143624817,12.308743405181765,2,Raman,Gold
287.2496336101612,12.308743405181765,2,Raman,Gold
288.95945285784074,12.308743405181765,2,Raman,Gold
290.6692721055203,12.318743405181765,2,Raman,Gold
292.37909135319984,12.308743405181765,2,Raman,Gold
294.08891060087933,12.308743405181765,2,Raman,Gold
295.7987298485589,12.308743405181765,2,Raman,Gold
297.5085490962384,12.308743405181765,2,Raman,Gold
299.2183683439179,12.308743405181765,2,Raman,Gold
300.92818759159746,12.308743405181765,2,Raman,Gold
302.638006839277,12.308743405181765,2,Raman,Gold
304.34782608695656,12.308743405181765,2,Raman,Gold
306.05764533463605,12.308743405181765,2,Raman,Gold
307.7674645823156,12.308743405181765,2,Raman,Gold
309.47728382999514,12.318743405181765,2,Raman,Gold
311.18710307767464,12.308743405181765,2,Raman,Gold
312.8969223253542,12.328743405181765,2,Raman,Gold
314.60674157303373,12.308743405181765,2,Raman,Gold
316.3165608207133,12.318743405181765,2,Raman,Gold
318.02638006839277,12.318743405181765,2,Raman,Gold
319.7361993160723,12.308743405181765,2,Raman,Gold
321.44601856375186,12.308743405181765,2,Raman,Gold
323.15583781143135,12.308743405181765,2,Raman,Gold
324.8656570591109,12.328743405181765,2,Raman,Gold
326.57547630679045,12.308743405181765,2,Raman,Gold
328.28529555446994,12.318743405181765,2,Raman,Gold
329.9951148021495,12.308743405181765,2,Raman,Gold
331.70493404982903,12.308743405181765,2,Raman,Gold
333.4147532975086,12.318743405181765,2,Raman,Gold
335.1245725451881,12.308743405181765,2,Raman,Gold
336.8343917928676,12.308743405181765,2,Raman,Gold
338.54421104054717,12.318743405181765,2,Raman,Gold
340.25403028822666,12.308743405181765,2,Raman,Gold
341.9638495359062,12.308743405181765,2,Raman,Gold
343.67366878358575,12.308743405181765,2,Raman,Gold
345.3834880312653,12.308743405181765,2,Raman,Gold
347.0933072789448,12.308743405181765,2,Raman,Gold
348.80312652662434,12.308743405181765,2,Raman,Gold
350.5129457743039,12.308743405181765,2,Raman,Gold
352.2227650219834,12.308743405181765,2,Raman,Gold
353.9325842696629,12.308743405181765,2,Raman,Gold
355.6424035173425,12.308743405181765,2,Raman,Gold
357.352222765022,12.308743405181765,2,Raman,Gold
359.0620420127015,12.308743405181765,2,Raman,Gold
360.77186126038106,12.308743405181765,2,Raman,Gold
362.4816805080606,12.328743405181765,2,Raman,Gold
364.1914997557401,12.318743405181765,2,Raman,Gold
365.90131900341964,12.318743405181765,2,Raman,Gold
367.6111382510992,12.308743405181765,2,Raman,Gold
369.32095749877874,12.308743405181765,2,Raman,Gold
371.03077674645823,12.308743405181765,2,Raman,Gold
372.7405959941378,12.318743405181765,2,Raman,Gold
374.4504152418173,12.308743405181765,2,Raman,Gold
376.1602344894968,12.308743405181765,2,Raman,Gold
377.87005373717636,12.308743405181765,2,Raman,Gold
379.5798729848559,12.308743405181765,2,Raman,Gold
381.28969223253546,12.308743405181765,2,Raman,Gold
382.99951148021495,12.318743405181765,2,Raman,Gold
384.7093307278945,12.308743405181765,2,Raman,Gold
386.41914997557404,12.318743405181765,2,Raman,Gold
388.12896922325353,12.308743405181765,2,Raman,Gold
389.8387884709331,12.308743405181765,2,Raman,Gold
391.54860771861263,12.318743405181765,2,Raman,Gold
393.2584269662922,12.328743405181765,2,Raman,Gold
394.96824621397167,12.308743405181765,2,Raman,Gold
396.6780654616512,12.308743405181765,2,Raman,Gold
398.38788470933076,12.308743405181765,2,Raman,Gold
400.09770395701025,12.328743405181765,2,Raman,Gold
401.8075232046898,12.308743405181765,2,Raman,Gold
403.51734245236935,12.308743405181765,2,Raman,Gold
405.22716170004884,12.308743405181765,2,Raman,Gold
406.9369809477284,12.308743405181765,2,Raman,Gold
408.64680019540793,12.308743405181765,2,Raman,Gold
410.3566194430875,12.308743405181765,2,Raman,Gold
412.066438690767,12.308743405181765,2,Raman,Gold
413.7762579384465,12.308743405181765,2,Raman,Gold
415.48607718612607,12.318743405181765,2,Raman,Gold
417.19589643380556,12.308743405181765,2,Raman,Gold
418.9057156814851,12.308743405181765,2,Raman,Gold
420.61553492916465,12.308743405181765,2,Raman,Gold
422.3253541768442,12.308743405181765,2,Raman,Gold
424.0351734245237,12.308743405181765,2,Raman,Gold
425.74499267220324,12.308743405181765,2,Raman,Gold
427.4548119198828,12.308743405181765,2,Raman,Gold
429.1646311675623,12.308743405181765,2,Raman,Gold
430.8744504152418,12.308743405181765,2,Raman,Gold
432.5842696629214,12.308743405181765,2,Raman,Gold
434.2940889106009,12.308743405181765,2,Raman,Gold
436.0039081582804,12.318743405181765,2,Raman,Gold
437.71372740595996,12.308743405181765,2,Raman,Gold
439.4235466536395,12.308743405181765,2,Raman,Gold
441.133365901319,12.318743405181765,2,Raman,Gold
442.84318514899854,12.308743405181765,2,Raman,Gold
444.5530043966781,12.318743405181765,2,Raman,Gold
446.26282364435764,12.308743405181765,2,Raman,Gold
447.97264289203713,12.308743405181765,2,Raman,Gold
449.6824621397167,12.308743405181765,2,Raman,Gold
451.3922813873962,12.308743405181765,2,Raman,Gold
453.1021006350757,12.308743405181765,2,Raman,Gold
454.81191988275526,12.308743405181765,2,Raman,Gold
456.5217391304348,12.308743405181765,2,Raman,Gold
458.23155837811436,12.308743405181765,2,Raman,Gold
459.94137762579385,12.308743405181765,2,Raman,Gold
461.6511968734734,12.308743405181765,2,Raman,Gold
463.36101612115294,12.318743405181765,2,Raman,Gold
465.07083536883243,12.308743405181765,2,Raman,Gold
466.780654616512,12.308743405181765,2,Raman,Gold
468.49047386419153,12.308743405181765,2,Raman,Gold
470.2002931118711,12.308743405181765,2,Raman,Gold
471.91011235955057,12.308743405181765,2,Raman,Gold
473.6199316072301,12.308743405181765,2,Raman,Gold
475.32975085490966,12.308743405181765,2,Raman,Gold
477.03957010258915,12.318743405181765,2,Raman,Gold
478.7493893502687,12.308743405181765,2,Raman,Gold
480.45920859794825,12.308743405181765,2,Raman,Gold
482.16902784562774,12.308743405181765,2,Raman,Gold
483.8788470933073,12.308743405181765,2,Raman,Gold
485.58866634098683,12.308743405181765,2,Raman,Gold
487.2984855886664,12.308743405181765,2,Raman,Gold
489.00830483634587,12.308743405181765,2,Raman,Gold
490.7181240840254,12.318743405181765,2,Raman,Gold
492.42794333170497,12.308743405181765,2,Raman,Gold
494.13776257938446,12.318743405181765,2,Raman,Gold
495.847581827064,12.308743405181765,2,Raman,Gold
497.55740107474355,12.308743405181765,2,Raman,Gold
499.2672203224231,12.308743405181765,2,Raman,Gold
500.9770395701026,12.308743405181765,2,Raman,Gold
502.68685881778214,12.308743405181765,2,Raman,Gold
504.3966780654617,12.308743405181765,2,Raman,Gold
506.1064973131412,12.308743405181765,2,Raman,Gold
507.8163165608207,12.318743405181765,2,Raman,Gold
509.52613580850027,12.308743405181765,2,Raman,Gold
511.2359550561798,12.308743405181765,2,Raman,Gold
512.9457743038594,12.308743405181765,2,Raman,Gold
514.6555935515388,12.318743405181765,2,Raman,Gold
516.3654127992183,12.308743405181765,2,Raman,Gold
518.0752320468979,12.308743405181765,2,Raman,Gold
519.7850512945774,12.308743405181765,2,Raman,Gold
521.494870542257,12.308743405181765,2,Raman,Gold
523.2046897899365,12.308743405181765,2,Raman,Gold
524.9145090376161,12.308743405181765,2,Raman,Gold
526.6243282852955,12.308743405181765,2,Raman,Gold
528.3341475329751,12.308743405181765,2,Raman,Gold
530.0439667806546,12.308743405181765,2,Raman,Gold
531.7537860283342,12.318743405181765,2,Raman,Gold
533.4636052760137,12.328743405181765,2,Raman,Gold
535.1734245236933,12.308743405181765,2,Raman,Gold
536.8832437713728,12.308743405181765,2,Raman,Gold
538.5930630190522,12.318743405181765,2,Raman,Gold
540.3028822667318,12.318743405181765,2,Raman,Gold
542.0127015144113,12.318743405181765,2,Raman,Gold
543.7225207620909,12.308743405181765,2,Raman,Gold
545.4323400097704,12.318743405181765,2,Raman,Gold
547.14215925745,12.318743405181765,2,Raman,Gold
548.8519785051295,12.308743405181765,2,Raman,Gold
550.561797752809,12.308743405181765,2,Raman,Gold
552.2716170004885,12.308743405181765,2,Raman,Gold
553.981436248168,12.308743405181765,2,Raman,Gold
555.6912554958476,12.308743405181765,2,Raman,Gold
557.4010747435271,12.308743405181765,2,Raman,Gold
559.1108939912067,12.308743405181765,2,Raman,Gold
560.8207132388862,12.308743405181765,2,Raman,Gold
562.5305324865657,12.308743405181765,2,Raman,Gold
564.2403517342452,12.318743405181765,2,Raman,Gold
565.9501709819248,12.308743405181765,2,Raman,Gold
567.6599902296043,12.308743405181765,2,Raman,Gold
569.3698094772839,12.308743405181765,2,Raman,Gold
571.0796287249634,12.308743405181765,2,Raman,Gold
572.789447972643,12.328743405181765,2,Raman,Gold
574.4992672203224,12.308743405181765,2,Raman,Gold
576.2090864680019,12.318743405181765,2,Raman,Gold
577.9189057156815,12.308743405181765,2,Raman,Gold
579.628724963361,12.308743405181765,2,Raman,Gold
581.3385442110406,12.308743405181765,2,Raman,Gold
583.0483634587201,12.318743405181765,2,Raman,Gold
584.7581827063997,12.308743405181765,2,Raman,Gold
586.4680019540791,12.308743405181765,2,Raman,Gold
588.1778212017587,12.318743405181765,2,Raman,Gold
589.8876404494382,12.308743405181765,2,Raman,Gold
591.5974596971178,12.308743405181765,2,Raman,Gold
593.3072789447973,12.308743405181765,2,Raman,Gold
595.0170981924769,12.318743405181765,2,Raman,Gold
596.7269174401564,12.308743405181765,2,Raman,Gold
598.4367366878358,12.308743405181765,2,Raman,Gold
600.1465559355154,12.308743405181765,2,Raman,Gold
601.8563751831949,12.308743405181765,2,Raman,Gold
603.5661944308745,12.308743405181765,2,Raman,Gold
605.276013678554,12.308743405181765,2,Raman,Gold
606.9858329262336,12.308743405181765,2,Raman,Gold
608.6956521739131,12.308743405181765,2,Raman,Gold
610.4054714215926,12.308743405181765,2,Raman,Gold
612.1152906692721,12.308743405181765,2,Raman,Gold
613.8251099169516,12.308743405181765,2,Raman,Gold
615.5349291646312,12.308743405181765,2,Raman,Gold
617.2447484123107,12.308743405181765,2,Raman,Gold
618.9545676599903,12.308743405181765,2,Raman,Gold
620.6643869076698,12.308743405181765,2,Raman,Gold
622.3742061553493,12.318743405181765,2,Raman,Gold
624.0840254030288,12.318743405181765,2,Raman,Gold
625.7938446507084,12.308743405181765,2,Raman,Gold
627.5036638983879,12.308743405181765,2,Raman,Gold
629.2134831460675,12.308743405181765,2,Raman,Gold
630.923302393747,12.308743405181765,2,Raman,Gold
632.6331216414266,12.308743405181765,2,Raman,Gold
634.342940889106,12.318743405181765,2,Raman,Gold
636.0527601367855,12.328743405181765,2,Raman,Gold
637.7625793844651,12.318743405181765,2,Raman,Gold
639.4723986321446,12.318743405181765,2,Raman,Gold
641.1822178798242,12.318743405181765,2,Raman,Gold
642.8920371275037,12.318743405181765,2,Raman,Gold
644.6018563751833,12.308743405181765,2,Raman,Gold
646.3116756228627,12.318743405181765,2,Raman,Gold
648.0214948705423,12.308743405181765,2,Raman,Gold
649.7313141182218,12.308743405181765,2,Raman,Gold
651.4411333659014,12.308743405181765,2,Raman,Gold
653.1509526135809,12.318743405181765,2,Raman,Gold
654.8607718612604,12.318743405181765,2,Raman,Gold
656.5705911089399,12.308743405181765,2,Raman,Gold
658.2804103566194,12.308743405181765,2,Raman,Gold
659.990229604299,12.318743405181765,2,Raman,Gold
661.7000488519785,12.318743405181765,2,Raman,Gold
663.4098680996581,12.308743405181765,2,Raman,Gold
665.1196873473376,12.308743405181765,2,Raman,Gold
666.8295065950172,12.308743405181765,2,Raman,Gold
668.5393258426966,12.308743405181765,2,Raman,Gold
670.2491450903761,12.308743405181765,2,Raman,Gold
671.9589643380557,12.308743405181765,2,Raman,Gold
673.6687835857352,12.318743405181765,2,Raman,Gold
675.3786028334148,12.308743405181765,2,Raman,Gold
677.0884220810943,12.308743405181765,2,Raman,Gold
678.7982413287739,12.308743405181765,2,Raman,Gold
680.5080605764533,12.318743405181765,2,Raman,Gold
682.2178798241329,12.318743405181765,2,Raman,Gold
683.9276990718124,12.308743405181765,2,Raman,Gold
685.637518319492,12.308743405181765,2,Raman,Gold
687.3473375671715,12.308743405181765,2,Raman,Gold
689.057156814851,12.308743405181765,2,Raman,Gold
690.7669760625306,12.318743405181765,2,Raman,Gold
692.47679531021,12.308743405181765,2,Raman,Gold
694.1866145578896,12.308743405181765,2,Raman,Gold
695.8964338055691,12.308743405181765,2,Raman,Gold
697.6062530532487,12.308743405181765,2,Raman,Gold
699.3160723009282,12.308743405181765,2,Raman,Gold
701.0258915486078,12.308743405181765,2,Raman,Gold
702.7357107962873,12.308743405181765,2,Raman,Gold
704.4455300439668,12.308743405181765,2,Raman,Gold
706.1553492916463,12.318743405181765,2,Raman,Gold
707.8651685393259,12.308743405181765,2,Raman,Gold
709.5749877870054,12.318743405181765,2,Raman,Gold
711.284807034685,12.308743405181765,2,Raman,Gold
712.9946262823645,12.308743405181765,2,Raman,Gold
714.704445530044,12.308743405181765,2,Raman,Gold
716.4142647777235,12.308743405181765,2,Raman,Gold
718.124084025403,12.318743405181765,2,Raman,Gold
719.8339032730826,12.318743405181765,2,Raman,Gold
721.5437225207621,12.308743405181765,2,Raman,Gold
723.2535417684417,12.308743405181765,2,Raman,Gold
724.9633610161212,12.328743405181765,2,Raman,Gold
726.6731802638008,12.318743405181765,2,Raman,Gold
728.3829995114802,12.308743405181765,2,Raman,Gold
730.0928187591597,12.308743405181765,2,Raman,Gold
731.8026380068393,12.308743405181765,2,Raman,Gold
733.5124572545188,12.308743405181765,2,Raman,Gold
735.2222765021984,12.308743405181765,2,Raman,Gold
736.9320957498779,12.308743405181765,2,Raman,Gold
738.6419149975575,12.308743405181765,2,Raman,Gold
740.3517342452369,12.308743405181765,2,Raman,Gold
742.0615534929165,12.318743405181765,2,Raman,Gold
743.771372740596,12.308743405181765,2,Raman,Gold
745.4811919882756,12.308743405181765,2,Raman,Gold
747.1910112359551,12.308743405181765,2,Raman,Gold
748.9008304836346,12.318743405181765,2,Raman,Gold
750.6106497313142,12.318743405181765,2,Raman,Gold
752.3204689789936,12.308743405181765,2,Raman,Gold
754.0302882266732,12.308743405181765,2,Raman,Gold
755.7401074743527,12.308743405181765,2,Raman,Gold
757.4499267220323,12.308743405181765,2,Raman,Gold
759.1597459697118,12.308743405181765,2,Raman,Gold
760.8695652173914,12.308743405181765,2,Raman,Gold
762.5793844650709,12.308743405181765,2,Raman,Gold
764.2892037127503,12.318743405181765,2,Raman,Gold
765.9990229604299,12.308743405181765,2,Raman,Gold
767.7088422081094,12.308743405181765,2,Raman,Gold
769.418661455789,12.308743405181765,2,Raman,Gold
771.1284807034685,12.308743405181765,2,Raman,Gold
772.8382999511481,12.328743405181765,2,Raman,Gold
774.5481191988276,12.308743405181765,2,Raman,Gold
776.2579384465071,12.308743405181765,2,Raman,Gold
777.9677576941866,12.308743405181765,2,Raman,Gold
779.6775769418662,12.308743405181765,2,Raman,Gold
781.3873961895457,12.308743405181765,2,Raman,Gold
783.0972154372253,12.308743405181765,2,Raman,Gold
784.8070346849048,12.308743405181765,2,Raman,Gold
786.5168539325844,12.308743405181765,2,Raman,Gold
788.2266731802638,12.308743405181765,2,Raman,Gold
789.9364924279433,12.308743405181765,2,Raman,Gold
791.6463116756229,12.308743405181765,2,Raman,Gold
793.3561309233024,12.318743405181765,2,Raman,Gold
795.065950170982,12.318743405181765,2,Raman,Gold
796.7757694186615,12.308743405181765,2,Raman,Gold
798.4855886663411,12.308743405181765,2,Raman,Gold
800.1954079140205,12.308743405181765,2,Raman,Gold
801.9052271617,12.318743405181765,2,Raman,Gold
803.6150464093796,12.308743405181765,2,Raman,Gold
805.3248656570591,12.308743405181765,2,Raman,Gold
807.0346849047387,12.318743405181765,2,Raman,Gold
808.7445041524182,12.328743405181765,2,Raman,Gold
810.4543234000977,12.328743405181765,2,Raman,Gold
812.1641426477772,12.308743405181765,2,Raman,Gold
813.8739618954568,12.308743405181765,2,Raman,Gold
815.5837811431363,12.308743405181765,2,Raman,Gold
817.2936003908159,12.308743405181765,2,Raman,Gold
819.0034196384954,12.308743405181765,2,Raman,Gold
820.713238886175,12.308743405181765,2,Raman,Gold
822.4230581338544,12.308743405181765,2,Raman,Gold
824.132877381534,12.308743405181765,2,Raman,Gold
825.8426966292135,12.318743405181765,2,Raman,Gold
827.552515876893,12.308743405181765,2,Raman,Gold
829.2623351245726,12.308743405181765,2,Raman,Gold
830.9721543722521,12.308743405181765,2,Raman,Gold
832.6819736199317,12.318743405181765,2,Raman,Gold
834.3917928676111,12.308743405181765,2,Raman,Gold
836.1016121152907,12.328743405181765,2,Raman,Gold
837.8114313629702,12.318743405181765,2,Raman,Gold
839.5212506106498,12.308743405181765,2,Raman,Gold
841.2310698583293,12.308743405181765,2,Raman,Gold
842.9408891060089,12.308743405181765,2,Raman,Gold
844.6507083536884,12.318743405181765,2,Raman,Gold
846.3605276013678,12.308743405181765,2,Raman,Gold
848.0703468490474,12.318743405181765,2,Raman,Gold
849.7801660967269,12.328743405181765,2,Raman,Gold
851.4899853444065,12.308743405181765,2,Raman,Gold
853.199804592086,12.308743405181765,2,Raman,Gold
854.9096238397656,12.308743405181765,2,Raman,Gold
856.6194430874451,12.308743405181765,2,Raman,Gold
858.3292623351246,12.308743405181765,2,Raman,Gold
860.0390815828041,12.318743405181765,2,Raman,Gold
861.7489008304836,12.308743405181765,2,Raman,Gold
863.4587200781632,12.308743405181765,2,Raman,Gold
865.1685393258427,12.308743405181765,2,Raman,Gold
866.8783585735223,12.318743405181765,2,Raman,Gold
868.5881778212018,12.308743405181765,2,Raman,Gold
870.2979970688813,12.308743405181765,2,Raman,Gold
872.0078163165608,12.308743405181765,2,Raman,Gold
873.7176355642404,12.308743405181765,2,Raman,Gold
875.4274548119199,12.308743405181765,2,Raman,Gold
877.1372740595995,12.308743405181765,2,Raman,Gold
878.847093307279,12.328743405181765,2,Raman,Gold
880.5569125549586,12.318743405181765,2,Raman,Gold
882.266731802638,12.308743405181765,2,Raman,Gold
883.9765510503175,12.308743405181765,2,Raman,Gold
885.6863702979971,12.308743405181765,2,Raman,Gold
887.3961895456766,12.308743405181765,2,Raman,Gold
889.1060087933562,12.308743405181765,2,Raman,Gold
890.8158280410357,12.308743405181765,2,Raman,Gold
892.5256472887153,12.318743405181765,2,Raman,Gold
894.2354665363947,12.308743405181765,2,Raman,Gold
895.9452857840743,12.318743405181765,2,Raman,Gold
897.6551050317538,12.308743405181765,2,Raman,Gold
899.3649242794334,12.318743405181765,2,Raman,Gold
901.0747435271129,12.308743405181765,2,Raman,Gold
902.7845627747924,12.308743405181765,2,Raman,Gold
904.494382022472,12.318743405181765,2,Raman,Gold
906.2042012701514,12.318743405181765,2,Raman,Gold
907.914020517831,12.308743405181765,2,Raman,Gold
909.6238397655105,12.318743405181765,2,Raman,Gold
911.3336590131901,12.308743405181765,2,Raman,Gold
913.0434782608696,12.308743405181765,2,Raman,Gold
914.7532975085492,12.318743405181765,2,Raman,Gold
916.4631167562287,12.308743405181765,2,Raman,Gold
918.1729360039081,12.308743405181765,2,Raman,Gold
919.8827552515877,12.318743405181765,2,Raman,Gold
921.5925744992672,12.308743405181765,2,Raman,Gold
923.3023937469468,12.308743405181765,2,Raman,Gold
925.0122129946263,12.308743405181765,2,Raman,Gold
926.7220322423059,12.308743405181765,2,Raman,Gold
928.4318514899854,12.308743405181765,2,Raman,Gold
930.1416707376649,12.308743405181765,2,Raman,Gold
931.8514899853444,12.318743405181765,2,Raman,Gold
933.561309233024,12.308743405181765,2,Raman,Gold
935.2711284807035,12.318743405181765,2,Raman,Gold
936.9809477283831,12.318743405181765,2,Raman,Gold
938.6907669760626,12.308743405181765,2,Raman,Gold
940.4005862237422,12.328743405181765,2,Raman,Gold
942.1104054714216,12.308743405181765,2,Raman,Gold
943.8202247191011,12.308743405181765,2,Raman,Gold
945.5300439667807,12.308743405181765,2,Raman,Gold
947.2398632144602,12.308743405181765,2,Raman,Gold
948.9496824621398,12.308743405181765,2,Raman,Gold
950.6595017098193,12.318743405181765,2,Raman,Gold
952.3693209574988,12.308743405181765,2,Raman,Gold
954.0791402051783,12.308743405181765,2,Raman,Gold
955.7889594528579,12.308743405181765,2,Raman,Gold
957.4987787005374,12.308743405181765,2,Raman,Gold
959.208597948217,12.308743405181765,2,Raman,Gold
960.9184171958965,12.318743405181765,2,Raman,Gold
962.628236443576,12.308743405181765,2,Raman,Gold
964.3380556912555,12.308743405181765,2,Raman,Gold
966.047874938935,12.308743405181765,2,Raman,Gold
967.7576941866146,12.318743405181765,2,Raman,Gold
969.4675134342941,12.308743405181765,2,Raman,Gold
971.1773326819737,12.308743405181765,2,Raman,Gold
972.8871519296532,12.318743405181765,2,Raman,Gold
974.5969711773328,12.308743405181765,2,Raman,Gold
976.3067904250122,12.318743405181765,2,Raman,Gold
978.0166096726917,12.308743405181765,2,Raman,Gold
979.7264289203713,12.308743405181765,2,Raman,Gold
981.4362481680508,12.308743405181765,2,Raman,Gold
983.1460674157304,12.308743405181765,2,Raman,Gold
984.8558866634099,12.308743405181765,2,Raman,Gold
986.5657059110895,12.308743405181765,2,Raman,Gold
988.2755251587689,12.308743405181765,2,Raman,Gold
989.9853444064485,12.318743405181765,2,Raman,Gold
991.695163654128,12.308743405181765,2,Raman,Gold
993.4049829018076,12.308743405181765,2,Raman,Gold
995.1148021494871,12.308743405181765,2,Raman,Gold
996.8246213971667,12.308743405181765,2,Raman,Gold
998.5344406448462,12.308743405181765,2,Raman,Gold
1000.2442598925256,12.318743405181765,2,Raman,Gold
1001.9540791402052,12.328743405181765,2,Raman,Gold
1003.6638983878847,12.308743405181765,2,Raman,Gold
1005.3737176355643,12.328743405181765,2,Raman,Gold
1007.0835368832438,12.308743405181765,2,Raman,Gold
1008.7933561309234,12.308743405181765,2,Raman,Gold
1010.5031753786029,12.318743405181765,2,Raman,Gold
1012.2129946262824,12.308743405181765,2,Raman,Gold
1013.9228138739619,12.318743405181765,2,Raman,Gold
1015.6326331216414,12.308743405181765,2,Raman,Gold
1017.342452369321,12.308743405181765,2,Raman,Gold
1019.0522716170005,12.318743405181765,2,Raman,Gold
1020.7620908646801,12.308743405181765,2,Raman,Gold
1022.4719101123596,12.308743405181765,2,Raman,Gold
1024.181729360039,12.308743405181765,2,Raman,Gold
1025.8915486077187,12.308743405181765,2,Raman,Gold
1027.6013678553982,12.308743405181765,2,Raman,Gold
1029.3111871030776,12.308743405181765,2,Raman,Gold
1031.0210063507573,12.318743405181765,2,Raman,Gold
1032.7308255984367,12.308743405181765,2,Raman,Gold
1034.4406448461164,12.308743405181765,2,Raman,Gold
1036.1504640937958,12.308743405181765,2,Raman,Gold
1037.8602833414755,12.318743405181765,2,Raman,Gold
1039.5701025891549,12.308743405181765,2,Raman,Gold
1041.2799218368343,12.308743405181765,2,Raman,Gold
1042.989741084514,12.308743405181765,2,Raman,Gold
1044.6995603321934,12.308743405181765,2,Raman,Gold
1046.409379579873,12.308743405181765,2,Raman,Gold
1048.1191988275525,12.308743405181765,2,Raman,Gold
1049.8290180752322,12.308743405181765,2,Raman,Gold
1051.5388373229116,12.308743405181765,2,Raman,Gold
1053.248656570591,12.308743405181765,2,Raman,Gold
1054.9584758182707,12.308743405181765,2,Raman,Gold
1056.6682950659501,12.308743405181765,2,Raman,Gold
1058.3781143136298,12.308743405181765,2,Raman,Gold
1060.0879335613092,12.308743405181765,2,Raman,Gold
1061.797752808989,12.308743405181765,2,Raman,Gold
1063.5075720566683,12.308743405181765,2,Raman,Gold
1065.2173913043478,12.308743405181765,2,Raman,Gold
1066.9272105520274,12.308743405181765,2,Raman,Gold
1068.6370297997069,12.318743405181765,2,Raman,Gold
1070.3468490473865,12.308743405181765,2,Raman,Gold
1072.056668295066,12.308743405181765,2,Raman,Gold
1073.7664875427456,12.308743405181765,2,Raman,Gold
1075.476306790425,12.308743405181765,2,Raman,Gold
1077.1861260381045,12.308743405181765,2,Raman,Gold
1078.8959452857841,12.308743405181765,2,Raman,Gold
1080.6057645334636,12.308743405181765,2,Raman,Gold
1082.3155837811432,12.308743405181765,2,Raman,Gold
1084.0254030288227,12.328743405181765,2,Raman,Gold
1085.7352222765023,12.308743405181765,2,Raman,Gold
1087.4450415241818,12.308743405181765,2,Raman,Gold
1089.1548607718612,12.308743405181765,2,Raman,Gold
1090.8646800195409,12.308743405181765,2,Raman,Gold
1092.5744992672203,12.308743405181765,2,Raman,Gold
1094.2843185149,12.308743405181765,2,Raman,Gold
1095.9941377625794,12.308743405181765,2,Raman,Gold
1097.703957010259,12.308743405181765,2,Raman,Gold
1099.4137762579385,12.308743405181765,2,Raman,Gold
1101.123595505618,12.318743405181765,2,Raman,Gold
1102.8334147532976,12.308743405181765,2,Raman,Gold
1104.543234000977,12.308743405181765,2,Raman,Gold
1106.2530532486567,12.308743405181765,2,Raman,Gold
1107.962872496336,12.308743405181765,2,Raman,Gold
1109.6726917440158,12.308743405181765,2,Raman,Gold
1111.3825109916952,12.308743405181765,2,Raman,Gold
1113.0923302393746,12.308743405181765,2,Raman,Gold
1114.8021494870543,12.308743405181765,2,Raman,Gold
1116.5119687347337,12.308743405181765,2,Raman,Gold
1118.2217879824134,12.308743405181765,2,Raman,Gold
1119.9316072300928,12.308743405181765,2,Raman,Gold
1121.6414264777725,12.308743405181765,2,Raman,Gold
1123.351245725452,12.308743405181765,2,Raman,Gold
1125.0610649731314,12.318743405181765,2,Raman,Gold
1126.770884220811,12.308743405181765,2,Raman,Gold
1128.4807034684904,12.308743405181765,2,Raman,Gold
1130.19052271617,12.328743405181765,2,Raman,Gold
1131.9003419638495,12.308743405181765,2,Raman,Gold
1133.6101612115292,12.308743405181765,2,Raman,Gold
1135.3199804592086,12.308743405181765,2,Raman,Gold
1137.029799706888,12.318743405181765,2,Raman,Gold
1138.7396189545677,12.308743405181765,2,Raman,Gold
1140.4494382022472,12.308743405181765,2,Raman,Gold
1142.1592574499268,12.318743405181765,2,Raman,Gold
1143.8690766976063,12.308743405181765,2,Raman,Gold
1145.578895945286,12.308743405181765,2,Raman,Gold
1147.2887151929654,12.328743405181765,2,Raman,Gold
1148.9985344406448,12.308743405181765,2,Raman,Gold
1150.7083536883245,12.318743405181765,2,Raman,Gold
1152.4181729360039,12.308743405181765,2,Raman,Gold
1154.1279921836835,12.318743405181765,2,Raman,Gold
1155.837811431363,12.308743405181765,2,Raman,Gold
1157.5476306790426,12.318743405181765,2,Raman,Gold
1159.257449926722,12.308743405181765,2,Raman,Gold
1160.9672691744015,12.308743405181765,2,Raman,Gold
1162.6770884220812,12.308743405181765,2,Raman,Gold
1164.3869076697606,12.308743405181765,2,Raman,Gold
1166.0967269174403,12.308743405181765,2,Raman,Gold
1167.8065461651197,12.318743405181765,2,Raman,Gold
1169.5163654127994,12.308743405181765,2,Raman,Gold
1171.2261846604788,12.308743405181765,2,Raman,Gold
1172.9360039081582,12.318743405181765,2,Raman,Gold
1174.645823155838,12.308743405181765,2,Raman,Gold
1176.3556424035173,12.308743405181765,2,Raman,Gold
1178.065461651197,12.308743405181765,2,Raman,Gold
1179.7752808988764,12.308743405181765,2,Raman,Gold
1181.485100146556,12.308743405181765,2,Raman,Gold
1183.1949193942355,12.308743405181765,2,Raman,Gold
1184.904738641915,12.308743405181765,2,Raman,Gold
1186.6145578895946,12.308743405181765,2,Raman,Gold
1188.324377137274,12.308743405181765,2,Raman,Gold
1190.0341963849537,12.308743405181765,2,Raman,Gold
1191.7440156326331,12.308743405181765,2,Raman,Gold
1193.4538348803128,12.308743405181765,2,Raman,Gold
1195.1636541279922,12.308743405181765,2,Raman,Gold
1196.8734733756717,12.308743405181765,2,Raman,Gold
1198.5832926233513,12.308743405181765,2,Raman,Gold
1200.2931118710308,12.308743405181765,2,Raman,Gold
1202.0029311187104,12.308743405181765,2,Raman,Gold
1203.7127503663899,12.328743405181765,2,Raman,Gold
1205.4225696140695,12.308743405181765,2,Raman,Gold
1207.132388861749,12.308743405181765,2,Raman,Gold
1208.8422081094284,12.308743405181765,2,Raman,Gold
1210.552027357108,12.308743405181765,2,Raman,Gold
1212.2618466047875,12.308743405181765,2,Raman,Gold
1213.9716658524671,12.308743405181765,2,Raman,Gold
1215.6814851001466,12.318743405181765,2,Raman,Gold
1217.3913043478262,12.318743405181765,2,Raman,Gold
1219.1011235955057,12.308743405181765,2,Raman,Gold
1220.810942843185,12.308743405181765,2,Raman,Gold
1222.5207620908648,12.308743405181765,2,Raman,Gold
1224.2305813385442,12.308743405181765,2,Raman,Gold
1225.9404005862239,12.308743405181765,2,Raman,Gold
1227.6502198339033,12.308743405181765,2,Raman,Gold
1229.360039081583,12.308743405181765,2,Raman,Gold
1231.0698583292624,12.318743405181765,2,Raman,Gold
1232.7796775769418,12.318743405181765,2,Raman,Gold
1234.4894968246215,12.318743405181765,2,Raman,Gold
1236.199316072301,12.308743405181765,2,Raman,Gold
1237.9091353199806,12.318743405181765,2,Raman,Gold
1239.61895456766,12.308743405181765,2,Raman,Gold
1241.3287738153397,12.308743405181765,2,Raman,Gold
1243.038593063019,12.308743405181765,2,Raman,Gold
1244.7484123106985,12.308743405181765,2,Raman,Gold
1246.4582315583782,12.308743405181765,2,Raman,Gold
1248.1680508060576,12.308743405181765,2,Raman,Gold
1249.8778700537373,12.308743405181765,2,Raman,Gold
1251.5876893014167,12.318743405181765,2,Raman,Gold
1253.2975085490964,12.308743405181765,2,Raman,Gold
1255.0073277967758,12.308743405181765,2,Raman,Gold
1256.7171470444553,12.308743405181765,2,Raman,Gold
1258.426966292135,12.308743405181765,2,Raman,Gold
1260.1367855398144,12.308743405181765,2,Raman,Gold
1261.846604787494,12.308743405181765,2,Raman,Gold
1263.5564240351734,12.308743405181765,2,Raman,Gold
1265.266243282853,12.308743405181765,2,Raman,Gold
1266.9760625305325,12.318743405181765,2,Raman,Gold
1268.685881778212,12.308743405181765,2,Raman,Gold
1270.3957010258916,12.318743405181765,2,Raman,Gold
1272.105520273571,12.318743405181765,2,Raman,Gold
1273.8153395212507,12.318743405181765,2,Raman,Gold
1275.5251587689302,12.308743405181765,2,Raman,Gold
1277.2349780166098,12.308743405181765,2,Raman,Gold
1278.9447972642893,12.308743405181765,2,Raman,Gold
1280.6546165119687,12.318743405181765,2,Raman,Gold
1282.3644357596484,12.308743405181765,2,Raman,Gold
1284.0742550073278,12.308743405181765,2,Raman,Gold
1285.7840742550075,12.308743405181765,2,Raman,Gold
1287.493893502687,12.308743405181765,2,Raman,Gold
1289.2037127503665,12.308743405181765,2,Raman,Gold
1290.913531998046,12.308743405181765,2,Raman,Gold
1292.6233512457254,12.308743405181765,2,Raman,Gold
1294.333170493405,12.318743405181765,2,Raman,Gold
1296.0429897410845,12.308743405181765,2,Raman,Gold
1297.7528089887642,12.318743405181765,2,Raman,Gold
1299.4626282364436,12.308743405181765,2,Raman,Gold
1301.1724474841233,12.308743405181765,2,Raman,Gold
1302.8822667318027,12.308743405181765,2,Raman,Gold
1304.5920859794821,12.308743405181765,2,Raman,Gold
1306.3019052271618,12.308743405181765,2,Raman,Gold
1308.0117244748412,12.308743405181765,2,Raman,Gold
1309.721543722521,12.308743405181765,2,Raman,Gold
1311.4313629702003,12.308743405181765,2,Raman,Gold
1313.1411822178798,12.318743405181765,2,Raman,Gold
1314.8510014655594,12.308743405181765,2,Raman,Gold
1316.5608207132389,12.308743405181765,2,Raman,Gold
1318.2706399609185,12.318743405181765,2,Raman,Gold
1319.980459208598,12.308743405181765,2,Raman,Gold
1321.6902784562776,12.318743405181765,2,Raman,Gold
1323.400097703957,12.318743405181765,2,Raman,Gold
1325.1099169516365,12.308743405181765,2,Raman,Gold
1326.8197361993161,12.318743405181765,2,Raman,Gold
1328.5295554469956,12.308743405181765,2,Raman,Gold
1330.2393746946752,12.308743405181765,2,Raman,Gold
1331.9491939423547,12.318743405181765,2,Raman,Gold
1333.6590131900343,12.308743405181765,2,Raman,Gold
1335.3688324377138,12.308743405181765,2,Raman,Gold
1337.0786516853932,12.308743405181765,2,Raman,Gold
1338.7884709330729,12.308743405181765,2,Raman,Gold
1340.4982901807523,12.308743405181765,2,Raman,Gold
1342.208109428432,12.308743405181765,2,Raman,Gold
1343.9179286761114,12.308743405181765,2,Raman,Gold
1345.627747923791,12.308743405181765,2,Raman,Gold
1347.3375671714705,12.308743405181765,2,Raman,Gold
1349.04738641915,12.318743405181765,2,Raman,Gold
1350.7572056668296,12.308743405181765,2,Raman,Gold
1352.467024914509,12.308743405181765,2,Raman,Gold
1354.1768441621887,12.308743405181765,2,Raman,Gold
1355.886663409868,12.308743405181765,2,Raman,Gold
1357.5964826575478,12.308743405181765,2,Raman,Gold
1359.3063019052272,12.308743405181765,2,Raman,Gold
1361.0161211529066,12.308743405181765,2,Raman,Gold
1362.7259404005863,12.318743405181765,2,Raman,Gold
1364.4357596482657,12.308743405181765,2,Raman,Gold
1366.1455788959454,12.308743405181765,2,Raman,Gold
1367.8553981436248,12.318743405181765,2,Raman,Gold
1369.5652173913045,12.308743405181765,2,Raman,Gold
1371.275036638984,12.308743405181765,2,Raman,Gold
1372.9848558866634,12.308743405181765,2,Raman,Gold
1374.694675134343,12.308743405181765,2,Raman,Gold
1376.4044943820224,12.308743405181765,2,Raman,Gold
1378.114313629702,12.308743405181765,2,Raman,Gold
1379.8241328773815,12.308743405181765,2,Raman,Gold
1381.5339521250612,12.308743405181765,2,Raman,Gold
1383.2437713727406,12.318743405181765,2,Raman,Gold
1384.95359062042,12.308743405181765,2,Raman,Gold
1386.6634098680997,12.308743405181765,2,Raman,Gold
1388.3732291157792,12.308743405181765,2,Raman,Gold
1390.0830483634588,12.308743405181765,2,Raman,Gold
1391.7928676111383,12.308743405181765,2,Raman,Gold
1393.502686858818,12.328743405181765,2,Raman,Gold
1395.2125061064974,12.308743405181765,2,Raman,Gold
1396.9223253541768,12.308743405181765,2,Raman,Gold
1398.6321446018565,12.308743405181765,2,Raman,Gold
1400.341963849536,12.308743405181765,2,Raman,Gold
1402.0517830972155,12.308743405181765,2,Raman,Gold
1403.761602344895,12.318743405181765,2,Raman,Gold
1405.4714215925746,12.318743405181765,2,Raman,Gold
1407.181240840254,12.318743405181765,2,Raman,Gold
1408.8910600879335,12.308743405181765,2,Raman,Gold
1410.6008793356132,12.308743405181765,2,Raman,Gold
1412.3106985832926,12.308743405181765,2,Raman,Gold
1414.0205178309723,12.308743405181765,2,Raman,Gold
1415.7303370786517,12.318743405181765,2,Raman,Gold
1417.4401563263314,12.318743405181765,2,Raman,Gold
1419.1499755740108,12.308743405181765,2,Raman,Gold
1420.8597948216902,12.308743405181765,2,Raman,Gold
1422.56961406937,12.308743405181765,2,Raman,Gold
1424.2794333170493,12.308743405181765,2,Raman,Gold
1425.989252564729,12.318743405181765,2,Raman,Gold
1427.6990718124084,12.308743405181765,2,Raman,Gold
1429.408891060088,12.308743405181765,2,Raman,Gold
1431.1187103077675,12.308743405181765,2,Raman,Gold
1432.828529555447,12.308743405181765,2,Raman,Gold
1434.5383488031266,12.318743405181765,2,Raman,Gold
1436.248168050806,12.308743405181765,2,Raman,Gold
1437.9579872984857,12.308743405181765,2,Raman,Gold
1439.6678065461651,12.308743405181765,2,Raman,Gold
1441.3776257938448,12.308743405181765,2,Raman,Gold
1443.0874450415242,12.318743405181765,2,Raman,Gold
1444.7972642892037,12.308743405181765,2,Raman,Gold
1446.5070835368833,12.308743405181765,2,Raman,Gold
1448.2169027845628,12.308743405181765,2,Raman,Gold
1449.9267220322424,12.308743405181765,2,Raman,Gold
1451.6365412799219,12.308743405181765,2,Raman,Gold
1453.3463605276015,12.308743405181765,2,Raman,Gold
1455.056179775281,12.318743405181765,2,Raman,Gold
1456.7659990229604,12.308743405181765,2,Raman,Gold
1458.47581827064,12.308743405181765,2,Raman,Gold
1460.1856375183195,12.308743405181765,2,Raman,Gold
1461.8954567659991,12.328743405181765,2,Raman,Gold
1463.6052760136786,12.318743405181765,2,Raman,Gold
1465.3150952613582,12.318743405181765,2,Raman,Gold
1467.0249145090377,12.308743405181765,2,Raman,Gold
1468.734733756717,12.308743405181765,2,Raman,Gold
1470.4445530043968,12.318743405181765,2,Raman,Gold
1472.1543722520762,12.308743405181765,2,Raman,Gold
1473.8641914997559,12.308743405181765,2,Raman,Gold
1475.5740107474353,12.308743405181765,2,Raman,Gold
1477.283829995115,12.308743405181765,2,Raman,Gold
1478.9936492427944,12.318743405181765,2,Raman,Gold
1480.7034684904738,12.318743405181765,2,Raman,Gold
1482.4132877381535,12.308743405181765,2,Raman,Gold
1484.123106985833,12.308743405181765,2,Raman,Gold
1485.8329262335126,12.308743405181765,2,Raman,Gold
1487.542745481192,12.308743405181765,2,Raman,Gold
1489.2525647288717,12.308743405181765,2,Raman,Gold
1490.962383976551,12.308743405181765,2,Raman,Gold
1492.6722032242305,12.308743405181765,2,Raman,Gold
1494.3820224719102,12.308743405181765,2,Raman,Gold
1496.0918417195896,12.308743405181765,2,Raman,Gold
1497.8016609672693,12.308743405181765,2,Raman,Gold
1499.5114802149487,12.308743405181765,2,Raman,Gold
1501.2212994626284,12.308743405181765,2,Raman,Gold
1502.9311187103078,12.308743405181765,2,Raman,Gold
1504.6409379579873,12.308743405181765,2,Raman,Gold
1506.350757205667,12.308743405181765,2,Raman,Gold
1508.0605764533464,12.308743405181765,2,Raman,Gold
1509.770395701026,12.308743405181765,2,Raman,Gold
1511.4802149487055,12.308743405181765,2,Raman,Gold
1513.190034196385,12.308743405181765,2,Raman,Gold
1514.8998534440645,12.318743405181765,2,Raman,Gold
1516.609672691744,12.308743405181765,2,Raman,Gold
1518.3194919394236,12.308743405181765,2,Raman,Gold
1520.029311187103,12.308743405181765,2,Raman,Gold
1521.7391304347827,12.308743405181765,2,Raman,Gold
1523.4489496824622,12.308743405181765,2,Raman,Gold
1525.1587689301418,12.328743405181765,2,Raman,Gold
1526.8685881778213,12.308743405181765,2,Raman,Gold
1528.5784074255007,12.308743405181765,2,Raman,Gold
1530.2882266731804,12.308743405181765,2,Raman,Gold
1531.9980459208598,12.308743405181765,2,Raman,Gold
1533.7078651685395,12.308743405181765,2,Raman,Gold
1535.417684416219,12.308743405181765,2,Raman,Gold
1537.1275036638986,12.308743405181765,2,Raman,Gold
1538.837322911578,12.318743405181765,2,Raman,Gold
1540.5471421592574,12.328743405181765,2,Raman,Gold
1542.256961406937,12.308743405181765,2,Raman,Gold
1543.9667806546165,12.308743405181765,2,Raman,Gold
1545.6765999022962,12.308743405181765,2,Raman,Gold
1547.3864191499756,12.308743405181765,2,Raman,Gold
1549.0962383976553,12.308743405181765,2,Raman,Gold
1550.8060576453347,12.308743405181765,2,Raman,Gold
1552.5158768930141,12.308743405181765,2,Raman,Gold
1554.2256961406938,12.308743405181765,2,Raman,Gold
1555.9355153883732,12.308743405181765,2,Raman,Gold
1557.645334636053,12.308743405181765,2,Raman,Gold
1559.3551538837323,12.308743405181765,2,Raman,Gold
1561.064973131412,12.308743405181765,2,Raman,Gold
1562.7747923790914,12.308743405181765,2,Raman,Gold
1564.4846116267709,12.308743405181765,2,Raman,Gold
1566.1944308744505,12.308743405181765,2,Raman,Gold
1567.90425012213,12.318743405181765,2,Raman,Gold
1569.6140693698096,12.308743405181765,2,Raman,Gold
1571.323888617489,12.308743405181765,2,Raman,Gold
1573.0337078651687,12.318743405181765,2,Raman,Gold
1574.7435271128481,12.308743405181765,2,Raman,Gold
1576.4533463605276,12.308743405181765,2,Raman,Gold
1578.1631656082072,12.308743405181765,2,Raman,Gold
1579.8729848558867,12.308743405181765,2,Raman,Gold
1581.5828041035663,12.308743405181765,2,Raman,Gold
1583.2926233512458,12.318743405181765,2,Raman,Gold
1585.0024425989254,12.308743405181765,2,Raman,Gold
1586.7122618466049,12.308743405181765,2,Raman,Gold
1588.4220810942843,12.308743405181765,2,Raman,Gold
1590.131900341964,12.318743405181765,2,Raman,Gold
1591.8417195896434,12.308743405181765,2,Raman,Gold
1593.551538837323,12.308743405181765,2,Raman,Gold
1595.2613580850025,12.318743405181765,2,Raman,Gold
1596.9711773326821,12.308743405181765,2,Raman,Gold
1598.6809965803616,12.308743405181765,2,Raman,Gold
1600.390815828041,12.308743405181765,2,Raman,Gold
1602.1006350757207,12.318743405181765,2,Raman,Gold
1603.8104543234,12.308743405181765,2,Raman,Gold
1605.5202735710798,12.308743405181765,2,Raman,Gold
1607.2300928187592,12.308743405181765,2,Raman,Gold
1608.9399120664386,12.308743405181765,2,Raman,Gold
1610.6497313141183,12.318743405181765,2,Raman,Gold
1612.3595505617977,12.318743405181765,2,Raman,Gold
1614.0693698094774,12.308743405181765,2,Raman,Gold
1615.7791890571568,12.308743405181765,2,Raman,Gold
1617.4890083048365,12.308743405181765,2,Raman,Gold
1619.198827552516,12.328743405181765,2,Raman,Gold
1620.9086468001954,12.308743405181765,2,Raman,Gold
1622.618466047875,12.308743405181765,2,Raman,Gold
1624.3282852955545,12.328743405181765,2,Raman,Gold
1626.038104543234,12.308743405181765,2,Raman,Gold
1627.7479237909135,12.308743405181765,2,Raman,Gold
1629.4577430385932,12.308743405181765,2,Raman,Gold
1631.1675622862726,12.308743405181765,2,Raman,Gold
1632.877381533952,12.308743405181765,2,Raman,Gold
1634.5872007816317,12.308743405181765,2,Raman,Gold
1636.2970200293112,12.308743405181765,2,Raman,Gold
1638.0068392769908,12.318743405181765,2,Raman,Gold
1639.7166585246703,12.308743405181765,2,Raman,Gold
1641.42647777235,12.308743405181765,2,Raman,Gold
1643.1362970200294,12.308743405181765,2,Raman,Gold
1644.8461162677088,12.308743405181765,2,Raman,Gold
1646.5559355153885,12.318743405181765,2,Raman,Gold
1648.265754763068,12.308743405181765,2,Raman,Gold
1649.9755740107476,12.308743405181765,2,Raman,Gold
1651.685393258427,12.308743405181765,2,Raman,Gold
1653.3952125061066,12.308743405181765,2,Raman,Gold
1655.105031753786,12.308743405181765,2,Raman,Gold
1656.8148510014655,12.318743405181765,2,Raman,Gold
1658.5246702491452,12.308743405181765,2,Raman,Gold
1660.2344894968246,12.308743405181765,2,Raman,Gold
1661.9443087445043,12.318743405181765,2,Raman,Gold
1663.6541279921837,12.308743405181765,2,Raman,Gold
1665.3639472398634,12.308743405181765,2,Raman,Gold
1667.0737664875428,12.308743405181765,2,Raman,Gold
1668.7835857352222,12.308743405181765,2,Raman,Gold
1670.493404982902,12.308743405181765,2,Raman,Gold
1672.2032242305813,12.308743405181765,2,Raman,Gold
1673.913043478261,12.318743405181765,2,Raman,Gold
1675.6228627259404,12.308743405181765,2,Raman,Gold
1677.33268197362,12.318743405181765,2,Raman,Gold
1679.0425012212995,12.308743405181765,2,Raman,Gold
1680.752320468979,12.318743405181765,2,Raman,Gold
1682.4621397166586,12.308743405181765,2,Raman,Gold
1684.171958964338,12.308743405181765,2,Raman,Gold
1685.8817782120177,12.308743405181765,2,Raman,Gold
1687.5915974596971,12.308743405181765,2,Raman,Gold
1689.3014167073768,12.318743405181765,2,Raman,Gold
1691.0112359550562,12.308743405181765,2,Raman,Gold
1692.7210552027357,12.318743405181765,2,Raman,Gold
1694.4308744504153,12.308743405181765,2,Raman,Gold
1696.1406936980948,12.308743405181765,2,Raman,Gold
1697.8505129457744,12.308743405181765,2,Raman,Gold
1699.5603321934539,12.308743405181765,2,Raman,Gold
1701.2701514411335,12.308743405181765,2,Raman,Gold
1702.979970688813,12.338743405181765,2,Raman,Gold
1704.6897899364924,12.308743405181765,2,Raman,Gold
1706.399609184172,12.308743405181765,2,Raman,Gold
1708.1094284318515,12.318743405181765,2,Raman,Gold
1709.8192476795311,12.318743405181765,2,Raman,Gold
1711.5290669272106,12.308743405181765,2,Raman,Gold
1713.2388861748902,12.308743405181765,2,Raman,Gold
1714.9487054225697,12.318743405181765,2,Raman,Gold
1716.658524670249,12.318743405181765,2,Raman,Gold
1718.3683439179288,12.308743405181765,2,Raman,Gold
1720.0781631656082,12.318743405181765,2,Raman,Gold
1721.7879824132879,12.308743405181765,2,Raman,Gold
1723.4978016609673,12.308743405181765,2,Raman,Gold
1725.207620908647,12.308743405181765,2,Raman,Gold
1726.9174401563264,12.308743405181765,2,Raman,Gold
1728.6272594040058,12.308743405181765,2,Raman,Gold
1730.3370786516855,12.308743405181765,2,Raman,Gold
1732.046897899365,12.318743405181765,2,Raman,Gold
1733.7567171470446,12.308743405181765,2,Raman,Gold
1735.466536394724,12.308743405181765,2,Raman,Gold
1737.1763556424037,12.308743405181765,2,Raman,Gold
1738.886174890083,12.308743405181765,2,Raman,Gold
1740.5959941377625,12.308743405181765,2,Raman,Gold
1742.3058133854422,12.308743405181765,2,Raman,Gold
1744.0156326331216,12.308743405181765,2,Raman,Gold
1745.7254518808013,12.308743405181765,2,Raman,Gold
1747.4352711284807,12.308743405181765,2,Raman,Gold
1749.1450903761604,12.308743405181765,2,Raman,Gold
1750.8549096238398,12.308743405181765,2,Raman,Gold
1752.5647288715193,12.308743405181765,2,Raman,Gold
1754.274548119199,12.318743405181765,2,Raman,Gold
1755.9843673668784,12.308743405181765,2,Raman,Gold
1757.694186614558,12.308743405181765,2,Raman,Gold
1759.4040058622375,12.318743405181765,2,Raman,Gold
1761.1138251099171,12.318743405181765,2,Raman,Gold
1762.8236443575965,12.328743405181765,2,Raman,Gold
1764.533463605276,12.308743405181765,2,Raman,Gold
1766.2432828529556,12.308743405181765,2,Raman,Gold
1767.953102100635,12.308743405181765,2,Raman,Gold
1769.6629213483147,12.308743405181765,2,Raman,Gold
1771.3727405959942,12.318743405181765,2,Raman,Gold
1773.0825598436738,12.308743405181765,2,Raman,Gold
1774.7923790913533,12.308743405181765,2,Raman,Gold
1776.5021983390327,12.308743405181765,2,Raman,Gold
1778.2120175867124,12.308743405181765,2,Raman,Gold
1779.9218368343918,12.318743405181765,2,Raman,Gold
1781.6316560820715,12.308743405181765,2,Raman,Gold
1783.341475329751,12.308743405181765,2,Raman,Gold
1785.0512945774306,12.308743405181765,2,Raman,Gold
1786.76111382511,12.308743405181765,2,Raman,Gold
1788.4709330727894,12.308743405181765,2,Raman,Gold
1790.180752320469,12.308743405181765,2,Raman,Gold
1791.8905715681485,12.308743405181765,2,Raman,Gold
1793.6003908158282,12.308743405181765,2,Raman,Gold
1795.3102100635076,12.308743405181765,2,Raman,Gold
1797.0200293111873,12.328743405181765,2,Raman,Gold
1798.7298485588667,12.308743405181765,2,Raman,Gold
1800.4396678065461,12.328743405181765,2,Raman,Gold
1802.1494870542258,12.308743405181765,2,Raman,Gold
1803.8593063019052,12.308743405181765,2,Raman,Gold
1805.569125549585,12.318743405181765,2,Raman,Gold
1807.2789447972643,12.308743405181765,2,Raman,Gold
1808.988764044944,12.318743405181765,2,Raman,Gold
1810.6985832926234,12.308743405181765,2,Raman,Gold
1812.4084025403029,12.308743405181765,2,Raman,Gold
1814.1182217879825,12.318743405181765,2,Raman,Gold
1815.828041035662,12.308743405181765,2,Raman,Gold
1817.5378602833416,12.308743405181765,2,Raman,Gold
1819.247679531021,12.318743405181765,2,Raman,Gold
1820.9574987787007,12.328743405181765,2,Raman,Gold
1822.6673180263801,12.308743405181765,2,Raman,Gold
1824.3771372740596,12.308743405181765,2,Raman,Gold
1826.0869565217392,12.308743405181765,2,Raman,Gold
1827.7967757694187,12.308743405181765,2,Raman,Gold
1829.5065950170983,12.328743405181765,2,Raman,Gold
1831.2164142647778,12.308743405181765,2,Raman,Gold
1832.9262335124574,12.308743405181765,2,Raman,Gold
1834.6360527601369,12.308743405181765,2,Raman,Gold
1836.3458720078163,12.308743405181765,2,Raman,Gold
1838.055691255496,12.328743405181765,2,Raman,Gold
1839.7655105031754,12.318743405181765,2,Raman,Gold
1841.475329750855,12.308743405181765,2,Raman,Gold
1843.1851489985345,12.308743405181765,2,Raman,Gold
1844.8949682462141,12.308743405181765,2,Raman,Gold
1846.6047874938936,12.318743405181765,2,Raman,Gold
1848.314606741573,12.308743405181765,2,Raman,Gold
1850.0244259892527,12.308743405181765,2,Raman,Gold
1851.734245236932,12.308743405181765,2,Raman,Gold
1853.4440644846118,12.308743405181765,2,Raman,Gold
1855.1538837322912,12.308743405181765,2,Raman,Gold
1856.8637029799709,12.308743405181765,2,Raman,Gold
1858.5735222276503,12.308743405181765,2,Raman,Gold
1860.2833414753297,12.308743405181765,2,Raman,Gold
1861.9931607230094,12.308743405181765,2,Raman,Gold
1863.7029799706888,12.308743405181765,2,Raman,Gold
1865.4127992183685,12.308743405181765,2,Raman,Gold
1867.122618466048,12.318743405181765,2,Raman,Gold
1868.8324377137276,12.308743405181765,2,Raman,Gold
1870.542256961407,12.308743405181765,2,Raman,Gold
1872.2520762090865,12.308743405181765,2,Raman,Gold
1873.9618954567661,12.308743405181765,2,Raman,Gold
1875.6717147044455,12.308743405181765,2,Raman,Gold
1877.3815339521252,12.308743405181765,2,Raman,Gold
1879.0913531998046,12.308743405181765,2,Raman,Gold
1880.8011724474843,12.318743405181765,2,Raman,Gold
1882.5109916951637,12.308743405181765,2,Raman,Gold
1884.2208109428432,12.308743405181765,2,Raman,Gold
1885.9306301905228,12.318743405181765,2,Raman,Gold
1887.6404494382023,12.308743405181765,2,Raman,Gold
1889.350268685882,12.308743405181765,2,Raman,Gold
1891.0600879335614,12.308743405181765,2,Raman,Gold
1892.769907181241,12.308743405181765,2,Raman,Gold
1894.4797264289205,12.318743405181765,2,Raman,Gold
1896.1895456766,12.308743405181765,2,Raman,Gold
1897.8993649242796,12.308743405181765,2,Raman,Gold
1899.609184171959,12.308743405181765,2,Raman,Gold
1901.3190034196386,12.308743405181765,2,Raman,Gold
1903.028822667318,12.308743405181765,2,Raman,Gold
1904.7386419149975,12.308743405181765,2,Raman,Gold
1906.4484611626772,12.308743405181765,2,Raman,Gold
1908.1582804103566,12.308743405181765,2,Raman,Gold
1909.8680996580363,12.308743405181765,2,Raman,Gold
1911.5779189057157,12.308743405181765,2,Raman,Gold
1913.2877381533954,12.308743405181765,2,Raman,Gold
1914.9975574010748,12.308743405181765,2,Raman,Gold
1916.7073766487542,12.308743405181765,2,Raman,Gold
1918.417195896434,12.308743405181765,2,Raman,Gold
1920.1270151441133,12.308743405181765,2,Raman,Gold
1921.836834391793,12.318743405181765,2,Raman,Gold
1923.5466536394724,12.308743405181765,2,Raman,Gold
1925.256472887152,12.318743405181765,2,Raman,Gold
1926.9662921348315,12.308743405181765,2,Raman,Gold
1928.676111382511,12.318743405181765,2,Raman,Gold
1930.3859306301906,12.308743405181765,2,Raman,Gold
1932.09574987787,12.308743405181765,2,Raman,Gold
1933.8055691255497,12.308743405181765,2,Raman,Gold
1935.5153883732291,12.308743405181765,2,Raman,Gold
1937.2252076209088,12.308743405181765,2,Raman,Gold
1938.9350268685882,12.338743405181765,2,Raman,Gold
1940.6448461162677,12.318743405181765,2,Raman,Gold
1942.3546653639473,12.308743405181765,2,Raman,Gold
1944.0644846116268,12.308743405181765,2,Raman,Gold
1945.7743038593064,12.318743405181765,2,Raman,Gold
1947.4841231069859,12.318743405181765,2,Raman,Gold
1949.1939423546655,12.308743405181765,2,Raman,Gold
1950.903761602345,12.308743405181765,2,Raman,Gold
1952.6135808500244,12.308743405181765,2,Raman,Gold
1954.323400097704,12.308743405181765,2,Raman,Gold
1956.0332193453835,12.308743405181765,2,Raman,Gold
1957.7430385930631,12.308743405181765,2,Raman,Gold
1959.4528578407426,12.308743405181765,2,Raman,Gold
1961.1626770884222,12.308743405181765,2,Raman,Gold
1962.8724963361017,12.308743405181765,2,Raman,Gold
1964.582315583781,12.308743405181765,2,Raman,Gold
1966.2921348314608,12.318743405181765,2,Raman,Gold
1968.0019540791402,12.308743405181765,2,Raman,Gold
1969.7117733268199,12.308743405181765,2,Raman,Gold
1971.4215925744993,12.308743405181765,2,Raman,Gold
1973.131411822179,12.318743405181765,2,Raman,Gold
1974.8412310698584,12.308743405181765,2,Raman,Gold
1976.5510503175378,12.308743405181765,2,Raman,Gold
1978.2608695652175,12.318743405181765,2,Raman,Gold
1979.970688812897,12.308743405181765,2,Raman,Gold
1981.6805080605766,12.308743405181765,2,Raman,Gold
1983.390327308256,12.318743405181765,2,Raman,Gold
1985.1001465559357,12.318743405181765,2,Raman,Gold
1986.8099658036151,12.308743405181765,2,Raman,Gold
1988.5197850512945,12.308743405181765,2,Raman,Gold
1990.2296042989742,12.308743405181765,2,Raman,Gold
1991.9394235466536,12.308743405181765,2,Raman,Gold
1993.6492427943333,12.318743405181765,2,Raman,Gold
1995.3590620420127,12.308743405181765,2,Raman,Gold
1997.0688812896924,12.308743405181765,2,Raman,Gold
1998.7787005373718,12.308743405181765,2,Raman,Gold
2000.4885197850513,12.318743405181765,2,Raman,Gold
2002.198339032731,12.308743405181765,2,Raman,Gold
2003.9081582804104,12.328743405181765,2,Raman,Gold
2005.61797752809,12.308743405181765,2,Raman,Gold
2007.3277967757695,12.318743405181765,2,Raman,Gold
2009.0376160234491,12.308743405181765,2,Raman,Gold
2010.7474352711286,12.318743405181765,2,Raman,Gold
2012.457254518808,12.308743405181765,2,Raman,Gold
2014.1670737664876,12.318743405181765,2,Raman,Gold
2015.876893014167,12.308743405181765,2,Raman,Gold
2017.5867122618467,12.318743405181765,2,Raman,Gold
2019.2965315095262,12.308743405181765,2,Raman,Gold
2021.0063507572058,12.318743405181765,2,Raman,Gold
2022.7161700048853,12.308743405181765,2,Raman,Gold
2024.4259892525647,12.308743405181765,2,Raman,Gold
2026.1358085002444,12.308743405181765,2,Raman,Gold
2027.8456277479238,12.308743405181765,2,Raman,Gold
2029.5554469956035,12.318743405181765,2,Raman,Gold
2031.265266243283,12.308743405181765,2,Raman,Gold
2032.9750854909626,12.318743405181765,2,Raman,Gold
2034.684904738642,12.308743405181765,2,Raman,Gold
2036.3947239863214,12.318743405181765,2,Raman,Gold
2038.104543234001,12.308743405181765,2,Raman,Gold
2039.8143624816805,12.308743405181765,2,Raman,Gold
2041.5241817293602,12.308743405181765,2,Raman,Gold
2043.2340009770396,12.318743405181765,2,Raman,Gold
2044.9438202247193,12.308743405181765,2,Raman,Gold
2046.6536394723987,12.308743405181765,2,Raman,Gold
2048.363458720078,12.308743405181765,2,Raman,Gold
2050.073277967758,12.308743405181765,2,Raman,Gold
2051.7830972154375,12.308743405181765,2,Raman,Gold
2053.4929164631167,12.328743405181765,2,Raman,Gold
2055.2027357107963,12.308743405181765,2,Raman,Gold
2056.912554958476,12.308743405181765,2,Raman,Gold
2058.622374206155,12.328743405181765,2,Raman,Gold
2060.332193453835,12.308743405181765,2,Raman,Gold
2062.0420127015145,12.308743405181765,2,Raman,Gold
2063.751831949194,12.308743405181765,2,Raman,Gold
2065.4616511968734,12.308743405181765,2,Raman,Gold
2067.171470444553,12.308743405181765,2,Raman,Gold
2068.8812896922327,12.308743405181765,2,Raman,Gold
2070.591108939912,12.308743405181765,2,Raman,Gold
2072.3009281875916,12.308743405181765,2,Raman,Gold
2074.0107474352712,12.308743405181765,2,Raman,Gold
2075.720566682951,12.308743405181765,2,Raman,Gold
2077.43038593063,12.308743405181765,2,Raman,Gold
2079.1402051783098,12.308743405181765,2,Raman,Gold
2080.8500244259894,12.308743405181765,2,Raman,Gold
2082.5598436736686,12.308743405181765,2,Raman,Gold
2084.2696629213483,12.308743405181765,2,Raman,Gold
2085.979482169028,12.308743405181765,2,Raman,Gold
2087.6893014167076,12.308743405181765,2,Raman,Gold
2089.399120664387,12.308743405181765,2,Raman,Gold
2091.1089399120665,12.308743405181765,2,Raman,Gold
2092.818759159746,12.318743405181765,2,Raman,Gold
2094.5285784074254,12.308743405181765,2,Raman,Gold
2096.238397655105,12.308743405181765,2,Raman,Gold
2097.9482169027847,12.308743405181765,2,Raman,Gold
2099.6580361504643,12.308743405181765,2,Raman,Gold
2101.3678553981435,12.308743405181765,2,Raman,Gold
2103.077674645823,12.308743405181765,2,Raman,Gold
2104.787493893503,12.318743405181765,2,Raman,Gold
2106.497313141182,12.308743405181765,2,Raman,Gold
2108.2071323888617,12.308743405181765,2,Raman,Gold
2109.9169516365414,12.318743405181765,2,Raman,Gold
2111.626770884221,12.308743405181765,2,Raman,Gold
2113.3365901319003,12.318743405181765,2,Raman,Gold
2115.04640937958,12.318743405181765,2,Raman,Gold
2116.7562286272596,12.308743405181765,2,Raman,Gold
2118.466047874939,12.308743405181765,2,Raman,Gold
2120.1758671226185,12.308743405181765,2,Raman,Gold
2121.885686370298,12.308743405181765,2,Raman,Gold
2123.595505617978,12.308743405181765,2,Raman,Gold
2125.305324865657,12.308743405181765,2,Raman,Gold
2127.0151441133366,12.308743405181765,2,Raman,Gold
2128.7249633610163,12.308743405181765,2,Raman,Gold
2130.4347826086955,12.308743405181765,2,Raman,Gold
2132.144601856375,12.308743405181765,2,Raman,Gold
2133.854421104055,12.308743405181765,2,Raman,Gold
2135.5642403517345,12.308743405181765,2,Raman,Gold
2137.2740595994137,12.308743405181765,2,Raman,Gold
2138.9838788470934,12.308743405181765,2,Raman,Gold
2140.693698094773,12.308743405181765,2,Raman,Gold
2142.4035173424522,12.318743405181765,2,Raman,Gold
2144.113336590132,12.308743405181765,2,Raman,Gold
2145.8231558378116,12.308743405181765,2,Raman,Gold
2147.532975085491,12.308743405181765,2,Raman,Gold
2149.2427943331704,12.308743405181765,2,Raman,Gold
2150.95261358085,12.308743405181765,2,Raman,Gold
2152.6624328285297,12.308743405181765,2,Raman,Gold
2154.372252076209,12.318743405181765,2,Raman,Gold
2156.0820713238886,12.308743405181765,2,Raman,Gold
2157.7918905715683,12.318743405181765,2,Raman,Gold
2159.501709819248,12.308743405181765,2,Raman,Gold
2161.211529066927,12.308743405181765,2,Raman,Gold
2162.921348314607,12.308743405181765,2,Raman,Gold
2164.6311675622865,12.308743405181765,2,Raman,Gold
2166.3409868099657,12.308743405181765,2,Raman,Gold
2168.0508060576453,12.328743405181765,2,Raman,Gold
2169.760625305325,12.318743405181765,2,Raman,Gold
2171.4704445530047,12.308743405181765,2,Raman,Gold
2173.180263800684,12.308743405181765,2,Raman,Gold
2174.8900830483635,12.308743405181765,2,Raman,Gold
2176.599902296043,12.318743405181765,2,Raman,Gold
2178.3097215437224,12.328743405181765,2,Raman,Gold
2180.019540791402,12.318743405181765,2,Raman,Gold
2181.7293600390817,12.308743405181765,2,Raman,Gold
2183.4391792867614,12.308743405181765,2,Raman,Gold
2185.1489985344406,12.308743405181765,2,Raman,Gold
2186.8588177821202,12.308743405181765,2,Raman,Gold
2188.5686370298,12.318743405181765,2,Raman,Gold
2190.278456277479,12.308743405181765,2,Raman,Gold
2191.9882755251588,12.308743405181765,2,Raman,Gold
2193.6980947728384,12.308743405181765,2,Raman,Gold
2195.407914020518,12.308743405181765,2,Raman,Gold
2197.1177332681973,12.308743405181765,2,Raman,Gold
2198.827552515877,12.308743405181765,2,Raman,Gold
2200.5373717635566,12.308743405181765,2,Raman,Gold
2202.247191011236,12.308743405181765,2,Raman,Gold
2203.9570102589155,12.308743405181765,2,Raman,Gold
2205.666829506595,12.308743405181765,2,Raman,Gold
2207.376648754275,12.308743405181765,2,Raman,Gold
2209.086468001954,12.308743405181765,2,Raman,Gold
2210.7962872496337,12.308743405181765,2,Raman,Gold
2212.5061064973133,12.318743405181765,2,Raman,Gold
2214.2159257449925,12.308743405181765,2,Raman,Gold
2215.925744992672,12.308743405181765,2,Raman,Gold
2217.635564240352,12.308743405181765,2,Raman,Gold
2219.3453834880315,12.318743405181765,2,Raman,Gold
2221.0552027357107,12.308743405181765,2,Raman,Gold
2222.7650219833904,12.308743405181765,2,Raman,Gold
2224.47484123107,12.308743405181765,2,Raman,Gold
2226.1846604787493,12.308743405181765,2,Raman,Gold
2227.894479726429,12.308743405181765,2,Raman,Gold
2229.6042989741086,12.308743405181765,2,Raman,Gold
2231.3141182217882,12.308743405181765,2,Raman,Gold
2233.0239374694675,12.308743405181765,2,Raman,Gold
2234.733756717147,12.308743405181765,2,Raman,Gold
2236.443575964827,12.308743405181765,2,Raman,Gold
2238.153395212506,12.308743405181765,2,Raman,Gold
2239.8632144601856,12.308743405181765,2,Raman,Gold
2241.5730337078653,12.308743405181765,2,Raman,Gold
2243.282852955545,12.308743405181765,2,Raman,Gold
2244.992672203224,12.308743405181765,2,Raman,Gold
2246.702491450904,12.308743405181765,2,Raman,Gold
2248.4123106985835,12.308743405181765,2,Raman,Gold
2250.1221299462627,12.318743405181765,2,Raman,Gold
2251.8319491939424,12.308743405181765,2,Raman,Gold
2253.541768441622,12.308743405181765,2,Raman,Gold
2255.2515876893017,12.318743405181765,2,Raman,Gold
2256.961406936981,12.328743405181765,2,Raman,Gold
2258.6712261846606,12.318743405181765,2,Raman,Gold
2260.38104543234,12.318743405181765,2,Raman,Gold
2262.0908646800194,12.308743405181765,2,Raman,Gold
2263.800683927699,12.308743405181765,2,Raman,Gold
2265.5105031753787,12.318743405181765,2,Raman,Gold
2267.2203224230584,12.308743405181765,2,Raman,Gold
2268.9301416707376,12.308743405181765,2,Raman,Gold
2270.6399609184173,12.308743405181765,2,Raman,Gold
2272.349780166097,12.308743405181765,2,Raman,Gold
2274.059599413776,12.308743405181765,2,Raman,Gold
2275.769418661456,12.308743405181765,2,Raman,Gold
2277.4792379091355,12.308743405181765,2,Raman,Gold
2279.189057156815,12.308743405181765,2,Raman,Gold
2280.8988764044943,12.308743405181765,2,Raman,Gold
2282.608695652174,12.308743405181765,2,Raman,Gold
2284.3185148998537,12.318743405181765,2,Raman,Gold
2286.028334147533,12.318743405181765,2,Raman,Gold
2287.7381533952125,12.308743405181765,2,Raman,Gold
2289.447972642892,12.308743405181765,2,Raman,Gold
2291.157791890572,12.318743405181765,2,Raman,Gold
2292.867611138251,12.308743405181765,2,Raman,Gold
2294.5774303859307,12.308743405181765,2,Raman,Gold
2296.2872496336104,12.308743405181765,2,Raman,Gold
2297.9970688812896,12.318743405181765,2,Raman,Gold
2299.7068881289692,12.308743405181765,2,Raman,Gold
2301.416707376649,12.308743405181765,2,Raman,Gold
2303.1265266243286,12.308743405181765,2,Raman,Gold
2304.8363458720078,12.308743405181765,2,Raman,Gold
2306.5461651196874,12.308743405181765,2,Raman,Gold
2308.255984367367,12.318743405181765,2,Raman,Gold
2309.9658036150463,12.318743405181765,2,Raman,Gold
2311.675622862726,12.308743405181765,2,Raman,Gold
2313.3854421104056,12.308743405181765,2,Raman,Gold
2315.0952613580853,12.308743405181765,2,Raman,Gold
2316.8050806057645,12.308743405181765,2,Raman,Gold
2318.514899853444,12.308743405181765,2,Raman,Gold
2320.224719101124,12.308743405181765,2,Raman,Gold
2321.934538348803,12.318743405181765,2,Raman,Gold
2323.6443575964827,12.308743405181765,2,Raman,Gold
2325.3541768441623,12.308743405181765,2,Raman,Gold
2327.063996091842,12.308743405181765,2,Raman,Gold
2328.773815339521,12.308743405181765,2,Raman,Gold
2330.483634587201,12.308743405181765,2,Raman,Gold
2332.1934538348805,12.328743405181765,2,Raman,Gold
2333.9032730825597,12.308743405181765,2,Raman,Gold
2335.6130923302394,12.308743405181765,2,Raman,Gold
2337.322911577919,12.318743405181765,2,Raman,Gold
2339.0327308255987,12.308743405181765,2,Raman,Gold
2340.742550073278,12.308743405181765,2,Raman,Gold
2342.4523693209576,12.308743405181765,2,Raman,Gold
2344.1621885686372,12.308743405181765,2,Raman,Gold
2345.8720078163165,12.308743405181765,2,Raman,Gold
2347.581827063996,12.308743405181765,2,Raman,Gold
2349.291646311676,12.308743405181765,2,Raman,Gold
2351.0014655593554,12.308743405181765,2,Raman,Gold
2352.7112848070346,12.308743405181765,2,Raman,Gold
2354.4211040547143,12.308743405181765,2,Raman,Gold
2356.130923302394,12.318743405181765,2,Raman,Gold
2357.840742550073,12.308743405181765,2,Raman,Gold
2359.550561797753,12.308743405181765,2,Raman,Gold
2361.2603810454325,12.318743405181765,2,Raman,Gold
2362.970200293112,12.308743405181765,2,Raman,Gold
2364.6800195407914,12.308743405181765,2,Raman,Gold
2366.389838788471,12.308743405181765,2,Raman,Gold
2368.0996580361507,12.308743405181765,2,Raman,Gold
2369.80947728383,12.308743405181765,2,Raman,Gold
2371.5192965315096,12.318743405181765,2,Raman,Gold
2373.229115779189,12.328743405181765,2,Raman,Gold
2374.938935026869,12.318743405181765,2,Raman,Gold
2376.648754274548,12.308743405181765,2,Raman,Gold
2378.3585735222277,12.308743405181765,2,Raman,Gold
2380.0683927699074,12.308743405181765,2,Raman,Gold
2381.7782120175866,12.308743405181765,2,Raman,Gold
2383.4880312652663,12.318743405181765,2,Raman,Gold
2385.197850512946,12.308743405181765,2,Raman,Gold
2386.9076697606256,12.308743405181765,2,Raman,Gold
2388.617489008305,12.318743405181765,2,Raman,Gold
2390.3273082559845,12.308743405181765,2,Raman,Gold
2392.037127503664,12.308743405181765,2,Raman,Gold
2393.7469467513433,12.308743405181765,2,Raman,Gold
2395.456765999023,12.308743405181765,2,Raman,Gold
2397.1665852467027,12.308743405181765,2,Raman,Gold
2398.8764044943823,12.308743405181765,2,Raman,Gold
2400.5862237420615,12.308743405181765,2,Raman,Gold
2402.296042989741,12.318743405181765,2,Raman,Gold
2404.005862237421,12.308743405181765,2,Raman,Gold
2405.7156814851,12.308743405181765,2,Raman,Gold
2407.4255007327797,12.308743405181765,2,Raman,Gold
2409.1353199804594,12.308743405181765,2,Raman,Gold
2410.845139228139,12.308743405181765,2,Raman,Gold
2412.5549584758182,12.308743405181765,2,Raman,Gold
2414.264777723498,12.308743405181765,2,Raman,Gold
2415.9745969711776,12.308743405181765,2,Raman,Gold
2417.6844162188568,12.318743405181765,2,Raman,Gold
2419.3942354665364,12.308743405181765,2,Raman,Gold
2421.104054714216,12.308743405181765,2,Raman,Gold
2422.8138739618958,12.308743405181765,2,Raman,Gold
2424.523693209575,12.308743405181765,2,Raman,Gold
2426.2335124572546,12.308743405181765,2,Raman,Gold
2427.9433317049343,12.308743405181765,2,Raman,Gold
2429.6531509526135,12.308743405181765,2,Raman,Gold
2431.362970200293,12.308743405181765,2,Raman,Gold
2433.072789447973,12.318743405181765,2,Raman,Gold
2434.7826086956525,12.308743405181765,2,Raman,Gold
2436.4924279433317,12.318743405181765,2,Raman,Gold
2438.2022471910113,12.308743405181765,2,Raman,Gold
2439.912066438691,12.308743405181765,2,Raman,Gold
2441.62188568637,12.308743405181765,2,Raman,Gold
2443.33170493405,12.308743405181765,2,Raman,Gold
2445.0415241817295,12.318743405181765,2,Raman,Gold
2446.751343429409,12.308743405181765,2,Raman,Gold
2448.4611626770884,12.308743405181765,2,Raman,Gold
2450.170981924768,12.318743405181765,2,Raman,Gold
2451.8808011724477,12.308743405181765,2,Raman,Gold
2453.590620420127,12.308743405181765,2,Raman,Gold
2455.3004396678066,12.308743405181765,2,Raman,Gold
2457.0102589154862,12.308743405181765,2,Raman,Gold
2458.720078163166,12.308743405181765,2,Raman,Gold
2460.429897410845,12.318743405181765,2,Raman,Gold
2462.139716658525,12.308743405181765,2,Raman,Gold
2463.8495359062044,12.308743405181765,2,Raman,Gold
2465.5593551538836,12.308743405181765,2,Raman,Gold
2467.2691744015633,12.308743405181765,2,Raman,Gold
2468.978993649243,12.308743405181765,2,Raman,Gold
2470.6888128969226,12.318743405181765,2,Raman,Gold
2472.398632144602,12.308743405181765,2,Raman,Gold
2474.1084513922815,12.308743405181765,2,Raman,Gold
2475.818270639961,12.308743405181765,2,Raman,Gold
2477.5280898876404,12.308743405181765,2,Raman,Gold
2479.23790913532,12.328743405181765,2,Raman,Gold
2480.9477283829997,12.308743405181765,2,Raman,Gold
2482.6575476306793,12.318743405181765,2,Raman,Gold
2484.3673668783586,12.308743405181765,2,Raman,Gold
2486.077186126038,12.308743405181765,2,Raman,Gold
2487.787005373718,12.318743405181765,2,Raman,Gold
2489.496824621397,12.318743405181765,2,Raman,Gold
2491.2066438690767,12.308743405181765,2,Raman,Gold
2492.9164631167564,12.308743405181765,2,Raman,Gold
2494.626282364436,12.318743405181765,2,Raman,Gold
2496.3361016121153,12.308743405181765,2,Raman,Gold
2498.045920859795,12.308743405181765,2,Raman,Gold
2499.7557401074746,12.308743405181765,2,Raman,Gold
2501.465559355154,12.308743405181765,2,Raman,Gold
2503.1753786028335,12.308743405181765,2,Raman,Gold
2504.885197850513,12.308743405181765,2,Raman,Gold
2506.595017098193,12.318743405181765,2,Raman,Gold
2508.304836345872,12.308743405181765,2,Raman,Gold
2510.0146555935517,12.308743405181765,2,Raman,Gold
2511.7244748412313,12.308743405181765,2,Raman,Gold
2513.4342940889105,12.308743405181765,2,Raman,Gold
2515.14411333659,12.308743405181765,2,Raman,Gold
2516.85393258427,12.308743405181765,2,Raman,Gold
2518.5637518319495,12.308743405181765,2,Raman,Gold
2520.2735710796287,12.318743405181765,2,Raman,Gold
2521.9833903273084,12.308743405181765,2,Raman,Gold
2523.693209574988,12.308743405181765,2,Raman,Gold
2525.4030288226672,12.308743405181765,2,Raman,Gold
2527.112848070347,12.328743405181765,2,Raman,Gold
2528.8226673180266,12.308743405181765,2,Raman,Gold
2530.532486565706,12.308743405181765,2,Raman,Gold
2532.2423058133854,12.308743405181765,2,Raman,Gold
2533.952125061065,12.318743405181765,2,Raman,Gold
2535.6619443087448,12.318743405181765,2,Raman,Gold
2537.371763556424,12.308743405181765,2,Raman,Gold
2539.0815828041036,12.308743405181765,2,Raman,Gold
2540.7914020517833,12.308743405181765,2,Raman,Gold
2542.501221299463,12.308743405181765,2,Raman,Gold
2544.211040547142,12.308743405181765,2,Raman,Gold
2545.920859794822,12.308743405181765,2,Raman,Gold
2547.6306790425015,12.308743405181765,2,Raman,Gold
2549.3404982901807,12.318743405181765,2,Raman,Gold
2551.0503175378603,12.308743405181765,2,Raman,Gold
2552.76013678554,12.308743405181765,2,Raman,Gold
2554.4699560332197,12.318743405181765,2,Raman,Gold
2556.179775280899,12.308743405181765,2,Raman,Gold
2557.8895945285785,12.318743405181765,2,Raman,Gold
2559.599413776258,12.308743405181765,2,Raman,Gold
2561.3092330239374,12.308743405181765,2,Raman,Gold
2563.019052271617,12.318743405181765,2,Raman,Gold
2564.7288715192967,12.308743405181765,2,Raman,Gold
2566.4386907669764,12.308743405181765,2,Raman,Gold
2568.1485100146556,12.318743405181765,2,Raman,Gold
2569.8583292623352,12.308743405181765,2,Raman,Gold
2571.568148510015,12.318743405181765,2,Raman,Gold
2573.277967757694,12.338743405181765,2,Raman,Gold
2574.987787005374,12.308743405181765,2,Raman,Gold
2576.6976062530534,12.328743405181765,2,Raman,Gold
2578.407425500733,12.318743405181765,2,Raman,Gold
2580.1172447484123,12.308743405181765,2,Raman,Gold
2581.827063996092,12.308743405181765,2,Raman,Gold
2583.5368832437716,12.318743405181765,2,Raman,Gold
2585.246702491451,12.308743405181765,2,Raman,Gold
2586.9565217391305,12.318743405181765,2,Raman,Gold
2588.66634098681,12.308743405181765,2,Raman,Gold
2590.37616023449,12.308743405181765,2,Raman,Gold
2592.085979482169,12.308743405181765,2,Raman,Gold
2593.7957987298487,12.308743405181765,2,Raman,Gold
2595.5056179775283,12.318743405181765,2,Raman,Gold
2597.2154372252076,12.318743405181765,2,Raman,Gold
2598.925256472887,12.308743405181765,2,Raman,Gold
2600.635075720567,12.308743405181765,2,Raman,Gold
2602.3448949682465,12.308743405181765,2,Raman,Gold
2604.0547142159257,12.308743405181765,2,Raman,Gold
2605.7645334636054,12.308743405181765,2,Raman,Gold
2607.474352711285,12.308743405181765,2,Raman,Gold
2609.1841719589643,12.308743405181765,2,Raman,Gold
2610.893991206644,12.308743405181765,2,Raman,Gold
2612.6038104543236,12.308743405181765,2,Raman,Gold
2614.3136297020033,12.318743405181765,2,Raman,Gold
2616.0234489496825,12.308743405181765,2,Raman,Gold
2617.733268197362,12.318743405181765,2,Raman,Gold
2619.443087445042,12.308743405181765,2,Raman,Gold
2621.152906692721,12.308743405181765,2,Raman,Gold
2622.8627259404007,12.308743405181765,2,Raman,Gold
2624.5725451880803,12.308743405181765,2,Raman,Gold
2626.2823644357595,12.318743405181765,2,Raman,Gold
2627.992183683439,12.308743405181765,2,Raman,Gold
2629.702002931119,12.318743405181765,2,Raman,Gold
2631.4118221787985,12.308743405181765,2,Raman,Gold
2633.1216414264777,12.318743405181765,2,Raman,Gold
2634.8314606741574,12.328743405181765,2,Raman,Gold
2636.541279921837,12.308743405181765,2,Raman,Gold
2638.2510991695162,12.308743405181765,2,Raman,Gold
2639.960918417196,12.308743405181765,2,Raman,Gold
2641.6707376648756,12.308743405181765,2,Raman,Gold
2643.380556912555,12.308743405181765,2,Raman,Gold
2645.0903761602344,12.318743405181765,2,Raman,Gold
2646.800195407914,12.308743405181765,2,Raman,Gold
2648.5100146555937,12.308743405181765,2,Raman,Gold
2650.219833903273,12.318743405181765,2,Raman,Gold
2651.9296531509526,12.308743405181765,2,Raman,Gold
2653.6394723986323,12.318743405181765,2,Raman,Gold
2655.349291646312,12.308743405181765,2,Raman,Gold
2657.059110893991,12.318743405181765,2,Raman,Gold
2658.768930141671,12.318743405181765,2,Raman,Gold
2660.4787493893505,12.308743405181765,2,Raman,Gold
2662.1885686370297,12.318743405181765,2,Raman,Gold
2663.8983878847093,12.308743405181765,2,Raman,Gold
2665.608207132389,12.318743405181765,2,Raman,Gold
2667.3180263800687,12.318743405181765,2,Raman,Gold
2669.027845627748,12.308743405181765,2,Raman,Gold
2670.7376648754275,12.308743405181765,2,Raman,Gold
2672.447484123107,12.308743405181765,2,Raman,Gold
2674.1573033707864,12.318743405181765,2,Raman,Gold
2675.867122618466,12.308743405181765,2,Raman,Gold
2677.5769418661457,12.308743405181765,2,Raman,Gold
2679.2867611138254,12.308743405181765,2,Raman,Gold
2680.9965803615046,12.318743405181765,2,Raman,Gold
2682.7063996091842,12.308743405181765,2,Raman,Gold
2684.416218856864,12.318743405181765,2,Raman,Gold
2686.126038104543,12.308743405181765,2,Raman,Gold
2687.835857352223,12.308743405181765,2,Raman,Gold
2689.5456765999024,12.308743405181765,2,Raman,Gold
2691.255495847582,12.308743405181765,2,Raman,Gold
2692.9653150952613,12.318743405181765,2,Raman,Gold
2694.675134342941,12.328743405181765,2,Raman,Gold
2696.3849535906206,12.308743405181765,2,Raman,Gold
2698.0947728383,12.308743405181765,2,Raman,Gold
2699.8045920859795,12.308743405181765,2,Raman,Gold
2701.514411333659,12.318743405181765,2,Raman,Gold
2703.224230581339,12.308743405181765,2,Raman,Gold
2704.934049829018,12.308743405181765,2,Raman,Gold
2706.6438690766977,12.308743405181765,2,Raman,Gold
2708.3536883243773,12.308743405181765,2,Raman,Gold
2710.0635075720566,12.308743405181765,2,Raman,Gold
2711.773326819736,12.308743405181765,2,Raman,Gold
2713.483146067416,12.308743405181765,2,Raman,Gold
2715.1929653150955,12.308743405181765,2,Raman,Gold
2716.9027845627747,12.308743405181765,2,Raman,Gold
2718.6126038104544,12.308743405181765,2,Raman,Gold
2720.322423058134,12.308743405181765,2,Raman,Gold
2722.0322423058133,12.308743405181765,2,Raman,Gold
2723.742061553493,12.308743405181765,2,Raman,Gold
2725.4518808011726,12.318743405181765,2,Raman,Gold
2727.1617000488523,12.308743405181765,2,Raman,Gold
2728.8715192965315,12.318743405181765,2,Raman,Gold
2730.581338544211,12.308743405181765,2,Raman,Gold
2732.291157791891,12.308743405181765,2,Raman,Gold
2734.00097703957,12.308743405181765,2,Raman,Gold
2735.7107962872497,12.308743405181765,2,Raman,Gold
2737.4206155349293,12.318743405181765,2,Raman,Gold
2739.130434782609,12.308743405181765,2,Raman,Gold
2740.840254030288,12.308743405181765,2,Raman,Gold
2742.550073277968,12.308743405181765,2,Raman,Gold
2744.2598925256475,12.308743405181765,2,Raman,Gold
2745.9697117733267,12.318743405181765,2,Raman,Gold
2747.6795310210064,12.308743405181765,2,Raman,Gold
2749.389350268686,12.308743405181765,2,Raman,Gold
2751.0991695163657,12.308743405181765,2,Raman,Gold
2752.808988764045,12.308743405181765,2,Raman,Gold
2754.5188080117246,12.318743405181765,2,Raman,Gold
2756.228627259404,12.318743405181765,2,Raman,Gold
2757.9384465070834,12.308743405181765,2,Raman,Gold
2759.648265754763,12.308743405181765,2,Raman,Gold
2761.3580850024427,12.308743405181765,2,Raman,Gold
2763.0679042501224,12.318743405181765,2,Raman,Gold
2764.7777234978016,12.308743405181765,2,Raman,Gold
2766.4875427454813,12.308743405181765,2,Raman,Gold
2768.197361993161,12.318743405181765,2,Raman,Gold
2769.90718124084,12.308743405181765,2,Raman,Gold
2771.61700048852,12.308743405181765,2,Raman,Gold
2773.3268197361995,12.308743405181765,2,Raman,Gold
2775.036638983879,12.308743405181765,2,Raman,Gold
2776.7464582315583,12.318743405181765,2,Raman,Gold
2778.456277479238,12.308743405181765,2,Raman,Gold
2780.1660967269177,12.308743405181765,2,Raman,Gold
2781.875915974597,12.308743405181765,2,Raman,Gold
2783.5857352222765,12.308743405181765,2,Raman,Gold
2785.295554469956,12.338743405181765,2,Raman,Gold
2787.005373717636,12.308743405181765,2,Raman,Gold
2788.715192965315,12.308743405181765,2,Raman,Gold
2790.4250122129947,12.308743405181765,2,Raman,Gold
2792.1348314606744,12.308743405181765,2,Raman,Gold
2793.8446507083536,12.308743405181765,2,Raman,Gold
2795.5544699560332,12.308743405181765,2,Raman,Gold
2797.264289203713,12.308743405181765,2,Raman,Gold
2798.9741084513926,12.318743405181765,2,Raman,Gold
2800.683927699072,12.318743405181765,2,Raman,Gold
2802.3937469467514,12.308743405181765,2,Raman,Gold
2804.103566194431,12.308743405181765,2,Raman,Gold
2805.8133854421103,12.308743405181765,2,Raman,Gold
2807.52320468979,12.308743405181765,2,Raman,Gold
2809.2330239374696,12.308743405181765,2,Raman,Gold
2810.9428431851493,12.308743405181765,2,Raman,Gold
2812.6526624328285,12.308743405181765,2,Raman,Gold
2814.362481680508,12.308743405181765,2,Raman,Gold
2816.072300928188,12.308743405181765,2,Raman,Gold
2817.782120175867,12.308743405181765,2,Raman,Gold
2819.4919394235467,12.308743405181765,2,Raman,Gold
2821.2017586712263,12.308743405181765,2,Raman,Gold
2822.911577918906,12.308743405181765,2,Raman,Gold
2824.621397166585,12.308743405181765,2,Raman,Gold
2826.331216414265,12.318743405181765,2,Raman,Gold
2828.0410356619445,12.308743405181765,2,Raman,Gold
2829.7508549096237,12.308743405181765,2,Raman,Gold
2831.4606741573034,12.308743405181765,2,Raman,Gold
2833.170493404983,12.308743405181765,2,Raman,Gold
2834.8803126526627,12.308743405181765,2,Raman,Gold
2836.590131900342,12.308743405181765,2,Raman,Gold
2838.2999511480216,12.308743405181765,2,Raman,Gold
2840.0097703957013,12.308743405181765,2,Raman,Gold
2841.7195896433805,12.308743405181765,2,Raman,Gold
2843.42940889106,12.308743405181765,2,Raman,Gold
2845.13922813874,12.318743405181765,2,Raman,Gold
2846.8490473864194,12.308743405181765,2,Raman,Gold
2848.5588666340986,12.328743405181765,2,Raman,Gold
2850.2686858817783,12.308743405181765,2,Raman,Gold
2851.978505129458,12.308743405181765,2,Raman,Gold
2853.688324377137,12.308743405181765,2,Raman,Gold
2855.398143624817,12.328743405181765,2,Raman,Gold
2857.1079628724965,12.308743405181765,2,Raman,Gold
2858.817782120176,12.308743405181765,2,Raman,Gold
2860.5276013678554,12.308743405181765,2,Raman,Gold
2862.237420615535,12.328743405181765,2,Raman,Gold
2863.9472398632147,12.308743405181765,2,Raman,Gold
2865.657059110894,12.308743405181765,2,Raman,Gold
2867.3668783585736,12.308743405181765,2,Raman,Gold
2869.076697606253,12.318743405181765,2,Raman,Gold
2870.786516853933,12.308743405181765,2,Raman,Gold
2872.496336101612,12.308743405181765,2,Raman,Gold
2874.2061553492917,12.318743405181765,2,Raman,Gold
2875.9159745969714,12.328743405181765,2,Raman,Gold
2877.6257938446506,12.308743405181765,2,Raman,Gold
2879.3356130923303,12.308743405181765,2,Raman,Gold
2881.04543234001,12.308743405181765,2,Raman,Gold
2882.7552515876896,12.308743405181765,2,Raman,Gold
2884.465070835369,12.308743405181765,2,Raman,Gold
2886.1748900830485,12.308743405181765,2,Raman,Gold
2887.884709330728,12.308743405181765,2,Raman,Gold
2889.5945285784073,12.318743405181765,2,Raman,Gold
2891.304347826087,12.308743405181765,2,Raman,Gold
2893.0141670737667,12.318743405181765,2,Raman,Gold
2894.7239863214463,12.318743405181765,2,Raman,Gold
2896.4338055691255,12.318743405181765,2,Raman,Gold
2898.143624816805,12.308743405181765,2,Raman,Gold
2899.853444064485,12.308743405181765,2,Raman,Gold
2901.563263312164,12.308743405181765,2,Raman,Gold
2903.2730825598437,12.308743405181765,2,Raman,Gold
2904.9829018075234,12.308743405181765,2,Raman,Gold
2906.692721055203,12.308743405181765,2,Raman,Gold
2908.4025403028822,12.308743405181765,2,Raman,Gold
2910.112359550562,12.308743405181765,2,Raman,Gold
2911.8221787982416,12.318743405181765,2,Raman,Gold
2913.531998045921,12.308743405181765,2,Raman,Gold
2915.2418172936004,12.308743405181765,2,Raman,Gold
2916.95163654128,12.328743405181765,2,Raman,Gold
2918.6614557889598,12.308743405181765,2,Raman,Gold
2920.371275036639,12.308743405181765,2,Raman,Gold
2922.0810942843186,12.338743405181765,2,Raman,Gold
2923.7909135319983,12.308743405181765,2,Raman,Gold
2925.5007327796775,12.318743405181765,2,Raman,Gold
2927.210552027357,12.308743405181765,2,Raman,Gold
2928.920371275037,12.308743405181765,2,Raman,Gold
2930.6301905227165,12.318743405181765,2,Raman,Gold
2932.3400097703957,12.308743405181765,2,Raman,Gold
2934.0498290180753,12.308743405181765,2,Raman,Gold
2935.759648265755,12.318743405181765,2,Raman,Gold
2937.469467513434,12.308743405181765,2,Raman,Gold
2939.179286761114,12.308743405181765,2,Raman,Gold
2940.8891060087935,12.328743405181765,2,Raman,Gold
2942.598925256473,12.308743405181765,2,Raman,Gold
2944.3087445041524,12.318743405181765,2,Raman,Gold
2946.018563751832,12.308743405181765,2,Raman,Gold
2947.7283829995117,12.308743405181765,2,Raman,Gold
2949.438202247191,12.308743405181765,2,Raman,Gold
2951.1480214948706,12.318743405181765,2,Raman,Gold
2952.8578407425503,12.308743405181765,2,Raman,Gold
2954.56765999023,12.308743405181765,2,Raman,Gold
2956.277479237909,12.308743405181765,2,Raman,Gold
2957.987298485589,12.308743405181765,2,Raman,Gold
2959.6971177332684,12.308743405181765,2,Raman,Gold
2961.4069369809476,12.308743405181765,2,Raman,Gold
2963.1167562286273,12.308743405181765,2,Raman,Gold
2964.826575476307,12.308743405181765,2,Raman,Gold
2966.5363947239866,12.318743405181765,2,Raman,Gold
2968.246213971666,12.328743405181765,2,Raman,Gold
2969.9560332193455,12.308743405181765,2,Raman,Gold
2971.665852467025,12.308743405181765,2,Raman,Gold
2973.3756717147044,12.318743405181765,2,Raman,Gold
2975.085490962384,12.308743405181765,2,Raman,Gold
2976.7953102100637,12.308743405181765,2,Raman,Gold
2978.5051294577434,12.308743405181765,2,Raman,Gold
2980.2149487054226,12.318743405181765,2,Raman,Gold
2981.924767953102,12.308743405181765,2,Raman,Gold
2983.634587200782,12.308743405181765,2,Raman,Gold
2985.344406448461,12.308743405181765,2,Raman,Gold
2987.0542256961407,12.308743405181765,2,Raman,Gold
2988.7640449438204,12.308743405181765,2,Raman,Gold
2990.4738641915,12.308743405181765,2,Raman,Gold
2992.1836834391793,12.308743405181765,2,Raman,Gold
2993.893502686859,12.318743405181765,2,Raman,Gold
2995.6033219345386,12.308743405181765,2,Raman,Gold
2997.313141182218,12.308743405181765,2,Raman,Gold
2999.0229604298975,12.308743405181765,2,Raman,Gold
3000.732779677577,12.318743405181765,2,Raman,Gold
3002.442598925257,12.308743405181765,2,Raman,Gold
3004.152418172936,12.308743405181765,2,Raman,Gold
3005.8622374206157,12.308743405181765,2,Raman,Gold
3007.5720566682953,12.308743405181765,2,Raman,Gold
3009.2818759159745,12.308743405181765,2,Raman,Gold
3010.991695163654,12.318743405181765,2,Raman,Gold
3012.701514411334,12.318743405181765,2,Raman,Gold
3014.4113336590135,12.308743405181765,2,Raman,Gold
3016.1211529066927,12.308743405181765,2,Raman,Gold
3017.8309721543724,12.308743405181765,2,Raman,Gold
3019.540791402052,12.308743405181765,2,Raman,Gold
3021.2506106497312,12.308743405181765,2,Raman,Gold
3022.960429897411,12.308743405181765,2,Raman,Gold
3024.6702491450906,12.308743405181765,2,Raman,Gold
3026.38006839277,12.308743405181765,2,Raman,Gold
3028.0898876404494,12.308743405181765,2,Raman,Gold
3029.799706888129,12.308743405181765,2,Raman,Gold
3031.5095261358088,12.308743405181765,2,Raman,Gold
3033.219345383488,12.308743405181765,2,Raman,Gold
3034.9291646311676,12.308743405181765,2,Raman,Gold
3036.6389838788473,12.308743405181765,2,Raman,Gold
3038.348803126527,12.308743405181765,2,Raman,Gold
3040.058622374206,12.318743405181765,2,Raman,Gold
3041.768441621886,12.308743405181765,2,Raman,Gold
3043.4782608695655,12.318743405181765,2,Raman,Gold
3045.1880801172447,12.308743405181765,2,Raman,Gold
3046.8978993649243,12.318743405181765,2,Raman,Gold
3048.607718612604,12.318743405181765,2,Raman,Gold
3050.3175378602837,12.308743405181765,2,Raman,Gold
3052.027357107963,12.318743405181765,2,Raman,Gold
3053.7371763556425,12.308743405181765,2,Raman,Gold
3055.446995603322,12.308743405181765,2,Raman,Gold
3057.1568148510014,12.308743405181765,2,Raman,Gold
3058.866634098681,12.308743405181765,2,Raman,Gold
3060.5764533463607,12.308743405181765,2,Raman,Gold
3062.2862725940404,12.308743405181765,2,Raman,Gold
3063.9960918417196,12.308743405181765,2,Raman,Gold
3065.7059110893993,12.308743405181765,2,Raman,Gold
3067.415730337079,12.308743405181765,2,Raman,Gold
3069.125549584758,12.308743405181765,2,Raman,Gold
3070.835368832438,12.318743405181765,2,Raman,Gold
3072.5451880801174,12.308743405181765,2,Raman,Gold
3074.255007327797,12.318743405181765,2,Raman,Gold
3075.9648265754763,12.308743405181765,2,Raman,Gold
3077.674645823156,12.318743405181765,2,Raman,Gold
3079.3844650708356,12.318743405181765,2,Raman,Gold
3081.094284318515,12.308743405181765,2,Raman,Gold
3082.8041035661945,12.308743405181765,2,Raman,Gold
3084.513922813874,12.318743405181765,2,Raman,Gold
3086.223742061554,12.308743405181765,2,Raman,Gold
3087.933561309233,12.308743405181765,2,Raman,Gold
3089.6433805569127,12.328743405181765,2,Raman,Gold
3091.3531998045924,12.308743405181765,2,Raman,Gold
3093.0630190522716,12.308743405181765,2,Raman,Gold
3094.772838299951,12.308743405181765,2,Raman,Gold
3096.482657547631,12.318743405181765,2,Raman,Gold
3098.1924767953105,12.308743405181765,2,Raman,Gold
3099.9022960429897,12.308743405181765,2,Raman,Gold
3101.6121152906694,12.308743405181765,2,Raman,Gold
3103.321934538349,12.308743405181765,2,Raman,Gold
3105.0317537860283,12.308743405181765,2,Raman,Gold
3106.741573033708,12.308743405181765,2,Raman,Gold
3108.4513922813876,12.308743405181765,2,Raman,Gold
3110.1612115290673,12.308743405181765,2,Raman,Gold
3111.8710307767465,12.308743405181765,2,Raman,Gold
3113.580850024426,12.308743405181765,2,Raman,Gold
3115.290669272106,12.318743405181765,2,Raman,Gold
3117.000488519785,12.308743405181765,2,Raman,Gold
3118.7103077674647,12.308743405181765,2,Raman,Gold
3120.4201270151443,12.308743405181765,2,Raman,Gold
3122.129946262824,12.308743405181765,2,Raman,Gold
3123.839765510503,12.308743405181765,2,Raman,Gold
3125.549584758183,12.308743405181765,2,Raman,Gold
3127.2594040058625,12.308743405181765,2,Raman,Gold
3128.9692232535417,12.308743405181765,2,Raman,Gold
3130.6790425012214,12.328743405181765,2,Raman,Gold
3132.388861748901,12.308743405181765,2,Raman,Gold
3134.0986809965807,12.308743405181765,2,Raman,Gold
3135.80850024426,12.308743405181765,2,Raman,Gold
3137.5183194919396,12.308743405181765,2,Raman,Gold
3139.228138739619,12.318743405181765,2,Raman,Gold
3140.9379579872984,12.318743405181765,2,Raman,Gold
3142.647777234978,12.318743405181765,2,Raman,Gold
3144.3575964826578,12.308743405181765,2,Raman,Gold
3146.0674157303374,12.308743405181765,2,Raman,Gold
3147.7772349780166,12.308743405181765,2,Raman,Gold
3149.4870542256963,12.308743405181765,2,Raman,Gold
3151.196873473376,12.308743405181765,2,Raman,Gold
3152.906692721055,12.308743405181765,2,Raman,Gold
3154.616511968735,12.308743405181765,2,Raman,Gold
3156.3263312164145,12.318743405181765,2,Raman,Gold
3158.036150464094,12.308743405181765,2,Raman,Gold
3159.7459697117733,12.308743405181765,2,Raman,Gold
3161.455788959453,12.318743405181765,2,Raman,Gold
3163.1656082071327,12.308743405181765,2,Raman,Gold
3164.875427454812,12.308743405181765,2,Raman,Gold
3166.5852467024915,12.318743405181765,2,Raman,Gold
3168.295065950171,12.308743405181765,2,Raman,Gold
3170.004885197851,12.308743405181765,2,Raman,Gold
3171.71470444553,12.308743405181765,2,Raman,Gold
3173.4245236932097,12.308743405181765,2,Raman,Gold
3175.1343429408894,12.308743405181765,2,Raman,Gold
3176.8441621885686,12.308743405181765,2,Raman,Gold
3178.5539814362483,12.318743405181765,2,Raman,Gold
3180.263800683928,12.308743405181765,2,Raman,Gold
3181.9736199316076,12.308743405181765,2,Raman,Gold
3183.683439179287,12.308743405181765,2,Raman,Gold
3185.3932584269664,12.318743405181765,2,Raman,Gold
3187.103077674646,12.308743405181765,2,Raman,Gold
3188.8128969223253,12.308743405181765,2,Raman,Gold
3190.522716170005,12.308743405181765,2,Raman,Gold
3192.2325354176846,12.318743405181765,2,Raman,Gold
3193.9423546653643,12.318743405181765,2,Raman,Gold
3195.6521739130435,12.318743405181765,2,Raman,Gold
3197.361993160723,12.318743405181765,2,Raman,Gold
3199.071812408403,12.308743405181765,2,Raman,Gold
3200.781631656082,12.308743405181765,2,Raman,Gold
3202.4914509037617,12.308743405181765,2,Raman,Gold
3204.2012701514413,12.308743405181765,2,Raman,Gold
3205.911089399121,12.308743405181765,2,Raman,Gold
3207.6209086468,12.318743405181765,2,Raman,Gold
3209.33072789448,12.328743405181765,2,Raman,Gold
3211.0405471421595,12.308743405181765,2,Raman,Gold
3212.7503663898387,12.308743405181765,2,Raman,Gold
3214.4601856375184,12.308743405181765,2,Raman,Gold
3216.170004885198,12.308743405181765,2,Raman,Gold
3217.8798241328773,12.318743405181765,2,Raman,Gold
3219.589643380557,12.308743405181765,2,Raman,Gold
3221.2994626282366,12.308743405181765,2,Raman,Gold
3223.0092818759163,12.318743405181765,2,Raman,Gold
3224.7191011235955,12.308743405181765,2,Raman,Gold
3226.428920371275,12.308743405181765,2,Raman,Gold
3228.138739618955,12.308743405181765,2,Raman,Gold
3229.848558866634,12.328743405181765,2,Raman,Gold
3231.5583781143137,12.308743405181765,2,Raman,Gold
3233.2681973619933,12.308743405181765,2,Raman,Gold
3234.978016609673,12.308743405181765,2,Raman,Gold
3236.687835857352,12.308743405181765,2,Raman,Gold
3238.397655105032,12.308743405181765,2,Raman,Gold
3240.1074743527115,12.308743405181765,2,Raman,Gold
3241.8172936003907,12.318743405181765,2,Raman,Gold
3243.5271128480704,12.318743405181765,2,Raman,Gold
3245.23693209575,12.308743405181765,2,Raman,Gold
3246.9467513434297,12.318743405181765,2,Raman,Gold
3248.656570591109,12.308743405181765,2,Raman,Gold
3250.3663898387886,12.308743405181765,2,Raman,Gold
3252.076209086468,12.308743405181765,2,Raman,Gold
3253.7860283341474,12.328743405181765,2,Raman,Gold
3255.495847581827,12.308743405181765,2,Raman,Gold
3257.2056668295068,12.308743405181765,2,Raman,Gold
3258.9154860771864,12.308743405181765,2,Raman,Gold
3260.6253053248656,12.308743405181765,2,Raman,Gold
3262.3351245725453,12.308743405181765,2,Raman,Gold
3264.044943820225,12.308743405181765,2,Raman,Gold
3265.754763067904,12.308743405181765,2,Raman,Gold
3267.464582315584,12.308743405181765,2,Raman,Gold
3269.1744015632635,12.308743405181765,2,Raman,Gold
3270.884220810943,12.308743405181765,2,Raman,Gold
3272.5940400586223,12.328743405181765,2,Raman,Gold
3274.303859306302,12.308743405181765,2,Raman,Gold
3276.0136785539817,12.328743405181765,2,Raman,Gold
3277.723497801661,12.308743405181765,2,Raman,Gold
3279.4333170493405,12.318743405181765,2,Raman,Gold
3281.14313629702,12.308743405181765,2,Raman,Gold
3282.8529555447,12.318743405181765,2,Raman,Gold
3284.562774792379,12.318743405181765,2,Raman,Gold
3286.2725940400587,12.318743405181765,2,Raman,Gold
3287.9824132877384,12.318743405181765,2,Raman,Gold
3289.6922325354176,12.308743405181765,2,Raman,Gold
3291.4020517830972,12.308743405181765,2,Raman,Gold
3293.111871030777,12.308743405181765,2,Raman,Gold
3294.8216902784566,12.308743405181765,2,Raman,Gold
3296.531509526136,12.308743405181765,2,Raman,Gold
3298.2413287738154,12.308743405181765,2,Raman,Gold
3299.951148021495,12.308743405181765,2,Raman,Gold
3301.6609672691743,12.308743405181765,2,Raman,Gold
3303.370786516854,12.318743405181765,2,Raman,Gold
3305.0806057645336,12.308743405181765,2,Raman,Gold
3306.7904250122133,12.308743405181765,2,Raman,Gold
3308.5002442598925,12.308743405181765,2,Raman,Gold
3310.210063507572,12.308743405181765,2,Raman,Gold
3311.919882755252,12.308743405181765,2,Raman,Gold
3313.629702002931,12.318743405181765,2,Raman,Gold
3315.3395212506107,12.308743405181765,2,Raman,Gold
3317.0493404982903,12.308743405181765,2,Raman,Gold
3318.75915974597,12.308743405181765,2,Raman,Gold
3320.468978993649,12.308743405181765,2,Raman,Gold
3322.178798241329,12.318743405181765,2,Raman,Gold
3323.8886174890085,12.308743405181765,2,Raman,Gold
3325.5984367366877,12.308743405181765,2,Raman,Gold
3327.3082559843674,12.318743405181765,2,Raman,Gold
3329.018075232047,12.308743405181765,2,Raman,Gold
3330.7278944797267,12.308743405181765,2,Raman,Gold
3332.437713727406,12.308743405181765,2,Raman,Gold
3334.1475329750856,12.318743405181765,2,Raman,Gold
3335.8573522227653,12.308743405181765,2,Raman,Gold
3337.5671714704445,12.318743405181765,2,Raman,Gold
3339.276990718124,12.308743405181765,2,Raman,Gold
3340.986809965804,12.308743405181765,2,Raman,Gold
3342.6966292134834,12.308743405181765,2,Raman,Gold
3344.4064484611627,12.308743405181765,2,Raman,Gold
3346.1162677088423,12.318743405181765,2,Raman,Gold
3347.826086956522,12.308743405181765,2,Raman,Gold
3349.535906204201,12.318743405181765,2,Raman,Gold
3351.245725451881,12.308743405181765,2,Raman,Gold
3352.9555446995605,12.308743405181765,2,Raman,Gold
3354.66536394724,12.338743405181765,2,Raman,Gold
3356.3751831949194,12.308743405181765,2,Raman,Gold
3358.085002442599,12.308743405181765,2,Raman,Gold
3359.7948216902787,12.318743405181765,2,Raman,Gold
3361.504640937958,12.308743405181765,2,Raman,Gold
3363.2144601856376,12.308743405181765,2,Raman,Gold
3364.924279433317,12.308743405181765,2,Raman,Gold
3366.634098680997,12.318743405181765,2,Raman,Gold
3368.343917928676,12.308743405181765,2,Raman,Gold
3370.0537371763558,12.318743405181765,2,Raman,Gold
3371.7635564240354,12.308743405181765,2,Raman,Gold
3373.4733756717146,12.308743405181765,2,Raman,Gold
3375.1831949193943,12.318743405181765,2,Raman,Gold
3376.893014167074,12.318743405181765,2,Raman,Gold
3378.6028334147536,12.308743405181765,2,Raman,Gold
3380.312652662433,12.328743405181765,2,Raman,Gold
3382.0224719101125,12.308743405181765,2,Raman,Gold
3383.732291157792,12.338743405181765,2,Raman,Gold
3385.4421104054713,12.308743405181765,2,Raman,Gold
3387.151929653151,12.308743405181765,2,Raman,Gold
3388.8617489008307,12.308743405181765,2,Raman,Gold
3390.5715681485103,12.308743405181765,2,Raman,Gold
3392.2813873961895,12.318743405181765,2,Raman,Gold
3393.991206643869,12.308743405181765,2,Raman,Gold
3395.701025891549,12.308743405181765,2,Raman,Gold
3397.410845139228,12.308743405181765,2,Raman,Gold
3399.1206643869077,12.308743405181765,2,Raman,Gold
3400.8304836345874,12.308743405181765,2,Raman,Gold
3402.540302882267,12.308743405181765,2,Raman,Gold
3404.2501221299462,12.308743405181765,2,Raman,Gold
3405.959941377626,12.318743405181765,2,Raman,Gold
3407.6697606253056,12.308743405181765,2,Raman,Gold
3409.379579872985,12.308743405181765,2,Raman,Gold
3411.0893991206644,12.308743405181765,2,Raman,Gold
3412.799218368344,12.308743405181765,2,Raman,Gold
3414.5090376160238,12.318743405181765,2,Raman,Gold
3416.218856863703,12.308743405181765,2,Raman,Gold
3417.9286761113826,12.308743405181765,2,Raman,Gold
3419.6384953590623,12.328743405181765,2,Raman,Gold
3421.3483146067415,12.308743405181765,2,Raman,Gold
3423.058133854421,12.308743405181765,2,Raman,Gold
3424.767953102101,12.308743405181765,2,Raman,Gold
3426.4777723497805,12.308743405181765,2,Raman,Gold
3428.1875915974597,12.308743405181765,2,Raman,Gold
3429.8974108451393,12.308743405181765,2,Raman,Gold
3431.607230092819,12.308743405181765,2,Raman,Gold
3433.317049340498,12.318743405181765,2,Raman,Gold
3435.026868588178,12.308743405181765,2,Raman,Gold
3436.7366878358575,12.318743405181765,2,Raman,Gold
3438.446507083537,12.318743405181765,2,Raman,Gold
3440.1563263312164,12.308743405181765,2,Raman,Gold
3441.866145578896,12.308743405181765,2,Raman,Gold
3443.5759648265757,12.308743405181765,2,Raman,Gold
3445.285784074255,12.318743405181765,2,Raman,Gold
3446.9956033219346,12.308743405181765,2,Raman,Gold
3448.7054225696143,12.308743405181765,2,Raman,Gold
3450.415241817294,12.308743405181765,2,Raman,Gold
3452.125061064973,12.308743405181765,2,Raman,Gold
3453.834880312653,12.308743405181765,2,Raman,Gold
3455.5446995603324,12.318743405181765,2,Raman,Gold
3457.2545188080117,12.318743405181765,2,Raman,Gold
3458.9643380556913,12.308743405181765,2,Raman,Gold
3460.674157303371,12.308743405181765,2,Raman,Gold
3462.3839765510506,12.308743405181765,2,Raman,Gold
3464.09379579873,12.308743405181765,2,Raman,Gold
3465.8036150464095,12.318743405181765,2,Raman,Gold
3467.513434294089,12.328743405181765,2,Raman,Gold
3469.2232535417684,12.318743405181765,2,Raman,Gold
3470.933072789448,12.308743405181765,2,Raman,Gold
3472.6428920371277,12.308743405181765,2,Raman,Gold
3474.3527112848074,12.308743405181765,2,Raman,Gold
3476.0625305324866,12.308743405181765,2,Raman,Gold
3477.772349780166,12.308743405181765,2,Raman,Gold
3479.482169027846,12.308743405181765,2,Raman,Gold
3481.191988275525,12.328743405181765,2,Raman,Gold
3482.9018075232048,12.308743405181765,2,Raman,Gold
3484.6116267708844,12.308743405181765,2,Raman,Gold
3486.321446018564,12.308743405181765,2,Raman,Gold
3488.0312652662433,12.318743405181765,2,Raman,Gold
3489.741084513923,12.308743405181765,2,Raman,Gold
3491.4509037616026,12.318743405181765,2,Raman,Gold
3493.160723009282,12.308743405181765,2,Raman,Gold
3494.8705422569615,12.308743405181765,2,Raman,Gold
3496.580361504641,12.308743405181765,2,Raman,Gold
3498.290180752321,12.308743405181765,2,Raman,Gold
3500.0,12.308743405181765,2,Raman,Gold
0.0,0.0,2_trailing,Raman,Gold
1.709819247679531,0.0,2_trailing,Raman,Gold
3.419638495359062,0.0,2_trailing,Raman,Gold
5.129457743038593,0.01,2_trailing,Raman,Gold
6.839276990718124,0.0,2_trailing,Raman,Gold
8.549096238397656,0.0,2_trailing,Raman,Gold
10.258915486077186,0.0,2_trailing,Raman,Gold
11.968734733756717,0.0,2_trailing,Raman,Gold
13.678553981436249,0.0,2_trailing,Raman,Gold
15.38837322911578,0.0,2_trailing,Raman,Gold
17.09819247679531,0.0,2_trailing,Raman,Gold
18.80801172447484,0.01,2_trailing,Raman,Gold
20.51783097215437,0.0,2_trailing,Raman,Gold
22.227650219833905,0.0,2_trailing,Raman,Gold
23.937469467513434,0.0,2_trailing,Raman,Gold
25.647288715192968,0.0,2_trailing,Raman,Gold
27.357107962872497,0.01,2_trailing,Raman,Gold
29.066927210552027,0.0,2_trailing,Raman,Gold
30.77674645823156,0.0,2_trailing,Raman,Gold
32.48656570591109,0.0,2_trailing,Raman,Gold
34.19638495359062,0.0,2_trailing,Raman,Gold
35.90620420127015,0.0,2_trailing,Raman,Gold
37.61602344894968,0.0,2_trailing,Raman,Gold
39.325842696629216,0.0,2_trailing,Raman,Gold
41.03566194430874,0.0,2_trailing,Raman,Gold
42.745481191988276,0.0,2_trailing,Raman,Gold
44.45530043966781,0.01,2_trailing,Raman,Gold
46.16511968734734,0.0,2_trailing,Raman,Gold
47.87493893502687,0.0,2_trailing,Raman,Gold
49.5847581827064,0.0,2_trailing,Raman,Gold
51.294577430385935,0.0,2_trailing,Raman,Gold
53.00439667806546,0.0,2_trailing,Raman,Gold
54.714215925744995,0.0,2_trailing,Raman,Gold
56.42403517342453,0.0,2_trailing,Raman,Gold
58.133854421104054,0.0,2_trailing,Raman,Gold
59.84367366878359,0.0,2_trailing,Raman,Gold
61.55349291646312,0.01,2_trailing,Raman,Gold
63.26331216414265,0.0,2_trailing,Raman,Gold
64.97313141182218,0.01,2_trailing,Raman,Gold
66.68295065950171,0.0,2_trailing,Raman,Gold
68.39276990718125,0.0,2_trailing,Raman,Gold
70.10258915486078,0.01,2_trailing,Raman,Gold
71.8124084025403,0.01,2_trailing,Raman,Gold
73.52222765021983,0.0,2_trailing,Raman,Gold
75.23204689789937,0.0,2_trailing,Raman,Gold
76.9418661455789,0.0,2_trailing,Raman,Gold
78.65168539325843,0.0,2_trailing,Raman,Gold
80.36150464093797,0.0,2_trailing,Raman,Gold
82.07132388861748,0.0,2_trailing,Raman,Gold
83.78114313629702,0.0,2_trailing,Raman,Gold
85.49096238397655,0.0,2_trailing,Raman,Gold
87.20078163165608,0.0,2_trailing,Raman,Gold
88.91060087933562,0.0,2_trailing,Raman,Gold
90.62042012701515,0.0,2_trailing,Raman,Gold
92.33023937469468,0.0,2_trailing,Raman,Gold
94.0400586223742,0.01,2_trailing,Raman,Gold
95.74987787005374,0.0,2_trailing,Raman,Gold
97.45969711773327,0.0,2_trailing,Raman,Gold
99.1695163654128,0.0,2_trailing,Raman,Gold
100.87933561309234,0.0,2_trailing,Raman,Gold
102.58915486077187,0.0,2_trailing,Raman,Gold
104.29897410845139,0.01,2_trailing,Raman,Gold
106.00879335613092,0.0,2_trailing,Raman,Gold
107.71861260381046,0.0,2_trailing,Raman,Gold
109.42843185148999,0.0,2_trailing,Raman,Gold
111.13825109916952,0.0,2_trailing,Raman,Gold
112.84807034684906,0.0,2_trailing,Raman,Gold
114.55788959452859,0.0,2_trailing,Raman,Gold
116.26770884220811,0.0,2_trailing,Raman,Gold
117.97752808988764,0.0,2_trailing,Raman,Gold
119.68734733756718,0.0,2_trailing,Raman,Gold
121.39716658524671,0.0,2_trailing,Raman,Gold
123.10698583292624,0.0,2_trailing,Raman,Gold
124.81680508060577,0.0,2_trailing,Raman,Gold
126.5266243282853,0.0,2_trailing,Raman,Gold
128.23644357596484,0.0,2_trailing,Raman,Gold
129.94626282364436,0.0,2_trailing,Raman,Gold
131.65608207132388,0.01,2_trailing,Raman,Gold
133.36590131900343,0.0,2_trailing,Raman,Gold
135.07572056668295,0.0,2_trailing,Raman,Gold
136.7855398143625,0.0,2_trailing,Raman,Gold
138.495359062042,0.0,2_trailing,Raman,Gold
140.20517830972156,0.0,2_trailing,Raman,Gold
141.91499755740108,0.0,2_trailing,Raman,Gold
143.6248168050806,0.0,2_trailing,Raman,Gold
145.33463605276015,0.0,2_trailing,Raman,Gold
147.04445530043967,0.0,2_trailing,Raman,Gold
148.7542745481192,0.0,2_trailing,Raman,Gold
150.46409379579873,0.01,2_trailing,Raman,Gold
152.17391304347828,0.0,2_trailing,Raman,Gold
153.8837322911578,0.0,2_trailing,Raman,Gold
155.59355153883732,0.01,2_trailing,Raman,Gold
157.30337078651687,0.0,2_trailing,Raman,Gold
159.01319003419638,0.0,2_trailing,Raman,Gold
160.72300928187593,0.0,2_trailing,Raman,Gold
162.43282852955545,0.0,2_trailing,Raman,Gold
164.14264777723497,0.01,2_trailing,Raman,Gold
165.85246702491452,0.0,2_trailing,Raman,Gold
167.56228627259404,0.0,2_trailing,Raman,Gold
169.27210552027358,0.0,2_trailing,Raman,Gold
170.9819247679531,0.0,2_trailing,Raman,Gold
172.69174401563265,0.0,2_trailing,Raman,Gold
174.40156326331217,0.0,2_trailing,Raman,Gold
176.1113825109917,0.01,2_trailing,Raman,Gold
177.82120175867124,0.0,2_trailing,Raman,Gold
179.53102100635076,0.0,2_trailing,Raman,Gold
181.2408402540303,0.0,2_trailing,Raman,Gold
182.95065950170982,0.0,2_trailing,Raman,Gold
184.66047874938937,0.0,2_trailing,Raman,Gold
186.3702979970689,0.0,2_trailing,Raman,Gold
188.0801172447484,0.0,2_trailing,Raman,Gold
189.78993649242796,0.0,2_trailing,Raman,Gold
191.49975574010747,0.0,2_trailing,Raman,Gold
193.20957498778702,0.0,2_trailing,Raman,Gold
194.91939423546654,0.01,2_trailing,Raman,Gold
196.6292134831461,0.0,2_trailing,Raman,Gold
198.3390327308256,0.0,2_trailing,Raman,Gold
200.04885197850513,0.0,2_trailing,Raman,Gold
201.75867122618467,0.0,2_trailing,Raman,Gold
203.4684904738642,0.0,2_trailing,Raman,Gold
205.17830972154374,0.0,2_trailing,Raman,Gold
206.88812896922326,0.0,2_trailing,Raman,Gold
208.59794821690278,0.01,2_trailing,Raman,Gold
210.30776746458233,0.0,2_trailing,Raman,Gold
212.01758671226185,0.0,2_trailing,Raman,Gold
213.7274059599414,0.0,2_trailing,Raman,Gold
215.4372252076209,0.01,2_trailing,Raman,Gold
217.14704445530046,0.0,2_trailing,Raman,Gold
218.85686370297998,0.0,2_trailing,Raman,Gold
220.5666829506595,0.0,2_trailing,Raman,Gold
222.27650219833905,0.0,2_trailing,Raman,Gold
223.98632144601856,0.0,2_trailing,Raman,Gold
225.6961406936981,0.0,2_trailing,Raman,Gold
227.40595994137763,0.0,2_trailing,Raman,Gold
229.11577918905718,0.0,2_trailing,Raman,Gold
230.8255984367367,0.0,2_trailing,Raman,Gold
232.53541768441622,0.0,2_trailing,Raman,Gold
234.24523693209576,0.0,2_trailing,Raman,Gold
235.95505617977528,0.0,2_trailing,Raman,Gold
237.66487542745483,0.0,2_trailing,Raman,Gold
239.37469467513435,0.0,2_trailing,Raman,Gold
241.08451392281387,0.0,2_trailing,Raman,Gold
242.79433317049342,0.01,2_trailing,Raman,Gold
244.50415241817294,0.0,2_trailing,Raman,Gold
246.21397166585248,0.0,2_trailing,Raman,Gold
247.923790913532,0.0,2_trailing,Raman,Gold
249.63361016121155,0.0,2_trailing,Raman,Gold
251.34342940889107,0.0,2_trailing,Raman,Gold
253.0532486565706,0.0,2_trailing,Raman,Gold
254.76306790425014,0.0,2_trailing,Raman,Gold
256.4728871519297,0.0,2_trailing,Raman,Gold
258.1827063996092,0.0,2_trailing,Raman,Gold
259.8925256472887,0.0,2_trailing,Raman,Gold
261.60234489496827,0.01,2_trailing,Raman,Gold
263.31216414264776,0.01,2_trailing,Raman,Gold
265.0219833903273,0.0,2_trailing,Raman,Gold
266.73180263800685,0.0,2_trailing,Raman,Gold
268.4416218856864,0.01,2_trailing,Raman,Gold
270.1514411333659,0.0,2_trailing,Raman,Gold
271.86126038104544,0.0,2_trailing,Raman,Gold
273.571079628725,0.0,2_trailing,Raman,Gold
275.2808988764045,0.0,2_trailing,Raman,Gold
276.990718124084,0.0,2_trailing,Raman,Gold
278.7005373717636,0.0,2_trailing,Raman,Gold
280.4103566194431,0.0,2_trailing,Raman,Gold
282.1201758671226,0.0,2_trailing,Raman,Gold
283.82999511480216,0.0,2_trailing,Raman,Gold
285.5398143624817,0.01,2_trailing,Raman,Gold
287.2496336101612,0.0,2_trailing,Raman,Gold
288.95945285784074,0.01,2_trailing,Raman,Gold
290.6692721055203,0.0,2_trailing,Raman,Gold
292.37909135319984,0.0,2_trailing,Raman,Gold
294.08891060087933,0.01,2_trailing,Raman,Gold
295.7987298485589,0.0,2_trailing,Raman,Gold
297.5085490962384,0.01,2_trailing,Raman,Gold
299.2183683439179,0.0,2_trailing,Raman,Gold
300.92818759159746,0.0,2_trailing,Raman,Gold
302.638006839277,0.0,2_trailing,Raman,Gold
304.34782608695656,0.0,2_trailing,Raman,Gold
306.05764533463605,0.0,2_trailing,Raman,Gold
307.7674645823156,0.0,2_trailing,Raman,Gold
309.47728382999514,0.0,2_trailing,Raman,Gold
311.18710307767464,0.0,2_trailing,Raman,Gold
312.8969223253542,0.0,2_trailing,Raman,Gold
314.60674157303373,0.0,2_trailing,Raman,Gold
316.3165608207133,0.01,2_trailing,Raman,Gold
318.02638006839277,0.0,2_trailing,Raman,Gold
319.7361993160723,0.0,2_trailing,Raman,Gold
321.44601856375186,0.0,2_trailing,Raman,Gold
323.15583781143135,0.01,2_trailing,Raman,Gold
324.8656570591109,0.0,2_trailing,Raman,Gold
326.57547630679045,0.0,2_trailing,Raman,Gold
328.28529555446994,0.0,2_trailing,Raman,Gold
329.9951148021495,0.0,2_trailing,Raman,Gold
331.70493404982903,0.0,2_trailing,Raman,Gold
333.4147532975086,0.01,2_trailing,Raman,Gold
335.1245725451881,0.0,2_trailing,Raman,Gold
336.8343917928676,0.0,2_trailing,Raman,Gold
338.54421104054717,0.0,2_trailing,Raman,Gold
340.25403028822666,0.0,2_trailing,Raman,Gold
341.9638495359062,0.0,2_trailing,Raman,Gold
343.67366878358575,0.0,2_trailing,Raman,Gold
345.3834880312653,0.0,2_trailing,Raman,Gold
347.0933072789448,0.0,2_trailing,Raman,Gold
348.80312652662434,0.0,2_trailing,Raman,Gold
350.5129457743039,0.0,2_trailing,Raman,Gold
352.2227650219834,0.0,2_trailing,Raman,Gold
353.9325842696629,0.0,2_trailing,Raman,Gold
355.6424035173425,0.0,2_trailing,Raman,Gold
357.352222765022,0.0,2_trailing,Raman,Gold
359.0620420127015,0.0,2_trailing,Raman,Gold
360.77186126038106,0.0,2_trailing,Raman,Gold
362.4816805080606,0.0,2_trailing,Raman,Gold
364.1914997557401,0.0,2_trailing,Raman,Gold
365.90131900341964,0.01,2_trailing,Raman,Gold
367.6111382510992,0.0,2_trailing,Raman,Gold
369.32095749877874,0.0,2_trailing,Raman,Gold
371.03077674645823,0.0,2_trailing,Raman,Gold
372.7405959941378,0.0,2_trailing,Raman,Gold
374.4504152418173,0.0,2_trailing,Raman,Gold
376.1602344894968,0.0,2_trailing,Raman,Gold
377.87005373717636,0.0,2_trailing,Raman,Gold
379.5798729848559,0.0,2_trailing,Raman,Gold
381.28969223253546,0.0,2_trailing,Raman,Gold
382.99951148021495,0.0,2_trailing,Raman,Gold
384.7093307278945,0.01,2_trailing,Raman,Gold
386.41914997557404,0.0,2_trailing,Raman,Gold
388.12896922325353,0.01,2_trailing,Raman,Gold
389.8387884709331,0.0,2_trailing,Raman,Gold
391.54860771861263,0.0,2_trailing,Raman,Gold
393.2584269662922,0.0,2_trailing,Raman,Gold
394.96824621397167,0.0,2_trailing,Raman,Gold
396.6780654616512,0.01,2_trailing,Raman,Gold
398.38788470933076,0.0,2_trailing,Raman,Gold
400.09770395701025,0.0,2_trailing,Raman,Gold
401.8075232046898,0.0,2_trailing,Raman,Gold
403.51734245236935,0.0,2_trailing,Raman,Gold
405.22716170004884,0.0,2_trailing,Raman,Gold
406.9369809477284,0.0,2_trailing,Raman,Gold
408.64680019540793,0.01,2_trailing,Raman,Gold
410.3566194430875,0.0,2_trailing,Raman,Gold
412.066438690767,0.0,2_trailing,Raman,Gold
413.7762579384465,0.0,2_trailing,Raman,Gold
415.48607718612607,0.0,2_trailing,Raman,Gold
417.19589643380556,0.0,2_trailing,Raman,Gold
418.9057156814851,0.0,2_trailing,Raman,Gold
420.61553492916465,0.0,2_trailing,Raman,Gold
422.3253541768442,0.0,2_trailing,Raman,Gold
424.0351734245237,0.0,2_trailing,Raman,Gold
425.74499267220324,0.01,2_trailing,Raman,Gold
427.4548119198828,0.01,2_trailing,Raman,Gold
429.1646311675623,0.0,2_trailing,Raman,Gold
430.8744504152418,0.0,2_trailing,Raman,Gold
432.5842696629214,0.0,2_trailing,Raman,Gold
434.2940889106009,0.0,2_trailing,Raman,Gold
436.0039081582804,0.0,2_trailing,Raman,Gold
437.71372740595996,0.0,2_trailing,Raman,Gold
439.4235466536395,0.0,2_trailing,Raman,Gold
441.133365901319,0.0,2_trailing,Raman,Gold
442.84318514899854,0.0,2_trailing,Raman,Gold
444.5530043966781,0.0,2_trailing,Raman,Gold
446.26282364435764,0.0,2_trailing,Raman,Gold
447.97264289203713,0.0,2_trailing,Raman,Gold
449.6824621397167,0.01,2_trailing,Raman,Gold
451.3922813873962,0.0,2_trailing,Raman,Gold
453.1021006350757,0.0,2_trailing,Raman,Gold
454.81191988275526,0.0,2_trailing,Raman,Gold
456.5217391304348,0.0,2_trailing,Raman,Gold
458.23155837811436,0.0,2_trailing,Raman,Gold
459.94137762579385,0.01,2_trailing,Raman,Gold
461.6511968734734,0.0,2_trailing,Raman,Gold
463.36101612115294,0.0,2_trailing,Raman,Gold
465.07083536883243,0.0,2_trailing,Raman,Gold
466.780654616512,0.0,2_trailing,Raman,Gold
468.49047386419153,0.0,2_trailing,Raman,Gold
470.2002931118711,0.0,2_trailing,Raman,Gold
471.91011235955057,0.01,2_trailing,Raman,Gold
473.6199316072301,0.0,2_trailing,Raman,Gold
475.32975085490966,0.0,2_trailing,Raman,Gold
477.03957010258915,0.0,2_trailing,Raman,Gold
478.7493893502687,0.0,2_trailing,Raman,Gold
480.45920859794825,0.0,2_trailing,Raman,Gold
482.16902784562774,0.0,2_trailing,Raman,Gold
483.8788470933073,0.0,2_trailing,Raman,Gold
485.58866634098683,0.0,2_trailing,Raman,Gold
487.2984855886664,0.0,2_trailing,Raman,Gold
489.00830483634587,0.0,2_trailing,Raman,Gold
490.7181240840254,0.0,2_trailing,Raman,Gold
492.42794333170497,0.0,2_trailing,Raman,Gold
494.13776257938446,0.01,2_trailing,Raman,Gold
495.847581827064,0.01,2_trailing,Raman,Gold
497.55740107474355,0.0,2_trailing,Raman,Gold
499.2672203224231,0.0,2_trailing,Raman,Gold
500.9770395701026,0.0,2_trailing,Raman,Gold
502.68685881778214,0.0,2_trailing,Raman,Gold
504.3966780654617,0.0,2_trailing,Raman,Gold
506.1064973131412,0.0,2_trailing,Raman,Gold
507.8163165608207,0.0,2_trailing,Raman,Gold
509.52613580850027,0.0,2_trailing,Raman,Gold
511.2359550561798,0.0,2_trailing,Raman,Gold
512.9457743038594,0.0,2_trailing,Raman,Gold
514.6555935515388,0.0,2_trailing,Raman,Gold
516.3654127992183,0.0,2_trailing,Raman,Gold
518.0752320468979,0.0,2_trailing,Raman,Gold
519.7850512945774,0.0,2_trailing,Raman,Gold
521.494870542257,0.0,2_trailing,Raman,Gold
523.2046897899365,0.0,2_trailing,Raman,Gold
524.9145090376161,0.0,2_trailing,Raman,Gold
526.6243282852955,0.0,2_trailing,Raman,Gold
528.3341475329751,0.0,2_trailing,Raman,Gold
530.0439667806546,0.0,2_trailing,Raman,Gold
531.7537860283342,0.01,2_trailing,Raman,Gold
533.4636052760137,0.0,2_trailing,Raman,Gold
535.1734245236933,0.0,2_trailing,Raman,Gold
536.8832437713728,0.0,2_trailing,Raman,Gold
538.5930630190522,0.0,2_trailing,Raman,Gold
540.3028822667318,0.0,2_trailing,Raman,Gold
542.0127015144113,0.0,2_trailing,Raman,Gold
543.7225207620909,0.0,2_trailing,Raman,Gold
545.4323400097704,0.0,2_trailing,Raman,Gold
547.14215925745,0.0,2_trailing,Raman,Gold
548.8519785051295,0.0,2_trailing,Raman,Gold
550.561797752809,0.0,2_trailing,Raman,Gold
552.2716170004885,0.0,2_trailing,Raman,Gold
553.981436248168,0.0,2_trailing,Raman,Gold
555.6912554958476,0.0,2_trailing,Raman,Gold
557.4010747435271,0.0,2_trailing,Raman,Gold
559.1108939912067,0.0,2_trailing,Raman,Gold
560.8207132388862,0.0,2_trailing,Raman,Gold
562.5305324865657,0.0,2_trailing,Raman,Gold
564.2403517342452,0.0,2_trailing,Raman,Gold
565.9501709819248,0.0,2_trailing,Raman,Gold
567.6599902296043,0.0,2_trailing,Raman,Gold
569.3698094772839,0.0,2_trailing,Raman,Gold
571.0796287249634,0.0,2_trailing,Raman,Gold
572.789447972643,0.0,2_trailing,Raman,Gold
574.4992672203224,0.0,2_trailing,Raman,Gold
576.2090864680019,0.0,2_trailing,Raman,Gold
577.9189057156815,0.0,2_trailing,Raman,Gold
579.628724963361,0.0,2_trailing,Raman,Gold
581.3385442110406,0.0,2_trailing,Raman,Gold
583.0483634587201,0.0,2_trailing,Raman,Gold
584.7581827063997,0.0,2_trailing,Raman,Gold
586.4680019540791,0.0,2_trailing,Raman,Gold
588.1778212017587,0.0,2_trailing,Raman,Gold
589.8876404494382,0.0,2_trailing,Raman,Gold
591.5974596971178,0.0,2_trailing,Raman,Gold
593.3072789447973,0.0,2_trailing,Raman,Gold
595.0170981924769,0.0,2_trailing,Raman,Gold
596.7269174401564,0.0,2_trailing,Raman,Gold
598.4367366878358,0.01,2_trailing,Raman,Gold
600.1465559355154,0.0,2_trailing,Raman,Gold
601.8563751831949,0.0,2_trailing,Raman,Gold
603.5661944308745,0.0,2_trailing,Raman,Gold
605.276013678554,0.01,2_trailing,Raman,Gold
606.9858329262336,0.0,2_trailing,Raman,Gold
608.6956521739131,0.0,2_trailing,Raman,Gold
610.4054714215926,0.0,2_trailing,Raman,Gold
612.1152906692721,0.01,2_trailing,Raman,Gold
613.8251099169516,0.0,2_trailing,Raman,Gold
615.5349291646312,0.0,2_trailing,Raman,Gold
617.2447484123107,0.0,2_trailing,Raman,Gold
618.9545676599903,0.0,2_trailing,Raman,Gold
620.6643869076698,0.0,2_trailing,Raman,Gold
622.3742061553493,0.0,2_trailing,Raman,Gold
624.0840254030288,0.01,2_trailing,Raman,Gold
625.7938446507084,0.0,2_trailing,Raman,Gold
627.5036638983879,0.0,2_trailing,Raman,Gold
629.2134831460675,0.01,2_trailing,Raman,Gold
630.923302393747,0.0,2_trailing,Raman,Gold
632.6331216414266,0.0,2_trailing,Raman,Gold
634.342940889106,0.0,2_trailing,Raman,Gold
636.0527601367855,0.01,2_trailing,Raman,Gold
637.7625793844651,0.0,2_trailing,Raman,Gold
639.4723986321446,0.0,2_trailing,Raman,Gold
641.1822178798242,0.0,2_trailing,Raman,Gold
642.8920371275037,0.0,2_trailing,Raman,Gold
644.6018563751833,0.0,2_trailing,Raman,Gold
646.3116756228627,0.0,2_trailing,Raman,Gold
648.0214948705423,0.01,2_trailing,Raman,Gold
649.7313141182218,0.0,2_trailing,Raman,Gold
651.4411333659014,0.0,2_trailing,Raman,Gold
653.1509526135809,0.0,2_trailing,Raman,Gold
654.8607718612604,0.0,2_trailing,Raman,Gold
656.5705911089399,0.0,2_trailing,Raman,Gold
658.2804103566194,0.0,2_trailing,Raman,Gold
659.990229604299,0.0,2_trailing,Raman,Gold
661.7000488519785,0.0,2_trailing,Raman,Gold
663.4098680996581,0.03,2_trailing,Raman,Gold
665.1196873473376,0.03,2_trailing,Raman,Gold
666.8295065950172,0.0,2_trailing,Raman,Gold
668.5393258426966,0.0,2_trailing,Raman,Gold
670.2491450903761,0.01,2_trailing,Raman,Gold
671.9589643380557,0.0,2_trailing,Raman,Gold
673.6687835857352,0.01,2_trailing,Raman,Gold
675.3786028334148,0.0,2_trailing,Raman,Gold
677.0884220810943,0.02,2_trailing,Raman,Gold
678.7982413287739,0.01,2_trailing,Raman,Gold
680.5080605764533,0.0,2_trailing,Raman,Gold
682.2178798241329,0.0,2_trailing,Raman,Gold
683.9276990718124,0.0,2_trailing,Raman,Gold
685.637518319492,0.0,2_trailing,Raman,Gold
687.3473375671715,0.0,2_trailing,Raman,Gold
689.057156814851,0.01,2_trailing,Raman,Gold
690.7669760625306,0.01,2_trailing,Raman,Gold
692.47679531021,0.0,2_trailing,Raman,Gold
694.1866145578896,0.01,2_trailing,Raman,Gold
695.8964338055691,0.0,2_trailing,Raman,Gold
697.6062530532487,0.0,2_trailing,Raman,Gold
699.3160723009282,0.0,2_trailing,Raman,Gold
701.0258915486078,0.0,2_trailing,Raman,Gold
702.7357107962873,0.01,2_trailing,Raman,Gold
704.4455300439668,0.0,2_trailing,Raman,Gold
706.1553492916463,0.0,2_trailing,Raman,Gold
707.8651685393259,0.0,2_trailing,Raman,Gold
709.5749877870054,0.0,2_trailing,Raman,Gold
711.284807034685,0.0,2_trailing,Raman,Gold
712.9946262823645,0.0,2_trailing,Raman,Gold
714.704445530044,0.0,2_trailing,Raman,Gold
716.4142647777235,0.0,2_trailing,Raman,Gold
718.124084025403,0.0,2_trailing,Raman,Gold
719.8339032730826,0.0,2_trailing,Raman,Gold
721.5437225207621,0.01,2_trailing,Raman,Gold
723.2535417684417,0.0,2_trailing,Raman,Gold
724.9633610161212,0.01,2_trailing,Raman,Gold
726.6731802638008,0.0,2_trailing,Raman,Gold
728.3829995114802,0.0,2_trailing,Raman,Gold
730.0928187591597,0.0,2_trailing,Raman,Gold
731.8026380068393,0.0,2_trailing,Raman,Gold
733.5124572545188,0.0,2_trailing,Raman,Gold
735.2222765021984,0.0,2_trailing,Raman,Gold
736.9320957498779,0.0,2_trailing,Raman,Gold
738.6419149975575,0.01,2_trailing,Raman,Gold
740.3517342452369,0.0,2_trailing,Raman,Gold
742.0615534929165,0.01,2_trailing,Raman,Gold
743.771372740596,0.0,2_trailing,Raman,Gold
745.4811919882756,0.01,2_trailing,Raman,Gold
747.1910112359551,0.0,2_trailing,Raman,Gold
748.9008304836346,0.01,2_trailing,Raman,Gold
750.6106497313142,0.0,2_trailing,Raman,Gold
752.3204689789936,0.01,2_trailing,Raman,Gold
754.0302882266732,0.01,2_trailing,Raman,Gold
755.7401074743527,0.0,2_trailing,Raman,Gold
757.4499267220323,0.0,2_trailing,Raman,Gold
759.1597459697118,0.0,2_trailing,Raman,Gold
760.8695652173914,0.0,2_trailing,Raman,Gold
762.5793844650709,0.0,2_trailing,Raman,Gold
764.2892037127503,0.0,2_trailing,Raman,Gold
765.9990229604299,0.0,2_trailing,Raman,Gold
767.7088422081094,0.0,2_trailing,Raman,Gold
769.418661455789,0.0,2_trailing,Raman,Gold
771.1284807034685,0.01,2_trailing,Raman,Gold
772.8382999511481,0.0,2_trailing,Raman,Gold
774.5481191988276,0.01,2_trailing,Raman,Gold
776.2579384465071,0.0,2_trailing,Raman,Gold
777.9677576941866,0.0,2_trailing,Raman,Gold
779.6775769418662,0.01,2_trailing,Raman,Gold
781.3873961895457,0.0,2_trailing,Raman,Gold
783.0972154372253,0.02,2_trailing,Raman,Gold
784.8070346849048,0.0,2_trailing,Raman,Gold
786.5168539325844,0.01,2_trailing,Raman,Gold
788.2266731802638,0.0,2_trailing,Raman,Gold
789.9364924279433,0.0,2_trailing,Raman,Gold
791.6463116756229,0.0,2_trailing,Raman,Gold
793.3561309233024,0.0,2_trailing,Raman,Gold
795.065950170982,0.0,2_trailing,Raman,Gold
796.7757694186615,0.01,2_trailing,Raman,Gold
798.4855886663411,0.0,2_trailing,Raman,Gold
800.1954079140205,0.0,2_trailing,Raman,Gold
801.9052271617,0.0,2_trailing,Raman,Gold
803.6150464093796,0.01,2_trailing,Raman,Gold
805.3248656570591,0.0,2_trailing,Raman,Gold
807.0346849047387,0.0,2_trailing,Raman,Gold
808.7445041524182,0.01,2_trailing,Raman,Gold
810.4543234000977,0.0,2_trailing,Raman,Gold
812.1641426477772,0.0,2_trailing,Raman,Gold
813.8739618954568,0.0,2_trailing,Raman,Gold
815.5837811431363,0.0,2_trailing,Raman,Gold
817.2936003908159,0.0,2_trailing,Raman,Gold
819.0034196384954,0.0,2_trailing,Raman,Gold
820.713238886175,0.0,2_trailing,Raman,Gold
822.4230581338544,0.0,2_trailing,Raman,Gold
824.132877381534,0.0,2_trailing,Raman,Gold
825.8426966292135,0.0,2_trailing,Raman,Gold
827.552515876893,0.0,2_trailing,Raman,Gold
829.2623351245726,0.0,2_trailing,Raman,Gold
830.9721543722521,0.0,2_trailing,Raman,Gold
832.6819736199317,0.0,2_trailing,Raman,Gold
834.3917928676111,0.0,2_trailing,Raman,Gold
836.1016121152907,0.01,2_trailing,Raman,Gold
837.8114313629702,0.01,2_trailing,Raman,Gold
839.5212506106498,0.0,2_trailing,Raman,Gold
841.2310698583293,0.0,2_trailing,Raman,Gold
842.9408891060089,0.0,2_trailing,Raman,Gold
844.6507083536884,0.0,2_trailing,Raman,Gold
846.3605276013678,0.0,2_trailing,Raman,Gold
848.0703468490474,0.0,2_trailing,Raman,Gold
849.7801660967269,0.0,2_trailing,Raman,Gold
851.4899853444065,0.0,2_trailing,Raman,Gold
853.199804592086,0.0,2_trailing,Raman,Gold
854.9096238397656,0.0,2_trailing,Raman,Gold
856.6194430874451,0.0,2_trailing,Raman,Gold
858.3292623351246,0.0,2_trailing,Raman,Gold
860.0390815828041,0.0,2_trailing,Raman,Gold
861.7489008304836,0.0,2_trailing,Raman,Gold
863.4587200781632,0.0,2_trailing,Raman,Gold
865.1685393258427,0.0,2_trailing,Raman,Gold
866.8783585735223,0.0,2_trailing,Raman,Gold
868.5881778212018,0.02,2_trailing,Raman,Gold
870.2979970688813,0.0,2_trailing,Raman,Gold
872.0078163165608,0.0,2_trailing,Raman,Gold
873.7176355642404,0.0,2_trailing,Raman,Gold
875.4274548119199,0.0,2_trailing,Raman,Gold
877.1372740595995,0.0,2_trailing,Raman,Gold
878.847093307279,0.01,2_trailing,Raman,Gold
880.5569125549586,0.0,2_trailing,Raman,Gold
882.266731802638,0.0,2_trailing,Raman,Gold
883.9765510503175,0.0,2_trailing,Raman,Gold
885.6863702979971,0.0,2_trailing,Raman,Gold
887.3961895456766,0.0,2_trailing,Raman,Gold
889.1060087933562,0.0,2_trailing,Raman,Gold
890.8158280410357,0.0,2_trailing,Raman,Gold
892.5256472887153,0.0,2_trailing,Raman,Gold
894.2354665363947,0.0,2_trailing,Raman,Gold
895.9452857840743,0.01,2_trailing,Raman,Gold
897.6551050317538,0.0,2_trailing,Raman,Gold
899.3649242794334,0.01,2_trailing,Raman,Gold
901.0747435271129,0.0,2_trailing,Raman,Gold
902.7845627747924,0.0,2_trailing,Raman,Gold
904.494382022472,0.0,2_trailing,Raman,Gold
906.2042012701514,0.0,2_trailing,Raman,Gold
907.914020517831,0.0,2_trailing,Raman,Gold
909.6238397655105,0.0,2_trailing,Raman,Gold
911.3336590131901,0.0,2_trailing,Raman,Gold
913.0434782608696,0.01,2_trailing,Raman,Gold
914.7532975085492,0.0,2_trailing,Raman,Gold
916.4631167562287,0.0,2_trailing,Raman,Gold
918.1729360039081,0.0,2_trailing,Raman,Gold
919.8827552515877,0.02,2_trailing,Raman,Gold
921.5925744992672,0.01,2_trailing,Raman,Gold
923.3023937469468,0.01,2_trailing,Raman,Gold
925.0122129946263,0.0,2_trailing,Raman,Gold
926.7220322423059,0.0,2_trailing,Raman,Gold
928.4318514899854,0.0,2_trailing,Raman,Gold
930.1416707376649,0.0,2_trailing,Raman,Gold
931.8514899853444,0.01,2_trailing,Raman,Gold
933.561309233024,0.0,2_trailing,Raman,Gold
935.2711284807035,0.0,2_trailing,Raman,Gold
936.9809477283831,0.01,2_trailing,Raman,Gold
938.6907669760626,0.0,2_trailing,Raman,Gold
940.4005862237422,0.0,2_trailing,Raman,Gold
942.1104054714216,0.0,2_trailing,Raman,Gold
943.8202247191011,0.0,2_trailing,Raman,Gold
945.5300439667807,0.0,2_trailing,Raman,Gold
947.2398632144602,0.0,2_trailing,Raman,Gold
948.9496824621398,0.0,2_trailing,Raman,Gold
950.6595017098193,0.01,2_trailing,Raman,Gold
952.3693209574988,0.0,2_trailing,Raman,Gold
954.0791402051783,0.0,2_trailing,Raman,Gold
955.7889594528579,0.0,2_trailing,Raman,Gold
957.4987787005374,0.0,2_trailing,Raman,Gold
959.208597948217,0.0,2_trailing,Raman,Gold
960.9184171958965,0.0,2_trailing,Raman,Gold
962.628236443576,0.0,2_trailing,Raman,Gold
964.3380556912555,0.0,2_trailing,Raman,Gold
966.047874938935,0.0,2_trailing,Raman,Gold
967.7576941866146,0.0,2_trailing,Raman,Gold
969.4675134342941,0.0,2_trailing,Raman,Gold
971.1773326819737,0.01,2_trailing,Raman,Gold
972.8871519296532,0.0,2_trailing,Raman,Gold
974.5969711773328,0.0,2_trailing,Raman,Gold
976.3067904250122,0.0,2_trailing,Raman,Gold
978.0166096726917,0.0,2_trailing,Raman,Gold
979.7264289203713,0.0,2_trailing,Raman,Gold
981.4362481680508,0.0,2_trailing,Raman,Gold
983.1460674157304,0.0,2_trailing,Raman,Gold
984.8558866634099,0.0,2_trailing,Raman,Gold
986.5657059110895,0.0,2_trailing,Raman,Gold
988.2755251587689,0.0,2_trailing,Raman,Gold
989.9853444064485,0.01,2_trailing,Raman,Gold
991.695163654128,0.0,2_trailing,Raman,Gold
993.4049829018076,0.0,2_trailing,Raman,Gold
995.1148021494871,0.0,2_trailing,Raman,Gold
996.8246213971667,0.0,2_trailing,Raman,Gold
998.5344406448462,0.01,2_trailing,Raman,Gold
1000.2442598925256,0.0,2_trailing,Raman,Gold
1001.9540791402052,0.0,2_trailing,Raman,Gold
1003.6638983878847,0.01,2_trailing,Raman,Gold
1005.3737176355643,0.0,2_trailing,Raman,Gold
1007.0835368832438,0.0,2_trailing,Raman,Gold
1008.7933561309234,0.0,2_trailing,Raman,Gold
1010.5031753786029,0.0,2_trailing,Raman,Gold
1012.2129946262824,0.01,2_trailing,Raman,Gold
1013.9228138739619,0.0,2_trailing,Raman,Gold
1015.6326331216414,0.0,2_trailing,Raman,Gold
1017.342452369321,0.0,2_trailing,Raman,Gold
1019.0522716170005,0.0,2_trailing,Raman,Gold
1020.7620908646801,0.0,2_trailing,Raman,Gold
1022.4719101123596,0.0,2_trailing,Raman,Gold
1024.181729360039,0.01,2_trailing,Raman,Gold
1025.8915486077187,0.0,2_trailing,Raman,Gold
1027.6013678553982,0.0,2_trailing,Raman,Gold
1029.3111871030776,0.0,2_trailing,Raman,Gold
1031.0210063507573,0.0,2_trailing,Raman,Gold
1032.7308255984367,0.0,2_trailing,Raman,Gold
1034.4406448461164,0.0,2_trailing,Raman,Gold
1036.1504640937958,0.01,2_trailing,Raman,Gold
1037.8602833414755,0.0,2_trailing,Raman,Gold
1039.5701025891549,0.0,2_trailing,Raman,Gold
1041.2799218368343,0.02,2_trailing,Raman,Gold
1042.989741084514,0.0,2_trailing,Raman,Gold
1044.6995603321934,0.0,2_trailing,Raman,Gold
1046.409379579873,0.0,2_trailing,Raman,Gold
1048.1191988275525,0.0,2_trailing,Raman,Gold
1049.8290180752322,0.01,2_trailing,Raman,Gold
1051.5388373229116,0.0,2_trailing,Raman,Gold
1053.248656570591,0.0,2_trailing,Raman,Gold
1054.9584758182707,0.0,2_trailing,Raman,Gold
1056.6682950659501,0.0,2_trailing,Raman,Gold
1058.3781143136298,0.0,2_trailing,Raman,Gold
1060.0879335613092,0.01,2_trailing,Raman,Gold
1061.797752808989,0.0,2_trailing,Raman,Gold
1063.5075720566683,0.0,2_trailing,Raman,Gold
1065.2173913043478,0.0,2_trailing,Raman,Gold
1066.9272105520274,0.01,2_trailing,Raman,Gold
1068.6370297997069,0.0,2_trailing,Raman,Gold
1070.3468490473865,0.0,2_trailing,Raman,Gold
1072.056668295066,0.0,2_trailing,Raman,Gold
1073.7664875427456,0.0,2_trailing,Raman,Gold
1075.476306790425,0.0,2_trailing,Raman,Gold
1077.1861260381045,0.0,2_trailing,Raman,Gold
1078.8959452857841,0.01,2_trailing,Raman,Gold
1080.6057645334636,0.0,2_trailing,Raman,Gold
1082.3155837811432,0.0,2_trailing,Raman,Gold
1084.0254030288227,0.01,2_trailing,Raman,Gold
1085.7352222765023,0.0,2_trailing,Raman,Gold
1087.4450415241818,0.0,2_trailing,Raman,Gold
1089.1548607718612,0.0,2_trailing,Raman,Gold
1090.8646800195409,0.0,2_trailing,Raman,Gold
1092.5744992672203,0.01,2_trailing,Raman,Gold
1094.2843185149,0.0,2_trailing,Raman,Gold
1095.9941377625794,0.0,2_trailing,Raman,Gold
1097.703957010259,0.0,2_trailing,Raman,Gold
1099.4137762579385,0.0,2_trailing,Raman,Gold
1101.123595505618,0.0,2_trailing,Raman,Gold
1102.8334147532976,0.0,2_trailing,Raman,Gold
1104.543234000977,0.0,2_trailing,Raman,Gold
1106.2530532486567,0.0,2_trailing,Raman,Gold
1107.962872496336,0.0,2_trailing,Raman,Gold
1109.6726917440158,0.0,2_trailing,Raman,Gold
1111.3825109916952,0.02,2_trailing,Raman,Gold
1113.0923302393746,0.0,2_trailing,Raman,Gold
1114.8021494870543,0.0,2_trailing,Raman,Gold
1116.5119687347337,0.0,2_trailing,Raman,Gold
1118.2217879824134,0.0,2_trailing,Raman,Gold
1119.9316072300928,0.0,2_trailing,Raman,Gold
1121.6414264777725,0.0,2_trailing,Raman,Gold
1123.351245725452,0.01,2_trailing,Raman,Gold
1125.0610649731314,0.0,2_trailing,Raman,Gold
1126.770884220811,0.0,2_trailing,Raman,Gold
1128.4807034684904,0.0,2_trailing,Raman,Gold
1130.19052271617,0.0,2_trailing,Raman,Gold
1131.9003419638495,0.0,2_trailing,Raman,Gold
1133.6101612115292,0.0,2_trailing,Raman,Gold
1135.3199804592086,0.0,2_trailing,Raman,Gold
1137.029799706888,0.0,2_trailing,Raman,Gold
1138.7396189545677,0.0,2_trailing,Raman,Gold
1140.4494382022472,0.0,2_trailing,Raman,Gold
1142.1592574499268,0.01,2_trailing,Raman,Gold
1143.8690766976063,0.0,2_trailing,Raman,Gold
1145.578895945286,0.0,2_trailing,Raman,Gold
1147.2887151929654,0.0,2_trailing,Raman,Gold
1148.9985344406448,0.0,2_trailing,Raman,Gold
1150.7083536883245,0.01,2_trailing,Raman,Gold
1152.4181729360039,0.0,2_trailing,Raman,Gold
1154.1279921836835,0.0,2_trailing,Raman,Gold
1155.837811431363,0.0,2_trailing,Raman,Gold
1157.5476306790426,0.0,2_trailing,Raman,Gold
1159.257449926722,0.0,2_trailing,Raman,Gold
1160.9672691744015,0.0,2_trailing,Raman,Gold
1162.6770884220812,0.0,2_trailing,Raman,Gold
1164.3869076697606,0.01,2_trailing,Raman,Gold
1166.0967269174403,0.0,2_trailing,Raman,Gold
1167.8065461651197,0.0,2_trailing,Raman,Gold
1169.5163654127994,0.0,2_trailing,Raman,Gold
1171.2261846604788,0.0,2_trailing,Raman,Gold
1172.9360039081582,0.0,2_trailing,Raman,Gold
1174.645823155838,0.0,2_trailing,Raman,Gold
1176.3556424035173,0.0,2_trailing,Raman,Gold
1178.065461651197,0.0,2_trailing,Raman,Gold
1179.7752808988764,0.0,2_trailing,Raman,Gold
1181.485100146556,0.0,2_trailing,Raman,Gold
1183.1949193942355,0.0,2_trailing,Raman,Gold
1184.904738641915,0.0,2_trailing,Raman,Gold
1186.6145578895946,0.0,2_trailing,Raman,Gold
1188.324377137274,0.0,2_trailing,Raman,Gold
1190.0341963849537,0.0,2_trailing,Raman,Gold
1191.7440156326331,0.01,2_trailing,Raman,Gold
1193.4538348803128,0.0,2_trailing,Raman,Gold
1195.1636541279922,0.0,2_trailing,Raman,Gold
1196.8734733756717,0.0,2_trailing,Raman,Gold
1198.5832926233513,0.0,2_trailing,Raman,Gold
1200.2931118710308,0.0,2_trailing,Raman,Gold
1202.0029311187104,0.0,2_trailing,Raman,Gold
1203.7127503663899,0.0,2_trailing,Raman,Gold
1205.4225696140695,0.0,2_trailing,Raman,Gold
1207.132388861749,0.0,2_trailing,Raman,Gold
1208.8422081094284,0.0,2_trailing,Raman,Gold
1210.552027357108,0.0,2_trailing,Raman,Gold
1212.2618466047875,0.0,2_trailing,Raman,Gold
1213.9716658524671,0.0,2_trailing,Raman,Gold
1215.6814851001466,0.0,2_trailing,Raman,Gold
1217.3913043478262,0.0,2_trailing,Raman,Gold
1219.1011235955057,0.0,2_trailing,Raman,Gold
1220.810942843185,0.0,2_trailing,Raman,Gold
1222.5207620908648,0.0,2_trailing,Raman,Gold
1224.2305813385442,0.0,2_trailing,Raman,Gold
1225.9404005862239,0.0,2_trailing,Raman,Gold
1227.6502198339033,0.0,2_trailing,Raman,Gold
1229.360039081583,0.0,2_trailing,Raman,Gold
1231.0698583292624,0.0,2_trailing,Raman,Gold
1232.7796775769418,0.01,2_trailing,Raman,Gold
1234.4894968246215,0.0,2_trailing,Raman,Gold
1236.199316072301,0.0,2_trailing,Raman,Gold
1237.9091353199806,0.0,2_trailing,Raman,Gold
1239.61895456766,0.0,2_trailing,Raman,Gold
1241.3287738153397,0.0,2_trailing,Raman,Gold
1243.038593063019,0.01,2_trailing,Raman,Gold
1244.7484123106985,0.0,2_trailing,Raman,Gold
1246.4582315583782,0.0,2_trailing,Raman,Gold
1248.1680508060576,0.0,2_trailing,Raman,Gold
1249.8778700537373,0.0,2_trailing,Raman,Gold
1251.5876893014167,0.0,2_trailing,Raman,Gold
1253.2975085490964,0.0,2_trailing,Raman,Gold
1255.0073277967758,0.0,2_trailing,Raman,Gold
1256.7171470444553,0.01,2_trailing,Raman,Gold
1258.426966292135,0.0,2_trailing,Raman,Gold
1260.1367855398144,0.0,2_trailing,Raman,Gold
1261.846604787494,0.01,2_trailing,Raman,Gold
1263.5564240351734,0.0,2_trailing,Raman,Gold
1265.266243282853,0.01,2_trailing,Raman,Gold
1266.9760625305325,0.0,2_trailing,Raman,Gold
1268.685881778212,0.0,2_trailing,Raman,Gold
1270.3957010258916,0.0,2_trailing,Raman,Gold
1272.105520273571,0.01,2_trailing,Raman,Gold
1273.8153395212507,0.0,2_trailing,Raman,Gold
1275.5251587689302,0.0,2_trailing,Raman,Gold
1277.2349780166098,0.0,2_trailing,Raman,Gold
1278.9447972642893,0.0,2_trailing,Raman,Gold
1280.6546165119687,0.0,2_trailing,Raman,Gold
1282.3644357596484,0.0,2_trailing,Raman,Gold
1284.0742550073278,0.0,2_trailing,Raman,Gold
1285.7840742550075,0.01,2_trailing,Raman,Gold
1287.493893502687,0.0,2_trailing,Raman,Gold
1289.2037127503665,0.0,2_trailing,Raman,Gold
1290.913531998046,0.0,2_trailing,Raman,Gold
1292.6233512457254,0.0,2_trailing,Raman,Gold
1294.333170493405,0.0,2_trailing,Raman,Gold
1296.0429897410845,0.01,2_trailing,Raman,Gold
1297.7528089887642,0.0,2_trailing,Raman,Gold
1299.4626282364436,0.0,2_trailing,Raman,Gold
1301.1724474841233,0.0,2_trailing,Raman,Gold
1302.8822667318027,0.0,2_trailing,Raman,Gold
1304.5920859794821,0.0,2_trailing,Raman,Gold
1306.3019052271618,0.0,2_trailing,Raman,Gold
1308.0117244748412,0.01,2_trailing,Raman,Gold
1309.721543722521,0.0,2_trailing,Raman,Gold
1311.4313629702003,0.0,2_trailing,Raman,Gold
1313.1411822178798,0.0,2_trailing,Raman,Gold
1314.8510014655594,0.0,2_trailing,Raman,Gold
1316.5608207132389,0.0,2_trailing,Raman,Gold
1318.2706399609185,0.0,2_trailing,Raman,Gold
1319.980459208598,0.0,2_trailing,Raman,Gold
1321.6902784562776,0.0,2_trailing,Raman,Gold
1323.400097703957,0.0,2_trailing,Raman,Gold
1325.1099169516365,0.0,2_trailing,Raman,Gold
1326.8197361993161,0.0,2_trailing,Raman,Gold
1328.5295554469956,0.0,2_trailing,Raman,Gold
1330.2393746946752,0.0,2_trailing,Raman,Gold
1331.9491939423547,0.0,2_trailing,Raman,Gold
1333.6590131900343,0.0,2_trailing,Raman,Gold
1335.3688324377138,0.0,2_trailing,Raman,Gold
1337.0786516853932,0.0,2_trailing,Raman,Gold
1338.7884709330729,0.0,2_trailing,Raman,Gold
1340.4982901807523,0.0,2_trailing,Raman,Gold
1342.208109428432,0.0,2_trailing,Raman,Gold
1343.9179286761114,0.0,2_trailing,Raman,Gold
1345.627747923791,0.0,2_trailing,Raman,Gold
1347.3375671714705,0.0,2_trailing,Raman,Gold
1349.04738641915,0.0,2_trailing,Raman,Gold
1350.7572056668296,0.0,2_trailing,Raman,Gold
1352.467024914509,0.0,2_trailing,Raman,Gold
1354.1768441621887,0.0,2_trailing,Raman,Gold
1355.886663409868,0.01,2_trailing,Raman,Gold
1357.5964826575478,0.0,2_trailing,Raman,Gold
1359.3063019052272,0.0,2_trailing,Raman,Gold
1361.0161211529066,0.0,2_trailing,Raman,Gold
1362.7259404005863,0.0,2_trailing,Raman,Gold
1364.4357596482657,0.0,2_trailing,Raman,Gold
1366.1455788959454,0.01,2_trailing,Raman,Gold
1367.8553981436248,0.0,2_trailing,Raman,Gold
1369.5652173913045,0.02,2_trailing,Raman,Gold
1371.275036638984,0.0,2_trailing,Raman,Gold
1372.9848558866634,0.0,2_trailing,Raman,Gold
1374.694675134343,0.0,2_trailing,Raman,Gold
1376.4044943820224,0.0,2_trailing,Raman,Gold
1378.114313629702,0.0,2_trailing,Raman,Gold
1379.8241328773815,0.01,2_trailing,Raman,Gold
1381.5339521250612,0.0,2_trailing,Raman,Gold
1383.2437713727406,0.0,2_trailing,Raman,Gold
1384.95359062042,0.0,2_trailing,Raman,Gold
1386.6634098680997,0.0,2_trailing,Raman,Gold
1388.3732291157792,0.0,2_trailing,Raman,Gold
1390.0830483634588,0.0,2_trailing,Raman,Gold
1391.7928676111383,0.0,2_trailing,Raman,Gold
1393.502686858818,0.0,2_trailing,Raman,Gold
1395.2125061064974,0.0,2_trailing,Raman,Gold
1396.9223253541768,0.0,2_trailing,Raman,Gold
1398.6321446018565,0.0,2_trailing,Raman,Gold
1400.341963849536,0.0,2_trailing,Raman,Gold
1402.0517830972155,0.0,2_trailing,Raman,Gold
1403.761602344895,0.0,2_trailing,Raman,Gold
1405.4714215925746,0.0,2_trailing,Raman,Gold
1407.181240840254,0.0,2_trailing,Raman,Gold
1408.8910600879335,0.0,2_trailing,Raman,Gold
1410.6008793356132,0.01,2_trailing,Raman,Gold
1412.3106985832926,0.0,2_trailing,Raman,Gold
1414.0205178309723,0.0,2_trailing,Raman,Gold
1415.7303370786517,0.0,2_trailing,Raman,Gold
1417.4401563263314,0.0,2_trailing,Raman,Gold
1419.1499755740108,0.0,2_trailing,Raman,Gold
1420.8597948216902,0.0,2_trailing,Raman,Gold
1422.56961406937,0.0,2_trailing,Raman,Gold
1424.2794333170493,0.01,2_trailing,Raman,Gold
1425.989252564729,0.0,2_trailing,Raman,Gold
1427.6990718124084,0.0,2_trailing,Raman,Gold
1429.408891060088,0.0,2_trailing,Raman,Gold
1431.1187103077675,0.0,2_trailing,Raman,Gold
1432.828529555447,0.0,2_trailing,Raman,Gold
1434.5383488031266,0.0,2_trailing,Raman,Gold
1436.248168050806,0.0,2_trailing,Raman,Gold
1437.9579872984857,0.0,2_trailing,Raman,Gold
1439.6678065461651,0.0,2_trailing,Raman,Gold
1441.3776257938448,0.0,2_trailing,Raman,Gold
1443.0874450415242,0.0,2_trailing,Raman,Gold
1444.7972642892037,0.0,2_trailing,Raman,Gold
1446.5070835368833,0.0,2_trailing,Raman,Gold
1448.2169027845628,0.0,2_trailing,Raman,Gold
1449.9267220322424,0.01,2_trailing,Raman,Gold
1451.6365412799219,0.0,2_trailing,Raman,Gold
1453.3463605276015,0.01,2_trailing,Raman,Gold
1455.056179775281,0.0,2_trailing,Raman,Gold
1456.7659990229604,0.0,2_trailing,Raman,Gold
1458.47581827064,0.0,2_trailing,Raman,Gold
1460.1856375183195,0.0,2_trailing,Raman,Gold
1461.8954567659991,0.0,2_trailing,Raman,Gold
1463.6052760136786,0.01,2_trailing,Raman,Gold
1465.3150952613582,0.0,2_trailing,Raman,Gold
1467.0249145090377,0.0,2_trailing,Raman,Gold
1468.734733756717,0.0,2_trailing,Raman,Gold
1470.4445530043968,0.0,2_trailing,Raman,Gold
1472.1543722520762,0.0,2_trailing,Raman,Gold
1473.8641914997559,0.0,2_trailing,Raman,Gold
1475.5740107474353,0.0,2_trailing,Raman,Gold
1477.283829995115,0.0,2_trailing,Raman,Gold
1478.9936492427944,0.0,2_trailing,Raman,Gold
1480.7034684904738,0.01,2_trailing,Raman,Gold
1482.4132877381535,0.0,2_trailing,Raman,Gold
1484.123106985833,0.0,2_trailing,Raman,Gold
1485.8329262335126,0.0,2_trailing,Raman,Gold
1487.542745481192,0.0,2_trailing,Raman,Gold
1489.2525647288717,0.0,2_trailing,Raman,Gold
1490.962383976551,0.0,2_trailing,Raman,Gold
1492.6722032242305,0.0,2_trailing,Raman,Gold
1494.3820224719102,0.0,2_trailing,Raman,Gold
1496.0918417195896,0.0,2_trailing,Raman,Gold
1497.8016609672693,0.0,2_trailing,Raman,Gold
1499.5114802149487,0.0,2_trailing,Raman,Gold
1501.2212994626284,0.0,2_trailing,Raman,Gold
1502.9311187103078,0.0,2_trailing,Raman,Gold
1504.6409379579873,0.01,2_trailing,Raman,Gold
1506.350757205667,0.0,2_trailing,Raman,Gold
1508.0605764533464,0.0,2_trailing,Raman,Gold
1509.770395701026,0.0,2_trailing,Raman,Gold
1511.4802149487055,0.0,2_trailing,Raman,Gold
1513.190034196385,0.0,2_trailing,Raman,Gold
1514.8998534440645,0.0,2_trailing,Raman,Gold
1516.609672691744,0.0,2_trailing,Raman,Gold
1518.3194919394236,0.0,2_trailing,Raman,Gold
1520.029311187103,0.0,2_trailing,Raman,Gold
1521.7391304347827,0.0,2_trailing,Raman,Gold
1523.4489496824622,0.0,2_trailing,Raman,Gold
1525.1587689301418,0.0,2_trailing,Raman,Gold
1526.8685881778213,0.0,2_trailing,Raman,Gold
1528.5784074255007,0.0,2_trailing,Raman,Gold
1530.2882266731804,0.01,2_trailing,Raman,Gold
1531.9980459208598,0.0,2_trailing,Raman,Gold
1533.7078651685395,0.0,2_trailing,Raman,Gold
1535.417684416219,0.0,2_trailing,Raman,Gold
1537.1275036638986,0.0,2_trailing,Raman,Gold
1538.837322911578,0.0,2_trailing,Raman,Gold
1540.5471421592574,0.0,2_trailing,Raman,Gold
1542.256961406937,0.0,2_trailing,Raman,Gold
1543.9667806546165,0.0,2_trailing,Raman,Gold
1545.6765999022962,0.0,2_trailing,Raman,Gold
1547.3864191499756,0.01,2_trailing,Raman,Gold
1549.0962383976553,0.0,2_trailing,Raman,Gold
1550.8060576453347,0.0,2_trailing,Raman,Gold
1552.5158768930141,0.0,2_trailing,Raman,Gold
1554.2256961406938,0.0,2_trailing,Raman,Gold
1555.9355153883732,0.0,2_trailing,Raman,Gold
1557.645334636053,0.0,2_trailing,Raman,Gold
1559.3551538837323,0.0,2_trailing,Raman,Gold
1561.064973131412,0.0,2_trailing,Raman,Gold
1562.7747923790914,0.0,2_trailing,Raman,Gold
1564.4846116267709,0.0,2_trailing,Raman,Gold
1566.1944308744505,0.0,2_trailing,Raman,Gold
1567.90425012213,0.0,2_trailing,Raman,Gold
1569.6140693698096,0.0,2_trailing,Raman,Gold
1571.323888617489,0.01,2_trailing,Raman,Gold
1573.0337078651687,0.0,2_trailing,Raman,Gold
1574.7435271128481,0.0,2_trailing,Raman,Gold
1576.4533463605276,0.0,2_trailing,Raman,Gold
1578.1631656082072,0.0,2_trailing,Raman,Gold
1579.8729848558867,0.0,2_trailing,Raman,Gold
1581.5828041035663,0.0,2_trailing,Raman,Gold
1583.2926233512458,0.01,2_trailing,Raman,Gold
1585.0024425989254,0.01,2_trailing,Raman,Gold
1586.7122618466049,0.0,2_trailing,Raman,Gold
1588.4220810942843,0.0,2_trailing,Raman,Gold
1590.131900341964,0.0,2_trailing,Raman,Gold
1591.8417195896434,0.0,2_trailing,Raman,Gold
1593.551538837323,0.0,2_trailing,Raman,Gold
1595.2613580850025,0.0,2_trailing,Raman,Gold
1596.9711773326821,0.0,2_trailing,Raman,Gold
1598.6809965803616,0.0,2_trailing,Raman,Gold
1600.390815828041,0.0,2_trailing,Raman,Gold
1602.1006350757207,0.0,2_trailing,Raman,Gold
1603.8104543234,0.0,2_trailing,Raman,Gold
1605.5202735710798,0.0,2_trailing,Raman,Gold
1607.2300928187592,0.01,2_trailing,Raman,Gold
1608.9399120664386,0.01,2_trailing,Raman,Gold
1610.6497313141183,0.0,2_trailing,Raman,Gold
1612.3595505617977,0.0,2_trailing,Raman,Gold
1614.0693698094774,0.0,2_trailing,Raman,Gold
1615.7791890571568,0.0,2_trailing,Raman,Gold
1617.4890083048365,0.01,2_trailing,Raman,Gold
1619.198827552516,0.01,2_trailing,Raman,Gold
1620.9086468001954,0.0,2_trailing,Raman,Gold
1622.618466047875,0.0,2_trailing,Raman,Gold
1624.3282852955545,0.0,2_trailing,Raman,Gold
1626.038104543234,0.0,2_trailing,Raman,Gold
1627.7479237909135,0.01,2_trailing,Raman,Gold
1629.4577430385932,0.01,2_trailing,Raman,Gold
1631.1675622862726,0.0,2_trailing,Raman,Gold
1632.877381533952,0.0,2_trailing,Raman,Gold
1634.5872007816317,0.0,2_trailing,Raman,Gold
1636.2970200293112,0.0,2_trailing,Raman,Gold
1638.0068392769908,0.01,2_trailing,Raman,Gold
1639.7166585246703,0.0,2_trailing,Raman,Gold
1641.42647777235,0.0,2_trailing,Raman,Gold
1643.1362970200294,0.0,2_trailing,Raman,Gold
1644.8461162677088,0.0,2_trailing,Raman,Gold
1646.5559355153885,0.0,2_trailing,Raman,Gold
1648.265754763068,0.0,2_trailing,Raman,Gold
1649.9755740107476,0.0,2_trailing,Raman,Gold
1651.685393258427,0.0,2_trailing,Raman,Gold
1653.3952125061066,0.0,2_trailing,Raman,Gold
1655.105031753786,0.0,2_trailing,Raman,Gold
1656.8148510014655,0.0,2_trailing,Raman,Gold
1658.5246702491452,0.0,2_trailing,Raman,Gold
1660.2344894968246,0.0,2_trailing,Raman,Gold
1661.9443087445043,0.01,2_trailing,Raman,Gold
1663.6541279921837,0.0,2_trailing,Raman,Gold
1665.3639472398634,0.0,2_trailing,Raman,Gold
1667.0737664875428,0.0,2_trailing,Raman,Gold
1668.7835857352222,0.0,2_trailing,Raman,Gold
1670.493404982902,0.0,2_trailing,Raman,Gold
1672.2032242305813,0.0,2_trailing,Raman,Gold
1673.913043478261,0.01,2_trailing,Raman,Gold
1675.6228627259404,0.01,2_trailing,Raman,Gold
1677.33268197362,0.0,2_trailing,Raman,Gold
1679.0425012212995,0.0,2_trailing,Raman,Gold
1680.752320468979,0.0,2_trailing,Raman,Gold
1682.4621397166586,0.0,2_trailing,Raman,Gold
1684.171958964338,0.0,2_trailing,Raman,Gold
1685.8817782120177,0.0,2_trailing,Raman,Gold
1687.5915974596971,0.0,2_trailing,Raman,Gold
1689.3014167073768,0.0,2_trailing,Raman,Gold
1691.0112359550562,0.01,2_trailing,Raman,Gold
1692.7210552027357,0.01,2_trailing,Raman,Gold
1694.4308744504153,0.0,2_trailing,Raman,Gold
1696.1406936980948,0.0,2_trailing,Raman,Gold
1697.8505129457744,0.0,2_trailing,Raman,Gold
1699.5603321934539,0.0,2_trailing,Raman,Gold
1701.2701514411335,0.0,2_trailing,Raman,Gold
1702.979970688813,0.0,2_trailing,Raman,Gold
1704.6897899364924,0.0,2_trailing,Raman,Gold
1706.399609184172,0.0,2_trailing,Raman,Gold
1708.1094284318515,0.0,2_trailing,Raman,Gold
1709.8192476795311,0.0,2_trailing,Raman,Gold
1711.5290669272106,0.0,2_trailing,Raman,Gold
1713.2388861748902,0.0,2_trailing,Raman,Gold
1714.9487054225697,0.01,2_trailing,Raman,Gold
1716.658524670249,0.0,2_trailing,Raman,Gold
1718.3683439179288,0.01,2_trailing,Raman,Gold
1720.0781631656082,0.0,2_trailing,Raman,Gold
1721.7879824132879,0.0,2_trailing,Raman,Gold
1723.4978016609673,0.0,2_trailing,Raman,Gold
1725.207620908647,0.0,2_trailing,Raman,Gold
1726.9174401563264,0.0,2_trailing,Raman,Gold
1728.6272594040058,0.0,2_trailing,Raman,Gold
1730.3370786516855,0.0,2_trailing,Raman,Gold
1732.046897899365,0.01,2_trailing,Raman,Gold
1733.7567171470446,0.0,2_trailing,Raman,Gold
1735.466536394724,0.01,2_trailing,Raman,Gold
1737.1763556424037,0.0,2_trailing,Raman,Gold
1738.886174890083,0.0,2_trailing,Raman,Gold
1740.5959941377625,0.0,2_trailing,Raman,Gold
1742.3058133854422,0.0,2_trailing,Raman,Gold
1744.0156326331216,0.0,2_trailing,Raman,Gold
1745.7254518808013,0.0,2_trailing,Raman,Gold
1747.4352711284807,0.01,2_trailing,Raman,Gold
1749.1450903761604,0.0,2_trailing,Raman,Gold
1750.8549096238398,0.0,2_trailing,Raman,Gold
1752.5647288715193,0.0,2_trailing,Raman,Gold
1754.274548119199,0.0,2_trailing,Raman,Gold
1755.9843673668784,0.0,2_trailing,Raman,Gold
1757.694186614558,0.0,2_trailing,Raman,Gold
1759.4040058622375,0.0,2_trailing,Raman,Gold
1761.1138251099171,0.0,2_trailing,Raman,Gold
1762.8236443575965,0.0,2_trailing,Raman,Gold
1764.533463605276,0.0,2_trailing,Raman,Gold
1766.2432828529556,0.0,2_trailing,Raman,Gold
1767.953102100635,0.0,2_trailing,Raman,Gold
1769.6629213483147,0.0,2_trailing,Raman,Gold
1771.3727405959942,0.0,2_trailing,Raman,Gold
1773.0825598436738,0.0,2_trailing,Raman,Gold
1774.7923790913533,0.0,2_trailing,Raman,Gold
1776.5021983390327,0.0,2_trailing,Raman,Gold
1778.2120175867124,0.01,2_trailing,Raman,Gold
1779.9218368343918,0.0,2_trailing,Raman,Gold
1781.6316560820715,0.0,2_trailing,Raman,Gold
1783.341475329751,0.0,2_trailing,Raman,Gold
1785.0512945774306,0.0,2_trailing,Raman,Gold
1786.76111382511,0.0,2_trailing,Raman,Gold
1788.4709330727894,0.01,2_trailing,Raman,Gold
1790.180752320469,0.0,2_trailing,Raman,Gold
1791.8905715681485,0.0,2_trailing,Raman,Gold
1793.6003908158282,0.0,2_trailing,Raman,Gold
1795.3102100635076,0.0,2_trailing,Raman,Gold
1797.0200293111873,0.0,2_trailing,Raman,Gold
1798.7298485588667,0.0,2_trailing,Raman,Gold
1800.4396678065461,0.0,2_trailing,Raman,Gold
1802.1494870542258,0.0,2_trailing,Raman,Gold
1803.8593063019052,0.0,2_trailing,Raman,Gold
1805.569125549585,0.0,2_trailing,Raman,Gold
1807.2789447972643,0.0,2_trailing,Raman,Gold
1808.988764044944,0.0,2_trailing,Raman,Gold
1810.6985832926234,0.0,2_trailing,Raman,Gold
1812.4084025403029,0.0,2_trailing,Raman,Gold
1814.1182217879825,0.0,2_trailing,Raman,Gold
1815.828041035662,0.0,2_trailing,Raman,Gold
1817.5378602833416,0.01,2_trailing,Raman,Gold
1819.247679531021,0.0,2_trailing,Raman,Gold
1820.9574987787007,0.01,2_trailing,Raman,Gold
1822.6673180263801,0.0,2_trailing,Raman,Gold
1824.3771372740596,0.0,2_trailing,Raman,Gold
1826.0869565217392,0.0,2_trailing,Raman,Gold
1827.7967757694187,0.0,2_trailing,Raman,Gold
1829.5065950170983,0.0,2_trailing,Raman,Gold
1831.2164142647778,0.0,2_trailing,Raman,Gold
1832.9262335124574,0.01,2_trailing,Raman,Gold
1834.6360527601369,0.0,2_trailing,Raman,Gold
1836.3458720078163,0.0,2_trailing,Raman,Gold
1838.055691255496,0.0,2_trailing,Raman,Gold
1839.7655105031754,0.01,2_trailing,Raman,Gold
1841.475329750855,0.0,2_trailing,Raman,Gold
1843.1851489985345,0.01,2_trailing,Raman,Gold
1844.8949682462141,0.0,2_trailing,Raman,Gold
1846.6047874938936,0.0,2_trailing,Raman,Gold
1848.314606741573,0.0,2_trailing,Raman,Gold
1850.0244259892527,0.0,2_trailing,Raman,Gold
1851.734245236932,0.0,2_trailing,Raman,Gold
1853.4440644846118,0.0,2_trailing,Raman,Gold
1855.1538837322912,0.0,2_trailing,Raman,Gold
1856.8637029799709,0.01,2_trailing,Raman,Gold
1858.5735222276503,0.0,2_trailing,Raman,Gold
1860.2833414753297,0.0,2_trailing,Raman,Gold
1861.9931607230094,0.0,2_trailing,Raman,Gold
1863.7029799706888,0.0,2_trailing,Raman,Gold
1865.4127992183685,0.01,2_trailing,Raman,Gold
1867.122618466048,0.01,2_trailing,Raman,Gold
1868.8324377137276,0.0,2_trailing,Raman,Gold
1870.542256961407,0.0,2_trailing,Raman,Gold
1872.2520762090865,0.0,2_trailing,Raman,Gold
1873.9618954567661,0.0,2_trailing,Raman,Gold
1875.6717147044455,0.0,2_trailing,Raman,Gold
1877.3815339521252,0.0,2_trailing,Raman,Gold
1879.0913531998046,0.0,2_trailing,Raman,Gold
1880.8011724474843,0.0,2_trailing,Raman,Gold
1882.5109916951637,0.0,2_trailing,Raman,Gold
1884.2208109428432,0.0,2_trailing,Raman,Gold
1885.9306301905228,0.0,2_trailing,Raman,Gold
1887.6404494382023,0.0,2_trailing,Raman,Gold
1889.350268685882,0.0,2_trailing,Raman,Gold
1891.0600879335614,0.0,2_trailing,Raman,Gold
1892.769907181241,0.0,2_trailing,Raman,Gold
1894.4797264289205,0.0,2_trailing,Raman,Gold
1896.1895456766,0.0,2_trailing,Raman,Gold
1897.8993649242796,0.0,2_trailing,Raman,Gold
1899.609184171959,0.0,2_trailing,Raman,Gold
1901.3190034196386,0.0,2_trailing,Raman,Gold
1903.028822667318,0.01,2_trailing,Raman,Gold
1904.7386419149975,0.0,2_trailing,Raman,Gold
1906.4484611626772,0.0,2_trailing,Raman,Gold
1908.1582804103566,0.0,2_trailing,Raman,Gold
1909.8680996580363,0.0,2_trailing,Raman,Gold
1911.5779189057157,0.02,2_trailing,Raman,Gold
1913.2877381533954,0.0,2_trailing,Raman,Gold
1914.9975574010748,0.0,2_trailing,Raman,Gold
1916.7073766487542,0.0,2_trailing,Raman,Gold
1918.417195896434,0.0,2_trailing,Raman,Gold
1920.1270151441133,0.0,2_trailing,Raman,Gold
1921.836834391793,0.0,2_trailing,Raman,Gold
1923.5466536394724,0.0,2_trailing,Raman,Gold
1925.256472887152,0.0,2_trailing,Raman,Gold
1926.9662921348315,0.0,2_trailing,Raman,Gold
1928.676111382511,0.0,2_trailing,Raman,Gold
1930.3859306301906,0.0,2_trailing,Raman,Gold
1932.09574987787,0.0,2_trailing,Raman,Gold
1933.8055691255497,0.0,2_trailing,Raman,Gold
1935.5153883732291,0.01,2_trailing,Raman,Gold
1937.2252076209088,0.0,2_trailing,Raman,Gold
1938.9350268685882,0.0,2_trailing,Raman,Gold
1940.6448461162677,0.0,2_trailing,Raman,Gold
1942.3546653639473,0.0,2_trailing,Raman,Gold
1944.0644846116268,0.0,2_trailing,Raman,Gold
1945.7743038593064,0.0,2_trailing,Raman,Gold
1947.4841231069859,0.0,2_trailing,Raman,Gold
1949.1939423546655,0.0,2_trailing,Raman,Gold
1950.903761602345,0.0,2_trailing,Raman,Gold
1952.6135808500244,0.0,2_trailing,Raman,Gold
1954.323400097704,0.01,2_trailing,Raman,Gold
1956.0332193453835,0.0,2_trailing,Raman,Gold
1957.7430385930631,0.0,2_trailing,Raman,Gold
1959.4528578407426,0.01,2_trailing,Raman,Gold
1961.1626770884222,0.0,2_trailing,Raman,Gold
1962.8724963361017,0.0,2_trailing,Raman,Gold
1964.582315583781,0.0,2_trailing,Raman,Gold
1966.2921348314608,0.0,2_trailing,Raman,Gold
1968.0019540791402,0.0,2_trailing,Raman,Gold
1969.7117733268199,0.0,2_trailing,Raman,Gold
1971.4215925744993,0.0,2_trailing,Raman,Gold
1973.131411822179,0.0,2_trailing,Raman,Gold
1974.8412310698584,0.0,2_trailing,Raman,Gold
1976.5510503175378,0.0,2_trailing,Raman,Gold
1978.2608695652175,0.0,2_trailing,Raman,Gold
1979.970688812897,0.0,2_trailing,Raman,Gold
1981.6805080605766,0.0,2_trailing,Raman,Gold
1983.390327308256,0.0,2_trailing,Raman,Gold
1985.1001465559357,0.0,2_trailing,Raman,Gold
1986.8099658036151,0.0,2_trailing,Raman,Gold
1988.5197850512945,0.0,2_trailing,Raman,Gold
1990.2296042989742,0.0,2_trailing,Raman,Gold
1991.9394235466536,0.0,2_trailing,Raman,Gold
1993.6492427943333,0.0,2_trailing,Raman,Gold
1995.3590620420127,0.0,2_trailing,Raman,Gold
1997.0688812896924,0.0,2_trailing,Raman,Gold
1998.7787005373718,0.0,2_trailing,Raman,Gold
2000.4885197850513,0.0,2_trailing,Raman,Gold
2002.198339032731,0.0,2_trailing,Raman,Gold
2003.9081582804104,0.0,2_trailing,Raman,Gold
2005.61797752809,0.0,2_trailing,Raman,Gold
2007.3277967757695,0.0,2_trailing,Raman,Gold
2009.0376160234491,0.0,2_trailing,Raman,Gold
2010.7474352711286,0.0,2_trailing,Raman,Gold
2012.457254518808,0.0,2_trailing,Raman,Gold
2014.1670737664876,0.0,2_trailing,Raman,Gold
2015.876893014167,0.0,2_trailing,Raman,Gold
2017.5867122618467,0.0,2_trailing,Raman,Gold
2019.2965315095262,0.0,2_trailing,Raman,Gold
2021.0063507572058,0.0,2_trailing,Raman,Gold
2022.7161700048853,0.0,2_trailing,Raman,Gold
2024.4259892525647,0.01,2_trailing,Raman,Gold
2026.1358085002444,0.0,2_trailing,Raman,Gold
2027.8456277479238,0.0,2_trailing,Raman,Gold
2029.5554469956035,0.0,2_trailing,Raman,Gold
2031.265266243283,0.01,2_trailing,Raman,Gold
2032.9750854909626,0.01,2_trailing,Raman,Gold
2034.684904738642,0.0,2_trailing,Raman,Gold
2036.3947239863214,0.0,2_trailing,Raman,Gold
2038.104543234001,0.0,2_trailing,Raman,Gold
2039.8143624816805,0.0,2_trailing,Raman,Gold
2041.5241817293602,0.0,2_trailing,Raman,Gold
2043.2340009770396,0.0,2_trailing,Raman,Gold
2044.9438202247193,0.0,2_trailing,Raman,Gold
2046.6536394723987,0.0,2_trailing,Raman,Gold
2048.363458720078,0.0,2_trailing,Raman,Gold
2050.073277967758,0.0,2_trailing,Raman,Gold
2051.7830972154375,0.01,2_trailing,Raman,Gold
2053.4929164631167,0.0,2_trailing,Raman,Gold
2055.2027357107963,0.0,2_trailing,Raman,Gold
2056.912554958476,0.01,2_trailing,Raman,Gold
2058.622374206155,0.0,2_trailing,Raman,Gold
2060.332193453835,0.0,2_trailing,Raman,Gold
2062.0420127015145,0.01,2_trailing,Raman,Gold
2063.751831949194,0.0,2_trailing,Raman,Gold
2065.4616511968734,0.0,2_trailing,Raman,Gold
2067.171470444553,0.0,2_trailing,Raman,Gold
2068.8812896922327,0.0,2_trailing,Raman,Gold
2070.591108939912,0.0,2_trailing,Raman,Gold
2072.3009281875916,0.0,2_trailing,Raman,Gold
2074.0107474352712,0.0,2_trailing,Raman,Gold
2075.720566682951,0.0,2_trailing,Raman,Gold
2077.43038593063,0.0,2_trailing,Raman,Gold
2079.1402051783098,0.0,2_trailing,Raman,Gold
2080.8500244259894,0.01,2_trailing,Raman,Gold
2082.5598436736686,0.0,2_trailing,Raman,Gold
2084.2696629213483,0.0,2_trailing,Raman,Gold
2085.979482169028,0.0,2_trailing,Raman,Gold
2087.6893014167076,0.02,2_trailing,Raman,Gold
2089.399120664387,0.0,2_trailing,Raman,Gold
2091.1089399120665,0.0,2_trailing,Raman,Gold
2092.818759159746,0.0,2_trailing,Raman,Gold
2094.5285784074254,0.0,2_trailing,Raman,Gold
2096.238397655105,0.0,2_trailing,Raman,Gold
2097.9482169027847,0.0,2_trailing,Raman,Gold
2099.6580361504643,0.0,2_trailing,Raman,Gold
2101.3678553981435,0.0,2_trailing,Raman,Gold
2103.077674645823,0.0,2_trailing,Raman,Gold
2104.787493893503,0.01,2_trailing,Raman,Gold
2106.497313141182,0.0,2_trailing,Raman,Gold
2108.2071323888617,0.0,2_trailing,Raman,Gold
2109.9169516365414,0.0,2_trailing,Raman,Gold
2111.626770884221,0.0,2_trailing,Raman,Gold
2113.3365901319003,0.0,2_trailing,Raman,Gold
2115.04640937958,0.0,2_trailing,Raman,Gold
2116.7562286272596,0.0,2_trailing,Raman,Gold
2118.466047874939,0.02,2_trailing,Raman,Gold
2120.1758671226185,0.01,2_trailing,Raman,Gold
2121.885686370298,0.0,2_trailing,Raman,Gold
2123.595505617978,0.0,2_trailing,Raman,Gold
2125.305324865657,0.0,2_trailing,Raman,Gold
2127.0151441133366,0.0,2_trailing,Raman,Gold
2128.7249633610163,0.0,2_trailing,Raman,Gold
2130.4347826086955,0.0,2_trailing,Raman,Gold
2132.144601856375,0.0,2_trailing,Raman,Gold
2133.854421104055,0.01,2_trailing,Raman,Gold
2135.5642403517345,0.0,2_trailing,Raman,Gold
2137.2740595994137,0.0,2_trailing,Raman,Gold
2138.9838788470934,0.0,2_trailing,Raman,Gold
2140.693698094773,0.0,2_trailing,Raman,Gold
2142.4035173424522,0.0,2_trailing,Raman,Gold
2144.113336590132,0.0,2_trailing,Raman,Gold
2145.8231558378116,0.0,2_trailing,Raman,Gold
2147.532975085491,0.0,2_trailing,Raman,Gold
2149.2427943331704,0.0,2_trailing,Raman,Gold
2150.95261358085,0.0,2_trailing,Raman,Gold
2152.6624328285297,0.0,2_trailing,Raman,Gold
2154.372252076209,0.0,2_trailing,Raman,Gold
2156.0820713238886,0.0,2_trailing,Raman,Gold
2157.7918905715683,0.0,2_trailing,Raman,Gold
2159.501709819248,0.0,2_trailing,Raman,Gold
2161.211529066927,0.0,2_trailing,Raman,Gold
2162.921348314607,0.0,2_trailing,Raman,Gold
2164.6311675622865,0.0,2_trailing,Raman,Gold
2166.3409868099657,0.0,2_trailing,Raman,Gold
2168.0508060576453,0.0,2_trailing,Raman,Gold
2169.760625305325,0.01,2_trailing,Raman,Gold
2171.4704445530047,0.0,2_trailing,Raman,Gold
2173.180263800684,0.0,2_trailing,Raman,Gold
2174.8900830483635,0.0,2_trailing,Raman,Gold
2176.599902296043,0.0,2_trailing,Raman,Gold
2178.3097215437224,0.0,2_trailing,Raman,Gold
2180.019540791402,0.0,2_trailing,Raman,Gold
2181.7293600390817,0.0,2_trailing,Raman,Gold
2183.4391792867614,0.0,2_trailing,Raman,Gold
2185.1489985344406,0.0,2_trailing,Raman,Gold
2186.8588177821202,0.02,2_trailing,Raman,Gold
2188.5686370298,0.01,2_trailing,Raman,Gold
2190.278456277479,0.0,2_trailing,Raman,Gold
2191.9882755251588,0.0,2_trailing,Raman,Gold
2193.6980947728384,0.0,2_trailing,Raman,Gold
2195.407914020518,0.0,2_trailing,Raman,Gold
2197.1177332681973,0.0,2_trailing,Raman,Gold
2198.827552515877,0.0,2_trailing,Raman,Gold
2200.5373717635566,0.0,2_trailing,Raman,Gold
2202.247191011236,0.0,2_trailing,Raman,Gold
2203.9570102589155,0.0,2_trailing,Raman,Gold
2205.666829506595,0.0,2_trailing,Raman,Gold
2207.376648754275,0.0,2_trailing,Raman,Gold
2209.086468001954,0.0,2_trailing,Raman,Gold
2210.7962872496337,0.0,2_trailing,Raman,Gold
2212.5061064973133,0.0,2_trailing,Raman,Gold
2214.2159257449925,0.0,2_trailing,Raman,Gold
2215.925744992672,0.0,2_trailing,Raman,Gold
2217.635564240352,0.01,2_trailing,Raman,Gold
2219.3453834880315,0.0,2_trailing,Raman,Gold
2221.0552027357107,0.0,2_trailing,Raman,Gold
2222.7650219833904,0.0,2_trailing,Raman,Gold
2224.47484123107,0.0,2_trailing,Raman,Gold
2226.1846604787493,0.0,2_trailing,Raman,Gold
2227.894479726429,0.0,2_trailing,Raman,Gold
2229.6042989741086,0.0,2_trailing,Raman,Gold
2231.3141182217882,0.0,2_trailing,Raman,Gold
2233.0239374694675,0.0,2_trailing,Raman,Gold
2234.733756717147,0.0,2_trailing,Raman,Gold
2236.443575964827,0.02,2_trailing,Raman,Gold
2238.153395212506,0.0,2_trailing,Raman,Gold
2239.8632144601856,0.0,2_trailing,Raman,Gold
2241.5730337078653,0.0,2_trailing,Raman,Gold
2243.282852955545,0.0,2_trailing,Raman,Gold
2244.992672203224,0.0,2_trailing,Raman,Gold
2246.702491450904,0.01,2_trailing,Raman,Gold
2248.4123106985835,0.0,2_trailing,Raman,Gold
2250.1221299462627,0.0,2_trailing,Raman,Gold
2251.8319491939424,0.0,2_trailing,Raman,Gold
2253.541768441622,0.0,2_trailing,Raman,Gold
2255.2515876893017,0.0,2_trailing,Raman,Gold
2256.961406936981,0.0,2_trailing,Raman,Gold
2258.6712261846606,0.0,2_trailing,Raman,Gold
2260.38104543234,0.0,2_trailing,Raman,Gold
2262.0908646800194,0.0,2_trailing,Raman,Gold
2263.800683927699,0.0,2_trailing,Raman,Gold
2265.5105031753787,0.0,2_trailing,Raman,Gold
2267.2203224230584,0.0,2_trailing,Raman,Gold
2268.9301416707376,0.0,2_trailing,Raman,Gold
2270.6399609184173,0.0,2_trailing,Raman,Gold
2272.349780166097,0.01,2_trailing,Raman,Gold
2274.059599413776,0.0,2_trailing,Raman,Gold
2275.769418661456,0.0,2_trailing,Raman,Gold
2277.4792379091355,0.0,2_trailing,Raman,Gold
2279.189057156815,0.0,2_trailing,Raman,Gold
2280.8988764044943,0.0,2_trailing,Raman,Gold
2282.608695652174,0.0,2_trailing,Raman,Gold
2284.3185148998537,0.0,2_trailing,Raman,Gold
2286.028334147533,0.01,2_trailing,Raman,Gold
2287.7381533952125,0.01,2_trailing,Raman,Gold
2289.447972642892,0.0,2_trailing,Raman,Gold
2291.157791890572,0.0,2_trailing,Raman,Gold
2292.867611138251,0.0,2_trailing,Raman,Gold
2294.5774303859307,0.0,2_trailing,Raman,Gold
2296.2872496336104,0.0,2_trailing,Raman,Gold
2297.9970688812896,0.0,2_trailing,Raman,Gold
2299.7068881289692,0.0,2_trailing,Raman,Gold
2301.416707376649,0.0,2_trailing,Raman,Gold
2303.1265266243286,0.0,2_trailing,Raman,Gold
2304.8363458720078,0.0,2_trailing,Raman,Gold
2306.5461651196874,0.0,2_trailing,Raman,Gold
2308.255984367367,0.0,2_trailing,Raman,Gold
2309.9658036150463,0.0,2_trailing,Raman,Gold
2311.675622862726,0.0,2_trailing,Raman,Gold
2313.3854421104056,0.0,2_trailing,Raman,Gold
2315.0952613580853,0.0,2_trailing,Raman,Gold
2316.8050806057645,0.01,2_trailing,Raman,Gold
2318.514899853444,0.0,2_trailing,Raman,Gold
2320.224719101124,0.0,2_trailing,Raman,Gold
2321.934538348803,0.0,2_trailing,Raman,Gold
2323.6443575964827,0.0,2_trailing,Raman,Gold
2325.3541768441623,0.0,2_trailing,Raman,Gold
2327.063996091842,0.01,2_trailing,Raman,Gold
2328.773815339521,0.0,2_trailing,Raman,Gold
2330.483634587201,0.0,2_trailing,Raman,Gold
2332.1934538348805,0.0,2_trailing,Raman,Gold
2333.9032730825597,0.0,2_trailing,Raman,Gold
2335.6130923302394,0.0,2_trailing,Raman,Gold
2337.322911577919,0.01,2_trailing,Raman,Gold
2339.0327308255987,0.0,2_trailing,Raman,Gold
2340.742550073278,0.01,2_trailing,Raman,Gold
2342.4523693209576,0.0,2_trailing,Raman,Gold
2344.1621885686372,0.0,2_trailing,Raman,Gold
2345.8720078163165,0.0,2_trailing,Raman,Gold
2347.581827063996,0.0,2_trailing,Raman,Gold
2349.291646311676,0.0,2_trailing,Raman,Gold
2351.0014655593554,0.0,2_trailing,Raman,Gold
2352.7112848070346,0.01,2_trailing,Raman,Gold
2354.4211040547143,0.0,2_trailing,Raman,Gold
2356.130923302394,0.0,2_trailing,Raman,Gold
2357.840742550073,0.0,2_trailing,Raman,Gold
2359.550561797753,0.0,2_trailing,Raman,Gold
2361.2603810454325,0.01,2_trailing,Raman,Gold
2362.970200293112,0.0,2_trailing,Raman,Gold
2364.6800195407914,0.01,2_trailing,Raman,Gold
2366.389838788471,0.0,2_trailing,Raman,Gold
2368.0996580361507,0.0,2_trailing,Raman,Gold
2369.80947728383,0.01,2_trailing,Raman,Gold
2371.5192965315096,0.0,2_trailing,Raman,Gold
2373.229115779189,0.0,2_trailing,Raman,Gold
2374.938935026869,0.0,2_trailing,Raman,Gold
2376.648754274548,0.0,2_trailing,Raman,Gold
2378.3585735222277,0.0,2_trailing,Raman,Gold
2380.0683927699074,0.0,2_trailing,Raman,Gold
2381.7782120175866,0.0,2_trailing,Raman,Gold
2383.4880312652663,0.0,2_trailing,Raman,Gold
2385.197850512946,0.01,2_trailing,Raman,Gold
2386.9076697606256,0.0,2_trailing,Raman,Gold
2388.617489008305,0.0,2_trailing,Raman,Gold
2390.3273082559845,0.0,2_trailing,Raman,Gold
2392.037127503664,0.01,2_trailing,Raman,Gold
2393.7469467513433,0.0,2_trailing,Raman,Gold
2395.456765999023,0.0,2_trailing,Raman,Gold
2397.1665852467027,0.0,2_trailing,Raman,Gold
2398.8764044943823,0.0,2_trailing,Raman,Gold
2400.5862237420615,0.0,2_trailing,Raman,Gold
2402.296042989741,0.0,2_trailing,Raman,Gold
2404.005862237421,0.0,2_trailing,Raman,Gold
2405.7156814851,0.01,2_trailing,Raman,Gold
2407.4255007327797,0.0,2_trailing,Raman,Gold
2409.1353199804594,0.0,2_trailing,Raman,Gold
2410.845139228139,0.0,2_trailing,Raman,Gold
2412.5549584758182,0.0,2_trailing,Raman,Gold
2414.264777723498,0.0,2_trailing,Raman,Gold
2415.9745969711776,0.0,2_trailing,Raman,Gold
2417.6844162188568,0.0,2_trailing,Raman,Gold
2419.3942354665364,0.0,2_trailing,Raman,Gold
2421.104054714216,0.0,2_trailing,Raman,Gold
2422.8138739618958,0.01,2_trailing,Raman,Gold
2424.523693209575,0.0,2_trailing,Raman,Gold
2426.2335124572546,0.0,2_trailing,Raman,Gold
2427.9433317049343,0.0,2_trailing,Raman,Gold
2429.6531509526135,0.01,2_trailing,Raman,Gold
2431.362970200293,0.0,2_trailing,Raman,Gold
2433.072789447973,0.01,2_trailing,Raman,Gold
2434.7826086956525,0.0,2_trailing,Raman,Gold
2436.4924279433317,0.01,2_trailing,Raman,Gold
2438.2022471910113,0.0,2_trailing,Raman,Gold
2439.912066438691,0.0,2_trailing,Raman,Gold
2441.62188568637,0.0,2_trailing,Raman,Gold
2443.33170493405,0.0,2_trailing,Raman,Gold
2445.0415241817295,0.0,2_trailing,Raman,Gold
2446.751343429409,0.0,2_trailing,Raman,Gold
2448.4611626770884,0.0,2_trailing,Raman,Gold
2450.170981924768,0.0,2_trailing,Raman,Gold
2451.8808011724477,0.0,2_trailing,Raman,Gold
2453.590620420127,0.01,2_trailing,Raman,Gold
2455.3004396678066,0.0,2_trailing,Raman,Gold
2457.0102589154862,0.0,2_trailing,Raman,Gold
2458.720078163166,0.0,2_trailing,Raman,Gold
2460.429897410845,0.0,2_trailing,Raman,Gold
2462.139716658525,0.0,2_trailing,Raman,Gold
2463.8495359062044,0.0,2_trailing,Raman,Gold
2465.5593551538836,0.0,2_trailing,Raman,Gold
2467.2691744015633,0.0,2_trailing,Raman,Gold
2468.978993649243,0.0,2_trailing,Raman,Gold
2470.6888128969226,0.01,2_trailing,Raman,Gold
2472.398632144602,0.0,2_trailing,Raman,Gold
2474.1084513922815,0.01,2_trailing,Raman,Gold
2475.818270639961,0.01,2_trailing,Raman,Gold
2477.5280898876404,0.0,2_trailing,Raman,Gold
2479.23790913532,0.0,2_trailing,Raman,Gold
2480.9477283829997,0.0,2_trailing,Raman,Gold
2482.6575476306793,0.01,2_trailing,Raman,Gold
2484.3673668783586,0.0,2_trailing,Raman,Gold
2486.077186126038,0.0,2_trailing,Raman,Gold
2487.787005373718,0.0,2_trailing,Raman,Gold
2489.496824621397,0.0,2_trailing,Raman,Gold
2491.2066438690767,0.0,2_trailing,Raman,Gold
2492.9164631167564,0.0,2_trailing,Raman,Gold
2494.626282364436,0.0,2_trailing,Raman,Gold
2496.3361016121153,0.0,2_trailing,Raman,Gold
2498.045920859795,0.0,2_trailing,Raman,Gold
2499.7557401074746,0.0,2_trailing,Raman,Gold
2501.465559355154,0.01,2_trailing,Raman,Gold
2503.1753786028335,0.0,2_trailing,Raman,Gold
2504.885197850513,0.0,2_trailing,Raman,Gold
2506.595017098193,0.0,2_trailing,Raman,Gold
2508.304836345872,0.0,2_trailing,Raman,Gold
2510.0146555935517,0.0,2_trailing,Raman,Gold
2511.7244748412313,0.01,2_trailing,Raman,Gold
2513.4342940889105,0.0,2_trailing,Raman,Gold
2515.14411333659,0.01,2_trailing,Raman,Gold
2516.85393258427,0.0,2_trailing,Raman,Gold
2518.5637518319495,0.0,2_trailing,Raman,Gold
2520.2735710796287,0.03,2_trailing,Raman,Gold
2521.9833903273084,0.0,2_trailing,Raman,Gold
2523.693209574988,0.0,2_trailing,Raman,Gold
2525.4030288226672,0.0,2_trailing,Raman,Gold
2527.112848070347,0.01,2_trailing,Raman,Gold
2528.8226673180266,0.0,2_trailing,Raman,Gold
2530.532486565706,0.0,2_trailing,Raman,Gold
2532.2423058133854,0.0,2_trailing,Raman,Gold
2533.952125061065,0.0,2_trailing,Raman,Gold
2535.6619443087448,0.0,2_trailing,Raman,Gold
2537.371763556424,0.0,2_trailing,Raman,Gold
2539.0815828041036,0.0,2_trailing,Raman,Gold
2540.7914020517833,0.0,2_trailing,Raman,Gold
2542.501221299463,0.0,2_trailing,Raman,Gold
2544.211040547142,0.01,2_trailing,Raman,Gold
2545.920859794822,0.01,2_trailing,Raman,Gold
2547.6306790425015,0.0,2_trailing,Raman,Gold
2549.3404982901807,0.0,2_trailing,Raman,Gold
2551.0503175378603,0.0,2_trailing,Raman,Gold
2552.76013678554,0.0,2_trailing,Raman,Gold
2554.4699560332197,0.0,2_trailing,Raman,Gold
2556.179775280899,0.0,2_trailing,Raman,Gold
2557.8895945285785,0.0,2_trailing,Raman,Gold
2559.599413776258,0.0,2_trailing,Raman,Gold
2561.3092330239374,0.0,2_trailing,Raman,Gold
2563.019052271617,0.0,2_trailing,Raman,Gold
2564.7288715192967,0.0,2_trailing,Raman,Gold
2566.4386907669764,0.0,2_trailing,Raman,Gold
2568.1485100146556,0.0,2_trailing,Raman,Gold
2569.8583292623352,0.01,2_trailing,Raman,Gold
2571.568148510015,0.01,2_trailing,Raman,Gold
2573.277967757694,0.0,2_trailing,Raman,Gold
2574.987787005374,0.0,2_trailing,Raman,Gold
2576.6976062530534,0.0,2_trailing,Raman,Gold
2578.407425500733,0.0,2_trailing,Raman,Gold
2580.1172447484123,0.0,2_trailing,Raman,Gold
2581.827063996092,0.0,2_trailing,Raman,Gold
2583.5368832437716,0.0,2_trailing,Raman,Gold
2585.246702491451,0.0,2_trailing,Raman,Gold
2586.9565217391305,0.0,2_trailing,Raman,Gold
2588.66634098681,0.0,2_trailing,Raman,Gold
2590.37616023449,0.01,2_trailing,Raman,Gold
2592.085979482169,0.01,2_trailing,Raman,Gold
2593.7957987298487,0.0,2_trailing,Raman,Gold
2595.5056179775283,0.0,2_trailing,Raman,Gold
2597.2154372252076,0.0,2_trailing,Raman,Gold
2598.925256472887,0.0,2_trailing,Raman,Gold
2600.635075720567,0.0,2_trailing,Raman,Gold
2602.3448949682465,0.01,2_trailing,Raman,Gold
2604.0547142159257,0.0,2_trailing,Raman,Gold
2605.7645334636054,0.01,2_trailing,Raman,Gold
2607.474352711285,0.0,2_trailing,Raman,Gold
2609.1841719589643,0.0,2_trailing,Raman,Gold
2610.893991206644,0.0,2_trailing,Raman,Gold
2612.6038104543236,0.0,2_trailing,Raman,Gold
2614.3136297020033,0.01,2_trailing,Raman,Gold
2616.0234489496825,0.0,2_trailing,Raman,Gold
2617.733268197362,0.0,2_trailing,Raman,Gold
2619.443087445042,0.0,2_trailing,Raman,Gold
2621.152906692721,0.0,2_trailing,Raman,Gold
2622.8627259404007,0.0,2_trailing,Raman,Gold
2624.5725451880803,0.0,2_trailing,Raman,Gold
2626.2823644357595,0.01,2_trailing,Raman,Gold
2627.992183683439,0.0,2_trailing,Raman,Gold
2629.702002931119,0.0,2_trailing,Raman,Gold
2631.4118221787985,0.0,2_trailing,Raman,Gold
2633.1216414264777,0.01,2_trailing,Raman,Gold
2634.8314606741574,0.0,2_trailing,Raman,Gold
2636.541279921837,0.0,2_trailing,Raman,Gold
2638.2510991695162,0.0,2_trailing,Raman,Gold
2639.960918417196,0.0,2_trailing,Raman,Gold
2641.6707376648756,0.0,2_trailing,Raman,Gold
2643.380556912555,0.01,2_trailing,Raman,Gold
2645.0903761602344,0.0,2_trailing,Raman,Gold
2646.800195407914,0.0,2_trailing,Raman,Gold
2648.5100146555937,0.0,2_trailing,Raman,Gold
2650.219833903273,0.0,2_trailing,Raman,Gold
2651.9296531509526,0.0,2_trailing,Raman,Gold
2653.6394723986323,0.0,2_trailing,Raman,Gold
2655.349291646312,0.01,2_trailing,Raman,Gold
2657.059110893991,0.0,2_trailing,Raman,Gold
2658.768930141671,0.0,2_trailing,Raman,Gold
2660.4787493893505,0.0,2_trailing,Raman,Gold
2662.1885686370297,0.0,2_trailing,Raman,Gold
2663.8983878847093,0.0,2_trailing,Raman,Gold
2665.608207132389,0.0,2_trailing,Raman,Gold
2667.3180263800687,0.0,2_trailing,Raman,Gold
2669.027845627748,0.0,2_trailing,Raman,Gold
2670.7376648754275,0.01,2_trailing,Raman,Gold
2672.447484123107,0.0,2_trailing,Raman,Gold
2674.1573033707864,0.01,2_trailing,Raman,Gold
2675.867122618466,0.0,2_trailing,Raman,Gold
2677.5769418661457,0.0,2_trailing,Raman,Gold
2679.2867611138254,0.0,2_trailing,Raman,Gold
2680.9965803615046,0.0,2_trailing,Raman,Gold
2682.7063996091842,0.0,2_trailing,Raman,Gold
2684.416218856864,0.01,2_trailing,Raman,Gold
2686.126038104543,0.0,2_trailing,Raman,Gold
2687.835857352223,0.0,2_trailing,Raman,Gold
2689.5456765999024,0.0,2_trailing,Raman,Gold
2691.255495847582,0.01,2_trailing,Raman,Gold
2692.9653150952613,0.0,2_trailing,Raman,Gold
2694.675134342941,0.0,2_trailing,Raman,Gold
2696.3849535906206,0.0,2_trailing,Raman,Gold
2698.0947728383,0.0,2_trailing,Raman,Gold
2699.8045920859795,0.0,2_trailing,Raman,Gold
2701.514411333659,0.0,2_trailing,Raman,Gold
2703.224230581339,0.0,2_trailing,Raman,Gold
2704.934049829018,0.0,2_trailing,Raman,Gold
2706.6438690766977,0.0,2_trailing,Raman,Gold
2708.3536883243773,0.0,2_trailing,Raman,Gold
2710.0635075720566,0.01,2_trailing,Raman,Gold
2711.773326819736,0.01,2_trailing,Raman,Gold
2713.483146067416,0.0,2_trailing,Raman,Gold
2715.1929653150955,0.0,2_trailing,Raman,Gold
2716.9027845627747,0.0,2_trailing,Raman,Gold
2718.6126038104544,0.0,2_trailing,Raman,Gold
2720.322423058134,0.0,2_trailing,Raman,Gold
2722.0322423058133,0.0,2_trailing,Raman,Gold
2723.742061553493,0.0,2_trailing,Raman,Gold
2725.4518808011726,0.0,2_trailing,Raman,Gold
2727.1617000488523,0.0,2_trailing,Raman,Gold
2728.8715192965315,0.0,2_trailing,Raman,Gold
2730.581338544211,0.0,2_trailing,Raman,Gold
2732.291157791891,0.0,2_trailing,Raman,Gold
2734.00097703957,0.0,2_trailing,Raman,Gold
2735.7107962872497,0.0,2_trailing,Raman,Gold
2737.4206155349293,0.0,2_trailing,Raman,Gold
2739.130434782609,0.0,2_trailing,Raman,Gold
2740.840254030288,0.0,2_trailing,Raman,Gold
2742.550073277968,0.01,2_trailing,Raman,Gold
2744.2598925256475,0.01,2_trailing,Raman,Gold
2745.9697117733267,0.01,2_trailing,Raman,Gold
2747.6795310210064,0.0,2_trailing,Raman,Gold
2749.389350268686,0.0,2_trailing,Raman,Gold
2751.0991695163657,0.0,2_trailing,Raman,Gold
2752.808988764045,0.0,2_trailing,Raman,Gold
2754.5188080117246,0.02,2_trailing,Raman,Gold
2756.228627259404,0.01,2_trailing,Raman,Gold
2757.9384465070834,0.0,2_trailing,Raman,Gold
2759.648265754763,0.0,2_trailing,Raman,Gold
2761.3580850024427,0.0,2_trailing,Raman,Gold
2763.0679042501224,0.0,2_trailing,Raman,Gold
2764.7777234978016,0.0,2_trailing,Raman,Gold
2766.4875427454813,0.0,2_trailing,Raman,Gold
2768.197361993161,0.0,2_trailing,Raman,Gold
2769.90718124084,0.0,2_trailing,Raman,Gold
2771.61700048852,0.01,2_trailing,Raman,Gold
2773.3268197361995,0.0,2_trailing,Raman,Gold
2775.036638983879,0.0,2_trailing,Raman,Gold
2776.7464582315583,0.0,2_trailing,Raman,Gold
2778.456277479238,0.0,2_trailing,Raman,Gold
2780.1660967269177,0.0,2_trailing,Raman,Gold
2781.875915974597,0.0,2_trailing,Raman,Gold
2783.5857352222765,0.01,2_trailing,Raman,Gold
2785.295554469956,0.0,2_trailing,Raman,Gold
2787.005373717636,0.0,2_trailing,Raman,Gold
2788.715192965315,0.01,2_trailing,Raman,Gold
2790.4250122129947,0.0,2_trailing,Raman,Gold
2792.1348314606744,0.0,2_trailing,Raman,Gold
2793.8446507083536,0.01,2_trailing,Raman,Gold
2795.5544699560332,0.0,2_trailing,Raman,Gold
2797.264289203713,0.0,2_trailing,Raman,Gold
2798.9741084513926,0.01,2_trailing,Raman,Gold
2800.683927699072,0.0,2_trailing,Raman,Gold
2802.3937469467514,0.0,2_trailing,Raman,Gold
2804.103566194431,0.0,2_trailing,Raman,Gold
2805.8133854421103,0.0,2_trailing,Raman,Gold
2807.52320468979,0.0,2_trailing,Raman,Gold
2809.2330239374696,0.0,2_trailing,Raman,Gold
2810.9428431851493,0.0,2_trailing,Raman,Gold
2812.6526624328285,0.0,2_trailing,Raman,Gold
2814.362481680508,0.0,2_trailing,Raman,Gold
2816.072300928188,0.0,2_trailing,Raman,Gold
2817.782120175867,0.0,2_trailing,Raman,Gold
2819.4919394235467,0.01,2_trailing,Raman,Gold
2821.2017586712263,0.0,2_trailing,Raman,Gold
2822.911577918906,0.0,2_trailing,Raman,Gold
2824.621397166585,0.0,2_trailing,Raman,Gold
2826.331216414265,0.0,2_trailing,Raman,Gold
2828.0410356619445,0.0,2_trailing,Raman,Gold
2829.7508549096237,0.01,2_trailing,Raman,Gold
2831.4606741573034,0.0,2_trailing,Raman,Gold
2833.170493404983,0.0,2_trailing,Raman,Gold
2834.8803126526627,0.0,2_trailing,Raman,Gold
2836.590131900342,0.0,2_trailing,Raman,Gold
2838.2999511480216,0.01,2_trailing,Raman,Gold
2840.0097703957013,0.01,2_trailing,Raman,Gold
2841.7195896433805,0.0,2_trailing,Raman,Gold
2843.42940889106,0.0,2_trailing,Raman,Gold
2845.13922813874,0.0,2_trailing,Raman,Gold
2846.8490473864194,0.0,2_trailing,Raman,Gold
2848.5588666340986,0.01,2_trailing,Raman,Gold
2850.2686858817783,0.0,2_trailing,Raman,Gold
2851.978505129458,0.01,2_trailing,Raman,Gold
2853.688324377137,0.0,2_trailing,Raman,Gold
2855.398143624817,0.0,2_trailing,Raman,Gold
2857.1079628724965,0.0,2_trailing,Raman,Gold
2858.817782120176,0.0,2_trailing,Raman,Gold
2860.5276013678554,0.0,2_trailing,Raman,Gold
2862.237420615535,0.01,2_trailing,Raman,Gold
2863.9472398632147,0.0,2_trailing,Raman,Gold
2865.657059110894,0.0,2_trailing,Raman,Gold
2867.3668783585736,0.01,2_trailing,Raman,Gold
2869.076697606253,0.0,2_trailing,Raman,Gold
2870.786516853933,0.0,2_trailing,Raman,Gold
2872.496336101612,0.0,2_trailing,Raman,Gold
2874.2061553492917,0.0,2_trailing,Raman,Gold
2875.9159745969714,0.0,2_trailing,Raman,Gold
2877.6257938446506,0.01,2_trailing,Raman,Gold
2879.3356130923303,0.0,2_trailing,Raman,Gold
2881.04543234001,0.0,2_trailing,Raman,Gold
2882.7552515876896,0.0,2_trailing,Raman,Gold
2884.465070835369,0.01,2_trailing,Raman,Gold
2886.1748900830485,0.0,2_trailing,Raman,Gold
2887.884709330728,0.0,2_trailing,Raman,Gold
2889.5945285784073,0.01,2_trailing,Raman,Gold
2891.304347826087,0.0,2_trailing,Raman,Gold
2893.0141670737667,0.0,2_trailing,Raman,Gold
2894.7239863214463,0.0,2_trailing,Raman,Gold
2896.4338055691255,0.0,2_trailing,Raman,Gold
2898.143624816805,0.0,2_trailing,Raman,Gold
2899.853444064485,0.0,2_trailing,Raman,Gold
2901.563263312164,0.0,2_trailing,Raman,Gold
2903.2730825598437,0.0,2_trailing,Raman,Gold
2904.9829018075234,0.0,2_trailing,Raman,Gold
2906.692721055203,0.0,2_trailing,Raman,Gold
2908.4025403028822,0.0,2_trailing,Raman,Gold
2910.112359550562,0.0,2_trailing,Raman,Gold
2911.8221787982416,0.0,2_trailing,Raman,Gold
2913.531998045921,0.0,2_trailing,Raman,Gold
2915.2418172936004,0.0,2_trailing,Raman,Gold
2916.95163654128,0.0,2_trailing,Raman,Gold
2918.6614557889598,0.0,2_trailing,Raman,Gold
2920.371275036639,0.01,2_trailing,Raman,Gold
2922.0810942843186,0.0,2_trailing,Raman,Gold
2923.7909135319983,0.0,2_trailing,Raman,Gold
2925.5007327796775,0.0,2_trailing,Raman,Gold
2927.210552027357,0.0,2_trailing,Raman,Gold
2928.920371275037,0.0,2_trailing,Raman,Gold
2930.6301905227165,0.0,2_trailing,Raman,Gold
2932.3400097703957,0.0,2_trailing,Raman,Gold
2934.0498290180753,0.0,2_trailing,Raman,Gold
2935.759648265755,0.0,2_trailing,Raman,Gold
2937.469467513434,0.0,2_trailing,Raman,Gold
2939.179286761114,0.0,2_trailing,Raman,Gold
2940.8891060087935,0.0,2_trailing,Raman,Gold
2942.598925256473,0.0,2_trailing,Raman,Gold
2944.3087445041524,0.0,2_trailing,Raman,Gold
2946.018563751832,0.0,2_trailing,Raman,Gold
2947.7283829995117,0.0,2_trailing,Raman,Gold
2949.438202247191,0.0,2_trailing,Raman,Gold
2951.1480214948706,0.0,2_trailing,Raman,Gold
2952.8578407425503,0.01,2_trailing,Raman,Gold
2954.56765999023,0.01,2_trailing,Raman,Gold
2956.277479237909,0.01,2_trailing,Raman,Gold
2957.987298485589,0.01,2_trailing,Raman,Gold
2959.6971177332684,0.0,2_trailing,Raman,Gold
2961.4069369809476,0.0,2_trailing,Raman,Gold
2963.1167562286273,0.0,2_trailing,Raman,Gold
2964.826575476307,0.0,2_trailing,Raman,Gold
2966.5363947239866,0.0,2_trailing,Raman,Gold
2968.246213971666,0.0,2_trailing,Raman,Gold
2969.9560332193455,0.0,2_trailing,Raman,Gold
2971.665852467025,0.0,2_trailing,Raman,Gold
2973.3756717147044,0.0,2_trailing,Raman,Gold
2975.085490962384,0.0,2_trailing,Raman,Gold
2976.7953102100637,0.02,2_trailing,Raman,Gold
2978.5051294577434,0.0,2_trailing,Raman,Gold
2980.2149487054226,0.0,2_trailing,Raman,Gold
2981.924767953102,0.01,2_trailing,Raman,Gold
2983.634587200782,0.0,2_trailing,Raman,Gold
2985.344406448461,0.0,2_trailing,Raman,Gold
2987.0542256961407,0.0,2_trailing,Raman,Gold
2988.7640449438204,0.0,2_trailing,Raman,Gold
2990.4738641915,0.0,2_trailing,Raman,Gold
2992.1836834391793,0.0,2_trailing,Raman,Gold
2993.893502686859,0.0,2_trailing,Raman,Gold
2995.6033219345386,0.0,2_trailing,Raman,Gold
2997.313141182218,0.0,2_trailing,Raman,Gold
2999.0229604298975,0.0,2_trailing,Raman,Gold
3000.732779677577,0.0,2_trailing,Raman,Gold
3002.442598925257,0.0,2_trailing,Raman,Gold
3004.152418172936,0.01,2_trailing,Raman,Gold
3005.8622374206157,0.01,2_trailing,Raman,Gold
3007.5720566682953,0.0,2_trailing,Raman,Gold
3009.2818759159745,0.0,2_trailing,Raman,Gold
3010.991695163654,0.0,2_trailing,Raman,Gold
3012.701514411334,0.0,2_trailing,Raman,Gold
3014.4113336590135,0.0,2_trailing,Raman,Gold
3016.1211529066927,0.0,2_trailing,Raman,Gold
3017.8309721543724,0.0,2_trailing,Raman,Gold
3019.540791402052,0.0,2_trailing,Raman,Gold
3021.2506106497312,0.01,2_trailing,Raman,Gold
3022.960429897411,0.0,2_trailing,Raman,Gold
3024.6702491450906,0.0,2_trailing,Raman,Gold
3026.38006839277,0.0,2_trailing,Raman,Gold
3028.0898876404494,0.02,2_trailing,Raman,Gold
3029.799706888129,0.0,2_trailing,Raman,Gold
3031.5095261358088,0.0,2_trailing,Raman,Gold
3033.219345383488,0.0,2_trailing,Raman,Gold
3034.9291646311676,0.0,2_trailing,Raman,Gold
3036.6389838788473,0.01,2_trailing,Raman,Gold
3038.348803126527,0.0,2_trailing,Raman,Gold
3040.058622374206,0.0,2_trailing,Raman,Gold
3041.768441621886,0.01,2_trailing,Raman,Gold
3043.4782608695655,0.0,2_trailing,Raman,Gold
3045.1880801172447,0.0,2_trailing,Raman,Gold
3046.8978993649243,0.0,2_trailing,Raman,Gold
3048.607718612604,0.0,2_trailing,Raman,Gold
3050.3175378602837,0.0,2_trailing,Raman,Gold
3052.027357107963,0.0,2_trailing,Raman,Gold
3053.7371763556425,0.0,2_trailing,Raman,Gold
3055.446995603322,0.0,2_trailing,Raman,Gold
3057.1568148510014,0.0,2_trailing,Raman,Gold
3058.866634098681,0.0,2_trailing,Raman,Gold
3060.5764533463607,0.0,2_trailing,Raman,Gold
3062.2862725940404,0.0,2_trailing,Raman,Gold
3063.9960918417196,0.0,2_trailing,Raman,Gold
3065.7059110893993,0.0,2_trailing,Raman,Gold
3067.415730337079,0.01,2_trailing,Raman,Gold
3069.125549584758,0.0,2_trailing,Raman,Gold
3070.835368832438,0.0,2_trailing,Raman,Gold
3072.5451880801174,0.0,2_trailing,Raman,Gold
3074.255007327797,0.0,2_trailing,Raman,Gold
3075.9648265754763,0.0,2_trailing,Raman,Gold
3077.674645823156,0.0,2_trailing,Raman,Gold
3079.3844650708356,0.0,2_trailing,Raman,Gold
3081.094284318515,0.01,2_trailing,Raman,Gold
3082.8041035661945,0.0,2_trailing,Raman,Gold
3084.513922813874,0.01,2_trailing,Raman,Gold
3086.223742061554,0.0,2_trailing,Raman,Gold
3087.933561309233,0.0,2_trailing,Raman,Gold
3089.6433805569127,0.01,2_trailing,Raman,Gold
3091.3531998045924,0.0,2_trailing,Raman,Gold
3093.0630190522716,0.0,2_trailing,Raman,Gold
3094.772838299951,0.0,2_trailing,Raman,Gold
3096.482657547631,0.0,2_trailing,Raman,Gold
3098.1924767953105,0.0,2_trailing,Raman,Gold
3099.9022960429897,0.0,2_trailing,Raman,Gold
3101.6121152906694,0.0,2_trailing,Raman,Gold
3103.321934538349,0.0,2_trailing,Raman,Gold
3105.0317537860283,0.0,2_trailing,Raman,Gold
3106.741573033708,0.0,2_trailing,Raman,Gold
3108.4513922813876,0.0,2_trailing,Raman,Gold
3110.1612115290673,0.0,2_trailing,Raman,Gold
3111.8710307767465,0.0,2_trailing,Raman,Gold
3113.580850024426,0.0,2_trailing,Raman,Gold
3115.290669272106,0.0,2_trailing,Raman,Gold
3117.000488519785,0.0,2_trailing,Raman,Gold
3118.7103077674647,0.0,2_trailing,Raman,Gold
3120.4201270151443,0.0,2_trailing,Raman,Gold
3122.129946262824,0.0,2_trailing,Raman,Gold
3123.839765510503,0.01,2_trailing,Raman,Gold
3125.549584758183,0.0,2_trailing,Raman,Gold
3127.2594040058625,0.0,2_trailing,Raman,Gold
3128.9692232535417,0.0,2_trailing,Raman,Gold
3130.6790425012214,0.0,2_trailing,Raman,Gold
3132.388861748901,0.0,2_trailing,Raman,Gold
3134.0986809965807,0.0,2_trailing,Raman,Gold
3135.80850024426,0.0,2_trailing,Raman,Gold
3137.5183194919396,0.0,2_trailing,Raman,Gold
3139.228138739619,0.0,2_trailing,Raman,Gold
3140.9379579872984,0.01,2_trailing,Raman,Gold
3142.647777234978,0.0,2_trailing,Raman,Gold
3144.3575964826578,0.0,2_trailing,Raman,Gold
3146.0674157303374,0.01,2_trailing,Raman,Gold
3147.7772349780166,0.01,2_trailing,Raman,Gold
3149.4870542256963,0.0,2_trailing,Raman,Gold
3151.196873473376,0.0,2_trailing,Raman,Gold
3152.906692721055,0.0,2_trailing,Raman,Gold
3154.616511968735,0.0,2_trailing,Raman,Gold
3156.3263312164145,0.0,2_trailing,Raman,Gold
3158.036150464094,0.0,2_trailing,Raman,Gold
3159.7459697117733,0.0,2_trailing,Raman,Gold
3161.455788959453,0.0,2_trailing,Raman,Gold
3163.1656082071327,0.01,2_trailing,Raman,Gold
3164.875427454812,0.01,2_trailing,Raman,Gold
3166.5852467024915,0.01,2_trailing,Raman,Gold
3168.295065950171,0.0,2_trailing,Raman,Gold
3170.004885197851,0.0,2_trailing,Raman,Gold
3171.71470444553,0.0,2_trailing,Raman,Gold
3173.4245236932097,0.0,2_trailing,Raman,Gold
3175.1343429408894,0.0,2_trailing,Raman,Gold
3176.8441621885686,0.04,2_trailing,Raman,Gold
3178.5539814362483,0.02,2_trailing,Raman,Gold
3180.263800683928,0.0,2_trailing,Raman,Gold
3181.9736199316076,0.01,2_trailing,Raman,Gold
3183.683439179287,0.0,2_trailing,Raman,Gold
3185.3932584269664,0.0,2_trailing,Raman,Gold
3187.103077674646,0.0,2_trailing,Raman,Gold
3188.8128969223253,0.01,2_trailing,Raman,Gold
3190.522716170005,0.0,2_trailing,Raman,Gold
3192.2325354176846,0.0,2_trailing,Raman,Gold
3193.9423546653643,0.0,2_trailing,Raman,Gold
3195.6521739130435,0.0,2_trailing,Raman,Gold
3197.361993160723,0.0,2_trailing,Raman,Gold
3199.071812408403,0.01,2_trailing,Raman,Gold
3200.781631656082,0.0,2_trailing,Raman,Gold
3202.4914509037617,0.01,2_trailing,Raman,Gold
3204.2012701514413,0.0,2_trailing,Raman,Gold
3205.911089399121,0.0,2_trailing,Raman,Gold
3207.6209086468,0.0,2_trailing,Raman,Gold
3209.33072789448,0.0,2_trailing,Raman,Gold
3211.0405471421595,0.01,2_trailing,Raman,Gold
3212.7503663898387,0.0,2_trailing,Raman,Gold
3214.4601856375184,0.0,2_trailing,Raman,Gold
3216.170004885198,0.0,2_trailing,Raman,Gold
3217.8798241328773,0.0,2_trailing,Raman,Gold
3219.589643380557,0.0,2_trailing,Raman,Gold
3221.2994626282366,0.0,2_trailing,Raman,Gold
3223.0092818759163,0.02,2_trailing,Raman,Gold
3224.7191011235955,0.0,2_trailing,Raman,Gold
3226.428920371275,0.0,2_trailing,Raman,Gold
3228.138739618955,0.0,2_trailing,Raman,Gold
3229.848558866634,0.0,2_trailing,Raman,Gold
3231.5583781143137,0.0,2_trailing,Raman,Gold
3233.2681973619933,0.0,2_trailing,Raman,Gold
3234.978016609673,0.0,2_trailing,Raman,Gold
3236.687835857352,0.0,2_trailing,Raman,Gold
3238.397655105032,0.0,2_trailing,Raman,Gold
3240.1074743527115,0.0,2_trailing,Raman,Gold
3241.8172936003907,0.0,2_trailing,Raman,Gold
3243.5271128480704,0.0,2_trailing,Raman,Gold
3245.23693209575,0.0,2_trailing,Raman,Gold
3246.9467513434297,0.0,2_trailing,Raman,Gold
3248.656570591109,0.01,2_trailing,Raman,Gold
3250.3663898387886,0.0,2_trailing,Raman,Gold
3252.076209086468,0.0,2_trailing,Raman,Gold
3253.7860283341474,0.01,2_trailing,Raman,Gold
3255.495847581827,0.0,2_trailing,Raman,Gold
3257.2056668295068,0.0,2_trailing,Raman,Gold
3258.9154860771864,0.0,2_trailing,Raman,Gold
3260.6253053248656,0.01,2_trailing,Raman,Gold
3262.3351245725453,0.0,2_trailing,Raman,Gold
3264.044943820225,0.0,2_trailing,Raman,Gold
3265.754763067904,0.0,2_trailing,Raman,Gold
3267.464582315584,0.02,2_trailing,Raman,Gold
3269.1744015632635,0.0,2_trailing,Raman,Gold
3270.884220810943,0.0,2_trailing,Raman,Gold
3272.5940400586223,0.0,2_trailing,Raman,Gold
3274.303859306302,0.0,2_trailing,Raman,Gold
3276.0136785539817,0.0,2_trailing,Raman,Gold
3277.723497801661,0.0,2_trailing,Raman,Gold
3279.4333170493405,0.0,2_trailing,Raman,Gold
3281.14313629702,0.0,2_trailing,Raman,Gold
3282.8529555447,0.0,2_trailing,Raman,Gold
3284.562774792379,0.0,2_trailing,Raman,Gold
3286.2725940400587,0.0,2_trailing,Raman,Gold
3287.9824132877384,0.0,2_trailing,Raman,Gold
3289.6922325354176,0.0,2_trailing,Raman,Gold
3291.4020517830972,0.0,2_trailing,Raman,Gold
3293.111871030777,0.0,2_trailing,Raman,Gold
3294.8216902784566,0.0,2_trailing,Raman,Gold
3296.531509526136,0.0,2_trailing,Raman,Gold
3298.2413287738154,0.0,2_trailing,Raman,Gold
3299.951148021495,0.02,2_trailing,Raman,Gold
3301.6609672691743,0.0,2_trailing,Raman,Gold
3303.370786516854,0.0,2_trailing,Raman,Gold
3305.0806057645336,0.0,2_trailing,Raman,Gold
3306.7904250122133,0.0,2_trailing,Raman,Gold
3308.5002442598925,0.0,2_trailing,Raman,Gold
3310.210063507572,0.0,2_trailing,Raman,Gold
3311.919882755252,0.01,2_trailing,Raman,Gold
3313.629702002931,0.0,2_trailing,Raman,Gold
3315.3395212506107,0.0,2_trailing,Raman,Gold
3317.0493404982903,0.0,2_trailing,Raman,Gold
3318.75915974597,0.0,2_trailing,Raman,Gold
3320.468978993649,0.0,2_trailing,Raman,Gold
3322.178798241329,0.0,2_trailing,Raman,Gold
3323.8886174890085,0.0,2_trailing,Raman,Gold
3325.5984367366877,0.0,2_trailing,Raman,Gold
3327.3082559843674,0.0,2_trailing,Raman,Gold
3329.018075232047,0.0,2_trailing,Raman,Gold
3330.7278944797267,0.01,2_trailing,Raman,Gold
3332.437713727406,0.0,2_trailing,Raman,Gold
3334.1475329750856,0.01,2_trailing,Raman,Gold
3335.8573522227653,0.0,2_trailing,Raman,Gold
3337.5671714704445,0.0,2_trailing,Raman,Gold
3339.276990718124,0.0,2_trailing,Raman,Gold
3340.986809965804,0.0,2_trailing,Raman,Gold
3342.6966292134834,0.0,2_trailing,Raman,Gold
3344.4064484611627,0.01,2_trailing,Raman,Gold
3346.1162677088423,0.0,2_trailing,Raman,Gold
3347.826086956522,0.0,2_trailing,Raman,Gold
3349.535906204201,0.0,2_trailing,Raman,Gold
3351.245725451881,0.0,2_trailing,Raman,Gold
3352.9555446995605,0.0,2_trailing,Raman,Gold
3354.66536394724,0.0,2_trailing,Raman,Gold
3356.3751831949194,0.0,2_trailing,Raman,Gold
3358.085002442599,0.01,2_trailing,Raman,Gold
3359.7948216902787,0.0,2_trailing,Raman,Gold
3361.504640937958,0.0,2_trailing,Raman,Gold
3363.2144601856376,0.0,2_trailing,Raman,Gold
3364.924279433317,0.0,2_trailing,Raman,Gold
3366.634098680997,0.0,2_trailing,Raman,Gold
3368.343917928676,0.0,2_trailing,Raman,Gold
3370.0537371763558,0.0,2_trailing,Raman,Gold
3371.7635564240354,0.0,2_trailing,Raman,Gold
3373.4733756717146,0.0,2_trailing,Raman,Gold
3375.1831949193943,0.0,2_trailing,Raman,Gold
3376.893014167074,0.0,2_trailing,Raman,Gold
3378.6028334147536,0.0,2_trailing,Raman,Gold
3380.312652662433,0.01,2_trailing,Raman,Gold
3382.0224719101125,0.0,2_trailing,Raman,Gold
3383.732291157792,0.0,2_trailing,Raman,Gold
3385.4421104054713,0.01,2_trailing,Raman,Gold
3387.151929653151,0.0,2_trailing,Raman,Gold
3388.8617489008307,0.01,2_trailing,Raman,Gold
3390.5715681485103,0.0,2_trailing,Raman,Gold
3392.2813873961895,0.0,2_trailing,Raman,Gold
3393.991206643869,0.0,2_trailing,Raman,Gold
3395.701025891549,0.0,2_trailing,Raman,Gold
3397.410845139228,0.0,2_trailing,Raman,Gold
3399.1206643869077,0.0,2_trailing,Raman,Gold
3400.8304836345874,0.0,2_trailing,Raman,Gold
3402.540302882267,0.0,2_trailing,Raman,Gold
3404.2501221299462,0.0,2_trailing,Raman,Gold
3405.959941377626,0.0,2_trailing,Raman,Gold
3407.6697606253056,0.0,2_trailing,Raman,Gold
3409.379579872985,0.0,2_trailing,Raman,Gold
3411.0893991206644,0.0,2_trailing,Raman,Gold
3412.799218368344,0.0,2_trailing,Raman,Gold
3414.5090376160238,0.0,2_trailing,Raman,Gold
3416.218856863703,0.0,2_trailing,Raman,Gold
3417.9286761113826,0.0,2_trailing,Raman,Gold
3419.6384953590623,0.0,2_trailing,Raman,Gold
3421.3483146067415,0.0,2_trailing,Raman,Gold
3423.058133854421,0.0,2_trailing,Raman,Gold
3424.767953102101,0.0,2_trailing,Raman,Gold
3426.4777723497805,0.0,2_trailing,Raman,Gold
3428.1875915974597,0.0,2_trailing,Raman,Gold
3429.8974108451393,0.0,2_trailing,Raman,Gold
3431.607230092819,0.0,2_trailing,Raman,Gold
3433.317049340498,0.0,2_trailing,Raman,Gold
3435.026868588178,0.0,2_trailing,Raman,Gold
3436.7366878358575,0.0,2_trailing,Raman,Gold
3438.446507083537,0.0,2_trailing,Raman,Gold
3440.1563263312164,0.0,2_trailing,Raman,Gold
3441.866145578896,0.0,2_trailing,Raman,Gold
3443.5759648265757,0.0,2_trailing,Raman,Gold
3445.285784074255,0.0,2_trailing,Raman,Gold
3446.9956033219346,0.0,2_trailing,Raman,Gold
3448.7054225696143,0.0,2_trailing,Raman,Gold
3450.415241817294,0.0,2_trailing,Raman,Gold
3452.125061064973,0.0,2_trailing,Raman,Gold
3453.834880312653,0.0,2_trailing,Raman,Gold
3455.5446995603324,0.0,2_trailing,Raman,Gold
3457.2545188080117,0.0,2_trailing,Raman,Gold
3458.9643380556913,0.0,2_trailing,Raman,Gold
3460.674157303371,0.0,2_trailing,Raman,Gold
3462.3839765510506,0.01,2_trailing,Raman,Gold
3464.09379579873,0.0,2_trailing,Raman,Gold
3465.8036150464095,0.01,2_trailing,Raman,Gold
3467.513434294089,0.01,2_trailing,Raman,Gold
3469.2232535417684,0.0,2_trailing,Raman,Gold
3470.933072789448,0.0,2_trailing,Raman,Gold
3472.6428920371277,0.01,2_trailing,Raman,Gold
3474.3527112848074,0.0,2_trailing,Raman,Gold
3476.0625305324866,0.0,2_trailing,Raman,Gold
3477.772349780166,0.0,2_trailing,Raman,Gold
3479.482169027846,0.0,2_trailing,Raman,Gold
3481.191988275525,0.0,2_trailing,Raman,Gold
3482.9018075232048,0.0,2_trailing,Raman,Gold
3484.6116267708844,0.0,2_trailing,Raman,Gold
3486.321446018564,0.02,2_trailing,Raman,Gold
3488.0312652662433,0.0,2_trailing,Raman,Gold
3489.741084513923,0.01,2_trailing,Raman,Gold
3491.4509037616026,0.0,2_trailing,Raman,Gold
3493.160723009282,0.0,2_trailing,Raman,Gold
3494.8705422569615,0.01,2_trailing,Raman,Gold
3496.580361504641,0.0,2_trailing,Raman,Gold
3498.290180752321,0.0,2_trailing,Raman,Gold
3500.0,0.01,2_trailing,Raman,Gold
0.0,37.1882571876806,3,Raman,Gold
1.709819247679531,37.198257187680596,3,Raman,Gold
3.419638495359062,37.1882571876806,3,Raman,Gold
5.129457743038593,37.1882571876806,3,Raman,Gold
6.839276990718124,37.1882571876806,3,Raman,Gold
8.549096238397656,37.1882571876806,3,Raman,Gold
10.258915486077186,37.198257187680596,3,Raman,Gold
11.968734733756717,37.198257187680596,3,Raman,Gold
13.678553981436249,37.198257187680596,3,Raman,Gold
15.38837322911578,37.1882571876806,3,Raman,Gold
17.09819247679531,37.1882571876806,3,Raman,Gold
18.80801172447484,37.1882571876806,3,Raman,Gold
20.51783097215437,37.1882571876806,3,Raman,Gold
22.227650219833905,37.1882571876806,3,Raman,Gold
23.937469467513434,37.2082571876806,3,Raman,Gold
25.647288715192968,37.1882571876806,3,Raman,Gold
27.357107962872497,37.1882571876806,3,Raman,Gold
29.066927210552027,37.1882571876806,3,Raman,Gold
30.77674645823156,37.1882571876806,3,Raman,Gold
32.48656570591109,37.198257187680596,3,Raman,Gold
34.19638495359062,37.1882571876806,3,Raman,Gold
35.90620420127015,37.198257187680596,3,Raman,Gold
37.61602344894968,37.198257187680596,3,Raman,Gold
39.325842696629216,37.1882571876806,3,Raman,Gold
41.03566194430874,37.198257187680596,3,Raman,Gold
42.745481191988276,37.198257187680596,3,Raman,Gold
44.45530043966781,37.1882571876806,3,Raman,Gold
46.16511968734734,37.1882571876806,3,Raman,Gold
47.87493893502687,37.1882571876806,3,Raman,Gold
49.5847581827064,37.198257187680596,3,Raman,Gold
51.294577430385935,37.1882571876806,3,Raman,Gold
53.00439667806546,37.1882571876806,3,Raman,Gold
54.714215925744995,37.1882571876806,3,Raman,Gold
56.42403517342453,37.2182571876806,3,Raman,Gold
58.133854421104054,37.198257187680596,3,Raman,Gold
59.84367366878359,37.1882571876806,3,Raman,Gold
61.55349291646312,37.1882571876806,3,Raman,Gold
63.26331216414265,37.2082571876806,3,Raman,Gold
64.97313141182218,37.2082571876806,3,Raman,Gold
66.68295065950171,37.198257187680596,3,Raman,Gold
68.39276990718125,37.1882571876806,3,Raman,Gold
70.10258915486078,37.1882571876806,3,Raman,Gold
71.8124084025403,37.1882571876806,3,Raman,Gold
73.52222765021983,37.1882571876806,3,Raman,Gold
75.23204689789937,37.1882571876806,3,Raman,Gold
76.9418661455789,37.1882571876806,3,Raman,Gold
78.65168539325843,37.2082571876806,3,Raman,Gold
80.36150464093797,37.1882571876806,3,Raman,Gold
82.07132388861748,37.1882571876806,3,Raman,Gold
83.78114313629702,37.1882571876806,3,Raman,Gold
85.49096238397655,37.1882571876806,3,Raman,Gold
87.20078163165608,37.198257187680596,3,Raman,Gold
88.91060087933562,37.1882571876806,3,Raman,Gold
90.62042012701515,37.1882571876806,3,Raman,Gold
92.33023937469468,37.1882571876806,3,Raman,Gold
94.0400586223742,37.1882571876806,3,Raman,Gold
95.74987787005374,37.1882571876806,3,Raman,Gold
97.45969711773327,37.198257187680596,3,Raman,Gold
99.1695163654128,37.1882571876806,3,Raman,Gold
100.87933561309234,37.1882571876806,3,Raman,Gold
102.58915486077187,37.1882571876806,3,Raman,Gold
104.29897410845139,37.1882571876806,3,Raman,Gold
106.00879335613092,37.1882571876806,3,Raman,Gold
107.71861260381046,37.1882571876806,3,Raman,Gold
109.42843185148999,37.1882571876806,3,Raman,Gold
111.13825109916952,37.1882571876806,3,Raman,Gold
112.84807034684906,37.1882571876806,3,Raman,Gold
114.55788959452859,37.1882571876806,3,Raman,Gold
116.26770884220811,37.1882571876806,3,Raman,Gold
117.97752808988764,37.1882571876806,3,Raman,Gold
119.68734733756718,37.1882571876806,3,Raman,Gold
121.39716658524671,37.1882571876806,3,Raman,Gold
123.10698583292624,37.1882571876806,3,Raman,Gold
124.81680508060577,37.1882571876806,3,Raman,Gold
126.5266243282853,37.1882571876806,3,Raman,Gold
128.23644357596484,37.1882571876806,3,Raman,Gold
129.94626282364436,37.198257187680596,3,Raman,Gold
131.65608207132388,37.198257187680596,3,Raman,Gold
133.36590131900343,37.2082571876806,3,Raman,Gold
135.07572056668295,37.1882571876806,3,Raman,Gold
136.7855398143625,37.1882571876806,3,Raman,Gold
138.495359062042,37.1882571876806,3,Raman,Gold
140.20517830972156,37.198257187680596,3,Raman,Gold
141.91499755740108,37.1882571876806,3,Raman,Gold
143.6248168050806,37.1882571876806,3,Raman,Gold
145.33463605276015,37.1882571876806,3,Raman,Gold
147.04445530043967,37.1882571876806,3,Raman,Gold
148.7542745481192,37.1882571876806,3,Raman,Gold
150.46409379579873,37.1882571876806,3,Raman,Gold
152.17391304347828,37.198257187680596,3,Raman,Gold
153.8837322911578,37.198257187680596,3,Raman,Gold
155.59355153883732,37.198257187680596,3,Raman,Gold
157.30337078651687,37.1882571876806,3,Raman,Gold
159.01319003419638,37.1882571876806,3,Raman,Gold
160.72300928187593,37.1882571876806,3,Raman,Gold
162.43282852955545,37.1882571876806,3,Raman,Gold
164.14264777723497,37.1882571876806,3,Raman,Gold
165.85246702491452,37.1882571876806,3,Raman,Gold
167.56228627259404,37.1882571876806,3,Raman,Gold
169.27210552027358,37.1882571876806,3,Raman,Gold
170.9819247679531,37.1882571876806,3,Raman,Gold
172.69174401563265,37.1882571876806,3,Raman,Gold
174.40156326331217,37.198257187680596,3,Raman,Gold
176.1113825109917,37.1882571876806,3,Raman,Gold
177.82120175867124,37.1882571876806,3,Raman,Gold
179.53102100635076,37.1882571876806,3,Raman,Gold
181.2408402540303,37.1882571876806,3,Raman,Gold
182.95065950170982,37.1882571876806,3,Raman,Gold
184.66047874938937,37.1882571876806,3,Raman,Gold
186.3702979970689,37.198257187680596,3,Raman,Gold
188.0801172447484,37.1882571876806,3,Raman,Gold
189.78993649242796,37.198257187680596,3,Raman,Gold
191.49975574010747,37.1882571876806,3,Raman,Gold
193.20957498778702,37.1882571876806,3,Raman,Gold
194.91939423546654,37.198257187680596,3,Raman,Gold
196.6292134831461,37.1882571876806,3,Raman,Gold
198.3390327308256,37.1882571876806,3,Raman,Gold
200.04885197850513,37.1882571876806,3,Raman,Gold
201.75867122618467,37.198257187680596,3,Raman,Gold
203.4684904738642,37.1882571876806,3,Raman,Gold
205.17830972154374,37.2082571876806,3,Raman,Gold
206.88812896922326,37.1882571876806,3,Raman,Gold
208.59794821690278,37.1882571876806,3,Raman,Gold
210.30776746458233,37.1882571876806,3,Raman,Gold
212.01758671226185,37.198257187680596,3,Raman,Gold
213.7274059599414,37.1882571876806,3,Raman,Gold
215.4372252076209,37.1882571876806,3,Raman,Gold
217.14704445530046,37.1882571876806,3,Raman,Gold
218.85686370297998,37.1882571876806,3,Raman,Gold
220.5666829506595,37.1882571876806,3,Raman,Gold
222.27650219833905,37.198257187680596,3,Raman,Gold
223.98632144601856,37.198257187680596,3,Raman,Gold
225.6961406936981,37.1882571876806,3,Raman,Gold
227.40595994137763,37.1882571876806,3,Raman,Gold
229.11577918905718,37.1882571876806,3,Raman,Gold
230.8255984367367,37.1882571876806,3,Raman,Gold
232.53541768441622,37.1882571876806,3,Raman,Gold
234.24523693209576,37.198257187680596,3,Raman,Gold
235.95505617977528,37.1882571876806,3,Raman,Gold
237.66487542745483,37.1882571876806,3,Raman,Gold
239.37469467513435,37.198257187680596,3,Raman,Gold
241.08451392281387,37.2082571876806,3,Raman,Gold
242.79433317049342,37.1882571876806,3,Raman,Gold
244.50415241817294,37.1882571876806,3,Raman,Gold
246.21397166585248,37.1882571876806,3,Raman,Gold
247.923790913532,37.1882571876806,3,Raman,Gold
249.63361016121155,37.198257187680596,3,Raman,Gold
251.34342940889107,37.1882571876806,3,Raman,Gold
253.0532486565706,37.1882571876806,3,Raman,Gold
254.76306790425014,37.1882571876806,3,Raman,Gold
256.4728871519297,37.1882571876806,3,Raman,Gold
258.1827063996092,37.1882571876806,3,Raman,Gold
259.8925256472887,37.1882571876806,3,Raman,Gold
261.60234489496827,37.1882571876806,3,Raman,Gold
263.31216414264776,37.1882571876806,3,Raman,Gold
265.0219833903273,37.1882571876806,3,Raman,Gold
266.73180263800685,37.1882571876806,3,Raman,Gold
268.4416218856864,37.1882571876806,3,Raman,Gold
270.1514411333659,37.198257187680596,3,Raman,Gold
271.86126038104544,37.1882571876806,3,Raman,Gold
273.571079628725,37.1882571876806,3,Raman,Gold
275.2808988764045,37.1882571876806,3,Raman,Gold
276.990718124084,37.198257187680596,3,Raman,Gold
278.7005373717636,37.1882571876806,3,Raman,Gold
280.4103566194431,37.1882571876806,3,Raman,Gold
282.1201758671226,37.1882571876806,3,Raman,Gold
283.82999511480216,37.198257187680596,3,Raman,Gold
285.5398143624817,37.1882571876806,3,Raman,Gold
287.2496336101612,37.1882571876806,3,Raman,Gold
288.95945285784074,37.1882571876806,3,Raman,Gold
290.6692721055203,37.1882571876806,3,Raman,Gold
292.37909135319984,37.1882571876806,3,Raman,Gold
294.08891060087933,37.1882571876806,3,Raman,Gold
295.7987298485589,37.1882571876806,3,Raman,Gold
297.5085490962384,37.1882571876806,3,Raman,Gold
299.2183683439179,37.1882571876806,3,Raman,Gold
300.92818759159746,37.1882571876806,3,Raman,Gold
302.638006839277,37.1882571876806,3,Raman,Gold
304.34782608695656,37.1882571876806,3,Raman,Gold
306.05764533463605,37.1882571876806,3,Raman,Gold
307.7674645823156,37.1882571876806,3,Raman,Gold
309.47728382999514,37.1882571876806,3,Raman,Gold
311.18710307767464,37.1882571876806,3,Raman,Gold
312.8969223253542,37.1882571876806,3,Raman,Gold
314.60674157303373,37.1882571876806,3,Raman,Gold
316.3165608207133,37.1882571876806,3,Raman,Gold
318.02638006839277,37.1882571876806,3,Raman,Gold
319.7361993160723,37.198257187680596,3,Raman,Gold
321.44601856375186,37.1882571876806,3,Raman,Gold
323.15583781143135,37.1882571876806,3,Raman,Gold
324.8656570591109,37.198257187680596,3,Raman,Gold
326.57547630679045,37.1882571876806,3,Raman,Gold
328.28529555446994,37.1882571876806,3,Raman,Gold
329.9951148021495,37.1882571876806,3,Raman,Gold
331.70493404982903,37.198257187680596,3,Raman,Gold
333.4147532975086,37.198257187680596,3,Raman,Gold
335.1245725451881,37.1882571876806,3,Raman,Gold
336.8343917928676,37.1882571876806,3,Raman,Gold
338.54421104054717,37.1882571876806,3,Raman,Gold
340.25403028822666,37.1882571876806,3,Raman,Gold
341.9638495359062,37.1882571876806,3,Raman,Gold
343.67366878358575,37.1882571876806,3,Raman,Gold
345.3834880312653,37.198257187680596,3,Raman,Gold
347.0933072789448,37.1882571876806,3,Raman,Gold
348.80312652662434,37.1882571876806,3,Raman,Gold
350.5129457743039,37.1882571876806,3,Raman,Gold
352.2227650219834,37.1882571876806,3,Raman,Gold
353.9325842696629,37.1882571876806,3,Raman,Gold
355.6424035173425,37.198257187680596,3,Raman,Gold
357.352222765022,37.1882571876806,3,Raman,Gold
359.0620420127015,37.1882571876806,3,Raman,Gold
360.77186126038106,37.198257187680596,3,Raman,Gold
362.4816805080606,37.1882571876806,3,Raman,Gold
364.1914997557401,37.2082571876806,3,Raman,Gold
365.90131900341964,37.198257187680596,3,Raman,Gold
367.6111382510992,37.1882571876806,3,Raman,Gold
369.32095749877874,37.1882571876806,3,Raman,Gold
371.03077674645823,37.198257187680596,3,Raman,Gold
372.7405959941378,37.1882571876806,3,Raman,Gold
374.4504152418173,37.198257187680596,3,Raman,Gold
376.1602344894968,37.198257187680596,3,Raman,Gold
377.87005373717636,37.1882571876806,3,Raman,Gold
379.5798729848559,37.1882571876806,3,Raman,Gold
381.28969223253546,37.198257187680596,3,Raman,Gold
382.99951148021495,37.1882571876806,3,Raman,Gold
384.7093307278945,37.1882571876806,3,Raman,Gold
386.41914997557404,37.1882571876806,3,Raman,Gold
388.12896922325353,37.1882571876806,3,Raman,Gold
389.8387884709331,37.1882571876806,3,Raman,Gold
391.54860771861263,37.1882571876806,3,Raman,Gold
393.2584269662922,37.198257187680596,3,Raman,Gold
394.96824621397167,37.1882571876806,3,Raman,Gold
396.6780654616512,37.2082571876806,3,Raman,Gold
398.38788470933076,37.198257187680596,3,Raman,Gold
400.09770395701025,37.1882571876806,3,Raman,Gold
401.8075232046898,37.1882571876806,3,Raman,Gold
403.51734245236935,37.1882571876806,3,Raman,Gold
405.22716170004884,37.198257187680596,3,Raman,Gold
406.9369809477284,37.1882571876806,3,Raman,Gold
408.64680019540793,37.1882571876806,3,Raman,Gold
410.3566194430875,37.1882571876806,3,Raman,Gold
412.066438690767,37.1882571876806,3,Raman,Gold
413.7762579384465,37.1882571876806,3,Raman,Gold
415.48607718612607,37.1882571876806,3,Raman,Gold
417.19589643380556,37.198257187680596,3,Raman,Gold
418.9057156814851,37.1882571876806,3,Raman,Gold
420.61553492916465,37.1882571876806,3,Raman,Gold
422.3253541768442,37.1882571876806,3,Raman,Gold
424.0351734245237,37.198257187680596,3,Raman,Gold
425.74499267220324,37.1882571876806,3,Raman,Gold
427.4548119198828,37.1882571876806,3,Raman,Gold
429.1646311675623,37.1882571876806,3,Raman,Gold
430.8744504152418,37.1882571876806,3,Raman,Gold
432.5842696629214,37.1882571876806,3,Raman,Gold
434.2940889106009,37.198257187680596,3,Raman,Gold
436.0039081582804,37.1882571876806,3,Raman,Gold
437.71372740595996,37.198257187680596,3,Raman,Gold
439.4235466536395,37.2082571876806,3,Raman,Gold
441.133365901319,37.1882571876806,3,Raman,Gold
442.84318514899854,37.198257187680596,3,Raman,Gold
444.5530043966781,37.198257187680596,3,Raman,Gold
446.26282364435764,37.1882571876806,3,Raman,Gold
447.97264289203713,37.1882571876806,3,Raman,Gold
449.6824621397167,37.1882571876806,3,Raman,Gold
451.3922813873962,37.1882571876806,3,Raman,Gold
453.1021006350757,37.1882571876806,3,Raman,Gold
454.81191988275526,37.1882571876806,3,Raman,Gold
456.5217391304348,37.1882571876806,3,Raman,Gold
458.23155837811436,37.1882571876806,3,Raman,Gold
459.94137762579385,37.1882571876806,3,Raman,Gold
461.6511968734734,37.1882571876806,3,Raman,Gold
463.36101612115294,37.1882571876806,3,Raman,Gold
465.07083536883243,37.198257187680596,3,Raman,Gold
466.780654616512,37.1882571876806,3,Raman,Gold
468.49047386419153,37.198257187680596,3,Raman,Gold
470.2002931118711,37.1882571876806,3,Raman,Gold
471.91011235955057,37.1882571876806,3,Raman,Gold
473.6199316072301,37.198257187680596,3,Raman,Gold
475.32975085490966,37.2082571876806,3,Raman,Gold
477.03957010258915,37.1882571876806,3,Raman,Gold
478.7493893502687,37.1882571876806,3,Raman,Gold
480.45920859794825,37.1882571876806,3,Raman,Gold
482.16902784562774,37.1882571876806,3,Raman,Gold
483.8788470933073,37.198257187680596,3,Raman,Gold
485.58866634098683,37.1882571876806,3,Raman,Gold
487.2984855886664,37.198257187680596,3,Raman,Gold
489.00830483634587,37.1882571876806,3,Raman,Gold
490.7181240840254,37.1882571876806,3,Raman,Gold
492.42794333170497,37.1882571876806,3,Raman,Gold
494.13776257938446,37.1882571876806,3,Raman,Gold
495.847581827064,37.198257187680596,3,Raman,Gold
497.55740107474355,37.1882571876806,3,Raman,Gold
499.2672203224231,37.1882571876806,3,Raman,Gold
500.9770395701026,37.1882571876806,3,Raman,Gold
502.68685881778214,37.1882571876806,3,Raman,Gold
504.3966780654617,37.1882571876806,3,Raman,Gold
506.1064973131412,37.198257187680596,3,Raman,Gold
507.8163165608207,37.198257187680596,3,Raman,Gold
509.52613580850027,37.198257187680596,3,Raman,Gold
511.2359550561798,37.1882571876806,3,Raman,Gold
512.9457743038594,37.1882571876806,3,Raman,Gold
514.6555935515388,37.2082571876806,3,Raman,Gold
516.3654127992183,37.1882571876806,3,Raman,Gold
518.0752320468979,37.1882571876806,3,Raman,Gold
519.7850512945774,37.2282571876806,3,Raman,Gold
521.494870542257,37.1882571876806,3,Raman,Gold
523.2046897899365,37.198257187680596,3,Raman,Gold
524.9145090376161,37.198257187680596,3,Raman,Gold
526.6243282852955,37.1882571876806,3,Raman,Gold
528.3341475329751,37.1882571876806,3,Raman,Gold
530.0439667806546,37.1882571876806,3,Raman,Gold
531.7537860283342,37.1882571876806,3,Raman,Gold
533.4636052760137,37.1882571876806,3,Raman,Gold
535.1734245236933,37.1882571876806,3,Raman,Gold
536.8832437713728,37.1882571876806,3,Raman,Gold
538.5930630190522,37.1882571876806,3,Raman,Gold
540.3028822667318,37.1882571876806,3,Raman,Gold
542.0127015144113,37.198257187680596,3,Raman,Gold
543.7225207620909,37.1882571876806,3,Raman,Gold
545.4323400097704,37.198257187680596,3,Raman,Gold
547.14215925745,37.1882571876806,3,Raman,Gold
548.8519785051295,37.1882571876806,3,Raman,Gold
550.561797752809,37.1882571876806,3,Raman,Gold
552.2716170004885,37.1882571876806,3,Raman,Gold
553.981436248168,37.198257187680596,3,Raman,Gold
555.6912554958476,37.1882571876806,3,Raman,Gold
557.4010747435271,37.198257187680596,3,Raman,Gold
559.1108939912067,37.1882571876806,3,Raman,Gold
560.8207132388862,37.1882571876806,3,Raman,Gold
562.5305324865657,37.1882571876806,3,Raman,Gold
564.2403517342452,37.1882571876806,3,Raman,Gold
565.9501709819248,37.1882571876806,3,Raman,Gold
567.6599902296043,37.1882571876806,3,Raman,Gold
569.3698094772839,37.1882571876806,3,Raman,Gold
571.0796287249634,37.1882571876806,3,Raman,Gold
572.789447972643,37.1882571876806,3,Raman,Gold
574.4992672203224,37.1882571876806,3,Raman,Gold
576.2090864680019,37.198257187680596,3,Raman,Gold
577.9189057156815,37.1882571876806,3,Raman,Gold
579.628724963361,37.1882571876806,3,Raman,Gold
581.3385442110406,37.1882571876806,3,Raman,Gold
583.0483634587201,37.1882571876806,3,Raman,Gold
584.7581827063997,37.1882571876806,3,Raman,Gold
586.4680019540791,37.198257187680596,3,Raman,Gold
588.1778212017587,37.1882571876806,3,Raman,Gold
589.8876404494382,37.1882571876806,3,Raman,Gold
591.5974596971178,37.198257187680596,3,Raman,Gold
593.3072789447973,37.1882571876806,3,Raman,Gold
595.0170981924769,37.1882571876806,3,Raman,Gold
596.7269174401564,37.1882571876806,3,Raman,Gold
598.4367366878358,37.1882571876806,3,Raman,Gold
600.1465559355154,37.198257187680596,3,Raman,Gold
601.8563751831949,37.1882571876806,3,Raman,Gold
603.5661944308745,37.198257187680596,3,Raman,Gold
605.276013678554,37.1882571876806,3,Raman,Gold
606.9858329262336,37.1882571876806,3,Raman,Gold
608.6956521739131,37.1882571876806,3,Raman,Gold
610.4054714215926,37.1882571876806,3,Raman,Gold
612.1152906692721,37.1882571876806,3,Raman,Gold
613.8251099169516,37.2082571876806,3,Raman,Gold
615.5349291646312,37.1882571876806,3,Raman,Gold
617.2447484123107,37.1882571876806,3,Raman,Gold
618.9545676599903,37.1882571876806,3,Raman,Gold
620.6643869076698,37.1882571876806,3,Raman,Gold
622.3742061553493,37.198257187680596,3,Raman,Gold
624.0840254030288,37.198257187680596,3,Raman,Gold
625.7938446507084,37.1882571876806,3,Raman,Gold
627.5036638983879,37.1882571876806,3,Raman,Gold
629.2134831460675,37.1882571876806,3,Raman,Gold
630.923302393747,37.2082571876806,3,Raman,Gold
632.6331216414266,37.1882571876806,3,Raman,Gold
634.342940889106,37.1882571876806,3,Raman,Gold
636.0527601367855,37.1882571876806,3,Raman,Gold
637.7625793844651,37.1882571876806,3,Raman,Gold
639.4723986321446,37.1882571876806,3,Raman,Gold
641.1822178798242,37.1882571876806,3,Raman,Gold
642.8920371275037,37.1882571876806,3,Raman,Gold
644.6018563751833,37.198257187680596,3,Raman,Gold
646.3116756228627,37.1882571876806,3,Raman,Gold
648.0214948705423,37.1882571876806,3,Raman,Gold
649.7313141182218,37.1882571876806,3,Raman,Gold
651.4411333659014,37.1882571876806,3,Raman,Gold
653.1509526135809,37.1882571876806,3,Raman,Gold
654.8607718612604,37.2082571876806,3,Raman,Gold
656.5705911089399,37.1882571876806,3,Raman,Gold
658.2804103566194,37.1882571876806,3,Raman,Gold
659.990229604299,37.1882571876806,3,Raman,Gold
661.7000488519785,37.1882571876806,3,Raman,Gold
663.4098680996581,37.1882571876806,3,Raman,Gold
665.1196873473376,37.1882571876806,3,Raman,Gold
666.8295065950172,37.1882571876806,3,Raman,Gold
668.5393258426966,37.1882571876806,3,Raman,Gold
670.2491450903761,37.198257187680596,3,Raman,Gold
671.9589643380557,37.198257187680596,3,Raman,Gold
673.6687835857352,37.1882571876806,3,Raman,Gold
675.3786028334148,37.1882571876806,3,Raman,Gold
677.0884220810943,37.1882571876806,3,Raman,Gold
678.7982413287739,37.1882571876806,3,Raman,Gold
680.5080605764533,37.1882571876806,3,Raman,Gold
682.2178798241329,37.1882571876806,3,Raman,Gold
683.9276990718124,37.1882571876806,3,Raman,Gold
685.637518319492,37.1882571876806,3,Raman,Gold
687.3473375671715,37.1882571876806,3,Raman,Gold
689.057156814851,37.1882571876806,3,Raman,Gold
690.7669760625306,37.198257187680596,3,Raman,Gold
692.47679531021,37.1882571876806,3,Raman,Gold
694.1866145578896,37.2082571876806,3,Raman,Gold
695.8964338055691,37.1882571876806,3,Raman,Gold
697.6062530532487,37.1882571876806,3,Raman,Gold
699.3160723009282,37.1882571876806,3,Raman,Gold
701.0258915486078,37.1882571876806,3,Raman,Gold
702.7357107962873,37.1882571876806,3,Raman,Gold
704.4455300439668,37.198257187680596,3,Raman,Gold
706.1553492916463,37.2082571876806,3,Raman,Gold
707.8651685393259,37.1882571876806,3,Raman,Gold
709.5749877870054,37.1882571876806,3,Raman,Gold
711.284807034685,37.198257187680596,3,Raman,Gold
712.9946262823645,37.1882571876806,3,Raman,Gold
714.704445530044,37.1882571876806,3,Raman,Gold
716.4142647777235,37.198257187680596,3,Raman,Gold
718.124084025403,37.1882571876806,3,Raman,Gold
719.8339032730826,37.1882571876806,3,Raman,Gold
721.5437225207621,37.1882571876806,3,Raman,Gold
723.2535417684417,37.1882571876806,3,Raman,Gold
724.9633610161212,37.198257187680596,3,Raman,Gold
726.6731802638008,37.198257187680596,3,Raman,Gold
728.3829995114802,37.1882571876806,3,Raman,Gold
730.0928187591597,37.1882571876806,3,Raman,Gold
731.8026380068393,37.1882571876806,3,Raman,Gold
733.5124572545188,37.1882571876806,3,Raman,Gold
735.2222765021984,37.1882571876806,3,Raman,Gold
736.9320957498779,37.1882571876806,3,Raman,Gold
738.6419149975575,37.1882571876806,3,Raman,Gold
740.3517342452369,37.1882571876806,3,Raman,Gold
742.0615534929165,37.1882571876806,3,Raman,Gold
743.771372740596,37.1882571876806,3,Raman,Gold
745.4811919882756,37.1882571876806,3,Raman,Gold
747.1910112359551,37.1882571876806,3,Raman,Gold
748.9008304836346,37.1882571876806,3,Raman,Gold
750.6106497313142,37.1882571876806,3,Raman,Gold
752.3204689789936,37.198257187680596,3,Raman,Gold
754.0302882266732,37.1882571876806,3,Raman,Gold
755.7401074743527,37.1882571876806,3,Raman,Gold
757.4499267220323,37.1882571876806,3,Raman,Gold
759.1597459697118,37.198257187680596,3,Raman,Gold
760.8695652173914,37.1882571876806,3,Raman,Gold
762.5793844650709,37.1882571876806,3,Raman,Gold
764.2892037127503,37.1882571876806,3,Raman,Gold
765.9990229604299,37.198257187680596,3,Raman,Gold
767.7088422081094,37.198257187680596,3,Raman,Gold
769.418661455789,37.1882571876806,3,Raman,Gold
771.1284807034685,37.1882571876806,3,Raman,Gold
772.8382999511481,37.1882571876806,3,Raman,Gold
774.5481191988276,37.1882571876806,3,Raman,Gold
776.2579384465071,37.1882571876806,3,Raman,Gold
777.9677576941866,37.1882571876806,3,Raman,Gold
779.6775769418662,37.1882571876806,3,Raman,Gold
781.3873961895457,37.1882571876806,3,Raman,Gold
783.0972154372253,37.1882571876806,3,Raman,Gold
784.8070346849048,37.198257187680596,3,Raman,Gold
786.5168539325844,37.198257187680596,3,Raman,Gold
788.2266731802638,37.198257187680596,3,Raman,Gold
789.9364924279433,37.1882571876806,3,Raman,Gold
791.6463116756229,37.1882571876806,3,Raman,Gold
793.3561309233024,37.198257187680596,3,Raman,Gold
795.065950170982,37.1882571876806,3,Raman,Gold
796.7757694186615,37.198257187680596,3,Raman,Gold
798.4855886663411,37.1882571876806,3,Raman,Gold
800.1954079140205,37.1882571876806,3,Raman,Gold
801.9052271617,37.1882571876806,3,Raman,Gold
803.6150464093796,37.1882571876806,3,Raman,Gold
805.3248656570591,37.1882571876806,3,Raman,Gold
807.0346849047387,37.198257187680596,3,Raman,Gold
808.7445041524182,37.1882571876806,3,Raman,Gold
810.4543234000977,37.1882571876806,3,Raman,Gold
812.1641426477772,37.198257187680596,3,Raman,Gold
813.8739618954568,37.198257187680596,3,Raman,Gold
815.5837811431363,37.198257187680596,3,Raman,Gold
817.2936003908159,37.1882571876806,3,Raman,Gold
819.0034196384954,37.1882571876806,3,Raman,Gold
820.713238886175,37.1882571876806,3,Raman,Gold
822.4230581338544,37.1882571876806,3,Raman,Gold
824.132877381534,37.198257187680596,3,Raman,Gold
825.8426966292135,37.198257187680596,3,Raman,Gold
827.552515876893,37.1882571876806,3,Raman,Gold
829.2623351245726,37.1882571876806,3,Raman,Gold
830.9721543722521,37.198257187680596,3,Raman,Gold
832.6819736199317,37.1882571876806,3,Raman,Gold
834.3917928676111,37.1882571876806,3,Raman,Gold
836.1016121152907,37.1882571876806,3,Raman,Gold
837.8114313629702,37.1882571876806,3,Raman,Gold
839.5212506106498,37.1882571876806,3,Raman,Gold
841.2310698583293,37.1882571876806,3,Raman,Gold
842.9408891060089,37.2082571876806,3,Raman,Gold
844.6507083536884,37.1882571876806,3,Raman,Gold
846.3605276013678,37.198257187680596,3,Raman,Gold
848.0703468490474,37.1882571876806,3,Raman,Gold
849.7801660967269,37.198257187680596,3,Raman,Gold
851.4899853444065,37.198257187680596,3,Raman,Gold
853.199804592086,37.1882571876806,3,Raman,Gold
854.9096238397656,37.1882571876806,3,Raman,Gold
856.6194430874451,37.1882571876806,3,Raman,Gold
858.3292623351246,37.1882571876806,3,Raman,Gold
860.0390815828041,37.2182571876806,3,Raman,Gold
861.7489008304836,37.198257187680596,3,Raman,Gold
863.4587200781632,37.198257187680596,3,Raman,Gold
865.1685393258427,37.1882571876806,3,Raman,Gold
866.8783585735223,37.2082571876806,3,Raman,Gold
868.5881778212018,37.198257187680596,3,Raman,Gold
870.2979970688813,37.1882571876806,3,Raman,Gold
872.0078163165608,37.1882571876806,3,Raman,Gold
873.7176355642404,37.1882571876806,3,Raman,Gold
875.4274548119199,37.1882571876806,3,Raman,Gold
877.1372740595995,37.1882571876806,3,Raman,Gold
878.847093307279,37.1882571876806,3,Raman,Gold
880.5569125549586,37.1882571876806,3,Raman,Gold
882.266731802638,37.1882571876806,3,Raman,Gold
883.9765510503175,37.1882571876806,3,Raman,Gold
885.6863702979971,37.1882571876806,3,Raman,Gold
887.3961895456766,37.1882571876806,3,Raman,Gold
889.1060087933562,37.1882571876806,3,Raman,Gold
890.8158280410357,37.1882571876806,3,Raman,Gold
892.5256472887153,37.1882571876806,3,Raman,Gold
894.2354665363947,37.1882571876806,3,Raman,Gold
895.9452857840743,37.198257187680596,3,Raman,Gold
897.6551050317538,37.1882571876806,3,Raman,Gold
899.3649242794334,37.198257187680596,3,Raman,Gold
901.0747435271129,37.198257187680596,3,Raman,Gold
902.7845627747924,37.1882571876806,3,Raman,Gold
904.494382022472,37.1882571876806,3,Raman,Gold
906.2042012701514,37.1882571876806,3,Raman,Gold
907.914020517831,37.1882571876806,3,Raman,Gold
909.6238397655105,37.2082571876806,3,Raman,Gold
911.3336590131901,37.198257187680596,3,Raman,Gold
913.0434782608696,37.2082571876806,3,Raman,Gold
914.7532975085492,37.1882571876806,3,Raman,Gold
916.4631167562287,37.1882571876806,3,Raman,Gold
918.1729360039081,37.1882571876806,3,Raman,Gold
919.8827552515877,37.1882571876806,3,Raman,Gold
921.5925744992672,37.2082571876806,3,Raman,Gold
923.3023937469468,37.2082571876806,3,Raman,Gold
925.0122129946263,37.1882571876806,3,Raman,Gold
926.7220322423059,37.1882571876806,3,Raman,Gold
928.4318514899854,37.1882571876806,3,Raman,Gold
930.1416707376649,37.1882571876806,3,Raman,Gold
931.8514899853444,37.1882571876806,3,Raman,Gold
933.561309233024,37.198257187680596,3,Raman,Gold
935.2711284807035,37.1882571876806,3,Raman,Gold
936.9809477283831,37.198257187680596,3,Raman,Gold
938.6907669760626,37.198257187680596,3,Raman,Gold
940.4005862237422,37.1882571876806,3,Raman,Gold
942.1104054714216,37.198257187680596,3,Raman,Gold
943.8202247191011,37.1882571876806,3,Raman,Gold
945.5300439667807,37.1882571876806,3,Raman,Gold
947.2398632144602,37.1882571876806,3,Raman,Gold
948.9496824621398,37.198257187680596,3,Raman,Gold
950.6595017098193,37.198257187680596,3,Raman,Gold
952.3693209574988,37.1882571876806,3,Raman,Gold
954.0791402051783,37.1882571876806,3,Raman,Gold
955.7889594528579,37.198257187680596,3,Raman,Gold
957.4987787005374,37.1882571876806,3,Raman,Gold
959.208597948217,37.1882571876806,3,Raman,Gold
960.9184171958965,37.1882571876806,3,Raman,Gold
962.628236443576,37.198257187680596,3,Raman,Gold
964.3380556912555,37.1882571876806,3,Raman,Gold
966.047874938935,37.1882571876806,3,Raman,Gold
967.7576941866146,37.1882571876806,3,Raman,Gold
969.4675134342941,37.1882571876806,3,Raman,Gold
971.1773326819737,37.1882571876806,3,Raman,Gold
972.8871519296532,37.1882571876806,3,Raman,Gold
974.5969711773328,37.1882571876806,3,Raman,Gold
976.3067904250122,37.1882571876806,3,Raman,Gold
978.0166096726917,37.198257187680596,3,Raman,Gold
979.7264289203713,37.1882571876806,3,Raman,Gold
981.4362481680508,37.1882571876806,3,Raman,Gold
983.1460674157304,37.1882571876806,3,Raman,Gold
984.8558866634099,37.198257187680596,3,Raman,Gold
986.5657059110895,37.198257187680596,3,Raman,Gold
988.2755251587689,37.1882571876806,3,Raman,Gold
989.9853444064485,37.1882571876806,3,Raman,Gold
991.695163654128,37.198257187680596,3,Raman,Gold
993.4049829018076,37.198257187680596,3,Raman,Gold
995.1148021494871,37.198257187680596,3,Raman,Gold
996.8246213971667,37.1882571876806,3,Raman,Gold
998.5344406448462,37.1882571876806,3,Raman,Gold
1000.2442598925256,37.198257187680596,3,Raman,Gold
1001.9540791402052,37.1882571876806,3,Raman,Gold
1003.6638983878847,37.1882571876806,3,Raman,Gold
1005.3737176355643,37.2082571876806,3,Raman,Gold
1007.0835368832438,37.1882571876806,3,Raman,Gold
1008.7933561309234,37.198257187680596,3,Raman,Gold
1010.5031753786029,37.198257187680596,3,Raman,Gold
1012.2129946262824,37.1882571876806,3,Raman,Gold
1013.9228138739619,37.1882571876806,3,Raman,Gold
1015.6326331216414,37.2182571876806,3,Raman,Gold
1017.342452369321,37.198257187680596,3,Raman,Gold
1019.0522716170005,37.1882571876806,3,Raman,Gold
1020.7620908646801,37.1882571876806,3,Raman,Gold
1022.4719101123596,37.2082571876806,3,Raman,Gold
1024.181729360039,37.1882571876806,3,Raman,Gold
1025.8915486077187,37.198257187680596,3,Raman,Gold
1027.6013678553982,37.198257187680596,3,Raman,Gold
1029.3111871030776,37.1882571876806,3,Raman,Gold
1031.0210063507573,37.1882571876806,3,Raman,Gold
1032.7308255984367,37.1882571876806,3,Raman,Gold
1034.4406448461164,37.1882571876806,3,Raman,Gold
1036.1504640937958,37.1882571876806,3,Raman,Gold
1037.8602833414755,37.1882571876806,3,Raman,Gold
1039.5701025891549,37.1882571876806,3,Raman,Gold
1041.2799218368343,37.198257187680596,3,Raman,Gold
1042.989741084514,37.1882571876806,3,Raman,Gold
1044.6995603321934,37.198257187680596,3,Raman,Gold
1046.409379579873,37.1882571876806,3,Raman,Gold
1048.1191988275525,37.1882571876806,3,Raman,Gold
1049.8290180752322,37.198257187680596,3,Raman,Gold
1051.5388373229116,37.1882571876806,3,Raman,Gold
1053.248656570591,37.198257187680596,3,Raman,Gold
1054.9584758182707,37.1882571876806,3,Raman,Gold
1056.6682950659501,37.198257187680596,3,Raman,Gold
1058.3781143136298,37.198257187680596,3,Raman,Gold
1060.0879335613092,37.1882571876806,3,Raman,Gold
1061.797752808989,37.198257187680596,3,Raman,Gold
1063.5075720566683,37.2182571876806,3,Raman,Gold
1065.2173913043478,37.1882571876806,3,Raman,Gold
1066.9272105520274,37.198257187680596,3,Raman,Gold
1068.6370297997069,37.1882571876806,3,Raman,Gold
1070.3468490473865,37.198257187680596,3,Raman,Gold
1072.056668295066,37.198257187680596,3,Raman,Gold
1073.7664875427456,37.1882571876806,3,Raman,Gold
1075.476306790425,37.1882571876806,3,Raman,Gold
1077.1861260381045,37.1882571876806,3,Raman,Gold
1078.8959452857841,37.198257187680596,3,Raman,Gold
1080.6057645334636,37.198257187680596,3,Raman,Gold
1082.3155837811432,37.1882571876806,3,Raman,Gold
1084.0254030288227,37.1882571876806,3,Raman,Gold
1085.7352222765023,37.1882571876806,3,Raman,Gold
1087.4450415241818,37.1882571876806,3,Raman,Gold
1089.1548607718612,37.1882571876806,3,Raman,Gold
1090.8646800195409,37.198257187680596,3,Raman,Gold
1092.5744992672203,37.1882571876806,3,Raman,Gold
1094.2843185149,37.198257187680596,3,Raman,Gold
1095.9941377625794,37.1882571876806,3,Raman,Gold
1097.703957010259,37.1882571876806,3,Raman,Gold
1099.4137762579385,37.1882571876806,3,Raman,Gold
1101.123595505618,37.1882571876806,3,Raman,Gold
1102.8334147532976,37.1882571876806,3,Raman,Gold
1104.543234000977,37.2082571876806,3,Raman,Gold
1106.2530532486567,37.198257187680596,3,Raman,Gold
1107.962872496336,37.1882571876806,3,Raman,Gold
1109.6726917440158,37.1882571876806,3,Raman,Gold
1111.3825109916952,37.1882571876806,3,Raman,Gold
1113.0923302393746,37.1882571876806,3,Raman,Gold
1114.8021494870543,37.1882571876806,3,Raman,Gold
1116.5119687347337,37.198257187680596,3,Raman,Gold
1118.2217879824134,37.1882571876806,3,Raman,Gold
1119.9316072300928,37.1882571876806,3,Raman,Gold
1121.6414264777725,37.198257187680596,3,Raman,Gold
1123.351245725452,37.1882571876806,3,Raman,Gold
1125.0610649731314,37.1882571876806,3,Raman,Gold
1126.770884220811,37.1882571876806,3,Raman,Gold
1128.4807034684904,37.1882571876806,3,Raman,Gold
1130.19052271617,37.1882571876806,3,Raman,Gold
1131.9003419638495,37.1882571876806,3,Raman,Gold
1133.6101612115292,37.1882571876806,3,Raman,Gold
1135.3199804592086,37.1882571876806,3,Raman,Gold
1137.029799706888,37.1882571876806,3,Raman,Gold
1138.7396189545677,37.1882571876806,3,Raman,Gold
1140.4494382022472,37.1882571876806,3,Raman,Gold
1142.1592574499268,37.1882571876806,3,Raman,Gold
1143.8690766976063,37.198257187680596,3,Raman,Gold
1145.578895945286,37.1882571876806,3,Raman,Gold
1147.2887151929654,37.1882571876806,3,Raman,Gold
1148.9985344406448,37.198257187680596,3,Raman,Gold
1150.7083536883245,37.1882571876806,3,Raman,Gold
1152.4181729360039,37.1882571876806,3,Raman,Gold
1154.1279921836835,37.1882571876806,3,Raman,Gold
1155.837811431363,37.1882571876806,3,Raman,Gold
1157.5476306790426,37.198257187680596,3,Raman,Gold
1159.257449926722,37.1882571876806,3,Raman,Gold
1160.9672691744015,37.1882571876806,3,Raman,Gold
1162.6770884220812,37.1882571876806,3,Raman,Gold
1164.3869076697606,37.198257187680596,3,Raman,Gold
1166.0967269174403,37.198257187680596,3,Raman,Gold
1167.8065461651197,37.1882571876806,3,Raman,Gold
1169.5163654127994,37.1882571876806,3,Raman,Gold
1171.2261846604788,37.1882571876806,3,Raman,Gold
1172.9360039081582,37.1882571876806,3,Raman,Gold
1174.645823155838,37.1882571876806,3,Raman,Gold
1176.3556424035173,37.1882571876806,3,Raman,Gold
1178.065461651197,37.1882571876806,3,Raman,Gold
1179.7752808988764,37.1882571876806,3,Raman,Gold
1181.485100146556,37.1882571876806,3,Raman,Gold
1183.1949193942355,37.1882571876806,3,Raman,Gold
1184.904738641915,37.198257187680596,3,Raman,Gold
1186.6145578895946,37.1882571876806,3,Raman,Gold
1188.324377137274,37.1882571876806,3,Raman,Gold
1190.0341963849537,37.198257187680596,3,Raman,Gold
1191.7440156326331,37.198257187680596,3,Raman,Gold
1193.4538348803128,37.1882571876806,3,Raman,Gold
1195.1636541279922,37.1882571876806,3,Raman,Gold
1196.8734733756717,37.1882571876806,3,Raman,Gold
1198.5832926233513,37.1882571876806,3,Raman,Gold
1200.2931118710308,37.198257187680596,3,Raman,Gold
1202.0029311187104,37.198257187680596,3,Raman,Gold
1203.7127503663899,37.1882571876806,3,Raman,Gold
1205.4225696140695,37.1882571876806,3,Raman,Gold
1207.132388861749,37.1882571876806,3,Raman,Gold
1208.8422081094284,37.198257187680596,3,Raman,Gold
1210.552027357108,37.198257187680596,3,Raman,Gold
1212.2618466047875,37.1882571876806,3,Raman,Gold
1213.9716658524671,37.198257187680596,3,Raman,Gold
1215.6814851001466,37.198257187680596,3,Raman,Gold
1217.3913043478262,37.198257187680596,3,Raman,Gold
1219.1011235955057,37.1882571876806,3,Raman,Gold
1220.810942843185,37.1882571876806,3,Raman,Gold
1222.5207620908648,37.1882571876806,3,Raman,Gold
1224.2305813385442,37.1882571876806,3,Raman,Gold
1225.9404005862239,37.1882571876806,3,Raman,Gold
1227.6502198339033,37.1882571876806,3,Raman,Gold
1229.360039081583,37.1882571876806,3,Raman,Gold
1231.0698583292624,37.1882571876806,3,Raman,Gold
1232.7796775769418,37.1882571876806,3,Raman,Gold
1234.4894968246215,37.1882571876806,3,Raman,Gold
1236.199316072301,37.1882571876806,3,Raman,Gold
1237.9091353199806,37.1882571876806,3,Raman,Gold
1239.61895456766,37.1882571876806,3,Raman,Gold
1241.3287738153397,37.1882571876806,3,Raman,Gold
1243.038593063019,37.198257187680596,3,Raman,Gold
1244.7484123106985,37.1882571876806,3,Raman,Gold
1246.4582315583782,37.1882571876806,3,Raman,Gold
1248.1680508060576,37.1882571876806,3,Raman,Gold
1249.8778700537373,37.198257187680596,3,Raman,Gold
1251.5876893014167,37.1882571876806,3,Raman,Gold
1253.2975085490964,37.1882571876806,3,Raman,Gold
1255.0073277967758,37.1882571876806,3,Raman,Gold
1256.7171470444553,37.1882571876806,3,Raman,Gold
1258.426966292135,37.198257187680596,3,Raman,Gold
1260.1367855398144,37.1882571876806,3,Raman,Gold
1261.846604787494,37.1882571876806,3,Raman,Gold
1263.5564240351734,37.1882571876806,3,Raman,Gold
1265.266243282853,37.1882571876806,3,Raman,Gold
1266.9760625305325,37.198257187680596,3,Raman,Gold
1268.685881778212,37.198257187680596,3,Raman,Gold
1270.3957010258916,37.1882571876806,3,Raman,Gold
1272.105520273571,37.1882571876806,3,Raman,Gold
1273.8153395212507,37.1882571876806,3,Raman,Gold
1275.5251587689302,37.198257187680596,3,Raman,Gold
1277.2349780166098,37.1882571876806,3,Raman,Gold
1278.9447972642893,37.1882571876806,3,Raman,Gold
1280.6546165119687,37.1882571876806,3,Raman,Gold
1282.3644357596484,37.198257187680596,3,Raman,Gold
1284.0742550073278,37.1882571876806,3,Raman,Gold
1285.7840742550075,37.1882571876806,3,Raman,Gold
1287.493893502687,37.1882571876806,3,Raman,Gold
1289.2037127503665,37.1882571876806,3,Raman,Gold
1290.913531998046,37.198257187680596,3,Raman,Gold
1292.6233512457254,37.1882571876806,3,Raman,Gold
1294.333170493405,37.1882571876806,3,Raman,Gold
1296.0429897410845,37.1882571876806,3,Raman,Gold
1297.7528089887642,37.1882571876806,3,Raman,Gold
1299.4626282364436,37.1882571876806,3,Raman,Gold
1301.1724474841233,37.1882571876806,3,Raman,Gold
1302.8822667318027,37.1882571876806,3,Raman,Gold
1304.5920859794821,37.1882571876806,3,Raman,Gold
1306.3019052271618,37.1882571876806,3,Raman,Gold
1308.0117244748412,37.198257187680596,3,Raman,Gold
1309.721543722521,37.198257187680596,3,Raman,Gold
1311.4313629702003,37.1882571876806,3,Raman,Gold
1313.1411822178798,37.1882571876806,3,Raman,Gold
1314.8510014655594,37.1882571876806,3,Raman,Gold
1316.5608207132389,37.1882571876806,3,Raman,Gold
1318.2706399609185,37.1882571876806,3,Raman,Gold
1319.980459208598,37.198257187680596,3,Raman,Gold
1321.6902784562776,37.198257187680596,3,Raman,Gold
1323.400097703957,37.1882571876806,3,Raman,Gold
1325.1099169516365,37.1882571876806,3,Raman,Gold
1326.8197361993161,37.1882571876806,3,Raman,Gold
1328.5295554469956,37.1882571876806,3,Raman,Gold
1330.2393746946752,37.198257187680596,3,Raman,Gold
1331.9491939423547,37.1882571876806,3,Raman,Gold
1333.6590131900343,37.1882571876806,3,Raman,Gold
1335.3688324377138,37.1882571876806,3,Raman,Gold
1337.0786516853932,37.1882571876806,3,Raman,Gold
1338.7884709330729,37.1882571876806,3,Raman,Gold
1340.4982901807523,37.1882571876806,3,Raman,Gold
1342.208109428432,37.1882571876806,3,Raman,Gold
1343.9179286761114,37.1882571876806,3,Raman,Gold
1345.627747923791,37.1882571876806,3,Raman,Gold
1347.3375671714705,37.1882571876806,3,Raman,Gold
1349.04738641915,37.1882571876806,3,Raman,Gold
1350.7572056668296,37.1882571876806,3,Raman,Gold
1352.467024914509,37.2082571876806,3,Raman,Gold
1354.1768441621887,37.198257187680596,3,Raman,Gold
1355.886663409868,37.1882571876806,3,Raman,Gold
1357.5964826575478,37.1882571876806,3,Raman,Gold
1359.3063019052272,37.198257187680596,3,Raman,Gold
1361.0161211529066,37.2082571876806,3,Raman,Gold
1362.7259404005863,37.1882571876806,3,Raman,Gold
1364.4357596482657,37.1882571876806,3,Raman,Gold
1366.1455788959454,37.1882571876806,3,Raman,Gold
1367.8553981436248,37.1882571876806,3,Raman,Gold
1369.5652173913045,37.1882571876806,3,Raman,Gold
1371.275036638984,37.1882571876806,3,Raman,Gold
1372.9848558866634,37.1882571876806,3,Raman,Gold
1374.694675134343,37.1882571876806,3,Raman,Gold
1376.4044943820224,37.1882571876806,3,Raman,Gold
1378.114313629702,37.1882571876806,3,Raman,Gold
1379.8241328773815,37.1882571876806,3,Raman,Gold
1381.5339521250612,37.1882571876806,3,Raman,Gold
1383.2437713727406,37.198257187680596,3,Raman,Gold
1384.95359062042,37.1882571876806,3,Raman,Gold
1386.6634098680997,37.198257187680596,3,Raman,Gold
1388.3732291157792,37.198257187680596,3,Raman,Gold
1390.0830483634588,37.2082571876806,3,Raman,Gold
1391.7928676111383,37.1882571876806,3,Raman,Gold
1393.502686858818,37.198257187680596,3,Raman,Gold
1395.2125061064974,37.198257187680596,3,Raman,Gold
1396.9223253541768,37.198257187680596,3,Raman,Gold
1398.6321446018565,37.1882571876806,3,Raman,Gold
1400.341963849536,37.1882571876806,3,Raman,Gold
1402.0517830972155,37.1882571876806,3,Raman,Gold
1403.761602344895,37.1882571876806,3,Raman,Gold
1405.4714215925746,37.1882571876806,3,Raman,Gold
1407.181240840254,37.1882571876806,3,Raman,Gold
1408.8910600879335,37.1882571876806,3,Raman,Gold
1410.6008793356132,37.198257187680596,3,Raman,Gold
1412.3106985832926,37.1882571876806,3,Raman,Gold
1414.0205178309723,37.1882571876806,3,Raman,Gold
1415.7303370786517,37.1882571876806,3,Raman,Gold
1417.4401563263314,37.1882571876806,3,Raman,Gold
1419.1499755740108,37.1882571876806,3,Raman,Gold
1420.8597948216902,37.1882571876806,3,Raman,Gold
1422.56961406937,37.198257187680596,3,Raman,Gold
1424.2794333170493,37.1882571876806,3,Raman,Gold
1425.989252564729,37.1882571876806,3,Raman,Gold
1427.6990718124084,37.1882571876806,3,Raman,Gold
1429.408891060088,37.1882571876806,3,Raman,Gold
1431.1187103077675,37.1882571876806,3,Raman,Gold
1432.828529555447,37.1882571876806,3,Raman,Gold
1434.5383488031266,37.1882571876806,3,Raman,Gold
1436.248168050806,37.1882571876806,3,Raman,Gold
1437.9579872984857,37.1882571876806,3,Raman,Gold
1439.6678065461651,37.198257187680596,3,Raman,Gold
1441.3776257938448,37.1882571876806,3,Raman,Gold
1443.0874450415242,37.1882571876806,3,Raman,Gold
1444.7972642892037,37.2082571876806,3,Raman,Gold
1446.5070835368833,37.198257187680596,3,Raman,Gold
1448.2169027845628,37.198257187680596,3,Raman,Gold
1449.9267220322424,37.1882571876806,3,Raman,Gold
1451.6365412799219,37.1882571876806,3,Raman,Gold
1453.3463605276015,37.1882571876806,3,Raman,Gold
1455.056179775281,37.1882571876806,3,Raman,Gold
1456.7659990229604,37.1882571876806,3,Raman,Gold
1458.47581827064,37.1882571876806,3,Raman,Gold
1460.1856375183195,37.1882571876806,3,Raman,Gold
1461.8954567659991,37.1882571876806,3,Raman,Gold
1463.6052760136786,37.2182571876806,3,Raman,Gold
1465.3150952613582,37.1882571876806,3,Raman,Gold
1467.0249145090377,37.1882571876806,3,Raman,Gold
1468.734733756717,37.1882571876806,3,Raman,Gold
1470.4445530043968,37.1882571876806,3,Raman,Gold
1472.1543722520762,37.1882571876806,3,Raman,Gold
1473.8641914997559,37.198257187680596,3,Raman,Gold
1475.5740107474353,37.198257187680596,3,Raman,Gold
1477.283829995115,37.1882571876806,3,Raman,Gold
1478.9936492427944,37.1882571876806,3,Raman,Gold
1480.7034684904738,37.1882571876806,3,Raman,Gold
1482.4132877381535,37.198257187680596,3,Raman,Gold
1484.123106985833,37.1882571876806,3,Raman,Gold
1485.8329262335126,37.1882571876806,3,Raman,Gold
1487.542745481192,37.1882571876806,3,Raman,Gold
1489.2525647288717,37.1882571876806,3,Raman,Gold
1490.962383976551,37.1882571876806,3,Raman,Gold
1492.6722032242305,37.1882571876806,3,Raman,Gold
1494.3820224719102,37.1882571876806,3,Raman,Gold
1496.0918417195896,37.1882571876806,3,Raman,Gold
1497.8016609672693,37.198257187680596,3,Raman,Gold
1499.5114802149487,37.1882571876806,3,Raman,Gold
1501.2212994626284,37.1882571876806,3,Raman,Gold
1502.9311187103078,37.1882571876806,3,Raman,Gold
1504.6409379579873,37.198257187680596,3,Raman,Gold
1506.350757205667,37.198257187680596,3,Raman,Gold
1508.0605764533464,37.1882571876806,3,Raman,Gold
1509.770395701026,37.1882571876806,3,Raman,Gold
1511.4802149487055,37.1882571876806,3,Raman,Gold
1513.190034196385,37.1882571876806,3,Raman,Gold
1514.8998534440645,37.1882571876806,3,Raman,Gold
1516.609672691744,37.1882571876806,3,Raman,Gold
1518.3194919394236,37.1882571876806,3,Raman,Gold
1520.029311187103,37.198257187680596,3,Raman,Gold
1521.7391304347827,37.2182571876806,3,Raman,Gold
1523.4489496824622,37.198257187680596,3,Raman,Gold
1525.1587689301418,37.1882571876806,3,Raman,Gold
1526.8685881778213,37.1882571876806,3,Raman,Gold
1528.5784074255007,37.1882571876806,3,Raman,Gold
1530.2882266731804,37.198257187680596,3,Raman,Gold
1531.9980459208598,37.1882571876806,3,Raman,Gold
1533.7078651685395,37.1882571876806,3,Raman,Gold
1535.417684416219,37.198257187680596,3,Raman,Gold
1537.1275036638986,37.1882571876806,3,Raman,Gold
1538.837322911578,37.1882571876806,3,Raman,Gold
1540.5471421592574,37.1882571876806,3,Raman,Gold
1542.256961406937,37.1882571876806,3,Raman,Gold
1543.9667806546165,37.1882571876806,3,Raman,Gold
1545.6765999022962,37.198257187680596,3,Raman,Gold
1547.3864191499756,37.1882571876806,3,Raman,Gold
1549.0962383976553,37.198257187680596,3,Raman,Gold
1550.8060576453347,37.198257187680596,3,Raman,Gold
1552.5158768930141,37.198257187680596,3,Raman,Gold
1554.2256961406938,37.198257187680596,3,Raman,Gold
1555.9355153883732,37.1882571876806,3,Raman,Gold
1557.645334636053,37.1882571876806,3,Raman,Gold
1559.3551538837323,37.1882571876806,3,Raman,Gold
1561.064973131412,37.198257187680596,3,Raman,Gold
1562.7747923790914,37.1882571876806,3,Raman,Gold
1564.4846116267709,37.1882571876806,3,Raman,Gold
1566.1944308744505,37.1882571876806,3,Raman,Gold
1567.90425012213,37.2082571876806,3,Raman,Gold
1569.6140693698096,37.1882571876806,3,Raman,Gold
1571.323888617489,37.1882571876806,3,Raman,Gold
1573.0337078651687,37.1882571876806,3,Raman,Gold
1574.7435271128481,37.1882571876806,3,Raman,Gold
1576.4533463605276,37.1882571876806,3,Raman,Gold
1578.1631656082072,37.1882571876806,3,Raman,Gold
1579.8729848558867,37.1882571876806,3,Raman,Gold
1581.5828041035663,37.1882571876806,3,Raman,Gold
1583.2926233512458,37.1882571876806,3,Raman,Gold
1585.0024425989254,37.1882571876806,3,Raman,Gold
1586.7122618466049,37.1882571876806,3,Raman,Gold
1588.4220810942843,37.1882571876806,3,Raman,Gold
1590.131900341964,37.1882571876806,3,Raman,Gold
1591.8417195896434,37.1882571876806,3,Raman,Gold
1593.551538837323,37.2082571876806,3,Raman,Gold
1595.2613580850025,37.1882571876806,3,Raman,Gold
1596.9711773326821,37.1882571876806,3,Raman,Gold
1598.6809965803616,37.1882571876806,3,Raman,Gold
1600.390815828041,37.2182571876806,3,Raman,Gold
1602.1006350757207,37.198257187680596,3,Raman,Gold
1603.8104543234,37.198257187680596,3,Raman,Gold
1605.5202735710798,37.1882571876806,3,Raman,Gold
1607.2300928187592,37.1882571876806,3,Raman,Gold
1608.9399120664386,37.1882571876806,3,Raman,Gold
1610.6497313141183,37.1882571876806,3,Raman,Gold
1612.3595505617977,37.198257187680596,3,Raman,Gold
1614.0693698094774,37.1882571876806,3,Raman,Gold
1615.7791890571568,37.1882571876806,3,Raman,Gold
1617.4890083048365,37.1882571876806,3,Raman,Gold
1619.198827552516,37.198257187680596,3,Raman,Gold
1620.9086468001954,37.1882571876806,3,Raman,Gold
1622.618466047875,37.2082571876806,3,Raman,Gold
1624.3282852955545,37.198257187680596,3,Raman,Gold
1626.038104543234,37.198257187680596,3,Raman,Gold
1627.7479237909135,37.198257187680596,3,Raman,Gold
1629.4577430385932,37.1882571876806,3,Raman,Gold
1631.1675622862726,37.1882571876806,3,Raman,Gold
1632.877381533952,37.1882571876806,3,Raman,Gold
1634.5872007816317,37.198257187680596,3,Raman,Gold
1636.2970200293112,37.1882571876806,3,Raman,Gold
1638.0068392769908,37.1882571876806,3,Raman,Gold
1639.7166585246703,37.1882571876806,3,Raman,Gold
1641.42647777235,37.198257187680596,3,Raman,Gold
1643.1362970200294,37.1882571876806,3,Raman,Gold
1644.8461162677088,37.1882571876806,3,Raman,Gold
1646.5559355153885,37.198257187680596,3,Raman,Gold
1648.265754763068,37.1882571876806,3,Raman,Gold
1649.9755740107476,37.198257187680596,3,Raman,Gold
1651.685393258427,37.198257187680596,3,Raman,Gold
1653.3952125061066,37.198257187680596,3,Raman,Gold
1655.105031753786,37.198257187680596,3,Raman,Gold
1656.8148510014655,37.1882571876806,3,Raman,Gold
1658.5246702491452,37.1882571876806,3,Raman,Gold
1660.2344894968246,37.1882571876806,3,Raman,Gold
1661.9443087445043,37.198257187680596,3,Raman,Gold
1663.6541279921837,37.1882571876806,3,Raman,Gold
1665.3639472398634,37.198257187680596,3,Raman,Gold
1667.0737664875428,37.1882571876806,3,Raman,Gold
1668.7835857352222,37.1882571876806,3,Raman,Gold
1670.493404982902,37.1882571876806,3,Raman,Gold
1672.2032242305813,37.1882571876806,3,Raman,Gold
1673.913043478261,37.198257187680596,3,Raman,Gold
1675.6228627259404,37.198257187680596,3,Raman,Gold
1677.33268197362,37.1882571876806,3,Raman,Gold
1679.0425012212995,37.1882571876806,3,Raman,Gold
1680.752320468979,37.1882571876806,3,Raman,Gold
1682.4621397166586,37.198257187680596,3,Raman,Gold
1684.171958964338,37.2182571876806,3,Raman,Gold
1685.8817782120177,37.198257187680596,3,Raman,Gold
1687.5915974596971,37.1882571876806,3,Raman,Gold
1689.3014167073768,37.1882571876806,3,Raman,Gold
1691.0112359550562,37.198257187680596,3,Raman,Gold
1692.7210552027357,37.1882571876806,3,Raman,Gold
1694.4308744504153,37.1882571876806,3,Raman,Gold
1696.1406936980948,37.1882571876806,3,Raman,Gold
1697.8505129457744,37.1882571876806,3,Raman,Gold
1699.5603321934539,37.198257187680596,3,Raman,Gold
1701.2701514411335,37.198257187680596,3,Raman,Gold
1702.979970688813,37.198257187680596,3,Raman,Gold
1704.6897899364924,37.1882571876806,3,Raman,Gold
1706.399609184172,37.1882571876806,3,Raman,Gold
1708.1094284318515,37.1882571876806,3,Raman,Gold
1709.8192476795311,37.198257187680596,3,Raman,Gold
1711.5290669272106,37.198257187680596,3,Raman,Gold
1713.2388861748902,37.1882571876806,3,Raman,Gold
1714.9487054225697,37.1882571876806,3,Raman,Gold
1716.658524670249,37.1882571876806,3,Raman,Gold
1718.3683439179288,37.1882571876806,3,Raman,Gold
1720.0781631656082,37.1882571876806,3,Raman,Gold
1721.7879824132879,37.198257187680596,3,Raman,Gold
1723.4978016609673,37.1882571876806,3,Raman,Gold
1725.207620908647,37.1882571876806,3,Raman,Gold
1726.9174401563264,37.1882571876806,3,Raman,Gold
1728.6272594040058,37.198257187680596,3,Raman,Gold
1730.3370786516855,37.1882571876806,3,Raman,Gold
1732.046897899365,37.198257187680596,3,Raman,Gold
1733.7567171470446,37.1882571876806,3,Raman,Gold
1735.466536394724,37.1882571876806,3,Raman,Gold
1737.1763556424037,37.198257187680596,3,Raman,Gold
1738.886174890083,37.1882571876806,3,Raman,Gold
1740.5959941377625,37.1882571876806,3,Raman,Gold
1742.3058133854422,37.1882571876806,3,Raman,Gold
1744.0156326331216,37.198257187680596,3,Raman,Gold
1745.7254518808013,37.198257187680596,3,Raman,Gold
1747.4352711284807,37.1882571876806,3,Raman,Gold
1749.1450903761604,37.198257187680596,3,Raman,Gold
1750.8549096238398,37.1882571876806,3,Raman,Gold
1752.5647288715193,37.1882571876806,3,Raman,Gold
1754.274548119199,37.1882571876806,3,Raman,Gold
1755.9843673668784,37.198257187680596,3,Raman,Gold
1757.694186614558,37.1882571876806,3,Raman,Gold
1759.4040058622375,37.1882571876806,3,Raman,Gold
1761.1138251099171,37.1882571876806,3,Raman,Gold
1762.8236443575965,37.1882571876806,3,Raman,Gold
1764.533463605276,37.198257187680596,3,Raman,Gold
1766.2432828529556,37.2082571876806,3,Raman,Gold
1767.953102100635,37.1882571876806,3,Raman,Gold
1769.6629213483147,37.1882571876806,3,Raman,Gold
1771.3727405959942,37.1882571876806,3,Raman,Gold
1773.0825598436738,37.198257187680596,3,Raman,Gold
1774.7923790913533,37.1882571876806,3,Raman,Gold
1776.5021983390327,37.1882571876806,3,Raman,Gold
1778.2120175867124,37.198257187680596,3,Raman,Gold
1779.9218368343918,37.198257187680596,3,Raman,Gold
1781.6316560820715,37.1882571876806,3,Raman,Gold
1783.341475329751,37.1882571876806,3,Raman,Gold
1785.0512945774306,37.1882571876806,3,Raman,Gold
1786.76111382511,37.1882571876806,3,Raman,Gold
1788.4709330727894,37.1882571876806,3,Raman,Gold
1790.180752320469,37.1882571876806,3,Raman,Gold
1791.8905715681485,37.198257187680596,3,Raman,Gold
1793.6003908158282,37.1882571876806,3,Raman,Gold
1795.3102100635076,37.1882571876806,3,Raman,Gold
1797.0200293111873,37.1882571876806,3,Raman,Gold
1798.7298485588667,37.1882571876806,3,Raman,Gold
1800.4396678065461,37.1882571876806,3,Raman,Gold
1802.1494870542258,37.1882571876806,3,Raman,Gold
1803.8593063019052,37.1882571876806,3,Raman,Gold
1805.569125549585,37.1882571876806,3,Raman,Gold
1807.2789447972643,37.1882571876806,3,Raman,Gold
1808.988764044944,37.1882571876806,3,Raman,Gold
1810.6985832926234,37.1882571876806,3,Raman,Gold
1812.4084025403029,37.198257187680596,3,Raman,Gold
1814.1182217879825,37.1882571876806,3,Raman,Gold
1815.828041035662,37.198257187680596,3,Raman,Gold
1817.5378602833416,37.198257187680596,3,Raman,Gold
1819.247679531021,37.1882571876806,3,Raman,Gold
1820.9574987787007,37.1882571876806,3,Raman,Gold
1822.6673180263801,37.1882571876806,3,Raman,Gold
1824.3771372740596,37.1882571876806,3,Raman,Gold
1826.0869565217392,37.1882571876806,3,Raman,Gold
1827.7967757694187,37.1882571876806,3,Raman,Gold
1829.5065950170983,37.198257187680596,3,Raman,Gold
1831.2164142647778,37.1882571876806,3,Raman,Gold
1832.9262335124574,37.1882571876806,3,Raman,Gold
1834.6360527601369,37.1882571876806,3,Raman,Gold
1836.3458720078163,37.198257187680596,3,Raman,Gold
1838.055691255496,37.1882571876806,3,Raman,Gold
1839.7655105031754,37.1882571876806,3,Raman,Gold
1841.475329750855,37.198257187680596,3,Raman,Gold
1843.1851489985345,37.1882571876806,3,Raman,Gold
1844.8949682462141,37.1882571876806,3,Raman,Gold
1846.6047874938936,37.1882571876806,3,Raman,Gold
1848.314606741573,37.1882571876806,3,Raman,Gold
1850.0244259892527,37.1882571876806,3,Raman,Gold
1851.734245236932,37.198257187680596,3,Raman,Gold
1853.4440644846118,37.1882571876806,3,Raman,Gold
1855.1538837322912,37.1882571876806,3,Raman,Gold
1856.8637029799709,37.1882571876806,3,Raman,Gold
1858.5735222276503,37.1882571876806,3,Raman,Gold
1860.2833414753297,37.1882571876806,3,Raman,Gold
1861.9931607230094,37.1882571876806,3,Raman,Gold
1863.7029799706888,37.1882571876806,3,Raman,Gold
1865.4127992183685,37.1882571876806,3,Raman,Gold
1867.122618466048,37.1882571876806,3,Raman,Gold
1868.8324377137276,37.1882571876806,3,Raman,Gold
1870.542256961407,37.1882571876806,3,Raman,Gold
1872.2520762090865,37.1882571876806,3,Raman,Gold
1873.9618954567661,37.1882571876806,3,Raman,Gold
1875.6717147044455,37.198257187680596,3,Raman,Gold
1877.3815339521252,37.1882571876806,3,Raman,Gold
1879.0913531998046,37.198257187680596,3,Raman,Gold
1880.8011724474843,37.198257187680596,3,Raman,Gold
1882.5109916951637,37.1882571876806,3,Raman,Gold
1884.2208109428432,37.1882571876806,3,Raman,Gold
1885.9306301905228,37.1882571876806,3,Raman,Gold
1887.6404494382023,37.198257187680596,3,Raman,Gold
1889.350268685882,37.1882571876806,3,Raman,Gold
1891.0600879335614,37.1882571876806,3,Raman,Gold
1892.769907181241,37.1882571876806,3,Raman,Gold
1894.4797264289205,37.1882571876806,3,Raman,Gold
1896.1895456766,37.1882571876806,3,Raman,Gold
1897.8993649242796,37.1882571876806,3,Raman,Gold
1899.609184171959,37.198257187680596,3,Raman,Gold
1901.3190034196386,37.1882571876806,3,Raman,Gold
1903.028822667318,37.1882571876806,3,Raman,Gold
1904.7386419149975,37.198257187680596,3,Raman,Gold
1906.4484611626772,37.1882571876806,3,Raman,Gold
1908.1582804103566,37.198257187680596,3,Raman,Gold
1909.8680996580363,37.1882571876806,3,Raman,Gold
1911.5779189057157,37.1882571876806,3,Raman,Gold
1913.2877381533954,37.2182571876806,3,Raman,Gold
1914.9975574010748,37.1882571876806,3,Raman,Gold
1916.7073766487542,37.1882571876806,3,Raman,Gold
1918.417195896434,37.2082571876806,3,Raman,Gold
1920.1270151441133,37.1882571876806,3,Raman,Gold
1921.836834391793,37.1882571876806,3,Raman,Gold
1923.5466536394724,37.1882571876806,3,Raman,Gold
1925.256472887152,37.1882571876806,3,Raman,Gold
1926.9662921348315,37.1882571876806,3,Raman,Gold
1928.676111382511,37.1882571876806,3,Raman,Gold
1930.3859306301906,37.1882571876806,3,Raman,Gold
1932.09574987787,37.198257187680596,3,Raman,Gold
1933.8055691255497,37.198257187680596,3,Raman,Gold
1935.5153883732291,37.1882571876806,3,Raman,Gold
1937.2252076209088,37.1882571876806,3,Raman,Gold
1938.9350268685882,37.198257187680596,3,Raman,Gold
1940.6448461162677,37.1882571876806,3,Raman,Gold
1942.3546653639473,37.1882571876806,3,Raman,Gold
1944.0644846116268,37.198257187680596,3,Raman,Gold
1945.7743038593064,37.1882571876806,3,Raman,Gold
1947.4841231069859,37.1882571876806,3,Raman,Gold
1949.1939423546655,37.198257187680596,3,Raman,Gold
1950.903761602345,37.1882571876806,3,Raman,Gold
1952.6135808500244,37.1882571876806,3,Raman,Gold
1954.323400097704,37.1882571876806,3,Raman,Gold
1956.0332193453835,37.198257187680596,3,Raman,Gold
1957.7430385930631,37.1882571876806,3,Raman,Gold
1959.4528578407426,37.198257187680596,3,Raman,Gold
1961.1626770884222,37.198257187680596,3,Raman,Gold
1962.8724963361017,37.1882571876806,3,Raman,Gold
1964.582315583781,37.198257187680596,3,Raman,Gold
1966.2921348314608,37.1882571876806,3,Raman,Gold
1968.0019540791402,37.1882571876806,3,Raman,Gold
1969.7117733268199,37.198257187680596,3,Raman,Gold
1971.4215925744993,37.1882571876806,3,Raman,Gold
1973.131411822179,37.198257187680596,3,Raman,Gold
1974.8412310698584,37.1882571876806,3,Raman,Gold
1976.5510503175378,37.1882571876806,3,Raman,Gold
1978.2608695652175,37.198257187680596,3,Raman,Gold
1979.970688812897,37.1882571876806,3,Raman,Gold
1981.6805080605766,37.1882571876806,3,Raman,Gold
1983.390327308256,37.198257187680596,3,Raman,Gold
1985.1001465559357,37.1882571876806,3,Raman,Gold
1986.8099658036151,37.1882571876806,3,Raman,Gold
1988.5197850512945,37.198257187680596,3,Raman,Gold
1990.2296042989742,37.198257187680596,3,Raman,Gold
1991.9394235466536,37.1882571876806,3,Raman,Gold
1993.6492427943333,37.1882571876806,3,Raman,Gold
1995.3590620420127,37.198257187680596,3,Raman,Gold
1997.0688812896924,37.1882571876806,3,Raman,Gold
1998.7787005373718,37.1882571876806,3,Raman,Gold
2000.4885197850513,37.1882571876806,3,Raman,Gold
2002.198339032731,37.1882571876806,3,Raman,Gold
2003.9081582804104,37.1882571876806,3,Raman,Gold
2005.61797752809,37.198257187680596,3,Raman,Gold
2007.3277967757695,37.1882571876806,3,Raman,Gold
2009.0376160234491,37.1882571876806,3,Raman,Gold
2010.7474352711286,37.1882571876806,3,Raman,Gold
2012.457254518808,37.1882571876806,3,Raman,Gold
2014.1670737664876,37.2082571876806,3,Raman,Gold
2015.876893014167,37.198257187680596,3,Raman,Gold
2017.5867122618467,37.1882571876806,3,Raman,Gold
2019.2965315095262,37.1882571876806,3,Raman,Gold
2021.0063507572058,37.1882571876806,3,Raman,Gold
2022.7161700048853,37.1882571876806,3,Raman,Gold
2024.4259892525647,37.1882571876806,3,Raman,Gold
2026.1358085002444,37.1882571876806,3,Raman,Gold
2027.8456277479238,37.198257187680596,3,Raman,Gold
2029.5554469956035,37.1882571876806,3,Raman,Gold
2031.265266243283,37.1882571876806,3,Raman,Gold
2032.9750854909626,37.2082571876806,3,Raman,Gold
2034.684904738642,37.198257187680596,3,Raman,Gold
2036.3947239863214,37.1882571876806,3,Raman,Gold
2038.104543234001,37.1882571876806,3,Raman,Gold
2039.8143624816805,37.1882571876806,3,Raman,Gold
2041.5241817293602,37.1882571876806,3,Raman,Gold
2043.2340009770396,37.1882571876806,3,Raman,Gold
2044.9438202247193,37.198257187680596,3,Raman,Gold
2046.6536394723987,37.1882571876806,3,Raman,Gold
2048.363458720078,37.1882571876806,3,Raman,Gold
2050.073277967758,37.1882571876806,3,Raman,Gold
2051.7830972154375,37.1882571876806,3,Raman,Gold
2053.4929164631167,37.1882571876806,3,Raman,Gold
2055.2027357107963,37.1882571876806,3,Raman,Gold
2056.912554958476,37.198257187680596,3,Raman,Gold
2058.622374206155,37.198257187680596,3,Raman,Gold
2060.332193453835,37.1882571876806,3,Raman,Gold
2062.0420127015145,37.1882571876806,3,Raman,Gold
2063.751831949194,37.1882571876806,3,Raman,Gold
2065.4616511968734,37.1882571876806,3,Raman,Gold
2067.171470444553,37.1882571876806,3,Raman,Gold
2068.8812896922327,37.1882571876806,3,Raman,Gold
2070.591108939912,37.198257187680596,3,Raman,Gold
2072.3009281875916,37.1882571876806,3,Raman,Gold
2074.0107474352712,37.1882571876806,3,Raman,Gold
2075.720566682951,37.198257187680596,3,Raman,Gold
2077.43038593063,37.198257187680596,3,Raman,Gold
2079.1402051783098,37.1882571876806,3,Raman,Gold
2080.8500244259894,37.198257187680596,3,Raman,Gold
2082.5598436736686,37.1882571876806,3,Raman,Gold
2084.2696629213483,37.1882571876806,3,Raman,Gold
2085.979482169028,37.1882571876806,3,Raman,Gold
2087.6893014167076,37.1882571876806,3,Raman,Gold
2089.399120664387,37.1882571876806,3,Raman,Gold
2091.1089399120665,37.1882571876806,3,Raman,Gold
2092.818759159746,37.1882571876806,3,Raman,Gold
2094.5285784074254,37.198257187680596,3,Raman,Gold
2096.238397655105,37.1882571876806,3,Raman,Gold
2097.9482169027847,37.1882571876806,3,Raman,Gold
2099.6580361504643,37.1882571876806,3,Raman,Gold
2101.3678553981435,37.1882571876806,3,Raman,Gold
2103.077674645823,37.1882571876806,3,Raman,Gold
2104.787493893503,37.1882571876806,3,Raman,Gold
2106.497313141182,37.1882571876806,3,Raman,Gold
2108.2071323888617,37.198257187680596,3,Raman,Gold
2109.9169516365414,37.1882571876806,3,Raman,Gold
2111.626770884221,37.1882571876806,3,Raman,Gold
2113.3365901319003,37.198257187680596,3,Raman,Gold
2115.04640937958,37.198257187680596,3,Raman,Gold
2116.7562286272596,37.1882571876806,3,Raman,Gold
2118.466047874939,37.1882571876806,3,Raman,Gold
2120.1758671226185,37.1882571876806,3,Raman,Gold
2121.885686370298,37.1882571876806,3,Raman,Gold
2123.595505617978,37.1882571876806,3,Raman,Gold
2125.305324865657,37.1882571876806,3,Raman,Gold
2127.0151441133366,37.1882571876806,3,Raman,Gold
2128.7249633610163,37.1882571876806,3,Raman,Gold
2130.4347826086955,37.2082571876806,3,Raman,Gold
2132.144601856375,37.198257187680596,3,Raman,Gold
2133.854421104055,37.1882571876806,3,Raman,Gold
2135.5642403517345,37.1882571876806,3,Raman,Gold
2137.2740595994137,37.1882571876806,3,Raman,Gold
2138.9838788470934,37.1882571876806,3,Raman,Gold
2140.693698094773,37.1882571876806,3,Raman,Gold
2142.4035173424522,37.1882571876806,3,Raman,Gold
2144.113336590132,37.1882571876806,3,Raman,Gold
2145.8231558378116,37.198257187680596,3,Raman,Gold
2147.532975085491,37.1882571876806,3,Raman,Gold
2149.2427943331704,37.1882571876806,3,Raman,Gold
2150.95261358085,37.1882571876806,3,Raman,Gold
2152.6624328285297,37.1882571876806,3,Raman,Gold
2154.372252076209,37.1882571876806,3,Raman,Gold
2156.0820713238886,37.1882571876806,3,Raman,Gold
2157.7918905715683,37.1882571876806,3,Raman,Gold
2159.501709819248,37.1882571876806,3,Raman,Gold
2161.211529066927,37.2082571876806,3,Raman,Gold
2162.921348314607,37.1882571876806,3,Raman,Gold
2164.6311675622865,37.198257187680596,3,Raman,Gold
2166.3409868099657,37.1882571876806,3,Raman,Gold
2168.0508060576453,37.1882571876806,3,Raman,Gold
2169.760625305325,37.1882571876806,3,Raman,Gold
2171.4704445530047,37.198257187680596,3,Raman,Gold
2173.180263800684,37.1882571876806,3,Raman,Gold
2174.8900830483635,37.1882571876806,3,Raman,Gold
2176.599902296043,37.1882571876806,3,Raman,Gold
2178.3097215437224,37.1882571876806,3,Raman,Gold
2180.019540791402,37.1882571876806,3,Raman,Gold
2181.7293600390817,37.1882571876806,3,Raman,Gold
2183.4391792867614,37.1882571876806,3,Raman,Gold
2185.1489985344406,37.1882571876806,3,Raman,Gold
2186.8588177821202,37.1882571876806,3,Raman,Gold
2188.5686370298,37.1882571876806,3,Raman,Gold
2190.278456277479,37.1882571876806,3,Raman,Gold
2191.9882755251588,37.1882571876806,3,Raman,Gold
2193.6980947728384,37.1882571876806,3,Raman,Gold
2195.407914020518,37.1882571876806,3,Raman,Gold
2197.1177332681973,37.198257187680596,3,Raman,Gold
2198.827552515877,37.1882571876806,3,Raman,Gold
2200.5373717635566,37.1882571876806,3,Raman,Gold
2202.247191011236,37.1882571876806,3,Raman,Gold
2203.9570102589155,37.1882571876806,3,Raman,Gold
2205.666829506595,37.1882571876806,3,Raman,Gold
2207.376648754275,37.1882571876806,3,Raman,Gold
2209.086468001954,37.1882571876806,3,Raman,Gold
2210.7962872496337,37.1882571876806,3,Raman,Gold
2212.5061064973133,37.1882571876806,3,Raman,Gold
2214.2159257449925,37.1882571876806,3,Raman,Gold
2215.925744992672,37.1882571876806,3,Raman,Gold
2217.635564240352,37.2082571876806,3,Raman,Gold
2219.3453834880315,37.1882571876806,3,Raman,Gold
2221.0552027357107,37.1882571876806,3,Raman,Gold
2222.7650219833904,37.1882571876806,3,Raman,Gold
2224.47484123107,37.1882571876806,3,Raman,Gold
2226.1846604787493,37.1882571876806,3,Raman,Gold
2227.894479726429,37.1882571876806,3,Raman,Gold
2229.6042989741086,37.1882571876806,3,Raman,Gold
2231.3141182217882,37.1882571876806,3,Raman,Gold
2233.0239374694675,37.198257187680596,3,Raman,Gold
2234.733756717147,37.1882571876806,3,Raman,Gold
2236.443575964827,37.1882571876806,3,Raman,Gold
2238.153395212506,37.1882571876806,3,Raman,Gold
2239.8632144601856,37.1882571876806,3,Raman,Gold
2241.5730337078653,37.1882571876806,3,Raman,Gold
2243.282852955545,37.1882571876806,3,Raman,Gold
2244.992672203224,37.1882571876806,3,Raman,Gold
2246.702491450904,37.1882571876806,3,Raman,Gold
2248.4123106985835,37.1882571876806,3,Raman,Gold
2250.1221299462627,37.1882571876806,3,Raman,Gold
2251.8319491939424,37.1882571876806,3,Raman,Gold
2253.541768441622,37.1882571876806,3,Raman,Gold
2255.2515876893017,37.1882571876806,3,Raman,Gold
2256.961406936981,37.1882571876806,3,Raman,Gold
2258.6712261846606,37.198257187680596,3,Raman,Gold
2260.38104543234,37.198257187680596,3,Raman,Gold
2262.0908646800194,37.198257187680596,3,Raman,Gold
2263.800683927699,37.198257187680596,3,Raman,Gold
2265.5105031753787,37.1882571876806,3,Raman,Gold
2267.2203224230584,37.1882571876806,3,Raman,Gold
2268.9301416707376,37.198257187680596,3,Raman,Gold
2270.6399609184173,37.1882571876806,3,Raman,Gold
2272.349780166097,37.1882571876806,3,Raman,Gold
2274.059599413776,37.1882571876806,3,Raman,Gold
2275.769418661456,37.1882571876806,3,Raman,Gold
2277.4792379091355,37.1882571876806,3,Raman,Gold
2279.189057156815,37.2082571876806,3,Raman,Gold
2280.8988764044943,37.1882571876806,3,Raman,Gold
2282.608695652174,37.1882571876806,3,Raman,Gold
2284.3185148998537,37.1882571876806,3,Raman,Gold
2286.028334147533,37.1882571876806,3,Raman,Gold
2287.7381533952125,37.198257187680596,3,Raman,Gold
2289.447972642892,37.2082571876806,3,Raman,Gold
2291.157791890572,37.198257187680596,3,Raman,Gold
2292.867611138251,37.1882571876806,3,Raman,Gold
2294.5774303859307,37.1882571876806,3,Raman,Gold
2296.2872496336104,37.1882571876806,3,Raman,Gold
2297.9970688812896,37.1882571876806,3,Raman,Gold
2299.7068881289692,37.1882571876806,3,Raman,Gold
2301.416707376649,37.1882571876806,3,Raman,Gold
2303.1265266243286,37.1882571876806,3,Raman,Gold
2304.8363458720078,37.1882571876806,3,Raman,Gold
2306.5461651196874,37.1882571876806,3,Raman,Gold
2308.255984367367,37.1882571876806,3,Raman,Gold
2309.9658036150463,37.1882571876806,3,Raman,Gold
2311.675622862726,37.1882571876806,3,Raman,Gold
2313.3854421104056,37.1882571876806,3,Raman,Gold
2315.0952613580853,37.198257187680596,3,Raman,Gold
2316.8050806057645,37.1882571876806,3,Raman,Gold
2318.514899853444,37.1882571876806,3,Raman,Gold
2320.224719101124,37.1882571876806,3,Raman,Gold
2321.934538348803,37.1882571876806,3,Raman,Gold
2323.6443575964827,37.1882571876806,3,Raman,Gold
2325.3541768441623,37.198257187680596,3,Raman,Gold
2327.063996091842,37.1882571876806,3,Raman,Gold
2328.773815339521,37.198257187680596,3,Raman,Gold
2330.483634587201,37.198257187680596,3,Raman,Gold
2332.1934538348805,37.1882571876806,3,Raman,Gold
2333.9032730825597,37.1882571876806,3,Raman,Gold
2335.6130923302394,37.1882571876806,3,Raman,Gold
2337.322911577919,37.198257187680596,3,Raman,Gold
2339.0327308255987,37.1882571876806,3,Raman,Gold
2340.742550073278,37.1882571876806,3,Raman,Gold
2342.4523693209576,37.1882571876806,3,Raman,Gold
2344.1621885686372,37.1882571876806,3,Raman,Gold
2345.8720078163165,37.2082571876806,3,Raman,Gold
2347.581827063996,37.1882571876806,3,Raman,Gold
2349.291646311676,37.1882571876806,3,Raman,Gold
2351.0014655593554,37.198257187680596,3,Raman,Gold
2352.7112848070346,37.1882571876806,3,Raman,Gold
2354.4211040547143,37.198257187680596,3,Raman,Gold
2356.130923302394,37.1882571876806,3,Raman,Gold
2357.840742550073,37.198257187680596,3,Raman,Gold
2359.550561797753,37.1882571876806,3,Raman,Gold
2361.2603810454325,37.1882571876806,3,Raman,Gold
2362.970200293112,37.1882571876806,3,Raman,Gold
2364.6800195407914,37.1882571876806,3,Raman,Gold
2366.389838788471,37.198257187680596,3,Raman,Gold
2368.0996580361507,37.198257187680596,3,Raman,Gold
2369.80947728383,37.1882571876806,3,Raman,Gold
2371.5192965315096,37.198257187680596,3,Raman,Gold
2373.229115779189,37.1882571876806,3,Raman,Gold
2374.938935026869,37.1882571876806,3,Raman,Gold
2376.648754274548,37.1882571876806,3,Raman,Gold
2378.3585735222277,37.1882571876806,3,Raman,Gold
2380.0683927699074,37.2082571876806,3,Raman,Gold
2381.7782120175866,37.198257187680596,3,Raman,Gold
2383.4880312652663,37.1882571876806,3,Raman,Gold
2385.197850512946,37.1882571876806,3,Raman,Gold
2386.9076697606256,37.1882571876806,3,Raman,Gold
2388.617489008305,37.1882571876806,3,Raman,Gold
2390.3273082559845,37.1882571876806,3,Raman,Gold
2392.037127503664,37.1882571876806,3,Raman,Gold
2393.7469467513433,37.1882571876806,3,Raman,Gold
2395.456765999023,37.1882571876806,3,Raman,Gold
2397.1665852467027,37.1882571876806,3,Raman,Gold
2398.8764044943823,37.1882571876806,3,Raman,Gold
2400.5862237420615,37.1882571876806,3,Raman,Gold
2402.296042989741,37.198257187680596,3,Raman,Gold
2404.005862237421,37.2082571876806,3,Raman,Gold
2405.7156814851,37.1882571876806,3,Raman,Gold
2407.4255007327797,37.198257187680596,3,Raman,Gold
2409.1353199804594,37.2082571876806,3,Raman,Gold
2410.845139228139,37.1882571876806,3,Raman,Gold
2412.5549584758182,37.1882571876806,3,Raman,Gold
2414.264777723498,37.1882571876806,3,Raman,Gold
2415.9745969711776,37.1882571876806,3,Raman,Gold
2417.6844162188568,37.1882571876806,3,Raman,Gold
2419.3942354665364,37.1882571876806,3,Raman,Gold
2421.104054714216,37.1882571876806,3,Raman,Gold
2422.8138739618958,37.1882571876806,3,Raman,Gold
2424.523693209575,37.1882571876806,3,Raman,Gold
2426.2335124572546,37.1882571876806,3,Raman,Gold
2427.9433317049343,37.1882571876806,3,Raman,Gold
2429.6531509526135,37.1882571876806,3,Raman,Gold
2431.362970200293,37.1882571876806,3,Raman,Gold
2433.072789447973,37.1882571876806,3,Raman,Gold
2434.7826086956525,37.198257187680596,3,Raman,Gold
2436.4924279433317,37.1882571876806,3,Raman,Gold
2438.2022471910113,37.1882571876806,3,Raman,Gold
2439.912066438691,37.1882571876806,3,Raman,Gold
2441.62188568637,37.1882571876806,3,Raman,Gold
2443.33170493405,37.198257187680596,3,Raman,Gold
2445.0415241817295,37.1882571876806,3,Raman,Gold
2446.751343429409,37.198257187680596,3,Raman,Gold
2448.4611626770884,37.1882571876806,3,Raman,Gold
2450.170981924768,37.1882571876806,3,Raman,Gold
2451.8808011724477,37.1882571876806,3,Raman,Gold
2453.590620420127,37.1882571876806,3,Raman,Gold
2455.3004396678066,37.198257187680596,3,Raman,Gold
2457.0102589154862,37.1882571876806,3,Raman,Gold
2458.720078163166,37.198257187680596,3,Raman,Gold
2460.429897410845,37.1882571876806,3,Raman,Gold
2462.139716658525,37.1882571876806,3,Raman,Gold
2463.8495359062044,37.1882571876806,3,Raman,Gold
2465.5593551538836,37.1882571876806,3,Raman,Gold
2467.2691744015633,37.1882571876806,3,Raman,Gold
2468.978993649243,37.1882571876806,3,Raman,Gold
2470.6888128969226,37.1882571876806,3,Raman,Gold
2472.398632144602,37.1882571876806,3,Raman,Gold
2474.1084513922815,37.198257187680596,3,Raman,Gold
2475.818270639961,37.1882571876806,3,Raman,Gold
2477.5280898876404,37.1882571876806,3,Raman,Gold
2479.23790913532,37.1882571876806,3,Raman,Gold
2480.9477283829997,37.1882571876806,3,Raman,Gold
2482.6575476306793,37.1882571876806,3,Raman,Gold
2484.3673668783586,37.198257187680596,3,Raman,Gold
2486.077186126038,37.1882571876806,3,Raman,Gold
2487.787005373718,37.2082571876806,3,Raman,Gold
2489.496824621397,37.1882571876806,3,Raman,Gold
2491.2066438690767,37.1882571876806,3,Raman,Gold
2492.9164631167564,37.1882571876806,3,Raman,Gold
2494.626282364436,37.1882571876806,3,Raman,Gold
2496.3361016121153,37.1882571876806,3,Raman,Gold
2498.045920859795,37.198257187680596,3,Raman,Gold
2499.7557401074746,37.2082571876806,3,Raman,Gold
2501.465559355154,37.198257187680596,3,Raman,Gold
2503.1753786028335,37.1882571876806,3,Raman,Gold
2504.885197850513,37.198257187680596,3,Raman,Gold
2506.595017098193,37.1882571876806,3,Raman,Gold
2508.304836345872,37.198257187680596,3,Raman,Gold
2510.0146555935517,37.1882571876806,3,Raman,Gold
2511.7244748412313,37.1882571876806,3,Raman,Gold
2513.4342940889105,37.1882571876806,3,Raman,Gold
2515.14411333659,37.2082571876806,3,Raman,Gold
2516.85393258427,37.1882571876806,3,Raman,Gold
2518.5637518319495,37.1882571876806,3,Raman,Gold
2520.2735710796287,37.1882571876806,3,Raman,Gold
2521.9833903273084,37.1882571876806,3,Raman,Gold
2523.693209574988,37.1882571876806,3,Raman,Gold
2525.4030288226672,37.1882571876806,3,Raman,Gold
2527.112848070347,37.198257187680596,3,Raman,Gold
2528.8226673180266,37.1882571876806,3,Raman,Gold
2530.532486565706,37.1882571876806,3,Raman,Gold
2532.2423058133854,37.2082571876806,3,Raman,Gold
2533.952125061065,37.1882571876806,3,Raman,Gold
2535.6619443087448,37.1882571876806,3,Raman,Gold
2537.371763556424,37.1882571876806,3,Raman,Gold
2539.0815828041036,37.1882571876806,3,Raman,Gold
2540.7914020517833,37.1882571876806,3,Raman,Gold
2542.501221299463,37.198257187680596,3,Raman,Gold
2544.211040547142,37.1882571876806,3,Raman,Gold
2545.920859794822,37.1882571876806,3,Raman,Gold
2547.6306790425015,37.1882571876806,3,Raman,Gold
2549.3404982901807,37.1882571876806,3,Raman,Gold
2551.0503175378603,37.1882571876806,3,Raman,Gold
2552.76013678554,37.1882571876806,3,Raman,Gold
2554.4699560332197,37.198257187680596,3,Raman,Gold
2556.179775280899,37.198257187680596,3,Raman,Gold
2557.8895945285785,37.198257187680596,3,Raman,Gold
2559.599413776258,37.1882571876806,3,Raman,Gold
2561.3092330239374,37.1882571876806,3,Raman,Gold
2563.019052271617,37.1882571876806,3,Raman,Gold
2564.7288715192967,37.198257187680596,3,Raman,Gold
2566.4386907669764,37.198257187680596,3,Raman,Gold
2568.1485100146556,37.1882571876806,3,Raman,Gold
2569.8583292623352,37.198257187680596,3,Raman,Gold
2571.568148510015,37.198257187680596,3,Raman,Gold
2573.277967757694,37.198257187680596,3,Raman,Gold
2574.987787005374,37.198257187680596,3,Raman,Gold
2576.6976062530534,37.1882571876806,3,Raman,Gold
2578.407425500733,37.2082571876806,3,Raman,Gold
2580.1172447484123,37.1882571876806,3,Raman,Gold
2581.827063996092,37.1882571876806,3,Raman,Gold
2583.5368832437716,37.1882571876806,3,Raman,Gold
2585.246702491451,37.1882571876806,3,Raman,Gold
2586.9565217391305,37.1882571876806,3,Raman,Gold
2588.66634098681,37.1882571876806,3,Raman,Gold
2590.37616023449,37.1882571876806,3,Raman,Gold
2592.085979482169,37.1882571876806,3,Raman,Gold
2593.7957987298487,37.1882571876806,3,Raman,Gold
2595.5056179775283,37.198257187680596,3,Raman,Gold
2597.2154372252076,37.1882571876806,3,Raman,Gold
2598.925256472887,37.1882571876806,3,Raman,Gold
2600.635075720567,37.1882571876806,3,Raman,Gold
2602.3448949682465,37.1882571876806,3,Raman,Gold
2604.0547142159257,37.1882571876806,3,Raman,Gold
2605.7645334636054,37.1882571876806,3,Raman,Gold
2607.474352711285,37.1882571876806,3,Raman,Gold
2609.1841719589643,37.198257187680596,3,Raman,Gold
2610.893991206644,37.198257187680596,3,Raman,Gold
2612.6038104543236,37.1882571876806,3,Raman,Gold
2614.3136297020033,37.1882571876806,3,Raman,Gold
2616.0234489496825,37.1882571876806,3,Raman,Gold
2617.733268197362,37.1882571876806,3,Raman,Gold
2619.443087445042,37.1882571876806,3,Raman,Gold
2621.152906692721,37.1882571876806,3,Raman,Gold
2622.8627259404007,37.1882571876806,3,Raman,Gold
2624.5725451880803,37.1882571876806,3,Raman,Gold
2626.2823644357595,37.1882571876806,3,Raman,Gold
2627.992183683439,37.1882571876806,3,Raman,Gold
2629.702002931119,37.1882571876806,3,Raman,Gold
2631.4118221787985,37.198257187680596,3,Raman,Gold
2633.1216414264777,37.1882571876806,3,Raman,Gold
2634.8314606741574,37.1882571876806,3,Raman,Gold
2636.541279921837,37.1882571876806,3,Raman,Gold
2638.2510991695162,37.198257187680596,3,Raman,Gold
2639.960918417196,37.1882571876806,3,Raman,Gold
2641.6707376648756,37.198257187680596,3,Raman,Gold
2643.380556912555,37.1882571876806,3,Raman,Gold
2645.0903761602344,37.198257187680596,3,Raman,Gold
2646.800195407914,37.1882571876806,3,Raman,Gold
2648.5100146555937,37.1882571876806,3,Raman,Gold
2650.219833903273,37.198257187680596,3,Raman,Gold
2651.9296531509526,37.1882571876806,3,Raman,Gold
2653.6394723986323,37.1882571876806,3,Raman,Gold
2655.349291646312,37.198257187680596,3,Raman,Gold
2657.059110893991,37.198257187680596,3,Raman,Gold
2658.768930141671,37.1882571876806,3,Raman,Gold
2660.4787493893505,37.198257187680596,3,Raman,Gold
2662.1885686370297,37.1882571876806,3,Raman,Gold
2663.8983878847093,37.1882571876806,3,Raman,Gold
2665.608207132389,37.198257187680596,3,Raman,Gold
2667.3180263800687,37.1882571876806,3,Raman,Gold
2669.027845627748,37.1882571876806,3,Raman,Gold
2670.7376648754275,37.198257187680596,3,Raman,Gold
2672.447484123107,37.198257187680596,3,Raman,Gold
2674.1573033707864,37.1882571876806,3,Raman,Gold
2675.867122618466,37.1882571876806,3,Raman,Gold
2677.5769418661457,37.1882571876806,3,Raman,Gold
2679.2867611138254,37.1882571876806,3,Raman,Gold
2680.9965803615046,37.1882571876806,3,Raman,Gold
2682.7063996091842,37.1882571876806,3,Raman,Gold
2684.416218856864,37.1882571876806,3,Raman,Gold
2686.126038104543,37.1882571876806,3,Raman,Gold
2687.835857352223,37.198257187680596,3,Raman,Gold
2689.5456765999024,37.1882571876806,3,Raman,Gold
2691.255495847582,37.1882571876806,3,Raman,Gold
2692.9653150952613,37.198257187680596,3,Raman,Gold
2694.675134342941,37.1882571876806,3,Raman,Gold
2696.3849535906206,37.1882571876806,3,Raman,Gold
2698.0947728383,37.1882571876806,3,Raman,Gold
2699.8045920859795,37.198257187680596,3,Raman,Gold
2701.514411333659,37.1882571876806,3,Raman,Gold
2703.224230581339,37.1882571876806,3,Raman,Gold
2704.934049829018,37.1882571876806,3,Raman,Gold
2706.6438690766977,37.1882571876806,3,Raman,Gold
2708.3536883243773,37.1882571876806,3,Raman,Gold
2710.0635075720566,37.1882571876806,3,Raman,Gold
2711.773326819736,37.198257187680596,3,Raman,Gold
2713.483146067416,37.1882571876806,3,Raman,Gold
2715.1929653150955,37.1882571876806,3,Raman,Gold
2716.9027845627747,37.1882571876806,3,Raman,Gold
2718.6126038104544,37.1882571876806,3,Raman,Gold
2720.322423058134,37.1882571876806,3,Raman,Gold
2722.0322423058133,37.198257187680596,3,Raman,Gold
2723.742061553493,37.198257187680596,3,Raman,Gold
2725.4518808011726,37.1882571876806,3,Raman,Gold
2727.1617000488523,37.1882571876806,3,Raman,Gold
2728.8715192965315,37.1882571876806,3,Raman,Gold
2730.581338544211,37.1882571876806,3,Raman,Gold
2732.291157791891,37.198257187680596,3,Raman,Gold
2734.00097703957,37.1882571876806,3,Raman,Gold
2735.7107962872497,37.1882571876806,3,Raman,Gold
2737.4206155349293,37.2082571876806,3,Raman,Gold
2739.130434782609,37.1882571876806,3,Raman,Gold
2740.840254030288,37.1882571876806,3,Raman,Gold
2742.550073277968,37.1882571876806,3,Raman,Gold
2744.2598925256475,37.1882571876806,3,Raman,Gold
2745.9697117733267,37.1882571876806,3,Raman,Gold
2747.6795310210064,37.1882571876806,3,Raman,Gold
2749.389350268686,37.1882571876806,3,Raman,Gold
2751.0991695163657,37.1882571876806,3,Raman,Gold
2752.808988764045,37.2082571876806,3,Raman,Gold
2754.5188080117246,37.1882571876806,3,Raman,Gold
2756.228627259404,37.1882571876806,3,Raman,Gold
2757.9384465070834,37.1882571876806,3,Raman,Gold
2759.648265754763,37.1882571876806,3,Raman,Gold
2761.3580850024427,37.1882571876806,3,Raman,Gold
2763.0679042501224,37.1882571876806,3,Raman,Gold
2764.7777234978016,37.1882571876806,3,Raman,Gold
2766.4875427454813,37.1882571876806,3,Raman,Gold
2768.197361993161,37.198257187680596,3,Raman,Gold
2769.90718124084,37.1882571876806,3,Raman,Gold
2771.61700048852,37.1882571876806,3,Raman,Gold
2773.3268197361995,37.1882571876806,3,Raman,Gold
2775.036638983879,37.1882571876806,3,Raman,Gold
2776.7464582315583,37.198257187680596,3,Raman,Gold
2778.456277479238,37.198257187680596,3,Raman,Gold
2780.1660967269177,37.1882571876806,3,Raman,Gold
2781.875915974597,37.1882571876806,3,Raman,Gold
2783.5857352222765,37.1882571876806,3,Raman,Gold
2785.295554469956,37.1882571876806,3,Raman,Gold
2787.005373717636,37.198257187680596,3,Raman,Gold
2788.715192965315,37.1882571876806,3,Raman,Gold
2790.4250122129947,37.198257187680596,3,Raman,Gold
2792.1348314606744,37.1882571876806,3,Raman,Gold
2793.8446507083536,37.1882571876806,3,Raman,Gold
2795.5544699560332,37.1882571876806,3,Raman,Gold
2797.264289203713,37.1882571876806,3,Raman,Gold
2798.9741084513926,37.1882571876806,3,Raman,Gold
2800.683927699072,37.1882571876806,3,Raman,Gold
2802.3937469467514,37.1882571876806,3,Raman,Gold
2804.103566194431,37.1882571876806,3,Raman,Gold
2805.8133854421103,37.1882571876806,3,Raman,Gold
2807.52320468979,37.1882571876806,3,Raman,Gold
2809.2330239374696,37.198257187680596,3,Raman,Gold
2810.9428431851493,37.198257187680596,3,Raman,Gold
2812.6526624328285,37.1882571876806,3,Raman,Gold
2814.362481680508,37.1882571876806,3,Raman,Gold
2816.072300928188,37.198257187680596,3,Raman,Gold
2817.782120175867,37.2082571876806,3,Raman,Gold
2819.4919394235467,37.1882571876806,3,Raman,Gold
2821.2017586712263,37.1882571876806,3,Raman,Gold
2822.911577918906,37.1882571876806,3,Raman,Gold
2824.621397166585,37.1882571876806,3,Raman,Gold
2826.331216414265,37.198257187680596,3,Raman,Gold
2828.0410356619445,37.1882571876806,3,Raman,Gold
2829.7508549096237,37.1882571876806,3,Raman,Gold
2831.4606741573034,37.198257187680596,3,Raman,Gold
2833.170493404983,37.2082571876806,3,Raman,Gold
2834.8803126526627,37.1882571876806,3,Raman,Gold
2836.590131900342,37.1882571876806,3,Raman,Gold
2838.2999511480216,37.1882571876806,3,Raman,Gold
2840.0097703957013,37.1882571876806,3,Raman,Gold
2841.7195896433805,37.1882571876806,3,Raman,Gold
2843.42940889106,37.1882571876806,3,Raman,Gold
2845.13922813874,37.1882571876806,3,Raman,Gold
2846.8490473864194,37.1882571876806,3,Raman,Gold
2848.5588666340986,37.1882571876806,3,Raman,Gold
2850.2686858817783,37.1882571876806,3,Raman,Gold
2851.978505129458,37.198257187680596,3,Raman,Gold
2853.688324377137,37.1882571876806,3,Raman,Gold
2855.398143624817,37.2082571876806,3,Raman,Gold
2857.1079628724965,37.1882571876806,3,Raman,Gold
2858.817782120176,37.1882571876806,3,Raman,Gold
2860.5276013678554,37.1882571876806,3,Raman,Gold
2862.237420615535,37.198257187680596,3,Raman,Gold
2863.9472398632147,37.198257187680596,3,Raman,Gold
2865.657059110894,37.1882571876806,3,Raman,Gold
2867.3668783585736,37.1882571876806,3,Raman,Gold
2869.076697606253,37.1882571876806,3,Raman,Gold
2870.786516853933,37.1882571876806,3,Raman,Gold
2872.496336101612,37.1882571876806,3,Raman,Gold
2874.2061553492917,37.1882571876806,3,Raman,Gold
2875.9159745969714,37.198257187680596,3,Raman,Gold
2877.6257938446506,37.198257187680596,3,Raman,Gold
2879.3356130923303,37.2082571876806,3,Raman,Gold
2881.04543234001,37.198257187680596,3,Raman,Gold
2882.7552515876896,37.198257187680596,3,Raman,Gold
2884.465070835369,37.1882571876806,3,Raman,Gold
2886.1748900830485,37.1882571876806,3,Raman,Gold
2887.884709330728,37.1882571876806,3,Raman,Gold
2889.5945285784073,37.1882571876806,3,Raman,Gold
2891.304347826087,37.198257187680596,3,Raman,Gold
2893.0141670737667,37.1882571876806,3,Raman,Gold
2894.7239863214463,37.198257187680596,3,Raman,Gold
2896.4338055691255,37.1882571876806,3,Raman,Gold
2898.143624816805,37.1882571876806,3,Raman,Gold
2899.853444064485,37.1882571876806,3,Raman,Gold
2901.563263312164,37.198257187680596,3,Raman,Gold
2903.2730825598437,37.1882571876806,3,Raman,Gold
2904.9829018075234,37.1882571876806,3,Raman,Gold
2906.692721055203,37.2082571876806,3,Raman,Gold
2908.4025403028822,37.1882571876806,3,Raman,Gold
2910.112359550562,37.1882571876806,3,Raman,Gold
2911.8221787982416,37.1882571876806,3,Raman,Gold
2913.531998045921,37.1882571876806,3,Raman,Gold
2915.2418172936004,37.198257187680596,3,Raman,Gold
2916.95163654128,37.198257187680596,3,Raman,Gold
2918.6614557889598,37.198257187680596,3,Raman,Gold
2920.371275036639,37.1882571876806,3,Raman,Gold
2922.0810942843186,37.1882571876806,3,Raman,Gold
2923.7909135319983,37.1882571876806,3,Raman,Gold
2925.5007327796775,37.198257187680596,3,Raman,Gold
2927.210552027357,37.1882571876806,3,Raman,Gold
2928.920371275037,37.198257187680596,3,Raman,Gold
2930.6301905227165,37.1882571876806,3,Raman,Gold
2932.3400097703957,37.198257187680596,3,Raman,Gold
2934.0498290180753,37.1882571876806,3,Raman,Gold
2935.759648265755,37.1882571876806,3,Raman,Gold
2937.469467513434,37.1882571876806,3,Raman,Gold
2939.179286761114,37.1882571876806,3,Raman,Gold
2940.8891060087935,37.1882571876806,3,Raman,Gold
2942.598925256473,37.1882571876806,3,Raman,Gold
2944.3087445041524,37.198257187680596,3,Raman,Gold
2946.018563751832,37.2082571876806,3,Raman,Gold
2947.7283829995117,37.1882571876806,3,Raman,Gold
2949.438202247191,37.1882571876806,3,Raman,Gold
2951.1480214948706,37.198257187680596,3,Raman,Gold
2952.8578407425503,37.1882571876806,3,Raman,Gold
2954.56765999023,37.198257187680596,3,Raman,Gold
2956.277479237909,37.1882571876806,3,Raman,Gold
2957.987298485589,37.1882571876806,3,Raman,Gold
2959.6971177332684,37.2082571876806,3,Raman,Gold
2961.4069369809476,37.1882571876806,3,Raman,Gold
2963.1167562286273,37.198257187680596,3,Raman,Gold
2964.826575476307,37.198257187680596,3,Raman,Gold
2966.5363947239866,37.198257187680596,3,Raman,Gold
2968.246213971666,37.1882571876806,3,Raman,Gold
2969.9560332193455,37.1882571876806,3,Raman,Gold
2971.665852467025,37.1882571876806,3,Raman,Gold
2973.3756717147044,37.198257187680596,3,Raman,Gold
2975.085490962384,37.198257187680596,3,Raman,Gold
2976.7953102100637,37.1882571876806,3,Raman,Gold
2978.5051294577434,37.1882571876806,3,Raman,Gold
2980.2149487054226,37.1882571876806,3,Raman,Gold
2981.924767953102,37.1882571876806,3,Raman,Gold
2983.634587200782,37.1882571876806,3,Raman,Gold
2985.344406448461,37.1882571876806,3,Raman,Gold
2987.0542256961407,37.1882571876806,3,Raman,Gold
2988.7640449438204,37.198257187680596,3,Raman,Gold
2990.4738641915,37.1882571876806,3,Raman,Gold
2992.1836834391793,37.1882571876806,3,Raman,Gold
2993.893502686859,37.198257187680596,3,Raman,Gold
2995.6033219345386,37.1882571876806,3,Raman,Gold
2997.313141182218,37.198257187680596,3,Raman,Gold
2999.0229604298975,37.1882571876806,3,Raman,Gold
3000.732779677577,37.198257187680596,3,Raman,Gold
3002.442598925257,37.1882571876806,3,Raman,Gold
3004.152418172936,37.1882571876806,3,Raman,Gold
3005.8622374206157,37.198257187680596,3,Raman,Gold
3007.5720566682953,37.1882571876806,3,Raman,Gold
3009.2818759159745,37.1882571876806,3,Raman,Gold
3010.991695163654,37.198257187680596,3,Raman,Gold
3012.701514411334,37.1882571876806,3,Raman,Gold
3014.4113336590135,37.1882571876806,3,Raman,Gold
3016.1211529066927,37.1882571876806,3,Raman,Gold
3017.8309721543724,37.198257187680596,3,Raman,Gold
3019.540791402052,37.198257187680596,3,Raman,Gold
3021.2506106497312,37.198257187680596,3,Raman,Gold
3022.960429897411,37.1882571876806,3,Raman,Gold
3024.6702491450906,37.2082571876806,3,Raman,Gold
3026.38006839277,37.1882571876806,3,Raman,Gold
3028.0898876404494,37.1882571876806,3,Raman,Gold
3029.799706888129,37.198257187680596,3,Raman,Gold
3031.5095261358088,37.1882571876806,3,Raman,Gold
3033.219345383488,37.1882571876806,3,Raman,Gold
3034.9291646311676,37.198257187680596,3,Raman,Gold
3036.6389838788473,37.1882571876806,3,Raman,Gold
3038.348803126527,37.1882571876806,3,Raman,Gold
3040.058622374206,37.1882571876806,3,Raman,Gold
3041.768441621886,37.1882571876806,3,Raman,Gold
3043.4782608695655,37.2082571876806,3,Raman,Gold
3045.1880801172447,37.198257187680596,3,Raman,Gold
3046.8978993649243,37.1882571876806,3,Raman,Gold
3048.607718612604,37.198257187680596,3,Raman,Gold
3050.3175378602837,37.1882571876806,3,Raman,Gold
3052.027357107963,37.198257187680596,3,Raman,Gold
3053.7371763556425,37.198257187680596,3,Raman,Gold
3055.446995603322,37.1882571876806,3,Raman,Gold
3057.1568148510014,37.1882571876806,3,Raman,Gold
3058.866634098681,37.1882571876806,3,Raman,Gold
3060.5764533463607,37.1882571876806,3,Raman,Gold
3062.2862725940404,37.1882571876806,3,Raman,Gold
3063.9960918417196,37.198257187680596,3,Raman,Gold
3065.7059110893993,37.1882571876806,3,Raman,Gold
3067.415730337079,37.1882571876806,3,Raman,Gold
3069.125549584758,37.1882571876806,3,Raman,Gold
3070.835368832438,37.198257187680596,3,Raman,Gold
3072.5451880801174,37.198257187680596,3,Raman,Gold
3074.255007327797,37.1882571876806,3,Raman,Gold
3075.9648265754763,37.1882571876806,3,Raman,Gold
3077.674645823156,37.1882571876806,3,Raman,Gold
3079.3844650708356,37.1882571876806,3,Raman,Gold
3081.094284318515,37.1882571876806,3,Raman,Gold
3082.8041035661945,37.198257187680596,3,Raman,Gold
3084.513922813874,37.198257187680596,3,Raman,Gold
3086.223742061554,37.1882571876806,3,Raman,Gold
3087.933561309233,37.1882571876806,3,Raman,Gold
3089.6433805569127,37.1882571876806,3,Raman,Gold
3091.3531998045924,37.198257187680596,3,Raman,Gold
3093.0630190522716,37.1882571876806,3,Raman,Gold
3094.772838299951,37.1882571876806,3,Raman,Gold
3096.482657547631,37.1882571876806,3,Raman,Gold
3098.1924767953105,37.198257187680596,3,Raman,Gold
3099.9022960429897,37.1882571876806,3,Raman,Gold
3101.6121152906694,37.1882571876806,3,Raman,Gold
3103.321934538349,37.198257187680596,3,Raman,Gold
3105.0317537860283,37.1882571876806,3,Raman,Gold
3106.741573033708,37.1882571876806,3,Raman,Gold
3108.4513922813876,37.198257187680596,3,Raman,Gold
3110.1612115290673,37.1882571876806,3,Raman,Gold
3111.8710307767465,37.1882571876806,3,Raman,Gold
3113.580850024426,37.1882571876806,3,Raman,Gold
3115.290669272106,37.1882571876806,3,Raman,Gold
3117.000488519785,37.1882571876806,3,Raman,Gold
3118.7103077674647,37.1882571876806,3,Raman,Gold
3120.4201270151443,37.1882571876806,3,Raman,Gold
3122.129946262824,37.1882571876806,3,Raman,Gold
3123.839765510503,37.2082571876806,3,Raman,Gold
3125.549584758183,37.1882571876806,3,Raman,Gold
3127.2594040058625,37.1882571876806,3,Raman,Gold
3128.9692232535417,37.198257187680596,3,Raman,Gold
3130.6790425012214,37.1882571876806,3,Raman,Gold
3132.388861748901,37.198257187680596,3,Raman,Gold
3134.0986809965807,37.1882571876806,3,Raman,Gold
3135.80850024426,37.1882571876806,3,Raman,Gold
3137.5183194919396,37.1882571876806,3,Raman,Gold
3139.228138739619,37.1882571876806,3,Raman,Gold
3140.9379579872984,37.198257187680596,3,Raman,Gold
3142.647777234978,37.1882571876806,3,Raman,Gold
3144.3575964826578,37.198257187680596,3,Raman,Gold
3146.0674157303374,37.1882571876806,3,Raman,Gold
3147.7772349780166,37.1882571876806,3,Raman,Gold
3149.4870542256963,37.198257187680596,3,Raman,Gold
3151.196873473376,37.1882571876806,3,Raman,Gold
3152.906692721055,37.1882571876806,3,Raman,Gold
3154.616511968735,37.1882571876806,3,Raman,Gold
3156.3263312164145,37.1882571876806,3,Raman,Gold
3158.036150464094,37.1882571876806,3,Raman,Gold
3159.7459697117733,37.1882571876806,3,Raman,Gold
3161.455788959453,37.1882571876806,3,Raman,Gold
3163.1656082071327,37.1882571876806,3,Raman,Gold
3164.875427454812,37.1882571876806,3,Raman,Gold
3166.5852467024915,37.1882571876806,3,Raman,Gold
3168.295065950171,37.2182571876806,3,Raman,Gold
3170.004885197851,37.1882571876806,3,Raman,Gold
3171.71470444553,37.1882571876806,3,Raman,Gold
3173.4245236932097,37.1882571876806,3,Raman,Gold
3175.1343429408894,37.1882571876806,3,Raman,Gold
3176.8441621885686,37.1882571876806,3,Raman,Gold
3178.5539814362483,37.1882571876806,3,Raman,Gold
3180.263800683928,37.1882571876806,3,Raman,Gold
3181.9736199316076,37.1882571876806,3,Raman,Gold
3183.683439179287,37.1882571876806,3,Raman,Gold
3185.3932584269664,37.1882571876806,3,Raman,Gold
3187.103077674646,37.1882571876806,3,Raman,Gold
3188.8128969223253,37.198257187680596,3,Raman,Gold
3190.522716170005,37.1882571876806,3,Raman,Gold
3192.2325354176846,37.198257187680596,3,Raman,Gold
3193.9423546653643,37.1882571876806,3,Raman,Gold
3195.6521739130435,37.1882571876806,3,Raman,Gold
3197.361993160723,37.1882571876806,3,Raman,Gold
3199.071812408403,37.1882571876806,3,Raman,Gold
3200.781631656082,37.1882571876806,3,Raman,Gold
3202.4914509037617,37.1882571876806,3,Raman,Gold
3204.2012701514413,37.198257187680596,3,Raman,Gold
3205.911089399121,37.1882571876806,3,Raman,Gold
3207.6209086468,37.1882571876806,3,Raman,Gold
3209.33072789448,37.1882571876806,3,Raman,Gold
3211.0405471421595,37.198257187680596,3,Raman,Gold
3212.7503663898387,37.198257187680596,3,Raman,Gold
3214.4601856375184,37.198257187680596,3,Raman,Gold
3216.170004885198,37.1882571876806,3,Raman,Gold
3217.8798241328773,37.198257187680596,3,Raman,Gold
3219.589643380557,37.1882571876806,3,Raman,Gold
3221.2994626282366,37.198257187680596,3,Raman,Gold
3223.0092818759163,37.1882571876806,3,Raman,Gold
3224.7191011235955,37.1882571876806,3,Raman,Gold
3226.428920371275,37.1882571876806,3,Raman,Gold
3228.138739618955,37.198257187680596,3,Raman,Gold
3229.848558866634,37.1882571876806,3,Raman,Gold
3231.5583781143137,37.1882571876806,3,Raman,Gold
3233.2681973619933,37.1882571876806,3,Raman,Gold
3234.978016609673,37.1882571876806,3,Raman,Gold
3236.687835857352,37.1882571876806,3,Raman,Gold
3238.397655105032,37.1882571876806,3,Raman,Gold
3240.1074743527115,37.1882571876806,3,Raman,Gold
3241.8172936003907,37.1882571876806,3,Raman,Gold
3243.5271128480704,37.1882571876806,3,Raman,Gold
3245.23693209575,37.1882571876806,3,Raman,Gold
3246.9467513434297,37.1882571876806,3,Raman,Gold
3248.656570591109,37.1882571876806,3,Raman,Gold
3250.3663898387886,37.1882571876806,3,Raman,Gold
3252.076209086468,37.1882571876806,3,Raman,Gold
3253.7860283341474,37.1882571876806,3,Raman,Gold
3255.495847581827,37.198257187680596,3,Raman,Gold
3257.2056668295068,37.1882571876806,3,Raman,Gold
3258.9154860771864,37.1882571876806,3,Raman,Gold
3260.6253053248656,37.1882571876806,3,Raman,Gold
3262.3351245725453,37.2082571876806,3,Raman,Gold
3264.044943820225,37.1882571876806,3,Raman,Gold
3265.754763067904,37.198257187680596,3,Raman,Gold
3267.464582315584,37.198257187680596,3,Raman,Gold
3269.1744015632635,37.1882571876806,3,Raman,Gold
3270.884220810943,37.2182571876806,3,Raman,Gold
3272.5940400586223,37.1882571876806,3,Raman,Gold
3274.303859306302,37.1882571876806,3,Raman,Gold
3276.0136785539817,37.1882571876806,3,Raman,Gold
3277.723497801661,37.1882571876806,3,Raman,Gold
3279.4333170493405,37.1882571876806,3,Raman,Gold
3281.14313629702,37.1882571876806,3,Raman,Gold
3282.8529555447,37.1882571876806,3,Raman,Gold
3284.562774792379,37.1882571876806,3,Raman,Gold
3286.2725940400587,37.1882571876806,3,Raman,Gold
3287.9824132877384,37.198257187680596,3,Raman,Gold
3289.6922325354176,37.1882571876806,3,Raman,Gold
3291.4020517830972,37.198257187680596,3,Raman,Gold
3293.111871030777,37.1882571876806,3,Raman,Gold
3294.8216902784566,37.198257187680596,3,Raman,Gold
3296.531509526136,37.1882571876806,3,Raman,Gold
3298.2413287738154,37.2082571876806,3,Raman,Gold
3299.951148021495,37.1882571876806,3,Raman,Gold
3301.6609672691743,37.1882571876806,3,Raman,Gold
3303.370786516854,37.1882571876806,3,Raman,Gold
3305.0806057645336,37.1882571876806,3,Raman,Gold
3306.7904250122133,37.198257187680596,3,Raman,Gold
3308.5002442598925,37.1882571876806,3,Raman,Gold
3310.210063507572,37.1882571876806,3,Raman,Gold
3311.919882755252,37.1882571876806,3,Raman,Gold
3313.629702002931,37.1882571876806,3,Raman,Gold
3315.3395212506107,37.1882571876806,3,Raman,Gold
3317.0493404982903,37.1882571876806,3,Raman,Gold
3318.75915974597,37.198257187680596,3,Raman,Gold
3320.468978993649,37.1882571876806,3,Raman,Gold
3322.178798241329,37.1882571876806,3,Raman,Gold
3323.8886174890085,37.1882571876806,3,Raman,Gold
3325.5984367366877,37.1882571876806,3,Raman,Gold
3327.3082559843674,37.1882571876806,3,Raman,Gold
3329.018075232047,37.1882571876806,3,Raman,Gold
3330.7278944797267,37.1882571876806,3,Raman,Gold
3332.437713727406,37.1882571876806,3,Raman,Gold
3334.1475329750856,37.1882571876806,3,Raman,Gold
3335.8573522227653,37.198257187680596,3,Raman,Gold
3337.5671714704445,37.198257187680596,3,Raman,Gold
3339.276990718124,37.1882571876806,3,Raman,Gold
3340.986809965804,37.1882571876806,3,Raman,Gold
3342.6966292134834,37.198257187680596,3,Raman,Gold
3344.4064484611627,37.1882571876806,3,Raman,Gold
3346.1162677088423,37.1882571876806,3,Raman,Gold
3347.826086956522,37.1882571876806,3,Raman,Gold
3349.535906204201,37.198257187680596,3,Raman,Gold
3351.245725451881,37.1882571876806,3,Raman,Gold
3352.9555446995605,37.198257187680596,3,Raman,Gold
3354.66536394724,37.1882571876806,3,Raman,Gold
3356.3751831949194,37.198257187680596,3,Raman,Gold
3358.085002442599,37.1882571876806,3,Raman,Gold
3359.7948216902787,37.1882571876806,3,Raman,Gold
3361.504640937958,37.1882571876806,3,Raman,Gold
3363.2144601856376,37.1882571876806,3,Raman,Gold
3364.924279433317,37.1882571876806,3,Raman,Gold
3366.634098680997,37.2182571876806,3,Raman,Gold
3368.343917928676,37.198257187680596,3,Raman,Gold
3370.0537371763558,37.1882571876806,3,Raman,Gold
3371.7635564240354,37.1882571876806,3,Raman,Gold
3373.4733756717146,37.1882571876806,3,Raman,Gold
3375.1831949193943,37.1882571876806,3,Raman,Gold
3376.893014167074,37.198257187680596,3,Raman,Gold
3378.6028334147536,37.1882571876806,3,Raman,Gold
3380.312652662433,37.1882571876806,3,Raman,Gold
3382.0224719101125,37.198257187680596,3,Raman,Gold
3383.732291157792,37.1882571876806,3,Raman,Gold
3385.4421104054713,37.1882571876806,3,Raman,Gold
3387.151929653151,37.1882571876806,3,Raman,Gold
3388.8617489008307,37.198257187680596,3,Raman,Gold
3390.5715681485103,37.1882571876806,3,Raman,Gold
3392.2813873961895,37.1882571876806,3,Raman,Gold
3393.991206643869,37.198257187680596,3,Raman,Gold
3395.701025891549,37.1882571876806,3,Raman,Gold
3397.410845139228,37.1882571876806,3,Raman,Gold
3399.1206643869077,37.1882571876806,3,Raman,Gold
3400.8304836345874,37.2282571876806,3,Raman,Gold
3402.540302882267,37.1882571876806,3,Raman,Gold
3404.2501221299462,37.198257187680596,3,Raman,Gold
3405.959941377626,37.1882571876806,3,Raman,Gold
3407.6697606253056,37.1882571876806,3,Raman,Gold
3409.379579872985,37.198257187680596,3,Raman,Gold
3411.0893991206644,37.198257187680596,3,Raman,Gold
3412.799218368344,37.1882571876806,3,Raman,Gold
3414.5090376160238,37.1882571876806,3,Raman,Gold
3416.218856863703,37.1882571876806,3,Raman,Gold
3417.9286761113826,37.1882571876806,3,Raman,Gold
3419.6384953590623,37.1882571876806,3,Raman,Gold
3421.3483146067415,37.198257187680596,3,Raman,Gold
3423.058133854421,37.1882571876806,3,Raman,Gold
3424.767953102101,37.1882571876806,3,Raman,Gold
3426.4777723497805,37.1882571876806,3,Raman,Gold
3428.1875915974597,37.1882571876806,3,Raman,Gold
3429.8974108451393,37.1882571876806,3,Raman,Gold
3431.607230092819,37.1882571876806,3,Raman,Gold
3433.317049340498,37.1882571876806,3,Raman,Gold
3435.026868588178,37.1882571876806,3,Raman,Gold
3436.7366878358575,37.198257187680596,3,Raman,Gold
3438.446507083537,37.1882571876806,3,Raman,Gold
3440.1563263312164,37.1882571876806,3,Raman,Gold
3441.866145578896,37.1882571876806,3,Raman,Gold
3443.5759648265757,37.1882571876806,3,Raman,Gold
3445.285784074255,37.1882571876806,3,Raman,Gold
3446.9956033219346,37.1882571876806,3,Raman,Gold
3448.7054225696143,37.1882571876806,3,Raman,Gold
3450.415241817294,37.2082571876806,3,Raman,Gold
3452.125061064973,37.1882571876806,3,Raman,Gold
3453.834880312653,37.1882571876806,3,Raman,Gold
3455.5446995603324,37.1882571876806,3,Raman,Gold
3457.2545188080117,37.1882571876806,3,Raman,Gold
3458.9643380556913,37.1882571876806,3,Raman,Gold
3460.674157303371,37.1882571876806,3,Raman,Gold
3462.3839765510506,37.1882571876806,3,Raman,Gold
3464.09379579873,37.198257187680596,3,Raman,Gold
3465.8036150464095,37.1882571876806,3,Raman,Gold
3467.513434294089,37.1882571876806,3,Raman,Gold
3469.2232535417684,37.1882571876806,3,Raman,Gold
3470.933072789448,37.1882571876806,3,Raman,Gold
3472.6428920371277,37.1882571876806,3,Raman,Gold
3474.3527112848074,37.1882571876806,3,Raman,Gold
3476.0625305324866,37.1882571876806,3,Raman,Gold
3477.772349780166,37.1882571876806,3,Raman,Gold
3479.482169027846,37.1882571876806,3,Raman,Gold
3481.191988275525,37.1882571876806,3,Raman,Gold
3482.9018075232048,37.1882571876806,3,Raman,Gold
3484.6116267708844,37.1882571876806,3,Raman,Gold
3486.321446018564,37.198257187680596,3,Raman,Gold
3488.0312652662433,37.1882571876806,3,Raman,Gold
3489.741084513923,37.2182571876806,3,Raman,Gold
3491.4509037616026,37.1882571876806,3,Raman,Gold
3493.160723009282,37.1882571876806,3,Raman,Gold
3494.8705422569615,37.1882571876806,3,Raman,Gold
3496.580361504641,37.198257187680596,3,Raman,Gold
3498.290180752321,37.198257187680596,3,Raman,Gold
3500.0,37.1882571876806,3,Raman,Gold
