energy,intensity,line_id,technique,material
20.0,0.0030467696223210983,1,AES,Sodium Azide
21.21152906692721,-0.0011271933138188044,1,AES,Sodium Azide
22.423058133854422,-0.0026505781249793556,1,AES,Sodium Azide
23.63458720078163,0.002748364933018353,1,AES,Sodium Azide
24.846116267708844,0.001364854528747661,1,AES,Sodium Azide
26.057645334636053,0.005342988426246672,1,AES,Sodium Azide
27.269174401563262,0.24799064193049167,1,AES,Sodium Azide
28.480703468490475,0.2811565370528839,1,AES,Sodium Azide
29.692232535417684,-0.24935549645924035,1,AES,Sodium Azide
30.903761602344893,-0.2892478904121504,1,AES,Sodium Azide
32.115290669272106,0.0,1,AES,Sodium Azide
33.32681973619931,0.0,1,AES,Sodium Azide
34.538348803126524,0.0,1,AES,Sodium Azide
35.74987787005374,0.0,1,AES,Sodium Azide
36.96140693698095,0.010546894797996387,1,AES,Sodium Azide
38.17293600390816,-1.2371175711944511e-16,1,AES,Sodium Azide
39.38446507083537,-0.010546894797996448,1,AES,Sodium Azide
40.595994137762574,0.0025507159623045705,1,AES,Sodium Azide
41.80752320468979,0.0,1,AES,Sodium Azide
43.019052271617,-0.0024331944433324715,1,AES,Sodium Azide
44.23058133854421,0.0,1,AES,Sodium Azide
45.442110405471425,-0.00011752151897210561,1,AES,Sodium Azide
46.65363947239863,0.0001930421709160931,1,AES,Sodium Azide
47.86516853932584,-2.2643239189907368e-18,1,AES,Sodium Azide
49.07669760625305,0.010460797243254187,1,AES,Sodium Azide
50.28822667318026,0.010000000000034528,1,AES,Sodium Azide
51.499755740107474,-0.010653839414170313,1,AES,Sodium Azide
52.71128480703469,-0.010000000000034499,1,AES,Sodium Azide
53.92281387396189,0.0032235796406610666,1,AES,Sodium Azide
55.134342940889105,0.0,1,AES,Sodium Azide
56.34587200781632,-0.0032235796406610666,1,AES,Sodium Azide
57.557401074743524,0.0014315015176233601,1,AES,Sodium Azide
58.76893014167074,0.010000000000034528,1,AES,Sodium Azide
59.98045920859795,-0.0010680094470676103,1,AES,Sodium Azide
61.191988275525155,-0.010000000000034611,1,AES,Sodium Azide
62.40351734245237,-0.0003634920705558637,1,AES,Sodium Azide
63.61504640937958,0.00034260397670846066,1,AES,Sodium Azide
64.82657547630679,0.0012851772765508874,1,AES,Sodium Azide
66.038104543234,-4.4366213655860604e-05,1,AES,Sodium Azide
67.24963361016121,-0.0012851772765508874,1,AES,Sodium Azide
68.46116267708842,-0.0002982377630525953,1,AES,Sodium Azide
69.67269174401562,0.0,1,AES,Sodium Azide
70.88422081094285,0.0,1,AES,Sodium Azide
72.09574987787005,0.0,1,AES,Sodium Azide
73.30727894479726,0.0018397440053169107,1,AES,Sodium Azide
74.51880801172447,0.000598010024452852,1,AES,Sodium Azide
75.73033707865169,-0.0018397440053169107,1,AES,Sodium Azide
76.9418661455789,-3.3996209280333024e-05,1,AES,Sodium Azide
78.1533952125061,2.646281828008279e-17,1,AES,Sodium Azide
79.36492427943332,-0.0005640138151724925,1,AES,Sodium Azide
80.57645334636052,0.0010645200315336433,1,AES,Sodium Azide
81.78798241328774,0.0017942818190294359,1,AES,Sodium Azide
82.99951148021495,0.0005562168841425893,1,AES,Sodium Azide
84.21104054714216,-0.0017942818190294359,1,AES,Sodium Azide
85.42256961406937,-0.0016207369156762295,1,AES,Sodium Azide
86.63409868099657,0.0005765084651424272,1,AES,Sodium Azide
87.84562774792379,0.001697772740961947,1,AES,Sodium Azide
89.057156814851,-0.0005765084651424306,1,AES,Sodium Azide
90.26868588177821,-0.001697772740961947,1,AES,Sodium Azide
91.48021494870542,0.0,1,AES,Sodium Azide
92.69174401563264,0.0,1,AES,Sodium Azide
93.90327308255983,0.0014140649717125037,1,AES,Sodium Azide
95.11480214948705,0.0023603083923970946,1,AES,Sodium Azide
96.32633121641426,-0.0014140649717125117,1,AES,Sodium Azide
97.53786028334147,-0.000613827628636456,1,AES,Sodium Azide
98.74938935026869,0.0006293668723319822,1,AES,Sodium Azide
99.9609184171959,-0.001746480763760639,1,AES,Sodium Azide
101.17244748412311,-4.184099010083013e-07,1,AES,Sodium Azide
102.38397655105031,0.002676694787919443,1,AES,Sodium Azide
103.59550561797752,-0.0006289484624309592,1,AES,Sodium Azide
104.80703468490474,4.63051782593448e-05,1,AES,Sodium Azide
106.01856375183195,0.0,1,AES,Sodium Azide
107.23009281875916,-0.0012926164515045442,1,AES,Sodium Azide
108.44162188568637,0.00015149082859070584,1,AES,Sodium Azide
109.65315095261357,-0.0014303835146742658,1,AES,Sodium Azide
110.86468001954078,8.20341902548489e-06,1,AES,Sodium Azide
112.076209086468,0.0,1,AES,Sodium Azide
113.28773815339521,-0.00015969424761622163,1,AES,Sodium Azide
114.49926722032242,0.0006214945598220608,1,AES,Sodium Azide
115.71079628724964,0.012572026811949945,1,AES,Sodium Azide
116.92232535417685,-0.0006214945598223521,1,AES,Sodium Azide
118.13385442110405,-0.012572026811950169,1,AES,Sodium Azide
119.34538348803126,0.0,1,AES,Sodium Azide
120.55691255495847,0.0015931039162050884,1,AES,Sodium Azide
121.76844162188569,0.0005721361903447834,1,AES,Sodium Azide
122.9799706888129,0.00840689608382944,1,AES,Sodium Azide
124.19149975574011,0.00032111972630729884,1,AES,Sodium Azide
125.40302882266731,-0.009831052800709667,1,AES,Sodium Azide
126.61455788959452,0.0007925082934023476,1,AES,Sodium Azide
127.82608695652173,-0.00016894719932501796,1,AES,Sodium Azide
129.03761602344895,-0.0016857642100546358,1,AES,Sodium Azide
130.24914509037615,0.0,1,AES,Sodium Azide
131.46067415730337,0.0,1,AES,Sodium Azide
132.67220322423057,0.0005153476968608416,1,AES,Sodium Azide
133.8837322911578,0.0004543229346025056,1,AES,Sodium Azide
135.095261358085,-0.0005064485828595735,1,AES,Sodium Azide
136.3067904250122,-0.0004543229346025294,1,AES,Sodium Azide
137.51831949193942,-8.899114001285897e-06,1,AES,Sodium Azide
138.72984855886665,0.0,1,AES,Sodium Azide
139.94137762579385,0.0,1,AES,Sodium Azide
141.15290669272105,0.010000000000034644,1,AES,Sodium Azide
142.36443575964825,4.691874129374014e-16,1,AES,Sodium Azide
143.57596482657547,-0.009296817223974074,1,AES,Sodium Azide
144.7874938935027,0.0032825903368592915,1,AES,Sodium Azide
145.9990229604299,-0.00039935936127179114,1,AES,Sodium Azide
147.2105520273571,-0.002834367060830017,1,AES,Sodium Azide
148.42208109428432,-0.0003038234147885718,1,AES,Sodium Azide
149.63361016121152,-0.0004482232760293142,1,AES,Sodium Azide
150.84513922813875,0.0,1,AES,Sodium Azide
152.05666829506595,0.00010482058264380565,1,AES,Sodium Azide
153.26819736199315,0.00428685992753917,1,AES,Sodium Azide
154.47972642892037,-0.00010482058264400312,1,AES,Sodium Azide
155.69125549584757,-0.003762067333440024,1,AES,Sodium Azide
156.9027845627748,-2.462260795533339e-17,1,AES,Sodium Azide
158.114313629702,-0.0005247925940993671,1,AES,Sodium Azide
159.32584269662922,0.011988891511344317,1,AES,Sodium Azide
160.53737176355642,0.0013086133797727926,1,AES,Sodium Azide
161.74890083048362,-0.0006122330261394839,1,AES,Sodium Azide
162.96042989741085,0.008691386620261483,1,AES,Sodium Azide
164.17195896433805,-0.008935330169303125,1,AES,Sodium Azide
165.38348803126527,-0.010000000000034408,1,AES,Sodium Azide
166.59501709819247,-0.001420001932330728,1,AES,Sodium Azide
167.80654616511967,0.0038121207808774547,1,AES,Sodium Azide
169.0180752320469,-0.0010213263835712131,1,AES,Sodium Azide
170.2296042989741,-0.0038121207808775857,1,AES,Sodium Azide
171.44113336590132,0.0001734264941125865,1,AES,Sodium Azide
172.65266243282852,8.136952810720508e-18,1,AES,Sodium Azide
173.86419149975575,-0.00017342649411257837,1,AES,Sodium Azide
175.07572056668295,0.0001193223628806411,1,AES,Sodium Azide
176.28724963361014,5.5984550745351855e-18,1,AES,Sodium Azide
177.49877870053737,0.0007048858635805183,1,AES,Sodium Azide
178.71030776746457,3.8670812549368897e-17,1,AES,Sodium Azide
179.9218368343918,0.0018731927547523985,1,AES,Sodium Azide
181.133365901319,1.2655865880259774e-16,1,AES,Sodium Azide
182.34489496824622,-0.0026974009812133883,1,AES,Sodium Azide
183.55642403517342,0.0014157903284572723,1,AES,Sodium Azide
184.76795310210062,6.642710014683601e-17,1,AES,Sodium Azide
185.97948216902785,-0.0010199344465555641,1,AES,Sodium Azide
187.19101123595505,0.0022748628177897117,1,AES,Sodium Azide
188.40254030288227,-0.00039585588190174664,1,AES,Sodium Azide
189.61406936980947,-0.001953538541382971,1,AES,Sodium Azide
190.82559843673667,0.0004522824333319223,1,AES,Sodium Azide
192.0371275036639,0.0010393073571902359,1,AES,Sodium Azide
193.2486565705911,-0.0004522824333318645,1,AES,Sodium Azide
194.46018563751832,0.008639368366437779,1,AES,Sodium Azide
195.67171470444552,0.0009083517900332478,1,AES,Sodium Azide
196.88324377137275,-0.009483147966560372,1,AES,Sodium Azide
198.09477283829995,-0.00047241097981362996,1,AES,Sodium Azide
199.30630190522714,8.608299217070067e-05,1,AES,Sodium Azide
200.51783097215437,-0.00043594081021919355,1,AES,Sodium Azide
201.72936003908157,-0.00019873640370012566,1,AES,Sodium Azide
202.9408891060088,0.0005100435053788996,1,AES,Sodium Azide
204.152418172936,-0.0004041986219445402,1,AES,Sodium Azide
205.36394723986322,0.0027370242290960228,1,AES,Sodium Azide
206.57547630679042,0.000824626759468729,1,AES,Sodium Azide
207.78700537371762,-0.0032470677344748787,1,AES,Sodium Azide
208.99853444064485,0.00031799472335987503,1,AES,Sodium Azide
210.21006350757204,5.361036174931729e-17,1,AES,Sodium Azide
211.42159257449927,0.0002271673131101784,1,AES,Sodium Azide
212.63312164142647,0.00201634136356164,1,AES,Sodium Azide
213.8446507083537,0.008630211204096034,1,AES,Sodium Azide
215.0561797752809,-0.00033974672324080403,1,AES,Sodium Azide
216.2677088422081,-0.009281624000547094,1,AES,Sodium Azide
217.47923790913532,0.009754063247562164,1,AES,Sodium Azide
218.69076697606252,0.022582674184386874,1,AES,Sodium Azide
219.90229604298975,-0.001430657887848773,1,AES,Sodium Azide
221.11382510991695,-0.02330105018387478,1,AES,Sodium Azide
222.32535417684414,-0.010000000000034764,1,AES,Sodium Azide
223.53688324377137,0.0,1,AES,Sodium Azide
224.74841231069857,0.0,1,AES,Sodium Azide
225.9599413776258,0.0005937178171117046,1,AES,Sodium Azide
227.171470444553,0.010481533948302967,1,AES,Sodium Azide
228.38299951148022,0.0008458559483130232,1,AES,Sodium Azide
229.59452857840742,-0.010458906335292355,1,AES,Sodium Azide
230.80605764533462,0.011090058606959,1,AES,Sodium Azide
232.01758671226185,-2.262761301153971e-05,1,AES,Sodium Azide
233.22911577918904,0.002204366018337673,1,AES,Sodium Azide
234.44064484611627,0.0010888691239513554,1,AES,Sodium Azide
235.65217391304347,-0.014733998390723093,1,AES,Sodium Azide
236.8637029799707,-0.0010888691239519955,1,AES,Sodium Azide
238.0752320468979,0.0008396623509177988,1,AES,Sodium Azide
239.2867611138251,3.9395900616669365e-17,1,AES,Sodium Azide
240.49829018075232,0.0004029358049242828,1,AES,Sodium Azide
241.70981924767952,0.0008235907459950975,1,AES,Sodium Azide
242.92134831460675,-0.0012425981558420323,1,AES,Sodium Azide
244.13287738153394,-0.0008235907459950681,1,AES,Sodium Azide
245.34440644846114,0.0,1,AES,Sodium Azide
246.55593551538837,0.0,1,AES,Sodium Azide
247.76746458231557,0.0014904185239322792,1,AES,Sodium Azide
248.9789936492428,0.0003725942682599163,1,AES,Sodium Azide
250.19052271617,0.008509581476101962,1,AES,Sodium Azide
251.40205178309722,-7.120190106980392e-05,1,AES,Sodium Azide
252.61358085002442,-0.009329419700123558,1,AES,Sodium Azide
253.82510991695162,-0.0003013923671906026,1,AES,Sodium Azide
255.03663898387885,-0.0004030475254450837,1,AES,Sodium Azide
256.24816805080604,0.00010130251560527848,1,AES,Sodium Azide
257.4596971177333,-0.0002675327744659696,1,AES,Sodium Azide
258.67122618466044,0.0005213664010565479,1,AES,Sodium Azide
259.8827552515877,0.0009759514510924356,1,AES,Sodium Azide
261.0942843185149,0.001262200195597371,1,AES,Sodium Azide
262.3058133854421,0.0008580143476934462,1,AES,Sodium Azide
263.51734245236935,-0.0018848691122594146,1,AES,Sodium Azide
264.7288715192965,-0.0018339657987860643,1,AES,Sodium Azide
265.94040058622375,0.00089633253551301,1,AES,Sodium Azide
267.15192965315094,0.0008941583099502917,1,AES,Sodium Azide
268.36345872007814,0.01000002161339085,1,AES,Sodium Azide
269.5749877870054,0.005810874928617285,1,AES,Sodium Azide
270.78651685393254,-0.00990281492639015,1,AES,Sodium Azide
271.9980459208598,-0.004728771622502994,1,AES,Sodium Azide
273.209574987787,0.0006667409058546884,1,AES,Sodium Azide
274.4211040547142,-0.0008426243506830865,1,AES,Sodium Azide
275.63263312164145,0.00833971987166595,1,AES,Sodium Azide
276.84416218856865,0.0001872214196315936,1,AES,Sodium Azide
278.05569125549584,-0.010000000000034644,1,AES,Sodium Azide
279.26722032242304,-0.0013208586850139657,1,AES,Sodium Azide
280.47874938935024,0.0,1,AES,Sodium Azide
281.6902784562775,0.00014248821317969384,1,AES,Sodium Azide
282.9018075232047,0.004028275176489589,1,AES,Sodium Azide
284.1133365901319,-0.00014248821317969048,1,AES,Sodium Azide
285.3248656570591,-0.002833954368530612,1,AES,Sodium Azide
286.5363947239863,1.12072058020325e-16,1,AES,Sodium Azide
287.74792379091355,-0.001194320807958893,1,AES,Sodium Azide
288.95945285784074,0.0018951359484916663,1,AES,Sodium Azide
290.17098192476794,0.00011186859651558,1,AES,Sodium Azide
291.38251099169514,-0.0018951359484916663,1,AES,Sodium Azide
292.59404005862234,-0.00011186859651558262,1,AES,Sodium Azide
293.8055691255496,0.0011827259456093997,1,AES,Sodium Azide
295.0170981924768,0.0,1,AES,Sodium Azide
296.228627259404,-0.0008060160603133563,1,AES,Sodium Azide
297.4401563263312,0.010079310147143623,1,AES,Sodium Azide
298.65168539325845,-0.00037670988529693496,1,AES,Sodium Azide
299.86321446018565,-0.006348134897732668,1,AES,Sodium Azide
301.07474352711284,0.0011032297800958517,1,AES,Sodium Azide
302.28627259404004,-0.003731175249411627,1,AES,Sodium Azide
303.49780166096724,-0.0007787373048128254,1,AES,Sodium Azide
304.7093307278945,-3.0449556999037734e-17,1,AES,Sodium Azide
305.9208597948217,0.0011590248311621582,1,AES,Sodium Azide
307.1323888617489,0.010000000000034644,1,AES,Sodium Azide
308.3439179286761,-0.0014835173064452335,1,AES,Sodium Azide
309.5554469956033,-0.009121154303460579,1,AES,Sodium Azide
310.76697606253055,0.001506701769239489,1,AES,Sodium Azide
311.97850512945774,-0.0008788456965743639,1,AES,Sodium Azide
313.19003419638494,-0.001506701769239536,1,AES,Sodium Azide
314.40156326331214,0.0,1,AES,Sodium Azide
315.61309233023934,0.0,1,AES,Sodium Azide
316.8246213971666,0.00307247712200308,1,AES,Sodium Azide
318.0361504640938,0.0007048027716419614,1,AES,Sodium Azide
319.247679531021,-0.0030724771220030076,1,AES,Sodium Azide
320.4592085979482,0.0008925820651543113,1,AES,Sodium Azide
321.67073766487545,0.0036932570756407425,1,AES,Sodium Azide
322.88226673180264,0.010199447853617795,1,AES,Sodium Azide
324.09379579872984,-0.003693257075640805,1,AES,Sodium Azide
325.30532486565704,-0.011796832690414198,1,AES,Sodium Azide
326.51685393258424,0.002204846454058412,1,AES,Sodium Azide
327.7283829995115,-2.068972407400668e-16,1,AES,Sodium Azide
328.9399120664387,-0.0014324531469045807,1,AES,Sodium Azide
330.1514411333659,0.0013481207004873374,1,AES,Sodium Azide
331.3629702002931,-0.0007723933071539861,1,AES,Sodium Azide
332.5744992672203,-0.0013481207004873692,1,AES,Sodium Azide
333.78602833414755,0.0,1,AES,Sodium Azide
334.99755740107474,0.0,1,AES,Sodium Azide
336.20908646800194,0.0,1,AES,Sodium Azide
337.42061553492914,0.0,1,AES,Sodium Azide
338.63214460185634,0.0028409381962967877,1,AES,Sodium Azide
339.8436736687836,-2.6658648852619636e-16,1,AES,Sodium Azide
341.0552027357108,-0.0028409381962969872,1,AES,Sodium Azide
342.266731802638,0.00022753205575298463,1,AES,Sodium Azide
343.4782608695652,0.002508294526231572,1,AES,Sodium Azide
344.68978993649245,-0.00022753205575320404,1,AES,Sodium Azide
345.90131900341964,-0.0004840030231734162,1,AES,Sodium Azide
347.11284807034684,0.010017808927138716,1,AES,Sodium Azide
348.32437713727404,-0.002024291503058311,1,AES,Sodium Azide
349.53590620420124,-0.009213595303088384,1,AES,Sodium Azide
350.7474352711285,0.0003464300272460593,1,AES,Sodium Azide
351.9589643380557,-0.0008042136240506258,1,AES,Sodium Azide
353.1704934049829,-0.00022495120083044153,1,AES,Sodium Azide
354.3820224719101,0.010000000000034644,1,AES,Sodium Azide
355.5935515388373,7.607908150328222e-05,1,AES,Sodium Azide
356.80508060576454,-0.00884767256903894,1,AES,Sodium Azide
358.01660967269174,0.002562638460549008,1,AES,Sodium Azide
359.22813873961894,-0.0011523274309949937,1,AES,Sodium Azide
360.43966780654614,0.0009519906112740726,1,AES,Sodium Azide
361.65119687347334,3.4834228107171397e-16,1,AES,Sodium Azide
362.8627259404006,-0.0037121869797408654,1,AES,Sodium Azide
364.0742550073278,0.0010238674649062406,1,AES,Sodium Azide
365.285784074255,0.0004890192367417699,1,AES,Sodium Azide
366.4973131411822,-0.001023867464906219,1,AES,Sodium Azide
367.70884220810944,-0.0004890192367417354,1,AES,Sodium Azide
368.92037127503664,0.0,1,AES,Sodium Azide
370.13190034196384,0.010000000000034644,1,AES,Sodium Azide
371.34342940889104,0.0014785900117622148,1,AES,Sodium Azide
372.55495847581824,-0.009378674401330089,1,AES,Sodium Azide
373.7664875427455,-0.0014785900117621688,1,AES,Sodium Azide
374.9780166096727,0.0009442771641204313,1,AES,Sodium Azide
376.1895456765999,0.0005348032964850657,1,AES,Sodium Azide
377.4010747435271,-0.0001509525235315026,1,AES,Sodium Azide
378.6126038104543,0.0005609601438947919,1,AES,Sodium Azide
379.82413287738154,-0.001414650239293626,1,AES,Sodium Azide
381.03566194430874,-0.0010957634403798147,1,AES,Sodium Azide
382.24719101123594,0.011300539233945795,1,AES,Sodium Azide
383.45872007816314,0.0010622471167514539,1,AES,Sodium Azide
384.67024914509034,-0.011300539233945963,1,AES,Sodium Azide
385.8817782120176,-0.0008580584763574363,1,AES,Sodium Azide
387.0933072789448,0.002223561547124131,1,AES,Sodium Azide
388.304836345872,-0.00020418864039393819,1,AES,Sodium Azide
389.5163654127992,-0.0012714302775621127,1,AES,Sodium Azide
390.72789447972644,-8.934560142822095e-17,1,AES,Sodium Azide
391.93942354665364,-0.0009521312695621376,1,AES,Sodium Azide
393.15095261358084,0.0019122368979552838,1,AES,Sodium Azide
394.36248168050804,0.011436498772151884,1,AES,Sodium Azide
395.57401074743524,-0.0004964597635988447,1,AES,Sodium Azide
396.7855398143625,-0.00916453177537258,1,AES,Sodium Azide
397.9970688812897,-0.0013792234693448834,1,AES,Sodium Azide
399.2085979482169,-0.0010851421815105623,1,AES,Sodium Azide
400.4201270151441,-3.655366501062716e-05,1,AES,Sodium Azide
401.6316560820713,-0.0006226676261328298,1,AES,Sodium Azide
402.84318514899854,-5.293909041189669e-17,1,AES,Sodium Azide
404.05471421592574,-0.00039535197370283456,1,AES,Sodium Azide
405.26624328285294,0.0010357710230785293,1,AES,Sodium Azide
406.47777234978014,-0.0001688052154323275,1,AES,Sodium Azide
407.6893014167074,0.0026056782358331357,1,AES,Sodium Azide
408.9008304836346,0.0,1,AES,Sodium Azide
410.1123595505618,0.006358550741123137,1,AES,Sodium Azide
411.323888617489,0.002015497814888324,1,AES,Sodium Azide
412.5354176844162,-0.008622243805596633,1,AES,Sodium Azide
413.74694675134344,-0.000929321908694236,1,AES,Sodium Azide
414.95847581827064,0.009715773820636948,1,AES,Sodium Azide
416.17000488519784,-0.0010861759061940506,1,AES,Sodium Azide
417.38153395212504,-0.011093530015075102,1,AES,Sodium Azide
418.59306301905224,0.0001319251246957665,1,AES,Sodium Azide
419.8045920859795,-1.2379521591447846e-17,1,AES,Sodium Azide
421.0161211529067,0.0015651072898417327,1,AES,Sodium Azide
422.2276502198339,0.0,1,AES,Sodium Azide
423.4391792867611,-0.0016970324145375083,1,AES,Sodium Azide
424.6507083536883,0.0,1,AES,Sodium Azide
425.86223742061554,0.000718637967085066,1,AES,Sodium Azide
427.07376648754274,0.010000000000034644,1,AES,Sodium Azide
428.28529555446994,-0.0007186379670850491,1,AES,Sodium Azide
429.49682462139714,-0.009575903263257184,1,AES,Sodium Azide
430.7083536883244,0.0004263232477026326,1,AES,Sodium Azide
431.9198827552516,-0.00042409673677772395,1,AES,Sodium Azide
433.1314118221788,0.009573676752331981,1,AES,Sodium Azide
434.342940889106,0.000403844012167684,1,AES,Sodium Azide
435.5544699560332,-0.010000000000034842,1,AES,Sodium Azide
436.76599902296044,-0.0004038440121676556,1,AES,Sodium Azide
437.97752808988764,0.0,1,AES,Sodium Azide
439.18905715681484,0.0,1,AES,Sodium Azide
440.40058622374204,0.0005410824934241411,1,AES,Sodium Azide
441.61211529066924,0.002567610148117138,1,AES,Sodium Azide
442.8236443575965,0.0009515302917897425,1,AES,Sodium Azide
444.0351734245237,-0.0025676101481172673,1,AES,Sodium Azide
445.2467024914509,-0.001492612785214051,1,AES,Sodium Azide
446.4582315583781,0.0,1,AES,Sodium Azide
447.6697606253053,0.0,1,AES,Sodium Azide
448.88128969223254,0.0,1,AES,Sodium Azide
450.09281875915974,0.0005616375496238592,1,AES,Sodium Azide
451.30434782608694,0.0,1,AES,Sodium Azide
452.51587689301414,0.0003421979885568473,1,AES,Sodium Azide
453.7274059599414,0.0026674751102324355,1,AES,Sodium Azide
454.9389350268686,-0.0009038355381807832,1,AES,Sodium Azide
456.1504640937958,-0.001968363205982303,1,AES,Sodium Azide
457.361993160723,0.0012010799130554677,1,AES,Sodium Azide
458.5735222276502,-0.0006991119042500583,1,AES,Sodium Azide
459.78505129457744,-0.000811084518178555,1,AES,Sodium Azide
460.99658036150464,2.1914962410465687e-05,1,AES,Sodium Azide
462.20810942843184,-0.0002200065210162235,1,AES,Sodium Azide
463.41963849535904,-2.1914962410465687e-05,1,AES,Sodium Azide
464.63116756228624,-0.00012733302476030623,1,AES,Sodium Azide
465.8426966292135,0.0008666825351444066,1,AES,Sodium Azide
467.0542256961407,0.00248281631209334,1,AES,Sodium Azide
468.2657547630679,0.0008027675132932555,1,AES,Sodium Azide
469.4772838299951,0.001221780919208566,1,AES,Sodium Azide
470.6888128969223,-0.0016694500484373334,1,AES,Sodium Azide
471.90034196384954,-0.002229125259117428,1,AES,Sodium Azide
473.11187103077674,0.00031907602320156345,1,AES,Sodium Azide
474.32340009770394,0.0022928570575618448,1,AES,Sodium Azide
475.53492916463114,-0.00031907602320121336,1,AES,Sodium Azide
476.7464582315584,-0.003810984878846052,1,AES,Sodium Azide
477.9579872984856,0.0,1,AES,Sodium Azide
479.1695163654128,0.0,1,AES,Sodium Azide
480.38104543234,0.0,1,AES,Sodium Azide
481.5925744992672,0.010000000000033942,1,AES,Sodium Azide
482.80410356619444,0.00026173517143346326,1,AES,Sodium Azide
484.01563263312164,-0.009405231020513572,1,AES,Sodium Azide
485.22716170004884,0.0030034256290756007,1,AES,Sodium Azide
486.43869076697604,0.0010592843696996812,1,AES,Sodium Azide
487.65021983390324,-0.0032651608005099184,1,AES,Sodium Azide
488.8617489008305,-0.0016540533492206365,1,AES,Sodium Azide
490.0732779677577,0.0008561028464197206,1,AES,Sodium Azide
491.2848070346849,0.0,1,AES,Sodium Azide
492.4963361016121,0.002331244086505265,1,AES,Sodium Azide
493.7078651685393,0.012052617793804628,1,AES,Sodium Azide
494.91939423546654,-0.003187346932925893,1,AES,Sodium Azide
496.13092330239374,-0.01205261779380518,1,AES,Sodium Azide
497.34245236932094,0.012356187886882855,1,AES,Sodium Azide
498.55398143624814,1.1594735656789606e-15,1,AES,Sodium Azide
499.7655105031754,-0.010201976119164265,1,AES,Sodium Azide
500.9770395701026,0.0,1,AES,Sodium Azide
502.1885686370298,-0.0021542117677176707,1,AES,Sodium Azide
503.400097703957,9.12578023897474e-06,1,AES,Sodium Azide
504.6116267708842,8.176184702317488e-05,1,AES,Sodium Azide
505.82315583781144,-9.125780238981771e-06,1,AES,Sodium Azide
507.03468490473864,0.0010022040377420415,1,AES,Sodium Azide
508.24621397166584,0.0,1,AES,Sodium Azide
509.45774303859304,-0.0010839658847652213,1,AES,Sodium Azide
510.66927210552024,0.00020935437910462855,1,AES,Sodium Azide
511.8808011724475,0.0008952945436092541,1,AES,Sodium Azide
513.0923302393746,0.011029092012072573,1,AES,Sodium Azide
514.3038593063019,-0.0008952945436091674,1,AES,Sodium Azide
515.5153883732291,-0.011238446391177069,1,AES,Sodium Azide
516.7269174401563,0.012223582302552787,1,AES,Sodium Azide
517.9384465070835,0.0005783368245022948,1,AES,Sodium Azide
519.1499755740108,-0.012223582302552896,1,AES,Sodium Azide
520.3615046409379,0.002121183134046176,1,AES,Sodium Azide
521.5730337078651,0.00020131230782055847,1,AES,Sodium Azide
522.7845627747924,-0.0006471509220656085,1,AES,Sodium Azide
523.9960918417196,-8.380771058239183e-05,1,AES,Sodium Azide
525.2076209086467,0.011534017236812556,1,AES,Sodium Azide
526.419149975574,0.002937371851367474,1,AES,Sodium Azide
527.6306790425012,-0.013586386273295245,1,AES,Sodium Azide
528.8422081094284,-0.0013640200949822598,1,AES,Sodium Azide
530.0537371763556,0.0011231686412192254,1,AES,Sodium Azide
531.2652662432829,0.0006910174174582858,1,AES,Sodium Azide
532.47679531021,-0.0011231686412189364,1,AES,Sodium Azide
533.6883243771373,-0.0011879162233471463,1,AES,Sodium Azide
534.8998534440644,0.011842010371650837,1,AES,Sodium Azide
536.1113825109917,-0.0011939575477335795,1,AES,Sodium Azide
537.322911577919,-0.0018420103716150287,1,AES,Sodium Azide
538.5344406448461,1.8767496517496497e-15,1,AES,Sodium Azide
539.7459697117733,-0.010000000000033708,1,AES,Sodium Azide
540.9574987787005,0.0012487619983015215,1,AES,Sodium Azide
542.1690278456277,0.002614600574926119,1,AES,Sodium Azide
543.380556912555,-0.001119812455172891,1,AES,Sodium Azide
544.5920859794821,0.00021973174031329645,1,AES,Sodium Azide
545.8036150464094,-0.00012894954312962887,1,AES,Sodium Azide
547.0151441133365,-0.0028343323152402915,1,AES,Sodium Azide
548.2266731802638,0.0,1,AES,Sodium Azide
549.438202247191,0.0006684015242615754,1,AES,Sodium Azide
550.6497313141182,0.010000000000033833,1,AES,Sodium Azide
551.8612603810454,-0.0006684015242633269,1,AES,Sodium Azide
553.0727894479726,-0.010000000000035585,1,AES,Sodium Azide
554.2843185148998,0.0,1,AES,Sodium Azide
555.4958475818271,0.011165452798849741,1,AES,Sodium Azide
556.7073766487542,0.000638002786140324,1,AES,Sodium Azide
557.9189057156815,-0.011165452798847767,1,AES,Sodium Azide
559.1304347826086,-0.0006380027861383481,1,AES,Sodium Azide
560.3419638495359,0.0,1,AES,Sodium Azide
561.5534929164631,0.0,1,AES,Sodium Azide
562.7650219833903,0.001662265076623785,1,AES,Sodium Azide
563.9765510503175,-3.119655403658778e-16,1,AES,Sodium Azide
565.1880801172447,-0.000785056621134939,1,AES,Sodium Azide
566.3996091841719,0.0,1,AES,Sodium Azide
567.6111382510992,-0.000877208455489158,1,AES,Sodium Azide
568.8226673180263,0.0,1,AES,Sodium Azide
570.0341963849536,0.0,1,AES,Sodium Azide
571.2457254518807,0.0,1,AES,Sodium Azide
572.457254518808,0.0,1,AES,Sodium Azide
573.6687835857352,0.0034192747023277957,1,AES,Sodium Azide
574.8803126526624,6.137030017700825e-05,1,AES,Sodium Azide
576.0918417195896,-0.0034192747023273143,1,AES,Sodium Azide
577.3033707865169,0.00031102586014242206,1,AES,Sodium Azide
578.514899853444,6.988943641887064e-17,1,AES,Sodium Azide
579.7264289203713,-0.00037239616031871874,1,AES,Sodium Azide
580.9379579872984,0.0010688541747073995,1,AES,Sodium Azide
582.1494870542257,0.0013183151711089094,1,AES,Sodium Azide
583.3610161211529,-0.001068854174707647,1,AES,Sodium Azide
584.5725451880801,-0.0013183151711090948,1,AES,Sodium Azide
585.7840742550073,0.0,1,AES,Sodium Azide
586.9956033219345,0.0,1,AES,Sodium Azide
588.2071323888617,0.0,1,AES,Sodium Azide
589.418661455789,0.002378815502297946,1,AES,Sodium Azide
590.6301905227161,0.002862790522036915,1,AES,Sodium Azide
591.8417195896434,-0.002378815502298037,1,AES,Sodium Azide
593.0532486565705,0.00814061021085181,1,AES,Sodium Azide
594.2647777234978,0.0005416787120478446,1,AES,Sodium Azide
595.476306790425,-0.0056451248685156,1,AES,Sodium Azide
596.6878358573522,0.011406753721558822,1,AES,Sodium Azide
597.8993649242794,-0.005358275864374554,1,AES,Sodium Azide
599.1108939912066,-0.01194843243360798,1,AES,Sodium Azide
600.3224230581338,0.0,1,AES,Sodium Azide
601.5339521250611,0.00035409434699486595,1,AES,Sodium Azide
602.7454811919882,6.645464424067697e-17,1,AES,Sodium Azide
603.9570102589155,-0.0003540943469947995,1,AES,Sodium Azide
605.1685393258426,0.0,1,AES,Sodium Azide
606.3800683927699,0.0,1,AES,Sodium Azide
607.5915974596971,0.002936187161959143,1,AES,Sodium Azide
608.8031265266243,0.0015343461876672025,1,AES,Sodium Azide
610.0146555935515,-0.00293618716195888,1,AES,Sodium Azide
611.2261846604787,0.0010412484694098877,1,AES,Sodium Azide
612.4377137274059,0.0001346465684534184,1,AES,Sodium Azide
613.6492427943332,-0.0025755946570768518,1,AES,Sodium Azide
614.8607718612603,0.002516095532138991,1,AES,Sodium Azide
616.0723009281876,0.0009378825812978287,1,AES,Sodium Azide
617.2838299951147,-0.0026507421005927496,1,AES,Sodium Azide
618.495359062042,-0.0009378825812981943,1,AES,Sodium Azide
619.7068881289692,0.0,1,AES,Sodium Azide
620.9184171958964,0.0,1,AES,Sodium Azide
622.1299462628236,0.0016118567452932683,1,AES,Sodium Azide
623.3414753297509,0.0033230195438439932,1,AES,Sodium Azide
624.553004396678,0.008388143254740835,1,AES,Sodium Azide
625.7645334636053,-0.002343265970709589,1,AES,Sodium Azide
626.9760625305324,-0.010000000000035402,1,AES,Sodium Azide
628.1875915974597,-0.000979753573135823,1,AES,Sodium Azide
629.3991206643869,0.0,1,AES,Sodium Azide
630.6106497313141,0.0,1,AES,Sodium Azide
631.8221787982413,8.444375865505291e-05,1,AES,Sodium Azide
633.0337078651685,1.584797946477381e-17,1,AES,Sodium Azide
634.2452369320957,0.00038624100379213577,1,AES,Sodium Azide
635.456765999023,0.010000000000035496,1,AES,Sodium Azide
636.6682950659501,-0.0004706847624453663,1,AES,Sodium Azide
637.8798241328774,-0.010000000000033708,1,AES,Sodium Azide
639.0913531998045,0.0,1,AES,Sodium Azide
640.3028822667318,0.0013146317851556407,1,AES,Sodium Azide
641.514411333659,0.0008717623849308364,1,AES,Sodium Azide
642.7259404005862,-0.001314631785155662,1,AES,Sodium Azide
643.9374694675134,-0.000698891160662571,1,AES,Sodium Azide
645.1489985344406,0.0013076633161331523,1,AES,Sodium Azide
646.3605276013678,-0.00017287122426832413,1,AES,Sodium Azide
647.5720566682951,-0.0003620359971101996,1,AES,Sodium Azide
648.7835857352222,1.7747057416549057e-16,1,AES,Sodium Azide
649.9951148021495,4.740400124466023e-05,1,AES,Sodium Azide
651.2066438690766,1.863671184481712e-16,1,AES,Sodium Azide
652.4181729360039,-0.0009930313202672636,1,AES,Sodium Azide
653.6297020029311,0.0,1,AES,Sodium Azide
654.8412310698583,8.368378809200626e-05,1,AES,Sodium Azide
656.0527601367855,0.0004520034710622861,1,AES,Sodium Azide
657.2642892037127,-8.368378809193715e-05,1,AES,Sodium Azide
658.4758182706399,0.0006593596416767459,1,AES,Sodium Azide
659.6873473375672,-2.085750334793167e-16,1,AES,Sodium Azide
660.8988764044943,-0.0011113631127391405,1,AES,Sodium Azide
662.1104054714216,0.0,1,AES,Sodium Azide
663.3219345383488,0.0,1,AES,Sodium Azide
664.533463605276,8.248944091001819e-05,1,AES,Sodium Azide
665.7449926722032,0.010000000000035569,1,AES,Sodium Azide
666.9565217391304,-8.248944090815692e-05,1,AES,Sodium Azide
668.1680508060576,-0.008248716073323576,1,AES,Sodium Azide
669.3795798729849,0.010000000000035255,1,AES,Sodium Azide
670.591108939912,-0.0002969019117157877,1,AES,Sodium Azide
671.8026380068393,-0.01000000000003398,1,AES,Sodium Azide
673.0141670737664,-0.0005323466664437347,1,AES,Sodium Azide
674.2256961406937,0.0025088085013539665,1,AES,Sodium Azide
675.4372252076209,-0.0009220353485501923,1,AES,Sodium Azide
676.6487542745481,-0.0025088085013543196,1,AES,Sodium Azide
677.8602833414753,0.0010042972896457973,1,AES,Sodium Azide
679.0718124084025,1.88481458858916e-16,1,AES,Sodium Azide
680.2833414753297,-0.00035838012065828354,1,AES,Sodium Azide
681.494870542257,-1.2122248219520276e-16,1,AES,Sodium Azide
682.7063996091841,-0.0004952221609043295,1,AES,Sodium Azide
683.9179286761114,-2.828168039394787e-17,1,AES,Sodium Azide
685.1294577430385,0.0018816338883959934,1,AES,Sodium Azide
686.3409868099658,0.00044277682341921804,1,AES,Sodium Azide
687.552515876893,-0.0014447880631420274,1,AES,Sodium Azide
688.7640449438202,-0.00044277682341917,1,AES,Sodium Azide
689.9755740107474,-0.0005875408333371009,1,AES,Sodium Azide
691.1871030776746,0.0,1,AES,Sodium Azide
692.3986321446018,0.0006864778228346301,1,AES,Sodium Azide
693.6101612115291,-1.2883470149343467e-16,1,AES,Sodium Azide
694.8216902784562,-0.0001821732659496488,1,AES,Sodium Azide
696.0332193453835,0.0036118871434526797,1,AES,Sodium Azide
697.2447484123106,0.0010117419430118284,1,AES,Sodium Azide
698.4562774792379,-0.0036118871434522664,1,AES,Sodium Azide
699.6678065461651,0.0005744649448483072,1,AES,Sodium Azide
700.8793356130923,3.9233666258891807e-16,1,AES,Sodium Azide
702.0908646800195,-0.0020905114447442377,1,AES,Sodium Azide
703.3023937469467,0.0,1,AES,Sodium Azide
704.5139228138739,0.0,1,AES,Sodium Azide
705.7254518808012,0.0,1,AES,Sodium Azide
706.9369809477283,3.205410108803403e-05,1,AES,Sodium Azide
708.1485100146556,0.0029175580827388993,1,AES,Sodium Azide
709.3600390815828,0.0005369081826843906,1,AES,Sodium Azide
710.57156814851,-0.002917558082739203,1,AES,Sodium Azide
711.7830972154372,0.0008744790781750778,1,AES,Sodium Azide
712.9946262823644,2.7089780733472035e-16,1,AES,Sodium Azide
714.2061553492916,-0.0010333937249814484,1,AES,Sodium Azide
715.4176844162189,0.001341561632313447,1,AES,Sodium Azide
716.629213483146,-0.0004100476369660974,1,AES,Sodium Azide
717.8407425500733,0.01064895052644727,1,AES,Sodium Azide
719.0522716170004,0.0005890962474026384,1,AES,Sodium Azide
720.2638006839277,-0.011990512158758855,1,AES,Sodium Azide
721.4753297508549,0.0005121545029563899,1,AES,Sodium Azide
722.6868588177821,0.003951760231173433,1,AES,Sodium Azide
723.8983878847093,-0.0007847430238003937,1,AES,Sodium Azide
725.1099169516365,-0.0035197739155747834,1,AES,Sodium Azide
726.3214460185637,-0.0003165077265568745,1,AES,Sodium Azide
727.532975085491,-0.00043198631559912554,1,AES,Sodium Azide
728.7445041524181,0.00144506028063658,1,AES,Sodium Azide
729.9560332193454,-2.7120163784328106e-16,1,AES,Sodium Azide
731.1675622862725,-0.0013205112430308735,1,AES,Sodium Azide
732.3790913531998,0.0,1,AES,Sodium Azide
733.590620420127,0.0007090350468348613,1,AES,Sodium Azide
734.8021494870542,0.000580682954892368,1,AES,Sodium Azide
736.0136785539814,0.000972080242146005,1,AES,Sodium Azide
737.2252076209086,-0.0005806829548919817,1,AES,Sodium Azide
738.4367366878358,-0.0018056643265865425,1,AES,Sodium Azide
739.6482657547631,0.0,1,AES,Sodium Azide
740.8597948216902,0.0,1,AES,Sodium Azide
742.0713238886175,0.0006566282526905343,1,AES,Sodium Azide
743.2828529555446,0.0013174117760702923,1,AES,Sodium Azide
744.4943820224719,-0.000656628252690442,1,AES,Sodium Azide
745.7059110893991,0.00019599153607563545,1,AES,Sodium Azide
746.9174401563263,0.0023592604168750845,1,AES,Sodium Azide
748.1289692232535,-0.0007938891765713055,1,AES,Sodium Azide
749.3404982901807,0.0009069880449581644,1,AES,Sodium Azide
750.5520273571079,-0.0007195141355745566,1,AES,Sodium Azide
751.7635564240352,-0.003266248461833273,1,AES,Sodium Azide
752.9750854909623,0.0,1,AES,Sodium Azide
754.1866145578896,0.002603614308248042,1,AES,Sodium Azide
755.3981436248168,0.0011388137187013884,1,AES,Sodium Azide
756.609672691744,-0.0026036143082481945,1,AES,Sodium Azide
757.8212017586712,-0.0006515752620938182,1,AES,Sodium Azide
759.0327308255984,9.144246037545565e-17,1,AES,Sodium Azide
760.2442598925256,0.003769182826942142,1,AES,Sodium Azide
761.4557889594529,0.00022488780294440577,1,AES,Sodium Azide
762.66731802638,-0.004066037983875598,1,AES,Sodium Azide
763.8788470933073,0.0010381873292016745,1,AES,Sodium Azide
765.0903761602344,0.0006467326256567244,1,AES,Sodium Azide
766.3019052271617,-0.000873442522654624,1,AES,Sodium Azide
767.5134342940889,-0.0008371159253314741,1,AES,Sodium Azide
768.7249633610161,0.00043087902315031067,1,AES,Sodium Azide
769.9364924279433,0.003275348109588132,1,AES,Sodium Azide
771.1480214948705,0.0015209663943596364,1,AES,Sodium Azide
772.3595505617977,-0.0005026738879942502,1,AES,Sodium Azide
773.571079628725,-0.0023414780270021324,1,AES,Sodium Azide
774.7826086956521,-0.002772674221593965,1,AES,Sodium Azide
775.9941377625794,0.0,1,AES,Sodium Azide
777.2056668295065,9.697986740532093e-05,1,AES,Sodium Azide
778.4171958964338,0.0019042568937138143,1,AES,Sodium Azide
779.628724963361,-9.697986740567831e-05,1,AES,Sodium Azide
780.8402540302882,0.000757669004034719,1,AES,Sodium Azide
782.0517830972154,-4.995768501566598e-16,1,AES,Sodium Azide
783.2633121641426,-0.002661925897749301,1,AES,Sodium Azide
784.4748412310698,0.0,1,AES,Sodium Azide
785.6863702979971,0.010000000000035585,1,AES,Sodium Azide
786.8978993649242,0.001432590394599646,1,AES,Sodium Azide
788.1094284318515,-0.009872402370099205,1,AES,Sodium Azide
789.3209574987786,-0.0014325903945980143,1,AES,Sodium Azide
790.5324865657059,-0.00012759762993475282,1,AES,Sodium Azide
791.7440156326331,0.0,1,AES,Sodium Azide
792.9555446995603,0.012904652148800393,1,AES,Sodium Azide
794.1670737664875,0.0,1,AES,Sodium Azide
795.3786028334148,-0.012904652148800393,1,AES,Sodium Azide
796.5901319003419,0.0,1,AES,Sodium Azide
797.8016609672692,0.0,1,AES,Sodium Azide
799.0131900341963,0.0,1,AES,Sodium Azide
800.2247191011236,0.0,1,AES,Sodium Azide
801.4362481680508,0.0,1,AES,Sodium Azide
802.647777234978,0.0012116304570665743,1,AES,Sodium Azide
803.8593063019052,0.003217798100733108,1,AES,Sodium Azide
805.0708353688324,0.0007489671051695044,1,AES,Sodium Azide
806.2823644357596,-0.0032177981007328834,1,AES,Sodium Azide
807.4938935026869,-0.0019605975622357026,1,AES,Sodium Azide
808.705422569614,0.004478501306784209,1,AES,Sodium Azide
809.9169516365413,0.00010305975626982171,1,AES,Sodium Azide
811.1284807034684,-0.004454259709494233,1,AES,Sodium Azide
812.3400097703957,-0.00010305975627064773,1,AES,Sodium Azide
813.5515388373229,0.00032049171937666176,1,AES,Sodium Azide
814.7630679042501,6.469781319998532e-17,1,AES,Sodium Azide
815.9745969711773,-0.0003447333166673943,1,AES,Sodium Azide
817.1861260381045,0.0,1,AES,Sodium Azide
818.3976551050317,0.0,1,AES,Sodium Azide
819.609184171959,0.0,1,AES,Sodium Azide
820.8207132388861,0.0,1,AES,Sodium Azide
822.0322423058134,0.00018522396798055147,1,AES,Sodium Azide
823.2437713727405,3.476190174019513e-17,1,AES,Sodium Azide
824.4553004396678,0.0024322236801314233,1,AES,Sodium Azide
825.666829506595,-4.912293962050252e-16,1,AES,Sodium Azide
826.8783585735222,-0.0007178629664345827,1,AES,Sodium Azide
828.0898876404494,0.002168602367969516,1,AES,Sodium Azide
829.3014167073766,-0.0018995846816776839,1,AES,Sodium Azide
830.5129457743038,-0.002168602367969567,1,AES,Sodium Azide
831.7244748412311,0.0,1,AES,Sodium Azide
832.9360039081582,0.0,1,AES,Sodium Azide
834.1475329750855,0.0,1,AES,Sodium Azide
835.3590620420126,0.0,1,AES,Sodium Azide
836.5705911089399,0.0030495329338718403,1,AES,Sodium Azide
837.7821201758671,0.0016283913742446443,1,AES,Sodium Azide
838.9936492427943,-0.0008366044707057361,1,AES,Sodium Azide
840.2051783097215,-0.0003724421370626171,1,AES,Sodium Azide
841.4167073766488,-0.0022129284631664634,1,AES,Sodium Azide
842.6282364435759,-0.0012559492371825472,1,AES,Sodium Azide
843.8397655105032,0.0008516743788407546,1,AES,Sodium Azide
845.0512945774303,1.5983795938877977e-16,1,AES,Sodium Azide
846.2628236443576,0.00038917985274784225,1,AES,Sodium Azide
847.4743527112848,-2.3287727469977946e-16,1,AES,Sodium Azide
848.685881778212,-0.0012408542315886515,1,AES,Sodium Azide
849.8974108451392,0.0012373066302854817,1,AES,Sodium Azide
851.1089399120664,0.0007731658116888383,1,AES,Sodium Azide
852.3204689789936,-0.0012373066302853075,1,AES,Sodium Azide
853.5319980459209,0.0012444533462716058,1,AES,Sodium Azide
854.743527112848,3.7865660520517754e-16,1,AES,Sodium Azide
855.9550561797753,-0.0009456864973533779,1,AES,Sodium Azide
857.1665852467024,0.0010321933044546662,1,AES,Sodium Azide
858.3781143136297,-0.0010719326606063047,1,AES,Sodium Azide
859.5896433805569,-0.00046461345633041807,1,AES,Sodium Azide
860.8011724474841,1.0652052823031338e-16,1,AES,Sodium Azide
862.0127015144113,0.0010405342631622677,1,AES,Sodium Azide
863.2242305813385,3.0180275983193495e-16,1,AES,Sodium Azide
864.4357596482657,-0.0016081141112859816,1,AES,Sodium Azide
865.647288715193,0.0018256246883187716,1,AES,Sodium Azide
866.8588177821201,3.4262404980156263e-16,1,AES,Sodium Azide
868.0703468490474,0.008174375311717155,1,AES,Sodium Azide
869.2818759159745,1.8767496517496497e-15,1,AES,Sodium Azide
870.4934049829018,-0.008945341278934114,1,AES,Sodium Azide
871.704934049829,-1.9793303875325113e-16,1,AES,Sodium Azide
872.9164631167562,0.0019992663566248204,1,AES,Sodium Azide
874.1279921836834,-5.731452826070658e-16,1,AES,Sodium Azide
875.3395212506106,-0.00010152718424236678,1,AES,Sodium Azide
876.5510503175378,0.00036724052401369774,1,AES,Sodium Azide
877.7625793844651,-0.002952397893483308,1,AES,Sodium Azide
878.9741084513922,-0.00036724052401374945,1,AES,Sodium Azide
880.1856375183195,0.000694629490774437,1,AES,Sodium Azide
881.3971665852466,1.3036456549013223e-16,1,AES,Sodium Azide
882.6086956521739,0.001225482463313312,1,AES,Sodium Azide
883.8202247191011,0.00019879407191988766,1,AES,Sodium Azide
885.0317537860283,-0.0016585369367627105,1,AES,Sodium Azide
886.2432828529555,-0.0001987940719202201,1,AES,Sodium Azide
887.4548119198828,-0.0002615750173251736,1,AES,Sodium Azide
888.6663409868099,0.0005356773749526598,1,AES,Sodium Azide
889.8778700537372,-1.0053323268891821e-16,1,AES,Sodium Azide
891.0893991206643,-0.0005356773749527603,1,AES,Sodium Azide
892.3009281875916,0.0012935265453990874,1,AES,Sodium Azide
893.5124572545188,0.00029736264900593224,1,AES,Sodium Azide
894.723986321446,-0.0012935265453992133,1,AES,Sodium Azide
895.9355153883732,-0.0002652814790048267,1,AES,Sodium Azide
897.1470444553004,0.0006049076851634496,1,AES,Sodium Azide
898.3585735222276,-3.208117000128799e-05,1,AES,Sodium Azide
899.5701025891549,-0.0006049076851634437,1,AES,Sodium Azide
900.781631656082,0.00034083583250767526,1,AES,Sodium Azide
901.9931607230093,-6.396635299604255e-17,1,AES,Sodium Azide
903.2046897899364,0.00036965964412809916,1,AES,Sodium Azide
904.4162188568637,0.010000000000034178,1,AES,Sodium Azide
905.6277479237909,0.0010805773693853553,1,AES,Sodium Azide
906.8392769907181,-0.009177523314149035,1,AES,Sodium Azide
908.0508060576453,-0.0013454960175310242,1,AES,Sodium Azide
909.2623351245725,0.0008877322208538878,1,AES,Sodium Azide
910.4738641914997,0.002452902220773696,1,AES,Sodium Azide
911.685393258427,0.01005513212955813,1,AES,Sodium Azide
912.8969223253541,-0.002898479049263698,1,AES,Sodium Azide
914.1084513922814,-0.011765341036296638,1,AES,Sodium Azide
915.3199804592085,0.0,1,AES,Sodium Azide
916.5315095261358,0.010045407098690583,1,AES,Sodium Azide
917.743038593063,0.0009008987381816524,1,AES,Sodium Azide
918.9545676599902,-0.010045407098691827,1,AES,Sodium Azide
920.1660967269174,-0.0005758624965671406,1,AES,Sodium Azide
921.3776257938446,6.100116532571006e-17,1,AES,Sodium Azide
922.5891548607718,-0.0003250362416161824,1,AES,Sodium Azide
923.8006839276991,0.0,1,AES,Sodium Azide
925.0122129946262,0.0,1,AES,Sodium Azide
926.2237420615535,0.0,1,AES,Sodium Azide
927.4352711284806,0.0,1,AES,Sodium Azide
928.6468001954079,0.0018336869010822608,1,AES,Sodium Azide
929.8583292623351,-3.4413712530122657e-16,1,AES,Sodium Azide
931.0698583292623,0.002747532756752055,1,AES,Sodium Azide
932.2813873961895,0.0008585371003950104,1,AES,Sodium Azide
933.4929164631168,-0.004259543372822755,1,AES,Sodium Azide
934.7044455300439,-0.0008585371003950705,1,AES,Sodium Azide
935.9159745969712,0.0008970956512430913,1,AES,Sodium Azide
937.1275036638983,2.2873298069207e-16,1,AES,Sodium Azide
938.3390327308256,-0.001006434309141947,1,AES,Sodium Azide
939.5505617977528,0.0044553979337197515,1,AES,Sodium Azide
940.76209086468,-0.0002123376271120865,1,AES,Sodium Azide
941.9736199316072,-0.00245528038811826,1,AES,Sodium Azide
943.1851489985344,3.753719907151113e-16,1,AES,Sodium Azide
944.3966780654616,0.007999882454433763,1,AES,Sodium Azide
945.6082071323889,0.00308178162677805,1,AES,Sodium Azide
946.819736199316,-0.010000000000035007,1,AES,Sodium Azide
948.0312652662433,7.248122648314882e-05,1,AES,Sodium Azide
949.2427943331704,0.0012317235871233373,1,AES,Sodium Azide
950.4543234000977,-0.003154262853262054,1,AES,Sodium Azide
951.6658524670249,0.009868876057861178,1,AES,Sodium Azide
952.8773815339521,0.0016925679681779665,1,AES,Sodium Azide
954.0889106008793,-0.010018443653874805,1,AES,Sodium Azide
955.3004396678065,-0.0016925679681759978,1,AES,Sodium Azide
956.5119687347337,0.01891784400896115,1,AES,Sodium Azide
957.723497801661,-3.7534993034992995e-15,1,AES,Sodium Azide
958.9350268685881,-0.02000000000007117,1,AES,Sodium Azide
960.1465559355154,0.001080175728421385,1,AES,Sodium Azide
961.3580850024425,0.00030925880006826606,1,AES,Sodium Azide
962.5696140693698,-0.001080175728421233,1,AES,Sodium Azide
963.781143136297,0.0003524118184038413,1,AES,Sodium Azide
964.9926722032242,0.001062622123305244,1,AES,Sodium Azide
966.2042012701514,0.0003125508057605999,1,AES,Sodium Azide
967.4157303370786,0.010818295533727349,1,AES,Sodium Azide
968.6272594040058,0.0004770802764419899,1,AES,Sodium Azide
969.8387884709331,-0.011081791711925054,1,AES,Sodium Azide
971.0503175378602,-0.0014513017006744869,1,AES,Sodium Azide
972.2618466047875,-0.0007991259451075902,1,AES,Sodium Azide
973.4733756717147,0.0007476784837371365,1,AES,Sodium Azide
974.6849047386419,0.0003614456001017412,1,AES,Sodium Azide
975.8964338055691,-0.0002750410485293489,1,AES,Sodium Azide
977.1079628724963,-0.0003614456001015799,1,AES,Sodium Azide
978.3194919394235,-0.00047263743520764865,1,AES,Sodium Azide
979.5310210063508,0.0018328359772851626,1,AES,Sodium Azide
980.7425500732779,3.439774282071918e-16,1,AES,Sodium Azide
981.9540791402052,-0.0006467982689535687,1,AES,Sodium Azide
983.1656082071323,4.928338600248494e-05,1,AES,Sodium Azide
984.3771372740596,-0.0011342521362364816,1,AES,Sodium Azide
985.5886663409868,0.001583642272466464,1,AES,Sodium Azide
986.800195407914,-5.178557209430247e-05,1,AES,Sodium Azide
988.0117244748412,-0.0014656435611123798,1,AES,Sodium Azide
989.2232535417684,3.139466179558005e-17,1,AES,Sodium Azide
990.4347826086956,-0.00016728209735602633,1,AES,Sodium Azide
991.6463116756229,0.0,1,AES,Sodium Azide
992.85784074255,0.010386586588231026,1,AES,Sodium Azide
994.0693698094773,-1.9493022762264455e-15,1,AES,Sodium Azide
995.2808988764044,-0.008201153582603161,1,AES,Sodium Azide
996.4924279433317,0.0,1,AES,Sodium Azide
997.7039570102589,-0.002185433005629814,1,AES,Sodium Azide
998.9154860771861,0.0,1,AES,Sodium Azide
1000.1270151441133,0.0025182224179391426,1,AES,Sodium Azide
1001.3385442110405,0.0003420706355758335,1,AES,Sodium Azide
1002.5500732779677,-0.0007224699885378535,1,AES,Sodium Azide
1003.761602344895,-0.0003420706355756979,1,AES,Sodium Azide
1004.9731314118221,-0.0013309962133593604,1,AES,Sodium Azide
1006.1846604787494,0.0015482532507595538,1,AES,Sodium Azide
1007.3961895456765,-0.00032155472784241437,1,AES,Sodium Azide
1008.6077186126038,0.0003060367113582511,1,AES,Sodium Azide
1009.819247679531,-0.00014320148819955755,1,AES,Sodium Azide
1011.0307767464582,0.000598442976592408,1,AES,Sodium Azide
1012.2423058133854,0.004000846767634722,1,AES,Sodium Azide
1013.4538348803126,-0.002452732938710053,1,AES,Sodium Azide
1014.6653639472398,-0.00400084676763462,1,AES,Sodium Azide
1015.8768930141671,0.0025293720185621243,1,AES,Sodium Azide
1017.0884220810942,0.002748980500077117,1,AES,Sodium Azide
1018.2999511480215,-0.0025293720185617687,1,AES,Sodium Azide
1019.5114802149487,-0.002748980500076643,1,AES,Sodium Azide
1020.7230092818759,0.0,1,AES,Sodium Azide
1021.9345383488031,0.0,1,AES,Sodium Azide
1023.1460674157303,0.010000000000033708,1,AES,Sodium Azide
1024.3575964826575,1.8767496517492975e-15,1,AES,Sodium Azide
1025.569125549585,-0.0100000000000323,1,AES,Sodium Azide
1026.780654616512,0.010000000000035114,1,AES,Sodium Azide
1027.9921836834392,0.00040761147524274966,1,AES,Sodium Azide
1029.2037127503663,-0.007301613837917792,1,AES,Sodium Azide
1030.4152418172935,-0.0004076114752417751,1,AES,Sodium Azide
1031.6267708842208,-0.0009853380518957489,1,AES,Sodium Azide
1032.838299951148,0.010000000000032943,1,AES,Sodium Azide
1034.0498290180753,-0.0017130481102239257,1,AES,Sodium Azide
1035.2613580850025,0.001174410190792342,1,AES,Sodium Azide
1036.4728871519296,0.0,1,AES,Sodium Azide
1037.6844162188568,-0.010508890139628364,1,AES,Sodium Azide
1038.895945285784,0.0002896821622294713,1,AES,Sodium Azide
1040.1074743527113,0.0001915088130131836,1,AES,Sodium Azide
1041.3190034196384,0.00021356738258260626,1,AES,Sodium Azide
1042.5305324865658,0.0034160093915554337,1,AES,Sodium Azide
1043.742061553493,-0.0005032495448117565,1,AES,Sodium Azide
1044.95359062042,-0.004273038255767096,1,AES,Sodium Azide
1046.1651196873472,0.0,1,AES,Sodium Azide
1047.3766487542746,0.010000000000036051,1,AES,Sodium Azide
1048.5881778212017,0.010000000000035114,1,AES,Sodium Azide
1049.7997068881289,-0.007930716069496208,1,AES,Sodium Azide
1051.0112359550562,-0.007527850507807996,1,AES,Sodium Azide
1052.2227650219834,-0.002069283930536672,1,AES,Sodium Azide
1053.4342940889105,-0.0024721494922250817,1,AES,Sodium Azide
1054.645823155838,0.0008204197417901537,1,AES,Sodium Azide
1055.857352222765,0.0,1,AES,Sodium Azide
1057.0688812896922,0.00028109197427232576,1,AES,Sodium Azide
1058.2804103566193,0.0003531534971955269,1,AES,Sodium Azide
1059.4919394235467,-0.001101511716062225,1,AES,Sodium Azide
1060.7034684904738,0.0023400198622629477,1,AES,Sodium Azide
1061.914997557401,0.0031254240062455157,1,AES,Sodium Azide
1063.1265266243283,-0.0026931733594585754,1,AES,Sodium Azide
1064.3380556912555,-0.003125424006245384,1,AES,Sodium Azide
1065.5495847581826,0.0004975007864461386,1,AES,Sodium Azide
1066.76111382511,0.0005820659703815929,1,AES,Sodium Azide
1067.9726428920371,0.0006485851134019757,1,AES,Sodium Azide
1069.1841719589643,0.0029163580130816534,1,AES,Sodium Azide
1070.3957010258914,-0.0011460858998470487,1,AES,Sodium Azide
1071.6072300928188,-0.003498423983462394,1,AES,Sodium Azide
1072.818759159746,0.0,1,AES,Sodium Azide
1074.030288226673,0.0,1,AES,Sodium Azide
1075.2418172936004,0.0,1,AES,Sodium Azide
1076.4533463605276,0.0031231270989450035,1,AES,Sodium Azide
1077.6648754274547,1.1722655390587596e-15,1,AES,Sodium Azide
1078.876404494382,-0.0027336616877754664,1,AES,Sodium Azide
1080.0879335613092,0.0,1,AES,Sodium Azide
1081.2994626282364,0.001678733843902589,1,AES,Sodium Azide
1082.5109916951635,0.004397702240137152,1,AES,Sodium Azide
1083.7225207620909,-0.0020681992550722786,1,AES,Sodium Azide
1084.934049829018,-0.004397702240137613,1,AES,Sodium Azide
1086.1455788959452,0.001817186950126649,1,AES,Sodium Azide
1087.3571079628725,0.0011867178167307816,1,AES,Sodium Azide
1088.5686370297997,0.0013966975448094926,1,AES,Sodium Azide
1089.7801660967268,-0.000170488707319482,1,AES,Sodium Azide
1090.9916951636542,-0.00321388449493613,1,AES,Sodium Azide
1092.2032242305813,1.1706598519729335e-05,1,AES,Sodium Azide
1093.4147532975085,0.0019295127048330092,1,AES,Sodium Azide
1094.6262823644358,0.00039997597237321635,1,AES,Sodium Azide
1095.837811431363,-0.0010466872995622098,1,AES,Sodium Azide
1097.0493404982901,0.0004284567860121397,1,AES,Sodium Azide
1098.2608695652173,0.0011521375343131067,1,AES,Sodium Azide
1099.4723986321446,0.000549047534869502,1,AES,Sodium Azide
1100.6839276990718,-0.0009059921382116436,1,AES,Sodium Azide
1101.895456765999,0.007594583998846534,1,AES,Sodium Azide
1103.1069858329263,-0.0008736402270872399,1,AES,Sodium Azide
1104.3185148998534,-0.007900273418337723,1,AES,Sodium Azide
1105.5300439667806,-0.0002553305742877861,1,AES,Sodium Azide
1106.741573033708,-0.001458112496686622,1,AES,Sodium Azide
1107.953102100635,0.0,1,AES,Sodium Azide
1109.1646311675622,-0.000591588539839831,1,AES,Sodium Azide
1110.3761602344894,0.0022249311309347495,1,AES,Sodium Azide
1111.5876893014167,0.00028255034443894764,1,AES,Sodium Azide
1112.7992183683439,-0.0021441161040832036,1,AES,Sodium Azide
1114.010747435271,-0.0003325758896100262,1,AES,Sodium Azide
1115.2222765021984,0.001217914193377928,1,AES,Sodium Azide
1116.4338055691255,0.0011233570000971085,1,AES,Sodium Azide
1117.6453346360527,0.0024660529501432105,1,AES,Sodium Azide
1118.85686370298,-0.0011233570000982057,1,AES,Sodium Azide
1120.0683927699072,-0.0033833877662234274,1,AES,Sodium Azide
1121.2799218368343,0.010434010491680691,1,AES,Sodium Azide
1122.4914509037615,0.0023638985649473247,1,AES,Sodium Azide
1123.7029799706888,-0.010434010491678785,1,AES,Sodium Azide
1124.914509037616,-0.0022597027822092615,1,AES,Sodium Azide
1126.126038104543,0.0010579419596579548,1,AES,Sodium Azide
1127.3375671714705,-0.00016082829355916858,1,AES,Sodium Azide
1128.5490962383976,-0.0010579419596580704,1,AES,Sodium Azide
1129.7606253053248,1.3019199597574463e-05,1,AES,Sodium Azide
1130.9721543722521,0.001868476063347427,1,AES,Sodium Azide
1132.1836834391793,-0.00033778109292419557,1,AES,Sodium Azide
1133.3952125061064,-0.0016370646382225806,1,AES,Sodium Azide
1134.6067415730338,-8.686026230254803e-17,1,AES,Sodium Azide
1135.818270639961,0.0018483668797003247,1,AES,Sodium Azide
1137.029799706888,0.0,1,AES,Sodium Azide
1138.2413287738152,-0.0020797783048255585,1,AES,Sodium Azide
1139.4528578407426,0.0006564740279528443,1,AES,Sodium Azide
1140.6643869076697,0.0027245321085200415,1,AES,Sodium Azide
1141.8759159745969,0.009343525972080479,1,AES,Sodium Azide
1143.0874450415242,-0.0027245321085230282,1,AES,Sodium Azide
1144.2989741084514,-0.00672616150177393,1,AES,Sodium Azide
1145.5105031753785,1.228835052294825e-15,1,AES,Sodium Azide
1146.7220322423059,-0.0032738384982602636,1,AES,Sodium Azide
1147.933561309233,0.0007657713806982652,1,AES,Sodium Azide
1149.1450903761602,0.0,1,AES,Sodium Azide
1150.3566194430873,-0.0007657713806983372,1,AES,Sodium Azide
1151.5681485100147,0.0012327756386392484,1,AES,Sodium Azide
1152.7796775769418,0.00042429426846587624,1,AES,Sodium Azide
1153.991206643869,-0.0012327756386390895,1,AES,Sodium Azide
1155.2027357107963,-0.0004242942684657568,1,AES,Sodium Azide
1156.4142647777235,0.0015183657100270862,1,AES,Sodium Azide
1157.6257938446506,0.001131566142241019,1,AES,Sodium Azide
1158.837322911578,-0.001518365710027084,1,AES,Sodium Azide
1160.0488519785051,0.0020821959556642454,1,AES,Sodium Azide
1161.2603810454323,0.0,1,AES,Sodium Azide
1162.4719101123594,-0.0032137620979053147,1,AES,Sodium Azide
1163.6834391792868,0.0,1,AES,Sodium Azide
1164.894968246214,0.0,1,AES,Sodium Azide
1166.106497313141,0.00042349151502537013,1,AES,Sodium Azide
1167.3180263800684,-1.589575106680307e-16,1,AES,Sodium Azide
1168.5295554469956,0.00018920187956269268,1,AES,Sodium Azide
1169.7410845139227,2.299744229837072e-16,1,AES,Sodium Azide
1170.95261358085,0.0018999368477382675,1,AES,Sodium Azide
1172.1641426477772,0.0,1,AES,Sodium Azide
1173.3756717147044,-0.0005681641651333273,1,AES,Sodium Azide
1174.5872007816317,0.0005964560065330553,1,AES,Sodium Azide
1175.7987298485589,-0.001149563675176071,1,AES,Sodium Azide
1177.010258915486,0.00039512842167590444,1,AES,Sodium Azide
1178.2217879824132,-1.5740712865237172e-05,1,AES,Sodium Azide
1179.4333170493405,0.00012696678112077354,1,AES,Sodium Azide
1180.6448461162677,0.0015340054535059044,1,AES,Sodium Azide
1181.8563751831948,-0.0007765390607729533,1,AES,Sodium Azide
1183.0679042501222,-0.0010792649689832928,1,AES,Sodium Azide
1184.2794333170493,-0.00034201214855669515,1,AES,Sodium Azide
1185.4909623839765,0.0012723804002460607,1,AES,Sodium Azide
1186.7024914509038,-9.40732989555086e-16,1,AES,Sodium Azide
1187.914020517831,0.000627952316997482,1,AES,Sodium Azide
1189.1255495847581,0.0,1,AES,Sodium Azide
1190.3370786516853,0.0068657651091135604,1,AES,Sodium Azide
1191.5486077186126,0.00022294425709484312,1,AES,Sodium Azide
1192.7601367855398,-0.010000000000035114,1,AES,Sodium Azide
1193.971665852467,0.001240054903738005,1,AES,Sodium Azide
1195.1831949193943,-5.491366331201992e-16,1,AES,Sodium Azide
1196.3947239863214,-0.0014629991608370132,1,AES,Sodium Azide
1197.6062530532486,0.0,1,AES,Sodium Azide
1198.817782120176,0.0,1,AES,Sodium Azide
1200.029311187103,0.0,1,AES,Sodium Azide
1201.2408402540302,0.0,1,AES,Sodium Azide
1202.4523693209574,0.0013233742234330544,1,AES,Sodium Azide
1203.6638983878847,0.0013675534345971288,1,AES,Sodium Azide
1204.8754274548119,-0.0005829366662643371,1,AES,Sodium Azide
1206.086956521739,-0.0013675534345973476,1,AES,Sodium Azide
1207.2984855886664,-0.0007404375571688815,1,AES,Sodium Azide
1208.5100146555935,0.0,1,AES,Sodium Azide
1209.7215437225207,0.0,1,AES,Sodium Azide
1210.933072789448,0.002616412695410859,1,AES,Sodium Azide
1212.1446018563752,0.0015269019745721784,1,AES,Sodium Azide
1213.3561309233023,-0.0026164126954106135,1,AES,Sodium Azide
1214.5676599902295,-0.0014801116792864013,1,AES,Sodium Azide
1215.7791890571568,0.00036265534128809786,1,AES,Sodium Azide
1216.990718124084,-4.6790295285933574e-05,1,AES,Sodium Azide
1218.202247191011,-0.0003626553412881154,1,AES,Sodium Azide
1219.4137762579385,0.0,1,AES,Sodium Azide
1220.6253053248656,0.0,1,AES,Sodium Azide
1221.8368343917928,0.0,1,AES,Sodium Azide
1223.0483634587201,0.003128572012945263,1,AES,Sodium Azide
1224.2598925256473,0.0011152795609862003,1,AES,Sodium Azide
1225.4714215925744,-0.0031285720129448445,1,AES,Sodium Azide
1226.6829506595018,-0.00011879522509633853,1,AES,Sodium Azide
1227.894479726429,0.0024353435316322083,1,AES,Sodium Azide
1229.106008793356,0.0006126855718679206,1,AES,Sodium Azide
1230.3175378602832,-0.0023315668699795335,1,AES,Sodium Azide
1231.5290669272106,-0.0016091699077569609,1,AES,Sodium Azide
1232.7405959941377,0.001111363956654162,1,AES,Sodium Azide
1233.9521250610649,0.010684795344463822,1,AES,Sodium Azide
1235.1636541279922,0.00034279309956964803,1,AES,Sodium Azide
1236.3751831949194,-0.009579385311919368,1,AES,Sodium Azide
1237.5867122618465,0.00026863682276548654,1,AES,Sodium Azide
1238.7982413287739,-0.0011054100325473789,1,AES,Sodium Azide
1240.009770395701,0.0004661329658922293,1,AES,Sodium Azide
1241.2212994626282,0.00034388898385584807,1,AES,Sodium Azide
1242.4328285295553,0.0013189401191347474,1,AES,Sodium Azide
1243.6443575964827,-0.000343888983857107,1,AES,Sodium Azide
1244.8558866634098,0.009409510334716669,1,AES,Sodium Azide
1246.067415730337,0.01034443053837259,1,AES,Sodium Azide
1247.2789447972643,-0.01302115396039036,1,AES,Sodium Azide
1248.4904738641915,-0.010344430538370614,1,AES,Sodium Azide
1249.7020029311186,0.0,1,AES,Sodium Azide
1250.913531998046,0.0007381897171377962,1,AES,Sodium Azide
1252.1250610649731,0.010909907512169019,1,AES,Sodium Azide
1253.3365901319003,-0.0007381897171377269,1,AES,Sodium Azide
1254.5481191988274,-0.010909907512170042,1,AES,Sodium Azide
1255.7596482657548,0.003728262401710879,1,AES,Sodium Azide
1256.971177332682,0.013006499260283353,1,AES,Sodium Azide
1258.182706399609,-0.0029689142054887467,1,AES,Sodium Azide
1259.3942354665364,-0.012940360577914721,1,AES,Sodium Azide
1260.6057645334636,-0.0005504537956427857,1,AES,Sodium Azide
1261.8172936003907,0.011001586491246976,1,AES,Sodium Azide
1263.028822667318,-0.00020889440057877365,1,AES,Sodium Azide
1264.2403517342452,-0.011067725173615272,1,AES,Sodium Azide
1265.4518808011724,0.0,1,AES,Sodium Azide
1266.6634098680997,0.0006947809140520088,1,AES,Sodium Azide
1267.8749389350269,0.0011263360288927078,1,AES,Sodium Azide
1269.086468001954,-0.0006947809140519435,1,AES,Sodium Azide
1270.2979970688812,0.011612924049482304,1,AES,Sodium Azide
1271.5095261358085,-4.7816803831118495e-15,1,AES,Sodium Azide
1272.7210552027357,-0.0027392600783435867,1,AES,Sodium Azide
1273.9325842696628,0.00039062076024929803,1,AES,Sodium Azide
1275.1441133365902,-0.008177700953214764,1,AES,Sodium Azide
1276.3556424035173,0.002539973071678363,1,AES,Sodium Azide
1277.5671714704445,-0.0018222990468165835,1,AES,Sodium Azide
1278.7787005373718,0.008946669314924056,1,AES,Sodium Azide
1279.990229604299,0.0,1,AES,Sodium Azide
1281.2017586712261,-0.011877263146846133,1,AES,Sodium Azide
1282.4132877381533,0.001537861973202706,1,AES,Sodium Azide
1283.6248168050806,0.0011352586061729511,1,AES,Sodium Azide
1284.8363458720078,-0.001537861973203139,1,AES,Sodium Azide
1286.047874938935,0.0014344123265172812,1,AES,Sodium Azide
1287.2594040058623,0.0024018176258229986,1,AES,Sodium Azide
1288.4709330727894,-0.002569670932691533,1,AES,Sodium Azide
1289.6824621397166,-0.0017129879334154652,1,AES,Sodium Azide
1290.893991206644,0.0008597767137202469,1,AES,Sodium Azide
1292.105520273571,-0.00023517070565815473,1,AES,Sodium Azide
1293.3170493404982,-0.0008597767137204248,1,AES,Sodium Azide
1294.5285784074254,-0.00045365898675057975,1,AES,Sodium Azide
1295.7401074743527,0.0,1,AES,Sodium Azide
1296.9516365412799,0.002040938246810572,1,AES,Sodium Azide
1298.163165608207,0.0009460449330273902,1,AES,Sodium Azide
1299.3746946751344,-0.002040938246810353,1,AES,Sodium Azide
1300.5862237420615,0.00039696729546839625,1,AES,Sodium Azide
1301.7977528089887,5.040995464229927e-16,1,AES,Sodium Azide
1303.009281875916,0.0006562218793081734,1,AES,Sodium Azide
1304.2208109428432,0.0,1,AES,Sodium Azide
1305.4323400097703,-0.0019992341078030823,1,AES,Sodium Azide
1306.6438690766977,0.0,1,AES,Sodium Azide
1307.8553981436248,0.0,1,AES,Sodium Azide
1309.066927210552,0.0020202244076635138,1,AES,Sodium Azide
1310.278456277479,7.582910907049947e-16,1,AES,Sodium Azide
1311.4899853444065,-0.001417192493828974,1,AES,Sodium Azide
1312.7015144113336,0.0,1,AES,Sodium Azide
1313.9130434782608,0.00022717766875521937,1,AES,Sodium Azide
1315.1245725451881,0.00013369562199105407,1,AES,Sodium Azide
1316.3361016121153,-0.0008302095825894246,1,AES,Sodium Azide
1317.5476306790424,0.0016001397504133846,1,AES,Sodium Azide
1318.7591597459698,-6.507949862682049e-16,1,AES,Sodium Azide
1319.970688812897,-0.0017338353724052381,1,AES,Sodium Azide
1321.182217879824,0.0,1,AES,Sodium Azide
1322.3937469467512,0.00261182080913674,1,AES,Sodium Azide
1323.6052760136786,0.0014796684001596979,1,AES,Sodium Azide
1324.8168050806057,-0.0026118208091374753,1,AES,Sodium Azide
1326.0283341475329,-0.001479668400160678,1,AES,Sodium Azide
1327.2398632144602,0.0,1,AES,Sodium Azide
1328.4513922813874,0.003614231692938647,1,AES,Sodium Azide
1329.6629213483145,0.0006646946220926104,1,AES,Sodium Azide
1330.8744504152419,0.007134183696382272,1,AES,Sodium Azide
1332.085979482169,0.0011283409998271451,1,AES,Sodium Azide
1333.2975085490962,-0.010332842891685604,1,AES,Sodium Azide
1334.5090376160233,-0.001793035621918598,1,AES,Sodium Azide
1335.7205666829507,-0.00041557249763342076,1,AES,Sodium Azide
1336.9320957498778,0.0,1,AES,Sodium Azide
1338.143624816805,0.0,1,AES,Sodium Azide
1339.3551538837323,0.0012663172316278596,1,AES,Sodium Azide
1340.5666829506595,9.04031053785363e-05,1,AES,Sodium Azide
1341.7782120175866,8.719993663523251e-06,1,AES,Sodium Azide
1342.989741084514,-9.040310537898945e-05,1,AES,Sodium Azide
1344.2012701514411,-0.0011381858599501266,1,AES,Sodium Azide
1345.4127992183683,0.0,1,AES,Sodium Azide
1346.6243282852954,0.0114578633276825,1,AES,Sodium Azide
1347.8358573522228,0.0006030051025605949,1,AES,Sodium Azide
1349.04738641915,-0.009857845415926521,1,AES,Sodium Azide
1350.258915486077,-0.000603005102564295,1,AES,Sodium Azide
1351.4704445530044,0.0018975967748704123,1,AES,Sodium Azide
1352.6819736199316,0.0,1,AES,Sodium Azide
1353.8935026868587,-0.0017058596493035635,1,AES,Sodium Azide
1355.105031753786,-7.239022789111548e-16,1,AES,Sodium Azide
1356.3165608207132,-0.0008621761541185,1,AES,Sodium Azide
1357.5280898876404,4.0028451951457197e-16,1,AES,Sodium Azide
1358.7396189545677,-0.001066430248548938,1,AES,Sodium Azide
1359.9511480214949,0.013331050678876879,1,AES,Sodium Azide
1361.162677088422,0.010000000000035114,1,AES,Sodium Azide
1362.3742061553492,-0.0029526452162855657,1,AES,Sodium Azide
1363.5857352222765,-0.008485792983994248,1,AES,Sodium Azide
1364.7972642892037,-0.009515754238992378,1,AES,Sodium Azide
1366.0087933561308,-0.0012524281297779495,1,AES,Sodium Azide
1367.2203224230582,-0.00022749778551158303,1,AES,Sodium Azide
1368.4318514899853,0.003920963000682389,1,AES,Sodium Azide
1369.6433805569125,-0.0006351534380860568,1,AES,Sodium Azide
1370.8549096238398,-0.0038327627109397758,1,AES,Sodium Azide
1372.066438690767,0.0018284878311835744,1,AES,Sodium Azide
1373.2779677576941,0.0015740033658781028,1,AES,Sodium Azide
1374.4894968246213,0.00023733940678433114,1,AES,Sodium Azide
1375.7010258915486,-0.000812379675300904,1,AES,Sodium Azide
1376.9125549584758,-0.0020658272379679363,1,AES,Sodium Azide
1378.124084025403,0.0017311108661467209,1,AES,Sodium Azide
1379.3356130923303,-1.067012401581188e-15,1,AES,Sodium Azide
1380.5471421592574,-0.0023160274431406,1,AES,Sodium Azide
1381.7586712261846,1.9769166211297114e-16,1,AES,Sodium Azide
1382.970200293112,-0.000526686289589357,1,AES,Sodium Azide
1384.181729360039,0.0005721558572207607,1,AES,Sodium Azide
1385.3932584269662,0.000559268357079815,1,AES,Sodium Azide
1386.6047874938934,0.00016212647936346777,1,AES,Sodium Azide
1387.8163165608207,0.0022491255636327336,1,AES,Sodium Azide
1389.0278456277479,5.501807894136653e-05,1,AES,Sodium Azide
1390.239374694675,-0.0028083939207123702,1,AES,Sodium Azide
1391.4509037616024,0.0008885316690441695,1,AES,Sodium Azide
1392.6624328285295,0.002070073968010052,1,AES,Sodium Azide
1393.8739618954567,-0.0016778320845688157,1,AES,Sodium Azide
1395.085490962384,-0.0010303993021825617,1,AES,Sodium Azide
1396.2970200293112,0.0012202736044744106,1,AES,Sodium Azide
1397.5085490962383,-0.0010396746658264495,1,AES,Sodium Azide
1398.7200781631657,0.011173913463141382,1,AES,Sodium Azide
1399.9316072300928,0.010000000000035114,1,AES,Sodium Azide
1401.14313629702,-0.012175642303581107,1,AES,Sodium Azide
1402.354665363947,-0.01000000000003597,1,AES,Sodium Azide
1403.5661944308745,-0.00019143204358727897,1,AES,Sodium Azide
1404.7777234978016,0.0,1,AES,Sodium Azide
1405.9892525647288,-2.7112720445838757e-05,1,AES,Sodium Azide
1407.2007816316561,0.0027749687394318084,1,AES,Sodium Azide
1408.4123106985833,0.010000000000035114,1,AES,Sodium Azide
1409.6238397655104,-0.002774968739428055,1,AES,Sodium Azide
1410.8353688324378,-0.0100000000000323,1,AES,Sodium Azide
1412.046897899365,0.0,1,AES,Sodium Azide
1413.258426966292,0.0,1,AES,Sodium Azide
1414.4699560332192,0.0028576520979080367,1,AES,Sodium Azide
1415.6814851001466,0.011757417345453883,1,AES,Sodium Azide
1416.8930141670737,-0.0028576520979088408,1,AES,Sodium Azide
1418.1045432340009,-0.007837430453244545,1,AES,Sodium Azide
1419.3160723009282,0.0017085982344528852,1,AES,Sodium Azide
1420.5276013678554,-0.0039199868922115124,1,AES,Sodium Azide
1421.7391304347825,-0.0017085982344543565,1,AES,Sodium Azide
1422.9506595017099,0.003987001464840021,1,AES,Sodium Azide
1424.162188568637,0.0,1,AES,Sodium Azide
1425.3737176355642,-0.003987001464839646,1,AES,Sodium Azide
1426.5852467024913,0.001779612400197567,1,AES,Sodium Azide
1427.7967757694187,0.004245980032105248,1,AES,Sodium Azide
1429.0083048363458,0.0006294823633157118,1,AES,Sodium Azide
1430.219833903273,-0.003264590749552182,1,AES,Sodium Azide
1431.4313629702003,-0.001374024544028283,1,AES,Sodium Azide
1432.6428920371275,0.0005038374200639725,1,AES,Sodium Azide
1433.8544211040546,0.0002857177545962085,1,AES,Sodium Azide
1435.065950170982,-0.0009958601717055882,1,AES,Sodium Azide
1436.2774792379091,-0.0011394434222515137,1,AES,Sodium Azide
1437.4890083048363,-0.0004893665309114993,1,AES,Sodium Azide
1438.7005373717636,-0.0001813445518296447,1,AES,Sodium Azide
1439.9120664386908,0.0,1,AES,Sodium Azide
1441.123595505618,0.0,1,AES,Sodium Azide
1442.335124572545,0.0,1,AES,Sodium Azide
1443.5466536394724,0.0,1,AES,Sodium Azide
1444.7581827063996,0.0,1,AES,Sodium Azide
1445.9697117733267,0.000313075610338719,1,AES,Sodium Azide
1447.181240840254,0.0024225466064127987,1,AES,Sodium Azide
1448.3927699071812,0.0012851004841310486,1,AES,Sodium Azide
1449.6042989741084,0.007577453393619984,1,AES,Sodium Azide
1450.8158280410357,-0.0015981760944731597,1,AES,Sodium Azide
1452.0273571079629,0.0016372545298445626,1,AES,Sodium Azide
1453.23888617489,0.0,1,AES,Sodium Azide
1454.4504152418172,-0.011637254529880769,1,AES,Sodium Azide
1455.6619443087445,0.0009572734606215678,1,AES,Sodium Azide
1456.8734733756717,0.0,1,AES,Sodium Azide
1458.0850024425988,-0.0007738850586648434,1,AES,Sodium Azide
1459.2965315095262,-6.883482390121266e-17,1,AES,Sodium Azide
1460.5080605764533,-0.00018338840195677596,1,AES,Sodium Azide
1461.7195896433805,0.0005565268440637403,1,AES,Sodium Azide
1462.9311187103078,-2.0889231215649696e-16,1,AES,Sodium Azide
1464.142647777235,0.0002100455905680979,1,AES,Sodium Azide
1465.354176844162,0.0,1,AES,Sodium Azide
1466.5657059110893,0.00019494370458686557,1,AES,Sodium Azide
1467.7772349780166,0.0003896850105255105,1,AES,Sodium Azide
1468.9887640449438,0.0014125415772962015,1,AES,Sodium Azide
1470.200293111871,-0.00017175275789488672,1,AES,Sodium Azide
1471.4118221787983,-0.002374057716514818,1,AES,Sodium Azide
1472.6233512457254,-5.093952111544466e-06,1,AES,Sodium Azide
1473.8348803126526,0.0009455191341451,1,AES,Sodium Azide
1475.04640937958,-0.00012780553964071733,1,AES,Sodium Azide
1476.257938446507,-0.0008748761009123844,1,AES,Sodium Azide
1477.4694675134342,-8.50327608781801e-05,1,AES,Sodium Azide
1478.6809965803614,-7.064303323290858e-05,1,AES,Sodium Azide
1479.8925256472887,0.0,1,AES,Sodium Azide
1481.1040547142159,0.0030448450002163513,1,AES,Sodium Azide
1482.315583781143,1.1428823587534196e-15,1,AES,Sodium Azide
1483.5271128480704,-0.0030448450002154947,1,AES,Sodium Azide
1484.7386419149975,0.02000000000007023,1,AES,Sodium Azide
1485.9501709819247,0.0015574658415725357,1,AES,Sodium Azide
1487.161700048852,-0.020000000000065188,1,AES,Sodium Azide
1488.3732291157792,0.0006140200485703449,1,AES,Sodium Azide
1489.5847581827063,8.150670776153943e-16,1,AES,Sodium Azide
1490.7962872496337,0.008314056675121155,1,AES,Sodium Azide
1492.0078163165608,0.0,1,AES,Sodium Azide
1493.219345383488,-0.006752270148452693,1,AES,Sodium Azide
1494.430874450415,0.010000000000033702,1,AES,Sodium Azide
1495.6424035173425,-0.0031940814129400932,1,AES,Sodium Azide
1496.8539325842696,-0.008897017593191002,1,AES,Sodium Azide
1498.0654616511968,0.00018095695070487273,1,AES,Sodium Azide
1499.2769907181241,-0.0011029824068440723,1,AES,Sodium Azide
1500.4885197850513,0.009279852045465163,1,AES,Sodium Azide
1501.7000488519784,7.624652187091096e-05,1,AES,Sodium Azide
1502.9115779189058,-0.01000000000003233,1,AES,Sodium Azide
1504.123106985833,0.0016012234839583087,1,AES,Sodium Azide
1505.33463605276,0.0038470446840750583,1,AES,Sodium Azide
1506.5461651196872,-0.0016774700058242015,1,AES,Sodium Azide
1507.7576941866146,-0.0038470446840739754,1,AES,Sodium Azide
1508.9692232535417,0.0,1,AES,Sodium Azide
1510.1807523204689,0.004489551606897819,1,AES,Sodium Azide
1511.3922813873962,-1.6851528829459114e-15,1,AES,Sodium Azide
1512.6038104543234,-0.001636943609415143,1,AES,Sodium Azide
1513.8153395212505,0.0029197569957948232,1,AES,Sodium Azide
1515.0268685881779,-0.0028526079974842324,1,AES,Sodium Azide
1516.238397655105,-0.00192953733803368,1,AES,Sodium Azide
1517.4499267220322,0.0028339513174314886,1,AES,Sodium Azide
1518.6614557889593,-0.000990219657759923,1,AES,Sodium Azide
1519.8729848558867,-0.002833951317430691,1,AES,Sodium Azide
1521.0845139228138,0.0,1,AES,Sodium Azide
1522.296042989741,0.0,1,AES,Sodium Azide
1523.5075720566683,0.0,1,AES,Sodium Azide
1524.7191011235955,0.0,1,AES,Sodium Azide
1525.9306301905226,0.010059316562351293,1,AES,Sodium Azide
1527.14215925745,-3.775763771033905e-15,1,AES,Sodium Azide
1528.3536883243771,-0.009652451377726426,1,AES,Sodium Azide
1529.5652173913043,0.010000000000032453,1,AES,Sodium Azide
1530.7767464582316,0.00016897638656692822,1,AES,Sodium Azide
1531.9882755251588,-0.008549382585752715,1,AES,Sodium Azide
1533.199804592086,-0.0005758415711982104,1,AES,Sodium Azide
1534.411333659013,-0.0007996346660645331,1,AES,Sodium Azide
1535.6228627259404,0.0021365520593534014,1,AES,Sodium Azide
1536.8343917928676,-0.0006509827482181867,1,AES,Sodium Azide
1538.0459208597947,0.0007742797686258651,1,AES,Sodium Azide
1539.257449926722,0.0007292323361237646,1,AES,Sodium Azide
1540.4689789936492,-0.00291083182798033,1,AES,Sodium Azide
1541.6805080605764,-0.0007292323361248572,1,AES,Sodium Azide
1542.8920371275037,0.0009716743862184012,1,AES,Sodium Azide
1544.1035661944309,0.00013227464124266806,1,AES,Sodium Azide
1545.315095261358,0.009965940094761953,1,AES,Sodium Azide
1546.5266243282852,-0.00013227464123857506,1,AES,Sodium Azide
1547.7381533952125,-0.010642870360545238,1,AES,Sodium Azide
1548.9496824621397,0.0,1,AES,Sodium Azide
1550.1612115290668,-0.00029474412043194523,1,AES,Sodium Azide
1551.3727405959942,0.0,1,AES,Sodium Azide
1552.5842696629213,0.0,1,AES,Sodium Azide
1553.7957987298485,0.0021512129370696888,1,AES,Sodium Azide
1555.0073277967758,0.0018992423037831954,1,AES,Sodium Azide
1556.218856863703,-0.001091110161294412,1,AES,Sodium Azide
1557.43038593063,-0.001899242303783825,1,AES,Sodium Azide
1558.6419149975573,-0.0010601027757759813,1,AES,Sodium Azide
1559.8534440644846,0.0021111931676844734,1,AES,Sodium Azide
1561.0649731314118,0.000246634528964158,1,AES,Sodium Azide
1562.276502198339,0.011925211054778076,1,AES,Sodium Azide
1563.4880312652663,0.00043786922969086124,1,AES,Sodium Azide
1564.6995603321934,-0.013702174932772334,1,AES,Sodium Azide
1565.9110893991206,-0.0006845037586600929,1,AES,Sodium Azide
1567.122618466048,-0.00010182373341636481,1,AES,Sodium Azide
1568.334147532975,0.0,1,AES,Sodium Azide
1569.5456765999022,0.000999938879152556,1,AES,Sodium Azide
1570.7572056668296,0.0016649799886346588,1,AES,Sodium Azide
1571.9687347337567,-0.0012323444354305172,1,AES,Sodium Azide
1573.1802638006839,-0.0016649799886349652,1,AES,Sodium Azide
1574.391792867611,0.0,1,AES,Sodium Azide
1575.6033219345384,0.0008840737383634769,1,AES,Sodium Azide
1576.8148510014655,0.0,1,AES,Sodium Azide
1578.0263800683927,-0.0008840737383634769,1,AES,Sodium Azide
1579.23790913532,0.0006762559149260737,1,AES,Sodium Azide
1580.4494382022472,0.004338647701940757,1,AES,Sodium Azide
1581.6609672691743,-0.0006762559149244452,1,AES,Sodium Azide
1582.8724963361017,-0.0028793950842656707,1,AES,Sodium Azide
1584.0840254030288,0.0001424102796374691,1,AES,Sodium Azide
1585.295554469956,-0.0014592526176737286,1,AES,Sodium Azide
1586.507083536883,0.0014570882533296644,1,AES,Sodium Azide
1587.7186126038105,-6.003716629420382e-16,1,AES,Sodium Azide
1588.9301416707376,-0.0011341470393743142,1,AES,Sodium Azide
1590.1416707376648,0.0005598610981718285,1,AES,Sodium Azide
1591.3531998045921,-0.0004653514935933623,1,AES,Sodium Azide
1592.5647288715193,0.0011666222925978704,1,AES,Sodium Azide
1593.7762579384464,6.480354204733748e-16,1,AES,Sodium Azide
1594.9877870053738,-0.0017264833907691959,1,AES,Sodium Azide
1596.199316072301,0.0009337054353994997,1,AES,Sodium Azide
1597.410845139228,0.0,1,AES,Sodium Azide
1598.6223742061552,-0.0008846608556463302,1,AES,Sodium Azide
1599.8339032730826,-1.8408879594365567e-17,1,AES,Sodium Azide
1601.0454323400097,0.0018407745992309258,1,AES,Sodium Azide
1602.2569614069369,0.0008261326898779308,1,AES,Sodium Azide
1603.4684904738642,-0.001889819178983975,1,AES,Sodium Azide
1604.6800195407914,0.0005970524531359463,1,AES,Sodium Azide
1605.8915486077185,0.0024194231669869954,1,AES,Sodium Azide
1607.1030776746459,-0.00045240982322371876,1,AES,Sodium Azide
1608.314606741573,-0.002401406167794618,1,AES,Sodium Azide
1609.5261358085002,-0.0009707753197900978,1,AES,Sodium Azide
1610.7376648754273,-1.8016999192525792e-05,1,AES,Sodium Azide
1611.9491939423547,0.0,1,AES,Sodium Azide
1613.1607230092818,0.0,1,AES,Sodium Azide
1614.372252076209,0.0,1,AES,Sodium Azide
1615.5837811431363,9.858969676940571e-05,1,AES,Sodium Azide
1616.7953102100635,0.0009218414345266542,1,AES,Sodium Azide
1618.0068392769906,-9.858969676905969e-05,1,AES,Sodium Azide
1619.218368343918,0.009924833113265181,1,AES,Sodium Azide
1620.4298974108451,0.020112206909736204,1,AES,Sodium Azide
1621.6414264777723,-0.010846674547784029,1,AES,Sodium Azide
1622.8529555446996,-0.020112206909730545,1,AES,Sodium Azide
1624.0644846116268,0.0,1,AES,Sodium Azide
1625.276013678554,0.0,1,AES,Sodium Azide
1626.487542745481,0.0010440753748744798,1,AES,Sodium Azide
1627.6990718124084,0.0026640151891527903,1,AES,Sodium Azide
1628.9106008793356,0.0010769752992644684,1,AES,Sodium Azide
1630.1221299462627,-0.0026640151891523865,1,AES,Sodium Azide
1631.33365901319,0.000473308242756749,1,AES,Sodium Azide
1632.5451880801172,0.0002587307847566429,1,AES,Sodium Azide
1633.7567171470444,-0.0025943589168952964,1,AES,Sodium Azide
1634.9682462139717,-0.0002587307847565701,1,AES,Sodium Azide
1636.1797752808989,0.010000000000035114,1,AES,Sodium Azide
1637.391304347826,0.0,1,AES,Sodium Azide
1638.6028334147531,-0.009703419135734878,1,AES,Sodium Azide
1639.8143624816805,0.0002794520933524583,1,AES,Sodium Azide
1641.0258915486077,-0.00029127977689780463,1,AES,Sodium Azide
1642.2374206155348,0.0004809655372179426,1,AES,Sodium Azide
1643.4489496824622,0.0020668191387751018,1,AES,Sodium Azide
1644.6604787493893,0.0008921221468309408,1,AES,Sodium Azide
1645.8720078163165,0.007927879773854082,1,AES,Sodium Azide
1647.0835368832438,-0.0016525397774049535,1,AES,Sodium Azide
1648.295065950171,-0.008373972835797987,1,AES,Sodium Azide
1649.506595017098,0.0,1,AES,Sodium Azide
1650.7181240840252,-0.00162602716423728,1,AES,Sodium Azide
1651.9296531509526,0.0,1,AES,Sodium Azide
1653.1411822178798,0.0,1,AES,Sodium Azide
1654.352711284807,0.010942325100773097,1,AES,Sodium Azide
1655.5642403517343,0.0013211822820749551,1,AES,Sodium Azide
1656.7757694186614,-0.010942325100776178,1,AES,Sodium Azide
1657.9872984855886,-0.0013211822820790623,1,AES,Sodium Azide
1659.198827552516,0.0,1,AES,Sodium Azide
1660.410356619443,0.0006818691843957689,1,AES,Sodium Azide
1661.6218856863702,2.559395508697927e-16,1,AES,Sodium Azide
1662.8334147532976,-0.00036276198480928725,1,AES,Sodium Azide
1664.0449438202247,0.0,1,AES,Sodium Azide
1665.2564728871519,0.0006890525356736308,1,AES,Sodium Azide
1666.468001954079,0.0002081095832510844,1,AES,Sodium Azide
1667.6795310210064,-0.0010081597352596852,1,AES,Sodium Azide
1668.8910600879335,0.0018743225069288941,1,AES,Sodium Azide
1670.1025891548607,7.816407400045761e-16,1,AES,Sodium Azide
1671.314118221788,-0.002082432090179073,1,AES,Sodium Azide
1672.5256472887152,0.0,1,AES,Sodium Azide
1673.7371763556423,0.0,1,AES,Sodium Azide
1674.9487054225697,0.0,1,AES,Sodium Azide
1676.1602344894968,0.0,1,AES,Sodium Azide
1677.371763556424,0.0029789416371045485,1,AES,Sodium Azide
1678.583292623351,1.1181455359996677e-15,1,AES,Sodium Azide
1679.7948216902785,-0.0029789416371037098,1,AES,Sodium Azide
1681.0063507572056,0.0025603253092950726,1,AES,Sodium Azide
1682.2178798241328,9.610179265136038e-16,1,AES,Sodium Azide
1683.4294088910601,-0.0025603253092943523,1,AES,Sodium Azide
1684.6409379579873,0.011809779765598202,1,AES,Sodium Azide
1685.8524670249144,4.432800012449317e-15,1,AES,Sodium Azide
1687.0639960918418,-0.008631915994662063,1,AES,Sodium Azide
1688.275525158769,0.001179816322949449,1,AES,Sodium Azide
1689.487054225696,-0.003177863770932518,1,AES,Sodium Azide
1690.6985832926232,0.0025746169436473313,1,AES,Sodium Azide
1691.9101123595506,-1.4092262651159189e-15,1,AES,Sodium Azide
1693.1216414264777,-0.0024629406859236506,1,AES,Sodium Azide
1694.3331704934049,0.0005208685589825414,1,AES,Sodium Azide
1695.5446995603322,0.0009739698930562875,1,AES,Sodium Azide
1696.7562286272594,0.0021966798873208422,1,AES,Sodium Azide
1697.9677576941865,-0.0022097646178630996,1,AES,Sodium Azide
1699.1792867611139,0.0072824515537337495,1,AES,Sodium Azide
1700.390815828041,0.000744806543338155,1,AES,Sodium Azide
1701.6023448949682,-0.010000000000035114,1,AES,Sodium Azide
1702.8138739618953,0.002703458555265324,1,AES,Sodium Azide
1704.0254030288227,0.000237616853228527,1,AES,Sodium Azide
1705.2369320957498,-0.0035039629544708524,1,AES,Sodium Azide
1706.448461162677,8.378825697226076e-05,1,AES,Sodium Azide
1707.6599902296043,-1.2063938572806994e-16,1,AES,Sodium Azide
1708.8715192965315,-0.00032140511020219343,1,AES,Sodium Azide
1710.0830483634586,0.0020891191541194307,1,AES,Sodium Azide
1711.294577430386,-7.841507289888267e-16,1,AES,Sodium Azide
1712.506106497313,-0.0020891191541200184,1,AES,Sodium Azide
1713.7176355642403,0.0009339541444796157,1,AES,Sodium Azide
1714.9291646311676,0.002063519294663689,1,AES,Sodium Azide
1716.1406936980948,0.0003172635582543077,1,AES,Sodium Azide
1717.352222765022,-0.0003300652876229803,1,AES,Sodium Azide
1718.563751831949,-0.0012512177027336532,1,AES,Sodium Azide
1719.7752808988764,-0.0017334540070403778,1,AES,Sodium Azide
1720.9868099658036,0.00261281951855757,1,AES,Sodium Azide
1722.1983390327307,9.807216243039858e-16,1,AES,Sodium Azide
1723.409868099658,0.007387180481479218,1,AES,Sodium Azide
1724.6213971665852,0.002311499228527206,1,AES,Sodium Azide
1725.8329262335124,-0.009031974922147844,1,AES,Sodium Azide
1727.0444553004397,-0.0015181029920439857,1,AES,Sodium Azide
1728.2559843673669,0.0027997985348799624,1,AES,Sodium Azide
1729.467513434294,-0.0007933962364828587,1,AES,Sodium Azide
1730.6790425012211,-0.0021530734247645444,1,AES,Sodium Azide
1731.8905715681485,9.922178547729234e-05,1,AES,Sodium Azide
1733.1021006350757,-0.001147310356868565,1,AES,Sodium Azide
1734.3136297020028,0.0025608212588028307,1,AES,Sodium Azide
1735.5251587689302,0.000416363162639982,1,AES,Sodium Azide
1736.7366878358573,-0.001723228965497441,1,AES,Sodium Azide
1737.9482169027845,0.0009827162180386822,1,AES,Sodium Azide
1739.1597459697118,-0.0009368140787842982,1,AES,Sodium Azide
1740.371275036639,-0.0018665192118149786,1,AES,Sodium Azide
1741.582804103566,0.0,1,AES,Sodium Azide
1742.7943331704932,0.0,1,AES,Sodium Azide
1744.0058622374206,0.0035784837809424586,1,AES,Sodium Azide
1745.2173913043478,0.0,1,AES,Sodium Azide
1746.428920371275,-0.0035784837809424586,1,AES,Sodium Azide
1747.6404494382023,0.0,1,AES,Sodium Azide
1748.8519785051294,0.0005349898199675877,1,AES,Sodium Azide
1750.0635075720566,0.001419653857861646,1,AES,Sodium Azide
1751.275036638984,0.0009625200258011652,1,AES,Sodium Azide
1752.486565705911,-0.0014196538578618446,1,AES,Sodium Azide
1753.6980947728382,-0.0014975098457691352,1,AES,Sodium Azide
1754.9096238397656,0.0004917830285275063,1,AES,Sodium Azide
1756.1211529066927,0.0,1,AES,Sodium Azide
1757.3326819736199,0.0023055324706769196,1,AES,Sodium Azide
1758.544211040547,0.0008544595900409032,1,AES,Sodium Azide
1759.7557401074744,0.008481616083191987,1,AES,Sodium Azide
1760.9672691744015,0.0002991741242275542,1,AES,Sodium Azide
1762.1787982413286,-0.00923669706952734,1,AES,Sodium Azide
1763.390327308256,-0.0008385960401010234,1,AES,Sodium Azide
1764.6018563751832,-0.0020422345128687006,1,AES,Sodium Azide
1765.8133854421103,0.0003805521970857941,1,AES,Sodium Azide
1767.0249145090377,-2.6108960972601026e-16,1,AES,Sodium Azide
1768.2364435759648,-0.0006955898712530565,1,AES,Sodium Azide
1769.447972642892,0.0010204682691203597,1,AES,Sodium Azide
1770.659501709819,0.002155024084304488,1,AES,Sodium Azide
1771.8710307767465,-0.0009834486560494696,1,AES,Sodium Azide
1773.0825598436736,-0.0016175520025709215,1,AES,Sodium Azide
1774.2940889106007,0.012925400117131742,1,AES,Sodium Azide
1775.5056179775281,-0.000118481535764094,1,AES,Sodium Azide
1776.7171470444553,-0.008434626449227293,1,AES,Sodium Azide
1777.9286761113824,0.010565184183050521,1,AES,Sodium Azide
1779.1402051783098,-0.004527793280982156,1,AES,Sodium Azide
1780.351734245237,-0.009673109937266043,1,AES,Sodium Azide
1781.563263312164,0.0006633422666483518,1,AES,Sodium Azide
1782.7747923790912,0.0009335336461623864,1,AES,Sodium Azide
1783.9863214460186,0.0005082170145516125,1,AES,Sodium Azide
1785.1978505129457,-0.002244598437923174,1,AES,Sodium Azide
1786.4093795798728,-0.0011715592812006203,1,AES,Sodium Azide
1787.6209086468002,0.0,1,AES,Sodium Azide
1788.8324377137274,0.0,1,AES,Sodium Azide
1790.0439667806545,0.0,1,AES,Sodium Azide
1791.2554958475819,0.0010243220361235066,1,AES,Sodium Azide
1792.467024914509,0.002906188825790686,1,AES,Sodium Azide
1793.6785539814362,-0.0003374624062213434,1,AES,Sodium Azide
1794.8900830483635,-0.0029061888257901265,1,AES,Sodium Azide
1796.1016121152907,8.68967752890722e-05,1,AES,Sodium Azide
1797.3131411822178,0.0020825364839827222,1,AES,Sodium Azide
1798.524670249145,-0.0007737564051896287,1,AES,Sodium Azide
1799.7361993160723,-0.0020825364839821363,1,AES,Sodium Azide
1800.9477283829995,2.5562340410363655e-05,1,AES,Sodium Azide
1802.1592574499266,9.594822692576607e-18,1,AES,Sodium Azide
1803.370786516854,0.0011026610687166804,1,AES,Sodium Azide
1804.582315583781,0.0,1,AES,Sodium Azide
1805.7938446507083,-0.0003980975262625709,1,AES,Sodium Azide
1807.0053737176356,-2.7405269927894755e-16,1,AES,Sodium Azide
1808.2169027845628,-0.0007301258828646714,1,AES,Sodium Azide
1809.42843185149,0.0012571836440994414,1,AES,Sodium Azide
1810.639960918417,0.010000000000032774,1,AES,Sodium Azide
1811.8514899853444,0.0017483074087815181,1,AES,Sodium Azide
1813.0630190522716,-0.010000000000035114,1,AES,Sodium Azide
1814.2745481191987,-0.002614464956718813,1,AES,Sodium Azide
1815.486077186126,0.0016230179914851494,1,AES,Sodium Azide
1816.6976062530532,-0.0003910260961656564,1,AES,Sodium Azide
1817.9091353199804,-0.0016230179914852962,1,AES,Sodium Azide
1819.1206643869077,0.0,1,AES,Sodium Azide
1820.3321934538349,0.002197315956355357,1,AES,Sodium Azide
1821.543722520762,0.0,1,AES,Sodium Azide
1822.7552515876891,0.0022548010112792495,1,AES,Sodium Azide
1823.9667806546165,-1.671101793705914e-15,1,AES,Sodium Azide
1825.1783097215437,-0.004130936364949655,1,AES,Sodium Azide
1826.3898387884708,0.002683783833515073,1,AES,Sodium Azide
1827.6013678553982,0.003170087742223909,1,AES,Sodium Azide
1828.8128969223253,0.0009039175249372377,1,AES,Sodium Azide
1830.0244259892524,-0.0013883095064488981,1,AES,Sodium Azide
1831.2359550561798,-0.001805492219146003,1,AES,Sodium Azide
1832.447484123107,-0.0010717650221318603,1,AES,Sodium Azide
1833.659013190034,-0.000427602180590382,1,AES,Sodium Azide
1834.8705422569612,-0.0010311938163293129,1,AES,Sodium Azide
1836.0820713238886,-0.0013546069587157914,1,AES,Sodium Azide
1837.2936003908158,0.0,1,AES,Sodium Azide
1838.505129457743,0.0,1,AES,Sodium Azide
1839.7166585246703,0.0,1,AES,Sodium Azide
1840.9281875915974,0.0012119456010484058,1,AES,Sodium Azide
1842.1397166585245,0.001662548555999947,1,AES,Sodium Azide
1843.351245725452,-0.0010580882371127014,1,AES,Sodium Azide
1844.562774792379,0.0009088448381391845,1,AES,Sodium Azide
1845.7743038593062,-0.00015385736393502207,1,AES,Sodium Azide
1846.9858329262336,-0.002571393394138421,1,AES,Sodium Azide
1848.1973619931607,0.0,1,AES,Sodium Azide
1849.4088910600879,0.0,1,AES,Sodium Azide
1850.620420127015,0.0,1,AES,Sodium Azide
1851.8319491939424,0.0,1,AES,Sodium Azide
1853.0434782608695,0.0026339055441463094,1,AES,Sodium Azide
1854.2550073277966,0.0010978219796733042,1,AES,Sodium Azide
1855.466536394724,-0.00263390554414598,1,AES,Sodium Azide
1856.6780654616512,0.0021289152883694398,1,AES,Sodium Azide
1857.8895945285783,0.002125004437441754,1,AES,Sodium Azide
1859.1011235955057,-0.002213693805418249,1,AES,Sodium Azide
1860.3126526624328,0.007874995562593974,1,AES,Sodium Azide
1861.52418172936,-0.00101304346262361,1,AES,Sodium Azide
1862.735710796287,-0.010000000000036051,1,AES,Sodium Azide
1863.9472398632145,0.011894784440963459,1,AES,Sodium Azide
1865.1587689301416,0.0032798065094581975,1,AES,Sodium Azide
1866.3702979970687,-0.009209027808980967,1,AES,Sodium Azide
1867.5818270639961,-0.0032798065094582825,1,AES,Sodium Azide
1868.7933561309233,-0.002685756631982014,1,AES,Sodium Azide
1870.0048851978504,0.00024518889278632206,1,AES,Sodium Azide
1871.2164142647778,0.01000000000003596,1,AES,Sodium Azide
1872.427943331705,0.00031723033380579767,1,AES,Sodium Azide
1873.639472398632,-0.010000000000035114,1,AES,Sodium Azide
1874.8510014655592,-0.0005624192265922414,1,AES,Sodium Azide
1876.0625305324866,0.0,1,AES,Sodium Azide
1877.2740595994137,0.0008938348790295355,1,AES,Sodium Azide
1878.4855886663408,3.355008595868647e-16,1,AES,Sodium Azide
1879.6971177332682,-0.0008938348790292841,1,AES,Sodium Azide
1880.9086468001954,0.0,1,AES,Sodium Azide
1882.1201758671225,0.0,1,AES,Sodium Azide
1883.3317049340499,0.003084306781202592,1,AES,Sodium Azide
1884.543234000977,0.0028911431482939853,1,AES,Sodium Azide
1885.7547630679042,0.006915693218830794,1,AES,Sodium Azide
1886.9662921348315,0.007108856851739127,1,AES,Sodium Azide
1888.1778212017587,-0.009184176998615814,1,AES,Sodium Azide
1889.3893502686858,-0.010000000000035114,1,AES,Sodium Azide
1890.600879335613,-0.00029060479601674034,1,AES,Sodium Azide
1891.8124084025403,0.0013332342890857779,1,AES,Sodium Azide
1893.0239374694675,0.0016100533720751374,1,AES,Sodium Azide
1894.2354665363946,-0.0013332342890851733,1,AES,Sodium Azide
1895.446995603322,-0.0021352715774773223,1,AES,Sodium Azide
1896.658524670249,0.0,1,AES,Sodium Azide
1897.8700537371762,0.0,1,AES,Sodium Azide
1899.0815828041036,0.0,1,AES,Sodium Azide
1900.2931118710308,0.000639338074786965,1,AES,Sodium Azide
1901.504640937958,0.0015899408770110811,1,AES,Sodium Azide
1902.716170004885,-0.0006393380747864282,1,AES,Sodium Azide
1903.9276990718124,0.001007833323964385,1,AES,Sodium Azide
1905.1392281387396,0.0,1,AES,Sodium Azide
1906.3507572056667,-0.002597774200975019,1,AES,Sodium Azide
1907.562286272594,0.0,1,AES,Sodium Azide
1908.7738153395212,0.0,1,AES,Sodium Azide
1909.9853444064483,0.0015385327997503309,1,AES,Sodium Azide
1911.1968734733757,0.001282353269005077,1,AES,Sodium Azide
1912.4084025403029,-0.0015385327997507639,1,AES,Sodium Azide
1913.61993160723,-0.0011657671568516279,1,AES,Sodium Azide
1914.8314606741571,0.0008979057098003751,1,AES,Sodium Azide
1916.0429897410845,-0.00011658611215421055,1,AES,Sodium Azide
1917.2545188080117,-0.0008979057098005841,1,AES,Sodium Azide
1918.4660478749388,0.0013822845142471573,1,AES,Sodium Azide
1919.6775769418662,-5.188403961447328e-16,1,AES,Sodium Azide
1920.8891060087933,-0.0008713961490974463,1,AES,Sodium Azide
1922.1006350757204,0.010000000000032492,1,AES,Sodium Azide
1923.3121641426478,0.0003008548210164951,1,AES,Sodium Azide
1924.523693209575,-0.010000000000035114,1,AES,Sodium Azide
1925.735222276502,-0.0008117431861702052,1,AES,Sodium Azide
1926.9467513434295,0.0020270335747115836,1,AES,Sodium Azide
1928.1582804103566,0.0,1,AES,Sodium Azide
1929.3698094772838,-0.002027033574711393,1,AES,Sodium Azide
1930.581338544211,0.00034905706180881675,1,AES,Sodium Azide
1931.7928676111383,0.0019990107345043686,1,AES,Sodium Azide
1933.0043966780654,0.009650942938226199,1,AES,Sodium Azide
1934.2159257449925,-0.0018916672966350014,1,AES,Sodium Azide
1935.42745481192,0.0007462832265763184,1,AES,Sodium Azide
1936.638983878847,0.0010988906705351562,1,AES,Sodium Azide
1937.8505129457742,-0.010439216280555013,1,AES,Sodium Azide
1939.0620420127016,-0.0012062341084007069,1,AES,Sodium Azide
1940.2735710796287,-0.0003070669460532793,1,AES,Sodium Azide
1941.4851001465559,0.00014991898618587807,1,AES,Sodium Azide
1942.696629213483,0.010000000000032356,1,AES,Sodium Azide
1943.9081582804104,-0.0001499189861895894,1,AES,Sodium Azide
1945.1196873473375,-0.009240240851337471,1,AES,Sodium Azide
1946.3312164142646,0.011573147043807507,1,AES,Sodium Azide
1947.542745481192,0.00924024085133428,1,AES,Sodium Azide
1948.7542745481192,-0.011573147043810478,1,AES,Sodium Azide
1949.9658036150463,-0.008922465811653004,1,AES,Sodium Azide
1951.1773326819737,0.0035807259203204673,1,AES,Sodium Azide
1952.3888617489008,-0.001041346226295963,1,AES,Sodium Azide
1953.600390815828,-0.003580725920320536,1,AES,Sodium Azide
1954.811919882755,-3.618796208739217e-05,1,AES,Sodium Azide
1956.0234489496825,0.002392741905755778,1,AES,Sodium Azide
1957.2349780166096,0.0,1,AES,Sodium Azide
1958.4465070835367,-0.002392741905755778,1,AES,Sodium Azide
1959.658036150464,0.0,1,AES,Sodium Azide
1960.8695652173913,0.0,1,AES,Sodium Azide
1962.0810942843184,0.00021348711897669462,1,AES,Sodium Azide
1963.2926233512458,0.0028274804752031436,1,AES,Sodium Azide
1964.504152418173,0.00034877819076265627,1,AES,Sodium Azide
1965.7156814851,-0.0028274804752029576,1,AES,Sodium Azide
1966.9272105520272,-0.0005622653097394637,1,AES,Sodium Azide
1968.1387396189546,0.0,1,AES,Sodium Azide
1969.3502686858817,0.0015369045113680937,1,AES,Sodium Azide
1970.5617977528088,5.768770012944273e-16,1,AES,Sodium Azide
1971.7733268197362,-0.0015369045113676613,1,AES,Sodium Azide
1972.9848558866634,0.005557068388663751,1,AES,Sodium Azide
1974.1963849535905,0.0005199293502746062,1,AES,Sodium Azide
1975.4079140205179,-0.005557068388662383,1,AES,Sodium Azide
1976.619443087445,-0.0005199293502726667,1,AES,Sodium Azide
1977.8309721543721,0.01199867721684133,1,AES,Sodium Azide
1979.0425012212995,0.00019712815944402813,1,AES,Sodium Azide
1980.2540302882267,-0.011998677216844705,1,AES,Sodium Azide
1981.4655593551538,0.0014026356899480906,1,AES,Sodium Azide
1982.677088422081,6.004712494451865e-16,1,AES,Sodium Azide
1983.8886174890083,0.0016603968666425177,1,AES,Sodium Azide
1985.1001465559355,0.001879642585379983,1,AES,Sodium Azide
1986.3116756228626,-0.003260160716037966,1,AES,Sodium Azide
1987.52320468979,0.0003497516263428174,1,AES,Sodium Azide
1988.734733756717,0.00011809113991201248,1,AES,Sodium Azide
1989.9462628236442,-0.0007452845999989277,1,AES,Sodium Azide
1991.1577918905716,0.0007255050618130974,1,AES,Sodium Azide
1992.3693209574988,-0.001484109611723717,1,AES,Sodium Azide
1993.580850024426,-0.0008435962017255544,1,AES,Sodium Azide
1994.792379091353,0.0017924741272665496,1,AES,Sodium Azide
1996.0039081582804,-6.728050388213148e-16,1,AES,Sodium Azide
1997.2154372252076,-0.0017924741272670542,1,AES,Sodium Azide
1998.4269662921347,0.0,1,AES,Sodium Azide
1999.638495359062,0.0007372031561297893,1,AES,Sodium Azide
2000.8500244259892,0.0035894788340291224,1,AES,Sodium Azide
2002.0615534929163,-0.000737203156128442,1,AES,Sodium Azide
2003.2730825598437,-0.00354732893014697,1,AES,Sodium Azide
2004.4846116267709,0.0024577331140826567,1,AES,Sodium Azide
2005.696140693698,-4.2149903881138e-05,1,AES,Sodium Azide
2006.9076697606251,-0.0016704558440727127,1,AES,Sodium Azide
2008.1191988275525,-2.955044684634198e-16,1,AES,Sodium Azide
2009.3307278944797,-4.188057417049032e-05,1,AES,Sodium Azide
2010.5422569614068,2.797845978655678e-16,1,AES,Sodium Azide
2011.7537860283342,0.0009701011013259263,1,AES,Sodium Azide
2012.9653150952613,0.002066446354246758,1,AES,Sodium Azide
2014.1768441621884,0.0027912035743780897,1,AES,Sodium Azide
2015.3883732291158,-0.0010576919933478592,1,AES,Sodium Azide
2016.599902296043,0.0060602924968634056,1,AES,Sodium Azide
2017.81143136297,-0.0006704610730577438,1,AES,Sodium Azide
2019.0229604298975,-0.010566993868404762,1,AES,Sodium Azide
2020.2344894968246,0.00025078109396951706,1,AES,Sodium Azide
2021.4460185637517,0.0,1,AES,Sodium Azide
2022.657547630679,-0.00029589629555173535,1,AES,Sodium Azide
2023.8690766976063,0.0022930576119145427,1,AES,Sodium Azide
2025.0806057645334,0.0097068219137788,1,AES,Sodium Azide
2026.2921348314605,-0.00030929008000803507,1,AES,Sodium Azide
2027.503663898388,-0.007707782043251892,1,AES,Sodium Azide
2028.715192965315,-0.0019837675319034223,1,AES,Sodium Azide
2029.9267220322422,-0.002292217956781152,1,AES,Sodium Azide
2031.1382510991696,0.0,1,AES,Sodium Azide
2032.3497801660967,0.002257201563625556,1,AES,Sodium Azide
2033.5613092330238,0.0,1,AES,Sodium Azide
2034.772838299951,-0.002257201563625768,1,AES,Sodium Azide
2035.9843673668784,0.010000000000036051,1,AES,Sodium Azide
2037.1958964338055,0.011462958223932035,1,AES,Sodium Azide
2038.4074255007326,-0.009048501885947552,1,AES,Sodium Azide
2039.61895456766,-0.011462958223929167,1,AES,Sodium Azide
2040.8304836345872,-0.0009514981140844663,1,AES,Sodium Azide
2042.0420127015143,0.0,1,AES,Sodium Azide
2043.2535417684417,0.0,1,AES,Sodium Azide
2044.4650708353688,0.0028112905653927813,1,AES,Sodium Azide
2045.676599902296,0.0,1,AES,Sodium Azide
2046.888128969223,-0.0006930302198348803,1,AES,Sodium Azide
2048.0996580361507,0.0026475955355952643,1,AES,Sodium Azide
2049.311187103078,-0.0003808675968709599,1,AES,Sodium Azide
2050.522716170005,-0.0026475955355963576,1,AES,Sodium Azide
2051.734245236932,-0.0010347682129057383,1,AES,Sodium Azide
2052.9457743038593,0.0,1,AES,Sodium Azide
2054.1573033707864,0.009297375464252192,1,AES,Sodium Azide
2055.3688324377135,0.0005644929501204875,1,AES,Sodium Azide
2056.5803615046407,-0.010000000000035114,1,AES,Sodium Azide
2057.791890571568,0.001502463907815175,1,AES,Sodium Azide
2059.0034196384954,-1.5516642253199893e-15,1,AES,Sodium Azide
2060.2149487054226,-0.0017168722018537938,1,AES,Sodium Azide
2061.4264777723497,0.0004930150464437438,1,AES,Sodium Azide
2062.638006839277,-0.0003500846560828338,1,AES,Sodium Azide
2063.8495359062044,0.0005280271542125911,1,AES,Sodium Azide
2065.0610649731316,0.0,1,AES,Sodium Azide
2066.2725940400587,0.0004953046702062854,1,AES,Sodium Azide
2067.484123106986,0.0,1,AES,Sodium Azide
2068.695652173913,-0.0012964044005419337,1,AES,Sodium Azide
2069.90718124084,0.0033743808561396203,1,AES,Sodium Azide
2071.1187103077673,-0.0002199424703202178,1,AES,Sodium Azide
2072.3302393746944,-0.003374380856140254,1,AES,Sodium Azide
2073.541768441622,0.010894370454319478,1,AES,Sodium Azide
2074.753297508549,0.0003125319840915967,1,AES,Sodium Azide
2075.9648265754763,-0.010284157550621795,1,AES,Sodium Azide
2077.1763556424035,0.0005388162023772656,1,AES,Sodium Azide
2078.3878847093306,0.000494413399555232,1,AES,Sodium Azide
2079.5994137762577,0.0010798983442586302,1,AES,Sodium Azide
2080.810942843185,0.009608594361950835,1,AES,Sodium Azide
2082.0224719101125,-0.0019312465307344477,1,AES,Sodium Azide
2083.2340009770396,-0.009542718897073805,1,AES,Sodium Azide
2084.4455300439668,0.0033064259873103272,1,AES,Sodium Azide
2085.657059110894,-0.0011705017681326879,1,AES,Sodium Azide
2086.868588177821,-0.0033064259873103272,1,AES,Sodium Azide
2088.080117244748,0.001926688299807001,1,AES,Sodium Azide
2089.291646311676,-1.4463646382724935e-15,1,AES,Sodium Azide
2090.503175378603,-0.0019266882998080852,1,AES,Sodium Azide
2091.71470444553,0.001474795356530822,1,AES,Sodium Azide
2092.926233512457,0.0,1,AES,Sodium Azide
2094.1377625793843,-0.001474795356530822,1,AES,Sodium Azide
2095.3492916463115,0.0005777561079498365,1,AES,Sodium Azide
2096.5608207132386,0.00033153275486616523,1,AES,Sodium Azide
2097.772349780166,0.000656925838253845,1,AES,Sodium Azide
2098.9838788470934,-0.00033153275486591814,1,AES,Sodium Azide
2100.1954079140205,0.009658292671974303,1,AES,Sodium Azide
2101.4069369809476,0.0,1,AES,Sodium Azide
2102.618466047875,-0.009607198839779948,1,AES,Sodium Azide
2103.829995114802,0.001070943937892351,1,AES,Sodium Azide
2105.0415241817295,-0.00128577577839781,1,AES,Sodium Azide
2106.2530532486567,0.010819025867489701,1,AES,Sodium Azide
2107.464582315584,0.0,1,AES,Sodium Azide
2108.676111382511,-0.0004836806805263522,1,AES,Sodium Azide
2109.887640449438,0.0006392019922577788,1,AES,Sodium Azide
2111.0991695163652,-0.00820723861188741,1,AES,Sodium Azide
2112.3106985832924,-0.0006392019922554974,1,AES,Sodium Azide
2113.52222765022,-0.003199050512966129,1,AES,Sodium Azide
2114.733756717147,0.0,1,AES,Sodium Azide
2115.9452857840743,0.0,1,AES,Sodium Azide
2117.1568148510014,0.0013921647678941283,1,AES,Sodium Azide
2118.3683439179285,0.0,1,AES,Sodium Azide
2119.5798729848557,-0.0013921647678941283,1,AES,Sodium Azide
2120.791402051783,0.0,1,AES,Sodium Azide
2122.0029311187104,0.001653851042177323,1,AES,Sodium Azide
2123.2144601856376,0.0029770357859934017,1,AES,Sodium Azide
2124.4259892525647,-0.0016538510421770121,1,AES,Sodium Azide
2125.637518319492,-0.0029770357859934017,1,AES,Sodium Azide
2126.849047386419,0.00012191404546277742,1,AES,Sodium Azide
2128.060576453346,0.0020220543936303203,1,AES,Sodium Azide
2129.2721055202737,-0.00012191404546422677,1,AES,Sodium Azide
2130.483634587201,-0.0016072131423898845,1,AES,Sodium Azide
2131.695163654128,0.0016971679801007732,1,AES,Sodium Azide
2132.906692721055,0.0004572291417380583,1,AES,Sodium Azide
2134.1182217879823,-0.0013672329602844183,1,AES,Sodium Azide
2135.3297508549094,0.000870082503032919,1,AES,Sodium Azide
2136.5412799218366,-0.00032993501981510936,1,AES,Sodium Azide
2137.752808988764,-0.000562424550009114,1,AES,Sodium Azide
2138.9643380556913,0.0,1,AES,Sodium Azide
2140.1758671226185,-0.0011797283460021437,1,AES,Sodium Azide
2141.3873961895456,0.0008896624199667511,1,AES,Sodium Azide
2142.5989252564727,0.0023906224002641524,1,AES,Sodium Azide
2143.8104543234,-0.0008896624199667511,1,AES,Sodium Azide
2145.021983390327,-0.0007323040028688435,1,AES,Sodium Azide
2146.2335124572546,0.0028059000051925517,1,AES,Sodium Azide
2147.4450415241818,0.0006300697600811276,1,AES,Sodium Azide
2148.656570591109,4.8183313662957006e-05,1,AES,Sodium Azide
2149.868099658036,-0.0009968396789599402,1,AES,Sodium Azide
2151.079628724963,-0.002722803717002774,1,AES,Sodium Azide
2152.2911577918903,-0.0012915484785180223,1,AES,Sodium Azide
2153.502686858818,0.009868720398183614,1,AES,Sodium Azide
2154.714215925745,0.0,1,AES,Sodium Azide
2155.925744992672,-0.006221838164682558,1,AES,Sodium Azide
2157.1372740595993,0.0,1,AES,Sodium Azide
2158.3488031265265,-0.003563744524765182,1,AES,Sodium Azide
2159.5603321934536,0.0009597678389748886,1,AES,Sodium Azide
2160.771861260381,-0.00013853456274423204,1,AES,Sodium Azide
2161.9833903273084,0.0019901843169777556,1,AES,Sodium Azide
2163.1949193942355,-7.588274784250596e-05,1,AES,Sodium Azide
2164.4064484611627,-0.0026112705065804635,1,AES,Sodium Azide
2165.61797752809,0.0,1,AES,Sodium Azide
2166.829506595017,-0.00033868164937114336,1,AES,Sodium Azide
2168.041035661944,0.0,1,AES,Sodium Azide
2169.2525647288717,0.0,1,AES,Sodium Azide
2170.464093795799,0.0,1,AES,Sodium Azide
2171.675622862726,0.0,1,AES,Sodium Azide
2172.887151929653,0.0,1,AES,Sodium Azide
2174.0986809965802,0.0,1,AES,Sodium Azide
2175.3102100635074,0.0,1,AES,Sodium Azide
2176.5217391304345,0.0013227499793510519,1,AES,Sodium Azide
2177.733268197362,0.00014347256873268964,1,AES,Sodium Azide
2178.9447972642893,-0.0013227499793517965,1,AES,Sodium Azide
2180.1563263312164,-0.00014347256873365567,1,AES,Sodium Azide
2181.3678553981435,0.0,1,AES,Sodium Azide
2182.5793844650707,0.0005554697249096344,1,AES,Sodium Azide
2183.790913531998,0.002332829271139467,1,AES,Sodium Azide
2185.002442598925,-0.0005554697249079874,1,AES,Sodium Azide
2186.2139716658526,-0.002132645664817121,1,AES,Sodium Azide
2187.4255007327797,0.0,1,AES,Sodium Azide
2188.637029799707,0.0009681712447509196,1,AES,Sodium Azide
2189.848558866634,0.0003710329884529971,1,AES,Sodium Azide
2191.060087933561,-0.0011683548510719151,1,AES,Sodium Azide
2192.2716170004883,-0.00037103298845306683,1,AES,Sodium Azide
2193.483146067416,0.0,1,AES,Sodium Azide
2194.694675134343,0.0018726100292069216,1,AES,Sodium Azide
2195.90620420127,3.7089351557639706e-05,1,AES,Sodium Azide
2197.1177332681973,0.001436093619555752,1,AES,Sodium Azide
2198.3292623351244,-3.7089351557639706e-05,1,AES,Sodium Azide
2199.5407914020516,-0.0033087036487626734,1,AES,Sodium Azide
2200.7523204689787,0.0,1,AES,Sodium Azide
2201.9638495359063,0.010000000000036991,1,AES,Sodium Azide
2203.1753786028335,0.0,1,AES,Sodium Azide
2204.3869076697606,-0.009535110848459358,1,AES,Sodium Azide
2205.5984367366877,0.0008853506137976278,1,AES,Sodium Azide
2206.809965803615,-0.00046488915157575766,1,AES,Sodium Azide
2208.021494870542,0.0006723135162426052,1,AES,Sodium Azide
2209.2330239374696,-1.169338245434719e-15,1,AES,Sodium Azide
2210.4445530043968,0.01869780449714201,1,AES,Sodium Azide
2211.656082071324,0.0028057997103043794,1,AES,Sodium Azide
2212.867611138251,-0.01869467015547038,1,AES,Sodium Azide
2214.079140205178,-0.0028057997103043794,1,AES,Sodium Azide
2215.2906692721053,-0.001560798471712906,1,AES,Sodium Azide
2216.5021983390325,0.0,1,AES,Sodium Azide
2217.71372740596,0.0,1,AES,Sodium Azide
2218.925256472887,0.0,1,AES,Sodium Azide
2220.1367855398144,0.0,1,AES,Sodium Azide
2221.3483146067415,0.0,1,AES,Sodium Azide
2222.5598436736686,0.00013374781786249136,1,AES,Sodium Azide
2223.771372740596,0.0,1,AES,Sodium Azide
2224.982901807523,-0.0001337478178625165,1,AES,Sodium Azide
2226.1944308744505,0.0002935151811435839,1,AES,Sodium Azide
2227.4059599413777,0.0007691236080234078,1,AES,Sodium Azide
2228.617489008305,-0.0002935151811435288,1,AES,Sodium Azide
2229.829018075232,0.0016863676522732322,1,AES,Sodium Azide
2231.040547142159,0.0,1,AES,Sodium Azide
2232.252076209086,0.007577313348277306,1,AES,Sodium Azide
2233.463605276014,0.011232528469633053,1,AES,Sodium Azide
2234.675134342941,-0.009626931031434775,1,AES,Sodium Azide
2235.886663409868,-0.009573753954262047,1,AES,Sodium Azide
2237.0981924767952,9.381789524110992e-05,1,AES,Sodium Azide
2238.3097215437224,0.008341225484658685,1,AES,Sodium Azide
2239.5212506106495,0.00012944480618539973,1,AES,Sodium Azide
2240.7327796775767,-0.01000000000003652,1,AES,Sodium Azide
2241.9443087445043,-0.00044020631099736003,1,AES,Sodium Azide
2243.1558378114314,0.0,1,AES,Sodium Azide
2244.3673668783586,-0.000188929967574041,1,AES,Sodium Azide
2245.5788959452857,0.0,1,AES,Sodium Azide
2246.790425012213,0.0,1,AES,Sodium Azide
2248.00195407914,0.0,1,AES,Sodium Azide
2249.2134831460676,0.00016158098473589039,1,AES,Sodium Azide
2250.4250122129947,0.0002782032499124862,1,AES,Sodium Azide
2251.636541279922,-0.00016158098473586006,1,AES,Sodium Azide
2252.848070346849,0.001924549047749792,1,AES,Sodium Azide
2254.059599413776,0.0,1,AES,Sodium Azide
2255.2711284807033,-0.0005155745722824572,1,AES,Sodium Azide
2256.4826575476304,0.000743460166541615,1,AES,Sodium Azide
2257.694186614558,-0.001687177725379429,1,AES,Sodium Azide
2258.905715681485,0.0023461708063454143,1,AES,Sodium Azide
2260.1172447484123,0.0,1,AES,Sodium Azide
2261.3287738153394,-0.0014899972324156315,1,AES,Sodium Azide
2262.5403028822666,0.0017413457742062155,1,AES,Sodium Azide
2263.7518319491937,-0.0015996337404705495,1,AES,Sodium Azide
2264.963361016121,0.010682006629987948,1,AES,Sodium Azide
2266.1748900830485,-9.32620891922395e-15,1,AES,Sodium Azide
2267.3864191499756,-0.011920929542712197,1,AES,Sodium Azide
2268.5979482169028,0.00045304651671686425,1,AES,Sodium Azide
2269.80947728383,-0.0005024228614892848,1,AES,Sodium Azide
2271.021006350757,0.000958029348505031,1,AES,Sodium Azide
2272.232535417684,0.0013809340875788137,1,AES,Sodium Azide
2273.4440644846118,-0.0014110758652221378,1,AES,Sodium Azide
2274.655593551539,0.0008890514289608673,1,AES,Sodium Azide
2275.867122618466,0.0,1,AES,Sodium Azide
2277.078651685393,-0.000473011957062825,1,AES,Sodium Azide
2278.2901807523203,0.0019608413954671487,1,AES,Sodium Azide
2279.5017098192475,-0.0017969735594765741,1,AES,Sodium Azide
2280.7132388861746,-0.0019608413954675173,1,AES,Sodium Azide
2281.924767953102,0.0,1,AES,Sodium Azide
2283.1362970200294,0.010000000000035114,1,AES,Sodium Azide
2284.3478260869565,0.0,1,AES,Sodium Azide
2285.5593551538836,-0.00864313155582954,1,AES,Sodium Azide
2286.770884220811,0.0022803726957953485,1,AES,Sodium Azide
2287.982413287738,0.0010720852382867586,1,AES,Sodium Azide
2289.1939423546655,-0.0022803726957958885,1,AES,Sodium Azide
2290.4054714215927,-0.002428953682492244,1,AES,Sodium Azide
2291.61700048852,0.0,1,AES,Sodium Azide
2292.828529555447,0.0,1,AES,Sodium Azide
2294.040058622374,0.0016791625074050688,1,AES,Sodium Azide
2295.2515876893012,0.012811651047565436,1,AES,Sodium Azide
2296.4631167562284,-0.0016791625073957666,1,AES,Sodium Azide
2297.674645823156,-0.012811651047558225,1,AES,Sodium Azide
2298.886174890083,0.0,1,AES,Sodium Azide
2300.0977039570103,0.010487573527180218,1,AES,Sodium Azide
2301.3092330239374,0.0,1,AES,Sodium Azide
2302.5207620908645,-0.00974956637427818,1,AES,Sodium Azide
2303.7322911577917,0.0,1,AES,Sodium Azide
2304.943820224719,-0.0007380071529021733,1,AES,Sodium Azide
2306.1553492916464,0.0009507161476103367,1,AES,Sodium Azide
2307.3668783585736,1.1176883894932423e-05,1,AES,Sodium Azide
2308.5784074255007,-0.0009507161476101581,1,AES,Sodium Azide
2309.789936492428,-1.1176883894932423e-05,1,AES,Sodium Azide
2311.001465559355,0.0,1,AES,Sodium Azide
2312.212994626282,0.0,1,AES,Sodium Azide
2313.4245236932097,0.0,1,AES,Sodium Azide
2314.636052760137,0.00278217738271639,1,AES,Sodium Azide
2315.847581827064,0.0009761862594703621,1,AES,Sodium Azide
2317.059110893991,-0.00278217738271639,1,AES,Sodium Azide
2318.2706399609183,0.00023674603527867335,1,AES,Sodium Azide
2319.4821690278454,0.0,1,AES,Sodium Azide
2320.6936980947726,0.0008286944594322952,1,AES,Sodium Azide
2321.9052271617,0.0006433002640002798,1,AES,Sodium Azide
2323.1167562286273,-0.0020416267541827075,1,AES,Sodium Azide
2324.3282852955545,0.00013587598441052186,1,AES,Sodium Azide
2325.5398143624816,0.0,1,AES,Sodium Azide
2326.7513434294087,-0.0007791762484122133,1,AES,Sodium Azide
2327.962872496336,0.0,1,AES,Sodium Azide
2329.1744015632635,0.00024876849163758103,1,AES,Sodium Azide
2330.3859306301906,0.003015151895751032,1,AES,Sodium Azide
2331.5974596971178,0.0036344353292712393,1,AES,Sodium Azide
2332.808988764045,-0.001904730924696295,1,AES,Sodium Azide
2334.020517830972,-0.00301156798020666,1,AES,Sodium Azide
2335.232046897899,-0.001110420971054737,1,AES,Sodium Azide
2336.4435759648263,-0.000871635840702277,1,AES,Sodium Azide
2337.655105031754,0.0,1,AES,Sodium Azide
2338.866634098681,0.0,1,AES,Sodium Azide
2340.078163165608,0.0,1,AES,Sodium Azide
2341.2896922325353,0.0,1,AES,Sodium Azide
2342.5012212994625,0.0,1,AES,Sodium Azide
2343.7127503663896,0.011301612411618641,1,AES,Sodium Azide
2344.9242794333168,8.484118863053741e-15,1,AES,Sodium Azide
2346.1358085002444,-0.010885243355014356,1,AES,Sodium Azide
2347.3473375671715,0.003609593161097943,1,AES,Sodium Azide
2348.5588666340986,0.00958363094343727,1,AES,Sodium Azide
2349.770395701026,-0.003609593161097943,1,AES,Sodium Azide
2350.981924767953,-0.010000000000035114,1,AES,Sodium Azide
2352.19345383488,0.0019160356658360935,1,AES,Sodium Azide
2353.4049829018077,0.003408175421791987,1,AES,Sodium Azide
2354.616511968735,-0.001916035665837172,1,AES,Sodium Azide
2355.828041035662,0.0074562463033095066,1,AES,Sodium Azide
2357.039570102589,0.0,1,AES,Sodium Azide
2358.2510991695162,-0.010864421725102292,1,AES,Sodium Azide
2359.4626282364434,0.004602036264127391,1,AES,Sodium Azide
2360.6741573033705,3.454747982403032e-15,1,AES,Sodium Azide
2361.885686370298,-0.004160444923437931,1,AES,Sodium Azide
2363.0972154372253,0.0008139415554251848,1,AES,Sodium Azide
2364.3087445041524,0.0014480377228390157,1,AES,Sodium Azide
2365.5202735710795,-0.0006434183039513225,1,AES,Sodium Azide
2366.7318026380067,0.008646481255005238,1,AES,Sodium Azide
2367.943331704934,-0.00017052325146598484,1,AES,Sodium Azide
2369.1548607718614,-0.01006773999715174,1,AES,Sodium Azide
2370.3663898387886,0.0,1,AES,Sodium Azide
2371.5779189057157,0.0006133713447029269,1,AES,Sodium Azide
2372.789447972643,0.0,1,AES,Sodium Azide
2374.00097703957,-0.0004254616523963479,1,AES,Sodium Azide
2375.212506106497,0.0,1,AES,Sodium Azide
2376.4240351734243,0.0013034216624000412,1,AES,Sodium Azide
2377.635564240352,-1.471147775241804e-15,1,AES,Sodium Azide
2378.847093307279,-0.001959701676081127,1,AES,Sodium Azide
2380.058622374206,0.0021961628074201964,1,AES,Sodium Azide
2381.2701514411333,0.0,1,AES,Sodium Azide
2382.4816805080604,-0.0021961628074201964,1,AES,Sodium Azide
2383.6932095749876,0.0,1,AES,Sodium Azide
2384.9047386419147,0.002391979072877141,1,AES,Sodium Azide
2386.1162677088423,-1.79565835680005e-15,1,AES,Sodium Azide
2387.3277967757695,0.013068746197914299,1,AES,Sodium Azide
2388.5393258426966,0.001837889825382543,1,AES,Sodium Azide
2389.7508549096237,-0.015072215367362233,1,AES,Sodium Azide
2390.962383976551,-0.001837889825382543,1,AES,Sodium Azide
2392.173913043478,0.00010844908994137949,1,AES,Sodium Azide
2393.3854421104056,0.0009069262190012649,1,AES,Sodium Azide
2394.5969711773328,0.0006259305618255705,1,AES,Sodium Azide
2395.80850024426,6.0010205477351323e-05,1,AES,Sodium Azide
2397.020029311187,-0.0009669893979180014,1,AES,Sodium Azide
2398.231558378114,-0.000966936424478819,1,AES,Sodium Azide
2399.4430874450413,-0.00015590015727985423,1,AES,Sodium Azide
2400.6546165119685,0.0,1,AES,Sodium Azide
2401.866145578896,0.0019731367739564665,1,AES,Sodium Azide
2403.077674645823,0.0010329859637306473,1,AES,Sodium Azide
2404.2892037127503,-0.0019731367739560957,1,AES,Sodium Azide
2405.5007327796775,0.010108499374305028,1,AES,Sodium Azide
2406.7122618466046,0.0003389056988552258,1,AES,Sodium Azide
2407.923790913532,-0.011141485338035677,1,AES,Sodium Azide
2409.135319980459,-0.00033890569885528936,1,AES,Sodium Azide
2410.3468490473865,0.0019563297285804995,1,AES,Sodium Azide
2411.5583781143137,0.0016490109519358232,1,AES,Sodium Azide
2412.769907181241,-0.001956329728580132,1,AES,Sodium Azide
2413.981436248168,-0.0009406046896188447,1,AES,Sodium Azide
2415.192965315095,0.0,1,AES,Sodium Azide
2416.404494382022,0.009291593737712373,1,AES,Sodium Azide
2417.61602344895,-7.506998606996485e-15,1,AES,Sodium Azide
2418.827552515877,-0.008499148743964608,1,AES,Sodium Azide
2420.039081582804,0.0016587543474703551,1,AES,Sodium Azide
2421.2506106497312,-0.0006079121025576354,1,AES,Sodium Azide
2422.4621397166584,-0.00039684669474262054,1,AES,Sodium Azide
2423.6736687835855,5.382616516677255e-06,1,AES,Sodium Azide
2424.8851978505127,-0.0012619076527272972,1,AES,Sodium Azide
2426.0967269174403,-0.00014663299401351627,1,AES,Sodium Azide
2427.3082559843674,0.0013929785878244551,1,AES,Sodium Azide
2428.5197850512945,0.000561028824531737,1,AES,Sodium Azide
2429.7313141182217,0.0006761258106661316,1,AES,Sodium Azide
2430.942843185149,-8.00335035605112e-05,1,AES,Sodium Azide
2432.154372252076,-0.0014574677145123378,1,AES,Sodium Azide
2433.3659013190036,0.000629732979205043,1,AES,Sodium Azide
2434.5774303859307,0.00938836331605706,1,AES,Sodium Azide
2435.788959452858,0.008137582923844047,1,AES,Sodium Azide
2437.000488519785,-0.010000000000035114,1,AES,Sodium Azide
2438.212017586712,-0.010000000000035114,1,AES,Sodium Azide
2439.4235466536393,0.010000000000035114,1,AES,Sodium Azide
2440.6350757205664,7.506998606996485e-15,1,AES,Sodium Azide
2441.846604787494,-0.010000000000029485,1,AES,Sodium Azide
2443.058133854421,0.0,1,AES,Sodium Azide
2444.2696629213483,0.0,1,AES,Sodium Azide
2445.4811919882754,0.0003712019384123176,1,AES,Sodium Azide
2446.6927210552026,2.097927766727451e-06,1,AES,Sodium Azide
2447.9042501221297,-0.0003712019384123176,1,AES,Sodium Azide
2449.115779189057,0.0011452086338095131,1,AES,Sodium Azide
2450.3273082559845,0.001631683638354346,1,AES,Sodium Azide
2451.5388373229116,-0.0011473065615768868,1,AES,Sodium Azide
2452.7503663898387,-0.0016316836383549005,1,AES,Sodium Azide
2453.961895456766,0.0,1,AES,Sodium Azide
2455.173424523693,0.0,1,AES,Sodium Azide
2456.38495359062,0.0014435618986676554,1,AES,Sodium Azide
2457.5964826575478,-1.0836817162379336e-15,1,AES,Sodium Azide
2458.808011724475,-0.0014435618986684679,1,AES,Sodium Azide
2460.019540791402,0.0,1,AES,Sodium Azide
2461.231069858329,0.0011058385520178126,1,AES,Sodium Azide
2462.4425989252563,0.0,1,AES,Sodium Azide
2463.6541279921835,-0.0010015358569077722,1,AES,Sodium Azide
2464.8656570591106,0.0004827280575178193,1,AES,Sodium Azide
2466.077186126038,0.002263695472832166,1,AES,Sodium Azide
2467.2887151929654,-0.00048272805751801274,1,AES,Sodium Azide
2468.5002442598925,-0.0023679981679420653,1,AES,Sodium Azide
2469.7117733268196,0.010319959309802602,1,AES,Sodium Azide
2470.923302393747,0.0031334878508219783,1,AES,Sodium Azide
2472.134831460674,-0.008163780895238792,1,AES,Sodium Azide
2473.3463605276015,-0.0027686107885076033,1,AES,Sodium Azide
2474.5578895945287,-0.00215617841456461,1,AES,Sodium Azide
2475.769418661456,0.0010397845008340676,1,AES,Sodium Azide
2476.980947728383,0.0,1,AES,Sodium Azide
2478.19247679531,-0.0005756407282596382,1,AES,Sodium Azide
2479.404005862237,0.0008796860685822565,1,AES,Sodium Azide
2480.6155349291644,0.0010160967620375051,1,AES,Sodium Azide
2481.827063996092,0.003923039564629627,1,AES,Sodium Azide
2483.038593063019,-0.0011621833956564052,1,AES,Sodium Azide
2484.2501221299462,-0.004802725633211871,1,AES,Sodium Azide
2485.4616511968734,-0.0006829342012702243,1,AES,Sodium Azide
2486.6731802638005,0.0,1,AES,Sodium Azide
2487.8847093307277,0.010000000000035114,1,AES,Sodium Azide
2489.096238397655,7.506998606996485e-15,1,AES,Sodium Azide
2490.3077674645824,-0.010000000000029485,1,AES,Sodium Azide
2491.5192965315096,0.0002651481120659329,1,AES,Sodium Azide
2492.7308255984367,0.0,1,AES,Sodium Azide
2493.942354665364,0.0016858178205712982,1,AES,Sodium Azide
2495.153883732291,3.6036177512567233e-07,1,AES,Sodium Azide
2496.365412799218,0.008049034067391887,1,AES,Sodium Azide
2497.5769418661457,-3.6036178263246805e-07,1,AES,Sodium Azide
2498.788470933073,-0.009729916632918887,1,AES,Sodium Azide
2500.0,0.0005401667342324519,1,AES,Sodium Azide
