energy,intensity,line_id,technique,material
-5.0,3.5066058267435967,1,EELS,Gold
-4.020517830972154,1.1893102281539463,1,EELS,Gold
-3.041035661944309,0.6145540468145445,1,EELS,Gold
-2.061553492916463,0.38804646126705034,1,EELS,Gold
-1.0820713238886177,0.29976976828988927,1,EELS,Gold
-0.10258915486077225,7.46335503592121,1,EELS,Gold
0.0,10.204291065432196,1,EELS,Gold
0.8768930141670737,0.17557798871065752,1,EELS,Gold
1.8563751831949187,0.13460750387364237,1,EELS,Gold
2.8358573522227646,0.10241922038575482,1,EELS,Gold
3.8153395212506105,0.10304512381562501,1,EELS,Gold
4.7948216902784555,0.05827621642783877,1,EELS,Gold
5.7743038593063005,0.050104775132592524,1,EELS,Gold
6.753786028334147,0.06383763224201004,1,EELS,Gold
7.733268197361992,0.07259126956880561,1,EELS,Gold
8.712750366389837,0.050602797900128005,1,EELS,Gold
9.692232535417684,0.033492568667575565,1,EELS,Gold
10.67171470444553,0.034401868120418906,1,EELS,Gold
11.651196873473374,0.05036670482084708,1,EELS,Gold
12.630679042501221,0.030183731675229884,1,EELS,Gold
13.610161211529064,0.04061813733172283,1,EELS,Gold
14.589643380556911,0.013152949436774638,1,EELS,Gold
15.569125549584758,0.020147966659062946,1,EELS,Gold
16.5486077186126,0.025068680584492093,1,EELS,Gold
17.528089887640448,0.010623889600510786,1,EELS,Gold
18.507572056668295,0.024781945405865213,1,EELS,Gold
19.487054225696138,0.013550935539707657,1,EELS,Gold
20.466536394723985,0.025549755655531175,1,EELS,Gold
21.44601856375183,0.03134152265067834,1,EELS,Gold
22.425500732779675,0.045416287685443084,1,EELS,Gold
23.40498290180752,0.02551523149724044,1,EELS,Gold
24.38446507083537,0.014065709252172053,1,EELS,Gold
25.36394723986321,0.022507386820188095,1,EELS,Gold
26.34342940889106,0.000988861385177611,1,EELS,Gold
27.3229115779189,0.024944057611143464,1,EELS,Gold
28.30239374694675,0.0,1,EELS,Gold
29.281875915974595,0.01,1,EELS,Gold
30.261358085002442,0.023201087775093103,1,EELS,Gold
31.24084025403029,0.0282576569039645,1,EELS,Gold
32.22032242305813,0.012037365464346186,1,EELS,Gold
33.199804592085975,0.008701787541895371,1,EELS,Gold
34.17928676111382,0.0064277264482243655,1,EELS,Gold
35.15876893014167,0.0,1,EELS,Gold
36.138251099169516,0.0014603383837630069,1,EELS,Gold
37.11773326819736,0.013786258539949702,1,EELS,Gold
38.0972154372252,0.01896651308479949,1,EELS,Gold
39.07669760625305,0.01140672978186128,1,EELS,Gold
40.056179775280896,0.0,1,EELS,Gold
41.03566194430874,0.010687534650865901,1,EELS,Gold
42.01514411333659,0.0032152227937564037,1,EELS,Gold
42.994626282364436,1.1629364203355821e-05,1,EELS,Gold
43.974108451392276,0.01293855275750591,1,EELS,Gold
44.95359062042012,0.017010383739135573,1,EELS,Gold
45.93307278944797,0.015798447287910806,1,EELS,Gold
46.912554958475816,0.0,1,EELS,Gold
47.89203712750366,0.0027841611037748228,1,EELS,Gold
48.87151929653151,0.019147745773335133,1,EELS,Gold
49.85100146555935,0.02555779761517646,1,EELS,Gold
50.830483634587196,0.01056714964188742,1,EELS,Gold
51.80996580361504,0.0034136279966130324,1,EELS,Gold
52.78944797264289,0.01,1,EELS,Gold
53.76893014167074,0.0,1,EELS,Gold
54.74841231069858,0.03318945376212358,1,EELS,Gold
55.72789447972642,0.018610966816698913,1,EELS,Gold
56.70737664875427,0.0039252660163585276,1,EELS,Gold
57.68685881778212,0.014780681240687214,1,EELS,Gold
58.66634098680996,0.018124265073421048,1,EELS,Gold
59.6458231558378,0.0,1,EELS,Gold
60.62530532486565,0.007914976626062713,1,EELS,Gold
61.6047874938935,0.019818022275658535,1,EELS,Gold
62.58426966292134,0.0036720728010622137,1,EELS,Gold
63.56375183194919,0.03990481673425028,1,EELS,Gold
64.54323400097704,0.0,1,EELS,Gold
65.52271617000488,0.032158002500213015,1,EELS,Gold
66.50219833903273,0.004581878825921712,1,EELS,Gold
67.48168050806058,0.0005660098096611772,1,EELS,Gold
68.46116267708842,0.004475688623704774,1,EELS,Gold
69.44064484611626,0.0,1,EELS,Gold
70.4201270151441,0.0011552984290084372,1,EELS,Gold
71.39960918417195,0.006969473885827574,1,EELS,Gold
72.3790913531998,0.01833413513941102,1,EELS,Gold
73.35857352222764,0.01,1,EELS,Gold
74.33805569125549,0.0,1,EELS,Gold
75.31753786028334,0.04,1,EELS,Gold
76.29702002931118,0.022352412463106014,1,EELS,Gold
77.27650219833903,0.0063125522553342,1,EELS,Gold
78.25598436736688,0.0,1,EELS,Gold
79.23546653639472,0.00808636915927876,1,EELS,Gold
80.21494870542257,0.003789959104701778,1,EELS,Gold
81.1944308744504,0.022628991697962758,1,EELS,Gold
82.17391304347825,0.0,1,EELS,Gold
83.1533952125061,0.0,1,EELS,Gold
84.13287738153394,0.01,1,EELS,Gold
85.11235955056179,0.0,1,EELS,Gold
86.09184171958964,0.015539653183296292,1,EELS,Gold
87.07132388861748,0.00513973223662245,1,EELS,Gold
88.05080605764533,0.01248821270901391,1,EELS,Gold
89.03028822667318,3.4380232542914266e-06,1,EELS,Gold
90.00977039570103,0.02,1,EELS,Gold
90.98925256472887,0.0,1,EELS,Gold
91.9687347337567,0.0,1,EELS,Gold
92.94821690278455,0.01,1,EELS,Gold
93.9276990718124,0.0005659420030991792,1,EELS,Gold
94.90718124084025,0.016297617386256957,1,EELS,Gold
95.88666340986809,0.021380646381408352,1,EELS,Gold
96.86614557889594,0.003891260105495936,1,EELS,Gold
97.84562774792379,0.014705740515211578,1,EELS,Gold
98.82510991695163,0.0012886898805304949,1,EELS,Gold
99.80459208597948,0.01,1,EELS,Gold
100.78407425500733,0.0017177718757842796,1,EELS,Gold
101.76355642403517,0.0025736470086518424,1,EELS,Gold
102.74303859306302,0.02705399467319032,1,EELS,Gold
103.72252076209085,0.0,1,EELS,Gold
104.7020029311187,0.0049523107964453295,1,EELS,Gold
105.68148510014655,0.00149651054026417,1,EELS,Gold
106.66096726917439,0.0,1,EELS,Gold
107.64044943820224,0.04345550354892246,1,EELS,Gold
108.61993160723009,0.009444243096256088,1,EELS,Gold
109.59941377625793,0.019819010780831803,1,EELS,Gold
110.57889594528578,0.04,1,EELS,Gold
111.55837811431363,0.016011966691629013,1,EELS,Gold
112.53786028334147,0.0,1,EELS,Gold
113.51734245236932,0.0076456714069620445,1,EELS,Gold
114.49682462139717,0.023979359347483808,1,EELS,Gold
115.476306790425,0.02,1,EELS,Gold
116.45578895945285,0.04,1,EELS,Gold
117.4352711284807,0.0225931107554809,1,EELS,Gold
118.41475329750854,0.0,1,EELS,Gold
119.39423546653639,0.01,1,EELS,Gold
120.37371763556423,0.012217787709652496,1,EELS,Gold
121.35319980459208,0.0,1,EELS,Gold
122.33268197361993,0.006311798016686333,1,EELS,Gold
123.31216414264776,0.01,1,EELS,Gold
124.2916463116756,0.01725401453012317,1,EELS,Gold
125.27112848070345,0.0,1,EELS,Gold
126.2506106497313,0.0,1,EELS,Gold
127.23009281875915,0.019692544572365335,1,EELS,Gold
128.209574987787,0.01,1,EELS,Gold
129.18905715681484,0.003683088195331262,1,EELS,Gold
130.1685393258427,0.03467920353202003,1,EELS,Gold
131.14802149487053,0.0,1,EELS,Gold
132.12750366389838,0.0032001984946317505,1,EELS,Gold
133.10698583292623,0.0039528613189901505,1,EELS,Gold
134.08646800195407,0.019261631122341864,1,EELS,Gold
135.06595017098192,0.0,1,EELS,Gold
136.04543234000977,0.0,1,EELS,Gold
137.02491450903761,0.02656901154239934,1,EELS,Gold
138.00439667806546,0.014261129473371242,1,EELS,Gold
138.9838788470933,0.0037736639488634093,1,EELS,Gold
139.96336101612115,0.03473925996197817,1,EELS,Gold
140.942843185149,0.0,1,EELS,Gold
141.92232535417685,0.013549132781539866,1,EELS,Gold
142.9018075232047,0.004157029719483478,1,EELS,Gold
143.8812896922325,0.0,1,EELS,Gold
144.86077186126036,0.03017297116415403,1,EELS,Gold
145.8402540302882,0.005964666150012162,1,EELS,Gold
146.81973619931605,0.01,1,EELS,Gold
147.7992183683439,0.007805267563162588,1,EELS,Gold
148.77870053737175,0.0,1,EELS,Gold
149.7581827063996,0.009114330810697468,1,EELS,Gold
150.73766487542744,0.01289255458408424,1,EELS,Gold
151.7171470444553,0.0,1,EELS,Gold
152.69662921348313,0.020880324251070916,1,EELS,Gold
153.67611138251098,0.015254426915777025,1,EELS,Gold
154.65559355153883,0.009418528536137838,1,EELS,Gold
155.63507572056668,0.020369804006620244,1,EELS,Gold
156.61455788959452,0.0,1,EELS,Gold
157.59404005862237,0.01,1,EELS,Gold
158.57352222765022,0.0,1,EELS,Gold
159.55300439667806,0.03,1,EELS,Gold
160.5324865657059,0.010190127819995239,1,EELS,Gold
161.51196873473376,0.004446810669949601,1,EELS,Gold
162.4914509037616,0.00378038399721378,1,EELS,Gold
163.47093307278945,0.009386052835690639,1,EELS,Gold
164.4504152418173,0.001073437294428463,1,EELS,Gold
165.42989741084514,0.015756953155155278,1,EELS,Gold
166.40937957987296,0.01,1,EELS,Gold
167.3888617489008,0.028658669914172787,1,EELS,Gold
168.36834391792866,0.007288465918305538,1,EELS,Gold
169.3478260869565,0.01,1,EELS,Gold
170.32730825598435,0.0,1,EELS,Gold
171.3067904250122,0.025804072832393925,1,EELS,Gold
172.28627259404004,0.01,1,EELS,Gold
173.2657547630679,0.018150052878550454,1,EELS,Gold
174.24523693209574,0.01568695945463966,1,EELS,Gold
175.22471910112358,0.00011015541868463136,1,EELS,Gold
176.20420127015143,0.0,1,EELS,Gold
177.18368343917928,0.0,1,EELS,Gold
178.16316560820712,0.0,1,EELS,Gold
179.14264777723497,0.019558726792508196,1,EELS,Gold
180.12212994626282,0.003000877366391026,1,EELS,Gold
181.10161211529066,0.0,1,EELS,Gold
182.0810942843185,0.002570026422606338,1,EELS,Gold
183.06057645334636,0.01472697088429328,1,EELS,Gold
184.0400586223742,0.0,1,EELS,Gold
185.01954079140205,0.002351904199491342,1,EELS,Gold
185.9990229604299,0.001371335071340513,1,EELS,Gold
186.97850512945774,0.0,1,EELS,Gold
187.9579872984856,0.02441423260859247,1,EELS,Gold
188.9374694675134,0.016478474915955964,1,EELS,Gold
189.91695163654126,0.0217990523970712,1,EELS,Gold
190.8964338055691,0.011494753704010055,1,EELS,Gold
191.87591597459695,0.0,1,EELS,Gold
192.8553981436248,0.01,1,EELS,Gold
193.83488031265264,0.005982332904880305,1,EELS,Gold
194.8143624816805,0.0059639066980435185,1,EELS,Gold
195.79384465070834,0.03597116253852608,1,EELS,Gold
196.77332681973618,0.040006921933064835,1,EELS,Gold
197.75280898876403,0.00652969248190725,1,EELS,Gold
198.73229115779188,0.022283453733916485,1,EELS,Gold
199.71177332681972,0.010426331024747966,1,EELS,Gold
200.69125549584757,0.017334709764812363,1,EELS,Gold
201.67073766487542,0.01,1,EELS,Gold
202.65021983390326,0.018421553295585064,1,EELS,Gold
203.6297020029311,0.0,1,EELS,Gold
204.60918417195896,0.0,1,EELS,Gold
205.5886663409868,0.0,1,EELS,Gold
206.56814851001465,0.011495842216970155,1,EELS,Gold
207.5476306790425,0.024263344812569792,1,EELS,Gold
208.52711284807035,0.0,1,EELS,Gold
209.5065950170982,0.0076456664269641825,1,EELS,Gold
210.48607718612604,0.0,1,EELS,Gold
211.46555935515389,0.02,1,EELS,Gold
212.4450415241817,0.021738880863485,1,EELS,Gold
213.42452369320955,0.02128367240725801,1,EELS,Gold
214.4040058622374,0.01,1,EELS,Gold
215.38348803126524,0.01,1,EELS,Gold
216.3629702002931,0.007546119786284903,1,EELS,Gold
217.34245236932094,0.0,1,EELS,Gold
218.32193453834878,0.022813958336290595,1,EELS,Gold
219.30141670737663,0.011066859117149162,1,EELS,Gold
220.28089887640448,0.01020581674830052,1,EELS,Gold
221.26038104543233,0.04867690782616492,1,EELS,Gold
222.23986321446017,0.050620694802604456,1,EELS,Gold
223.21934538348802,0.04852861117748033,1,EELS,Gold
224.19882755251587,0.07406054342521204,1,EELS,Gold
225.1783097215437,0.07656778811731824,1,EELS,Gold
226.15779189057156,0.1115616397808359,1,EELS,Gold
227.1372740595994,0.11291205396265157,1,EELS,Gold
228.11675622862725,0.10669431627749731,1,EELS,Gold
229.0962383976551,0.12877288253030728,1,EELS,Gold
230.07572056668295,0.1272288490181395,1,EELS,Gold
231.0552027357108,0.12006749218766329,1,EELS,Gold
232.03468490473864,0.12204482853525958,1,EELS,Gold
233.0141670737665,0.1430870617583681,1,EELS,Gold
233.99364924279433,0.1331507879638398,1,EELS,Gold
234.97313141182215,0.1491834230186776,1,EELS,Gold
235.95261358085,0.13621499181595775,1,EELS,Gold
236.93209574987785,0.12973219189201748,1,EELS,Gold
237.9115779189057,0.14211136540937497,1,EELS,Gold
238.89106008793354,0.15424694992280985,1,EELS,Gold
239.8705422569614,0.15272032468440402,1,EELS,Gold
240.85002442598923,0.1260504292846444,1,EELS,Gold
241.82950659501708,0.13576454103605884,1,EELS,Gold
242.80898876404493,0.16260890603548023,1,EELS,Gold
243.78847093307277,0.1313061863337107,1,EELS,Gold
244.76795310210062,0.13175986544154014,1,EELS,Gold
245.74743527112847,0.13373579035068717,1,EELS,Gold
246.7269174401563,0.11489248348471612,1,EELS,Gold
247.70639960918416,0.12217430558426313,1,EELS,Gold
248.685881778212,0.09809566098616983,1,EELS,Gold
249.66536394723985,0.1190266505096531,1,EELS,Gold
250.6448461162677,0.11517820749005674,1,EELS,Gold
251.62432828529552,0.11327546096551855,1,EELS,Gold
252.60381045432337,0.13087403526737643,1,EELS,Gold
253.5832926233512,0.10784470357482714,1,EELS,Gold
254.56277479237906,0.10613739025493482,1,EELS,Gold
255.5422569614069,0.11014753223002689,1,EELS,Gold
256.52173913043475,0.1317011250852928,1,EELS,Gold
257.5012212994626,0.10054712675277921,1,EELS,Gold
258.48070346849045,0.11525123612657863,1,EELS,Gold
259.4601856375183,0.10169821599976553,1,EELS,Gold
260.43966780654614,0.09980120401988192,1,EELS,Gold
261.419149975574,0.10275687742601329,1,EELS,Gold
262.39863214460183,0.0983225159195876,1,EELS,Gold
263.3781143136297,0.08843703611826798,1,EELS,Gold
264.3575964826575,0.10355640525472953,1,EELS,Gold
265.3370786516854,0.08722102482533275,1,EELS,Gold
266.3165608207132,0.09063661193841459,1,EELS,Gold
267.29604298974107,0.10458235142871491,1,EELS,Gold
268.2755251587689,0.10237861925228478,1,EELS,Gold
269.25500732779676,0.08197523799101072,1,EELS,Gold
270.2344894968246,0.1047759474760508,1,EELS,Gold
271.21397166585245,0.061556986098602204,1,EELS,Gold
272.1934538348803,0.07838850814877558,1,EELS,Gold
273.17293600390815,0.08443167996898222,1,EELS,Gold
274.152418172936,0.07981683999540357,1,EELS,Gold
275.13190034196384,0.06914440715335556,1,EELS,Gold
276.1113825109917,0.07194184449653836,1,EELS,Gold
277.09086468001954,0.06763012363157292,1,EELS,Gold
278.0703468490474,0.08526559334305839,1,EELS,Gold
279.04982901807523,0.07858436363352736,1,EELS,Gold
280.0293111871031,0.07222720666430613,1,EELS,Gold
281.0087933561309,0.07020962237508796,1,EELS,Gold
281.98827552515877,0.07516609949766195,1,EELS,Gold
282.9677576941866,0.0678629211364942,1,EELS,Gold
283.94723986321446,0.08178004248697415,1,EELS,Gold
284.9267220322423,0.06869489063162741,1,EELS,Gold
285.90620420127016,0.05262443092705645,1,EELS,Gold
286.885686370298,0.06419443064953773,1,EELS,Gold
287.86516853932585,0.0763796724362824,1,EELS,Gold
288.8446507083537,0.07385491414837718,1,EELS,Gold
289.82413287738154,0.05630945155229954,1,EELS,Gold
290.8036150464094,0.05663304760184041,1,EELS,Gold
291.7830972154372,0.08740172972246946,1,EELS,Gold
292.762579384465,0.04729172935439648,1,EELS,Gold
293.7420615534929,0.08787943271564719,1,EELS,Gold
294.7215437225207,0.04923119781293526,1,EELS,Gold
295.70102589154857,0.05808622866151202,1,EELS,Gold
296.6805080605764,0.06054471977455812,1,EELS,Gold
297.65999022960426,0.056807024046334934,1,EELS,Gold
298.6394723986321,0.05575408516448576,1,EELS,Gold
299.61895456765996,0.05985805872046717,1,EELS,Gold
300.5984367366878,0.04586145696946503,1,EELS,Gold
301.57791890571565,0.06172358968671527,1,EELS,Gold
302.5574010747435,0.050741806654384415,1,EELS,Gold
303.53688324377134,0.066366958016762,1,EELS,Gold
304.5163654127992,0.04090420425178921,1,EELS,Gold
305.49584758182704,0.0424075604099658,1,EELS,Gold
306.4753297508549,0.04669075701862871,1,EELS,Gold
307.45481191988273,0.051493389652960325,1,EELS,Gold
308.4342940889106,0.06041177721988336,1,EELS,Gold
309.4137762579384,0.02805856659830557,1,EELS,Gold
310.39325842696627,0.035197593757896384,1,EELS,Gold
311.3727405959941,0.048669289052206556,1,EELS,Gold
312.35222276502196,0.0542222519365535,1,EELS,Gold
313.3317049340498,0.04181757195008593,1,EELS,Gold
314.31118710307766,0.051178218044470966,1,EELS,Gold
315.2906692721055,0.033975502557629794,1,EELS,Gold
316.27015144113335,0.044292911708588886,1,EELS,Gold
317.2496336101612,0.033573576776921236,1,EELS,Gold
318.22911577918904,0.025262818850540505,1,EELS,Gold
319.2085979482169,0.04149557902201743,1,EELS,Gold
320.18808011724474,0.029443387901624755,1,EELS,Gold
321.1675622862726,0.02192864998769191,1,EELS,Gold
322.14704445530043,0.026486360579990917,1,EELS,Gold
323.1265266243283,0.04340325344225111,1,EELS,Gold
324.1060087933561,0.03288086997175995,1,EELS,Gold
325.085490962384,0.04969392141902918,1,EELS,Gold
326.0649731314118,0.04002532157346971,1,EELS,Gold
327.04445530043967,0.029508941178562845,1,EELS,Gold
328.0239374694675,0.03132097101344782,1,EELS,Gold
329.00341963849536,0.031178032306383857,1,EELS,Gold
329.9829018075232,0.027849603307317013,1,EELS,Gold
330.96238397655105,0.01022416203181284,1,EELS,Gold
331.9418661455789,0.020158312162337183,1,EELS,Gold
332.92134831460675,0.016714828017774727,1,EELS,Gold
333.9008304836346,0.021403597286382647,1,EELS,Gold
334.88031265266244,0.026298733734046502,1,EELS,Gold
335.8597948216903,0.04773100301342803,1,EELS,Gold
336.83927699071813,0.04099562610016963,1,EELS,Gold
337.8187591597459,0.030190049553815337,1,EELS,Gold
338.79824132877377,0.03120858007839747,1,EELS,Gold
339.7777234978016,0.010767008896806337,1,EELS,Gold
340.75720566682946,0.04040037381761229,1,EELS,Gold
341.7366878358573,0.027250237825702517,1,EELS,Gold
342.71617000488516,0.02309846480414237,1,EELS,Gold
343.695652173913,0.010990276119105418,1,EELS,Gold
344.67513434294085,0.024351713638170677,1,EELS,Gold
345.6546165119687,0.03432217776017319,1,EELS,Gold
346.63409868099654,0.017222261218170824,1,EELS,Gold
347.6135808500244,0.022077397662636694,1,EELS,Gold
348.59306301905224,0.03467473118526322,1,EELS,Gold
349.5725451880801,0.023206073322602043,1,EELS,Gold
350.55202735710793,0.02925248025217636,1,EELS,Gold
351.5315095261358,0.01677057378528262,1,EELS,Gold
352.5109916951636,0.017319833671650894,1,EELS,Gold
353.4904738641915,0.008127286932534625,1,EELS,Gold
354.4699560332193,0.01595494745452564,1,EELS,Gold
355.44943820224717,0.03048370806984326,1,EELS,Gold
356.428920371275,0.039910342158257,1,EELS,Gold
357.40840254030286,0.024604821152758038,1,EELS,Gold
358.3878847093307,0.036498337601512845,1,EELS,Gold
359.36736687835855,0.0064338177622852415,1,EELS,Gold
360.3468490473864,0.0228844951308437,1,EELS,Gold
361.32633121641425,0.015590388789755825,1,EELS,Gold
362.3058133854421,0.03579245195361952,1,EELS,Gold
363.28529555446994,0.004957656687206198,1,EELS,Gold
364.2647777234978,0.00438521146963434,1,EELS,Gold
365.24425989252563,0.026589267217959543,1,EELS,Gold
366.2237420615535,0.02,1,EELS,Gold
367.2032242305813,0.006860384936349568,1,EELS,Gold
368.1827063996092,0.004247126988705897,1,EELS,Gold
369.162188568637,0.0332949445834624,1,EELS,Gold
370.14167073766487,0.015022566789923829,1,EELS,Gold
371.1211529066927,0.03045242286308491,1,EELS,Gold
372.10063507572056,0.020795142255964752,1,EELS,Gold
373.0801172447484,0.005006461359785835,1,EELS,Gold
374.05959941377625,0.011520084402458079,1,EELS,Gold
375.0390815828041,0.035496955760031895,1,EELS,Gold
376.01856375183195,0.0,1,EELS,Gold
376.9980459208598,0.03876423042462682,1,EELS,Gold
377.97752808988764,0.03192254763005515,1,EELS,Gold
378.9570102589155,0.014920196931244094,1,EELS,Gold
379.93649242794334,0.0,1,EELS,Gold
380.9159745969712,0.023148462566877845,1,EELS,Gold
381.89545676599903,0.007994712520434486,1,EELS,Gold
382.8749389350268,0.031613628987298185,1,EELS,Gold
383.85442110405467,0.0,1,EELS,Gold
384.8339032730825,0.0025382409592747983,1,EELS,Gold
385.81338544211036,0.008540809507254275,1,EELS,Gold
386.7928676111382,0.008805669941266334,1,EELS,Gold
387.77234978016605,0.0035785471467196465,1,EELS,Gold
388.7518319491939,0.024366632509804295,1,EELS,Gold
389.73131411822175,0.0,1,EELS,Gold
390.7107962872496,0.006261574280534893,1,EELS,Gold
391.69027845627744,0.008794745112059561,1,EELS,Gold
392.6697606253053,0.012671586689122325,1,EELS,Gold
393.64924279433313,0.024542307335082086,1,EELS,Gold
394.628724963361,0.0,1,EELS,Gold
395.6082071323888,0.0,1,EELS,Gold
396.5876893014167,0.019910783856491768,1,EELS,Gold
397.5671714704445,0.010139186064925348,1,EELS,Gold
398.54665363947237,0.01,1,EELS,Gold
399.5261358085002,0.02231814322022209,1,EELS,Gold
400.50561797752806,0.007555199588560617,1,EELS,Gold
401.4851001465559,0.018283136309543348,1,EELS,Gold
402.46458231558375,0.006826299896469563,1,EELS,Gold
403.4440644846116,0.03703995951246179,1,EELS,Gold
404.42354665363945,0.023811870779578664,1,EELS,Gold
405.4030288226673,0.0032587722421278903,1,EELS,Gold
406.38251099169514,0.015598215743929535,1,EELS,Gold
407.361993160723,0.02216453715398594,1,EELS,Gold
408.34147532975084,0.01943634864377336,1,EELS,Gold
409.3209574987787,0.0,1,EELS,Gold
410.30043966780653,0.01227122205964876,1,EELS,Gold
411.2799218368344,0.015970298302667406,1,EELS,Gold
412.2594040058622,0.0,1,EELS,Gold
413.23888617489007,0.0,1,EELS,Gold
414.2183683439179,0.01,1,EELS,Gold
415.19785051294576,0.0020511836672365328,1,EELS,Gold
416.1773326819736,0.02202753339089305,1,EELS,Gold
417.15681485100146,0.019944027025136046,1,EELS,Gold
418.1362970200293,0.005290866347363675,1,EELS,Gold
419.11577918905715,0.021061007642002645,1,EELS,Gold
420.095261358085,0.01,1,EELS,Gold
421.07474352711284,0.0,1,EELS,Gold
422.0542256961407,0.0036401248871228767,1,EELS,Gold
423.03370786516854,0.01804556476410326,1,EELS,Gold
424.0131900341964,0.0037182915868759336,1,EELS,Gold
424.99267220322423,0.0,1,EELS,Gold
425.9721543722521,0.01299380338588862,1,EELS,Gold
426.9516365412799,0.02,1,EELS,Gold
427.93111871030777,0.010589470471779208,1,EELS,Gold
428.91060087933556,0.007428795166495483,1,EELS,Gold
429.8900830483634,0.01,1,EELS,Gold
430.86956521739125,0.0,1,EELS,Gold
431.8490473864191,0.02,1,EELS,Gold
432.82852955544695,0.0027853167590390924,1,EELS,Gold
433.8080117244748,0.013103006198833592,1,EELS,Gold
434.78749389350264,0.02,1,EELS,Gold
435.7669760625305,0.008379562126237982,1,EELS,Gold
436.74645823155834,0.01,1,EELS,Gold
437.7259404005862,0.0,1,EELS,Gold
438.70542256961403,0.011971825223150327,1,EELS,Gold
439.6849047386419,0.01,1,EELS,Gold
440.6643869076697,0.0,1,EELS,Gold
441.64386907669757,0.01,1,EELS,Gold
442.6233512457254,0.032883401719745076,1,EELS,Gold
443.60283341475326,0.0031526629537408607,1,EELS,Gold
444.5823155837811,0.0,1,EELS,Gold
445.56179775280896,0.004874369544966974,1,EELS,Gold
446.5412799218368,0.0014972619154138946,1,EELS,Gold
447.52076209086465,0.00034109366668485467,1,EELS,Gold
448.5002442598925,0.008811514686763815,1,EELS,Gold
449.47972642892034,0.010227166992611825,1,EELS,Gold
450.4592085979482,0.01,1,EELS,Gold
451.43869076697604,0.01,1,EELS,Gold
452.4181729360039,0.0,1,EELS,Gold
453.39765510503173,0.01,1,EELS,Gold
454.3771372740596,0.0,1,EELS,Gold
455.3566194430874,0.0361824540408084,1,EELS,Gold
456.33610161211527,0.018978328662685017,1,EELS,Gold
457.3155837811431,0.01,1,EELS,Gold
458.29506595017097,0.018002988210669153,1,EELS,Gold
459.2745481191988,0.0152589613059812,1,EELS,Gold
460.25403028822666,0.03344883503527572,1,EELS,Gold
461.2335124572545,0.023429025056318015,1,EELS,Gold
462.21299462628235,0.010669759332715306,1,EELS,Gold
463.1924767953102,0.0,1,EELS,Gold
464.17195896433805,0.02,1,EELS,Gold
465.1514411333659,0.013945653826784171,1,EELS,Gold
466.13092330239374,0.01,1,EELS,Gold
467.1104054714216,0.0,1,EELS,Gold
468.08988764044943,0.01,1,EELS,Gold
469.0693698094773,0.0,1,EELS,Gold
470.0488519785051,0.028917497107837517,1,EELS,Gold
471.028334147533,0.010671874702324745,1,EELS,Gold
472.0078163165608,0.0015689807498400381,1,EELS,Gold
472.98729848558867,0.01671526249498574,1,EELS,Gold
473.96678065461646,0.002381737132392964,1,EELS,Gold
474.9462628236443,0.0,1,EELS,Gold
475.92574499267215,0.027071654001656398,1,EELS,Gold
476.9052271617,0.007006638612811342,1,EELS,Gold
477.88470933072784,0.0,1,EELS,Gold
478.8641914997557,0.01,1,EELS,Gold
479.84367366878354,0.01,1,EELS,Gold
480.8231558378114,0.01,1,EELS,Gold
481.80263800683923,0.020829238410949268,1,EELS,Gold
482.7821201758671,0.03083337449036881,1,EELS,Gold
483.7616023448949,0.0,1,EELS,Gold
484.7410845139228,0.0070542197901501775,1,EELS,Gold
485.7205666829506,0.0,1,EELS,Gold
486.70004885197847,0.01,1,EELS,Gold
487.6795310210063,0.0,1,EELS,Gold
488.65901319003416,0.0,1,EELS,Gold
489.638495359062,0.011698305655157797,1,EELS,Gold
490.61797752808985,0.01,1,EELS,Gold
491.5974596971177,0.00392108171231541,1,EELS,Gold
492.57694186614555,0.0006304889560775625,1,EELS,Gold
493.5564240351734,0.01,1,EELS,Gold
494.53590620420124,0.0,1,EELS,Gold
495.5153883732291,0.0,1,EELS,Gold
496.49487054225693,0.008771660451769582,1,EELS,Gold
497.4743527112848,0.006158270968866978,1,EELS,Gold
498.4538348803126,0.01,1,EELS,Gold
499.4333170493405,0.002027515674838834,1,EELS,Gold
500.4127992183683,0.008660890743975507,1,EELS,Gold
501.39228138739617,0.01,1,EELS,Gold
502.371763556424,0.02650620029532332,1,EELS,Gold
503.35124572545186,0.04,1,EELS,Gold
504.3307278944797,0.006752239710900209,1,EELS,Gold
505.31021006350755,0.0,1,EELS,Gold
506.2896922325354,0.0,1,EELS,Gold
507.2691744015632,0.01,1,EELS,Gold
508.24865657059104,0.011363075240880649,1,EELS,Gold
509.2281387396189,0.023507284792294827,1,EELS,Gold
510.20762090864673,0.0,1,EELS,Gold
511.1871030776746,0.00734361793157804,1,EELS,Gold
512.1665852467024,0.0,1,EELS,Gold
513.1460674157303,0.00012985816129560605,1,EELS,Gold
514.1255495847581,0.0,1,EELS,Gold
515.105031753786,0.01,1,EELS,Gold
516.0845139228138,0.0012489703191746046,1,EELS,Gold
517.0639960918417,0.01,1,EELS,Gold
518.0434782608695,0.0,1,EELS,Gold
519.0229604298974,0.02099266724136939,1,EELS,Gold
520.0024425989252,0.01,1,EELS,Gold
520.981924767953,0.01922972348793034,1,EELS,Gold
521.9614069369809,0.0,1,EELS,Gold
522.9408891060087,0.016087830556608545,1,EELS,Gold
523.9203712750366,0.015376240334555957,1,EELS,Gold
524.8998534440644,0.0,1,EELS,Gold
525.8793356130923,0.02,1,EELS,Gold
526.8588177821201,0.01652812364232475,1,EELS,Gold
527.838299951148,0.0,1,EELS,Gold
528.8177821201758,0.004408124995331794,1,EELS,Gold
529.7972642892037,0.02,1,EELS,Gold
530.7767464582315,0.001486907186208412,1,EELS,Gold
531.7562286272594,0.0,1,EELS,Gold
532.7357107962872,0.04249576995647519,1,EELS,Gold
533.715192965315,0.01317143087444129,1,EELS,Gold
534.6946751343429,0.0040110794292425025,1,EELS,Gold
535.6741573033707,0.0,1,EELS,Gold
536.6536394723986,0.01,1,EELS,Gold
537.6331216414264,0.0,1,EELS,Gold
538.6126038104543,0.014557573145771996,1,EELS,Gold
539.5920859794821,0.0,1,EELS,Gold
540.57156814851,0.013474218851557924,1,EELS,Gold
541.5510503175378,0.031678307237391824,1,EELS,Gold
542.5305324865657,0.009388290020408262,1,EELS,Gold
543.5100146555935,0.01,1,EELS,Gold
544.4894968246214,0.012740292390555139,1,EELS,Gold
545.4689789936492,0.01,1,EELS,Gold
546.4484611626771,0.01,1,EELS,Gold
547.4279433317049,0.0,1,EELS,Gold
548.4074255007328,0.0,1,EELS,Gold
549.3869076697606,0.01,1,EELS,Gold
550.3663898387885,0.010636196764279992,1,EELS,Gold
551.3458720078163,0.03754011708756755,1,EELS,Gold
552.3253541768441,0.0037701292356542944,1,EELS,Gold
553.304836345872,0.0,1,EELS,Gold
554.2843185148998,0.008882828924733188,1,EELS,Gold
555.2638006839277,0.0,1,EELS,Gold
556.2432828529555,0.0028150341873063554,1,EELS,Gold
557.2227650219834,0.018268421946397252,1,EELS,Gold
558.2022471910112,0.0,1,EELS,Gold
559.1817293600391,0.012060504077063355,1,EELS,Gold
560.1612115290669,0.0038422487552001116,1,EELS,Gold
561.1406936980948,0.0,1,EELS,Gold
562.1201758671226,0.006833245213058843,1,EELS,Gold
563.0996580361505,0.023533350117714055,1,EELS,Gold
564.0791402051783,0.012224255766934526,1,EELS,Gold
565.0586223742062,0.012896113723307819,1,EELS,Gold
566.038104543234,0.0,1,EELS,Gold
567.0175867122618,0.02,1,EELS,Gold
567.9970688812897,0.018818997128615695,1,EELS,Gold
568.9765510503175,0.02,1,EELS,Gold
569.9560332193454,0.011071233193097461,1,EELS,Gold
570.9355153883732,0.01,1,EELS,Gold
571.9149975574011,0.015217788410321962,1,EELS,Gold
572.8944797264289,0.003731455179519135,1,EELS,Gold
573.8739618954568,0.010906211345494826,1,EELS,Gold
574.8534440644846,0.04,1,EELS,Gold
575.8329262335125,0.0,1,EELS,Gold
576.8124084025403,0.0,1,EELS,Gold
577.7918905715682,0.0,1,EELS,Gold
578.771372740596,0.00415272654929732,1,EELS,Gold
579.7508549096239,0.008021475744079468,1,EELS,Gold
580.7303370786517,0.0,1,EELS,Gold
581.7098192476795,0.00916282780261677,1,EELS,Gold
582.6893014167074,0.014116382873670086,1,EELS,Gold
583.6687835857352,0.004503320175023239,1,EELS,Gold
584.6482657547631,0.04942485595952549,1,EELS,Gold
585.6277479237909,0.0,1,EELS,Gold
586.6072300928188,0.01,1,EELS,Gold
587.5867122618466,0.0,1,EELS,Gold
588.5661944308744,0.015528544706701732,1,EELS,Gold
589.5456765999022,0.006941091631999253,1,EELS,Gold
590.52515876893,0.0,1,EELS,Gold
591.5046409379579,0.0031165396210969185,1,EELS,Gold
592.4841231069857,0.01,1,EELS,Gold
593.4636052760136,0.025199701100943203,1,EELS,Gold
594.4430874450414,0.011570379680339969,1,EELS,Gold
595.4225696140693,0.0013653787238872752,1,EELS,Gold
596.4020517830971,0.017649062978032773,1,EELS,Gold
597.381533952125,0.005150070270329037,1,EELS,Gold
598.3610161211528,0.002524984548128914,1,EELS,Gold
599.3404982901807,0.0,1,EELS,Gold
600.3199804592085,0.005044964450795405,1,EELS,Gold
601.2994626282364,0.029428829600381574,1,EELS,Gold
602.2789447972642,0.013953493360507547,1,EELS,Gold
603.2584269662921,0.016478062430105012,1,EELS,Gold
604.2379091353199,0.0,1,EELS,Gold
605.2173913043478,0.01,1,EELS,Gold
606.1968734733756,0.0,1,EELS,Gold
607.1763556424035,0.000788094619189088,1,EELS,Gold
608.1558378114313,0.011377278941961283,1,EELS,Gold
609.1353199804591,0.0,1,EELS,Gold
610.114802149487,0.025813214276922507,1,EELS,Gold
611.0942843185148,0.0,1,EELS,Gold
612.0737664875427,0.0,1,EELS,Gold
613.0532486565705,0.01,1,EELS,Gold
614.0327308255984,0.01,1,EELS,Gold
615.0122129946262,0.018598615887588977,1,EELS,Gold
615.9916951636541,0.0009488777120137754,1,EELS,Gold
616.9711773326819,0.03,1,EELS,Gold
617.9506595017098,0.0,1,EELS,Gold
618.9301416707376,0.0,1,EELS,Gold
619.9096238397655,0.027216179986335805,1,EELS,Gold
620.8891060087933,0.0,1,EELS,Gold
621.8685881778212,0.01,1,EELS,Gold
622.848070346849,0.01,1,EELS,Gold
623.8275525158768,0.0,1,EELS,Gold
624.8070346849047,0.0,1,EELS,Gold
625.7865168539325,0.01,1,EELS,Gold
626.7659990229604,0.0,1,EELS,Gold
627.7454811919882,0.01728097930591177,1,EELS,Gold
628.7249633610161,0.019036415694089863,1,EELS,Gold
629.7044455300439,0.011667168148957942,1,EELS,Gold
630.6839276990718,0.0,1,EELS,Gold
631.6634098680996,0.01,1,EELS,Gold
632.6428920371275,0.0264187206634032,1,EELS,Gold
633.6223742061553,0.0007753677458194764,1,EELS,Gold
634.6018563751832,0.010312057768130009,1,EELS,Gold
635.581338544211,0.0,1,EELS,Gold
636.5608207132389,0.002187537489967179,1,EELS,Gold
637.5403028822667,0.0,1,EELS,Gold
638.5197850512945,0.0,1,EELS,Gold
639.4992672203224,0.0,1,EELS,Gold
640.4787493893502,0.01,1,EELS,Gold
641.4582315583781,0.02,1,EELS,Gold
642.4377137274059,0.0,1,EELS,Gold
643.4171958964338,0.0012438421681161011,1,EELS,Gold
644.3966780654616,0.01,1,EELS,Gold
645.3761602344895,0.015495331487128287,1,EELS,Gold
646.3556424035173,0.0,1,EELS,Gold
647.3351245725452,0.03128606314724139,1,EELS,Gold
648.314606741573,0.022861502216494176,1,EELS,Gold
649.2940889106009,0.0,1,EELS,Gold
650.2735710796287,0.01,1,EELS,Gold
651.2530532486566,0.0,1,EELS,Gold
652.2325354176844,0.0,1,EELS,Gold
653.2120175867122,0.02,1,EELS,Gold
654.1914997557401,0.01,1,EELS,Gold
655.170981924768,0.018016777158753414,1,EELS,Gold
656.1504640937958,0.009687304488826149,1,EELS,Gold
657.1299462628236,0.01311196714148319,1,EELS,Gold
658.1094284318515,0.007502710944402508,1,EELS,Gold
659.0889106008793,0.01,1,EELS,Gold
660.0683927699072,0.0,1,EELS,Gold
661.047874938935,0.005130710138164618,1,EELS,Gold
662.0273571079629,0.0,1,EELS,Gold
663.0068392769907,0.01740968376631756,1,EELS,Gold
663.9863214460186,0.0,1,EELS,Gold
664.9658036150464,0.01,1,EELS,Gold
665.9452857840743,0.007386316634047313,1,EELS,Gold
666.9247679531021,0.004665422882245912,1,EELS,Gold
667.90425012213,0.0,1,EELS,Gold
668.8837322911578,0.03195681274351801,1,EELS,Gold
669.8632144601856,0.01,1,EELS,Gold
670.8426966292135,0.006413109918504888,1,EELS,Gold
671.8221787982413,0.00617944673354962,1,EELS,Gold
672.8016609672692,0.0,1,EELS,Gold
673.781143136297,0.00345510242656211,1,EELS,Gold
674.7606253053249,0.01,1,EELS,Gold
675.7401074743527,0.009551600026458,1,EELS,Gold
676.7195896433806,0.0,1,EELS,Gold
677.6990718124084,0.0,1,EELS,Gold
678.6785539814363,0.010824175479800958,1,EELS,Gold
679.658036150464,0.0,1,EELS,Gold
680.6375183194918,0.0,1,EELS,Gold
681.6170004885197,0.01,1,EELS,Gold
682.5964826575475,0.00630329133062968,1,EELS,Gold
683.5759648265754,0.0,1,EELS,Gold
684.5554469956032,0.018018538978176603,1,EELS,Gold
685.5349291646311,0.0,1,EELS,Gold
686.5144113336589,0.027422288714226008,1,EELS,Gold
687.4938935026868,0.01227156338718694,1,EELS,Gold
688.4733756717146,0.0,1,EELS,Gold
689.4528578407425,0.0,1,EELS,Gold
690.4323400097703,0.014188401547144878,1,EELS,Gold
691.4118221787982,0.01,1,EELS,Gold
692.391304347826,0.021369084856654195,1,EELS,Gold
693.3707865168539,0.011280870343205334,1,EELS,Gold
694.3502686858817,0.011648232617674966,1,EELS,Gold
695.3297508549095,0.0,1,EELS,Gold
696.3092330239374,0.0,1,EELS,Gold
697.2887151929652,0.013252950199349868,1,EELS,Gold
698.2681973619931,0.01,1,EELS,Gold
699.2476795310209,0.0,1,EELS,Gold
700.2271617000488,0.007692690654444444,1,EELS,Gold
701.2066438690766,0.021854240073657733,1,EELS,Gold
702.1861260381045,0.0,1,EELS,Gold
703.1656082071323,0.010298575919403957,1,EELS,Gold
704.1450903761602,0.0036550880758563953,1,EELS,Gold
705.124572545188,0.03,1,EELS,Gold
706.1040547142159,0.0,1,EELS,Gold
707.0835368832437,0.0021060765061066784,1,EELS,Gold
708.0630190522716,0.01,1,EELS,Gold
709.0425012212994,0.014271507312987389,1,EELS,Gold
710.0219833903273,0.02,1,EELS,Gold
711.0014655593551,0.010603237556967668,1,EELS,Gold
711.980947728383,0.0049264113349767455,1,EELS,Gold
712.9604298974108,0.0027171795973700147,1,EELS,Gold
713.9399120664386,0.010128020459129796,1,EELS,Gold
714.9193942354665,0.01709135345948959,1,EELS,Gold
715.8988764044943,0.030450263738146473,1,EELS,Gold
716.8783585735222,0.0,1,EELS,Gold
717.85784074255,0.01,1,EELS,Gold
718.8373229115779,0.0,1,EELS,Gold
719.8168050806057,0.0003690787938025063,1,EELS,Gold
720.7962872496336,0.005382219144552675,1,EELS,Gold
721.7757694186614,0.0,1,EELS,Gold
722.7552515876893,0.012006635800249712,1,EELS,Gold
723.7347337567171,0.0,1,EELS,Gold
724.714215925745,0.0,1,EELS,Gold
725.6936980947728,0.0,1,EELS,Gold
726.6731802638006,0.01,1,EELS,Gold
727.6526624328285,0.01,1,EELS,Gold
728.6321446018563,0.02,1,EELS,Gold
729.6116267708842,0.010845344316605002,1,EELS,Gold
730.591108939912,0.0,1,EELS,Gold
731.5705911089399,0.02694632971301059,1,EELS,Gold
732.5500732779677,0.015129494596528922,1,EELS,Gold
733.5295554469956,0.0019829180933033054,1,EELS,Gold
734.5090376160234,0.03,1,EELS,Gold
735.4885197850513,0.01723959394316462,1,EELS,Gold
736.4680019540791,0.0,1,EELS,Gold
737.447484123107,0.0013407981007910147,1,EELS,Gold
738.4269662921348,0.02620658683879672,1,EELS,Gold
739.4064484611627,0.0,1,EELS,Gold
740.3859306301905,0.021816964246791134,1,EELS,Gold
741.3654127992183,0.01,1,EELS,Gold
742.3448949682462,0.0,1,EELS,Gold
743.324377137274,0.018155024100680033,1,EELS,Gold
744.3038593063019,0.0,1,EELS,Gold
745.2833414753297,0.01857917922179045,1,EELS,Gold
746.2628236443576,0.007311987660173704,1,EELS,Gold
747.2423058133854,0.0,1,EELS,Gold
748.2217879824133,0.006542948775433394,1,EELS,Gold
749.2012701514411,0.010011837628920004,1,EELS,Gold
750.180752320469,0.016434275200178587,1,EELS,Gold
751.1602344894968,0.01,1,EELS,Gold
752.1397166585247,0.02,1,EELS,Gold
753.1191988275525,0.01,1,EELS,Gold
754.0986809965804,0.0,1,EELS,Gold
755.0781631656082,0.006421252686997818,1,EELS,Gold
756.057645334636,0.0019030797163867572,1,EELS,Gold
757.0371275036639,0.02,1,EELS,Gold
758.0166096726917,0.00396781735677291,1,EELS,Gold
758.9960918417196,0.006317293529716548,1,EELS,Gold
759.9755740107474,0.005798962435517214,1,EELS,Gold
760.9550561797753,0.021112320103414677,1,EELS,Gold
761.9345383488031,0.008594328814523947,1,EELS,Gold
762.914020517831,0.004772045810318649,1,EELS,Gold
763.8935026868588,0.01,1,EELS,Gold
764.8729848558867,0.01,1,EELS,Gold
765.8524670249145,0.0044697787832074145,1,EELS,Gold
766.8319491939424,0.0022060416029296066,1,EELS,Gold
767.8114313629702,0.0028574245252716655,1,EELS,Gold
768.7909135319981,0.0,1,EELS,Gold
769.7703957010259,0.03,1,EELS,Gold
770.7498778700536,0.020828028266155405,1,EELS,Gold
771.7293600390815,0.0,1,EELS,Gold
772.7088422081093,0.007037040697127771,1,EELS,Gold
773.6883243771372,0.00037494643912423,1,EELS,Gold
774.667806546165,0.010389376211075418,1,EELS,Gold
775.6472887151929,0.009655289677036133,1,EELS,Gold
776.6267708842207,0.01,1,EELS,Gold
777.6062530532486,0.0010655432177471493,1,EELS,Gold
778.5857352222764,0.0,1,EELS,Gold
779.5652173913043,0.02,1,EELS,Gold
780.5446995603321,0.0,1,EELS,Gold
781.52418172936,0.0023498629874299797,1,EELS,Gold
782.5036638983878,0.01,1,EELS,Gold
783.4831460674156,0.012891421111544408,1,EELS,Gold
784.4626282364435,0.0,1,EELS,Gold
785.4421104054713,0.0,1,EELS,Gold
786.4215925744992,0.0,1,EELS,Gold
787.401074743527,0.024840849955007474,1,EELS,Gold
788.3805569125549,0.0020874751955786905,1,EELS,Gold
789.3600390815827,0.030606452858517333,1,EELS,Gold
790.3395212506106,0.0,1,EELS,Gold
791.3190034196384,0.002805842203578658,1,EELS,Gold
792.2984855886663,0.019155385949956714,1,EELS,Gold
793.2779677576941,0.02092098887215799,1,EELS,Gold
794.257449926722,0.010948485160287713,1,EELS,Gold
795.2369320957498,0.0,1,EELS,Gold
796.2164142647777,0.014455213584993439,1,EELS,Gold
797.1958964338055,0.02352761404191122,1,EELS,Gold
798.1753786028333,0.02,1,EELS,Gold
799.1548607718612,0.01,1,EELS,Gold
800.134342940889,0.014903568814751873,1,EELS,Gold
801.1138251099169,0.016190374588565218,1,EELS,Gold
802.0933072789447,0.01,1,EELS,Gold
803.0727894479726,0.01,1,EELS,Gold
804.0522716170004,0.0,1,EELS,Gold
805.0317537860283,0.0,1,EELS,Gold
806.0112359550561,0.0,1,EELS,Gold
806.990718124084,0.02,1,EELS,Gold
807.9702002931118,0.0,1,EELS,Gold
808.9496824621397,0.0,1,EELS,Gold
809.9291646311675,0.0024672920184175546,1,EELS,Gold
810.9086468001954,0.015892014429230963,1,EELS,Gold
811.8881289692232,0.0,1,EELS,Gold
812.867611138251,0.020117161644939284,1,EELS,Gold
813.8470933072789,0.0,1,EELS,Gold
814.8265754763067,0.0,1,EELS,Gold
815.8060576453346,0.006959988697132341,1,EELS,Gold
816.7855398143624,0.0,1,EELS,Gold
817.7650219833903,0.013977331514439445,1,EELS,Gold
818.7445041524181,0.0017745914771217877,1,EELS,Gold
819.723986321446,0.005099310693527526,1,EELS,Gold
820.7034684904738,0.013025845119736416,1,EELS,Gold
821.6829506595017,0.02511822291117645,1,EELS,Gold
822.6624328285295,0.0,1,EELS,Gold
823.6419149975574,0.02,1,EELS,Gold
824.6213971665852,0.03,1,EELS,Gold
825.6008793356131,0.01,1,EELS,Gold
826.5803615046409,0.01,1,EELS,Gold
827.5598436736688,0.022202301351806238,1,EELS,Gold
828.5393258426966,0.02456310031922749,1,EELS,Gold
829.5188080117244,0.0,1,EELS,Gold
830.4982901807523,0.01,1,EELS,Gold
831.4777723497801,0.014882786908119328,1,EELS,Gold
832.457254518808,0.0,1,EELS,Gold
833.4367366878358,0.016529786563090478,1,EELS,Gold
834.4162188568637,0.01214393524892115,1,EELS,Gold
835.3957010258915,0.0,1,EELS,Gold
836.3751831949194,0.015857122917558586,1,EELS,Gold
837.3546653639472,0.018390138356443275,1,EELS,Gold
838.3341475329751,0.0,1,EELS,Gold
839.3136297020029,0.0,1,EELS,Gold
840.2931118710308,0.002988942805102305,1,EELS,Gold
841.2725940400586,0.003484378343485521,1,EELS,Gold
842.2520762090865,0.026789621027690294,1,EELS,Gold
843.2315583781143,0.03057516073095525,1,EELS,Gold
844.2110405471421,0.01,1,EELS,Gold
845.19052271617,0.01,1,EELS,Gold
846.1700048851978,0.01,1,EELS,Gold
847.1494870542257,0.01,1,EELS,Gold
848.1289692232535,0.0,1,EELS,Gold
849.1084513922814,0.028374875355335664,1,EELS,Gold
850.0879335613092,0.0,1,EELS,Gold
851.0674157303371,0.012354178145592074,1,EELS,Gold
852.0468978993649,0.01,1,EELS,Gold
853.0263800683928,0.012191976621784461,1,EELS,Gold
854.0058622374206,0.025843700704639365,1,EELS,Gold
854.9853444064485,0.0,1,EELS,Gold
855.9648265754763,0.0,1,EELS,Gold
856.9443087445042,0.01072037149847382,1,EELS,Gold
857.923790913532,0.007025417025233518,1,EELS,Gold
858.9032730825598,0.03890532642755513,1,EELS,Gold
859.8827552515877,0.006026002843456495,1,EELS,Gold
860.8622374206155,0.0,1,EELS,Gold
861.8417195896433,0.00609433220903822,1,EELS,Gold
862.8212017586711,0.021377815268007784,1,EELS,Gold
863.800683927699,0.008438085754575074,1,EELS,Gold
864.7801660967268,0.005243514978702443,1,EELS,Gold
865.7596482657547,0.01094875119776121,1,EELS,Gold
866.7391304347825,0.031995255036221665,1,EELS,Gold
867.7186126038104,0.01416613144022035,1,EELS,Gold
868.6980947728382,0.02668549216558723,1,EELS,Gold
869.677576941866,0.0,1,EELS,Gold
870.6570591108939,0.0015653273389857622,1,EELS,Gold
871.6365412799217,0.012374131351671796,1,EELS,Gold
872.6160234489496,0.0,1,EELS,Gold
873.5955056179774,0.0038287165702533535,1,EELS,Gold
874.5749877870053,0.0,1,EELS,Gold
875.5544699560331,0.0003614986416172998,1,EELS,Gold
876.533952125061,0.02310723041863174,1,EELS,Gold
877.5134342940888,0.002017104202805381,1,EELS,Gold
878.4929164631167,0.0005415513429821085,1,EELS,Gold
879.4723986321445,0.0,1,EELS,Gold
880.4518808011724,0.017678785407091842,1,EELS,Gold
881.4313629702002,0.006650903628408668,1,EELS,Gold
882.4108451392281,0.032130639367467295,1,EELS,Gold
883.3903273082559,0.01,1,EELS,Gold
884.3698094772838,0.0023023133228724283,1,EELS,Gold
885.3492916463116,0.0026105408457381303,1,EELS,Gold
886.3287738153394,0.016155503542219604,1,EELS,Gold
887.3082559843673,0.02,1,EELS,Gold
888.2877381533951,0.002912447792572981,1,EELS,Gold
889.267220322423,0.02626654684707578,1,EELS,Gold
890.2467024914508,0.001969680881650384,1,EELS,Gold
891.2261846604787,0.0,1,EELS,Gold
892.2056668295065,0.012045735213379505,1,EELS,Gold
893.1851489985344,0.01101613016981661,1,EELS,Gold
894.1646311675622,0.01,1,EELS,Gold
895.1441133365901,0.0014220021416264483,1,EELS,Gold
896.1235955056179,0.0,1,EELS,Gold
897.1030776746458,0.012253970010971565,1,EELS,Gold
898.0825598436736,0.0,1,EELS,Gold
899.0620420127015,0.0,1,EELS,Gold
900.0415241817293,0.0039124529939442935,1,EELS,Gold
901.0210063507571,0.016032025195850834,1,EELS,Gold
902.000488519785,0.02,1,EELS,Gold
902.9799706888128,0.0,1,EELS,Gold
903.9594528578407,0.01925084112885365,1,EELS,Gold
904.9389350268685,0.0,1,EELS,Gold
905.9184171958964,0.0,1,EELS,Gold
906.8978993649242,0.014552166544132935,1,EELS,Gold
907.8773815339521,0.0,1,EELS,Gold
908.8568637029799,0.0,1,EELS,Gold
909.8363458720078,0.01728866469239957,1,EELS,Gold
910.8158280410356,0.012550510344500755,1,EELS,Gold
911.7953102100635,0.02,1,EELS,Gold
912.7747923790913,0.0,1,EELS,Gold
913.7542745481192,0.008961890531315287,1,EELS,Gold
914.733756717147,0.00669497038198672,1,EELS,Gold
915.7132388861748,0.01,1,EELS,Gold
916.6927210552027,0.02889729116028384,1,EELS,Gold
917.6722032242305,0.0,1,EELS,Gold
918.6516853932584,0.0,1,EELS,Gold
919.6311675622862,0.01,1,EELS,Gold
920.6106497313141,0.01,1,EELS,Gold
921.5901319003419,0.002544581434544082,1,EELS,Gold
922.5696140693698,0.01,1,EELS,Gold
923.5490962383976,0.033653166158246386,1,EELS,Gold
924.5285784074255,0.0,1,EELS,Gold
925.5080605764533,0.02478737849012418,1,EELS,Gold
926.4875427454812,0.0,1,EELS,Gold
927.467024914509,0.02145748258471899,1,EELS,Gold
928.4465070835369,0.003557469817109747,1,EELS,Gold
929.4259892525647,0.004720342487276711,1,EELS,Gold
930.4054714215926,0.005872875553103986,1,EELS,Gold
931.3849535906204,0.014627883027161167,1,EELS,Gold
932.3644357596482,0.026616742685052423,1,EELS,Gold
933.3439179286761,0.013617589035999847,1,EELS,Gold
934.3234000977039,0.012065687047334055,1,EELS,Gold
935.3028822667318,0.017292432959579256,1,EELS,Gold
936.2823644357596,0.02,1,EELS,Gold
937.2618466047875,0.014748908802626241,1,EELS,Gold
938.2413287738153,0.01,1,EELS,Gold
939.2208109428432,0.028428766428242935,1,EELS,Gold
940.200293111871,0.0,1,EELS,Gold
941.1797752808989,0.02,1,EELS,Gold
942.1592574499267,0.0013670712119840114,1,EELS,Gold
943.1387396189546,0.01,1,EELS,Gold
944.1182217879824,0.008634110528173042,1,EELS,Gold
945.0977039570103,0.01,1,EELS,Gold
946.0771861260381,0.0,1,EELS,Gold
947.056668295066,0.0,1,EELS,Gold
948.0361504640938,0.01,1,EELS,Gold
949.0156326331216,0.01,1,EELS,Gold
949.9951148021495,0.01,1,EELS,Gold
950.9745969711773,0.007815146099458612,1,EELS,Gold
951.9540791402052,0.008073955546404585,1,EELS,Gold
952.9335613092329,0.0043986938270996045,1,EELS,Gold
953.9130434782608,0.0,1,EELS,Gold
954.8925256472886,0.01,1,EELS,Gold
955.8720078163165,0.01002238058247995,1,EELS,Gold
956.8514899853443,0.0,1,EELS,Gold
957.8309721543721,0.02539220623172984,1,EELS,Gold
958.8104543234,0.009007118062745597,1,EELS,Gold
959.7899364924278,0.0,1,EELS,Gold
960.7694186614557,0.00033284764067211995,1,EELS,Gold
961.7489008304835,0.0021838532017895325,1,EELS,Gold
962.7283829995114,0.0,1,EELS,Gold
963.7078651685392,0.01,1,EELS,Gold
964.6873473375671,0.0,1,EELS,Gold
965.6668295065949,0.0,1,EELS,Gold
966.6463116756228,0.0,1,EELS,Gold
967.6257938446506,0.0383927151801364,1,EELS,Gold
968.6052760136785,0.016593880449429752,1,EELS,Gold
969.5847581827063,0.0,1,EELS,Gold
970.5642403517342,0.00589750233228652,1,EELS,Gold
971.543722520762,0.014329728509218827,1,EELS,Gold
972.5232046897898,0.009487910303894493,1,EELS,Gold
973.5026868588177,0.0006655798014353113,1,EELS,Gold
974.4821690278455,0.0,1,EELS,Gold
975.4616511968734,0.01717845435987098,1,EELS,Gold
976.4411333659012,0.004070315716426735,1,EELS,Gold
977.4206155349291,0.019187181595652993,1,EELS,Gold
978.4000977039569,0.006535110698390901,1,EELS,Gold
979.3795798729848,0.03076132290299881,1,EELS,Gold
980.3590620420126,0.01,1,EELS,Gold
981.3385442110405,0.02349287566781754,1,EELS,Gold
982.3180263800683,0.002071912372919411,1,EELS,Gold
983.2975085490962,0.021222237922645826,1,EELS,Gold
984.276990718124,0.0,1,EELS,Gold
985.2564728871519,0.027761539829534006,1,EELS,Gold
986.2359550561797,0.0020747253375225073,1,EELS,Gold
987.2154372252076,0.0,1,EELS,Gold
988.1949193942354,0.01,1,EELS,Gold
989.1744015632632,0.01,1,EELS,Gold
990.1538837322911,0.004381962859129762,1,EELS,Gold
991.1333659013189,0.0053882127393684864,1,EELS,Gold
992.1128480703468,0.0,1,EELS,Gold
993.0923302393746,0.02,1,EELS,Gold
994.0718124084025,0.02190469301268146,1,EELS,Gold
995.0512945774303,0.017674769902124014,1,EELS,Gold
996.0307767464582,0.014505432457822359,1,EELS,Gold
997.010258915486,0.000442846082652416,1,EELS,Gold
997.9897410845139,0.0012793676806543918,1,EELS,Gold
998.9692232535417,0.01631239040456281,1,EELS,Gold
999.9487054225696,0.0,1,EELS,Gold
1000.9281875915974,0.0,1,EELS,Gold
1001.9076697606253,0.0,1,EELS,Gold
1002.8871519296531,0.024126435760568214,1,EELS,Gold
1003.866634098681,0.006655444632631898,1,EELS,Gold
1004.8461162677088,0.0,1,EELS,Gold
1005.8255984367366,0.01610768729800401,1,EELS,Gold
1006.8050806057645,0.0,1,EELS,Gold
1007.7845627747923,0.01,1,EELS,Gold
1008.7640449438202,0.0023434194839726937,1,EELS,Gold
1009.743527112848,0.010733571989281742,1,EELS,Gold
1010.7230092818759,0.017228561431823993,1,EELS,Gold
1011.7024914509037,0.0,1,EELS,Gold
1012.6819736199316,0.01105543345391557,1,EELS,Gold
1013.6614557889594,0.01,1,EELS,Gold
1014.6409379579873,0.0,1,EELS,Gold
1015.6204201270151,0.02906615057195553,1,EELS,Gold
1016.599902296043,0.01670664289901993,1,EELS,Gold
1017.5793844650708,0.0,1,EELS,Gold
1018.5588666340986,0.015112737531799014,1,EELS,Gold
1019.5383488031264,0.02412896455287889,1,EELS,Gold
1020.5178309721543,0.0,1,EELS,Gold
1021.4973131411821,0.00408997162377156,1,EELS,Gold
1022.47679531021,0.015091711649000902,1,EELS,Gold
1023.4562774792378,0.0027116098338124143,1,EELS,Gold
1024.4357596482657,0.01,1,EELS,Gold
1025.4152418172935,0.02,1,EELS,Gold
1026.3947239863214,0.01,1,EELS,Gold
1027.3742061553492,0.01201341100382034,1,EELS,Gold
1028.3536883243771,0.005596795690856269,1,EELS,Gold
1029.3331704934049,0.0,1,EELS,Gold
1030.3126526624328,0.007923031258044102,1,EELS,Gold
1031.2921348314605,0.01,1,EELS,Gold
1032.2716170004885,0.011768608500000286,1,EELS,Gold
1033.2510991695162,0.0,1,EELS,Gold
1034.2305813385442,0.01,1,EELS,Gold
1035.210063507572,0.0,1,EELS,Gold
1036.1895456766,0.0,1,EELS,Gold
1037.1690278456276,0.011891226794453333,1,EELS,Gold
1038.1485100146556,0.0,1,EELS,Gold
1039.1279921836833,0.0035857268368006475,1,EELS,Gold
1040.1074743527113,0.0,1,EELS,Gold
1041.086956521739,0.004916928183979681,1,EELS,Gold
1042.066438690767,0.0008349861654464123,1,EELS,Gold
1043.0459208597947,0.0,1,EELS,Gold
1044.0254030288227,0.020212323730301546,1,EELS,Gold
1045.0048851978504,0.0,1,EELS,Gold
1045.9843673668784,0.0,1,EELS,Gold
1046.963849535906,0.01,1,EELS,Gold
1047.943331704934,0.015357381539132306,1,EELS,Gold
1048.9228138739618,0.018722416387696873,1,EELS,Gold
1049.9022960429897,0.01,1,EELS,Gold
1050.8817782120175,0.01,1,EELS,Gold
1051.8612603810454,0.01,1,EELS,Gold
1052.8407425500732,0.021231552526687326,1,EELS,Gold
1053.8202247191011,0.013945950076961333,1,EELS,Gold
1054.7997068881289,0.004436514065742796,1,EELS,Gold
1055.7791890571568,0.020558353112843673,1,EELS,Gold
1056.7586712261846,0.0024857655148455724,1,EELS,Gold
1057.7381533952125,0.0,1,EELS,Gold
1058.7176355642403,0.01,1,EELS,Gold
1059.6971177332682,0.0,1,EELS,Gold
1060.676599902296,0.01,1,EELS,Gold
1061.656082071324,0.01747111737326665,1,EELS,Gold
1062.6355642403516,0.0005796927293876295,1,EELS,Gold
1063.6150464093796,0.017522073471058074,1,EELS,Gold
1064.5945285784073,0.0,1,EELS,Gold
1065.5740107474353,0.0008516797653979457,1,EELS,Gold
1066.553492916463,0.01,1,EELS,Gold
1067.532975085491,0.009395226505405677,1,EELS,Gold
1068.5124572545187,0.003583318950918131,1,EELS,Gold
1069.4919394235467,0.01022816752405557,1,EELS,Gold
1070.4714215925744,0.0,1,EELS,Gold
1071.4509037616024,0.04134873854632165,1,EELS,Gold
1072.43038593063,0.0,1,EELS,Gold
1073.409868099658,0.011351540552879215,1,EELS,Gold
1074.3893502686858,0.0,1,EELS,Gold
1075.3688324377138,0.016298683251150536,1,EELS,Gold
1076.3483146067415,0.0,1,EELS,Gold
1077.3277967757695,0.01,1,EELS,Gold
1078.3072789447972,0.029570098591025863,1,EELS,Gold
1079.2867611138252,0.02,1,EELS,Gold
1080.2662432828529,0.01226621534821531,1,EELS,Gold
1081.2457254518808,0.008922419823957866,1,EELS,Gold
1082.2252076209086,0.005103958930914555,1,EELS,Gold
1083.2046897899365,0.001582524560602402,1,EELS,Gold
1084.1841719589643,0.003770586745110253,1,EELS,Gold
1085.1636541279922,0.024560877118699094,1,EELS,Gold
1086.14313629702,0.0,1,EELS,Gold
1087.122618466048,0.0020991376364389467,1,EELS,Gold
1088.1021006350757,0.010763750972878069,1,EELS,Gold
1089.0815828041036,0.021323321273803104,1,EELS,Gold
1090.0610649731314,0.01215452213888386,1,EELS,Gold
1091.040547142159,0.0065622975915998446,1,EELS,Gold
1092.020029311187,0.0,1,EELS,Gold
1092.9995114802148,0.02670719852823252,1,EELS,Gold
1093.9789936492427,0.0,1,EELS,Gold
1094.9584758182705,0.013134168006338934,1,EELS,Gold
1095.9379579872984,0.0,1,EELS,Gold
1096.9174401563262,0.0,1,EELS,Gold
1097.8969223253541,0.013400436070952034,1,EELS,Gold
1098.8764044943819,0.003324842643589938,1,EELS,Gold
1099.8558866634098,0.004350431046122221,1,EELS,Gold
1100.8353688324376,0.016505530037015503,1,EELS,Gold
1101.8148510014655,0.004672726385851324,1,EELS,Gold
1102.7943331704932,0.0,1,EELS,Gold
1103.7738153395212,0.009879762431728877,1,EELS,Gold
1104.753297508549,0.03217839845929643,1,EELS,Gold
1105.732779677577,0.01,1,EELS,Gold
1106.7122618466046,0.006139693128191126,1,EELS,Gold
1107.6917440156326,0.01719801297361094,1,EELS,Gold
1108.6712261846603,0.01,1,EELS,Gold
1109.6507083536883,0.02407750815613554,1,EELS,Gold
1110.630190522716,0.02,1,EELS,Gold
1111.609672691744,0.011327198840410545,1,EELS,Gold
1112.5891548607717,0.0,1,EELS,Gold
1113.5686370297997,0.00020519650225059514,1,EELS,Gold
1114.5481191988274,0.0,1,EELS,Gold
1115.5276013678554,0.02,1,EELS,Gold
1116.507083536883,0.036308594102390235,1,EELS,Gold
1117.486565705911,0.01,1,EELS,Gold
1118.4660478749388,0.01,1,EELS,Gold
1119.4455300439668,0.0,1,EELS,Gold
1120.4250122129945,0.0,1,EELS,Gold
1121.4044943820224,0.01,1,EELS,Gold
1122.3839765510502,0.016792769319747703,1,EELS,Gold
1123.3634587200781,0.01034486758445977,1,EELS,Gold
1124.3429408891059,0.01,1,EELS,Gold
1125.3224230581338,0.02301830781416797,1,EELS,Gold
1126.3019052271616,0.01005857744404988,1,EELS,Gold
1127.2813873961895,0.0,1,EELS,Gold
1128.2608695652173,0.02,1,EELS,Gold
1129.2403517342452,0.023410789981152966,1,EELS,Gold
1130.219833903273,0.01,1,EELS,Gold
1131.199316072301,0.01,1,EELS,Gold
1132.1787982413286,0.020474374905196584,1,EELS,Gold
1133.1582804103566,0.024928264128688926,1,EELS,Gold
1134.1377625793843,0.024163282206642614,1,EELS,Gold
1135.1172447484123,0.005796266017445834,1,EELS,Gold
1136.09672691744,0.00611079721963887,1,EELS,Gold
1137.076209086468,0.018748841957550957,1,EELS,Gold
1138.0556912554957,0.007785100488352898,1,EELS,Gold
1139.0351734245237,0.002912560018076164,1,EELS,Gold
1140.0146555935514,0.001107360605755126,1,EELS,Gold
1140.9941377625794,0.01,1,EELS,Gold
1141.9736199316071,0.0,1,EELS,Gold
1142.953102100635,0.01,1,EELS,Gold
1143.9325842696628,0.0,1,EELS,Gold
1144.9120664386908,0.0,1,EELS,Gold
1145.8915486077185,0.0,1,EELS,Gold
1146.8710307767465,0.0,1,EELS,Gold
1147.8505129457742,0.0018788760050015216,1,EELS,Gold
1148.8299951148022,0.0142412030662711,1,EELS,Gold
1149.80947728383,0.009409985499417505,1,EELS,Gold
1150.7889594528579,0.0,1,EELS,Gold
1151.7684416218856,0.0,1,EELS,Gold
1152.7479237909135,0.009638823063325348,1,EELS,Gold
1153.7274059599413,0.01,1,EELS,Gold
1154.7068881289692,0.0,1,EELS,Gold
1155.686370297997,0.005653670782662626,1,EELS,Gold
1156.665852467025,0.0,1,EELS,Gold
1157.6453346360527,0.0011182613979744418,1,EELS,Gold
1158.6248168050806,0.0,1,EELS,Gold
1159.6042989741084,0.01,1,EELS,Gold
1160.5837811431363,0.013304834174068046,1,EELS,Gold
1161.563263312164,0.0,1,EELS,Gold
1162.542745481192,0.00453567336739633,1,EELS,Gold
1163.5222276502197,0.0,1,EELS,Gold
1164.5017098192477,0.005678009667076895,1,EELS,Gold
1165.4811919882754,0.0123267811315814,1,EELS,Gold
1166.4606741573034,0.03395598194035271,1,EELS,Gold
1167.4401563263311,0.0013201227405772648,1,EELS,Gold
1168.419638495359,0.0,1,EELS,Gold
1169.3991206643868,0.0012901555225718361,1,EELS,Gold
1170.3786028334148,0.005583916188887614,1,EELS,Gold
1171.3580850024425,0.0005410473048872433,1,EELS,Gold
1172.3375671714705,0.00045666062617418727,1,EELS,Gold
1173.3170493404982,0.0,1,EELS,Gold
1174.2965315095262,0.03,1,EELS,Gold
1175.276013678554,0.0,1,EELS,Gold
1176.2554958475819,0.017886508574639283,1,EELS,Gold
1177.2349780166096,0.0,1,EELS,Gold
1178.2144601856376,0.0,1,EELS,Gold
1179.1939423546653,0.01,1,EELS,Gold
1180.1734245236933,0.009169617215824358,1,EELS,Gold
1181.152906692721,0.0,1,EELS,Gold
1182.1323888617487,0.012767921522572799,1,EELS,Gold
1183.1118710307767,0.0,1,EELS,Gold
1184.0913531998044,0.002887473926505959,1,EELS,Gold
1185.0708353688324,0.0,1,EELS,Gold
1186.05031753786,0.02192042596568811,1,EELS,Gold
1187.029799706888,0.01,1,EELS,Gold
1188.0092818759158,0.013201656028927554,1,EELS,Gold
1188.9887640449438,0.006505655912548148,1,EELS,Gold
1189.9682462139715,0.00426203039566493,1,EELS,Gold
1190.9477283829995,0.0,1,EELS,Gold
1191.9272105520272,0.0,1,EELS,Gold
1192.9066927210552,0.010488333976555875,1,EELS,Gold
1193.8861748900829,0.0,1,EELS,Gold
1194.8656570591108,0.009872068534913632,1,EELS,Gold
1195.8451392281386,0.03258663436890947,1,EELS,Gold
1196.8246213971665,0.0,1,EELS,Gold
1197.8041035661943,0.0,1,EELS,Gold
1198.7835857352222,0.02,1,EELS,Gold
1199.76306790425,0.0463517803345866,1,EELS,Gold
1200.742550073278,0.0,1,EELS,Gold
1201.7220322423057,0.016758495845275407,1,EELS,Gold
1202.7015144113336,0.027151964031465428,1,EELS,Gold
1203.6809965803614,0.01,1,EELS,Gold
1204.6604787493893,0.01584395794629042,1,EELS,Gold
1205.639960918417,0.016648947821675836,1,EELS,Gold
1206.619443087445,0.02,1,EELS,Gold
1207.5989252564727,0.0,1,EELS,Gold
1208.5784074255007,0.01,1,EELS,Gold
1209.5578895945284,0.0,1,EELS,Gold
1210.5373717635564,0.0,1,EELS,Gold
1211.5168539325841,0.0,1,EELS,Gold
1212.496336101612,0.0003880547779694079,1,EELS,Gold
1213.4758182706398,0.01,1,EELS,Gold
1214.4553004396678,0.012424732017255993,1,EELS,Gold
1215.4347826086955,0.0,1,EELS,Gold
1216.4142647777235,0.003414901308078945,1,EELS,Gold
1217.3937469467512,0.048541404016690354,1,EELS,Gold
1218.3732291157792,0.0,1,EELS,Gold
1219.352711284807,0.013855105934695876,1,EELS,Gold
1220.3321934538349,0.0125611154931623,1,EELS,Gold
1221.3116756228626,0.0,1,EELS,Gold
1222.2911577918906,0.017098618384722316,1,EELS,Gold
1223.2706399609183,0.004313477227178536,1,EELS,Gold
1224.2501221299462,0.0,1,EELS,Gold
1225.229604298974,0.0,1,EELS,Gold
1226.209086468002,0.005734137538834047,1,EELS,Gold
1227.1885686370297,0.0008148516413970662,1,EELS,Gold
1228.1680508060576,0.005534431339626989,1,EELS,Gold
1229.1475329750854,0.01,1,EELS,Gold
1230.1270151441133,0.0017668403162361885,1,EELS,Gold
1231.106497313141,0.01,1,EELS,Gold
1232.085979482169,0.0,1,EELS,Gold
1233.0654616511968,0.01,1,EELS,Gold
1234.0449438202247,0.01,1,EELS,Gold
1235.0244259892524,0.022646278886084163,1,EELS,Gold
1236.0039081582804,0.011169575493315577,1,EELS,Gold
1236.9833903273081,0.006251815605896831,1,EELS,Gold
1237.962872496336,0.0,1,EELS,Gold
1238.9423546653638,0.0,1,EELS,Gold
1239.9218368343918,0.012411499516809782,1,EELS,Gold
1240.9013190034195,0.0014843529101071073,1,EELS,Gold
1241.8808011724475,0.023693947773408528,1,EELS,Gold
1242.8602833414752,0.004050352924089895,1,EELS,Gold
1243.8397655105032,0.001997548527417549,1,EELS,Gold
1244.819247679531,0.01,1,EELS,Gold
1245.7987298485589,0.0014007214621535905,1,EELS,Gold
1246.7782120175866,0.01,1,EELS,Gold
1247.7576941866146,0.007260686933881539,1,EELS,Gold
1248.7371763556423,0.009796064932716245,1,EELS,Gold
1249.7166585246703,0.01,1,EELS,Gold
1250.696140693698,0.0,1,EELS,Gold
1251.675622862726,0.0,1,EELS,Gold
1252.6551050317537,0.015219433980646659,1,EELS,Gold
1253.6345872007817,0.0,1,EELS,Gold
1254.6140693698094,0.01,1,EELS,Gold
1255.5935515388373,0.014001391179384825,1,EELS,Gold
1256.573033707865,0.035464499424012794,1,EELS,Gold
1257.552515876893,0.02,1,EELS,Gold
1258.5319980459208,0.008589938950136678,1,EELS,Gold
1259.5114802149487,0.0008726420061809169,1,EELS,Gold
1260.4909623839765,0.0,1,EELS,Gold
1261.4704445530044,0.00941169772072013,1,EELS,Gold
1262.4499267220322,0.0,1,EELS,Gold
1263.4294088910601,0.0027650255214650777,1,EELS,Gold
1264.4088910600879,0.0033188448313541522,1,EELS,Gold
1265.3883732291158,0.0,1,EELS,Gold
1266.3678553981435,0.020155648830562665,1,EELS,Gold
1267.3473375671715,0.0,1,EELS,Gold
1268.3268197361992,0.0,1,EELS,Gold
1269.3063019052272,0.005509497682055965,1,EELS,Gold
1270.285784074255,0.0,1,EELS,Gold
1271.265266243283,0.00032492090447484596,1,EELS,Gold
1272.2447484123106,0.0,1,EELS,Gold
1273.2242305813384,0.02111254215980221,1,EELS,Gold
1274.2037127503663,0.014878846325504142,1,EELS,Gold
1275.183194919394,0.02,1,EELS,Gold
1276.162677088422,0.008377733432951416,1,EELS,Gold
1277.1421592574497,0.02421606160597434,1,EELS,Gold
1278.1216414264777,0.005726330720227581,1,EELS,Gold
1279.1011235955054,0.010142721045470416,1,EELS,Gold
1280.0806057645334,0.03,1,EELS,Gold
1281.0600879335611,0.01,1,EELS,Gold
1282.039570102589,0.0,1,EELS,Gold
1283.0190522716168,0.01,1,EELS,Gold
1283.9985344406448,0.0,1,EELS,Gold
1284.9780166096725,0.0006146408146092553,1,EELS,Gold
1285.9574987787005,0.015439197422640244,1,EELS,Gold
1286.9369809477282,0.01,1,EELS,Gold
1287.9164631167562,0.01499859870923623,1,EELS,Gold
1288.895945285784,0.0006942651004910112,1,EELS,Gold
1289.8754274548119,0.0,1,EELS,Gold
1290.8549096238396,0.0,1,EELS,Gold
1291.8343917928676,0.02,1,EELS,Gold
1292.8138739618953,0.0,1,EELS,Gold
1293.7933561309233,0.01615518518774634,1,EELS,Gold
1294.772838299951,0.03564866967315865,1,EELS,Gold
1295.752320468979,0.012466625489054984,1,EELS,Gold
1296.7318026380067,0.01,1,EELS,Gold
1297.7112848070346,0.015240323372307943,1,EELS,Gold
1298.6907669760624,0.0015525169289415013,1,EELS,Gold
1299.6702491450903,0.0,1,EELS,Gold
1300.649731314118,0.0,1,EELS,Gold
1301.629213483146,0.0,1,EELS,Gold
1302.6086956521738,0.01,1,EELS,Gold
1303.5881778212017,0.0017741176692996688,1,EELS,Gold
1304.5676599902295,0.001673692794405651,1,EELS,Gold
1305.5471421592574,6.700964193091193e-05,1,EELS,Gold
1306.5266243282852,0.004492267162765521,1,EELS,Gold
1307.506106497313,0.03217935304882805,1,EELS,Gold
1308.4855886663408,0.02972039246566987,1,EELS,Gold
1309.4650708353688,0.0,1,EELS,Gold
1310.4445530043965,0.01,1,EELS,Gold
1311.4240351734245,0.009564889674598002,1,EELS,Gold
1312.4035173424522,0.0,1,EELS,Gold
1313.3829995114802,0.0,1,EELS,Gold
1314.362481680508,0.0,1,EELS,Gold
1315.341963849536,0.0,1,EELS,Gold
1316.3214460185636,0.005557896876547275,1,EELS,Gold
1317.3009281875916,0.02777811724312746,1,EELS,Gold
1318.2804103566193,0.02,1,EELS,Gold
1319.2598925256473,0.0,1,EELS,Gold
1320.239374694675,0.02,1,EELS,Gold
1321.218856863703,0.004031306478233639,1,EELS,Gold
1322.1983390327307,0.0,1,EELS,Gold
1323.1778212017587,0.01190528559789358,1,EELS,Gold
1324.1573033707864,0.0,1,EELS,Gold
1325.1367855398144,0.005943340357454372,1,EELS,Gold
1326.116267708842,0.021254668802378248,1,EELS,Gold
1327.09574987787,0.01,1,EELS,Gold
1328.0752320468978,0.022238904410107778,1,EELS,Gold
1329.0547142159257,0.02,1,EELS,Gold
1330.0341963849535,0.01,1,EELS,Gold
1331.0136785539814,0.01,1,EELS,Gold
1331.9931607230092,0.01,1,EELS,Gold
1332.9726428920371,0.01,1,EELS,Gold
1333.9521250610649,0.0,1,EELS,Gold
1334.9316072300928,0.02749254157596663,1,EELS,Gold
1335.9110893991206,0.01,1,EELS,Gold
1336.8905715681485,0.0,1,EELS,Gold
1337.8700537371762,0.0250391525998866,1,EELS,Gold
1338.8495359062042,0.0,1,EELS,Gold
1339.829018075232,0.01,1,EELS,Gold
1340.80850024426,0.010640519547701812,1,EELS,Gold
1341.7879824132876,0.0,1,EELS,Gold
1342.7674645823156,0.03865798700380871,1,EELS,Gold
1343.7469467513433,0.006948548988731237,1,EELS,Gold
1344.7264289203713,0.01,1,EELS,Gold
1345.705911089399,0.032036807197761356,1,EELS,Gold
1346.685393258427,0.02,1,EELS,Gold
1347.6648754274547,0.0076028599727356,1,EELS,Gold
1348.6443575964827,0.013086639675895764,1,EELS,Gold
1349.6238397655104,0.03331065407571758,1,EELS,Gold
1350.6033219345384,0.01596002857784947,1,EELS,Gold
1351.582804103566,0.00036042565050325884,1,EELS,Gold
1352.562286272594,0.01,1,EELS,Gold
1353.5417684416218,0.014725226764057329,1,EELS,Gold
1354.5212506106498,0.0,1,EELS,Gold
1355.5007327796775,0.02056855246926841,1,EELS,Gold
1356.4802149487055,0.0014263520569433496,1,EELS,Gold
1357.4596971177332,0.01,1,EELS,Gold
1358.4391792867611,0.0019173088195002586,1,EELS,Gold
1359.4186614557889,0.0,1,EELS,Gold
1360.3981436248168,0.0,1,EELS,Gold
1361.3776257938446,0.012276740410662065,1,EELS,Gold
1362.3571079628725,0.01,1,EELS,Gold
1363.3365901319003,0.0,1,EELS,Gold
1364.316072300928,0.00550687247940651,1,EELS,Gold
1365.295554469956,0.02212656089419081,1,EELS,Gold
1366.2750366389837,0.007366093819928882,1,EELS,Gold
1367.2545188080117,0.020192163172557964,1,EELS,Gold
1368.2340009770394,0.0,1,EELS,Gold
1369.2134831460673,0.0,1,EELS,Gold
1370.192965315095,0.025345500783973955,1,EELS,Gold
1371.172447484123,0.01,1,EELS,Gold
1372.1519296531508,0.0,1,EELS,Gold
1373.1314118221787,0.013579523814231798,1,EELS,Gold
1374.1108939912065,0.005706162778073691,1,EELS,Gold
1375.0903761602344,0.014682726760515534,1,EELS,Gold
1376.0698583292622,0.022114084257906282,1,EELS,Gold
1377.0493404982901,0.0,1,EELS,Gold
1378.0288226673179,0.019496093912240456,1,EELS,Gold
1379.0083048363458,0.010614422965758286,1,EELS,Gold
1379.9877870053735,0.0027722982890009133,1,EELS,Gold
1380.9672691744015,0.015621837818673313,1,EELS,Gold
1381.9467513434292,0.005212287204812787,1,EELS,Gold
1382.9262335124572,0.005522917415538055,1,EELS,Gold
1383.905715681485,0.010971343418579147,1,EELS,Gold
1384.885197850513,0.02,1,EELS,Gold
1385.8646800195406,0.0,1,EELS,Gold
1386.8441621885686,0.0,1,EELS,Gold
1387.8236443575963,0.0,1,EELS,Gold
1388.8031265266243,0.04100399175562836,1,EELS,Gold
1389.782608695652,0.0,1,EELS,Gold
1390.76209086468,0.0,1,EELS,Gold
1391.7415730337077,0.0,1,EELS,Gold
1392.7210552027357,0.003167691659275821,1,EELS,Gold
1393.7005373717634,0.01835215857657143,1,EELS,Gold
1394.6800195407914,0.008808391167213513,1,EELS,Gold
1395.659501709819,0.0,1,EELS,Gold
1396.638983878847,0.01,1,EELS,Gold
1397.6184660478748,0.0029143008596656315,1,EELS,Gold
1398.5979482169028,0.0,1,EELS,Gold
1399.5774303859305,0.016425618615360307,1,EELS,Gold
1400.5569125549584,0.005039630280137254,1,EELS,Gold
1401.5363947239862,0.017527178847459697,1,EELS,Gold
1402.5158768930141,0.006792844948564638,1,EELS,Gold
1403.4953590620419,0.02200038359127058,1,EELS,Gold
1404.4748412310698,0.021878248340460312,1,EELS,Gold
1405.4543234000976,0.01,1,EELS,Gold
1406.4338055691255,0.014108373245786416,1,EELS,Gold
1407.4132877381533,0.02,1,EELS,Gold
1408.3927699071812,0.0,1,EELS,Gold
1409.372252076209,0.026012191272719098,1,EELS,Gold
1410.351734245237,0.022661130170657583,1,EELS,Gold
1411.3312164142646,0.0002486983254482623,1,EELS,Gold
1412.3106985832926,0.0031815251324748993,1,EELS,Gold
1413.2901807523203,0.017392702903399386,1,EELS,Gold
1414.2696629213483,0.012487103560607032,1,EELS,Gold
1415.249145090376,0.0365663802353704,1,EELS,Gold
1416.228627259404,0.0057992507961497205,1,EELS,Gold
1417.2081094284317,0.0,1,EELS,Gold
1418.1875915974597,0.0077148945462845965,1,EELS,Gold
1419.1670737664874,0.003918933580691017,1,EELS,Gold
1420.1465559355154,0.013185725004320123,1,EELS,Gold
1421.126038104543,0.0068972298780726245,1,EELS,Gold
1422.105520273571,0.0,1,EELS,Gold
1423.0850024425988,0.0,1,EELS,Gold
1424.0644846116268,0.0,1,EELS,Gold
1425.0439667806545,0.02,1,EELS,Gold
1426.0234489496825,0.0,1,EELS,Gold
1427.0029311187102,0.006034151930427531,1,EELS,Gold
1427.9824132877382,0.027062648457804414,1,EELS,Gold
1428.961895456766,0.004056412236312442,1,EELS,Gold
1429.9413776257938,0.0,1,EELS,Gold
1430.9208597948216,0.004565596007565617,1,EELS,Gold
1431.9003419638495,0.012235563697879074,1,EELS,Gold
1432.8798241328773,0.01,1,EELS,Gold
1433.8593063019052,0.01,1,EELS,Gold
1434.838788470933,0.00018072919676192205,1,EELS,Gold
1435.818270639961,0.01,1,EELS,Gold
1436.7977528089887,0.016642719519084682,1,EELS,Gold
1437.7772349780166,0.0,1,EELS,Gold
1438.7567171470444,0.014309633722596542,1,EELS,Gold
1439.7361993160723,0.01,1,EELS,Gold
1440.7156814851,0.01,1,EELS,Gold
1441.695163654128,0.007398313873521874,1,EELS,Gold
1442.6746458231557,0.03,1,EELS,Gold
1443.6541279921837,0.02764406403168357,1,EELS,Gold
1444.6336101612114,0.0,1,EELS,Gold
1445.6130923302394,0.002322134047742467,1,EELS,Gold
1446.5925744992671,0.00954209158071872,1,EELS,Gold
1447.572056668295,0.0,1,EELS,Gold
1448.5515388373228,0.0,1,EELS,Gold
1449.5310210063508,0.0,1,EELS,Gold
1450.5105031753785,0.022907587850771332,1,EELS,Gold
1451.4899853444065,0.0,1,EELS,Gold
1452.4694675134342,0.026121604511108756,1,EELS,Gold
1453.4489496824622,0.01,1,EELS,Gold
1454.42843185149,0.011912515512658052,1,EELS,Gold
1455.4079140205176,0.01575833134806264,1,EELS,Gold
1456.3873961895456,0.020490497699667577,1,EELS,Gold
1457.3668783585733,0.021055603371010777,1,EELS,Gold
1458.3463605276013,0.012354355672161184,1,EELS,Gold
1459.325842696629,0.010474595356344206,1,EELS,Gold
1460.305324865657,0.006073297637154929,1,EELS,Gold
1461.2848070346847,0.027968602520626384,1,EELS,Gold
1462.2642892037127,0.0,1,EELS,Gold
1463.2437713727404,0.0,1,EELS,Gold
1464.2232535417684,0.0,1,EELS,Gold
1465.202735710796,0.01,1,EELS,Gold
1466.182217879824,0.01,1,EELS,Gold
1467.1617000488518,0.017132355494611787,1,EELS,Gold
1468.1411822178798,0.019773046543222768,1,EELS,Gold
1469.1206643869075,0.010931450166477308,1,EELS,Gold
1470.1001465559355,0.01509919613580397,1,EELS,Gold
1471.0796287249632,0.03,1,EELS,Gold
1472.0591108939911,0.01,1,EELS,Gold
1473.0385930630189,0.0,1,EELS,Gold
1474.0180752320468,0.0,1,EELS,Gold
1474.9975574010746,0.01,1,EELS,Gold
1475.9770395701025,0.0,1,EELS,Gold
1476.9565217391303,0.015465323848838631,1,EELS,Gold
1477.9360039081582,0.01646319713969902,1,EELS,Gold
1478.915486077186,0.0,1,EELS,Gold
1479.894968246214,0.018939473624683262,1,EELS,Gold
1480.8744504152417,0.012482824997350069,1,EELS,Gold
1481.8539325842696,0.005966235197604306,1,EELS,Gold
1482.8334147532973,0.01,1,EELS,Gold
1483.8128969223253,0.01,1,EELS,Gold
1484.792379091353,0.01,1,EELS,Gold
1485.771861260381,0.011133484715493063,1,EELS,Gold
1486.7513434294087,0.029250265661397497,1,EELS,Gold
1487.7308255984367,0.015768852961927676,1,EELS,Gold
1488.7103077674644,0.01,1,EELS,Gold
1489.6897899364924,0.01,1,EELS,Gold
1490.6692721055201,0.011466008240984019,1,EELS,Gold
1491.648754274548,0.0,1,EELS,Gold
1492.6282364435758,0.013325050541069736,1,EELS,Gold
1493.6077186126038,0.0,1,EELS,Gold
1494.5872007816315,0.0,1,EELS,Gold
1495.5666829506595,0.0,1,EELS,Gold
1496.5461651196872,0.005267164556319631,1,EELS,Gold
1497.5256472887152,0.0,1,EELS,Gold
1498.505129457743,0.01,1,EELS,Gold
1499.4846116267709,0.0,1,EELS,Gold
1500.4640937957986,0.0,1,EELS,Gold
1501.4435759648266,0.018104100715564998,1,EELS,Gold
1502.4230581338543,0.0269720507309719,1,EELS,Gold
1503.4025403028822,0.01,1,EELS,Gold
1504.38202247191,0.01,1,EELS,Gold
1505.361504640938,0.014809712768646576,1,EELS,Gold
1506.3409868099657,0.0,1,EELS,Gold
1507.3204689789936,0.0031065871704484575,1,EELS,Gold
1508.2999511480214,0.007841871568382263,1,EELS,Gold
1509.2794333170493,0.02254211776185122,1,EELS,Gold
1510.258915486077,0.0,1,EELS,Gold
1511.238397655105,0.01,1,EELS,Gold
1512.2178798241328,0.02,1,EELS,Gold
1513.1973619931607,0.01,1,EELS,Gold
1514.1768441621884,0.0,1,EELS,Gold
1515.1563263312164,0.003775142330996347,1,EELS,Gold
1516.1358085002441,0.009346045244104402,1,EELS,Gold
1517.115290669272,0.02,1,EELS,Gold
1518.0947728382998,0.015252314037581727,1,EELS,Gold
1519.0742550073278,0.01,1,EELS,Gold
1520.0537371763555,0.0,1,EELS,Gold
1521.0332193453835,0.0,1,EELS,Gold
1522.0127015144112,0.01,1,EELS,Gold
1522.9921836834392,0.02904456935719802,1,EELS,Gold
1523.971665852467,0.007543220798728212,1,EELS,Gold
1524.9511480214949,0.01,1,EELS,Gold
1525.9306301905226,0.02071127766332484,1,EELS,Gold
1526.9101123595506,0.015290110353589997,1,EELS,Gold
1527.8895945285783,0.01,1,EELS,Gold
1528.8690766976063,0.0,1,EELS,Gold
1529.848558866634,0.008128688122656798,1,EELS,Gold
1530.828041035662,0.01,1,EELS,Gold
1531.8075232046897,0.01302188342947691,1,EELS,Gold
1532.7870053737176,0.01,1,EELS,Gold
1533.7664875427454,0.014784962478235339,1,EELS,Gold
1534.7459697117733,0.0,1,EELS,Gold
1535.725451880801,0.0,1,EELS,Gold
1536.704934049829,0.021906990426898865,1,EELS,Gold
1537.6844162188568,0.0,1,EELS,Gold
1538.6638983878847,0.03,1,EELS,Gold
1539.6433805569125,0.0020732582872069094,1,EELS,Gold
1540.6228627259404,0.021742652527616903,1,EELS,Gold
1541.6023448949682,0.01,1,EELS,Gold
1542.5818270639961,0.0006566309642286376,1,EELS,Gold
1543.5613092330238,0.004401058904977056,1,EELS,Gold
1544.5407914020518,0.007096536641888997,1,EELS,Gold
1545.5202735710795,0.001827011248989937,1,EELS,Gold
1546.4997557401073,0.0,1,EELS,Gold
1547.4792379091352,0.01,1,EELS,Gold
1548.458720078163,0.010905975095444278,1,EELS,Gold
1549.438202247191,0.0,1,EELS,Gold
1550.4176844162187,0.0,1,EELS,Gold
1551.3971665852466,0.014479812223718014,1,EELS,Gold
1552.3766487542744,0.019246579821963233,1,EELS,Gold
1553.3561309233023,0.01,1,EELS,Gold
1554.33561309233,0.0,1,EELS,Gold
1555.315095261358,0.016341998019868714,1,EELS,Gold
1556.2945774303857,0.031011726753120937,1,EELS,Gold
1557.2740595994137,0.00023921679889538232,1,EELS,Gold
1558.2535417684414,0.01,1,EELS,Gold
1559.2330239374694,0.0,1,EELS,Gold
1560.2125061064971,0.014049532289536364,1,EELS,Gold
1561.191988275525,0.01,1,EELS,Gold
1562.1714704445528,0.01,1,EELS,Gold
1563.1509526135808,0.02,1,EELS,Gold
1564.1304347826085,0.0,1,EELS,Gold
1565.1099169516365,0.0012780481505589834,1,EELS,Gold
1566.0893991206642,0.026597121428074445,1,EELS,Gold
1567.0688812896922,0.013321981365194854,1,EELS,Gold
1568.04836345872,0.0,1,EELS,Gold
1569.0278456277479,0.0,1,EELS,Gold
1570.0073277967756,0.0,1,EELS,Gold
1570.9868099658036,0.009033670138084048,1,EELS,Gold
1571.9662921348313,0.01,1,EELS,Gold
1572.9457743038593,0.0,1,EELS,Gold
1573.925256472887,0.06259344112536537,1,EELS,Gold
1574.904738641915,0.0030736620651087864,1,EELS,Gold
1575.8842208109427,0.0,1,EELS,Gold
1576.8637029799706,0.01,1,EELS,Gold
1577.8431851489984,0.011739667210977732,1,EELS,Gold
1578.8226673180263,0.0011818060021351073,1,EELS,Gold
1579.802149487054,0.0,1,EELS,Gold
1580.781631656082,0.009401788450153926,1,EELS,Gold
1581.7611138251098,0.0,1,EELS,Gold
1582.7405959941377,0.019132359936430643,1,EELS,Gold
1583.7200781631655,0.021041917189118645,1,EELS,Gold
1584.6995603321934,0.02,1,EELS,Gold
1585.6790425012211,0.013091556761510399,1,EELS,Gold
1586.658524670249,0.0007184071278911739,1,EELS,Gold
1587.6380068392768,0.0187238238094318,1,EELS,Gold
1588.6174890083048,0.004970120065377698,1,EELS,Gold
1589.5969711773325,0.0,1,EELS,Gold
1590.5764533463605,0.0,1,EELS,Gold
1591.5559355153882,0.010530866329497608,1,EELS,Gold
1592.5354176844162,0.0,1,EELS,Gold
1593.514899853444,0.0,1,EELS,Gold
1594.4943820224719,0.01,1,EELS,Gold
1595.4738641914996,0.00434643221758379,1,EELS,Gold
1596.4533463605276,0.02106194138756434,1,EELS,Gold
1597.4328285295553,0.01,1,EELS,Gold
1598.4123106985833,0.00027305145163192284,1,EELS,Gold
1599.391792867611,0.014429359276396587,1,EELS,Gold
1600.371275036639,0.0,1,EELS,Gold
1601.3507572056667,0.02463973499174393,1,EELS,Gold
1602.3302393746947,0.0,1,EELS,Gold
1603.3097215437224,0.014394246678087207,1,EELS,Gold
1604.2892037127503,0.0,1,EELS,Gold
1605.268685881778,0.01007939662681478,1,EELS,Gold
1606.248168050806,0.022136077595731683,1,EELS,Gold
1607.2276502198338,0.026436972903017556,1,EELS,Gold
1608.2071323888617,0.015937507669175042,1,EELS,Gold
1609.1866145578895,0.0033485804342783493,1,EELS,Gold
1610.1660967269174,0.012008273903387438,1,EELS,Gold
1611.1455788959452,0.01,1,EELS,Gold
1612.1250610649731,0.0034779067268339145,1,EELS,Gold
1613.1045432340009,0.0,1,EELS,Gold
1614.0840254030288,0.001743780355619458,1,EELS,Gold
1615.0635075720566,0.0134638904417288,1,EELS,Gold
1616.0429897410845,0.01,1,EELS,Gold
1617.0224719101122,0.011651271095825463,1,EELS,Gold
1618.0019540791402,0.013458895612139985,1,EELS,Gold
1618.981436248168,0.01,1,EELS,Gold
1619.960918417196,0.0,1,EELS,Gold
1620.9404005862236,0.0,1,EELS,Gold
1621.9198827552516,0.013253586569670248,1,EELS,Gold
1622.8993649242793,0.0,1,EELS,Gold
1623.8788470933073,0.01,1,EELS,Gold
1624.858329262335,0.0,1,EELS,Gold
1625.837811431363,0.008598889018792412,1,EELS,Gold
1626.8172936003907,0.015601493417979765,1,EELS,Gold
1627.7967757694187,0.0,1,EELS,Gold
1628.7762579384464,0.0,1,EELS,Gold
1629.7557401074744,0.0,1,EELS,Gold
1630.735222276502,0.0,1,EELS,Gold
1631.71470444553,0.016500538114698798,1,EELS,Gold
1632.6941866145578,0.0,1,EELS,Gold
1633.6736687835858,0.012439041502691376,1,EELS,Gold
1634.6531509526135,0.015541144258743143,1,EELS,Gold
1635.6326331216414,0.010206949258272023,1,EELS,Gold
1636.6121152906692,0.0,1,EELS,Gold
1637.591597459697,0.04414272462225512,1,EELS,Gold
1638.5710796287249,0.01,1,EELS,Gold
1639.5505617977526,0.01,1,EELS,Gold
1640.5300439667806,0.0033331439652897286,1,EELS,Gold
1641.5095261358083,0.01,1,EELS,Gold
1642.4890083048363,0.012138166696267595,1,EELS,Gold
1643.468490473864,0.01,1,EELS,Gold
1644.447972642892,0.002076526412049641,1,EELS,Gold
1645.4274548119197,0.012914134984766854,1,EELS,Gold
1646.4069369809476,0.0,1,EELS,Gold
1647.3864191499754,0.006008549005953039,1,EELS,Gold
1648.3659013190033,0.0,1,EELS,Gold
1649.345383488031,0.01891119565770711,1,EELS,Gold
1650.324865657059,0.0,1,EELS,Gold
1651.3043478260868,0.0013136739811384802,1,EELS,Gold
1652.2838299951147,0.0197999858386373,1,EELS,Gold
1653.2633121641425,0.01,1,EELS,Gold
1654.2427943331704,0.0,1,EELS,Gold
1655.2222765021982,0.00526601231743312,1,EELS,Gold
1656.2017586712261,0.02185617103664876,1,EELS,Gold
1657.1812408402538,0.003600683206553846,1,EELS,Gold
1658.1607230092818,0.005013814205671256,1,EELS,Gold
1659.1402051783095,0.016498107352881323,1,EELS,Gold
1660.1196873473375,0.02134242636382679,1,EELS,Gold
1661.0991695163652,0.014204259640300981,1,EELS,Gold
1662.0786516853932,0.0,1,EELS,Gold
1663.058133854421,0.006884073198345641,1,EELS,Gold
1664.037616023449,0.019401464233602464,1,EELS,Gold
1665.0170981924766,0.02,1,EELS,Gold
1665.9965803615046,0.0,1,EELS,Gold
1666.9760625305323,0.011315552694423253,1,EELS,Gold
1667.9555446995603,0.01,1,EELS,Gold
1668.935026868588,0.0,1,EELS,Gold
1669.914509037616,0.01866720177807836,1,EELS,Gold
1670.8939912066437,0.0,1,EELS,Gold
1671.8734733756717,0.0,1,EELS,Gold
1672.8529555446994,0.003410106662916482,1,EELS,Gold
1673.8324377137274,0.0119671117049494,1,EELS,Gold
1674.811919882755,0.007259923141305719,1,EELS,Gold
1675.791402051783,0.0,1,EELS,Gold
1676.7708842208108,0.015257329529721433,1,EELS,Gold
1677.7503663898387,0.0,1,EELS,Gold
1678.7298485588665,0.007559264617275373,1,EELS,Gold
1679.7093307278944,0.006300237325680724,1,EELS,Gold
1680.6888128969222,0.0,1,EELS,Gold
1681.6682950659501,0.031100028605089373,1,EELS,Gold
1682.6477772349779,0.0,1,EELS,Gold
1683.6272594040058,0.018265411929346047,1,EELS,Gold
1684.6067415730336,0.013769936600654812,1,EELS,Gold
1685.5862237420615,0.04877170303242416,1,EELS,Gold
1686.5657059110893,0.0,1,EELS,Gold
1687.5451880801172,0.01,1,EELS,Gold
1688.524670249145,0.0,1,EELS,Gold
1689.504152418173,0.01,1,EELS,Gold
1690.4836345872006,0.018182482470139434,1,EELS,Gold
1691.4631167562286,0.01,1,EELS,Gold
1692.4425989252563,0.0,1,EELS,Gold
1693.4220810942843,0.0,1,EELS,Gold
1694.401563263312,0.009715986339602927,1,EELS,Gold
1695.38104543234,0.0174703834182207,1,EELS,Gold
1696.3605276013677,0.02,1,EELS,Gold
1697.3400097703957,0.01,1,EELS,Gold
1698.3194919394234,0.010738104242135744,1,EELS,Gold
1699.2989741084514,0.021873703871601754,1,EELS,Gold
1700.278456277479,0.01,1,EELS,Gold
1701.257938446507,0.0024547157702513108,1,EELS,Gold
1702.2374206155348,0.019969667929945232,1,EELS,Gold
1703.2169027845628,0.015134227570773425,1,EELS,Gold
1704.1963849535905,0.011957064788044917,1,EELS,Gold
1705.1758671226185,0.0102332337798552,1,EELS,Gold
1706.1553492916462,0.0,1,EELS,Gold
1707.1348314606741,0.006937146493398641,1,EELS,Gold
1708.1143136297019,0.0,1,EELS,Gold
1709.0937957987298,0.0,1,EELS,Gold
1710.0732779677576,0.005237174017679512,1,EELS,Gold
1711.0527601367855,0.014033409241920074,1,EELS,Gold
1712.0322423058133,0.0,1,EELS,Gold
1713.0117244748412,0.019741757317460053,1,EELS,Gold
1713.991206643869,0.016467046796763207,1,EELS,Gold
1714.970688812897,0.02343418857527554,1,EELS,Gold
1715.9501709819247,0.026749378889162477,1,EELS,Gold
1716.9296531509526,0.007592246617175254,1,EELS,Gold
1717.9091353199804,0.0007925620549131192,1,EELS,Gold
1718.8886174890083,0.01,1,EELS,Gold
1719.868099658036,0.0,1,EELS,Gold
1720.847581827064,0.0,1,EELS,Gold
1721.8270639960917,0.03216474111803643,1,EELS,Gold
1722.8065461651197,0.0,1,EELS,Gold
1723.7860283341474,0.021279657952067692,1,EELS,Gold
1724.7655105031754,0.02564770453148831,1,EELS,Gold
1725.7449926722031,0.0004677454046393781,1,EELS,Gold
1726.724474841231,0.017310979693273217,1,EELS,Gold
1727.7039570102588,0.02,1,EELS,Gold
1728.6834391792866,0.012007795045290605,1,EELS,Gold
1729.6629213483145,0.0,1,EELS,Gold
1730.6424035173422,0.0,1,EELS,Gold
1731.6218856863702,0.0,1,EELS,Gold
1732.601367855398,0.01,1,EELS,Gold
1733.580850024426,0.01,1,EELS,Gold
1734.5603321934536,0.0,1,EELS,Gold
1735.5398143624816,0.01,1,EELS,Gold
1736.5192965315093,0.0,1,EELS,Gold
1737.4987787005373,0.0,1,EELS,Gold
1738.478260869565,0.017774643128088505,1,EELS,Gold
1739.457743038593,0.000863561236015088,1,EELS,Gold
1740.4372252076207,0.0,1,EELS,Gold
1741.4167073766487,0.0,1,EELS,Gold
1742.3961895456764,0.01,1,EELS,Gold
1743.3756717147044,0.003277956320859501,1,EELS,Gold
1744.355153883732,0.013694010252350775,1,EELS,Gold
1745.33463605276,0.0,1,EELS,Gold
1746.3141182217878,0.011195769492854947,1,EELS,Gold
1747.2936003908158,0.01,1,EELS,Gold
1748.2730825598435,0.006869619668969731,1,EELS,Gold
1749.2525647288714,0.012196958175447654,1,EELS,Gold
1750.2320468978992,0.02,1,EELS,Gold
1751.2115290669271,0.0,1,EELS,Gold
1752.1910112359549,0.01,1,EELS,Gold
1753.1704934049828,0.01099675066959692,1,EELS,Gold
1754.1499755740106,0.0002398077582805586,1,EELS,Gold
1755.1294577430385,0.019412823106163657,1,EELS,Gold
1756.1089399120663,0.01,1,EELS,Gold
1757.0884220810942,0.0,1,EELS,Gold
1758.067904250122,0.0,1,EELS,Gold
1759.04738641915,0.0,1,EELS,Gold
1760.0268685881776,0.0,1,EELS,Gold
1761.0063507572056,0.01274675524705927,1,EELS,Gold
1761.9858329262333,0.0252108164251881,1,EELS,Gold
1762.9653150952613,0.0,1,EELS,Gold
1763.944797264289,0.00915081684346011,1,EELS,Gold
1764.924279433317,0.0,1,EELS,Gold
1765.9037616023447,0.02151936434712922,1,EELS,Gold
1766.8832437713727,0.026465357142354103,1,EELS,Gold
1767.8627259404004,0.01916910682546559,1,EELS,Gold
1768.8422081094284,0.0,1,EELS,Gold
1769.8216902784561,0.0,1,EELS,Gold
1770.801172447484,0.01,1,EELS,Gold
1771.7806546165118,0.0,1,EELS,Gold
1772.7601367855398,0.0,1,EELS,Gold
1773.7396189545675,0.0,1,EELS,Gold
1774.7191011235955,0.0,1,EELS,Gold
1775.6985832926232,0.01080583418554571,1,EELS,Gold
1776.6780654616512,0.0,1,EELS,Gold
1777.657547630679,0.0,1,EELS,Gold
1778.6370297997069,0.0017420801375905221,1,EELS,Gold
1779.6165119687346,0.004529326218688532,1,EELS,Gold
1780.5959941377625,0.0,1,EELS,Gold
1781.5754763067903,0.014412111234170443,1,EELS,Gold
1782.5549584758182,0.0,1,EELS,Gold
1783.534440644846,0.00021411049948708114,1,EELS,Gold
1784.513922813874,0.007244977613522676,1,EELS,Gold
1785.4934049829017,0.02240041327504676,1,EELS,Gold
1786.4728871519296,0.009742920473766598,1,EELS,Gold
1787.4523693209574,0.012950187459104265,1,EELS,Gold
1788.4318514899853,0.02,1,EELS,Gold
1789.411333659013,0.0037087504286359716,1,EELS,Gold
1790.390815828041,0.01,1,EELS,Gold
1791.3702979970687,0.0011289184512902875,1,EELS,Gold
1792.3497801660967,0.0,1,EELS,Gold
1793.3292623351244,0.0,1,EELS,Gold
1794.3087445041524,0.01,1,EELS,Gold
1795.2882266731801,0.01,1,EELS,Gold
1796.267708842208,0.0,1,EELS,Gold
1797.2471910112358,0.0009685288201447157,1,EELS,Gold
1798.2266731802638,0.001651965571772751,1,EELS,Gold
1799.2061553492915,0.0,1,EELS,Gold
1800.1856375183195,0.032930594729552315,1,EELS,Gold
1801.1651196873472,0.0,1,EELS,Gold
1802.1446018563752,0.00990907363762337,1,EELS,Gold
1803.124084025403,0.00437847333598474,1,EELS,Gold
1804.1035661944309,0.01,1,EELS,Gold
1805.0830483634586,0.02812798353132675,1,EELS,Gold
1806.0625305324866,0.0,1,EELS,Gold
1807.0420127015143,0.019395936220030684,1,EELS,Gold
1808.0214948705423,0.010226409826564043,1,EELS,Gold
1809.00097703957,0.0,1,EELS,Gold
1809.980459208598,0.014223218516288699,1,EELS,Gold
1810.9599413776257,0.01,1,EELS,Gold
1811.9394235466536,0.01296572694201989,1,EELS,Gold
1812.9189057156814,0.0026763424372521685,1,EELS,Gold
1813.8983878847093,0.01,1,EELS,Gold
1814.877870053737,0.0082907605681556,1,EELS,Gold
1815.857352222765,0.008114098790804852,1,EELS,Gold
1816.8368343917928,0.0,1,EELS,Gold
1817.8163165608207,0.013324277465064094,1,EELS,Gold
1818.7957987298485,0.01,1,EELS,Gold
1819.7752808988762,0.01055219212406339,1,EELS,Gold
1820.7547630679042,0.021512508380525226,1,EELS,Gold
1821.7342452369319,0.01,1,EELS,Gold
1822.7137274059598,0.0,1,EELS,Gold
1823.6932095749876,0.01,1,EELS,Gold
1824.6726917440155,0.01,1,EELS,Gold
1825.6521739130433,0.0,1,EELS,Gold
1826.6316560820712,0.007972864516602349,1,EELS,Gold
1827.611138251099,0.013384969731112261,1,EELS,Gold
1828.590620420127,0.024255698824443166,1,EELS,Gold
1829.5701025891547,0.02,1,EELS,Gold
1830.5495847581826,0.0,1,EELS,Gold
1831.5290669272104,0.02,1,EELS,Gold
1832.5085490962383,0.0,1,EELS,Gold
1833.488031265266,0.00986151786856489,1,EELS,Gold
1834.467513434294,0.026498359054349274,1,EELS,Gold
1835.4469956033217,0.01,1,EELS,Gold
1836.4264777723497,0.0,1,EELS,Gold
1837.4059599413774,0.0,1,EELS,Gold
1838.3854421104054,0.00287821663884474,1,EELS,Gold
1839.3649242794331,0.0,1,EELS,Gold
1840.344406448461,0.0043458276288196205,1,EELS,Gold
1841.3238886174888,0.0,1,EELS,Gold
1842.3033707865168,0.0,1,EELS,Gold
1843.2828529555445,0.005592338926668567,1,EELS,Gold
1844.2623351245725,0.010086226249026558,1,EELS,Gold
1845.2418172936002,0.0,1,EELS,Gold
1846.2212994626282,0.0,1,EELS,Gold
1847.200781631656,0.01,1,EELS,Gold
1848.1802638006839,0.01,1,EELS,Gold
1849.1597459697116,0.01,1,EELS,Gold
1850.1392281387396,0.026325349338705527,1,EELS,Gold
1851.1187103077673,0.005741464635622924,1,EELS,Gold
1852.0981924767952,0.01,1,EELS,Gold
1853.077674645823,0.017128861216907994,1,EELS,Gold
1854.057156814851,0.01,1,EELS,Gold
1855.0366389838787,0.011985324541459575,1,EELS,Gold
1856.0161211529066,0.003790526108110716,1,EELS,Gold
1856.9956033219344,0.01,1,EELS,Gold
1857.9750854909623,0.004586782017674126,1,EELS,Gold
1858.95456765999,0.0,1,EELS,Gold
1859.934049829018,0.01,1,EELS,Gold
1860.9135319980458,0.0,1,EELS,Gold
1861.8930141670737,0.0014783008614367424,1,EELS,Gold
1862.8724963361014,0.01769045361123003,1,EELS,Gold
1863.8519785051294,0.022777585770595882,1,EELS,Gold
1864.8314606741571,0.006527895394982094,1,EELS,Gold
1865.810942843185,0.015128497089639417,1,EELS,Gold
1866.7904250122128,0.0,1,EELS,Gold
1867.7699071812408,0.0,1,EELS,Gold
1868.7493893502685,0.03,1,EELS,Gold
1869.7288715192965,0.0,1,EELS,Gold
1870.7083536883242,0.0,1,EELS,Gold
1871.6878358573522,0.0,1,EELS,Gold
1872.66731802638,0.0,1,EELS,Gold
1873.6468001954079,0.027648205047230683,1,EELS,Gold
1874.6262823644356,0.0,1,EELS,Gold
1875.6057645334636,0.01246027313609367,1,EELS,Gold
1876.5852467024913,0.02117389217620739,1,EELS,Gold
1877.5647288715193,0.01,1,EELS,Gold
1878.544211040547,0.0,1,EELS,Gold
1879.523693209575,0.0,1,EELS,Gold
1880.5031753786027,0.02124886625989232,1,EELS,Gold
1881.4826575476307,0.019993415915451274,1,EELS,Gold
1882.4621397166584,0.01,1,EELS,Gold
1883.4416218856863,0.005085916448509121,1,EELS,Gold
1884.421104054714,0.01,1,EELS,Gold
1885.400586223742,0.01,1,EELS,Gold
1886.3800683927698,0.03698985934550435,1,EELS,Gold
1887.3595505617977,0.01,1,EELS,Gold
1888.3390327308255,0.012607869781081277,1,EELS,Gold
1889.3185148998534,0.004789982092125367,1,EELS,Gold
1890.2979970688812,0.011093946680215674,1,EELS,Gold
1891.2774792379091,0.0010192473729240098,1,EELS,Gold
1892.2569614069369,0.0031617248611534874,1,EELS,Gold
1893.2364435759648,0.01,1,EELS,Gold
1894.2159257449925,0.012764707194288138,1,EELS,Gold
1895.1954079140205,0.0,1,EELS,Gold
1896.1748900830482,0.006359288449287752,1,EELS,Gold
1897.1543722520762,0.0,1,EELS,Gold
1898.133854421104,0.0038658716549448803,1,EELS,Gold
1899.113336590132,0.0,1,EELS,Gold
1900.0928187591596,0.011504438075618344,1,EELS,Gold
1901.0723009281876,0.0,1,EELS,Gold
1902.0517830972153,0.0,1,EELS,Gold
1903.0312652662433,0.012890151076920374,1,EELS,Gold
1904.010747435271,0.0,1,EELS,Gold
1904.990229604299,0.02,1,EELS,Gold
1905.9697117733267,0.0,1,EELS,Gold
1906.9491939423547,0.03403765216134637,1,EELS,Gold
1907.9286761113824,0.0,1,EELS,Gold
1908.9081582804104,0.04202176297289821,1,EELS,Gold
1909.887640449438,0.010790408010138672,1,EELS,Gold
1910.8671226184658,0.012296416257977736,1,EELS,Gold
1911.8466047874938,0.0,1,EELS,Gold
1912.8260869565215,0.0029319415406007274,1,EELS,Gold
1913.8055691255495,0.015334505893188875,1,EELS,Gold
1914.7850512945772,0.006600125906577154,1,EELS,Gold
1915.7645334636052,0.005686159073936795,1,EELS,Gold
1916.744015632633,0.0009331296551121646,1,EELS,Gold
1917.7234978016609,0.0,1,EELS,Gold
1918.7029799706886,0.01,1,EELS,Gold
1919.6824621397166,0.0,1,EELS,Gold
1920.6619443087443,0.011582836907509945,1,EELS,Gold
1921.6414264777723,0.0060731420855904645,1,EELS,Gold
1922.6209086468,0.01,1,EELS,Gold
1923.600390815828,0.006708962517975504,1,EELS,Gold
1924.5798729848557,0.002005492662348476,1,EELS,Gold
1925.5593551538836,0.01,1,EELS,Gold
1926.5388373229114,0.01,1,EELS,Gold
1927.5183194919393,0.011484230456235258,1,EELS,Gold
1928.497801660967,0.009683197568328116,1,EELS,Gold
1929.477283829995,0.0,1,EELS,Gold
1930.4567659990228,0.004170827383549789,1,EELS,Gold
1931.4362481680507,0.0,1,EELS,Gold
1932.4157303370785,0.0,1,EELS,Gold
1933.3952125061064,0.0,1,EELS,Gold
1934.3746946751342,0.018814826014464065,1,EELS,Gold
1935.354176844162,0.019740189017554526,1,EELS,Gold
1936.3336590131898,0.0052521745145432145,1,EELS,Gold
1937.3131411822178,0.017414469589774995,1,EELS,Gold
1938.2926233512455,0.015283688007231785,1,EELS,Gold
1939.2721055202735,0.01,1,EELS,Gold
1940.2515876893012,0.004424326188608823,1,EELS,Gold
1941.2310698583292,0.01818253873299349,1,EELS,Gold
1942.210552027357,0.01771216024124023,1,EELS,Gold
1943.1900341963849,0.04214488955667994,1,EELS,Gold
1944.1695163654126,0.01724309959902736,1,EELS,Gold
1945.1489985344406,0.01360348534075457,1,EELS,Gold
1946.1284807034683,0.030933569044710466,1,EELS,Gold
1947.1079628724963,0.0,1,EELS,Gold
1948.087445041524,0.0,1,EELS,Gold
1949.066927210552,0.0,1,EELS,Gold
1950.0464093795797,0.01,1,EELS,Gold
1951.0258915486077,0.0,1,EELS,Gold
1952.0053737176354,0.0,1,EELS,Gold
1952.9848558866634,0.0,1,EELS,Gold
1953.964338055691,0.0,1,EELS,Gold
1954.943820224719,0.01,1,EELS,Gold
1955.9233023937468,0.0021942696427507094,1,EELS,Gold
1956.9027845627747,3.114988820870182e-05,1,EELS,Gold
1957.8822667318025,0.0,1,EELS,Gold
1958.8617489008304,0.016742523912741183,1,EELS,Gold
1959.8412310698582,0.009581162232226567,1,EELS,Gold
1960.8207132388861,0.0,1,EELS,Gold
1961.8001954079139,0.01,1,EELS,Gold
1962.7796775769418,0.01,1,EELS,Gold
1963.7591597459696,0.0,1,EELS,Gold
1964.7386419149975,0.008478615007516625,1,EELS,Gold
1965.7181240840252,0.01,1,EELS,Gold
1966.6976062530532,0.0,1,EELS,Gold
1967.677088422081,0.02,1,EELS,Gold
1968.656570591109,0.006499354760262437,1,EELS,Gold
1969.6360527601366,0.0,1,EELS,Gold
1970.6155349291646,0.010629903940626496,1,EELS,Gold
1971.5950170981923,0.00284762089769394,1,EELS,Gold
1972.5744992672203,0.013896081644929194,1,EELS,Gold
1973.553981436248,0.02,1,EELS,Gold
1974.533463605276,0.0,1,EELS,Gold
1975.5129457743037,0.0018936686928717485,1,EELS,Gold
1976.4924279433317,0.018382114202436194,1,EELS,Gold
1977.4719101123594,0.032654655338786004,1,EELS,Gold
1978.4513922813874,0.002156861626078501,1,EELS,Gold
1979.430874450415,0.01,1,EELS,Gold
1980.410356619443,0.008250406747300747,1,EELS,Gold
1981.3898387884708,0.0,1,EELS,Gold
1982.3693209574988,0.004876880900803193,1,EELS,Gold
1983.3488031265265,0.015173785923909569,1,EELS,Gold
1984.3282852955545,0.010831606062677251,1,EELS,Gold
1985.3077674645822,0.028164418160435443,1,EELS,Gold
1986.2872496336101,0.004020693724250232,1,EELS,Gold
1987.2667318026379,0.0,1,EELS,Gold
1988.2462139716658,0.0,1,EELS,Gold
1989.2256961406936,0.01,1,EELS,Gold
1990.2051783097215,0.0,1,EELS,Gold
1991.1846604787493,0.0,1,EELS,Gold
1992.1641426477772,0.01,1,EELS,Gold
1993.143624816805,0.0015721906529227508,1,EELS,Gold
1994.123106985833,0.0,1,EELS,Gold
1995.1025891548607,0.01145176320526395,1,EELS,Gold
1996.0820713238886,2.0380125537415886e-05,1,EELS,Gold
1997.0615534929163,0.01,1,EELS,Gold
1998.0410356619443,0.0,1,EELS,Gold
1999.020517830972,0.011601027523100844,1,EELS,Gold
2000.0,0.00843345380823156,1,EELS,Gold
-5.0,17.177243985480814,2,EELS,Gold
-4.020517830972154,14.86853466770361,2,EELS,Gold
-3.041035661944309,14.30729007003749,2,EELS,Gold
-2.061553492916463,14.0876181916326,2,EELS,Gold
-1.0820713238886177,13.963701999325883,2,EELS,Gold
-0.10258915486077225,21.124912017927603,2,EELS,Gold
0.0,23.898260937124657,2,EELS,Gold
0.8768930141670737,13.8593399517418,2,EELS,Gold
1.8563751831949187,13.840972399463466,2,EELS,Gold
2.8358573522227646,13.801883560897302,2,EELS,Gold
3.8153395212506105,13.79190821143993,2,EELS,Gold
4.7948216902784555,13.759174321947574,2,EELS,Gold
5.7743038593063005,13.761501527227608,2,EELS,Gold
6.753786028334147,13.731437796864679,2,EELS,Gold
7.733268197361992,13.769757853229935,2,EELS,Gold
8.712750366389837,13.721302645579131,2,EELS,Gold
9.692232535417684,13.751756423862728,2,EELS,Gold
10.67171470444553,13.72627418859731,2,EELS,Gold
11.651196873473374,13.747150410238334,2,EELS,Gold
12.630679042501221,13.728228351282972,2,EELS,Gold
13.610161211529064,13.699752284672279,2,EELS,Gold
14.589643380556911,13.718062733306814,2,EELS,Gold
15.569125549584758,13.70589382469487,2,EELS,Gold
16.5486077186126,13.719012172844673,2,EELS,Gold
17.528089887640448,13.70846440043251,2,EELS,Gold
18.507572056668295,13.711071016800124,2,EELS,Gold
19.487054225696138,13.695998490761363,2,EELS,Gold
20.466536394723985,13.698602032476892,2,EELS,Gold
21.44601856375183,13.6988885995704,2,EELS,Gold
22.425500732779675,13.71135024744636,2,EELS,Gold
23.40498290180752,13.718848507939626,2,EELS,Gold
24.38446507083537,13.692729291629748,2,EELS,Gold
25.36394723986321,13.73118896093803,2,EELS,Gold
26.34342940889106,13.686087915289917,2,EELS,Gold
27.3229115779189,13.686722124171176,2,EELS,Gold
28.30239374694675,13.698542708054536,2,EELS,Gold
29.281875915974595,13.686087915289917,2,EELS,Gold
30.261358085002442,13.686087915289917,2,EELS,Gold
31.24084025403029,13.711026101648958,2,EELS,Gold
32.22032242305813,13.714194188651033,2,EELS,Gold
33.199804592085975,13.709838794557916,2,EELS,Gold
34.17928676111382,13.712628807859364,2,EELS,Gold
35.15876893014167,13.707936586221116,2,EELS,Gold
36.138251099169516,13.711598580594226,2,EELS,Gold
37.11773326819736,13.69386309987126,2,EELS,Gold
38.0972154372252,13.706087915289917,2,EELS,Gold
39.07669760625305,13.704778785582334,2,EELS,Gold
40.056179775280896,13.687714484839802,2,EELS,Gold
41.03566194430874,13.706087915289917,2,EELS,Gold
42.01514411333659,13.691416024268628,2,EELS,Gold
42.994626282364436,13.686087915289917,2,EELS,Gold
43.974108451392276,13.698530527532373,2,EELS,Gold
44.95359062042012,13.696092086389653,2,EELS,Gold
45.93307278944797,13.705940927830895,2,EELS,Gold
46.912554958475816,13.686087915289917,2,EELS,Gold
47.89203712750366,13.687051612166814,2,EELS,Gold
48.87151929653151,13.702814286546564,2,EELS,Gold
49.85100146555935,13.696758874971602,2,EELS,Gold
50.830483634587196,13.712705953799333,2,EELS,Gold
51.80996580361504,13.70343131470207,2,EELS,Gold
52.78944797264289,13.71292506296344,2,EELS,Gold
53.76893014167074,13.686087915289917,2,EELS,Gold
54.74841231069858,13.698781026057947,2,EELS,Gold
55.72789447972642,13.6903248420631,2,EELS,Gold
56.70737664875427,13.696087915289917,2,EELS,Gold
57.68685881778212,13.702347086730022,2,EELS,Gold
58.66634098680996,13.700164113246526,2,EELS,Gold
59.6458231558378,13.695526422865996,2,EELS,Gold
60.62530532486565,13.686087915289917,2,EELS,Gold
61.6047874938935,13.69779177801696,2,EELS,Gold
62.58426966292134,13.696087915289917,2,EELS,Gold
63.56375183194919,13.69224477565343,2,EELS,Gold
64.54323400097704,13.686853598678912,2,EELS,Gold
65.52271617000488,13.687631034742829,2,EELS,Gold
66.50219833903273,13.697596967010472,2,EELS,Gold
67.48168050806058,13.686087915289917,2,EELS,Gold
68.46116267708842,13.709466927241564,2,EELS,Gold
69.44064484611626,13.686087915289917,2,EELS,Gold
70.4201270151441,13.696087915289917,2,EELS,Gold
71.39960918417195,13.69319099016282,2,EELS,Gold
72.3790913531998,13.6953083584147,2,EELS,Gold
73.35857352222764,13.698259973215999,2,EELS,Gold
74.33805569125549,13.688637268188415,2,EELS,Gold
75.31753786028334,13.693349639618189,2,EELS,Gold
76.29702002931118,13.686747373070995,2,EELS,Gold
77.27650219833903,13.703256675006921,2,EELS,Gold
78.25598436736688,13.717553240554293,2,EELS,Gold
79.23546653639472,13.707841433957544,2,EELS,Gold
80.21494870542257,13.686087915289917,2,EELS,Gold
81.1944308744504,13.70802793110931,2,EELS,Gold
82.17391304347825,13.696087915289917,2,EELS,Gold
83.1533952125061,13.686087915289917,2,EELS,Gold
84.13287738153394,13.69236894178294,2,EELS,Gold
85.11235955056179,13.686087915289917,2,EELS,Gold
86.09184171958964,13.695291929909168,2,EELS,Gold
87.07132388861748,13.686087915289917,2,EELS,Gold
88.05080605764533,13.70605660693129,2,EELS,Gold
89.03028822667318,13.686087915289917,2,EELS,Gold
90.00977039570103,13.69068161768343,2,EELS,Gold
90.98925256472887,13.706483201980243,2,EELS,Gold
91.9687347337567,13.686087915289917,2,EELS,Gold
92.94821690278455,13.697028339194281,2,EELS,Gold
93.9276990718124,13.686087915289917,2,EELS,Gold
94.90718124084025,13.713074849483746,2,EELS,Gold
95.88666340986809,13.698375511618345,2,EELS,Gold
96.86614557889594,13.686087915289917,2,EELS,Gold
97.84562774792379,13.686087915289917,2,EELS,Gold
98.82510991695163,13.696386116719928,2,EELS,Gold
99.80459208597948,13.686087915289917,2,EELS,Gold
100.78407425500733,13.686087915289917,2,EELS,Gold
101.76355642403517,13.686087915289917,2,EELS,Gold
102.74303859306302,13.686087915289917,2,EELS,Gold
103.72252076209085,13.716559470671402,2,EELS,Gold
104.7020029311187,13.686087915289917,2,EELS,Gold
105.68148510014655,13.696420179447179,2,EELS,Gold
106.66096726917439,13.690049181192549,2,EELS,Gold
107.64044943820224,13.686087915289917,2,EELS,Gold
108.61993160723009,13.707802401227331,2,EELS,Gold
109.59941377625793,13.695835235031831,2,EELS,Gold
110.57889594528578,13.686087915289917,2,EELS,Gold
111.55837811431363,13.7099613251172,2,EELS,Gold
112.53786028334147,13.69818870567243,2,EELS,Gold
113.51734245236932,13.697120270122724,2,EELS,Gold
114.49682462139717,13.696087915289917,2,EELS,Gold
115.476306790425,13.686087915289917,2,EELS,Gold
116.45578895945285,13.696087915289917,2,EELS,Gold
117.4352711284807,13.69966615078357,2,EELS,Gold
118.41475329750854,13.70321138138943,2,EELS,Gold
119.39423546653639,13.686087915289917,2,EELS,Gold
120.37371763556423,13.697523676598017,2,EELS,Gold
121.35319980459208,13.6992001451609,2,EELS,Gold
122.33268197361993,13.696087915289917,2,EELS,Gold
123.31216414264776,13.710721395820775,2,EELS,Gold
124.2916463116756,13.711835794369602,2,EELS,Gold
125.27112848070345,13.72087955147866,2,EELS,Gold
126.2506106497313,13.686087915289917,2,EELS,Gold
127.23009281875915,13.697044740534976,2,EELS,Gold
128.209574987787,13.704143246395407,2,EELS,Gold
129.18905715681484,13.700829187050616,2,EELS,Gold
130.1685393258427,13.686087915289917,2,EELS,Gold
131.14802149487053,13.686087915289917,2,EELS,Gold
132.12750366389838,13.686087915289917,2,EELS,Gold
133.10698583292623,13.692380157176347,2,EELS,Gold
134.08646800195407,13.714375847282561,2,EELS,Gold
135.06595017098192,13.696087915289917,2,EELS,Gold
136.04543234000977,13.698039265753954,2,EELS,Gold
137.02491450903761,13.686087915289917,2,EELS,Gold
138.00439667806546,13.73202658595835,2,EELS,Gold
138.9838788470933,13.686087915289917,2,EELS,Gold
139.96336101612115,13.68786348325054,2,EELS,Gold
140.942843185149,13.686087915289917,2,EELS,Gold
141.92232535417685,13.698956700288274,2,EELS,Gold
142.9018075232047,13.696087915289917,2,EELS,Gold
143.8812896922325,13.687074277094762,2,EELS,Gold
144.86077186126036,13.696152450415221,2,EELS,Gold
145.8402540302882,13.706087915289917,2,EELS,Gold
146.81973619931605,13.704814256873226,2,EELS,Gold
147.7992183683439,13.686087915289917,2,EELS,Gold
148.77870053737175,13.695057343135305,2,EELS,Gold
149.7581827063996,13.690808158266197,2,EELS,Gold
150.73766487542744,13.70003019657927,2,EELS,Gold
151.7171470444553,13.696087915289917,2,EELS,Gold
152.69662921348313,13.696087915289917,2,EELS,Gold
153.67611138251098,13.698311260683854,2,EELS,Gold
154.65559355153883,13.701460072827683,2,EELS,Gold
155.63507572056668,13.686087915289917,2,EELS,Gold
156.61455788959452,13.696087915289917,2,EELS,Gold
157.59404005862237,13.70103337111396,2,EELS,Gold
158.57352222765022,13.695627497141492,2,EELS,Gold
159.55300439667806,13.706087915289917,2,EELS,Gold
160.5324865657059,13.696087915289917,2,EELS,Gold
161.51196873473376,13.692391684673177,2,EELS,Gold
162.4914509037616,13.686087915289917,2,EELS,Gold
163.47093307278945,13.686087915289917,2,EELS,Gold
164.4504152418173,13.686087915289917,2,EELS,Gold
165.42989741084514,13.695322014486697,2,EELS,Gold
166.40937957987296,13.688323479257834,2,EELS,Gold
167.3888617489008,13.696087915289917,2,EELS,Gold
168.36834391792866,13.711161919918993,2,EELS,Gold
169.3478260869565,13.693487180478094,2,EELS,Gold
170.32730825598435,13.70346384967675,2,EELS,Gold
171.3067904250122,13.696087915289917,2,EELS,Gold
172.28627259404004,13.686611077599256,2,EELS,Gold
173.2657547630679,13.686087915289917,2,EELS,Gold
174.24523693209574,13.696087915289917,2,EELS,Gold
175.22471910112358,13.696087915289917,2,EELS,Gold
176.20420127015143,13.703324416241122,2,EELS,Gold
177.18368343917928,13.697391020899943,2,EELS,Gold
178.16316560820712,13.693277366987937,2,EELS,Gold
179.14264777723497,13.704086604571678,2,EELS,Gold
180.12212994626282,13.708883521994249,2,EELS,Gold
181.10161211529066,13.686087915289917,2,EELS,Gold
182.0810942843185,13.696087915289917,2,EELS,Gold
183.06057645334636,13.699394829973642,2,EELS,Gold
184.0400586223742,13.686087915289917,2,EELS,Gold
185.01954079140205,13.711986600302932,2,EELS,Gold
185.9990229604299,13.686087915289917,2,EELS,Gold
186.97850512945774,13.706087915289917,2,EELS,Gold
187.9579872984856,13.696087915289917,2,EELS,Gold
188.9374694675134,13.704174100619293,2,EELS,Gold
189.91695163654126,13.686087915289917,2,EELS,Gold
190.8964338055691,13.706087915289917,2,EELS,Gold
191.87591597459695,13.70381400757545,2,EELS,Gold
192.8553981436248,13.686087915289917,2,EELS,Gold
193.83488031265264,13.68718010388516,2,EELS,Gold
194.8143624816805,13.693464600495641,2,EELS,Gold
195.79384465070834,13.686087915289917,2,EELS,Gold
196.77332681973618,13.701698738261415,2,EELS,Gold
197.75280898876403,13.696087915289917,2,EELS,Gold
198.73229115779188,13.695181271846463,2,EELS,Gold
199.71177332681972,13.686087915289917,2,EELS,Gold
200.69125549584757,13.693844640318584,2,EELS,Gold
201.67073766487542,13.718052305059311,2,EELS,Gold
202.65021983390326,13.695554540753399,2,EELS,Gold
203.6297020029311,13.68932679755537,2,EELS,Gold
204.60918417195896,13.706087915289917,2,EELS,Gold
205.5886663409868,13.696087915289917,2,EELS,Gold
206.56814851001465,13.701751916092341,2,EELS,Gold
207.5476306790425,13.686087915289917,2,EELS,Gold
208.52711284807035,13.706087915289917,2,EELS,Gold
209.5065950170982,13.693520510147563,2,EELS,Gold
210.48607718612604,13.686087915289917,2,EELS,Gold
211.46555935515389,13.686087915289917,2,EELS,Gold
212.4450415241817,13.696087915289917,2,EELS,Gold
213.42452369320955,13.706087915289917,2,EELS,Gold
214.4040058622374,13.686087915289917,2,EELS,Gold
215.38348803126524,13.689186433842394,2,EELS,Gold
216.3629702002931,13.706405211559279,2,EELS,Gold
217.34245236932094,13.702072328803293,2,EELS,Gold
218.32193453834878,13.686087915289917,2,EELS,Gold
219.30141670737663,13.706087915289917,2,EELS,Gold
220.28089887640448,13.696786017465874,2,EELS,Gold
221.26038104543233,13.740190498608376,2,EELS,Gold
222.23986321446017,13.722081010859212,2,EELS,Gold
223.21934538348802,13.727775105165735,2,EELS,Gold
224.19882755251587,13.742593546300965,2,EELS,Gold
225.1783097215437,13.736717197591592,2,EELS,Gold
226.15779189057156,13.77572997181939,2,EELS,Gold
227.1372740595994,13.771193029876535,2,EELS,Gold
228.11675622862725,13.776565248940232,2,EELS,Gold
229.0962383976551,13.783872553284471,2,EELS,Gold
230.07572056668295,13.803273718822041,2,EELS,Gold
231.0552027357108,13.77704810294163,2,EELS,Gold
232.03468490473864,13.794192093379293,2,EELS,Gold
233.0141670737665,13.785991123381649,2,EELS,Gold
233.99364924279433,13.781655462494657,2,EELS,Gold
234.97313141182215,13.814970119141574,2,EELS,Gold
235.95261358085,13.793814362922157,2,EELS,Gold
236.93209574987785,13.793673901460023,2,EELS,Gold
237.9115779189057,13.80098503340739,2,EELS,Gold
238.89106008793354,13.789653662056871,2,EELS,Gold
239.8705422569614,13.814075366076377,2,EELS,Gold
240.85002442598923,13.801289849688885,2,EELS,Gold
241.82950659501708,13.795922595147282,2,EELS,Gold
242.80898876404493,13.788894597744427,2,EELS,Gold
243.78847093307277,13.797114373160662,2,EELS,Gold
244.76795310210062,13.801114159470705,2,EELS,Gold
245.74743527112847,13.785002869602264,2,EELS,Gold
246.7269174401563,13.780472919980053,2,EELS,Gold
247.70639960918416,13.781517601845561,2,EELS,Gold
248.685881778212,13.748732104044809,2,EELS,Gold
249.66536394723985,13.78189991177594,2,EELS,Gold
250.6448461162677,13.773422204381086,2,EELS,Gold
251.62432828529552,13.793275020118333,2,EELS,Gold
252.60381045432337,13.775836573166636,2,EELS,Gold
253.5832926233512,13.76210739298472,2,EELS,Gold
254.56277479237906,13.78231061351433,2,EELS,Gold
255.5422569614069,13.760730839977523,2,EELS,Gold
256.52173913043475,13.77480859099246,2,EELS,Gold
257.5012212994626,13.771529799518841,2,EELS,Gold
258.48070346849045,13.776918562056133,2,EELS,Gold
259.4601856375183,13.75767763478507,2,EELS,Gold
260.43966780654614,13.774694598554914,2,EELS,Gold
261.419149975574,13.749040846296026,2,EELS,Gold
262.39863214460183,13.78874523427211,2,EELS,Gold
263.3781143136297,13.765524534694787,2,EELS,Gold
264.3575964826575,13.763946361213472,2,EELS,Gold
265.3370786516854,13.757579326387294,2,EELS,Gold
266.3165608207132,13.760483234678082,2,EELS,Gold
267.29604298974107,13.77132339419988,2,EELS,Gold
268.2755251587689,13.760778680123884,2,EELS,Gold
269.25500732779676,13.753844706829117,2,EELS,Gold
270.2344894968246,13.740116274929917,2,EELS,Gold
271.21397166585245,13.75112048992689,2,EELS,Gold
272.1934538348803,13.749774998828423,2,EELS,Gold
273.17293600390815,13.758857300667582,2,EELS,Gold
274.152418172936,13.743824581908978,2,EELS,Gold
275.13190034196384,13.742891912863929,2,EELS,Gold
276.1113825109917,13.740027204025415,2,EELS,Gold
277.09086468001954,13.737621354037936,2,EELS,Gold
278.0703468490474,13.74500133746592,2,EELS,Gold
279.04982901807523,13.725658836790016,2,EELS,Gold
280.0293111871031,13.762949384026436,2,EELS,Gold
281.0087933561309,13.732072507668622,2,EELS,Gold
281.98827552515877,13.745214709363163,2,EELS,Gold
282.9677576941866,13.723910220962786,2,EELS,Gold
283.94723986321446,13.752713769497102,2,EELS,Gold
284.9267220322423,13.741792477435265,2,EELS,Gold
285.90620420127016,13.737922438253824,2,EELS,Gold
286.885686370298,13.74294372115329,2,EELS,Gold
287.86516853932585,13.734730305469027,2,EELS,Gold
288.8446507083537,13.71923509023721,2,EELS,Gold
289.82413287738154,13.727855853416502,2,EELS,Gold
290.8036150464094,13.750081841251696,2,EELS,Gold
291.7830972154372,13.736873443647273,2,EELS,Gold
292.762579384465,13.738083518526366,2,EELS,Gold
293.7420615534929,13.717182927095603,2,EELS,Gold
294.7215437225207,13.74292112319484,2,EELS,Gold
295.70102589154857,13.745761072259416,2,EELS,Gold
296.6805080605764,13.72113974714761,2,EELS,Gold
297.65999022960426,13.732042851272775,2,EELS,Gold
298.6394723986321,13.73308374392104,2,EELS,Gold
299.61895456765996,13.734878916347595,2,EELS,Gold
300.5984367366878,13.73074211644911,2,EELS,Gold
301.57791890571565,13.688824732016283,2,EELS,Gold
302.5574010747435,13.723395128309704,2,EELS,Gold
303.53688324377134,13.722859936178159,2,EELS,Gold
304.5163654127992,13.701993227222713,2,EELS,Gold
305.49584758182704,13.718619496555187,2,EELS,Gold
306.4753297508549,13.746075015176185,2,EELS,Gold
307.45481191988273,13.71424446428272,2,EELS,Gold
308.4342940889106,13.73421541359243,2,EELS,Gold
309.4137762579384,13.709534658666604,2,EELS,Gold
310.39325842696627,13.69427348133075,2,EELS,Gold
311.3727405959941,13.713289181553977,2,EELS,Gold
312.35222276502196,13.711760693769708,2,EELS,Gold
313.3317049340498,13.709845918620077,2,EELS,Gold
314.31118710307766,13.7122203014709,2,EELS,Gold
315.2906692721055,13.71556037957611,2,EELS,Gold
316.27015144113335,13.710819718497735,2,EELS,Gold
317.2496336101612,13.698954699292907,2,EELS,Gold
318.22911577918904,13.716310408879457,2,EELS,Gold
319.2085979482169,13.690984908800536,2,EELS,Gold
320.18808011724474,13.6894792591455,2,EELS,Gold
321.1675622862726,13.717463486403561,2,EELS,Gold
322.14704445530043,13.724638194519194,2,EELS,Gold
323.1265266243283,13.708433049726523,2,EELS,Gold
324.1060087933561,13.694346190686167,2,EELS,Gold
325.085490962384,13.720927000524318,2,EELS,Gold
326.0649731314118,13.705044169744712,2,EELS,Gold
327.04445530043967,13.691032383470485,2,EELS,Gold
328.0239374694675,13.699364734214381,2,EELS,Gold
329.00341963849536,13.713156299039838,2,EELS,Gold
329.9829018075232,13.730669033451653,2,EELS,Gold
330.96238397655105,13.711450256688577,2,EELS,Gold
331.9418661455789,13.733067284835283,2,EELS,Gold
332.92134831460675,13.686087915289917,2,EELS,Gold
333.9008304836346,13.71134668380266,2,EELS,Gold
334.88031265266244,13.696066468842622,2,EELS,Gold
335.8597948216903,13.707052624120134,2,EELS,Gold
336.83927699071813,13.70104984698522,2,EELS,Gold
337.8187591597459,13.716709014495406,2,EELS,Gold
338.79824132877377,13.703995356918966,2,EELS,Gold
339.7777234978016,13.718992938812647,2,EELS,Gold
340.75720566682946,13.7094255766919,2,EELS,Gold
341.7366878358573,13.700352193843898,2,EELS,Gold
342.71617000488516,13.709788079257692,2,EELS,Gold
343.695652173913,13.702740459659827,2,EELS,Gold
344.67513434294085,13.700929834784416,2,EELS,Gold
345.6546165119687,13.700148407679475,2,EELS,Gold
346.63409868099654,13.7129670575656,2,EELS,Gold
347.6135808500244,13.711093200538782,2,EELS,Gold
348.59306301905224,13.70810015648492,2,EELS,Gold
349.5725451880801,13.709115526453422,2,EELS,Gold
350.55202735710793,13.69872156032889,2,EELS,Gold
351.5315095261358,13.70804301323209,2,EELS,Gold
352.5109916951636,13.686833100599843,2,EELS,Gold
353.4904738641915,13.704683362985064,2,EELS,Gold
354.4699560332193,13.704768408030997,2,EELS,Gold
355.44943820224717,13.686087915289917,2,EELS,Gold
356.428920371275,13.708929521905027,2,EELS,Gold
357.40840254030286,13.692976519328365,2,EELS,Gold
358.3878847093307,13.709793948557987,2,EELS,Gold
359.36736687835855,13.71109230610745,2,EELS,Gold
360.3468490473864,13.700434341352395,2,EELS,Gold
361.32633121641425,13.688667503643803,2,EELS,Gold
362.3058133854421,13.697458412220543,2,EELS,Gold
363.28529555446994,13.703477335429485,2,EELS,Gold
364.2647777234978,13.704842716978426,2,EELS,Gold
365.24425989252563,13.717989576377098,2,EELS,Gold
366.2237420615535,13.701319145908977,2,EELS,Gold
367.2032242305813,13.686087915289917,2,EELS,Gold
368.1827063996092,13.690134574594342,2,EELS,Gold
369.162188568637,13.689625191893121,2,EELS,Gold
370.14167073766487,13.700068780141859,2,EELS,Gold
371.1211529066927,13.696087915289917,2,EELS,Gold
372.10063507572056,13.720835962100713,2,EELS,Gold
373.0801172447484,13.710088651437573,2,EELS,Gold
374.05959941377625,13.706028545999102,2,EELS,Gold
375.0390815828041,13.706401647217564,2,EELS,Gold
376.01856375183195,13.7180975410631,2,EELS,Gold
376.9980459208598,13.70292194362363,2,EELS,Gold
377.97752808988764,13.703567811841689,2,EELS,Gold
378.9570102589155,13.705076275018769,2,EELS,Gold
379.93649242794334,13.70215533667826,2,EELS,Gold
380.9159745969712,13.688604297124451,2,EELS,Gold
381.89545676599903,13.686087915289917,2,EELS,Gold
382.8749389350268,13.696174627757188,2,EELS,Gold
383.85442110405467,13.686087915289917,2,EELS,Gold
384.8339032730825,13.702142817300315,2,EELS,Gold
385.81338544211036,13.696087915289917,2,EELS,Gold
386.7928676111382,13.714609032936435,2,EELS,Gold
387.77234978016605,13.692167608894357,2,EELS,Gold
388.7518319491939,13.693915427028458,2,EELS,Gold
389.73131411822175,13.696972576537712,2,EELS,Gold
390.7107962872496,13.723562291739977,2,EELS,Gold
391.69027845627744,13.715938641007124,2,EELS,Gold
392.6697606253053,13.686087915289917,2,EELS,Gold
393.64924279433313,13.694219455352485,2,EELS,Gold
394.628724963361,13.686087915289917,2,EELS,Gold
395.6082071323888,13.686087915289917,2,EELS,Gold
396.5876893014167,13.696087915289917,2,EELS,Gold
397.5671714704445,13.715833186239244,2,EELS,Gold
398.54665363947237,13.686087915289917,2,EELS,Gold
399.5261358085002,13.711098123783193,2,EELS,Gold
400.50561797752806,13.701266811063505,2,EELS,Gold
401.4851001465559,13.715049618447226,2,EELS,Gold
402.46458231558375,13.696087915289917,2,EELS,Gold
403.4440644846116,13.705702277657583,2,EELS,Gold
404.42354665363945,13.707215587323178,2,EELS,Gold
405.4030288226673,13.686087915289917,2,EELS,Gold
406.38251099169514,13.686087915289917,2,EELS,Gold
407.361993160723,13.706924356615252,2,EELS,Gold
408.34147532975084,13.69274677808317,2,EELS,Gold
409.3209574987787,13.696832200099308,2,EELS,Gold
410.30043966780653,13.686087915289917,2,EELS,Gold
411.2799218368344,13.686087915289917,2,EELS,Gold
412.2594040058622,13.686087915289917,2,EELS,Gold
413.23888617489007,13.698773777599923,2,EELS,Gold
414.2183683439179,13.696087915289917,2,EELS,Gold
415.19785051294576,13.689793386519323,2,EELS,Gold
416.1773326819736,13.686087915289917,2,EELS,Gold
417.15681485100146,13.686087915289917,2,EELS,Gold
418.1362970200293,13.716529430184002,2,EELS,Gold
419.11577918905715,13.695778485215582,2,EELS,Gold
420.095261358085,13.686087915289917,2,EELS,Gold
421.07474352711284,13.686087915289917,2,EELS,Gold
422.0542256961407,13.686087915289917,2,EELS,Gold
423.03370786516854,13.686087915289917,2,EELS,Gold
424.0131900341964,13.705880661047148,2,EELS,Gold
424.99267220322423,13.718715341387664,2,EELS,Gold
425.9721543722521,13.696087915289917,2,EELS,Gold
426.9516365412799,13.696087915289917,2,EELS,Gold
427.93111871030777,13.691809346477719,2,EELS,Gold
428.91060087933556,13.706087915289917,2,EELS,Gold
429.8900830483634,13.696087915289917,2,EELS,Gold
430.86956521739125,13.70243332196912,2,EELS,Gold
431.8490473864191,13.697300967705909,2,EELS,Gold
432.82852955544695,13.690425760570577,2,EELS,Gold
433.8080117244748,13.696087915289917,2,EELS,Gold
434.78749389350264,13.690872345426994,2,EELS,Gold
435.7669760625305,13.699506694694179,2,EELS,Gold
436.74645823155834,13.686087915289917,2,EELS,Gold
437.7259404005862,13.712355965736826,2,EELS,Gold
438.70542256961403,13.701715626230795,2,EELS,Gold
439.6849047386419,13.705455189857119,2,EELS,Gold
440.6643869076697,13.691556524974102,2,EELS,Gold
441.64386907669757,13.694391690613369,2,EELS,Gold
442.6233512457254,13.702782568928315,2,EELS,Gold
443.60283341475326,13.702881290301018,2,EELS,Gold
444.5823155837811,13.686087915289917,2,EELS,Gold
445.56179775280896,13.686087915289917,2,EELS,Gold
446.5412799218368,13.70063333516022,2,EELS,Gold
447.52076209086465,13.696087915289917,2,EELS,Gold
448.5002442598925,13.696664244168291,2,EELS,Gold
449.47972642892034,13.69927272641831,2,EELS,Gold
450.4592085979482,13.686087915289917,2,EELS,Gold
451.43869076697604,13.703668541331384,2,EELS,Gold
452.4181729360039,13.719431072746957,2,EELS,Gold
453.39765510503173,13.716087915289917,2,EELS,Gold
454.3771372740596,13.693459238699102,2,EELS,Gold
455.3566194430874,13.68791684239185,2,EELS,Gold
456.33610161211527,13.71039771340244,2,EELS,Gold
457.3155837811431,13.697844220828369,2,EELS,Gold
458.29506595017097,13.686087915289917,2,EELS,Gold
459.2745481191988,13.693750696858533,2,EELS,Gold
460.25403028822666,13.696087915289917,2,EELS,Gold
461.2335124572545,13.698547673331392,2,EELS,Gold
462.21299462628235,13.686087915289917,2,EELS,Gold
463.1924767953102,13.705476147610227,2,EELS,Gold
464.17195896433805,13.698227183321883,2,EELS,Gold
465.1514411333659,13.686087915289917,2,EELS,Gold
466.13092330239374,13.686087915289917,2,EELS,Gold
467.1104054714216,13.696087915289917,2,EELS,Gold
468.08988764044943,13.701947142224212,2,EELS,Gold
469.0693698094773,13.689940746101206,2,EELS,Gold
470.0488519785051,13.70024739263645,2,EELS,Gold
471.028334147533,13.695499231931644,2,EELS,Gold
472.0078163165608,13.697308129422007,2,EELS,Gold
472.98729848558867,13.690730127005743,2,EELS,Gold
473.96678065461646,13.686087915289917,2,EELS,Gold
474.9462628236443,13.686087915289917,2,EELS,Gold
475.92574499267215,13.698142280229755,2,EELS,Gold
476.9052271617,13.696783634217967,2,EELS,Gold
477.88470933072784,13.692419362387362,2,EELS,Gold
478.8641914997557,13.696087915289917,2,EELS,Gold
479.84367366878354,13.696087915289917,2,EELS,Gold
480.8231558378114,13.686087915289917,2,EELS,Gold
481.80263800683923,13.70036091713069,2,EELS,Gold
482.7821201758671,13.706087915289917,2,EELS,Gold
483.7616023448949,13.686087915289917,2,EELS,Gold
484.7410845139228,13.686087915289917,2,EELS,Gold
485.7205666829506,13.698550658160645,2,EELS,Gold
486.70004885197847,13.686087915289917,2,EELS,Gold
487.6795310210063,13.701917454312879,2,EELS,Gold
488.65901319003416,13.702675644900701,2,EELS,Gold
489.638495359062,13.686240688543398,2,EELS,Gold
490.61797752808985,13.696087915289917,2,EELS,Gold
491.5974596971177,13.706087915289917,2,EELS,Gold
492.57694186614555,13.696087915289917,2,EELS,Gold
493.5564240351734,13.696087915289917,2,EELS,Gold
494.53590620420124,13.701048274185146,2,EELS,Gold
495.5153883732291,13.688155706440336,2,EELS,Gold
496.49487054225693,13.690933537470196,2,EELS,Gold
497.4743527112848,13.686087915289917,2,EELS,Gold
498.4538348803126,13.686087915289917,2,EELS,Gold
499.4333170493405,13.695965528878602,2,EELS,Gold
500.4127992183683,13.689829553432162,2,EELS,Gold
501.39228138739617,13.686087915289917,2,EELS,Gold
502.371763556424,13.692639526252607,2,EELS,Gold
503.35124572545186,13.70354961923452,2,EELS,Gold
504.3307278944797,13.686087915289917,2,EELS,Gold
505.31021006350755,13.697548873594442,2,EELS,Gold
506.2896922325354,13.698793711884974,2,EELS,Gold
507.2691744015632,13.72121497654875,2,EELS,Gold
508.24865657059104,13.686087915289917,2,EELS,Gold
509.2281387396189,13.693763084237498,2,EELS,Gold
510.20762090864673,13.686087915289917,2,EELS,Gold
511.1871030776746,13.692553414970103,2,EELS,Gold
512.1665852467024,13.686087915289917,2,EELS,Gold
513.1460674157303,13.696252310114373,2,EELS,Gold
514.1255495847581,13.693997159215309,2,EELS,Gold
515.105031753786,13.728480154742078,2,EELS,Gold
516.0845139228138,13.704962661334791,2,EELS,Gold
517.0639960918417,13.696087915289917,2,EELS,Gold
518.0434782608695,13.706087915289917,2,EELS,Gold
519.0229604298974,13.686087915289917,2,EELS,Gold
520.0024425989252,13.686087915289917,2,EELS,Gold
520.981924767953,13.696087915289917,2,EELS,Gold
521.9614069369809,13.69413998104831,2,EELS,Gold
522.9408891060087,13.686087915289917,2,EELS,Gold
523.9203712750366,13.69734216505043,2,EELS,Gold
524.8998534440644,13.691615104936309,2,EELS,Gold
525.8793356130923,13.696087915289917,2,EELS,Gold
526.8588177821201,13.696087915289917,2,EELS,Gold
527.838299951148,13.702917513276532,2,EELS,Gold
528.8177821201758,13.69408986255396,2,EELS,Gold
529.7972642892037,13.686690327131371,2,EELS,Gold
530.7767464582315,13.706087915289917,2,EELS,Gold
531.7562286272594,13.68736728795244,2,EELS,Gold
532.7357107962872,13.686087915289917,2,EELS,Gold
533.715192965315,13.716087915289917,2,EELS,Gold
534.6946751343429,13.707393098187772,2,EELS,Gold
535.6741573033707,13.688142134572868,2,EELS,Gold
536.6536394723986,13.690612022540343,2,EELS,Gold
537.6331216414264,13.686087915289917,2,EELS,Gold
538.6126038104543,13.686087915289917,2,EELS,Gold
539.5920859794821,13.686087915289917,2,EELS,Gold
540.57156814851,13.706087915289917,2,EELS,Gold
541.5510503175378,13.709743896484328,2,EELS,Gold
542.5305324865657,13.686087915289917,2,EELS,Gold
543.5100146555935,13.696087915289917,2,EELS,Gold
544.4894968246214,13.696087915289917,2,EELS,Gold
545.4689789936492,13.699633663634314,2,EELS,Gold
546.4484611626771,13.686638911127773,2,EELS,Gold
547.4279433317049,13.686087915289917,2,EELS,Gold
548.4074255007328,13.699273242673181,2,EELS,Gold
549.3869076697606,13.703930433903984,2,EELS,Gold
550.3663898387885,13.691961291443244,2,EELS,Gold
551.3458720078163,13.69376452493164,2,EELS,Gold
552.3253541768441,13.720880017703767,2,EELS,Gold
553.304836345872,13.718740813536037,2,EELS,Gold
554.2843185148998,13.686087915289917,2,EELS,Gold
555.2638006839277,13.703007506804907,2,EELS,Gold
556.2432828529555,13.700348725355022,2,EELS,Gold
557.2227650219834,13.701526551667332,2,EELS,Gold
558.2022471910112,13.686087915289917,2,EELS,Gold
559.1817293600391,13.696087915289917,2,EELS,Gold
560.1612115290669,13.686087915289917,2,EELS,Gold
561.1406936980948,13.704864361695611,2,EELS,Gold
562.1201758671226,13.707338825411327,2,EELS,Gold
563.0996580361505,13.686087915289917,2,EELS,Gold
564.0791402051783,13.686182009893596,2,EELS,Gold
565.0586223742062,13.707844785275167,2,EELS,Gold
566.038104543234,13.706087915289917,2,EELS,Gold
567.0175867122618,13.69383098973189,2,EELS,Gold
567.9970688812897,13.689973068934133,2,EELS,Gold
568.9765510503175,13.689872483346365,2,EELS,Gold
569.9560332193454,13.686087915289917,2,EELS,Gold
570.9355153883732,13.686087915289917,2,EELS,Gold
571.9149975574011,13.726087915289916,2,EELS,Gold
572.8944797264289,13.703608681322468,2,EELS,Gold
573.8739618954568,13.686569067610069,2,EELS,Gold
574.8534440644846,13.696087915289917,2,EELS,Gold
575.8329262335125,13.686087915289917,2,EELS,Gold
576.8124084025403,13.706087915289917,2,EELS,Gold
577.7918905715682,13.707035418180238,2,EELS,Gold
578.771372740596,13.686087915289917,2,EELS,Gold
579.7508549096239,13.696087915289917,2,EELS,Gold
580.7303370786517,13.703933477120517,2,EELS,Gold
581.7098192476795,13.686087915289917,2,EELS,Gold
582.6893014167074,13.696663404163392,2,EELS,Gold
583.6687835857352,13.702736229717704,2,EELS,Gold
584.6482657547631,13.696127977091884,2,EELS,Gold
585.6277479237909,13.699284395654924,2,EELS,Gold
586.6072300928188,13.686087915289917,2,EELS,Gold
587.5867122618466,13.686087915289917,2,EELS,Gold
588.5661944308744,13.692543809051905,2,EELS,Gold
589.5456765999022,13.686087915289917,2,EELS,Gold
590.52515876893,13.68837067363933,2,EELS,Gold
591.5046409379579,13.687347796211226,2,EELS,Gold
592.4841231069857,13.686738537445295,2,EELS,Gold
593.4636052760136,13.696893173669078,2,EELS,Gold
594.4430874450414,13.689723777511668,2,EELS,Gold
595.4225696140693,13.701385529339808,2,EELS,Gold
596.4020517830971,13.696087915289917,2,EELS,Gold
597.381533952125,13.697692466565343,2,EELS,Gold
598.3610161211528,13.697165503084383,2,EELS,Gold
599.3404982901807,13.696087915289917,2,EELS,Gold
600.3199804592085,13.726053174406822,2,EELS,Gold
601.2994626282364,13.710007339563612,2,EELS,Gold
602.2789447972642,13.68612236690015,2,EELS,Gold
603.2584269662921,13.6914445982313,2,EELS,Gold
604.2379091353199,13.697153926978451,2,EELS,Gold
605.2173913043478,13.686087915289917,2,EELS,Gold
606.1968734733756,13.686087915289917,2,EELS,Gold
607.1763556424035,13.686087915289917,2,EELS,Gold
608.1558378114313,13.686087915289917,2,EELS,Gold
609.1353199804591,13.713663007728227,2,EELS,Gold
610.114802149487,13.686087915289917,2,EELS,Gold
611.0942843185148,13.686087915289917,2,EELS,Gold
612.0737664875427,13.695346138734395,2,EELS,Gold
613.0532486565705,13.686087915289917,2,EELS,Gold
614.0327308255984,13.696087915289917,2,EELS,Gold
615.0122129946262,13.696966968414875,2,EELS,Gold
615.9916951636541,13.696763612678472,2,EELS,Gold
616.9711773326819,13.721386289988033,2,EELS,Gold
617.9506595017098,13.718800726051416,2,EELS,Gold
618.9301416707376,13.70706326606266,2,EELS,Gold
619.9096238397655,13.690347097743667,2,EELS,Gold
620.8891060087933,13.698320282053858,2,EELS,Gold
621.8685881778212,13.686087915289917,2,EELS,Gold
622.848070346849,13.686730739430795,2,EELS,Gold
623.8275525158768,13.696087915289917,2,EELS,Gold
624.8070346849047,13.6870849979845,2,EELS,Gold
625.7865168539325,13.696087915289917,2,EELS,Gold
626.7659990229604,13.712154729901762,2,EELS,Gold
627.7454811919882,13.706087915289917,2,EELS,Gold
628.7249633610161,13.686087915289917,2,EELS,Gold
629.7044455300439,13.686087915289917,2,EELS,Gold
630.6839276990718,13.691547296502872,2,EELS,Gold
631.6634098680996,13.70331587200067,2,EELS,Gold
632.6428920371275,13.706087915289917,2,EELS,Gold
633.6223742061553,13.686087915289917,2,EELS,Gold
634.6018563751832,13.69457655487331,2,EELS,Gold
635.581338544211,13.686087915289917,2,EELS,Gold
636.5608207132389,13.686087915289917,2,EELS,Gold
637.5403028822667,13.706087915289917,2,EELS,Gold
638.5197850512945,13.696087915289917,2,EELS,Gold
639.4992672203224,13.703268886826255,2,EELS,Gold
640.4787493893502,13.686087915289917,2,EELS,Gold
641.4582315583781,13.696087915289917,2,EELS,Gold
642.4377137274059,13.696091385505214,2,EELS,Gold
643.4171958964338,13.687761685143261,2,EELS,Gold
644.3966780654616,13.687232679951356,2,EELS,Gold
645.3761602344895,13.690680814524901,2,EELS,Gold
646.3556424035173,13.704839382145511,2,EELS,Gold
647.3351245725452,13.70023655613959,2,EELS,Gold
648.314606741573,13.700857272229511,2,EELS,Gold
649.2940889106009,13.696087915289917,2,EELS,Gold
650.2735710796287,13.686741571280256,2,EELS,Gold
651.2530532486566,13.691118939605003,2,EELS,Gold
652.2325354176844,13.693662055509826,2,EELS,Gold
653.2120175867122,13.686087915289917,2,EELS,Gold
654.1914997557401,13.696087915289917,2,EELS,Gold
655.170981924768,13.686087915289917,2,EELS,Gold
656.1504640937958,13.70169507159733,2,EELS,Gold
657.1299462628236,13.69676796363221,2,EELS,Gold
658.1094284318515,13.686087915289917,2,EELS,Gold
659.0889106008793,13.705482113953304,2,EELS,Gold
660.0683927699072,13.687480334733982,2,EELS,Gold
661.047874938935,13.686087915289917,2,EELS,Gold
662.0273571079629,13.696087915289917,2,EELS,Gold
663.0068392769907,13.703833429504334,2,EELS,Gold
663.9863214460186,13.689538538701306,2,EELS,Gold
664.9658036150464,13.70942854284415,2,EELS,Gold
665.9452857840743,13.686087915289917,2,EELS,Gold
666.9247679531021,13.69149995809282,2,EELS,Gold
667.90425012213,13.686087915289917,2,EELS,Gold
668.8837322911578,13.686087915289917,2,EELS,Gold
669.8632144601856,13.696102904898938,2,EELS,Gold
670.8426966292135,13.697613941423839,2,EELS,Gold
671.8221787982413,13.715975098104554,2,EELS,Gold
672.8016609672692,13.686087915289917,2,EELS,Gold
673.781143136297,13.686087915289917,2,EELS,Gold
674.7606253053249,13.688994952358996,2,EELS,Gold
675.7401074743527,13.686087915289917,2,EELS,Gold
676.7195896433806,13.706087915289917,2,EELS,Gold
677.6990718124084,13.706372094128037,2,EELS,Gold
678.6785539814363,13.704312245205248,2,EELS,Gold
679.658036150464,13.696137513263812,2,EELS,Gold
680.6375183194918,13.686087915289917,2,EELS,Gold
681.6170004885197,13.686087915289917,2,EELS,Gold
682.5964826575475,13.686087915289917,2,EELS,Gold
683.5759648265754,13.686087915289917,2,EELS,Gold
684.5554469956032,13.719365267733227,2,EELS,Gold
685.5349291646311,13.696087915289917,2,EELS,Gold
686.5144113336589,13.686087915289917,2,EELS,Gold
687.4938935026868,13.686087915289917,2,EELS,Gold
688.4733756717146,13.70180874878105,2,EELS,Gold
689.4528578407425,13.714574896700098,2,EELS,Gold
690.4323400097703,13.686087915289917,2,EELS,Gold
691.4118221787982,13.696087915289917,2,EELS,Gold
692.391304347826,13.686087915289917,2,EELS,Gold
693.3707865168539,13.686360063192136,2,EELS,Gold
694.3502686858817,13.688429597152584,2,EELS,Gold
695.3297508549095,13.696087915289917,2,EELS,Gold
696.3092330239374,13.686087915289917,2,EELS,Gold
697.2887151929652,13.689946317044221,2,EELS,Gold
698.2681973619931,13.70680902307715,2,EELS,Gold
699.2476795310209,13.696087915289917,2,EELS,Gold
700.2271617000488,13.686087915289917,2,EELS,Gold
701.2066438690766,13.698376881853433,2,EELS,Gold
702.1861260381045,13.686087915289917,2,EELS,Gold
703.1656082071323,13.703851687280695,2,EELS,Gold
704.1450903761602,13.706087915289917,2,EELS,Gold
705.124572545188,13.686087915289917,2,EELS,Gold
706.1040547142159,13.701864985391532,2,EELS,Gold
707.0835368832437,13.696087915289917,2,EELS,Gold
708.0630190522716,13.696087915289917,2,EELS,Gold
709.0425012212994,13.686087915289917,2,EELS,Gold
710.0219833903273,13.716691779833477,2,EELS,Gold
711.0014655593551,13.686087915289917,2,EELS,Gold
711.980947728383,13.696087915289917,2,EELS,Gold
712.9604298974108,13.71563225751347,2,EELS,Gold
713.9399120664386,13.716087915289917,2,EELS,Gold
714.9193942354665,13.696087915289917,2,EELS,Gold
715.8988764044943,13.687714425683488,2,EELS,Gold
716.8783585735222,13.704050681216684,2,EELS,Gold
717.85784074255,13.71048065540494,2,EELS,Gold
718.8373229115779,13.714626052434136,2,EELS,Gold
719.8168050806057,13.708017944934904,2,EELS,Gold
720.7962872496336,13.686087915289917,2,EELS,Gold
721.7757694186614,13.696087915289917,2,EELS,Gold
722.7552515876893,13.686823308300104,2,EELS,Gold
723.7347337567171,13.687280274630485,2,EELS,Gold
724.714215925745,13.686087915289917,2,EELS,Gold
725.6936980947728,13.686087915289917,2,EELS,Gold
726.6731802638006,13.710258895921372,2,EELS,Gold
727.6526624328285,13.699861572998422,2,EELS,Gold
728.6321446018563,13.691328835466061,2,EELS,Gold
729.6116267708842,13.699152810779891,2,EELS,Gold
730.591108939912,13.686087915289917,2,EELS,Gold
731.5705911089399,13.696087915289917,2,EELS,Gold
732.5500732779677,13.696087915289917,2,EELS,Gold
733.5295554469956,13.704387031295639,2,EELS,Gold
734.5090376160234,13.686320840886768,2,EELS,Gold
735.4885197850513,13.686087915289917,2,EELS,Gold
736.4680019540791,13.686087915289917,2,EELS,Gold
737.447484123107,13.716123755933507,2,EELS,Gold
738.4269662921348,13.706087915289917,2,EELS,Gold
739.4064484611627,13.686087915289917,2,EELS,Gold
740.3859306301905,13.690423015315213,2,EELS,Gold
741.3654127992183,13.71230319225254,2,EELS,Gold
742.3448949682462,13.705951310432345,2,EELS,Gold
743.324377137274,13.704616943366535,2,EELS,Gold
744.3038593063019,13.691343060962986,2,EELS,Gold
745.2833414753297,13.686087915289917,2,EELS,Gold
746.2628236443576,13.686087915289917,2,EELS,Gold
747.2423058133854,13.689319494712118,2,EELS,Gold
748.2217879824133,13.717273617174829,2,EELS,Gold
749.2012701514411,13.686087915289917,2,EELS,Gold
750.180752320469,13.698444251779604,2,EELS,Gold
751.1602344894968,13.688013774480169,2,EELS,Gold
752.1397166585247,13.69472365076268,2,EELS,Gold
753.1191988275525,13.686087915289917,2,EELS,Gold
754.0986809965804,13.686087915289917,2,EELS,Gold
755.0781631656082,13.69383598641621,2,EELS,Gold
756.057645334636,13.692852115204827,2,EELS,Gold
757.0371275036639,13.696091355292069,2,EELS,Gold
758.0166096726917,13.696087915289917,2,EELS,Gold
758.9960918417196,13.686087915289917,2,EELS,Gold
759.9755740107474,13.686087915289917,2,EELS,Gold
760.9550561797753,13.694533134316885,2,EELS,Gold
761.9345383488031,13.690499321803099,2,EELS,Gold
762.914020517831,13.686087915289917,2,EELS,Gold
763.8935026868588,13.686087915289917,2,EELS,Gold
764.8729848558867,13.686087915289917,2,EELS,Gold
765.8524670249145,13.696087915289917,2,EELS,Gold
766.8319491939424,13.686087915289917,2,EELS,Gold
767.8114313629702,13.686087915289917,2,EELS,Gold
768.7909135319981,13.706087915289917,2,EELS,Gold
769.7703957010259,13.696087915289917,2,EELS,Gold
770.7498778700536,13.706087915289917,2,EELS,Gold
771.7293600390815,13.716802277736422,2,EELS,Gold
772.7088422081093,13.698948259354223,2,EELS,Gold
773.6883243771372,13.686087915289917,2,EELS,Gold
774.667806546165,13.698951504430092,2,EELS,Gold
775.6472887151929,13.69043059886441,2,EELS,Gold
776.6267708842207,13.708320602237643,2,EELS,Gold
777.6062530532486,13.686087915289917,2,EELS,Gold
778.5857352222764,13.697310679156152,2,EELS,Gold
779.5652173913043,13.686087915289917,2,EELS,Gold
780.5446995603321,13.686087915289917,2,EELS,Gold
781.52418172936,13.693557091249982,2,EELS,Gold
782.5036638983878,13.719335905311338,2,EELS,Gold
783.4831460674156,13.712565440745554,2,EELS,Gold
784.4626282364435,13.686087915289917,2,EELS,Gold
785.4421104054713,13.703299081702111,2,EELS,Gold
786.4215925744992,13.686087915289917,2,EELS,Gold
787.401074743527,13.704159879872389,2,EELS,Gold
788.3805569125549,13.686087915289917,2,EELS,Gold
789.3600390815827,13.696087915289917,2,EELS,Gold
790.3395212506106,13.686087915289917,2,EELS,Gold
791.3190034196384,13.696974914185608,2,EELS,Gold
792.2984855886663,13.696087915289917,2,EELS,Gold
793.2779677576941,13.732890914326534,2,EELS,Gold
794.257449926722,13.696642354871308,2,EELS,Gold
795.2369320957498,13.692283923751244,2,EELS,Gold
796.2164142647777,13.722678739141863,2,EELS,Gold
797.1958964338055,13.73040945640392,2,EELS,Gold
798.1753786028333,13.686087915289917,2,EELS,Gold
799.1548607718612,13.70007322014948,2,EELS,Gold
800.134342940889,13.686087915289917,2,EELS,Gold
801.1138251099169,13.705453097299767,2,EELS,Gold
802.0933072789447,13.712218124441433,2,EELS,Gold
803.0727894479726,13.690825100277365,2,EELS,Gold
804.0522716170004,13.686087915289917,2,EELS,Gold
805.0317537860283,13.686087915289917,2,EELS,Gold
806.0112359550561,13.6996575409694,2,EELS,Gold
806.990718124084,13.686087915289917,2,EELS,Gold
807.9702002931118,13.68697798871797,2,EELS,Gold
808.9496824621397,13.693905547119938,2,EELS,Gold
809.9291646311675,13.69326791461948,2,EELS,Gold
810.9086468001954,13.699009390715288,2,EELS,Gold
811.8881289692232,13.686087915289917,2,EELS,Gold
812.867611138251,13.686087915289917,2,EELS,Gold
813.8470933072789,13.704915153507825,2,EELS,Gold
814.8265754763067,13.691811105464433,2,EELS,Gold
815.8060576453346,13.696087915289917,2,EELS,Gold
816.7855398143624,13.707201419038004,2,EELS,Gold
817.7650219833903,13.686087915289917,2,EELS,Gold
818.7445041524181,13.686087915289917,2,EELS,Gold
819.723986321446,13.696087915289917,2,EELS,Gold
820.7034684904738,13.686087915289917,2,EELS,Gold
821.6829506595017,13.686087915289917,2,EELS,Gold
822.6624328285295,13.698746734138417,2,EELS,Gold
823.6419149975574,13.686087915289917,2,EELS,Gold
824.6213971665852,13.698085839303618,2,EELS,Gold
825.6008793356131,13.686087915289917,2,EELS,Gold
826.5803615046409,13.686087915289917,2,EELS,Gold
827.5598436736688,13.696087915289917,2,EELS,Gold
828.5393258426966,13.686087915289917,2,EELS,Gold
829.5188080117244,13.686087915289917,2,EELS,Gold
830.4982901807523,13.701673051850356,2,EELS,Gold
831.4777723497801,13.698439716760888,2,EELS,Gold
832.457254518808,13.686087915289917,2,EELS,Gold
833.4367366878358,13.707219972607746,2,EELS,Gold
834.4162188568637,13.70830689312869,2,EELS,Gold
835.3957010258915,13.69818527466732,2,EELS,Gold
836.3751831949194,13.696087915289917,2,EELS,Gold
837.3546653639472,13.686087915289917,2,EELS,Gold
838.3341475329751,13.698382774203559,2,EELS,Gold
839.3136297020029,13.691011805577695,2,EELS,Gold
840.2931118710308,13.686087915289917,2,EELS,Gold
841.2725940400586,13.686087915289917,2,EELS,Gold
842.2520762090865,13.686087915289917,2,EELS,Gold
843.2315583781143,13.688773354740954,2,EELS,Gold
844.2110405471421,13.698331177896376,2,EELS,Gold
845.19052271617,13.686087915289917,2,EELS,Gold
846.1700048851978,13.686087915289917,2,EELS,Gold
847.1494870542257,13.686087915289917,2,EELS,Gold
848.1289692232535,13.686087915289917,2,EELS,Gold
849.1084513922814,13.686087915289917,2,EELS,Gold
850.0879335613092,13.704021114376452,2,EELS,Gold
851.0674157303371,13.706087915289917,2,EELS,Gold
852.0468978993649,13.700522671724812,2,EELS,Gold
853.0263800683928,13.686087915289917,2,EELS,Gold
854.0058622374206,13.686087915289917,2,EELS,Gold
854.9853444064485,13.696087915289917,2,EELS,Gold
855.9648265754763,13.713240827308535,2,EELS,Gold
856.9443087445042,13.696087915289917,2,EELS,Gold
857.923790913532,13.686087915289917,2,EELS,Gold
858.9032730825598,13.686087915289917,2,EELS,Gold
859.8827552515877,13.69650532243964,2,EELS,Gold
860.8622374206155,13.692418013832572,2,EELS,Gold
861.8417195896433,13.699987285058741,2,EELS,Gold
862.8212017586711,13.687866907130816,2,EELS,Gold
863.800683927699,13.698011689987423,2,EELS,Gold
864.7801660967268,13.686087915289917,2,EELS,Gold
865.7596482657547,13.695284709295937,2,EELS,Gold
866.7391304347825,13.686087915289917,2,EELS,Gold
867.7186126038104,13.696087915289917,2,EELS,Gold
868.6980947728382,13.686087915289917,2,EELS,Gold
869.677576941866,13.686087915289917,2,EELS,Gold
870.6570591108939,13.686087915289917,2,EELS,Gold
871.6365412799217,13.687320388474443,2,EELS,Gold
872.6160234489496,13.686787682105921,2,EELS,Gold
873.5955056179774,13.686087915289917,2,EELS,Gold
874.5749877870053,13.706087915289917,2,EELS,Gold
875.5544699560331,13.686087915289917,2,EELS,Gold
876.533952125061,13.700059696512481,2,EELS,Gold
877.5134342940888,13.696087915289917,2,EELS,Gold
878.4929164631167,13.686087915289917,2,EELS,Gold
879.4723986321445,13.71236136501217,2,EELS,Gold
880.4518808011724,13.686087915289917,2,EELS,Gold
881.4313629702002,13.686087915289917,2,EELS,Gold
882.4108451392281,13.686087915289917,2,EELS,Gold
883.3903273082559,13.686087915289917,2,EELS,Gold
884.3698094772838,13.69055725873819,2,EELS,Gold
885.3492916463116,13.693698899014114,2,EELS,Gold
886.3287738153394,13.712386751605855,2,EELS,Gold
887.3082559843673,13.696087915289917,2,EELS,Gold
888.2877381533951,13.692363065728934,2,EELS,Gold
889.267220322423,13.696087915289917,2,EELS,Gold
890.2467024914508,13.696087915289917,2,EELS,Gold
891.2261846604787,13.686087915289917,2,EELS,Gold
892.2056668295065,13.696087915289917,2,EELS,Gold
893.1851489985344,13.703334522440132,2,EELS,Gold
894.1646311675622,13.704744457986177,2,EELS,Gold
895.1441133365901,13.706390259480886,2,EELS,Gold
896.1235955056179,13.71993268010865,2,EELS,Gold
897.1030776746458,13.686087915289917,2,EELS,Gold
898.0825598436736,13.686087915289917,2,EELS,Gold
899.0620420127015,13.686087915289917,2,EELS,Gold
900.0415241817293,13.696087915289917,2,EELS,Gold
901.0210063507571,13.687802153040312,2,EELS,Gold
902.000488519785,13.687201923661913,2,EELS,Gold
902.9799706888128,13.69767589517947,2,EELS,Gold
903.9594528578407,13.686087915289917,2,EELS,Gold
904.9389350268685,13.69434395388673,2,EELS,Gold
905.9184171958964,13.698596380539055,2,EELS,Gold
906.8978993649242,13.70362876508143,2,EELS,Gold
907.8773815339521,13.686087915289917,2,EELS,Gold
908.8568637029799,13.699328979194814,2,EELS,Gold
909.8363458720078,13.686087915289917,2,EELS,Gold
910.8158280410356,13.686087915289917,2,EELS,Gold
911.7953102100635,13.691601751326624,2,EELS,Gold
912.7747923790913,13.68708068039396,2,EELS,Gold
913.7542745481192,13.686087915289917,2,EELS,Gold
914.733756717147,13.686215367229618,2,EELS,Gold
915.7132388861748,13.686087915289917,2,EELS,Gold
916.6927210552027,13.70788283394122,2,EELS,Gold
917.6722032242305,13.686087915289917,2,EELS,Gold
918.6516853932584,13.697559125337316,2,EELS,Gold
919.6311675622862,13.686087915289917,2,EELS,Gold
920.6106497313141,13.686087915289917,2,EELS,Gold
921.5901319003419,13.686087915289917,2,EELS,Gold
922.5696140693698,13.695086677774855,2,EELS,Gold
923.5490962383976,13.686087915289917,2,EELS,Gold
924.5285784074255,13.692724574671304,2,EELS,Gold
925.5080605764533,13.686087915289917,2,EELS,Gold
926.4875427454812,13.696087915289917,2,EELS,Gold
927.467024914509,13.696087915289917,2,EELS,Gold
928.4465070835369,13.686087915289917,2,EELS,Gold
929.4259892525647,13.686495538136274,2,EELS,Gold
930.4054714215926,13.686087915289917,2,EELS,Gold
931.3849535906204,13.695593644064479,2,EELS,Gold
932.3644357596482,13.686087915289917,2,EELS,Gold
933.3439179286761,13.696087915289917,2,EELS,Gold
934.3234000977039,13.692838732503175,2,EELS,Gold
935.3028822667318,13.705980095796924,2,EELS,Gold
936.2823644357596,13.686087915289917,2,EELS,Gold
937.2618466047875,13.696087915289917,2,EELS,Gold
938.2413287738153,13.686087915289917,2,EELS,Gold
939.2208109428432,13.686087915289917,2,EELS,Gold
940.200293111871,13.686087915289917,2,EELS,Gold
941.1797752808989,13.69724040242611,2,EELS,Gold
942.1592574499267,13.686087915289917,2,EELS,Gold
943.1387396189546,13.693164594498226,2,EELS,Gold
944.1182217879824,13.686087915289917,2,EELS,Gold
945.0977039570103,13.686087915289917,2,EELS,Gold
946.0771861260381,13.698223590549206,2,EELS,Gold
947.056668295066,13.699634210870181,2,EELS,Gold
948.0361504640938,13.686087915289917,2,EELS,Gold
949.0156326331216,13.686087915289917,2,EELS,Gold
949.9951148021495,13.686087915289917,2,EELS,Gold
950.9745969711773,13.686087915289917,2,EELS,Gold
951.9540791402052,13.706087915289917,2,EELS,Gold
952.9335613092329,13.6938544083147,2,EELS,Gold
953.9130434782608,13.696087915289917,2,EELS,Gold
954.8925256472886,13.686087915289917,2,EELS,Gold
955.8720078163165,13.704180717254697,2,EELS,Gold
956.8514899853443,13.699410271366126,2,EELS,Gold
957.8309721543721,13.706087915289917,2,EELS,Gold
958.8104543234,13.696087915289917,2,EELS,Gold
959.7899364924278,13.687277569351684,2,EELS,Gold
960.7694186614557,13.7035318038924,2,EELS,Gold
961.7489008304835,13.686087915289917,2,EELS,Gold
962.7283829995114,13.696101058827008,2,EELS,Gold
963.7078651685392,13.700419719651109,2,EELS,Gold
964.6873473375671,13.686087915289917,2,EELS,Gold
965.6668295065949,13.686087915289917,2,EELS,Gold
966.6463116756228,13.696087915289917,2,EELS,Gold
967.6257938446506,13.686087915289917,2,EELS,Gold
968.6052760136785,13.686087915289917,2,EELS,Gold
969.5847581827063,13.692873501816885,2,EELS,Gold
970.5642403517342,13.697264453190218,2,EELS,Gold
971.543722520762,13.686087915289917,2,EELS,Gold
972.5232046897898,13.686087915289917,2,EELS,Gold
973.5026868588177,13.696087915289917,2,EELS,Gold
974.4821690278455,13.68913902610523,2,EELS,Gold
975.4616511968734,13.698688951986155,2,EELS,Gold
976.4411333659012,13.686087915289917,2,EELS,Gold
977.4206155349291,13.707417293836498,2,EELS,Gold
978.4000977039569,13.701600987428076,2,EELS,Gold
979.3795798729848,13.690038091410255,2,EELS,Gold
980.3590620420126,13.686087915289917,2,EELS,Gold
981.3385442110405,13.696087915289917,2,EELS,Gold
982.3180263800683,13.696087915289917,2,EELS,Gold
983.2975085490962,13.702837632133132,2,EELS,Gold
984.276990718124,13.696087915289917,2,EELS,Gold
985.2564728871519,13.686087915289917,2,EELS,Gold
986.2359550561797,13.696087915289917,2,EELS,Gold
987.2154372252076,13.69735265098897,2,EELS,Gold
988.1949193942354,13.716132479009287,2,EELS,Gold
989.1744015632632,13.690739692820985,2,EELS,Gold
990.1538837322911,13.696987973376428,2,EELS,Gold
991.1333659013189,13.68651882859925,2,EELS,Gold
992.1128480703468,13.686087915289917,2,EELS,Gold
993.0923302393746,13.703743354210689,2,EELS,Gold
994.0718124084025,13.687511787696332,2,EELS,Gold
995.0512945774303,13.69051202085602,2,EELS,Gold
996.0307767464582,13.696087915289917,2,EELS,Gold
997.010258915486,13.686087915289917,2,EELS,Gold
997.9897410845139,13.686087915289917,2,EELS,Gold
998.9692232535417,13.706562592615732,2,EELS,Gold
999.9487054225696,13.686087915289917,2,EELS,Gold
1000.9281875915974,13.7173840241605,2,EELS,Gold
1001.9076697606253,13.720537120558784,2,EELS,Gold
1002.8871519296531,13.696087915289917,2,EELS,Gold
1003.866634098681,13.696087915289917,2,EELS,Gold
1004.8461162677088,13.696087915289917,2,EELS,Gold
1005.8255984367366,13.686087915289917,2,EELS,Gold
1006.8050806057645,13.702455425643102,2,EELS,Gold
1007.7845627747923,13.703313616755464,2,EELS,Gold
1008.7640449438202,13.691580349648216,2,EELS,Gold
1009.743527112848,13.697829006924174,2,EELS,Gold
1010.7230092818759,13.696087915289917,2,EELS,Gold
1011.7024914509037,13.686087915289917,2,EELS,Gold
1012.6819736199316,13.714727179850074,2,EELS,Gold
1013.6614557889594,13.696087915289917,2,EELS,Gold
1014.6409379579873,13.686087915289917,2,EELS,Gold
1015.6204201270151,13.686087915289917,2,EELS,Gold
1016.599902296043,13.686087915289917,2,EELS,Gold
1017.5793844650708,13.68752399919991,2,EELS,Gold
1018.5588666340986,13.693571514438363,2,EELS,Gold
1019.5383488031264,13.692644205348614,2,EELS,Gold
1020.5178309721543,13.688780345175566,2,EELS,Gold
1021.4973131411821,13.69833436932021,2,EELS,Gold
1022.47679531021,13.686087915289917,2,EELS,Gold
1023.4562774792378,13.701287157474672,2,EELS,Gold
1024.4357596482657,13.692530921108807,2,EELS,Gold
1025.4152418172935,13.706087915289917,2,EELS,Gold
1026.3947239863214,13.686087915289917,2,EELS,Gold
1027.3742061553492,13.696087915289917,2,EELS,Gold
1028.3536883243771,13.696087915289917,2,EELS,Gold
1029.3331704934049,13.713824590200687,2,EELS,Gold
1030.3126526624328,13.686087915289917,2,EELS,Gold
1031.2921348314605,13.696087915289917,2,EELS,Gold
1032.2716170004885,13.706087915289917,2,EELS,Gold
1033.2510991695162,13.697549107810442,2,EELS,Gold
1034.2305813385442,13.686273039513738,2,EELS,Gold
1035.210063507572,13.686087915289917,2,EELS,Gold
1036.1895456766,13.686087915289917,2,EELS,Gold
1037.1690278456276,13.70931759950114,2,EELS,Gold
1038.1485100146556,13.696087915289917,2,EELS,Gold
1039.1279921836833,13.69955659113045,2,EELS,Gold
1040.1074743527113,13.698286408549484,2,EELS,Gold
1041.086956521739,13.686087915289917,2,EELS,Gold
1042.066438690767,13.72164626776337,2,EELS,Gold
1043.0459208597947,13.686087915289917,2,EELS,Gold
1044.0254030288227,13.696087915289917,2,EELS,Gold
1045.0048851978504,13.696087915289917,2,EELS,Gold
1045.9843673668784,13.695853313218693,2,EELS,Gold
1046.963849535906,13.713367173577614,2,EELS,Gold
1047.943331704934,13.713170600412262,2,EELS,Gold
1048.9228138739618,13.718621999981147,2,EELS,Gold
1049.9022960429897,13.696087915289917,2,EELS,Gold
1050.8817782120175,13.686087915289917,2,EELS,Gold
1051.8612603810454,13.696087915289917,2,EELS,Gold
1052.8407425500732,13.706902583203593,2,EELS,Gold
1053.8202247191011,13.690921617190591,2,EELS,Gold
1054.7997068881289,13.706087915289917,2,EELS,Gold
1055.7791890571568,13.699683280561164,2,EELS,Gold
1056.7586712261846,13.696087915289917,2,EELS,Gold
1057.7381533952125,13.690285344640213,2,EELS,Gold
1058.7176355642403,13.686087915289917,2,EELS,Gold
1059.6971177332682,13.69265194498834,2,EELS,Gold
1060.676599902296,13.686087915289917,2,EELS,Gold
1061.656082071324,13.696087915289917,2,EELS,Gold
1062.6355642403516,13.70690861486551,2,EELS,Gold
1063.6150464093796,13.696835180747415,2,EELS,Gold
1064.5945285784073,13.686087915289917,2,EELS,Gold
1065.5740107474353,13.694043046857965,2,EELS,Gold
1066.553492916463,13.696087915289917,2,EELS,Gold
1067.532975085491,13.686087915289917,2,EELS,Gold
1068.5124572545187,13.686087915289917,2,EELS,Gold
1069.4919394235467,13.69375581333237,2,EELS,Gold
1070.4714215925744,13.68645840946441,2,EELS,Gold
1071.4509037616024,13.693175268820482,2,EELS,Gold
1072.43038593063,13.697230725892888,2,EELS,Gold
1073.409868099658,13.693190882216149,2,EELS,Gold
1074.3893502686858,13.688922494786265,2,EELS,Gold
1075.3688324377138,13.696087915289917,2,EELS,Gold
1076.3483146067415,13.686108380334135,2,EELS,Gold
1077.3277967757695,13.686087915289917,2,EELS,Gold
1078.3072789447972,13.686087915289917,2,EELS,Gold
1079.2867611138252,13.696087915289917,2,EELS,Gold
1080.2662432828529,13.696087915289917,2,EELS,Gold
1081.2457254518808,13.696087915289917,2,EELS,Gold
1082.2252076209086,13.686087915289917,2,EELS,Gold
1083.2046897899365,13.698108596306964,2,EELS,Gold
1084.1841719589643,13.696087915289917,2,EELS,Gold
1085.1636541279922,13.696296109198784,2,EELS,Gold
1086.14313629702,13.715517083808598,2,EELS,Gold
1087.122618466048,13.70657026126634,2,EELS,Gold
1088.1021006350757,13.702898567509083,2,EELS,Gold
1089.0815828041036,13.690125032766515,2,EELS,Gold
1090.0610649731314,13.698043345114504,2,EELS,Gold
1091.040547142159,13.686087915289917,2,EELS,Gold
1092.020029311187,13.696087915289917,2,EELS,Gold
1092.9995114802148,13.696087915289917,2,EELS,Gold
1093.9789936492427,13.698233138541276,2,EELS,Gold
1094.9584758182705,13.70184536533267,2,EELS,Gold
1095.9379579872984,13.686087915289917,2,EELS,Gold
1096.9174401563262,13.696087915289917,2,EELS,Gold
1097.8969223253541,13.686087915289917,2,EELS,Gold
1098.8764044943819,13.69003792297928,2,EELS,Gold
1099.8558866634098,13.707608418199984,2,EELS,Gold
1100.8353688324376,13.686087915289917,2,EELS,Gold
1101.8148510014655,13.690310904333964,2,EELS,Gold
1102.7943331704932,13.686087915289917,2,EELS,Gold
1103.7738153395212,13.687291393622235,2,EELS,Gold
1104.753297508549,13.700816125131945,2,EELS,Gold
1105.732779677577,13.696087915289917,2,EELS,Gold
1106.7122618466046,13.686087915289917,2,EELS,Gold
1107.6917440156326,13.686087915289917,2,EELS,Gold
1108.6712261846603,13.736030877086082,2,EELS,Gold
1109.6507083536883,13.690405445708828,2,EELS,Gold
1110.630190522716,13.688384163271984,2,EELS,Gold
1111.609672691744,13.686087915289917,2,EELS,Gold
1112.5891548607717,13.686087915289917,2,EELS,Gold
1113.5686370297997,13.695299817003363,2,EELS,Gold
1114.5481191988274,13.696518624537719,2,EELS,Gold
1115.5276013678554,13.712860703291236,2,EELS,Gold
1116.507083536883,13.704150818934947,2,EELS,Gold
1117.486565705911,13.706726786326008,2,EELS,Gold
1118.4660478749388,13.687084025756795,2,EELS,Gold
1119.4455300439668,13.686087915289917,2,EELS,Gold
1120.4250122129945,13.686087915289917,2,EELS,Gold
1121.4044943820224,13.686087915289917,2,EELS,Gold
1122.3839765510502,13.686087915289917,2,EELS,Gold
1123.3634587200781,13.690114953390454,2,EELS,Gold
1124.3429408891059,13.696087915289917,2,EELS,Gold
1125.3224230581338,13.686087915289917,2,EELS,Gold
1126.3019052271616,13.686087915289917,2,EELS,Gold
1127.2813873961895,13.686087915289917,2,EELS,Gold
1128.2608695652173,13.70099466411814,2,EELS,Gold
1129.2403517342452,13.713633877695491,2,EELS,Gold
1130.219833903273,13.686087915289917,2,EELS,Gold
1131.199316072301,13.689476446039343,2,EELS,Gold
1132.1787982413286,13.69584741293752,2,EELS,Gold
1133.1582804103566,13.686087915289917,2,EELS,Gold
1134.1377625793843,13.689874054226786,2,EELS,Gold
1135.1172447484123,13.686087915289917,2,EELS,Gold
1136.09672691744,13.704953178292424,2,EELS,Gold
1137.076209086468,13.69767687546657,2,EELS,Gold
1138.0556912554957,13.689176576116214,2,EELS,Gold
1139.0351734245237,13.706087915289917,2,EELS,Gold
1140.0146555935514,13.693343599157064,2,EELS,Gold
1140.9941377625794,13.707394611454479,2,EELS,Gold
1141.9736199316071,13.686087915289917,2,EELS,Gold
1142.953102100635,13.706087915289917,2,EELS,Gold
1143.9325842696628,13.688494460028048,2,EELS,Gold
1144.9120664386908,13.69415283591386,2,EELS,Gold
1145.8915486077185,13.686087915289917,2,EELS,Gold
1146.8710307767465,13.706087915289917,2,EELS,Gold
1147.8505129457742,13.699994517553533,2,EELS,Gold
1148.8299951148022,13.693888438470081,2,EELS,Gold
1149.80947728383,13.686087915289917,2,EELS,Gold
1150.7889594528579,13.696087915289917,2,EELS,Gold
1151.7684416218856,13.702125814312199,2,EELS,Gold
1152.7479237909135,13.700897928482012,2,EELS,Gold
1153.7274059599413,13.705704942810398,2,EELS,Gold
1154.7068881289692,13.716087915289917,2,EELS,Gold
1155.686370297997,13.686977956006578,2,EELS,Gold
1156.665852467025,13.686087915289917,2,EELS,Gold
1157.6453346360527,13.69763845018138,2,EELS,Gold
1158.6248168050806,13.686087915289917,2,EELS,Gold
1159.6042989741084,13.696087915289917,2,EELS,Gold
1160.5837811431363,13.706435138432349,2,EELS,Gold
1161.563263312164,13.696087915289917,2,EELS,Gold
1162.542745481192,13.720190249399266,2,EELS,Gold
1163.5222276502197,13.696087915289917,2,EELS,Gold
1164.5017098192477,13.686087915289917,2,EELS,Gold
1165.4811919882754,13.686087915289917,2,EELS,Gold
1166.4606741573034,13.686206013122254,2,EELS,Gold
1167.4401563263311,13.686087915289917,2,EELS,Gold
1168.419638495359,13.686087915289917,2,EELS,Gold
1169.3991206643868,13.686087915289917,2,EELS,Gold
1170.3786028334148,13.693208069602465,2,EELS,Gold
1171.3580850024425,13.693439186077384,2,EELS,Gold
1172.3375671714705,13.696087915289917,2,EELS,Gold
1173.3170493404982,13.709734927538014,2,EELS,Gold
1174.2965315095262,13.731601799355426,2,EELS,Gold
1175.276013678554,13.696599630840005,2,EELS,Gold
1176.2554958475819,13.716087915289917,2,EELS,Gold
1177.2349780166096,13.714935867104577,2,EELS,Gold
1178.2144601856376,13.696087915289917,2,EELS,Gold
1179.1939423546653,13.686335250913082,2,EELS,Gold
1180.1734245236933,13.68796210941535,2,EELS,Gold
1181.152906692721,13.709849339105412,2,EELS,Gold
1182.1323888617487,13.689799022610414,2,EELS,Gold
1183.1118710307767,13.686087915289917,2,EELS,Gold
1184.0913531998044,13.696087915289917,2,EELS,Gold
1185.0708353688324,13.686087915289917,2,EELS,Gold
1186.05031753786,13.686087915289917,2,EELS,Gold
1187.029799706888,13.70661751426585,2,EELS,Gold
1188.0092818759158,13.686087915289917,2,EELS,Gold
1188.9887640449438,13.696087915289917,2,EELS,Gold
1189.9682462139715,13.698930907096381,2,EELS,Gold
1190.9477283829995,13.686087915289917,2,EELS,Gold
1191.9272105520272,13.686087915289917,2,EELS,Gold
1192.9066927210552,13.696087915289917,2,EELS,Gold
1193.8861748900829,13.686826685239936,2,EELS,Gold
1194.8656570591108,13.686087915289917,2,EELS,Gold
1195.8451392281386,13.68951175101601,2,EELS,Gold
1196.8246213971665,13.686087915289917,2,EELS,Gold
1197.8041035661943,13.703580061037822,2,EELS,Gold
1198.7835857352222,13.69147300374905,2,EELS,Gold
1199.76306790425,13.696087915289917,2,EELS,Gold
1200.742550073278,13.696087915289917,2,EELS,Gold
1201.7220322423057,13.716087915289917,2,EELS,Gold
1202.7015144113336,13.692378776931092,2,EELS,Gold
1203.6809965803614,13.696087915289917,2,EELS,Gold
1204.6604787493893,13.686087915289917,2,EELS,Gold
1205.639960918417,13.686724039954083,2,EELS,Gold
1206.619443087445,13.686087915289917,2,EELS,Gold
1207.5989252564727,13.696087915289917,2,EELS,Gold
1208.5784074255007,13.686087915289917,2,EELS,Gold
1209.5578895945284,13.706059617502925,2,EELS,Gold
1210.5373717635564,13.689175916447036,2,EELS,Gold
1211.5168539325841,13.696087915289917,2,EELS,Gold
1212.496336101612,13.705493698546489,2,EELS,Gold
1213.4758182706398,13.697015785978238,2,EELS,Gold
1214.4553004396678,13.686087915289917,2,EELS,Gold
1215.4347826086955,13.694866127281744,2,EELS,Gold
1216.4142647777235,13.69018786808529,2,EELS,Gold
1217.3937469467512,13.710152443795842,2,EELS,Gold
1218.3732291157792,13.686087915289917,2,EELS,Gold
1219.352711284807,13.70072263011219,2,EELS,Gold
1220.3321934538349,13.686087915289917,2,EELS,Gold
1221.3116756228626,13.701797977145176,2,EELS,Gold
1222.2911577918906,13.696087915289917,2,EELS,Gold
1223.2706399609183,13.696087915289917,2,EELS,Gold
1224.2501221299462,13.70369212990829,2,EELS,Gold
1225.229604298974,13.686087915289917,2,EELS,Gold
1226.209086468002,13.686087915289917,2,EELS,Gold
1227.1885686370297,13.686087915289917,2,EELS,Gold
1228.1680508060576,13.686087915289917,2,EELS,Gold
1229.1475329750854,13.686087915289917,2,EELS,Gold
1230.1270151441133,13.696087915289917,2,EELS,Gold
1231.106497313141,13.687513022037134,2,EELS,Gold
1232.085979482169,13.686087915289917,2,EELS,Gold
1233.0654616511968,13.686087915289917,2,EELS,Gold
1234.0449438202247,13.696566208715039,2,EELS,Gold
1235.0244259892524,13.70655922307034,2,EELS,Gold
1236.0039081582804,13.686087915289917,2,EELS,Gold
1236.9833903273081,13.706087915289917,2,EELS,Gold
1237.962872496336,13.696087915289917,2,EELS,Gold
1238.9423546653638,13.702035787796117,2,EELS,Gold
1239.9218368343918,13.720528309200244,2,EELS,Gold
1240.9013190034195,13.696087915289917,2,EELS,Gold
1241.8808011724475,13.68713587069841,2,EELS,Gold
1242.8602833414752,13.68957772269925,2,EELS,Gold
1243.8397655105032,13.686087915289917,2,EELS,Gold
1244.819247679531,13.69633492726176,2,EELS,Gold
1245.7987298485589,13.686087915289917,2,EELS,Gold
1246.7782120175866,13.686087915289917,2,EELS,Gold
1247.7576941866146,13.689867021325638,2,EELS,Gold
1248.7371763556423,13.696087915289917,2,EELS,Gold
1249.7166585246703,13.698189523165286,2,EELS,Gold
1250.696140693698,13.696087915289917,2,EELS,Gold
1251.675622862726,13.696087915289917,2,EELS,Gold
1252.6551050317537,13.696087915289917,2,EELS,Gold
1253.6345872007817,13.686087915289917,2,EELS,Gold
1254.6140693698094,13.700312847335331,2,EELS,Gold
1255.5935515388373,13.696087915289917,2,EELS,Gold
1256.573033707865,13.686087915289917,2,EELS,Gold
1257.552515876893,13.686087915289917,2,EELS,Gold
1258.5319980459208,13.711943791081167,2,EELS,Gold
1259.5114802149487,13.696087915289917,2,EELS,Gold
1260.4909623839765,13.686087915289917,2,EELS,Gold
1261.4704445530044,13.704827749252303,2,EELS,Gold
1262.4499267220322,13.68642599710062,2,EELS,Gold
1263.4294088910601,13.691395083020367,2,EELS,Gold
1264.4088910600879,13.686087915289917,2,EELS,Gold
1265.3883732291158,13.686087915289917,2,EELS,Gold
1266.3678553981435,13.687219068019733,2,EELS,Gold
1267.3473375671715,13.686087915289917,2,EELS,Gold
1268.3268197361992,13.692514609635408,2,EELS,Gold
1269.3063019052272,13.686087915289917,2,EELS,Gold
1270.285784074255,13.688217040000232,2,EELS,Gold
1271.265266243283,13.686087915289917,2,EELS,Gold
1272.2447484123106,13.71538568638025,2,EELS,Gold
1273.2242305813384,13.696087915289917,2,EELS,Gold
1274.2037127503663,13.70324002148325,2,EELS,Gold
1275.183194919394,13.686087915289917,2,EELS,Gold
1276.162677088422,13.689266602787661,2,EELS,Gold
1277.1421592574497,13.696087915289917,2,EELS,Gold
1278.1216414264777,13.71073577016392,2,EELS,Gold
1279.1011235955054,13.686087915289917,2,EELS,Gold
1280.0806057645334,13.696422720135786,2,EELS,Gold
1281.0600879335611,13.693243651183085,2,EELS,Gold
1282.039570102589,13.696087915289917,2,EELS,Gold
1283.0190522716168,13.706087915289917,2,EELS,Gold
1283.9985344406448,13.690789110394263,2,EELS,Gold
1284.9780166096725,13.707524706151002,2,EELS,Gold
1285.9574987787005,13.686087915289917,2,EELS,Gold
1286.9369809477282,13.692153733801145,2,EELS,Gold
1287.9164631167562,13.686087915289917,2,EELS,Gold
1288.895945285784,13.705933717483596,2,EELS,Gold
1289.8754274548119,13.686087915289917,2,EELS,Gold
1290.8549096238396,13.687089559605159,2,EELS,Gold
1291.8343917928676,13.696087915289917,2,EELS,Gold
1292.8138739618953,13.686087915289917,2,EELS,Gold
1293.7933561309233,13.709158218839866,2,EELS,Gold
1294.772838299951,13.68754708493687,2,EELS,Gold
1295.752320468979,13.686087915289917,2,EELS,Gold
1296.7318026380067,13.706087915289917,2,EELS,Gold
1297.7112848070346,13.717724006134537,2,EELS,Gold
1298.6907669760624,13.686087915289917,2,EELS,Gold
1299.6702491450903,13.691326916318928,2,EELS,Gold
1300.649731314118,13.696087915289917,2,EELS,Gold
1301.629213483146,13.6991351312173,2,EELS,Gold
1302.6086956521738,13.686087915289917,2,EELS,Gold
1303.5881778212017,13.686087915289917,2,EELS,Gold
1304.5676599902295,13.714674991621356,2,EELS,Gold
1305.5471421592574,13.698130061069715,2,EELS,Gold
1306.5266243282852,13.687518505301522,2,EELS,Gold
1307.506106497313,13.686087915289917,2,EELS,Gold
1308.4855886663408,13.686087915289917,2,EELS,Gold
1309.4650708353688,13.723692079582428,2,EELS,Gold
1310.4445530043965,13.696087915289917,2,EELS,Gold
1311.4240351734245,13.707375405579691,2,EELS,Gold
1312.4035173424522,13.710830044559058,2,EELS,Gold
1313.3829995114802,13.688356747701247,2,EELS,Gold
1314.362481680508,13.686087915289917,2,EELS,Gold
1315.341963849536,13.686087915289917,2,EELS,Gold
1316.3214460185636,13.693101225663458,2,EELS,Gold
1317.3009281875916,13.686087915289917,2,EELS,Gold
1318.2804103566193,13.697919879357308,2,EELS,Gold
1319.2598925256473,13.706087915289917,2,EELS,Gold
1320.239374694675,13.696087915289917,2,EELS,Gold
1321.218856863703,13.686467084958501,2,EELS,Gold
1322.1983390327307,13.688862547266337,2,EELS,Gold
1323.1778212017587,13.696087915289917,2,EELS,Gold
1324.1573033707864,13.69833044672159,2,EELS,Gold
1325.1367855398144,13.686087915289917,2,EELS,Gold
1326.116267708842,13.696087915289917,2,EELS,Gold
1327.09574987787,13.696087915289917,2,EELS,Gold
1328.0752320468978,13.706473488590108,2,EELS,Gold
1329.0547142159257,13.687760715397795,2,EELS,Gold
1330.0341963849535,13.700015306431206,2,EELS,Gold
1331.0136785539814,13.686087915289917,2,EELS,Gold
1331.9931607230092,13.686087915289917,2,EELS,Gold
1332.9726428920371,13.686087915289917,2,EELS,Gold
1333.9521250610649,13.694491537182447,2,EELS,Gold
1334.9316072300928,13.688002389131384,2,EELS,Gold
1335.9110893991206,13.696087915289917,2,EELS,Gold
1336.8905715681485,13.696087915289917,2,EELS,Gold
1337.8700537371762,13.710854159566285,2,EELS,Gold
1338.8495359062042,13.686087915289917,2,EELS,Gold
1339.829018075232,13.686087915289917,2,EELS,Gold
1340.80850024426,13.689777148561692,2,EELS,Gold
1341.7879824132876,13.686087915289917,2,EELS,Gold
1342.7674645823156,13.706087915289917,2,EELS,Gold
1343.7469467513433,13.686087915289917,2,EELS,Gold
1344.7264289203713,13.69347570982311,2,EELS,Gold
1345.705911089399,13.686087915289917,2,EELS,Gold
1346.685393258427,13.725977585049481,2,EELS,Gold
1347.6648754274547,13.686087915289917,2,EELS,Gold
1348.6443575964827,13.686087915289917,2,EELS,Gold
1349.6238397655104,13.686087915289917,2,EELS,Gold
1350.6033219345384,13.69860171700243,2,EELS,Gold
1351.582804103566,13.706087915289917,2,EELS,Gold
1352.562286272594,13.692367113643623,2,EELS,Gold
1353.5417684416218,13.716087915289917,2,EELS,Gold
1354.5212506106498,13.696087915289917,2,EELS,Gold
1355.5007327796775,13.706087915289917,2,EELS,Gold
1356.4802149487055,13.696087915289917,2,EELS,Gold
1357.4596971177332,13.696087915289917,2,EELS,Gold
1358.4391792867611,13.696087915289917,2,EELS,Gold
1359.4186614557889,13.696087915289917,2,EELS,Gold
1360.3981436248168,13.698803171954058,2,EELS,Gold
1361.3776257938446,13.698646316544439,2,EELS,Gold
1362.3571079628725,13.696087915289917,2,EELS,Gold
1363.3365901319003,13.686087915289917,2,EELS,Gold
1364.316072300928,13.686087915289917,2,EELS,Gold
1365.295554469956,13.696087915289917,2,EELS,Gold
1366.2750366389837,13.686087915289917,2,EELS,Gold
1367.2545188080117,13.686087915289917,2,EELS,Gold
1368.2340009770394,13.686087915289917,2,EELS,Gold
1369.2134831460673,13.686087915289917,2,EELS,Gold
1370.192965315095,13.686087915289917,2,EELS,Gold
1371.172447484123,13.708245855055079,2,EELS,Gold
1372.1519296531508,13.689796548582581,2,EELS,Gold
1373.1314118221787,13.696087915289917,2,EELS,Gold
1374.1108939912065,13.709084740123766,2,EELS,Gold
1375.0903761602344,13.686087915289917,2,EELS,Gold
1376.0698583292622,13.686087915289917,2,EELS,Gold
1377.0493404982901,13.700004517292271,2,EELS,Gold
1378.0288226673179,13.686087915289917,2,EELS,Gold
1379.0083048363458,13.689397734050733,2,EELS,Gold
1379.9877870053735,13.706087915289917,2,EELS,Gold
1380.9672691744015,13.700322550988767,2,EELS,Gold
1381.9467513434292,13.702977519117828,2,EELS,Gold
1382.9262335124572,13.686087915289917,2,EELS,Gold
1383.905715681485,13.686087915289917,2,EELS,Gold
1384.885197850513,13.713176206971196,2,EELS,Gold
1385.8646800195406,13.696087915289917,2,EELS,Gold
1386.8441621885686,13.686087915289917,2,EELS,Gold
1387.8236443575963,13.696087915289917,2,EELS,Gold
1388.8031265266243,13.686087915289917,2,EELS,Gold
1389.782608695652,13.696087915289917,2,EELS,Gold
1390.76209086468,13.72341778527481,2,EELS,Gold
1391.7415730337077,13.686087915289917,2,EELS,Gold
1392.7210552027357,13.696087915289917,2,EELS,Gold
1393.7005373717634,13.690719709028361,2,EELS,Gold
1394.6800195407914,13.696387988936749,2,EELS,Gold
1395.659501709819,13.686087915289917,2,EELS,Gold
1396.638983878847,13.707150644766603,2,EELS,Gold
1397.6184660478748,13.686503053048328,2,EELS,Gold
1398.5979482169028,13.70725553406328,2,EELS,Gold
1399.5774303859305,13.686087915289917,2,EELS,Gold
1400.5569125549584,13.686087915289917,2,EELS,Gold
1401.5363947239862,13.706087915289917,2,EELS,Gold
1402.5158768930141,13.706932472475096,2,EELS,Gold
1403.4953590620419,13.706087915289917,2,EELS,Gold
1404.4748412310698,13.686087915289917,2,EELS,Gold
1405.4543234000976,13.726087915289916,2,EELS,Gold
1406.4338055691255,13.696087915289917,2,EELS,Gold
1407.4132877381533,13.703166010452305,2,EELS,Gold
1408.3927699071812,13.696087915289917,2,EELS,Gold
1409.372252076209,13.701277769217262,2,EELS,Gold
1410.351734245237,13.686087915289917,2,EELS,Gold
1411.3312164142646,13.698946219565459,2,EELS,Gold
1412.3106985832926,13.690261026624432,2,EELS,Gold
1413.2901807523203,13.686087915289917,2,EELS,Gold
1414.2696629213483,13.686087915289917,2,EELS,Gold
1415.249145090376,13.704256865751873,2,EELS,Gold
1416.228627259404,13.686087915289917,2,EELS,Gold
1417.2081094284317,13.692706941216807,2,EELS,Gold
1418.1875915974597,13.696087915289917,2,EELS,Gold
1419.1670737664874,13.71889152462536,2,EELS,Gold
1420.1465559355154,13.687764456534468,2,EELS,Gold
1421.126038104543,13.712688784569423,2,EELS,Gold
1422.105520273571,13.686955491161209,2,EELS,Gold
1423.0850024425988,13.686087915289917,2,EELS,Gold
1424.0644846116268,13.686087915289917,2,EELS,Gold
1425.0439667806545,13.692976929921373,2,EELS,Gold
1426.0234489496825,13.687818879451887,2,EELS,Gold
1427.0029311187102,13.698164119077846,2,EELS,Gold
1427.9824132877382,13.690232104566498,2,EELS,Gold
1428.961895456766,13.706087915289917,2,EELS,Gold
1429.9413776257938,13.696087915289917,2,EELS,Gold
1430.9208597948216,13.697168636062713,2,EELS,Gold
1431.9003419638495,13.686087915289917,2,EELS,Gold
1432.8798241328773,13.71318647225952,2,EELS,Gold
1433.8593063019052,13.70062428206963,2,EELS,Gold
1434.838788470933,13.698633461547571,2,EELS,Gold
1435.818270639961,13.686087915289917,2,EELS,Gold
1436.7977528089887,13.698812190001993,2,EELS,Gold
1437.7772349780166,13.708877972074827,2,EELS,Gold
1438.7567171470444,13.696087915289917,2,EELS,Gold
1439.7361993160723,13.713986259046896,2,EELS,Gold
1440.7156814851,13.69612995809425,2,EELS,Gold
1441.695163654128,13.696087915289917,2,EELS,Gold
1442.6746458231557,13.721145533937214,2,EELS,Gold
1443.6541279921837,13.714620523269444,2,EELS,Gold
1444.6336101612114,13.686087915289917,2,EELS,Gold
1445.6130923302394,13.698009747021928,2,EELS,Gold
1446.5925744992671,13.686087915289917,2,EELS,Gold
1447.572056668295,13.686087915289917,2,EELS,Gold
1448.5515388373228,13.687511540965225,2,EELS,Gold
1449.5310210063508,13.686377246974045,2,EELS,Gold
1450.5105031753785,13.706087915289917,2,EELS,Gold
1451.4899853444065,13.694375392938829,2,EELS,Gold
1452.4694675134342,13.691532875687875,2,EELS,Gold
1453.4489496824622,13.694870438343786,2,EELS,Gold
1454.42843185149,13.696087915289917,2,EELS,Gold
1455.4079140205176,13.692263908905623,2,EELS,Gold
1456.3873961895456,13.706087915289917,2,EELS,Gold
1457.3668783585733,13.71706513989293,2,EELS,Gold
1458.3463605276013,13.686087915289917,2,EELS,Gold
1459.325842696629,13.707590111139265,2,EELS,Gold
1460.305324865657,13.686473808538596,2,EELS,Gold
1461.2848070346847,13.686087915289917,2,EELS,Gold
1462.2642892037127,13.700071069184455,2,EELS,Gold
1463.2437713727404,13.697401965681612,2,EELS,Gold
1464.2232535417684,13.694798537648326,2,EELS,Gold
1465.202735710796,13.698600027142394,2,EELS,Gold
1466.182217879824,13.699564627267105,2,EELS,Gold
1467.1617000488518,13.696087915289917,2,EELS,Gold
1468.1411822178798,13.696069106366863,2,EELS,Gold
1469.1206643869075,13.686125402094644,2,EELS,Gold
1470.1001465559355,13.69311278326297,2,EELS,Gold
1471.0796287249632,13.686087915289917,2,EELS,Gold
1472.0591108939911,13.69067640390495,2,EELS,Gold
1473.0385930630189,13.696087915289917,2,EELS,Gold
1474.0180752320468,13.702979775145954,2,EELS,Gold
1474.9975574010746,13.692472425008472,2,EELS,Gold
1475.9770395701025,13.688563804630443,2,EELS,Gold
1476.9565217391303,13.691077359405682,2,EELS,Gold
1477.9360039081582,13.686087915289917,2,EELS,Gold
1478.915486077186,13.70267310659126,2,EELS,Gold
1479.894968246214,13.71642749660971,2,EELS,Gold
1480.8744504152417,13.700124676873466,2,EELS,Gold
1481.8539325842696,13.70233794193552,2,EELS,Gold
1482.8334147532973,13.686087915289917,2,EELS,Gold
1483.8128969223253,13.696087915289917,2,EELS,Gold
1484.792379091353,13.68653459203782,2,EELS,Gold
1485.771861260381,13.690553164654286,2,EELS,Gold
1486.7513434294087,13.686087915289917,2,EELS,Gold
1487.7308255984367,13.691601845574134,2,EELS,Gold
1488.7103077674644,13.699241965187426,2,EELS,Gold
1489.6897899364924,13.696087915289917,2,EELS,Gold
1490.6692721055201,13.701408224640584,2,EELS,Gold
1491.648754274548,13.694924176085818,2,EELS,Gold
1492.6282364435758,13.697865781858264,2,EELS,Gold
1493.6077186126038,13.697872871733495,2,EELS,Gold
1494.5872007816315,13.686087915289917,2,EELS,Gold
1495.5666829506595,13.700889525281184,2,EELS,Gold
1496.5461651196872,13.686087915289917,2,EELS,Gold
1497.5256472887152,13.696087915289917,2,EELS,Gold
1498.505129457743,13.696087915289917,2,EELS,Gold
1499.4846116267709,13.696087915289917,2,EELS,Gold
1500.4640937957986,13.686087915289917,2,EELS,Gold
1501.4435759648266,13.686087915289917,2,EELS,Gold
1502.4230581338543,13.694654856569095,2,EELS,Gold
1503.4025403028822,13.686087915289917,2,EELS,Gold
1504.38202247191,13.686087915289917,2,EELS,Gold
1505.361504640938,13.697744204601648,2,EELS,Gold
1506.3409868099657,13.686087915289917,2,EELS,Gold
1507.3204689789936,13.696087915289917,2,EELS,Gold
1508.2999511480214,13.710670734602179,2,EELS,Gold
1509.2794333170493,13.708152286320509,2,EELS,Gold
1510.258915486077,13.697276038301816,2,EELS,Gold
1511.238397655105,13.691001775958592,2,EELS,Gold
1512.2178798241328,13.686087915289917,2,EELS,Gold
1513.1973619931607,13.70833565452431,2,EELS,Gold
1514.1768441621884,13.688098319327182,2,EELS,Gold
1515.1563263312164,13.696087915289917,2,EELS,Gold
1516.1358085002441,13.695947390311153,2,EELS,Gold
1517.115290669272,13.698660379344327,2,EELS,Gold
1518.0947728382998,13.700187940271515,2,EELS,Gold
1519.0742550073278,13.721534133406436,2,EELS,Gold
1520.0537371763555,13.686087915289917,2,EELS,Gold
1521.0332193453835,13.686087915289917,2,EELS,Gold
1522.0127015144112,13.697305057901328,2,EELS,Gold
1522.9921836834392,13.69704451153753,2,EELS,Gold
1523.971665852467,13.696087915289917,2,EELS,Gold
1524.9511480214949,13.696087915289917,2,EELS,Gold
1525.9306301905226,13.686087915289917,2,EELS,Gold
1526.9101123595506,13.686087915289917,2,EELS,Gold
1527.8895945285783,13.726087915289916,2,EELS,Gold
1528.8690766976063,13.701240897729711,2,EELS,Gold
1529.848558866634,13.696087915289917,2,EELS,Gold
1530.828041035662,13.686087915289917,2,EELS,Gold
1531.8075232046897,13.686822953306955,2,EELS,Gold
1532.7870053737176,13.69491289910183,2,EELS,Gold
1533.7664875427454,13.686087915289917,2,EELS,Gold
1534.7459697117733,13.714481308376403,2,EELS,Gold
1535.725451880801,13.704451435655105,2,EELS,Gold
1536.704934049829,13.695846426298457,2,EELS,Gold
1537.6844162188568,13.69854298487429,2,EELS,Gold
1538.6638983878847,13.718574095055542,2,EELS,Gold
1539.6433805569125,13.686087915289917,2,EELS,Gold
1540.6228627259404,13.697233053667029,2,EELS,Gold
1541.6023448949682,13.686087915289917,2,EELS,Gold
1542.5818270639961,13.686135630572279,2,EELS,Gold
1543.5613092330238,13.701749337582697,2,EELS,Gold
1544.5407914020518,13.696087915289917,2,EELS,Gold
1545.5202735710795,13.686087915289917,2,EELS,Gold
1546.4997557401073,13.700161334948596,2,EELS,Gold
1547.4792379091352,13.7065187629208,2,EELS,Gold
1548.458720078163,13.706087915289917,2,EELS,Gold
1549.438202247191,13.70482938824456,2,EELS,Gold
1550.4176844162187,13.689595334388402,2,EELS,Gold
1551.3971665852466,13.701416639130803,2,EELS,Gold
1552.3766487542744,13.686875121264826,2,EELS,Gold
1553.3561309233023,13.716575667835802,2,EELS,Gold
1554.33561309233,13.713061226151497,2,EELS,Gold
1555.315095261358,13.69221517061492,2,EELS,Gold
1556.2945774303857,13.68661818451901,2,EELS,Gold
1557.2740595994137,13.703483349487776,2,EELS,Gold
1558.2535417684414,13.706087915289917,2,EELS,Gold
1559.2330239374694,13.710470073016083,2,EELS,Gold
1560.2125061064971,13.687951532779405,2,EELS,Gold
1561.191988275525,13.686087915289917,2,EELS,Gold
1562.1714704445528,13.686087915289917,2,EELS,Gold
1563.1509526135808,13.707305528676137,2,EELS,Gold
1564.1304347826085,13.694959379208436,2,EELS,Gold
1565.1099169516365,13.686087915289917,2,EELS,Gold
1566.0893991206642,13.701994085293899,2,EELS,Gold
1567.0688812896922,13.696087915289917,2,EELS,Gold
1568.04836345872,13.68800128834767,2,EELS,Gold
1569.0278456277479,13.690732430010593,2,EELS,Gold
1570.0073277967756,13.713527897494412,2,EELS,Gold
1570.9868099658036,13.696087915289917,2,EELS,Gold
1571.9662921348313,13.686087915289917,2,EELS,Gold
1572.9457743038593,13.716087915289917,2,EELS,Gold
1573.925256472887,13.716087915289917,2,EELS,Gold
1574.904738641915,13.699747247110974,2,EELS,Gold
1575.8842208109427,13.71190924128872,2,EELS,Gold
1576.8637029799706,13.689380434255693,2,EELS,Gold
1577.8431851489984,13.698570577638659,2,EELS,Gold
1578.8226673180263,13.687480719538414,2,EELS,Gold
1579.802149487054,13.686087915289917,2,EELS,Gold
1580.781631656082,13.686087915289917,2,EELS,Gold
1581.7611138251098,13.696087915289917,2,EELS,Gold
1582.7405959941377,13.686087915289917,2,EELS,Gold
1583.7200781631655,13.68880949192128,2,EELS,Gold
1584.6995603321934,13.686087915289917,2,EELS,Gold
1585.6790425012211,13.693716277740448,2,EELS,Gold
1586.658524670249,13.697068112240801,2,EELS,Gold
1587.6380068392768,13.696087915289917,2,EELS,Gold
1588.6174890083048,13.686087915289917,2,EELS,Gold
1589.5969711773325,13.686850077689519,2,EELS,Gold
1590.5764533463605,13.693643495368693,2,EELS,Gold
1591.5559355153882,13.706087915289917,2,EELS,Gold
1592.5354176844162,13.687006255646637,2,EELS,Gold
1593.514899853444,13.6884909017807,2,EELS,Gold
1594.4943820224719,13.686087915289917,2,EELS,Gold
1595.4738641914996,13.696087915289917,2,EELS,Gold
1596.4533463605276,13.698466019853305,2,EELS,Gold
1597.4328285295553,13.686087915289917,2,EELS,Gold
1598.4123106985833,13.689682850293918,2,EELS,Gold
1599.391792867611,13.686087915289917,2,EELS,Gold
1600.371275036639,13.706954028871316,2,EELS,Gold
1601.3507572056667,13.71995756497057,2,EELS,Gold
1602.3302393746947,13.696087915289917,2,EELS,Gold
1603.3097215437224,13.721562252266851,2,EELS,Gold
1604.2892037127503,13.696087915289917,2,EELS,Gold
1605.268685881778,13.696730547687038,2,EELS,Gold
1606.248168050806,13.686087915289917,2,EELS,Gold
1607.2276502198338,13.69101526577452,2,EELS,Gold
1608.2071323888617,13.696087915289917,2,EELS,Gold
1609.1866145578895,13.686087915289917,2,EELS,Gold
1610.1660967269174,13.696087915289917,2,EELS,Gold
1611.1455788959452,13.704500841000964,2,EELS,Gold
1612.1250610649731,13.686087915289917,2,EELS,Gold
1613.1045432340009,13.691743100846297,2,EELS,Gold
1614.0840254030288,13.716087915289917,2,EELS,Gold
1615.0635075720566,13.686087915289917,2,EELS,Gold
1616.0429897410845,13.687620473491997,2,EELS,Gold
1617.0224719101122,13.686087915289917,2,EELS,Gold
1618.0019540791402,13.688259000787202,2,EELS,Gold
1618.981436248168,13.711721428832625,2,EELS,Gold
1619.960918417196,13.686087915289917,2,EELS,Gold
1620.9404005862236,13.718064760713165,2,EELS,Gold
1621.9198827552516,13.701392568184946,2,EELS,Gold
1622.8993649242793,13.686087915289917,2,EELS,Gold
1623.8788470933073,13.686087915289917,2,EELS,Gold
1624.858329262335,13.699193001532286,2,EELS,Gold
1625.837811431363,13.706087915289917,2,EELS,Gold
1626.8172936003907,13.705171262065157,2,EELS,Gold
1627.7967757694187,13.686468210292244,2,EELS,Gold
1628.7762579384464,13.696087915289917,2,EELS,Gold
1629.7557401074744,13.686087915289917,2,EELS,Gold
1630.735222276502,13.697229159897367,2,EELS,Gold
1631.71470444553,13.686087915289917,2,EELS,Gold
1632.6941866145578,13.696560098004374,2,EELS,Gold
1633.6736687835858,13.695861368517914,2,EELS,Gold
1634.6531509526135,13.686087915289917,2,EELS,Gold
1635.6326331216414,13.686087915289917,2,EELS,Gold
1636.6121152906692,13.706087915289917,2,EELS,Gold
1637.591597459697,13.693082245577742,2,EELS,Gold
1638.5710796287249,13.692137989157407,2,EELS,Gold
1639.5505617977526,13.686087915289917,2,EELS,Gold
1640.5300439667806,13.686762055052112,2,EELS,Gold
1641.5095261358083,13.696087915289917,2,EELS,Gold
1642.4890083048363,13.696087915289917,2,EELS,Gold
1643.468490473864,13.698740113636356,2,EELS,Gold
1644.447972642892,13.71541141219178,2,EELS,Gold
1645.4274548119197,13.686087915289917,2,EELS,Gold
1646.4069369809476,13.696087915289917,2,EELS,Gold
1647.3864191499754,13.696087915289917,2,EELS,Gold
1648.3659013190033,13.69350287319675,2,EELS,Gold
1649.345383488031,13.690686819441085,2,EELS,Gold
1650.324865657059,13.686087915289917,2,EELS,Gold
1651.3043478260868,13.686087915289917,2,EELS,Gold
1652.2838299951147,13.687054768785355,2,EELS,Gold
1653.2633121641425,13.696087915289917,2,EELS,Gold
1654.2427943331704,13.687575382884345,2,EELS,Gold
1655.2222765021982,13.69500128701132,2,EELS,Gold
1656.2017586712261,13.686087915289917,2,EELS,Gold
1657.1812408402538,13.686087915289917,2,EELS,Gold
1658.1607230092818,13.712221283438854,2,EELS,Gold
1659.1402051783095,13.686087915289917,2,EELS,Gold
1660.1196873473375,13.707698047127128,2,EELS,Gold
1661.0991695163652,13.706087915289917,2,EELS,Gold
1662.0786516853932,13.686087915289917,2,EELS,Gold
1663.058133854421,13.690583761869458,2,EELS,Gold
1664.037616023449,13.686087915289917,2,EELS,Gold
1665.0170981924766,13.697463659035753,2,EELS,Gold
1665.9965803615046,13.696087915289917,2,EELS,Gold
1666.9760625305323,13.696087915289917,2,EELS,Gold
1667.9555446995603,13.689554248118936,2,EELS,Gold
1668.935026868588,13.686087915289917,2,EELS,Gold
1669.914509037616,13.686087915289917,2,EELS,Gold
1670.8939912066437,13.686087915289917,2,EELS,Gold
1671.8734733756717,13.712342969368198,2,EELS,Gold
1672.8529555446994,13.695053805730394,2,EELS,Gold
1673.8324377137274,13.705945607952664,2,EELS,Gold
1674.811919882755,13.706087915289917,2,EELS,Gold
1675.791402051783,13.686087915289917,2,EELS,Gold
1676.7708842208108,13.706029997304656,2,EELS,Gold
1677.7503663898387,13.696087915289917,2,EELS,Gold
1678.7298485588665,13.696087915289917,2,EELS,Gold
1679.7093307278944,13.690362963163594,2,EELS,Gold
1680.6888128969222,13.7080155059544,2,EELS,Gold
1681.6682950659501,13.686087915289917,2,EELS,Gold
1682.6477772349779,13.719152193417397,2,EELS,Gold
1683.6272594040058,13.697157483902707,2,EELS,Gold
1684.6067415730336,13.686087915289917,2,EELS,Gold
1685.5862237420615,13.686087915289917,2,EELS,Gold
1686.5657059110893,13.705877812574574,2,EELS,Gold
1687.5451880801172,13.696087915289917,2,EELS,Gold
1688.524670249145,13.686087915289917,2,EELS,Gold
1689.504152418173,13.706087915289917,2,EELS,Gold
1690.4836345872006,13.686087915289917,2,EELS,Gold
1691.4631167562286,13.686087915289917,2,EELS,Gold
1692.4425989252563,13.686087915289917,2,EELS,Gold
1693.4220810942843,13.686087915289917,2,EELS,Gold
1694.401563263312,13.686087915289917,2,EELS,Gold
1695.38104543234,13.719487002012047,2,EELS,Gold
1696.3605276013677,13.71515798851928,2,EELS,Gold
1697.3400097703957,13.686087915289917,2,EELS,Gold
1698.3194919394234,13.71224768613125,2,EELS,Gold
1699.2989741084514,13.696087915289917,2,EELS,Gold
1700.278456277479,13.68742910184437,2,EELS,Gold
1701.257938446507,13.696087915289917,2,EELS,Gold
1702.2374206155348,13.706087915289917,2,EELS,Gold
1703.2169027845628,13.69614583174307,2,EELS,Gold
1704.1963849535905,13.687395348846385,2,EELS,Gold
1705.1758671226185,13.696087915289917,2,EELS,Gold
1706.1553492916462,13.686087915289917,2,EELS,Gold
1707.1348314606741,13.686087915289917,2,EELS,Gold
1708.1143136297019,13.696087915289917,2,EELS,Gold
1709.0937957987298,13.696235983775834,2,EELS,Gold
1710.0732779677576,13.696087915289917,2,EELS,Gold
1711.0527601367855,13.686087915289917,2,EELS,Gold
1712.0322423058133,13.700085028250507,2,EELS,Gold
1713.0117244748412,13.698342980979259,2,EELS,Gold
1713.991206643869,13.696087915289917,2,EELS,Gold
1714.970688812897,13.696087915289917,2,EELS,Gold
1715.9501709819247,13.705284155491686,2,EELS,Gold
1716.9296531509526,13.691422377748653,2,EELS,Gold
1717.9091353199804,13.696087915289917,2,EELS,Gold
1718.8886174890083,13.686087915289917,2,EELS,Gold
1719.868099658036,13.70012822572272,2,EELS,Gold
1720.847581827064,13.694569399425658,2,EELS,Gold
1721.8270639960917,13.686087915289917,2,EELS,Gold
1722.8065461651197,13.689081018562584,2,EELS,Gold
1723.7860283341474,13.696087915289917,2,EELS,Gold
1724.7655105031754,13.686087915289917,2,EELS,Gold
1725.7449926722031,13.686087915289917,2,EELS,Gold
1726.724474841231,13.686087915289917,2,EELS,Gold
1727.7039570102588,13.695997588605865,2,EELS,Gold
1728.6834391792866,13.696087915289917,2,EELS,Gold
1729.6629213483145,13.68664659332159,2,EELS,Gold
1730.6424035173422,13.696087915289917,2,EELS,Gold
1731.6218856863702,13.699787004560816,2,EELS,Gold
1732.601367855398,13.696087915289917,2,EELS,Gold
1733.580850024426,13.696087915289917,2,EELS,Gold
1734.5603321934536,13.699701567515715,2,EELS,Gold
1735.5398143624816,13.695585000144856,2,EELS,Gold
1736.5192965315093,13.686087915289917,2,EELS,Gold
1737.4987787005373,13.691187690294141,2,EELS,Gold
1738.478260869565,13.691591795011686,2,EELS,Gold
1739.457743038593,13.692661548162919,2,EELS,Gold
1740.4372252076207,13.696087915289917,2,EELS,Gold
1741.4167073766487,13.706377086062261,2,EELS,Gold
1742.3961895456764,13.686087915289917,2,EELS,Gold
1743.3756717147044,13.686087915289917,2,EELS,Gold
1744.355153883732,13.723014530284436,2,EELS,Gold
1745.33463605276,13.689189375458538,2,EELS,Gold
1746.3141182217878,13.696087915289917,2,EELS,Gold
1747.2936003908158,13.706087915289917,2,EELS,Gold
1748.2730825598435,13.700284798872133,2,EELS,Gold
1749.2525647288714,13.686087915289917,2,EELS,Gold
1750.2320468978992,13.696087915289917,2,EELS,Gold
1751.2115290669271,13.696087915289917,2,EELS,Gold
1752.1910112359549,13.700556500031828,2,EELS,Gold
1753.1704934049828,13.693996719776019,2,EELS,Gold
1754.1499755740106,13.696087915289917,2,EELS,Gold
1755.1294577430385,13.699254639077019,2,EELS,Gold
1756.1089399120663,13.686087915289917,2,EELS,Gold
1757.0884220810942,13.707534643072263,2,EELS,Gold
1758.067904250122,13.686858251408808,2,EELS,Gold
1759.04738641915,13.705990825239754,2,EELS,Gold
1760.0268685881776,13.695974570789089,2,EELS,Gold
1761.0063507572056,13.701148339127315,2,EELS,Gold
1761.9858329262333,13.686087915289917,2,EELS,Gold
1762.9653150952613,13.6936760895181,2,EELS,Gold
1763.944797264289,13.696087915289917,2,EELS,Gold
1764.924279433317,13.686087915289917,2,EELS,Gold
1765.9037616023447,13.686087915289917,2,EELS,Gold
1766.8832437713727,13.686972203849114,2,EELS,Gold
1767.8627259404004,13.705393449770844,2,EELS,Gold
1768.8422081094284,13.696087915289917,2,EELS,Gold
1769.8216902784561,13.696087915289917,2,EELS,Gold
1770.801172447484,13.696688741126634,2,EELS,Gold
1771.7806546165118,13.687267155857054,2,EELS,Gold
1772.7601367855398,13.708005361957394,2,EELS,Gold
1773.7396189545675,13.705491812325418,2,EELS,Gold
1774.7191011235955,13.7065020293054,2,EELS,Gold
1775.6985832926232,13.686087915289917,2,EELS,Gold
1776.6780654616512,13.686087915289917,2,EELS,Gold
1777.657547630679,13.686087915289917,2,EELS,Gold
1778.6370297997069,13.703237149476184,2,EELS,Gold
1779.6165119687346,13.70088648492584,2,EELS,Gold
1780.5959941377625,13.686087915289917,2,EELS,Gold
1781.5754763067903,13.696087915289917,2,EELS,Gold
1782.5549584758182,13.701069627722065,2,EELS,Gold
1783.534440644846,13.70126600161222,2,EELS,Gold
1784.513922813874,13.70055896039364,2,EELS,Gold
1785.4934049829017,13.686087915289917,2,EELS,Gold
1786.4728871519296,13.713032121060092,2,EELS,Gold
1787.4523693209574,13.686087915289917,2,EELS,Gold
1788.4318514899853,13.696087915289917,2,EELS,Gold
1789.411333659013,13.696087915289917,2,EELS,Gold
1790.390815828041,13.686087915289917,2,EELS,Gold
1791.3702979970687,13.686087915289917,2,EELS,Gold
1792.3497801660967,13.686087915289917,2,EELS,Gold
1793.3292623351244,13.695888630408758,2,EELS,Gold
1794.3087445041524,13.707610929941431,2,EELS,Gold
1795.2882266731801,13.696087915289917,2,EELS,Gold
1796.267708842208,13.706088899109794,2,EELS,Gold
1797.2471910112358,13.696087915289917,2,EELS,Gold
1798.2266731802638,13.714849854283361,2,EELS,Gold
1799.2061553492915,13.686087915289917,2,EELS,Gold
1800.1856375183195,13.686402939674567,2,EELS,Gold
1801.1651196873472,13.686087915289917,2,EELS,Gold
1802.1446018563752,13.698472019930419,2,EELS,Gold
1803.124084025403,13.686087915289917,2,EELS,Gold
1804.1035661944309,13.692308792666296,2,EELS,Gold
1805.0830483634586,13.717341915951488,2,EELS,Gold
1806.0625305324866,13.703415353016767,2,EELS,Gold
1807.0420127015143,13.7098191137407,2,EELS,Gold
1808.0214948705423,13.706087915289917,2,EELS,Gold
1809.00097703957,13.715872916042143,2,EELS,Gold
1809.980459208598,13.696087915289917,2,EELS,Gold
1810.9599413776257,13.71868885775882,2,EELS,Gold
1811.9394235466536,13.696087915289917,2,EELS,Gold
1812.9189057156814,13.686087915289917,2,EELS,Gold
1813.8983878847093,13.699429930260866,2,EELS,Gold
1814.877870053737,13.686087915289917,2,EELS,Gold
1815.857352222765,13.686087915289917,2,EELS,Gold
1816.8368343917928,13.696087915289917,2,EELS,Gold
1817.8163165608207,13.692422689314505,2,EELS,Gold
1818.7957987298485,13.700306618586465,2,EELS,Gold
1819.7752808988762,13.687242504132076,2,EELS,Gold
1820.7547630679042,13.709553465048588,2,EELS,Gold
1821.7342452369319,13.696087915289917,2,EELS,Gold
1822.7137274059598,13.686087915289917,2,EELS,Gold
1823.6932095749876,13.706087915289917,2,EELS,Gold
1824.6726917440155,13.706087915289917,2,EELS,Gold
1825.6521739130433,13.686966663573866,2,EELS,Gold
1826.6316560820712,13.703155615856998,2,EELS,Gold
1827.611138251099,13.686087915289917,2,EELS,Gold
1828.590620420127,13.687526888888895,2,EELS,Gold
1829.5701025891547,13.686087915289917,2,EELS,Gold
1830.5495847581826,13.686087915289917,2,EELS,Gold
1831.5290669272104,13.686087915289917,2,EELS,Gold
1832.5085490962383,13.696087915289917,2,EELS,Gold
1833.488031265266,13.696087915289917,2,EELS,Gold
1834.467513434294,13.686432734271868,2,EELS,Gold
1835.4469956033217,13.696880599710362,2,EELS,Gold
1836.4264777723497,13.696087915289917,2,EELS,Gold
1837.4059599413774,13.699089282235454,2,EELS,Gold
1838.3854421104054,13.706087915289917,2,EELS,Gold
1839.3649242794331,13.686087915289917,2,EELS,Gold
1840.344406448461,13.714461780086602,2,EELS,Gold
1841.3238886174888,13.686087915289917,2,EELS,Gold
1842.3033707865168,13.686087915289917,2,EELS,Gold
1843.2828529555445,13.693599644411842,2,EELS,Gold
1844.2623351245725,13.686087915289917,2,EELS,Gold
1845.2418172936002,13.696087915289917,2,EELS,Gold
1846.2212994626282,13.707994043754642,2,EELS,Gold
1847.200781631656,13.686087915289917,2,EELS,Gold
1848.1802638006839,13.686087915289917,2,EELS,Gold
1849.1597459697116,13.686087915289917,2,EELS,Gold
1850.1392281387396,13.69527097586108,2,EELS,Gold
1851.1187103077673,13.697580204941167,2,EELS,Gold
1852.0981924767952,13.706087915289917,2,EELS,Gold
1853.077674645823,13.693076620754272,2,EELS,Gold
1854.057156814851,13.710287790253194,2,EELS,Gold
1855.0366389838787,13.704337736423934,2,EELS,Gold
1856.0161211529066,13.696087915289917,2,EELS,Gold
1856.9956033219344,13.686087915289917,2,EELS,Gold
1857.9750854909623,13.706087915289917,2,EELS,Gold
1858.95456765999,13.686087915289917,2,EELS,Gold
1859.934049829018,13.686087915289917,2,EELS,Gold
1860.9135319980458,13.686087915289917,2,EELS,Gold
1861.8930141670737,13.697520022897693,2,EELS,Gold
1862.8724963361014,13.709106307631787,2,EELS,Gold
1863.8519785051294,13.706087915289917,2,EELS,Gold
1864.8314606741571,13.717311811251623,2,EELS,Gold
1865.810942843185,13.69975607650747,2,EELS,Gold
1866.7904250122128,13.696766144385535,2,EELS,Gold
1867.7699071812408,13.69535414157788,2,EELS,Gold
1868.7493893502685,13.696845113247882,2,EELS,Gold
1869.7288715192965,13.70709597124955,2,EELS,Gold
1870.7083536883242,13.686087915289917,2,EELS,Gold
1871.6878358573522,13.686087915289917,2,EELS,Gold
1872.66731802638,13.686087915289917,2,EELS,Gold
1873.6468001954079,13.710590137172966,2,EELS,Gold
1874.6262823644356,13.709040137030279,2,EELS,Gold
1875.6057645334636,13.696087915289917,2,EELS,Gold
1876.5852467024913,13.686087915289917,2,EELS,Gold
1877.5647288715193,13.704700923148645,2,EELS,Gold
1878.544211040547,13.70380792468674,2,EELS,Gold
1879.523693209575,13.686087915289917,2,EELS,Gold
1880.5031753786027,13.686087915289917,2,EELS,Gold
1881.4826575476307,13.706087915289917,2,EELS,Gold
1882.4621397166584,13.686087915289917,2,EELS,Gold
1883.4416218856863,13.696087915289917,2,EELS,Gold
1884.421104054714,13.694361695183554,2,EELS,Gold
1885.400586223742,13.687299483992208,2,EELS,Gold
1886.3800683927698,13.716087915289917,2,EELS,Gold
1887.3595505617977,13.705083753192609,2,EELS,Gold
1888.3390327308255,13.696087915289917,2,EELS,Gold
1889.3185148998534,13.69947471436604,2,EELS,Gold
1890.2979970688812,13.686087915289917,2,EELS,Gold
1891.2774792379091,13.706087915289917,2,EELS,Gold
1892.2569614069369,13.701250905612662,2,EELS,Gold
1893.2364435759648,13.691426095623878,2,EELS,Gold
1894.2159257449925,13.70974362904153,2,EELS,Gold
1895.1954079140205,13.696087915289917,2,EELS,Gold
1896.1748900830482,13.69923325940568,2,EELS,Gold
1897.1543722520762,13.686087915289917,2,EELS,Gold
1898.133854421104,13.687963839373541,2,EELS,Gold
1899.113336590132,13.710590046895533,2,EELS,Gold
1900.0928187591596,13.686087915289917,2,EELS,Gold
1901.0723009281876,13.686087915289917,2,EELS,Gold
1902.0517830972153,13.689488343088371,2,EELS,Gold
1903.0312652662433,13.68982582035316,2,EELS,Gold
1904.010747435271,13.686087915289917,2,EELS,Gold
1904.990229604299,13.696087915289917,2,EELS,Gold
1905.9697117733267,13.731160188944548,2,EELS,Gold
1906.9491939423547,13.691119856108118,2,EELS,Gold
1907.9286761113824,13.706087915289917,2,EELS,Gold
1908.9081582804104,13.706087915289917,2,EELS,Gold
1909.887640449438,13.686087915289917,2,EELS,Gold
1910.8671226184658,13.719392722881768,2,EELS,Gold
1911.8466047874938,13.697511509212394,2,EELS,Gold
1912.8260869565215,13.696087915289917,2,EELS,Gold
1913.8055691255495,13.691305813098994,2,EELS,Gold
1914.7850512945772,13.686087915289917,2,EELS,Gold
1915.7645334636052,13.711414637411782,2,EELS,Gold
1916.744015632633,13.69990472437017,2,EELS,Gold
1917.7234978016609,13.696087915289917,2,EELS,Gold
1918.7029799706886,13.686087915289917,2,EELS,Gold
1919.6824621397166,13.696087915289917,2,EELS,Gold
1920.6619443087443,13.686087915289917,2,EELS,Gold
1921.6414264777723,13.686087915289917,2,EELS,Gold
1922.6209086468,13.717486126547197,2,EELS,Gold
1923.600390815828,13.686087915289917,2,EELS,Gold
1924.5798729848557,13.686087915289917,2,EELS,Gold
1925.5593551538836,13.686087915289917,2,EELS,Gold
1926.5388373229114,13.6912612202986,2,EELS,Gold
1927.5183194919393,13.701490706377076,2,EELS,Gold
1928.497801660967,13.686087915289917,2,EELS,Gold
1929.477283829995,13.696087915289917,2,EELS,Gold
1930.4567659990228,13.686087915289917,2,EELS,Gold
1931.4362481680507,13.705303971009167,2,EELS,Gold
1932.4157303370785,13.694104724442928,2,EELS,Gold
1933.3952125061064,13.686087915289917,2,EELS,Gold
1934.3746946751342,13.686087915289917,2,EELS,Gold
1935.354176844162,13.706087915289917,2,EELS,Gold
1936.3336590131898,13.686087915289917,2,EELS,Gold
1937.3131411822178,13.709533641503661,2,EELS,Gold
1938.2926233512455,13.686087915289917,2,EELS,Gold
1939.2721055202735,13.706001937181902,2,EELS,Gold
1940.2515876893012,13.686087915289917,2,EELS,Gold
1941.2310698583292,13.696087915289917,2,EELS,Gold
1942.210552027357,13.686087915289917,2,EELS,Gold
1943.1900341963849,13.686087915289917,2,EELS,Gold
1944.1695163654126,13.696087915289917,2,EELS,Gold
1945.1489985344406,13.696264967005275,2,EELS,Gold
1946.1284807034683,13.686087915289917,2,EELS,Gold
1947.1079628724963,13.69737339961266,2,EELS,Gold
1948.087445041524,13.686087915289917,2,EELS,Gold
1949.066927210552,13.686087915289917,2,EELS,Gold
1950.0464093795797,13.696087915289917,2,EELS,Gold
1951.0258915486077,13.692217163489035,2,EELS,Gold
1952.0053737176354,13.686087915289917,2,EELS,Gold
1952.9848558866634,13.70435903630397,2,EELS,Gold
1953.964338055691,13.706087915289917,2,EELS,Gold
1954.943820224719,13.686087915289917,2,EELS,Gold
1955.9233023937468,13.701519264742815,2,EELS,Gold
1956.9027845627747,13.686087915289917,2,EELS,Gold
1957.8822667318025,13.696489984364248,2,EELS,Gold
1958.8617489008304,13.686087915289917,2,EELS,Gold
1959.8412310698582,13.687426159921136,2,EELS,Gold
1960.8207132388861,13.696087915289917,2,EELS,Gold
1961.8001954079139,13.706087915289917,2,EELS,Gold
1962.7796775769418,13.692388976790069,2,EELS,Gold
1963.7591597459696,13.706684960914439,2,EELS,Gold
1964.7386419149975,13.686087915289917,2,EELS,Gold
1965.7181240840252,13.686087915289917,2,EELS,Gold
1966.6976062530532,13.689112485894837,2,EELS,Gold
1967.677088422081,13.693176787292828,2,EELS,Gold
1968.656570591109,13.686087915289917,2,EELS,Gold
1969.6360527601366,13.686087915289917,2,EELS,Gold
1970.6155349291646,13.686087915289917,2,EELS,Gold
1971.5950170981923,13.693277929420052,2,EELS,Gold
1972.5744992672203,13.731588222612714,2,EELS,Gold
1973.553981436248,13.686087915289917,2,EELS,Gold
1974.533463605276,13.696087915289917,2,EELS,Gold
1975.5129457743037,13.700209251909676,2,EELS,Gold
1976.4924279433317,13.709579413997549,2,EELS,Gold
1977.4719101123594,13.687208103143785,2,EELS,Gold
1978.4513922813874,13.696087915289917,2,EELS,Gold
1979.430874450415,13.695877085447528,2,EELS,Gold
1980.410356619443,13.692873969055558,2,EELS,Gold
1981.3898387884708,13.696087915289917,2,EELS,Gold
1982.3693209574988,13.689996575648836,2,EELS,Gold
1983.3488031265265,13.6962775615706,2,EELS,Gold
1984.3282852955545,13.698160546695888,2,EELS,Gold
1985.3077674645822,13.696087915289917,2,EELS,Gold
1986.2872496336101,13.686087915289917,2,EELS,Gold
1987.2667318026379,13.698623375982981,2,EELS,Gold
1988.2462139716658,13.686087915289917,2,EELS,Gold
1989.2256961406936,13.690579389045539,2,EELS,Gold
1990.2051783097215,13.686087915289917,2,EELS,Gold
1991.1846604787493,13.696972112326447,2,EELS,Gold
1992.1641426477772,13.696087915289917,2,EELS,Gold
1993.143624816805,13.709044607508892,2,EELS,Gold
1994.123106985833,13.691118169837372,2,EELS,Gold
1995.1025891548607,13.686087915289917,2,EELS,Gold
1996.0820713238886,13.700636074716357,2,EELS,Gold
1997.0615534929163,13.731927442695644,2,EELS,Gold
1998.0410356619443,13.695104664859118,2,EELS,Gold
1999.020517830972,13.686087915289917,2,EELS,Gold
2000.0,13.696087915289917,2,EELS,Gold
