energy,intensity,line_id,technique,material
-5.0,3.5066058267435967,1,EELS,Sodium Azide
-4.020517830972154,1.1893102281539463,1,EELS,Sodium Azide
-3.041035661944309,0.6145540468145445,1,EELS,Sodium Azide
-2.061553492916463,0.38804646126705034,1,EELS,Sodium Azide
-1.0820713238886177,0.29976976828988927,1,EELS,Sodium Azide
-0.10258915486077225,7.46335503592121,1,EELS,Sodium Azide
0.0,10.204291065432196,1,EELS,Sodium Azide
0.8768930141670737,0.17557798871065752,1,EELS,Sodium Azide
1.8563751831949187,0.13460750387364237,1,EELS,Sodium Azide
2.8358573522227646,0.10241922038575482,1,EELS,Sodium Azide
3.8153395212506105,0.10304512381562501,1,EELS,Sodium Azide
4.7948216902784555,0.05827621642783877,1,EELS,Sodium Azide
5.7743038593063005,0.050104775132592524,1,EELS,Sodium Azide
6.753786028334147,0.06383763224201004,1,EELS,Sodium Azide
7.733268197361992,0.07259126956880561,1,EELS,Sodium Azide
8.712750366389837,0.050602797900128005,1,EELS,Sodium Azide
9.692232535417684,0.033492568667575565,1,EELS,Sodium Azide
10.67171470444553,0.034401868120418906,1,EELS,Sodium Azide
11.651196873473374,0.05036670482084708,1,EELS,Sodium Azide
12.630679042501221,0.030183731675229884,1,EELS,Sodium Azide
13.610161211529064,0.04061813733172283,1,EELS,Sodium Azide
14.589643380556911,0.013152949436774638,1,EELS,Sodium Azide
15.569125549584758,0.020147966659062946,1,EELS,Sodium Azide
16.5486077186126,0.025068680584492093,1,EELS,Sodium Azide
17.528089887640448,0.010623889600510786,1,EELS,Sodium Azide
18.507572056668295,0.024781945405865213,1,EELS,Sodium Azide
19.487054225696138,0.013550935539707657,1,EELS,Sodium Azide
20.466536394723985,0.025549755655531175,1,EELS,Sodium Azide
21.44601856375183,0.03134152265067834,1,EELS,Sodium Azide
22.425500732779675,0.045416287685443084,1,EELS,Sodium Azide
23.40498290180752,0.02551523149724044,1,EELS,Sodium Azide
24.38446507083537,0.014065709252172053,1,EELS,Sodium Azide
25.36394723986321,0.022507386820188095,1,EELS,Sodium Azide
26.34342940889106,0.000988861385177611,1,EELS,Sodium Azide
27.3229115779189,0.024944057611143464,1,EELS,Sodium Azide
28.30239374694675,0.0,1,EELS,Sodium Azide
29.281875915974595,0.01,1,EELS,Sodium Azide
30.261358085002442,0.023201087775093103,1,EELS,Sodium Azide
31.24084025403029,0.0282576569039645,1,EELS,Sodium Azide
32.22032242305813,0.012037365464346186,1,EELS,Sodium Azide
33.199804592085975,0.008701787541895371,1,EELS,Sodium Azide
34.17928676111382,0.0064277264482243655,1,EELS,Sodium Azide
35.15876893014167,0.0,1,EELS,Sodium Azide
36.138251099169516,0.0014603383837630069,1,EELS,Sodium Azide
37.11773326819736,0.013786258539949702,1,EELS,Sodium Azide
38.0972154372252,0.01896651308479949,1,EELS,Sodium Azide
39.07669760625305,0.01140672978186128,1,EELS,Sodium Azide
40.056179775280896,0.0,1,EELS,Sodium Azide
41.03566194430874,0.010687534650865901,1,EELS,Sodium Azide
42.01514411333659,0.0032152227937564037,1,EELS,Sodium Azide
42.994626282364436,1.1629364203355821e-05,1,EELS,Sodium Azide
43.974108451392276,0.01293855275750591,1,EELS,Sodium Azide
44.95359062042012,0.017010383739135573,1,EELS,Sodium Azide
45.93307278944797,0.015798447287910806,1,EELS,Sodium Azide
46.912554958475816,0.0,1,EELS,Sodium Azide
47.89203712750366,0.0027841611037748228,1,EELS,Sodium Azide
48.87151929653151,0.019147745773335133,1,EELS,Sodium Azide
49.85100146555935,0.02555779761517646,1,EELS,Sodium Azide
50.830483634587196,0.01056714964188742,1,EELS,Sodium Azide
51.80996580361504,0.0034136279966130324,1,EELS,Sodium Azide
52.78944797264289,0.01,1,EELS,Sodium Azide
53.76893014167074,0.0,1,EELS,Sodium Azide
54.74841231069858,0.03318945376212358,1,EELS,Sodium Azide
55.72789447972642,0.018610966816698913,1,EELS,Sodium Azide
56.70737664875427,0.0039252660163585276,1,EELS,Sodium Azide
57.68685881778212,0.014780681240687214,1,EELS,Sodium Azide
58.66634098680996,0.018124265073421048,1,EELS,Sodium Azide
59.6458231558378,0.0,1,EELS,Sodium Azide
60.62530532486565,0.007914976626062713,1,EELS,Sodium Azide
61.6047874938935,0.019818022275658535,1,EELS,Sodium Azide
62.58426966292134,0.0036720728010622137,1,EELS,Sodium Azide
63.56375183194919,0.03990481673425028,1,EELS,Sodium Azide
64.54323400097704,0.0,1,EELS,Sodium Azide
65.52271617000488,0.032158002500213015,1,EELS,Sodium Azide
66.50219833903273,0.004581878825921712,1,EELS,Sodium Azide
67.48168050806058,0.0005660098096611772,1,EELS,Sodium Azide
68.46116267708842,0.004475688623704774,1,EELS,Sodium Azide
69.44064484611626,0.0,1,EELS,Sodium Azide
70.4201270151441,0.0011552984290084372,1,EELS,Sodium Azide
71.39960918417195,0.006969473885827574,1,EELS,Sodium Azide
72.3790913531998,0.01833413513941102,1,EELS,Sodium Azide
73.35857352222764,0.01,1,EELS,Sodium Azide
74.33805569125549,0.0,1,EELS,Sodium Azide
75.31753786028334,0.04,1,EELS,Sodium Azide
76.29702002931118,0.022352412463106014,1,EELS,Sodium Azide
77.27650219833903,0.0063125522553342,1,EELS,Sodium Azide
78.25598436736688,0.0,1,EELS,Sodium Azide
79.23546653639472,0.00808636915927876,1,EELS,Sodium Azide
80.21494870542257,0.003789959104701778,1,EELS,Sodium Azide
81.1944308744504,0.022628991697962758,1,EELS,Sodium Azide
82.17391304347825,0.0,1,EELS,Sodium Azide
83.1533952125061,0.0,1,EELS,Sodium Azide
84.13287738153394,0.01,1,EELS,Sodium Azide
85.11235955056179,0.0,1,EELS,Sodium Azide
86.09184171958964,0.015539653183296292,1,EELS,Sodium Azide
87.07132388861748,0.00513973223662245,1,EELS,Sodium Azide
88.05080605764533,0.01248821270901391,1,EELS,Sodium Azide
89.03028822667318,3.4380232542914266e-06,1,EELS,Sodium Azide
90.00977039570103,0.02,1,EELS,Sodium Azide
90.98925256472887,0.0,1,EELS,Sodium Azide
91.9687347337567,0.0,1,EELS,Sodium Azide
92.94821690278455,0.01,1,EELS,Sodium Azide
93.9276990718124,0.0005659420030991792,1,EELS,Sodium Azide
94.90718124084025,0.016297617386256957,1,EELS,Sodium Azide
95.88666340986809,0.021380646381408352,1,EELS,Sodium Azide
96.86614557889594,0.003891260105495936,1,EELS,Sodium Azide
97.84562774792379,0.014705740515211578,1,EELS,Sodium Azide
98.82510991695163,0.0012886898805304949,1,EELS,Sodium Azide
99.80459208597948,0.01,1,EELS,Sodium Azide
100.78407425500733,0.0017177718757842796,1,EELS,Sodium Azide
101.76355642403517,0.0025736470086518424,1,EELS,Sodium Azide
102.74303859306302,0.02705399467319032,1,EELS,Sodium Azide
103.72252076209085,0.0,1,EELS,Sodium Azide
104.7020029311187,0.0049523107964453295,1,EELS,Sodium Azide
105.68148510014655,0.00149651054026417,1,EELS,Sodium Azide
106.66096726917439,0.0,1,EELS,Sodium Azide
107.64044943820224,0.04345550354892246,1,EELS,Sodium Azide
108.61993160723009,0.009444243096256088,1,EELS,Sodium Azide
109.59941377625793,0.019819010780831803,1,EELS,Sodium Azide
110.57889594528578,0.04,1,EELS,Sodium Azide
111.55837811431363,0.016011966691629013,1,EELS,Sodium Azide
112.53786028334147,0.0,1,EELS,Sodium Azide
113.51734245236932,0.0076456714069620445,1,EELS,Sodium Azide
114.49682462139717,0.023979359347483808,1,EELS,Sodium Azide
115.476306790425,0.02,1,EELS,Sodium Azide
116.45578895945285,0.04,1,EELS,Sodium Azide
117.4352711284807,0.0225931107554809,1,EELS,Sodium Azide
118.41475329750854,0.0,1,EELS,Sodium Azide
119.39423546653639,0.01,1,EELS,Sodium Azide
120.37371763556423,0.012217787709652496,1,EELS,Sodium Azide
121.35319980459208,0.0,1,EELS,Sodium Azide
122.33268197361993,0.006311798016686333,1,EELS,Sodium Azide
123.31216414264776,0.01,1,EELS,Sodium Azide
124.2916463116756,0.01725401453012317,1,EELS,Sodium Azide
125.27112848070345,0.0,1,EELS,Sodium Azide
126.2506106497313,0.0,1,EELS,Sodium Azide
127.23009281875915,0.019692544572365335,1,EELS,Sodium Azide
128.209574987787,0.01,1,EELS,Sodium Azide
129.18905715681484,0.003683088195331262,1,EELS,Sodium Azide
130.1685393258427,0.03467920353202003,1,EELS,Sodium Azide
131.14802149487053,0.0,1,EELS,Sodium Azide
132.12750366389838,0.0032001984946317505,1,EELS,Sodium Azide
133.10698583292623,0.0039528613189901505,1,EELS,Sodium Azide
134.08646800195407,0.019261631122341864,1,EELS,Sodium Azide
135.06595017098192,0.0,1,EELS,Sodium Azide
136.04543234000977,0.0,1,EELS,Sodium Azide
137.02491450903761,0.02656901154239934,1,EELS,Sodium Azide
138.00439667806546,0.014261129473371242,1,EELS,Sodium Azide
138.9838788470933,0.0037736639488634093,1,EELS,Sodium Azide
139.96336101612115,0.03473925996197817,1,EELS,Sodium Azide
140.942843185149,0.0,1,EELS,Sodium Azide
141.92232535417685,0.013549132781539866,1,EELS,Sodium Azide
142.9018075232047,0.004157029719483478,1,EELS,Sodium Azide
143.8812896922325,0.0,1,EELS,Sodium Azide
144.86077186126036,0.03017297116415403,1,EELS,Sodium Azide
145.8402540302882,0.005964666150012162,1,EELS,Sodium Azide
146.81973619931605,0.01,1,EELS,Sodium Azide
147.7992183683439,0.007805267563162588,1,EELS,Sodium Azide
148.77870053737175,0.0,1,EELS,Sodium Azide
149.7581827063996,0.009114330810697468,1,EELS,Sodium Azide
150.73766487542744,0.01289255458408424,1,EELS,Sodium Azide
151.7171470444553,0.0,1,EELS,Sodium Azide
152.69662921348313,0.020880324251070916,1,EELS,Sodium Azide
153.67611138251098,0.015254426915777025,1,EELS,Sodium Azide
154.65559355153883,0.009418528536137838,1,EELS,Sodium Azide
155.63507572056668,0.020369804006620244,1,EELS,Sodium Azide
156.61455788959452,0.0,1,EELS,Sodium Azide
157.59404005862237,0.01,1,EELS,Sodium Azide
158.57352222765022,0.0,1,EELS,Sodium Azide
159.55300439667806,0.03,1,EELS,Sodium Azide
160.5324865657059,0.010190127819995239,1,EELS,Sodium Azide
161.51196873473376,0.004446810669949601,1,EELS,Sodium Azide
162.4914509037616,0.00378038399721378,1,EELS,Sodium Azide
163.47093307278945,0.009386052835690639,1,EELS,Sodium Azide
164.4504152418173,0.001073437294428463,1,EELS,Sodium Azide
165.42989741084514,0.015756953155155278,1,EELS,Sodium Azide
166.40937957987296,0.01,1,EELS,Sodium Azide
167.3888617489008,0.028658669914172787,1,EELS,Sodium Azide
168.36834391792866,0.007288465918305538,1,EELS,Sodium Azide
169.3478260869565,0.01,1,EELS,Sodium Azide
170.32730825598435,0.0,1,EELS,Sodium Azide
171.3067904250122,0.025804072832393925,1,EELS,Sodium Azide
172.28627259404004,0.01,1,EELS,Sodium Azide
173.2657547630679,0.018150052878550454,1,EELS,Sodium Azide
174.24523693209574,0.01568695945463966,1,EELS,Sodium Azide
175.22471910112358,0.00011015541868463136,1,EELS,Sodium Azide
176.20420127015143,0.0,1,EELS,Sodium Azide
177.18368343917928,0.0,1,EELS,Sodium Azide
178.16316560820712,0.0,1,EELS,Sodium Azide
179.14264777723497,0.019558726792508196,1,EELS,Sodium Azide
180.12212994626282,0.003000877366391026,1,EELS,Sodium Azide
181.10161211529066,0.0,1,EELS,Sodium Azide
182.0810942843185,0.002570026422606338,1,EELS,Sodium Azide
183.06057645334636,0.01472697088429328,1,EELS,Sodium Azide
184.0400586223742,0.0,1,EELS,Sodium Azide
185.01954079140205,0.002351904199491342,1,EELS,Sodium Azide
185.9990229604299,0.001371335071340513,1,EELS,Sodium Azide
186.97850512945774,0.0,1,EELS,Sodium Azide
187.9579872984856,0.02441423260859247,1,EELS,Sodium Azide
188.9374694675134,0.016478474915955964,1,EELS,Sodium Azide
189.91695163654126,0.0217990523970712,1,EELS,Sodium Azide
190.8964338055691,0.011494753704010055,1,EELS,Sodium Azide
191.87591597459695,0.0,1,EELS,Sodium Azide
192.8553981436248,0.01,1,EELS,Sodium Azide
193.83488031265264,0.005982332904880305,1,EELS,Sodium Azide
194.8143624816805,0.0059639066980435185,1,EELS,Sodium Azide
195.79384465070834,0.03597116253852608,1,EELS,Sodium Azide
196.77332681973618,0.040006921933064835,1,EELS,Sodium Azide
197.75280898876403,0.00652969248190725,1,EELS,Sodium Azide
198.73229115779188,0.022283453733916485,1,EELS,Sodium Azide
199.71177332681972,0.010426331024747966,1,EELS,Sodium Azide
200.69125549584757,0.017334709764812363,1,EELS,Sodium Azide
201.67073766487542,0.01,1,EELS,Sodium Azide
202.65021983390326,0.018421553295585064,1,EELS,Sodium Azide
203.6297020029311,0.0,1,EELS,Sodium Azide
204.60918417195896,0.0,1,EELS,Sodium Azide
205.5886663409868,0.0,1,EELS,Sodium Azide
206.56814851001465,0.011495842216970155,1,EELS,Sodium Azide
207.5476306790425,0.024263344812569792,1,EELS,Sodium Azide
208.52711284807035,0.0,1,EELS,Sodium Azide
209.5065950170982,0.0076456664269641825,1,EELS,Sodium Azide
210.48607718612604,0.0,1,EELS,Sodium Azide
211.46555935515389,0.02,1,EELS,Sodium Azide
212.4450415241817,0.021738880863485,1,EELS,Sodium Azide
213.42452369320955,0.02128367240725801,1,EELS,Sodium Azide
214.4040058622374,0.01,1,EELS,Sodium Azide
215.38348803126524,0.01,1,EELS,Sodium Azide
216.3629702002931,0.007546119786284903,1,EELS,Sodium Azide
217.34245236932094,0.0,1,EELS,Sodium Azide
218.32193453834878,0.022813958336290595,1,EELS,Sodium Azide
219.30141670737663,0.011066859117149162,1,EELS,Sodium Azide
220.28089887640448,0.01,1,EELS,Sodium Azide
221.26038104543233,0.022460041887998248,1,EELS,Sodium Azide
222.23986321446017,0.007055104644063585,1,EELS,Sodium Azide
223.21934538348802,0.01,1,EELS,Sodium Azide
224.19882755251587,0.002483367706372522,1,EELS,Sodium Azide
225.1783097215437,0.0,1,EELS,Sodium Azide
226.15779189057156,0.019267906872585845,1,EELS,Sodium Azide
227.1372740595994,0.02,1,EELS,Sodium Azide
228.11675622862725,0.0,1,EELS,Sodium Azide
229.0962383976551,0.01571284367884953,1,EELS,Sodium Azide
230.07572056668295,0.009388615188301216,1,EELS,Sodium Azide
231.0552027357108,0.01,1,EELS,Sodium Azide
232.03468490473864,0.0,1,EELS,Sodium Azide
233.0141670737665,0.02,1,EELS,Sodium Azide
233.99364924279433,0.01,1,EELS,Sodium Azide
234.97313141182215,0.01854666029083279,1,EELS,Sodium Azide
235.95261358085,0.004667595466585999,1,EELS,Sodium Azide
236.93209574987785,0.01,1,EELS,Sodium Azide
237.9115779189057,0.009891615686057334,1,EELS,Sodium Azide
238.89106008793354,0.022170918845243595,1,EELS,Sodium Azide
239.8705422569614,0.021053720303552355,1,EELS,Sodium Azide
240.85002442598923,0.01,1,EELS,Sodium Azide
241.82950659501708,0.01,1,EELS,Sodium Azide
242.80898876404493,0.03343499503668321,1,EELS,Sodium Azide
243.78847093307277,0.01,1,EELS,Sodium Azide
244.76795310210062,0.00503381206576066,1,EELS,Sodium Azide
245.74743527112847,0.008404662543779234,1,EELS,Sodium Azide
246.7269174401563,0.0,1,EELS,Sodium Azide
247.70639960918416,0.0,1,EELS,Sodium Azide
248.685881778212,0.01,1,EELS,Sodium Azide
249.66536394723985,0.01,1,EELS,Sodium Azide
250.6448461162677,0.0,1,EELS,Sodium Azide
251.62432828529552,0.01,1,EELS,Sodium Azide
252.60381045432337,0.017131986697211873,1,EELS,Sodium Azide
253.5832926233512,0.01,1,EELS,Sodium Azide
254.56277479237906,0.0,1,EELS,Sodium Azide
255.5422569614069,0.0018076766512156615,1,EELS,Sodium Azide
256.52173913043475,0.025171075756503646,1,EELS,Sodium Azide
257.5012212994626,0.01,1,EELS,Sodium Azide
258.48070346849045,0.012329040259497586,1,EELS,Sodium Azide
259.4601856375183,0.0005674616514248168,1,EELS,Sodium Azide
260.43966780654614,0.01,1,EELS,Sodium Azide
261.419149975574,0.005170707966872162,1,EELS,Sodium Azide
262.39863214460183,0.002485234175221017,1,EELS,Sodium Azide
263.3781143136297,0.0,1,EELS,Sodium Azide
264.3575964826575,0.011161661974937603,1,EELS,Sodium Azide
265.3370786516854,0.0,1,EELS,Sodium Azide
266.3165608207132,0.0016023520314644266,1,EELS,Sodium Azide
267.29604298974107,0.017195156239492575,1,EELS,Sodium Azide
268.2755251587689,0.0166154212294374,1,EELS,Sodium Azide
269.25500732779676,0.01,1,EELS,Sodium Azide
270.2344894968246,0.02218951011557996,1,EELS,Sodium Azide
271.21397166585245,0.0,1,EELS,Sodium Azide
272.1934538348803,0.0,1,EELS,Sodium Azide
273.17293600390815,0.006427532680479791,1,EELS,Sodium Azide
274.152418172936,0.0032907097238689172,1,EELS,Sodium Azide
275.13190034196384,0.0,1,EELS,Sodium Azide
276.1113825109917,0.0,1,EELS,Sodium Azide
277.09086468001954,0.0,1,EELS,Sodium Azide
278.0703468490474,0.02,1,EELS,Sodium Azide
279.04982901807523,0.009078391939613585,1,EELS,Sodium Azide
280.0293111871031,0.004052200245322278,1,EELS,Sodium Azide
281.0087933561309,0.01,1,EELS,Sodium Azide
281.98827552515877,0.009581597746013302,1,EELS,Sodium Azide
282.9677576941866,0.003538477091133614,1,EELS,Sodium Azide
283.94723986321446,0.018692567042978215,1,EELS,Sodium Azide
284.9267220322423,0.006821592355089285,1,EELS,Sodium Azide
285.90620420127016,0.0,1,EELS,Sodium Azide
286.885686370298,0.01,1,EELS,Sodium Azide
287.86516853932585,0.01801528494410642,1,EELS,Sodium Azide
288.8446507083537,0.01661670306964473,1,EELS,Sodium Azide
289.82413287738154,0.00017623942792894872,1,EELS,Sodium Azide
290.8036150464094,0.0015839935790985518,1,EELS,Sodium Azide
291.7830972154372,0.03341633125512675,1,EELS,Sodium Azide
292.762579384465,0.0,1,EELS,Sodium Azide
293.7420615534929,0.0359611938929723,1,EELS,Sodium Azide
294.7215437225207,0.0,1,EELS,Sodium Azide
295.70102589154857,0.01,1,EELS,Sodium Azide
296.6805080605764,0.011581911047961396,1,EELS,Sodium Azide
297.65999022960426,0.008791950072214385,1,EELS,Sodium Azide
298.6394723986321,0.00866859319135565,1,EELS,Sodium Azide
299.61895456765996,0.013684322374349899,1,EELS,Sodium Azide
300.5984367366878,0.0005819727799794716,1,EELS,Sodium Azide
301.57791890571565,0.01732117336367948,1,EELS,Sodium Azide
302.5574010747435,0.01,1,EELS,Sodium Azide
303.53688324377134,0.023668381438158498,1,EELS,Sodium Azide
304.5163654127992,0.0,1,EELS,Sodium Azide
305.49584758182704,0.0013478151594890468,1,EELS,Sodium Azide
306.4753297508549,0.006426802766988977,1,EELS,Sodium Azide
307.45481191988273,0.02,1,EELS,Sodium Azide
308.4342940889106,0.021693623284566286,1,EELS,Sodium Azide
309.4137762579384,0.0,1,EELS,Sodium Azide
310.39325842696627,0.01,1,EELS,Sodium Azide
311.3727405959941,0.012159646499613536,1,EELS,Sodium Azide
312.35222276502196,0.018420501018048666,1,EELS,Sodium Azide
313.3317049340498,0.006710020121721904,1,EELS,Sodium Azide
314.31118710307766,0.016751433964475683,1,EELS,Sodium Azide
315.2906692721055,0.00021631150945262427,1,EELS,Sodium Azide
316.27015144113335,0.02,1,EELS,Sodium Azide
317.2496336101612,0.0011110514708344737,1,EELS,Sodium Azide
318.22911577918904,0.0,1,EELS,Sodium Azide
319.2085979482169,0.010279987319165141,1,EELS,Sodium Azide
320.18808011724474,0.0,1,EELS,Sodium Azide
321.1675622862726,0.0,1,EELS,Sodium Azide
322.14704445530043,0.0,1,EELS,Sodium Azide
323.1265266243283,0.014539833141854249,1,EELS,Sodium Azide
324.1060087933561,0.01,1,EELS,Sodium Azide
325.085490962384,0.03,1,EELS,Sodium Azide
326.0649731314118,0.012809061662663416,1,EELS,Sodium Azide
327.04445530043967,0.0028205882075861325,1,EELS,Sodium Azide
328.0239374694675,0.01,1,EELS,Sodium Azide
329.00341963849536,0.01,1,EELS,Sodium Azide
329.9829018075232,0.002684354265296718,1,EELS,Sodium Azide
330.96238397655105,0.0,1,EELS,Sodium Azide
331.9418661455789,0.01,1,EELS,Sodium Azide
332.92134831460675,0.0,1,EELS,Sodium Azide
333.9008304836346,0.0,1,EELS,Sodium Azide
334.88031265266244,0.0034813589439239255,1,EELS,Sodium Azide
335.8597948216903,0.025356241373646754,1,EELS,Sodium Azide
336.83927699071813,0.0190548937258577,1,EELS,Sodium Azide
337.8187591597459,0.01,1,EELS,Sodium Azide
338.79824132877377,0.010110816407184484,1,EELS,Sodium Azide
339.7777234978016,0.0,1,EELS,Sodium Azide
340.75720566682946,0.02011319718203989,1,EELS,Sodium Azide
341.7366878358573,0.01,1,EELS,Sodium Azide
342.71617000488516,0.0035907363073265875,1,EELS,Sodium Azide
343.695652173913,0.0,1,EELS,Sodium Azide
344.67513434294085,0.0055934896952687906,1,EELS,Sodium Azide
345.6546165119687,0.01592783824284928,1,EELS,Sodium Azide
346.63409868099654,0.0,1,EELS,Sodium Azide
347.6135808500244,0.004389789040420339,1,EELS,Sodium Azide
348.59306301905224,0.017330240071276037,1,EELS,Sodium Azide
349.5725451880801,0.01,1,EELS,Sodium Azide
350.55202735710793,0.012574386331874344,1,EELS,Sodium Azide
351.5315095261358,0.00041601516416312043,1,EELS,Sodium Azide
352.5109916951636,0.0012825344461393651,1,EELS,Sodium Azide
353.4904738641915,0.0,1,EELS,Sodium Azide
354.4699560332193,0.0005338237777718741,1,EELS,Sodium Azide
355.44943820224717,0.015361736934269753,1,EELS,Sodium Azide
356.428920371275,0.025081720525969166,1,EELS,Sodium Azide
357.40840254030286,0.010063858533987599,1,EELS,Sodium Azide
358.3878847093307,0.022239453874076654,1,EELS,Sodium Azide
359.36736687835855,0.0,1,EELS,Sodium Azide
360.3468490473864,0.009173459638332425,1,EELS,Sodium Azide
361.32633121641425,0.002145332847336241,1,EELS,Sodium Azide
362.3058133854421,0.022608215932237954,1,EELS,Sodium Azide
363.28529555446994,0.0,1,EELS,Sodium Azide
364.2647777234978,0.0,1,EELS,Sodium Azide
365.24425989252563,0.02,1,EELS,Sodium Azide
366.2237420615535,0.02,1,EELS,Sodium Azide
367.2032242305813,0.0,1,EELS,Sodium Azide
368.1827063996092,0.0,1,EELS,Sodium Azide
369.162188568637,0.021800145274141248,1,EELS,Sodium Azide
370.14167073766487,0.003750754893598375,1,EELS,Sodium Azide
371.1211529066927,0.019399272682794937,1,EELS,Sodium Azide
372.10063507572056,0.0099564120047002,1,EELS,Sodium Azide
373.0801172447484,0.0,1,EELS,Sodium Azide
374.05959941377625,0.01,1,EELS,Sodium Azide
375.0390815828041,0.025276849452371606,1,EELS,Sodium Azide
376.01856375183195,0.0,1,EELS,Sodium Azide
376.9980459208598,0.02893679769904573,1,EELS,Sodium Azide
377.97752808988764,0.022285757264425506,1,EELS,Sodium Azide
378.9570102589155,0.01,1,EELS,Sodium Azide
379.93649242794334,0.0,1,EELS,Sodium Azide
380.9159745969712,0.014061695302151211,1,EELS,Sodium Azide
381.89545676599903,0.0,1,EELS,Sodium Azide
382.8749389350268,0.022875990650267575,1,EELS,Sodium Azide
383.85442110405467,0.0,1,EELS,Sodium Azide
384.8339032730825,0.0,1,EELS,Sodium Azide
385.81338544211036,0.00030187497394757547,1,EELS,Sodium Azide
386.7928676111382,0.0007265625597889084,1,EELS,Sodium Azide
387.77234978016605,0.0,1,EELS,Sodium Azide
388.7518319491939,0.016597938126452404,1,EELS,Sodium Azide
389.73131411822175,0.0,1,EELS,Sodium Azide
390.7107962872496,0.0,1,EELS,Sodium Azide
391.69027845627744,0.0014694517829573104,1,EELS,Sodium Azide
392.6697606253053,0.005488396798126008,1,EELS,Sodium Azide
393.64924279433313,0.017498464218327212,1,EELS,Sodium Azide
394.628724963361,0.0,1,EELS,Sodium Azide
395.6082071323888,0.0,1,EELS,Sodium Azide
396.5876893014167,0.013268970675323651,1,EELS,Sodium Azide
397.5671714704445,0.003626217491906034,1,EELS,Sodium Azide
398.54665363947237,0.01,1,EELS,Sodium Azide
399.5261358085002,0.016055413979927678,1,EELS,Sodium Azide
400.50561797752806,0.0014139611059338308,1,EELS,Sodium Azide
401.4851001465559,0.028231797933621454,1,EELS,Sodium Azide
402.46458231558375,0.045979522507394475,1,EELS,Sodium Azide
403.4440644846116,0.10157121592761624,1,EELS,Sodium Azide
404.42354665363945,0.11033037495489925,1,EELS,Sodium Azide
405.4030288226673,0.10876093730923607,1,EELS,Sodium Azide
406.38251099169514,0.13742449931059822,1,EELS,Sodium Azide
407.361993160723,0.1579610763740739,1,EELS,Sodium Azide
408.34147532975084,0.16712085382235195,1,EELS,Sodium Azide
409.3209574987787,0.15326496086755914,1,EELS,Sodium Azide
410.30043966780653,0.17842284803379582,1,EELS,Sodium Azide
411.2799218368344,0.18910571620917363,1,EELS,Sodium Azide
412.2594040058622,0.16599278708142742,1,EELS,Sodium Azide
413.23888617489007,0.17636632285054119,1,EELS,Sodium Azide
414.2183683439179,0.1811581859217322,1,EELS,Sodium Azide
415.19785051294576,0.1918669041476118,1,EELS,Sodium Azide
416.1773326819736,0.2138321069613591,1,EELS,Sodium Azide
417.15681485100146,0.21306998677761593,1,EELS,Sodium Azide
418.1362970200293,0.19915343262559712,1,EELS,Sodium Azide
419.11577918905715,0.21514875040720158,1,EELS,Sodium Azide
420.095261358085,0.19415849428827298,1,EELS,Sodium Azide
421.07474352711284,0.1801701066580809,1,EELS,Sodium Azide
422.0542256961407,0.195949268141529,1,EELS,Sodium Azide
423.03370786516854,0.20911493156845654,1,EELS,Sodium Azide
424.0131900341964,0.19329571626703426,1,EELS,Sodium Azide
424.99267220322423,0.17075935568060385,1,EELS,Sodium Azide
425.9721543722521,0.1989688499503885,1,EELS,Sodium Azide
426.9516365412799,0.1944498555051301,1,EELS,Sodium Azide
427.93111871030777,0.19232931260635075,1,EELS,Sodium Azide
428.91060087933556,0.1868735251967581,1,EELS,Sodium Azide
429.8900830483634,0.18109335656706785,1,EELS,Sodium Azide
430.86956521739125,0.1729093016317046,1,EELS,Sodium Azide
431.8490473864191,0.1847594591827101,1,EELS,Sodium Azide
432.82852955544695,0.17228967083659666,1,EELS,Sodium Azide
433.8080117244748,0.18000279935618993,1,EELS,Sodium Azide
434.78749389350264,0.17751594436603088,1,EELS,Sodium Azide
435.7669760625305,0.1700032704444689,1,EELS,Sodium Azide
436.74645823155834,0.16673991019511622,1,EELS,Sodium Azide
437.7259404005862,0.15134642845964394,1,EELS,Sodium Azide
438.70542256961403,0.16563162525439207,1,EELS,Sodium Azide
439.6849047386419,0.15346538755038505,1,EELS,Sodium Azide
440.6643869076697,0.14569276592386976,1,EELS,Sodium Azide
441.64386907669757,0.14645656786560893,1,EELS,Sodium Azide
442.6233512457254,0.17606864307327594,1,EELS,Sodium Azide
443.60283341475326,0.14377129804344055,1,EELS,Sodium Azide
444.5823155837811,0.1336838583101342,1,EELS,Sodium Azide
445.56179775280896,0.14044103371908842,1,EELS,Sodium Azide
446.5412799218368,0.13458240008464029,1,EELS,Sodium Azide
447.52076209086465,0.13097639581801307,1,EELS,Sodium Azide
448.5002442598925,0.137029880152847,1,EELS,Sodium Azide
449.47972642892034,0.13606247871143623,1,EELS,Sodium Azide
450.4592085979482,0.13053218286477292,1,EELS,Sodium Azide
451.43869076697604,0.12771234754900537,1,EELS,Sodium Azide
452.4181729360039,0.1184588340782057,1,EELS,Sodium Azide
453.39765510503173,0.1055024675871198,1,EELS,Sodium Azide
454.3771372740596,0.10127930281349996,1,EELS,Sodium Azide
455.3566194430874,0.14846378675002833,1,EELS,Sodium Azide
456.33610161211527,0.12912730518205429,1,EELS,Sodium Azide
457.3155837811431,0.11767449495407556,1,EELS,Sodium Azide
458.29506595017097,0.12399597464748807,1,EELS,Sodium Azide
459.2745481191988,0.11922797245334789,1,EELS,Sodium Azide
460.25403028822666,0.13542956502604053,1,EELS,Sodium Azide
461.2335124572545,0.1234568713689675,1,EELS,Sodium Azide
462.21299462628235,0.10877978465726149,1,EELS,Sodium Azide
463.1924767953102,0.08842036662752455,1,EELS,Sodium Azide
464.17195896433805,0.09989827555843935,1,EELS,Sodium Azide
465.1514411333659,0.10650878570537393,1,EELS,Sodium Azide
466.13092330239374,0.09490475299835296,1,EELS,Sodium Azide
467.1104054714216,0.07633197549208763,1,EELS,Sodium Azide
468.08988764044943,0.09249517618954538,1,EELS,Sodium Azide
469.0693698094773,0.0763434632914073,1,EELS,Sodium Azide
470.0488519785051,0.11289834741405312,1,EELS,Sodium Azide
471.028334147533,0.09303143333990543,1,EELS,Sodium Azide
472.0078163165608,0.08233782822792061,1,EELS,Sodium Azide
472.98729848558867,0.0959234826733087,1,EELS,Sodium Azide
473.96678065461646,0.08005891614550034,1,EELS,Sodium Azide
474.9462628236443,0.06895557431963109,1,EELS,Sodium Azide
475.92574499267215,0.10177351990438449,1,EELS,Sodium Azide
476.9052271617,0.08026324185991762,1,EELS,Sodium Azide
477.88470933072784,0.06274381957941078,1,EELS,Sodium Azide
478.8641914997557,0.07996503884883058,1,EELS,Sodium Azide
479.84367366878354,0.07158649057260463,1,EELS,Sodium Azide
480.8231558378114,0.0650510200299555,1,EELS,Sodium Azide
481.80263800683923,0.08726393375824484,1,EELS,Sodium Azide
482.7821201758671,0.09598121892788773,1,EELS,Sodium Azide
483.7616023448949,0.05095718607569062,1,EELS,Sodium Azide
484.7410845139228,0.06970215912409879,1,EELS,Sodium Azide
485.7205666829506,0.05608782397463672,1,EELS,Sodium Azide
486.70004885197847,0.06654276839044637,1,EELS,Sodium Azide
487.6795310210063,0.054279731984850296,1,EELS,Sodium Azide
488.65901319003416,0.050343247211235315,1,EELS,Sodium Azide
489.638495359062,0.06850610165053989,1,EELS,Sodium Azide
490.61797752808985,0.05841445785330302,1,EELS,Sodium Azide
491.5974596971177,0.05854762475002453,1,EELS,Sodium Azide
492.57694186614555,0.0541979226316767,1,EELS,Sodium Azide
493.5564240351734,0.06121520251337301,1,EELS,Sodium Azide
494.53590620420124,0.04335834560223509,1,EELS,Sodium Azide
495.5153883732291,0.045714598434533,1,EELS,Sodium Azide
496.49487054225693,0.0583035909104087,1,EELS,Sodium Azide
497.4743527112848,0.05472965959197722,1,EELS,Sodium Azide
498.4538348803126,0.04869101024337643,1,EELS,Sodium Azide
499.4333170493405,0.04873325523180273,1,EELS,Sodium Azide
500.4127992183683,0.05446081609605174,1,EELS,Sodium Azide
501.39228138739617,0.038866032943078256,1,EELS,Sodium Azide
502.371763556424,0.07054679853765938,1,EELS,Sodium Azide
503.35124572545186,0.07737665497382751,1,EELS,Sodium Azide
504.3307278944797,0.0491010267270305,1,EELS,Sodium Azide
505.31021006350755,0.034660074621024474,1,EELS,Sodium Azide
506.2896922325354,0.023215861486732572,1,EELS,Sodium Azide
507.2691744015632,0.03421984397194046,1,EELS,Sodium Azide
508.24865657059104,0.05052057406825279,1,EELS,Sodium Azide
509.2281387396189,0.061905247007228006,1,EELS,Sodium Azide
510.20762090864673,0.029274280088483574,1,EELS,Sodium Azide
511.1871030776746,0.04426639834462934,1,EELS,Sodium Azide
512.1665852467024,0.02007765602684576,1,EELS,Sodium Azide
513.1460674157303,0.03563410783473762,1,EELS,Sodium Azide
514.1255495847581,0.023255109644288466,1,EELS,Sodium Azide
515.105031753786,0.038270131099783535,1,EELS,Sodium Azide
516.0845139228138,0.034726918598878706,1,EELS,Sodium Azide
517.0639960918417,0.03480638720601416,1,EELS,Sodium Azide
518.0434782608695,0.029010840095949442,1,EELS,Sodium Azide
519.0229604298974,0.05255993128512324,1,EELS,Sodium Azide
520.0024425989252,0.0357889575317279,1,EELS,Sodium Azide
520.981924767953,0.049584160606594874,1,EELS,Sodium Azide
521.9614069369809,0.01893890826617395,1,EELS,Sodium Azide
522.9408891060087,0.04527603100374897,1,EELS,Sodium Azide
523.9203712750366,0.043998232257192176,1,EELS,Sodium Azide
524.8998534440644,0.0035212890833519334,1,EELS,Sodium Azide
525.8793356130923,0.04004738450546117,1,EELS,Sodium Azide
526.8588177821201,0.043516536755926885,1,EELS,Sodium Azide
527.838299951148,0.02502655280460138,1,EELS,Sodium Azide
528.8177821201758,0.030359613350042138,1,EELS,Sodium Azide
529.7972642892037,0.03990115421613041,1,EELS,Sodium Azide
530.7767464582315,0.02644130783092278,1,EELS,Sodium Azide
531.7562286272594,0.023477084020995735,1,EELS,Sodium Azide
532.7357107962872,0.06649139003829319,1,EELS,Sodium Azide
533.715192965315,0.03670156385459308,1,EELS,Sodium Azide
534.6946751343429,0.027084754827102094,1,EELS,Sodium Azide
535.6741573033707,0.018984583108481896,1,EELS,Sodium Azide
536.6536394723986,0.02776488738235712,1,EELS,Sodium Azide
537.6331216414264,0.017887670734040774,1,EELS,Sodium Azide
538.6126038104543,0.035892261655886055,1,EELS,Sodium Azide
539.5920859794821,0.01715374394913572,1,EELS,Sodium Azide
540.57156814851,0.033989196185891,1,EELS,Sodium Azide
541.5510503175378,0.05179531591559114,1,EELS,Sodium Azide
542.5305324865657,0.029115050057722393,1,EELS,Sodium Azide
543.5100146555935,0.026515191632379816,1,EELS,Sodium Azide
544.4894968246214,0.03170911913327841,1,EELS,Sodium Azide
545.4689789936492,0.02492077536323624,1,EELS,Sodium Azide
546.4484611626771,0.01,1,EELS,Sodium Azide
547.4279433317049,0.0080727356180861,1,EELS,Sodium Azide
548.4074255007328,0.0,1,EELS,Sodium Azide
549.3869076697606,0.024068658609928892,1,EELS,Sodium Azide
550.3663898387885,0.027501515020136216,1,EELS,Sodium Azide
551.3458720078163,0.05407826532503661,1,EELS,Sodium Azide
552.3253541768441,0.019987454173438682,1,EELS,Sodium Azide
553.304836345872,0.01409775855386879,1,EELS,Sodium Azide
554.2843185148998,0.02447705735171267,1,EELS,Sodium Azide
555.2638006839277,0.0,1,EELS,Sodium Azide
556.2432828529555,0.0178101063749898,1,EELS,Sodium Azide
557.2227650219834,0.03297260478464377,1,EELS,Sodium Azide
558.2022471910112,0.0,1,EELS,Sodium Azide
559.1817293600391,0.026199727566896674,1,EELS,Sodium Azide
560.1612115290669,0.017707185440566337,1,EELS,Sodium Azide
561.1406936980948,0.009745043049589803,1,EELS,Sodium Azide
562.1201758671226,0.02016546769280537,1,EELS,Sodium Azide
563.0996580361505,0.03660694076336187,1,EELS,Sodium Azide
564.0791402051783,0.025044231766974602,1,EELS,Sodium Azide
565.0586223742062,0.025467394939262304,1,EELS,Sodium Azide
566.038104543234,0.008002039154887147,1,EELS,Sodium Azide
567.0175867122618,0.023775609665457074,1,EELS,Sodium Azide
567.9970688812897,0.030672767990992833,1,EELS,Sodium Azide
568.9765510503175,0.023238341193481702,1,EELS,Sodium Azide
569.9560332193454,0.02246956208880839,1,EELS,Sodium Azide
570.9355153883732,0.016642485988119814,1,EELS,Sodium Azide
571.9149975574011,0.026178174171879474,1,EELS,Sodium Azide
572.8944797264289,0.014479220312255054,1,EELS,Sodium Azide
573.8739618954568,0.021445480475503632,1,EELS,Sodium Azide
574.8534440644846,0.04545330465763937,1,EELS,Sodium Azide
575.8329262335125,0.0076980403046866385,1,EELS,Sodium Azide
576.8124084025403,0.00026750273438819194,1,EELS,Sodium Azide
577.7918905715682,0.005521969223118564,1,EELS,Sodium Azide
578.771372740596,0.013708638291287541,1,EELS,Sodium Azide
579.7508549096239,0.017392012245575003,1,EELS,Sodium Azide
580.7303370786517,8.075576575663525e-05,1,EELS,Sodium Azide
581.7098192476795,0.01817333234718164,1,EELS,Sodium Azide
582.6893014167074,0.022952092534094703,1,EELS,Sodium Azide
583.6687835857352,0.013167625798241142,1,EELS,Sodium Azide
584.6482657547631,0.05792108261353243,1,EELS,Sodium Azide
585.6277479237909,0.0007194001750738983,1,EELS,Sodium Azide
586.6072300928188,0.01,1,EELS,Sodium Azide
587.5867122618466,0.0,1,EELS,Sodium Azide
588.5661944308744,0.023384434729685197,1,EELS,Sodium Azide
589.5456765999022,0.014644585146439182,1,EELS,Sodium Azide
590.52515876893,0.0072512547386732245,1,EELS,Sodium Azide
591.5046409379579,0.010524051792285233,1,EELS,Sodium Azide
592.4841231069857,0.01,1,EELS,Sodium Azide
593.4636052760136,0.03232260403478628,1,EELS,Sodium Azide
594.4430874450414,0.018555105329488154,1,EELS,Sodium Azide
595.4225696140693,0.00821460759097962,1,EELS,Sodium Azide
596.4020517830971,0.024365423566638136,1,EELS,Sodium Azide
597.381533952125,0.011736140093672798,1,EELS,Sodium Azide
598.3610161211528,0.00898329111825177,1,EELS,Sodium Azide
599.3404982901807,0.0,1,EELS,Sodium Azide
600.3199804592085,0.011255131876896238,1,EELS,Sodium Azide
601.2994626282364,0.03551852590826496,1,EELS,Sodium Azide
602.2789447972642,0.019925055570837097,1,EELS,Sodium Azide
603.2584269662921,0.022333782227665494,1,EELS,Sodium Azide
604.2379091353199,0.0007548413804163582,1,EELS,Sodium Azide
605.2173913043478,0.01,1,EELS,Sodium Azide
606.1968734733756,0.004460601428699853,1,EELS,Sodium Azide
607.1763556424035,0.006202485321415055,1,EELS,Sodium Azide
608.1558378114313,0.01668663580837614,1,EELS,Sodium Azide
609.1353199804591,0.0,1,EELS,Sodium Azide
610.114802149487,0.030918576603306755,1,EELS,Sodium Azide
611.0942843185148,0.003605891460140867,1,EELS,Sodium Azide
612.0737664875427,0.0007644450150320545,1,EELS,Sodium Azide
613.0532486565705,0.01,1,EELS,Sodium Azide
614.0327308255984,0.01,1,EELS,Sodium Azide
615.0122129946262,0.023227626743896626,1,EELS,Sodium Azide
615.9916951636541,0.005488090326118652,1,EELS,Sodium Azide
616.9711773326819,0.03,1,EELS,Sodium Azide
617.9506595017098,0.0,1,EELS,Sodium Azide
618.9301416707376,0.0010509417370093825,1,EELS,Sodium Azide
619.9096238397655,0.03141328493897876,1,EELS,Sodium Azide
620.8891060087933,0.0016600161038404643,1,EELS,Sodium Azide
621.8685881778212,0.01,1,EELS,Sodium Azide
622.848070346849,0.01163966633255064,1,EELS,Sodium Azide
623.8275525158768,0.001286031884684363,1,EELS,Sodium Azide
624.8070346849047,0.0,1,EELS,Sodium Azide
625.7865168539325,0.013361410531627874,1,EELS,Sodium Azide
626.7659990229604,0.001485855443114005,1,EELS,Sodium Azide
627.7454811919882,0.02086927676184879,1,EELS,Sodium Azide
628.7249633610161,0.022555103720580325,1,EELS,Sodium Azide
629.7044455300439,0.01511759710023301,1,EELS,Sodium Azide
630.6839276990718,0.000816820472045014,1,EELS,Sodium Azide
631.6634098680996,0.01,1,EELS,Sodium Azide
632.6428920371275,0.029672215090009894,1,EELS,Sodium Azide
633.6223742061553,0.003965747591323433,1,EELS,Sodium Azide
634.6018563751832,0.013440547393116373,1,EELS,Sodium Azide
635.581338544211,0.002990358653112954,1,EELS,Sodium Azide
636.5608207132389,0.005195825210880196,1,EELS,Sodium Azide
637.5403028822667,0.0016435070085287086,1,EELS,Sodium Azide
638.5197850512945,0.0,1,EELS,Sodium Azide
639.4992672203224,0.0,1,EELS,Sodium Azide
640.4787493893502,0.012609552325217172,1,EELS,Sodium Azide
641.4582315583781,0.02,1,EELS,Sodium Azide
642.4377137274059,0.0,1,EELS,Sodium Azide
643.4171958964338,0.0038666450541708156,1,EELS,Sodium Azide
644.3966780654616,0.010128550558308327,1,EELS,Sodium Azide
645.3761602344895,0.018017361815570905,1,EELS,Sodium Azide
646.3556424035173,0.0,1,EELS,Sodium Azide
647.3351245725452,0.03371119277150611,1,EELS,Sodium Azide
648.314606741573,0.025239586719318752,1,EELS,Sodium Azide
649.2940889106009,0.0,1,EELS,Sodium Azide
650.2735710796287,0.01,1,EELS,Sodium Azide
651.2530532486566,0.0,1,EELS,Sodium Azide
652.2325354176844,0.0,1,EELS,Sodium Azide
653.2120175867122,0.02,1,EELS,Sodium Azide
654.1914997557401,0.01,1,EELS,Sodium Azide
655.170981924768,0.020090131663311597,1,EELS,Sodium Azide
656.1504640937958,0.011720437962110551,1,EELS,Sodium Azide
657.1299462628236,0.015105659831807752,1,EELS,Sodium Azide
658.1094284318515,0.009457727964033904,1,EELS,Sodium Azide
659.0889106008793,0.01,1,EELS,Sodium Azide
660.0683927699072,0.0,1,EELS,Sodium Azide
661.047874938935,0.006974143829143855,1,EELS,Sodium Azide
662.0273571079629,0.0,1,EELS,Sodium Azide
663.0068392769907,0.019182289592634648,1,EELS,Sodium Azide
663.9863214460186,0.0,1,EELS,Sodium Azide
664.9658036150464,0.01,1,EELS,Sodium Azide
665.9452857840743,0.0090577503188921,1,EELS,Sodium Azide
666.9247679531021,0.0063044324030780575,1,EELS,Sodium Azide
667.90425012213,0.0,1,EELS,Sodium Azide
668.8837322911578,0.033532848724758944,1,EELS,Sodium Azide
669.8632144601856,0.01,1,EELS,Sodium Azide
670.8426966292135,0.007928591910888155,1,EELS,Sodium Azide
671.8221787982413,0.007665529870851127,1,EELS,Sodium Azide
672.8016609672692,0.0,1,EELS,Sodium Azide
673.781143136297,0.00488408771660057,1,EELS,Sodium Azide
674.7606253053249,0.01,1,EELS,Sodium Azide
675.7401074743527,0.010925681265852274,1,EELS,Sodium Azide
676.7195896433806,0.0,1,EELS,Sodium Azide
677.6990718124084,0.0,1,EELS,Sodium Azide
678.6785539814363,0.012119830517789214,1,EELS,Sodium Azide
679.658036150464,0.0,1,EELS,Sodium Azide
680.6375183194918,0.0,1,EELS,Sodium Azide
681.6170004885197,0.01,1,EELS,Sodium Azide
682.5964826575475,0.007501296499881952,1,EELS,Sodium Azide
683.5759648265754,0.0,1,EELS,Sodium Azide
684.5554469956032,0.01917051474674617,1,EELS,Sodium Azide
685.5349291646311,0.0,1,EELS,Sodium Azide
686.5144113336589,0.028530003610147278,1,EELS,Sodium Azide
687.4938935026868,0.013357789707288101,1,EELS,Sodium Azide
688.4733756717146,0.00019754160215637324,1,EELS,Sodium Azide
689.4528578407425,0.0,1,EELS,Sodium Azide
690.4323400097703,0.015212631093175664,1,EELS,Sodium Azide
691.4118221787982,0.010737518370361566,1,EELS,Sodium Azide
692.391304347826,0.022353961757658573,1,EELS,Sodium Azide
693.3707865168539,0.01224664160426694,1,EELS,Sodium Azide
694.3502686858817,0.01259526886935407,1,EELS,Sodium Azide
695.3297508549095,0.0,1,EELS,Sodium Azide
696.3092330239374,0.00044405077228801336,1,EELS,Sodium Azide
697.2887151929652,0.014145934002247963,1,EELS,Sodium Azide
698.2681973619931,0.01,1,EELS,Sodium Azide
699.2476795310209,0.0,1,EELS,Sodium Azide
700.2271617000488,0.008534707072321271,1,EELS,Sodium Azide
701.2066438690766,0.022679922203980993,1,EELS,Sodium Azide
702.1861260381045,0.0,1,EELS,Sodium Azide
703.1656082071323,0.011092533934849644,1,EELS,Sodium Azide
704.1450903761602,0.004433644089328712,1,EELS,Sodium Azide
705.124572545188,0.03,1,EELS,Sodium Azide
706.1040547142159,0.0,1,EELS,Sodium Azide
707.0835368832437,0.0028401961434986025,1,EELS,Sodium Azide
708.0630190522716,0.01,1,EELS,Sodium Azide
709.0425012212994,0.014977420822554568,1,EELS,Sodium Azide
710.0219833903273,0.02,1,EELS,Sodium Azide
711.0014655593551,0.011282028666220361,1,EELS,Sodium Azide
711.980947728383,0.005592034566582469,1,EELS,Sodium Azide
712.9604298974108,0.003369890395160255,1,EELS,Sodium Azide
713.9399120664386,0.010768069311577793,1,EELS,Sodium Azide
714.9193942354665,0.017718985995839404,1,EELS,Sodium Azide
715.8988764044943,0.03106572082267723,1,EELS,Sodium Azide
716.8783585735222,0.0,1,EELS,Sodium Azide
717.85784074255,0.01,1,EELS,Sodium Azide
718.8373229115779,0.0,1,EELS,Sodium Azide
719.8168050806057,0.0009381506123827016,1,EELS,Sodium Azide
720.7962872496336,0.005940251531447248,1,EELS,Sodium Azide
721.7757694186614,0.0,1,EELS,Sodium Azide
722.7552515876893,0.01254322763163617,1,EELS,Sodium Azide
723.7347337567171,0.0,1,EELS,Sodium Azide
724.714215925745,0.0,1,EELS,Sodium Azide
725.6936980947728,0.0,1,EELS,Sodium Azide
726.6731802638006,0.01,1,EELS,Sodium Azide
727.6526624328285,0.01,1,EELS,Sodium Azide
728.6321446018563,0.02,1,EELS,Sodium Azide
729.6116267708842,0.01131317676300571,1,EELS,Sodium Azide
730.591108939912,0.0,1,EELS,Sodium Azide
731.5705911089399,0.0273961872393688,1,EELS,Sodium Azide
732.5500732779677,0.015570625330822672,1,EELS,Sodium Azide
733.5295554469956,0.0024154913266865134,1,EELS,Sodium Azide
734.5090376160234,0.03,1,EELS,Sodium Azide
735.4885197850513,0.01765554697557116,1,EELS,Sodium Azide
736.4680019540791,0.0,1,EELS,Sodium Azide
737.447484123107,0.0017407695086726557,1,EELS,Sodium Azide
738.4269662921348,0.026598799196081675,1,EELS,Sodium Azide
739.4064484611627,0.0,1,EELS,Sodium Azide
740.3859306301905,0.022194107136756937,1,EELS,Sodium Azide
741.3654127992183,0.01,1,EELS,Sodium Azide
742.3448949682462,0.00010060237700809579,1,EELS,Sodium Azide
743.324377137274,0.018510641418940557,1,EELS,Sodium Azide
744.3038593063019,0.0,1,EELS,Sodium Azide
745.2833414753297,0.018921133116509836,1,EELS,Sodium Azide
746.2628236443576,0.007647307986796528,1,EELS,Sodium Azide
747.2423058133854,0.0,1,EELS,Sodium Azide
748.2217879824133,0.006865385523531385,1,EELS,Sodium Azide
749.2012701514411,0.010328019422305173,1,EELS,Sodium Azide
750.180752320469,0.01674432337879959,1,EELS,Sodium Azide
751.1602344894968,0.01,1,EELS,Sodium Azide
752.1397166585247,0.02,1,EELS,Sodium Azide
753.1191988275525,0.01,1,EELS,Sodium Azide
754.0986809965804,0.0,1,EELS,Sodium Azide
755.0781631656082,0.00670237208511167,1,EELS,Sodium Azide
756.057645334636,0.002178745675602996,1,EELS,Sodium Azide
757.0371275036639,0.02,1,EELS,Sodium Azide
758.0166096726917,0.004232891759944945,1,EELS,Sodium Azide
758.9960918417196,0.0065772257510586605,1,EELS,Sodium Azide
759.9755740107474,0.006053852228282283,1,EELS,Sodium Azide
760.9550561797753,0.021362265285740922,1,EELS,Sodium Azide
761.9345383488031,0.008839425306974236,1,EELS,Sodium Azide
762.914020517831,0.0050123876726915935,1,EELS,Sodium Azide
763.8935026868588,0.01,1,EELS,Sodium Azide
764.8729848558867,0.01,1,EELS,Sodium Azide
765.8524670249145,0.004696403043764354,1,EELS,Sodium Azide
766.8319491939424,0.0024282695764784056,1,EELS,Sodium Azide
767.8114313629702,0.0030753414954417567,1,EELS,Sodium Azide
768.7909135319981,0.0,1,EELS,Sodium Azide
769.7703957010259,0.03,1,EELS,Sodium Azide
770.7498778700536,0.021033507543631307,1,EELS,Sodium Azide
771.7293600390815,0.0,1,EELS,Sodium Azide
772.7088422081093,0.0072346251105098415,1,EELS,Sodium Azide
773.6883243771372,0.0005686979098750575,1,EELS,Sodium Azide
774.667806546165,0.010579369094499465,1,EELS,Sodium Azide
775.6472887151929,0.009841596886018338,1,EELS,Sodium Azide
776.6267708842207,0.01,1,EELS,Sodium Azide
777.6062530532486,0.0012446921861871258,1,EELS,Sodium Azide
778.5857352222764,0.0,1,EELS,Sodium Azide
779.5652173913043,0.02,1,EELS,Sodium Azide
780.5446995603321,0.0,1,EELS,Sodium Azide
781.52418172936,0.002515510003004805,1,EELS,Sodium Azide
782.5036638983878,0.01,1,EELS,Sodium Azide
783.4831460674156,0.013050703686424402,1,EELS,Sodium Azide
784.4626282364435,0.0,1,EELS,Sodium Azide
785.4421104054713,0.0,1,EELS,Sodium Azide
786.4215925744992,0.0,1,EELS,Sodium Azide
787.401074743527,0.024988127851116516,1,EELS,Sodium Azide
788.3805569125549,0.00223189604584604,1,EELS,Sodium Azide
789.3600390815827,0.03074807208681281,1,EELS,Sodium Azide
790.3395212506106,0.0,1,EELS,Sodium Azide
791.3190034196384,0.002942020179723554,1,EELS,Sodium Azide
792.2984855886663,0.019288922207753148,1,EELS,Sodium Azide
793.2779677576941,0.021051934658334905,1,EELS,Sodium Azide
794.257449926722,0.011076890727438097,1,EELS,Sodium Azide
795.2369320957498,0.0,1,EELS,Sodium Azide
796.2164142647777,0.014578685591378005,1,EELS,Sodium Azide
797.1958964338055,0.023648690813221646,1,EELS,Sodium Azide
798.1753786028333,0.02,1,EELS,Sodium Azide
799.1548607718612,0.01,1,EELS,Sodium Azide
800.134342940889,0.015017735083989932,1,EELS,Sodium Azide
801.1138251099169,0.016302326144846307,1,EELS,Sodium Azide
802.0933072789447,0.01,1,EELS,Sodium Azide
803.0727894479726,0.01,1,EELS,Sodium Azide
804.0522716170004,0.0,1,EELS,Sodium Azide
805.0317537860283,0.0,1,EELS,Sodium Azide
806.0112359550561,0.0,1,EELS,Sodium Azide
806.990718124084,0.02,1,EELS,Sodium Azide
807.9702002931118,0.0,1,EELS,Sodium Azide
808.9496824621397,0.0,1,EELS,Sodium Azide
809.9291646311675,0.002561147808302459,1,EELS,Sodium Azide
810.9086468001954,0.015984049509414726,1,EELS,Sodium Azide
811.8881289692232,0.0,1,EELS,Sodium Azide
812.867611138251,0.02020566058046242,1,EELS,Sodium Azide
813.8470933072789,0.0,1,EELS,Sodium Azide
814.8265754763067,0.0,1,EELS,Sodium Azide
815.8060576453346,0.007043436522762841,1,EELS,Sodium Azide
816.7855398143624,0.0,1,EELS,Sodium Azide
817.7650219833903,0.014057573132366805,1,EELS,Sodium Azide
818.7445041524181,0.0018532764868486888,1,EELS,Sodium Azide
819.723986321446,0.005176469291716899,1,EELS,Sodium Azide
820.7034684904738,0.013101506917265734,1,EELS,Sodium Azide
821.6829506595017,0.025192416944501382,1,EELS,Sodium Azide
822.6624328285295,0.0,1,EELS,Sodium Azide
823.6419149975574,0.02,1,EELS,Sodium Azide
824.6213971665852,0.03,1,EELS,Sodium Azide
825.6008793356131,0.01,1,EELS,Sodium Azide
826.5803615046409,0.01,1,EELS,Sodium Azide
827.5598436736688,0.022268267775010547,1,EELS,Sodium Azide
828.5393258426966,0.02462778705892133,1,EELS,Sodium Azide
829.5188080117244,0.0,1,EELS,Sodium Azide
830.4982901807523,0.01,1,EELS,Sodium Azide
831.4777723497801,0.014943781627916451,1,EELS,Sodium Azide
832.457254518808,0.0,1,EELS,Sodium Azide
833.4367366878358,0.016588437761783405,1,EELS,Sodium Azide
834.4162188568637,0.01220144867224002,1,EELS,Sodium Azide
835.3957010258915,0.0,1,EELS,Sodium Azide
836.3751831949194,0.01591242657711806,1,EELS,Sodium Azide
837.3546653639472,0.018444369179584322,1,EELS,Sodium Azide
838.3341475329751,0.0,1,EELS,Sodium Azide
839.3136297020029,0.0,1,EELS,Sodium Azide
840.2931118710308,0.0030400783837001917,1,EELS,Sodium Azide
841.2725940400586,0.003534521942322321,1,EELS,Sodium Azide
842.2520762090865,0.026838791890194426,1,EELS,Sodium Azide
843.2315583781143,0.03062337772725162,1,EELS,Sodium Azide
844.2110405471421,0.01,1,EELS,Sodium Azide
845.19052271617,0.01,1,EELS,Sodium Azide
846.1700048851978,0.01,1,EELS,Sodium Azide
847.1494870542257,0.01,1,EELS,Sodium Azide
848.1289692232535,0.0,1,EELS,Sodium Azide
849.1084513922814,0.02841774541699408,1,EELS,Sodium Azide
850.0879335613092,0.0,1,EELS,Sodium Azide
851.0674157303371,0.012395401066406679,1,EELS,Sodium Azide
852.0468978993649,0.01,1,EELS,Sodium Azide
853.0263800683928,0.012231615687714137,1,EELS,Sodium Azide
854.0058622374206,0.025882570811808257,1,EELS,Sodium Azide
854.9853444064485,0.0,1,EELS,Sodium Azide
855.9648265754763,0.0,1,EELS,Sodium Azide
856.9443087445042,0.010757023079717085,1,EELS,Sodium Azide
857.923790913532,0.0070613576019706815,1,EELS,Sodium Azide
858.9032730825598,0.03894056979257195,1,EELS,Sodium Azide
859.8827552515877,0.006060562521972294,1,EELS,Sodium Azide
860.8622374206155,0.0,1,EELS,Sodium Azide
861.8417195896433,0.006127564045796152,1,EELS,Sodium Azide
862.8212017586711,0.02141040243992782,1,EELS,Sodium Azide
863.800683927699,0.008470040767518871,1,EELS,Sodium Azide
864.7801660967268,0.00527485009593029,1,EELS,Sodium Azide
865.7596482657547,0.010979478444638244,1,EELS,Sodium Azide
866.7391304347825,0.032025386204832806,1,EELS,Sodium Azide
867.7186126038104,0.014195678093895716,1,EELS,Sodium Azide
868.6980947728382,0.026714465643339735,1,EELS,Sodium Azide
869.677576941866,0.0,1,EELS,Sodium Azide
870.6570591108939,0.0015931876063357813,1,EELS,Sodium Azide
871.6365412799217,0.012401451157329439,1,EELS,Sodium Azide
872.6160234489496,0.0,1,EELS,Sodium Azide
873.5955056179774,0.0038549867024091885,1,EELS,Sodium Azide
874.5749877870053,0.0,1,EELS,Sodium Azide
875.5544699560331,0.00038675943051650545,1,EELS,Sodium Azide
876.533952125061,0.02313200117315519,1,EELS,Sodium Azide
877.5134342940888,0.0020413944291363703,1,EELS,Sodium Azide
878.4929164631167,0.0005653703628933557,1,EELS,Sodium Azide
879.4723986321445,0.0,1,EELS,Sodium Azide
880.4518808011724,0.017701689259656983,1,EELS,Sodium Azide
881.4313629702002,0.006673363168836965,1,EELS,Sodium Azide
882.4108451392281,0.03215266321497573,1,EELS,Sodium Azide
883.3903273082559,0.01,1,EELS,Sodium Azide
884.3698094772838,0.0023234909766184637,1,EELS,Sodium Azide
885.3492916463116,0.0026313076739008954,1,EELS,Sodium Azide
886.3287738153394,0.016175867514409983,1,EELS,Sodium Azide
887.3082559843673,0.02,1,EELS,Sodium Azide
888.2877381533951,0.0029320293462400523,1,EELS,Sodium Azide
889.267220322423,0.026285748537925986,1,EELS,Sodium Azide
890.2467024914508,0.001988510078647495,1,EELS,Sodium Azide
891.2261846604787,0.0,1,EELS,Sodium Azide
892.2056668295065,0.012063840960532358,1,EELS,Sodium Azide
893.1851489985344,0.011033884683342553,1,EELS,Sodium Azide
894.1646311675622,0.01,1,EELS,Sodium Azide
895.1441133365901,0.0014390744964789671,1,EELS,Sodium Azide
896.1235955056179,0.0,1,EELS,Sodium Azide
897.1030776746458,0.012270386416849676,1,EELS,Sodium Azide
898.0825598436736,0.0,1,EELS,Sodium Azide
899.0620420127015,0.0,1,EELS,Sodium Azide
900.0415241817293,0.003927932427308077,1,EELS,Sodium Azide
901.0210063507571,0.01604720434348341,1,EELS,Sodium Azide
902.000488519785,0.02,1,EELS,Sodium Azide
902.9799706888128,0.0,1,EELS,Sodium Azide
903.9594528578407,0.01926515392094968,1,EELS,Sodium Azide
904.9389350268685,0.0,1,EELS,Sodium Azide
905.9184171958964,0.0,1,EELS,Sodium Azide
906.8978993649242,0.01456566242825917,1,EELS,Sodium Azide
907.8773815339521,0.0,1,EELS,Sodium Azide
908.8568637029799,0.0,1,EELS,Sodium Azide
909.8363458720078,0.017301390293884358,1,EELS,Sodium Azide
910.8158280410356,0.012562989081875139,1,EELS,Sodium Azide
911.7953102100635,0.02,1,EELS,Sodium Azide
912.7747923790913,0.0,1,EELS,Sodium Azide
913.7542745481192,0.008973657040080064,1,EELS,Sodium Azide
914.733756717147,0.006706508632093371,1,EELS,Sodium Azide
915.7132388861748,0.01,1,EELS,Sodium Azide
916.6927210552027,0.028908386091153676,1,EELS,Sodium Azide
917.6722032242305,0.0,1,EELS,Sodium Azide
918.6516853932584,0.0,1,EELS,Sodium Azide
919.6311675622862,0.01,1,EELS,Sodium Azide
920.6106497313141,0.01,1,EELS,Sodium Azide
921.5901319003419,0.0025546411623648168,1,EELS,Sodium Azide
922.5696140693698,0.01,1,EELS,Sodium Azide
923.5490962383976,0.033662839374176766,1,EELS,Sodium Azide
924.5285784074255,0.0,1,EELS,Sodium Azide
925.5080605764533,0.024796680044609873,1,EELS,Sodium Azide
926.4875427454812,0.0,1,EELS,Sodium Azide
927.467024914509,0.021466426757626215,1,EELS,Sodium Azide
928.4465070835369,0.00356624048188923,1,EELS,Sodium Azide
929.4259892525647,0.0047289430098149,1,EELS,Sodium Azide
930.4054714215926,0.005881309233992454,1,EELS,Sodium Azide
931.3849535906204,0.014636153102963272,1,EELS,Sodium Azide
932.3644357596482,0.02662485232954538,1,EELS,Sodium Azide
933.3439179286761,0.013625541361392737,1,EELS,Sodium Azide
934.3234000977039,0.012073485105462162,1,EELS,Sodium Azide
935.3028822667318,0.017300079743075278,1,EELS,Sodium Azide
936.2823644357596,0.02,1,EELS,Sodium Azide
937.2618466047875,0.014756261783665892,1,EELS,Sodium Azide
938.2413287738153,0.01,1,EELS,Sodium Azide
939.2208109428432,0.028435836895217392,1,EELS,Sodium Azide
940.200293111871,0.0,1,EELS,Sodium Azide
941.1797752808989,0.02,1,EELS,Sodium Azide
942.1592574499267,0.0013737381294076276,1,EELS,Sodium Azide
943.1387396189546,0.01,1,EELS,Sodium Azide
944.1182217879824,0.008640521291265036,1,EELS,Sodium Azide
945.0977039570103,0.01,1,EELS,Sodium Azide
946.0771861260381,0.0,1,EELS,Sodium Azide
947.056668295066,0.0,1,EELS,Sodium Azide
948.0361504640938,0.01,1,EELS,Sodium Azide
949.0156326331216,0.01,1,EELS,Sodium Azide
949.9951148021495,0.01,1,EELS,Sodium Azide
950.9745969711773,0.007820735381302268,1,EELS,Sodium Azide
951.9540791402052,0.00807943640169632,1,EELS,Sodium Azide
952.9335613092329,0.004404068359207521,1,EELS,Sodium Azide
953.9130434782608,0.0,1,EELS,Sodium Azide
954.8925256472886,0.01,1,EELS,Sodium Azide
955.8720078163165,0.010027448361154755,1,EELS,Sodium Azide
956.8514899853443,0.0,1,EELS,Sodium Azide
957.8309721543721,0.02539707929770959,1,EELS,Sodium Azide
958.8104543234,0.009011896596054378,1,EELS,Sodium Azide
959.7899364924278,0.0,1,EELS,Sodium Azide
960.7694186614557,0.0003374425745858473,1,EELS,Sodium Azide
961.7489008304835,0.002188358998519895,1,EELS,Sodium Azide
962.7283829995114,0.0,1,EELS,Sodium Azide
963.7078651685392,0.01,1,EELS,Sodium Azide
964.6873473375671,0.0,1,EELS,Sodium Azide
965.6668295065949,0.0,1,EELS,Sodium Azide
966.6463116756228,0.0,1,EELS,Sodium Azide
967.6257938446506,0.03839672131487079,1,EELS,Sodium Azide
968.6052760136785,0.016597808869103794,1,EELS,Sodium Azide
969.5847581827063,0.0,1,EELS,Sodium Azide
970.5642403517342,0.005901279815380432,1,EELS,Sodium Azide
971.543722520762,0.014333432712868568,1,EELS,Sodium Azide
972.5232046897898,0.009491542649648965,1,EELS,Sodium Azide
973.5026868588177,0.000669141683266766,1,EELS,Sodium Azide
974.4821690278455,0.0,1,EELS,Sodium Azide
975.4616511968734,0.017181879388131004,1,EELS,Sodium Azide
976.4411333659012,0.004073674302518542,1,EELS,Sodium Azide
977.4206155349291,0.019190475028489078,1,EELS,Sodium Azide
978.4000977039569,0.0065383402418801246,1,EELS,Sodium Azide
979.3795798729848,0.03076448979653145,1,EELS,Sodium Azide
980.3590620420126,0.01,1,EELS,Sodium Azide
981.3385442110405,0.023495920883902482,1,EELS,Sodium Azide
982.3180263800683,0.002074898514817506,1,EELS,Sodium Azide
983.2975085490962,0.021225166136338007,1,EELS,Sodium Azide
984.276990718124,0.0,1,EELS,Sodium Azide
985.2564728871519,0.027764355536264794,1,EELS,Sodium Azide
986.2359550561797,0.0020774864223214303,1,EELS,Sodium Azide
987.2154372252076,0.0,1,EELS,Sodium Azide
988.1949193942354,0.01,1,EELS,Sodium Azide
989.1744015632632,0.01,1,EELS,Sodium Azide
990.1538837322911,0.004384515848748811,1,EELS,Sodium Azide
991.1333659013189,0.005390716203508373,1,EELS,Sodium Azide
992.1128480703468,0.0,1,EELS,Sodium Azide
993.0923302393746,0.02,1,EELS,Sodium Azide
994.0718124084025,0.02190705359066788,1,EELS,Sodium Azide
995.0512945774303,0.01767708468722706,1,EELS,Sodium Azide
996.0307767464582,0.014507702338378775,1,EELS,Sodium Azide
997.010258915486,0.00044507192976609507,1,EELS,Sodium Azide
997.9897410845139,0.0012815503485306674,1,EELS,Sodium Azide
998.9692232535417,0.016314530730836278,1,EELS,Sodium Azide
999.9487054225696,0.0,1,EELS,Sodium Azide
1000.9281875915974,0.0,1,EELS,Sodium Azide
1001.9076697606253,0.0,1,EELS,Sodium Azide
1002.8871519296531,0.02412841477648242,1,EELS,Sodium Azide
1003.866634098681,0.0066573852575903805,1,EELS,Sodium Azide
1004.8461162677088,0.0,1,EELS,Sodium Azide
1005.8255984367366,0.016109553360843663,1,EELS,Sodium Azide
1006.8050806057645,0.0,1,EELS,Sodium Azide
1007.7845627747923,0.01,1,EELS,Sodium Azide
1008.7640449438202,0.002345179040576831,1,EELS,Sodium Azide
1009.743527112848,0.010735297412224197,1,EELS,Sodium Azide
1010.7230092818759,0.01723025338326412,1,EELS,Sodium Azide
1011.7024914509037,0.0,1,EELS,Sodium Azide
1012.6819736199316,0.01105706039769732,1,EELS,Sodium Azide
1013.6614557889594,0.01,1,EELS,Sodium Azide
1014.6409379579873,0.0,1,EELS,Sodium Azide
1015.6204201270151,0.02906768465731156,1,EELS,Sodium Azide
1016.599902296043,0.01670814722463398,1,EELS,Sodium Azide
1017.5793844650708,0.0,1,EELS,Sodium Azide
1018.5588666340986,0.015114184058658749,1,EELS,Sodium Azide
1019.5383488031264,0.024130383018545067,1,EELS,Sodium Azide
1020.5178309721543,0.0,1,EELS,Sodium Azide
1021.4973131411821,0.004091335589568972,1,EELS,Sodium Azide
1022.47679531021,0.015093049155207889,1,EELS,Sodium Azide
1023.4562774792378,0.0027129213937189187,1,EELS,Sodium Azide
1024.4357596482657,0.01,1,EELS,Sodium Azide
1025.4152418172935,0.02,1,EELS,Sodium Azide
1026.3947239863214,0.01,1,EELS,Sodium Azide
1027.3742061553492,0.012014623715152991,1,EELS,Sodium Azide
1028.3536883243771,0.005597984876785845,1,EELS,Sodium Azide
1029.3331704934049,0.0,1,EELS,Sodium Azide
1030.3126526624328,0.007924174753423217,1,EELS,Sodium Azide
1031.2921348314605,0.01,1,EELS,Sodium Azide
1032.2716170004885,0.01176970806033777,1,EELS,Sodium Azide
1033.2510991695162,0.0,1,EELS,Sodium Azide
1034.2305813385442,0.01,1,EELS,Sodium Azide
1035.210063507572,0.0,1,EELS,Sodium Azide
1036.1895456766,0.0,1,EELS,Sodium Azide
1037.1690278456276,0.011892223761252617,1,EELS,Sodium Azide
1038.1485100146556,0.0,1,EELS,Sodium Azide
1039.1279921836833,0.003586685498436106,1,EELS,Sodium Azide
1040.1074743527113,0.0,1,EELS,Sodium Azide
1041.086956521739,0.004917850012201002,1,EELS,Sodium Azide
1042.066438690767,0.000835890111109956,1,EELS,Sodium Azide
1043.0459208597947,0.0,1,EELS,Sodium Azide
1044.0254030288227,0.020213192944831856,1,EELS,Sodium Azide
1045.0048851978504,0.0,1,EELS,Sodium Azide
1045.9843673668784,0.0,1,EELS,Sodium Azide
1046.963849535906,0.01,1,EELS,Sodium Azide
1047.943331704934,0.015358185243413133,1,EELS,Sodium Azide
1048.9228138739618,0.018723204500907795,1,EELS,Sodium Azide
1049.9022960429897,0.01,1,EELS,Sodium Azide
1050.8817782120175,0.01,1,EELS,Sodium Azide
1051.8612603810454,0.01,1,EELS,Sodium Azide
1052.8407425500732,0.02123228124202664,1,EELS,Sodium Azide
1053.8202247191011,0.013946664655942206,1,EELS,Sodium Azide
1054.7997068881289,0.004437214782596628,1,EELS,Sodium Azide
1055.7791890571568,0.020559040236482057,1,EELS,Sodium Azide
1056.7586712261846,0.0024864393089634625,1,EELS,Sodium Azide
1057.7381533952125,0.0,1,EELS,Sodium Azide
1058.7176355642403,0.01,1,EELS,Sodium Azide
1059.6971177332682,0.0,1,EELS,Sodium Azide
1060.676599902296,0.01,1,EELS,Sodium Azide
1061.656082071324,0.01747172829959983,1,EELS,Sodium Azide
1062.6355642403516,0.0005802918043528449,1,EELS,Sodium Azide
1063.6150464093796,0.01752266092456017,1,EELS,Sodium Azide
1064.5945285784073,0.0,1,EELS,Sodium Azide
1065.5740107474353,0.0008522446479351353,1,EELS,Sodium Azide
1066.553492916463,0.01,1,EELS,Sodium Azide
1067.532975085491,0.009395769684192907,1,EELS,Sodium Azide
1068.5124572545187,0.003583851592572931,1,EELS,Sodium Azide
1069.4919394235467,0.01022868983298791,1,EELS,Sodium Azide
1070.4714215925744,0.0,1,EELS,Sodium Azide
1071.4509037616024,0.0413492407872545,1,EELS,Sodium Azide
1072.43038593063,0.0,1,EELS,Sodium Azide
1073.409868099658,0.01135202349685932,1,EELS,Sodium Azide
1074.3893502686858,0.0,1,EELS,Sodium Azide
1075.3688324377138,0.016299147639599717,1,EELS,Sodium Azide
1076.3483146067415,0.0,1,EELS,Sodium Azide
1077.3277967757695,0.01,1,EELS,Sodium Azide
1078.3072789447972,0.029570536474330368,1,EELS,Sodium Azide
1079.2867611138252,0.02,1,EELS,Sodium Azide
1080.2662432828529,0.012266636407296853,1,EELS,Sodium Azide
1081.2457254518808,0.008922832714908754,1,EELS,Sodium Azide
1082.2252076209086,0.005104363812188463,1,EELS,Sodium Azide
1083.2046897899365,0.0015829215875791571,1,EELS,Sodium Azide
1084.1841719589643,0.0037709760701554696,1,EELS,Sodium Azide
1085.1636541279922,0.024561258891222643,1,EELS,Sodium Azide
1086.14313629702,0.0,1,EELS,Sodium Azide
1087.122618466048,0.002099504740611384,1,EELS,Sodium Azide
1088.1021006350757,0.01076411095559184,1,EELS,Sodium Azide
1089.0815828041036,0.021323674273207485,1,EELS,Sodium Azide
1090.0610649731314,0.012154868290448156,1,EELS,Sodium Azide
1091.040547142159,0.006562637028165396,1,EELS,Sodium Azide
1092.020029311187,0.0,1,EELS,Sodium Azide
1092.9995114802148,0.026707524923066626,1,EELS,Sodium Azide
1093.9789936492427,0.0,1,EELS,Sodium Azide
1094.9584758182705,0.013134481860527156,1,EELS,Sodium Azide
1095.9379579872984,0.0,1,EELS,Sodium Azide
1096.9174401563262,0.0,1,EELS,Sodium Azide
1097.8969223253541,0.013400732011794907,1,EELS,Sodium Azide
1098.8764044943819,0.0033251328434725125,1,EELS,Sodium Azide
1099.8558866634098,0.00435071561641346,1,EELS,Sodium Azide
1100.8353688324376,0.016505809086923923,1,EELS,Sodium Azide
1101.8148510014655,0.004673000022466905,1,EELS,Sodium Azide
1102.7943331704932,0.0,1,EELS,Sodium Azide
1103.7738153395212,0.009880025554759255,1,EELS,Sodium Azide
1104.753297508549,0.03217865647799969,1,EELS,Sodium Azide
1105.732779677577,0.01,1,EELS,Sodium Azide
1106.7122618466046,0.006139941233375992,1,EELS,Sodium Azide
1107.6917440156326,0.017198256265800065,1,EELS,Sodium Azide
1108.6712261846603,0.01,1,EELS,Sodium Azide
1109.6507083536883,0.02407774210062405,1,EELS,Sodium Azide
1110.630190522716,0.02,1,EELS,Sodium Azide
1111.609672691744,0.011327423796353034,1,EELS,Sodium Azide
1112.5891548607717,0.0,1,EELS,Sodium Azide
1113.5686370297997,0.00020541281500232033,1,EELS,Sodium Azide
1114.5481191988274,0.0,1,EELS,Sodium Azide
1115.5276013678554,0.02,1,EELS,Sodium Azide
1116.507083536883,0.036308798069010634,1,EELS,Sodium Azide
1117.486565705911,0.01,1,EELS,Sodium Azide
1118.4660478749388,0.01,1,EELS,Sodium Azide
1119.4455300439668,0.0,1,EELS,Sodium Azide
1120.4250122129945,0.0,1,EELS,Sodium Azide
1121.4044943820224,0.01,1,EELS,Sodium Azide
1122.3839765510502,0.016792950667866922,1,EELS,Sodium Azide
1123.3634587200781,0.010345045414604442,1,EELS,Sodium Azide
1124.3429408891059,0.01,1,EELS,Sodium Azide
1125.3224230581338,0.02301847881177536,1,EELS,Sodium Azide
1126.3019052271616,0.010058745124472438,1,EELS,Sodium Azide
1127.2813873961895,0.0,1,EELS,Sodium Azide
1128.2608695652173,0.02,1,EELS,Sodium Azide
1129.2403517342452,0.0234109480911526,1,EELS,Sodium Azide
1130.219833903273,0.01,1,EELS,Sodium Azide
1131.199316072301,0.01,1,EELS,Sodium Azide
1132.1787982413286,0.02047452399100877,1,EELS,Sodium Azide
1133.1582804103566,0.024928410322383483,1,EELS,Sodium Azide
1134.1377625793843,0.02416342556432377,1,EELS,Sodium Azide
1135.1172447484123,0.005796406594129448,1,EELS,Sodium Azide
1136.09672691744,0.006110935069273552,1,EELS,Sodium Azide
1137.076209086468,0.018748977133038768,1,EELS,Sodium Azide
1138.0556912554957,0.007785233041569641,1,EELS,Sodium Azide
1139.0351734245237,0.0029126899998913143,1,EELS,Sodium Azide
1140.0146555935514,0.001107488066051336,1,EELS,Sodium Azide
1140.9941377625794,0.01,1,EELS,Sodium Azide
1141.9736199316071,0.0,1,EELS,Sodium Azide
1142.953102100635,0.01,1,EELS,Sodium Azide
1143.9325842696628,0.0,1,EELS,Sodium Azide
1144.9120664386908,0.0,1,EELS,Sodium Azide
1145.8915486077185,0.0,1,EELS,Sodium Azide
1146.8710307767465,0.0,1,EELS,Sodium Azide
1147.8505129457742,0.0018789849766526253,1,EELS,Sodium Azide
1148.8299951148022,0.014241309923979713,1,EELS,Sodium Azide
1149.80947728383,0.009410090284192024,1,EELS,Sodium Azide
1150.7889594528579,0.0,1,EELS,Sodium Azide
1151.7684416218856,0.0,1,EELS,Sodium Azide
1152.7479237909135,0.009638921867469613,1,EELS,Sodium Azide
1153.7274059599413,0.01,1,EELS,Sodium Azide
1154.7068881289692,0.0,1,EELS,Sodium Azide
1155.686370297997,0.00565376394752335,1,EELS,Sodium Azide
1156.665852467025,0.0,1,EELS,Sodium Azide
1157.6453346360527,0.0011183509832824112,1,EELS,Sodium Azide
1158.6248168050806,0.0,1,EELS,Sodium Azide
1159.6042989741084,0.01,1,EELS,Sodium Azide
1160.5837811431363,0.013304918646261009,1,EELS,Sodium Azide
1161.563263312164,0.0,1,EELS,Sodium Azide
1162.542745481192,0.00453575459402365,1,EELS,Sodium Azide
1163.5222276502197,0.0,1,EELS,Sodium Azide
1164.5017098192477,0.0056780877728387375,1,EELS,Sodium Azide
1165.4811919882754,0.012326857722168544,1,EELS,Sodium Azide
1166.4606741573034,0.03395605704515804,1,EELS,Sodium Azide
1167.4401563263311,0.0013201963884234955,1,EELS,Sodium Azide
1168.419638495359,0.0,1,EELS,Sodium Azide
1169.3991206643868,0.0012902263407422768,1,EELS,Sodium Azide
1170.3786028334148,0.0055839856332554364,1,EELS,Sodium Azide
1171.3580850024425,0.0005411154021028612,1,EELS,Sodium Azide
1172.3375671714705,0.00045672740237102477,1,EELS,Sodium Azide
1173.3170493404982,0.0,1,EELS,Sodium Azide
1174.2965315095262,0.03,1,EELS,Sodium Azide
1175.276013678554,0.0,1,EELS,Sodium Azide
1176.2554958475819,0.017886570318102354,1,EELS,Sodium Azide
1177.2349780166096,0.0,1,EELS,Sodium Azide
1178.2144601856376,0.0,1,EELS,Sodium Azide
1179.1939423546653,0.01,1,EELS,Sodium Azide
1180.1734245236933,0.00916967430585663,1,EELS,Sodium Azide
1181.152906692721,0.0,1,EELS,Sodium Azide
1182.1323888617487,0.012767976419108717,1,EELS,Sodium Azide
1183.1118710307767,0.0,1,EELS,Sodium Azide
1184.0913531998044,0.0028875267138233907,1,EELS,Sodium Azide
1185.0708353688324,0.0,1,EELS,Sodium Azide
1186.05031753786,0.02192047672482683,1,EELS,Sodium Azide
1187.029799706888,0.01,1,EELS,Sodium Azide
1188.0092818759158,0.013201704837813638,1,EELS,Sodium Azide
1188.9887640449438,0.006505703774590011,1,EELS,Sodium Azide
1189.9682462139715,0.004262077329230413,1,EELS,Sodium Azide
1190.9477283829995,0.0,1,EELS,Sodium Azide
1191.9272105520272,0.0,1,EELS,Sodium Azide
1192.9066927210552,0.01048837823137053,1,EELS,Sodium Azide
1193.8861748900829,0.0,1,EELS,Sodium Azide
1194.8656570591108,0.009872111089382872,1,EELS,Sodium Azide
1195.8451392281386,0.032586676097864004,1,EELS,Sodium Azide
1196.8246213971665,0.0,1,EELS,Sodium Azide
1197.8041035661943,0.0,1,EELS,Sodium Azide
1198.7835857352222,0.02,1,EELS,Sodium Azide
1199.76306790425,0.04635181891854743,1,EELS,Sodium Azide
1200.742550073278,0.0,1,EELS,Sodium Azide
1201.7220322423057,0.016758532946774696,1,EELS,Sodium Azide
1202.7015144113336,0.027152000413232243,1,EELS,Sodium Azide
1203.6809965803614,0.01,1,EELS,Sodium Azide
1204.6604787493893,0.01584399293020774,1,EELS,Sodium Azide
1205.639960918417,0.016648982126939684,1,EELS,Sodium Azide
1206.619443087445,0.02,1,EELS,Sodium Azide
1207.5989252564727,0.0,1,EELS,Sodium Azide
1208.5784074255007,0.01,1,EELS,Sodium Azide
1209.5578895945284,0.0,1,EELS,Sodium Azide
1210.5373717635564,0.0,1,EELS,Sodium Azide
1211.5168539325841,0.0,1,EELS,Sodium Azide
1212.496336101612,0.00038808468732428686,1,EELS,Sodium Azide
1213.4758182706398,0.01,1,EELS,Sodium Azide
1214.4553004396678,0.012424760777442475,1,EELS,Sodium Azide
1215.4347826086955,0.0,1,EELS,Sodium Azide
1216.4142647777235,0.0034149289632500386,1,EELS,Sodium Azide
1217.3937469467512,0.04854143113537842,1,EELS,Sodium Azide
1218.3732291157792,0.0,1,EELS,Sodium Azide
1219.352711284807,0.013855132011437721,1,EELS,Sodium Azide
1220.3321934538349,0.012561141064041088,1,EELS,Sodium Azide
1221.3116756228626,0.0,1,EELS,Sodium Azide
1222.2911577918906,0.017098642973124356,1,EELS,Sodium Azide
1223.2706399609183,0.004313501338589839,1,EELS,Sodium Azide
1224.2501221299462,0.0,1,EELS,Sodium Azide
1225.229604298974,0.0,1,EELS,Sodium Azide
1226.209086468002,0.005734160274077519,1,EELS,Sodium Azide
1227.1885686370297,0.0008148739355992513,1,EELS,Sodium Azide
1228.1680508060576,0.005534453201343653,1,EELS,Sodium Azide
1229.1475329750854,0.01,1,EELS,Sodium Azide
1230.1270151441133,0.0017668613379884335,1,EELS,Sodium Azide
1231.106497313141,0.01,1,EELS,Sodium Azide
1232.085979482169,0.0,1,EELS,Sodium Azide
1233.0654616511968,0.01,1,EELS,Sodium Azide
1234.0449438202247,0.01,1,EELS,Sodium Azide
1235.0244259892524,0.022646297946419765,1,EELS,Sodium Azide
1236.0039081582804,0.011169594183899482,1,EELS,Sodium Azide
1236.9833903273081,0.0062518339339018535,1,EELS,Sodium Azide
1237.962872496336,0.0,1,EELS,Sodium Azide
1238.9423546653638,0.0,1,EELS,Sodium Azide
1239.9218368343918,0.012411516798737051,1,EELS,Sodium Azide
1240.9013190034195,0.0014843698567820437,1,EELS,Sodium Azide
1241.8808011724475,0.023693964391334695,1,EELS,Sodium Azide
1242.8602833414752,0.004050369219644694,1,EELS,Sodium Azide
1243.8397655105032,0.0019975645068546657,1,EELS,Sodium Azide
1244.819247679531,0.01,1,EELS,Sodium Azide
1245.7987298485589,0.0014007368276334952,1,EELS,Sodium Azide
1246.7782120175866,0.01,1,EELS,Sodium Azide
1247.7576941866146,0.007260701708993514,1,EELS,Sodium Azide
1248.7371763556423,0.009796079421205629,1,EELS,Sodium Azide
1249.7166585246703,0.01,1,EELS,Sodium Azide
1250.696140693698,0.0,1,EELS,Sodium Azide
1251.675622862726,0.0,1,EELS,Sodium Azide
1252.6551050317537,0.015219447377179429,1,EELS,Sodium Azide
1253.6345872007817,0.0,1,EELS,Sodium Azide
1254.6140693698094,0.01,1,EELS,Sodium Azide
1255.5935515388373,0.01400140381130547,1,EELS,Sodium Azide
1256.573033707865,0.03546451181088665,1,EELS,Sodium Azide
1257.552515876893,0.02,1,EELS,Sodium Azide
1258.5319980459208,0.00858995086108572,1,EELS,Sodium Azide
1259.5114802149487,0.0008726536860693033,1,EELS,Sodium Azide
1260.4909623839765,0.0,1,EELS,Sodium Azide
1261.4704445530044,0.009411708951847295,1,EELS,Sodium Azide
1262.4499267220322,0.0,1,EELS,Sodium Azide
1263.4294088910601,0.0027650363210731934,1,EELS,Sodium Azide
1264.4088910600879,0.003318855421460528,1,EELS,Sodium Azide
1265.3883732291158,0.0,1,EELS,Sodium Azide
1266.3678553981435,0.020155659013779102,1,EELS,Sodium Azide
1267.3473375671715,0.0,1,EELS,Sodium Azide
1268.3268197361992,0.0,1,EELS,Sodium Azide
1269.3063019052272,0.00550950728406151,1,EELS,Sodium Azide
1270.285784074255,0.0,1,EELS,Sodium Azide
1271.265266243283,0.0003249301375549707,1,EELS,Sodium Azide
1272.2447484123106,0.0,1,EELS,Sodium Azide
1273.2242305813384,0.02111255103813166,1,EELS,Sodium Azide
1274.2037127503663,0.01487885503160276,1,EELS,Sodium Azide
1275.183194919394,0.02,1,EELS,Sodium Azide
1276.162677088422,0.008377741804546885,1,EELS,Sodium Azide
1277.1421592574497,0.02421606981516912,1,EELS,Sodium Azide
1278.1216414264777,0.005726338770172082,1,EELS,Sodium Azide
1279.1011235955054,0.010142728939253939,1,EELS,Sodium Azide
1280.0806057645334,0.03,1,EELS,Sodium Azide
1281.0600879335611,0.01,1,EELS,Sodium Azide
1282.039570102589,0.0,1,EELS,Sodium Azide
1283.0190522716168,0.01,1,EELS,Sodium Azide
1283.9985344406448,0.0,1,EELS,Sodium Azide
1284.9780166096725,0.0006146478330262516,1,EELS,Sodium Azide
1285.9574987787005,0.015439204304906876,1,EELS,Sodium Azide
1286.9369809477282,0.01,1,EELS,Sodium Azide
1287.9164631167562,0.014998605327074449,1,EELS,Sodium Azide
1288.895945285784,0.0006942715899496981,1,EELS,Sodium Azide
1289.8754274548119,0.0,1,EELS,Sodium Azide
1290.8549096238396,0.0,1,EELS,Sodium Azide
1291.8343917928676,0.02,1,EELS,Sodium Azide
1292.8138739618953,0.0,1,EELS,Sodium Azide
1293.7933561309233,0.016155191071711626,1,EELS,Sodium Azide
1294.772838299951,0.03564867544298082,1,EELS,Sodium Azide
1295.752320468979,0.012466631146948294,1,EELS,Sodium Azide
1296.7318026380067,0.01,1,EELS,Sodium Azide
1297.7112848070346,0.015240328812815349,1,EELS,Sodium Azide
1298.6907669760624,0.001552522263908432,1,EELS,Sodium Azide
1299.6702491450903,0.0,1,EELS,Sodium Azide
1300.649731314118,0.0,1,EELS,Sodium Azide
1301.629213483146,0.0,1,EELS,Sodium Azide
1302.6086956521738,0.01,1,EELS,Sodium Azide
1303.5881778212017,0.0017741225064920665,1,EELS,Sodium Azide
1304.5676599902295,0.0016736975377612897,1,EELS,Sodium Azide
1305.5471421592574,6.70142932701323e-05,1,EELS,Sodium Azide
1306.5266243282852,0.004492271723873351,1,EELS,Sodium Azide
1307.506106497313,0.032179357521454885,1,EELS,Sodium Azide
1308.4855886663408,0.02972039685153216,1,EELS,Sodium Azide
1309.4650708353688,0.0,1,EELS,Sodium Azide
1310.4445530043965,0.01,1,EELS,Sodium Azide
1311.4240351734245,0.00956489381013556,1,EELS,Sodium Azide
1312.4035173424522,0.0,1,EELS,Sodium Azide
1313.3829995114802,0.0,1,EELS,Sodium Azide
1314.362481680508,0.0,1,EELS,Sodium Azide
1315.341963849536,0.0,1,EELS,Sodium Azide
1316.3214460185636,0.0055579006262220345,1,EELS,Sodium Azide
1317.3009281875916,0.027778120920062228,1,EELS,Sodium Azide
1318.2804103566193,0.02,1,EELS,Sodium Azide
1319.2598925256473,0.0,1,EELS,Sodium Azide
1320.239374694675,0.02,1,EELS,Sodium Azide
1321.218856863703,0.004031309878048197,1,EELS,Sodium Azide
1322.1983390327307,0.0,1,EELS,Sodium Azide
1323.1778212017587,0.011905288867081467,1,EELS,Sodium Azide
1324.1573033707864,0.0,1,EELS,Sodium Azide
1325.1367855398144,0.005943343501034488,1,EELS,Sodium Azide
1326.116267708842,0.021254671884976012,1,EELS,Sodium Azide
1327.09574987787,0.01,1,EELS,Sodium Azide
1328.0752320468978,0.022238907374266884,1,EELS,Sodium Azide
1329.0547142159257,0.02,1,EELS,Sodium Azide
1330.0341963849535,0.01,1,EELS,Sodium Azide
1331.0136785539814,0.01,1,EELS,Sodium Azide
1331.9931607230092,0.01,1,EELS,Sodium Azide
1332.9726428920371,0.01,1,EELS,Sodium Azide
1333.9521250610649,0.0,1,EELS,Sodium Azide
1334.9316072300928,0.027492544160295583,1,EELS,Sodium Azide
1335.9110893991206,0.01,1,EELS,Sodium Azide
1336.8905715681485,0.0,1,EELS,Sodium Azide
1337.8700537371762,0.02503915503671401,1,EELS,Sodium Azide
1338.8495359062042,0.0,1,EELS,Sodium Azide
1339.829018075232,0.01,1,EELS,Sodium Azide
1340.80850024426,0.010640521845446385,1,EELS,Sodium Azide
1341.7879824132876,0.0,1,EELS,Sodium Azide
1342.7674645823156,0.038657989213270016,1,EELS,Sodium Azide
1343.7469467513433,0.0069485511553311775,1,EELS,Sodium Azide
1344.7264289203713,0.01,1,EELS,Sodium Azide
1345.705911089399,0.03203680928111683,1,EELS,Sodium Azide
1346.685393258427,0.02,1,EELS,Sodium Azide
1347.6648754274547,0.0076028619760450085,1,EELS,Sodium Azide
1348.6443575964827,0.013086641640342947,1,EELS,Sodium Azide
1349.6238397655104,0.033310656002056425,1,EELS,Sodium Azide
1350.6033219345384,0.015960030466819243,1,EELS,Sodium Azide
1351.582804103566,0.0003604275028288828,1,EELS,Sodium Azide
1352.562286272594,0.01,1,EELS,Sodium Azide
1353.5417684416218,0.014725228545213447,1,EELS,Sodium Azide
1354.5212506106498,0.0,1,EELS,Sodium Azide
1355.5007327796775,0.02056855418198947,1,EELS,Sodium Azide
1356.4802149487055,0.0014263537364393132,1,EELS,Sodium Azide
1357.4596971177332,0.01,1,EELS,Sodium Azide
1358.4391792867611,0.0019173104344671244,1,EELS,Sodium Azide
1359.4186614557889,0.0,1,EELS,Sodium Azide
1360.3981436248168,0.0,1,EELS,Sodium Azide
1361.3776257938446,0.01227674193345409,1,EELS,Sodium Azide
1362.3571079628725,0.01,1,EELS,Sodium Azide
1363.3365901319003,0.0,1,EELS,Sodium Azide
1364.316072300928,0.005506873915284611,1,EELS,Sodium Azide
1365.295554469956,0.022126562302214294,1,EELS,Sodium Azide
1366.2750366389837,0.0073660952006381,1,EELS,Sodium Azide
1367.2545188080117,0.020192164526482786,1,EELS,Sodium Azide
1368.2340009770394,0.0,1,EELS,Sodium Azide
1369.2134831460673,0.0,1,EELS,Sodium Azide
1370.192965315095,0.025345502060623012,1,EELS,Sodium Azide
1371.172447484123,0.01,1,EELS,Sodium Azide
1372.1519296531508,0.0,1,EELS,Sodium Azide
1373.1314118221787,0.01357952501801563,1,EELS,Sodium Azide
1374.1108939912065,0.005706163958505305,1,EELS,Sodium Azide
1375.0903761602344,0.01468272791804794,1,EELS,Sodium Azide
1376.0698583292622,0.0221140853929837,1,EELS,Sodium Azide
1377.0493404982901,0.0,1,EELS,Sodium Azide
1378.0288226673179,0.019496095003706266,1,EELS,Sodium Azide
1379.0083048363458,0.010614424036050736,1,EELS,Sodium Azide
1379.9877870053735,0.002772299338530746,1,EELS,Sodium Azide
1380.9672691744015,0.015621838847843302,1,EELS,Sodium Azide
1381.9467513434292,0.005212288214017894,1,EELS,Sodium Azide
1382.9262335124572,0.005522918405165579,1,EELS,Sodium Azide
1383.905715681485,0.010971344389008875,1,EELS,Sodium Azide
1384.885197850513,0.02,1,EELS,Sodium Azide
1385.8646800195406,0.0,1,EELS,Sodium Azide
1386.8441621885686,0.0,1,EELS,Sodium Azide
1387.8236443575963,0.0,1,EELS,Sodium Azide
1388.8031265266243,0.04100399263551297,1,EELS,Sodium Azide
1389.782608695652,0.0,1,EELS,Sodium Azide
1390.76209086468,0.0,1,EELS,Sodium Azide
1391.7415730337077,0.0,1,EELS,Sodium Azide
1392.7210552027357,0.0031676924728460077,1,EELS,Sodium Azide
1393.7005373717634,0.018352159374359155,1,EELS,Sodium Azide
1394.6800195407914,0.008808391949524945,1,EELS,Sodium Azide
1395.659501709819,0.0,1,EELS,Sodium Azide
1396.638983878847,0.01,1,EELS,Sodium Azide
1397.6184660478748,0.002914301597326347,1,EELS,Sodium Azide
1398.5979482169028,0.0,1,EELS,Sodium Azide
1399.5774303859305,0.016425619324678842,1,EELS,Sodium Azide
1400.5569125549584,0.005039630975695708,1,EELS,Sodium Azide
1401.5363947239862,0.017527179529525004,1,EELS,Sodium Azide
1402.5158768930141,0.006792845617398549,1,EELS,Sodium Azide
1403.4953590620419,0.022000384247129776,1,EELS,Sodium Azide
1404.4748412310698,0.02187824898359649,1,EELS,Sodium Azide
1405.4543234000976,0.01,1,EELS,Sodium Azide
1406.4338055691255,0.0141083738642122,1,EELS,Sodium Azide
1407.4132877381533,0.02,1,EELS,Sodium Azide
1408.3927699071812,0.0,1,EELS,Sodium Azide
1409.372252076209,0.026012191855848,1,EELS,Sodium Azide
1410.351734245237,0.02266113074247436,1,EELS,Sodium Azide
1411.3312164142646,0.00024869888617235793,1,EELS,Sodium Azide
1412.3106985832926,0.003181525682321501,1,EELS,Sodium Azide
1413.2901807523203,0.017392703442579507,1,EELS,Sodium Azide
1414.2696629213483,0.012487104089327591,1,EELS,Sodium Azide
1415.249145090376,0.036566380753834296,1,EELS,Sodium Azide
1416.228627259404,0.005799251304555933,1,EELS,Sodium Azide
1417.2081094284317,0.0,1,EELS,Sodium Azide
1418.1875915974597,0.007714895035156976,1,EELS,Sodium Azide
1419.1670737664874,0.003918934060079755,1,EELS,Sodium Azide
1420.1465559355154,0.013185725474409193,1,EELS,Sodium Azide
1421.126038104543,0.006897230339042429,1,EELS,Sodium Azide
1422.105520273571,0.0,1,EELS,Sodium Azide
1423.0850024425988,0.0,1,EELS,Sodium Azide
1424.0644846116268,0.0,1,EELS,Sodium Azide
1425.0439667806545,0.02,1,EELS,Sodium Azide
1426.0234489496825,0.0,1,EELS,Sodium Azide
1427.0029311187102,0.006034152340278942,1,EELS,Sodium Azide
1427.9824132877382,0.027062648859705114,1,EELS,Sodium Azide
1428.961895456766,0.004056412630416664,1,EELS,Sodium Azide
1429.9413776257938,0.0,1,EELS,Sodium Azide
1430.9208597948216,0.004565596386527682,1,EELS,Sodium Azide
1431.9003419638495,0.01223556406948965,1,EELS,Sodium Azide
1432.8798241328773,0.01,1,EELS,Sodium Azide
1433.8593063019052,0.01,1,EELS,Sodium Azide
1434.838788470933,0.0001807295471626846,1,EELS,Sodium Azide
1435.818270639961,0.01,1,EELS,Sodium Azide
1436.7977528089887,0.016642719856022448,1,EELS,Sodium Azide
1437.7772349780166,0.0,1,EELS,Sodium Azide
1438.7567171470444,0.014309634046588587,1,EELS,Sodium Azide
1439.7361993160723,0.01,1,EELS,Sodium Azide
1440.7156814851,0.01,1,EELS,Sodium Azide
1441.695163654128,0.007398314179021951,1,EELS,Sodium Azide
1442.6746458231557,0.03,1,EELS,Sodium Azide
1443.6541279921837,0.027644064325445812,1,EELS,Sodium Azide
1444.6336101612114,0.0,1,EELS,Sodium Azide
1445.6130923302394,0.0023221343302178648,1,EELS,Sodium Azide
1446.5925744992671,0.009542091857714374,1,EELS,Sodium Azide
1447.572056668295,0.0,1,EELS,Sodium Azide
1448.5515388373228,0.0,1,EELS,Sodium Azide
1449.5310210063508,0.0,1,EELS,Sodium Azide
1450.5105031753785,0.022907588106890607,1,EELS,Sodium Azide
1451.4899853444065,0.0,1,EELS,Sodium Azide
1452.4694675134342,0.02612160475738749,1,EELS,Sodium Azide
1453.4489496824622,0.01,1,EELS,Sodium Azide
1454.42843185149,0.011912515749474335,1,EELS,Sodium Azide
1455.4079140205176,0.015758331580284925,1,EELS,Sodium Azide
1456.3873961895456,0.020490497927384978,1,EELS,Sodium Azide
1457.3668783585733,0.021055603594310683,1,EELS,Sodium Azide
1458.3463605276013,0.012354355891129291,1,EELS,Sodium Azide
1459.325842696629,0.010474595571064548,1,EELS,Sodium Azide
1460.305324865657,0.006073297847709909,1,EELS,Sodium Azide
1461.2848070346847,0.0279686027270968,1,EELS,Sodium Azide
1462.2642892037127,0.0,1,EELS,Sodium Azide
1463.2437713727404,0.0,1,EELS,Sodium Azide
1464.2232535417684,0.0,1,EELS,Sodium Azide
1465.202735710796,0.01,1,EELS,Sodium Azide
1466.182217879824,0.01,1,EELS,Sodium Azide
1467.1617000488518,0.01713235567818605,1,EELS,Sodium Azide
1468.1411822178798,0.019773046723235876,1,EELS,Sodium Azide
1469.1206643869075,0.010931450342998337,1,EELS,Sodium Azide
1470.1001465559355,0.015099196308900664,1,EELS,Sodium Azide
1471.0796287249632,0.03,1,EELS,Sodium Azide
1472.0591108939911,0.01,1,EELS,Sodium Azide
1473.0385930630189,0.0,1,EELS,Sodium Azide
1474.0180752320468,0.0,1,EELS,Sodium Azide
1474.9975574010746,0.01,1,EELS,Sodium Azide
1475.9770395701025,0.0,1,EELS,Sodium Azide
1476.9565217391303,0.015465323999754553,1,EELS,Sodium Azide
1477.9360039081582,0.01646319728768732,1,EELS,Sodium Azide
1478.915486077186,0.0,1,EELS,Sodium Azide
1479.894968246214,0.018939473766985602,1,EELS,Sodium Azide
1480.8744504152417,0.012482825136891883,1,EELS,Sodium Azide
1481.8539325842696,0.005966235334439146,1,EELS,Sodium Azide
1482.8334147532973,0.01,1,EELS,Sodium Azide
1483.8128969223253,0.01,1,EELS,Sodium Azide
1484.792379091353,0.01,1,EELS,Sodium Azide
1485.771861260381,0.011133484842015047,1,EELS,Sodium Azide
1486.7513434294087,0.02925026578546508,1,EELS,Sodium Azide
1487.7308255984367,0.01576885308358847,1,EELS,Sodium Azide
1488.7103077674644,0.01,1,EELS,Sodium Azide
1489.6897899364924,0.01,1,EELS,Sodium Azide
1490.6692721055201,0.011466008355700977,1,EELS,Sodium Azide
1491.648754274548,0.0,1,EELS,Sodium Azide
1492.6282364435758,0.013325050651379074,1,EELS,Sodium Azide
1493.6077186126038,0.0,1,EELS,Sodium Azide
1494.5872007816315,0.0,1,EELS,Sodium Azide
1495.5666829506595,0.0,1,EELS,Sodium Azide
1496.5461651196872,0.005267164658315265,1,EELS,Sodium Azide
1497.5256472887152,0.0,1,EELS,Sodium Azide
1498.505129457743,0.01,1,EELS,Sodium Azide
1499.4846116267709,0.0,1,EELS,Sodium Azide
1500.4640937957986,0.0,1,EELS,Sodium Azide
1501.4435759648266,0.018104100808044015,1,EELS,Sodium Azide
1502.4230581338543,0.026972050821656914,1,EELS,Sodium Azide
1503.4025403028822,0.01,1,EELS,Sodium Azide
1504.38202247191,0.01,1,EELS,Sodium Azide
1505.361504640938,0.01480971285415571,1,EELS,Sodium Azide
1506.3409868099657,0.0,1,EELS,Sodium Azide
1507.3204689789936,0.0031065872526721858,1,EELS,Sodium Azide
1508.2999511480214,0.007841871649010932,1,EELS,Sodium Azide
1509.2794333170493,0.02254211784091577,1,EELS,Sodium Azide
1510.258915486077,0.0,1,EELS,Sodium Azide
1511.238397655105,0.01,1,EELS,Sodium Azide
1512.2178798241328,0.02,1,EELS,Sodium Azide
1513.1973619931607,0.01,1,EELS,Sodium Azide
1514.1768441621884,0.0,1,EELS,Sodium Azide
1515.1563263312164,0.0037751424012931823,1,EELS,Sodium Azide
1516.1358085002441,0.009346045313037548,1,EELS,Sodium Azide
1517.115290669272,0.02,1,EELS,Sodium Azide
1518.0947728382998,0.015252314103866344,1,EELS,Sodium Azide
1519.0742550073278,0.01,1,EELS,Sodium Azide
1520.0537371763555,0.0,1,EELS,Sodium Azide
1521.0332193453835,0.0,1,EELS,Sodium Azide
1522.0127015144112,0.01,1,EELS,Sodium Azide
1522.9921836834392,0.029044569417298008,1,EELS,Sodium Azide
1523.971665852467,0.0075432208576623186,1,EELS,Sodium Azide
1524.9511480214949,0.01,1,EELS,Sodium Azide
1525.9306301905226,0.0207112777199946,1,EELS,Sodium Azide
1526.9101123595506,0.015290110409160416,1,EELS,Sodium Azide
1527.8895945285783,0.01,1,EELS,Sodium Azide
1528.8690766976063,0.0,1,EELS,Sodium Azide
1529.848558866634,0.008128688175055515,1,EELS,Sodium Azide
1530.828041035662,0.01,1,EELS,Sodium Azide
1531.8075232046897,0.01302188347986238,1,EELS,Sodium Azide
1532.7870053737176,0.01,1,EELS,Sodium Azide
1533.7664875427454,0.014784962526684913,1,EELS,Sodium Azide
1534.7459697117733,0.0,1,EELS,Sodium Azide
1535.725451880801,0.0,1,EELS,Sodium Azide
1536.704934049829,0.02190699047258316,1,EELS,Sodium Azide
1537.6844162188568,0.0,1,EELS,Sodium Azide
1538.6638983878847,0.03,1,EELS,Sodium Azide
1539.6433805569125,0.002073258330283758,1,EELS,Sodium Azide
1540.6228627259404,0.0217426525698581,1,EELS,Sodium Azide
1541.6023448949682,0.01,1,EELS,Sodium Azide
1542.5818270639961,0.0006566310048468588,1,EELS,Sodium Azide
1543.5613092330238,0.004401058944807325,1,EELS,Sodium Azide
1544.5407914020518,0.007096536680946597,1,EELS,Sodium Azide
1545.5202735710795,0.001827011287289858,1,EELS,Sodium Azide
1546.4997557401073,0.0,1,EELS,Sodium Azide
1547.4792379091352,0.01,1,EELS,Sodium Azide
1548.458720078163,0.010905975131558216,1,EELS,Sodium Azide
1549.438202247191,0.0,1,EELS,Sodium Azide
1550.4176844162187,0.0,1,EELS,Sodium Azide
1551.3971665852466,0.014479812257770737,1,EELS,Sodium Azide
1552.3766487542744,0.01924657985535537,1,EELS,Sodium Azide
1553.3561309233023,0.01,1,EELS,Sodium Azide
1554.33561309233,0.0,1,EELS,Sodium Azide
1555.315095261358,0.01634199805135498,1,EELS,Sodium Azide
1556.2945774303857,0.0310117267839964,1,EELS,Sodium Azide
1557.2740595994137,0.00023921682917189076,1,EELS,Sodium Azide
1558.2535417684414,0.01,1,EELS,Sodium Azide
1559.2330239374694,0.0,1,EELS,Sodium Azide
1560.2125061064971,0.01404953231808483,1,EELS,Sodium Azide
1561.191988275525,0.01,1,EELS,Sodium Azide
1562.1714704445528,0.01,1,EELS,Sodium Azide
1563.1509526135808,0.02,1,EELS,Sodium Azide
1564.1304347826085,0.0,1,EELS,Sodium Azide
1565.1099169516365,0.0012780481764437584,1,EELS,Sodium Azide
1566.0893991206642,0.02659712145345708,1,EELS,Sodium Azide
1567.0688812896922,0.013321981390085093,1,EELS,Sodium Azide
1568.04836345872,0.0,1,EELS,Sodium Azide
1569.0278456277479,0.0,1,EELS,Sodium Azide
1570.0073277967756,0.0,1,EELS,Sodium Azide
1570.9868099658036,0.009033670161098378,1,EELS,Sodium Azide
1571.9662921348313,0.01,1,EELS,Sodium Azide
1572.9457743038593,0.0,1,EELS,Sodium Azide
1573.925256472887,0.06259344114706615,1,EELS,Sodium Azide
1574.904738641915,0.0030736620863885925,1,EELS,Sodium Azide
1575.8842208109427,0.0,1,EELS,Sodium Azide
1576.8637029799706,0.01,1,EELS,Sodium Azide
1577.8431851489984,0.011739667231042984,1,EELS,Sodium Azide
1578.8226673180263,0.001181806021811114,1,EELS,Sodium Azide
1579.802149487054,0.0,1,EELS,Sodium Azide
1580.781631656082,0.009401788469073948,1,EELS,Sodium Azide
1581.7611138251098,0.0,1,EELS,Sodium Azide
1582.7405959941377,0.019132359954623722,1,EELS,Sodium Azide
1583.7200781631655,0.021041917206958798,1,EELS,Sodium Azide
1584.6995603321934,0.02,1,EELS,Sodium Azide
1585.6790425012211,0.013091556778665104,1,EELS,Sodium Azide
1586.658524670249,0.0007184071447130942,1,EELS,Sodium Azide
1587.6380068392768,0.018723823825927396,1,EELS,Sodium Azide
1588.6174890083048,0.004970120081553291,1,EELS,Sodium Azide
1589.5969711773325,0.0,1,EELS,Sodium Azide
1590.5764533463605,0.0,1,EELS,Sodium Azide
1591.5559355153882,0.010530866344749973,1,EELS,Sodium Azide
1592.5354176844162,0.0,1,EELS,Sodium Azide
1593.514899853444,0.0,1,EELS,Sodium Azide
1594.4943820224719,0.01,1,EELS,Sodium Azide
1595.4738641914996,0.004346432231686627,1,EELS,Sodium Azide
1596.4533463605276,0.021061941401393596,1,EELS,Sodium Azide
1597.4328285295553,0.01,1,EELS,Sodium Azide
1598.4123106985833,0.00027305146492983564,1,EELS,Sodium Azide
1599.391792867611,0.014429359289436533,1,EELS,Sodium Azide
1600.371275036639,0.0,1,EELS,Sodium Azide
1601.3507572056667,0.02463973500428286,1,EELS,Sodium Azide
1602.3302393746947,0.0,1,EELS,Sodium Azide
1603.3097215437224,0.014394246690144368,1,EELS,Sodium Azide
1604.2892037127503,0.0,1,EELS,Sodium Azide
1605.268685881778,0.010079396638408684,1,EELS,Sodium Azide
1606.248168050806,0.02213607760710068,1,EELS,Sodium Azide
1607.2276502198338,0.026436972914166006,1,EELS,Sodium Azide
1608.2071323888617,0.01593750768010722,1,EELS,Sodium Azide
1609.1866145578895,0.0033485804449984546,1,EELS,Sodium Azide
1610.1660967269174,0.012008273913899584,1,EELS,Sodium Azide
1611.1455788959452,0.01,1,EELS,Sodium Azide
1612.1250610649731,0.003477906736942166,1,EELS,Sodium Azide
1613.1045432340009,0.0,1,EELS,Sodium Azide
1614.0840254030288,0.0017437803653393336,1,EELS,Sodium Azide
1615.0635075720566,0.01346389045126012,1,EELS,Sodium Azide
1616.0429897410845,0.01,1,EELS,Sodium Azide
1617.0224719101122,0.011651271104990573,1,EELS,Sodium Azide
1618.0019540791402,0.013458895621127301,1,EELS,Sodium Azide
1618.981436248168,0.01,1,EELS,Sodium Azide
1619.960918417196,0.0,1,EELS,Sodium Azide
1620.9404005862236,0.0,1,EELS,Sodium Azide
1621.9198827552516,0.013253586577980215,1,EELS,Sodium Azide
1622.8993649242793,0.0,1,EELS,Sodium Azide
1623.8788470933073,0.01,1,EELS,Sodium Azide
1624.858329262335,0.0,1,EELS,Sodium Azide
1625.837811431363,0.00859888902647608,1,EELS,Sodium Azide
1626.8172936003907,0.015601493425514378,1,EELS,Sodium Azide
1627.7967757694187,0.0,1,EELS,Sodium Azide
1628.7762579384464,0.0,1,EELS,Sodium Azide
1629.7557401074744,0.0,1,EELS,Sodium Azide
1630.735222276502,0.0,1,EELS,Sodium Azide
1631.71470444553,0.0165005381215304,1,EELS,Sodium Azide
1632.6941866145578,0.0,1,EELS,Sodium Azide
1633.6736687835858,0.012439041509260496,1,EELS,Sodium Azide
1634.6531509526135,0.015541144265184829,1,EELS,Sodium Azide
1635.6326331216414,0.010206949264588747,1,EELS,Sodium Azide
1636.6121152906692,0.0,1,EELS,Sodium Azide
1637.591597459697,0.04414272462832914,1,EELS,Sodium Azide
1638.5710796287249,0.01,1,EELS,Sodium Azide
1639.5505617977526,0.01,1,EELS,Sodium Azide
1640.5300439667806,0.0033331439710170756,1,EELS,Sodium Azide
1641.5095261358083,0.01,1,EELS,Sodium Azide
1642.4890083048363,0.012138166701774887,1,EELS,Sodium Azide
1643.468490473864,0.01,1,EELS,Sodium Azide
1644.447972642892,0.0020765264173453336,1,EELS,Sodium Azide
1645.4274548119197,0.012914134989959816,1,EELS,Sodium Azide
1646.4069369809476,0.0,1,EELS,Sodium Azide
1647.3864191499754,0.006008549010946478,1,EELS,Sodium Azide
1648.3659013190033,0.0,1,EELS,Sodium Azide
1649.345383488031,0.018911195662508692,1,EELS,Sodium Azide
1650.324865657059,0.0,1,EELS,Sodium Azide
1651.3043478260868,0.001313673985755578,1,EELS,Sodium Azide
1652.2838299951147,0.019799985843164832,1,EELS,Sodium Azide
1653.2633121641425,0.01,1,EELS,Sodium Azide
1654.2427943331704,0.0,1,EELS,Sodium Azide
1655.2222765021982,0.00526601232170224,1,EELS,Sodium Azide
1656.2017586712261,0.021856171040835065,1,EELS,Sodium Azide
1657.1812408402538,0.0036006832106589394,1,EELS,Sodium Azide
1658.1607230092818,0.005013814209696715,1,EELS,Sodium Azide
1659.1402051783095,0.01649810735682869,1,EELS,Sodium Azide
1660.1196873473375,0.021342426367697585,1,EELS,Sodium Azide
1661.0991695163652,0.014204259644096686,1,EELS,Sodium Azide
1662.0786516853932,0.0,1,EELS,Sodium Azide
1663.058133854421,0.006884073201995508,1,EELS,Sodium Azide
1664.037616023449,0.019401464237181528,1,EELS,Sodium Azide
1665.0170981924766,0.02,1,EELS,Sodium Azide
1665.9965803615046,0.0,1,EELS,Sodium Azide
1666.9760625305323,0.01131555269779804,1,EELS,Sodium Azide
1667.9555446995603,0.01,1,EELS,Sodium Azide
1668.935026868588,0.0,1,EELS,Sodium Azide
1669.914509037616,0.01866720178126053,1,EELS,Sodium Azide
1670.8939912066437,0.0,1,EELS,Sodium Azide
1671.8734733756717,0.0,1,EELS,Sodium Azide
1672.8529555446994,0.0034101066659170277,1,EELS,Sodium Azide
1673.8324377137274,0.011967111707891737,1,EELS,Sodium Azide
1674.811919882755,0.007259923144190978,1,EELS,Sodium Azide
1675.791402051783,0.0,1,EELS,Sodium Azide
1676.7708842208108,0.015257329532495837,1,EELS,Sodium Azide
1677.7503663898387,0.0,1,EELS,Sodium Azide
1678.7298485588665,0.007559264619943179,1,EELS,Sodium Azide
1679.7093307278944,0.006300237328296777,1,EELS,Sodium Azide
1680.6888128969222,0.0,1,EELS,Sodium Azide
1681.6682950659501,0.031100028607604913,1,EELS,Sodium Azide
1682.6477772349779,0.0,1,EELS,Sodium Azide
1683.6272594040058,0.018265411931764935,1,EELS,Sodium Azide
1684.6067415730336,0.013769936603026778,1,EELS,Sodium Azide
1685.5862237420615,0.04877170303475011,1,EELS,Sodium Azide
1686.5657059110893,0.0,1,EELS,Sodium Azide
1687.5451880801172,0.01,1,EELS,Sodium Azide
1688.524670249145,0.0,1,EELS,Sodium Azide
1689.504152418173,0.01,1,EELS,Sodium Azide
1690.4836345872006,0.018182482472248362,1,EELS,Sodium Azide
1691.4631167562286,0.01,1,EELS,Sodium Azide
1692.4425989252563,0.0,1,EELS,Sodium Azide
1693.4220810942843,0.0,1,EELS,Sodium Azide
1694.401563263312,0.009715986341552914,1,EELS,Sodium Azide
1695.38104543234,0.017470383420132858,1,EELS,Sodium Azide
1696.3605276013677,0.02,1,EELS,Sodium Azide
1697.3400097703957,0.01,1,EELS,Sodium Azide
1698.3194919394234,0.010738104243938763,1,EELS,Sodium Azide
1699.2989741084514,0.021873703873369798,1,EELS,Sodium Azide
1700.278456277479,0.01,1,EELS,Sodium Azide
1701.257938446507,0.0024547157719514235,1,EELS,Sodium Azide
1702.2374206155348,0.019969667931612364,1,EELS,Sodium Azide
1703.2169027845628,0.015134227572408215,1,EELS,Sodium Azide
1704.1963849535905,0.011957064789647996,1,EELS,Sodium Azide
1705.1758671226185,0.010233233781427181,1,EELS,Sodium Azide
1706.1553492916462,0.0,1,EELS,Sodium Azide
1707.1348314606741,0.006937146494910223,1,EELS,Sodium Azide
1708.1143136297019,0.0,1,EELS,Sodium Azide
1709.0937957987298,0.0,1,EELS,Sodium Azide
1710.0732779677576,0.00523717401910482,1,EELS,Sodium Azide
1711.0527601367855,0.014033409243317732,1,EELS,Sodium Azide
1712.0322423058133,0.0,1,EELS,Sodium Azide
1713.0117244748412,0.01974175731880401,1,EELS,Sodium Azide
1713.991206643869,0.016467046798081093,1,EELS,Sodium Azide
1714.970688812897,0.02343418857656786,1,EELS,Sodium Azide
1715.9501709819247,0.026749378890429727,1,EELS,Sodium Azide
1716.9296531509526,0.0075922466184179214,1,EELS,Sodium Azide
1717.9091353199804,0.0007925620561316802,1,EELS,Sodium Azide
1718.8886174890083,0.01,1,EELS,Sodium Azide
1719.868099658036,0.0,1,EELS,Sodium Azide
1720.847581827064,0.0,1,EELS,Sodium Azide
1721.8270639960917,0.032164741119163155,1,EELS,Sodium Azide
1722.8065461651197,0.0,1,EELS,Sodium Azide
1723.7860283341474,0.02127965795315112,1,EELS,Sodium Azide
1724.7655105031754,0.025647704532550723,1,EELS,Sodium Azide
1725.7449926722031,0.0004677454056811817,1,EELS,Sodium Azide
1726.724474841231,0.01731097969429481,1,EELS,Sodium Azide
1727.7039570102588,0.02,1,EELS,Sodium Azide
1728.6834391792866,0.012007795046272945,1,EELS,Sodium Azide
1729.6629213483145,0.0,1,EELS,Sodium Azide
1730.6424035173422,0.0,1,EELS,Sodium Azide
1731.6218856863702,0.0,1,EELS,Sodium Azide
1732.601367855398,0.01,1,EELS,Sodium Azide
1733.580850024426,0.01,1,EELS,Sodium Azide
1734.5603321934536,0.0,1,EELS,Sodium Azide
1735.5398143624816,0.01,1,EELS,Sodium Azide
1736.5192965315093,0.0,1,EELS,Sodium Azide
1737.4987787005373,0.0,1,EELS,Sodium Azide
1738.478260869565,0.017774643128896088,1,EELS,Sodium Azide
1739.457743038593,0.0008635612368070027,1,EELS,Sodium Azide
1740.4372252076207,0.0,1,EELS,Sodium Azide
1741.4167073766487,0.0,1,EELS,Sodium Azide
1742.3961895456764,0.01,1,EELS,Sodium Azide
1743.3756717147044,0.0032779563215917314,1,EELS,Sodium Azide
1744.355153883732,0.013694010253068802,1,EELS,Sodium Azide
1745.33463605276,0.0,1,EELS,Sodium Azide
1746.3141182217878,0.011195769493545385,1,EELS,Sodium Azide
1747.2936003908158,0.01,1,EELS,Sodium Azide
1748.2730825598435,0.006869619669633641,1,EELS,Sodium Azide
1749.2525647288714,0.012196958176098685,1,EELS,Sodium Azide
1750.2320468978992,0.02,1,EELS,Sodium Azide
1751.2115290669271,0.0,1,EELS,Sodium Azide
1752.1910112359549,0.01,1,EELS,Sodium Azide
1753.1704934049828,0.010996750670198884,1,EELS,Sodium Azide
1754.1499755740106,0.00023980775887084572,1,EELS,Sodium Azide
1755.1294577430385,0.019412823106742493,1,EELS,Sodium Azide
1756.1089399120663,0.01,1,EELS,Sodium Azide
1757.0884220810942,0.0,1,EELS,Sodium Azide
1758.067904250122,0.0,1,EELS,Sodium Azide
1759.04738641915,0.0,1,EELS,Sodium Azide
1760.0268685881776,0.0,1,EELS,Sodium Azide
1761.0063507572056,0.012746755247573918,1,EELS,Sodium Azide
1761.9858329262333,0.025210816425692763,1,EELS,Sodium Azide
1762.9653150952613,0.0,1,EELS,Sodium Azide
1763.944797264289,0.009150816843945383,1,EELS,Sodium Azide
1764.924279433317,0.0,1,EELS,Sodium Azide
1765.9037616023447,0.021519364347595847,1,EELS,Sodium Azide
1766.8832437713727,0.026465357142811674,1,EELS,Sodium Azide
1767.8627259404004,0.019169106825914287,1,EELS,Sodium Azide
1768.8422081094284,0.0,1,EELS,Sodium Azide
1769.8216902784561,0.0,1,EELS,Sodium Azide
1770.801172447484,0.01,1,EELS,Sodium Azide
1771.7806546165118,0.0,1,EELS,Sodium Azide
1772.7601367855398,0.0,1,EELS,Sodium Azide
1773.7396189545675,0.0,1,EELS,Sodium Azide
1774.7191011235955,0.0,1,EELS,Sodium Azide
1775.6985832926232,0.010805834185929323,1,EELS,Sodium Azide
1776.6780654616512,0.0,1,EELS,Sodium Azide
1777.657547630679,0.0,1,EELS,Sodium Azide
1778.6370297997069,0.0017420801379522412,1,EELS,Sodium Azide
1779.6165119687346,0.004529326219043233,1,EELS,Sodium Azide
1780.5959941377625,0.0,1,EELS,Sodium Azide
1781.5754763067903,0.014412111234511518,1,EELS,Sodium Azide
1782.5549584758182,0.0,1,EELS,Sodium Azide
1783.534440644846,0.00021411049981505035,1,EELS,Sodium Azide
1784.513922813874,0.007244977613844282,1,EELS,Sodium Azide
1785.4934049829017,0.02240041327536213,1,EELS,Sodium Azide
1786.4728871519296,0.009742920474075848,1,EELS,Sodium Azide
1787.4523693209574,0.012950187459407517,1,EELS,Sodium Azide
1788.4318514899853,0.02,1,EELS,Sodium Azide
1789.411333659013,0.0037087504289275712,1,EELS,Sodium Azide
1790.390815828041,0.01,1,EELS,Sodium Azide
1791.3702979970687,0.0011289184515706834,1,EELS,Sodium Azide
1792.3497801660967,0.0,1,EELS,Sodium Azide
1793.3292623351244,0.0,1,EELS,Sodium Azide
1794.3087445041524,0.01,1,EELS,Sodium Azide
1795.2882266731801,0.01,1,EELS,Sodium Azide
1796.267708842208,0.0,1,EELS,Sodium Azide
1797.2471910112358,0.0009685288203940177,1,EELS,Sodium Azide
1798.2266731802638,0.0016519655720172166,1,EELS,Sodium Azide
1799.2061553492915,0.0,1,EELS,Sodium Azide
1800.1856375183195,0.03293059472978739,1,EELS,Sodium Azide
1801.1651196873472,0.0,1,EELS,Sodium Azide
1802.1446018563752,0.009909073637849411,1,EELS,Sodium Azide
1803.124084025403,0.004378473336206396,1,EELS,Sodium Azide
1804.1035661944309,0.01,1,EELS,Sodium Azide
1805.0830483634586,0.02812798353153989,1,EELS,Sodium Azide
1806.0625305324866,0.0,1,EELS,Sodium Azide
1807.0420127015143,0.01939593622023563,1,EELS,Sodium Azide
1808.0214948705423,0.010226409826765018,1,EELS,Sodium Azide
1809.00097703957,0.0,1,EELS,Sodium Azide
1809.980459208598,0.014223218516481952,1,EELS,Sodium Azide
1810.9599413776257,0.01,1,EELS,Sodium Azide
1811.9394235466536,0.012965726942205717,1,EELS,Sodium Azide
1812.9189057156814,0.002676342437434391,1,EELS,Sodium Azide
1813.8983878847093,0.01,1,EELS,Sodium Azide
1814.877870053737,0.008290760568330821,1,EELS,Sodium Azide
1815.857352222765,0.008114098790976675,1,EELS,Sodium Azide
1816.8368343917928,0.0,1,EELS,Sodium Azide
1817.8163165608207,0.013324277465229316,1,EELS,Sodium Azide
1818.7957987298485,0.01,1,EELS,Sodium Azide
1819.7752808988762,0.010552192124222263,1,EELS,Sodium Azide
1820.7547630679042,0.021512508380681014,1,EELS,Sodium Azide
1821.7342452369319,0.01,1,EELS,Sodium Azide
1822.7137274059598,0.0,1,EELS,Sodium Azide
1823.6932095749876,0.01,1,EELS,Sodium Azide
1824.6726917440155,0.01,1,EELS,Sodium Azide
1825.6521739130433,0.0,1,EELS,Sodium Azide
1826.6316560820712,0.007972864516740865,1,EELS,Sodium Azide
1827.611138251099,0.01338496973124809,1,EELS,Sodium Azide
1828.590620420127,0.024255698824576358,1,EELS,Sodium Azide
1829.5701025891547,0.02,1,EELS,Sodium Azide
1830.5495847581826,0.0,1,EELS,Sodium Azide
1831.5290669272104,0.02,1,EELS,Sodium Azide
1832.5085490962383,0.0,1,EELS,Sodium Azide
1833.488031265266,0.009861517868685655,1,EELS,Sodium Azide
1834.467513434294,0.0264983590544677,1,EELS,Sodium Azide
1835.4469956033217,0.01,1,EELS,Sodium Azide
1836.4264777723497,0.0,1,EELS,Sodium Azide
1837.4059599413774,0.0,1,EELS,Sodium Azide
1838.3854421104054,0.0028782166389542375,1,EELS,Sodium Azide
1839.3649242794331,0.0,1,EELS,Sodium Azide
1840.344406448461,0.004345827628924911,1,EELS,Sodium Azide
1841.3238886174888,0.0,1,EELS,Sodium Azide
1842.3033707865168,0.0,1,EELS,Sodium Azide
1843.2828529555445,0.005592338926767848,1,EELS,Sodium Azide
1844.2623351245725,0.010086226249123913,1,EELS,Sodium Azide
1845.2418172936002,0.0,1,EELS,Sodium Azide
1846.2212994626282,0.0,1,EELS,Sodium Azide
1847.200781631656,0.01,1,EELS,Sodium Azide
1848.1802638006839,0.01,1,EELS,Sodium Azide
1849.1597459697116,0.01,1,EELS,Sodium Azide
1850.1392281387396,0.026325349338792083,1,EELS,Sodium Azide
1851.1187103077673,0.005741464635707803,1,EELS,Sodium Azide
1852.0981924767952,0.01,1,EELS,Sodium Azide
1853.077674645823,0.017128861216989612,1,EELS,Sodium Azide
1854.057156814851,0.01,1,EELS,Sodium Azide
1855.0366389838787,0.011985324541538058,1,EELS,Sodium Azide
1856.0161211529066,0.003790526108187676,1,EELS,Sodium Azide
1856.9956033219344,0.01,1,EELS,Sodium Azide
1857.9750854909623,0.004586782017748129,1,EELS,Sodium Azide
1858.95456765999,0.0,1,EELS,Sodium Azide
1859.934049829018,0.01,1,EELS,Sodium Azide
1860.9135319980458,0.0,1,EELS,Sodium Azide
1861.8930141670737,0.001478300861505168,1,EELS,Sodium Azide
1862.8724963361014,0.01769045361129713,1,EELS,Sodium Azide
1863.8519785051294,0.02277758577066168,1,EELS,Sodium Azide
1864.8314606741571,0.006527895395046614,1,EELS,Sodium Azide
1865.810942843185,0.015128497089702686,1,EELS,Sodium Azide
1866.7904250122128,0.0,1,EELS,Sodium Azide
1867.7699071812408,0.0,1,EELS,Sodium Azide
1868.7493893502685,0.03,1,EELS,Sodium Azide
1869.7288715192965,0.0,1,EELS,Sodium Azide
1870.7083536883242,0.0,1,EELS,Sodium Azide
1871.6878358573522,0.0,1,EELS,Sodium Azide
1872.66731802638,0.0,1,EELS,Sodium Azide
1873.6468001954079,0.027648205047284775,1,EELS,Sodium Azide
1874.6262823644356,0.0,1,EELS,Sodium Azide
1875.6057645334636,0.012460273136145682,1,EELS,Sodium Azide
1876.5852467024913,0.02117389217625839,1,EELS,Sodium Azide
1877.5647288715193,0.01,1,EELS,Sodium Azide
1878.544211040547,0.0,1,EELS,Sodium Azide
1879.523693209575,0.0,1,EELS,Sodium Azide
1880.5031753786027,0.02124886625993948,1,EELS,Sodium Azide
1881.4826575476307,0.01999341591549752,1,EELS,Sodium Azide
1882.4621397166584,0.01,1,EELS,Sodium Azide
1883.4416218856863,0.0050859164485535895,1,EELS,Sodium Azide
1884.421104054714,0.01,1,EELS,Sodium Azide
1885.400586223742,0.01,1,EELS,Sodium Azide
1886.3800683927698,0.03698985934554628,1,EELS,Sodium Azide
1887.3595505617977,0.01,1,EELS,Sodium Azide
1888.3390327308255,0.012607869781121595,1,EELS,Sodium Azide
1889.3185148998534,0.004789982092164904,1,EELS,Sodium Azide
1890.2979970688812,0.011093946680254445,1,EELS,Sodium Azide
1891.2774792379091,0.0010192473729620278,1,EELS,Sodium Azide
1892.2569614069369,0.003161724861190768,1,EELS,Sodium Azide
1893.2364435759648,0.01,1,EELS,Sodium Azide
1894.2159257449925,0.012764707194323986,1,EELS,Sodium Azide
1895.1954079140205,0.0,1,EELS,Sodium Azide
1896.1748900830482,0.006359288449322223,1,EELS,Sodium Azide
1897.1543722520762,0.0,1,EELS,Sodium Azide
1898.133854421104,0.0038658716549780266,1,EELS,Sodium Azide
1899.113336590132,0.0,1,EELS,Sodium Azide
1900.0928187591596,0.011504438075650216,1,EELS,Sodium Azide
1901.0723009281876,0.0,1,EELS,Sodium Azide
1902.0517830972153,0.0,1,EELS,Sodium Azide
1903.0312652662433,0.012890151076950428,1,EELS,Sodium Azide
1904.010747435271,0.0,1,EELS,Sodium Azide
1904.990229604299,0.02,1,EELS,Sodium Azide
1905.9697117733267,0.0,1,EELS,Sodium Azide
1906.9491939423547,0.03403765216137416,1,EELS,Sodium Azide
1907.9286761113824,0.0,1,EELS,Sodium Azide
1908.9081582804104,0.04202176297292493,1,EELS,Sodium Azide
1909.887640449438,0.010790408010164874,1,EELS,Sodium Azide
1910.8671226184658,0.012296416258003429,1,EELS,Sodium Azide
1911.8466047874938,0.0,1,EELS,Sodium Azide
1912.8260869565215,0.002931941540625434,1,EELS,Sodium Azide
1913.8055691255495,0.015334505893213102,1,EELS,Sodium Azide
1914.7850512945772,0.006600125906600911,1,EELS,Sodium Azide
1915.7645334636052,0.005686159073960092,1,EELS,Sodium Azide
1916.744015632633,0.0009331296551350095,1,EELS,Sodium Azide
1917.7234978016609,0.0,1,EELS,Sodium Azide
1918.7029799706886,0.01,1,EELS,Sodium Azide
1919.6824621397166,0.0,1,EELS,Sodium Azide
1920.6619443087443,0.011582836907531069,1,EELS,Sodium Azide
1921.6414264777723,0.006073142085611178,1,EELS,Sodium Azide
1922.6209086468,0.01,1,EELS,Sodium Azide
1923.600390815828,0.0067089625179954215,1,EELS,Sodium Azide
1924.5798729848557,0.0020054926623680074,1,EELS,Sodium Azide
1925.5593551538836,0.01,1,EELS,Sodium Azide
1926.5388373229114,0.01,1,EELS,Sodium Azide
1927.5183194919393,0.011484230456253674,1,EELS,Sodium Azide
1928.497801660967,0.009683197568346177,1,EELS,Sodium Azide
1929.477283829995,0.0,1,EELS,Sodium Azide
1930.4567659990228,0.004170827383567155,1,EELS,Sodium Azide
1931.4362481680507,0.0,1,EELS,Sodium Azide
1932.4157303370785,0.0,1,EELS,Sodium Azide
1933.3952125061064,0.0,1,EELS,Sodium Azide
1934.3746946751342,0.018814826014480122,1,EELS,Sodium Azide
1935.354176844162,0.01974018901757027,1,EELS,Sodium Azide
1936.3336590131898,0.0052521745145586544,1,EELS,Sodium Azide
1937.3131411822178,0.017414469589790132,1,EELS,Sodium Azide
1938.2926233512455,0.01528368800724663,1,EELS,Sodium Azide
1939.2721055202735,0.01,1,EELS,Sodium Azide
1940.2515876893012,0.004424326188623099,1,EELS,Sodium Azide
1941.2310698583292,0.018182538733007486,1,EELS,Sodium Azide
1942.210552027357,0.01771216024125396,1,EELS,Sodium Azide
1943.1900341963849,0.042144889556693405,1,EELS,Sodium Azide
1944.1695163654126,0.01724309959904056,1,EELS,Sodium Azide
1945.1489985344406,0.013603485340767515,1,EELS,Sodium Azide
1946.1284807034683,0.030933569044723157,1,EELS,Sodium Azide
1947.1079628724963,0.0,1,EELS,Sodium Azide
1948.087445041524,0.0,1,EELS,Sodium Azide
1949.066927210552,0.0,1,EELS,Sodium Azide
1950.0464093795797,0.01,1,EELS,Sodium Azide
1951.0258915486077,0.0,1,EELS,Sodium Azide
1952.0053737176354,0.0,1,EELS,Sodium Azide
1952.9848558866634,0.0,1,EELS,Sodium Azide
1953.964338055691,0.0,1,EELS,Sodium Azide
1954.943820224719,0.01,1,EELS,Sodium Azide
1955.9233023937468,0.002194269642761144,1,EELS,Sodium Azide
1956.9027845627747,3.1149888218934156e-05,1,EELS,Sodium Azide
1957.8822667318025,0.0,1,EELS,Sodium Azide
1958.8617489008304,0.016742523912751023,1,EELS,Sodium Azide
1959.8412310698582,0.009581162232236215,1,EELS,Sodium Azide
1960.8207132388861,0.0,1,EELS,Sodium Azide
1961.8001954079139,0.01,1,EELS,Sodium Azide
1962.7796775769418,0.01,1,EELS,Sodium Azide
1963.7591597459696,0.0,1,EELS,Sodium Azide
1964.7386419149975,0.008478615007525373,1,EELS,Sodium Azide
1965.7181240840252,0.01,1,EELS,Sodium Azide
1966.6976062530532,0.0,1,EELS,Sodium Azide
1967.677088422081,0.02,1,EELS,Sodium Azide
1968.656570591109,0.006499354760270526,1,EELS,Sodium Azide
1969.6360527601366,0.0,1,EELS,Sodium Azide
1970.6155349291646,0.010629903940634275,1,EELS,Sodium Azide
1971.5950170981923,0.0028476208977015667,1,EELS,Sodium Azide
1972.5744992672203,0.013896081644936673,1,EELS,Sodium Azide
1973.553981436248,0.02,1,EELS,Sodium Azide
1974.533463605276,0.0,1,EELS,Sodium Azide
1975.5129457743037,0.0018936686928788008,1,EELS,Sodium Azide
1976.4924279433317,0.01838211420244311,1,EELS,Sodium Azide
1977.4719101123594,0.03265465533879279,1,EELS,Sodium Azide
1978.4513922813874,0.002156861626085151,1,EELS,Sodium Azide
1979.430874450415,0.01,1,EELS,Sodium Azide
1980.410356619443,0.008250406747307142,1,EELS,Sodium Azide
1981.3898387884708,0.0,1,EELS,Sodium Azide
1982.3693209574988,0.004876880900809342,1,EELS,Sodium Azide
1983.3488031265265,0.015173785923915599,1,EELS,Sodium Azide
1984.3282852955545,0.010831606062683163,1,EELS,Sodium Azide
1985.3077674645822,0.02816441816044124,1,EELS,Sodium Azide
1986.2872496336101,0.004020693724255918,1,EELS,Sodium Azide
1987.2667318026379,0.0,1,EELS,Sodium Azide
1988.2462139716658,0.0,1,EELS,Sodium Azide
1989.2256961406936,0.01,1,EELS,Sodium Azide
1990.2051783097215,0.0,1,EELS,Sodium Azide
1991.1846604787493,0.0,1,EELS,Sodium Azide
1992.1641426477772,0.01,1,EELS,Sodium Azide
1993.143624816805,0.0015721906529277076,1,EELS,Sodium Azide
1994.123106985833,0.0,1,EELS,Sodium Azide
1995.1025891548607,0.011451763205268715,1,EELS,Sodium Azide
1996.0820713238886,2.038012554208966e-05,1,EELS,Sodium Azide
1997.0615534929163,0.01,1,EELS,Sodium Azide
1998.0410356619443,0.0,1,EELS,Sodium Azide
1999.020517830972,0.011601027523105252,1,EELS,Sodium Azide
2000.0,0.008433453808235881,1,EELS,Sodium Azide
-5.0,17.177243985480814,2,EELS,Sodium Azide
-4.020517830972154,14.86853466770361,2,EELS,Sodium Azide
-3.041035661944309,14.30729007003749,2,EELS,Sodium Azide
-2.061553492916463,14.0876181916326,2,EELS,Sodium Azide
-1.0820713238886177,13.963701999325883,2,EELS,Sodium Azide
-0.10258915486077225,21.124912017927603,2,EELS,Sodium Azide
0.0,23.898260937124657,2,EELS,Sodium Azide
0.8768930141670737,13.8593399517418,2,EELS,Sodium Azide
1.8563751831949187,13.840972399463466,2,EELS,Sodium Azide
2.8358573522227646,13.801883560897302,2,EELS,Sodium Azide
3.8153395212506105,13.79190821143993,2,EELS,Sodium Azide
4.7948216902784555,13.759174321947574,2,EELS,Sodium Azide
5.7743038593063005,13.761501527227608,2,EELS,Sodium Azide
6.753786028334147,13.731437796864679,2,EELS,Sodium Azide
7.733268197361992,13.769757853229935,2,EELS,Sodium Azide
8.712750366389837,13.721302645579131,2,EELS,Sodium Azide
9.692232535417684,13.751756423862728,2,EELS,Sodium Azide
10.67171470444553,13.72627418859731,2,EELS,Sodium Azide
11.651196873473374,13.747150410238334,2,EELS,Sodium Azide
12.630679042501221,13.728228351282972,2,EELS,Sodium Azide
13.610161211529064,13.699752284672279,2,EELS,Sodium Azide
14.589643380556911,13.718062733306814,2,EELS,Sodium Azide
15.569125549584758,13.70589382469487,2,EELS,Sodium Azide
16.5486077186126,13.719012172844673,2,EELS,Sodium Azide
17.528089887640448,13.70846440043251,2,EELS,Sodium Azide
18.507572056668295,13.711071016800124,2,EELS,Sodium Azide
19.487054225696138,13.695998490761363,2,EELS,Sodium Azide
20.466536394723985,13.698602032476892,2,EELS,Sodium Azide
21.44601856375183,13.6988885995704,2,EELS,Sodium Azide
22.425500732779675,13.71135024744636,2,EELS,Sodium Azide
23.40498290180752,13.718848507939626,2,EELS,Sodium Azide
24.38446507083537,13.692729291629748,2,EELS,Sodium Azide
25.36394723986321,13.73118896093803,2,EELS,Sodium Azide
26.34342940889106,13.686087915289917,2,EELS,Sodium Azide
27.3229115779189,13.686722124171176,2,EELS,Sodium Azide
28.30239374694675,13.698542708054536,2,EELS,Sodium Azide
29.281875915974595,13.686087915289917,2,EELS,Sodium Azide
30.261358085002442,13.686087915289917,2,EELS,Sodium Azide
31.24084025403029,13.711026101648958,2,EELS,Sodium Azide
32.22032242305813,13.714194188651033,2,EELS,Sodium Azide
33.199804592085975,13.709838794557916,2,EELS,Sodium Azide
34.17928676111382,13.712628807859364,2,EELS,Sodium Azide
35.15876893014167,13.707936586221116,2,EELS,Sodium Azide
36.138251099169516,13.711598580594226,2,EELS,Sodium Azide
37.11773326819736,13.69386309987126,2,EELS,Sodium Azide
38.0972154372252,13.706087915289917,2,EELS,Sodium Azide
39.07669760625305,13.704778785582334,2,EELS,Sodium Azide
40.056179775280896,13.687714484839802,2,EELS,Sodium Azide
41.03566194430874,13.706087915289917,2,EELS,Sodium Azide
42.01514411333659,13.691416024268628,2,EELS,Sodium Azide
42.994626282364436,13.686087915289917,2,EELS,Sodium Azide
43.974108451392276,13.698530527532373,2,EELS,Sodium Azide
44.95359062042012,13.696092086389653,2,EELS,Sodium Azide
45.93307278944797,13.705940927830895,2,EELS,Sodium Azide
46.912554958475816,13.686087915289917,2,EELS,Sodium Azide
47.89203712750366,13.687051612166814,2,EELS,Sodium Azide
48.87151929653151,13.702814286546564,2,EELS,Sodium Azide
49.85100146555935,13.696758874971602,2,EELS,Sodium Azide
50.830483634587196,13.712705953799333,2,EELS,Sodium Azide
51.80996580361504,13.70343131470207,2,EELS,Sodium Azide
52.78944797264289,13.71292506296344,2,EELS,Sodium Azide
53.76893014167074,13.686087915289917,2,EELS,Sodium Azide
54.74841231069858,13.698781026057947,2,EELS,Sodium Azide
55.72789447972642,13.6903248420631,2,EELS,Sodium Azide
56.70737664875427,13.696087915289917,2,EELS,Sodium Azide
57.68685881778212,13.702347086730022,2,EELS,Sodium Azide
58.66634098680996,13.700164113246526,2,EELS,Sodium Azide
59.6458231558378,13.695526422865996,2,EELS,Sodium Azide
60.62530532486565,13.686087915289917,2,EELS,Sodium Azide
61.6047874938935,13.69779177801696,2,EELS,Sodium Azide
62.58426966292134,13.696087915289917,2,EELS,Sodium Azide
63.56375183194919,13.69224477565343,2,EELS,Sodium Azide
64.54323400097704,13.686853598678912,2,EELS,Sodium Azide
65.52271617000488,13.687631034742829,2,EELS,Sodium Azide
66.50219833903273,13.697596967010472,2,EELS,Sodium Azide
67.48168050806058,13.686087915289917,2,EELS,Sodium Azide
68.46116267708842,13.709466927241564,2,EELS,Sodium Azide
69.44064484611626,13.686087915289917,2,EELS,Sodium Azide
70.4201270151441,13.696087915289917,2,EELS,Sodium Azide
71.39960918417195,13.69319099016282,2,EELS,Sodium Azide
72.3790913531998,13.6953083584147,2,EELS,Sodium Azide
73.35857352222764,13.698259973215999,2,EELS,Sodium Azide
74.33805569125549,13.688637268188415,2,EELS,Sodium Azide
75.31753786028334,13.693349639618189,2,EELS,Sodium Azide
76.29702002931118,13.686747373070995,2,EELS,Sodium Azide
77.27650219833903,13.703256675006921,2,EELS,Sodium Azide
78.25598436736688,13.717553240554293,2,EELS,Sodium Azide
79.23546653639472,13.707841433957544,2,EELS,Sodium Azide
80.21494870542257,13.686087915289917,2,EELS,Sodium Azide
81.1944308744504,13.70802793110931,2,EELS,Sodium Azide
82.17391304347825,13.696087915289917,2,EELS,Sodium Azide
83.1533952125061,13.686087915289917,2,EELS,Sodium Azide
84.13287738153394,13.69236894178294,2,EELS,Sodium Azide
85.11235955056179,13.686087915289917,2,EELS,Sodium Azide
86.09184171958964,13.695291929909168,2,EELS,Sodium Azide
87.07132388861748,13.686087915289917,2,EELS,Sodium Azide
88.05080605764533,13.70605660693129,2,EELS,Sodium Azide
89.03028822667318,13.686087915289917,2,EELS,Sodium Azide
90.00977039570103,13.69068161768343,2,EELS,Sodium Azide
90.98925256472887,13.706483201980243,2,EELS,Sodium Azide
91.9687347337567,13.686087915289917,2,EELS,Sodium Azide
92.94821690278455,13.697028339194281,2,EELS,Sodium Azide
93.9276990718124,13.686087915289917,2,EELS,Sodium Azide
94.90718124084025,13.713074849483746,2,EELS,Sodium Azide
95.88666340986809,13.698375511618345,2,EELS,Sodium Azide
96.86614557889594,13.686087915289917,2,EELS,Sodium Azide
97.84562774792379,13.686087915289917,2,EELS,Sodium Azide
98.82510991695163,13.696386116719928,2,EELS,Sodium Azide
99.80459208597948,13.686087915289917,2,EELS,Sodium Azide
100.78407425500733,13.686087915289917,2,EELS,Sodium Azide
101.76355642403517,13.686087915289917,2,EELS,Sodium Azide
102.74303859306302,13.686087915289917,2,EELS,Sodium Azide
103.72252076209085,13.716559470671402,2,EELS,Sodium Azide
104.7020029311187,13.686087915289917,2,EELS,Sodium Azide
105.68148510014655,13.696420179447179,2,EELS,Sodium Azide
106.66096726917439,13.690049181192549,2,EELS,Sodium Azide
107.64044943820224,13.686087915289917,2,EELS,Sodium Azide
108.61993160723009,13.707802401227331,2,EELS,Sodium Azide
109.59941377625793,13.695835235031831,2,EELS,Sodium Azide
110.57889594528578,13.686087915289917,2,EELS,Sodium Azide
111.55837811431363,13.7099613251172,2,EELS,Sodium Azide
112.53786028334147,13.69818870567243,2,EELS,Sodium Azide
113.51734245236932,13.697120270122724,2,EELS,Sodium Azide
114.49682462139717,13.696087915289917,2,EELS,Sodium Azide
115.476306790425,13.686087915289917,2,EELS,Sodium Azide
116.45578895945285,13.696087915289917,2,EELS,Sodium Azide
117.4352711284807,13.69966615078357,2,EELS,Sodium Azide
118.41475329750854,13.70321138138943,2,EELS,Sodium Azide
119.39423546653639,13.686087915289917,2,EELS,Sodium Azide
120.37371763556423,13.697523676598017,2,EELS,Sodium Azide
121.35319980459208,13.6992001451609,2,EELS,Sodium Azide
122.33268197361993,13.696087915289917,2,EELS,Sodium Azide
123.31216414264776,13.710721395820775,2,EELS,Sodium Azide
124.2916463116756,13.711835794369602,2,EELS,Sodium Azide
125.27112848070345,13.72087955147866,2,EELS,Sodium Azide
126.2506106497313,13.686087915289917,2,EELS,Sodium Azide
127.23009281875915,13.697044740534976,2,EELS,Sodium Azide
128.209574987787,13.704143246395407,2,EELS,Sodium Azide
129.18905715681484,13.700829187050616,2,EELS,Sodium Azide
130.1685393258427,13.686087915289917,2,EELS,Sodium Azide
131.14802149487053,13.686087915289917,2,EELS,Sodium Azide
132.12750366389838,13.686087915289917,2,EELS,Sodium Azide
133.10698583292623,13.692380157176347,2,EELS,Sodium Azide
134.08646800195407,13.714375847282561,2,EELS,Sodium Azide
135.06595017098192,13.696087915289917,2,EELS,Sodium Azide
136.04543234000977,13.698039265753954,2,EELS,Sodium Azide
137.02491450903761,13.686087915289917,2,EELS,Sodium Azide
138.00439667806546,13.73202658595835,2,EELS,Sodium Azide
138.9838788470933,13.686087915289917,2,EELS,Sodium Azide
139.96336101612115,13.68786348325054,2,EELS,Sodium Azide
140.942843185149,13.686087915289917,2,EELS,Sodium Azide
141.92232535417685,13.698956700288274,2,EELS,Sodium Azide
142.9018075232047,13.696087915289917,2,EELS,Sodium Azide
143.8812896922325,13.687074277094762,2,EELS,Sodium Azide
144.86077186126036,13.696152450415221,2,EELS,Sodium Azide
145.8402540302882,13.706087915289917,2,EELS,Sodium Azide
146.81973619931605,13.704814256873226,2,EELS,Sodium Azide
147.7992183683439,13.686087915289917,2,EELS,Sodium Azide
148.77870053737175,13.695057343135305,2,EELS,Sodium Azide
149.7581827063996,13.690808158266197,2,EELS,Sodium Azide
150.73766487542744,13.70003019657927,2,EELS,Sodium Azide
151.7171470444553,13.696087915289917,2,EELS,Sodium Azide
152.69662921348313,13.696087915289917,2,EELS,Sodium Azide
153.67611138251098,13.698311260683854,2,EELS,Sodium Azide
154.65559355153883,13.701460072827683,2,EELS,Sodium Azide
155.63507572056668,13.686087915289917,2,EELS,Sodium Azide
156.61455788959452,13.696087915289917,2,EELS,Sodium Azide
157.59404005862237,13.70103337111396,2,EELS,Sodium Azide
158.57352222765022,13.695627497141492,2,EELS,Sodium Azide
159.55300439667806,13.706087915289917,2,EELS,Sodium Azide
160.5324865657059,13.696087915289917,2,EELS,Sodium Azide
161.51196873473376,13.692391684673177,2,EELS,Sodium Azide
162.4914509037616,13.686087915289917,2,EELS,Sodium Azide
163.47093307278945,13.686087915289917,2,EELS,Sodium Azide
164.4504152418173,13.686087915289917,2,EELS,Sodium Azide
165.42989741084514,13.695322014486697,2,EELS,Sodium Azide
166.40937957987296,13.688323479257834,2,EELS,Sodium Azide
167.3888617489008,13.696087915289917,2,EELS,Sodium Azide
168.36834391792866,13.711161919918993,2,EELS,Sodium Azide
169.3478260869565,13.693487180478094,2,EELS,Sodium Azide
170.32730825598435,13.70346384967675,2,EELS,Sodium Azide
171.3067904250122,13.696087915289917,2,EELS,Sodium Azide
172.28627259404004,13.686611077599256,2,EELS,Sodium Azide
173.2657547630679,13.686087915289917,2,EELS,Sodium Azide
174.24523693209574,13.696087915289917,2,EELS,Sodium Azide
175.22471910112358,13.696087915289917,2,EELS,Sodium Azide
176.20420127015143,13.703324416241122,2,EELS,Sodium Azide
177.18368343917928,13.697391020899943,2,EELS,Sodium Azide
178.16316560820712,13.693277366987937,2,EELS,Sodium Azide
179.14264777723497,13.704086604571678,2,EELS,Sodium Azide
180.12212994626282,13.708883521994249,2,EELS,Sodium Azide
181.10161211529066,13.686087915289917,2,EELS,Sodium Azide
182.0810942843185,13.696087915289917,2,EELS,Sodium Azide
183.06057645334636,13.699394829973642,2,EELS,Sodium Azide
184.0400586223742,13.686087915289917,2,EELS,Sodium Azide
185.01954079140205,13.711986600302932,2,EELS,Sodium Azide
185.9990229604299,13.686087915289917,2,EELS,Sodium Azide
186.97850512945774,13.706087915289917,2,EELS,Sodium Azide
187.9579872984856,13.696087915289917,2,EELS,Sodium Azide
188.9374694675134,13.704174100619293,2,EELS,Sodium Azide
189.91695163654126,13.686087915289917,2,EELS,Sodium Azide
190.8964338055691,13.706087915289917,2,EELS,Sodium Azide
191.87591597459695,13.70381400757545,2,EELS,Sodium Azide
192.8553981436248,13.686087915289917,2,EELS,Sodium Azide
193.83488031265264,13.68718010388516,2,EELS,Sodium Azide
194.8143624816805,13.693464600495641,2,EELS,Sodium Azide
195.79384465070834,13.686087915289917,2,EELS,Sodium Azide
196.77332681973618,13.701698738261415,2,EELS,Sodium Azide
197.75280898876403,13.696087915289917,2,EELS,Sodium Azide
198.73229115779188,13.695181271846463,2,EELS,Sodium Azide
199.71177332681972,13.686087915289917,2,EELS,Sodium Azide
200.69125549584757,13.693844640318584,2,EELS,Sodium Azide
201.67073766487542,13.718052305059311,2,EELS,Sodium Azide
202.65021983390326,13.695554540753399,2,EELS,Sodium Azide
203.6297020029311,13.68932679755537,2,EELS,Sodium Azide
204.60918417195896,13.706087915289917,2,EELS,Sodium Azide
205.5886663409868,13.696087915289917,2,EELS,Sodium Azide
206.56814851001465,13.701751916092341,2,EELS,Sodium Azide
207.5476306790425,13.686087915289917,2,EELS,Sodium Azide
208.52711284807035,13.706087915289917,2,EELS,Sodium Azide
209.5065950170982,13.693520510147563,2,EELS,Sodium Azide
210.48607718612604,13.686087915289917,2,EELS,Sodium Azide
211.46555935515389,13.686087915289917,2,EELS,Sodium Azide
212.4450415241817,13.696087915289917,2,EELS,Sodium Azide
213.42452369320955,13.706087915289917,2,EELS,Sodium Azide
214.4040058622374,13.686087915289917,2,EELS,Sodium Azide
215.38348803126524,13.689186433842394,2,EELS,Sodium Azide
216.3629702002931,13.706405211559279,2,EELS,Sodium Azide
217.34245236932094,13.702072328803293,2,EELS,Sodium Azide
218.32193453834878,13.686087915289917,2,EELS,Sodium Azide
219.30141670737663,13.706087915289917,2,EELS,Sodium Azide
220.28089887640448,13.691888955691915,2,EELS,Sodium Azide
221.26038104543233,13.719660745427118,2,EELS,Sodium Azide
222.23986321446017,13.687965918107084,2,EELS,Sodium Azide
223.21934538348802,13.686087915289917,2,EELS,Sodium Azide
224.19882755251587,13.696087915289917,2,EELS,Sodium Azide
225.1783097215437,13.686087915289917,2,EELS,Sodium Azide
226.15779189057156,13.703457124208539,2,EELS,Sodium Azide
227.1372740595994,13.692552783030214,2,EELS,Sodium Azide
228.11675622862725,13.692542699711174,2,EELS,Sodium Azide
229.0962383976551,13.696087915289917,2,EELS,Sodium Azide
230.07572056668295,13.710996063626565,2,EELS,Sodium Azide
231.0552027357108,13.686087915289917,2,EELS,Sodium Azide
232.03468490473864,13.696382152627635,2,EELS,Sodium Azide
233.0141670737665,13.686240533306181,2,EELS,Sodium Azide
233.99364924279433,13.686087915289917,2,EELS,Sodium Azide
234.97313141182215,13.712671831408535,2,EELS,Sodium Azide
235.95261358085,13.690802981429835,2,EELS,Sodium Azide
236.93209574987785,13.690262402623375,2,EELS,Sodium Azide
237.9115779189057,13.69744714928694,2,EELS,Sodium Azide
238.89106008793354,13.686228320310166,2,EELS,Sodium Azide
239.8705422569614,13.710970635841711,2,EELS,Sodium Azide
240.85002442598923,13.698686448223146,2,EELS,Sodium Azide
241.82950659501708,13.693977003959752,2,EELS,Sodium Azide
242.80898876404493,13.687741831562628,2,EELS,Sodium Azide
243.78847093307277,13.696870440258003,2,EELS,Sodium Azide
244.76795310210062,13.701878247612452,2,EELS,Sodium Azide
245.74743527112847,13.686859288066893,2,EELS,Sodium Azide
246.7269174401563,13.686087915289917,2,EELS,Sodium Azide
247.70639960918416,13.686087915289917,2,EELS,Sodium Azide
248.685881778212,13.686087915289917,2,EELS,Sodium Azide
249.66536394723985,13.688727655024469,2,EELS,Sodium Azide
250.6448461162677,13.686087915289917,2,EELS,Sodium Azide
251.62432828529552,13.702817518135939,2,EELS,Sodium Azide
252.60381045432337,13.686768101405619,2,EELS,Sodium Azide
253.5832926233512,13.686087915289917,2,EELS,Sodium Azide
254.56277479237906,13.696087915289917,2,EELS,Sodium Azide
255.5422569614069,13.686087915289917,2,EELS,Sodium Azide
256.52173913043475,13.69138765027951,2,EELS,Sodium Azide
257.5012212994626,13.689523925141335,2,EELS,Sodium Azide
258.48070346849045,13.696322838562425,2,EELS,Sodium Azide
259.4601856375183,13.686087915289917,2,EELS,Sodium Azide
260.43966780654614,13.696895139543939,2,EELS,Sodium Azide
261.419149975574,13.686087915289917,2,EELS,Sodium Azide
262.39863214460183,13.713697524739825,2,EELS,Sodium Azide
263.3781143136297,13.691832287919418,2,EELS,Sodium Azide
264.3575964826575,13.69159441497957,2,EELS,Sodium Azide
265.3370786516854,13.686551578101808,2,EELS,Sodium Azide
266.3165608207132,13.690762796511422,2,EELS,Sodium Azide
267.29604298974107,13.702892730036272,2,EELS,Sodium Azide
268.2755251587689,13.696087915289917,2,EELS,Sodium Azide
269.25500732779676,13.687938978815392,2,EELS,Sodium Azide
270.2344894968246,13.686087915289917,2,EELS,Sodium Azide
271.21397166585245,13.696087915289917,2,EELS,Sodium Azide
272.1934538348803,13.687515169017493,2,EELS,Sodium Azide
273.17293600390815,13.697774259898166,2,EELS,Sodium Azide
274.152418172936,13.686087915289917,2,EELS,Sodium Azide
275.13190034196384,13.686087915289917,2,EELS,Sodium Azide
276.1113825109917,13.686087915289917,2,EELS,Sodium Azide
277.09086468001954,13.686087915289917,2,EELS,Sodium Azide
278.0703468490474,13.689511867449701,2,EELS,Sodium Azide
279.04982901807523,13.686087915289917,2,EELS,Sodium Azide
280.0293111871031,13.709563290577535,2,EELS,Sodium Azide
281.0087933561309,13.686087915289917,2,EELS,Sodium Azide
281.98827552515877,13.693857173468038,2,EELS,Sodium Azide
282.9677576941866,13.686087915289917,2,EELS,Sodium Azide
283.94723986321446,13.7033115906574,2,EELS,Sodium Azide
284.9267220322423,13.69334108949578,2,EELS,Sodium Azide
285.90620420127016,13.690404235451727,2,EELS,Sodium Azide
286.885686370298,13.706087915289917,2,EELS,Sodium Azide
287.86516853932585,13.689026655283852,2,EELS,Sodium Azide
288.8446507083537,13.686087915289917,2,EELS,Sodium Azide
289.82413287738154,13.686087915289917,2,EELS,Sodium Azide
290.8036150464094,13.70697434340607,2,EELS,Sodium Azide
291.7830972154372,13.69459886710024,2,EELS,Sodium Azide
292.762579384465,13.696626073771451,2,EELS,Sodium Azide
293.7420615534929,13.686087915289917,2,EELS,Sodium Azide
294.7215437225207,13.703051634700573,2,EELS,Sodium Azide
295.70102589154857,13.706662936791565,2,EELS,Sodium Azide
296.6805080605764,13.706087915289917,2,EELS,Sodium Azide
297.65999022960426,13.694443482225635,2,EELS,Sodium Azide
298.6394723986321,13.69621230662162,2,EELS,Sodium Azide
299.61895456765996,13.698721451421088,2,EELS,Sodium Azide
300.5984367366878,13.706087915289917,2,EELS,Sodium Azide
301.57791890571565,13.686087915289917,2,EELS,Sodium Azide
302.5574010747435,13.689298338085537,2,EELS,Sodium Azide
303.53688324377134,13.68942377945305,2,EELS,Sodium Azide
304.5163654127992,13.686087915289917,2,EELS,Sodium Azide
305.49584758182704,13.696087915289917,2,EELS,Sodium Azide
306.4753297508549,13.714545348554815,2,EELS,Sodium Azide
307.45481191988273,13.686087915289917,2,EELS,Sodium Azide
308.4342940889106,13.703896223426806,2,EELS,Sodium Azide
309.4137762579384,13.686087915289917,2,EELS,Sodium Azide
310.39325842696627,13.686087915289917,2,EELS,Sodium Azide
311.3727405959941,13.686087915289917,2,EELS,Sodium Azide
312.35222276502196,13.686087915289917,2,EELS,Sodium Azide
313.3317049340498,13.686087915289917,2,EELS,Sodium Azide
314.31118710307766,13.686087915289917,2,EELS,Sodium Azide
315.2906692721055,13.689124425658026,2,EELS,Sodium Azide
316.27015144113335,13.686087915289917,2,EELS,Sodium Azide
317.2496336101612,13.686087915289917,2,EELS,Sodium Azide
318.22911577918904,13.691382835451838,2,EELS,Sodium Azide
319.2085979482169,13.686087915289917,2,EELS,Sodium Azide
320.18808011724474,13.686087915289917,2,EELS,Sodium Azide
321.1675622862726,13.693958339214637,2,EELS,Sodium Azide
322.14704445530043,13.701588937108907,2,EELS,Sodium Azide
323.1265266243283,13.686087915289917,2,EELS,Sodium Azide
324.1060087933561,13.686087915289917,2,EELS,Sodium Azide
325.085490962384,13.706087915289917,2,EELS,Sodium Azide
326.0649731314118,13.686087915289917,2,EELS,Sodium Azide
327.04445530043967,13.686087915289917,2,EELS,Sodium Azide
328.0239374694675,13.686087915289917,2,EELS,Sodium Azide
329.00341963849536,13.69306023001344,2,EELS,Sodium Azide
329.9829018075232,13.71096277440467,2,EELS,Sodium Azide
330.96238397655105,13.696087915289917,2,EELS,Sodium Azide
331.9418661455789,13.714118117451184,2,EELS,Sodium Azide
332.92134831460675,13.686087915289917,2,EELS,Sodium Azide
333.9008304836346,13.693125531144494,2,EELS,Sodium Azide
334.88031265266244,13.686087915289917,2,EELS,Sodium Azide
335.8597948216903,13.689531523961268,2,EELS,Sodium Azide
336.83927699071813,13.686087915289917,2,EELS,Sodium Azide
337.8187591597459,13.69986107700897,2,EELS,Sodium Azide
338.79824132877377,13.696087915289917,2,EELS,Sodium Azide
339.7777234978016,13.70279230577801,2,EELS,Sodium Azide
340.75720566682946,13.696087915289917,2,EELS,Sodium Azide
341.7366878358573,13.686087915289917,2,EELS,Sodium Azide
342.71617000488516,13.696087915289917,2,EELS,Sodium Azide
343.695652173913,13.696087915289917,2,EELS,Sodium Azide
344.67513434294085,13.686240752245915,2,EELS,Sodium Azide
345.6546165119687,13.686087915289917,2,EELS,Sodium Azide
346.63409868099654,13.69884234494309,2,EELS,Sodium Azide
347.6135808500244,13.697242489312,2,EELS,Sodium Azide
348.59306301905224,13.694518131750746,2,EELS,Sodium Azide
349.5725451880801,13.695796976362317,2,EELS,Sodium Azide
350.55202735710793,13.696087915289917,2,EELS,Sodium Azide
351.5315095261358,13.695236179163064,2,EELS,Sodium Azide
352.5109916951636,13.686087915289917,2,EELS,Sodium Azide
353.4904738641915,13.692368585062253,2,EELS,Sodium Azide
354.4699560332193,13.692692522850516,2,EELS,Sodium Azide
355.44943820224717,13.686087915289917,2,EELS,Sodium Azide
356.428920371275,13.697317609831055,2,EELS,Sodium Azide
357.40840254030286,13.686087915289917,2,EELS,Sodium Azide
358.3878847093307,13.706087915289917,2,EELS,Sodium Azide
359.36736687835855,13.7001431449514,2,EELS,Sodium Azide
360.3468490473864,13.696087915289917,2,EELS,Sodium Azide
361.32633121641425,13.686087915289917,2,EELS,Sodium Azide
362.3058133854421,13.68713417621,2,EELS,Sodium Azide
363.28529555446994,13.693353378785242,2,EELS,Sodium Azide
364.2647777234978,13.696087915289917,2,EELS,Sodium Azide
365.24425989252563,13.70825459836724,2,EELS,Sodium Azide
366.2237420615535,13.691773016427058,2,EELS,Sodium Azide
367.2032242305813,13.686087915289917,2,EELS,Sodium Azide
368.1827063996092,13.686087915289917,2,EELS,Sodium Azide
369.162188568637,13.686087915289917,2,EELS,Sodium Azide
370.14167073766487,13.6912421142588,2,EELS,Sodium Azide
371.1211529066927,13.696087915289917,2,EELS,Sodium Azide
372.10063507572056,13.712348431311126,2,EELS,Sodium Azide
373.0801172447484,13.701765770176745,2,EELS,Sodium Azide
374.05959941377625,13.697867120250015,2,EELS,Sodium Azide
375.0390815828041,13.698398544921611,2,EELS,Sodium Azide
376.01856375183195,13.710249690918408,2,EELS,Sodium Azide
376.9980459208598,13.695226333906687,2,EELS,Sodium Azide
377.97752808988764,13.696021489251775,2,EELS,Sodium Azide
378.9570102589155,13.697676343544813,2,EELS,Sodium Azide
379.93649242794334,13.696087915289917,2,EELS,Sodium Azide
380.9159745969712,13.686087915289917,2,EELS,Sodium Azide
381.89545676599903,13.686087915289917,2,EELS,Sodium Azide
382.8749389350268,13.696087915289917,2,EELS,Sodium Azide
383.85442110405467,13.686087915289917,2,EELS,Sodium Azide
384.8339032730825,13.696087915289917,2,EELS,Sodium Azide
385.81338544211036,13.696087915289917,2,EELS,Sodium Azide
386.7928676111382,13.708282491813717,2,EELS,Sodium Azide
387.77234978016605,13.686087915289917,2,EELS,Sodium Azide
388.7518319491939,13.687831962337942,2,EELS,Sodium Azide
389.73131411822175,13.696087915289917,2,EELS,Sodium Azide
390.7107962872496,13.717712564083733,2,EELS,Sodium Azide
391.69027845627744,13.710202392273905,2,EELS,Sodium Azide
392.6697606253053,13.686087915289917,2,EELS,Sodium Azide
393.64924279433313,13.68870360303911,2,EELS,Sodium Azide
394.628724963361,13.686087915289917,2,EELS,Sodium Azide
395.6082071323888,13.686087915289917,2,EELS,Sodium Azide
396.5876893014167,13.696087915289917,2,EELS,Sodium Azide
397.5671714704445,13.710733048122174,2,EELS,Sodium Azide
398.54665363947237,13.686087915289917,2,EELS,Sodium Azide
399.5261358085002,13.706193941649161,2,EELS,Sodium Azide
400.50561797752806,13.69645776521596,2,EELS,Sodium Azide
401.4851001465559,13.72284015939548,2,EELS,Sodium Azide
402.46458231558375,13.72291090236971,2,EELS,Sodium Azide
403.4440644846116,13.756235044228696,2,EELS,Sodium Azide
404.42354665363945,13.77496600190439,2,EELS,Sodium Azide
405.4030288226673,13.768457849269652,2,EELS,Sodium Azide
406.38251099169514,13.778120205096602,2,EELS,Sodium Azide
407.361993160723,13.813263132563243,2,EELS,Sodium Azide
408.34147532975084,13.808394714307248,2,EELS,Sodium Azide
409.3209574987787,13.820347628107575,2,EELS,Sodium Azide
410.30043966780653,13.811991497016079,2,EELS,Sodium Azide
411.2799218368344,13.81333162414344,2,EELS,Sodium Azide
412.2594040058622,13.824359681939002,2,EELS,Sodium Azide
413.23888617489007,13.842429551633284,2,EELS,Sodium Azide
414.2183683439179,13.835598203716668,2,EELS,Sodium Azide
415.19785051294576,13.838433193450305,2,EELS,Sodium Azide
416.1773326819736,13.822799463906884,2,EELS,Sodium Azide
417.15681485100146,13.829562948203746,2,EELS,Sodium Azide
418.1362970200293,13.868338217937808,2,EELS,Sodium Azide
419.11577918905715,13.847763602882756,2,EELS,Sodium Azide
420.095261358085,13.83737039651658,2,EELS,Sodium Azide
421.07474352711284,13.830445471036773,2,EELS,Sodium Azide
422.0542256961407,13.82954258607395,2,EELS,Sodium Azide
423.03370786516854,13.83518191231974,2,EELS,Sodium Azide
424.0131900341964,13.854333864668103,2,EELS,Sodium Azide
424.99267220322423,13.865830595618448,2,EELS,Sodium Azide
425.9721543722521,13.839758257117785,2,EELS,Sodium Azide
426.9516365412799,13.831394799674287,2,EELS,Sodium Azide
427.93111871030777,13.834125140860738,2,EELS,Sodium Azide
428.91060087933556,13.841142176687807,2,EELS,Sodium Azide
429.8900830483634,13.832332932742938,2,EELS,Sodium Azide
430.86956521739125,13.839154675421204,2,EELS,Sodium Azide
431.8490473864191,13.8320472866131,2,EELS,Sodium Azide
432.82852955544695,13.82316025906357,2,EELS,Sodium Azide
433.8080117244748,13.816487486494934,2,EELS,Sodium Azide
434.78749389350264,13.819507913122314,2,EELS,Sodium Azide
435.7669760625305,13.826070062254532,2,EELS,Sodium Azide
436.74645823155834,13.80927507652509,2,EELS,Sodium Azide
437.7259404005862,13.834760072857607,2,EELS,Sodium Azide
438.70542256961403,13.822042662115363,2,EELS,Sodium Azide
439.6849047386419,13.823712462731024,2,EELS,Sodium Azide
440.6643869076697,13.807754859090757,2,EELS,Sodium Azide
441.64386907669757,13.808544952421585,2,EELS,Sodium Azide
442.6233512457254,13.814907247412757,2,EELS,Sodium Azide
443.60283341475326,13.812996125456582,2,EELS,Sodium Azide
444.5823155837811,13.791291718530312,2,EELS,Sodium Azide
445.56179775280896,13.789822908646238,2,EELS,Sodium Azide
446.5412799218368,13.804848882707043,2,EELS,Sodium Azide
447.52076209086465,13.787297067225083,2,EELS,Sodium Azide
448.5002442598925,13.797068747228696,2,EELS,Sodium Azide
449.47972642892034,13.797811121402932,2,EELS,Sodium Azide
450.4592085979482,13.762403916927646,2,EELS,Sodium Azide
451.43869076697604,13.798556639435363,2,EELS,Sodium Azide
452.4181729360039,13.812535816099196,2,EELS,Sodium Azide
453.39765510503173,13.80461064366298,2,EELS,Sodium Azide
454.3771372740596,13.78308212708201,2,EELS,Sodium Azide
455.3566194430874,13.775841465144987,2,EELS,Sodium Azide
456.33610161211527,13.796652542886791,2,EELS,Sodium Azide
457.3155837811431,13.782457673018461,2,EELS,Sodium Azide
458.29506595017097,13.756512115290965,2,EELS,Sodium Azide
459.2745481191988,13.775166154464678,2,EELS,Sodium Azide
460.25403028822666,13.775492999110728,2,EELS,Sodium Azide
461.2335124572545,13.776876906157876,2,EELS,Sodium Azide
462.21299462628235,13.757075291529793,2,EELS,Sodium Azide
463.1924767953102,13.780828956947383,2,EELS,Sodium Azide
464.17195896433805,13.772132225272385,2,EELS,Sodium Azide
465.1514411333659,13.752531603868016,2,EELS,Sodium Azide
466.13092330239374,13.745043525337737,2,EELS,Sodium Azide
467.1104054714216,13.763326890084324,2,EELS,Sodium Azide
468.08988764044943,13.770322954150734,2,EELS,Sodium Azide
469.0693698094773,13.756997914817756,2,EELS,Sodium Azide
470.0488519785051,13.766010635764177,2,EELS,Sodium Azide
471.028334147533,13.759992883267948,2,EELS,Sodium Azide
472.0078163165608,13.760556135776786,2,EELS,Sodium Azide
472.98729848558867,13.752756046275532,2,EELS,Sodium Azide
473.96678065461646,13.73403145630703,2,EELS,Sodium Azide
474.9462628236443,13.74500688767874,2,EELS,Sodium Azide
475.92574499267215,13.756639389410518,2,EELS,Sodium Azide
476.9052271617,13.754148995398339,2,EELS,Sodium Azide
477.88470933072784,13.748674593447303,2,EELS,Sodium Azide
478.8641914997557,13.749183280187026,2,EELS,Sodium Azide
479.84367366878354,13.740843016652107,2,EELS,Sodium Azide
480.8231558378114,13.739020945870982,2,EELS,Sodium Azide
481.80263800683923,13.752384217755896,2,EELS,Sodium Azide
482.7821201758671,13.75151819419552,2,EELS,Sodium Azide
483.7616023448949,13.734794695277213,2,EELS,Sodium Azide
484.7410845139228,13.72662957702046,2,EELS,Sodium Azide
485.7205666829506,13.746658025873659,2,EELS,Sodium Azide
486.70004885197847,13.731289764458143,2,EELS,Sodium Azide
487.6795310210063,13.748178208546372,2,EELS,Sodium Azide
488.65901319003416,13.74803972757157,2,EELS,Sodium Azide
489.638495359062,13.730725411977046,2,EELS,Sodium Azide
490.61797752808985,13.73038815554526,2,EELS,Sodium Azide
491.5974596971177,13.728537535553102,2,EELS,Sodium Azide
492.57694186614555,13.723953369164214,2,EELS,Sodium Azide
493.5564240351734,13.724126293091391,2,EELS,Sodium Azide
494.53590620420124,13.741384637497763,2,EELS,Sodium Azide
495.5153883732291,13.727709909752747,2,EELS,Sodium Azide
496.49487054225693,13.729720717803092,2,EELS,Sodium Azide
497.4743527112848,13.702334485908688,2,EELS,Sodium Azide
498.4538348803126,13.712011037552788,2,EELS,Sodium Azide
499.4333170493405,13.73253959183159,2,EELS,Sodium Azide
500.4127992183683,13.725694296587035,2,EELS,Sodium Azide
501.39228138739617,13.720559369022274,2,EELS,Sodium Azide
502.371763556424,13.72712658561365,2,EELS,Sodium Azide
503.35124572545186,13.737367790844075,2,EELS,Sodium Azide
504.3307278944797,13.71776137558449,2,EELS,Sodium Azide
505.31021006350755,13.730067904802665,2,EELS,Sodium Azide
506.2896922325354,13.730681995358111,2,EELS,Sodium Azide
507.2691744015632,13.752484738258929,2,EELS,Sodium Azide
508.24865657059104,13.696057870355666,2,EELS,Sodium Azide
509.2281387396189,13.723831540505117,2,EELS,Sodium Azide
510.20762090864673,13.715098084330338,2,EELS,Sodium Azide
511.1871030776746,13.721466694323688,2,EELS,Sodium Azide
512.1665852467024,13.708410026320445,2,EELS,Sodium Azide
513.1460674157303,13.724054774543209,2,EELS,Sodium Azide
514.1255495847581,13.72126031817459,2,EELS,Sodium Azide
515.105031753786,13.755214466355165,2,EELS,Sodium Azide
516.0845139228138,13.731178381276992,2,EELS,Sodium Azide
517.0639960918417,13.71376941785036,2,EELS,Sodium Azide
518.0434782608695,13.727588741494191,2,EELS,Sodium Azide
519.0229604298974,13.706787937092308,2,EELS,Sodium Azide
520.0024425989252,13.692609738607706,2,EELS,Sodium Azide
520.981924767953,13.717077803377322,2,EELS,Sodium Azide
521.9614069369809,13.717448663145651,2,EELS,Sodium Azide
522.9408891060087,13.696517656827098,2,EELS,Sodium Azide
523.9203712750366,13.71975531050853,2,EELS,Sodium Azide
524.8998534440644,13.713593467071032,2,EELS,Sodium Azide
525.8793356130923,13.710695558124655,2,EELS,Sodium Azide
526.8588177821201,13.716314461302492,2,EELS,Sodium Azide
527.838299951148,13.723641474509831,2,EELS,Sodium Azide
528.8177821201758,13.714411805377525,2,EELS,Sodium Azide
529.7972642892037,13.70661804964175,2,EELS,Sodium Azide
530.7767464582315,13.723710272848276,2,EELS,Sodium Azide
531.7562286272594,13.706529362244055,2,EELS,Sodium Azide
532.7357107962872,13.70014958855327,2,EELS,Sodium Azide
533.715192965315,13.716087915289917,2,EELS,Sodium Azide
534.6946751343429,13.725461499728207,2,EELS,Sodium Azide
535.6741573033707,13.705860029583791,2,EELS,Sodium Azide
536.6536394723986,13.707986210210949,2,EELS,Sodium Azide
537.6331216414264,13.702991276587674,2,EELS,Sodium Azide
538.6126038104543,13.695747434285359,2,EELS,Sodium Azide
539.5920859794821,13.701018286520961,2,EELS,Sodium Azide
540.57156814851,13.706278190422262,2,EELS,Sodium Azide
541.5510503175378,13.725497008388807,2,EELS,Sodium Azide
542.5305324865657,13.68937037243615,2,EELS,Sodium Azide
543.5100146555935,13.701130625503888,2,EELS,Sodium Azide
544.4894968246214,13.706865886878372,2,EELS,Sodium Azide
545.4689789936492,13.714199511673929,2,EELS,Sodium Azide
546.4484611626771,13.700922196811568,2,EELS,Sodium Azide
547.4279433317049,13.68788424740996,2,EELS,Sodium Azide
548.4074255007328,13.71300774137389,2,EELS,Sodium Azide
549.3869076697606,13.717398497391173,2,EELS,Sodium Azide
550.3663898387885,13.705168088240873,2,EELS,Sodium Azide
551.3458720078163,13.706715123305642,2,EELS,Sodium Azide
552.3253541768441,13.733579387606262,2,EELS,Sodium Azide
553.304836345872,13.731193828511913,2,EELS,Sodium Azide
554.2843185148998,13.691657647606739,2,EELS,Sodium Azide
555.2638006839277,13.714982056245338,2,EELS,Sodium Azide
556.2432828529555,13.71209098057631,2,EELS,Sodium Azide
557.2227650219834,13.713041018923382,2,EELS,Sodium Azide
558.2022471910112,13.686087915289917,2,EELS,Sodium Azide
559.1817293600391,13.705761705272524,2,EELS,Sodium Azide
560.1612115290669,13.688990356859899,2,EELS,Sodium Azide
561.1406936980948,13.715511016582123,2,EELS,Sodium Azide
562.1201758671226,13.717778945809865,2,EELS,Sodium Azide
563.0996580361505,13.686087915289917,2,EELS,Sodium Azide
564.0791402051783,13.69622100325349,2,EELS,Sodium Azide
565.0586223742062,13.717689032148321,2,EELS,Sodium Azide
566.038104543234,13.714148311570293,2,EELS,Sodium Azide
567.0175867122618,13.703297003988586,2,EELS,Sodium Azide
567.9970688812897,13.699255451910258,2,EELS,Sodium Azide
568.9765510503175,13.698974797301513,2,EELS,Sodium Azide
569.9560332193454,13.692542862870207,2,EELS,Sodium Azide
570.9355153883732,13.686087915289917,2,EELS,Sodium Azide
571.9149975574011,13.726087915289916,2,EELS,Sodium Azide
572.8944797264289,13.71202497966818,2,EELS,Sodium Azide
573.8739618954568,13.69482209810045,2,EELS,Sodium Azide
574.8534440644846,13.703047575501733,2,EELS,Sodium Azide
575.8329262335125,13.689976779594009,2,EELS,Sodium Azide
576.8124084025403,13.71103031984903,2,EELS,Sodium Azide
577.7918905715682,13.714666441099867,2,EELS,Sodium Azide
578.771372740596,13.690418646695662,2,EELS,Sodium Azide
579.7508549096239,13.696087915289917,2,EELS,Sodium Azide
580.7303370786517,13.71112895658793,2,EELS,Sodium Azide
581.7098192476795,13.691312370054206,2,EELS,Sodium Azide
582.6893014167074,13.7035824210641,2,EELS,Sodium Azide
583.6687835857352,13.709521024526937,2,EELS,Sodium Azide
584.6482657547631,13.702781153584839,2,EELS,Sodium Azide
585.6277479237909,13.705808507096231,2,EELS,Sodium Azide
586.6072300928188,13.686087915289917,2,EELS,Sodium Azide
587.5867122618466,13.690362771519606,2,EELS,Sodium Azide
588.5661944308744,13.698695554404356,2,EELS,Sodium Azide
589.5456765999022,13.686087915289917,2,EELS,Sodium Azide
590.52515876893,13.694286058456935,2,EELS,Sodium Azide
591.5046409379579,13.69314842840427,2,EELS,Sodium Azide
592.4841231069857,13.692426643101092,2,EELS,Sodium Azide
593.4636052760136,13.702470935691082,2,EELS,Sodium Azide
594.4430874450414,13.695193336457196,2,EELS,Sodium Azide
595.4225696140693,13.706748984241509,2,EELS,Sodium Azide
596.4020517830971,13.696087915289917,2,EELS,Sodium Azide
597.381533952125,13.702849848390718,2,EELS,Sodium Azide
598.3610161211528,13.702222836793387,2,EELS,Sodium Azide
599.3404982901807,13.696087915289917,2,EELS,Sodium Azide
600.3199804592085,13.730916196736525,2,EELS,Sodium Azide
601.2994626282364,13.714776024060246,2,EELS,Sodium Azide
602.2789447972642,13.690798543624465,2,EELS,Sodium Azide
603.2584269662921,13.696030061742691,2,EELS,Sodium Azide
604.2379091353199,13.701650437023641,2,EELS,Sodium Azide
605.2173913043478,13.686087915289917,2,EELS,Sodium Azide
606.1968734733756,13.686087915289917,2,EELS,Sodium Azide
607.1763556424035,13.686087915289917,2,EELS,Sodium Azide
608.1558378114313,13.686087915289917,2,EELS,Sodium Azide
609.1353199804591,13.717739974746326,2,EELS,Sodium Azide
610.114802149487,13.68910485584103,2,EELS,Sodium Azide
611.0942843185148,13.686671539654464,2,EELS,Sodium Azide
612.0737664875427,13.699190411333802,2,EELS,Sodium Azide
613.0532486565705,13.686087915289917,2,EELS,Sodium Azide
614.0327308255984,13.696087915289917,2,EELS,Sodium Azide
615.0122129946262,13.700591827716421,2,EELS,Sodium Azide
615.9916951636541,13.700318153286974,2,EELS,Sodium Azide
616.9711773326819,13.724871876016717,2,EELS,Sodium Azide
617.9506595017098,13.722218695151069,2,EELS,Sodium Azide
618.9301416707376,13.710414929934961,2,EELS,Sodium Azide
619.9096238397655,13.69363374264458,2,EELS,Sodium Azide
620.8891060087933,13.701543169287252,2,EELS,Sodium Azide
621.8685881778212,13.686087915289917,2,EELS,Sodium Azide
622.848070346849,13.68982979784321,2,EELS,Sodium Azide
623.8275525158768,13.696087915289917,2,EELS,Sodium Azide
624.8070346849047,13.690064985290284,2,EELS,Sodium Azide
625.7865168539325,13.696087915289917,2,EELS,Sodium Azide
626.7659990229604,13.715020221015768,2,EELS,Sodium Azide
627.7454811919882,13.708657097138678,2,EELS,Sodium Azide
628.7249633610161,13.686087915289917,2,EELS,Sodium Azide
629.7044455300439,13.687584977647896,2,EELS,Sodium Azide
630.6839276990718,13.694196823627417,2,EELS,Sodium Azide
631.6634098680996,13.70591400091374,2,EELS,Sodium Azide
632.6428920371275,13.706087915289917,2,EELS,Sodium Azide
633.6223742061553,13.686087915289917,2,EELS,Sodium Azide
634.6018563751832,13.697026394605587,2,EELS,Sodium Azide
635.581338544211,13.686087915289917,2,EELS,Sodium Azide
636.5608207132389,13.686087915289917,2,EELS,Sodium Azide
637.5403028822667,13.706087915289917,2,EELS,Sodium Azide
638.5197850512945,13.69779611970843,2,EELS,Sodium Azide
639.4992672203224,13.705490146354679,2,EELS,Sodium Azide
640.4787493893502,13.686087915289917,2,EELS,Sodium Azide
641.4582315583781,13.696087915289917,2,EELS,Sodium Azide
642.4377137274059,13.698185865814095,2,EELS,Sodium Azide
643.4171958964338,13.689815534601117,2,EELS,Sodium Azide
644.3966780654616,13.689246686756599,2,EELS,Sodium Azide
645.3761602344895,13.692655751585674,2,EELS,Sodium Azide
646.3556424035173,13.706776007376298,2,EELS,Sodium Azide
647.3351245725452,13.702135612752084,2,EELS,Sodium Azide
648.314606741573,13.70271948901783,2,EELS,Sodium Azide
649.2940889106009,13.696087915289917,2,EELS,Sodium Azide
650.2735710796287,13.688532238525301,2,EELS,Sodium Azide
651.2530532486566,13.692874869672636,2,EELS,Sodium Azide
652.2325354176844,13.695383922267009,2,EELS,Sodium Azide
653.2120175867122,13.686087915289917,2,EELS,Sodium Azide
654.1914997557401,13.696087915289917,2,EELS,Sodium Azide
655.170981924768,13.686087915289917,2,EELS,Sodium Azide
656.1504640937958,13.703287166109677,2,EELS,Sodium Azide
657.1299462628236,13.698329173082193,2,EELS,Sodium Azide
658.1094284318515,13.686087915289917,2,EELS,Sodium Azide
659.0889106008793,13.706983339075036,2,EELS,Sodium Azide
660.0683927699072,13.688952437569853,2,EELS,Sodium Azide
661.047874938935,13.686396130629499,2,EELS,Sodium Azide
662.0273571079629,13.696087915289917,2,EELS,Sodium Azide
663.0068392769907,13.705221511519467,2,EELS,Sodium Azide
663.9863214460186,13.690899693295192,2,EELS,Sodium Azide
664.9658036150464,13.710763292382182,2,EELS,Sodium Azide
665.9452857840743,13.686087915289917,2,EELS,Sodium Azide
666.9247679531021,13.692783424278433,2,EELS,Sodium Azide
667.90425012213,13.686087915289917,2,EELS,Sodium Azide
668.8837322911578,13.686087915289917,2,EELS,Sodium Azide
669.8632144601856,13.697313116771282,2,EELS,Sodium Azide
670.8426966292135,13.69880067638017,2,EELS,Sodium Azide
671.8221787982413,13.717138811573875,2,EELS,Sodium Azide
672.8016609672692,13.686087915289917,2,EELS,Sodium Azide
673.781143136297,13.686087915289917,2,EELS,Sodium Azide
674.7606253053249,13.690092246446183,2,EELS,Sodium Azide
675.7401074743527,13.686087915289917,2,EELS,Sodium Azide
676.7195896433806,13.70632651684845,2,EELS,Sodium Azide
677.6990718124084,13.707406759744202,2,EELS,Sodium Azide
678.6785539814363,13.70532683932953,2,EELS,Sodium Azide
679.658036150464,13.697132425263346,2,EELS,Sodium Azide
680.6375183194918,13.686087915289917,2,EELS,Sodium Azide
681.6170004885197,13.686087915289917,2,EELS,Sodium Azide
682.5964826575475,13.686087915289917,2,EELS,Sodium Azide
683.5759648265754,13.686087915289917,2,EELS,Sodium Azide
684.5554469956032,13.720267350318359,2,EELS,Sodium Azide
685.5349291646311,13.696087915289917,2,EELS,Sodium Azide
686.5144113336589,13.686087915289917,2,EELS,Sodium Azide
687.4938935026868,13.686087915289917,2,EELS,Sodium Azide
688.4733756717146,13.70264284394403,2,EELS,Sodium Azide
689.4528578407425,13.715392811240054,2,EELS,Sodium Azide
690.4323400097703,13.686087915289917,2,EELS,Sodium Azide
691.4118221787982,13.696087915289917,2,EELS,Sodium Azide
692.391304347826,13.686087915289917,2,EELS,Sodium Azide
693.3707865168539,13.687116333818302,2,EELS,Sodium Azide
694.3502686858817,13.689171196874936,2,EELS,Sodium Azide
695.3297508549095,13.696087915289917,2,EELS,Sodium Azide
696.3092330239374,13.686087915289917,2,EELS,Sodium Azide
697.2887151929652,13.69064558968465,2,EELS,Sodium Azide
698.2681973619931,13.707494730518441,2,EELS,Sodium Azide
699.2476795310209,13.696087915289917,2,EELS,Sodium Azide
700.2271617000488,13.686087915289917,2,EELS,Sodium Azide
701.2066438690766,13.699023452285676,2,EELS,Sodium Azide
702.1861260381045,13.686087915289917,2,EELS,Sodium Azide
703.1656082071323,13.70447341537481,2,EELS,Sodium Azide
704.1450903761602,13.706087915289917,2,EELS,Sodium Azide
705.124572545188,13.686371186188047,2,EELS,Sodium Azide
706.1040547142159,13.702451228121804,2,EELS,Sodium Azide
707.0835368832437,13.696087915289917,2,EELS,Sodium Azide
708.0630190522716,13.696087915289917,2,EELS,Sodium Azide
709.0425012212994,13.686087915289917,2,EELS,Sodium Azide
710.0219833903273,13.717233839101345,2,EELS,Sodium Azide
711.0014655593551,13.686087915289917,2,EELS,Sodium Azide
711.980947728383,13.696087915289917,2,EELS,Sodium Azide
712.9604298974108,13.716143378545594,2,EELS,Sodium Azide
713.9399120664386,13.716087915289917,2,EELS,Sodium Azide
714.9193942354665,13.696087915289917,2,EELS,Sodium Azide
715.8988764044943,13.68819637429126,2,EELS,Sodium Azide
716.8783585735222,13.704523280497082,2,EELS,Sodium Azide
717.85784074255,13.71094408672569,2,EELS,Sodium Azide
718.8373229115779,13.715080493644605,2,EELS,Sodium Azide
719.8168050806057,13.70846357043436,2,EELS,Sodium Azide
720.7962872496336,13.686087915289917,2,EELS,Sodium Azide
721.7757694186614,13.696087915289917,2,EELS,Sodium Azide
722.7552515876893,13.687243499557267,2,EELS,Sodium Azide
723.7347337567171,13.68769231459193,2,EELS,Sodium Azide
724.714215925745,13.686087915289917,2,EELS,Sodium Azide
725.6936980947728,13.686087915289917,2,EELS,Sodium Azide
726.6731802638006,13.710647418547685,2,EELS,Sodium Azide
727.6526624328285,13.700242558669204,2,EELS,Sodium Azide
728.6321446018563,13.691702430390809,2,EELS,Sodium Azide
729.6116267708842,13.699519158331785,2,EELS,Sodium Azide
730.591108939912,13.686087915289917,2,EELS,Sodium Azide
731.5705911089399,13.696087915289917,2,EELS,Sodium Azide
732.5500732779677,13.696087915289917,2,EELS,Sodium Azide
733.5295554469956,13.704725768265005,2,EELS,Sodium Azide
734.5090376160234,13.686653006693215,2,EELS,Sodium Azide
735.4885197850513,13.686087915289917,2,EELS,Sodium Azide
736.4680019540791,13.686087915289917,2,EELS,Sodium Azide
737.447484123107,13.716436963252136,2,EELS,Sodium Azide
738.4269662921348,13.706087915289917,2,EELS,Sodium Azide
739.4064484611627,13.686087915289917,2,EELS,Sodium Azide
740.3859306301905,13.690718346208818,2,EELS,Sodium Azide
741.3654127992183,13.71259279401826,2,EELS,Sodium Azide
742.3448949682462,13.706235294209607,2,EELS,Sodium Azide
743.324377137274,13.70489541813877,2,EELS,Sodium Azide
744.3038593063019,13.691616133599457,2,EELS,Sodium Azide
745.2833414753297,13.686087915289917,2,EELS,Sodium Azide
746.2628236443576,13.686087915289917,2,EELS,Sodium Azide
747.2423058133854,13.689576981625581,2,EELS,Sodium Azide
748.2217879824133,13.717526109096276,2,EELS,Sodium Azide
749.2012701514411,13.686087915289917,2,EELS,Sodium Azide
750.180752320469,13.698687042531038,2,EELS,Sodium Azide
751.1602344894968,13.688251855330625,2,EELS,Sodium Azide
752.1397166585247,13.694957113079592,2,EELS,Sodium Azide
753.1191988275525,13.686087915289917,2,EELS,Sodium Azide
754.0986809965804,13.686087915289917,2,EELS,Sodium Azide
755.0781631656082,13.69405612378394,2,EELS,Sodium Azide
756.057645334636,13.693067982124868,2,EELS,Sodium Azide
757.0371275036639,13.69630303460689,2,EELS,Sodium Azide
758.0166096726917,13.69624889717904,2,EELS,Sodium Azide
758.9960918417196,13.686087915289917,2,EELS,Sodium Azide
759.9755740107474,13.686087915289917,2,EELS,Sodium Azide
760.9550561797753,13.694728859958314,2,EELS,Sodium Azide
761.9345383488031,13.690691250560239,2,EELS,Sodium Azide
762.914020517831,13.686087915289917,2,EELS,Sodium Azide
763.8935026868588,13.686087915289917,2,EELS,Sodium Azide
764.8729848558867,13.686087915289917,2,EELS,Sodium Azide
765.8524670249145,13.696087915289917,2,EELS,Sodium Azide
766.8319491939424,13.686087915289917,2,EELS,Sodium Azide
767.8114313629702,13.686087915289917,2,EELS,Sodium Azide
768.7909135319981,13.706087915289917,2,EELS,Sodium Azide
769.7703957010259,13.696087915289917,2,EELS,Sodium Azide
770.7498778700536,13.706087915289917,2,EELS,Sodium Azide
771.7293600390815,13.716960061863231,2,EELS,Sodium Azide
772.7088422081093,13.699102982624684,2,EELS,Sodium Azide
773.6883243771372,13.686087915289917,2,EELS,Sodium Azide
774.667806546165,13.699100282968764,2,EELS,Sodium Azide
775.6472887151929,13.690576491246256,2,EELS,Sodium Azide
776.6267708842207,13.708463664451259,2,EELS,Sodium Azide
777.6062530532486,13.686087915289917,2,EELS,Sodium Azide
778.5857352222764,13.697448244675659,2,EELS,Sodium Azide
779.5652173913043,13.686087915289917,2,EELS,Sodium Azide
780.5446995603321,13.686087915289917,2,EELS,Sodium Azide
781.52418172936,13.693686805165939,2,EELS,Sodium Azide
782.5036638983878,13.719463102905335,2,EELS,Sodium Azide
783.4831460674156,13.712690170831754,2,EELS,Sodium Azide
784.4626282364435,13.686087915289917,2,EELS,Sodium Azide
785.4421104054713,13.70341901944579,2,EELS,Sodium Azide
786.4215925744992,13.686087915289917,2,EELS,Sodium Azide
787.401074743527,13.704275209403512,2,EELS,Sodium Azide
788.3805569125549,13.686087915289917,2,EELS,Sodium Azide
789.3600390815827,13.696087915289917,2,EELS,Sodium Azide
790.3395212506106,13.686087915289917,2,EELS,Sodium Azide
791.3190034196384,13.697081551654998,2,EELS,Sodium Azide
792.2984855886663,13.696087915289917,2,EELS,Sodium Azide
793.2779677576941,13.732993454602578,2,EELS,Sodium Azide
794.257449926722,13.696742905967191,2,EELS,Sodium Azide
795.2369320957498,13.692382524255098,2,EELS,Sodium Azide
796.2164142647777,13.722775426893246,2,EELS,Sodium Azide
797.1958964338055,13.730504268508344,2,EELS,Sodium Azide
798.1753786028333,13.686087915289917,2,EELS,Sodium Azide
799.1548607718612,13.700164389411238,2,EELS,Sodium Azide
800.134342940889,13.686087915289917,2,EELS,Sodium Azide
801.1138251099169,13.705540763683084,2,EELS,Sodium Azide
802.0933072789447,13.712304090183428,2,EELS,Sodium Azide
803.0727894479726,13.690909398368802,2,EELS,Sodium Azide
804.0522716170004,13.686087915289917,2,EELS,Sodium Azide
805.0317537860283,13.686087915289917,2,EELS,Sodium Azide
806.0112359550561,13.699737027715694,2,EELS,Sodium Azide
806.990718124084,13.686087915289917,2,EELS,Sodium Azide
807.9702002931118,13.68705442144798,2,EELS,Sodium Azide
808.9496824621397,13.693980497130415,2,EELS,Sodium Azide
809.9291646311675,13.69334141067372,2,EELS,Sodium Azide
810.9086468001954,13.699081461018604,2,EELS,Sodium Azide
811.8881289692232,13.686087915289917,2,EELS,Sodium Azide
812.867611138251,13.686087915289917,2,EELS,Sodium Azide
813.8470933072789,13.704983110371586,2,EELS,Sodium Azide
814.8265754763067,13.691877744032102,2,EELS,Sodium Azide
815.8060576453346,13.696087915289917,2,EELS,Sodium Azide
816.7855398143624,13.707265497238312,2,EELS,Sodium Azide
817.7650219833903,13.686087915289917,2,EELS,Sodium Azide
818.7445041524181,13.686087915289917,2,EELS,Sodium Azide
819.723986321446,13.696087915289917,2,EELS,Sodium Azide
820.7034684904738,13.686087915289917,2,EELS,Sodium Azide
821.6829506595017,13.686087915289917,2,EELS,Sodium Azide
822.6624328285295,13.6988037065052,2,EELS,Sodium Azide
823.6419149975574,13.686087915289917,2,EELS,Sodium Azide
824.6213971665852,13.698140622694956,2,EELS,Sodium Azide
825.6008793356131,13.686087915289917,2,EELS,Sodium Azide
826.5803615046409,13.686087915289917,2,EELS,Sodium Azide
827.5598436736688,13.696087915289917,2,EELS,Sodium Azide
828.5393258426966,13.686087915289917,2,EELS,Sodium Azide
829.5188080117244,13.686087915289917,2,EELS,Sodium Azide
830.4982901807523,13.70172176013882,2,EELS,Sodium Azide
831.4777723497801,13.698487480156624,2,EELS,Sodium Azide
832.457254518808,13.686087915289917,2,EELS,Sodium Azide
833.4367366878358,13.707265900852404,2,EELS,Sodium Azide
834.4162188568637,13.708351930410725,2,EELS,Sodium Azide
835.3957010258915,13.69822943827053,2,EELS,Sodium Azide
836.3751831949194,13.696111347210023,2,EELS,Sodium Azide
837.3546653639472,13.686087915289917,2,EELS,Sodium Azide
838.3341475329751,13.698424417152575,2,EELS,Sodium Azide
839.3136297020029,13.691052640694595,2,EELS,Sodium Azide
840.2931118710308,13.686087915289917,2,EELS,Sodium Azide
841.2725940400586,13.686087915289917,2,EELS,Sodium Azide
842.2520762090865,13.686087915289917,2,EELS,Sodium Azide
843.2315583781143,13.688811112230177,2,EELS,Sodium Azide
844.2110405471421,13.698368202927568,2,EELS,Sodium Azide
845.19052271617,13.686087915289917,2,EELS,Sodium Azide
846.1700048851978,13.686087915289917,2,EELS,Sodium Azide
847.1494870542257,13.686087915289917,2,EELS,Sodium Azide
848.1289692232535,13.686087915289917,2,EELS,Sodium Azide
849.1084513922814,13.686087915289917,2,EELS,Sodium Azide
850.0879335613092,13.70405403358528,2,EELS,Sodium Azide
851.0674157303371,13.706087915289917,2,EELS,Sodium Azide
852.0468978993649,13.700554326121523,2,EELS,Sodium Azide
853.0263800683928,13.686087915289917,2,EELS,Sodium Azide
854.0058622374206,13.686087915289917,2,EELS,Sodium Azide
854.9853444064485,13.696087915289917,2,EELS,Sodium Azide
855.9648265754763,13.713270096002578,2,EELS,Sodium Azide
856.9443087445042,13.696087915289917,2,EELS,Sodium Azide
857.923790913532,13.686087915289917,2,EELS,Sodium Azide
858.9032730825598,13.686087915289917,2,EELS,Sodium Azide
859.8827552515877,13.696532385234697,2,EELS,Sodium Azide
860.8622374206155,13.692444551636113,2,EELS,Sodium Azide
861.8417195896433,13.700013308055082,2,EELS,Sodium Azide
862.8212017586711,13.68789242530671,2,EELS,Sodium Azide
863.800683927699,13.698036713135888,2,EELS,Sodium Azide
864.7801660967268,13.686087915289917,2,EELS,Sodium Azide
865.7596482657547,13.695308771012384,2,EELS,Sodium Azide
866.7391304347825,13.686087915289917,2,EELS,Sodium Azide
867.7186126038104,13.696087915289917,2,EELS,Sodium Azide
868.6980947728382,13.686087915289917,2,EELS,Sodium Azide
869.677576941866,13.686087915289917,2,EELS,Sodium Azide
870.6570591108939,13.686087915289917,2,EELS,Sodium Azide
871.6365412799217,13.687341781911343,2,EELS,Sodium Azide
872.6160234489496,13.686808660531256,2,EELS,Sodium Azide
873.5955056179774,13.686087915289917,2,EELS,Sodium Azide
874.5749877870053,13.706087915289917,2,EELS,Sodium Azide
875.5544699560331,13.686087915289917,2,EELS,Sodium Azide
876.533952125061,13.70007909385302,2,EELS,Sodium Azide
877.5134342940888,13.696087915289917,2,EELS,Sodium Azide
878.4929164631167,13.686087915289917,2,EELS,Sodium Azide
879.4723986321445,13.712379655242232,2,EELS,Sodium Azide
880.4518808011724,13.686087915289917,2,EELS,Sodium Azide
881.4313629702002,13.686087915289917,2,EELS,Sodium Azide
882.4108451392281,13.686087915289917,2,EELS,Sodium Azide
883.3903273082559,13.686087915289917,2,EELS,Sodium Azide
884.3698094772838,13.690573842413958,2,EELS,Sodium Azide
885.3492916463116,13.693715160982938,2,EELS,Sodium Azide
886.3287738153394,13.712402698108532,2,EELS,Sodium Azide
887.3082559843673,13.696087915289917,2,EELS,Sodium Azide
888.2877381533951,13.692378399539795,2,EELS,Sodium Azide
889.267220322423,13.696087915289917,2,EELS,Sodium Azide
890.2467024914508,13.696087915289917,2,EELS,Sodium Azide
891.2261846604787,13.686087915289917,2,EELS,Sodium Azide
892.2056668295065,13.696087915289917,2,EELS,Sodium Azide
893.1851489985344,13.703348425542867,2,EELS,Sodium Azide
894.1646311675622,13.704758091382441,2,EELS,Sodium Azide
895.1441133365901,13.706403628402715,2,EELS,Sodium Azide
896.1235955056179,13.719945789686589,2,EELS,Sodium Azide
897.1030776746458,13.686087915289917,2,EELS,Sodium Azide
898.0825598436736,13.686087915289917,2,EELS,Sodium Azide
899.0620420127015,13.686087915289917,2,EELS,Sodium Azide
900.0415241817293,13.696087915289917,2,EELS,Sodium Azide
901.0210063507571,13.68781403944028,2,EELS,Sodium Azide
902.000488519785,13.68721357947745,2,EELS,Sodium Azide
902.9799706888128,13.697687324883688,2,EELS,Sodium Azide
903.9594528578407,13.686087915289917,2,EELS,Sodium Azide
904.9389350268685,13.694354944442228,2,EELS,Sodium Azide
905.9184171958964,13.698607157888624,2,EELS,Sodium Azide
906.8978993649242,13.703639333361052,2,EELS,Sodium Azide
907.8773815339521,13.686087915289917,2,EELS,Sodium Azide
908.8568637029799,13.699339141423119,2,EELS,Sodium Azide
909.8363458720078,13.686087915289917,2,EELS,Sodium Azide
910.8158280410356,13.686087915289917,2,EELS,Sodium Azide
911.7953102100635,13.691611333541944,2,EELS,Sodium Azide
912.7747923790913,13.687090076723758,2,EELS,Sodium Azide
913.7542745481192,13.686087915289917,2,EELS,Sodium Azide
914.733756717147,13.686224402536409,2,EELS,Sodium Azide
915.7132388861748,13.686087915289917,2,EELS,Sodium Azide
916.6927210552027,13.707891522096121,2,EELS,Sodium Azide
917.6722032242305,13.686087915289917,2,EELS,Sodium Azide
918.6516853932584,13.697567479678497,2,EELS,Sodium Azide
919.6311675622862,13.686087915289917,2,EELS,Sodium Azide
920.6106497313141,13.686087915289917,2,EELS,Sodium Azide
921.5901319003419,13.686087915289917,2,EELS,Sodium Azide
922.5696140693698,13.695094402472886,2,EELS,Sodium Azide
923.5490962383976,13.686087915289917,2,EELS,Sodium Azide
924.5285784074255,13.692732002573269,2,EELS,Sodium Azide
925.5080605764533,13.686087915289917,2,EELS,Sodium Azide
926.4875427454812,13.696087915289917,2,EELS,Sodium Azide
927.467024914509,13.696087915289917,2,EELS,Sodium Azide
928.4465070835369,13.686087915289917,2,EELS,Sodium Azide
929.4259892525647,13.68650227298419,2,EELS,Sodium Azide
930.4054714215926,13.686087915289917,2,EELS,Sodium Azide
931.3849535906204,13.695600120148057,2,EELS,Sodium Azide
932.3644357596482,13.686087915289917,2,EELS,Sodium Azide
933.3439179286761,13.696087915289917,2,EELS,Sodium Azide
934.3234000977039,13.692844838961857,2,EELS,Sodium Azide
935.3028822667318,13.705986083796336,2,EELS,Sodium Azide
936.2823644357596,13.686087915289917,2,EELS,Sodium Azide
937.2618466047875,13.696087915289917,2,EELS,Sodium Azide
938.2413287738153,13.686087915289917,2,EELS,Sodium Azide
939.2208109428432,13.686087915289917,2,EELS,Sodium Azide
940.200293111871,13.686087915289917,2,EELS,Sodium Azide
941.1797752808989,13.6972457263974,2,EELS,Sodium Azide
942.1592574499267,13.686087915289917,2,EELS,Sodium Azide
943.1387396189546,13.693169713913464,2,EELS,Sodium Azide
944.1182217879824,13.686087915289917,2,EELS,Sodium Azide
945.0977039570103,13.686087915289917,2,EELS,Sodium Azide
946.0771861260381,13.698228417771903,2,EELS,Sodium Azide
947.056668295066,13.699638944449521,2,EELS,Sodium Azide
948.0361504640938,13.686087915289917,2,EELS,Sodium Azide
949.0156326331216,13.686087915289917,2,EELS,Sodium Azide
949.9951148021495,13.686087915289917,2,EELS,Sodium Azide
950.9745969711773,13.686087915289917,2,EELS,Sodium Azide
951.9540791402052,13.706087915289917,2,EELS,Sodium Azide
952.9335613092329,13.693858616972511,2,EELS,Sodium Azide
953.9130434782608,13.696087915289917,2,EELS,Sodium Azide
954.8925256472886,13.686087915289917,2,EELS,Sodium Azide
955.8720078163165,13.704184685701788,2,EELS,Sodium Azide
956.8514899853443,13.69941416282926,2,EELS,Sodium Azide
957.8309721543721,13.706087915289917,2,EELS,Sodium Azide
958.8104543234,13.696087915289917,2,EELS,Sodium Azide
959.7899364924278,13.6872812387081,2,EELS,Sodium Azide
960.7694186614557,13.703535402066924,2,EELS,Sodium Azide
961.7489008304835,13.686087915289917,2,EELS,Sodium Azide
962.7283829995114,13.696104518753534,2,EELS,Sodium Azide
963.7078651685392,13.700423112458473,2,EELS,Sodium Azide
964.6873473375671,13.686087915289917,2,EELS,Sodium Azide
965.6668295065949,13.686087915289917,2,EELS,Sodium Azide
966.6463116756228,13.696087915289917,2,EELS,Sodium Azide
967.6257938446506,13.686087915289917,2,EELS,Sodium Azide
968.6052760136785,13.686087915289917,2,EELS,Sodium Azide
969.5847581827063,13.692876518385154,2,EELS,Sodium Azide
970.5642403517342,13.69726741124004,2,EELS,Sodium Azide
971.543722520762,13.686087915289917,2,EELS,Sodium Azide
972.5232046897898,13.686087915289917,2,EELS,Sodium Azide
973.5026868588177,13.696087915289917,2,EELS,Sodium Azide
974.4821690278455,13.689141761215172,2,EELS,Sodium Azide
975.4616511968734,13.698691634037663,2,EELS,Sodium Azide
976.4411333659012,13.686087915289917,2,EELS,Sodium Azide
977.4206155349291,13.707419872839015,2,EELS,Sodium Azide
978.4000977039569,13.701603516400489,2,EELS,Sodium Azide
979.3795798729848,13.690040571323099,2,EELS,Sodium Azide
980.3590620420126,13.686087915289917,2,EELS,Sodium Azide
981.3385442110405,13.696087915289917,2,EELS,Sodium Azide
982.3180263800683,13.696087915289917,2,EELS,Sodium Azide
983.2975085490962,13.702839925141934,2,EELS,Sodium Azide
984.276990718124,13.696087915289917,2,EELS,Sodium Azide
985.2564728871519,13.686087915289917,2,EELS,Sodium Azide
986.2359550561797,13.696087915289917,2,EELS,Sodium Azide
987.2154372252076,13.697354771180162,2,EELS,Sodium Azide
988.1949193942354,13.716134558070861,2,EELS,Sodium Azide
989.1744015632632,13.690741731550817,2,EELS,Sodium Azide
990.1538837322911,13.696989972556914,2,EELS,Sodium Azide
991.1333659013189,13.686520788997607,2,EELS,Sodium Azide
992.1128480703468,13.686087915289917,2,EELS,Sodium Azide
993.0923302393746,13.703745239287198,2,EELS,Sodium Azide
994.0718124084025,13.687513636204217,2,EELS,Sodium Azide
995.0512945774303,13.690513833504676,2,EELS,Sodium Azide
996.0307767464582,13.696087915289917,2,EELS,Sodium Azide
997.010258915486,13.686087915289917,2,EELS,Sodium Azide
997.9897410845139,13.686087915289917,2,EELS,Sodium Azide
998.9692232535417,13.706564268650169,2,EELS,Sodium Azide
999.9487054225696,13.686087915289917,2,EELS,Sodium Azide
1000.9281875915974,13.717385635798836,2,EELS,Sodium Azide
1001.9076697606253,13.720538700932927,2,EELS,Sodium Azide
1002.8871519296531,13.696087915289917,2,EELS,Sodium Azide
1003.866634098681,13.696087915289917,2,EELS,Sodium Azide
1004.8461162677088,13.696087915289917,2,EELS,Sodium Azide
1005.8255984367366,13.686087915289917,2,EELS,Sodium Azide
1006.8050806057645,13.702456858561785,2,EELS,Sodium Azide
1007.7845627747923,13.70331502187694,2,EELS,Sodium Azide
1008.7640449438202,13.691581727511721,2,EELS,Sodium Azide
1009.743527112848,13.697830358058486,2,EELS,Sodium Azide
1010.7230092818759,13.696087915289917,2,EELS,Sodium Azide
1011.7024914509037,13.686087915289917,2,EELS,Sodium Azide
1012.6819736199316,13.71472845386789,2,EELS,Sodium Azide
1013.6614557889594,13.696087915289917,2,EELS,Sodium Azide
1014.6409379579873,13.686087915289917,2,EELS,Sodium Azide
1015.6204201270151,13.686087915289917,2,EELS,Sodium Azide
1016.599902296043,13.686087915289917,2,EELS,Sodium Azide
1017.5793844650708,13.68752515434658,2,EELS,Sodium Azide
1018.5588666340986,13.69357264717633,2,EELS,Sodium Azide
1019.5383488031264,13.692645316112582,2,EELS,Sodium Azide
1020.5178309721543,13.688781434391808,2,EELS,Sodium Azide
1021.4973131411821,13.698335437406733,2,EELS,Sodium Azide
1022.47679531021,13.686087915289917,2,EELS,Sodium Azide
1023.4562774792378,13.70128818452349,2,EELS,Sodium Azide
1024.4357596482657,13.69253192823389,2,EELS,Sodium Azide
1025.4152418172935,13.706087915289917,2,EELS,Sodium Azide
1026.3947239863214,13.686087915289917,2,EELS,Sodium Azide
1027.3742061553492,13.696087915289917,2,EELS,Sodium Azide
1028.3536883243771,13.696087915289917,2,EELS,Sodium Azide
1029.3331704934049,13.713825503356825,2,EELS,Sodium Azide
1030.3126526624328,13.686087915289917,2,EELS,Sodium Azide
1031.2921348314605,13.696087915289917,2,EELS,Sodium Azide
1032.2716170004885,13.706087915289917,2,EELS,Sodium Azide
1033.2510991695162,13.697549952144575,2,EELS,Sodium Azide
1034.2305813385442,13.686273867468623,2,EELS,Sodium Azide
1035.210063507572,13.686087915289917,2,EELS,Sodium Azide
1036.1895456766,13.686087915289917,2,EELS,Sodium Azide
1037.1690278456276,13.70931838020019,2,EELS,Sodium Azide
1038.1485100146556,13.696087915289917,2,EELS,Sodium Azide
1039.1279921836833,13.699557341833712,2,EELS,Sodium Azide
1040.1074743527113,13.698287144689843,2,EELS,Sodium Azide
1041.086956521739,13.686087915289917,2,EELS,Sodium Azide
1042.066438690767,13.721646975619961,2,EELS,Sodium Azide
1043.0459208597947,13.686087915289917,2,EELS,Sodium Azide
1044.0254030288227,13.696087915289917,2,EELS,Sodium Azide
1045.0048851978504,13.696087915289917,2,EELS,Sodium Azide
1045.9843673668784,13.69585396772613,2,EELS,Sodium Azide
1046.963849535906,13.713367815388251,2,EELS,Sodium Azide
1047.943331704934,13.713171229772406,2,EELS,Sodium Azide
1048.9228138739618,13.718622617132326,2,EELS,Sodium Azide
1049.9022960429897,13.696087915289917,2,EELS,Sodium Azide
1050.8817782120175,13.686087915289917,2,EELS,Sodium Azide
1051.8612603810454,13.696087915289917,2,EELS,Sodium Azide
1052.8407425500732,13.706903153841827,2,EELS,Sodium Azide
1053.8202247191011,13.690922176759006,2,EELS,Sodium Azide
1054.7997068881289,13.706087915289917,2,EELS,Sodium Azide
1055.7791890571568,13.699683818630005,2,EELS,Sodium Azide
1056.7586712261846,13.696087915289917,2,EELS,Sodium Azide
1057.7381533952125,13.690285862035532,2,EELS,Sodium Azide
1058.7176355642403,13.686087915289917,2,EELS,Sodium Azide
1059.6971177332682,13.69265244250445,2,EELS,Sodium Azide
1060.676599902296,13.686087915289917,2,EELS,Sodium Azide
1061.656082071324,13.696087915289917,2,EELS,Sodium Azide
1062.6355642403516,13.706909083985702,2,EELS,Sodium Azide
1063.6150464093796,13.696835640767139,2,EELS,Sodium Azide
1064.5945285784073,13.686087915289917,2,EELS,Sodium Azide
1065.5740107474353,13.694043489202945,2,EELS,Sodium Azide
1066.553492916463,13.696087915289917,2,EELS,Sodium Azide
1067.532975085491,13.686087915289917,2,EELS,Sodium Azide
1068.5124572545187,13.686087915289917,2,EELS,Sodium Azide
1069.4919394235467,13.693756222339056,2,EELS,Sodium Azide
1070.4714215925744,13.68645881053677,2,EELS,Sodium Azide
1071.4509037616024,13.693175662112434,2,EELS,Sodium Azide
1072.43038593063,13.697231111555364,2,EELS,Sodium Azide
1073.409868099658,13.693191260397153,2,EELS,Sodium Azide
1074.3893502686858,13.688922865630932,2,EELS,Sodium Azide
1075.3688324377138,13.696087915289917,2,EELS,Sodium Azide
1076.3483146067415,13.686108736930318,2,EELS,Sodium Azide
1077.3277967757695,13.686087915289917,2,EELS,Sodium Azide
1078.3072789447972,13.686087915289917,2,EELS,Sodium Azide
1079.2867611138252,13.696087915289917,2,EELS,Sodium Azide
1080.2662432828529,13.696087915289917,2,EELS,Sodium Azide
1081.2457254518808,13.696087915289917,2,EELS,Sodium Azide
1082.2252076209086,13.686087915289917,2,EELS,Sodium Azide
1083.2046897899365,13.698108907208574,2,EELS,Sodium Azide
1084.1841719589643,13.696087915289917,2,EELS,Sodium Azide
1085.1636541279922,13.696296408155025,2,EELS,Sodium Azide
1086.14313629702,13.715517376965384,2,EELS,Sodium Azide
1087.122618466048,13.706570548736172,2,EELS,Sodium Azide
1088.1021006350757,13.702898849402285,2,EELS,Sodium Azide
1089.0815828041036,13.690125309191266,2,EELS,Sodium Azide
1090.0610649731314,13.698043616176887,2,EELS,Sodium Azide
1091.040547142159,13.686087915289917,2,EELS,Sodium Azide
1092.020029311187,13.696087915289917,2,EELS,Sodium Azide
1092.9995114802148,13.696087915289917,2,EELS,Sodium Azide
1093.9789936492427,13.698233389174451,2,EELS,Sodium Azide
1094.9584758182705,13.701845611103808,2,EELS,Sodium Azide
1095.9379579872984,13.686087915289917,2,EELS,Sodium Azide
1096.9174401563262,13.696087915289917,2,EELS,Sodium Azide
1097.8969223253541,13.686087915289917,2,EELS,Sodium Azide
1098.8764044943819,13.690038150227341,2,EELS,Sodium Azide
1099.8558866634098,13.707608641039657,2,EELS,Sodium Azide
1100.8353688324376,13.686087915289917,2,EELS,Sodium Azide
1101.8148510014655,13.690311118611758,2,EELS,Sodium Azide
1102.7943331704932,13.686087915289917,2,EELS,Sodium Azide
1103.7738153395212,13.68729159966711,2,EELS,Sodium Azide
1104.753297508549,13.700816327179753,2,EELS,Sodium Azide
1105.732779677577,13.696087915289917,2,EELS,Sodium Azide
1106.7122618466046,13.686087915289917,2,EELS,Sodium Azide
1107.6917440156326,13.686087915289917,2,EELS,Sodium Azide
1108.6712261846603,13.736031063906117,2,EELS,Sodium Azide
1109.6507083536883,13.690405628904738,2,EELS,Sodium Azide
1110.630190522716,13.688384342914073,2,EELS,Sodium Azide
1111.609672691744,13.686087915289917,2,EELS,Sodium Azide
1112.5891548607717,13.686087915289917,2,EELS,Sodium Azide
1113.5686370297997,13.695299986392312,2,EELS,Sodium Azide
1114.5481191988274,13.696518790640692,2,EELS,Sodium Azide
1115.5276013678554,13.712860866171974,2,EELS,Sodium Azide
1116.507083536883,13.70415097865596,2,EELS,Sodium Azide
1117.486565705911,13.70672694294859,2,EELS,Sodium Azide
1118.4660478749388,13.687084179341053,2,EELS,Sodium Azide
1119.4455300439668,13.686087915289917,2,EELS,Sodium Azide
1120.4250122129945,13.686087915289917,2,EELS,Sodium Azide
1121.4044943820224,13.686087915289917,2,EELS,Sodium Azide
1122.3839765510502,13.686087915289917,2,EELS,Sodium Azide
1123.3634587200781,13.690115092644666,2,EELS,Sodium Azide
1124.3429408891059,13.696087915289917,2,EELS,Sodium Azide
1125.3224230581338,13.686087915289917,2,EELS,Sodium Azide
1126.3019052271616,13.686087915289917,2,EELS,Sodium Azide
1127.2813873961895,13.686087915289917,2,EELS,Sodium Azide
1128.2608695652173,13.700994790379356,2,EELS,Sodium Azide
1129.2403517342452,13.713634001507364,2,EELS,Sodium Azide
1130.219833903273,13.686087915289917,2,EELS,Sodium Azide
1131.199316072301,13.689476565094154,2,EELS,Sodium Azide
1132.1787982413286,13.695847529682782,2,EELS,Sodium Azide
1133.1582804103566,13.686087915289917,2,EELS,Sodium Azide
1134.1377625793843,13.689874166486497,2,EELS,Sodium Azide
1135.1172447484123,13.686087915289917,2,EELS,Sodium Azide
1136.09672691744,13.704953286238926,2,EELS,Sodium Azide
1137.076209086468,13.697676981319017,2,EELS,Sodium Azide
1138.0556912554957,13.689176679915228,2,EELS,Sodium Azide
1139.0351734245237,13.706087915289917,2,EELS,Sodium Azide
1140.0146555935514,13.693343698967944,2,EELS,Sodium Azide
1140.9941377625794,13.707394709329124,2,EELS,Sodium Azide
1141.9736199316071,13.686087915289917,2,EELS,Sodium Azide
1142.953102100635,13.706087915289917,2,EELS,Sodium Azide
1143.9325842696628,13.688494552316463,2,EELS,Sodium Azide
1144.9120664386908,13.694152926411968,2,EELS,Sodium Azide
1145.8915486077185,13.686087915289917,2,EELS,Sodium Azide
1146.8710307767465,13.706087915289917,2,EELS,Sodium Azide
1147.8505129457742,13.699994602886429,2,EELS,Sodium Azide
1148.8299951148022,13.693888522147605,2,EELS,Sodium Azide
1149.80947728383,13.686087915289917,2,EELS,Sodium Azide
1150.7889594528579,13.696087915289917,2,EELS,Sodium Azide
1151.7684416218856,13.702125893213795,2,EELS,Sodium Azide
1152.7479237909135,13.700898005852995,2,EELS,Sodium Azide
1153.7274059599413,13.70570501868046,2,EELS,Sodium Azide
1154.7068881289692,13.716087915289917,2,EELS,Sodium Azide
1155.686370297997,13.686978028961583,2,EELS,Sodium Azide
1156.665852467025,13.686087915289917,2,EELS,Sodium Azide
1157.6453346360527,13.69763852033333,2,EELS,Sodium Azide
1158.6248168050806,13.686087915289917,2,EELS,Sodium Azide
1159.6042989741084,13.696087915289917,2,EELS,Sodium Azide
1160.5837811431363,13.70643520458035,2,EELS,Sodium Azide
1161.563263312164,13.696087915289917,2,EELS,Sodium Azide
1162.542745481192,13.720190313005748,2,EELS,Sodium Azide
1163.5222276502197,13.696087915289917,2,EELS,Sodium Azide
1164.5017098192477,13.686087915289917,2,EELS,Sodium Azide
1165.4811919882754,13.686087915289917,2,EELS,Sodium Azide
1166.4606741573034,13.686206071934896,2,EELS,Sodium Azide
1167.4401563263311,13.686087915289917,2,EELS,Sodium Azide
1168.419638495359,13.686087915289917,2,EELS,Sodium Azide
1169.3991206643868,13.686087915289917,2,EELS,Sodium Azide
1170.3786028334148,13.693208123982561,2,EELS,Sodium Azide
1171.3580850024425,13.693439239402561,2,EELS,Sodium Azide
1172.3375671714705,13.696087915289917,2,EELS,Sodium Azide
1173.3170493404982,13.709734978814346,2,EELS,Sodium Azide
1174.2965315095262,13.731601849637048,2,EELS,Sodium Azide
1175.276013678554,13.696599680146214,2,EELS,Sodium Azide
1176.2554958475819,13.716087915289917,2,EELS,Sodium Azide
1177.2349780166096,13.714935914516358,2,EELS,Sodium Azide
1178.2144601856376,13.696087915289917,2,EELS,Sodium Azide
1179.1939423546653,13.68633529650322,2,EELS,Sodium Azide
1180.1734245236933,13.687962154121086,2,EELS,Sodium Azide
1181.152906692721,13.7098493829439,2,EELS,Sodium Azide
1182.1323888617487,13.689799065598478,2,EELS,Sodium Azide
1183.1118710307767,13.686087915289917,2,EELS,Sodium Azide
1184.0913531998044,13.696087915289917,2,EELS,Sodium Azide
1185.0708353688324,13.686087915289917,2,EELS,Sodium Azide
1186.05031753786,13.686087915289917,2,EELS,Sodium Azide
1187.029799706888,13.706617553242952,2,EELS,Sodium Azide
1188.0092818759158,13.686087915289917,2,EELS,Sodium Azide
1188.9887640449438,13.696087915289917,2,EELS,Sodium Azide
1189.9682462139715,13.698930943848847,2,EELS,Sodium Azide
1190.9477283829995,13.686087915289917,2,EELS,Sodium Azide
1191.9272105520272,13.686087915289917,2,EELS,Sodium Azide
1192.9066927210552,13.696087915289917,2,EELS,Sodium Azide
1193.8861748900829,13.686826719222474,2,EELS,Sodium Azide
1194.8656570591108,13.686087915289917,2,EELS,Sodium Azide
1195.8451392281386,13.68951178369288,2,EELS,Sodium Azide
1196.8246213971665,13.686087915289917,2,EELS,Sodium Azide
1197.8041035661943,13.703580092459191,2,EELS,Sodium Azide
1198.7835857352222,13.691473034560875,2,EELS,Sodium Azide
1199.76306790425,13.696087915289917,2,EELS,Sodium Azide
1200.742550073278,13.696087915289917,2,EELS,Sodium Azide
1201.7220322423057,13.716087915289917,2,EELS,Sodium Azide
1202.7015144113336,13.692378805420718,2,EELS,Sodium Azide
1203.6809965803614,13.696087915289917,2,EELS,Sodium Azide
1204.6604787493893,13.686087915289917,2,EELS,Sodium Azide
1205.639960918417,13.686724066817652,2,EELS,Sodium Azide
1206.619443087445,13.686087915289917,2,EELS,Sodium Azide
1207.5989252564727,13.696087915289917,2,EELS,Sodium Azide
1208.5784074255007,13.686087915289917,2,EELS,Sodium Azide
1209.5578895945284,13.706059642341863,2,EELS,Sodium Azide
1210.5373717635564,13.689175940804123,2,EELS,Sodium Azide
1211.5168539325841,13.696087915289917,2,EELS,Sodium Azide
1212.496336101612,13.705493721967734,2,EELS,Sodium Azide
1213.4758182706398,13.697015808945133,2,EELS,Sodium Azide
1214.4553004396678,13.686087915289917,2,EELS,Sodium Azide
1215.4347826086955,13.694866149366213,2,EELS,Sodium Azide
1216.4142647777235,13.690187889741344,2,EELS,Sodium Azide
1217.3937469467512,13.710152465031788,2,EELS,Sodium Azide
1218.3732291157792,13.686087915289917,2,EELS,Sodium Azide
1219.352711284807,13.700722650532215,2,EELS,Sodium Azide
1220.3321934538349,13.686087915289917,2,EELS,Sodium Azide
1221.3116756228626,13.70179799678063,2,EELS,Sodium Azide
1222.2911577918906,13.696087915289917,2,EELS,Sodium Azide
1223.2706399609183,13.696087915289917,2,EELS,Sodium Azide
1224.2501221299462,13.703692148423043,2,EELS,Sodium Azide
1225.229604298974,13.686087915289917,2,EELS,Sodium Azide
1226.209086468002,13.686087915289917,2,EELS,Sodium Azide
1227.1885686370297,13.686087915289917,2,EELS,Sodium Azide
1228.1680508060576,13.686087915289917,2,EELS,Sodium Azide
1229.1475329750854,13.686087915289917,2,EELS,Sodium Azide
1230.1270151441133,13.696087915289917,2,EELS,Sodium Azide
1231.106497313141,13.687513038179388,2,EELS,Sodium Azide
1232.085979482169,13.686087915289917,2,EELS,Sodium Azide
1233.0654616511968,13.686087915289917,2,EELS,Sodium Azide
1234.0449438202247,13.696566223935967,2,EELS,Sodium Azide
1235.0244259892524,13.706559237995998,2,EELS,Sodium Azide
1236.0039081582804,13.686087915289917,2,EELS,Sodium Azide
1236.9833903273081,13.706087915289917,2,EELS,Sodium Azide
1237.962872496336,13.696087915289917,2,EELS,Sodium Azide
1238.9423546653638,13.70203580159687,2,EELS,Sodium Azide
1239.9218368343918,13.720528322733276,2,EELS,Sodium Azide
1240.9013190034195,13.696087915289917,2,EELS,Sodium Azide
1241.8808011724475,13.687135883711482,2,EELS,Sodium Azide
1242.8602833414752,13.68957773545988,2,EELS,Sodium Azide
1243.8397655105032,13.686087915289917,2,EELS,Sodium Azide
1244.819247679531,13.696334939532104,2,EELS,Sodium Azide
1245.7987298485589,13.686087915289917,2,EELS,Sodium Azide
1246.7782120175866,13.686087915289917,2,EELS,Sodium Azide
1247.7576941866146,13.689867032895648,2,EELS,Sodium Azide
1248.7371763556423,13.696087915289917,2,EELS,Sodium Azide
1249.7166585246703,13.698189534290758,2,EELS,Sodium Azide
1250.696140693698,13.696087915289917,2,EELS,Sodium Azide
1251.675622862726,13.696087915289917,2,EELS,Sodium Azide
1252.6551050317537,13.696087915289917,2,EELS,Sodium Azide
1253.6345872007817,13.686087915289917,2,EELS,Sodium Azide
1254.6140693698094,13.70031285742275,2,EELS,Sodium Azide
1255.5935515388373,13.696087915289917,2,EELS,Sodium Azide
1256.573033707865,13.686087915289917,2,EELS,Sodium Azide
1257.552515876893,13.686087915289917,2,EELS,Sodium Azide
1258.5319980459208,13.711943800408324,2,EELS,Sodium Azide
1259.5114802149487,13.696087915289917,2,EELS,Sodium Azide
1260.4909623839765,13.686087915289917,2,EELS,Sodium Azide
1261.4704445530044,13.70482775804711,2,EELS,Sodium Azide
1262.4499267220322,13.686426005724817,2,EELS,Sodium Azide
1263.4294088910601,13.691395091477261,2,EELS,Sodium Azide
1264.4088910600879,13.686087915289917,2,EELS,Sodium Azide
1265.3883732291158,13.686087915289917,2,EELS,Sodium Azide
1266.3678553981435,13.687219075993948,2,EELS,Sodium Azide
1267.3473375671715,13.686087915289917,2,EELS,Sodium Azide
1268.3268197361992,13.692514617303239,2,EELS,Sodium Azide
1269.3063019052272,13.686087915289917,2,EELS,Sodium Azide
1270.285784074255,13.688217047373453,2,EELS,Sodium Azide
1271.265266243283,13.686087915289917,2,EELS,Sodium Azide
1272.2447484123106,13.715385693470179,2,EELS,Sodium Azide
1273.2242305813384,13.696087915289917,2,EELS,Sodium Azide
1274.2037127503663,13.703240028300772,2,EELS,Sodium Azide
1275.183194919394,13.686087915289917,2,EELS,Sodium Azide
1276.162677088422,13.689266609343242,2,EELS,Sodium Azide
1277.1421592574497,13.696087915289917,2,EELS,Sodium Azide
1278.1216414264777,13.710735776467624,2,EELS,Sodium Azide
1279.1011235955054,13.686087915289917,2,EELS,Sodium Azide
1280.0806057645334,13.69642272619729,2,EELS,Sodium Azide
1281.0600879335611,13.693243657127002,2,EELS,Sodium Azide
1282.039570102589,13.696087915289917,2,EELS,Sodium Azide
1283.0190522716168,13.706087915289917,2,EELS,Sodium Azide
1283.9985344406448,13.69078911599893,2,EELS,Sodium Azide
1284.9780166096725,13.707524711646943,2,EELS,Sodium Azide
1285.9574987787005,13.686087915289917,2,EELS,Sodium Azide
1286.9369809477282,13.692153739085924,2,EELS,Sodium Azide
1287.9164631167562,13.686087915289917,2,EELS,Sodium Azide
1288.895945285784,13.705933722565325,2,EELS,Sodium Azide
1289.8754274548119,13.686087915289917,2,EELS,Sodium Azide
1290.8549096238396,13.687089564491638,2,EELS,Sodium Azide
1291.8343917928676,13.696087915289917,2,EELS,Sodium Azide
1292.8138739618953,13.686087915289917,2,EELS,Sodium Azide
1293.7933561309233,13.709158223447448,2,EELS,Sodium Azide
1294.772838299951,13.68754708945507,2,EELS,Sodium Azide
1295.752320468979,13.686087915289917,2,EELS,Sodium Azide
1296.7318026380067,13.706087915289917,2,EELS,Sodium Azide
1297.7112848070346,13.717724010394857,2,EELS,Sodium Azide
1298.6907669760624,13.686087915289917,2,EELS,Sodium Azide
1299.6702491450903,13.69132692041556,2,EELS,Sodium Azide
1300.649731314118,13.696087915289917,2,EELS,Sodium Azide
1301.629213483146,13.699135135156533,2,EELS,Sodium Azide
1302.6086956521738,13.686087915289917,2,EELS,Sodium Azide
1303.5881778212017,13.686087915289917,2,EELS,Sodium Azide
1304.5676599902295,13.714674995335756,2,EELS,Sodium Azide
1305.5471421592574,13.698130064712059,2,EELS,Sodium Azide
1306.5266243282852,13.687518508873207,2,EELS,Sodium Azide
1307.506106497313,13.686087915289917,2,EELS,Sodium Azide
1308.4855886663408,13.686087915289917,2,EELS,Sodium Azide
1309.4650708353688,13.723692082950258,2,EELS,Sodium Azide
1310.4445530043965,13.696087915289917,2,EELS,Sodium Azide
1311.4240351734245,13.707375408818125,2,EELS,Sodium Azide
1312.4035173424522,13.71083004773467,2,EELS,Sodium Azide
1313.3829995114802,13.688356750815254,2,EELS,Sodium Azide
1314.362481680508,13.686087915289917,2,EELS,Sodium Azide
1315.341963849536,13.686087915289917,2,EELS,Sodium Azide
1316.3214460185636,13.693101228599733,2,EELS,Sodium Azide
1317.3009281875916,13.686087915289917,2,EELS,Sodium Azide
1318.2804103566193,13.697919882180765,2,EELS,Sodium Azide
1319.2598925256473,13.706087915289917,2,EELS,Sodium Azide
1320.239374694675,13.696087915289917,2,EELS,Sodium Azide
1321.218856863703,13.686467087620807,2,EELS,Sodium Azide
1322.1983390327307,13.688862549877,2,EELS,Sodium Azide
1323.1778212017587,13.696087915289917,2,EELS,Sodium Azide
1324.1573033707864,13.698330449231946,2,EELS,Sodium Azide
1325.1367855398144,13.686087915289917,2,EELS,Sodium Azide
1326.116267708842,13.696087915289917,2,EELS,Sodium Azide
1327.09574987787,13.696087915289917,2,EELS,Sodium Azide
1328.0752320468978,13.706473490911264,2,EELS,Sodium Azide
1329.0547142159257,13.687760717673925,2,EELS,Sodium Azide
1330.0341963849535,13.70001530866318,2,EELS,Sodium Azide
1331.0136785539814,13.686087915289917,2,EELS,Sodium Azide
1331.9931607230092,13.686087915289917,2,EELS,Sodium Azide
1332.9726428920371,13.686087915289917,2,EELS,Sodium Azide
1333.9521250610649,13.694491539246203,2,EELS,Sodium Azide
1334.9316072300928,13.688002391155106,2,EELS,Sodium Azide
1335.9110893991206,13.696087915289917,2,EELS,Sodium Azide
1336.8905715681485,13.696087915289917,2,EELS,Sodium Azide
1337.8700537371762,13.710854161474503,2,EELS,Sodium Azide
1338.8495359062042,13.686087915289917,2,EELS,Sodium Azide
1339.829018075232,13.686087915289917,2,EELS,Sodium Azide
1340.80850024426,13.689777150360996,2,EELS,Sodium Azide
1341.7879824132876,13.686087915289917,2,EELS,Sodium Azide
1342.7674645823156,13.706087915289917,2,EELS,Sodium Azide
1343.7469467513433,13.686087915289917,2,EELS,Sodium Azide
1344.7264289203713,13.693475711486807,2,EELS,Sodium Azide
1345.705911089399,13.686087915289917,2,EELS,Sodium Azide
1346.685393258427,13.725977586649256,2,EELS,Sodium Azide
1347.6648754274547,13.686087915289917,2,EELS,Sodium Azide
1348.6443575964827,13.686087915289917,2,EELS,Sodium Azide
1349.6238397655104,13.686087915289917,2,EELS,Sodium Azide
1350.6033219345384,13.698601718481633,2,EELS,Sodium Azide
1351.582804103566,13.706087915289917,2,EELS,Sodium Azide
1352.562286272594,13.692367115065993,2,EELS,Sodium Azide
1353.5417684416218,13.716087915289917,2,EELS,Sodium Azide
1354.5212506106498,13.696087915289917,2,EELS,Sodium Azide
1355.5007327796775,13.706087915289917,2,EELS,Sodium Azide
1356.4802149487055,13.696087915289917,2,EELS,Sodium Azide
1357.4596971177332,13.696087915289917,2,EELS,Sodium Azide
1358.4391792867611,13.696087915289917,2,EELS,Sodium Azide
1359.4186614557889,13.696087915289917,2,EELS,Sodium Azide
1360.3981436248168,13.698803173170107,2,EELS,Sodium Azide
1361.3776257938446,13.698646317736898,2,EELS,Sodium Azide
1362.3571079628725,13.696087915289917,2,EELS,Sodium Azide
1363.3365901319003,13.686087915289917,2,EELS,Sodium Azide
1364.316072300928,13.686087915289917,2,EELS,Sodium Azide
1365.295554469956,13.696087915289917,2,EELS,Sodium Azide
1366.2750366389837,13.686087915289917,2,EELS,Sodium Azide
1367.2545188080117,13.686087915289917,2,EELS,Sodium Azide
1368.2340009770394,13.686087915289917,2,EELS,Sodium Azide
1369.2134831460673,13.686087915289917,2,EELS,Sodium Azide
1370.192965315095,13.686087915289917,2,EELS,Sodium Azide
1371.172447484123,13.708245856035397,2,EELS,Sodium Azide
1372.1519296531508,13.689796549543882,2,EELS,Sodium Azide
1373.1314118221787,13.696087915289917,2,EELS,Sodium Azide
1374.1108939912065,13.70908474104813,2,EELS,Sodium Azide
1375.0903761602344,13.686087915289917,2,EELS,Sodium Azide
1376.0698583292622,13.686087915289917,2,EELS,Sodium Azide
1377.0493404982901,13.70000451816388,2,EELS,Sodium Azide
1378.0288226673179,13.686087915289917,2,EELS,Sodium Azide
1379.0083048363458,13.689397734888852,2,EELS,Sodium Azide
1379.9877870053735,13.706087915289917,2,EELS,Sodium Azide
1380.9672691744015,13.700322551794683,2,EELS,Sodium Azide
1381.9467513434292,13.702977519908112,2,EELS,Sodium Azide
1382.9262335124572,13.686087915289917,2,EELS,Sodium Azide
1383.905715681485,13.686087915289917,2,EELS,Sodium Azide
1384.885197850513,13.713176207716373,2,EELS,Sodium Azide
1385.8646800195406,13.696087915289917,2,EELS,Sodium Azide
1386.8441621885686,13.686087915289917,2,EELS,Sodium Azide
1387.8236443575963,13.696087915289917,2,EELS,Sodium Azide
1388.8031265266243,13.686087915289917,2,EELS,Sodium Azide
1389.782608695652,13.696087915289917,2,EELS,Sodium Azide
1390.76209086468,13.723417785937352,2,EELS,Sodium Azide
1391.7415730337077,13.686087915289917,2,EELS,Sodium Azide
1392.7210552027357,13.696087915289917,2,EELS,Sodium Azide
1393.7005373717634,13.69071970965309,2,EELS,Sodium Azide
1394.6800195407914,13.696387989549356,2,EELS,Sodium Azide
1395.659501709819,13.686087915289917,2,EELS,Sodium Azide
1396.638983878847,13.707150645355673,2,EELS,Sodium Azide
1397.6184660478748,13.686503053625971,2,EELS,Sodium Azide
1398.5979482169028,13.707255534629718,2,EELS,Sodium Azide
1399.5774303859305,13.686087915289917,2,EELS,Sodium Azide
1400.5569125549584,13.686087915289917,2,EELS,Sodium Azide
1401.5363947239862,13.706087915289917,2,EELS,Sodium Azide
1402.5158768930141,13.706932472998842,2,EELS,Sodium Azide
1403.4953590620419,13.706087915289917,2,EELS,Sodium Azide
1404.4748412310698,13.686087915289917,2,EELS,Sodium Azide
1405.4543234000976,13.726087915289916,2,EELS,Sodium Azide
1406.4338055691255,13.696087915289917,2,EELS,Sodium Azide
1407.4132877381533,13.703166010927184,2,EELS,Sodium Azide
1408.3927699071812,13.696087915289917,2,EELS,Sodium Azide
1409.372252076209,13.701277769673895,2,EELS,Sodium Azide
1410.351734245237,13.686087915289917,2,EELS,Sodium Azide
1411.3312164142646,13.698946220004547,2,EELS,Sodium Azide
1412.3106985832926,13.690261027055003,2,EELS,Sodium Azide
1413.2901807523203,13.686087915289917,2,EELS,Sodium Azide
1414.2696629213483,13.686087915289917,2,EELS,Sodium Azide
1415.249145090376,13.704256866157868,2,EELS,Sodium Azide
1416.228627259404,13.686087915289917,2,EELS,Sodium Azide
1417.2081094284317,13.692706941607202,2,EELS,Sodium Azide
1418.1875915974597,13.696087915289917,2,EELS,Sodium Azide
1419.1670737664874,13.718891525000757,2,EELS,Sodium Azide
1420.1465559355154,13.687764456902583,2,EELS,Sodium Azide
1421.126038104543,13.712688784930396,2,EELS,Sodium Azide
1422.105520273571,13.68695549151518,2,EELS,Sodium Azide
1423.0850024425988,13.686087915289917,2,EELS,Sodium Azide
1424.0644846116268,13.686087915289917,2,EELS,Sodium Azide
1425.0439667806545,13.692976930255142,2,EELS,Sodium Azide
1426.0234489496825,13.687818879779181,2,EELS,Sodium Azide
1427.0029311187102,13.698164119398792,2,EELS,Sodium Azide
1427.9824132877382,13.690232104881215,2,EELS,Sodium Azide
1428.961895456766,13.706087915289917,2,EELS,Sodium Azide
1429.9413776257938,13.696087915289917,2,EELS,Sodium Azide
1430.9208597948216,13.697168636359468,2,EELS,Sodium Azide
1431.9003419638495,13.686087915289917,2,EELS,Sodium Azide
1432.8798241328773,13.713186472544875,2,EELS,Sodium Azide
1433.8593063019052,13.700624282349446,2,EELS,Sodium Azide
1434.838788470933,13.698633461821961,2,EELS,Sodium Azide
1435.818270639961,13.686087915289917,2,EELS,Sodium Azide
1436.7977528089887,13.698812190265839,2,EELS,Sodium Azide
1437.7772349780166,13.708877972333555,2,EELS,Sodium Azide
1438.7567171470444,13.696087915289917,2,EELS,Sodium Azide
1439.7361993160723,13.713986259295684,2,EELS,Sodium Azide
1440.7156814851,13.696129958338211,2,EELS,Sodium Azide
1441.695163654128,13.696087915289917,2,EELS,Sodium Azide
1442.6746458231557,13.721145534171804,2,EELS,Sodium Azide
1443.6541279921837,13.714620523499482,2,EELS,Sodium Azide
1444.6336101612114,13.686087915289917,2,EELS,Sodium Azide
1445.6130923302394,13.698009747243127,2,EELS,Sodium Azide
1446.5925744992671,13.686087915289917,2,EELS,Sodium Azide
1447.572056668295,13.686087915289917,2,EELS,Sodium Azide
1448.5515388373228,13.687511541173798,2,EELS,Sodium Azide
1449.5310210063508,13.686377247178573,2,EELS,Sodium Azide
1450.5105031753785,13.706087915289917,2,EELS,Sodium Azide
1451.4899853444065,13.6943753931355,2,EELS,Sodium Azide
1452.4694675134342,13.691532875880728,2,EELS,Sodium Azide
1453.4489496824622,13.6948704385329,2,EELS,Sodium Azide
1454.42843185149,13.696087915289917,2,EELS,Sodium Azide
1455.4079140205176,13.692263909087469,2,EELS,Sodium Azide
1456.3873961895456,13.706087915289917,2,EELS,Sodium Azide
1457.3668783585733,13.71706514006779,2,EELS,Sodium Azide
1458.3463605276013,13.686087915289917,2,EELS,Sodium Azide
1459.325842696629,13.707590111307407,2,EELS,Sodium Azide
1460.305324865657,13.686473808703475,2,EELS,Sodium Azide
1461.2848070346847,13.686087915289917,2,EELS,Sodium Azide
1462.2642892037127,13.700071069343,2,EELS,Sodium Azide
1463.2437713727404,13.697401965837082,2,EELS,Sodium Azide
1464.2232535417684,13.69479853780078,2,EELS,Sodium Azide
1465.202735710796,13.698600027291889,2,EELS,Sodium Azide
1466.182217879824,13.6995646274137,2,EELS,Sodium Azide
1467.1617000488518,13.696087915289917,2,EELS,Sodium Azide
1468.1411822178798,13.696069106507826,2,EELS,Sodium Azide
1469.1206643869075,13.686125402232873,2,EELS,Sodium Azide
1470.1001465559355,13.693112783398519,2,EELS,Sodium Azide
1471.0796287249632,13.686087915289917,2,EELS,Sodium Azide
1472.0591108939911,13.690676404035289,2,EELS,Sodium Azide
1473.0385930630189,13.696087915289917,2,EELS,Sodium Azide
1474.0180752320468,13.702979775271285,2,EELS,Sodium Azide
1474.9975574010746,13.692472425131372,2,EELS,Sodium Azide
1475.9770395701025,13.68856380475096,2,EELS,Sodium Azide
1476.9565217391303,13.691077359523861,2,EELS,Sodium Azide
1477.9360039081582,13.686087915289917,2,EELS,Sodium Azide
1478.915486077186,13.702673106704898,2,EELS,Sodium Azide
1479.894968246214,13.716427496721142,2,EELS,Sodium Azide
1480.8744504152417,13.700124676982737,2,EELS,Sodium Azide
1481.8539325842696,13.702337942042671,2,EELS,Sodium Azide
1482.8334147532973,13.686087915289917,2,EELS,Sodium Azide
1483.8128969223253,13.696087915289917,2,EELS,Sodium Azide
1484.792379091353,13.686534592138855,2,EELS,Sodium Azide
1485.771861260381,13.690553164753362,2,EELS,Sodium Azide
1486.7513434294087,13.686087915289917,2,EELS,Sodium Azide
1487.7308255984367,13.691601845669403,2,EELS,Sodium Azide
1488.7103077674644,13.699241965280848,2,EELS,Sodium Azide
1489.6897899364924,13.696087915289917,2,EELS,Sodium Azide
1490.6692721055201,13.701408224730415,2,EELS,Sodium Azide
1491.648754274548,13.694924176173908,2,EELS,Sodium Azide
1492.6282364435758,13.697865781944644,2,EELS,Sodium Azide
1493.6077186126038,13.6978728718182,2,EELS,Sodium Azide
1494.5872007816315,13.686087915289917,2,EELS,Sodium Azide
1495.5666829506595,13.700889525362633,2,EELS,Sodium Azide
1496.5461651196872,13.686087915289917,2,EELS,Sodium Azide
1497.5256472887152,13.696087915289917,2,EELS,Sodium Azide
1498.505129457743,13.696087915289917,2,EELS,Sodium Azide
1499.4846116267709,13.696087915289917,2,EELS,Sodium Azide
1500.4640937957986,13.686087915289917,2,EELS,Sodium Azide
1501.4435759648266,13.686087915289917,2,EELS,Sodium Azide
1502.4230581338543,13.694654856640108,2,EELS,Sodium Azide
1503.4025403028822,13.686087915289917,2,EELS,Sodium Azide
1504.38202247191,13.686087915289917,2,EELS,Sodium Azide
1505.361504640938,13.697744204668608,2,EELS,Sodium Azide
1506.3409868099657,13.686087915289917,2,EELS,Sodium Azide
1507.3204689789936,13.696087915289917,2,EELS,Sodium Azide
1508.2999511480214,13.710670734665317,2,EELS,Sodium Azide
1509.2794333170493,13.708152286382422,2,EELS,Sodium Azide
1510.258915486077,13.697276038362528,2,EELS,Sodium Azide
1511.238397655105,13.691001776018126,2,EELS,Sodium Azide
1512.2178798241328,13.686087915289917,2,EELS,Sodium Azide
1513.1973619931607,13.708335654581557,2,EELS,Sodium Azide
1514.1768441621884,13.688098319383318,2,EELS,Sodium Azide
1515.1563263312164,13.696087915289917,2,EELS,Sodium Azide
1516.1358085002441,13.69594739036513,2,EELS,Sodium Azide
1517.115290669272,13.69866037939726,2,EELS,Sodium Azide
1518.0947728382998,13.70018794032342,2,EELS,Sodium Azide
1519.0742550073278,13.721534133457334,2,EELS,Sodium Azide
1520.0537371763555,13.686087915289917,2,EELS,Sodium Azide
1521.0332193453835,13.686087915289917,2,EELS,Sodium Azide
1522.0127015144112,13.697305057949322,2,EELS,Sodium Azide
1522.9921836834392,13.697044511584593,2,EELS,Sodium Azide
1523.971665852467,13.696087915289917,2,EELS,Sodium Azide
1524.9511480214949,13.696087915289917,2,EELS,Sodium Azide
1525.9306301905226,13.686087915289917,2,EELS,Sodium Azide
1526.9101123595506,13.686087915289917,2,EELS,Sodium Azide
1527.8895945285783,13.726087915289916,2,EELS,Sodium Azide
1528.8690766976063,13.701240897771555,2,EELS,Sodium Azide
1529.848558866634,13.696087915289917,2,EELS,Sodium Azide
1530.828041035662,13.686087915289917,2,EELS,Sodium Azide
1531.8075232046897,13.68682295334641,2,EELS,Sodium Azide
1532.7870053737176,13.69491289914052,2,EELS,Sodium Azide
1533.7664875427454,13.686087915289917,2,EELS,Sodium Azide
1534.7459697117733,13.714481308413605,2,EELS,Sodium Azide
1535.725451880801,13.704451435691588,2,EELS,Sodium Azide
1536.704934049829,13.695846426334231,2,EELS,Sodium Azide
1537.6844162188568,13.698542984909372,2,EELS,Sodium Azide
1538.6638983878847,13.718574095089942,2,EELS,Sodium Azide
1539.6433805569125,13.686087915289917,2,EELS,Sodium Azide
1540.6228627259404,13.697233053700108,2,EELS,Sodium Azide
1541.6023448949682,13.686087915289917,2,EELS,Sodium Azide
1542.5818270639961,13.686135630604086,2,EELS,Sodium Azide
1543.5613092330238,13.701749337613887,2,EELS,Sodium Azide
1544.5407914020518,13.696087915289917,2,EELS,Sodium Azide
1545.5202735710795,13.686087915289917,2,EELS,Sodium Azide
1546.4997557401073,13.700161334978008,2,EELS,Sodium Azide
1547.4792379091352,13.706518762949639,2,EELS,Sodium Azide
1548.458720078163,13.706087915289917,2,EELS,Sodium Azide
1549.438202247191,13.704829388272291,2,EELS,Sodium Azide
1550.4176844162187,13.689595334415595,2,EELS,Sodium Azide
1551.3971665852466,13.701416639157468,2,EELS,Sodium Azide
1552.3766487542744,13.686875121290974,2,EELS,Sodium Azide
1553.3561309233023,13.716575667861441,2,EELS,Sodium Azide
1554.33561309233,13.71306122617664,2,EELS,Sodium Azide
1555.315095261358,13.692215170639576,2,EELS,Sodium Azide
1556.2945774303857,13.686618184543187,2,EELS,Sodium Azide
1557.2740595994137,13.703483349511485,2,EELS,Sodium Azide
1558.2535417684414,13.706087915289917,2,EELS,Sodium Azide
1559.2330239374694,13.71047007303888,2,EELS,Sodium Azide
1560.2125061064971,13.68795153280176,2,EELS,Sodium Azide
1561.191988275525,13.686087915289917,2,EELS,Sodium Azide
1562.1714704445528,13.686087915289917,2,EELS,Sodium Azide
1563.1509526135808,13.707305528697217,2,EELS,Sodium Azide
1564.1304347826085,13.694959379229108,2,EELS,Sodium Azide
1565.1099169516365,13.686087915289917,2,EELS,Sodium Azide
1566.0893991206642,13.701994085313775,2,EELS,Sodium Azide
1567.0688812896922,13.696087915289917,2,EELS,Sodium Azide
1568.04836345872,13.688001288366781,2,EELS,Sodium Azide
1569.0278456277479,13.690732430029335,2,EELS,Sodium Azide
1570.0073277967756,13.71352789751279,2,EELS,Sodium Azide
1570.9868099658036,13.696087915289917,2,EELS,Sodium Azide
1571.9662921348313,13.686087915289917,2,EELS,Sodium Azide
1572.9457743038593,13.716087915289917,2,EELS,Sodium Azide
1573.925256472887,13.716087915289917,2,EELS,Sodium Azide
1574.904738641915,13.699747247127636,2,EELS,Sodium Azide
1575.8842208109427,13.711909241305058,2,EELS,Sodium Azide
1576.8637029799706,13.689380434271715,2,EELS,Sodium Azide
1577.8431851489984,13.698570577654372,2,EELS,Sodium Azide
1578.8226673180263,13.68748071955382,2,EELS,Sodium Azide
1579.802149487054,13.686087915289917,2,EELS,Sodium Azide
1580.781631656082,13.686087915289917,2,EELS,Sodium Azide
1581.7611138251098,13.696087915289917,2,EELS,Sodium Azide
1582.7405959941377,13.686087915289917,2,EELS,Sodium Azide
1583.7200781631655,13.688809491935249,2,EELS,Sodium Azide
1584.6995603321934,13.686087915289917,2,EELS,Sodium Azide
1585.6790425012211,13.693716277753882,2,EELS,Sodium Azide
1586.658524670249,13.697068112253973,2,EELS,Sodium Azide
1587.6380068392768,13.696087915289917,2,EELS,Sodium Azide
1588.6174890083048,13.686087915289917,2,EELS,Sodium Azide
1589.5969711773325,13.686850077701939,2,EELS,Sodium Azide
1590.5764533463605,13.693643495380874,2,EELS,Sodium Azide
1591.5559355153882,13.706087915289917,2,EELS,Sodium Azide
1592.5354176844162,13.687006255658348,2,EELS,Sodium Azide
1593.514899853444,13.688490901792184,2,EELS,Sodium Azide
1594.4943820224719,13.686087915289917,2,EELS,Sodium Azide
1595.4738641914996,13.696087915289917,2,EELS,Sodium Azide
1596.4533463605276,13.698466019864133,2,EELS,Sodium Azide
1597.4328285295553,13.686087915289917,2,EELS,Sodium Azide
1598.4123106985833,13.689682850304331,2,EELS,Sodium Azide
1599.391792867611,13.686087915289917,2,EELS,Sodium Azide
1600.371275036639,13.706954028881329,2,EELS,Sodium Azide
1601.3507572056667,13.71995756498039,2,EELS,Sodium Azide
1602.3302393746947,13.696087915289917,2,EELS,Sodium Azide
1603.3097215437224,13.721562252276293,2,EELS,Sodium Azide
1604.2892037127503,13.696087915289917,2,EELS,Sodium Azide
1605.268685881778,13.696730547696117,2,EELS,Sodium Azide
1606.248168050806,13.686087915289917,2,EELS,Sodium Azide
1607.2276502198338,13.69101526578325,2,EELS,Sodium Azide
1608.2071323888617,13.696087915289917,2,EELS,Sodium Azide
1609.1866145578895,13.686087915289917,2,EELS,Sodium Azide
1610.1660967269174,13.696087915289917,2,EELS,Sodium Azide
1611.1455788959452,13.704500841009036,2,EELS,Sodium Azide
1612.1250610649731,13.686087915289917,2,EELS,Sodium Azide
1613.1045432340009,13.69174310085406,2,EELS,Sodium Azide
1614.0840254030288,13.716087915289917,2,EELS,Sodium Azide
1615.0635075720566,13.686087915289917,2,EELS,Sodium Azide
1616.0429897410845,13.687620473499317,2,EELS,Sodium Azide
1617.0224719101122,13.686087915289917,2,EELS,Sodium Azide
1618.0019540791402,13.68825900079424,2,EELS,Sodium Azide
1618.981436248168,13.711721428839526,2,EELS,Sodium Azide
1619.960918417196,13.686087915289917,2,EELS,Sodium Azide
1620.9404005862236,13.718064760719802,2,EELS,Sodium Azide
1621.9198827552516,13.701392568191453,2,EELS,Sodium Azide
1622.8993649242793,13.686087915289917,2,EELS,Sodium Azide
1623.8788470933073,13.686087915289917,2,EELS,Sodium Azide
1624.858329262335,13.699193001538424,2,EELS,Sodium Azide
1625.837811431363,13.706087915289917,2,EELS,Sodium Azide
1626.8172936003907,13.705171262071058,2,EELS,Sodium Azide
1627.7967757694187,13.68646821029803,2,EELS,Sodium Azide
1628.7762579384464,13.696087915289917,2,EELS,Sodium Azide
1629.7557401074744,13.686087915289917,2,EELS,Sodium Azide
1630.735222276502,13.697229159902822,2,EELS,Sodium Azide
1631.71470444553,13.686087915289917,2,EELS,Sodium Azide
1632.6941866145578,13.69656009800962,2,EELS,Sodium Azide
1633.6736687835858,13.695861368523058,2,EELS,Sodium Azide
1634.6531509526135,13.686087915289917,2,EELS,Sodium Azide
1635.6326331216414,13.686087915289917,2,EELS,Sodium Azide
1636.6121152906692,13.706087915289917,2,EELS,Sodium Azide
1637.591597459697,13.693082245582499,2,EELS,Sodium Azide
1638.5710796287249,13.692137989162072,2,EELS,Sodium Azide
1639.5505617977526,13.686087915289917,2,EELS,Sodium Azide
1640.5300439667806,13.686762055056597,2,EELS,Sodium Azide
1641.5095261358083,13.696087915289917,2,EELS,Sodium Azide
1642.4890083048363,13.696087915289917,2,EELS,Sodium Azide
1643.468490473864,13.698740113640586,2,EELS,Sodium Azide
1644.447972642892,13.715411412195929,2,EELS,Sodium Azide
1645.4274548119197,13.686087915289917,2,EELS,Sodium Azide
1646.4069369809476,13.696087915289917,2,EELS,Sodium Azide
1647.3864191499754,13.696087915289917,2,EELS,Sodium Azide
1648.3659013190033,13.693502873200584,2,EELS,Sodium Azide
1649.345383488031,13.690686819444846,2,EELS,Sodium Azide
1650.324865657059,13.686087915289917,2,EELS,Sodium Azide
1651.3043478260868,13.686087915289917,2,EELS,Sodium Azide
1652.2838299951147,13.6870547687889,2,EELS,Sodium Azide
1653.2633121641425,13.696087915289917,2,EELS,Sodium Azide
1654.2427943331704,13.687575382887754,2,EELS,Sodium Azide
1655.2222765021982,13.695001287014662,2,EELS,Sodium Azide
1656.2017586712261,13.686087915289917,2,EELS,Sodium Azide
1657.1812408402538,13.686087915289917,2,EELS,Sodium Azide
1658.1607230092818,13.712221283442005,2,EELS,Sodium Azide
1659.1402051783095,13.686087915289917,2,EELS,Sodium Azide
1660.1196873473375,13.707698047130158,2,EELS,Sodium Azide
1661.0991695163652,13.706087915289917,2,EELS,Sodium Azide
1662.0786516853932,13.686087915289917,2,EELS,Sodium Azide
1663.058133854421,13.690583761872317,2,EELS,Sodium Azide
1664.037616023449,13.686087915289917,2,EELS,Sodium Azide
1665.0170981924766,13.697463659038501,2,EELS,Sodium Azide
1665.9965803615046,13.696087915289917,2,EELS,Sodium Azide
1666.9760625305323,13.696087915289917,2,EELS,Sodium Azide
1667.9555446995603,13.689554248121528,2,EELS,Sodium Azide
1668.935026868588,13.686087915289917,2,EELS,Sodium Azide
1669.914509037616,13.686087915289917,2,EELS,Sodium Azide
1670.8939912066437,13.686087915289917,2,EELS,Sodium Azide
1671.8734733756717,13.712342969370594,2,EELS,Sodium Azide
1672.8529555446994,13.695053805732744,2,EELS,Sodium Azide
1673.8324377137274,13.705945607954968,2,EELS,Sodium Azide
1674.811919882755,13.706087915289917,2,EELS,Sodium Azide
1675.791402051783,13.686087915289917,2,EELS,Sodium Azide
1676.7708842208108,13.706029997306828,2,EELS,Sodium Azide
1677.7503663898387,13.696087915289917,2,EELS,Sodium Azide
1678.7298485588665,13.696087915289917,2,EELS,Sodium Azide
1679.7093307278944,13.690362963165642,2,EELS,Sodium Azide
1680.6888128969222,13.708015505956407,2,EELS,Sodium Azide
1681.6682950659501,13.686087915289917,2,EELS,Sodium Azide
1682.6477772349779,13.71915219341933,2,EELS,Sodium Azide
1683.6272594040058,13.6971574839046,2,EELS,Sodium Azide
1684.6067415730336,13.686087915289917,2,EELS,Sodium Azide
1685.5862237420615,13.686087915289917,2,EELS,Sodium Azide
1686.5657059110893,13.705877812576361,2,EELS,Sodium Azide
1687.5451880801172,13.696087915289917,2,EELS,Sodium Azide
1688.524670249145,13.686087915289917,2,EELS,Sodium Azide
1689.504152418173,13.706087915289917,2,EELS,Sodium Azide
1690.4836345872006,13.686087915289917,2,EELS,Sodium Azide
1691.4631167562286,13.686087915289917,2,EELS,Sodium Azide
1692.4425989252563,13.686087915289917,2,EELS,Sodium Azide
1693.4220810942843,13.686087915289917,2,EELS,Sodium Azide
1694.401563263312,13.686087915289917,2,EELS,Sodium Azide
1695.38104543234,13.719487002013544,2,EELS,Sodium Azide
1696.3605276013677,13.71515798852075,2,EELS,Sodium Azide
1697.3400097703957,13.686087915289917,2,EELS,Sodium Azide
1698.3194919394234,13.71224768613266,2,EELS,Sodium Azide
1699.2989741084514,13.696087915289917,2,EELS,Sodium Azide
1700.278456277479,13.687429101845726,2,EELS,Sodium Azide
1701.257938446507,13.696087915289917,2,EELS,Sodium Azide
1702.2374206155348,13.706087915289917,2,EELS,Sodium Azide
1703.2169027845628,13.69614583174435,2,EELS,Sodium Azide
1704.1963849535905,13.687395348847641,2,EELS,Sodium Azide
1705.1758671226185,13.696087915289917,2,EELS,Sodium Azide
1706.1553492916462,13.686087915289917,2,EELS,Sodium Azide
1707.1348314606741,13.686087915289917,2,EELS,Sodium Azide
1708.1143136297019,13.696087915289917,2,EELS,Sodium Azide
1709.0937957987298,13.696235983776972,2,EELS,Sodium Azide
1710.0732779677576,13.696087915289917,2,EELS,Sodium Azide
1711.0527601367855,13.686087915289917,2,EELS,Sodium Azide
1712.0322423058133,13.70008502825158,2,EELS,Sodium Azide
1713.0117244748412,13.698342980980312,2,EELS,Sodium Azide
1713.991206643869,13.696087915289917,2,EELS,Sodium Azide
1714.970688812897,13.696087915289917,2,EELS,Sodium Azide
1715.9501709819247,13.705284155492679,2,EELS,Sodium Azide
1716.9296531509526,13.691422377749625,2,EELS,Sodium Azide
1717.9091353199804,13.696087915289917,2,EELS,Sodium Azide
1718.8886174890083,13.686087915289917,2,EELS,Sodium Azide
1719.868099658036,13.700128225723637,2,EELS,Sodium Azide
1720.847581827064,13.694569399426557,2,EELS,Sodium Azide
1721.8270639960917,13.686087915289917,2,EELS,Sodium Azide
1722.8065461651197,13.68908101856345,2,EELS,Sodium Azide
1723.7860283341474,13.696087915289917,2,EELS,Sodium Azide
1724.7655105031754,13.686087915289917,2,EELS,Sodium Azide
1725.7449926722031,13.686087915289917,2,EELS,Sodium Azide
1726.724474841231,13.686087915289917,2,EELS,Sodium Azide
1727.7039570102588,13.695997588606648,2,EELS,Sodium Azide
1728.6834391792866,13.696087915289917,2,EELS,Sodium Azide
1729.6629213483145,13.686646593322346,2,EELS,Sodium Azide
1730.6424035173422,13.696087915289917,2,EELS,Sodium Azide
1731.6218856863702,13.699787004561541,2,EELS,Sodium Azide
1732.601367855398,13.696087915289917,2,EELS,Sodium Azide
1733.580850024426,13.696087915289917,2,EELS,Sodium Azide
1734.5603321934536,13.6997015675164,2,EELS,Sodium Azide
1735.5398143624816,13.695585000145527,2,EELS,Sodium Azide
1736.5192965315093,13.686087915289917,2,EELS,Sodium Azide
1737.4987787005373,13.691187690294786,2,EELS,Sodium Azide
1738.478260869565,13.691591795012318,2,EELS,Sodium Azide
1739.457743038593,13.692661548163539,2,EELS,Sodium Azide
1740.4372252076207,13.696087915289917,2,EELS,Sodium Azide
1741.4167073766487,13.706377086062858,2,EELS,Sodium Azide
1742.3961895456764,13.686087915289917,2,EELS,Sodium Azide
1743.3756717147044,13.686087915289917,2,EELS,Sodium Azide
1744.355153883732,13.723014530284997,2,EELS,Sodium Azide
1745.33463605276,13.689189375459089,2,EELS,Sodium Azide
1746.3141182217878,13.696087915289917,2,EELS,Sodium Azide
1747.2936003908158,13.706087915289917,2,EELS,Sodium Azide
1748.2730825598435,13.700284798872653,2,EELS,Sodium Azide
1749.2525647288714,13.686087915289917,2,EELS,Sodium Azide
1750.2320468978992,13.696087915289917,2,EELS,Sodium Azide
1751.2115290669271,13.696087915289917,2,EELS,Sodium Azide
1752.1910112359549,13.700556500032308,2,EELS,Sodium Azide
1753.1704934049828,13.69399671977649,2,EELS,Sodium Azide
1754.1499755740106,13.696087915289917,2,EELS,Sodium Azide
1755.1294577430385,13.699254639077472,2,EELS,Sodium Azide
1756.1089399120663,13.686087915289917,2,EELS,Sodium Azide
1757.0884220810942,13.7075346430727,2,EELS,Sodium Azide
1758.067904250122,13.686858251409234,2,EELS,Sodium Azide
1759.04738641915,13.705990825240173,2,EELS,Sodium Azide
1760.0268685881776,13.6959745707895,2,EELS,Sodium Azide
1761.0063507572056,13.701148339127718,2,EELS,Sodium Azide
1761.9858329262333,13.686087915289917,2,EELS,Sodium Azide
1762.9653150952613,13.693676089518489,2,EELS,Sodium Azide
1763.944797264289,13.696087915289917,2,EELS,Sodium Azide
1764.924279433317,13.686087915289917,2,EELS,Sodium Azide
1765.9037616023447,13.686087915289917,2,EELS,Sodium Azide
1766.8832437713727,13.686972203849473,2,EELS,Sodium Azide
1767.8627259404004,13.705393449771195,2,EELS,Sodium Azide
1768.8422081094284,13.696087915289917,2,EELS,Sodium Azide
1769.8216902784561,13.696087915289917,2,EELS,Sodium Azide
1770.801172447484,13.696688741126966,2,EELS,Sodium Azide
1771.7806546165118,13.687267155857379,2,EELS,Sodium Azide
1772.7601367855398,13.708005361957714,2,EELS,Sodium Azide
1773.7396189545675,13.70549181232573,2,EELS,Sodium Azide
1774.7191011235955,13.706502029305707,2,EELS,Sodium Azide
1775.6985832926232,13.686087915289917,2,EELS,Sodium Azide
1776.6780654616512,13.686087915289917,2,EELS,Sodium Azide
1777.657547630679,13.686087915289917,2,EELS,Sodium Azide
1778.6370297997069,13.703237149476466,2,EELS,Sodium Azide
1779.6165119687346,13.700886484926118,2,EELS,Sodium Azide
1780.5959941377625,13.686087915289917,2,EELS,Sodium Azide
1781.5754763067903,13.696087915289917,2,EELS,Sodium Azide
1782.5549584758182,13.701069627722326,2,EELS,Sodium Azide
1783.534440644846,13.701266001612476,2,EELS,Sodium Azide
1784.513922813874,13.70055896039389,2,EELS,Sodium Azide
1785.4934049829017,13.686087915289917,2,EELS,Sodium Azide
1786.4728871519296,13.713032121060333,2,EELS,Sodium Azide
1787.4523693209574,13.686087915289917,2,EELS,Sodium Azide
1788.4318514899853,13.696087915289917,2,EELS,Sodium Azide
1789.411333659013,13.696087915289917,2,EELS,Sodium Azide
1790.390815828041,13.686087915289917,2,EELS,Sodium Azide
1791.3702979970687,13.686087915289917,2,EELS,Sodium Azide
1792.3497801660967,13.686087915289917,2,EELS,Sodium Azide
1793.3292623351244,13.695888630408968,2,EELS,Sodium Azide
1794.3087445041524,13.707610929941637,2,EELS,Sodium Azide
1795.2882266731801,13.696087915289917,2,EELS,Sodium Azide
1796.267708842208,13.706088899109993,2,EELS,Sodium Azide
1797.2471910112358,13.696087915289917,2,EELS,Sodium Azide
1798.2266731802638,13.714849854283553,2,EELS,Sodium Azide
1799.2061553492915,13.686087915289917,2,EELS,Sodium Azide
1800.1856375183195,13.686402939674752,2,EELS,Sodium Azide
1801.1651196873472,13.686087915289917,2,EELS,Sodium Azide
1802.1446018563752,13.698472019930595,2,EELS,Sodium Azide
1803.124084025403,13.686087915289917,2,EELS,Sodium Azide
1804.1035661944309,13.692308792666466,2,EELS,Sodium Azide
1805.0830483634586,13.717341915951655,2,EELS,Sodium Azide
1806.0625305324866,13.703415353016931,2,EELS,Sodium Azide
1807.0420127015143,13.70981911374086,2,EELS,Sodium Azide
1808.0214948705423,13.706087915289917,2,EELS,Sodium Azide
1809.00097703957,13.715872916042297,2,EELS,Sodium Azide
1809.980459208598,13.696087915289917,2,EELS,Sodium Azide
1810.9599413776257,13.718688857758968,2,EELS,Sodium Azide
1811.9394235466536,13.696087915289917,2,EELS,Sodium Azide
1812.9189057156814,13.686087915289917,2,EELS,Sodium Azide
1813.8983878847093,13.699429930261006,2,EELS,Sodium Azide
1814.877870053737,13.686087915289917,2,EELS,Sodium Azide
1815.857352222765,13.686087915289917,2,EELS,Sodium Azide
1816.8368343917928,13.696087915289917,2,EELS,Sodium Azide
1817.8163165608207,13.692422689314634,2,EELS,Sodium Azide
1818.7957987298485,13.700306618586593,2,EELS,Sodium Azide
1819.7752808988762,13.6872425041322,2,EELS,Sodium Azide
1820.7547630679042,13.70955346504871,2,EELS,Sodium Azide
1821.7342452369319,13.696087915289917,2,EELS,Sodium Azide
1822.7137274059598,13.686087915289917,2,EELS,Sodium Azide
1823.6932095749876,13.706087915289917,2,EELS,Sodium Azide
1824.6726917440155,13.706087915289917,2,EELS,Sodium Azide
1825.6521739130433,13.686966663573976,2,EELS,Sodium Azide
1826.6316560820712,13.703155615857106,2,EELS,Sodium Azide
1827.611138251099,13.686087915289917,2,EELS,Sodium Azide
1828.590620420127,13.687526888889,2,EELS,Sodium Azide
1829.5701025891547,13.686087915289917,2,EELS,Sodium Azide
1830.5495847581826,13.686087915289917,2,EELS,Sodium Azide
1831.5290669272104,13.686087915289917,2,EELS,Sodium Azide
1832.5085490962383,13.696087915289917,2,EELS,Sodium Azide
1833.488031265266,13.696087915289917,2,EELS,Sodium Azide
1834.467513434294,13.68643273427196,2,EELS,Sodium Azide
1835.4469956033217,13.696880599710454,2,EELS,Sodium Azide
1836.4264777723497,13.696087915289917,2,EELS,Sodium Azide
1837.4059599413774,13.69908928223554,2,EELS,Sodium Azide
1838.3854421104054,13.706087915289917,2,EELS,Sodium Azide
1839.3649242794331,13.686087915289917,2,EELS,Sodium Azide
1840.344406448461,13.714461780086685,2,EELS,Sodium Azide
1841.3238886174888,13.686087915289917,2,EELS,Sodium Azide
1842.3033707865168,13.686087915289917,2,EELS,Sodium Azide
1843.2828529555445,13.69359964441192,2,EELS,Sodium Azide
1844.2623351245725,13.686087915289917,2,EELS,Sodium Azide
1845.2418172936002,13.696087915289917,2,EELS,Sodium Azide
1846.2212994626282,13.707994043754717,2,EELS,Sodium Azide
1847.200781631656,13.686087915289917,2,EELS,Sodium Azide
1848.1802638006839,13.686087915289917,2,EELS,Sodium Azide
1849.1597459697116,13.686087915289917,2,EELS,Sodium Azide
1850.1392281387396,13.695270975861147,2,EELS,Sodium Azide
1851.1187103077673,13.697580204941232,2,EELS,Sodium Azide
1852.0981924767952,13.706087915289917,2,EELS,Sodium Azide
1853.077674645823,13.693076620754336,2,EELS,Sodium Azide
1854.057156814851,13.710287790253256,2,EELS,Sodium Azide
1855.0366389838787,13.704337736423996,2,EELS,Sodium Azide
1856.0161211529066,13.696087915289917,2,EELS,Sodium Azide
1856.9956033219344,13.686087915289917,2,EELS,Sodium Azide
1857.9750854909623,13.706087915289917,2,EELS,Sodium Azide
1858.95456765999,13.686087915289917,2,EELS,Sodium Azide
1859.934049829018,13.686087915289917,2,EELS,Sodium Azide
1860.9135319980458,13.686087915289917,2,EELS,Sodium Azide
1861.8930141670737,13.697520022897747,2,EELS,Sodium Azide
1862.8724963361014,13.70910630763184,2,EELS,Sodium Azide
1863.8519785051294,13.706087915289917,2,EELS,Sodium Azide
1864.8314606741571,13.717311811251673,2,EELS,Sodium Azide
1865.810942843185,13.69975607650752,2,EELS,Sodium Azide
1866.7904250122128,13.696766144385585,2,EELS,Sodium Azide
1867.7699071812408,13.695354141577928,2,EELS,Sodium Azide
1868.7493893502685,13.69684511324793,2,EELS,Sodium Azide
1869.7288715192965,13.707095971249597,2,EELS,Sodium Azide
1870.7083536883242,13.686087915289917,2,EELS,Sodium Azide
1871.6878358573522,13.686087915289917,2,EELS,Sodium Azide
1872.66731802638,13.686087915289917,2,EELS,Sodium Azide
1873.6468001954079,13.710590137173009,2,EELS,Sodium Azide
1874.6262823644356,13.709040137030321,2,EELS,Sodium Azide
1875.6057645334636,13.696087915289917,2,EELS,Sodium Azide
1876.5852467024913,13.686087915289917,2,EELS,Sodium Azide
1877.5647288715193,13.704700923148684,2,EELS,Sodium Azide
1878.544211040547,13.70380792468678,2,EELS,Sodium Azide
1879.523693209575,13.686087915289917,2,EELS,Sodium Azide
1880.5031753786027,13.686087915289917,2,EELS,Sodium Azide
1881.4826575476307,13.706087915289917,2,EELS,Sodium Azide
1882.4621397166584,13.686087915289917,2,EELS,Sodium Azide
1883.4416218856863,13.696087915289917,2,EELS,Sodium Azide
1884.421104054714,13.694361695183588,2,EELS,Sodium Azide
1885.400586223742,13.687299483992241,2,EELS,Sodium Azide
1886.3800683927698,13.716087915289917,2,EELS,Sodium Azide
1887.3595505617977,13.70508375319264,2,EELS,Sodium Azide
1888.3390327308255,13.696087915289917,2,EELS,Sodium Azide
1889.3185148998534,13.69947471436607,2,EELS,Sodium Azide
1890.2979970688812,13.686087915289917,2,EELS,Sodium Azide
1891.2774792379091,13.706087915289917,2,EELS,Sodium Azide
1892.2569614069369,13.701250905612692,2,EELS,Sodium Azide
1893.2364435759648,13.691426095623907,2,EELS,Sodium Azide
1894.2159257449925,13.709743629041558,2,EELS,Sodium Azide
1895.1954079140205,13.696087915289917,2,EELS,Sodium Azide
1896.1748900830482,13.699233259405707,2,EELS,Sodium Azide
1897.1543722520762,13.686087915289917,2,EELS,Sodium Azide
1898.133854421104,13.687963839373566,2,EELS,Sodium Azide
1899.113336590132,13.71059004689556,2,EELS,Sodium Azide
1900.0928187591596,13.686087915289917,2,EELS,Sodium Azide
1901.0723009281876,13.686087915289917,2,EELS,Sodium Azide
1902.0517830972153,13.689488343088396,2,EELS,Sodium Azide
1903.0312652662433,13.689825820353184,2,EELS,Sodium Azide
1904.010747435271,13.686087915289917,2,EELS,Sodium Azide
1904.990229604299,13.696087915289917,2,EELS,Sodium Azide
1905.9697117733267,13.731160188944571,2,EELS,Sodium Azide
1906.9491939423547,13.69111985610814,2,EELS,Sodium Azide
1907.9286761113824,13.706087915289917,2,EELS,Sodium Azide
1908.9081582804104,13.706087915289917,2,EELS,Sodium Azide
1909.887640449438,13.686087915289917,2,EELS,Sodium Azide
1910.8671226184658,13.71939272288179,2,EELS,Sodium Azide
1911.8466047874938,13.697511509212413,2,EELS,Sodium Azide
1912.8260869565215,13.696087915289917,2,EELS,Sodium Azide
1913.8055691255495,13.691305813099014,2,EELS,Sodium Azide
1914.7850512945772,13.686087915289917,2,EELS,Sodium Azide
1915.7645334636052,13.7114146374118,2,EELS,Sodium Azide
1916.744015632633,13.699904724370187,2,EELS,Sodium Azide
1917.7234978016609,13.696087915289917,2,EELS,Sodium Azide
1918.7029799706886,13.686087915289917,2,EELS,Sodium Azide
1919.6824621397166,13.696087915289917,2,EELS,Sodium Azide
1920.6619443087443,13.686087915289917,2,EELS,Sodium Azide
1921.6414264777723,13.686087915289917,2,EELS,Sodium Azide
1922.6209086468,13.717486126547213,2,EELS,Sodium Azide
1923.600390815828,13.686087915289917,2,EELS,Sodium Azide
1924.5798729848557,13.686087915289917,2,EELS,Sodium Azide
1925.5593551538836,13.686087915289917,2,EELS,Sodium Azide
1926.5388373229114,13.691261220298614,2,EELS,Sodium Azide
1927.5183194919393,13.70149070637709,2,EELS,Sodium Azide
1928.497801660967,13.686087915289917,2,EELS,Sodium Azide
1929.477283829995,13.696087915289917,2,EELS,Sodium Azide
1930.4567659990228,13.686087915289917,2,EELS,Sodium Azide
1931.4362481680507,13.705303971009181,2,EELS,Sodium Azide
1932.4157303370785,13.69410472444294,2,EELS,Sodium Azide
1933.3952125061064,13.686087915289917,2,EELS,Sodium Azide
1934.3746946751342,13.686087915289917,2,EELS,Sodium Azide
1935.354176844162,13.706087915289917,2,EELS,Sodium Azide
1936.3336590131898,13.686087915289917,2,EELS,Sodium Azide
1937.3131411822178,13.709533641503672,2,EELS,Sodium Azide
1938.2926233512455,13.686087915289917,2,EELS,Sodium Azide
1939.2721055202735,13.706001937181913,2,EELS,Sodium Azide
1940.2515876893012,13.686087915289917,2,EELS,Sodium Azide
1941.2310698583292,13.696087915289917,2,EELS,Sodium Azide
1942.210552027357,13.686087915289917,2,EELS,Sodium Azide
1943.1900341963849,13.686087915289917,2,EELS,Sodium Azide
1944.1695163654126,13.696087915289917,2,EELS,Sodium Azide
1945.1489985344406,13.696264967005286,2,EELS,Sodium Azide
1946.1284807034683,13.686087915289917,2,EELS,Sodium Azide
1947.1079628724963,13.69737339961267,2,EELS,Sodium Azide
1948.087445041524,13.686087915289917,2,EELS,Sodium Azide
1949.066927210552,13.686087915289917,2,EELS,Sodium Azide
1950.0464093795797,13.696087915289917,2,EELS,Sodium Azide
1951.0258915486077,13.692217163489044,2,EELS,Sodium Azide
1952.0053737176354,13.686087915289917,2,EELS,Sodium Azide
1952.9848558866634,13.704359036303979,2,EELS,Sodium Azide
1953.964338055691,13.706087915289917,2,EELS,Sodium Azide
1954.943820224719,13.686087915289917,2,EELS,Sodium Azide
1955.9233023937468,13.701519264742824,2,EELS,Sodium Azide
1956.9027845627747,13.686087915289917,2,EELS,Sodium Azide
1957.8822667318025,13.696489984364257,2,EELS,Sodium Azide
1958.8617489008304,13.686087915289917,2,EELS,Sodium Azide
1959.8412310698582,13.687426159921143,2,EELS,Sodium Azide
1960.8207132388861,13.696087915289917,2,EELS,Sodium Azide
1961.8001954079139,13.706087915289917,2,EELS,Sodium Azide
1962.7796775769418,13.692388976790076,2,EELS,Sodium Azide
1963.7591597459696,13.706684960914446,2,EELS,Sodium Azide
1964.7386419149975,13.686087915289917,2,EELS,Sodium Azide
1965.7181240840252,13.686087915289917,2,EELS,Sodium Azide
1966.6976062530532,13.689112485894842,2,EELS,Sodium Azide
1967.677088422081,13.693176787292833,2,EELS,Sodium Azide
1968.656570591109,13.686087915289917,2,EELS,Sodium Azide
1969.6360527601366,13.686087915289917,2,EELS,Sodium Azide
1970.6155349291646,13.686087915289917,2,EELS,Sodium Azide
1971.5950170981923,13.69327792942006,2,EELS,Sodium Azide
1972.5744992672203,13.731588222612721,2,EELS,Sodium Azide
1973.553981436248,13.686087915289917,2,EELS,Sodium Azide
1974.533463605276,13.696087915289917,2,EELS,Sodium Azide
1975.5129457743037,13.700209251909682,2,EELS,Sodium Azide
1976.4924279433317,13.709579413997554,2,EELS,Sodium Azide
1977.4719101123594,13.68720810314379,2,EELS,Sodium Azide
1978.4513922813874,13.696087915289917,2,EELS,Sodium Azide
1979.430874450415,13.695877085447533,2,EELS,Sodium Azide
1980.410356619443,13.692873969055563,2,EELS,Sodium Azide
1981.3898387884708,13.696087915289917,2,EELS,Sodium Azide
1982.3693209574988,13.689996575648841,2,EELS,Sodium Azide
1983.3488031265265,13.696277561570605,2,EELS,Sodium Azide
1984.3282852955545,13.698160546695894,2,EELS,Sodium Azide
1985.3077674645822,13.696087915289917,2,EELS,Sodium Azide
1986.2872496336101,13.686087915289917,2,EELS,Sodium Azide
1987.2667318026379,13.698623375982987,2,EELS,Sodium Azide
1988.2462139716658,13.686087915289917,2,EELS,Sodium Azide
1989.2256961406936,13.690579389045542,2,EELS,Sodium Azide
1990.2051783097215,13.686087915289917,2,EELS,Sodium Azide
1991.1846604787493,13.696972112326453,2,EELS,Sodium Azide
1992.1641426477772,13.696087915289917,2,EELS,Sodium Azide
1993.143624816805,13.709044607508895,2,EELS,Sodium Azide
1994.123106985833,13.691118169837376,2,EELS,Sodium Azide
1995.1025891548607,13.686087915289917,2,EELS,Sodium Azide
1996.0820713238886,13.70063607471636,2,EELS,Sodium Azide
1997.0615534929163,13.731927442695648,2,EELS,Sodium Azide
1998.0410356619443,13.695104664859121,2,EELS,Sodium Azide
1999.020517830972,13.686087915289917,2,EELS,Sodium Azide
2000.0,13.696087915289917,2,EELS,Sodium Azide
-5.0,29.94847752561357,3,EELS,Sodium Azide
-4.020517830972154,27.627279816311837,3,EELS,Sodium Azide
-3.041035661944309,27.056825432477325,3,EELS,Sodium Azide
-2.061553492916463,26.838893168012,3,EELS,Sodium Azide
-1.0820713238886177,26.72159295272532,3,EELS,Sodium Azide
-0.10258915486077225,33.88737292974393,3,EELS,Sodium Azide
0.0,36.65243307830453,3,EELS,Sodium Azide
0.8768930141670737,26.615714066438496,3,EELS,Sodium Azide
1.8563751831949187,26.591717629842506,3,EELS,Sodium Azide
2.8358573522227646,26.544780730928707,3,EELS,Sodium Azide
3.8153395212506105,26.540965786915454,3,EELS,Sodium Azide
4.7948216902784555,26.53217701458067,3,EELS,Sodium Azide
5.7743038593063005,26.514778710567022,3,EELS,Sodium Azide
6.753786028334147,26.53024933350563,3,EELS,Sodium Azide
7.733268197361992,26.49102026343272,3,EELS,Sodium Azide
8.712750366389837,26.50371241592861,3,EELS,Sodium Azide
9.692232535417684,26.502433353507662,3,EELS,Sodium Azide
10.67171470444553,26.485707547285973,3,EELS,Sodium Azide
11.651196873473374,26.490074208446487,3,EELS,Sodium Azide
12.630679042501221,26.4810231975979,3,EELS,Sodium Azide
13.610161211529064,26.492508320510048,3,EELS,Sodium Azide
14.589643380556911,26.475313815438582,3,EELS,Sodium Azide
15.569125549584758,26.48246357875054,3,EELS,Sodium Azide
16.5486077186126,26.49813917541416,3,EELS,Sodium Azide
17.528089887640448,26.48861747225798,3,EELS,Sodium Azide
18.507572056668295,26.47393489566782,3,EELS,Sodium Azide
19.487054225696138,26.485080053187296,3,EELS,Sodium Azide
20.466536394723985,26.48371146137534,3,EELS,Sodium Azide
21.44601856375183,26.463450240406477,3,EELS,Sodium Azide
22.425500732779675,26.491574063312445,3,EELS,Sodium Azide
23.40498290180752,26.468891410405988,3,EELS,Sodium Azide
24.38446507083537,26.508364312832917,3,EELS,Sodium Azide
25.36394723986321,26.47241555397819,3,EELS,Sodium Azide
26.34342940889106,26.45408386197844,3,EELS,Sodium Azide
27.3229115779189,26.485905314662865,3,EELS,Sodium Azide
28.30239374694675,26.461670847789186,3,EELS,Sodium Azide
29.281875915974595,26.468034942844493,3,EELS,Sodium Azide
30.261358085002442,26.458876075689176,3,EELS,Sodium Azide
31.24084025403029,26.45755230499729,3,EELS,Sodium Azide
32.22032242305813,26.474213026854013,3,EELS,Sodium Azide
33.199804592085975,26.45883438720716,3,EELS,Sodium Azide
34.17928676111382,26.47788740959899,3,EELS,Sodium Azide
35.15876893014167,26.45680120039573,3,EELS,Sodium Azide
36.138251099169516,26.485760473122923,3,EELS,Sodium Azide
37.11773326819736,26.451525917117085,3,EELS,Sodium Azide
38.0972154372252,26.451881097033848,3,EELS,Sodium Azide
39.07669760625305,26.47341076708274,3,EELS,Sodium Azide
40.056179775280896,26.453056883273547,3,EELS,Sodium Azide
41.03566194430874,26.473671616218915,3,EELS,Sodium Azide
42.01514411333659,26.466198616160998,3,EELS,Sodium Azide
42.994626282364436,26.455298281783506,3,EELS,Sodium Azide
43.974108451392276,26.449959955893874,3,EELS,Sodium Azide
44.95359062042012,26.466258064857104,3,EELS,Sodium Azide
45.93307278944797,26.46729673639496,3,EELS,Sodium Azide
46.912554958475816,26.467979186845668,3,EELS,Sodium Azide
47.89203712750366,26.482098497200525,3,EELS,Sodium Azide
48.87151929653151,26.449959955893874,3,EELS,Sodium Azide
49.85100146555935,26.47373940774633,3,EELS,Sodium Azide
50.830483634587196,26.483220638836674,3,EELS,Sodium Azide
51.80996580361504,26.46621495575438,3,EELS,Sodium Azide
52.78944797264289,26.46021254579683,3,EELS,Sodium Azide
53.76893014167074,26.479959955893875,3,EELS,Sodium Azide
54.74841231069858,26.46327722867294,3,EELS,Sodium Azide
55.72789447972642,26.449959955893874,3,EELS,Sodium Azide
56.70737664875427,26.462553266509673,3,EELS,Sodium Azide
57.68685881778212,26.47450066644813,3,EELS,Sodium Azide
58.66634098680996,26.467508124045235,3,EELS,Sodium Azide
59.6458231558378,26.465999912129167,3,EELS,Sodium Azide
60.62530532486565,26.45767460541968,3,EELS,Sodium Azide
61.6047874938935,26.449959955893874,3,EELS,Sodium Azide
62.58426966292134,26.449959955893874,3,EELS,Sodium Azide
63.56375183194919,26.46542456030691,3,EELS,Sodium Azide
64.54323400097704,26.451637677679532,3,EELS,Sodium Azide
65.52271617000488,26.449959955893874,3,EELS,Sodium Azide
66.50219833903273,26.449959955893874,3,EELS,Sodium Azide
67.48168050806058,26.469959955893874,3,EELS,Sodium Azide
68.46116267708842,26.451516135011794,3,EELS,Sodium Azide
69.44064484611626,26.470217862156552,3,EELS,Sodium Azide
70.4201270151441,26.455279568674804,3,EELS,Sodium Azide
71.39960918417195,26.469688015682333,3,EELS,Sodium Azide
72.3790913531998,26.449959955893874,3,EELS,Sodium Azide
73.35857352222764,26.462142763142285,3,EELS,Sodium Azide
74.33805569125549,26.453577044752386,3,EELS,Sodium Azide
75.31753786028334,26.470119432821434,3,EELS,Sodium Azide
76.29702002931118,26.449959955893874,3,EELS,Sodium Azide
77.27650219833903,26.46384970260852,3,EELS,Sodium Azide
78.25598436736688,26.455875713718786,3,EELS,Sodium Azide
79.23546653639472,26.449959955893874,3,EELS,Sodium Azide
80.21494870542257,26.462637179353198,3,EELS,Sodium Azide
81.1944308744504,26.460266411351704,3,EELS,Sodium Azide
82.17391304347825,26.467650120171932,3,EELS,Sodium Azide
83.1533952125061,26.449959955893874,3,EELS,Sodium Azide
84.13287738153394,26.46226827898729,3,EELS,Sodium Azide
85.11235955056179,26.46655470092603,3,EELS,Sodium Azide
86.09184171958964,26.482816262225253,3,EELS,Sodium Azide
87.07132388861748,26.466174725241313,3,EELS,Sodium Azide
88.05080605764533,26.490290335684254,3,EELS,Sodium Azide
89.03028822667318,26.462279669447614,3,EELS,Sodium Azide
90.00977039570103,26.4545270056485,3,EELS,Sodium Azide
90.98925256472887,26.45529452310289,3,EELS,Sodium Azide
91.9687347337567,26.456355305713213,3,EELS,Sodium Azide
92.94821690278455,26.459959955893876,3,EELS,Sodium Azide
93.9276990718124,26.459959955893876,3,EELS,Sodium Azide
94.90718124084025,26.449959955893874,3,EELS,Sodium Azide
95.88666340986809,26.46514053146219,3,EELS,Sodium Azide
96.86614557889594,26.451450073969013,3,EELS,Sodium Azide
97.84562774792379,26.450067019885303,3,EELS,Sodium Azide
98.82510991695163,26.481154432651017,3,EELS,Sodium Azide
99.80459208597948,26.456284999600825,3,EELS,Sodium Azide
100.78407425500733,26.449959955893874,3,EELS,Sodium Azide
101.76355642403517,26.461196140803555,3,EELS,Sodium Azide
102.74303859306302,26.449959955893874,3,EELS,Sodium Azide
103.72252076209085,26.449959955893874,3,EELS,Sodium Azide
104.7020029311187,26.459959955893876,3,EELS,Sodium Azide
105.68148510014655,26.449959955893874,3,EELS,Sodium Azide
106.66096726917439,26.470612426145625,3,EELS,Sodium Azide
107.64044943820224,26.449959955893874,3,EELS,Sodium Azide
108.61993160723009,26.483481102958823,3,EELS,Sodium Azide
109.59941377625793,26.460669811948662,3,EELS,Sodium Azide
110.57889594528578,26.452070693770427,3,EELS,Sodium Azide
111.55837811431363,26.455750888035137,3,EELS,Sodium Azide
112.53786028334147,26.459959955893876,3,EELS,Sodium Azide
113.51734245236932,26.456274636026073,3,EELS,Sodium Azide
114.49682462139717,26.449959955893874,3,EELS,Sodium Azide
115.476306790425,26.459959955893876,3,EELS,Sodium Azide
116.45578895945285,26.467405578418806,3,EELS,Sodium Azide
117.4352711284807,26.466750414411027,3,EELS,Sodium Azide
118.41475329750854,26.458909492275303,3,EELS,Sodium Azide
119.39423546653639,26.460911008418556,3,EELS,Sodium Azide
120.37371763556423,26.449959955893874,3,EELS,Sodium Azide
121.35319980459208,26.449959955893874,3,EELS,Sodium Azide
122.33268197361993,26.46663957788188,3,EELS,Sodium Azide
123.31216414264776,26.482377792401223,3,EELS,Sodium Azide
124.2916463116756,26.47714127514788,3,EELS,Sodium Azide
125.27112848070345,26.459959955893876,3,EELS,Sodium Azide
126.2506106497313,26.459959955893876,3,EELS,Sodium Azide
127.23009281875915,26.459959955893876,3,EELS,Sodium Azide
128.209574987787,26.459959955893876,3,EELS,Sodium Azide
129.18905715681484,26.45022799914372,3,EELS,Sodium Azide
130.1685393258427,26.467683943634906,3,EELS,Sodium Azide
131.14802149487053,26.449959955893874,3,EELS,Sodium Azide
132.12750366389838,26.454360474255424,3,EELS,Sodium Azide
133.10698583292623,26.475292074478055,3,EELS,Sodium Azide
134.08646800195407,26.449959955893874,3,EELS,Sodium Azide
135.06595017098192,26.471993983748618,3,EELS,Sodium Azide
136.04543234000977,26.481536944755977,3,EELS,Sodium Azide
137.02491450903761,26.449959955893874,3,EELS,Sodium Azide
138.00439667806546,26.459959955893876,3,EELS,Sodium Azide
138.9838788470933,26.45829000951154,3,EELS,Sodium Azide
139.96336101612115,26.449959955893874,3,EELS,Sodium Azide
140.942843185149,26.459959955893876,3,EELS,Sodium Azide
141.92232535417685,26.464207769400392,3,EELS,Sodium Azide
142.9018075232047,26.463534559558717,3,EELS,Sodium Azide
143.8812896922325,26.45270180307132,3,EELS,Sodium Azide
144.86077186126036,26.459959955893876,3,EELS,Sodium Azide
145.8402540302882,26.449959955893874,3,EELS,Sodium Azide
146.81973619931605,26.452174016109826,3,EELS,Sodium Azide
147.7992183683439,26.469959955893874,3,EELS,Sodium Azide
148.77870053737175,26.459959955893876,3,EELS,Sodium Azide
149.7581827063996,26.46146983166873,3,EELS,Sodium Azide
150.73766487542744,26.458513656302493,3,EELS,Sodium Azide
151.7171470444553,26.46508101746119,3,EELS,Sodium Azide
152.69662921348313,26.459959955893876,3,EELS,Sodium Azide
153.67611138251098,26.449959955893874,3,EELS,Sodium Azide
154.65559355153883,26.458735142169875,3,EELS,Sodium Azide
155.63507572056668,26.45555420442802,3,EELS,Sodium Azide
156.61455788959452,26.476603233596975,3,EELS,Sodium Azide
157.59404005862237,26.455253751602292,3,EELS,Sodium Azide
158.57352222765022,26.479804125294635,3,EELS,Sodium Azide
159.55300439667806,26.46645339469267,3,EELS,Sodium Azide
160.5324865657059,26.481769580158183,3,EELS,Sodium Azide
161.51196873473376,26.449959955893874,3,EELS,Sodium Azide
162.4914509037616,26.45106406490149,3,EELS,Sodium Azide
163.47093307278945,26.460200295387313,3,EELS,Sodium Azide
164.4504152418173,26.467351678088093,3,EELS,Sodium Azide
165.42989741084514,26.458329745225704,3,EELS,Sodium Azide
166.40937957987296,26.460035464794213,3,EELS,Sodium Azide
167.3888617489008,26.46492295399513,3,EELS,Sodium Azide
168.36834391792866,26.449959955893874,3,EELS,Sodium Azide
169.3478260869565,26.449959955893874,3,EELS,Sodium Azide
170.32730825598435,26.467803159499432,3,EELS,Sodium Azide
171.3067904250122,26.460987146560516,3,EELS,Sodium Azide
172.28627259404004,26.457011184483854,3,EELS,Sodium Azide
173.2657547630679,26.451484758559985,3,EELS,Sodium Azide
174.24523693209574,26.466643447700257,3,EELS,Sodium Azide
175.22471910112358,26.449959955893874,3,EELS,Sodium Azide
176.20420127015143,26.456624007501222,3,EELS,Sodium Azide
177.18368343917928,26.470940464470527,3,EELS,Sodium Azide
178.16316560820712,26.463239721134777,3,EELS,Sodium Azide
179.14264777723497,26.471320603364127,3,EELS,Sodium Azide
180.12212994626282,26.47326685356769,3,EELS,Sodium Azide
181.10161211529066,26.463564079944906,3,EELS,Sodium Azide
182.0810942843185,26.449959955893874,3,EELS,Sodium Azide
183.06057645334636,26.469959955893874,3,EELS,Sodium Azide
184.0400586223742,26.449959955893874,3,EELS,Sodium Azide
185.01954079140205,26.47145629792625,3,EELS,Sodium Azide
185.9990229604299,26.459959955893876,3,EELS,Sodium Azide
186.97850512945774,26.458853244896414,3,EELS,Sodium Azide
187.9579872984856,26.45070854683192,3,EELS,Sodium Azide
188.9374694675134,26.449959955893874,3,EELS,Sodium Azide
189.91695163654126,26.45325137212775,3,EELS,Sodium Azide
190.8964338055691,26.449959955893874,3,EELS,Sodium Azide
191.87591597459695,26.469959955893874,3,EELS,Sodium Azide
192.8553981436248,26.449959955893874,3,EELS,Sodium Azide
193.83488031265264,26.449959955893874,3,EELS,Sodium Azide
194.8143624816805,26.449959955893874,3,EELS,Sodium Azide
195.79384465070834,26.449959955893874,3,EELS,Sodium Azide
196.77332681973618,26.454924285352046,3,EELS,Sodium Azide
197.75280898876403,26.457384530299162,3,EELS,Sodium Azide
198.73229115779188,26.45302985580448,3,EELS,Sodium Azide
199.71177332681972,26.46080866574307,3,EELS,Sodium Azide
200.69125549584757,26.466521276357028,3,EELS,Sodium Azide
201.67073766487542,26.489959955893873,3,EELS,Sodium Azide
202.65021983390326,26.449959955893874,3,EELS,Sodium Azide
203.6297020029311,26.453826138532396,3,EELS,Sodium Azide
204.60918417195896,26.48648251514334,3,EELS,Sodium Azide
205.5886663409868,26.474882383313364,3,EELS,Sodium Azide
206.56814851001465,26.46276962558483,3,EELS,Sodium Azide
207.5476306790425,26.459959955893876,3,EELS,Sodium Azide
208.52711284807035,26.459959955893876,3,EELS,Sodium Azide
209.5065950170982,26.467450164023273,3,EELS,Sodium Azide
210.48607718612604,26.491494320897985,3,EELS,Sodium Azide
211.46555935515389,26.47017373225545,3,EELS,Sodium Azide
212.4450415241817,26.449959955893874,3,EELS,Sodium Azide
213.42452369320955,26.449959955893874,3,EELS,Sodium Azide
214.4040058622374,26.459959955893876,3,EELS,Sodium Azide
215.38348803126524,26.46335977347032,3,EELS,Sodium Azide
216.3629702002931,26.454065190179186,3,EELS,Sodium Azide
217.34245236932094,26.459959955893876,3,EELS,Sodium Azide
218.32193453834878,26.46102080491051,3,EELS,Sodium Azide
219.30141670737663,26.456999931458395,3,EELS,Sodium Azide
220.28089887640448,26.449959955893874,3,EELS,Sodium Azide
221.26038104543233,26.461823696116742,3,EELS,Sodium Azide
222.23986321446017,26.449959955893874,3,EELS,Sodium Azide
223.21934538348802,26.463372139303978,3,EELS,Sodium Azide
224.19882755251587,26.449959955893874,3,EELS,Sodium Azide
225.1783097215437,26.449959955893874,3,EELS,Sodium Azide
226.15779189057156,26.449959955893874,3,EELS,Sodium Azide
227.1372740595994,26.459959955893876,3,EELS,Sodium Azide
228.11675622862725,26.459959955893876,3,EELS,Sodium Azide
229.0962383976551,26.459959955893876,3,EELS,Sodium Azide
230.07572056668295,26.453924802262367,3,EELS,Sodium Azide
231.0552027357108,26.459959955893876,3,EELS,Sodium Azide
232.03468490473864,26.469959955893874,3,EELS,Sodium Azide
233.0141670737665,26.459959955893876,3,EELS,Sodium Azide
233.99364924279433,26.45449910236368,3,EELS,Sodium Azide
234.97313141182215,26.449959955893874,3,EELS,Sodium Azide
235.95261358085,26.47692061654564,3,EELS,Sodium Azide
236.93209574987785,26.459959955893876,3,EELS,Sodium Azide
237.9115779189057,26.449959955893874,3,EELS,Sodium Azide
238.89106008793354,26.466790565023473,3,EELS,Sodium Azide
239.8705422569614,26.464017737689204,3,EELS,Sodium Azide
240.85002442598923,26.449959955893874,3,EELS,Sodium Azide
241.82950659501708,26.449959955893874,3,EELS,Sodium Azide
242.80898876404493,26.476153654818162,3,EELS,Sodium Azide
243.78847093307277,26.46489302870683,3,EELS,Sodium Azide
244.76795310210062,26.449959955893874,3,EELS,Sodium Azide
245.74743527112847,26.449959955893874,3,EELS,Sodium Azide
246.7269174401563,26.467434168646903,3,EELS,Sodium Azide
247.70639960918416,26.449959955893874,3,EELS,Sodium Azide
248.685881778212,26.459959955893876,3,EELS,Sodium Azide
249.66536394723985,26.459959955893876,3,EELS,Sodium Azide
250.6448461162677,26.449959955893874,3,EELS,Sodium Azide
251.62432828529552,26.449959955893874,3,EELS,Sodium Azide
252.60381045432337,26.471177863757543,3,EELS,Sodium Azide
253.5832926233512,26.449959955893874,3,EELS,Sodium Azide
254.56277479237906,26.452958995755807,3,EELS,Sodium Azide
255.5422569614069,26.46947649356078,3,EELS,Sodium Azide
256.52173913043475,26.469959955893874,3,EELS,Sodium Azide
257.5012212994626,26.449959955893874,3,EELS,Sodium Azide
258.48070346849045,26.462799107552367,3,EELS,Sodium Azide
259.4601856375183,26.455858054642707,3,EELS,Sodium Azide
260.43966780654614,26.449959955893874,3,EELS,Sodium Azide
261.419149975574,26.462679466784767,3,EELS,Sodium Azide
262.39863214460183,26.462720517942,3,EELS,Sodium Azide
263.3781143136297,26.453156409966546,3,EELS,Sodium Azide
264.3575964826575,26.449959955893874,3,EELS,Sodium Azide
265.3370786516854,26.459959955893876,3,EELS,Sodium Azide
266.3165608207132,26.46332541662641,3,EELS,Sodium Azide
267.29604298974107,26.449959955893874,3,EELS,Sodium Azide
268.2755251587689,26.459975964582608,3,EELS,Sodium Azide
269.25500732779676,26.449959955893874,3,EELS,Sodium Azide
270.2344894968246,26.449959955893874,3,EELS,Sodium Azide
271.21397166585245,26.47223675439541,3,EELS,Sodium Azide
272.1934538348803,26.449959955893874,3,EELS,Sodium Azide
273.17293600390815,26.449959955893874,3,EELS,Sodium Azide
274.152418172936,26.449959955893874,3,EELS,Sodium Azide
275.13190034196384,26.45058179104444,3,EELS,Sodium Azide
276.1113825109917,26.449959955893874,3,EELS,Sodium Azide
277.09086468001954,26.45704265738171,3,EELS,Sodium Azide
278.0703468490474,26.451078249907955,3,EELS,Sodium Azide
279.04982901807523,26.449959955893874,3,EELS,Sodium Azide
280.0293111871031,26.462375249694254,3,EELS,Sodium Azide
281.0087933561309,26.449959955893874,3,EELS,Sodium Azide
281.98827552515877,26.465837139360968,3,EELS,Sodium Azide
282.9677576941866,26.479959955893875,3,EELS,Sodium Azide
283.94723986321446,26.459959955893876,3,EELS,Sodium Azide
284.9267220322423,26.449959955893874,3,EELS,Sodium Azide
285.90620420127016,26.458332862572014,3,EELS,Sodium Azide
286.885686370298,26.479959955893875,3,EELS,Sodium Azide
287.86516853932585,26.470215813457905,3,EELS,Sodium Azide
288.8446507083537,26.449959955893874,3,EELS,Sodium Azide
289.82413287738154,26.479959955893875,3,EELS,Sodium Azide
290.8036150464094,26.449959955893874,3,EELS,Sodium Azide
291.7830972154372,26.45425616968763,3,EELS,Sodium Azide
292.762579384465,26.459959955893876,3,EELS,Sodium Azide
293.7420615534929,26.463903938372905,3,EELS,Sodium Azide
294.7215437225207,26.449959955893874,3,EELS,Sodium Azide
295.70102589154857,26.469959955893874,3,EELS,Sodium Azide
296.6805080605764,26.47744125568231,3,EELS,Sodium Azide
297.65999022960426,26.449959955893874,3,EELS,Sodium Azide
298.6394723986321,26.449959955893874,3,EELS,Sodium Azide
299.61895456765996,26.462563924658802,3,EELS,Sodium Azide
300.5984367366878,26.459959955893876,3,EELS,Sodium Azide
301.57791890571565,26.449959955893874,3,EELS,Sodium Azide
302.5574010747435,26.459959955893876,3,EELS,Sodium Azide
303.53688324377134,26.48855700086376,3,EELS,Sodium Azide
304.5163654127992,26.449959955893874,3,EELS,Sodium Azide
305.49584758182704,26.449959955893874,3,EELS,Sodium Azide
306.4753297508549,26.46555116922052,3,EELS,Sodium Azide
307.45481191988273,26.46654728362525,3,EELS,Sodium Azide
308.4342940889106,26.449959955893874,3,EELS,Sodium Azide
309.4137762579384,26.449959955893874,3,EELS,Sodium Azide
310.39325842696627,26.467178465462172,3,EELS,Sodium Azide
311.3727405959941,26.449959955893874,3,EELS,Sodium Azide
312.35222276502196,26.449959955893874,3,EELS,Sodium Azide
313.3317049340498,26.47853273060324,3,EELS,Sodium Azide
314.31118710307766,26.449959955893874,3,EELS,Sodium Azide
315.2906692721055,26.47555462790763,3,EELS,Sodium Azide
316.27015144113335,26.473338374894386,3,EELS,Sodium Azide
317.2496336101612,26.459959955893876,3,EELS,Sodium Azide
318.22911577918904,26.47083382415543,3,EELS,Sodium Azide
319.2085979482169,26.459959955893876,3,EELS,Sodium Azide
320.18808011724474,26.449959955893874,3,EELS,Sodium Azide
321.1675622862726,26.459959955893876,3,EELS,Sodium Azide
322.14704445530043,26.45434537416699,3,EELS,Sodium Azide
323.1265266243283,26.449959955893874,3,EELS,Sodium Azide
324.1060087933561,26.449959955893874,3,EELS,Sodium Azide
325.085490962384,26.481948486574485,3,EELS,Sodium Azide
326.0649731314118,26.471369772915942,3,EELS,Sodium Azide
327.04445530043967,26.459959955893876,3,EELS,Sodium Azide
328.0239374694675,26.46744066339272,3,EELS,Sodium Azide
329.00341963849536,26.452295210564348,3,EELS,Sodium Azide
329.9829018075232,26.449959955893874,3,EELS,Sodium Azide
330.96238397655105,26.454644943674065,3,EELS,Sodium Azide
331.9418661455789,26.4642709654122,3,EELS,Sodium Azide
332.92134831460675,26.450478436366232,3,EELS,Sodium Azide
333.9008304836346,26.469366301177512,3,EELS,Sodium Azide
334.88031265266244,26.449959955893874,3,EELS,Sodium Azide
335.8597948216903,26.47370091027771,3,EELS,Sodium Azide
336.83927699071813,26.449959955893874,3,EELS,Sodium Azide
337.8187591597459,26.464418057546517,3,EELS,Sodium Azide
338.79824132877377,26.470184130770495,3,EELS,Sodium Azide
339.7777234978016,26.449959955893874,3,EELS,Sodium Azide
340.75720566682946,26.449959955893874,3,EELS,Sodium Azide
341.7366878358573,26.459959955893876,3,EELS,Sodium Azide
342.71617000488516,26.471585122231954,3,EELS,Sodium Azide
343.695652173913,26.449959955893874,3,EELS,Sodium Azide
344.67513434294085,26.464552924729162,3,EELS,Sodium Azide
345.6546165119687,26.45889225619433,3,EELS,Sodium Azide
346.63409868099654,26.46570380671871,3,EELS,Sodium Azide
347.6135808500244,26.449959955893874,3,EELS,Sodium Azide
348.59306301905224,26.48040115659045,3,EELS,Sodium Azide
349.5725451880801,26.469810363947794,3,EELS,Sodium Azide
350.55202735710793,26.458715686884563,3,EELS,Sodium Azide
351.5315095261358,26.4740501878142,3,EELS,Sodium Azide
352.5109916951636,26.45249201233835,3,EELS,Sodium Azide
353.4904738641915,26.460774458173603,3,EELS,Sodium Azide
354.4699560332193,26.469861865002066,3,EELS,Sodium Azide
355.44943820224717,26.449959955893874,3,EELS,Sodium Azide
356.428920371275,26.461237234105788,3,EELS,Sodium Azide
357.40840254030286,26.449959955893874,3,EELS,Sodium Azide
358.3878847093307,26.449959955893874,3,EELS,Sodium Azide
359.36736687835855,26.449959955893874,3,EELS,Sodium Azide
360.3468490473864,26.459959955893876,3,EELS,Sodium Azide
361.32633121641425,26.449959955893874,3,EELS,Sodium Azide
362.3058133854421,26.469959955893874,3,EELS,Sodium Azide
363.28529555446994,26.449959955893874,3,EELS,Sodium Azide
364.2647777234978,26.459959955893876,3,EELS,Sodium Azide
365.24425989252563,26.459959955893876,3,EELS,Sodium Azide
366.2237420615535,26.451216405246292,3,EELS,Sodium Azide
367.2032242305813,26.449959955893874,3,EELS,Sodium Azide
368.1827063996092,26.469959955893874,3,EELS,Sodium Azide
369.162188568637,26.453917415354557,3,EELS,Sodium Azide
370.14167073766487,26.449959955893874,3,EELS,Sodium Azide
371.1211529066927,26.461183227970444,3,EELS,Sodium Azide
372.10063507572056,26.462520463583395,3,EELS,Sodium Azide
373.0801172447484,26.466410248812572,3,EELS,Sodium Azide
374.05959941377625,26.484608517333314,3,EELS,Sodium Azide
375.0390815828041,26.449959955893874,3,EELS,Sodium Azide
376.01856375183195,26.449959955893874,3,EELS,Sodium Azide
376.9980459208598,26.459108124228788,3,EELS,Sodium Azide
377.97752808988764,26.455413079099223,3,EELS,Sodium Azide
378.9570102589155,26.449959955893874,3,EELS,Sodium Azide
379.93649242794334,26.474406019577703,3,EELS,Sodium Azide
380.9159745969712,26.479959955893875,3,EELS,Sodium Azide
381.89545676599903,26.450546637270755,3,EELS,Sodium Azide
382.8749389350268,26.45042781135248,3,EELS,Sodium Azide
383.85442110405467,26.449959955893874,3,EELS,Sodium Azide
384.8339032730825,26.45100064625916,3,EELS,Sodium Azide
385.81338544211036,26.47445401773185,3,EELS,Sodium Azide
386.7928676111382,26.454745626775626,3,EELS,Sodium Azide
387.77234978016605,26.460523194096655,3,EELS,Sodium Azide
388.7518319491939,26.449959955893874,3,EELS,Sodium Azide
389.73131411822175,26.46357896596069,3,EELS,Sodium Azide
390.7107962872496,26.467850391143013,3,EELS,Sodium Azide
391.69027845627744,26.466416178124707,3,EELS,Sodium Azide
392.6697606253053,26.449959955893874,3,EELS,Sodium Azide
393.64924279433313,26.45351307678389,3,EELS,Sodium Azide
394.628724963361,26.45509460635514,3,EELS,Sodium Azide
395.6082071323888,26.449959955893874,3,EELS,Sodium Azide
396.5876893014167,26.45191359600426,3,EELS,Sodium Azide
397.5671714704445,26.449959955893874,3,EELS,Sodium Azide
398.54665363947237,26.455117358853716,3,EELS,Sodium Azide
399.5261358085002,26.456929939072808,3,EELS,Sodium Azide
400.50561797752806,26.45781842443121,3,EELS,Sodium Azide
401.4851001465559,26.468319446482415,3,EELS,Sodium Azide
402.46458231558375,26.487638279164766,3,EELS,Sodium Azide
403.4440644846116,26.538236397646354,3,EELS,Sodium Azide
404.42354665363945,26.53478059806877,3,EELS,Sodium Azide
405.4030288226673,26.53442762456235,3,EELS,Sodium Azide
406.38251099169514,26.54848726044327,3,EELS,Sodium Azide
407.361993160723,26.578947848435348,3,EELS,Sodium Azide
408.34147532975084,26.561278770674335,3,EELS,Sodium Azide
409.3209574987787,26.570858815527608,3,EELS,Sodium Azide
410.30043966780653,26.604107203063254,3,EELS,Sodium Azide
411.2799218368344,26.59567172414539,3,EELS,Sodium Azide
412.2594040058622,26.623768554179517,3,EELS,Sodium Azide
413.23888617489007,26.578072206901535,3,EELS,Sodium Azide
414.2183683439179,26.605601666119025,3,EELS,Sodium Azide
415.19785051294576,26.60211701028505,3,EELS,Sodium Azide
416.1773326819736,26.602955200906663,3,EELS,Sodium Azide
417.15681485100146,26.602262930928852,3,EELS,Sodium Azide
418.1362970200293,26.59055091667907,3,EELS,Sodium Azide
419.11577918905715,26.58005947241849,3,EELS,Sodium Azide
420.095261358085,26.613348828771024,3,EELS,Sodium Azide
421.07474352711284,26.596283978898498,3,EELS,Sodium Azide
422.0542256961407,26.60118199616887,3,EELS,Sodium Azide
423.03370786516854,26.598553122644137,3,EELS,Sodium Azide
424.0131900341964,26.596495026550357,3,EELS,Sodium Azide
424.99267220322423,26.59318272615275,3,EELS,Sodium Azide
425.9721543722521,26.584273042561946,3,EELS,Sodium Azide
426.9516365412799,26.58553426646943,3,EELS,Sodium Azide
427.93111871030777,26.61493252597222,3,EELS,Sodium Azide
428.91060087933556,26.581277935783714,3,EELS,Sodium Azide
429.8900830483634,26.605337218669714,3,EELS,Sodium Azide
430.86956521739125,26.626075625453442,3,EELS,Sodium Azide
431.8490473864191,26.60187439896411,3,EELS,Sodium Azide
432.82852955544695,26.58040491958505,3,EELS,Sodium Azide
433.8080117244748,26.595039032287026,3,EELS,Sodium Azide
434.78749389350264,26.575322419092732,3,EELS,Sodium Azide
435.7669760625305,26.595166585005593,3,EELS,Sodium Azide
436.74645823155834,26.58515290084291,3,EELS,Sodium Azide
437.7259404005862,26.588510675702,3,EELS,Sodium Azide
438.70542256961403,26.585786034875166,3,EELS,Sodium Azide
439.6849047386419,26.572389693276047,3,EELS,Sodium Azide
440.6643869076697,26.56975620709325,3,EELS,Sodium Azide
441.64386907669757,26.56968967667007,3,EELS,Sodium Azide
442.6233512457254,26.578445831775582,3,EELS,Sodium Azide
443.60283341475326,26.565146069931966,3,EELS,Sodium Azide
444.5823155837811,26.540997688259655,3,EELS,Sodium Azide
445.56179775280896,26.56312118272778,3,EELS,Sodium Azide
446.5412799218368,26.559668812205825,3,EELS,Sodium Azide
447.52076209086465,26.569821657187948,3,EELS,Sodium Azide
448.5002442598925,26.537314387837192,3,EELS,Sodium Azide
449.47972642892034,26.553332689355887,3,EELS,Sodium Azide
450.4592085979482,26.56188969567788,3,EELS,Sodium Azide
451.43869076697604,26.567894663300795,3,EELS,Sodium Azide
452.4181729360039,26.5419436172116,3,EELS,Sodium Azide
453.39765510503173,26.531307462693245,3,EELS,Sodium Azide
454.3771372740596,26.54454912537443,3,EELS,Sodium Azide
455.3566194430874,26.543041879471083,3,EELS,Sodium Azide
456.33610161211527,26.523027344639633,3,EELS,Sodium Azide
457.3155837811431,26.534783858773526,3,EELS,Sodium Azide
458.29506595017097,26.559977403571914,3,EELS,Sodium Azide
459.2745481191988,26.534640727104218,3,EELS,Sodium Azide
460.25403028822666,26.540279298669876,3,EELS,Sodium Azide
461.2335124572545,26.535117145224685,3,EELS,Sodium Azide
462.21299462628235,26.529158288400637,3,EELS,Sodium Azide
463.1924767953102,26.52757652789644,3,EELS,Sodium Azide
464.17195896433805,26.526264593787932,3,EELS,Sodium Azide
465.1514411333659,26.53304870966899,3,EELS,Sodium Azide
466.13092330239374,26.539356943955042,3,EELS,Sodium Azide
467.1104054714216,26.52937584525858,3,EELS,Sodium Azide
468.08988764044943,26.53783555969927,3,EELS,Sodium Azide
469.0693698094773,26.510257779028738,3,EELS,Sodium Azide
470.0488519785051,26.495038535736743,3,EELS,Sodium Azide
471.028334147533,26.53463724882929,3,EELS,Sodium Azide
472.0078163165608,26.521531474668834,3,EELS,Sodium Azide
472.98729848558867,26.503056138377836,3,EELS,Sodium Azide
473.96678065461646,26.517460398160893,3,EELS,Sodium Azide
474.9462628236443,26.502674820531542,3,EELS,Sodium Azide
475.92574499267215,26.533760522773225,3,EELS,Sodium Azide
476.9052271617,26.502425894195497,3,EELS,Sodium Azide
477.88470933072784,26.506975660245157,3,EELS,Sodium Azide
478.8641914997557,26.503623026247478,3,EELS,Sodium Azide
479.84367366878354,26.522105352568197,3,EELS,Sodium Azide
480.8231558378114,26.511574288193746,3,EELS,Sodium Azide
481.80263800683923,26.483685610979695,3,EELS,Sodium Azide
482.7821201758671,26.508058734042603,3,EELS,Sodium Azide
483.7616023448949,26.49972611423278,3,EELS,Sodium Azide
484.7410845139228,26.499493113601122,3,EELS,Sodium Azide
485.7205666829506,26.532367445894355,3,EELS,Sodium Azide
486.70004885197847,26.48907644879647,3,EELS,Sodium Azide
487.6795310210063,26.497750073570646,3,EELS,Sodium Azide
488.65901319003416,26.48938673910913,3,EELS,Sodium Azide
489.638495359062,26.49026063915929,3,EELS,Sodium Azide
490.61797752808985,26.500847565248765,3,EELS,Sodium Azide
491.5974596971177,26.49069150676195,3,EELS,Sodium Azide
492.57694186614555,26.4958810222784,3,EELS,Sodium Azide
493.5564240351734,26.504452500244213,3,EELS,Sodium Azide
494.53590620420124,26.492389989698875,3,EELS,Sodium Azide
495.5153883732291,26.49720323173465,3,EELS,Sodium Azide
496.49487054225693,26.49104205295459,3,EELS,Sodium Azide
497.4743527112848,26.495735085964586,3,EELS,Sodium Azide
498.4538348803126,26.487569639801215,3,EELS,Sodium Azide
499.4333170493405,26.49698188911943,3,EELS,Sodium Azide
500.4127992183683,26.483562397942475,3,EELS,Sodium Azide
501.39228138739617,26.488816178361933,3,EELS,Sodium Azide
502.371763556424,26.483838164733992,3,EELS,Sodium Azide
503.35124572545186,26.482608593205697,3,EELS,Sodium Azide
504.3307278944797,26.48558111018296,3,EELS,Sodium Azide
505.31021006350755,26.487778171088348,3,EELS,Sodium Azide
506.2896922325354,26.468934128206502,3,EELS,Sodium Azide
507.2691744015632,26.515687694825143,3,EELS,Sodium Azide
508.24865657059104,26.461498381337123,3,EELS,Sodium Azide
509.2281387396189,26.482891697874315,3,EELS,Sodium Azide
510.20762090864673,26.478337025656376,3,EELS,Sodium Azide
511.1871030776746,26.48293766023157,3,EELS,Sodium Azide
512.1665852467024,26.514252019884676,3,EELS,Sodium Azide
513.1460674157303,26.45867891581026,3,EELS,Sodium Azide
514.1255495847581,26.501919588135557,3,EELS,Sodium Azide
515.105031753786,26.454882032072295,3,EELS,Sodium Azide
516.0845139228138,26.486382616505896,3,EELS,Sodium Azide
517.0639960918417,26.478327304908202,3,EELS,Sodium Azide
518.0434782608695,26.491287077552666,3,EELS,Sodium Azide
519.0229604298974,26.495808405461677,3,EELS,Sodium Azide
520.0024425989252,26.49475114102906,3,EELS,Sodium Azide
520.981924767953,26.48959185649653,3,EELS,Sodium Azide
521.9614069369809,26.468741362302403,3,EELS,Sodium Azide
522.9408891060087,26.45836248075117,3,EELS,Sodium Azide
523.9203712750366,26.475098124316183,3,EELS,Sodium Azide
524.8998534440644,26.456644571112786,3,EELS,Sodium Azide
525.8793356130923,26.484650189097255,3,EELS,Sodium Azide
526.8588177821201,26.479373202919174,3,EELS,Sodium Azide
527.838299951148,26.48280964132555,3,EELS,Sodium Azide
528.8177821201758,26.465323903853484,3,EELS,Sodium Azide
529.7972642892037,26.472573115350503,3,EELS,Sodium Azide
530.7767464582315,26.4715832559064,3,EELS,Sodium Azide
531.7562286272594,26.478613109995603,3,EELS,Sodium Azide
532.7357107962872,26.47429149691473,3,EELS,Sodium Azide
533.715192965315,26.472345760423426,3,EELS,Sodium Azide
534.6946751343429,26.458542901961312,3,EELS,Sodium Azide
535.6741573033707,26.4653064954532,3,EELS,Sodium Azide
536.6536394723986,26.479976750530227,3,EELS,Sodium Azide
537.6331216414264,26.484383542788006,3,EELS,Sodium Azide
538.6126038104543,26.467311642910925,3,EELS,Sodium Azide
539.5920859794821,26.49330138522019,3,EELS,Sodium Azide
540.57156814851,26.463272584675007,3,EELS,Sodium Azide
541.5510503175378,26.49918508457657,3,EELS,Sodium Azide
542.5305324865657,26.46718259119426,3,EELS,Sodium Azide
543.5100146555935,26.47464341904506,3,EELS,Sodium Azide
544.4894968246214,26.483652032179084,3,EELS,Sodium Azide
545.4689789936492,26.474622495807495,3,EELS,Sodium Azide
546.4484611626771,26.50300382140239,3,EELS,Sodium Azide
547.4279433317049,26.471379995206394,3,EELS,Sodium Azide
548.4074255007328,26.46957682897549,3,EELS,Sodium Azide
549.3869076697606,26.47188672128254,3,EELS,Sodium Azide
550.3663898387885,26.449959955893874,3,EELS,Sodium Azide
551.3458720078163,26.462516245082647,3,EELS,Sodium Azide
552.3253541768441,26.472655813891475,3,EELS,Sodium Azide
553.304836345872,26.469877820603774,3,EELS,Sodium Azide
554.2843185148998,26.464301359769205,3,EELS,Sodium Azide
555.2638006839277,26.459959955893876,3,EELS,Sodium Azide
556.2432828529555,26.480566074018412,3,EELS,Sodium Azide
557.2227650219834,26.473636030428313,3,EELS,Sodium Azide
558.2022471910112,26.479225486593787,3,EELS,Sodium Azide
559.1817293600391,26.46692762256615,3,EELS,Sodium Azide
560.1612115290669,26.4713432274639,3,EELS,Sodium Azide
561.1406936980948,26.48085277255575,3,EELS,Sodium Azide
562.1201758671226,26.47015610910077,3,EELS,Sodium Azide
563.0996580361505,26.492378220180157,3,EELS,Sodium Azide
564.0791402051783,26.46062378793539,3,EELS,Sodium Azide
565.0586223742062,26.451480834908125,3,EELS,Sodium Azide
566.038104543234,26.449959955893874,3,EELS,Sodium Azide
567.0175867122618,26.463968334103505,3,EELS,Sodium Azide
567.9970688812897,26.46107168526299,3,EELS,Sodium Azide
568.9765510503175,26.45755236456893,3,EELS,Sodium Azide
569.9560332193454,26.467180712876583,3,EELS,Sodium Azide
570.9355153883732,26.47132392236558,3,EELS,Sodium Azide
571.9149975574011,26.449959955893874,3,EELS,Sodium Azide
572.8944797264289,26.452333223113314,3,EELS,Sodium Azide
573.8739618954568,26.46662456760829,3,EELS,Sodium Azide
574.8534440644846,26.453330559975686,3,EELS,Sodium Azide
575.8329262335125,26.449959955893874,3,EELS,Sodium Azide
576.8124084025403,26.468180785071134,3,EELS,Sodium Azide
577.7918905715682,26.449959955893874,3,EELS,Sodium Azide
578.771372740596,26.45442021094889,3,EELS,Sodium Azide
579.7508549096239,26.460703910099028,3,EELS,Sodium Azide
580.7303370786517,26.461358393406716,3,EELS,Sodium Azide
581.7098192476795,26.475059813571008,3,EELS,Sodium Azide
582.6893014167074,26.451134525511236,3,EELS,Sodium Azide
583.6687835857352,26.481169997854824,3,EELS,Sodium Azide
584.6482657547631,26.465390286813413,3,EELS,Sodium Azide
585.6277479237909,26.46339105609753,3,EELS,Sodium Azide
586.6072300928188,26.474027890859848,3,EELS,Sodium Azide
587.5867122618466,26.449959955893874,3,EELS,Sodium Azide
588.5661944308744,26.449959955893874,3,EELS,Sodium Azide
589.5456765999022,26.45973615290518,3,EELS,Sodium Azide
590.52515876893,26.456677910804096,3,EELS,Sodium Azide
591.5046409379579,26.461495657744237,3,EELS,Sodium Azide
592.4841231069857,26.473404684547525,3,EELS,Sodium Azide
593.4636052760136,26.46121556376119,3,EELS,Sodium Azide
594.4430874450414,26.475982698927275,3,EELS,Sodium Azide
595.4225696140693,26.469959955893874,3,EELS,Sodium Azide
596.4020517830971,26.462775125069673,3,EELS,Sodium Azide
597.381533952125,26.449959955893874,3,EELS,Sodium Azide
598.3610161211528,26.461664251579055,3,EELS,Sodium Azide
599.3404982901807,26.461757318600174,3,EELS,Sodium Azide
600.3199804592085,26.459959955893876,3,EELS,Sodium Azide
601.2994626282364,26.46062823665189,3,EELS,Sodium Azide
602.2789447972642,26.468893696459624,3,EELS,Sodium Azide
603.2584269662921,26.469414032542662,3,EELS,Sodium Azide
604.2379091353199,26.455586383667363,3,EELS,Sodium Azide
605.2173913043478,26.459959955893876,3,EELS,Sodium Azide
606.1968734733756,26.459631531241964,3,EELS,Sodium Azide
607.1763556424035,26.476269854944768,3,EELS,Sodium Azide
608.1558378114313,26.45031263568726,3,EELS,Sodium Azide
609.1353199804591,26.450280560474358,3,EELS,Sodium Azide
610.114802149487,26.449959955893874,3,EELS,Sodium Azide
611.0942843185148,26.459959955893876,3,EELS,Sodium Azide
612.0737664875427,26.459959955893876,3,EELS,Sodium Azide
613.0532486565705,26.477940939292466,3,EELS,Sodium Azide
614.0327308255984,26.459959955893876,3,EELS,Sodium Azide
615.0122129946262,26.449959955893874,3,EELS,Sodium Azide
615.9916951636541,26.461277972989635,3,EELS,Sodium Azide
616.9711773326819,26.449959955893874,3,EELS,Sodium Azide
617.9506595017098,26.460006269435794,3,EELS,Sodium Azide
618.9301416707376,26.46835083240571,3,EELS,Sodium Azide
619.9096238397655,26.469959955893874,3,EELS,Sodium Azide
620.8891060087933,26.449959955893874,3,EELS,Sodium Azide
621.8685881778212,26.455950956339862,3,EELS,Sodium Azide
622.848070346849,26.474867032223194,3,EELS,Sodium Azide
623.8275525158768,26.449959955893874,3,EELS,Sodium Azide
624.8070346849047,26.45718296758879,3,EELS,Sodium Azide
625.7865168539325,26.45889307263321,3,EELS,Sodium Azide
626.7659990229604,26.449959955893874,3,EELS,Sodium Azide
627.7454811919882,26.46099971122522,3,EELS,Sodium Azide
628.7249633610161,26.4617420788768,3,EELS,Sodium Azide
629.7044455300439,26.449959955893874,3,EELS,Sodium Azide
630.6839276990718,26.465468954730866,3,EELS,Sodium Azide
631.6634098680996,26.464235830829985,3,EELS,Sodium Azide
632.6428920371275,26.463646581498637,3,EELS,Sodium Azide
633.6223742061553,26.449959955893874,3,EELS,Sodium Azide
634.6018563751832,26.449959955893874,3,EELS,Sodium Azide
635.581338544211,26.45206702752383,3,EELS,Sodium Azide
636.5608207132389,26.458214763902657,3,EELS,Sodium Azide
637.5403028822667,26.449959955893874,3,EELS,Sodium Azide
638.5197850512945,26.449959955893874,3,EELS,Sodium Azide
639.4992672203224,26.475209586740245,3,EELS,Sodium Azide
640.4787493893502,26.454167061766668,3,EELS,Sodium Azide
641.4582315583781,26.449959955893874,3,EELS,Sodium Azide
642.4377137274059,26.470885828981544,3,EELS,Sodium Azide
643.4171958964338,26.477653036431356,3,EELS,Sodium Azide
644.3966780654616,26.479959955893875,3,EELS,Sodium Azide
645.3761602344895,26.45645359172726,3,EELS,Sodium Azide
646.3556424035173,26.449959955893874,3,EELS,Sodium Azide
647.3351245725452,26.46703935035017,3,EELS,Sodium Azide
648.314606741573,26.453216903100348,3,EELS,Sodium Azide
649.2940889106009,26.458359977604186,3,EELS,Sodium Azide
650.2735710796287,26.449959955893874,3,EELS,Sodium Azide
651.2530532486566,26.449959955893874,3,EELS,Sodium Azide
652.2325354176844,26.449959955893874,3,EELS,Sodium Azide
653.2120175867122,26.455888391354513,3,EELS,Sodium Azide
654.1914997557401,26.462062316475002,3,EELS,Sodium Azide
655.170981924768,26.479959955893875,3,EELS,Sodium Azide
656.1504640937958,26.472117856595506,3,EELS,Sodium Azide
657.1299462628236,26.449959955893874,3,EELS,Sodium Azide
658.1094284318515,26.455278399925273,3,EELS,Sodium Azide
659.0889106008793,26.449959955893874,3,EELS,Sodium Azide
660.0683927699072,26.453381006218184,3,EELS,Sodium Azide
661.047874938935,26.470590854161667,3,EELS,Sodium Azide
662.0273571079629,26.449959955893874,3,EELS,Sodium Azide
663.0068392769907,26.449959955893874,3,EELS,Sodium Azide
663.9863214460186,26.453298694025897,3,EELS,Sodium Azide
664.9658036150464,26.475879811681445,3,EELS,Sodium Azide
665.9452857840743,26.449959955893874,3,EELS,Sodium Azide
666.9247679531021,26.482142117669454,3,EELS,Sodium Azide
667.90425012213,26.471753020410713,3,EELS,Sodium Azide
668.8837322911578,26.47029286079553,3,EELS,Sodium Azide
669.8632144601856,26.459959955893876,3,EELS,Sodium Azide
670.8426966292135,26.449959955893874,3,EELS,Sodium Azide
671.8221787982413,26.470519313482225,3,EELS,Sodium Azide
672.8016609672692,26.449959955893874,3,EELS,Sodium Azide
673.781143136297,26.460392625534066,3,EELS,Sodium Azide
674.7606253053249,26.466415275294423,3,EELS,Sodium Azide
675.7401074743527,26.449959955893874,3,EELS,Sodium Azide
676.7195896433806,26.449959955893874,3,EELS,Sodium Azide
677.6990718124084,26.459959955893876,3,EELS,Sodium Azide
678.6785539814363,26.454880785239546,3,EELS,Sodium Azide
679.658036150464,26.453743456149404,3,EELS,Sodium Azide
680.6375183194918,26.451676360730552,3,EELS,Sodium Azide
681.6170004885197,26.449959955893874,3,EELS,Sodium Azide
682.5964826575475,26.449959955893874,3,EELS,Sodium Azide
683.5759648265754,26.45608978169226,3,EELS,Sodium Azide
684.5554469956032,26.460659070344555,3,EELS,Sodium Azide
685.5349291646311,26.45414785139131,3,EELS,Sodium Azide
686.5144113336589,26.45311084703846,3,EELS,Sodium Azide
687.4938935026868,26.472359266393322,3,EELS,Sodium Azide
688.4733756717146,26.46778950496044,3,EELS,Sodium Azide
689.4528578407425,26.47283556537324,3,EELS,Sodium Azide
690.4323400097703,26.486339133900834,3,EELS,Sodium Azide
691.4118221787982,26.455123359794786,3,EELS,Sodium Azide
692.391304347826,26.464131105671598,3,EELS,Sodium Azide
693.3707865168539,26.466996917250913,3,EELS,Sodium Azide
694.3502686858817,26.449959955893874,3,EELS,Sodium Azide
695.3297508549095,26.464085580561573,3,EELS,Sodium Azide
696.3092330239374,26.462141961718082,3,EELS,Sodium Azide
697.2887151929652,26.450219490444802,3,EELS,Sodium Azide
698.2681973619931,26.463605234479644,3,EELS,Sodium Azide
699.2476795310209,26.449959955893874,3,EELS,Sodium Azide
700.2271617000488,26.453024722481487,3,EELS,Sodium Azide
701.2066438690766,26.449959955893874,3,EELS,Sodium Azide
702.1861260381045,26.46368014251065,3,EELS,Sodium Azide
703.1656082071323,26.449959955893874,3,EELS,Sodium Azide
704.1450903761602,26.449959955893874,3,EELS,Sodium Azide
705.124572545188,26.449959955893874,3,EELS,Sodium Azide
706.1040547142159,26.45337686940392,3,EELS,Sodium Azide
707.0835368832437,26.452532459857267,3,EELS,Sodium Azide
708.0630190522716,26.46457446809411,3,EELS,Sodium Azide
709.0425012212994,26.469959955893874,3,EELS,Sodium Azide
710.0219833903273,26.459959955893876,3,EELS,Sodium Azide
711.0014655593551,26.4669608872695,3,EELS,Sodium Azide
711.980947728383,26.475712001687274,3,EELS,Sodium Azide
712.9604298974108,26.459959955893876,3,EELS,Sodium Azide
713.9399120664386,26.47676063082729,3,EELS,Sodium Azide
714.9193942354665,26.46343559882605,3,EELS,Sodium Azide
715.8988764044943,26.450458293935164,3,EELS,Sodium Azide
716.8783585735222,26.469959955893874,3,EELS,Sodium Azide
717.85784074255,26.459959955893876,3,EELS,Sodium Azide
718.8373229115779,26.470576423716363,3,EELS,Sodium Azide
719.8168050806057,26.449959955893874,3,EELS,Sodium Azide
720.7962872496336,26.459959955893876,3,EELS,Sodium Azide
721.7757694186614,26.460592970596707,3,EELS,Sodium Azide
722.7552515876893,26.449959955893874,3,EELS,Sodium Azide
723.7347337567171,26.449959955893874,3,EELS,Sodium Azide
724.714215925745,26.460266487443974,3,EELS,Sodium Azide
725.6936980947728,26.453434718342756,3,EELS,Sodium Azide
726.6731802638006,26.4553795326264,3,EELS,Sodium Azide
727.6526624328285,26.449959955893874,3,EELS,Sodium Azide
728.6321446018563,26.476227964837037,3,EELS,Sodium Azide
729.6116267708842,26.449959955893874,3,EELS,Sodium Azide
730.591108939912,26.469959955893874,3,EELS,Sodium Azide
731.5705911089399,26.459959955893876,3,EELS,Sodium Azide
732.5500732779677,26.46165562537763,3,EELS,Sodium Azide
733.5295554469956,26.466657105954358,3,EELS,Sodium Azide
734.5090376160234,26.46265376255427,3,EELS,Sodium Azide
735.4885197850513,26.449959955893874,3,EELS,Sodium Azide
736.4680019540791,26.449959955893874,3,EELS,Sodium Azide
737.447484123107,26.454915012061686,3,EELS,Sodium Azide
738.4269662921348,26.45634029251829,3,EELS,Sodium Azide
739.4064484611627,26.450413553409817,3,EELS,Sodium Azide
740.3859306301905,26.465873020154337,3,EELS,Sodium Azide
741.3654127992183,26.459959955893876,3,EELS,Sodium Azide
742.3448949682462,26.486218396218035,3,EELS,Sodium Azide
743.324377137274,26.470447451775396,3,EELS,Sodium Azide
744.3038593063019,26.459959955893876,3,EELS,Sodium Azide
745.2833414753297,26.449959955893874,3,EELS,Sodium Azide
746.2628236443576,26.449959955893874,3,EELS,Sodium Azide
747.2423058133854,26.457216727435913,3,EELS,Sodium Azide
748.2217879824133,26.449959955893874,3,EELS,Sodium Azide
749.2012701514411,26.459959955893876,3,EELS,Sodium Azide
750.180752320469,26.454924538643088,3,EELS,Sodium Azide
751.1602344894968,26.449959955893874,3,EELS,Sodium Azide
752.1397166585247,26.452917796917884,3,EELS,Sodium Azide
753.1191988275525,26.449959955893874,3,EELS,Sodium Azide
754.0986809965804,26.466335116784318,3,EELS,Sodium Azide
755.0781631656082,26.449959955893874,3,EELS,Sodium Azide
756.057645334636,26.449959955893874,3,EELS,Sodium Azide
757.0371275036639,26.452679585316545,3,EELS,Sodium Azide
758.0166096726917,26.46130200452076,3,EELS,Sodium Azide
758.9960918417196,26.450491116087942,3,EELS,Sodium Azide
759.9755740107474,26.449959955893874,3,EELS,Sodium Azide
760.9550561797753,26.449959955893874,3,EELS,Sodium Azide
761.9345383488031,26.450256795121796,3,EELS,Sodium Azide
762.914020517831,26.449959955893874,3,EELS,Sodium Azide
763.8935026868588,26.459959955893876,3,EELS,Sodium Azide
764.8729848558867,26.454177146191487,3,EELS,Sodium Azide
765.8524670249145,26.449959955893874,3,EELS,Sodium Azide
766.8319491939424,26.462012014356393,3,EELS,Sodium Azide
767.8114313629702,26.463161322362964,3,EELS,Sodium Azide
768.7909135319981,26.469959955893874,3,EELS,Sodium Azide
769.7703957010259,26.464052080436606,3,EELS,Sodium Azide
770.7498778700536,26.449959955893874,3,EELS,Sodium Azide
771.7293600390815,26.454467498969787,3,EELS,Sodium Azide
772.7088422081093,26.459959955893876,3,EELS,Sodium Azide
773.6883243771372,26.469606910698655,3,EELS,Sodium Azide
774.667806546165,26.454331410004574,3,EELS,Sodium Azide
775.6472887151929,26.459959955893876,3,EELS,Sodium Azide
776.6267708842207,26.459959955893876,3,EELS,Sodium Azide
777.6062530532486,26.449959955893874,3,EELS,Sodium Azide
778.5857352222764,26.452094703858187,3,EELS,Sodium Azide
779.5652173913043,26.456013748110013,3,EELS,Sodium Azide
780.5446995603321,26.456811565138672,3,EELS,Sodium Azide
781.52418172936,26.459959955893876,3,EELS,Sodium Azide
782.5036638983878,26.449959955893874,3,EELS,Sodium Azide
783.4831460674156,26.459959955893876,3,EELS,Sodium Azide
784.4626282364435,26.471914698753217,3,EELS,Sodium Azide
785.4421104054713,26.449959955893874,3,EELS,Sodium Azide
786.4215925744992,26.471619561498684,3,EELS,Sodium Azide
787.401074743527,26.459959955893876,3,EELS,Sodium Azide
788.3805569125549,26.453584881682943,3,EELS,Sodium Azide
789.3600390815827,26.449959955893874,3,EELS,Sodium Azide
790.3395212506106,26.460822935113978,3,EELS,Sodium Azide
791.3190034196384,26.468034760976522,3,EELS,Sodium Azide
792.2984855886663,26.469959955893874,3,EELS,Sodium Azide
793.2779677576941,26.469959955893874,3,EELS,Sodium Azide
794.257449926722,26.469959955893874,3,EELS,Sodium Azide
795.2369320957498,26.459959955893876,3,EELS,Sodium Azide
796.2164142647777,26.459959955893876,3,EELS,Sodium Azide
797.1958964338055,26.452154185406766,3,EELS,Sodium Azide
798.1753786028333,26.463447924983896,3,EELS,Sodium Azide
799.1548607718612,26.45164369162531,3,EELS,Sodium Azide
800.134342940889,26.449959955893874,3,EELS,Sodium Azide
801.1138251099169,26.459641289112792,3,EELS,Sodium Azide
802.0933072789447,26.450771103273052,3,EELS,Sodium Azide
803.0727894479726,26.457293774533237,3,EELS,Sodium Azide
804.0522716170004,26.449959955893874,3,EELS,Sodium Azide
805.0317537860283,26.449959955893874,3,EELS,Sodium Azide
806.0112359550561,26.453010397961854,3,EELS,Sodium Azide
806.990718124084,26.449959955893874,3,EELS,Sodium Azide
807.9702002931118,26.449959955893874,3,EELS,Sodium Azide
808.9496824621397,26.449959955893874,3,EELS,Sodium Azide
809.9291646311675,26.466299523692562,3,EELS,Sodium Azide
810.9086468001954,26.464187537430576,3,EELS,Sodium Azide
811.8881289692232,26.45179801983642,3,EELS,Sodium Azide
812.867611138251,26.46864144650188,3,EELS,Sodium Azide
813.8470933072789,26.473861767130902,3,EELS,Sodium Azide
814.8265754763067,26.449959955893874,3,EELS,Sodium Azide
815.8060576453346,26.461028624593144,3,EELS,Sodium Azide
816.7855398143624,26.449959955893874,3,EELS,Sodium Azide
817.7650219833903,26.45339460701586,3,EELS,Sodium Azide
818.7445041524181,26.449959955893874,3,EELS,Sodium Azide
819.723986321446,26.46217514682108,3,EELS,Sodium Azide
820.7034684904738,26.452062121178418,3,EELS,Sodium Azide
821.6829506595017,26.477190821788323,3,EELS,Sodium Azide
822.6624328285295,26.449959955893874,3,EELS,Sodium Azide
823.6419149975574,26.449959955893874,3,EELS,Sodium Azide
824.6213971665852,26.458479421960178,3,EELS,Sodium Azide
825.6008793356131,26.46350755363041,3,EELS,Sodium Azide
826.5803615046409,26.451925400370005,3,EELS,Sodium Azide
827.5598436736688,26.449959955893874,3,EELS,Sodium Azide
828.5393258426966,26.449959955893874,3,EELS,Sodium Azide
829.5188080117244,26.462781333372874,3,EELS,Sodium Azide
830.4982901807523,26.469959955893874,3,EELS,Sodium Azide
831.4777723497801,26.453909219518593,3,EELS,Sodium Azide
832.457254518808,26.459959955893876,3,EELS,Sodium Azide
833.4367366878358,26.449959955893874,3,EELS,Sodium Azide
834.4162188568637,26.459601793289274,3,EELS,Sodium Azide
835.3957010258915,26.455209292705,3,EELS,Sodium Azide
836.3751831949194,26.473591174778246,3,EELS,Sodium Azide
837.3546653639472,26.469959955893874,3,EELS,Sodium Azide
838.3341475329751,26.458463370941132,3,EELS,Sodium Azide
839.3136297020029,26.459959955893876,3,EELS,Sodium Azide
840.2931118710308,26.461676822131604,3,EELS,Sodium Azide
841.2725940400586,26.460030597446025,3,EELS,Sodium Azide
842.2520762090865,26.449959955893874,3,EELS,Sodium Azide
843.2315583781143,26.459959955893876,3,EELS,Sodium Azide
844.2110405471421,26.449959955893874,3,EELS,Sodium Azide
845.19052271617,26.449959955893874,3,EELS,Sodium Azide
846.1700048851978,26.49399565429216,3,EELS,Sodium Azide
847.1494870542257,26.46149598722693,3,EELS,Sodium Azide
848.1289692232535,26.449959955893874,3,EELS,Sodium Azide
849.1084513922814,26.452160207832023,3,EELS,Sodium Azide
850.0879335613092,26.47122950463612,3,EELS,Sodium Azide
851.0674157303371,26.460081292729956,3,EELS,Sodium Azide
852.0468978993649,26.449959955893874,3,EELS,Sodium Azide
853.0263800683928,26.46136652673025,3,EELS,Sodium Azide
854.0058622374206,26.453071408574754,3,EELS,Sodium Azide
854.9853444064485,26.454087402419944,3,EELS,Sodium Azide
855.9648265754763,26.449959955893874,3,EELS,Sodium Azide
856.9443087445042,26.449959955893874,3,EELS,Sodium Azide
857.923790913532,26.449959955893874,3,EELS,Sodium Azide
858.9032730825598,26.459959955893876,3,EELS,Sodium Azide
859.8827552515877,26.449959955893874,3,EELS,Sodium Azide
860.8622374206155,26.459959955893876,3,EELS,Sodium Azide
861.8417195896433,26.45538453173399,3,EELS,Sodium Azide
862.8212017586711,26.459959955893876,3,EELS,Sodium Azide
863.800683927699,26.459959955893876,3,EELS,Sodium Azide
864.7801660967268,26.449959955893874,3,EELS,Sodium Azide
865.7596482657547,26.449959955893874,3,EELS,Sodium Azide
866.7391304347825,26.449959955893874,3,EELS,Sodium Azide
867.7186126038104,26.482138022747524,3,EELS,Sodium Azide
868.6980947728382,26.480807289702867,3,EELS,Sodium Azide
869.677576941866,26.4705023242128,3,EELS,Sodium Azide
870.6570591108939,26.47196846587778,3,EELS,Sodium Azide
871.6365412799217,26.449959955893874,3,EELS,Sodium Azide
872.6160234489496,26.449959955893874,3,EELS,Sodium Azide
873.5955056179774,26.459959955893876,3,EELS,Sodium Azide
874.5749877870053,26.463658641958983,3,EELS,Sodium Azide
875.5544699560331,26.459959955893876,3,EELS,Sodium Azide
876.533952125061,26.449959955893874,3,EELS,Sodium Azide
877.5134342940888,26.449959955893874,3,EELS,Sodium Azide
878.4929164631167,26.459959955893876,3,EELS,Sodium Azide
879.4723986321445,26.46278301310409,3,EELS,Sodium Azide
880.4518808011724,26.45260444397912,3,EELS,Sodium Azide
881.4313629702002,26.449959955893874,3,EELS,Sodium Azide
882.4108451392281,26.467037119406864,3,EELS,Sodium Azide
883.3903273082559,26.489959955893873,3,EELS,Sodium Azide
884.3698094772838,26.449959955893874,3,EELS,Sodium Azide
885.3492916463116,26.46704719136511,3,EELS,Sodium Azide
886.3287738153394,26.479959955893875,3,EELS,Sodium Azide
887.3082559843673,26.459959955893876,3,EELS,Sodium Azide
888.2877381533951,26.466075928803637,3,EELS,Sodium Azide
889.267220322423,26.469959955893874,3,EELS,Sodium Azide
890.2467024914508,26.459959955893876,3,EELS,Sodium Azide
891.2261846604787,26.46570830467818,3,EELS,Sodium Azide
892.2056668295065,26.470989705137722,3,EELS,Sodium Azide
893.1851489985344,26.45621403508781,3,EELS,Sodium Azide
894.1646311675622,26.464859575623088,3,EELS,Sodium Azide
895.1441133365901,26.455452396804905,3,EELS,Sodium Azide
896.1235955056179,26.469959955893874,3,EELS,Sodium Azide
897.1030776746458,26.47121695409887,3,EELS,Sodium Azide
898.0825598436736,26.449959955893874,3,EELS,Sodium Azide
899.0620420127015,26.453317125248034,3,EELS,Sodium Azide
900.0415241817293,26.461225184070944,3,EELS,Sodium Azide
901.0210063507571,26.453909151416497,3,EELS,Sodium Azide
902.000488519785,26.459959955893876,3,EELS,Sodium Azide
902.9799706888128,26.460633645896966,3,EELS,Sodium Azide
903.9594528578407,26.449959955893874,3,EELS,Sodium Azide
904.9389350268685,26.459959955893876,3,EELS,Sodium Azide
905.9184171958964,26.4642201320953,3,EELS,Sodium Azide
906.8978993649242,26.463286144785243,3,EELS,Sodium Azide
907.8773815339521,26.459959955893876,3,EELS,Sodium Azide
908.8568637029799,26.46937268329128,3,EELS,Sodium Azide
909.8363458720078,26.459959955893876,3,EELS,Sodium Azide
910.8158280410356,26.459959955893876,3,EELS,Sodium Azide
911.7953102100635,26.47750114983327,3,EELS,Sodium Azide
912.7747923790913,26.45050153715324,3,EELS,Sodium Azide
913.7542745481192,26.449959955893874,3,EELS,Sodium Azide
914.733756717147,26.449959955893874,3,EELS,Sodium Azide
915.7132388861748,26.464598013196614,3,EELS,Sodium Azide
916.6927210552027,26.455584635457402,3,EELS,Sodium Azide
917.6722032242305,26.449959955893874,3,EELS,Sodium Azide
918.6516853932584,26.459959955893876,3,EELS,Sodium Azide
919.6311675622862,26.449959955893874,3,EELS,Sodium Azide
920.6106497313141,26.45264130301123,3,EELS,Sodium Azide
921.5901319003419,26.449959955893874,3,EELS,Sodium Azide
922.5696140693698,26.472798766296748,3,EELS,Sodium Azide
923.5490962383976,26.459370360755607,3,EELS,Sodium Azide
924.5285784074255,26.459959955893876,3,EELS,Sodium Azide
925.5080605764533,26.449959955893874,3,EELS,Sodium Azide
926.4875427454812,26.459959955893876,3,EELS,Sodium Azide
927.467024914509,26.459959955893876,3,EELS,Sodium Azide
928.4465070835369,26.449959955893874,3,EELS,Sodium Azide
929.4259892525647,26.459959955893876,3,EELS,Sodium Azide
930.4054714215926,26.466477884386222,3,EELS,Sodium Azide
931.3849535906204,26.459682517413544,3,EELS,Sodium Azide
932.3644357596482,26.46956027266593,3,EELS,Sodium Azide
933.3439179286761,26.463800331523107,3,EELS,Sodium Azide
934.3234000977039,26.449959955893874,3,EELS,Sodium Azide
935.3028822667318,26.449959955893874,3,EELS,Sodium Azide
936.2823644357596,26.459924862242715,3,EELS,Sodium Azide
937.2618466047875,26.459959955893876,3,EELS,Sodium Azide
938.2413287738153,26.45651860448561,3,EELS,Sodium Azide
939.2208109428432,26.473714614299137,3,EELS,Sodium Azide
940.200293111871,26.47085548403667,3,EELS,Sodium Azide
941.1797752808989,26.474447522669422,3,EELS,Sodium Azide
942.1592574499267,26.452252379469055,3,EELS,Sodium Azide
943.1387396189546,26.469897339993413,3,EELS,Sodium Azide
944.1182217879824,26.449959955893874,3,EELS,Sodium Azide
945.0977039570103,26.4781420101713,3,EELS,Sodium Azide
946.0771861260381,26.45669889510526,3,EELS,Sodium Azide
947.056668295066,26.452981374386454,3,EELS,Sodium Azide
948.0361504640938,26.46344642208695,3,EELS,Sodium Azide
949.0156326331216,26.459959955893876,3,EELS,Sodium Azide
949.9951148021495,26.459959955893876,3,EELS,Sodium Azide
950.9745969711773,26.470997427279183,3,EELS,Sodium Azide
951.9540791402052,26.449959955893874,3,EELS,Sodium Azide
952.9335613092329,26.462337938408854,3,EELS,Sodium Azide
953.9130434782608,26.459959955893876,3,EELS,Sodium Azide
954.8925256472886,26.46070106041211,3,EELS,Sodium Azide
955.8720078163165,26.460498572322823,3,EELS,Sodium Azide
956.8514899853443,26.459959955893876,3,EELS,Sodium Azide
957.8309721543721,26.459959955893876,3,EELS,Sodium Azide
958.8104543234,26.449959955893874,3,EELS,Sodium Azide
959.7899364924278,26.457041850804057,3,EELS,Sodium Azide
960.7694186614557,26.46560850323431,3,EELS,Sodium Azide
961.7489008304835,26.459959955893876,3,EELS,Sodium Azide
962.7283829995114,26.459959955893876,3,EELS,Sodium Azide
963.7078651685392,26.456721345086148,3,EELS,Sodium Azide
964.6873473375671,26.449959955893874,3,EELS,Sodium Azide
965.6668295065949,26.45063229079034,3,EELS,Sodium Azide
966.6463116756228,26.45128329347849,3,EELS,Sodium Azide
967.6257938446506,26.45320370176174,3,EELS,Sodium Azide
968.6052760136785,26.46877437020519,3,EELS,Sodium Azide
969.5847581827063,26.469959955893874,3,EELS,Sodium Azide
970.5642403517342,26.459959955893876,3,EELS,Sodium Azide
971.543722520762,26.459959955893876,3,EELS,Sodium Azide
972.5232046897898,26.47839413380559,3,EELS,Sodium Azide
973.5026868588177,26.47064437024521,3,EELS,Sodium Azide
974.4821690278455,26.47869623189447,3,EELS,Sodium Azide
975.4616511968734,26.449959955893874,3,EELS,Sodium Azide
976.4411333659012,26.459959955893876,3,EELS,Sodium Azide
977.4206155349291,26.459959955893876,3,EELS,Sodium Azide
978.4000977039569,26.459959955893876,3,EELS,Sodium Azide
979.3795798729848,26.449959955893874,3,EELS,Sodium Azide
980.3590620420126,26.46328424776599,3,EELS,Sodium Azide
981.3385442110405,26.45886974621044,3,EELS,Sodium Azide
982.3180263800683,26.452338116439257,3,EELS,Sodium Azide
983.2975085490962,26.449959955893874,3,EELS,Sodium Azide
984.276990718124,26.449959955893874,3,EELS,Sodium Azide
985.2564728871519,26.452610262507097,3,EELS,Sodium Azide
986.2359550561797,26.457127541116144,3,EELS,Sodium Azide
987.2154372252076,26.454014960878958,3,EELS,Sodium Azide
988.1949193942354,26.449959955893874,3,EELS,Sodium Azide
989.1744015632632,26.46665408641316,3,EELS,Sodium Azide
990.1538837322911,26.45436164834471,3,EELS,Sodium Azide
991.1333659013189,26.449959955893874,3,EELS,Sodium Azide
992.1128480703468,26.459959955893876,3,EELS,Sodium Azide
993.0923302393746,26.467039398315038,3,EELS,Sodium Azide
994.0718124084025,26.449959955893874,3,EELS,Sodium Azide
995.0512945774303,26.476224967087468,3,EELS,Sodium Azide
996.0307767464582,26.455128063611646,3,EELS,Sodium Azide
997.010258915486,26.459959955893876,3,EELS,Sodium Azide
997.9897410845139,26.459959955893876,3,EELS,Sodium Azide
998.9692232535417,26.47066309980813,3,EELS,Sodium Azide
999.9487054225696,26.459959955893876,3,EELS,Sodium Azide
1000.9281875915974,26.449959955893874,3,EELS,Sodium Azide
1001.9076697606253,26.457169827539502,3,EELS,Sodium Azide
1002.8871519296531,26.458637190372656,3,EELS,Sodium Azide
1003.866634098681,26.466174081481242,3,EELS,Sodium Azide
1004.8461162677088,26.475470801968022,3,EELS,Sodium Azide
1005.8255984367366,26.449959955893874,3,EELS,Sodium Azide
1006.8050806057645,26.467091747575598,3,EELS,Sodium Azide
1007.7845627747923,26.459959955893876,3,EELS,Sodium Azide
1008.7640449438202,26.459959955893876,3,EELS,Sodium Azide
1009.743527112848,26.459959955893876,3,EELS,Sodium Azide
1010.7230092818759,26.449959955893874,3,EELS,Sodium Azide
1011.7024914509037,26.459959955893876,3,EELS,Sodium Azide
1012.6819736199316,26.455379145229493,3,EELS,Sodium Azide
1013.6614557889594,26.452502425060654,3,EELS,Sodium Azide
1014.6409379579873,26.449959955893874,3,EELS,Sodium Azide
1015.6204201270151,26.449959955893874,3,EELS,Sodium Azide
1016.599902296043,26.459959955893876,3,EELS,Sodium Azide
1017.5793844650708,26.449959955893874,3,EELS,Sodium Azide
1018.5588666340986,26.449959955893874,3,EELS,Sodium Azide
1019.5383488031264,26.469959955893874,3,EELS,Sodium Azide
1020.5178309721543,26.464635885338694,3,EELS,Sodium Azide
1021.4973131411821,26.471966749120455,3,EELS,Sodium Azide
1022.47679531021,26.466767538287456,3,EELS,Sodium Azide
1023.4562774792378,26.449959955893874,3,EELS,Sodium Azide
1024.4357596482657,26.462193713805338,3,EELS,Sodium Azide
1025.4152418172935,26.463283769058425,3,EELS,Sodium Azide
1026.3947239863214,26.469959955893874,3,EELS,Sodium Azide
1027.3742061553492,26.449959955893874,3,EELS,Sodium Azide
1028.3536883243771,26.455069782817482,3,EELS,Sodium Azide
1029.3331704934049,26.456585501954287,3,EELS,Sodium Azide
1030.3126526624328,26.449959955893874,3,EELS,Sodium Azide
1031.2921348314605,26.449959955893874,3,EELS,Sodium Azide
1032.2716170004885,26.459959955893876,3,EELS,Sodium Azide
1033.2510991695162,26.46113911118399,3,EELS,Sodium Azide
1034.2305813385442,26.47222297275014,3,EELS,Sodium Azide
1035.210063507572,26.449959955893874,3,EELS,Sodium Azide
1036.1895456766,26.470220113581618,3,EELS,Sodium Azide
1037.1690278456276,26.449959955893874,3,EELS,Sodium Azide
1038.1485100146556,26.449959955893874,3,EELS,Sodium Azide
1039.1279921836833,26.458361299048757,3,EELS,Sodium Azide
1040.1074743527113,26.469415198022936,3,EELS,Sodium Azide
1041.086956521739,26.458695801900976,3,EELS,Sodium Azide
1042.066438690767,26.449959955893874,3,EELS,Sodium Azide
1043.0459208597947,26.459959955893876,3,EELS,Sodium Azide
1044.0254030288227,26.468405659028686,3,EELS,Sodium Azide
1045.0048851978504,26.45043553211873,3,EELS,Sodium Azide
1045.9843673668784,26.449959955893874,3,EELS,Sodium Azide
1046.963849535906,26.45468608680627,3,EELS,Sodium Azide
1047.943331704934,26.449959955893874,3,EELS,Sodium Azide
1048.9228138739618,26.47831399092771,3,EELS,Sodium Azide
1049.9022960429897,26.475767362874493,3,EELS,Sodium Azide
1050.8817782120175,26.45617255288117,3,EELS,Sodium Azide
1051.8612603810454,26.463892244025207,3,EELS,Sodium Azide
1052.8407425500732,26.46067195468335,3,EELS,Sodium Azide
1053.8202247191011,26.457817814460704,3,EELS,Sodium Azide
1054.7997068881289,26.46508235781406,3,EELS,Sodium Azide
1055.7791890571568,26.45251474688742,3,EELS,Sodium Azide
1056.7586712261846,26.449959955893874,3,EELS,Sodium Azide
1057.7381533952125,26.489959955893873,3,EELS,Sodium Azide
1058.7176355642403,26.449959955893874,3,EELS,Sodium Azide
1059.6971177332682,26.45840870844713,3,EELS,Sodium Azide
1060.676599902296,26.469655057262507,3,EELS,Sodium Azide
1061.656082071324,26.45515444347971,3,EELS,Sodium Azide
1062.6355642403516,26.449959955893874,3,EELS,Sodium Azide
1063.6150464093796,26.449959955893874,3,EELS,Sodium Azide
1064.5945285784073,26.449959955893874,3,EELS,Sodium Azide
1065.5740107474353,26.449959955893874,3,EELS,Sodium Azide
1066.553492916463,26.449959955893874,3,EELS,Sodium Azide
1067.532975085491,26.466318600178084,3,EELS,Sodium Azide
1068.5124572545187,26.48026188561576,3,EELS,Sodium Azide
1069.4919394235467,26.45126961857509,3,EELS,Sodium Azide
1070.4714215925744,26.449959955893874,3,EELS,Sodium Azide
1071.4509037616024,26.449959955893874,3,EELS,Sodium Azide
1072.43038593063,26.46127810637594,3,EELS,Sodium Azide
1073.409868099658,26.469959955893874,3,EELS,Sodium Azide
1074.3893502686858,26.451235253705313,3,EELS,Sodium Azide
1075.3688324377138,26.454607131694747,3,EELS,Sodium Azide
1076.3483146067415,26.45214778789296,3,EELS,Sodium Azide
1077.3277967757695,26.45467561203403,3,EELS,Sodium Azide
1078.3072789447972,26.45443285459995,3,EELS,Sodium Azide
1079.2867611138252,26.449959955893874,3,EELS,Sodium Azide
1080.2662432828529,26.4565043640021,3,EELS,Sodium Azide
1081.2457254518808,26.449959955893874,3,EELS,Sodium Azide
1082.2252076209086,26.459959955893876,3,EELS,Sodium Azide
1083.2046897899365,26.459959955893876,3,EELS,Sodium Azide
1084.1841719589643,26.454430296320172,3,EELS,Sodium Azide
1085.1636541279922,26.449959955893874,3,EELS,Sodium Azide
1086.14313629702,26.449959955893874,3,EELS,Sodium Azide
1087.122618466048,26.47488389179134,3,EELS,Sodium Azide
1088.1021006350757,26.449959955893874,3,EELS,Sodium Azide
1089.0815828041036,26.46143424679373,3,EELS,Sodium Azide
1090.0610649731314,26.462440593249266,3,EELS,Sodium Azide
1091.040547142159,26.459040121045494,3,EELS,Sodium Azide
1092.020029311187,26.478179521210034,3,EELS,Sodium Azide
1092.9995114802148,26.459959955893876,3,EELS,Sodium Azide
1093.9789936492427,26.449959955893874,3,EELS,Sodium Azide
1094.9584758182705,26.459959955893876,3,EELS,Sodium Azide
1095.9379579872984,26.454431533403096,3,EELS,Sodium Azide
1096.9174401563262,26.462207236772052,3,EELS,Sodium Azide
1097.8969223253541,26.449959955893874,3,EELS,Sodium Azide
1098.8764044943819,26.469959955893874,3,EELS,Sodium Azide
1099.8558866634098,26.449959955893874,3,EELS,Sodium Azide
1100.8353688324376,26.480082606536794,3,EELS,Sodium Azide
1101.8148510014655,26.454690716912015,3,EELS,Sodium Azide
1102.7943331704932,26.459367577012685,3,EELS,Sodium Azide
1103.7738153395212,26.459959955893876,3,EELS,Sodium Azide
1104.753297508549,26.459959955893876,3,EELS,Sodium Azide
1105.732779677577,26.449959955893874,3,EELS,Sodium Azide
1106.7122618466046,26.453667534996075,3,EELS,Sodium Azide
1107.6917440156326,26.469959955893874,3,EELS,Sodium Azide
1108.6712261846603,26.46886142849841,3,EELS,Sodium Azide
1109.6507083536883,26.449959955893874,3,EELS,Sodium Azide
1110.630190522716,26.452797710646834,3,EELS,Sodium Azide
1111.609672691744,26.485987036133583,3,EELS,Sodium Azide
1112.5891548607717,26.456116656297837,3,EELS,Sodium Azide
1113.5686370297997,26.46179813427028,3,EELS,Sodium Azide
1114.5481191988274,26.449959955893874,3,EELS,Sodium Azide
1115.5276013678554,26.479959955893875,3,EELS,Sodium Azide
1116.507083536883,26.45786002291389,3,EELS,Sodium Azide
1117.486565705911,26.465367468548855,3,EELS,Sodium Azide
1118.4660478749388,26.449959955893874,3,EELS,Sodium Azide
1119.4455300439668,26.459959955893876,3,EELS,Sodium Azide
1120.4250122129945,26.459959955893876,3,EELS,Sodium Azide
1121.4044943820224,26.449959955893874,3,EELS,Sodium Azide
1122.3839765510502,26.459959955893876,3,EELS,Sodium Azide
1123.3634587200781,26.46631533820667,3,EELS,Sodium Azide
1124.3429408891059,26.4568710314333,3,EELS,Sodium Azide
1125.3224230581338,26.453117212005022,3,EELS,Sodium Azide
1126.3019052271616,26.449959955893874,3,EELS,Sodium Azide
1127.2813873961895,26.449959955893874,3,EELS,Sodium Azide
1128.2608695652173,26.47434173690068,3,EELS,Sodium Azide
1129.2403517342452,26.45205270891041,3,EELS,Sodium Azide
1130.219833903273,26.449959955893874,3,EELS,Sodium Azide
1131.199316072301,26.459959955893876,3,EELS,Sodium Azide
1132.1787982413286,26.459959955893876,3,EELS,Sodium Azide
1133.1582804103566,26.449959955893874,3,EELS,Sodium Azide
1134.1377625793843,26.485746208824448,3,EELS,Sodium Azide
1135.1172447484123,26.449959955893874,3,EELS,Sodium Azide
1136.09672691744,26.459959955893876,3,EELS,Sodium Azide
1137.076209086468,26.47340106410413,3,EELS,Sodium Azide
1138.0556912554957,26.449959955893874,3,EELS,Sodium Azide
1139.0351734245237,26.479017839395855,3,EELS,Sodium Azide
1140.0146555935514,26.469959955893874,3,EELS,Sodium Azide
1140.9941377625794,26.450914334271737,3,EELS,Sodium Azide
1141.9736199316071,26.459959955893876,3,EELS,Sodium Azide
1142.953102100635,26.461263231149918,3,EELS,Sodium Azide
1143.9325842696628,26.454538836295747,3,EELS,Sodium Azide
1144.9120664386908,26.454429065138555,3,EELS,Sodium Azide
1145.8915486077185,26.449959955893874,3,EELS,Sodium Azide
1146.8710307767465,26.459959955893876,3,EELS,Sodium Azide
1147.8505129457742,26.48553420718219,3,EELS,Sodium Azide
1148.8299951148022,26.449959955893874,3,EELS,Sodium Azide
1149.80947728383,26.45713535991827,3,EELS,Sodium Azide
1150.7889594528579,26.449959955893874,3,EELS,Sodium Azide
1151.7684416218856,26.449959955893874,3,EELS,Sodium Azide
1152.7479237909135,26.449959955893874,3,EELS,Sodium Azide
1153.7274059599413,26.45482607149654,3,EELS,Sodium Azide
1154.7068881289692,26.449959955893874,3,EELS,Sodium Azide
1155.686370297997,26.451698153500935,3,EELS,Sodium Azide
1156.665852467025,26.449959955893874,3,EELS,Sodium Azide
1157.6453346360527,26.453311579565444,3,EELS,Sodium Azide
1158.6248168050806,26.449959955893874,3,EELS,Sodium Azide
1159.6042989741084,26.459959955893876,3,EELS,Sodium Azide
1160.5837811431363,26.459959955893876,3,EELS,Sodium Azide
1161.563263312164,26.459959955893876,3,EELS,Sodium Azide
1162.542745481192,26.459959955893876,3,EELS,Sodium Azide
1163.5222276502197,26.459959955893876,3,EELS,Sodium Azide
1164.5017098192477,26.449959955893874,3,EELS,Sodium Azide
1165.4811919882754,26.470385301655455,3,EELS,Sodium Azide
1166.4606741573034,26.459959955893876,3,EELS,Sodium Azide
1167.4401563263311,26.449959955893874,3,EELS,Sodium Azide
1168.419638495359,26.46768169715987,3,EELS,Sodium Azide
1169.3991206643868,26.449959955893874,3,EELS,Sodium Azide
1170.3786028334148,26.459959955893876,3,EELS,Sodium Azide
1171.3580850024425,26.46231014720182,3,EELS,Sodium Azide
1172.3375671714705,26.461404564855634,3,EELS,Sodium Azide
1173.3170493404982,26.449959955893874,3,EELS,Sodium Azide
1174.2965315095262,26.449959955893874,3,EELS,Sodium Azide
1175.276013678554,26.459959955893876,3,EELS,Sodium Azide
1176.2554958475819,26.449959955893874,3,EELS,Sodium Azide
1177.2349780166096,26.45035123846691,3,EELS,Sodium Azide
1178.2144601856376,26.469959955893874,3,EELS,Sodium Azide
1179.1939423546653,26.449959955893874,3,EELS,Sodium Azide
1180.1734245236933,26.459959955893876,3,EELS,Sodium Azide
1181.152906692721,26.450788285949436,3,EELS,Sodium Azide
1182.1323888617487,26.460769207980828,3,EELS,Sodium Azide
1183.1118710307767,26.449959955893874,3,EELS,Sodium Azide
1184.0913531998044,26.449959955893874,3,EELS,Sodium Azide
1185.0708353688324,26.46512743916774,3,EELS,Sodium Azide
1186.05031753786,26.462364083598676,3,EELS,Sodium Azide
1187.029799706888,26.469959955893874,3,EELS,Sodium Azide
1188.0092818759158,26.449959955893874,3,EELS,Sodium Azide
1188.9887640449438,26.45288938107808,3,EELS,Sodium Azide
1189.9682462139715,26.449959955893874,3,EELS,Sodium Azide
1190.9477283829995,26.449959955893874,3,EELS,Sodium Azide
1191.9272105520272,26.45511219839101,3,EELS,Sodium Azide
1192.9066927210552,26.46549731857021,3,EELS,Sodium Azide
1193.8861748900829,26.451191274282333,3,EELS,Sodium Azide
1194.8656570591108,26.449959955893874,3,EELS,Sodium Azide
1195.8451392281386,26.449959955893874,3,EELS,Sodium Azide
1196.8246213971665,26.478052751728193,3,EELS,Sodium Azide
1197.8041035661943,26.45928199379255,3,EELS,Sodium Azide
1198.7835857352222,26.45652884170342,3,EELS,Sodium Azide
1199.76306790425,26.45363618558681,3,EELS,Sodium Azide
1200.742550073278,26.449959955893874,3,EELS,Sodium Azide
1201.7220322423057,26.449959955893874,3,EELS,Sodium Azide
1202.7015144113336,26.469959955893874,3,EELS,Sodium Azide
1203.6809965803614,26.465606042277024,3,EELS,Sodium Azide
1204.6604787493893,26.46539042020294,3,EELS,Sodium Azide
1205.639960918417,26.47140680274078,3,EELS,Sodium Azide
1206.619443087445,26.459959955893876,3,EELS,Sodium Azide
1207.5989252564727,26.4522852195288,3,EELS,Sodium Azide
1208.5784074255007,26.46751493185368,3,EELS,Sodium Azide
1209.5578895945284,26.45631237678385,3,EELS,Sodium Azide
1210.5373717635564,26.449959955893874,3,EELS,Sodium Azide
1211.5168539325841,26.479721696727378,3,EELS,Sodium Azide
1212.496336101612,26.469959955893874,3,EELS,Sodium Azide
1213.4758182706398,26.449959955893874,3,EELS,Sodium Azide
1214.4553004396678,26.462382763379846,3,EELS,Sodium Azide
1215.4347826086955,26.47158969862293,3,EELS,Sodium Azide
1216.4142647777235,26.449959955893874,3,EELS,Sodium Azide
1217.3937469467512,26.459959955893876,3,EELS,Sodium Azide
1218.3732291157792,26.460987504228896,3,EELS,Sodium Azide
1219.352711284807,26.449959955893874,3,EELS,Sodium Azide
1220.3321934538349,26.449959955893874,3,EELS,Sodium Azide
1221.3116756228626,26.455768880692784,3,EELS,Sodium Azide
1222.2911577918906,26.452779327109997,3,EELS,Sodium Azide
1223.2706399609183,26.46050937013408,3,EELS,Sodium Azide
1224.2501221299462,26.463171585713667,3,EELS,Sodium Azide
1225.229604298974,26.45313088965699,3,EELS,Sodium Azide
1226.209086468002,26.472975095389607,3,EELS,Sodium Azide
1227.1885686370297,26.45218337427573,3,EELS,Sodium Azide
1228.1680508060576,26.454988270023865,3,EELS,Sodium Azide
1229.1475329750854,26.460562227829595,3,EELS,Sodium Azide
1230.1270151441133,26.449993281689082,3,EELS,Sodium Azide
1231.106497313141,26.472203932150283,3,EELS,Sodium Azide
1232.085979482169,26.475462376141486,3,EELS,Sodium Azide
1233.0654616511968,26.449959955893874,3,EELS,Sodium Azide
1234.0449438202247,26.45010149337226,3,EELS,Sodium Azide
1235.0244259892524,26.469959955893874,3,EELS,Sodium Azide
1236.0039081582804,26.449959955893874,3,EELS,Sodium Azide
1236.9833903273081,26.45410443211822,3,EELS,Sodium Azide
1237.962872496336,26.456826742798253,3,EELS,Sodium Azide
1238.9423546653638,26.449959955893874,3,EELS,Sodium Azide
1239.9218368343918,26.449959955893874,3,EELS,Sodium Azide
1240.9013190034195,26.449959955893874,3,EELS,Sodium Azide
1241.8808011724475,26.469142361610636,3,EELS,Sodium Azide
1242.8602833414752,26.449959955893874,3,EELS,Sodium Azide
1243.8397655105032,26.46210945600025,3,EELS,Sodium Azide
1244.819247679531,26.465314809472012,3,EELS,Sodium Azide
1245.7987298485589,26.47342247890133,3,EELS,Sodium Azide
1246.7782120175866,26.469959955893874,3,EELS,Sodium Azide
1247.7576941866146,26.459959955893876,3,EELS,Sodium Azide
1248.7371763556423,26.45438785171861,3,EELS,Sodium Azide
1249.7166585246703,26.462998788920583,3,EELS,Sodium Azide
1250.696140693698,26.459429763407094,3,EELS,Sodium Azide
1251.675622862726,26.459959955893876,3,EELS,Sodium Azide
1252.6551050317537,26.45088323928615,3,EELS,Sodium Azide
1253.6345872007817,26.449959955893874,3,EELS,Sodium Azide
1254.6140693698094,26.449959955893874,3,EELS,Sodium Azide
1255.5935515388373,26.469742296414488,3,EELS,Sodium Azide
1256.573033707865,26.459959955893876,3,EELS,Sodium Azide
1257.552515876893,26.449959955893874,3,EELS,Sodium Azide
1258.5319980459208,26.459959955893876,3,EELS,Sodium Azide
1259.5114802149487,26.449959955893874,3,EELS,Sodium Azide
1260.4909623839765,26.45149126633562,3,EELS,Sodium Azide
1261.4704445530044,26.461844189872895,3,EELS,Sodium Azide
1262.4499267220322,26.459959955893876,3,EELS,Sodium Azide
1263.4294088910601,26.449959955893874,3,EELS,Sodium Azide
1264.4088910600879,26.45856444825719,3,EELS,Sodium Azide
1265.3883732291158,26.467190346359505,3,EELS,Sodium Azide
1266.3678553981435,26.479959955893875,3,EELS,Sodium Azide
1267.3473375671715,26.449959955893874,3,EELS,Sodium Azide
1268.3268197361992,26.455256864448685,3,EELS,Sodium Azide
1269.3063019052272,26.47653917334025,3,EELS,Sodium Azide
1270.285784074255,26.449959955893874,3,EELS,Sodium Azide
1271.265266243283,26.459959955893876,3,EELS,Sodium Azide
1272.2447484123106,26.456437304243547,3,EELS,Sodium Azide
1273.2242305813384,26.458147128437094,3,EELS,Sodium Azide
1274.2037127503663,26.45005985904942,3,EELS,Sodium Azide
1275.183194919394,26.449959955893874,3,EELS,Sodium Azide
1276.162677088422,26.46013897985432,3,EELS,Sodium Azide
1277.1421592574497,26.455382667784168,3,EELS,Sodium Azide
1278.1216414264777,26.449959955893874,3,EELS,Sodium Azide
1279.1011235955054,26.460497816778968,3,EELS,Sodium Azide
1280.0806057645334,26.459959955893876,3,EELS,Sodium Azide
1281.0600879335611,26.45699245623514,3,EELS,Sodium Azide
1282.039570102589,26.459959955893876,3,EELS,Sodium Azide
1283.0190522716168,26.449959955893874,3,EELS,Sodium Azide
1283.9985344406448,26.459959955893876,3,EELS,Sodium Azide
1284.9780166096725,26.450407926365667,3,EELS,Sodium Azide
1285.9574987787005,26.459124242773985,3,EELS,Sodium Azide
1286.9369809477282,26.466025314597537,3,EELS,Sodium Azide
1287.9164631167562,26.449959955893874,3,EELS,Sodium Azide
1288.895945285784,26.45778535823405,3,EELS,Sodium Azide
1289.8754274548119,26.454083752802237,3,EELS,Sodium Azide
1290.8549096238396,26.449959955893874,3,EELS,Sodium Azide
1291.8343917928676,26.449959955893874,3,EELS,Sodium Azide
1292.8138739618953,26.449959955893874,3,EELS,Sodium Azide
1293.7933561309233,26.455149625351677,3,EELS,Sodium Azide
1294.772838299951,26.449959955893874,3,EELS,Sodium Azide
1295.752320468979,26.459959955893876,3,EELS,Sodium Azide
1296.7318026380067,26.470075804955723,3,EELS,Sodium Azide
1297.7112848070346,26.459580686013837,3,EELS,Sodium Azide
1298.6907669760624,26.469959955893874,3,EELS,Sodium Azide
1299.6702491450903,26.455819234560337,3,EELS,Sodium Azide
1300.649731314118,26.461203180315916,3,EELS,Sodium Azide
1301.629213483146,26.45398953668693,3,EELS,Sodium Azide
1302.6086956521738,26.45139678695076,3,EELS,Sodium Azide
1303.5881778212017,26.482129248309064,3,EELS,Sodium Azide
1304.5676599902295,26.463520954809187,3,EELS,Sodium Azide
1305.5471421592574,26.449959955893874,3,EELS,Sodium Azide
1306.5266243282852,26.460625243789202,3,EELS,Sodium Azide
1307.506106497313,26.46237510921304,3,EELS,Sodium Azide
1308.4855886663408,26.461234743438645,3,EELS,Sodium Azide
1309.4650708353688,26.453198472470383,3,EELS,Sodium Azide
1310.4445530043965,26.449959955893874,3,EELS,Sodium Azide
1311.4240351734245,26.45008975269101,3,EELS,Sodium Azide
1312.4035173424522,26.459959955893876,3,EELS,Sodium Azide
1313.3829995114802,26.449959955893874,3,EELS,Sodium Azide
1314.362481680508,26.449959955893874,3,EELS,Sodium Azide
1315.341963849536,26.449959955893874,3,EELS,Sodium Azide
1316.3214460185636,26.449959955893874,3,EELS,Sodium Azide
1317.3009281875916,26.449959955893874,3,EELS,Sodium Azide
1318.2804103566193,26.46104705467915,3,EELS,Sodium Azide
1319.2598925256473,26.449959955893874,3,EELS,Sodium Azide
1320.239374694675,26.449959955893874,3,EELS,Sodium Azide
1321.218856863703,26.466054555918067,3,EELS,Sodium Azide
1322.1983390327307,26.461076280082075,3,EELS,Sodium Azide
1323.1778212017587,26.45454148166742,3,EELS,Sodium Azide
1324.1573033707864,26.469449748696135,3,EELS,Sodium Azide
1325.1367855398144,26.459959955893876,3,EELS,Sodium Azide
1326.116267708842,26.489247055613117,3,EELS,Sodium Azide
1327.09574987787,26.449959955893874,3,EELS,Sodium Azide
1328.0752320468978,26.452429841972396,3,EELS,Sodium Azide
1329.0547142159257,26.449959955893874,3,EELS,Sodium Azide
1330.0341963849535,26.470144719084622,3,EELS,Sodium Azide
1331.0136785539814,26.453933354629093,3,EELS,Sodium Azide
1331.9931607230092,26.449959955893874,3,EELS,Sodium Azide
1332.9726428920371,26.457275622911304,3,EELS,Sodium Azide
1333.9521250610649,26.461004545787777,3,EELS,Sodium Azide
1334.9316072300928,26.449959955893874,3,EELS,Sodium Azide
1335.9110893991206,26.459959955893876,3,EELS,Sodium Azide
1336.8905715681485,26.45826514178441,3,EELS,Sodium Azide
1337.8700537371762,26.449959955893874,3,EELS,Sodium Azide
1338.8495359062042,26.459330754694523,3,EELS,Sodium Azide
1339.829018075232,26.48246498149906,3,EELS,Sodium Azide
1340.80850024426,26.459959955893876,3,EELS,Sodium Azide
1341.7879824132876,26.471549172789377,3,EELS,Sodium Azide
1342.7674645823156,26.47100874118504,3,EELS,Sodium Azide
1343.7469467513433,26.46256449315724,3,EELS,Sodium Azide
1344.7264289203713,26.456104354062102,3,EELS,Sodium Azide
1345.705911089399,26.47057070669582,3,EELS,Sodium Azide
1346.685393258427,26.459959955893876,3,EELS,Sodium Azide
1347.6648754274547,26.451853218305747,3,EELS,Sodium Azide
1348.6443575964827,26.449959955893874,3,EELS,Sodium Azide
1349.6238397655104,26.461407998471106,3,EELS,Sodium Azide
1350.6033219345384,26.465074293151687,3,EELS,Sodium Azide
1351.582804103566,26.46525835768084,3,EELS,Sodium Azide
1352.562286272594,26.470860282052175,3,EELS,Sodium Azide
1353.5417684416218,26.459959955893876,3,EELS,Sodium Azide
1354.5212506106498,26.449959955893874,3,EELS,Sodium Azide
1355.5007327796775,26.47932624319893,3,EELS,Sodium Azide
1356.4802149487055,26.459959955893876,3,EELS,Sodium Azide
1357.4596971177332,26.452033896123698,3,EELS,Sodium Azide
1358.4391792867611,26.449959955893874,3,EELS,Sodium Azide
1359.4186614557889,26.449959955893874,3,EELS,Sodium Azide
1360.3981436248168,26.476552122568798,3,EELS,Sodium Azide
1361.3776257938446,26.449959955893874,3,EELS,Sodium Azide
1362.3571079628725,26.449959955893874,3,EELS,Sodium Azide
1363.3365901319003,26.449959955893874,3,EELS,Sodium Azide
1364.316072300928,26.449959955893874,3,EELS,Sodium Azide
1365.295554469956,26.449959955893874,3,EELS,Sodium Azide
1366.2750366389837,26.449959955893874,3,EELS,Sodium Azide
1367.2545188080117,26.45629055433646,3,EELS,Sodium Azide
1368.2340009770394,26.459959955893876,3,EELS,Sodium Azide
1369.2134831460673,26.459048057383804,3,EELS,Sodium Azide
1370.192965315095,26.50425648581989,3,EELS,Sodium Azide
1371.172447484123,26.467960468011803,3,EELS,Sodium Azide
1372.1519296531508,26.449959955893874,3,EELS,Sodium Azide
1373.1314118221787,26.461432361216186,3,EELS,Sodium Azide
1374.1108939912065,26.459959955893876,3,EELS,Sodium Azide
1375.0903761602344,26.449959955893874,3,EELS,Sodium Azide
1376.0698583292622,26.459959955893876,3,EELS,Sodium Azide
1377.0493404982901,26.45707446280999,3,EELS,Sodium Azide
1378.0288226673179,26.48623264117903,3,EELS,Sodium Azide
1379.0083048363458,26.46509061877633,3,EELS,Sodium Azide
1379.9877870053735,26.449959955893874,3,EELS,Sodium Azide
1380.9672691744015,26.459959955893876,3,EELS,Sodium Azide
1381.9467513434292,26.451242081384883,3,EELS,Sodium Azide
1382.9262335124572,26.45088371498155,3,EELS,Sodium Azide
1383.905715681485,26.459959955893876,3,EELS,Sodium Azide
1384.885197850513,26.462494425707334,3,EELS,Sodium Azide
1385.8646800195406,26.459959955893876,3,EELS,Sodium Azide
1386.8441621885686,26.449959955893874,3,EELS,Sodium Azide
1387.8236443575963,26.45657910678235,3,EELS,Sodium Azide
1388.8031265266243,26.459959955893876,3,EELS,Sodium Azide
1389.782608695652,26.4554817550498,3,EELS,Sodium Azide
1390.76209086468,26.459959955893876,3,EELS,Sodium Azide
1391.7415730337077,26.487992018356167,3,EELS,Sodium Azide
1392.7210552027357,26.459959955893876,3,EELS,Sodium Azide
1393.7005373717634,26.449959955893874,3,EELS,Sodium Azide
1394.6800195407914,26.453364261192153,3,EELS,Sodium Azide
1395.659501709819,26.449959955893874,3,EELS,Sodium Azide
1396.638983878847,26.45145484680797,3,EELS,Sodium Azide
1397.6184660478748,26.455860310839093,3,EELS,Sodium Azide
1398.5979482169028,26.45978953652272,3,EELS,Sodium Azide
1399.5774303859305,26.468064675191833,3,EELS,Sodium Azide
1400.5569125549584,26.449959955893874,3,EELS,Sodium Azide
1401.5363947239862,26.449959955893874,3,EELS,Sodium Azide
1402.5158768930141,26.4739507671432,3,EELS,Sodium Azide
1403.4953590620419,26.459679980992057,3,EELS,Sodium Azide
1404.4748412310698,26.449959955893874,3,EELS,Sodium Azide
1405.4543234000976,26.481011703175188,3,EELS,Sodium Azide
1406.4338055691255,26.449959955893874,3,EELS,Sodium Azide
1407.4132877381533,26.449959955893874,3,EELS,Sodium Azide
1408.3927699071812,26.459959955893876,3,EELS,Sodium Azide
1409.372252076209,26.449959955893874,3,EELS,Sodium Azide
1410.351734245237,26.468467940226933,3,EELS,Sodium Azide
1411.3312164142646,26.455897749243398,3,EELS,Sodium Azide
1412.3106985832926,26.479959955893875,3,EELS,Sodium Azide
1413.2901807523203,26.472401093399117,3,EELS,Sodium Azide
1414.2696629213483,26.471104816973188,3,EELS,Sodium Azide
1415.249145090376,26.449959955893874,3,EELS,Sodium Azide
1416.228627259404,26.467306957111834,3,EELS,Sodium Azide
1417.2081094284317,26.469959955893874,3,EELS,Sodium Azide
1418.1875915974597,26.449959955893874,3,EELS,Sodium Azide
1419.1670737664874,26.465275218379876,3,EELS,Sodium Azide
1420.1465559355154,26.459959955893876,3,EELS,Sodium Azide
1421.126038104543,26.449959955893874,3,EELS,Sodium Azide
1422.105520273571,26.449959955893874,3,EELS,Sodium Azide
1423.0850024425988,26.449959955893874,3,EELS,Sodium Azide
1424.0644846116268,26.472213509003005,3,EELS,Sodium Azide
1425.0439667806545,26.45013743699992,3,EELS,Sodium Azide
1426.0234489496825,26.459959955893876,3,EELS,Sodium Azide
1427.0029311187102,26.460649760798848,3,EELS,Sodium Azide
1427.9824132877382,26.45122306539597,3,EELS,Sodium Azide
1428.961895456766,26.449959955893874,3,EELS,Sodium Azide
1429.9413776257938,26.46177095991865,3,EELS,Sodium Azide
1430.9208597948216,26.491966186018786,3,EELS,Sodium Azide
1431.9003419638495,26.45002082264752,3,EELS,Sodium Azide
1432.8798241328773,26.45180544847942,3,EELS,Sodium Azide
1433.8593063019052,26.459959955893876,3,EELS,Sodium Azide
1434.838788470933,26.449959955893874,3,EELS,Sodium Azide
1435.818270639961,26.45002738492346,3,EELS,Sodium Azide
1436.7977528089887,26.449959955893874,3,EELS,Sodium Azide
1437.7772349780166,26.46296837658554,3,EELS,Sodium Azide
1438.7567171470444,26.46220808473525,3,EELS,Sodium Azide
1439.7361993160723,26.46870994471265,3,EELS,Sodium Azide
1440.7156814851,26.48008650248745,3,EELS,Sodium Azide
1441.695163654128,26.460763815245283,3,EELS,Sodium Azide
1442.6746458231557,26.45404502917036,3,EELS,Sodium Azide
1443.6541279921837,26.450127455523756,3,EELS,Sodium Azide
1444.6336101612114,26.459959955893876,3,EELS,Sodium Azide
1445.6130923302394,26.449959955893874,3,EELS,Sodium Azide
1446.5925744992671,26.455160553475526,3,EELS,Sodium Azide
1447.572056668295,26.449959955893874,3,EELS,Sodium Azide
1448.5515388373228,26.469959955893874,3,EELS,Sodium Azide
1449.5310210063508,26.461275272626157,3,EELS,Sodium Azide
1450.5105031753785,26.459959955893876,3,EELS,Sodium Azide
1451.4899853444065,26.449959955893874,3,EELS,Sodium Azide
1452.4694675134342,26.48047206827151,3,EELS,Sodium Azide
1453.4489496824622,26.453208294207226,3,EELS,Sodium Azide
1454.42843185149,26.449959955893874,3,EELS,Sodium Azide
1455.4079140205176,26.45255019079955,3,EELS,Sodium Azide
1456.3873961895456,26.451820012725747,3,EELS,Sodium Azide
1457.3668783585733,26.449959955893874,3,EELS,Sodium Azide
1458.3463605276013,26.449959955893874,3,EELS,Sodium Azide
1459.325842696629,26.46647708903171,3,EELS,Sodium Azide
1460.305324865657,26.449959955893874,3,EELS,Sodium Azide
1461.2848070346847,26.449959955893874,3,EELS,Sodium Azide
1462.2642892037127,26.449959955893874,3,EELS,Sodium Azide
1463.2437713727404,26.459959955893876,3,EELS,Sodium Azide
1464.2232535417684,26.449959955893874,3,EELS,Sodium Azide
1465.202735710796,26.4649541795264,3,EELS,Sodium Azide
1466.182217879824,26.462002247659722,3,EELS,Sodium Azide
1467.1617000488518,26.467879274193905,3,EELS,Sodium Azide
1468.1411822178798,26.459959955893876,3,EELS,Sodium Azide
1469.1206643869075,26.469959955893874,3,EELS,Sodium Azide
1470.1001465559355,26.449959955893874,3,EELS,Sodium Azide
1471.0796287249632,26.454636853132786,3,EELS,Sodium Azide
1472.0591108939911,26.449959955893874,3,EELS,Sodium Azide
1473.0385930630189,26.459328436954035,3,EELS,Sodium Azide
1474.0180752320468,26.48208992647818,3,EELS,Sodium Azide
1474.9975574010746,26.449959955893874,3,EELS,Sodium Azide
1475.9770395701025,26.449959955893874,3,EELS,Sodium Azide
1476.9565217391303,26.459959955893876,3,EELS,Sodium Azide
1477.9360039081582,26.49683737034493,3,EELS,Sodium Azide
1478.915486077186,26.449959955893874,3,EELS,Sodium Azide
1479.894968246214,26.467099627437868,3,EELS,Sodium Azide
1480.8744504152417,26.459959955893876,3,EELS,Sodium Azide
1481.8539325842696,26.459959955893876,3,EELS,Sodium Azide
1482.8334147532973,26.459959955893876,3,EELS,Sodium Azide
1483.8128969223253,26.459959955893876,3,EELS,Sodium Azide
1484.792379091353,26.459959955893876,3,EELS,Sodium Azide
1485.771861260381,26.449959955893874,3,EELS,Sodium Azide
1486.7513434294087,26.469959955893874,3,EELS,Sodium Azide
1487.7308255984367,26.471804493593478,3,EELS,Sodium Azide
1488.7103077674644,26.47247068343486,3,EELS,Sodium Azide
1489.6897899364924,26.469671034957223,3,EELS,Sodium Azide
1490.6692721055201,26.455333361107503,3,EELS,Sodium Azide
1491.648754274548,26.45093491765614,3,EELS,Sodium Azide
1492.6282364435758,26.449959955893874,3,EELS,Sodium Azide
1493.6077186126038,26.459959955893876,3,EELS,Sodium Azide
1494.5872007816315,26.473691154706763,3,EELS,Sodium Azide
1495.5666829506595,26.459959955893876,3,EELS,Sodium Azide
1496.5461651196872,26.449959955893874,3,EELS,Sodium Azide
1497.5256472887152,26.461747495884026,3,EELS,Sodium Azide
1498.505129457743,26.469373682349936,3,EELS,Sodium Azide
1499.4846116267709,26.464000030362627,3,EELS,Sodium Azide
1500.4640937957986,26.471273596295106,3,EELS,Sodium Azide
1501.4435759648266,26.459959955893876,3,EELS,Sodium Azide
1502.4230581338543,26.449959955893874,3,EELS,Sodium Azide
1503.4025403028822,26.466232249307733,3,EELS,Sodium Azide
1504.38202247191,26.465794859596745,3,EELS,Sodium Azide
1505.361504640938,26.450719556191217,3,EELS,Sodium Azide
1506.3409868099657,26.459959955893876,3,EELS,Sodium Azide
1507.3204689789936,26.469802205583886,3,EELS,Sodium Azide
1508.2999511480214,26.449959955893874,3,EELS,Sodium Azide
1509.2794333170493,26.449959955893874,3,EELS,Sodium Azide
1510.258915486077,26.449959955893874,3,EELS,Sodium Azide
1511.238397655105,26.450855071571315,3,EELS,Sodium Azide
1512.2178798241328,26.449959955893874,3,EELS,Sodium Azide
1513.1973619931607,26.449959955893874,3,EELS,Sodium Azide
1514.1768441621884,26.459959955893876,3,EELS,Sodium Azide
1515.1563263312164,26.449959955893874,3,EELS,Sodium Azide
1516.1358085002441,26.449959955893874,3,EELS,Sodium Azide
1517.115290669272,26.450877660654406,3,EELS,Sodium Azide
1518.0947728382998,26.462709569747798,3,EELS,Sodium Azide
1519.0742550073278,26.45137007914484,3,EELS,Sodium Azide
1520.0537371763555,26.46570821944509,3,EELS,Sodium Azide
1521.0332193453835,26.483593687208362,3,EELS,Sodium Azide
1522.0127015144112,26.457920286465914,3,EELS,Sodium Azide
1522.9921836834392,26.460749803048643,3,EELS,Sodium Azide
1523.971665852467,26.470217530663096,3,EELS,Sodium Azide
1524.9511480214949,26.457778073094477,3,EELS,Sodium Azide
1525.9306301905226,26.469959955893874,3,EELS,Sodium Azide
1526.9101123595506,26.459959955893876,3,EELS,Sodium Azide
1527.8895945285783,26.455005921050187,3,EELS,Sodium Azide
1528.8690766976063,26.469959955893874,3,EELS,Sodium Azide
1529.848558866634,26.459959955893876,3,EELS,Sodium Azide
1530.828041035662,26.44999013122292,3,EELS,Sodium Azide
1531.8075232046897,26.449959955893874,3,EELS,Sodium Azide
1532.7870053737176,26.449959955893874,3,EELS,Sodium Azide
1533.7664875427454,26.461675623624565,3,EELS,Sodium Azide
1534.7459697117733,26.479841468753644,3,EELS,Sodium Azide
1535.725451880801,26.449959955893874,3,EELS,Sodium Azide
1536.704934049829,26.482965835711635,3,EELS,Sodium Azide
1537.6844162188568,26.449959955893874,3,EELS,Sodium Azide
1538.6638983878847,26.47158237791023,3,EELS,Sodium Azide
1539.6433805569125,26.449959955893874,3,EELS,Sodium Azide
1540.6228627259404,26.45147272436593,3,EELS,Sodium Azide
1541.6023448949682,26.469959955893874,3,EELS,Sodium Azide
1542.5818270639961,26.449959955893874,3,EELS,Sodium Azide
1543.5613092330238,26.452317789191785,3,EELS,Sodium Azide
1544.5407914020518,26.459959955893876,3,EELS,Sodium Azide
1545.5202735710795,26.459959955893876,3,EELS,Sodium Azide
1546.4997557401073,26.459959955893876,3,EELS,Sodium Azide
1547.4792379091352,26.4615177009703,3,EELS,Sodium Azide
1548.458720078163,26.460301547136652,3,EELS,Sodium Azide
1549.438202247191,26.465701570762423,3,EELS,Sodium Azide
1550.4176844162187,26.449959955893874,3,EELS,Sodium Azide
1551.3971665852466,26.449959955893874,3,EELS,Sodium Azide
1552.3766487542744,26.458305542994577,3,EELS,Sodium Azide
1553.3561309233023,26.459959955893876,3,EELS,Sodium Azide
1554.33561309233,26.449959955893874,3,EELS,Sodium Azide
1555.315095261358,26.461180486770598,3,EELS,Sodium Azide
1556.2945774303857,26.449959955893874,3,EELS,Sodium Azide
1557.2740595994137,26.449959955893874,3,EELS,Sodium Azide
1558.2535417684414,26.46904432576952,3,EELS,Sodium Azide
1559.2330239374694,26.459959955893876,3,EELS,Sodium Azide
1560.2125061064971,26.451864862956086,3,EELS,Sodium Azide
1561.191988275525,26.48069159292045,3,EELS,Sodium Azide
1562.1714704445528,26.459959955893876,3,EELS,Sodium Azide
1563.1509526135808,26.449959955893874,3,EELS,Sodium Azide
1564.1304347826085,26.454560308943453,3,EELS,Sodium Azide
1565.1099169516365,26.47360050925577,3,EELS,Sodium Azide
1566.0893991206642,26.469201932029783,3,EELS,Sodium Azide
1567.0688812896922,26.459959955893876,3,EELS,Sodium Azide
1568.04836345872,26.467253688698538,3,EELS,Sodium Azide
1569.0278456277479,26.449959955893874,3,EELS,Sodium Azide
1570.0073277967756,26.449959955893874,3,EELS,Sodium Azide
1570.9868099658036,26.449959955893874,3,EELS,Sodium Azide
1571.9662921348313,26.449959955893874,3,EELS,Sodium Azide
1572.9457743038593,26.470283513635998,3,EELS,Sodium Azide
1573.925256472887,26.459959955893876,3,EELS,Sodium Azide
1574.904738641915,26.452781557239316,3,EELS,Sodium Azide
1575.8842208109427,26.449959955893874,3,EELS,Sodium Azide
1576.8637029799706,26.449959955893874,3,EELS,Sodium Azide
1577.8431851489984,26.463894073191952,3,EELS,Sodium Azide
1578.8226673180263,26.449959955893874,3,EELS,Sodium Azide
1579.802149487054,26.45622425458814,3,EELS,Sodium Azide
1580.781631656082,26.460369567184035,3,EELS,Sodium Azide
1581.7611138251098,26.459959955893876,3,EELS,Sodium Azide
1582.7405959941377,26.4834439707471,3,EELS,Sodium Azide
1583.7200781631655,26.449959955893874,3,EELS,Sodium Azide
1584.6995603321934,26.463134309012357,3,EELS,Sodium Azide
1585.6790425012211,26.46668106784245,3,EELS,Sodium Azide
1586.658524670249,26.449959955893874,3,EELS,Sodium Azide
1587.6380068392768,26.476603822120797,3,EELS,Sodium Azide
1588.6174890083048,26.449959955893874,3,EELS,Sodium Azide
1589.5969711773325,26.449959955893874,3,EELS,Sodium Azide
1590.5764533463605,26.459959955893876,3,EELS,Sodium Azide
1591.5559355153882,26.45418904213431,3,EELS,Sodium Azide
1592.5354176844162,26.449959955893874,3,EELS,Sodium Azide
1593.514899853444,26.454402972382024,3,EELS,Sodium Azide
1594.4943820224719,26.459959955893876,3,EELS,Sodium Azide
1595.4738641914996,26.449959955893874,3,EELS,Sodium Azide
1596.4533463605276,26.453949886211355,3,EELS,Sodium Azide
1597.4328285295553,26.449959955893874,3,EELS,Sodium Azide
1598.4123106985833,26.449959955893874,3,EELS,Sodium Azide
1599.391792867611,26.47855739097751,3,EELS,Sodium Azide
1600.371275036639,26.449959955893874,3,EELS,Sodium Azide
1601.3507572056667,26.459959955893876,3,EELS,Sodium Azide
1602.3302393746947,26.449959955893874,3,EELS,Sodium Azide
1603.3097215437224,26.449959955893874,3,EELS,Sodium Azide
1604.2892037127503,26.4584117639616,3,EELS,Sodium Azide
1605.268685881778,26.46326637513602,3,EELS,Sodium Azide
1606.248168050806,26.454052292504127,3,EELS,Sodium Azide
1607.2276502198338,26.459959955893876,3,EELS,Sodium Azide
1608.2071323888617,26.449959955893874,3,EELS,Sodium Azide
1609.1866145578895,26.449959955893874,3,EELS,Sodium Azide
1610.1660967269174,26.449959955893874,3,EELS,Sodium Azide
1611.1455788959452,26.468505295896566,3,EELS,Sodium Azide
1612.1250610649731,26.453413298850112,3,EELS,Sodium Azide
1613.1045432340009,26.45508630461581,3,EELS,Sodium Azide
1614.0840254030288,26.455080630311876,3,EELS,Sodium Azide
1615.0635075720566,26.469006063158975,3,EELS,Sodium Azide
1616.0429897410845,26.46292440500647,3,EELS,Sodium Azide
1617.0224719101122,26.463645435131152,3,EELS,Sodium Azide
1618.0019540791402,26.46211021962366,3,EELS,Sodium Azide
1618.981436248168,26.469959955893874,3,EELS,Sodium Azide
1619.960918417196,26.449959955893874,3,EELS,Sodium Azide
1620.9404005862236,26.449959955893874,3,EELS,Sodium Azide
1621.9198827552516,26.46185095240857,3,EELS,Sodium Azide
1622.8993649242793,26.459959955893876,3,EELS,Sodium Azide
1623.8788470933073,26.464698889637678,3,EELS,Sodium Azide
1624.858329262335,26.449959955893874,3,EELS,Sodium Azide
1625.837811431363,26.471557574874137,3,EELS,Sodium Azide
1626.8172936003907,26.459959955893876,3,EELS,Sodium Azide
1627.7967757694187,26.459959955893876,3,EELS,Sodium Azide
1628.7762579384464,26.461430662552424,3,EELS,Sodium Azide
1629.7557401074744,26.474091907699954,3,EELS,Sodium Azide
1630.735222276502,26.459959955893876,3,EELS,Sodium Azide
1631.71470444553,26.451839150504227,3,EELS,Sodium Azide
1632.6941866145578,26.45298792770589,3,EELS,Sodium Azide
1633.6736687835858,26.453796021865305,3,EELS,Sodium Azide
1634.6531509526135,26.449959955893874,3,EELS,Sodium Azide
1635.6326331216414,26.473053984023878,3,EELS,Sodium Azide
1636.6121152906692,26.449959955893874,3,EELS,Sodium Azide
1637.591597459697,26.449959955893874,3,EELS,Sodium Azide
1638.5710796287249,26.46455346251047,3,EELS,Sodium Azide
1639.5505617977526,26.464648229731345,3,EELS,Sodium Azide
1640.5300439667806,26.46378183042567,3,EELS,Sodium Azide
1641.5095261358083,26.462205705851737,3,EELS,Sodium Azide
1642.4890083048363,26.449959955893874,3,EELS,Sodium Azide
1643.468490473864,26.463242352535353,3,EELS,Sodium Azide
1644.447972642892,26.459959955893876,3,EELS,Sodium Azide
1645.4274548119197,26.489479009634216,3,EELS,Sodium Azide
1646.4069369809476,26.4684504541318,3,EELS,Sodium Azide
1647.3864191499754,26.472376079570775,3,EELS,Sodium Azide
1648.3659013190033,26.451063505339643,3,EELS,Sodium Azide
1649.345383488031,26.459959955893876,3,EELS,Sodium Azide
1650.324865657059,26.469959955893874,3,EELS,Sodium Azide
1651.3043478260868,26.45315189291252,3,EELS,Sodium Azide
1652.2838299951147,26.459959955893876,3,EELS,Sodium Azide
1653.2633121641425,26.459959955893876,3,EELS,Sodium Azide
1654.2427943331704,26.459959955893876,3,EELS,Sodium Azide
1655.2222765021982,26.449959955893874,3,EELS,Sodium Azide
1656.2017586712261,26.449959955893874,3,EELS,Sodium Azide
1657.1812408402538,26.452775151729185,3,EELS,Sodium Azide
1658.1607230092818,26.459959955893876,3,EELS,Sodium Azide
1659.1402051783095,26.460890197961984,3,EELS,Sodium Azide
1660.1196873473375,26.449959955893874,3,EELS,Sodium Azide
1661.0991695163652,26.449959955893874,3,EELS,Sodium Azide
1662.0786516853932,26.45229239233876,3,EELS,Sodium Azide
1663.058133854421,26.48001082760411,3,EELS,Sodium Azide
1664.037616023449,26.45340270285583,3,EELS,Sodium Azide
1665.0170981924766,26.449959955893874,3,EELS,Sodium Azide
1665.9965803615046,26.449959955893874,3,EELS,Sodium Azide
1666.9760625305323,26.449959955893874,3,EELS,Sodium Azide
1667.9555446995603,26.452380332863402,3,EELS,Sodium Azide
1668.935026868588,26.459959955893876,3,EELS,Sodium Azide
1669.914509037616,26.449959955893874,3,EELS,Sodium Azide
1670.8939912066437,26.449959955893874,3,EELS,Sodium Azide
1671.8734733756717,26.48481914453696,3,EELS,Sodium Azide
1672.8529555446994,26.474609658763917,3,EELS,Sodium Azide
1673.8324377137274,26.449959955893874,3,EELS,Sodium Azide
1674.811919882755,26.456845623518124,3,EELS,Sodium Azide
1675.791402051783,26.449959955893874,3,EELS,Sodium Azide
1676.7708842208108,26.46430681179812,3,EELS,Sodium Azide
1677.7503663898387,26.452485236119472,3,EELS,Sodium Azide
1678.7298485588665,26.459669502775963,3,EELS,Sodium Azide
1679.7093307278944,26.449959955893874,3,EELS,Sodium Azide
1680.6888128969222,26.456895263643688,3,EELS,Sodium Azide
1681.6682950659501,26.449959955893874,3,EELS,Sodium Azide
1682.6477772349779,26.468672836657362,3,EELS,Sodium Azide
1683.6272594040058,26.469314731480214,3,EELS,Sodium Azide
1684.6067415730336,26.450654843334206,3,EELS,Sodium Azide
1685.5862237420615,26.449959955893874,3,EELS,Sodium Azide
1686.5657059110893,26.45793603891623,3,EELS,Sodium Azide
1687.5451880801172,26.449959955893874,3,EELS,Sodium Azide
1688.524670249145,26.449959955893874,3,EELS,Sodium Azide
1689.504152418173,26.449959955893874,3,EELS,Sodium Azide
1690.4836345872006,26.449959955893874,3,EELS,Sodium Azide
1691.4631167562286,26.459959955893876,3,EELS,Sodium Azide
1692.4425989252563,26.4712301671579,3,EELS,Sodium Azide
1693.4220810942843,26.461797401877295,3,EELS,Sodium Azide
1694.401563263312,26.449959955893874,3,EELS,Sodium Azide
1695.38104543234,26.478192447438953,3,EELS,Sodium Azide
1696.3605276013677,26.449959955893874,3,EELS,Sodium Azide
1697.3400097703957,26.470956099330024,3,EELS,Sodium Azide
1698.3194919394234,26.449959955893874,3,EELS,Sodium Azide
1699.2989741084514,26.467929985867748,3,EELS,Sodium Azide
1700.278456277479,26.459959955893876,3,EELS,Sodium Azide
1701.257938446507,26.469959955893874,3,EELS,Sodium Azide
1702.2374206155348,26.449959955893874,3,EELS,Sodium Azide
1703.2169027845628,26.449959955893874,3,EELS,Sodium Azide
1704.1963849535905,26.462338907888665,3,EELS,Sodium Azide
1705.1758671226185,26.459959955893876,3,EELS,Sodium Azide
1706.1553492916462,26.449959955893874,3,EELS,Sodium Azide
1707.1348314606741,26.468874184773565,3,EELS,Sodium Azide
1708.1143136297019,26.460881598491582,3,EELS,Sodium Azide
1709.0937957987298,26.449959955893874,3,EELS,Sodium Azide
1710.0732779677576,26.46696679515118,3,EELS,Sodium Azide
1711.0527601367855,26.459959955893876,3,EELS,Sodium Azide
1712.0322423058133,26.47403736090631,3,EELS,Sodium Azide
1713.0117244748412,26.471898095993158,3,EELS,Sodium Azide
1713.991206643869,26.455299170102137,3,EELS,Sodium Azide
1714.970688812897,26.449959955893874,3,EELS,Sodium Azide
1715.9501709819247,26.449959955893874,3,EELS,Sodium Azide
1716.9296531509526,26.45623343943622,3,EELS,Sodium Azide
1717.9091353199804,26.469959955893874,3,EELS,Sodium Azide
1718.8886174890083,26.472958397108457,3,EELS,Sodium Azide
1719.868099658036,26.465981784716753,3,EELS,Sodium Azide
1720.847581827064,26.449959955893874,3,EELS,Sodium Azide
1721.8270639960917,26.460312151504976,3,EELS,Sodium Azide
1722.8065461651197,26.449959955893874,3,EELS,Sodium Azide
1723.7860283341474,26.469959955893874,3,EELS,Sodium Azide
1724.7655105031754,26.459959955893876,3,EELS,Sodium Azide
1725.7449926722031,26.461964485218488,3,EELS,Sodium Azide
1726.724474841231,26.47156435036457,3,EELS,Sodium Azide
1727.7039570102588,26.449959955893874,3,EELS,Sodium Azide
1728.6834391792866,26.469959955893874,3,EELS,Sodium Azide
1729.6629213483145,26.479959955893875,3,EELS,Sodium Azide
1730.6424035173422,26.449959955893874,3,EELS,Sodium Azide
1731.6218856863702,26.46045418774519,3,EELS,Sodium Azide
1732.601367855398,26.46762131007738,3,EELS,Sodium Azide
1733.580850024426,26.46522170231402,3,EELS,Sodium Azide
1734.5603321934536,26.46203684913699,3,EELS,Sodium Azide
1735.5398143624816,26.449959955893874,3,EELS,Sodium Azide
1736.5192965315093,26.449959955893874,3,EELS,Sodium Azide
1737.4987787005373,26.450249812882635,3,EELS,Sodium Azide
1738.478260869565,26.450709792419236,3,EELS,Sodium Azide
1739.457743038593,26.466499478754635,3,EELS,Sodium Azide
1740.4372252076207,26.449959955893874,3,EELS,Sodium Azide
1741.4167073766487,26.459959955893876,3,EELS,Sodium Azide
1742.3961895456764,26.449959955893874,3,EELS,Sodium Azide
1743.3756717147044,26.459959955893876,3,EELS,Sodium Azide
1744.355153883732,26.459959955893876,3,EELS,Sodium Azide
1745.33463605276,26.459959955893876,3,EELS,Sodium Azide
1746.3141182217878,26.463416720680513,3,EELS,Sodium Azide
1747.2936003908158,26.449959955893874,3,EELS,Sodium Azide
1748.2730825598435,26.449959955893874,3,EELS,Sodium Azide
1749.2525647288714,26.459959955893876,3,EELS,Sodium Azide
1750.2320468978992,26.449959955893874,3,EELS,Sodium Azide
1751.2115290669271,26.46536584544403,3,EELS,Sodium Azide
1752.1910112359549,26.449959955893874,3,EELS,Sodium Azide
1753.1704934049828,26.449959955893874,3,EELS,Sodium Azide
1754.1499755740106,26.449959955893874,3,EELS,Sodium Azide
1755.1294577430385,26.45989517910499,3,EELS,Sodium Azide
1756.1089399120663,26.451445207640134,3,EELS,Sodium Azide
1757.0884220810942,26.449959955893874,3,EELS,Sodium Azide
1758.067904250122,26.449959955893874,3,EELS,Sodium Azide
1759.04738641915,26.467098194940103,3,EELS,Sodium Azide
1760.0268685881776,26.459959955893876,3,EELS,Sodium Azide
1761.0063507572056,26.459959955893876,3,EELS,Sodium Azide
1761.9858329262333,26.459959955893876,3,EELS,Sodium Azide
1762.9653150952613,26.449959955893874,3,EELS,Sodium Azide
1763.944797264289,26.449959955893874,3,EELS,Sodium Azide
1764.924279433317,26.463301834796578,3,EELS,Sodium Azide
1765.9037616023447,26.461196915793394,3,EELS,Sodium Azide
1766.8832437713727,26.449959955893874,3,EELS,Sodium Azide
1767.8627259404004,26.449959955893874,3,EELS,Sodium Azide
1768.8422081094284,26.449959955893874,3,EELS,Sodium Azide
1769.8216902784561,26.449959955893874,3,EELS,Sodium Azide
1770.801172447484,26.449959955893874,3,EELS,Sodium Azide
1771.7806546165118,26.449959955893874,3,EELS,Sodium Azide
1772.7601367855398,26.464144233904687,3,EELS,Sodium Azide
1773.7396189545675,26.449959955893874,3,EELS,Sodium Azide
1774.7191011235955,26.469509373632505,3,EELS,Sodium Azide
1775.6985832926232,26.454402787446714,3,EELS,Sodium Azide
1776.6780654616512,26.459959955893876,3,EELS,Sodium Azide
1777.657547630679,26.466309720474975,3,EELS,Sodium Azide
1778.6370297997069,26.48585592418964,3,EELS,Sodium Azide
1779.6165119687346,26.45949656807441,3,EELS,Sodium Azide
1780.5959941377625,26.449959955893874,3,EELS,Sodium Azide
1781.5754763067903,26.46608564210659,3,EELS,Sodium Azide
1782.5549584758182,26.458087641926525,3,EELS,Sodium Azide
1783.534440644846,26.47044533834283,3,EELS,Sodium Azide
1784.513922813874,26.48260279793061,3,EELS,Sodium Azide
1785.4934049829017,26.46607942144495,3,EELS,Sodium Azide
1786.4728871519296,26.45894323075127,3,EELS,Sodium Azide
1787.4523693209574,26.463737170077906,3,EELS,Sodium Azide
1788.4318514899853,26.470319948318014,3,EELS,Sodium Azide
1789.411333659013,26.462190362155507,3,EELS,Sodium Azide
1790.390815828041,26.459959955893876,3,EELS,Sodium Azide
1791.3702979970687,26.449959955893874,3,EELS,Sodium Azide
1792.3497801660967,26.453958732464702,3,EELS,Sodium Azide
1793.3292623351244,26.460745411905542,3,EELS,Sodium Azide
1794.3087445041524,26.459959955893876,3,EELS,Sodium Azide
1795.2882266731801,26.449959955893874,3,EELS,Sodium Azide
1796.267708842208,26.449959955893874,3,EELS,Sodium Azide
1797.2471910112358,26.478219751970016,3,EELS,Sodium Azide
1798.2266731802638,26.466099544050905,3,EELS,Sodium Azide
1799.2061553492915,26.46932966047342,3,EELS,Sodium Azide
1800.1856375183195,26.460766280745105,3,EELS,Sodium Azide
1801.1651196873472,26.449959955893874,3,EELS,Sodium Azide
1802.1446018563752,26.459959955893876,3,EELS,Sodium Azide
1803.124084025403,26.449959955893874,3,EELS,Sodium Azide
1804.1035661944309,26.459959955893876,3,EELS,Sodium Azide
1805.0830483634586,26.449959955893874,3,EELS,Sodium Azide
1806.0625305324866,26.450539221621526,3,EELS,Sodium Azide
1807.0420127015143,26.45448344095764,3,EELS,Sodium Azide
1808.0214948705423,26.458681316865835,3,EELS,Sodium Azide
1809.00097703957,26.449959955893874,3,EELS,Sodium Azide
1809.980459208598,26.459959955893876,3,EELS,Sodium Azide
1810.9599413776257,26.459959955893876,3,EELS,Sodium Azide
1811.9394235466536,26.460427079429643,3,EELS,Sodium Azide
1812.9189057156814,26.472452770193584,3,EELS,Sodium Azide
1813.8983878847093,26.459959955893876,3,EELS,Sodium Azide
1814.877870053737,26.46520869170624,3,EELS,Sodium Azide
1815.857352222765,26.452939829806734,3,EELS,Sodium Azide
1816.8368343917928,26.450428927078125,3,EELS,Sodium Azide
1817.8163165608207,26.469471746913353,3,EELS,Sodium Azide
1818.7957987298485,26.469959955893874,3,EELS,Sodium Azide
1819.7752808988762,26.449959955893874,3,EELS,Sodium Azide
1820.7547630679042,26.459959955893876,3,EELS,Sodium Azide
1821.7342452369319,26.449959955893874,3,EELS,Sodium Azide
1822.7137274059598,26.485162330651118,3,EELS,Sodium Azide
1823.6932095749876,26.449959955893874,3,EELS,Sodium Azide
1824.6726917440155,26.452289131434316,3,EELS,Sodium Azide
1825.6521739130433,26.449959955893874,3,EELS,Sodium Azide
1826.6316560820712,26.452173047789135,3,EELS,Sodium Azide
1827.611138251099,26.449959955893874,3,EELS,Sodium Azide
1828.590620420127,26.459959955893876,3,EELS,Sodium Azide
1829.5701025891547,26.460960153094614,3,EELS,Sodium Azide
1830.5495847581826,26.452041902957333,3,EELS,Sodium Azide
1831.5290669272104,26.449959955893874,3,EELS,Sodium Azide
1832.5085490962383,26.47737401916735,3,EELS,Sodium Azide
1833.488031265266,26.449959955893874,3,EELS,Sodium Azide
1834.467513434294,26.449959955893874,3,EELS,Sodium Azide
1835.4469956033217,26.449959955893874,3,EELS,Sodium Azide
1836.4264777723497,26.46377571061032,3,EELS,Sodium Azide
1837.4059599413774,26.459959955893876,3,EELS,Sodium Azide
1838.3854421104054,26.449959955893874,3,EELS,Sodium Azide
1839.3649242794331,26.459959955893876,3,EELS,Sodium Azide
1840.344406448461,26.452845582181137,3,EELS,Sodium Azide
1841.3238886174888,26.479959955893875,3,EELS,Sodium Azide
1842.3033707865168,26.449959955893874,3,EELS,Sodium Azide
1843.2828529555445,26.47462511237053,3,EELS,Sodium Azide
1844.2623351245725,26.46288300015827,3,EELS,Sodium Azide
1845.2418172936002,26.459959955893876,3,EELS,Sodium Azide
1846.2212994626282,26.449959955893874,3,EELS,Sodium Azide
1847.200781631656,26.466761733938995,3,EELS,Sodium Azide
1848.1802638006839,26.459959955893876,3,EELS,Sodium Azide
1849.1597459697116,26.449959955893874,3,EELS,Sodium Azide
1850.1392281387396,26.459959955893876,3,EELS,Sodium Azide
1851.1187103077673,26.449959955893874,3,EELS,Sodium Azide
1852.0981924767952,26.449959955893874,3,EELS,Sodium Azide
1853.077674645823,26.459959955893876,3,EELS,Sodium Azide
1854.057156814851,26.449959955893874,3,EELS,Sodium Azide
1855.0366389838787,26.459959955893876,3,EELS,Sodium Azide
1856.0161211529066,26.45601395169374,3,EELS,Sodium Azide
1856.9956033219344,26.449959955893874,3,EELS,Sodium Azide
1857.9750854909623,26.459959955893876,3,EELS,Sodium Azide
1858.95456765999,26.48293414873724,3,EELS,Sodium Azide
1859.934049829018,26.473188283680226,3,EELS,Sodium Azide
1860.9135319980458,26.449959955893874,3,EELS,Sodium Azide
1861.8930141670737,26.459959955893876,3,EELS,Sodium Azide
1862.8724963361014,26.449959955893874,3,EELS,Sodium Azide
1863.8519785051294,26.45704600958699,3,EELS,Sodium Azide
1864.8314606741571,26.449959955893874,3,EELS,Sodium Azide
1865.810942843185,26.449959955893874,3,EELS,Sodium Azide
1866.7904250122128,26.449959955893874,3,EELS,Sodium Azide
1867.7699071812408,26.449959955893874,3,EELS,Sodium Azide
1868.7493893502685,26.453244548351012,3,EELS,Sodium Azide
1869.7288715192965,26.449959955893874,3,EELS,Sodium Azide
1870.7083536883242,26.460126960275154,3,EELS,Sodium Azide
1871.6878358573522,26.459959955893876,3,EELS,Sodium Azide
1872.66731802638,26.459959955893876,3,EELS,Sodium Azide
1873.6468001954079,26.449959955893874,3,EELS,Sodium Azide
1874.6262823644356,26.469959955893874,3,EELS,Sodium Azide
1875.6057645334636,26.449959955893874,3,EELS,Sodium Azide
1876.5852467024913,26.449959955893874,3,EELS,Sodium Azide
1877.5647288715193,26.464990173454577,3,EELS,Sodium Azide
1878.544211040547,26.45179243744331,3,EELS,Sodium Azide
1879.523693209575,26.459959955893876,3,EELS,Sodium Azide
1880.5031753786027,26.459959955893876,3,EELS,Sodium Azide
1881.4826575476307,26.486049821024142,3,EELS,Sodium Azide
1882.4621397166584,26.48322549004959,3,EELS,Sodium Azide
1883.4416218856863,26.46285530183215,3,EELS,Sodium Azide
1884.421104054714,26.467004216855504,3,EELS,Sodium Azide
1885.400586223742,26.456198727763848,3,EELS,Sodium Azide
1886.3800683927698,26.464453098264816,3,EELS,Sodium Azide
1887.3595505617977,26.449959955893874,3,EELS,Sodium Azide
1888.3390327308255,26.456784933606663,3,EELS,Sodium Azide
1889.3185148998534,26.46001310014667,3,EELS,Sodium Azide
1890.2979970688812,26.459959955893876,3,EELS,Sodium Azide
1891.2774792379091,26.449959955893874,3,EELS,Sodium Azide
1892.2569614069369,26.449959955893874,3,EELS,Sodium Azide
1893.2364435759648,26.449959955893874,3,EELS,Sodium Azide
1894.2159257449925,26.449959955893874,3,EELS,Sodium Azide
1895.1954079140205,26.45245412503377,3,EELS,Sodium Azide
1896.1748900830482,26.458808867756293,3,EELS,Sodium Azide
1897.1543722520762,26.461008204411087,3,EELS,Sodium Azide
1898.133854421104,26.449959955893874,3,EELS,Sodium Azide
1899.113336590132,26.449959955893874,3,EELS,Sodium Azide
1900.0928187591596,26.46339988945177,3,EELS,Sodium Azide
1901.0723009281876,26.456575894626166,3,EELS,Sodium Azide
1902.0517830972153,26.45082483083542,3,EELS,Sodium Azide
1903.0312652662433,26.464807267826394,3,EELS,Sodium Azide
1904.010747435271,26.449959955893874,3,EELS,Sodium Azide
1904.990229604299,26.4553299179936,3,EELS,Sodium Azide
1905.9697117733267,26.459959955893876,3,EELS,Sodium Azide
1906.9491939423547,26.482721167823684,3,EELS,Sodium Azide
1907.9286761113824,26.459959955893876,3,EELS,Sodium Azide
1908.9081582804104,26.459959955893876,3,EELS,Sodium Azide
1909.887640449438,26.459959955893876,3,EELS,Sodium Azide
1910.8671226184658,26.449959955893874,3,EELS,Sodium Azide
1911.8466047874938,26.459959955893876,3,EELS,Sodium Azide
1912.8260869565215,26.469959955893874,3,EELS,Sodium Azide
1913.8055691255495,26.469959955893874,3,EELS,Sodium Azide
1914.7850512945772,26.46557571654718,3,EELS,Sodium Azide
1915.7645334636052,26.449959955893874,3,EELS,Sodium Azide
1916.744015632633,26.449959955893874,3,EELS,Sodium Azide
1917.7234978016609,26.449959955893874,3,EELS,Sodium Azide
1918.7029799706886,26.45341243799431,3,EELS,Sodium Azide
1919.6824621397166,26.449959955893874,3,EELS,Sodium Azide
1920.6619443087443,26.459959955893876,3,EELS,Sodium Azide
1921.6414264777723,26.449959955893874,3,EELS,Sodium Azide
1922.6209086468,26.45348372864556,3,EELS,Sodium Azide
1923.600390815828,26.459959955893876,3,EELS,Sodium Azide
1924.5798729848557,26.465590122658867,3,EELS,Sodium Azide
1925.5593551538836,26.459959955893876,3,EELS,Sodium Azide
1926.5388373229114,26.459959955893876,3,EELS,Sodium Azide
1927.5183194919393,26.449959955893874,3,EELS,Sodium Azide
1928.497801660967,26.449959955893874,3,EELS,Sodium Azide
1929.477283829995,26.449959955893874,3,EELS,Sodium Azide
1930.4567659990228,26.449959955893874,3,EELS,Sodium Azide
1931.4362481680507,26.476556081814543,3,EELS,Sodium Azide
1932.4157303370785,26.449959955893874,3,EELS,Sodium Azide
1933.3952125061064,26.46723921267737,3,EELS,Sodium Azide
1934.3746946751342,26.449959955893874,3,EELS,Sodium Azide
1935.354176844162,26.460339902904455,3,EELS,Sodium Azide
1936.3336590131898,26.449959955893874,3,EELS,Sodium Azide
1937.3131411822178,26.449959955893874,3,EELS,Sodium Azide
1938.2926233512455,26.459959955893876,3,EELS,Sodium Azide
1939.2721055202735,26.449959955893874,3,EELS,Sodium Azide
1940.2515876893012,26.459959955893876,3,EELS,Sodium Azide
1941.2310698583292,26.459959955893876,3,EELS,Sodium Azide
1942.210552027357,26.4688553026549,3,EELS,Sodium Azide
1943.1900341963849,26.469959955893874,3,EELS,Sodium Azide
1944.1695163654126,26.4510263571275,3,EELS,Sodium Azide
1945.1489985344406,26.452506796982316,3,EELS,Sodium Azide
1946.1284807034683,26.449959955893874,3,EELS,Sodium Azide
1947.1079628724963,26.476983970636525,3,EELS,Sodium Azide
1948.087445041524,26.449959955893874,3,EELS,Sodium Azide
1949.066927210552,26.459959955893876,3,EELS,Sodium Azide
1950.0464093795797,26.4767087754022,3,EELS,Sodium Azide
1951.0258915486077,26.449959955893874,3,EELS,Sodium Azide
1952.0053737176354,26.449959955893874,3,EELS,Sodium Azide
1952.9848558866634,26.456994839290083,3,EELS,Sodium Azide
1953.964338055691,26.449959955893874,3,EELS,Sodium Azide
1954.943820224719,26.459339272107155,3,EELS,Sodium Azide
1955.9233023937468,26.482321406045745,3,EELS,Sodium Azide
1956.9027845627747,26.449959955893874,3,EELS,Sodium Azide
1957.8822667318025,26.468069343078895,3,EELS,Sodium Azide
1958.8617489008304,26.449959955893874,3,EELS,Sodium Azide
1959.8412310698582,26.482754492231674,3,EELS,Sodium Azide
1960.8207132388861,26.449959955893874,3,EELS,Sodium Azide
1961.8001954079139,26.46044388316771,3,EELS,Sodium Azide
1962.7796775769418,26.468584602433292,3,EELS,Sodium Azide
1963.7591597459696,26.453202510897412,3,EELS,Sodium Azide
1964.7386419149975,26.449959955893874,3,EELS,Sodium Azide
1965.7181240840252,26.449959955893874,3,EELS,Sodium Azide
1966.6976062530532,26.449959955893874,3,EELS,Sodium Azide
1967.677088422081,26.452267524386457,3,EELS,Sodium Azide
1968.656570591109,26.453544386269073,3,EELS,Sodium Azide
1969.6360527601366,26.451340188138563,3,EELS,Sodium Azide
1970.6155349291646,26.459959955893876,3,EELS,Sodium Azide
1971.5950170981923,26.459959955893876,3,EELS,Sodium Azide
1972.5744992672203,26.449959955893874,3,EELS,Sodium Azide
1973.553981436248,26.452953210501484,3,EELS,Sodium Azide
1974.533463605276,26.45292953363926,3,EELS,Sodium Azide
1975.5129457743037,26.449959955893874,3,EELS,Sodium Azide
1976.4924279433317,26.476457433411078,3,EELS,Sodium Azide
1977.4719101123594,26.449959955893874,3,EELS,Sodium Azide
1978.4513922813874,26.466202319721038,3,EELS,Sodium Azide
1979.430874450415,26.4848204022613,3,EELS,Sodium Azide
1980.410356619443,26.453829165945624,3,EELS,Sodium Azide
1981.3898387884708,26.449959955893874,3,EELS,Sodium Azide
1982.3693209574988,26.488650327539244,3,EELS,Sodium Azide
1983.3488031265265,26.465008553518334,3,EELS,Sodium Azide
1984.3282852955545,26.459959955893876,3,EELS,Sodium Azide
1985.3077674645822,26.462510869784616,3,EELS,Sodium Azide
1986.2872496336101,26.457653005674885,3,EELS,Sodium Azide
1987.2667318026379,26.459959955893876,3,EELS,Sodium Azide
1988.2462139716658,26.461087913126704,3,EELS,Sodium Azide
1989.2256961406936,26.463874716743515,3,EELS,Sodium Azide
1990.2051783097215,26.459959955893876,3,EELS,Sodium Azide
1991.1846604787493,26.46303467412766,3,EELS,Sodium Azide
1992.1641426477772,26.459959955893876,3,EELS,Sodium Azide
1993.143624816805,26.46545700664125,3,EELS,Sodium Azide
1994.123106985833,26.45960837478948,3,EELS,Sodium Azide
1995.1025891548607,26.471968711646525,3,EELS,Sodium Azide
1996.0820713238886,26.466962263689627,3,EELS,Sodium Azide
1997.0615534929163,26.449959955893874,3,EELS,Sodium Azide
1998.0410356619443,26.456350762092352,3,EELS,Sodium Azide
1999.020517830972,26.478187854447903,3,EELS,Sodium Azide
2000.0,26.449959955893874,3,EELS,Sodium Azide
-5.0,58.42608211211006,4,EELS,Sodium Azide
-4.020517830972154,56.09583429739114,4,EELS,Sodium Azide
-3.041035661944309,55.51520389220894,4,EELS,Sodium Azide
-2.061553492916463,55.33151912119425,4,EELS,Sodium Azide
-1.0820713238886177,55.21205725047681,4,EELS,Sodium Azide
-0.10258915486077225,62.356394008591636,4,EELS,Sodium Azide
0.0,65.11405358490128,4,EELS,Sodium Azide
0.8768930141670737,55.08548940797359,4,EELS,Sodium Azide
1.8563751831949187,55.07082577148347,4,EELS,Sodium Azide
2.8358573522227646,55.04501825848376,4,EELS,Sodium Azide
3.8153395212506105,55.01746775668284,4,EELS,Sodium Azide
4.7948216902784555,54.994078374744916,4,EELS,Sodium Azide
5.7743038593063005,54.99682860940934,4,EELS,Sodium Azide
6.753786028334147,54.984174547721175,4,EELS,Sodium Azide
7.733268197361992,54.969285772104655,4,EELS,Sodium Azide
8.712750366389837,54.97928870654578,4,EELS,Sodium Azide
9.692232535417684,54.96277784374874,4,EELS,Sodium Azide
10.67171470444553,54.961710444233695,4,EELS,Sodium Azide
11.651196873473374,54.98650499660989,4,EELS,Sodium Azide
12.630679042501221,54.94705741729129,4,EELS,Sodium Azide
13.610161211529064,54.94149489657979,4,EELS,Sodium Azide
14.589643380556911,54.95861582588854,4,EELS,Sodium Azide
15.569125549584758,54.938367146156736,4,EELS,Sodium Azide
16.5486077186126,54.93278617796673,4,EELS,Sodium Azide
17.528089887640448,54.960635601234415,4,EELS,Sodium Azide
18.507572056668295,54.94616026414754,4,EELS,Sodium Azide
19.487054225696138,54.918763707356625,4,EELS,Sodium Azide
20.466536394723985,54.95530695457554,4,EELS,Sodium Azide
21.44601856375183,54.93114896535637,4,EELS,Sodium Azide
22.425500732779675,54.940557444173784,4,EELS,Sodium Azide
23.40498290180752,54.944842325709665,4,EELS,Sodium Azide
24.38446507083537,54.93492694690726,4,EELS,Sodium Azide
25.36394723986321,54.91813933120807,4,EELS,Sodium Azide
26.34342940889106,54.91813933120807,4,EELS,Sodium Azide
27.3229115779189,54.92409522806675,4,EELS,Sodium Azide
28.30239374694675,54.93979289648238,4,EELS,Sodium Azide
29.281875915974595,54.94207427048521,4,EELS,Sodium Azide
30.261358085002442,54.952303950555745,4,EELS,Sodium Azide
31.24084025403029,54.965559087183436,4,EELS,Sodium Azide
32.22032242305813,54.91813933120807,4,EELS,Sodium Azide
33.199804592085975,54.929257689748084,4,EELS,Sodium Azide
34.17928676111382,54.923094645229206,4,EELS,Sodium Azide
35.15876893014167,54.93967204489074,4,EELS,Sodium Azide
36.138251099169516,54.94480688434933,4,EELS,Sodium Azide
37.11773326819736,54.95513413218521,4,EELS,Sodium Azide
38.0972154372252,54.94687961653119,4,EELS,Sodium Azide
39.07669760625305,54.94482811925462,4,EELS,Sodium Azide
40.056179775280896,54.927972713643875,4,EELS,Sodium Azide
41.03566194430874,54.91813933120807,4,EELS,Sodium Azide
42.01514411333659,54.92542809362329,4,EELS,Sodium Azide
42.994626282364436,54.92990329074552,4,EELS,Sodium Azide
43.974108451392276,54.924199158670675,4,EELS,Sodium Azide
44.95359062042012,54.91813933120807,4,EELS,Sodium Azide
45.93307278944797,54.9460219354791,4,EELS,Sodium Azide
46.912554958475816,54.9373713671299,4,EELS,Sodium Azide
47.89203712750366,54.93125990698861,4,EELS,Sodium Azide
48.87151929653151,54.927068781120425,4,EELS,Sodium Azide
49.85100146555935,54.95041897196617,4,EELS,Sodium Azide
50.830483634587196,54.94595206335329,4,EELS,Sodium Azide
51.80996580361504,54.939320658538385,4,EELS,Sodium Azide
52.78944797264289,54.94319954144095,4,EELS,Sodium Azide
53.76893014167074,54.94473791954347,4,EELS,Sodium Azide
54.74841231069858,54.93320130367358,4,EELS,Sodium Azide
55.72789447972642,54.9302339376398,4,EELS,Sodium Azide
56.70737664875427,54.91813933120807,4,EELS,Sodium Azide
57.68685881778212,54.928139331208065,4,EELS,Sodium Azide
58.66634098680996,54.91837216094041,4,EELS,Sodium Azide
59.6458231558378,54.93661788573466,4,EELS,Sodium Azide
60.62530532486565,54.91813933120807,4,EELS,Sodium Azide
61.6047874938935,54.92140005349039,4,EELS,Sodium Azide
62.58426966292134,54.9407468325877,4,EELS,Sodium Azide
63.56375183194919,54.928139331208065,4,EELS,Sodium Azide
64.54323400097704,54.92484536380427,4,EELS,Sodium Azide
65.52271617000488,54.92343203665843,4,EELS,Sodium Azide
66.50219833903273,54.94077912578228,4,EELS,Sodium Azide
67.48168050806058,54.928474595306604,4,EELS,Sodium Azide
68.46116267708842,54.93807694536633,4,EELS,Sodium Azide
69.44064484611626,54.92365372063081,4,EELS,Sodium Azide
70.4201270151441,54.91813933120807,4,EELS,Sodium Azide
71.39960918417195,54.92289101077961,4,EELS,Sodium Azide
72.3790913531998,54.92196435959967,4,EELS,Sodium Azide
73.35857352222764,54.929154199661944,4,EELS,Sodium Azide
74.33805569125549,54.91813933120807,4,EELS,Sodium Azide
75.31753786028334,54.92164013484964,4,EELS,Sodium Azide
76.29702002931118,54.921903699440854,4,EELS,Sodium Azide
77.27650219833903,54.91813933120807,4,EELS,Sodium Azide
78.25598436736688,54.91813933120807,4,EELS,Sodium Azide
79.23546653639472,54.9248924092823,4,EELS,Sodium Azide
80.21494870542257,54.93121744418732,4,EELS,Sodium Azide
81.1944308744504,54.93813933120807,4,EELS,Sodium Azide
82.17391304347825,54.9186192984642,4,EELS,Sodium Azide
83.1533952125061,54.929253642584094,4,EELS,Sodium Azide
84.13287738153394,54.9301985878163,4,EELS,Sodium Azide
85.11235955056179,54.923062632930545,4,EELS,Sodium Azide
86.09184171958964,54.9248833051587,4,EELS,Sodium Azide
87.07132388861748,54.9360429585087,4,EELS,Sodium Azide
88.05080605764533,54.92782728329714,4,EELS,Sodium Azide
89.03028822667318,54.928139331208065,4,EELS,Sodium Azide
90.00977039570103,54.94005013241872,4,EELS,Sodium Azide
90.98925256472887,54.92325296954137,4,EELS,Sodium Azide
91.9687347337567,54.92786501196822,4,EELS,Sodium Azide
92.94821690278455,54.91813933120807,4,EELS,Sodium Azide
93.9276990718124,54.91845422304308,4,EELS,Sodium Azide
94.90718124084025,54.924160888525755,4,EELS,Sodium Azide
95.88666340986809,54.91813933120807,4,EELS,Sodium Azide
96.86614557889594,54.928139331208065,4,EELS,Sodium Azide
97.84562774792379,54.91813933120807,4,EELS,Sodium Azide
98.82510991695163,54.91813933120807,4,EELS,Sodium Azide
99.80459208597948,54.921238996798635,4,EELS,Sodium Azide
100.78407425500733,54.91937194525828,4,EELS,Sodium Azide
101.76355642403517,54.934619189245865,4,EELS,Sodium Azide
102.74303859306302,54.93813933120807,4,EELS,Sodium Azide
103.72252076209085,54.9424372322748,4,EELS,Sodium Azide
104.7020029311187,54.928139331208065,4,EELS,Sodium Azide
105.68148510014655,54.91813933120807,4,EELS,Sodium Azide
106.66096726917439,54.92595925322586,4,EELS,Sodium Azide
107.64044943820224,54.93677858601994,4,EELS,Sodium Azide
108.61993160723009,54.9255456519351,4,EELS,Sodium Azide
109.59941377625793,54.91813933120807,4,EELS,Sodium Azide
110.57889594528578,54.930719576444545,4,EELS,Sodium Azide
111.55837811431363,54.95593661440698,4,EELS,Sodium Azide
112.53786028334147,54.92953276272141,4,EELS,Sodium Azide
113.51734245236932,54.92620762824018,4,EELS,Sodium Azide
114.49682462139717,54.92962153942873,4,EELS,Sodium Azide
115.476306790425,54.93064326148191,4,EELS,Sodium Azide
116.45578895945285,54.93080584407521,4,EELS,Sodium Azide
117.4352711284807,54.9448006387407,4,EELS,Sodium Azide
118.41475329750854,54.949892061308375,4,EELS,Sodium Azide
119.39423546653639,54.923655783670476,4,EELS,Sodium Azide
120.37371763556423,54.93188651006478,4,EELS,Sodium Azide
121.35319980459208,54.92855825391427,4,EELS,Sodium Azide
122.33268197361993,54.928139331208065,4,EELS,Sodium Azide
123.31216414264776,54.928139331208065,4,EELS,Sodium Azide
124.2916463116756,54.91978236089628,4,EELS,Sodium Azide
125.27112848070345,54.91813933120807,4,EELS,Sodium Azide
126.2506106497313,54.92039912842307,4,EELS,Sodium Azide
127.23009281875915,54.9194592515678,4,EELS,Sodium Azide
128.209574987787,54.932786587377066,4,EELS,Sodium Azide
129.18905715681484,54.934653711669895,4,EELS,Sodium Azide
130.1685393258427,54.92946092088157,4,EELS,Sodium Azide
131.14802149487053,54.91813933120807,4,EELS,Sodium Azide
132.12750366389838,54.93505764233244,4,EELS,Sodium Azide
133.10698583292623,54.92855601508066,4,EELS,Sodium Azide
134.08646800195407,54.933786565256625,4,EELS,Sodium Azide
135.06595017098192,54.928139331208065,4,EELS,Sodium Azide
136.04543234000977,54.941420851707406,4,EELS,Sodium Azide
137.02491450903761,54.94747140416948,4,EELS,Sodium Azide
138.00439667806546,54.91948659954129,4,EELS,Sodium Azide
138.9838788470933,54.919682006814995,4,EELS,Sodium Azide
139.96336101612115,54.91813933120807,4,EELS,Sodium Azide
140.942843185149,54.928139331208065,4,EELS,Sodium Azide
141.92232535417685,54.91813933120807,4,EELS,Sodium Azide
142.9018075232047,54.94623184255417,4,EELS,Sodium Azide
143.8812896922325,54.930300025631574,4,EELS,Sodium Azide
144.86077186126036,54.93813933120807,4,EELS,Sodium Azide
145.8402540302882,54.91813933120807,4,EELS,Sodium Azide
146.81973619931605,54.94103562207227,4,EELS,Sodium Azide
147.7992183683439,54.93813933120807,4,EELS,Sodium Azide
148.77870053737175,54.928139331208065,4,EELS,Sodium Azide
149.7581827063996,54.91813933120807,4,EELS,Sodium Azide
150.73766487542744,54.928139331208065,4,EELS,Sodium Azide
151.7171470444553,54.91813933120807,4,EELS,Sodium Azide
152.69662921348313,54.928139331208065,4,EELS,Sodium Azide
153.67611138251098,54.91813933120807,4,EELS,Sodium Azide
154.65559355153883,54.952717686232724,4,EELS,Sodium Azide
155.63507572056668,54.91813933120807,4,EELS,Sodium Azide
156.61455788959452,54.91813933120807,4,EELS,Sodium Azide
157.59404005862237,54.928139331208065,4,EELS,Sodium Azide
158.57352222765022,54.91813933120807,4,EELS,Sodium Azide
159.55300439667806,54.91813933120807,4,EELS,Sodium Azide
160.5324865657059,54.91988988084083,4,EELS,Sodium Azide
161.51196873473376,54.92238533335349,4,EELS,Sodium Azide
162.4914509037616,54.95339868789364,4,EELS,Sodium Azide
163.47093307278945,54.93813933120807,4,EELS,Sodium Azide
164.4504152418173,54.93558050417843,4,EELS,Sodium Azide
165.42989741084514,54.91813933120807,4,EELS,Sodium Azide
166.40937957987296,54.91813933120807,4,EELS,Sodium Azide
167.3888617489008,54.93705350078863,4,EELS,Sodium Azide
168.36834391792866,54.948653898039524,4,EELS,Sodium Azide
169.3478260869565,54.93623347199337,4,EELS,Sodium Azide
170.32730825598435,54.91813933120807,4,EELS,Sodium Azide
171.3067904250122,54.92427388298135,4,EELS,Sodium Azide
172.28627259404004,54.92597714573542,4,EELS,Sodium Azide
173.2657547630679,54.922530241359986,4,EELS,Sodium Azide
174.24523693209574,54.928139331208065,4,EELS,Sodium Azide
175.22471910112358,54.941384799657726,4,EELS,Sodium Azide
176.20420127015143,54.93813933120807,4,EELS,Sodium Azide
177.18368343917928,54.93813933120807,4,EELS,Sodium Azide
178.16316560820712,54.91813933120807,4,EELS,Sodium Azide
179.14264777723497,54.922179669474936,4,EELS,Sodium Azide
180.12212994626282,54.939169835590604,4,EELS,Sodium Azide
181.10161211529066,54.928139331208065,4,EELS,Sodium Azide
182.0810942843185,54.9181413240399,4,EELS,Sodium Azide
183.06057645334636,54.92713575804316,4,EELS,Sodium Azide
184.0400586223742,54.9196526843724,4,EELS,Sodium Azide
185.01954079140205,54.922814855634755,4,EELS,Sodium Azide
185.9990229604299,54.91971219757428,4,EELS,Sodium Azide
186.97850512945774,54.92097836178108,4,EELS,Sodium Azide
187.9579872984856,54.91813933120807,4,EELS,Sodium Azide
188.9374694675134,54.9201459398544,4,EELS,Sodium Azide
189.91695163654126,54.95345513974472,4,EELS,Sodium Azide
190.8964338055691,54.92060983125174,4,EELS,Sodium Azide
191.87591597459695,54.91813933120807,4,EELS,Sodium Azide
192.8553981436248,54.93393378272923,4,EELS,Sodium Azide
193.83488031265264,54.946226105521134,4,EELS,Sodium Azide
194.8143624816805,54.93669219066265,4,EELS,Sodium Azide
195.79384465070834,54.92641012709299,4,EELS,Sodium Azide
196.77332681973618,54.928139331208065,4,EELS,Sodium Azide
197.75280898876403,54.9254534803775,4,EELS,Sodium Azide
198.73229115779188,54.942963016764566,4,EELS,Sodium Azide
199.71177332681972,54.928139331208065,4,EELS,Sodium Azide
200.69125549584757,54.91813933120807,4,EELS,Sodium Azide
201.67073766487542,54.92255373513813,4,EELS,Sodium Azide
202.65021983390326,54.91915409311202,4,EELS,Sodium Azide
203.6297020029311,54.91813933120807,4,EELS,Sodium Azide
204.60918417195896,54.924984298100284,4,EELS,Sodium Azide
205.5886663409868,54.92421352753776,4,EELS,Sodium Azide
206.56814851001465,54.91813933120807,4,EELS,Sodium Azide
207.5476306790425,54.93806448394176,4,EELS,Sodium Azide
208.52711284807035,54.946451249013705,4,EELS,Sodium Azide
209.5065950170982,54.91813933120807,4,EELS,Sodium Azide
210.48607718612604,54.927132761729354,4,EELS,Sodium Azide
211.46555935515389,54.93683198222763,4,EELS,Sodium Azide
212.4450415241817,54.93320369802793,4,EELS,Sodium Azide
213.42452369320955,54.928139331208065,4,EELS,Sodium Azide
214.4040058622374,54.927261870562866,4,EELS,Sodium Azide
215.38348803126524,54.93813933120807,4,EELS,Sodium Azide
216.3629702002931,54.91813933120807,4,EELS,Sodium Azide
217.34245236932094,54.91813933120807,4,EELS,Sodium Azide
218.32193453834878,54.928139331208065,4,EELS,Sodium Azide
219.30141670737663,54.924253226759724,4,EELS,Sodium Azide
220.28089887640448,54.928139331208065,4,EELS,Sodium Azide
221.26038104543233,54.93813933120807,4,EELS,Sodium Azide
222.23986321446017,54.92949759914842,4,EELS,Sodium Azide
223.21934538348802,54.94053399061237,4,EELS,Sodium Azide
224.19882755251587,54.91813933120807,4,EELS,Sodium Azide
225.1783097215437,54.928139331208065,4,EELS,Sodium Azide
226.15779189057156,54.923210198392084,4,EELS,Sodium Azide
227.1372740595994,54.91813933120807,4,EELS,Sodium Azide
228.11675622862725,54.91813933120807,4,EELS,Sodium Azide
229.0962383976551,54.92223683513991,4,EELS,Sodium Azide
230.07572056668295,54.93813933120807,4,EELS,Sodium Azide
231.0552027357108,54.91813933120807,4,EELS,Sodium Azide
232.03468490473864,54.91813933120807,4,EELS,Sodium Azide
233.0141670737665,54.91813933120807,4,EELS,Sodium Azide
233.99364924279433,54.91813933120807,4,EELS,Sodium Azide
234.97313141182215,54.929456962735465,4,EELS,Sodium Azide
235.95261358085,54.94276559661411,4,EELS,Sodium Azide
236.93209574987785,54.92904205559771,4,EELS,Sodium Azide
237.9115779189057,54.926505028274356,4,EELS,Sodium Azide
238.89106008793354,54.91813933120807,4,EELS,Sodium Azide
239.8705422569614,54.94813933120807,4,EELS,Sodium Azide
240.85002442598923,54.93754424449597,4,EELS,Sodium Azide
241.82950659501708,54.91813933120807,4,EELS,Sodium Azide
242.80898876404493,54.92598316185309,4,EELS,Sodium Azide
243.78847093307277,54.94026593823654,4,EELS,Sodium Azide
244.76795310210062,54.92879050547007,4,EELS,Sodium Azide
245.74743527112847,54.93837435730552,4,EELS,Sodium Azide
246.7269174401563,54.93147286325547,4,EELS,Sodium Azide
247.70639960918416,54.9225922375069,4,EELS,Sodium Azide
248.685881778212,54.94100141230207,4,EELS,Sodium Azide
249.66536394723985,54.93813933120807,4,EELS,Sodium Azide
250.6448461162677,54.93449397688693,4,EELS,Sodium Azide
251.62432828529552,54.91813933120807,4,EELS,Sodium Azide
252.60381045432337,54.9194032704011,4,EELS,Sodium Azide
253.5832926233512,54.925036368802274,4,EELS,Sodium Azide
254.56277479237906,54.928139331208065,4,EELS,Sodium Azide
255.5422569614069,54.94270715200627,4,EELS,Sodium Azide
256.52173913043475,54.92346449677379,4,EELS,Sodium Azide
257.5012212994626,54.96227481985096,4,EELS,Sodium Azide
258.48070346849045,54.949826320007475,4,EELS,Sodium Azide
259.4601856375183,54.9284912435597,4,EELS,Sodium Azide
260.43966780654614,54.94681104451819,4,EELS,Sodium Azide
261.419149975574,54.92723905956136,4,EELS,Sodium Azide
262.39863214460183,54.94095142010027,4,EELS,Sodium Azide
263.3781143136297,54.91813933120807,4,EELS,Sodium Azide
264.3575964826575,54.91813933120807,4,EELS,Sodium Azide
265.3370786516854,54.91863105393314,4,EELS,Sodium Azide
266.3165608207132,54.928139331208065,4,EELS,Sodium Azide
267.29604298974107,54.92087808696464,4,EELS,Sodium Azide
268.2755251587689,54.942575749899156,4,EELS,Sodium Azide
269.25500732779676,54.94739811882244,4,EELS,Sodium Azide
270.2344894968246,54.928139331208065,4,EELS,Sodium Azide
271.21397166585245,54.92800512979484,4,EELS,Sodium Azide
272.1934538348803,54.91813933120807,4,EELS,Sodium Azide
273.17293600390815,54.91813933120807,4,EELS,Sodium Azide
274.152418172936,54.92245652930474,4,EELS,Sodium Azide
275.13190034196384,54.91813933120807,4,EELS,Sodium Azide
276.1113825109917,54.94813933120807,4,EELS,Sodium Azide
277.09086468001954,54.92869474863202,4,EELS,Sodium Azide
278.0703468490474,54.92526210425459,4,EELS,Sodium Azide
279.04982901807523,54.91813933120807,4,EELS,Sodium Azide
280.0293111871031,54.91813933120807,4,EELS,Sodium Azide
281.0087933561309,54.928139331208065,4,EELS,Sodium Azide
281.98827552515877,54.93835324608945,4,EELS,Sodium Azide
282.9677576941866,54.92840145843765,4,EELS,Sodium Azide
283.94723986321446,54.933060770024106,4,EELS,Sodium Azide
284.9267220322423,54.92115050576132,4,EELS,Sodium Azide
285.90620420127016,54.91813933120807,4,EELS,Sodium Azide
286.885686370298,54.93776714825369,4,EELS,Sodium Azide
287.86516853932585,54.941606487300604,4,EELS,Sodium Azide
288.8446507083537,54.91813933120807,4,EELS,Sodium Azide
289.82413287738154,54.928139331208065,4,EELS,Sodium Azide
290.8036150464094,54.91813933120807,4,EELS,Sodium Azide
291.7830972154372,54.928139331208065,4,EELS,Sodium Azide
292.762579384465,54.925344994301355,4,EELS,Sodium Azide
293.7420615534929,54.928139331208065,4,EELS,Sodium Azide
294.7215437225207,54.92802143901516,4,EELS,Sodium Azide
295.70102589154857,54.938580055317395,4,EELS,Sodium Azide
296.6805080605764,54.92876787684466,4,EELS,Sodium Azide
297.65999022960426,54.91834685792337,4,EELS,Sodium Azide
298.6394723986321,54.92410620758798,4,EELS,Sodium Azide
299.61895456765996,54.928139331208065,4,EELS,Sodium Azide
300.5984367366878,54.928139331208065,4,EELS,Sodium Azide
301.57791890571565,54.91813933120807,4,EELS,Sodium Azide
302.5574010747435,54.93813933120807,4,EELS,Sodium Azide
303.53688324377134,54.92767851173866,4,EELS,Sodium Azide
304.5163654127992,54.93813933120807,4,EELS,Sodium Azide
305.49584758182704,54.92983300018578,4,EELS,Sodium Azide
306.4753297508549,54.93389427948639,4,EELS,Sodium Azide
307.45481191988273,54.92826195688169,4,EELS,Sodium Azide
308.4342940889106,54.926749993789116,4,EELS,Sodium Azide
309.4137762579384,54.928139331208065,4,EELS,Sodium Azide
310.39325842696627,54.91813933120807,4,EELS,Sodium Azide
311.3727405959941,54.925765350457226,4,EELS,Sodium Azide
312.35222276502196,54.91813933120807,4,EELS,Sodium Azide
313.3317049340498,54.918632924426646,4,EELS,Sodium Azide
314.31118710307766,54.934504799473046,4,EELS,Sodium Azide
315.2906692721055,54.931850345370286,4,EELS,Sodium Azide
316.27015144113335,54.93393538797362,4,EELS,Sodium Azide
317.2496336101612,54.91813933120807,4,EELS,Sodium Azide
318.22911577918904,54.93633162352455,4,EELS,Sodium Azide
319.2085979482169,54.928139331208065,4,EELS,Sodium Azide
320.18808011724474,54.91813933120807,4,EELS,Sodium Azide
321.1675622862726,54.942419672666865,4,EELS,Sodium Azide
322.14704445530043,54.91813933120807,4,EELS,Sodium Azide
323.1265266243283,54.920096209864774,4,EELS,Sodium Azide
324.1060087933561,54.91813933120807,4,EELS,Sodium Azide
325.085490962384,54.922774337154,4,EELS,Sodium Azide
326.0649731314118,54.92615366710964,4,EELS,Sodium Azide
327.04445530043967,54.9358356538485,4,EELS,Sodium Azide
328.0239374694675,54.928139331208065,4,EELS,Sodium Azide
329.00341963849536,54.93865698872598,4,EELS,Sodium Azide
329.9829018075232,54.91813933120807,4,EELS,Sodium Azide
330.96238397655105,54.918186104994696,4,EELS,Sodium Azide
331.9418661455789,54.928139331208065,4,EELS,Sodium Azide
332.92134831460675,54.928139331208065,4,EELS,Sodium Azide
333.9008304836346,54.91813933120807,4,EELS,Sodium Azide
334.88031265266244,54.91813933120807,4,EELS,Sodium Azide
335.8597948216903,54.9290593288943,4,EELS,Sodium Azide
336.83927699071813,54.946883817829566,4,EELS,Sodium Azide
337.8187591597459,54.926532371081365,4,EELS,Sodium Azide
338.79824132877377,54.93813933120807,4,EELS,Sodium Azide
339.7777234978016,54.93536093715506,4,EELS,Sodium Azide
340.75720566682946,54.9205451747468,4,EELS,Sodium Azide
341.7366878358573,54.91813933120807,4,EELS,Sodium Azide
342.71617000488516,54.91813933120807,4,EELS,Sodium Azide
343.695652173913,54.91813933120807,4,EELS,Sodium Azide
344.67513434294085,54.92078785210965,4,EELS,Sodium Azide
345.6546165119687,54.9522886951265,4,EELS,Sodium Azide
346.63409868099654,54.928139331208065,4,EELS,Sodium Azide
347.6135808500244,54.928139331208065,4,EELS,Sodium Azide
348.59306301905224,54.91813933120807,4,EELS,Sodium Azide
349.5725451880801,54.928139331208065,4,EELS,Sodium Azide
350.55202735710793,54.93938954213291,4,EELS,Sodium Azide
351.5315095261358,54.92903185107478,4,EELS,Sodium Azide
352.5109916951636,54.92598440114353,4,EELS,Sodium Azide
353.4904738641915,54.92490212375373,4,EELS,Sodium Azide
354.4699560332193,54.92158823850227,4,EELS,Sodium Azide
355.44943820224717,54.91813933120807,4,EELS,Sodium Azide
356.428920371275,54.928139331208065,4,EELS,Sodium Azide
357.40840254030286,54.928139331208065,4,EELS,Sodium Azide
358.3878847093307,54.91986854556833,4,EELS,Sodium Azide
359.36736687835855,54.93148071985191,4,EELS,Sodium Azide
360.3468490473864,54.91813933120807,4,EELS,Sodium Azide
361.32633121641425,54.92987751541336,4,EELS,Sodium Azide
362.3058133854421,54.91813933120807,4,EELS,Sodium Azide
363.28529555446994,54.928139331208065,4,EELS,Sodium Azide
364.2647777234978,54.91813933120807,4,EELS,Sodium Azide
365.24425989252563,54.92519255667954,4,EELS,Sodium Azide
366.2237420615535,54.92882697188996,4,EELS,Sodium Azide
367.2032242305813,54.91813933120807,4,EELS,Sodium Azide
368.1827063996092,54.91813933120807,4,EELS,Sodium Azide
369.162188568637,54.928139331208065,4,EELS,Sodium Azide
370.14167073766487,54.91813933120807,4,EELS,Sodium Azide
371.1211529066927,54.934346259286954,4,EELS,Sodium Azide
372.10063507572056,54.928139331208065,4,EELS,Sodium Azide
373.0801172447484,54.91813933120807,4,EELS,Sodium Azide
374.05959941377625,54.91813933120807,4,EELS,Sodium Azide
375.0390815828041,54.91813933120807,4,EELS,Sodium Azide
376.01856375183195,54.94742227065052,4,EELS,Sodium Azide
376.9980459208598,54.95118427636955,4,EELS,Sodium Azide
377.97752808988764,54.91813933120807,4,EELS,Sodium Azide
378.9570102589155,54.91813933120807,4,EELS,Sodium Azide
379.93649242794334,54.91813933120807,4,EELS,Sodium Azide
380.9159745969712,54.91813933120807,4,EELS,Sodium Azide
381.89545676599903,54.928139331208065,4,EELS,Sodium Azide
382.8749389350268,54.91813933120807,4,EELS,Sodium Azide
383.85442110405467,54.91813933120807,4,EELS,Sodium Azide
384.8339032730825,54.94177198046548,4,EELS,Sodium Azide
385.81338544211036,54.93530889858229,4,EELS,Sodium Azide
386.7928676111382,54.921222173702695,4,EELS,Sodium Azide
387.77234978016605,54.91813933120807,4,EELS,Sodium Azide
388.7518319491939,54.92168951419159,4,EELS,Sodium Azide
389.73131411822175,54.934863805712695,4,EELS,Sodium Azide
390.7107962872496,54.91813933120807,4,EELS,Sodium Azide
391.69027845627744,54.928139331208065,4,EELS,Sodium Azide
392.6697606253053,54.94045733974757,4,EELS,Sodium Azide
393.64924279433313,54.92928070596455,4,EELS,Sodium Azide
394.628724963361,54.91813933120807,4,EELS,Sodium Azide
395.6082071323888,54.95949277881958,4,EELS,Sodium Azide
396.5876893014167,54.91813933120807,4,EELS,Sodium Azide
397.5671714704445,54.943252042580674,4,EELS,Sodium Azide
398.54665363947237,54.92222410369468,4,EELS,Sodium Azide
399.5261358085002,54.928139331208065,4,EELS,Sodium Azide
400.50561797752806,54.930246014696216,4,EELS,Sodium Azide
401.4851001465559,54.92469017531,4,EELS,Sodium Azide
402.46458231558375,54.957229966859664,4,EELS,Sodium Azide
403.4440644846116,54.99854675278266,4,EELS,Sodium Azide
404.42354665363945,54.987435517965416,4,EELS,Sodium Azide
405.4030288226673,55.018054092317335,4,EELS,Sodium Azide
406.38251099169514,55.019032159932195,4,EELS,Sodium Azide
407.361993160723,55.04642202956761,4,EELS,Sodium Azide
408.34147532975084,55.078294059133725,4,EELS,Sodium Azide
409.3209574987787,55.08194159512999,4,EELS,Sodium Azide
410.30043966780653,55.08123643467689,4,EELS,Sodium Azide
411.2799218368344,55.080195740083965,4,EELS,Sodium Azide
412.2594040058622,55.10173283445062,4,EELS,Sodium Azide
413.23888617489007,55.06837762277762,4,EELS,Sodium Azide
414.2183683439179,55.0649432828736,4,EELS,Sodium Azide
415.19785051294576,55.10050254253997,4,EELS,Sodium Azide
416.1773326819736,55.101026372128516,4,EELS,Sodium Azide
417.15681485100146,55.11014895342538,4,EELS,Sodium Azide
418.1362970200293,55.104021723130565,4,EELS,Sodium Azide
419.11577918905715,55.09095556799109,4,EELS,Sodium Azide
420.095261358085,55.12912978371488,4,EELS,Sodium Azide
421.07474352711284,55.08717993134377,4,EELS,Sodium Azide
422.0542256961407,55.097696869443816,4,EELS,Sodium Azide
423.03370786516854,55.059797296330316,4,EELS,Sodium Azide
424.0131900341964,55.08553482380957,4,EELS,Sodium Azide
424.99267220322423,55.058146315528404,4,EELS,Sodium Azide
425.9721543722521,55.08259719584566,4,EELS,Sodium Azide
426.9516365412799,55.102370129832074,4,EELS,Sodium Azide
427.93111871030777,55.085396679963864,4,EELS,Sodium Azide
428.91060087933556,55.085502980486396,4,EELS,Sodium Azide
429.8900830483634,55.08081953220679,4,EELS,Sodium Azide
430.86956521739125,55.08616321857292,4,EELS,Sodium Azide
431.8490473864191,55.088974687096076,4,EELS,Sodium Azide
432.82852955544695,55.06470836453911,4,EELS,Sodium Azide
433.8080117244748,55.05968074920555,4,EELS,Sodium Azide
434.78749389350264,55.0823504156723,4,EELS,Sodium Azide
435.7669760625305,55.05562352594096,4,EELS,Sodium Azide
436.74645823155834,55.04679430211956,4,EELS,Sodium Azide
437.7259404005862,55.05687810660475,4,EELS,Sodium Azide
438.70542256961403,55.0530550378807,4,EELS,Sodium Azide
439.6849047386419,55.041218118712365,4,EELS,Sodium Azide
440.6643869076697,55.03347227730711,4,EELS,Sodium Azide
441.64386907669757,55.059099494370706,4,EELS,Sodium Azide
442.6233512457254,55.05341096392307,4,EELS,Sodium Azide
443.60283341475326,55.04102343347608,4,EELS,Sodium Azide
444.5823155837811,55.041466818566846,4,EELS,Sodium Azide
445.56179775280896,55.05535870652831,4,EELS,Sodium Azide
446.5412799218368,55.05494975044465,4,EELS,Sodium Azide
447.52076209086465,55.04363649363043,4,EELS,Sodium Azide
448.5002442598925,55.0247879166051,4,EELS,Sodium Azide
449.47972642892034,55.043979284860185,4,EELS,Sodium Azide
450.4592085979482,55.05572307078779,4,EELS,Sodium Azide
451.43869076697604,55.024750239578964,4,EELS,Sodium Azide
452.4181729360039,55.043475280224015,4,EELS,Sodium Azide
453.39765510503173,55.01939955266981,4,EELS,Sodium Azide
454.3771372740596,55.0288726933585,4,EELS,Sodium Azide
455.3566194430874,55.01430409036439,4,EELS,Sodium Azide
456.33610161211527,55.01355691069912,4,EELS,Sodium Azide
457.3155837811431,55.021777495108296,4,EELS,Sodium Azide
458.29506595017097,55.03782859976675,4,EELS,Sodium Azide
459.2745481191988,55.009833304531895,4,EELS,Sodium Azide
460.25403028822666,55.013670532679875,4,EELS,Sodium Azide
461.2335124572545,54.995652208052334,4,EELS,Sodium Azide
462.21299462628235,55.01489474851569,4,EELS,Sodium Azide
463.1924767953102,55.00992532935216,4,EELS,Sodium Azide
464.17195896433805,54.99682726260716,4,EELS,Sodium Azide
465.1514411333659,54.977709496228506,4,EELS,Sodium Azide
466.13092330239374,55.005585318541065,4,EELS,Sodium Azide
467.1104054714216,54.99158521670262,4,EELS,Sodium Azide
468.08988764044943,55.00220873671185,4,EELS,Sodium Azide
469.0693698094773,54.99579781432377,4,EELS,Sodium Azide
470.0488519785051,54.99796561188938,4,EELS,Sodium Azide
471.028334147533,55.00400538548942,4,EELS,Sodium Azide
472.0078163165608,54.98262945978166,4,EELS,Sodium Azide
472.98729848558867,54.977786887965,4,EELS,Sodium Azide
473.96678065461646,55.00130096961849,4,EELS,Sodium Azide
474.9462628236443,54.977066358161174,4,EELS,Sodium Azide
475.92574499267215,54.994167108957626,4,EELS,Sodium Azide
476.9052271617,54.98311805265485,4,EELS,Sodium Azide
477.88470933072784,54.99395509140692,4,EELS,Sodium Azide
478.8641914997557,54.985200138426244,4,EELS,Sodium Azide
479.84367366878354,54.97805918862596,4,EELS,Sodium Azide
480.8231558378114,54.979699830402325,4,EELS,Sodium Azide
481.80263800683923,54.983888786136205,4,EELS,Sodium Azide
482.7821201758671,54.94847053731315,4,EELS,Sodium Azide
483.7616023448949,54.985216011404944,4,EELS,Sodium Azide
484.7410845139228,54.966443997295144,4,EELS,Sodium Azide
485.7205666829506,54.97065465024344,4,EELS,Sodium Azide
486.70004885197847,54.99354794140825,4,EELS,Sodium Azide
487.6795310210063,54.96223306253072,4,EELS,Sodium Azide
488.65901319003416,54.98278078493613,4,EELS,Sodium Azide
489.638495359062,54.96860303305732,4,EELS,Sodium Azide
490.61797752808985,54.95513490232442,4,EELS,Sodium Azide
491.5974596971177,54.94628586047787,4,EELS,Sodium Azide
492.57694186614555,54.97077622231543,4,EELS,Sodium Azide
493.5564240351734,54.964567070722715,4,EELS,Sodium Azide
494.53590620420124,54.98839359053394,4,EELS,Sodium Azide
495.5153883732291,54.973288168303846,4,EELS,Sodium Azide
496.49487054225693,54.96100519285061,4,EELS,Sodium Azide
497.4743527112848,54.973169476819024,4,EELS,Sodium Azide
498.4538348803126,54.98140768448108,4,EELS,Sodium Azide
499.4333170493405,54.96382202765521,4,EELS,Sodium Azide
500.4127992183683,54.998824868201716,4,EELS,Sodium Azide
501.39228138739617,54.96579806668416,4,EELS,Sodium Azide
502.371763556424,54.96007637459881,4,EELS,Sodium Azide
503.35124572545186,54.961268901757855,4,EELS,Sodium Azide
504.3307278944797,54.9222966293213,4,EELS,Sodium Azide
505.31021006350755,54.9615101842313,4,EELS,Sodium Azide
506.2896922325354,54.94664676458229,4,EELS,Sodium Azide
507.2691744015632,54.97434410194922,4,EELS,Sodium Azide
508.24865657059104,54.94864802094579,4,EELS,Sodium Azide
509.2281387396189,54.96116935367686,4,EELS,Sodium Azide
510.20762090864673,54.96035971988135,4,EELS,Sodium Azide
511.1871030776746,54.93687240965969,4,EELS,Sodium Azide
512.1665852467024,54.94386484810457,4,EELS,Sodium Azide
513.1460674157303,54.9573029531929,4,EELS,Sodium Azide
514.1255495847581,54.936633402306164,4,EELS,Sodium Azide
515.105031753786,54.96096743894913,4,EELS,Sodium Azide
516.0845139228138,54.9480250472951,4,EELS,Sodium Azide
517.0639960918417,54.95991576572722,4,EELS,Sodium Azide
518.0434782608695,54.95013498852568,4,EELS,Sodium Azide
519.0229604298974,54.93006695052309,4,EELS,Sodium Azide
520.0024425989252,54.95079338481311,4,EELS,Sodium Azide
520.981924767953,54.949144339772026,4,EELS,Sodium Azide
521.9614069369809,54.94090921982868,4,EELS,Sodium Azide
522.9408891060087,54.94499006067513,4,EELS,Sodium Azide
523.9203712750366,54.952824143024,4,EELS,Sodium Azide
524.8998534440644,54.96138098096877,4,EELS,Sodium Azide
525.8793356130923,54.966552540316485,4,EELS,Sodium Azide
526.8588177821201,54.94111598915789,4,EELS,Sodium Azide
527.838299951148,54.95133766004397,4,EELS,Sodium Azide
528.8177821201758,54.93966702613717,4,EELS,Sodium Azide
529.7972642892037,54.95524150853492,4,EELS,Sodium Azide
530.7767464582315,54.98006048232543,4,EELS,Sodium Azide
531.7562286272594,54.93606071046568,4,EELS,Sodium Azide
532.7357107962872,54.949505914283414,4,EELS,Sodium Azide
533.715192965315,54.97896938014929,4,EELS,Sodium Azide
534.6946751343429,54.94851771247145,4,EELS,Sodium Azide
535.6741573033707,54.949653515730105,4,EELS,Sodium Azide
536.6536394723986,54.92749926361009,4,EELS,Sodium Azide
537.6331216414264,54.965626563251035,4,EELS,Sodium Azide
538.6126038104543,54.94366592350843,4,EELS,Sodium Azide
539.5920859794821,54.938609375270346,4,EELS,Sodium Azide
540.57156814851,54.92863676007247,4,EELS,Sodium Azide
541.5510503175378,54.936255786150475,4,EELS,Sodium Azide
542.5305324865657,54.928139331208065,4,EELS,Sodium Azide
543.5100146555935,54.942552648121335,4,EELS,Sodium Azide
544.4894968246214,54.95471487973115,4,EELS,Sodium Azide
545.4689789936492,54.94669650328568,4,EELS,Sodium Azide
546.4484611626771,54.93424732684987,4,EELS,Sodium Azide
547.4279433317049,54.93834386057825,4,EELS,Sodium Azide
548.4074255007328,54.941465079113456,4,EELS,Sodium Azide
549.3869076697606,54.92556007299846,4,EELS,Sodium Azide
550.3663898387885,54.94237761211037,4,EELS,Sodium Azide
551.3458720078163,54.947918291549435,4,EELS,Sodium Azide
552.3253541768441,54.93949641283837,4,EELS,Sodium Azide
553.304836345872,54.92633136242542,4,EELS,Sodium Azide
554.2843185148998,54.92992766288267,4,EELS,Sodium Azide
555.2638006839277,54.951590356971934,4,EELS,Sodium Azide
556.2432828529555,54.943888041754256,4,EELS,Sodium Azide
557.2227650219834,54.94667792988327,4,EELS,Sodium Azide
558.2022471910112,54.942653688642416,4,EELS,Sodium Azide
559.1817293600391,54.93352674097812,4,EELS,Sodium Azide
560.1612115290669,54.934246769309766,4,EELS,Sodium Azide
561.1406936980948,54.92728950414825,4,EELS,Sodium Azide
562.1201758671226,54.92087964226345,4,EELS,Sodium Azide
563.0996580361505,54.92518596298389,4,EELS,Sodium Azide
564.0791402051783,54.94391639634905,4,EELS,Sodium Azide
565.0586223742062,54.94560319852332,4,EELS,Sodium Azide
566.038104543234,54.933080170438565,4,EELS,Sodium Azide
567.0175867122618,54.928139331208065,4,EELS,Sodium Azide
567.9970688812897,54.93170556441666,4,EELS,Sodium Azide
568.9765510503175,54.91813933120807,4,EELS,Sodium Azide
569.9560332193454,54.91813933120807,4,EELS,Sodium Azide
570.9355153883732,54.91813933120807,4,EELS,Sodium Azide
571.9149975574011,54.9198596730774,4,EELS,Sodium Azide
572.8944797264289,54.936057615183344,4,EELS,Sodium Azide
573.8739618954568,54.93968835270649,4,EELS,Sodium Azide
574.8534440644846,54.91813933120807,4,EELS,Sodium Azide
575.8329262335125,54.92110374070251,4,EELS,Sodium Azide
576.8124084025403,54.93193891122172,4,EELS,Sodium Azide
577.7918905715682,54.94380664720428,4,EELS,Sodium Azide
578.771372740596,54.93788891890432,4,EELS,Sodium Azide
579.7508549096239,54.928139331208065,4,EELS,Sodium Azide
580.7303370786517,54.922000698148366,4,EELS,Sodium Azide
581.7098192476795,54.960337657887706,4,EELS,Sodium Azide
582.6893014167074,54.91813933120807,4,EELS,Sodium Azide
583.6687835857352,54.93957792124431,4,EELS,Sodium Azide
584.6482657547631,54.947238941815485,4,EELS,Sodium Azide
585.6277479237909,54.92267637579206,4,EELS,Sodium Azide
586.6072300928188,54.96402880305425,4,EELS,Sodium Azide
587.5867122618466,54.91817468128681,4,EELS,Sodium Azide
588.5661944308744,54.91813933120807,4,EELS,Sodium Azide
589.5456765999022,54.91901372883531,4,EELS,Sodium Azide
590.52515876893,54.91813933120807,4,EELS,Sodium Azide
591.5046409379579,54.91813933120807,4,EELS,Sodium Azide
592.4841231069857,54.9202833801129,4,EELS,Sodium Azide
593.4636052760136,54.93452615531187,4,EELS,Sodium Azide
594.4430874450414,54.91823972230575,4,EELS,Sodium Azide
595.4225696140693,54.930346926880915,4,EELS,Sodium Azide
596.4020517830971,54.938044623221806,4,EELS,Sodium Azide
597.381533952125,54.91813933120807,4,EELS,Sodium Azide
598.3610161211528,54.93015559788836,4,EELS,Sodium Azide
599.3404982901807,54.91813933120807,4,EELS,Sodium Azide
600.3199804592085,54.93813933120807,4,EELS,Sodium Azide
601.2994626282364,54.93134688749447,4,EELS,Sodium Azide
602.2789447972642,54.93575321819382,4,EELS,Sodium Azide
603.2584269662921,54.93813933120807,4,EELS,Sodium Azide
604.2379091353199,54.91813933120807,4,EELS,Sodium Azide
605.2173913043478,54.935903653032106,4,EELS,Sodium Azide
606.1968734733756,54.94744627097042,4,EELS,Sodium Azide
607.1763556424035,54.94813933120807,4,EELS,Sodium Azide
608.1558378114313,54.91813933120807,4,EELS,Sodium Azide
609.1353199804591,54.933840974228204,4,EELS,Sodium Azide
610.114802149487,54.91813933120807,4,EELS,Sodium Azide
611.0942843185148,54.926067349285546,4,EELS,Sodium Azide
612.0737664875427,54.91813933120807,4,EELS,Sodium Azide
613.0532486565705,54.94672285176993,4,EELS,Sodium Azide
614.0327308255984,54.92825657748201,4,EELS,Sodium Azide
615.0122129946262,54.93123834515935,4,EELS,Sodium Azide
615.9916951636541,54.928139331208065,4,EELS,Sodium Azide
616.9711773326819,54.93051245606734,4,EELS,Sodium Azide
617.9506595017098,54.94017199418682,4,EELS,Sodium Azide
618.9301416707376,54.9272531236715,4,EELS,Sodium Azide
619.9096238397655,54.93900043303585,4,EELS,Sodium Azide
620.8891060087933,54.94347057681334,4,EELS,Sodium Azide
621.8685881778212,54.91813933120807,4,EELS,Sodium Azide
622.848070346849,54.93961517963669,4,EELS,Sodium Azide
623.8275525158768,54.91813933120807,4,EELS,Sodium Azide
624.8070346849047,54.91813933120807,4,EELS,Sodium Azide
625.7865168539325,54.928139331208065,4,EELS,Sodium Azide
626.7659990229604,54.938279019890274,4,EELS,Sodium Azide
627.7454811919882,54.92675195352559,4,EELS,Sodium Azide
628.7249633610161,54.9182800816166,4,EELS,Sodium Azide
629.7044455300439,54.91813933120807,4,EELS,Sodium Azide
630.6839276990718,54.91813933120807,4,EELS,Sodium Azide
631.6634098680996,54.93581153232307,4,EELS,Sodium Azide
632.6428920371275,54.923628107625916,4,EELS,Sodium Azide
633.6223742061553,54.93053782044152,4,EELS,Sodium Azide
634.6018563751832,54.91813933120807,4,EELS,Sodium Azide
635.581338544211,54.91813933120807,4,EELS,Sodium Azide
636.5608207132389,54.940681478899656,4,EELS,Sodium Azide
637.5403028822667,54.91813933120807,4,EELS,Sodium Azide
638.5197850512945,54.918667327588985,4,EELS,Sodium Azide
639.4992672203224,54.928139331208065,4,EELS,Sodium Azide
640.4787493893502,54.94078863874568,4,EELS,Sodium Azide
641.4582315583781,54.92654317438125,4,EELS,Sodium Azide
642.4377137274059,54.928139331208065,4,EELS,Sodium Azide
643.4171958964338,54.92756539653839,4,EELS,Sodium Azide
644.3966780654616,54.91813933120807,4,EELS,Sodium Azide
645.3761602344895,54.919617554825955,4,EELS,Sodium Azide
646.3556424035173,54.91813933120807,4,EELS,Sodium Azide
647.3351245725452,54.94079881786153,4,EELS,Sodium Azide
648.314606741573,54.92412061769496,4,EELS,Sodium Azide
649.2940889106009,54.9368919124146,4,EELS,Sodium Azide
650.2735710796287,54.91813933120807,4,EELS,Sodium Azide
651.2530532486566,54.93778155200431,4,EELS,Sodium Azide
652.2325354176844,54.928139331208065,4,EELS,Sodium Azide
653.2120175867122,54.91813933120807,4,EELS,Sodium Azide
654.1914997557401,54.91828738813108,4,EELS,Sodium Azide
655.170981924768,54.91813933120807,4,EELS,Sodium Azide
656.1504640937958,54.9572404445836,4,EELS,Sodium Azide
657.1299462628236,54.93813933120807,4,EELS,Sodium Azide
658.1094284318515,54.928139331208065,4,EELS,Sodium Azide
659.0889106008793,54.91813933120807,4,EELS,Sodium Azide
660.0683927699072,54.93698250659178,4,EELS,Sodium Azide
661.047874938935,54.91813933120807,4,EELS,Sodium Azide
662.0273571079629,54.91813933120807,4,EELS,Sodium Azide
663.0068392769907,54.944084630226016,4,EELS,Sodium Azide
663.9863214460186,54.91813933120807,4,EELS,Sodium Azide
664.9658036150464,54.927024123295915,4,EELS,Sodium Azide
665.9452857840743,54.924048248164326,4,EELS,Sodium Azide
666.9247679531021,54.928139331208065,4,EELS,Sodium Azide
667.90425012213,54.91813933120807,4,EELS,Sodium Azide
668.8837322911578,54.91813933120807,4,EELS,Sodium Azide
669.8632144601856,54.928139331208065,4,EELS,Sodium Azide
670.8426966292135,54.93446867829042,4,EELS,Sodium Azide
671.8221787982413,54.92635567171324,4,EELS,Sodium Azide
672.8016609672692,54.968139331208064,4,EELS,Sodium Azide
673.781143136297,54.928673360838566,4,EELS,Sodium Azide
674.7606253053249,54.91953533742379,4,EELS,Sodium Azide
675.7401074743527,54.920226372793735,4,EELS,Sodium Azide
676.7195896433806,54.928139331208065,4,EELS,Sodium Azide
677.6990718124084,54.946089432834256,4,EELS,Sodium Azide
678.6785539814363,54.92627408899635,4,EELS,Sodium Azide
679.658036150464,54.920083836485546,4,EELS,Sodium Azide
680.6375183194918,54.91813933120807,4,EELS,Sodium Azide
681.6170004885197,54.91813933120807,4,EELS,Sodium Azide
682.5964826575475,54.92333327188794,4,EELS,Sodium Azide
683.5759648265754,54.928139331208065,4,EELS,Sodium Azide
684.5554469956032,54.9205988270251,4,EELS,Sodium Azide
685.5349291646311,54.91813933120807,4,EELS,Sodium Azide
686.5144113336589,54.928139331208065,4,EELS,Sodium Azide
687.4938935026868,54.928139331208065,4,EELS,Sodium Azide
688.4733756717146,54.929029765456576,4,EELS,Sodium Azide
689.4528578407425,54.928139331208065,4,EELS,Sodium Azide
690.4323400097703,54.91813933120807,4,EELS,Sodium Azide
691.4118221787982,54.92364153764697,4,EELS,Sodium Azide
692.391304347826,54.91843540918443,4,EELS,Sodium Azide
693.3707865168539,54.91813933120807,4,EELS,Sodium Azide
694.3502686858817,54.928139331208065,4,EELS,Sodium Azide
695.3297508549095,54.91813933120807,4,EELS,Sodium Azide
696.3092330239374,54.91816957345358,4,EELS,Sodium Azide
697.2887151929652,54.963177669212946,4,EELS,Sodium Azide
698.2681973619931,54.928139331208065,4,EELS,Sodium Azide
699.2476795310209,54.92447319620311,4,EELS,Sodium Azide
700.2271617000488,54.91813933120807,4,EELS,Sodium Azide
701.2066438690766,54.92263070181348,4,EELS,Sodium Azide
702.1861260381045,54.934300959646926,4,EELS,Sodium Azide
703.1656082071323,54.930366656488566,4,EELS,Sodium Azide
704.1450903761602,54.91813933120807,4,EELS,Sodium Azide
705.124572545188,54.93146535465279,4,EELS,Sodium Azide
706.1040547142159,54.92243988840819,4,EELS,Sodium Azide
707.0835368832437,54.92043538174169,4,EELS,Sodium Azide
708.0630190522716,54.91813933120807,4,EELS,Sodium Azide
709.0425012212994,54.92255419043847,4,EELS,Sodium Azide
710.0219833903273,54.91813933120807,4,EELS,Sodium Azide
711.0014655593551,54.92199664822543,4,EELS,Sodium Azide
711.980947728383,54.919303697857025,4,EELS,Sodium Azide
712.9604298974108,54.92985427293908,4,EELS,Sodium Azide
713.9399120664386,54.91813933120807,4,EELS,Sodium Azide
714.9193942354665,54.91813933120807,4,EELS,Sodium Azide
715.8988764044943,54.93690654548891,4,EELS,Sodium Azide
716.8783585735222,54.91813933120807,4,EELS,Sodium Azide
717.85784074255,54.948524104796725,4,EELS,Sodium Azide
718.8373229115779,54.91813933120807,4,EELS,Sodium Azide
719.8168050806057,54.91813933120807,4,EELS,Sodium Azide
720.7962872496336,54.94555701796819,4,EELS,Sodium Azide
721.7757694186614,54.94742893322756,4,EELS,Sodium Azide
722.7552515876893,54.91813933120807,4,EELS,Sodium Azide
723.7347337567171,54.94813933120807,4,EELS,Sodium Azide
724.714215925745,54.91813933120807,4,EELS,Sodium Azide
725.6936980947728,54.919174218618615,4,EELS,Sodium Azide
726.6731802638006,54.928139331208065,4,EELS,Sodium Azide
727.6526624328285,54.91813933120807,4,EELS,Sodium Azide
728.6321446018563,54.91813933120807,4,EELS,Sodium Azide
729.6116267708842,54.91813933120807,4,EELS,Sodium Azide
730.591108939912,54.92696120255227,4,EELS,Sodium Azide
731.5705911089399,54.929567456161884,4,EELS,Sodium Azide
732.5500732779677,54.925500639138306,4,EELS,Sodium Azide
733.5295554469956,54.928139331208065,4,EELS,Sodium Azide
734.5090376160234,54.94332443801841,4,EELS,Sodium Azide
735.4885197850513,54.928139331208065,4,EELS,Sodium Azide
736.4680019540791,54.923427666125576,4,EELS,Sodium Azide
737.447484123107,54.93813933120807,4,EELS,Sodium Azide
738.4269662921348,54.928139331208065,4,EELS,Sodium Azide
739.4064484611627,54.932974722201955,4,EELS,Sodium Azide
740.3859306301905,54.92467838648583,4,EELS,Sodium Azide
741.3654127992183,54.94596250384144,4,EELS,Sodium Azide
742.3448949682462,54.92506081467606,4,EELS,Sodium Azide
743.324377137274,54.92490155806152,4,EELS,Sodium Azide
744.3038593063019,54.93020518210171,4,EELS,Sodium Azide
745.2833414753297,54.9239468374171,4,EELS,Sodium Azide
746.2628236443576,54.91813933120807,4,EELS,Sodium Azide
747.2423058133854,54.92183279620351,4,EELS,Sodium Azide
748.2217879824133,54.93722325333601,4,EELS,Sodium Azide
749.2012701514411,54.9526839278319,4,EELS,Sodium Azide
750.180752320469,54.928139331208065,4,EELS,Sodium Azide
751.1602344894968,54.91813933120807,4,EELS,Sodium Azide
752.1397166585247,54.932235482730434,4,EELS,Sodium Azide
753.1191988275525,54.91813933120807,4,EELS,Sodium Azide
754.0986809965804,54.928139331208065,4,EELS,Sodium Azide
755.0781631656082,54.91813933120807,4,EELS,Sodium Azide
756.057645334636,54.94684036343977,4,EELS,Sodium Azide
757.0371275036639,54.92740921928066,4,EELS,Sodium Azide
758.0166096726917,54.91813933120807,4,EELS,Sodium Azide
758.9960918417196,54.93813933120807,4,EELS,Sodium Azide
759.9755740107474,54.919004078038064,4,EELS,Sodium Azide
760.9550561797753,54.927205069390546,4,EELS,Sodium Azide
761.9345383488031,54.91813933120807,4,EELS,Sodium Azide
762.914020517831,54.928139331208065,4,EELS,Sodium Azide
763.8935026868588,54.93000366536551,4,EELS,Sodium Azide
764.8729848558867,54.93815958901623,4,EELS,Sodium Azide
765.8524670249145,54.91813933120807,4,EELS,Sodium Azide
766.8319491939424,54.9244542279652,4,EELS,Sodium Azide
767.8114313629702,54.91813933120807,4,EELS,Sodium Azide
768.7909135319981,54.93324312506605,4,EELS,Sodium Azide
769.7703957010259,54.942594603004295,4,EELS,Sodium Azide
770.7498778700536,54.91813933120807,4,EELS,Sodium Azide
771.7293600390815,54.93813933120807,4,EELS,Sodium Azide
772.7088422081093,54.91813933120807,4,EELS,Sodium Azide
773.6883243771372,54.92025548405102,4,EELS,Sodium Azide
774.667806546165,54.93129133336616,4,EELS,Sodium Azide
775.6472887151929,54.9357622669732,4,EELS,Sodium Azide
776.6267708842207,54.92024998431824,4,EELS,Sodium Azide
777.6062530532486,54.928139331208065,4,EELS,Sodium Azide
778.5857352222764,54.928139331208065,4,EELS,Sodium Azide
779.5652173913043,54.928139331208065,4,EELS,Sodium Azide
780.5446995603321,54.91813933120807,4,EELS,Sodium Azide
781.52418172936,54.942733324984744,4,EELS,Sodium Azide
782.5036638983878,54.933044648574494,4,EELS,Sodium Azide
783.4831460674156,54.928139331208065,4,EELS,Sodium Azide
784.4626282364435,54.92439641194579,4,EELS,Sodium Azide
785.4421104054713,54.928139331208065,4,EELS,Sodium Azide
786.4215925744992,54.91813933120807,4,EELS,Sodium Azide
787.401074743527,54.91813933120807,4,EELS,Sodium Azide
788.3805569125549,54.9230199445691,4,EELS,Sodium Azide
789.3600390815827,54.93621881271403,4,EELS,Sodium Azide
790.3395212506106,54.935857590236566,4,EELS,Sodium Azide
791.3190034196384,54.93181639905134,4,EELS,Sodium Azide
792.2984855886663,54.93207402669533,4,EELS,Sodium Azide
793.2779677576941,54.92475821841165,4,EELS,Sodium Azide
794.257449926722,54.92789014288155,4,EELS,Sodium Azide
795.2369320957498,54.92956372595747,4,EELS,Sodium Azide
796.2164142647777,54.9332920532548,4,EELS,Sodium Azide
797.1958964338055,54.929285170704745,4,EELS,Sodium Azide
798.1753786028333,54.91813933120807,4,EELS,Sodium Azide
799.1548607718612,54.91813933120807,4,EELS,Sodium Azide
800.134342940889,54.93495322004164,4,EELS,Sodium Azide
801.1138251099169,54.93213660477452,4,EELS,Sodium Azide
802.0933072789447,54.928139331208065,4,EELS,Sodium Azide
803.0727894479726,54.928139331208065,4,EELS,Sodium Azide
804.0522716170004,54.91964099904111,4,EELS,Sodium Azide
805.0317537860283,54.945618259926526,4,EELS,Sodium Azide
806.0112359550561,54.94360703565943,4,EELS,Sodium Azide
806.990718124084,54.91813933120807,4,EELS,Sodium Azide
807.9702002931118,54.91813933120807,4,EELS,Sodium Azide
808.9496824621397,54.92512711450296,4,EELS,Sodium Azide
809.9291646311675,54.92903855997414,4,EELS,Sodium Azide
810.9086468001954,54.92910810194665,4,EELS,Sodium Azide
811.8881289692232,54.928139331208065,4,EELS,Sodium Azide
812.867611138251,54.96583463193577,4,EELS,Sodium Azide
813.8470933072789,54.91813933120807,4,EELS,Sodium Azide
814.8265754763067,54.91813933120807,4,EELS,Sodium Azide
815.8060576453346,54.92775376586818,4,EELS,Sodium Azide
816.7855398143624,54.928139331208065,4,EELS,Sodium Azide
817.7650219833903,54.939040581919116,4,EELS,Sodium Azide
818.7445041524181,54.9200930103646,4,EELS,Sodium Azide
819.723986321446,54.91813933120807,4,EELS,Sodium Azide
820.7034684904738,54.948385157051675,4,EELS,Sodium Azide
821.6829506595017,54.924118653751876,4,EELS,Sodium Azide
822.6624328285295,54.92290167168691,4,EELS,Sodium Azide
823.6419149975574,54.928974017964656,4,EELS,Sodium Azide
824.6213971665852,54.93720725449763,4,EELS,Sodium Azide
825.6008793356131,54.96321136535221,4,EELS,Sodium Azide
826.5803615046409,54.93764914836197,4,EELS,Sodium Azide
827.5598436736688,54.92597190331934,4,EELS,Sodium Azide
828.5393258426966,54.91813933120807,4,EELS,Sodium Azide
829.5188080117244,54.91813933120807,4,EELS,Sodium Azide
830.4982901807523,54.9247516689483,4,EELS,Sodium Azide
831.4777723497801,54.93899085904952,4,EELS,Sodium Azide
832.457254518808,54.937362606962054,4,EELS,Sodium Azide
833.4367366878358,54.92418868154074,4,EELS,Sodium Azide
834.4162188568637,54.948666823722924,4,EELS,Sodium Azide
835.3957010258915,54.91813933120807,4,EELS,Sodium Azide
836.3751831949194,54.93859370286489,4,EELS,Sodium Azide
837.3546653639472,54.93735090497829,4,EELS,Sodium Azide
838.3341475329751,54.93278705731975,4,EELS,Sodium Azide
839.3136297020029,54.933157627149,4,EELS,Sodium Azide
840.2931118710308,54.92295105200496,4,EELS,Sodium Azide
841.2725940400586,54.928139331208065,4,EELS,Sodium Azide
842.2520762090865,54.92234240715819,4,EELS,Sodium Azide
843.2315583781143,54.9358848103184,4,EELS,Sodium Azide
844.2110405471421,54.921535551135754,4,EELS,Sodium Azide
845.19052271617,54.91813933120807,4,EELS,Sodium Azide
846.1700048851978,54.928139331208065,4,EELS,Sodium Azide
847.1494870542257,54.91813933120807,4,EELS,Sodium Azide
848.1289692232535,54.93813933120807,4,EELS,Sodium Azide
849.1084513922814,54.928139331208065,4,EELS,Sodium Azide
850.0879335613092,54.9248344855563,4,EELS,Sodium Azide
851.0674157303371,54.9304032345763,4,EELS,Sodium Azide
852.0468978993649,54.95184732604697,4,EELS,Sodium Azide
853.0263800683928,54.9216794807775,4,EELS,Sodium Azide
854.0058622374206,54.92930096686749,4,EELS,Sodium Azide
854.9853444064485,54.928139331208065,4,EELS,Sodium Azide
855.9648265754763,54.928139331208065,4,EELS,Sodium Azide
856.9443087445042,54.91813933120807,4,EELS,Sodium Azide
857.923790913532,54.950549742244235,4,EELS,Sodium Azide
858.9032730825598,54.938290588376056,4,EELS,Sodium Azide
859.8827552515877,54.93813933120807,4,EELS,Sodium Azide
860.8622374206155,54.91813933120807,4,EELS,Sodium Azide
861.8417195896433,54.91813933120807,4,EELS,Sodium Azide
862.8212017586711,54.91813933120807,4,EELS,Sodium Azide
863.800683927699,54.928139331208065,4,EELS,Sodium Azide
864.7801660967268,54.928139331208065,4,EELS,Sodium Azide
865.7596482657547,54.9203218881826,4,EELS,Sodium Azide
866.7391304347825,54.92496289343638,4,EELS,Sodium Azide
867.7186126038104,54.91813933120807,4,EELS,Sodium Azide
868.6980947728382,54.91813933120807,4,EELS,Sodium Azide
869.677576941866,54.9186167385865,4,EELS,Sodium Azide
870.6570591108939,54.928139331208065,4,EELS,Sodium Azide
871.6365412799217,54.94064014899057,4,EELS,Sodium Azide
872.6160234489496,54.928139331208065,4,EELS,Sodium Azide
873.5955056179774,54.928139331208065,4,EELS,Sodium Azide
874.5749877870053,54.91813933120807,4,EELS,Sodium Azide
875.5544699560331,54.92101753150138,4,EELS,Sodium Azide
876.533952125061,54.94813933120807,4,EELS,Sodium Azide
877.5134342940888,54.91813933120807,4,EELS,Sodium Azide
878.4929164631167,54.94845281053041,4,EELS,Sodium Azide
879.4723986321445,54.91813933120807,4,EELS,Sodium Azide
880.4518808011724,54.928139331208065,4,EELS,Sodium Azide
881.4313629702002,54.92954689191196,4,EELS,Sodium Azide
882.4108451392281,54.928139331208065,4,EELS,Sodium Azide
883.3903273082559,54.928139331208065,4,EELS,Sodium Azide
884.3698094772838,54.93055940395341,4,EELS,Sodium Azide
885.3492916463116,54.94254767117597,4,EELS,Sodium Azide
886.3287738153394,54.930669517080624,4,EELS,Sodium Azide
887.3082559843673,54.92029879389503,4,EELS,Sodium Azide
888.2877381533951,54.91813933120807,4,EELS,Sodium Azide
889.267220322423,54.94141196067078,4,EELS,Sodium Azide
890.2467024914508,54.923907382008835,4,EELS,Sodium Azide
891.2261846604787,54.93813933120807,4,EELS,Sodium Azide
892.2056668295065,54.93813933120807,4,EELS,Sodium Azide
893.1851489985344,54.930038825617245,4,EELS,Sodium Azide
894.1646311675622,54.928139331208065,4,EELS,Sodium Azide
895.1441133365901,54.94650717547513,4,EELS,Sodium Azide
896.1235955056179,54.928139331208065,4,EELS,Sodium Azide
897.1030776746458,54.91813933120807,4,EELS,Sodium Azide
898.0825598436736,54.91813933120807,4,EELS,Sodium Azide
899.0620420127015,54.92903270161523,4,EELS,Sodium Azide
900.0415241817293,54.92376611380962,4,EELS,Sodium Azide
901.0210063507571,54.92190526791361,4,EELS,Sodium Azide
902.000488519785,54.928139331208065,4,EELS,Sodium Azide
902.9799706888128,54.93236290006783,4,EELS,Sodium Azide
903.9594528578407,54.91813933120807,4,EELS,Sodium Azide
904.9389350268685,54.92577057663675,4,EELS,Sodium Azide
905.9184171958964,54.93950889272331,4,EELS,Sodium Azide
906.8978993649242,54.91813933120807,4,EELS,Sodium Azide
907.8773815339521,54.91813933120807,4,EELS,Sodium Azide
908.8568637029799,54.928139331208065,4,EELS,Sodium Azide
909.8363458720078,54.94275228220821,4,EELS,Sodium Azide
910.8158280410356,54.91813933120807,4,EELS,Sodium Azide
911.7953102100635,54.92940868489452,4,EELS,Sodium Azide
912.7747923790913,54.928139331208065,4,EELS,Sodium Azide
913.7542745481192,54.93089593213669,4,EELS,Sodium Azide
914.733756717147,54.936901033289104,4,EELS,Sodium Azide
915.7132388861748,54.928139331208065,4,EELS,Sodium Azide
916.6927210552027,54.92756123680259,4,EELS,Sodium Azide
917.6722032242305,54.93813933120807,4,EELS,Sodium Azide
918.6516853932584,54.91813933120807,4,EELS,Sodium Azide
919.6311675622862,54.935615487563176,4,EELS,Sodium Azide
920.6106497313141,54.928139331208065,4,EELS,Sodium Azide
921.5901319003419,54.93511538357907,4,EELS,Sodium Azide
922.5696140693698,54.92951946984605,4,EELS,Sodium Azide
923.5490962383976,54.9264338819059,4,EELS,Sodium Azide
924.5285784074255,54.92432178990693,4,EELS,Sodium Azide
925.5080605764533,54.92514667672781,4,EELS,Sodium Azide
926.4875427454812,54.92899429507168,4,EELS,Sodium Azide
927.467024914509,54.93144945885481,4,EELS,Sodium Azide
928.4465070835369,54.928139331208065,4,EELS,Sodium Azide
929.4259892525647,54.958139331208066,4,EELS,Sodium Azide
930.4054714215926,54.941452839092555,4,EELS,Sodium Azide
931.3849535906204,54.92869609829574,4,EELS,Sodium Azide
932.3644357596482,54.91813933120807,4,EELS,Sodium Azide
933.3439179286761,54.91813933120807,4,EELS,Sodium Azide
934.3234000977039,54.922545692617874,4,EELS,Sodium Azide
935.3028822667318,54.93363178466733,4,EELS,Sodium Azide
936.2823644357596,54.91813933120807,4,EELS,Sodium Azide
937.2618466047875,54.93629907408604,4,EELS,Sodium Azide
938.2413287738153,54.928139331208065,4,EELS,Sodium Azide
939.2208109428432,54.91813933120807,4,EELS,Sodium Azide
940.200293111871,54.91813933120807,4,EELS,Sodium Azide
941.1797752808989,54.91813933120807,4,EELS,Sodium Azide
942.1592574499267,54.9232959201409,4,EELS,Sodium Azide
943.1387396189546,54.91813933120807,4,EELS,Sodium Azide
944.1182217879824,54.92548963808375,4,EELS,Sodium Azide
945.0977039570103,54.928139331208065,4,EELS,Sodium Azide
946.0771861260381,54.92531339136126,4,EELS,Sodium Azide
947.056668295066,54.932628754026865,4,EELS,Sodium Azide
948.0361504640938,54.91813933120807,4,EELS,Sodium Azide
949.0156326331216,54.93356625572404,4,EELS,Sodium Azide
949.9951148021495,54.92167058560547,4,EELS,Sodium Azide
950.9745969711773,54.926010363846295,4,EELS,Sodium Azide
951.9540791402052,54.92999500430248,4,EELS,Sodium Azide
952.9335613092329,54.92807983030643,4,EELS,Sodium Azide
953.9130434782608,54.928139331208065,4,EELS,Sodium Azide
954.8925256472886,54.92559888912172,4,EELS,Sodium Azide
955.8720078163165,54.93813933120807,4,EELS,Sodium Azide
956.8514899853443,54.93221861264952,4,EELS,Sodium Azide
957.8309721543721,54.935872132376005,4,EELS,Sodium Azide
958.8104543234,54.93813933120807,4,EELS,Sodium Azide
959.7899364924278,54.93753881088039,4,EELS,Sodium Azide
960.7694186614557,54.9362846571292,4,EELS,Sodium Azide
961.7489008304835,54.9252309579703,4,EELS,Sodium Azide
962.7283829995114,54.928659716888866,4,EELS,Sodium Azide
963.7078651685392,54.928139331208065,4,EELS,Sodium Azide
964.6873473375671,54.928139331208065,4,EELS,Sodium Azide
965.6668295065949,54.93278299571661,4,EELS,Sodium Azide
966.6463116756228,54.93799553635162,4,EELS,Sodium Azide
967.6257938446506,54.92325964538554,4,EELS,Sodium Azide
968.6052760136785,54.91813933120807,4,EELS,Sodium Azide
969.5847581827063,54.92110324099218,4,EELS,Sodium Azide
970.5642403517342,54.935927707796026,4,EELS,Sodium Azide
971.543722520762,54.91813933120807,4,EELS,Sodium Azide
972.5232046897898,54.93533161867457,4,EELS,Sodium Azide
973.5026868588177,54.92506352461526,4,EELS,Sodium Azide
974.4821690278455,54.91813933120807,4,EELS,Sodium Azide
975.4616511968734,54.928139331208065,4,EELS,Sodium Azide
976.4411333659012,54.94377342815694,4,EELS,Sodium Azide
977.4206155349291,54.92401395216454,4,EELS,Sodium Azide
978.4000977039569,54.91813933120807,4,EELS,Sodium Azide
979.3795798729848,54.91813933120807,4,EELS,Sodium Azide
980.3590620420126,54.928139331208065,4,EELS,Sodium Azide
981.3385442110405,54.93907591086697,4,EELS,Sodium Azide
982.3180263800683,54.91813933120807,4,EELS,Sodium Azide
983.2975085490962,54.91813933120807,4,EELS,Sodium Azide
984.276990718124,54.946774753032656,4,EELS,Sodium Azide
985.2564728871519,54.91813933120807,4,EELS,Sodium Azide
986.2359550561797,54.928139331208065,4,EELS,Sodium Azide
987.2154372252076,54.93813933120807,4,EELS,Sodium Azide
988.1949193942354,54.91813933120807,4,EELS,Sodium Azide
989.1744015632632,54.928139331208065,4,EELS,Sodium Azide
990.1538837322911,54.91813933120807,4,EELS,Sodium Azide
991.1333659013189,54.93107795562829,4,EELS,Sodium Azide
992.1128480703468,54.91813933120807,4,EELS,Sodium Azide
993.0923302393746,54.919840900674714,4,EELS,Sodium Azide
994.0718124084025,54.928139331208065,4,EELS,Sodium Azide
995.0512945774303,54.91813933120807,4,EELS,Sodium Azide
996.0307767464582,54.92020571217035,4,EELS,Sodium Azide
997.010258915486,54.91813933120807,4,EELS,Sodium Azide
997.9897410845139,54.94111902484785,4,EELS,Sodium Azide
998.9692232535417,54.93813933120807,4,EELS,Sodium Azide
999.9487054225696,54.94887094140403,4,EELS,Sodium Azide
1000.9281875915974,54.928139331208065,4,EELS,Sodium Azide
1001.9076697606253,54.91813933120807,4,EELS,Sodium Azide
1002.8871519296531,54.91813933120807,4,EELS,Sodium Azide
1003.866634098681,54.93813933120807,4,EELS,Sodium Azide
1004.8461162677088,54.91813933120807,4,EELS,Sodium Azide
1005.8255984367366,54.91898099587331,4,EELS,Sodium Azide
1006.8050806057645,54.93530760102289,4,EELS,Sodium Azide
1007.7845627747923,54.93456748853755,4,EELS,Sodium Azide
1008.7640449438202,54.92977753228439,4,EELS,Sodium Azide
1009.743527112848,54.91813933120807,4,EELS,Sodium Azide
1010.7230092818759,54.92850919012211,4,EELS,Sodium Azide
1011.7024914509037,54.928139331208065,4,EELS,Sodium Azide
1012.6819736199316,54.922419399022324,4,EELS,Sodium Azide
1013.6614557889594,54.936596220500554,4,EELS,Sodium Azide
1014.6409379579873,54.93813933120807,4,EELS,Sodium Azide
1015.6204201270151,54.935206615146534,4,EELS,Sodium Azide
1016.599902296043,54.92888932338334,4,EELS,Sodium Azide
1017.5793844650708,54.91813933120807,4,EELS,Sodium Azide
1018.5588666340986,54.932644085933134,4,EELS,Sodium Azide
1019.5383488031264,54.91813933120807,4,EELS,Sodium Azide
1020.5178309721543,54.91813933120807,4,EELS,Sodium Azide
1021.4973131411821,54.91813933120807,4,EELS,Sodium Azide
1022.47679531021,54.91813933120807,4,EELS,Sodium Azide
1023.4562774792378,54.92997875770001,4,EELS,Sodium Azide
1024.4357596482657,54.91813933120807,4,EELS,Sodium Azide
1025.4152418172935,54.928139331208065,4,EELS,Sodium Azide
1026.3947239863214,54.918896823888794,4,EELS,Sodium Azide
1027.3742061553492,54.91813933120807,4,EELS,Sodium Azide
1028.3536883243771,54.91813933120807,4,EELS,Sodium Azide
1029.3331704934049,54.94092729212048,4,EELS,Sodium Azide
1030.3126526624328,54.93813933120807,4,EELS,Sodium Azide
1031.2921348314605,54.91813933120807,4,EELS,Sodium Azide
1032.2716170004885,54.919956650016324,4,EELS,Sodium Azide
1033.2510991695162,54.92570526514526,4,EELS,Sodium Azide
1034.2305813385442,54.941744262607024,4,EELS,Sodium Azide
1035.210063507572,54.91813933120807,4,EELS,Sodium Azide
1036.1895456766,54.91813933120807,4,EELS,Sodium Azide
1037.1690278456276,54.928139331208065,4,EELS,Sodium Azide
1038.1485100146556,54.92868843513794,4,EELS,Sodium Azide
1039.1279921836833,54.91877362095212,4,EELS,Sodium Azide
1040.1074743527113,54.940281733984115,4,EELS,Sodium Azide
1041.086956521739,54.91813933120807,4,EELS,Sodium Azide
1042.066438690767,54.946177498846126,4,EELS,Sodium Azide
1043.0459208597947,54.928139331208065,4,EELS,Sodium Azide
1044.0254030288227,54.94813933120807,4,EELS,Sodium Azide
1045.0048851978504,54.91813933120807,4,EELS,Sodium Azide
1045.9843673668784,54.94981190182212,4,EELS,Sodium Azide
1046.963849535906,54.91813933120807,4,EELS,Sodium Azide
1047.943331704934,54.928139331208065,4,EELS,Sodium Azide
1048.9228138739618,54.92864514134734,4,EELS,Sodium Azide
1049.9022960429897,54.925382214550474,4,EELS,Sodium Azide
1050.8817782120175,54.928139331208065,4,EELS,Sodium Azide
1051.8612603810454,54.91813933120807,4,EELS,Sodium Azide
1052.8407425500732,54.93664859872676,4,EELS,Sodium Azide
1053.8202247191011,54.928139331208065,4,EELS,Sodium Azide
1054.7997068881289,54.93920055498085,4,EELS,Sodium Azide
1055.7791890571568,54.92524633953011,4,EELS,Sodium Azide
1056.7586712261846,54.91813933120807,4,EELS,Sodium Azide
1057.7381533952125,54.9283489336879,4,EELS,Sodium Azide
1058.7176355642403,54.91813933120807,4,EELS,Sodium Azide
1059.6971177332682,54.91813933120807,4,EELS,Sodium Azide
1060.676599902296,54.91813933120807,4,EELS,Sodium Azide
1061.656082071324,54.93813933120807,4,EELS,Sodium Azide
1062.6355642403516,54.9408129293186,4,EELS,Sodium Azide
1063.6150464093796,54.92700224388501,4,EELS,Sodium Azide
1064.5945285784073,54.94213618376448,4,EELS,Sodium Azide
1065.5740107474353,54.91813933120807,4,EELS,Sodium Azide
1066.553492916463,54.91850013967538,4,EELS,Sodium Azide
1067.532975085491,54.93431127893371,4,EELS,Sodium Azide
1068.5124572545187,54.92261290828496,4,EELS,Sodium Azide
1069.4919394235467,54.92443345892397,4,EELS,Sodium Azide
1070.4714215925744,54.91813933120807,4,EELS,Sodium Azide
1071.4509037616024,54.91813933120807,4,EELS,Sodium Azide
1072.43038593063,54.93085128290444,4,EELS,Sodium Azide
1073.409868099658,54.92199277965795,4,EELS,Sodium Azide
1074.3893502686858,54.93813933120807,4,EELS,Sodium Azide
1075.3688324377138,54.931844608602745,4,EELS,Sodium Azide
1076.3483146067415,54.93813933120807,4,EELS,Sodium Azide
1077.3277967757695,54.91832957594295,4,EELS,Sodium Azide
1078.3072789447972,54.91813933120807,4,EELS,Sodium Azide
1079.2867611138252,54.941732646228,4,EELS,Sodium Azide
1080.2662432828529,54.928139331208065,4,EELS,Sodium Azide
1081.2457254518808,54.91813933120807,4,EELS,Sodium Azide
1082.2252076209086,54.91813933120807,4,EELS,Sodium Azide
1083.2046897899365,54.91813933120807,4,EELS,Sodium Azide
1084.1841719589643,54.92263896365431,4,EELS,Sodium Azide
1085.1636541279922,54.9284257601846,4,EELS,Sodium Azide
1086.14313629702,54.93740507183895,4,EELS,Sodium Azide
1087.122618466048,54.94243170226558,4,EELS,Sodium Azide
1088.1021006350757,54.95601751024245,4,EELS,Sodium Azide
1089.0815828041036,54.92795757644482,4,EELS,Sodium Azide
1090.0610649731314,54.91813933120807,4,EELS,Sodium Azide
1091.040547142159,54.929916006352684,4,EELS,Sodium Azide
1092.020029311187,54.91813933120807,4,EELS,Sodium Azide
1092.9995114802148,54.92469003847346,4,EELS,Sodium Azide
1093.9789936492427,54.92970960547468,4,EELS,Sodium Azide
1094.9584758182705,54.934457018857366,4,EELS,Sodium Azide
1095.9379579872984,54.91813933120807,4,EELS,Sodium Azide
1096.9174401563262,54.923444800874705,4,EELS,Sodium Azide
1097.8969223253541,54.91813933120807,4,EELS,Sodium Azide
1098.8764044943819,54.91813933120807,4,EELS,Sodium Azide
1099.8558866634098,54.93813933120807,4,EELS,Sodium Azide
1100.8353688324376,54.93201715228594,4,EELS,Sodium Azide
1101.8148510014655,54.93892271129251,4,EELS,Sodium Azide
1102.7943331704932,54.91813933120807,4,EELS,Sodium Azide
1103.7738153395212,54.94085699391599,4,EELS,Sodium Azide
1104.753297508549,54.93857896103645,4,EELS,Sodium Azide
1105.732779677577,54.928139331208065,4,EELS,Sodium Azide
1106.7122618466046,54.91944276542323,4,EELS,Sodium Azide
1107.6917440156326,54.91813933120807,4,EELS,Sodium Azide
1108.6712261846603,54.9381847156711,4,EELS,Sodium Azide
1109.6507083536883,54.91813933120807,4,EELS,Sodium Azide
1110.630190522716,54.94256728596453,4,EELS,Sodium Azide
1111.609672691744,54.91813933120807,4,EELS,Sodium Azide
1112.5891548607717,54.93933604506962,4,EELS,Sodium Azide
1113.5686370297997,54.9435725493496,4,EELS,Sodium Azide
1114.5481191988274,54.93672289990207,4,EELS,Sodium Azide
1115.5276013678554,54.91898094992653,4,EELS,Sodium Azide
1116.507083536883,54.92335021892758,4,EELS,Sodium Azide
1117.486565705911,54.930049978683655,4,EELS,Sodium Azide
1118.4660478749388,54.928139331208065,4,EELS,Sodium Azide
1119.4455300439668,54.91813933120807,4,EELS,Sodium Azide
1120.4250122129945,54.925317026604745,4,EELS,Sodium Azide
1121.4044943820224,54.93365963729398,4,EELS,Sodium Azide
1122.3839765510502,54.91813933120807,4,EELS,Sodium Azide
1123.3634587200781,54.928139331208065,4,EELS,Sodium Azide
1124.3429408891059,54.91813933120807,4,EELS,Sodium Azide
1125.3224230581338,54.926090773031085,4,EELS,Sodium Azide
1126.3019052271616,54.93694190605959,4,EELS,Sodium Azide
1127.2813873961895,54.93813933120807,4,EELS,Sodium Azide
1128.2608695652173,54.940681805158974,4,EELS,Sodium Azide
1129.2403517342452,54.93813933120807,4,EELS,Sodium Azide
1130.219833903273,54.93282693922347,4,EELS,Sodium Azide
1131.199316072301,54.92643099130598,4,EELS,Sodium Azide
1132.1787982413286,54.928139331208065,4,EELS,Sodium Azide
1133.1582804103566,54.91813933120807,4,EELS,Sodium Azide
1134.1377625793843,54.928139331208065,4,EELS,Sodium Azide
1135.1172447484123,54.91813933120807,4,EELS,Sodium Azide
1136.09672691744,54.91813933120807,4,EELS,Sodium Azide
1137.076209086468,54.91813933120807,4,EELS,Sodium Azide
1138.0556912554957,54.91813933120807,4,EELS,Sodium Azide
1139.0351734245237,54.93789848605456,4,EELS,Sodium Azide
1140.0146555935514,54.92528962204646,4,EELS,Sodium Azide
1140.9941377625794,54.928139331208065,4,EELS,Sodium Azide
1141.9736199316071,54.91813933120807,4,EELS,Sodium Azide
1142.953102100635,54.91813933120807,4,EELS,Sodium Azide
1143.9325842696628,54.94930743860498,4,EELS,Sodium Azide
1144.9120664386908,54.91813933120807,4,EELS,Sodium Azide
1145.8915486077185,54.918165626138205,4,EELS,Sodium Azide
1146.8710307767465,54.93292987987047,4,EELS,Sodium Azide
1147.8505129457742,54.94058041049513,4,EELS,Sodium Azide
1148.8299951148022,54.928139331208065,4,EELS,Sodium Azide
1149.80947728383,54.928139331208065,4,EELS,Sodium Azide
1150.7889594528579,54.92113600093694,4,EELS,Sodium Azide
1151.7684416218856,54.93159165854237,4,EELS,Sodium Azide
1152.7479237909135,54.91813933120807,4,EELS,Sodium Azide
1153.7274059599413,54.928139331208065,4,EELS,Sodium Azide
1154.7068881289692,54.91930712505713,4,EELS,Sodium Azide
1155.686370297997,54.91813933120807,4,EELS,Sodium Azide
1156.665852467025,54.928139331208065,4,EELS,Sodium Azide
1157.6453346360527,54.950197712560765,4,EELS,Sodium Azide
1158.6248168050806,54.92710550731609,4,EELS,Sodium Azide
1159.6042989741084,54.928139331208065,4,EELS,Sodium Azide
1160.5837811431363,54.95510638754819,4,EELS,Sodium Azide
1161.563263312164,54.94766166111706,4,EELS,Sodium Azide
1162.542745481192,54.92495570459488,4,EELS,Sodium Azide
1163.5222276502197,54.91813933120807,4,EELS,Sodium Azide
1164.5017098192477,54.94813933120807,4,EELS,Sodium Azide
1165.4811919882754,54.932292784972766,4,EELS,Sodium Azide
1166.4606741573034,54.930678399723384,4,EELS,Sodium Azide
1167.4401563263311,54.94486348832651,4,EELS,Sodium Azide
1168.419638495359,54.91813933120807,4,EELS,Sodium Azide
1169.3991206643868,54.91813933120807,4,EELS,Sodium Azide
1170.3786028334148,54.92867896287946,4,EELS,Sodium Azide
1171.3580850024425,54.928139331208065,4,EELS,Sodium Azide
1172.3375671714705,54.92853192370215,4,EELS,Sodium Azide
1173.3170493404982,54.928139331208065,4,EELS,Sodium Azide
1174.2965315095262,54.91846812937327,4,EELS,Sodium Azide
1175.276013678554,54.928139331208065,4,EELS,Sodium Azide
1176.2554958475819,54.93074572624519,4,EELS,Sodium Azide
1177.2349780166096,54.940546198677175,4,EELS,Sodium Azide
1178.2144601856376,54.92213917094759,4,EELS,Sodium Azide
1179.1939423546653,54.91813933120807,4,EELS,Sodium Azide
1180.1734245236933,54.95241483124821,4,EELS,Sodium Azide
1181.152906692721,54.91813933120807,4,EELS,Sodium Azide
1182.1323888617487,54.93573514722116,4,EELS,Sodium Azide
1183.1118710307767,54.91813933120807,4,EELS,Sodium Azide
1184.0913531998044,54.92096274086733,4,EELS,Sodium Azide
1185.0708353688324,54.94374829222115,4,EELS,Sodium Azide
1186.05031753786,54.91813933120807,4,EELS,Sodium Azide
1187.029799706888,54.91902935453289,4,EELS,Sodium Azide
1188.0092818759158,54.929984427257395,4,EELS,Sodium Azide
1188.9887640449438,54.928139331208065,4,EELS,Sodium Azide
1189.9682462139715,54.927634392348644,4,EELS,Sodium Azide
1190.9477283829995,54.91813933120807,4,EELS,Sodium Azide
1191.9272105520272,54.94288752571354,4,EELS,Sodium Azide
1192.9066927210552,54.928139331208065,4,EELS,Sodium Azide
1193.8861748900829,54.93813933120807,4,EELS,Sodium Azide
1194.8656570591108,54.928139331208065,4,EELS,Sodium Azide
1195.8451392281386,54.91813933120807,4,EELS,Sodium Azide
1196.8246213971665,54.91813933120807,4,EELS,Sodium Azide
1197.8041035661943,54.928139331208065,4,EELS,Sodium Azide
1198.7835857352222,54.928139331208065,4,EELS,Sodium Azide
1199.76306790425,54.928139331208065,4,EELS,Sodium Azide
1200.742550073278,54.920544543122936,4,EELS,Sodium Azide
1201.7220322423057,54.91813933120807,4,EELS,Sodium Azide
1202.7015144113336,54.931105706420794,4,EELS,Sodium Azide
1203.6809965803614,54.91904666093661,4,EELS,Sodium Azide
1204.6604787493893,54.928139331208065,4,EELS,Sodium Azide
1205.639960918417,54.91813933120807,4,EELS,Sodium Azide
1206.619443087445,54.919341782807734,4,EELS,Sodium Azide
1207.5989252564727,54.93813933120807,4,EELS,Sodium Azide
1208.5784074255007,54.91813933120807,4,EELS,Sodium Azide
1209.5578895945284,54.93065457524125,4,EELS,Sodium Azide
1210.5373717635564,54.91813933120807,4,EELS,Sodium Azide
1211.5168539325841,54.91813933120807,4,EELS,Sodium Azide
1212.496336101612,54.91859610308202,4,EELS,Sodium Azide
1213.4758182706398,54.91813933120807,4,EELS,Sodium Azide
1214.4553004396678,54.92431383699329,4,EELS,Sodium Azide
1215.4347826086955,54.92707990095321,4,EELS,Sodium Azide
1216.4142647777235,54.94552868023196,4,EELS,Sodium Azide
1217.3937469467512,54.92816134514297,4,EELS,Sodium Azide
1218.3732291157792,54.93382260263227,4,EELS,Sodium Azide
1219.352711284807,54.928139331208065,4,EELS,Sodium Azide
1220.3321934538349,54.94934084808973,4,EELS,Sodium Azide
1221.3116756228626,54.928139331208065,4,EELS,Sodium Azide
1222.2911577918906,54.94827082495329,4,EELS,Sodium Azide
1223.2706399609183,54.93965114486508,4,EELS,Sodium Azide
1224.2501221299462,54.91813933120807,4,EELS,Sodium Azide
1225.229604298974,54.9283974871855,4,EELS,Sodium Azide
1226.209086468002,54.94025540580327,4,EELS,Sodium Azide
1227.1885686370297,54.93813933120807,4,EELS,Sodium Azide
1228.1680508060576,54.91813933120807,4,EELS,Sodium Azide
1229.1475329750854,54.935531870946654,4,EELS,Sodium Azide
1230.1270151441133,54.93679559357166,4,EELS,Sodium Azide
1231.106497313141,54.91813933120807,4,EELS,Sodium Azide
1232.085979482169,54.921386115633865,4,EELS,Sodium Azide
1233.0654616511968,54.91813933120807,4,EELS,Sodium Azide
1234.0449438202247,54.91813933120807,4,EELS,Sodium Azide
1235.0244259892524,54.92158345027417,4,EELS,Sodium Azide
1236.0039081582804,54.92337831152105,4,EELS,Sodium Azide
1236.9833903273081,54.9356179137231,4,EELS,Sodium Azide
1237.962872496336,54.94076195893552,4,EELS,Sodium Azide
1238.9423546653638,54.91813933120807,4,EELS,Sodium Azide
1239.9218368343918,54.91842335810086,4,EELS,Sodium Azide
1240.9013190034195,54.91813933120807,4,EELS,Sodium Azide
1241.8808011724475,54.91813933120807,4,EELS,Sodium Azide
1242.8602833414752,54.928139331208065,4,EELS,Sodium Azide
1243.8397655105032,54.93327162483581,4,EELS,Sodium Azide
1244.819247679531,54.92891794658447,4,EELS,Sodium Azide
1245.7987298485589,54.9294685972174,4,EELS,Sodium Azide
1246.7782120175866,54.928139331208065,4,EELS,Sodium Azide
1247.7576941866146,54.928139331208065,4,EELS,Sodium Azide
1248.7371763556423,54.91813933120807,4,EELS,Sodium Azide
1249.7166585246703,54.91813933120807,4,EELS,Sodium Azide
1250.696140693698,54.928139331208065,4,EELS,Sodium Azide
1251.675622862726,54.92167910114726,4,EELS,Sodium Azide
1252.6551050317537,54.93347018836376,4,EELS,Sodium Azide
1253.6345872007817,54.94485022332906,4,EELS,Sodium Azide
1254.6140693698094,54.93421914721354,4,EELS,Sodium Azide
1255.5935515388373,54.928139331208065,4,EELS,Sodium Azide
1256.573033707865,54.9302405944019,4,EELS,Sodium Azide
1257.552515876893,54.926370210594705,4,EELS,Sodium Azide
1258.5319980459208,54.91813933120807,4,EELS,Sodium Azide
1259.5114802149487,54.91813933120807,4,EELS,Sodium Azide
1260.4909623839765,54.91813933120807,4,EELS,Sodium Azide
1261.4704445530044,54.91813933120807,4,EELS,Sodium Azide
1262.4499267220322,54.92497009773804,4,EELS,Sodium Azide
1263.4294088910601,54.93656148376007,4,EELS,Sodium Azide
1264.4088910600879,54.928139331208065,4,EELS,Sodium Azide
1265.3883732291158,54.91813933120807,4,EELS,Sodium Azide
1266.3678553981435,54.91813933120807,4,EELS,Sodium Azide
1267.3473375671715,54.91930141723327,4,EELS,Sodium Azide
1268.3268197361992,54.928139331208065,4,EELS,Sodium Azide
1269.3063019052272,54.92967955397565,4,EELS,Sodium Azide
1270.285784074255,54.929069069970176,4,EELS,Sodium Azide
1271.265266243283,54.93250476578464,4,EELS,Sodium Azide
1272.2447484123106,54.926435351045946,4,EELS,Sodium Azide
1273.2242305813384,54.92877599677915,4,EELS,Sodium Azide
1274.2037127503663,54.93292084245638,4,EELS,Sodium Azide
1275.183194919394,54.91813933120807,4,EELS,Sodium Azide
1276.162677088422,54.93235821882394,4,EELS,Sodium Azide
1277.1421592574497,54.91813933120807,4,EELS,Sodium Azide
1278.1216414264777,54.91813933120807,4,EELS,Sodium Azide
1279.1011235955054,54.95354362953115,4,EELS,Sodium Azide
1280.0806057645334,54.91813933120807,4,EELS,Sodium Azide
1281.0600879335611,54.925717598813115,4,EELS,Sodium Azide
1282.039570102589,54.92342409331216,4,EELS,Sodium Azide
1283.0190522716168,54.91813933120807,4,EELS,Sodium Azide
1283.9985344406448,54.928139331208065,4,EELS,Sodium Azide
1284.9780166096725,54.93894039054767,4,EELS,Sodium Azide
1285.9574987787005,54.924083084822065,4,EELS,Sodium Azide
1286.9369809477282,54.91813933120807,4,EELS,Sodium Azide
1287.9164631167562,54.91813933120807,4,EELS,Sodium Azide
1288.895945285784,54.93144051855925,4,EELS,Sodium Azide
1289.8754274548119,54.93241010230294,4,EELS,Sodium Azide
1290.8549096238396,54.960486244435934,4,EELS,Sodium Azide
1291.8343917928676,54.949078302708116,4,EELS,Sodium Azide
1292.8138739618953,54.91813933120807,4,EELS,Sodium Azide
1293.7933561309233,54.928139331208065,4,EELS,Sodium Azide
1294.772838299951,54.938814115310315,4,EELS,Sodium Azide
1295.752320468979,54.939723178881565,4,EELS,Sodium Azide
1296.7318026380067,54.946769336014576,4,EELS,Sodium Azide
1297.7112848070346,54.951411518121255,4,EELS,Sodium Azide
1298.6907669760624,54.91813933120807,4,EELS,Sodium Azide
1299.6702491450903,54.9208896661174,4,EELS,Sodium Azide
1300.649731314118,54.920752356483604,4,EELS,Sodium Azide
1301.629213483146,54.91813933120807,4,EELS,Sodium Azide
1302.6086956521738,54.9325693362596,4,EELS,Sodium Azide
1303.5881778212017,54.929555979219685,4,EELS,Sodium Azide
1304.5676599902295,54.928139331208065,4,EELS,Sodium Azide
1305.5471421592574,54.928139331208065,4,EELS,Sodium Azide
1306.5266243282852,54.93813933120807,4,EELS,Sodium Azide
1307.506106497313,54.93813933120807,4,EELS,Sodium Azide
1308.4855886663408,54.92841661325908,4,EELS,Sodium Azide
1309.4650708353688,54.91813933120807,4,EELS,Sodium Azide
1310.4445530043965,54.930990376881134,4,EELS,Sodium Azide
1311.4240351734245,54.92515550311752,4,EELS,Sodium Azide
1312.4035173424522,54.924907713368704,4,EELS,Sodium Azide
1313.3829995114802,54.93911024501305,4,EELS,Sodium Azide
1314.362481680508,54.93216382813653,4,EELS,Sodium Azide
1315.341963849536,54.923751726902516,4,EELS,Sodium Azide
1316.3214460185636,54.93280741607699,4,EELS,Sodium Azide
1317.3009281875916,54.91813933120807,4,EELS,Sodium Azide
1318.2804103566193,54.94434634518219,4,EELS,Sodium Azide
1319.2598925256473,54.93813933120807,4,EELS,Sodium Azide
1320.239374694675,54.92898319373688,4,EELS,Sodium Azide
1321.218856863703,54.941217214212394,4,EELS,Sodium Azide
1322.1983390327307,54.93648502743352,4,EELS,Sodium Azide
1323.1778212017587,54.91813933120807,4,EELS,Sodium Azide
1324.1573033707864,54.9208725464264,4,EELS,Sodium Azide
1325.1367855398144,54.93813933120807,4,EELS,Sodium Azide
1326.116267708842,54.92053752594924,4,EELS,Sodium Azide
1327.09574987787,54.91813933120807,4,EELS,Sodium Azide
1328.0752320468978,54.93322154112541,4,EELS,Sodium Azide
1329.0547142159257,54.94358294250508,4,EELS,Sodium Azide
1330.0341963849535,54.918241930001315,4,EELS,Sodium Azide
1331.0136785539814,54.91960266343267,4,EELS,Sodium Azide
1331.9931607230092,54.92164966314321,4,EELS,Sodium Azide
1332.9726428920371,54.91813933120807,4,EELS,Sodium Azide
1333.9521250610649,54.933123375725486,4,EELS,Sodium Azide
1334.9316072300928,54.926130914893285,4,EELS,Sodium Azide
1335.9110893991206,54.943114269484454,4,EELS,Sodium Azide
1336.8905715681485,54.92142104932634,4,EELS,Sodium Azide
1337.8700537371762,54.928139331208065,4,EELS,Sodium Azide
1338.8495359062042,54.928139331208065,4,EELS,Sodium Azide
1339.829018075232,54.928139331208065,4,EELS,Sodium Azide
1340.80850024426,54.925592109002324,4,EELS,Sodium Azide
1341.7879824132876,54.91813933120807,4,EELS,Sodium Azide
1342.7674645823156,54.9286242417729,4,EELS,Sodium Azide
1343.7469467513433,54.94985491530487,4,EELS,Sodium Azide
1344.7264289203713,54.93813933120807,4,EELS,Sodium Azide
1345.705911089399,54.931180274630606,4,EELS,Sodium Azide
1346.685393258427,54.928650916060214,4,EELS,Sodium Azide
1347.6648754274547,54.928139331208065,4,EELS,Sodium Azide
1348.6443575964827,54.928139331208065,4,EELS,Sodium Azide
1349.6238397655104,54.928139331208065,4,EELS,Sodium Azide
1350.6033219345384,54.93813933120807,4,EELS,Sodium Azide
1351.582804103566,54.941595904636294,4,EELS,Sodium Azide
1352.562286272594,54.928139331208065,4,EELS,Sodium Azide
1353.5417684416218,54.92740672915342,4,EELS,Sodium Azide
1354.5212506106498,54.93813933120807,4,EELS,Sodium Azide
1355.5007327796775,54.92873490978444,4,EELS,Sodium Azide
1356.4802149487055,54.928139331208065,4,EELS,Sodium Azide
1357.4596971177332,54.91813933120807,4,EELS,Sodium Azide
1358.4391792867611,54.93136147643942,4,EELS,Sodium Azide
1359.4186614557889,54.91813933120807,4,EELS,Sodium Azide
1360.3981436248168,54.921239444452105,4,EELS,Sodium Azide
1361.3776257938446,54.936596136162244,4,EELS,Sodium Azide
1362.3571079628725,54.91813933120807,4,EELS,Sodium Azide
1363.3365901319003,54.91813933120807,4,EELS,Sodium Azide
1364.316072300928,54.9404738065117,4,EELS,Sodium Azide
1365.295554469956,54.91829875809382,4,EELS,Sodium Azide
1366.2750366389837,54.931436541422684,4,EELS,Sodium Azide
1367.2545188080117,54.93833933457613,4,EELS,Sodium Azide
1368.2340009770394,54.938173857383724,4,EELS,Sodium Azide
1369.2134831460673,54.936205327370445,4,EELS,Sodium Azide
1370.192965315095,54.91813933120807,4,EELS,Sodium Azide
1371.172447484123,54.92817929026142,4,EELS,Sodium Azide
1372.1519296531508,54.93246968462459,4,EELS,Sodium Azide
1373.1314118221787,54.91813933120807,4,EELS,Sodium Azide
1374.1108939912065,54.9189297384005,4,EELS,Sodium Azide
1375.0903761602344,54.91813933120807,4,EELS,Sodium Azide
1376.0698583292622,54.93034777805981,4,EELS,Sodium Azide
1377.0493404982901,54.91813933120807,4,EELS,Sodium Azide
1378.0288226673179,54.91813933120807,4,EELS,Sodium Azide
1379.0083048363458,54.928139331208065,4,EELS,Sodium Azide
1379.9877870053735,54.91813933120807,4,EELS,Sodium Azide
1380.9672691744015,54.92294145475957,4,EELS,Sodium Azide
1381.9467513434292,54.92185417258293,4,EELS,Sodium Azide
1382.9262335124572,54.91813933120807,4,EELS,Sodium Azide
1383.905715681485,54.91813933120807,4,EELS,Sodium Azide
1384.885197850513,54.928139331208065,4,EELS,Sodium Azide
1385.8646800195406,54.92444239205351,4,EELS,Sodium Azide
1386.8441621885686,54.91813933120807,4,EELS,Sodium Azide
1387.8236443575963,54.93813933120807,4,EELS,Sodium Azide
1388.8031265266243,54.91813933120807,4,EELS,Sodium Azide
1389.782608695652,54.93601235324374,4,EELS,Sodium Azide
1390.76209086468,54.91813933120807,4,EELS,Sodium Azide
1391.7415730337077,54.92374813465724,4,EELS,Sodium Azide
1392.7210552027357,54.93091589171275,4,EELS,Sodium Azide
1393.7005373717634,54.96108811171249,4,EELS,Sodium Azide
1394.6800195407914,54.91813933120807,4,EELS,Sodium Azide
1395.659501709819,54.9213278565687,4,EELS,Sodium Azide
1396.638983878847,54.94960879992881,4,EELS,Sodium Azide
1397.6184660478748,54.925274996045005,4,EELS,Sodium Azide
1398.5979482169028,54.926283177882674,4,EELS,Sodium Azide
1399.5774303859305,54.928139331208065,4,EELS,Sodium Azide
1400.5569125549584,54.92511854151163,4,EELS,Sodium Azide
1401.5363947239862,54.91813933120807,4,EELS,Sodium Azide
1402.5158768930141,54.92495058383286,4,EELS,Sodium Azide
1403.4953590620419,54.964727412092856,4,EELS,Sodium Azide
1404.4748412310698,54.92418793948696,4,EELS,Sodium Azide
1405.4543234000976,54.91813933120807,4,EELS,Sodium Azide
1406.4338055691255,54.94159417598514,4,EELS,Sodium Azide
1407.4132877381533,54.93337589228191,4,EELS,Sodium Azide
1408.3927699071812,54.9214503517596,4,EELS,Sodium Azide
1409.372252076209,54.93813933120807,4,EELS,Sodium Azide
1410.351734245237,54.922210878213185,4,EELS,Sodium Azide
1411.3312164142646,54.958352106635104,4,EELS,Sodium Azide
1412.3106985832926,54.91813933120807,4,EELS,Sodium Azide
1413.2901807523203,54.92561741937972,4,EELS,Sodium Azide
1414.2696629213483,54.926903827149594,4,EELS,Sodium Azide
1415.249145090376,54.94576964875239,4,EELS,Sodium Azide
1416.228627259404,54.92557278528787,4,EELS,Sodium Azide
1417.2081094284317,54.91827978453388,4,EELS,Sodium Azide
1418.1875915974597,54.9224810841928,4,EELS,Sodium Azide
1419.1670737664874,54.91813933120807,4,EELS,Sodium Azide
1420.1465559355154,54.93060607491363,4,EELS,Sodium Azide
1421.126038104543,54.91813933120807,4,EELS,Sodium Azide
1422.105520273571,54.91813933120807,4,EELS,Sodium Azide
1423.0850024425988,54.922721040394265,4,EELS,Sodium Azide
1424.0644846116268,54.9301130441527,4,EELS,Sodium Azide
1425.0439667806545,54.928139331208065,4,EELS,Sodium Azide
1426.0234489496825,54.91813933120807,4,EELS,Sodium Azide
1427.0029311187102,54.91813933120807,4,EELS,Sodium Azide
1427.9824132877382,54.93813933120807,4,EELS,Sodium Azide
1428.961895456766,54.928139331208065,4,EELS,Sodium Azide
1429.9413776257938,54.91813933120807,4,EELS,Sodium Azide
1430.9208597948216,54.91813933120807,4,EELS,Sodium Azide
1431.9003419638495,54.91813933120807,4,EELS,Sodium Azide
1432.8798241328773,54.921231613842494,4,EELS,Sodium Azide
1433.8593063019052,54.935051949327,4,EELS,Sodium Azide
1434.838788470933,54.933452503590125,4,EELS,Sodium Azide
1435.818270639961,54.92694551859172,4,EELS,Sodium Azide
1436.7977528089887,54.92642491501088,4,EELS,Sodium Azide
1437.7772349780166,54.92118920438036,4,EELS,Sodium Azide
1438.7567171470444,54.94813933120807,4,EELS,Sodium Azide
1439.7361993160723,54.921027268686125,4,EELS,Sodium Azide
1440.7156814851,54.919316192547505,4,EELS,Sodium Azide
1441.695163654128,54.92867378044685,4,EELS,Sodium Azide
1442.6746458231557,54.923957746983824,4,EELS,Sodium Azide
1443.6541279921837,54.928139331208065,4,EELS,Sodium Azide
1444.6336101612114,54.93814127097736,4,EELS,Sodium Azide
1445.6130923302394,54.94682336282389,4,EELS,Sodium Azide
1446.5925744992671,54.93163616153712,4,EELS,Sodium Azide
1447.572056668295,54.922813603708974,4,EELS,Sodium Azide
1448.5515388373228,54.918793791624445,4,EELS,Sodium Azide
1449.5310210063508,54.91833808689981,4,EELS,Sodium Azide
1450.5105031753785,54.928139331208065,4,EELS,Sodium Azide
1451.4899853444065,54.93813933120807,4,EELS,Sodium Azide
1452.4694675134342,54.928139331208065,4,EELS,Sodium Azide
1453.4489496824622,54.922765681411924,4,EELS,Sodium Azide
1454.42843185149,54.928139331208065,4,EELS,Sodium Azide
1455.4079140205176,54.91813933120807,4,EELS,Sodium Azide
1456.3873961895456,54.928139331208065,4,EELS,Sodium Azide
1457.3668783585733,54.92936028801301,4,EELS,Sodium Azide
1458.3463605276013,54.92279090259578,4,EELS,Sodium Azide
1459.325842696629,54.91813933120807,4,EELS,Sodium Azide
1460.305324865657,54.91813933120807,4,EELS,Sodium Azide
1461.2848070346847,54.91813933120807,4,EELS,Sodium Azide
1462.2642892037127,54.928139331208065,4,EELS,Sodium Azide
1463.2437713727404,54.91813933120807,4,EELS,Sodium Azide
1464.2232535417684,54.931582339128745,4,EELS,Sodium Azide
1465.202735710796,54.91813933120807,4,EELS,Sodium Azide
1466.182217879824,54.946026174739494,4,EELS,Sodium Azide
1467.1617000488518,54.928139331208065,4,EELS,Sodium Azide
1468.1411822178798,54.927905615032124,4,EELS,Sodium Azide
1469.1206643869075,54.91813933120807,4,EELS,Sodium Azide
1470.1001465559355,54.928139331208065,4,EELS,Sodium Azide
1471.0796287249632,54.931600011370215,4,EELS,Sodium Azide
1472.0591108939911,54.91900282074154,4,EELS,Sodium Azide
1473.0385930630189,54.92861251317962,4,EELS,Sodium Azide
1474.0180752320468,54.928139331208065,4,EELS,Sodium Azide
1474.9975574010746,54.928139331208065,4,EELS,Sodium Azide
1475.9770395701025,54.93813933120807,4,EELS,Sodium Azide
1476.9565217391303,54.928139331208065,4,EELS,Sodium Azide
1477.9360039081582,54.91813933120807,4,EELS,Sodium Azide
1478.915486077186,54.922170083582806,4,EELS,Sodium Azide
1479.894968246214,54.93023200805407,4,EELS,Sodium Azide
1480.8744504152417,54.932075758155904,4,EELS,Sodium Azide
1481.8539325842696,54.91813933120807,4,EELS,Sodium Azide
1482.8334147532973,54.93013527726083,4,EELS,Sodium Azide
1483.8128969223253,54.928139331208065,4,EELS,Sodium Azide
1484.792379091353,54.91813933120807,4,EELS,Sodium Azide
1485.771861260381,54.92656948499064,4,EELS,Sodium Azide
1486.7513434294087,54.91813933120807,4,EELS,Sodium Azide
1487.7308255984367,54.928139331208065,4,EELS,Sodium Azide
1488.7103077674644,54.91813933120807,4,EELS,Sodium Azide
1489.6897899364924,54.941252323929646,4,EELS,Sodium Azide
1490.6692721055201,54.928139331208065,4,EELS,Sodium Azide
1491.648754274548,54.93890930318802,4,EELS,Sodium Azide
1492.6282364435758,54.93366479464686,4,EELS,Sodium Azide
1493.6077186126038,54.91813933120807,4,EELS,Sodium Azide
1494.5872007816315,54.928139331208065,4,EELS,Sodium Azide
1495.5666829506595,54.93212477969467,4,EELS,Sodium Azide
1496.5461651196872,54.93852637962248,4,EELS,Sodium Azide
1497.5256472887152,54.91813933120807,4,EELS,Sodium Azide
1498.505129457743,54.928139331208065,4,EELS,Sodium Azide
1499.4846116267709,54.91813933120807,4,EELS,Sodium Azide
1500.4640937957986,54.952127105281626,4,EELS,Sodium Azide
1501.4435759648266,54.928139331208065,4,EELS,Sodium Azide
1502.4230581338543,54.91986028017503,4,EELS,Sodium Azide
1503.4025403028822,54.920177114102835,4,EELS,Sodium Azide
1504.38202247191,54.91813933120807,4,EELS,Sodium Azide
1505.361504640938,54.951398533460086,4,EELS,Sodium Azide
1506.3409868099657,54.93813933120807,4,EELS,Sodium Azide
1507.3204689789936,54.928139331208065,4,EELS,Sodium Azide
1508.2999511480214,54.928139331208065,4,EELS,Sodium Azide
1509.2794333170493,54.928139331208065,4,EELS,Sodium Azide
1510.258915486077,54.93617337885854,4,EELS,Sodium Azide
1511.238397655105,54.928159074582545,4,EELS,Sodium Azide
1512.2178798241328,54.93657800666569,4,EELS,Sodium Azide
1513.1973619931607,54.91813933120807,4,EELS,Sodium Azide
1514.1768441621884,54.94542674814824,4,EELS,Sodium Azide
1515.1563263312164,54.936292212113756,4,EELS,Sodium Azide
1516.1358085002441,54.92776365443157,4,EELS,Sodium Azide
1517.115290669272,54.93759686973324,4,EELS,Sodium Azide
1518.0947728382998,54.928139331208065,4,EELS,Sodium Azide
1519.0742550073278,54.928139331208065,4,EELS,Sodium Azide
1520.0537371763555,54.93813933120807,4,EELS,Sodium Azide
1521.0332193453835,54.91813933120807,4,EELS,Sodium Azide
1522.0127015144112,54.93494086082329,4,EELS,Sodium Azide
1522.9921836834392,54.944391296938456,4,EELS,Sodium Azide
1523.971665852467,54.93490158508686,4,EELS,Sodium Azide
1524.9511480214949,54.92316695349617,4,EELS,Sodium Azide
1525.9306301905226,54.92817309569233,4,EELS,Sodium Azide
1526.9101123595506,54.91813933120807,4,EELS,Sodium Azide
1527.8895945285783,54.92700297809504,4,EELS,Sodium Azide
1528.8690766976063,54.91813933120807,4,EELS,Sodium Azide
1529.848558866634,54.92723465845066,4,EELS,Sodium Azide
1530.828041035662,54.91813933120807,4,EELS,Sodium Azide
1531.8075232046897,54.95041330759581,4,EELS,Sodium Azide
1532.7870053737176,54.922107243067195,4,EELS,Sodium Azide
1533.7664875427454,54.938287195449945,4,EELS,Sodium Azide
1534.7459697117733,54.922102043427344,4,EELS,Sodium Azide
1535.725451880801,54.91813933120807,4,EELS,Sodium Azide
1536.704934049829,54.91813933120807,4,EELS,Sodium Azide
1537.6844162188568,54.91813933120807,4,EELS,Sodium Azide
1538.6638983878847,54.92005021416827,4,EELS,Sodium Azide
1539.6433805569125,54.928139331208065,4,EELS,Sodium Azide
1540.6228627259404,54.931164207170696,4,EELS,Sodium Azide
1541.6023448949682,54.928139331208065,4,EELS,Sodium Azide
1542.5818270639961,54.92642745555468,4,EELS,Sodium Azide
1543.5613092330238,54.928139331208065,4,EELS,Sodium Azide
1544.5407914020518,54.91813933120807,4,EELS,Sodium Azide
1545.5202735710795,54.94215863834095,4,EELS,Sodium Azide
1546.4997557401073,54.92142827103551,4,EELS,Sodium Azide
1547.4792379091352,54.94679858565505,4,EELS,Sodium Azide
1548.458720078163,54.91813933120807,4,EELS,Sodium Azide
1549.438202247191,54.92797714297536,4,EELS,Sodium Azide
1550.4176844162187,54.91813933120807,4,EELS,Sodium Azide
1551.3971665852466,54.91936629174891,4,EELS,Sodium Azide
1552.3766487542744,54.94336626409421,4,EELS,Sodium Azide
1553.3561309233023,54.928139331208065,4,EELS,Sodium Azide
1554.33561309233,54.93747867957,4,EELS,Sodium Azide
1555.315095261358,54.92209735481176,4,EELS,Sodium Azide
1556.2945774303857,54.928139331208065,4,EELS,Sodium Azide
1557.2740595994137,54.91813933120807,4,EELS,Sodium Azide
1558.2535417684414,54.91813933120807,4,EELS,Sodium Azide
1559.2330239374694,54.91813933120807,4,EELS,Sodium Azide
1560.2125061064971,54.950271205827306,4,EELS,Sodium Azide
1561.191988275525,54.919102213328465,4,EELS,Sodium Azide
1562.1714704445528,54.94813933120807,4,EELS,Sodium Azide
1563.1509526135808,54.91813933120807,4,EELS,Sodium Azide
1564.1304347826085,54.91813933120807,4,EELS,Sodium Azide
1565.1099169516365,54.93077471513102,4,EELS,Sodium Azide
1566.0893991206642,54.91930273546322,4,EELS,Sodium Azide
1567.0688812896922,54.928139331208065,4,EELS,Sodium Azide
1568.04836345872,54.94549122986711,4,EELS,Sodium Azide
1569.0278456277479,54.928139331208065,4,EELS,Sodium Azide
1570.0073277967756,54.91813933120807,4,EELS,Sodium Azide
1570.9868099658036,54.92228743675105,4,EELS,Sodium Azide
1571.9662921348313,54.93244524808434,4,EELS,Sodium Azide
1572.9457743038593,54.928139331208065,4,EELS,Sodium Azide
1573.925256472887,54.91813933120807,4,EELS,Sodium Azide
1574.904738641915,54.942924773415456,4,EELS,Sodium Azide
1575.8842208109427,54.91813933120807,4,EELS,Sodium Azide
1576.8637029799706,54.91813933120807,4,EELS,Sodium Azide
1577.8431851489984,54.930133002728184,4,EELS,Sodium Azide
1578.8226673180263,54.92728989277731,4,EELS,Sodium Azide
1579.802149487054,54.91813933120807,4,EELS,Sodium Azide
1580.781631656082,54.92364403388247,4,EELS,Sodium Azide
1581.7611138251098,54.91813933120807,4,EELS,Sodium Azide
1582.7405959941377,54.93457344675666,4,EELS,Sodium Azide
1583.7200781631655,54.91813933120807,4,EELS,Sodium Azide
1584.6995603321934,54.95127821203293,4,EELS,Sodium Azide
1585.6790425012211,54.92599522253267,4,EELS,Sodium Azide
1586.658524670249,54.9291723642176,4,EELS,Sodium Azide
1587.6380068392768,54.91813933120807,4,EELS,Sodium Azide
1588.6174890083048,54.928139331208065,4,EELS,Sodium Azide
1589.5969711773325,54.934413964984174,4,EELS,Sodium Azide
1590.5764533463605,54.91813933120807,4,EELS,Sodium Azide
1591.5559355153882,54.935969105588086,4,EELS,Sodium Azide
1592.5354176844162,54.929372844867885,4,EELS,Sodium Azide
1593.514899853444,54.91813933120807,4,EELS,Sodium Azide
1594.4943820224719,54.91813933120807,4,EELS,Sodium Azide
1595.4738641914996,54.93550217464447,4,EELS,Sodium Azide
1596.4533463605276,54.96375661005508,4,EELS,Sodium Azide
1597.4328285295553,54.928139331208065,4,EELS,Sodium Azide
1598.4123106985833,54.91813933120807,4,EELS,Sodium Azide
1599.391792867611,54.91813933120807,4,EELS,Sodium Azide
1600.371275036639,54.928139331208065,4,EELS,Sodium Azide
1601.3507572056667,54.91813933120807,4,EELS,Sodium Azide
1602.3302393746947,54.928139331208065,4,EELS,Sodium Azide
1603.3097215437224,54.91813933120807,4,EELS,Sodium Azide
1604.2892037127503,54.93520394374573,4,EELS,Sodium Azide
1605.268685881778,54.92041792361719,4,EELS,Sodium Azide
1606.248168050806,54.92537294005687,4,EELS,Sodium Azide
1607.2276502198338,54.928139331208065,4,EELS,Sodium Azide
1608.2071323888617,54.928139331208065,4,EELS,Sodium Azide
1609.1866145578895,54.91813933120807,4,EELS,Sodium Azide
1610.1660967269174,54.91813933120807,4,EELS,Sodium Azide
1611.1455788959452,54.91813933120807,4,EELS,Sodium Azide
1612.1250610649731,54.928139331208065,4,EELS,Sodium Azide
1613.1045432340009,54.91813933120807,4,EELS,Sodium Azide
1614.0840254030288,54.928139331208065,4,EELS,Sodium Azide
1615.0635075720566,54.96372516649535,4,EELS,Sodium Azide
1616.0429897410845,54.95000240322025,4,EELS,Sodium Azide
1617.0224719101122,54.93838319206212,4,EELS,Sodium Azide
1618.0019540791402,54.93020514707263,4,EELS,Sodium Azide
1618.981436248168,54.91813933120807,4,EELS,Sodium Azide
1619.960918417196,54.93512011833578,4,EELS,Sodium Azide
1620.9404005862236,54.91813933120807,4,EELS,Sodium Azide
1621.9198827552516,54.93099453535824,4,EELS,Sodium Azide
1622.8993649242793,54.91973079699797,4,EELS,Sodium Azide
1623.8788470933073,54.92028122792657,4,EELS,Sodium Azide
1624.858329262335,54.91813933120807,4,EELS,Sodium Azide
1625.837811431363,54.921421459174795,4,EELS,Sodium Azide
1626.8172936003907,54.92221884027476,4,EELS,Sodium Azide
1627.7967757694187,54.91813933120807,4,EELS,Sodium Azide
1628.7762579384464,54.93681847578042,4,EELS,Sodium Azide
1629.7557401074744,54.91813933120807,4,EELS,Sodium Azide
1630.735222276502,54.91813933120807,4,EELS,Sodium Azide
1631.71470444553,54.920632387344085,4,EELS,Sodium Azide
1632.6941866145578,54.94426266778783,4,EELS,Sodium Azide
1633.6736687835858,54.920408590128716,4,EELS,Sodium Azide
1634.6531509526135,54.92148486886097,4,EELS,Sodium Azide
1635.6326331216414,54.928139331208065,4,EELS,Sodium Azide
1636.6121152906692,54.928139331208065,4,EELS,Sodium Azide
1637.591597459697,54.928139331208065,4,EELS,Sodium Azide
1638.5710796287249,54.928139331208065,4,EELS,Sodium Azide
1639.5505617977526,54.928139331208065,4,EELS,Sodium Azide
1640.5300439667806,54.918300171285445,4,EELS,Sodium Azide
1641.5095261358083,54.95219463146074,4,EELS,Sodium Azide
1642.4890083048363,54.92591679406424,4,EELS,Sodium Azide
1643.468490473864,54.91813933120807,4,EELS,Sodium Azide
1644.447972642892,54.91813933120807,4,EELS,Sodium Azide
1645.4274548119197,54.91813933120807,4,EELS,Sodium Azide
1646.4069369809476,54.928139331208065,4,EELS,Sodium Azide
1647.3864191499754,54.91813933120807,4,EELS,Sodium Azide
1648.3659013190033,54.920497216424614,4,EELS,Sodium Azide
1649.345383488031,54.91813933120807,4,EELS,Sodium Azide
1650.324865657059,54.91813933120807,4,EELS,Sodium Azide
1651.3043478260868,54.92041002157498,4,EELS,Sodium Azide
1652.2838299951147,54.92529293626698,4,EELS,Sodium Azide
1653.2633121641425,54.91975613403068,4,EELS,Sodium Azide
1654.2427943331704,54.93153376700379,4,EELS,Sodium Azide
1655.2222765021982,54.91813933120807,4,EELS,Sodium Azide
1656.2017586712261,54.91813933120807,4,EELS,Sodium Azide
1657.1812408402538,54.928139331208065,4,EELS,Sodium Azide
1658.1607230092818,54.928139331208065,4,EELS,Sodium Azide
1659.1402051783095,54.93344914573947,4,EELS,Sodium Azide
1660.1196873473375,54.93813933120807,4,EELS,Sodium Azide
1661.0991695163652,54.92787423653085,4,EELS,Sodium Azide
1662.0786516853932,54.91813933120807,4,EELS,Sodium Azide
1663.058133854421,54.945990944407384,4,EELS,Sodium Azide
1664.037616023449,54.928078560863135,4,EELS,Sodium Azide
1665.0170981924766,54.929912918193246,4,EELS,Sodium Azide
1665.9965803615046,54.91813933120807,4,EELS,Sodium Azide
1666.9760625305323,54.91983917253902,4,EELS,Sodium Azide
1667.9555446995603,54.928139331208065,4,EELS,Sodium Azide
1668.935026868588,54.91813933120807,4,EELS,Sodium Azide
1669.914509037616,54.92861089374476,4,EELS,Sodium Azide
1670.8939912066437,54.92646454676272,4,EELS,Sodium Azide
1671.8734733756717,54.91813933120807,4,EELS,Sodium Azide
1672.8529555446994,54.921520785515426,4,EELS,Sodium Azide
1673.8324377137274,54.928139331208065,4,EELS,Sodium Azide
1674.811919882755,54.91813933120807,4,EELS,Sodium Azide
1675.791402051783,54.91813933120807,4,EELS,Sodium Azide
1676.7708842208108,54.91813933120807,4,EELS,Sodium Azide
1677.7503663898387,54.92497418865376,4,EELS,Sodium Azide
1678.7298485588665,54.91813933120807,4,EELS,Sodium Azide
1679.7093307278944,54.94017947541087,4,EELS,Sodium Azide
1680.6888128969222,54.91813933120807,4,EELS,Sodium Azide
1681.6682950659501,54.92048941418703,4,EELS,Sodium Azide
1682.6477772349779,54.94813933120807,4,EELS,Sodium Azide
1683.6272594040058,54.928139331208065,4,EELS,Sodium Azide
1684.6067415730336,54.928139331208065,4,EELS,Sodium Azide
1685.5862237420615,54.93501874366189,4,EELS,Sodium Azide
1686.5657059110893,54.936603114135245,4,EELS,Sodium Azide
1687.5451880801172,54.93813933120807,4,EELS,Sodium Azide
1688.524670249145,54.92154711930543,4,EELS,Sodium Azide
1689.504152418173,54.91813933120807,4,EELS,Sodium Azide
1690.4836345872006,54.91813933120807,4,EELS,Sodium Azide
1691.4631167562286,54.92218537094096,4,EELS,Sodium Azide
1692.4425989252563,54.91813933120807,4,EELS,Sodium Azide
1693.4220810942843,54.92898833776702,4,EELS,Sodium Azide
1694.401563263312,54.928139331208065,4,EELS,Sodium Azide
1695.38104543234,54.95111396620885,4,EELS,Sodium Azide
1696.3605276013677,54.92986744686445,4,EELS,Sodium Azide
1697.3400097703957,54.943056797235904,4,EELS,Sodium Azide
1698.3194919394234,54.91813933120807,4,EELS,Sodium Azide
1699.2989741084514,54.924609258690396,4,EELS,Sodium Azide
1700.278456277479,54.94389775372993,4,EELS,Sodium Azide
1701.257938446507,54.928139331208065,4,EELS,Sodium Azide
1702.2374206155348,54.93133455360198,4,EELS,Sodium Azide
1703.2169027845628,54.930220623072934,4,EELS,Sodium Azide
1704.1963849535905,54.928196608126505,4,EELS,Sodium Azide
1705.1758671226185,54.928441990616385,4,EELS,Sodium Azide
1706.1553492916462,54.92144373042976,4,EELS,Sodium Azide
1707.1348314606741,54.94749399487697,4,EELS,Sodium Azide
1708.1143136297019,54.91813933120807,4,EELS,Sodium Azide
1709.0937957987298,54.92300100097577,4,EELS,Sodium Azide
1710.0732779677576,54.928139331208065,4,EELS,Sodium Azide
1711.0527601367855,54.93695792693857,4,EELS,Sodium Azide
1712.0322423058133,54.91813933120807,4,EELS,Sodium Azide
1713.0117244748412,54.91813933120807,4,EELS,Sodium Azide
1713.991206643869,54.928139331208065,4,EELS,Sodium Azide
1714.970688812897,54.928139331208065,4,EELS,Sodium Azide
1715.9501709819247,54.930767257048416,4,EELS,Sodium Azide
1716.9296531509526,54.92585586867855,4,EELS,Sodium Azide
1717.9091353199804,54.95141625093769,4,EELS,Sodium Azide
1718.8886174890083,54.91865766897409,4,EELS,Sodium Azide
1719.868099658036,54.91813933120807,4,EELS,Sodium Azide
1720.847581827064,54.94147886725563,4,EELS,Sodium Azide
1721.8270639960917,54.93813933120807,4,EELS,Sodium Azide
1722.8065461651197,54.93813933120807,4,EELS,Sodium Azide
1723.7860283341474,54.91813933120807,4,EELS,Sodium Azide
1724.7655105031754,54.92828027284348,4,EELS,Sodium Azide
1725.7449926722031,54.91813933120807,4,EELS,Sodium Azide
1726.724474841231,54.91813933120807,4,EELS,Sodium Azide
1727.7039570102588,54.91813933120807,4,EELS,Sodium Azide
1728.6834391792866,54.928139331208065,4,EELS,Sodium Azide
1729.6629213483145,54.93189120349604,4,EELS,Sodium Azide
1730.6424035173422,54.928139331208065,4,EELS,Sodium Azide
1731.6218856863702,54.928139331208065,4,EELS,Sodium Azide
1732.601367855398,54.945213413050304,4,EELS,Sodium Azide
1733.580850024426,54.92295512286851,4,EELS,Sodium Azide
1734.5603321934536,54.95587260475727,4,EELS,Sodium Azide
1735.5398143624816,54.93813933120807,4,EELS,Sodium Azide
1736.5192965315093,54.9302811649569,4,EELS,Sodium Azide
1737.4987787005373,54.92311492498499,4,EELS,Sodium Azide
1738.478260869565,54.92844587112817,4,EELS,Sodium Azide
1739.457743038593,54.928139331208065,4,EELS,Sodium Azide
1740.4372252076207,54.940866222365415,4,EELS,Sodium Azide
1741.4167073766487,54.92291886969026,4,EELS,Sodium Azide
1742.3961895456764,54.928139331208065,4,EELS,Sodium Azide
1743.3756717147044,54.928139331208065,4,EELS,Sodium Azide
1744.355153883732,54.91813933120807,4,EELS,Sodium Azide
1745.33463605276,54.928139331208065,4,EELS,Sodium Azide
1746.3141182217878,54.92783949245862,4,EELS,Sodium Azide
1747.2936003908158,54.93813933120807,4,EELS,Sodium Azide
1748.2730825598435,54.91813933120807,4,EELS,Sodium Azide
1749.2525647288714,54.958139331208066,4,EELS,Sodium Azide
1750.2320468978992,54.945926851004074,4,EELS,Sodium Azide
1751.2115290669271,54.93073370947664,4,EELS,Sodium Azide
1752.1910112359549,54.91813933120807,4,EELS,Sodium Azide
1753.1704934049828,54.94427653638251,4,EELS,Sodium Azide
1754.1499755740106,54.91813933120807,4,EELS,Sodium Azide
1755.1294577430385,54.91813933120807,4,EELS,Sodium Azide
1756.1089399120663,54.926365558256315,4,EELS,Sodium Azide
1757.0884220810942,54.91813933120807,4,EELS,Sodium Azide
1758.067904250122,54.928139331208065,4,EELS,Sodium Azide
1759.04738641915,54.9489436559,4,EELS,Sodium Azide
1760.0268685881776,54.91813933120807,4,EELS,Sodium Azide
1761.0063507572056,54.91813933120807,4,EELS,Sodium Azide
1761.9858329262333,54.91910568381524,4,EELS,Sodium Azide
1762.9653150952613,54.932591698517136,4,EELS,Sodium Azide
1763.944797264289,54.93237765439492,4,EELS,Sodium Azide
1764.924279433317,54.947204460250575,4,EELS,Sodium Azide
1765.9037616023447,54.93464167449583,4,EELS,Sodium Azide
1766.8832437713727,54.93111877286353,4,EELS,Sodium Azide
1767.8627259404004,54.923157981782424,4,EELS,Sodium Azide
1768.8422081094284,54.928139331208065,4,EELS,Sodium Azide
1769.8216902784561,54.92746696662837,4,EELS,Sodium Azide
1770.801172447484,54.937091808219506,4,EELS,Sodium Azide
1771.7806546165118,54.94813933120807,4,EELS,Sodium Azide
1772.7601367855398,54.91813933120807,4,EELS,Sodium Azide
1773.7396189545675,54.93813933120807,4,EELS,Sodium Azide
1774.7191011235955,54.92675304725828,4,EELS,Sodium Azide
1775.6985832926232,54.923043384767894,4,EELS,Sodium Azide
1776.6780654616512,54.93447556565099,4,EELS,Sodium Azide
1777.657547630679,54.927133832749824,4,EELS,Sodium Azide
1778.6370297997069,54.928139331208065,4,EELS,Sodium Azide
1779.6165119687346,54.928139331208065,4,EELS,Sodium Azide
1780.5959941377625,54.923422499851064,4,EELS,Sodium Azide
1781.5754763067903,54.93037709621314,4,EELS,Sodium Azide
1782.5549584758182,54.92174985428152,4,EELS,Sodium Azide
1783.534440644846,54.91813933120807,4,EELS,Sodium Azide
1784.513922813874,54.920615988355074,4,EELS,Sodium Azide
1785.4934049829017,54.91813933120807,4,EELS,Sodium Azide
1786.4728871519296,54.928139331208065,4,EELS,Sodium Azide
1787.4523693209574,54.93813933120807,4,EELS,Sodium Azide
1788.4318514899853,54.91981843271009,4,EELS,Sodium Azide
1789.411333659013,54.91813933120807,4,EELS,Sodium Azide
1790.390815828041,54.92262964918823,4,EELS,Sodium Azide
1791.3702979970687,54.91813933120807,4,EELS,Sodium Azide
1792.3497801660967,54.9190348901488,4,EELS,Sodium Azide
1793.3292623351244,54.928139331208065,4,EELS,Sodium Azide
1794.3087445041524,54.91813933120807,4,EELS,Sodium Azide
1795.2882266731801,54.920898526292255,4,EELS,Sodium Azide
1796.267708842208,54.938968280515844,4,EELS,Sodium Azide
1797.2471910112358,54.931142077725205,4,EELS,Sodium Azide
1798.2266731802638,54.934525227370756,4,EELS,Sodium Azide
1799.2061553492915,54.93826518045915,4,EELS,Sodium Azide
1800.1856375183195,54.92313409911883,4,EELS,Sodium Azide
1801.1651196873472,54.92870463216455,4,EELS,Sodium Azide
1802.1446018563752,54.94732682021366,4,EELS,Sodium Azide
1803.124084025403,54.9305096109117,4,EELS,Sodium Azide
1804.1035661944309,54.91813933120807,4,EELS,Sodium Azide
1805.0830483634586,54.92983531909149,4,EELS,Sodium Azide
1806.0625305324866,54.933760480625544,4,EELS,Sodium Azide
1807.0420127015143,54.91813933120807,4,EELS,Sodium Azide
1808.0214948705423,54.92390087635263,4,EELS,Sodium Azide
1809.00097703957,54.91813933120807,4,EELS,Sodium Azide
1809.980459208598,54.92391603995932,4,EELS,Sodium Azide
1810.9599413776257,54.93602737581609,4,EELS,Sodium Azide
1811.9394235466536,54.92655056830858,4,EELS,Sodium Azide
1812.9189057156814,54.930365029723326,4,EELS,Sodium Azide
1813.8983878847093,54.94813933120807,4,EELS,Sodium Azide
1814.877870053737,54.933065154232054,4,EELS,Sodium Azide
1815.857352222765,54.92528120991901,4,EELS,Sodium Azide
1816.8368343917928,54.91813933120807,4,EELS,Sodium Azide
1817.8163165608207,54.9451337429625,4,EELS,Sodium Azide
1818.7957987298485,54.92279792959278,4,EELS,Sodium Azide
1819.7752808988762,54.94524698766335,4,EELS,Sodium Azide
1820.7547630679042,54.91813933120807,4,EELS,Sodium Azide
1821.7342452369319,54.931175499561235,4,EELS,Sodium Azide
1822.7137274059598,54.922756591372725,4,EELS,Sodium Azide
1823.6932095749876,54.93813933120807,4,EELS,Sodium Azide
1824.6726917440155,54.91813933120807,4,EELS,Sodium Azide
1825.6521739130433,54.93813933120807,4,EELS,Sodium Azide
1826.6316560820712,54.91813933120807,4,EELS,Sodium Azide
1827.611138251099,54.950288695404936,4,EELS,Sodium Azide
1828.590620420127,54.937983165369175,4,EELS,Sodium Azide
1829.5701025891547,54.94866872669002,4,EELS,Sodium Azide
1830.5495847581826,54.943593466306346,4,EELS,Sodium Azide
1831.5290669272104,54.94009584340834,4,EELS,Sodium Azide
1832.5085490962383,54.928139331208065,4,EELS,Sodium Azide
1833.488031265266,54.92457415856113,4,EELS,Sodium Azide
1834.467513434294,54.924194260426816,4,EELS,Sodium Azide
1835.4469956033217,54.9440078825827,4,EELS,Sodium Azide
1836.4264777723497,54.93919645993363,4,EELS,Sodium Azide
1837.4059599413774,54.92952669541258,4,EELS,Sodium Azide
1838.3854421104054,54.928139331208065,4,EELS,Sodium Azide
1839.3649242794331,54.94839631637433,4,EELS,Sodium Azide
1840.344406448461,54.93813933120807,4,EELS,Sodium Azide
1841.3238886174888,54.94062216638164,4,EELS,Sodium Azide
1842.3033707865168,54.94780495943924,4,EELS,Sodium Azide
1843.2828529555445,54.928139331208065,4,EELS,Sodium Azide
1844.2623351245725,54.91813933120807,4,EELS,Sodium Azide
1845.2418172936002,54.92116717154967,4,EELS,Sodium Azide
1846.2212994626282,54.9319231348468,4,EELS,Sodium Azide
1847.200781631656,54.93276023344022,4,EELS,Sodium Azide
1848.1802638006839,54.928139331208065,4,EELS,Sodium Azide
1849.1597459697116,54.940572065039284,4,EELS,Sodium Azide
1850.1392281387396,54.932557445924445,4,EELS,Sodium Azide
1851.1187103077673,54.91813933120807,4,EELS,Sodium Azide
1852.0981924767952,54.94670271213936,4,EELS,Sodium Azide
1853.077674645823,54.938153238451896,4,EELS,Sodium Azide
1854.057156814851,54.937832951497,4,EELS,Sodium Azide
1855.0366389838787,54.93557930916437,4,EELS,Sodium Azide
1856.0161211529066,54.928139331208065,4,EELS,Sodium Azide
1856.9956033219344,54.91813933120807,4,EELS,Sodium Azide
1857.9750854909623,54.91885037012977,4,EELS,Sodium Azide
1858.95456765999,54.91813933120807,4,EELS,Sodium Azide
1859.934049829018,54.93653299364803,4,EELS,Sodium Azide
1860.9135319980458,54.928139331208065,4,EELS,Sodium Azide
1861.8930141670737,54.92830933781143,4,EELS,Sodium Azide
1862.8724963361014,54.91813933120807,4,EELS,Sodium Azide
1863.8519785051294,54.92406302990227,4,EELS,Sodium Azide
1864.8314606741571,54.928139331208065,4,EELS,Sodium Azide
1865.810942843185,54.928139331208065,4,EELS,Sodium Azide
1866.7904250122128,54.91813933120807,4,EELS,Sodium Azide
1867.7699071812408,54.943451372074044,4,EELS,Sodium Azide
1868.7493893502685,54.930419720552024,4,EELS,Sodium Azide
1869.7288715192965,54.928871517154434,4,EELS,Sodium Azide
1870.7083536883242,54.949260068492315,4,EELS,Sodium Azide
1871.6878358573522,54.91813933120807,4,EELS,Sodium Azide
1872.66731802638,54.928139331208065,4,EELS,Sodium Azide
1873.6468001954079,54.91813933120807,4,EELS,Sodium Azide
1874.6262823644356,54.91813933120807,4,EELS,Sodium Azide
1875.6057645334636,54.928139331208065,4,EELS,Sodium Azide
1876.5852467024913,54.93813933120807,4,EELS,Sodium Azide
1877.5647288715193,54.932885279225765,4,EELS,Sodium Azide
1878.544211040547,54.91999012333792,4,EELS,Sodium Azide
1879.523693209575,54.928139331208065,4,EELS,Sodium Azide
1880.5031753786027,54.93813933120807,4,EELS,Sodium Azide
1881.4826575476307,54.928139331208065,4,EELS,Sodium Azide
1882.4621397166584,54.91813933120807,4,EELS,Sodium Azide
1883.4416218856863,54.91813933120807,4,EELS,Sodium Azide
1884.421104054714,54.93334522499206,4,EELS,Sodium Azide
1885.400586223742,54.91853574017612,4,EELS,Sodium Azide
1886.3800683927698,54.93857666034637,4,EELS,Sodium Azide
1887.3595505617977,54.928139331208065,4,EELS,Sodium Azide
1888.3390327308255,54.92104715421777,4,EELS,Sodium Azide
1889.3185148998534,54.91813933120807,4,EELS,Sodium Azide
1890.2979970688812,54.928139331208065,4,EELS,Sodium Azide
1891.2774792379091,54.925753369018594,4,EELS,Sodium Azide
1892.2569614069369,54.91813933120807,4,EELS,Sodium Azide
1893.2364435759648,54.928139331208065,4,EELS,Sodium Azide
1894.2159257449925,54.92915900287676,4,EELS,Sodium Azide
1895.1954079140205,54.928139331208065,4,EELS,Sodium Azide
1896.1748900830482,54.91813933120807,4,EELS,Sodium Azide
1897.1543722520762,54.91813933120807,4,EELS,Sodium Azide
1898.133854421104,54.94902535395507,4,EELS,Sodium Azide
1899.113336590132,54.94052431491423,4,EELS,Sodium Azide
1900.0928187591596,54.91813933120807,4,EELS,Sodium Azide
1901.0723009281876,54.91813933120807,4,EELS,Sodium Azide
1902.0517830972153,54.91813933120807,4,EELS,Sodium Azide
1903.0312652662433,54.93813933120807,4,EELS,Sodium Azide
1904.010747435271,54.928139331208065,4,EELS,Sodium Azide
1904.990229604299,54.93577841134823,4,EELS,Sodium Azide
1905.9697117733267,54.93777362425308,4,EELS,Sodium Azide
1906.9491939423547,54.95885782160931,4,EELS,Sodium Azide
1907.9286761113824,54.92152576197962,4,EELS,Sodium Azide
1908.9081582804104,54.92436668239795,4,EELS,Sodium Azide
1909.887640449438,54.928139331208065,4,EELS,Sodium Azide
1910.8671226184658,54.91813933120807,4,EELS,Sodium Azide
1911.8466047874938,54.91813933120807,4,EELS,Sodium Azide
1912.8260869565215,54.91813933120807,4,EELS,Sodium Azide
1913.8055691255495,54.928139331208065,4,EELS,Sodium Azide
1914.7850512945772,54.928139331208065,4,EELS,Sodium Azide
1915.7645334636052,54.91813933120807,4,EELS,Sodium Azide
1916.744015632633,54.928139331208065,4,EELS,Sodium Azide
1917.7234978016609,54.92697197570382,4,EELS,Sodium Azide
1918.7029799706886,54.92156862902639,4,EELS,Sodium Azide
1919.6824621397166,54.91813933120807,4,EELS,Sodium Azide
1920.6619443087443,54.92863182660563,4,EELS,Sodium Azide
1921.6414264777723,54.928139331208065,4,EELS,Sodium Azide
1922.6209086468,54.958139331208066,4,EELS,Sodium Azide
1923.600390815828,54.91813933120807,4,EELS,Sodium Azide
1924.5798729848557,54.93253244977753,4,EELS,Sodium Azide
1925.5593551538836,54.91813933120807,4,EELS,Sodium Azide
1926.5388373229114,54.91813933120807,4,EELS,Sodium Azide
1927.5183194919393,54.926378463543436,4,EELS,Sodium Azide
1928.497801660967,54.91813933120807,4,EELS,Sodium Azide
1929.477283829995,54.92291902809084,4,EELS,Sodium Azide
1930.4567659990228,54.93840296661529,4,EELS,Sodium Azide
1931.4362481680507,54.928139331208065,4,EELS,Sodium Azide
1932.4157303370785,54.928139331208065,4,EELS,Sodium Azide
1933.3952125061064,54.928139331208065,4,EELS,Sodium Azide
1934.3746946751342,54.922121750000876,4,EELS,Sodium Azide
1935.354176844162,54.93596909491825,4,EELS,Sodium Azide
1936.3336590131898,54.935551292841005,4,EELS,Sodium Azide
1937.3131411822178,54.94677575387019,4,EELS,Sodium Azide
1938.2926233512455,54.927126490915505,4,EELS,Sodium Azide
1939.2721055202735,54.922896513189905,4,EELS,Sodium Azide
1940.2515876893012,54.925553794737276,4,EELS,Sodium Azide
1941.2310698583292,54.92125648114563,4,EELS,Sodium Azide
1942.210552027357,54.928139331208065,4,EELS,Sodium Azide
1943.1900341963849,54.945633889123464,4,EELS,Sodium Azide
1944.1695163654126,54.94177855778689,4,EELS,Sodium Azide
1945.1489985344406,54.93813933120807,4,EELS,Sodium Azide
1946.1284807034683,54.924772245198525,4,EELS,Sodium Azide
1947.1079628724963,54.953061663189615,4,EELS,Sodium Azide
1948.087445041524,54.922428474461334,4,EELS,Sodium Azide
1949.066927210552,54.91813933120807,4,EELS,Sodium Azide
1950.0464093795797,54.932740229228926,4,EELS,Sodium Azide
1951.0258915486077,54.920762510955576,4,EELS,Sodium Azide
1952.0053737176354,54.91813933120807,4,EELS,Sodium Azide
1952.9848558866634,54.928139331208065,4,EELS,Sodium Azide
1953.964338055691,54.928139331208065,4,EELS,Sodium Azide
1954.943820224719,54.94828227138404,4,EELS,Sodium Azide
1955.9233023937468,54.91813933120807,4,EELS,Sodium Azide
1956.9027845627747,54.93798953628702,4,EELS,Sodium Azide
1957.8822667318025,54.91813933120807,4,EELS,Sodium Azide
1958.8617489008304,54.91986099063124,4,EELS,Sodium Azide
1959.8412310698582,54.92274495765619,4,EELS,Sodium Azide
1960.8207132388861,54.93813933120807,4,EELS,Sodium Azide
1961.8001954079139,54.94791900582834,4,EELS,Sodium Azide
1962.7796775769418,54.91813933120807,4,EELS,Sodium Azide
1963.7591597459696,54.93379454870907,4,EELS,Sodium Azide
1964.7386419149975,54.94299281333601,4,EELS,Sodium Azide
1965.7181240840252,54.93570152492872,4,EELS,Sodium Azide
1966.6976062530532,54.93813933120807,4,EELS,Sodium Azide
1967.677088422081,54.93798552849078,4,EELS,Sodium Azide
1968.656570591109,54.91813933120807,4,EELS,Sodium Azide
1969.6360527601366,54.91910786271027,4,EELS,Sodium Azide
1970.6155349291646,54.91813933120807,4,EELS,Sodium Azide
1971.5950170981923,54.91813933120807,4,EELS,Sodium Azide
1972.5744992672203,54.91813933120807,4,EELS,Sodium Azide
1973.553981436248,54.93813933120807,4,EELS,Sodium Azide
1974.533463605276,54.91813933120807,4,EELS,Sodium Azide
1975.5129457743037,54.91813933120807,4,EELS,Sodium Azide
1976.4924279433317,54.92658397915641,4,EELS,Sodium Azide
1977.4719101123594,54.91813933120807,4,EELS,Sodium Azide
1978.4513922813874,54.920401270730494,4,EELS,Sodium Azide
1979.430874450415,54.91813933120807,4,EELS,Sodium Azide
1980.410356619443,54.944114849663144,4,EELS,Sodium Azide
1981.3898387884708,54.93354042365229,4,EELS,Sodium Azide
1982.3693209574988,54.91813933120807,4,EELS,Sodium Azide
1983.3488031265265,54.930933968737044,4,EELS,Sodium Azide
1984.3282852955545,54.91813933120807,4,EELS,Sodium Azide
1985.3077674645822,54.91813933120807,4,EELS,Sodium Azide
1986.2872496336101,54.91813933120807,4,EELS,Sodium Azide
1987.2667318026379,54.925734526262715,4,EELS,Sodium Azide
1988.2462139716658,54.91813933120807,4,EELS,Sodium Azide
1989.2256961406936,54.93506512729056,4,EELS,Sodium Azide
1990.2051783097215,54.91813933120807,4,EELS,Sodium Azide
1991.1846604787493,54.91813933120807,4,EELS,Sodium Azide
1992.1641426477772,54.9284856451176,4,EELS,Sodium Azide
1993.143624816805,54.925672073244655,4,EELS,Sodium Azide
1994.123106985833,54.92346524692961,4,EELS,Sodium Azide
1995.1025891548607,54.919754521848965,4,EELS,Sodium Azide
1996.0820713238886,54.937108632409,4,EELS,Sodium Azide
1997.0615534929163,54.926485034900004,4,EELS,Sodium Azide
1998.0410356619443,54.93653593541631,4,EELS,Sodium Azide
1999.020517830972,54.91813933120807,4,EELS,Sodium Azide
2000.0,54.91813933120807,4,EELS,Sodium Azide
