energy,intensity,line_id,technique,material
20.0,0.0065977826883077025,1,AES,Silicon
21.21152906692721,-0.002440938257295687,1,AES,Silicon
22.423058133854422,-0.005739829601449544,1,AES,Silicon
23.63458720078163,0.005951565839172501,1,AES,Silicon
24.846116267708844,0.002892224703960203,1,AES,Silicon
26.057645334636053,-0.005951565839172526,1,AES,Silicon
27.269174401563262,-0.0008474833053358312,1,AES,Silicon
28.480703468490475,-1.199208658679101e-17,1,AES,Silicon
29.692232535417684,-0.0020447413986244153,1,AES,Silicon
30.903761602344893,0.0009118811446311039,1,AES,Silicon
32.115290669272106,-1.0696078878859745e-17,1,AES,Silicon
33.32681973619931,-0.000911881144631113,1,AES,Silicon
34.538348803126524,0.0,1,AES,Silicon
35.74987787005374,0.0,1,AES,Silicon
36.96140693698095,0.01118430123627731,1,AES,Silicon
38.17293600390816,-1.3118833406358609e-16,1,AES,Silicon
39.38446507083537,-0.011184301236277377,1,AES,Silicon
40.595994137762574,0.005523577987515331,1,AES,Silicon
41.80752320468979,0.0,1,AES,Silicon
43.019052271617,-0.005269085019718497,1,AES,Silicon
44.23058133854421,0.0,1,AES,Silicon
45.442110405471425,-0.00025449296779684986,1,AES,Silicon
46.65363947239863,0.0004180330157070558,1,AES,Silicon
47.86516853932584,-4.903395729033453e-18,1,AES,Silicon
49.07669760625305,0.010997856894695993,1,AES,Silicon
50.28822667318026,0.010000000000015996,1,AES,Silicon
51.499755740107474,-0.011415889910403086,1,AES,Silicon
52.71128480703469,-0.010000000000015968,1,AES,Silicon
53.92281387396189,0.006980664961249003,1,AES,Silicon
55.134342940889105,0.0,1,AES,Silicon
56.34587200781632,-0.006980664961249003,1,AES,Silicon
57.557401074743524,0.0030999179793798765,1,AES,Silicon
58.76893014167074,0.010000000000015996,1,AES,Silicon
59.98045920859795,-0.002312775534187966,1,AES,Silicon
61.191988275525155,-0.010000000000016074,1,AES,Silicon
62.40351734245237,-0.0007871424451920211,1,AES,Silicon
63.61504640937958,0.0007419092569100822,1,AES,Silicon
64.82657547630679,0.002783052687841278,1,AES,Silicon
66.038104543234,-9.607508039331121e-05,1,AES,Silicon
67.24963361016121,-0.0027830526878412773,1,AES,Silicon
68.46116267708842,-0.0006458341765167607,1,AES,Silicon
69.67269174401562,0.0,1,AES,Silicon
70.88422081094285,0.0,1,AES,Silicon
72.09574987787005,0.0,1,AES,Silicon
73.30727894479726,0.003983967497992385,1,AES,Silicon
74.51880801172447,0.0012949913107521702,1,AES,Silicon
75.73033707865169,-0.003983967497992385,1,AES,Silicon
76.9418661455789,-7.361882546504789e-05,1,AES,Silicon
78.1533952125061,5.73052596602797e-17,1,AES,Silicon
79.36492427943332,-0.0012213724852870647,1,AES,Silicon
80.57645334636052,0.002305219201331935,1,AES,Silicon
81.78798241328774,0.003885519087760563,1,AES,Silicon
82.99951148021495,0.001204488223282433,1,AES,Silicon
84.21104054714216,-0.003885519087760563,1,AES,Silicon
85.42256961406937,-0.003509707424614361,1,AES,Silicon
86.63409868099657,0.001249069083033964,1,AES,Silicon
87.84562774792379,0.004992843528979613,1,AES,Silicon
89.057156814851,0.1501386644321682,1,AES,Silicon
90.26868588177821,0.6224217071233822,1,AES,Silicon
91.48021494870542,-0.15138773351520216,1,AES,Silicon
92.69174401563264,-0.6274145506523582,1,AES,Silicon
93.90327308255983,0.0019501995111646038,1,AES,Silicon
95.11480214948705,0.0051107422418675405,1,AES,Silicon
96.32633121641426,-0.0019501995111646153,1,AES,Silicon
97.53786028334147,-0.0013287363874754836,1,AES,Silicon
98.74938935026869,0.0013628945964424132,1,AES,Silicon
99.9609184171959,-0.0037820058543920564,1,AES,Silicon
101.17244748412311,-9.060670623943228e-07,1,AES,Silicon
102.38397655105031,0.005796385261372135,1,AES,Silicon
103.59550561797752,-0.0013619885293799866,1,AES,Silicon
104.80703468490474,0.0001002739101966503,1,AES,Silicon
106.01856375183195,0.0,1,AES,Silicon
107.23009281875916,-0.0027991622287021774,1,AES,Silicon
108.44162188568637,0.0003280535420173004,1,AES,Silicon
109.65315095261357,-0.003097496942866656,1,AES,Silicon
110.86468001954078,1.7764512168808237e-05,1,AES,Silicon
112.076209086468,0.0,1,AES,Silicon
113.28773815339521,-0.00034581805418617547,1,AES,Silicon
114.49926722032242,0.0013458470957668164,1,AES,Silicon
115.71079628724964,0.015569726653845145,1,AES,Silicon
116.92232535417685,-0.0013458470957671735,1,AES,Silicon
118.13385442110405,-0.015569726653845421,1,AES,Silicon
119.34538348803126,0.0,1,AES,Silicon
120.55691255495847,0.0034498681364052907,1,AES,Silicon
121.76844162188569,0.0012389614969100888,1,AES,Silicon
122.9799706888129,0.006550131863610705,1,AES,Silicon
124.19149975574011,0.0006953850910103205,1,AES,Silicon
125.40302882266731,-0.009634144669577493,1,AES,Silicon
126.61455788959452,0.0017161775082183191,1,AES,Silicon
127.82608695652173,-0.000365855330438633,1,AES,Silicon
129.03761602344895,-0.0036505240961389007,1,AES,Silicon
130.24914509037615,0.0,1,AES,Silicon
131.46067415730337,0.0,1,AES,Silicon
132.67220322423057,0.001115985957027297,1,AES,Silicon
133.8837322911578,0.0009838367728433575,1,AES,Silicon
135.095261358085,-0.0010967149166871636,1,AES,Silicon
136.3067904250122,-0.000983836772843409,1,AES,Silicon
137.51831949193942,-1.9271040340172096e-05,1,AES,Silicon
138.72984855886665,0.0,1,AES,Silicon
139.94137762579385,0.0,1,AES,Silicon
141.15290669272105,0.01000000000001611,1,AES,Silicon
142.36443575964825,4.691874129365319e-16,1,AES,Silicon
143.57596482657547,-0.008477256989642615,1,AES,Silicon
144.7874938935027,0.007108452683349577,1,AES,Silicon
145.9990229604299,-0.0008648130993919156,1,AES,Silicon
147.2105520273571,-0.006137824727295063,1,AES,Silicon
148.42208109428432,-0.0006579299109814052,1,AES,Silicon
149.63361016121152,-0.0009706279560546007,1,AES,Silicon
150.84513922813875,0.0,1,AES,Silicon
152.05666829506595,0.00022698907737525757,1,AES,Silicon
153.26819736199315,0.009283199494279696,1,AES,Silicon
154.47972642892037,-0.00022698907737568513,1,AES,Silicon
155.69125549584757,-0.008146760602762308,1,AES,Silicon
156.9027845627748,-5.3320282347086224e-17,1,AES,Silicon
158.114313629702,-0.0011364388915178663,1,AES,Silicon
159.32584269662922,0.01430694657257772,1,AES,Silicon
160.53737176355642,0.002833803592992117,1,AES,Silicon
161.74890083048362,-0.001325791235240938,1,AES,Silicon
162.96042989741085,0.0071661964070236055,1,AES,Silicon
164.17195896433805,-0.007694456408370583,1,AES,Silicon
165.38348803126527,-0.010000000000016008,1,AES,Silicon
166.59501709819247,-0.003075015615836997,1,AES,Silicon
167.80654616511967,0.008255151393642392,1,AES,Silicon
169.0180752320469,-0.002211683313129704,1,AES,Silicon
170.2296042989741,-0.008255151393642676,1,AES,Silicon
171.44113336590132,0.0003755552478162824,1,AES,Silicon
172.65266243282852,1.762057951373737e-17,1,AES,Silicon
173.86419149975575,-0.00037555524781626476,1,AES,Silicon
175.07572056668295,0.00025839269709605046,1,AES,Silicon
176.28724963361014,1.2123460107199351e-17,1,AES,Silicon
177.49877870053737,0.001526431048114945,1,AES,Silicon
178.71030776746457,8.374168355618754e-17,1,AES,Silicon
179.9218368343918,0.004056400798611576,1,AES,Silicon
181.133365901319,2.740629032092995e-16,1,AES,Silicon
182.34489496824622,-0.005841224543822204,1,AES,Silicon
183.55642403517342,0.0030658953834036932,1,AES,Silicon
184.76795310210062,1.4384795232709173e-16,1,AES,Silicon
185.97948216902785,-0.0022086690721192306,1,AES,Silicon
187.19101123595505,0.004926217725005938,1,AES,Silicon
188.40254030288227,-0.0008572263112845457,1,AES,Silicon
189.61406936980947,-0.004230389680549361,1,AES,Silicon
190.82559843673667,0.0009794180652850655,1,AES,Silicon
192.0371275036639,0.0022506211296266817,1,AES,Silicon
193.2486565705911,-0.0009794180652849406,1,AES,Silicon
194.46018563751832,0.007053550825932956,1,AES,Silicon
195.67171470444552,0.00196703671694328,1,AES,Silicon
196.88324377137275,-0.00888075640053646,1,AES,Silicon
198.09477283829995,-0.0010230064529809604,1,AES,Silicon
199.30630190522714,0.00018641280631808817,1,AES,Silicon
200.51783097215437,-0.0009440302639619474,1,AES,Silicon
201.72936003908157,-0.00043036388254071646,1,AES,Silicon
202.9408891060088,0.0011044997250264786,1,AES,Silicon
204.152418172936,-0.0008752925232567725,1,AES,Silicon
205.36394723986322,0.005927028727052644,1,AES,Silicon
206.57547630679042,0.0017857300788607726,1,AES,Silicon
207.78700537371762,-0.0070315284520790266,1,AES,Silicon
208.99853444064485,0.0006886178939773694,1,AES,Silicon
210.21006350757204,1.1609329240787663e-16,1,AES,Silicon
211.42159257449927,0.0004919310455267998,1,AES,Silicon
212.63312164142647,0.004366389255283082,1,AES,Silicon
213.8446507083537,0.007033720981651403,1,AES,Silicon
215.0561797752809,-0.0007357218716457339,1,AES,Silicon
216.2677088422081,-0.008444356048996167,1,AES,Silicon
217.47923790913532,0.00946742371463034,1,AES,Silicon
218.69076697606252,0.025592783549531185,1,AES,Silicon
219.90229604298975,-0.003098091098252076,1,AES,Silicon
221.11382510991695,-0.027148427500551492,1,AES,Silicon
222.32535417684414,-0.01000000000001623,1,AES,Silicon
223.53688324377137,0.0,1,AES,Silicon
224.74841231069857,0.0,1,AES,Silicon
225.9599413776258,0.001285696531428332,1,AES,Silicon
227.171470444553,0.011042762250382154,1,AES,Silicon
228.38299951148022,0.0018317019087028532,1,AES,Silicon
229.59452857840742,-0.010993762131598424,1,AES,Silicon
230.80605764533462,0.012360523012100158,1,AES,Silicon
232.01758671226185,-4.9000118784781204e-05,1,AES,Silicon
233.22911577918904,0.0047735568347316865,1,AES,Silicon
234.44064484611627,0.0023579471855071426,1,AES,Silicon
235.65217391304347,-0.020251478286965056,1,AES,Silicon
236.8637029799707,-0.0023579471855079827,1,AES,Silicon
238.0752320468979,0.0018182896672997457,1,AES,Silicon
239.2867611138251,8.531186249682202e-17,1,AES,Silicon
240.49829018075232,0.0008725578917264737,1,AES,Silicon
241.70981924767952,0.001783486590639313,1,AES,Silicon
242.92134831460675,-0.0026908475590261133,1,AES,Silicon
244.13287738153394,-0.001783486590639249,1,AES,Silicon
245.34440644846114,0.0,1,AES,Silicon
246.55593551538837,0.0,1,AES,Silicon
247.76746458231557,0.0032275028159307172,1,AES,Silicon
248.9789936492428,0.0008068532634952447,1,AES,Silicon
250.19052271617,0.006772497184084931,1,AES,Silicon
251.40205178309722,-0.00015418778853827438,1,AES,Silicon
252.61358085002442,-0.00854785768460764,1,AES,Silicon
253.82510991695162,-0.000652665474957485,1,AES,Silicon
255.03663898387885,-0.0008727998226268837,1,AES,Silicon
256.24816805080604,0.0002193706996570835,1,AES,Silicon
257.4596971177333,-0.0005793424927815162,1,AES,Silicon
258.67122618466044,0.0011290194670300073,1,AES,Silicon
259.8827552515877,0.0021134238511085687,1,AES,Silicon
261.0942843185149,0.0027332957958753324,1,AES,Silicon
262.3058133854421,0.0018580309348163885,1,AES,Silicon
263.51734245236935,-0.004081685962562895,1,AES,Silicon
264.7288715192965,-0.003971454785925354,1,AES,Silicon
265.94040058622375,0.0019410090091647348,1,AES,Silicon
267.15192965315094,0.001936300721517029,1,AES,Silicon
268.36345872007814,0.010000046803761578,1,AES,Silicon
269.5749877870054,0.01258345551533746,1,AES,Silicon
270.78651685393254,-0.009789545625074426,1,AES,Silicon
271.9980459208598,-0.010240159715174847,1,AES,Silicon
273.209574987787,0.0014438281037091978,1,AES,Silicon
274.4211040547142,-0.0018247038807771986,1,AES,Silicon
275.63263312164145,0.00640466170845603,1,AES,Silicon
276.84416218856865,0.0004054281729331023,1,AES,Silicon
278.05569125549584,-0.01000000000001611,1,AES,Silicon
279.26722032242304,-0.0028603208138352574,1,AES,Silicon
280.47874938935024,0.0,1,AES,Silicon
281.6902784562775,0.000308558369270036,1,AES,Silicon
282.9018075232047,0.008723233955226057,1,AES,Silicon
284.1133365901319,-0.0003085583692700288,1,AES,Silicon
285.3248656570591,-0.006136931041704705,1,AES,Silicon
286.5363947239863,2.42692154612663e-16,1,AES,Silicon
287.74792379091355,-0.002586302913521171,1,AES,Silicon
288.95945285784074,0.004103918806772898,1,AES,Silicon
290.17098192476794,0.00024225155851904665,1,AES,Silicon
291.38251099169514,-0.004103918806772898,1,AES,Silicon
292.59404005862234,-0.00024225155851905237,1,AES,Silicon
293.8055691255496,0.002561194227415617,1,AES,Silicon
295.0170981924768,0.0,1,AES,Silicon
296.228627259404,-0.0017454285910800602,1,AES,Silicon
297.4401563263312,0.010171746203526769,1,AES,Silicon
298.65168539325845,-0.0008157656363363941,1,AES,Silicon
299.86321446018565,-0.0020918824398680974,1,AES,Silicon
301.07474352711284,0.0023890452008631744,1,AES,Silicon
302.28627259404004,-0.008079863763659312,1,AES,Silicon
303.49780166096724,-0.0016863564185464277,1,AES,Silicon
304.7093307278945,-6.593854637484536e-17,1,AES,Silicon
305.9208597948217,0.0025098694401891777,1,AES,Silicon
307.1323888617489,0.01000000000001611,1,AES,Silicon
308.3439179286761,-0.00321255822250603,1,AES,Silicon
309.5554469956033,-0.008096858758200275,1,AES,Silicon
310.76697606253055,0.0032627642000571393,1,AES,Silicon
311.97850512945774,-0.0019031412418162043,1,AES,Silicon
313.19003419638494,-0.0032627642000572416,1,AES,Silicon
314.40156326331214,0.0,1,AES,Silicon
315.61309233023934,0.0,1,AES,Silicon
316.8246213971666,0.006653452304782428,1,AES,Silicon
318.0361504640938,0.0015262511124382431,1,AES,Silicon
319.247679531021,-0.006653452304782272,1,AES,Silicon
320.4592085979482,0.001932887361822464,1,AES,Silicon
321.67073766487545,0.0079977519201366,1,AES,Silicon
322.88226673180264,0.01043190452799567,1,AES,Silicon
324.09379579872984,-0.007997751920136737,1,AES,Silicon
325.30532486565704,-0.013891043002256657,1,AES,Silicon
326.51685393258424,0.00477459721876868,1,AES,Silicon
327.7283829995115,-4.480361833769065e-16,1,AES,Silicon
328.9399120664387,-0.003101978733547611,1,AES,Silicon
330.1514411333659,0.0029193567358232024,1,AES,Silicon
331.3629702002931,-0.0016726184852214044,1,AES,Silicon
332.5744992672203,-0.0029193567358232705,1,AES,Silicon
333.78602833414755,0.0,1,AES,Silicon
334.99755740107474,0.0,1,AES,Silicon
336.20908646800194,0.0,1,AES,Silicon
337.42061553492914,0.0,1,AES,Silicon
338.63214460185634,0.006152054527772118,1,AES,Silicon
339.8436736687836,-5.772933096250725e-16,1,AES,Silicon
341.0552027357108,-0.006152054527772551,1,AES,Silicon
342.266731802638,0.0004927208960874606,1,AES,Silicon
343.4782608695652,0.005431714324938062,1,AES,Silicon
344.68978993649245,-0.0004927208960879357,1,AES,Silicon
345.90131900341964,-0.001048109034561462,1,AES,Silicon
347.11284807034684,0.010038565249611543,1,AES,Silicon
348.32437713727404,-0.004383605290376936,1,AES,Silicon
349.53590620420124,-0.008297039836075657,1,AES,Silicon
350.7474352711285,0.0007501945732059455,1,AES,Silicon
351.9589643380557,-0.0017415254135362446,1,AES,Silicon
353.1704934049829,-0.00048713205215116824,1,AES,Silicon
354.3820224719101,0.01000000000001611,1,AES,Silicon
355.5935515388373,0.000164749327682667,1,AES,Silicon
356.80508060576454,-0.007504633786639249,1,AES,Silicon
358.01660967269174,0.005549396169481649,1,AES,Silicon
359.22813873961894,-0.002495366213376143,1,AES,Silicon
360.43966780654614,0.0020615366283291596,1,AES,Silicon
361.65119687347334,7.5433556079297e-16,1,AES,Silicon
362.8627259404006,-0.00803874464654693,1,AES,Silicon
364.0742550073278,0.0022171860273221392,1,AES,Silicon
365.285784074255,0.001058971650100121,1,AES,Silicon
366.4973131411822,-0.0022171860273220924,1,AES,Silicon
367.70884220810944,-0.0010589716501000464,1,AES,Silicon
368.92037127503664,0.0,1,AES,Silicon
370.13190034196384,0.01000000000001611,1,AES,Silicon
371.34342940889104,0.0032018881609031957,1,AES,Silicon
372.55495847581824,-0.008654518789719297,1,AES,Silicon
373.7664875427455,-0.003201888160903097,1,AES,Silicon
374.9780166096727,0.002044833150742725,1,AES,Silicon
376.1895456765999,0.0011581170776249748,1,AES,Silicon
377.4010747435271,-0.0003268878418689794,1,AES,Silicon
378.6126038104543,0.0012147597570570763,1,AES,Silicon
379.82413287738154,-0.003063426519170598,1,AES,Silicon
381.03566194430874,-0.002372876834681958,1,AES,Silicon
382.24719101123594,0.012816319022006034,1,AES,Silicon
383.45872007816314,0.0023002972020799853,1,AES,Silicon
384.67024914509034,-0.01281631902200612,1,AES,Silicon
385.8817782120176,-0.001858126495482742,1,AES,Silicon
387.0933072789448,0.004815124771667478,1,AES,Silicon
388.304836345872,-0.00044217070659707136,1,AES,Silicon
389.5163654127992,-0.002753283547673987,1,AES,Silicon
390.72789447972644,-1.9347798995398767e-16,1,AES,Silicon
391.93942354665364,-0.0020618412239937494,1,AES,Silicon
393.15095261358084,0.0041409509300742746,1,AES,Silicon
394.36248168050804,0.013110739539039767,1,AES,Silicon
395.57401074743524,-0.0010750841185103292,1,AES,Silicon
396.7855398143625,-0.0081907927173517,1,AES,Silicon
397.9970688812897,-0.00298670981313609,1,AES,Silicon
399.2085979482169,-0.002349876487894267,1,AES,Silicon
400.4201270151441,-7.91569984269384e-05,1,AES,Silicon
401.6316560820713,-0.0013483873720452474,1,AES,Silicon
402.84318514899854,-1.1463965365004475e-16,1,AES,Silicon
404.05471421592574,-0.0008561350975718572,1,AES,Silicon
405.26624328285294,0.002242963194543125,1,AES,Silicon
406.47777234978014,-0.0003655478641758908,1,AES,Silicon
407.6893014167074,0.005642598846243909,1,AES,Silicon
408.9008304836346,0.0,1,AES,Silicon
410.1123595505618,0.0021144379592294205,1,AES,Silicon
411.323888617489,0.004364562549780713,1,AES,Silicon
412.5354176844162,-0.007016467572169603,1,AES,Silicon
413.74694675134344,-0.0020124475300422663,1,AES,Silicon
414.95847581827064,0.009384507922027838,1,AES,Silicon
416.17000488519784,-0.0023521150197383643,1,AES,Silicon
417.38153395212504,-0.012368040349874383,1,AES,Silicon
418.59306301905224,0.00028568399051040255,1,AES,Silicon
419.8045920859795,-2.680786648495017e-17,1,AES,Silicon
421.0161211529067,0.0033892414137945913,1,AES,Silicon
422.2276502198339,0.0,1,AES,Silicon
423.4391792867611,-0.003674925404305014,1,AES,Silicon
424.6507083536883,0.0,1,AES,Silicon
425.86223742061554,0.001556211242116288,1,AES,Silicon
427.07376648754274,0.01000000000001611,1,AES,Silicon
428.28529555446994,-0.0015562112421162516,1,AES,Silicon
429.49682462139714,-0.0090816180890309,1,AES,Silicon
430.7083536883244,0.0009232034226377447,1,AES,Silicon
431.9198827552516,-0.0009183819109855119,1,AES,Silicon
433.1314118221788,0.009076796577378303,1,AES,Silicon
434.342940889106,0.0008745246154275404,1,AES,Silicon
435.5544699560332,-0.010000000000016265,1,AES,Silicon
436.76599902296044,-0.000874524615427479,1,AES,Silicon
437.97752808988764,0.0,1,AES,Silicon
439.18905715681484,0.0,1,AES,Silicon
440.40058622374204,0.00117171468492603,1,AES,Silicon
441.61211529066924,0.005560162363921939,1,AES,Silicon
442.8236443575965,0.002060539806021836,1,AES,Silicon
444.0351734245237,-0.00556016236392222,1,AES,Silicon
445.2467024914509,-0.00323225449094823,1,AES,Silicon
446.4582315583781,0.0,1,AES,Silicon
447.6697606253053,0.0,1,AES,Silicon
448.88128969223254,0.0,1,AES,Silicon
450.09281875915974,0.0012162266798462023,1,AES,Silicon
451.30434782608694,0.0,1,AES,Silicon
452.51587689301414,0.0007410300891585237,1,AES,Silicon
453.7274059599414,0.005776420040047402,1,AES,Silicon
454.9389350268686,-0.001957256769004892,1,AES,Silicon
456.1504640937958,-0.004262492506682611,1,AES,Silicon
457.361993160723,0.0026009397624210426,1,AES,Silicon
458.5735222276502,-0.0015139275333646309,1,AES,Silicon
459.78505129457744,-0.0017564043416961996,1,AES,Silicon
460.99658036150464,4.745687319034398e-05,1,AES,Silicon
462.20810942843184,-0.0004764243430291972,1,AES,Silicon
463.41963849535904,-4.745687319034398e-05,1,AES,Silicon
464.63116756228624,-0.00027573979347128504,1,AES,Silicon
465.8426966292135,0.0018768019034790548,1,AES,Silicon
467.0542256961407,0.005376541226539452,1,AES,Silicon
468.2657547630679,0.0017383938592334673,1,AES,Silicon
469.4772838299951,0.0026457678121123776,1,AES,Silicon
470.6888128969223,-0.0036151957627118107,1,AES,Silicon
471.90034196384954,-0.004827172995597234,1,AES,Silicon
473.11187103077674,0.0006909594498745062,1,AES,Silicon
474.32340009770394,0.004965184269370848,1,AES,Silicon
475.53492916463114,-0.0006909594498737481,1,AES,Silicon
476.7464582315584,-0.00825269159664839,1,AES,Silicon
477.9579872984856,0.0,1,AES,Silicon
479.1695163654128,0.0,1,AES,Silicon
480.38104543234,0.0,1,AES,Silicon
481.5925744992672,0.01000000000001541,1,AES,Silicon
482.80410356619444,0.000566787777571681,1,AES,Silicon
484.01563263312164,-0.008712027175330714,1,AES,Silicon
485.22716170004884,0.006503921227243441,1,AES,Silicon
486.43869076697604,0.0022938813703528957,1,AES,Silicon
487.65021983390324,-0.007070709004815879,1,AES,Silicon
488.8617489008305,-0.003581854195038041,1,AES,Silicon
490.0732779677577,0.001853891576881326,1,AES,Silicon
491.2848070346849,0.0,1,AES,Silicon
492.4963361016121,0.005048311419242299,1,AES,Silicon
493.7078651685393,0.014444945901483158,1,AES,Silicon
494.91939423546654,-0.006902202996124495,1,AES,Silicon
496.13092330239374,-0.014444945901483526,1,AES,Silicon
497.34245236932094,0.015102327244044634,1,AES,Silicon
498.55398143624814,1.4171643697885245e-15,1,AES,Silicon
499.7655105031754,-0.010437379489585875,1,AES,Silicon
500.9770395701026,0.0,1,AES,Silicon
502.1885686370298,-0.004664947754457583,1,AES,Silicon
503.400097703957,1.976188630636891e-05,1,AES,Silicon
504.6116267708842,0.0001770553621453673,1,AES,Silicon
505.82315583781144,-1.9761886306384136e-05,1,AES,Silicon
507.03468490473864,0.0021702738539611352,1,AES,Silicon
508.24621397166584,0.0,1,AES,Silicon
509.45774303859304,-0.0023473292161065133,1,AES,Silicon
510.66927210552024,0.0004533571189821828,1,AES,Silicon
511.8808011724475,0.0019387612366508463,1,AES,Silicon
513.0923302393746,0.012228499789419403,1,AES,Silicon
514.3038593063019,-0.0019387612366506583,1,AES,Silicon
515.5153883732291,-0.012681856908401299,1,AES,Silicon
516.7269174401563,0.014815169717511335,1,AES,Silicon
517.9384465070835,0.0012523889764284749,1,AES,Silicon
519.1499755740108,-0.01481516971751157,1,AES,Silicon
520.3615046409379,0.0045934242149488,1,AES,Silicon
521.5730337078651,0.0004359420055100484,1,AES,Silicon
522.7845627747924,-0.0014014059740670643,1,AES,Silicon
523.9960918417196,-0.0001814856817451007,1,AES,Silicon
525.2076209086467,0.01332191587256303,1,AES,Silicon
526.419149975574,0.006360881705033688,1,AES,Silicon
527.6306790425012,-0.017766323089872863,1,AES,Silicon
528.8422081094284,-0.002953786890628689,1,AES,Silicon
530.0537371763556,0.0024322228247243925,1,AES,Silicon
531.2652662432829,0.0014963989140577311,1,AES,Silicon
532.47679531021,-0.0024322228247237675,1,AES,Silicon
533.6883243771373,-0.002572433779088555,1,AES,Silicon
534.8998534440644,0.013988875316515204,1,AES,Silicon
536.1113825109917,-0.0025855162731370845,1,AES,Silicon
537.322911577919,-0.003988875316497669,1,AES,Silicon
538.5344406448461,1.876749651746172e-15,1,AES,Silicon
539.7459697117733,-0.010000000000015176,1,AES,Silicon
540.9574987787005,0.002704195366085345,1,AES,Silicon
542.1690278456277,0.005661920180543565,1,AES,Silicon
543.380556912555,-0.002424955000457989,1,AES,Silicon
544.5920859794821,0.00047582930514002646,1,AES,Silicon
545.8036150464094,-0.00027924036562951835,1,AES,Silicon
547.0151441133365,-0.006137749485685487,1,AES,Silicon
548.2266731802638,0.0,1,AES,Silicon
549.438202247191,0.00144742417454323,1,AES,Silicon
550.6497313141182,0.010000000000015444,1,AES,Silicon
551.8612603810454,-0.001447424174544835,1,AES,Silicon
553.0727894479726,-0.01000000000001705,1,AES,Silicon
554.2843185148998,0.0,1,AES,Silicon
555.4958475818271,0.012523789210636085,1,AES,Silicon
556.7073766487542,0.001381595676497269,1,AES,Silicon
557.9189057156815,-0.012523789210633993,1,AES,Silicon
559.1304347826086,-0.0013815956764951778,1,AES,Silicon
560.3419638495359,0.0,1,AES,Silicon
561.5534929164631,0.0,1,AES,Silicon
562.7650219833903,0.0035996366990070543,1,AES,Silicon
563.9765510503175,-6.755616921263976e-16,1,AES,Silicon
565.1880801172447,-0.0017000409044118927,1,AES,Silicon
566.3996091841719,0.0,1,AES,Silicon
567.6111382510992,-0.0018995957945958373,1,AES,Silicon
568.8226673180263,0.0,1,AES,Silicon
570.0341963849536,0.0,1,AES,Silicon
571.2457254518807,0.0,1,AES,Silicon
572.457254518808,0.0,1,AES,Silicon
573.6687835857352,0.0074044428145507,1,AES,Silicon
574.8803126526624,0.00013289744689512964,1,AES,Silicon
576.0918417195896,-0.0074044428145496576,1,AES,Silicon
577.3033707865169,0.0006735268136552982,1,AES,Silicon
578.514899853444,1.513456450142491e-16,1,AES,Silicon
579.7264289203713,-0.0008064242605488869,1,AES,Silicon
580.9379579872984,0.0023146047927435592,1,AES,Silicon
582.1494870542257,0.0028548128319099723,1,AES,Silicon
583.3610161211529,-0.002314604792744095,1,AES,Silicon
584.5725451880801,-0.0028548128319103743,1,AES,Silicon
585.7840742550073,0.0,1,AES,Silicon
586.9956033219345,0.0,1,AES,Silicon
588.2071323888617,0.0,1,AES,Silicon
589.418661455789,0.005151327368093767,1,AES,Silicon
590.6301905227161,0.006199375761189706,1,AES,Silicon
591.8417195896434,-0.005151327368093964,1,AES,Silicon
593.0532486565705,0.005973489537260031,1,AES,Silicon
594.2647777234978,0.0011730057969566536,1,AES,Silicon
595.476306790425,-0.0005695135129591517,1,AES,Silicon
596.6878358573522,0.013046326601998302,1,AES,Silicon
597.8993649242794,-0.011603351785491493,1,AES,Silicon
599.1108939912066,-0.01421933239895561,1,AES,Silicon
600.3224230581338,0.0,1,AES,Silicon
601.5339521250611,0.0007667916653476903,1,AES,Silicon
602.7454811919882,1.4390759909006906e-16,1,AES,Silicon
603.9570102589155,-0.0007667916653475463,1,AES,Silicon
605.1685393258426,0.0,1,AES,Silicon
606.3800683927699,0.0,1,AES,Silicon
607.5915974596971,0.00635831625892577,1,AES,Silicon
608.8031265266243,0.0033226282160281765,1,AES,Silicon
610.0146555935515,-0.0063583162589252,1,AES,Silicon
611.2261846604787,0.002254824610094996,1,AES,Silicon
612.4377137274059,0.0002915772797108376,1,AES,Silicon
613.6492427943332,-0.005577452826122657,1,AES,Silicon
614.8607718612603,0.005448607411094063,1,AES,Silicon
616.0723009281876,0.002030985675194582,1,AES,Silicon
617.2838299951147,-0.005740184690805637,1,AES,Silicon
618.495359062042,-0.002030985675195374,1,AES,Silicon
619.7068881289692,0.0,1,AES,Silicon
620.9184171958964,0.0,1,AES,Silicon
622.1299462628236,0.003490477406698766,1,AES,Silicon
623.3414753297509,0.007196002171827957,1,AES,Silicon
624.553004396678,0.006509522593317267,1,AES,Silicon
625.7645334636053,-0.005074344821602743,1,AES,Silicon
626.9760625305324,-0.010000000000016654,1,AES,Silicon
628.1875915974597,-0.002121657350226097,1,AES,Silicon
629.3991206643869,0.0,1,AES,Silicon
630.6106497313141,0.0,1,AES,Silicon
631.8221787982413,0.00018286304448759038,1,AES,Silicon
633.0337078651685,3.431881550587448e-17,1,AES,Silicon
634.2452369320957,0.0008364052830462989,1,AES,Silicon
635.456765999023,0.01000000000001686,1,AES,Silicon
636.6682950659501,-0.0010192683275321304,1,AES,Silicon
637.8798241328774,-0.010000000000015176,1,AES,Silicon
639.0913531998045,0.0,1,AES,Silicon
640.3028822667318,0.002846836455915283,1,AES,Silicon
641.514411333659,0.0018878023233121035,1,AES,Silicon
642.7259404005862,-0.0028468364559153295,1,AES,Silicon
643.9374694675134,-0.0015134495129034157,1,AES,Silicon
645.1489985344406,0.002831746229222804,1,AES,Silicon
646.3605276013678,-0.00037435281040881525,1,AES,Silicon
647.5720566682951,-0.0007839893166776996,1,AES,Silicon
648.7835857352222,3.8431270724731546e-16,1,AES,Silicon
649.9951148021495,0.00010265341247897424,1,AES,Silicon
651.2066438690766,4.0357818285925763e-16,1,AES,Silicon
652.4181729360039,-0.002150410325023321,1,AES,Silicon
653.6297020029311,0.0,1,AES,Silicon
654.8412310698583,0.0001812173274672557,1,AES,Silicon
656.0527601367855,0.000978813972208972,1,AES,Silicon
657.2642892037127,-0.00018121732746710596,1,AES,Silicon
658.4758182706399,0.0014278439686914823,1,AES,Silicon
659.6873473375672,-4.516694452449825e-16,1,AES,Silicon
660.8988764044943,-0.0024066579409006885,1,AES,Silicon
662.1104054714216,0.0,1,AES,Silicon
663.3219345383488,0.0,1,AES,Silicon
664.533463605276,0.00017863096744074773,1,AES,Silicon
665.7449926722032,0.010000000000017016,1,AES,Silicon
666.9565217391304,-0.00017863096743890447,1,AES,Silicon
668.1680508060576,-0.006207592891413782,1,AES,Silicon
669.3795798729849,0.01000000000001634,1,AES,Silicon
670.591108939912,-0.0006429413891025416,1,AES,Silicon
671.8026380068393,-0.010000000000015765,1,AES,Silicon
673.0141670737664,-0.0011527972427941677,1,AES,Silicon
674.2256961406937,0.0054328273385837,1,AES,Silicon
675.4372252076209,-0.0019966684767054213,1,AES,Silicon
676.6487542745481,-0.005432827338584464,1,AES,Silicon
677.8602833414753,0.0021748067930687353,1,AES,Silicon
679.0718124084025,4.081567891499998e-16,1,AES,Silicon
680.2833414753297,-0.0007760725125359199,1,AES,Silicon
681.494870542257,-2.625074073870713e-16,1,AES,Silicon
682.7063996091841,-0.0010724040886267478,1,AES,Silicon
683.9179286761114,-6.124400740128402e-17,1,AES,Silicon
685.1294577430385,0.00407468008202552,1,AES,Silicon
686.3409868099658,0.0009588336574373636,1,AES,Silicon
687.552515876893,-0.0031286900070935093,1,AES,Silicon
688.7640449438202,-0.0009588336574372598,1,AES,Silicon
689.9755740107474,-0.0012723202668379714,1,AES,Silicon
691.1871030776746,0.0,1,AES,Silicon
692.3986321446018,0.0014865684173242528,1,AES,Silicon
693.6101612115291,-2.789916759505784e-16,1,AES,Silicon
694.8216902784562,-0.0003944963910462661,1,AES,Silicon
696.0332193453835,0.007821545249961722,1,AES,Silicon
697.2447484123106,0.0021909281974371534,1,AES,Silicon
698.4562774792379,-0.007821545249960827,1,AES,Silicon
699.6678065461651,0.0012440044171348745,1,AES,Silicon
700.8793356130923,8.496054383152103e-16,1,AES,Silicon
702.0908646800195,-0.004527004640848111,1,AES,Silicon
703.3023937469467,0.0,1,AES,Silicon
704.5139228138739,0.0,1,AES,Silicon
705.7254518808012,0.0,1,AES,Silicon
706.9369809477283,6.94131882169618e-05,1,AES,Silicon
708.1485100146556,0.0063179749690960504,1,AES,Silicon
709.3600390815828,0.0011626752108113573,1,AES,Silicon
710.57156814851,-0.006317974969096708,1,AES,Silicon
711.7830972154372,0.0018936853252709597,1,AES,Silicon
712.9946262823644,5.866294748507794e-16,1,AES,Silicon
714.2061553492916,-0.0022378151531175588,1,AES,Silicon
715.4176844162189,0.0029051530670810423,1,AES,Silicon
716.629213483146,-0.0008879585711818146,1,AES,Silicon
717.8407425500733,0.011405303019109567,1,AES,Silicon
719.0522716170004,0.0012756885175625775,1,AES,Silicon
720.2638006839277,-0.014310456086188217,1,AES,Silicon
721.4753297508549,0.0011090710924084382,1,AES,Silicon
722.6868588177821,0.008557540764016163,1,AES,Silicon
723.8983878847093,-0.0016993618090678263,1,AES,Silicon
725.1099169516365,-0.007622073962141171,1,AES,Silicon
726.3214460185637,-0.0006853978009015659,1,AES,Silicon
727.532975085491,-0.000935466801876024,1,AES,Silicon
728.7445041524181,0.003129279494352361,1,AES,Silicon
729.9560332193454,-5.872874201233318e-16,1,AES,Silicon
731.1675622862725,-0.002859568427870646,1,AES,Silicon
732.3790913531998,0.0,1,AES,Silicon
733.590620420127,0.0015354161086346392,1,AES,Silicon
734.8021494870542,0.0012574695241530994,1,AES,Silicon
736.0136785539814,0.0021050407442328592,1,AES,Silicon
737.2252076209086,-0.0012574695241522628,1,AES,Silicon
738.4367366878358,-0.003910167919349148,1,AES,Silicon
739.6482657547631,0.0,1,AES,Silicon
740.8597948216902,0.0,1,AES,Silicon
742.0713238886175,0.0014219291430885763,1,AES,Silicon
743.2828529555446,0.0028528565290432168,1,AES,Silicon
744.4943820224719,-0.001421929143088376,1,AES,Silicon
745.7059110893991,0.0004244198689330313,1,AES,Silicon
746.9174401563263,0.0051089808108988576,1,AES,Silicon
748.1289692232535,-0.0017191678121126406,1,AES,Silicon
749.3404982901807,0.0019640835256090673,1,AES,Silicon
750.5520273571079,-0.0015581085858634657,1,AES,Silicon
751.7635564240352,-0.007073064336507976,1,AES,Silicon
752.9750854909623,0.0,1,AES,Silicon
754.1866145578896,0.005638129408977932,1,AES,Silicon
755.3981436248168,0.0024661022557823965,1,AES,Silicon
756.609672691744,-0.005638129408978262,1,AES,Silicon
757.8212017586712,-0.0014109868868579266,1,AES,Silicon
759.0327308255984,1.9801874011787726e-16,1,AES,Silicon
760.2442598925256,0.008162169211113627,1,AES,Silicon
761.4557889594529,0.0004869947639650523,1,AES,Silicon
762.66731802638,-0.00880500935268571,1,AES,Silicon
763.8788470933073,0.0022481957078884537,1,AES,Silicon
765.0903761602344,0.001400500152771979,1,AES,Silicon
766.3019052271617,-0.00189144066324656,1,AES,Silicon
767.5134342940889,-0.0018127753801257395,1,AES,Silicon
768.7249633610161,0.0009330689589619546,1,AES,Silicon
769.9364924279433,0.007092769632893651,1,AES,Silicon
771.1480214948705,0.0032936542601336885,1,AES,Silicon
772.3595505617977,-0.0010885408111513792,1,AES,Silicon
773.571079628725,-0.005070473027704168,1,AES,Silicon
774.7826086956521,-0.006004228821742452,1,AES,Silicon
775.9941377625794,0.0,1,AES,Silicon
777.2056668295065,0.0002100100006228069,1,AES,Silicon
778.4171958964338,0.004123670222845456,1,AES,Silicon
779.628724963361,-0.0002100100006235808,1,AES,Silicon
780.8402540302882,0.0016407329919744004,1,AES,Silicon
782.0517830972154,-1.081834172592235e-15,1,AES,Silicon
783.2633121641426,-0.005764403214821518,1,AES,Silicon
784.4748412310698,0.0,1,AES,Silicon
785.6863702979971,0.01000000000001705,1,AES,Silicon
786.8978993649242,0.003102275943567435,1,AES,Silicon
788.1094284318515,-0.009723687203772443,1,AES,Silicon
789.3209574987786,-0.0031022759435660884,1,AES,Silicon
790.5324865657059,-0.00027631279624327354,1,AES,Silicon
791.7440156326331,0.0,1,AES,Silicon
792.9555446995603,0.0162900271560851,1,AES,Silicon
794.1670737664875,0.0,1,AES,Silicon
795.3786028334148,-0.0162900271560851,1,AES,Silicon
796.5901319003419,0.0,1,AES,Silicon
797.8016609672692,0.0,1,AES,Silicon
799.0131900341963,0.0,1,AES,Silicon
800.2247191011236,0.0,1,AES,Silicon
801.4362481680508,0.0,1,AES,Silicon
802.647777234978,0.002623786976112138,1,AES,Silicon
803.8593063019052,0.006968145030707165,1,AES,Silicon
805.0708353688324,0.0016218890212101856,1,AES,Silicon
806.2823644357596,-0.006968145030706677,1,AES,Silicon
807.4938935026869,-0.004245675997321508,1,AES,Silicon
808.705422569614,0.00969819909421107,1,AES,Silicon
809.9169516365413,0.0002231760060874664,1,AES,Silicon
811.1284807034684,-0.009645703890843878,1,AES,Silicon
812.3400097703957,-0.00022317600608925514,1,AES,Silicon
813.5515388373229,0.000694025141368716,1,AES,Silicon
814.7630679042501,1.401031797005497e-16,1,AES,Silicon
815.9745969711773,-0.0007465203447375469,1,AES,Silicon
817.1861260381045,0.0,1,AES,Silicon
818.3976551050317,0.0,1,AES,Silicon
819.609184171959,0.0,1,AES,Silicon
820.8207132388861,0.0,1,AES,Silicon
822.0322423058134,0.000401102689369321,1,AES,Silicon
823.2437713727405,7.527693325870425e-17,1,AES,Silicon
824.4553004396678,0.00526698283102809,1,AES,Silicon
825.666829506595,-1.063757752645661e-15,1,AES,Silicon
826.8783585735222,-0.0015545329774264577,1,AES,Silicon
828.0898876404494,0.004696110613808809,1,AES,Silicon
829.3014167073766,-0.004113552542971584,1,AES,Silicon
830.5129457743038,-0.00469611061380892,1,AES,Silicon
831.7244748412311,0.0,1,AES,Silicon
832.9360039081582,0.0,1,AES,Silicon
834.1475329750855,0.0,1,AES,Silicon
835.3590620420126,0.0,1,AES,Silicon
836.5705911089399,0.006603766642256279,1,AES,Silicon
837.7821201758671,0.0035262831623600263,1,AES,Silicon
838.9936492427943,-0.0018116678246181527,1,AES,Silicon
840.2051783097215,-0.0008065238232341434,1,AES,Silicon
841.4167073766488,-0.004792098817638904,1,AES,Silicon
842.6282364435759,-0.0027197593391270086,1,AES,Silicon
843.8397655105032,0.0018443017258751395,1,AES,Silicon
845.0512945774303,3.4612926217451293e-16,1,AES,Silicon
846.2628236443576,0.0008427693634222676,1,AES,Silicon
847.4743527112848,-5.042959731047739e-16,1,AES,Silicon
848.685881778212,-0.0026870710892975256,1,AES,Silicon
849.8974108451392,0.0026793887550994972,1,AES,Silicon
851.1089399120664,0.001674291344570318,1,AES,Silicon
852.3204689789936,-0.0026793887550991204,1,AES,Silicon
853.5319980459209,0.002694864975771403,1,AES,Silicon
854.743527112848,8.199812602610984e-16,1,AES,Silicon
855.9550561797753,-0.0020478850632792913,1,AES,Silicon
857.1665852467024,0.002235215641256776,1,AES,Silicon
858.3781143136297,-0.002321271257060781,1,AES,Silicon
859.5896433805569,-0.001006120908018091,1,AES,Silicon
860.8011724474841,2.3067031125640057e-16,1,AES,Silicon
862.0127015144113,0.002253277995745849,1,AES,Silicon
863.2242305813385,6.535541806359696e-16,1,AES,Silicon
864.4357596482657,-0.0034823727289833776,1,AES,Silicon
865.647288715193,0.0039533921028005155,1,AES,Silicon
866.8588177821201,7.419527252134281e-16,1,AES,Silicon
868.0703468490474,0.006046607897217278,1,AES,Silicon
869.2818759159745,1.876749651746172e-15,1,AES,Silicon
870.4934049829018,-0.007716135476367918,1,AES,Silicon
871.704934049829,-4.286241949384605e-16,1,AES,Silicon
872.9164631167562,0.00432941331054964,1,AES,Silicon
874.1279921836834,-1.2411466872212356e-15,1,AES,Silicon
875.3395212506106,-0.00021985721981716646,1,AES,Silicon
876.5510503175378,0.0007952597249334359,1,AES,Silicon
877.7625793844651,-0.006393420614381911,1,AES,Silicon
878.9741084513922,-0.0007952597249335477,1,AES,Silicon
880.1856375183195,0.0015042208624648596,1,AES,Silicon
881.3971665852466,2.823045979775438e-16,1,AES,Silicon
882.6086956521739,0.0026537835096023957,1,AES,Silicon
883.8202247191011,0.00043048876312874116,1,AES,Silicon
885.0317537860283,-0.0035915634083798988,1,AES,Silicon
886.2432828529555,-0.000430488763129461,1,AES,Silicon
887.4548119198828,-0.0005664409636876491,1,AES,Silicon
888.6663409868099,0.001160009895427629,1,AES,Silicon
889.8778700537372,-2.177048167262612e-16,1,AES,Silicon
891.0893991206643,-0.0011600098954278467,1,AES,Silicon
892.3009281875916,0.0028011330379481936,1,AES,Silicon
893.5124572545188,0.0006439391161665889,1,AES,Silicon
894.723986321446,-0.0028011330379484668,1,AES,Silicon
895.9355153883732,-0.000574467310191085,1,AES,Silicon
897.1470444553004,0.001309928201973874,1,AES,Silicon
898.3585735222276,-6.947180597589898e-05,1,AES,Silicon
899.5701025891549,-0.001309928201973861,1,AES,Silicon
900.781631656082,0.0007380803388609761,1,AES,Silicon
901.9931607230093,-1.3851920189159315e-16,1,AES,Silicon
903.2046897899364,0.0008004983319796667,1,AES,Silicon
904.4162188568637,0.010000000000015646,1,AES,Silicon
905.6277479237909,0.0023399913826379465,1,AES,Silicon
906.8392769907181,-0.008218925907665785,1,AES,Silicon
908.0508060576453,-0.002913672982235601,1,AES,Silicon
909.2623351245725,0.00192238501910121,1,AES,Silicon
910.4738641914997,0.005311762231633088,1,AES,Silicon
911.685393258427,0.010119388682071816,1,AES,Silicon
912.8969223253541,-0.00627665930287585,1,AES,Silicon
914.1084513922814,-0.013822847793522301,1,AES,Silicon
915.3199804592085,0.0,1,AES,Silicon
916.5315095261358,0.010098329117926859,1,AES,Silicon
917.743038593063,0.0019508971256486413,1,AES,Silicon
918.9545676599902,-0.010098329117927914,1,AES,Silicon
920.1660967269174,-0.0012470308167907538,1,AES,Silicon
921.3776257938446,1.3209808500255208e-16,1,AES,Silicon
922.5891548607718,-0.0007038663088593175,1,AES,Silicon
923.8006839276991,0.0,1,AES,Silicon
925.0122129946262,0.0,1,AES,Silicon
926.2237420615535,0.0,1,AES,Silicon
927.4352711284806,0.0,1,AES,Silicon
928.6468001954079,0.003970850832666635,1,AES,Silicon
929.8583292623351,-7.452292917331444e-16,1,AES,Silicon
931.0698583292623,0.005949784954284468,1,AES,Silicon
932.2813873961895,0.0018591629563185655,1,AES,Silicon
933.4929164631168,-0.009224045467505961,1,AES,Silicon
934.7044455300439,-0.001859162956318696,1,AES,Silicon
935.9159745969712,0.0019426615370474534,1,AES,Silicon
937.1275036638983,4.953215002535931e-16,1,AES,Silicon
938.3390327308256,-0.002179434510941783,1,AES,Silicon
939.5505617977528,0.00964816871655158,1,AES,Silicon
940.76209086468,-0.0004598173455494741,1,AES,Silicon
941.9736199316072,-0.005316912155414954,1,AES,Silicon
943.1851489985344,8.128684242719389e-16,1,AES,Silicon
944.3966780654616,0.005668743438881353,1,AES,Silicon
945.6082071323889,0.006673601219253839,1,AES,Silicon
946.819736199316,-0.010000000000015798,1,AES,Silicon
948.0312652662433,0.0001569581690109905,1,AES,Silicon
949.2427943331704,0.002667298669504115,1,AES,Silicon
950.4543234000977,-0.006830559388264493,1,AES,Silicon
951.6658524670249,0.009716050971064259,1,AES,Silicon
952.8773815339521,0.003665257641211036,1,AES,Silicon
954.0889106008793,-0.010039939750999446,1,AES,Silicon
955.3004396678065,-0.0036652576412089604,1,AES,Silicon
956.5119687347337,0.01765659011046561,1,AES,Silicon
957.723497801661,-3.753499303492344e-15,1,AES,Silicon
958.9350268685881,-0.0200000000000341,1,AES,Silicon
960.1465559355154,0.002339121628723423,1,AES,Silicon
961.3580850024425,0.0006697002432835006,1,AES,Silicon
962.5696140693698,-0.002339121628723094,1,AES,Silicon
963.781143136297,0.0007631481479878221,1,AES,Silicon
964.9926722032242,0.002301109279150228,1,AES,Silicon
966.2042012701514,0.000676829084928621,1,AES,Silicon
967.4157303370786,0.011772019803078057,1,AES,Silicon
968.6272594040058,0.0010331178195363672,1,AES,Silicon
969.8387884709331,-0.012342621042571725,1,AES,Silicon
971.0503175378602,-0.0031427952957358563,1,AES,Silicon
972.2618466047875,-0.0017305080396566748,1,AES,Silicon
973.4733756717147,0.0016190985101994504,1,AES,Silicon
974.6849047386419,0.000782710811360758,1,AES,Silicon
975.8964338055691,-0.0005956016678341723,1,AES,Silicon
977.1079628724963,-0.0007827108113604091,1,AES,Silicon
978.3194919394235,-0.0010234968423649773,1,AES,Silicon
979.5310210063508,0.0039690081563262805,1,AES,Silicon
980.7425500732779,7.448834675150361e-16,1,AES,Silicon
981.9540791402052,-0.001400642303397464,1,AES,Silicon
983.1656082071323,0.00010672322206648048,1,AES,Silicon
984.3771372740596,-0.002456224144356524,1,AES,Silicon
985.5886663409868,0.0034293789373518774,1,AES,Silicon
986.800195407914,-0.00011214170857053757,1,AES,Silicon
988.0117244748412,-0.0031738526089708395,1,AES,Silicon
989.2232535417684,6.798517176443195e-17,1,AES,Silicon
990.4347826086956,-0.0003622495504463438,1,AES,Silicon
991.6463116756229,0.0,1,AES,Silicon
992.85784074255,0.010837153646439253,1,AES,Silicon
994.0693698094773,-2.0338624331843753e-15,1,AES,Silicon
995.2808988764044,-0.006104596269813666,1,AES,Silicon
996.4924279433317,0.0,1,AES,Silicon
997.7039570102589,-0.004732557376627619,1,AES,Silicon
998.9154860771861,0.0,1,AES,Silicon
1000.1270151441133,0.0054532131844382105,1,AES,Silicon
1001.3385442110405,0.0007407543061497652,1,AES,Silicon
1002.5500732779677,-0.0015645094884350107,1,AES,Silicon
1003.761602344895,-0.0007407543061494716,1,AES,Silicon
1004.9731314118221,-0.0028822736416859295,1,AES,Silicon
1006.1846604787494,0.0033527439751731085,1,AES,Silicon
1007.3961895456765,-0.0006963270872728255,1,AES,Silicon
1008.6077186126038,0.0006627228069340679,1,AES,Silicon
1009.819247679531,-0.00031010296704453856,1,AES,Silicon
1011.0307767464582,0.0012959288690467983,1,AES,Silicon
1012.2423058133854,0.008663837708202756,1,AES,Silicon
1013.4538348803126,-0.005311395651153628,1,AES,Silicon
1014.6653639472398,-0.008663837708202535,1,AES,Silicon
1015.8768930141671,0.005477357655826178,1,AES,Silicon
1017.0884220810942,0.005952920043914232,1,AES,Silicon
1018.2999511480215,-0.005477357655825406,1,AES,Silicon
1019.5114802149487,-0.005952920043913205,1,AES,Silicon
1020.7230092818759,0.0,1,AES,Silicon
1021.9345383488031,0.0,1,AES,Silicon
1023.1460674157303,0.010000000000015176,1,AES,Silicon
1024.3575964826575,1.87674965174582e-15,1,AES,Silicon
1025.569125549585,-0.010000000000013769,1,AES,Silicon
1026.780654616512,0.010000000000016584,1,AES,Silicon
1027.9921836834392,0.0008826830605142321,1,AES,Silicon
1029.2037127503663,-0.004156642045953836,1,AES,Silicon
1030.4152418172935,-0.0008826830605121216,1,AES,Silicon
1031.6267708842208,-0.002133750544609922,1,AES,Silicon
1032.838299951148,0.010000000000015162,1,AES,Silicon
1034.0498290180753,-0.0037096074094535424,1,AES,Silicon
1035.2613580850025,0.0025431864519769253,1,AES,Silicon
1036.4728871519296,0.0,1,AES,Silicon
1037.6844162188568,-0.011102002110271639,1,AES,Silicon
1038.895945285784,0.0006273070143101626,1,AES,Silicon
1040.1074743527113,0.0004147125276226666,1,AES,Silicon
1041.3190034196384,0.00046248038226048914,1,AES,Silicon
1042.5305324865658,0.007397371780781688,1,AES,Silicon
1043.742061553493,-0.0010897873965699564,1,AES,Silicon
1044.95359062042,-0.009253268650124897,1,AES,Silicon
1046.1651196873472,0.0,1,AES,Silicon
1047.3766487542746,0.01000000000001752,1,AES,Silicon
1048.5881778212017,0.010000000000016584,1,AES,Silicon
1049.7997068881289,-0.005518963562580927,1,AES,Silicon
1051.0112359550562,-0.004646557782652965,1,AES,Silicon
1052.2227650219834,-0.004481036437434101,1,AES,Silicon
1053.4342940889105,-0.005353442217362485,1,AES,Silicon
1054.645823155838,0.0017766197778371056,1,AES,Silicon
1055.857352222765,0.0,1,AES,Silicon
1057.0688812896922,0.0006087049536299768,1,AES,Silicon
1058.2804103566193,0.0007647542541588362,1,AES,Silicon
1059.4919394235467,-0.0023853247314665317,1,AES,Silicon
1060.7034684904738,0.005067315370491621,1,AES,Silicon
1061.914997557401,0.00676810883598036,1,AES,Silicon
1063.1265266243283,-0.005832069624650676,1,AES,Silicon
1064.3380556912555,-0.006768108835980074,1,AES,Silicon
1065.5495847581826,0.0010773384545344105,1,AES,Silicon
1066.76111382511,0.001260464445589108,1,AES,Silicon
1067.9726428920371,0.001404511716851645,1,AES,Silicon
1069.1841719589643,0.006315376217043604,1,AES,Silicon
1070.3957010258914,-0.0024818501713837478,1,AES,Silicon
1071.6072300928188,-0.0075758406626308655,1,AES,Silicon
1072.818759159746,0.0,1,AES,Silicon
1074.030288226673,0.0,1,AES,Silicon
1075.2418172936004,0.0,1,AES,Silicon
1076.4533463605276,0.0067631348809057985,1,AES,Silicon
1077.6648754274547,2.538542206486022e-15,1,AES,Silicon
1078.876404494382,-0.005919747140433506,1,AES,Silicon
1080.0879335613092,0.0,1,AES,Silicon
1081.2994626282364,0.003635299831149971,1,AES,Silicon
1082.5109916951635,0.009523228633940681,1,AES,Silicon
1083.7225207620909,-0.004478687571622595,1,AES,Silicon
1084.934049829018,-0.009523228633941679,1,AES,Silicon
1086.1455788959452,0.003935120172240157,1,AES,Silicon
1087.3571079628725,0.002569838628352812,1,AES,Silicon
1088.5686370297997,0.003024549941168728,1,AES,Silicon
1089.7801660967268,-0.0003691934675544991,1,AES,Silicon
1090.9916951636542,-0.006959670113408861,1,AES,Silicon
1092.2032242305813,2.535065089483094e-05,1,AES,Silicon
1093.4147532975085,0.0041783617072821575,1,AES,Silicon
1094.6262823644358,0.0008661483713536018,1,AES,Silicon
1095.837811431363,-0.0022666024022722406,1,AES,Silicon
1097.0493404982901,0.0009278236019976086,1,AES,Silicon
1098.2608695652173,0.002494954991920099,1,AES,Silicon
1099.4723986321446,0.001188962990204793,1,AES,Silicon
1100.6839276990718,-0.0019619268885455927,1,AES,Silicon
1101.895456765999,0.0047910692247648805,1,AES,Silicon
1103.1069858329263,-0.0018918687923903026,1,AES,Silicon
1104.3185148998534,-0.005453039970807475,1,AES,Silicon
1105.5300439667806,-0.0005529186159957315,1,AES,Silicon
1106.741573033708,-0.0031575440813654786,1,AES,Silicon
1107.953102100635,0.0,1,AES,Silicon
1109.1646311675622,-0.0012810855793497587,1,AES,Silicon
1110.3761602344894,0.004818090606789925,1,AES,Silicon
1111.5876893014167,0.0006118630556958465,1,AES,Silicon
1112.7992183683439,-0.004643085584680623,1,AES,Silicon
1114.010747435271,-0.0007201934241900197,1,AES,Silicon
1115.2222765021984,0.0026373944134284377,1,AES,Silicon
1116.4338055691255,0.0024326307160643158,1,AES,Silicon
1117.6453346360527,0.005340240149338825,1,AES,Silicon
1118.85686370298,-0.0024326307160666915,1,AES,Silicon
1120.0683927699072,-0.007326729618242335,1,AES,Silicon
1121.2799218368343,0.010939850157161583,1,AES,Silicon
1122.4914509037615,0.005119024725220213,1,AES,Silicon
1123.7029799706888,-0.010939850157160737,1,AES,Silicon
1124.914509037616,-0.004893388652675019,1,AES,Silicon
1126.126038104543,0.0022909743800543754,1,AES,Silicon
1127.3375671714705,-0.0003482738318187557,1,AES,Silicon
1128.5490962383976,-0.0022909743800546252,1,AES,Silicon
1129.7606253053248,2.8193089852018508e-05,1,AES,Silicon
1130.9721543722521,0.004046186798619643,1,AES,Silicon
1132.1836834391793,-0.0007314652972137455,1,AES,Silicon
1133.3952125061064,-0.0035450651242469756,1,AES,Silicon
1134.6067415730338,-1.8809598557209862e-16,1,AES,Silicon
1135.818270639961,0.004002640341161604,1,AES,Silicon
1137.029799706888,0.0,1,AES,Silicon
1138.2413287738152,-0.004503762015535109,1,AES,Silicon
1139.4528578407426,0.0014215951692636486,1,AES,Silicon
1140.6643869076697,0.005899977027353185,1,AES,Silicon
1141.8759159745969,0.008578404830752335,1,AES,Silicon
1143.0874450415242,-0.005899977027355278,1,AES,Silicon
1144.2989741084514,-0.002910499431973138,1,AES,Silicon
1145.5105031753785,2.661043544421302e-15,1,AES,Silicon
1146.7220322423059,-0.007089500568041449,1,AES,Silicon
1147.933561309233,0.0016582786968065786,1,AES,Silicon
1149.1450903761602,0.0,1,AES,Silicon
1150.3566194430873,-0.0016582786968067345,1,AES,Silicon
1151.5681485100147,0.0026695768881222987,1,AES,Silicon
1152.7796775769418,0.0009188096660553191,1,AES,Silicon
1153.991206643869,-0.002669576888121954,1,AES,Silicon
1155.2027357107963,-0.0009188096660550606,1,AES,Silicon
1156.4142647777235,0.003288022475590039,1,AES,Silicon
1157.6257938446506,0.0024504076216518436,1,AES,Silicon
1158.837322911578,-0.003288022475590034,1,AES,Silicon
1160.0488519785051,0.004508997440863299,1,AES,Silicon
1161.2603810454323,0.0,1,AES,Silicon
1162.4719101123594,-0.006959405062515252,1,AES,Silicon
1163.6834391792868,0.0,1,AES,Silicon
1164.894968246214,0.0,1,AES,Silicon
1166.106497313141,0.0009170713026707209,1,AES,Silicon
1167.3180263800684,-3.4422264958223047e-16,1,AES,Silicon
1168.5295554469956,0.00040971686091021857,1,AES,Silicon
1169.7410845139227,4.980098447875185e-16,1,AES,Silicon
1170.95261358085,0.004114315158930763,1,AES,Silicon
1172.1641426477772,0.0,1,AES,Silicon
1173.3756717147044,-0.0012303600723108429,1,AES,Silicon
1174.5872007816317,0.0012916260833803865,1,AES,Silicon
1175.7987298485589,-0.0024893812973643755,1,AES,Silicon
1177.010258915486,0.0008556509954321979,1,AES,Silicon
1178.2217879824132,-3.408652957645182e-05,1,AES,Silicon
1179.4333170493405,0.0002749466925006994,1,AES,Silicon
1180.6448461162677,0.0033218903558584227,1,AES,Silicon
1181.8563751831948,-0.0016815961188622348,1,AES,Silicon
1183.0679042501222,-0.0023371493782421825,1,AES,Silicon
1184.2794333170493,-0.0007406276524508659,1,AES,Silicon
1185.4909623839765,0.002755341039303808,1,AES,Silicon
1186.7024914509038,-2.0371582371489096e-15,1,AES,Silicon
1187.914020517831,0.0013598313754396684,1,AES,Silicon
1189.1255495847581,0.0,1,AES,Silicon
1190.3370786516853,0.003212811184392086,1,AES,Silicon
1191.5486077186126,0.0004827860134730873,1,AES,Silicon
1192.7601367855398,-0.010000000000016584,1,AES,Silicon
1193.971665852467,0.00268534014403122,1,AES,Silicon
1195.1831949193943,-1.1891559325564895e-15,1,AES,Silicon
1196.3947239863214,-0.0031681261575089528,1,AES,Silicon
1197.6062530532486,0.0,1,AES,Silicon
1198.817782120176,0.0,1,AES,Silicon
1200.029311187103,0.0,1,AES,Silicon
1201.2408402540302,0.0,1,AES,Silicon
1202.4523693209574,0.0028657682148174792,1,AES,Silicon
1203.6638983878847,0.002961438341126327,1,AES,Silicon
1204.8754274548119,-0.0012623499384008597,1,AES,Silicon
1206.086956521739,-0.002961438341126801,1,AES,Silicon
1207.2984855886664,-0.0016034182764169747,1,AES,Silicon
1208.5100146555935,0.0,1,AES,Silicon
1209.7215437225207,0.0,1,AES,Silicon
1210.933072789448,0.0056658443292799026,1,AES,Silicon
1212.1446018563752,0.0033065077650670676,1,AES,Silicon
1213.3561309233023,-0.00566584432927937,1,AES,Silicon
1214.5676599902295,-0.003205183333460676,1,AES,Silicon
1215.7791890571568,0.0007853305071192434,1,AES,Silicon
1216.990718124084,-0.00010132443160673045,1,AES,Silicon
1218.202247191011,-0.0007853305071192815,1,AES,Silicon
1219.4137762579385,0.0,1,AES,Silicon
1220.6253053248656,0.0,1,AES,Silicon
1221.8368343917928,0.0,1,AES,Silicon
1223.0483634587201,0.006774925847661884,1,AES,Silicon
1224.2598925256473,0.0024151390135275126,1,AES,Silicon
1225.4714215925744,-0.006774925847660977,1,AES,Silicon
1226.6829506595018,-0.0002572511796927833,1,AES,Silicon
1227.894479726429,0.005273738872597877,1,AES,Silicon
1229.106008793356,0.0013267712234725855,1,AES,Silicon
1230.3175378602832,-0.0050490104071811955,1,AES,Silicon
1231.5290669272106,-0.003484659057305536,1,AES,Silicon
1232.7405959941377,0.0024066597683995183,1,AES,Silicon
1233.9521250610649,0.011482925008660137,1,AES,Silicon
1235.1636541279922,0.0007423188026609961,1,AES,Silicon
1236.3751831949194,-0.009089158468918519,1,AES,Silicon
1237.5867122618465,0.0005817333104870107,1,AES,Silicon
1238.7982413287739,-0.002393766539744671,1,AES,Silicon
1240.009770395701,0.0010094114075058728,1,AES,Silicon
1241.2212994626282,0.0007446919411830484,1,AES,Silicon
1242.4328285295553,0.0028561661574898777,1,AES,Silicon
1243.6443575964827,-0.0007446919411857745,1,AES,Silicon
1244.8558866634098,0.008721294034550561,1,AES,Silicon
1246.067415730337,0.01074586467797439,1,AES,Silicon
1247.2789447972643,-0.016542311946515318,1,AES,Silicon
1248.4904738641915,-0.010745864677971204,1,AES,Silicon
1249.7020029311186,0.0,1,AES,Silicon
1250.913531998046,0.001598550576563816,1,AES,Silicon
1252.1250610649731,0.011970405634737565,1,AES,Silicon
1253.3365901319003,-0.0015985505765636662,1,AES,Silicon
1254.5481191988274,-0.011970405634738687,1,AES,Silicon
1255.7596482657548,0.008073555989027167,1,AES,Silicon
1256.971177332682,0.01651057717866262,1,AES,Silicon
1258.182706399609,-0.006429186704682657,1,AES,Silicon
1259.3942354665364,-0.01636735379532823,1,AES,Silicon
1260.6057645334636,-0.0011920082493268624,1,AES,Silicon
1261.8172936003907,0.012168936556347399,1,AES,Silicon
1263.028822667318,-0.0004523610350164068,1,AES,Silicon
1264.2403517342452,-0.012312159939681055,1,AES,Silicon
1265.4518808011724,0.0,1,AES,Silicon
1266.6634098680997,0.001504548769725077,1,AES,Silicon
1267.8749389350269,0.0024390818059240745,1,AES,Silicon
1269.086468001954,-0.0015045487697249358,1,AES,Silicon
1270.2979970688812,0.013492788654939795,1,AES,Silicon
1271.5095261358085,-5.98002646780957e-15,1,AES,Silicon
1272.7210552027357,-0.005931870460851999,1,AES,Silicon
1273.9325842696628,0.0008458896500647433,1,AES,Silicon
1275.1441133365902,-0.006053809577236454,1,AES,Silicon
1276.3556424035173,0.005500314247035349,1,AES,Silicon
1277.5671714704445,-0.00394619042277525,1,AES,Silicon
1278.7787005373718,0.0077190113396406225,1,AES,Silicon
1279.990229604299,0.0,1,AES,Silicon
1281.2017586712261,-0.014065215236734091,1,AES,Silicon
1282.4132877381533,0.003330241653149254,1,AES,Silicon
1283.6248168050806,0.00245840365601848,1,AES,Silicon
1284.8363458720078,-0.0033302416531501913,1,AES,Silicon
1286.047874938935,0.0031062213389737845,1,AES,Silicon
1287.2594040058623,0.0052011384897736185,1,AES,Silicon
1288.4709330727894,-0.00556462499499508,1,AES,Silicon
1289.6824621397166,-0.003709477096518537,1,AES,Silicon
1290.893991206644,0.0018618473402239066,1,AES,Silicon
1292.105520273571,-0.0005092624001569351,1,AES,Silicon
1293.3170493404982,-0.0018618473402242915,1,AES,Silicon
1294.5285784074254,-0.0009823989931007466,1,AES,Silicon
1295.7401074743527,0.0,1,AES,Silicon
1296.9516365412799,0.004419653830752526,1,AES,Silicon
1298.163165608207,0.002048661256092672,1,AES,Silicon
1299.3746946751344,-0.004419653830752051,1,AES,Silicon
1300.5862237420615,0.0008596330784834403,1,AES,Silicon
1301.7977528089887,1.091628075915898e-15,1,AES,Silicon
1303.009281875916,0.0014210491411194449,1,AES,Silicon
1304.2208109428432,0.0,1,AES,Silicon
1305.4323400097703,-0.004329343475693657,1,AES,Silicon
1306.6438690766977,0.0,1,AES,Silicon
1307.8553981436248,0.0,1,AES,Silicon
1309.066927210552,0.004374797991199834,1,AES,Silicon
1310.278456277479,1.6420801212859512e-15,1,AES,Silicon
1311.4899853444065,-0.0030689317739295073,1,AES,Silicon
1312.7015144113336,0.0,1,AES,Silicon
1313.9130434782608,0.0004919534706865745,1,AES,Silicon
1315.1245725451881,0.0002895180041880251,1,AES,Silicon
1316.3361016121153,-0.001797819687956175,1,AES,Silicon
1317.5476306790424,0.003465104242475541,1,AES,Silicon
1318.7591597459698,-1.4092971987710363e-15,1,AES,Silicon
1319.970688812897,-0.0037546222466652976,1,AES,Silicon
1321.182217879824,0.0,1,AES,Silicon
1322.3937469467512,0.005655900594924633,1,AES,Silicon
1323.6052760136786,0.0032042234120649702,1,AES,Silicon
1324.8168050806057,-0.005655900594926226,1,AES,Silicon
1326.0283341475329,-0.0032042234120670927,1,AES,Silicon
1327.2398632144602,0.0,1,AES,Silicon
1328.4513922813874,0.007826622374236912,1,AES,Silicon
1329.6629213483145,0.0014393968741597451,1,AES,Silicon
1330.8744504152419,0.0037940719056864724,1,AES,Silicon
1332.085979482169,0.0024434235725036267,1,AES,Silicon
1333.2975085490962,-0.010720771617394364,1,AES,Silicon
1334.5090376160233,-0.003882820446660866,1,AES,Silicon
1335.7205666829507,-0.000899922662526013,1,AES,Silicon
1336.9320957498778,0.0,1,AES,Silicon
1338.143624816805,0.0,1,AES,Silicon
1339.3551538837323,0.002742211241549365,1,AES,Silicon
1340.5666829506595,0.00019576801582436908,1,AES,Silicon
1341.7782120175866,1.8883155068192816e-05,1,AES,Silicon
1342.989741084514,-0.00019576801582535042,1,AES,Silicon
1344.2012701514411,-0.002464742627023652,1,AES,Silicon
1345.4127992183683,0.0,1,AES,Silicon
1346.6243282852954,0.013157004505579708,1,AES,Silicon
1347.8358573522228,0.0013058081574339458,1,AES,Silicon
1349.04738641915,-0.009692164104836313,1,AES,Silicon
1350.258915486077,-0.0013058081574375837,1,AES,Silicon
1351.4704445530044,0.004109247728776608,1,AES,Silicon
1352.6819736199316,0.0,1,AES,Silicon
1353.8935026868587,-0.0036940407900888385,1,AES,Silicon
1355.105031753786,-1.5676111146821575e-15,1,AES,Silicon
1356.3165608207132,-0.0018670433308249816,1,AES,Silicon
1357.5280898876404,8.668165304992257e-16,1,AES,Silicon
1358.7396189545677,-0.0023093557782040723,1,AES,Silicon
1359.9511480214949,0.01721339360277767,1,AES,Silicon
1361.162677088422,0.010000000000016584,1,AES,Silicon
1362.3742061553492,-0.006393956192159505,1,AES,Silicon
1363.5857352222765,-0.006720983180444604,1,AES,Silicon
1364.7972642892037,-0.008951365316354426,1,AES,Silicon
1366.0087933561308,-0.002712134377493045,1,AES,Silicon
1367.2203224230582,-0.0004926466838451606,1,AES,Silicon
1368.4318514899853,0.008490849330343919,1,AES,Silicon
1369.6433805569125,-0.0013754254104157725,1,AES,Silicon
1370.8549096238398,-0.008299851513999602,1,AES,Silicon
1372.066438690767,0.00395959224156032,1,AES,Silicon
1373.2779677576941,0.003408505875418676,1,AES,Silicon
1374.4894968246213,0.000513958724631739,1,AES,Silicon
1375.7010258915486,-0.0017592090057501752,1,AES,Silicon
1376.9125549584758,-0.004473550966192125,1,AES,Silicon
1378.124084025403,0.0037487223256161507,1,AES,Silicon
1379.3356130923303,-2.310616431182224e-15,1,AES,Silicon
1380.5471421592574,-0.005015359762697603,1,AES,Silicon
1381.7586712261846,4.281014935806243e-16,1,AES,Silicon
1382.970200293112,-0.0011405396910103014,1,AES,Silicon
1384.181729360039,0.0012390040855498419,1,AES,Silicon
1385.3932584269662,0.001211096191003907,1,AES,Silicon
1386.6047874938934,0.0003510850544865485,1,AES,Silicon
1387.8163165608207,0.004870483675185618,1,AES,Silicon
1389.0278456277479,0.00011914170540625094,1,AES,Silicon
1390.239374694675,-0.006081579866189139,1,AES,Silicon
1391.4509037616024,0.0019241162249631163,1,AES,Silicon
1392.6624328285295,0.00448274726437907,1,AES,Silicon
1393.8739618954567,-0.003633347070403704,1,AES,Silicon
1395.085490962384,-0.0022313307275281637,1,AES,Silicon
1396.2970200293112,0.002642503720536179,1,AES,Silicon
1397.5085490962383,-0.0022514165368486528,1,AES,Silicon
1398.7200781631657,0.012542110787687508,1,AES,Silicon
1399.9316072300928,0.010000000000016584,1,AES,Silicon
1401.14313629702,-0.01471135560141257,1,AES,Silicon
1402.354665363947,-0.01000000000001734,1,AES,Silicon
1403.5661944308745,-0.0004145462833534857,1,AES,Silicon
1404.7777234978016,0.0,1,AES,Silicon
1405.9892525647288,-5.871262345533153e-05,1,AES,Silicon
1407.2007816316561,0.006009197602433196,1,AES,Silicon
1408.4123106985833,0.010000000000016584,1,AES,Silicon
1409.6238397655104,-0.006009197602429442,1,AES,Silicon
1410.8353688324378,-0.010000000000013769,1,AES,Silicon
1412.046897899365,0.0,1,AES,Silicon
1413.258426966292,0.0,1,AES,Silicon
1414.4699560332192,0.0061882484985590425,1,AES,Silicon
1415.6814851001466,0.013805689033012424,1,AES,Silicon
1416.8930141670737,-0.006188248498560785,1,AES,Silicon
1418.1045432340009,-0.005316953466550824,1,AES,Silicon
1419.3160723009282,0.0036999711989902134,1,AES,Silicon
1420.5276013678554,-0.00848873556646631,1,AES,Silicon
1421.7391304347825,-0.0036999711989933997,1,AES,Silicon
1422.9506595017099,0.008633855691044641,1,AES,Silicon
1424.162188568637,0.0,1,AES,Silicon
1425.3737176355642,-0.008633855691043829,1,AES,Silicon
1426.5852467024913,0.0038537524464932445,1,AES,Silicon
1427.7967757694187,0.009194674039510232,1,AES,Silicon
1429.0083048363458,0.0013631446922840948,1,AES,Silicon
1430.219833903273,-0.007069474558892286,1,AES,Silicon
1431.4313629702003,-0.002975451535122428,1,AES,Silicon
1432.6428920371275,0.001091060441021213,1,AES,Silicon
1433.8544211040546,0.0006187220855841735,1,AES,Silicon
1435.065950170982,-0.0021565362056645216,1,AES,Silicon
1436.2774792379091,-0.00246746587945494,1,AES,Silicon
1437.4890083048363,-0.0010597237159747457,1,AES,Silicon
1438.7005373717636,-0.0003927018097840457,1,AES,Silicon
1439.9120664386908,0.0,1,AES,Silicon
1441.123595505618,0.0,1,AES,Silicon
1442.335124572545,0.0,1,AES,Silicon
1443.5466536394724,0.0,1,AES,Silicon
1444.7581827063996,0.0,1,AES,Silicon
1445.9697117733267,0.0006779655497715461,1,AES,Silicon
1447.181240840254,0.005246027118135828,1,AES,Silicon
1448.3927699071812,0.0027828863937787098,1,AES,Silicon
1449.6042989741084,0.004753972881878985,1,AES,Silicon
1450.8158280410357,-0.003460851943553226,1,AES,Silicon
1452.0273571079629,0.003545476334745793,1,AES,Silicon
1453.23888617489,0.0,1,AES,Silicon
1454.4504152418172,-0.013545476334763646,1,AES,Silicon
1455.6619443087445,0.002072976643916321,1,AES,Silicon
1456.8734733756717,0.0,1,AES,Silicon
1458.0850024425988,-0.0016758488746218651,1,AES,Silicon
1459.2965315095262,-1.490618805442018e-16,1,AES,Silicon
1460.5080605764533,-0.000397127769294568,1,AES,Silicon
1461.7195896433805,0.0012051594418041275,1,AES,Silicon
1462.9311187103078,-4.523565125402362e-16,1,AES,Silicon
1464.142647777235,0.00045485393810307316,1,AES,Silicon
1465.354176844162,0.0,1,AES,Silicon
1466.5657059110893,0.0004221507887878769,1,AES,Silicon
1467.7772349780166,0.0008438632830990118,1,AES,Silicon
1468.9887640449438,0.003058860209489625,1,AES,Silicon
1470.200293111871,-0.00037193077034971205,1,AES,Silicon
1471.4118221787983,-0.005141024378184513,1,AES,Silicon
1472.6233512457254,-1.1030958432299338e-05,1,AES,Silicon
1473.8348803126526,0.0020475226380830625,1,AES,Silicon
1475.04640937958,-0.00027676302492111467,1,AES,Silicon
1476.257938446507,-0.0018945450784087993,1,AES,Silicon
1477.4694675134342,-0.0001841385293954919,1,AES,Silicon
1478.6809965803614,-0.00015297755967468067,1,AES,Silicon
1479.8925256472887,0.0,1,AES,Silicon
1481.1040547142159,0.006593614917199838,1,AES,Silicon
1482.315583781143,2.4749128999162964e-15,1,AES,Silicon
1483.5271128480704,-0.006593614917197984,1,AES,Silicon
1484.7386419149975,0.02000000000003317,1,AES,Silicon
1485.9501709819247,0.0033726938498562474,1,AES,Silicon
1487.161700048852,-0.0200000000000288,1,AES,Silicon
1488.3732291157792,0.0013296610341168497,1,AES,Silicon
1489.5847581827063,1.7650285781711304e-15,1,AES,Silicon
1490.7962872496337,0.006349088030468177,1,AES,Silicon
1492.0078163165608,0.0,1,AES,Silicon
1493.219345383488,-0.002967037732673752,1,AES,Silicon
1494.430874450415,0.010000000000016803,1,AES,Silicon
1495.6424035173425,-0.006916786519380381,1,AES,Silicon
1496.8539325842696,-0.007611490486179404,1,AES,Silicon
1498.0654616511968,0.0003918624591576468,1,AES,Silicon
1499.2769907181241,-0.002388509513837092,1,AES,Silicon
1500.4885197850513,0.008440518878479691,1,AES,Silicon
1501.7000488519784,0.00016511191996426737,1,AES,Silicon
1502.9115779189058,-0.01000000000001383,1,AES,Silicon
1504.123106985833,0.003467451068559488,1,AES,Silicon
1505.33463605276,0.008330779141220412,1,AES,Silicon
1506.5461651196872,-0.0036325629885172626,1,AES,Silicon
1507.7576941866146,-0.008330779141218068,1,AES,Silicon
1508.9692232535417,0.0,1,AES,Silicon
1510.1807523204689,0.009722128530245896,1,AES,Silicon
1511.3922813873962,-3.649200266668735e-15,1,AES,Silicon
1512.6038104543234,-0.003544803036242471,1,AES,Silicon
1513.8153395212505,0.006322736717535178,1,AES,Silicon
1515.0268685881779,-0.006177325494006795,1,AES,Silicon
1516.238397655105,-0.004178415050503043,1,AES,Silicon
1517.4499267220322,0.006136924434546475,1,AES,Silicon
1518.6614557889593,-0.0021443216670294935,1,AES,Silicon
1519.8729848558867,-0.006136924434544749,1,AES,Silicon
1521.0845139228138,0.0,1,AES,Silicon
1522.296042989741,0.0,1,AES,Silicon
1523.5075720566683,0.0,1,AES,Silicon
1524.7191011235955,0.0,1,AES,Silicon
1525.9306301905226,0.01012845007550718,1,AES,Silicon
1527.14215925745,-3.801713030381726e-15,1,AES,Silicon
1528.3536883243771,-0.009247383108074962,1,AES,Silicon
1529.5652173913043,0.010000000000014098,1,AES,Silicon
1530.7767464582316,0.0003659185354447856,1,AES,Silicon
1531.9882755251588,-0.006858686527152556,1,AES,Silicon
1533.199804592086,-0.001246985502883242,1,AES,Silicon
1534.411333659013,-0.00173160967540173,1,AES,Silicon
1535.6228627259404,0.004626705638193613,1,AES,Silicon
1536.8343917928676,-0.0014097037974629878,1,AES,Silicon
1538.0459208597947,0.0016767036194403272,1,AES,Silicon
1539.257449926722,0.0015791533589488097,1,AES,Silicon
1540.4689789936492,-0.0063034092576362425,1,AES,Silicon
1541.6805080605764,-0.0015791533589511759,1,AES,Silicon
1542.8920371275037,0.0021041618628125265,1,AES,Silicon
1544.1035661944309,0.00028644086894503366,1,AES,Silicon
1545.315095261358,0.009926243240814859,1,AES,Silicon
1546.5266243282852,-0.000286440868940545,1,AES,Silicon
1547.7381533952125,-0.011392136413723683,1,AES,Silicon
1548.9496824621397,0.0,1,AES,Silicon
1550.1612115290668,-0.0006382686899001196,1,AES,Silicon
1551.3727405959942,0.0,1,AES,Silicon
1552.5842696629213,0.0,1,AES,Silicon
1553.7957987298485,0.004658453783666529,1,AES,Silicon
1555.0073277967758,0.004112811123295948,1,AES,Silicon
1556.218856863703,-0.002362800154131971,1,AES,Silicon
1557.43038593063,-0.00411281112329731,1,AES,Silicon
1558.6419149975573,-0.002295653629536084,1,AES,Silicon
1559.8534440644846,0.0045717909327225555,1,AES,Silicon
1561.0649731314118,0.0005340873210817224,1,AES,Silicon
1562.276502198339,0.014169046479695923,1,AES,Silicon
1563.4880312652663,0.0009482062582760828,1,AES,Silicon
1564.6995603321934,-0.018017063548684886,1,AES,Silicon
1565.9110893991206,-0.0014822935793644177,1,AES,Silicon
1567.122618466048,-0.00022049939735238326,1,AES,Silicon
1568.334147532975,0.0,1,AES,Silicon
1569.5456765999022,0.002165368650752304,1,AES,Silicon
1570.7572056668296,0.0036055158437032575,1,AES,Silicon
1571.9687347337567,-0.002668643117139134,1,AES,Silicon
1573.1802638006839,-0.0036055158437039206,1,AES,Silicon
1574.391792867611,0.0,1,AES,Silicon
1575.6033219345384,0.0019144625715804419,1,AES,Silicon
1576.8148510014655,0.0,1,AES,Silicon
1578.0263800683927,-0.0019144625715804419,1,AES,Silicon
1579.23790913532,0.001464432865444498,1,AES,Silicon
1580.4494382022472,0.009395345971948878,1,AES,Silicon
1581.6609672691743,-0.0014644328654409714,1,AES,Silicon
1582.8724963361017,-0.006235332957433627,1,AES,Silicon
1584.0840254030288,0.0003083896041057906,1,AES,Silicon
1585.295554469956,-0.003160013014512311,1,AES,Silicon
1586.507083536883,0.0031553260813435404,1,AES,Silicon
1587.7186126038105,-1.3001054412810562e-15,1,AES,Silicon
1588.9301416707376,-0.002455996556995561,1,AES,Silicon
1590.1416707376648,0.0012123797724361506,1,AES,Silicon
1591.3531998045921,-0.001007719128454945,1,AES,Silicon
1592.5647288715193,0.0025263217505865224,1,AES,Silicon
1593.7762579384464,1.4033213562606643e-15,1,AES,Silicon
1594.9877870053738,-0.0037387015230215836,1,AES,Silicon
1596.199316072301,0.00202194006154115,1,AES,Silicon
1597.410845139228,0.0,1,AES,Silicon
1598.6223742061552,-0.0019157339746482802,1,AES,Silicon
1599.8339032730826,-3.986444731791594e-17,1,AES,Silicon
1601.0454323400097,0.003986199250152033,1,AES,Silicon
1602.2569614069369,0.0017889911726798903,1,AES,Silicon
1603.4684904738642,-0.004092405337044642,1,AES,Silicon
1604.6800195407914,0.0012929176891001704,1,AES,Silicon
1605.8915486077185,0.005239263306910799,1,AES,Silicon
1607.1030776746459,-0.0009796939282241605,1,AES,Silicon
1608.314606741573,-0.005200247476998407,1,AES,Silicon
1609.5261358085002,-0.0021022149335557694,1,AES,Silicon
1610.7376648754273,-3.901582991271292e-05,1,AES,Silicon
1611.9491939423547,0.0,1,AES,Silicon
1613.1607230092818,0.0,1,AES,Silicon
1614.372252076209,0.0,1,AES,Silicon
1615.5837811431363,0.00021349608773345505,1,AES,Silicon
1616.7953102100635,0.0019962485556919824,1,AES,Silicon
1618.0068392769906,-0.0002134960877327058,1,AES,Silicon
1619.218368343918,0.009837226030946299,1,AES,Silicon
1620.4298974108451,0.020242984176020416,1,AES,Silicon
1621.6414264777723,-0.011833474586630123,1,AES,Silicon
1622.8529555446996,-0.02024298417601472,1,AES,Silicon
1624.0644846116268,0.0,1,AES,Silicon
1625.276013678554,0.0,1,AES,Silicon
1626.487542745481,0.0022609462767281168,1,AES,Silicon
1627.6990718124084,0.0057689275774618,1,AES,Silicon
1628.9106008793356,0.0023321910961580606,1,AES,Silicon
1630.1221299462627,-0.005768927577460925,1,AES,Silicon
1631.33365901319,0.001024949476788734,1,AES,Silicon
1632.5451880801172,0.0005602817751934839,1,AES,Silicon
1633.7567171470444,-0.005618086849674044,1,AES,Silicon
1634.9682462139717,-0.0005602817751933262,1,AES,Silicon
1636.1797752808989,0.010000000000016584,1,AES,Silicon
1637.391304347826,0.0,1,AES,Silicon
1638.6028334147531,-0.009357753839417131,1,AES,Silicon
1639.8143624816805,0.0006051537898449888,1,AES,Silicon
1641.0258915486077,-0.0006307666504848484,1,AES,Silicon
1642.2374206155348,0.001041531355663071,1,AES,Silicon
1643.4489496824622,0.004475698928389888,1,AES,Silicon
1644.6604787493893,0.0019318914082296042,1,AES,Silicon
1645.8720078163165,0.005512821561508887,1,AES,Silicon
1647.0835368832438,-0.003578576553741111,1,AES,Silicon
1648.295065950171,-0.006478836536810979,1,AES,Silicon
1649.506595017098,0.0,1,AES,Silicon
1650.7181240840252,-0.003521163463205934,1,AES,Silicon
1651.9296531509526,0.0,1,AES,Silicon
1653.1411822178798,0.0,1,AES,Silicon
1654.352711284807,0.012040605955540202,1,AES,Silicon
1655.5642403517343,0.0028610215636013926,1,AES,Silicon
1656.7757694186614,-0.01204060595554359,1,AES,Silicon
1657.9872984855886,-0.002861021563605912,1,AES,Silicon
1659.198827552516,0.0,1,AES,Silicon
1660.410356619443,0.0014765884061393494,1,AES,Silicon
1661.6218856863702,5.542373553979209e-16,1,AES,Silicon
1662.8334147532976,-0.0007855614437718768,1,AES,Silicon
1664.0449438202247,0.0,1,AES,Silicon
1665.2564728871519,0.0014921439605724424,1,AES,Silicon
1666.468001954079,0.0004506615123065675,1,AES,Silicon
1667.6795310210064,-0.0021831709229389895,1,AES,Silicon
1668.8910600879335,0.004058847278088578,1,AES,Silicon
1670.1025891548607,1.6926438103808527e-15,1,AES,Silicon
1671.314118221788,-0.004509508790393185,1,AES,Silicon
1672.5256472887152,0.0,1,AES,Silicon
1673.7371763556423,0.0,1,AES,Silicon
1674.9487054225697,0.0,1,AES,Silicon
1676.1602344894968,0.0,1,AES,Silicon
1677.371763556424,0.006450901117950042,1,AES,Silicon
1678.583292623351,2.421345285308104e-15,1,AES,Silicon
1679.7948216902785,-0.006450901117948227,1,AES,Silicon
1681.0063507572056,0.005544387038109574,1,AES,Silicon
1682.2178798241328,2.0810852885799803e-15,1,AES,Silicon
1683.4294088910601,-0.005544387038108014,1,AES,Silicon
1684.6409379579873,0.01391907990661784,1,AES,Silicon
1685.8524670249144,5.22452567346528e-15,1,AES,Silicon
1687.0639960918418,-0.007037412707343456,1,AES,Silicon
1688.275525158769,0.002554893436612567,1,AES,Silicon
1689.487054225696,-0.006881667199269823,1,AES,Silicon
1690.6985832926232,0.005575335586705486,1,AES,Silicon
1691.9101123595506,-3.051680897621358e-15,1,AES,Silicon
1693.1216414264777,-0.005333500538034176,1,AES,Silicon
1694.3331704934049,0.0011279413895169171,1,AES,Silicon
1695.5446995603322,0.002109132785183861,1,AES,Silicon
1696.7562286272594,0.0047569125102664995,1,AES,Silicon
1697.9677576941865,-0.004785247507445285,1,AES,Silicon
1699.1792867611139,0.004115146100236447,1,AES,Silicon
1700.390815828041,0.001612879320370514,1,AES,Silicon
1701.6023448949682,-0.010000000000016584,1,AES,Silicon
1702.8138739618953,0.005854342226537761,1,AES,Silicon
1704.0254030288227,0.0005145595351863147,1,AES,Silicon
1705.2369320957498,-0.007587835309933015,1,AES,Silicon
1706.448461162677,0.00018144355493275246,1,AES,Silicon
1707.6599902296043,-2.6124471139972863e-16,1,AES,Silicon
1708.8715192965315,-0.0006960030901221111,1,AES,Silicon
1710.0830483634586,0.004523989634096649,1,AES,Silicon
1711.294577430386,-1.6980791940563387e-15,1,AES,Silicon
1712.506106497313,-0.004523989634097923,1,AES,Silicon
1713.7176355642403,0.002022478641304842,1,AES,Silicon
1714.9291646311676,0.004468553112640351,1,AES,Silicon
1716.1406936980948,0.0006870345552042421,1,AES,Silicon
1717.352222765022,-0.000714756713056362,1,AES,Silicon
1718.563751831949,-0.002709513196508499,1,AES,Silicon
1719.7752808988764,-0.0037537963995832725,1,AES,Silicon
1720.9868099658036,0.005658063301182149,1,AES,Silicon
1722.1983390327307,2.1237536660065585e-15,1,AES,Silicon
1723.409868099658,0.004341936698836962,1,AES,Silicon
1724.6213971665852,0.005005553909387816,1,AES,Silicon
1725.8329262335124,-0.00790374071807256,1,AES,Silicon
1727.0444553004397,-0.0032874535595328125,1,AES,Silicon
1728.2559843673669,0.006062966549504832,1,AES,Silicon
1729.467513434294,-0.0017181003498542206,1,AES,Silicon
1730.6790425012211,-0.004662482671645129,1,AES,Silicon
1731.8905715681485,0.00021486487646753472,1,AES,Silicon
1733.1021006350757,-0.0024845017342981046,1,AES,Silicon
1734.3136297020028,0.005545461017268544,1,AES,Silicon
1735.5251587689302,0.0009016348483947189,1,AES,Silicon
1736.7366878358573,-0.003731654061815107,1,AES,Silicon
1737.9482169027845,0.002128072960749612,1,AES,Silicon
1739.1597459697118,-0.0020286718319244717,1,AES,Silicon
1740.371275036639,-0.004041949234653602,1,AES,Silicon
1741.582804103566,0.0,1,AES,Silicon
1742.7943331704932,0.0,1,AES,Silicon
1744.0058622374206,0.0077492102347749454,1,AES,Silicon
1745.2173913043478,0.0,1,AES,Silicon
1746.428920371275,-0.0077492102347749454,1,AES,Silicon
1747.6404494382023,0.0,1,AES,Silicon
1748.8519785051294,0.0011585209944143936,1,AES,Silicon
1750.0635075720566,0.0030742618602233374,1,AES,Silicon
1751.275036638984,0.0020843380861013242,1,AES,Silicon
1752.486565705911,-0.0030742618602237672,1,AES,Silicon
1753.6980947728382,-0.0032428590805165464,1,AES,Silicon
1754.9096238397656,0.0010649566439980603,1,AES,Silicon
1756.1211529066927,0.0,1,AES,Silicon
1757.3326819736199,0.004992632889248475,1,AES,Silicon
1758.544211040547,0.0018503331035365793,1,AES,Silicon
1759.7557401074744,0.006711938097546956,1,AES,Silicon
1760.9672691744015,0.0006478618675849945,1,AES,Silicon
1762.1787982413286,-0.008347066734584638,1,AES,Silicon
1763.390327308256,-0.0018159805701511668,1,AES,Silicon
1764.6018563751832,-0.004422460896208052,1,AES,Silicon
1765.8133854421103,0.0008240861663893474,1,AES,Silicon
1767.0249145090377,-5.653898130423658e-16,1,AES,Silicon
1768.2364435759648,-0.0015063005673593825,1,AES,Silicon
1769.447972642892,0.0022098250654213948,1,AES,Silicon
1770.659501709819,0.004666706826845158,1,AES,Silicon
1771.8710307767465,-0.0021296590560002764,1,AES,Silicon
1773.0825598436736,-0.003502810492074395,1,AES,Silicon
1774.2940889106007,0.016334956902422412,1,AES,Silicon
1775.5056179775281,-0.00025657188512323174,1,AES,Silicon
1776.7171470444553,-0.006610181997831527,1,AES,Silicon
1777.9286761113824,0.011223906918050502,1,AES,Silicon
1779.1402051783098,-0.009804940914019108,1,AES,Silicon
1780.351734245237,-0.009292119239582012,1,AES,Silicon
1781.563263312164,0.0014364683470820168,1,AES,Silicon
1782.7747923790912,0.0020215680517750158,1,AES,Silicon
1783.9863214460186,0.0011005444572988693,1,AES,Silicon
1785.1978505129457,-0.004860680179898182,1,AES,Silicon
1786.4093795798728,-0.002537012804382306,1,AES,Silicon
1787.6209086468002,0.0,1,AES,Silicon
1788.8324377137274,0.0,1,AES,Silicon
1790.0439667806545,0.0,1,AES,Silicon
1791.2554958475819,0.0022181704017513403,1,AES,Silicon
1792.467024914509,0.006293354831714381,1,AES,Silicon
1793.6785539814362,-0.0007307751808374802,1,AES,Silicon
1794.8900830483635,-0.006293354831713168,1,AES,Silicon
1796.1016121152907,0.0001881750544812222,1,AES,Silicon
1797.3131411822178,0.004509734855280216,1,AES,Silicon
1798.524670249145,-0.0016755702753916033,1,AES,Silicon
1799.7361993160723,-0.004509734855278947,1,AES,Silicon
1800.9477283829995,5.535527392571309e-05,1,AES,Silicon
1802.1592574499266,2.0777598212442797e-17,1,AES,Silicon
1803.370786516854,0.002387813655798312,1,AES,Silicon
1804.582315583781,0.0,1,AES,Silicon
1805.7938446507083,-0.0008620805944075081,1,AES,Silicon
1807.0053737176356,-5.934613965361631e-16,1,AES,Silicon
1808.2169027845628,-0.0015810883353169465,1,AES,Silicon
1809.42843185149,0.0027224324485498365,1,AES,Silicon
1810.639960918417,0.01000000000001479,1,AES,Silicon
1811.8514899853444,0.0037859614560304495,1,AES,Silicon
1813.0630190522716,-0.010000000000016584,1,AES,Silicon
1814.2745481191987,-0.005661626499178938,1,AES,Silicon
1815.486077186126,0.003514647096577922,1,AES,Silicon
1816.6976062530532,-0.0008467674054045742,1,AES,Silicon
1817.9091353199804,-0.00351464709657824,1,AES,Silicon
1819.1206643869077,0.0,1,AES,Silicon
1820.3321934538349,0.004758289918401905,1,AES,Silicon
1821.543722520762,0.0,1,AES,Silicon
1822.7552515876891,0.00488277386278505,1,AES,Silicon
1823.9667806546165,-3.618772618755896e-15,1,AES,Silicon
1825.1783097215437,-0.008945546862319735,1,AES,Silicon
1826.3898387884708,0.005811736596755295,1,AES,Silicon
1827.6013678553982,0.0068648282012630235,1,AES,Silicon
1828.8128969223253,0.0019574343114086364,1,AES,Silicon
1830.0244259892524,-0.0030063856356436418,1,AES,Silicon
1831.2359550561798,-0.003909795220513174,1,AES,Silicon
1832.447484123107,-0.0023209082357753897,1,AES,Silicon
1833.659013190034,-0.000925972953095342,1,AES,Silicon
1834.8705422569612,-0.002233051248713831,1,AES,Silicon
1836.0820713238886,-0.0029334027345551254,1,AES,Silicon
1837.2936003908158,0.0,1,AES,Silicon
1838.505129457743,0.0,1,AES,Silicon
1839.7166585246703,0.0,1,AES,Silicon
1840.9281875915974,0.0026244694207224616,1,AES,Silicon
1842.1397166585245,0.003600250573881883,1,AES,Silicon
1843.351245725452,-0.002291291144030078,1,AES,Silicon
1844.562774792379,0.001968104413114229,1,AES,Silicon
1845.7743038593062,-0.00033317827669090614,1,AES,Silicon
1846.9858329262336,-0.005568354986994574,1,AES,Silicon
1848.1973619931607,0.0,1,AES,Silicon
1849.4088910600879,0.0,1,AES,Silicon
1850.620420127015,0.0,1,AES,Silicon
1851.8319491939424,0.0,1,AES,Silicon
1853.0434782608695,0.005703725110849469,1,AES,Silicon
1854.2550073277966,0.002377334603597036,1,AES,Silicon
1855.466536394724,-0.005703725110848758,1,AES,Silicon
1856.6780654616512,0.0046101682029299085,1,AES,Silicon
1857.8895945285783,0.004601699251303832,1,AES,Silicon
1859.1011235955057,-0.004793756167056619,1,AES,Silicon
1860.3126526624328,0.0053983007487140786,1,AES,Silicon
1861.52418172936,-0.00219374663946841,1,AES,Silicon
1862.735710796287,-0.01000000000001752,1,AES,Silicon
1863.9472398632145,0.014103157616805688,1,AES,Silicon
1865.1587689301416,0.007102424302306384,1,AES,Silicon
1866.3702979970687,-0.008287148922980605,1,AES,Silicon
1867.5818270639961,-0.007102424302306568,1,AES,Silicon
1868.7933561309233,-0.005816008693824055,1,AES,Silicon
1870.0048851978504,0.0005309567944814043,1,AES,Silicon
1871.2164142647778,0.01000000000001732,1,AES,Silicon
1872.427943331705,0.0006869626076275036,1,AES,Silicon
1873.639472398632,-0.010000000000016584,1,AES,Silicon
1874.8510014655592,-0.0012179194021091717,1,AES,Silicon
1876.0625305324866,0.0,1,AES,Silicon
1877.2740595994137,0.0019356003315321106,1,AES,Silicon
1878.4855886663408,7.265274496232598e-16,1,AES,Silicon
1879.6971177332682,-0.0019356003315315659,1,AES,Silicon
1880.9086468001954,0.0,1,AES,Silicon
1882.1201758671225,0.0,1,AES,Silicon
1883.3317049340499,0.006679069443703375,1,AES,Silicon
1884.543234000977,0.006260773401929097,1,AES,Silicon
1885.7547630679042,0.003320930556312743,1,AES,Silicon
1886.9662921348315,0.0037392265980864324,1,AES,Silicon
1888.1778212017587,-0.008233334468086113,1,AES,Silicon
1889.3893502686858,-0.010000000000016584,1,AES,Silicon
1890.600879335613,-0.0006293049787065166,1,AES,Silicon
1891.8124084025403,0.0028871201969274864,1,AES,Silicon
1893.0239374694675,0.0034865722001770866,1,AES,Silicon
1894.2354665363946,-0.002887120196926178,1,AES,Silicon
1895.446995603322,-0.004623932753400226,1,AES,Silicon
1896.658524670249,0.0,1,AES,Silicon
1897.8700537371762,0.0,1,AES,Silicon
1899.0815828041036,0.0,1,AES,Silicon
1900.2931118710308,0.0013844872454097405,1,AES,Silicon
1901.504640937958,0.0034430185718422966,1,AES,Silicon
1902.716170004885,-0.0013844872454085784,1,AES,Silicon
1903.9276990718124,0.002182464078949991,1,AES,Silicon
1905.1392281387396,0.0,1,AES,Silicon
1906.3507572056667,-0.0056254826507913195,1,AES,Silicon
1907.562286272594,0.0,1,AES,Silicon
1908.7738153395212,0.0,1,AES,Silicon
1909.9853444064483,0.003331694328714335,1,AES,Silicon
1911.1968734733757,0.0027769372966542005,1,AES,Silicon
1912.4084025403029,-0.003331694328715272,1,AES,Silicon
1913.61993160723,-0.00252446995326605,1,AES,Silicon
1914.8314606741571,0.001944415719669798,1,AES,Silicon
1916.0429897410845,-0.0002524673433897996,1,AES,Silicon
1917.2545188080117,-0.00194441571967025,1,AES,Silicon
1918.4660478749388,0.0029933385089575253,1,AES,Silicon
1919.6775769418662,-1.123549400847236e-15,1,AES,Silicon
1920.8891060087933,-0.0018870092392457279,1,AES,Silicon
1922.1006350757204,0.010000000000014185,1,AES,Silicon
1923.3121641426478,0.0006515014181799786,1,AES,Silicon
1924.523693209575,-0.010000000000016584,1,AES,Silicon
1925.735222276502,-0.0017578306878960604,1,AES,Silicon
1926.9467513434295,0.0043895432493061305,1,AES,Silicon
1928.1582804103566,0.0,1,AES,Silicon
1929.3698094772838,-0.004389543249305719,1,AES,Silicon
1930.581338544211,0.0007558834191996714,1,AES,Silicon
1931.7928676111383,0.004328859760590131,1,AES,Silicon
1933.0043966780654,0.009244116580816699,1,AES,Silicon
1934.2159257449925,-0.004096407437685234,1,AES,Silicon
1935.42745481192,0.0016160770794068928,1,AES,Silicon
1936.638983878847,0.0023796488547356263,1,AES,Silicon
1937.8505129457742,-0.010951123298215317,1,AES,Silicon
1939.0620420127016,-0.002612101177636633,1,AES,Silicon
1940.2735710796287,-0.0006649537812046385,1,AES,Silicon
1941.4851001465559,0.00032464971570521443,1,AES,Silicon
1942.696629213483,0.01000000000001389,1,AES,Silicon
1943.9081582804104,-0.0003246497157088766,1,AES,Silicon
1945.1196873473375,-0.008354740797667735,1,AES,Silicon
1946.3312164142646,0.013406651509055444,1,AES,Silicon
1947.542745481192,0.008354740797664103,1,AES,Silicon
1948.7542745481192,-0.013406651509058598,1,AES,Silicon
1949.9658036150463,-0.00766659862890981,1,AES,Silicon
1951.1773326819737,0.0077540655898581225,1,AES,Silicon
1952.3888617489008,-0.0022550363027303327,1,AES,Silicon
1953.600390815828,-0.007754065589858271,1,AES,Silicon
1954.811919882755,-7.836506837804118e-05,1,AES,Silicon
1956.0234489496825,0.005181485008819644,1,AES,Silicon
1957.2349780166096,0.0,1,AES,Silicon
1958.4465070835367,-0.005181485008819644,1,AES,Silicon
1959.658036150464,0.0,1,AES,Silicon
1960.8695652173913,0.0,1,AES,Silicon
1962.0810942843184,0.00046230657134098115,1,AES,Silicon
1963.2926233512458,0.006122911819178327,1,AES,Silicon
1964.504152418173,0.0007552795236681064,1,AES,Silicon
1965.7156814851,-0.006122911819177925,1,AES,Silicon
1966.9272105520272,-0.0012175860950093319,1,AES,Silicon
1968.1387396189546,0.0,1,AES,Silicon
1969.3502686858817,0.0033281682685812695,1,AES,Silicon
1970.5617977528088,1.2492277278003227e-15,1,AES,Silicon
1971.7733268197362,-0.003328168268580333,1,AES,Silicon
1972.9848558866634,0.012033837197226605,1,AES,Silicon
1974.1963849535905,0.0011259075321131524,1,AES,Silicon
1975.4079140205179,-0.01203383719722364,1,AES,Silicon
1976.619443087445,-0.0011259075321089524,1,AES,Silicon
1977.8309721543721,0.014328137527698452,1,AES,Silicon
1979.0425012212995,0.00042688122798738726,1,AES,Silicon
1980.2540302882267,-0.014328137527702484,1,AES,Silicon
1981.4655593551538,0.0030374090004520664,1,AES,Silicon
1982.677088422081,1.3003210959540076e-15,1,AES,Silicon
1983.8886174890083,0.0035955910884094473,1,AES,Silicon
1985.1001465559355,0.004070367913337098,1,AES,Silicon
1986.3116756228626,-0.0070598813168517354,1,AES,Silicon
1987.52320468979,0.0007573874993981772,1,AES,Silicon
1988.734733756717,0.00025572648251640125,1,AES,Silicon
1989.9462628236442,-0.0016139145525513028,1,AES,Silicon
1991.1577918905716,0.0015710819426719333,1,AES,Silicon
1992.3693209574988,-0.003213840860183635,1,AES,Silicon
1993.580850024426,-0.0018268084251892975,1,AES,Silicon
1994.792379091353,0.003881604529425864,1,AES,Silicon
1996.0039081582804,-1.4569599897611281e-15,1,AES,Silicon
1997.2154372252076,-0.003881604529426956,1,AES,Silicon
1998.4269662921347,0.0,1,AES,Silicon
1999.638495359062,0.0015964141777065146,1,AES,Silicon
2000.8500244259892,0.0077730200333172295,1,AES,Silicon
2002.0615534929163,-0.001596414177703597,1,AES,Silicon
2003.2730825598437,-0.0076817443739729445,1,AES,Silicon
2004.4846116267709,0.005322223535963225,1,AES,Silicon
2005.696140693698,-9.127565934208907e-05,1,AES,Silicon
2006.9076697606251,-0.0036173738141740755,1,AES,Silicon
2008.1191988275525,-6.399152243287154e-16,1,AES,Silicon
2009.3307278944797,-9.069242558219491e-05,1,AES,Silicon
2010.5422569614068,6.058738287032951e-16,1,AES,Silicon
2011.7537860283342,0.0021007549127919876,1,AES,Silicon
2012.9653150952613,0.004474891663117989,1,AES,Silicon
2014.1768441621884,0.006044354153874229,1,AES,Silicon
2015.3883732291158,-0.0022904330777578944,1,AES,Silicon
2016.599902296043,0.0014685594306374109,1,AES,Silicon
2017.81143136297,-0.0014518841295417515,1,AES,Silicon
2019.0229604298975,-0.011227825793509288,1,AES,Silicon
2020.2344894968246,0.0005430667117806024,1,AES,Silicon
2021.4460185637517,0.0,1,AES,Silicon
2022.657547630679,-0.0006407637262834276,1,AES,Silicon
2023.8690766976063,0.004965618570023776,1,AES,Silicon
2025.0806057645334,0.00936512255870237,1,AES,Silicon
2026.2921348314605,-0.000669767980028975,1,AES,Silicon
2027.503663898388,-0.005036199704029341,1,AES,Silicon
2028.715192965315,-0.004295850589992495,1,AES,Silicon
2029.9267220322422,-0.0049638002959860395,1,AES,Silicon
2031.1382510991696,0.0,1,AES,Silicon
2032.3497801660967,0.004887972261310756,1,AES,Silicon
2033.5613092330238,0.0,1,AES,Silicon
2034.772838299951,-0.004887972261311214,1,AES,Silicon
2035.9843673668784,0.01000000000001752,1,AES,Silicon
2037.1958964338055,0.013168037508540504,1,AES,Silicon
2038.4074255007326,-0.007939529874844531,1,AES,Silicon
2039.61895456766,-0.01316803750853757,1,AES,Silicon
2040.8304836345872,-0.002060470125168626,1,AES,Silicon
2042.0420127015143,0.0,1,AES,Silicon
2043.2535417684417,0.0,1,AES,Silicon
2044.4650708353688,0.006087852553164412,1,AES,Silicon
2045.676599902296,0.0,1,AES,Silicon
2046.888128969223,-0.0015007576396331701,1,AES,Silicon
2048.0996580361507,0.005733370801131818,1,AES,Silicon
2049.311187103078,-0.0008247691649420504,1,AES,Silicon
2050.522716170005,-0.005733370801134184,1,AES,Silicon
2051.734245236932,-0.002240791608103104,1,AES,Silicon
2052.9457743038593,0.0,1,AES,Silicon
2054.1573033707864,0.008478465859526768,1,AES,Silicon
2055.3688324377135,0.0012224100524999206,1,AES,Silicon
2056.5803615046407,-0.010000000000016584,1,AES,Silicon
2057.791890571568,0.003253587106870983,1,AES,Silicon
2059.0034196384954,-3.360130444022025e-15,1,AES,Silicon
2060.2149487054226,-0.003717888483737114,1,AES,Silicon
2061.4264777723497,0.001067624580037558,1,AES,Silicon
2062.638006839277,-0.0007581086756358796,1,AES,Silicon
2063.8495359062044,0.0011434433347035184,1,AES,Silicon
2065.0610649731316,0.0,1,AES,Silicon
2066.2725940400587,0.0010725827626033037,1,AES,Silicon
2067.484123106986,0.0,1,AES,Silicon
2068.695652173913,-0.0028073650361609306,1,AES,Silicon
2069.90718124084,0.007307225145376803,1,AES,Silicon
2071.1187103077673,-0.00047628564118243317,1,AES,Silicon
2072.3302393746944,-0.007307225145378175,1,AES,Silicon
2073.541768441622,0.011936760120300701,1,AES,Silicon
2074.753297508549,0.0006767883265854221,1,AES,Silicon
2075.9648265754763,-0.010615343462245425,1,AES,Silicon
2077.1763556424035,0.001166807029379579,1,AES,Silicon
2078.3878847093306,0.0010706527151100379,1,AES,Silicon
2079.5994137762577,0.0023385209530393724,1,AES,Silicon
2080.810942843185,0.009152410696211208,1,AES,Silicon
2082.0224719101125,-0.0041821163090106864,1,AES,Silicon
2083.2340009770396,-0.009009757310610374,1,AES,Silicon
2084.4455300439668,0.007160068808427847,1,AES,Silicon
2085.657059110894,-0.002534722758767716,1,AES,Silicon
2086.868588177821,-0.007160068808427847,1,AES,Silicon
2088.080117244748,0.004172245455351312,1,AES,Silicon
2089.291646311676,-3.132104082127736e-15,1,AES,Silicon
2090.503175378603,-0.00417224545535366,1,AES,Silicon
2091.71470444553,0.0031936708311745676,1,AES,Silicon
2092.926233512457,0.0,1,AES,Silicon
2094.1377625793843,-0.0031936708311745676,1,AES,Silicon
2095.3492916463115,0.0012511314341487588,1,AES,Silicon
2096.5608207132386,0.0007179345148506994,1,AES,Silicon
2097.772349780166,0.0014225735649258942,1,AES,Silicon
2098.9838788470934,-0.0007179345148501644,1,AES,Silicon
2100.1954079140205,0.009260032436656816,1,AES,Silicon
2101.4069369809476,0.0,1,AES,Silicon
2102.618466047875,-0.009149388691536892,1,AES,Silicon
2103.829995114802,0.0023191301770270722,1,AES,Silicon
2105.0415241817295,-0.002784348744194084,1,AES,Silicon
2106.2530532486567,0.011773601341574985,1,AES,Silicon
2107.464582315584,0.0,1,AES,Silicon
2108.676111382511,-0.001047411001234325,1,AES,Silicon
2109.887640449438,0.001384192558555616,1,AES,Silicon
2111.0991695163652,-0.006117773406863012,1,AES,Silicon
2112.3106985832924,-0.0013841925585506753,1,AES,Silicon
2113.52222765022,-0.0069275471105000345,1,AES,Silicon
2114.733756717147,0.0,1,AES,Silicon
2115.9452857840743,0.0,1,AES,Silicon
2117.1568148510014,0.003014734208189425,1,AES,Silicon
2118.3683439179285,0.0,1,AES,Silicon
2119.5798729848557,-0.003014734208189425,1,AES,Silicon
2120.791402051783,0.0,1,AES,Silicon
2122.0029311187104,0.003581416098931818,1,AES,Silicon
2123.2144601856376,0.006446773995447739,1,AES,Silicon
2124.4259892525647,-0.0035814160989311454,1,AES,Silicon
2125.637518319492,-0.006446773995447739,1,AES,Silicon
2126.849047386419,0.00026400498834010624,1,AES,Silicon
2128.060576453346,0.004378760827655597,1,AES,Silicon
2129.2721055202737,-0.00026400498834324473,1,AES,Silicon
2130.483634587201,-0.003480421679930695,1,AES,Silicon
2131.695163654128,0.003675218971668915,1,AES,Silicon
2132.906692721055,0.00099013016732488,1,AES,Silicon
2134.1182217879823,-0.00296074435367911,1,AES,Silicon
2135.3297508549094,0.0018841645373688278,1,AES,Silicon
2136.5412799218366,-0.0007144746179871067,1,AES,Silicon
2137.752808988764,-0.0012179309299737754,1,AES,Silicon
2138.9643380556913,0.0,1,AES,Silicon
2140.1758671226185,-0.0025547029224444974,1,AES,Silicon
2141.3873961895456,0.0019265648672257738,1,AES,Silicon
2142.5989252564727,0.005176895217541047,1,AES,Silicon
2143.8104543234,-0.0019265648672257738,1,AES,Silicon
2145.021983390327,-0.0015858050563815475,1,AES,Silicon
2146.2335124572546,0.00607617928961708,1,AES,Silicon
2147.4450415241818,0.0013644167005717053,1,AES,Silicon
2148.656570591109,0.00010434101430635003,1,AES,Silicon
2149.868099658036,-0.0021586573296111726,1,AES,Silicon
2151.079628724963,-0.005896234193780308,1,AES,Silicon
2152.2911577918903,-0.0027968495321233377,1,AES,Silicon
2153.502686858818,0.009715713889873943,1,AES,Silicon
2154.714215925745,0.0,1,AES,Silicon
2155.925744992672,-0.001818386737139279,1,AES,Silicon
2157.1372740595993,0.0,1,AES,Silicon
2158.3488031265265,-0.007717292360665751,1,AES,Silicon
2159.5603321934536,0.0020783782227547926,1,AES,Silicon
2160.771861260381,-0.00029999673526672816,1,AES,Silicon
2161.9833903273084,0.004309746144539142,1,AES,Silicon
2163.1949193942355,-0.00016432416694344353,1,AES,Silicon
2164.4064484611627,-0.0056547089141843095,1,AES,Silicon
2165.61797752809,0.0,1,AES,Silicon
2166.829506595017,-0.0007334154531073799,1,AES,Silicon
2168.041035661944,0.0,1,AES,Silicon
2169.2525647288717,0.0,1,AES,Silicon
2170.464093795799,0.0,1,AES,Silicon
2171.675622862726,0.0,1,AES,Silicon
2172.887151929653,0.0,1,AES,Silicon
2174.0986809965802,0.0,1,AES,Silicon
2175.3102100635074,0.0,1,AES,Silicon
2176.5217391304345,0.0028644164136286585,1,AES,Silicon
2177.733268197362,0.00031068999221228776,1,AES,Silicon
2178.9447972642893,-0.002864416413630271,1,AES,Silicon
2180.1563263312164,-0.0003106899922143798,1,AES,Silicon
2181.3678553981435,0.0,1,AES,Silicon
2182.5793844650707,0.0012028702492103255,1,AES,Silicon
2183.790913531998,0.005051744138165543,1,AES,Silicon
2185.002442598925,-0.0012028702492067587,1,AES,Silicon
2186.2139716658526,-0.004618246336887615,1,AES,Silicon
2187.4255007327797,0.0,1,AES,Silicon
2188.637029799707,0.0020965758064334975,1,AES,Silicon
2189.848558866634,0.0008034723104995771,1,AES,Silicon
2191.060087933561,-0.0025300736077085006,1,AES,Silicon
2192.2716170004883,-0.000803472310499728,1,AES,Silicon
2193.483146067416,0.0,1,AES,Silicon
2194.694675134343,0.004055138905855453,1,AES,Silicon
2195.90620420127,8.031702818447098e-05,1,AES,Silicon
2197.1177332681973,0.0031098621807433523,1,AES,Silicon
2198.3292623351244,-8.031702818447098e-05,1,AES,Silicon
2199.5407914020516,-0.007165001086598806,1,AES,Silicon
2200.7523204689787,0.0,1,AES,Silicon
2201.9638495359063,0.01000000000001846,1,AES,Silicon
2203.1753786028335,0.0,1,AES,Silicon
2204.3869076697606,-0.008993282073666805,1,AES,Silicon
2205.5984367366877,0.001917227646620198,1,AES,Silicon
2206.809965803615,-0.0010067179263497771,1,AES,Silicon
2208.021494870542,0.001455895597121473,1,AES,Silicon
2209.2330239374696,-2.532203149192423e-15,1,AES,Silicon
2210.4445530043968,0.017180094325817248,1,AES,Silicon
2211.656082071324,0.006075962100935646,1,AES,Silicon
2212.867611138251,-0.017173306905767887,1,AES,Silicon
2214.079140205178,-0.006075962100935646,1,AES,Silicon
2215.2906692721053,-0.003379910663793289,1,AES,Silicon
2216.5021983390325,0.0,1,AES,Silicon
2217.71372740596,0.0,1,AES,Silicon
2218.925256472887,0.0,1,AES,Silicon
2220.1367855398144,0.0,1,AES,Silicon
2221.3483146067415,0.0,1,AES,Silicon
2222.5598436736686,0.00028963103440023656,1,AES,Silicon
2223.771372740596,0.0,1,AES,Silicon
2224.982901807523,-0.00028963103440029093,1,AES,Silicon
2226.1944308744505,0.0006356074206323911,1,AES,Silicon
2227.4059599413777,0.00166553794845825,1,AES,Silicon
2228.617489008305,-0.0006356074206322716,1,AES,Silicon
2229.829018075232,0.0036518308508715473,1,AES,Silicon
2231.040547142159,0.0,1,AES,Silicon
2232.252076209086,0.004753669613551532,1,AES,Silicon
2233.463605276014,0.012669041643337342,1,AES,Silicon
2234.675134342941,-0.009192118772455649,1,AES,Silicon
2235.886663409868,-0.009076963758235135,1,AES,Silicon
2237.0981924767952,0.00020316274671391122,1,AES,Silicon
2238.3097215437224,0.006407922114909193,1,AES,Silicon
2239.5212506106495,0.0002803128582760197,1,AES,Silicon
2240.7327796775767,-0.010000000000017438,1,AES,Silicon
2241.9443087445043,-0.0009532672101967303,1,AES,Silicon
2243.1558378114314,0.0,1,AES,Silicon
2244.3673668783586,-0.00040912803522470366,1,AES,Silicon
2245.5788959452857,0.0,1,AES,Silicon
2246.790425012213,0.0,1,AES,Silicon
2248.00195407914,0.0,1,AES,Silicon
2249.2134831460676,0.00034990378532066623,1,AES,Silicon
2250.4250122129947,0.0006024494181168836,1,AES,Silicon
2251.636541279922,-0.00034990378532060053,1,AES,Silicon
2252.848070346849,0.004167612902865041,1,AES,Silicon
2254.059599413776,0.0,1,AES,Silicon
2255.2711284807033,-0.0011164772559814982,1,AES,Silicon
2256.4826575476304,0.0016099637400604466,1,AES,Silicon
2257.694186614558,-0.003653585064999578,1,AES,Silicon
2258.905715681485,0.00508063524610241,1,AES,Silicon
2260.1172447484123,0.0,1,AES,Silicon
2261.3287738153394,-0.0032265905087267527,1,AES,Silicon
2262.5403028822666,0.0037708860293358664,1,AES,Silicon
2263.7518319491937,-0.003464008477434268,1,AES,Silicon
2264.963361016121,0.01147688604465486,1,AES,Silicon
2266.1748900830485,-1.1446500371891608e-14,1,AES,Silicon
2267.3864191499756,-0.014159774860998177,1,AES,Silicon
2268.5979482169028,0.0009810726886253602,1,AES,Silicon
2269.80947728383,-0.0010879972130018397,1,AES,Silicon
2271.021006350757,0.0020746135198899027,1,AES,Silicon
2272.232535417684,0.002990414158645985,1,AES,Silicon
2273.4440644846118,-0.003055686208515788,1,AES,Silicon
2274.655593551539,0.0019252417655866488,1,AES,Silicon
2275.867122618466,0.0,1,AES,Silicon
2277.078651685393,-0.0010243078698198833,1,AES,Silicon
2278.2901807523203,0.004246204018429992,1,AES,Silicon
2279.5017098192475,-0.0038913480544121395,1,AES,Silicon
2280.7132388861746,-0.004246204018430789,1,AES,Silicon
2281.924767953102,0.0,1,AES,Silicon
2283.1362970200294,0.010000000000016584,1,AES,Silicon
2284.3478260869565,0.0,1,AES,Silicon
2285.5593551538836,-0.007061700016353733,1,AES,Silicon
2286.770884220811,0.004938149371381153,1,AES,Silicon
2287.982413287738,0.0023216016641816025,1,AES,Silicon
2289.1939423546655,-0.004938149371382321,1,AES,Silicon
2290.4054714215927,-0.005259901647844257,1,AES,Silicon
2291.61700048852,0.0,1,AES,Silicon
2292.828529555447,0.0,1,AES,Silicon
2294.040058622374,0.003636228102396688,1,AES,Silicon
2295.2515876893012,0.01608863317761321,1,AES,Silicon
2296.4631167562284,-0.003636228102385293,1,AES,Silicon
2297.674645823156,-0.016088633177604155,1,AES,Silicon
2298.886174890083,0.0,1,AES,Silicon
2300.0977039570103,0.011055840964527832,1,AES,Silicon
2301.3092330239374,0.0,1,AES,Silicon
2302.5207620908645,-0.009457685731000583,1,AES,Silicon
2303.7322911577917,0.0,1,AES,Silicon
2304.943820224719,-0.0015981552335275486,1,AES,Silicon
2306.1553492916464,0.002058776775980669,1,AES,Silicon
2307.3668783585736,2.4203553340876332e-05,1,AES,Silicon
2308.5784074255007,-0.0020587767759802826,1,AES,Silicon
2309.789936492428,-2.4203553340876332e-05,1,AES,Silicon
2311.001465559355,0.0,1,AES,Silicon
2312.212994626282,0.0,1,AES,Silicon
2313.4245236932097,0.0,1,AES,Silicon
2314.636052760137,0.006024807926732334,1,AES,Silicon
2315.847581827064,0.002113932328887658,1,AES,Silicon
2317.059110893991,-0.006024807926732334,1,AES,Silicon
2318.2706399609183,0.0005126737780381138,1,AES,Silicon
2319.4821690278454,0.0,1,AES,Silicon
2320.6936980947726,0.001794538687232155,1,AES,Silicon
2321.9052271617,0.0013930673701450964,1,AES,Silicon
2323.1167562286273,-0.004421144794160908,1,AES,Silicon
2324.3282852955545,0.0002942395812052078,1,AES,Silicon
2325.5398143624816,0.0,1,AES,Silicon
2326.7513434294087,-0.001687306951353362,1,AES,Silicon
2327.962872496336,0.0,1,AES,Silicon
2329.1744015632635,0.0005387084194020738,1,AES,Silicon
2330.3859306301906,0.006529314469549271,1,AES,Silicon
2331.5974596971178,0.007870373369080587,1,AES,Silicon
2332.808988764045,-0.004124696737415844,1,AES,Silicon
2334.020517830972,-0.006521553496825314,1,AES,Silicon
2335.232046897899,-0.0024046177321334255,1,AES,Silicon
2336.4435759648263,-0.0018875282916576005,1,AES,Silicon
2337.655105031754,0.0,1,AES,Silicon
2338.866634098681,0.0,1,AES,Silicon
2340.078163165608,0.0,1,AES,Silicon
2341.2896922325353,0.0,1,AES,Silicon
2342.5012212994625,0.0,1,AES,Silicon
2343.7127503663896,0.012818642989337804,1,AES,Silicon
2344.9242794333168,9.622953506420625e-15,1,AES,Silicon
2346.1358085002444,-0.011916995377564008,1,AES,Silicon
2347.3473375671715,0.007816577628860186,1,AES,Silicon
2348.5588666340986,0.009098352388250172,1,AES,Silicon
2349.770395701026,-0.007816577628860186,1,AES,Silicon
2350.981924767953,-0.010000000000016584,1,AES,Silicon
2352.19345383488,0.00414917716574936,1,AES,Silicon
2353.4049829018077,0.007380407311362231,1,AES,Silicon
2354.616511968735,-0.004149177165751696,1,AES,Silicon
2355.828041035662,0.00449149880563052,1,AES,Silicon
2357.039570102589,0.0,1,AES,Silicon
2358.2510991695162,-0.011871906116994482,1,AES,Silicon
2359.4626282364434,0.009965714168862088,1,AES,Silicon
2360.6741573033705,7.481260238311013e-15,1,AES,Silicon
2361.885686370298,-0.009009447675470994,1,AES,Silicon
2363.0972154372253,0.001762591258733695,1,AES,Silicon
2364.3087445041524,0.003135727148443023,1,AES,Silicon
2365.5202735710795,-0.0013933229857780649,1,AES,Silicon
2366.7318026380067,0.007068953793295236,1,AES,Silicon
2367.943331704934,-0.00036926827294732107,1,AES,Silicon
2369.1548607718614,-0.01014669103206173,1,AES,Silicon
2370.3663898387886,0.0,1,AES,Silicon
2371.5779189057157,0.001328256265238057,1,AES,Silicon
2372.789447972643,0.0,1,AES,Silicon
2374.00097703957,-0.0009213376371334889,1,AES,Silicon
2375.212506106497,0.0,1,AES,Silicon
2376.4240351734243,0.0028225609237881263,1,AES,Silicon
2377.635564240352,-3.1857719902164044e-15,1,AES,Silicon
2378.847093307279,-0.004243735954950714,1,AES,Silicon
2380.058622374206,0.00475579277322043,1,AES,Silicon
2381.2701514411333,0.0,1,AES,Silicon
2382.4816805080604,-0.00475579277322043,1,AES,Silicon
2383.6932095749876,0.0,1,AES,Silicon
2384.9047386419147,0.0051798330934520135,1,AES,Silicon
2386.1162677088423,-3.88849998169039e-15,1,AES,Silicon
2387.3277967757695,0.016645372984847903,1,AES,Silicon
2388.5393258426966,0.003979952269475482,1,AES,Silicon
2389.7508549096237,-0.020983887490802468,1,AES,Silicon
2390.962383976551,-0.003979952269475482,1,AES,Silicon
2392.173913043478,0.00023484661358572174,1,AES,Silicon
2393.3854421104056,0.0019639496414370797,1,AES,Silicon
2394.5969711773328,0.0013554532625769471,1,AES,Silicon
2395.80850024426,0.00012995216045203444,1,AES,Silicon
2397.020029311187,-0.002094016515925501,1,AES,Silicon
2398.231558378114,-0.002093901801889553,1,AES,Silicon
2399.4430874450413,-0.0003376019477382945,1,AES,Silicon
2400.6546165119685,0.0,1,AES,Silicon
2401.866145578896,0.004272829672942462,1,AES,Silicon
2403.077674645823,0.0022369321457179213,1,AES,Silicon
2404.2892037127503,-0.004272829672941659,1,AES,Silicon
2405.5007327796775,0.010234955504366434,1,AES,Silicon
2406.7122618466046,0.0007339006324910045,1,AES,Silicon
2407.923790913532,-0.012471887650084354,1,AES,Silicon
2409.135319980459,-0.0007339006324911423,1,AES,Silicon
2410.3468490473865,0.004236433999239151,1,AES,Silicon
2411.5583781143137,0.0035709348786349955,1,AES,Silicon
2412.769907181241,-0.004236433999238356,1,AES,Silicon
2413.981436248168,-0.0020368804035076522,1,AES,Silicon
2415.192965315095,0.0,1,AES,Silicon
2416.404494382022,0.008465945524883322,1,AES,Silicon
2417.61602344895,-7.506998606982572e-15,1,AES,Silicon
2418.827552515877,-0.006749905092124249,1,AES,Silicon
2420.039081582804,0.0035920342114864555,1,AES,Silicon
2421.2506106497312,-0.001316434270869463,1,AES,Silicon
2422.4621397166584,-0.000859371917490206,1,AES,Silicon
2423.6736687835855,1.1656061492590637e-05,1,AES,Silicon
2424.8851978505127,-0.0027326622939953023,1,AES,Silicon
2426.0967269174403,-0.0003175338963436551,1,AES,Silicon
2427.3082559843674,0.0030164965360688872,1,AES,Silicon
2428.5197850512945,0.0012149084850456115,1,AES,Silicon
2429.7313141182217,0.0014641511245384467,1,AES,Silicon
2430.942843185149,-0.00017331263263478376,1,AES,Silicon
2432.154372252076,-0.0031561478049171206,1,AES,Silicon
2433.3659013190036,0.0013636874012450655,1,AES,Silicon
2434.5774303859307,0.008675500144326786,1,AES,Silicon
2435.788959452858,0.0059669339441915485,1,AES,Silicon
2437.000488519785,-0.010000000000016584,1,AES,Silicon
2438.212017586712,-0.010000000000016584,1,AES,Silicon
2439.4235466536393,0.010000000000016584,1,AES,Silicon
2440.6350757205664,7.506998606982572e-15,1,AES,Silicon
2441.846604787494,-0.010000000000010952,1,AES,Silicon
2443.058133854421,0.0,1,AES,Silicon
2444.2696629213483,0.0,1,AES,Silicon
2445.4811919882754,0.0008038381718067887,1,AES,Silicon
2446.6927210552026,4.54306469357848e-06,1,AES,Silicon
2447.9042501221297,-0.0008038381718067887,1,AES,Silicon
2449.115779189057,0.002479950450895173,1,AES,Silicon
2450.3273082559845,0.003533412563608217,1,AES,Silicon
2451.5388373229116,-0.0024844935155901504,1,AES,Silicon
2452.7503663898387,-0.003533412563609419,1,AES,Silicon
2453.961895456766,0.0,1,AES,Silicon
2455.173424523693,0.0,1,AES,Silicon
2456.38495359062,0.0031260347466882726,1,AES,Silicon
2457.5964826575478,-2.3467138488742276e-15,1,AES,Silicon
2458.808011724475,-0.0031260347466900316,1,AES,Silicon
2460.019540791402,0.0,1,AES,Silicon
2461.231069858329,0.0023946944990898464,1,AES,Silicon
2462.4425989252563,0.0,1,AES,Silicon
2463.6541279921835,-0.0021688269076909927,1,AES,Silicon
2464.8656570591106,0.0010453480951490904,1,AES,Silicon
2466.077186126038,0.004902034828243588,1,AES,Silicon
2467.2887151929654,-0.0010453480951495093,1,AES,Silicon
2468.5002442598925,-0.005127902419642137,1,AES,Silicon
2469.7117733268196,0.010692872207839954,1,AES,Silicon
2470.923302393747,0.006785571099539119,1,AES,Silicon
2472.134831460674,-0.006023665677652468,1,AES,Silicon
2473.3463605276015,-0.005995429453297958,1,AES,Silicon
2474.5578895945287,-0.004669206530187028,1,AES,Silicon
2475.769418661456,0.0022516543846683645,1,AES,Silicon
2476.980947728383,0.0,1,AES,Silicon
2478.19247679531,-0.0012465505772973127,1,AES,Silicon
2479.404005862237,0.0019049610682463983,1,AES,Silicon
2480.6155349291644,0.002200358562426954,1,AES,Silicon
2481.827063996092,0.008495346131664859,1,AES,Silicon
2483.038593063019,-0.002516709314785332,1,AES,Silicon
2484.2501221299462,-0.010400307199911231,1,AES,Silicon
2485.4616511968734,-0.001478894701254529,1,AES,Silicon
2486.6731802638005,0.0,1,AES,Silicon
2487.8847093307277,0.010000000000016584,1,AES,Silicon
2489.096238397655,7.506998606982572e-15,1,AES,Silicon
2490.3077674645824,-0.010000000000010952,1,AES,Silicon
2491.5192965315096,0.0005741785039504753,1,AES,Silicon
2492.7308255984367,0.0,1,AES,Silicon
2493.942354665364,0.0036506401897667736,1,AES,Silicon
2495.153883732291,7.803637872825754e-07,1,AES,Silicon
2496.365412799218,0.00577518130629291,1,AES,Silicon
2497.5769418661457,-7.803637947891347e-07,1,AES,Silicon
2498.788470933073,-0.009415134196279916,1,AES,Silicon
2500.0,0.0011697316074733334,1,AES,Silicon
20.0,17.207436973892648,2,AES,Silicon
21.21152906692721,17.207436973892648,2,AES,Silicon
22.423058133854422,17.20793512134871,2,AES,Silicon
23.63458720078163,17.207436973892648,2,AES,Silicon
24.846116267708844,17.208543314813706,2,AES,Silicon
26.057645334636053,17.207545416723367,2,AES,Silicon
27.269174401563262,17.205832485515526,2,AES,Silicon
28.480703468490475,17.209374619685534,2,AES,Silicon
29.692232535417684,17.209969840650956,2,AES,Silicon
30.903761602344893,17.205390885269043,2,AES,Silicon
32.115290669272106,17.20621675016465,2,AES,Silicon
33.32681973619931,17.207436973892648,2,AES,Silicon
34.538348803126524,17.206429444902525,2,AES,Silicon
35.74987787005374,17.207436973892648,2,AES,Silicon
36.96140693698095,17.207131859852456,2,AES,Silicon
38.17293600390816,17.207436973892648,2,AES,Silicon
39.38446507083537,17.207436973892648,2,AES,Silicon
40.595994137762574,17.207436973892648,2,AES,Silicon
41.80752320468979,17.207436973892648,2,AES,Silicon
43.019052271617,17.207436973892648,2,AES,Silicon
44.23058133854421,17.2082782280446,2,AES,Silicon
45.442110405471425,17.207436973892648,2,AES,Silicon
46.65363947239863,17.207165837606922,2,AES,Silicon
47.86516853932584,17.207436973892648,2,AES,Silicon
49.07669760625305,17.210527204218216,2,AES,Silicon
50.28822667318026,17.207436973892648,2,AES,Silicon
51.499755740107474,17.20529972305169,2,AES,Silicon
52.71128480703469,17.211129102237432,2,AES,Silicon
53.92281387396189,17.20741619296593,2,AES,Silicon
55.134342940889105,17.203744845547863,2,AES,Silicon
56.34587200781632,17.20593465746853,2,AES,Silicon
57.557401074743524,17.21067362455098,2,AES,Silicon
58.76893014167074,17.207436973892648,2,AES,Silicon
59.98045920859795,17.204200323234314,2,AES,Silicon
61.191988275525155,17.207436973892648,2,AES,Silicon
62.40351734245237,17.211303300110313,2,AES,Silicon
63.61504640937958,17.208623336038713,2,AES,Silicon
64.82657547630679,17.203570647674983,2,AES,Silicon
66.038104543234,17.216250611746602,2,AES,Silicon
67.24963361016121,17.207436973892648,2,AES,Silicon
68.46116267708842,17.19743697389263,2,AES,Silicon
69.67269174401562,17.21049494252198,2,AES,Silicon
70.88422081094285,17.207436973892648,2,AES,Silicon
72.09574987787005,17.209404701313808,2,AES,Silicon
73.30727894479726,17.210024293767834,2,AES,Silicon
74.51880801172447,17.205819037929583,2,AES,Silicon
75.73033707865169,17.204849654017462,2,AES,Silicon
76.9418661455789,17.20402921380522,2,AES,Silicon
78.1533952125061,17.207436973892648,2,AES,Silicon
79.36492427943332,17.207436973892648,2,AES,Silicon
80.57645334636052,17.208979110106704,2,AES,Silicon
81.78798241328774,17.211485765863017,2,AES,Silicon
82.99951148021495,17.205894837678592,2,AES,Silicon
84.21104054714216,17.20338818192228,2,AES,Silicon
85.42256961406937,17.207436973892648,2,AES,Silicon
86.63409868099657,17.207436973892648,2,AES,Silicon
87.84562774792379,17.210095511746633,2,AES,Silicon
89.057156814851,17.32040998294631,2,AES,Silicon
90.26868588177821,17.724819698424547,2,AES,Silicon
91.48021494870542,17.094463964838987,2,AES,Silicon
92.69174401563264,16.687395711506763,2,AES,Silicon
93.90327308255983,17.207436973892648,2,AES,Silicon
95.11480214948705,17.207436973892648,2,AES,Silicon
96.32633121641426,17.207436973892648,2,AES,Silicon
97.53786028334147,17.207436973892648,2,AES,Silicon
98.74938935026869,17.20843514208334,2,AES,Silicon
99.9609184171959,17.21260273512462,2,AES,Silicon
101.17244748412311,17.206875801648973,2,AES,Silicon
102.38397655105031,17.205383002163057,2,AES,Silicon
103.59550561797752,17.21699997794565,2,AES,Silicon
104.80703468490474,17.204818017854535,2,AES,Silicon
106.01856375183195,17.19743697389263,2,AES,Silicon
107.23009281875916,17.20694414042838,2,AES,Silicon
108.44162188568637,17.207436973892648,2,AES,Silicon
109.65315095261357,17.211160367141762,2,AES,Silicon
110.86468001954078,17.21040474341889,2,AES,Silicon
112.076209086468,17.204472706951833,2,AES,Silicon
113.28773815339521,17.204469204366404,2,AES,Silicon
114.49926722032242,17.206677847584345,2,AES,Silicon
115.71079628724964,17.20837945933917,2,AES,Silicon
116.92232535417685,17.207985334306414,2,AES,Silicon
118.13385442110405,17.206494488446126,2,AES,Silicon
119.34538348803126,17.20688861347888,2,AES,Silicon
120.55691255495847,17.207436973892648,2,AES,Silicon
121.76844162188569,17.20911230157713,2,AES,Silicon
122.9799706888129,17.207436973892648,2,AES,Silicon
124.19149975574011,17.215761646208186,2,AES,Silicon
125.40302882266731,17.207883846215406,2,AES,Silicon
126.61455788959452,17.200091090268963,2,AES,Silicon
127.82608695652173,17.219154530374645,2,AES,Silicon
129.03761602344895,17.21660276130598,2,AES,Silicon
130.24914509037615,17.195272545087896,2,AES,Silicon
131.46067415730337,17.19561707010298,2,AES,Silicon
132.67220322423057,17.207436973892648,2,AES,Silicon
133.8837322911578,17.21056598744975,2,AES,Silicon
135.095261358085,17.21179000860869,2,AES,Silicon
136.3067904250122,17.206527655954357,2,AES,Silicon
137.51831949193942,17.204425163787636,2,AES,Silicon
138.72984855886665,17.206403240597236,2,AES,Silicon
139.94137762579385,17.206095749281616,2,AES,Silicon
141.15290669272105,17.20625101156925,2,AES,Silicon
142.36443575964825,17.21265100667657,2,AES,Silicon
143.57596482657547,17.207436973892648,2,AES,Silicon
144.7874938935027,17.207267374203493,2,AES,Silicon
145.9990229604299,17.207436973892648,2,AES,Silicon
147.2105520273571,17.206533079201314,2,AES,Silicon
148.42208109428432,17.207436973892648,2,AES,Silicon
149.63361016121152,17.205126750922958,2,AES,Silicon
150.84513922813875,17.207436973892648,2,AES,Silicon
152.05666829506595,17.205606658458905,2,AES,Silicon
153.26819736199315,17.2081196558564,2,AES,Silicon
154.47972642892037,17.210590478835815,2,AES,Silicon
155.69125549584757,17.206754291928895,2,AES,Silicon
156.9027845627748,17.20428346894948,2,AES,Silicon
158.114313629702,17.207436973892648,2,AES,Silicon
159.32584269662922,17.207436973892648,2,AES,Silicon
160.53737176355642,17.209149878280332,2,AES,Silicon
161.74890083048362,17.210403427446508,2,AES,Silicon
162.96042989741085,17.205724069504964,2,AES,Silicon
164.17195896433805,17.210266956595223,2,AES,Silicon
165.38348803126527,17.208137464370253,2,AES,Silicon
166.59501709819247,17.21164053763623,2,AES,Silicon
167.80654616511967,17.206736483415042,2,AES,Silicon
169.0180752320469,17.19743697389263,2,AES,Silicon
170.2296042989741,17.207436973892648,2,AES,Silicon
171.44113336590132,17.210436885288125,2,AES,Silicon
172.65266243282852,17.20888173382661,2,AES,Silicon
173.86419149975575,17.21443706249719,2,AES,Silicon
175.07572056668295,17.20653032217049,2,AES,Silicon
176.28724963361014,17.199534780778826,2,AES,Silicon
177.49877870053737,17.211672307098006,2,AES,Silicon
178.71030776746457,17.208111654737102,2,AES,Silicon
179.9218368343918,17.205040353415374,2,AES,Silicon
181.133365901319,17.204852189754288,2,AES,Silicon
182.34489496824622,17.206273206989955,2,AES,Silicon
183.55642403517342,17.211152618492356,2,AES,Silicon
184.76795310210062,17.20622391985545,2,AES,Silicon
185.97948216902785,17.20353362570065,2,AES,Silicon
187.19101123595505,17.207436973892648,2,AES,Silicon
188.40254030288227,17.208621416338318,2,AES,Silicon
189.61406936980947,17.21128008447378,2,AES,Silicon
190.82559843673667,17.206252531446978,2,AES,Silicon
192.0371275036639,17.203593863311514,2,AES,Silicon
193.2486565705911,17.207436973892648,2,AES,Silicon
194.46018563751832,17.210290588983145,2,AES,Silicon
195.67171470444552,17.209116484479967,2,AES,Silicon
196.88324377137275,17.205920976618042,2,AES,Silicon
198.09477283829995,17.20575746330533,2,AES,Silicon
199.30630190522714,17.206099356076756,2,AES,Silicon
200.51783097215437,17.209046710002944,2,AES,Silicon
201.72936003908157,17.207436973892648,2,AES,Silicon
202.9408891060088,17.212650172234685,2,AES,Silicon
204.152418172936,17.209219190416164,2,AES,Silicon
205.36394723986322,17.200614039440314,2,AES,Silicon
206.57547630679042,17.205654757369132,2,AES,Silicon
207.78700537371762,17.207436973892648,2,AES,Silicon
208.99853444064485,17.207436973892648,2,AES,Silicon
210.21006350757204,17.210925868650893,2,AES,Silicon
211.42159257449927,17.20801932232419,2,AES,Silicon
212.63312164142647,17.203948079134403,2,AES,Silicon
213.8446507083537,17.212760203123356,2,AES,Silicon
215.0561797752809,17.207591008972127,2,AES,Silicon
216.2677088422081,17.203933186697512,2,AES,Silicon
217.47923790913532,17.20728293881317,2,AES,Silicon
218.69076697606252,17.206169526098574,2,AES,Silicon
219.90229604298975,17.208408855332053,2,AES,Silicon
221.11382510991695,17.206302631219607,2,AES,Silicon
222.32535417684414,17.212760642358127,2,AES,Silicon
223.53688324377137,17.21146883860979,2,AES,Silicon
224.74841231069857,17.201141423987764,2,AES,Silicon
225.9599413776258,17.203405109175506,2,AES,Silicon
227.171470444553,17.218522727134676,2,AES,Silicon
228.38299951148022,17.20770781021195,2,AES,Silicon
229.59452857840742,17.207462300524387,2,AES,Silicon
230.80605764533462,17.207764609242115,2,AES,Silicon
232.01758671226185,17.197907348280648,2,AES,Silicon
233.22911577918904,17.21135976347047,2,AES,Silicon
234.44064484611627,17.20763022625056,2,AES,Silicon
235.65217391304347,17.202915712646057,2,AES,Silicon
236.8637029799707,17.20991879899574,2,AES,Silicon
238.0752320468979,17.212562115768073,2,AES,Silicon
239.2867611138251,17.213027202233622,2,AES,Silicon
240.49829018075232,17.202311832017223,2,AES,Silicon
241.70981924767952,17.19834895680491,2,AES,Silicon
242.92134831460675,17.207436973892648,2,AES,Silicon
244.13287738153394,17.208406222346074,2,AES,Silicon
245.34440644846114,17.207436973892648,2,AES,Silicon
246.55593551538837,17.21171766531143,2,AES,Silicon
247.76746458231557,17.207436973892648,2,AES,Silicon
248.9789936492428,17.201428291044433,2,AES,Silicon
250.19052271617,17.207436973892648,2,AES,Silicon
251.40205178309722,17.207436973892648,2,AES,Silicon
252.61358085002442,17.219783345400376,2,AES,Silicon
253.82510991695162,17.207436973892648,2,AES,Silicon
255.03663898387885,17.195179501474467,2,AES,Silicon
256.24816805080604,17.207436973892648,2,AES,Silicon
257.4596971177333,17.2073480748031,2,AES,Silicon
258.67122618466044,17.212570748997972,2,AES,Silicon
259.8827552515877,17.20856360756506,2,AES,Silicon
261.0942843185149,17.202303198787323,2,AES,Silicon
262.3058133854421,17.20631034022023,2,AES,Silicon
263.51734245236935,17.2074932570852,2,AES,Silicon
264.7288715192965,17.20891343133182,2,AES,Silicon
265.94040058622375,17.207380690700095,2,AES,Silicon
267.15192965315094,17.20781164676573,2,AES,Silicon
268.36345872007814,17.207436973892648,2,AES,Silicon
269.5749877870054,17.215585843580413,2,AES,Silicon
270.78651685393254,17.20743697389265,2,AES,Silicon
271.9980459208598,17.19941543361703,2,AES,Silicon
273.209574987787,17.207507670772532,2,AES,Silicon
274.4211040547142,17.205458514168246,2,AES,Silicon
275.63263312164145,17.207366277012763,2,AES,Silicon
276.84416218856865,17.208057633528007,2,AES,Silicon
278.05569125549584,17.207436973892648,2,AES,Silicon
279.26722032242304,17.20681631425729,2,AES,Silicon
280.47874938935024,17.207436973892648,2,AES,Silicon
281.6902784562775,17.20961174414885,2,AES,Silicon
282.9018075232047,17.207436973892648,2,AES,Silicon
284.1133365901319,17.205262203636444,2,AES,Silicon
285.3248656570591,17.21421567324232,2,AES,Silicon
286.5363947239863,17.207436973892648,2,AES,Silicon
287.74792379091355,17.200658274542974,2,AES,Silicon
288.95945285784074,17.209884842083987,2,AES,Silicon
290.17098192476794,17.207436973892648,2,AES,Silicon
291.38251099169514,17.20498910570131,2,AES,Silicon
292.59404005862234,17.207436973892648,2,AES,Silicon
293.8055691255496,17.207436973892648,2,AES,Silicon
295.0170981924768,17.21243067247371,2,AES,Silicon
296.228627259404,17.209942755716256,2,AES,Silicon
297.4401563263312,17.20513678902595,2,AES,Silicon
298.65168539325845,17.20493119206904,2,AES,Silicon
299.86321446018565,17.204743460178282,2,AES,Silicon
301.07474352711284,17.207436973892648,2,AES,Silicon
302.28627259404004,17.207436973892648,2,AES,Silicon
303.49780166096724,17.210425634161805,2,AES,Silicon
304.7093307278945,17.20905187131839,2,AES,Silicon
305.9208597948217,17.20444831362349,2,AES,Silicon
307.1323888617489,17.2058220764669,2,AES,Silicon
308.3439179286761,17.207436973892648,2,AES,Silicon
309.5554469956033,17.208076623415405,2,AES,Silicon
310.76697606253055,17.20982951320627,2,AES,Silicon
311.97850512945774,17.20679732436989,2,AES,Silicon
313.19003419638494,17.2059805087472,2,AES,Silicon
314.40156326331214,17.210349821986032,2,AES,Silicon
315.61309233023934,17.206500899724475,2,AES,Silicon
316.8246213971666,17.20671305556329,2,AES,Silicon
318.0361504640938,17.216229717587147,2,AES,Silicon
319.247679531021,17.205248044128624,2,AES,Silicon
320.4592085979482,17.1998728883344,2,AES,Silicon
321.67073766487545,17.217436973892667,2,AES,Silicon
322.88226673180264,17.206774529140148,2,AES,Silicon
324.09379579872984,17.20887482372756,2,AES,Silicon
325.30532486565704,17.20747943158829,2,AES,Silicon
326.51685393258424,17.195999124057717,2,AES,Silicon
327.7283829995115,17.207472959626163,2,AES,Silicon
328.9399120664387,17.21200475099421,2,AES,Silicon
330.1514411333659,17.20819381746545,2,AES,Silicon
331.3629702002931,17.2058743638401,2,AES,Silicon
332.5744992672203,17.20603547350694,2,AES,Silicon
333.78602833414755,17.206774432104307,2,AES,Silicon
334.99755740107474,17.208309383125112,2,AES,Silicon
336.20908646800194,17.20509434863197,2,AES,Silicon
337.42061553492914,17.207559597482778,2,AES,Silicon
338.63214460185634,17.207436973892648,2,AES,Silicon
339.8436736687836,17.216441941070073,2,AES,Silicon
341.0552027357108,17.2080284195969,2,AES,Silicon
342.266731802638,17.19836553999623,2,AES,Silicon
343.4782608695652,17.206845528188396,2,AES,Silicon
344.68978993649245,17.20980097066896,2,AES,Silicon
345.90131900341964,17.219223873384582,2,AES,Silicon
347.11284807034684,17.204144411012734,2,AES,Silicon
348.32437713727404,17.195650074400714,2,AES,Silicon
349.53590620420124,17.207436973892648,2,AES,Silicon
350.7474352711285,17.207436973892648,2,AES,Silicon
351.9589643380557,17.20779041516225,2,AES,Silicon
353.1704934049829,17.207436973892648,2,AES,Silicon
354.3820224719101,17.207083532623045,2,AES,Silicon
355.5935515388373,17.207436973892648,2,AES,Silicon
356.80508060576454,17.207436973892648,2,AES,Silicon
358.01660967269174,17.20941647762568,2,AES,Silicon
359.22813873961894,17.207436973892648,2,AES,Silicon
360.43966780654614,17.210701508616413,2,AES,Silicon
361.65119687347334,17.207436973892648,2,AES,Silicon
362.8627259404006,17.216288912393672,2,AES,Silicon
364.0742550073278,17.207436973892648,2,AES,Silicon
365.285784074255,17.196026267761244,2,AES,Silicon
366.4973131411822,17.21768626701536,2,AES,Silicon
367.70884220810944,17.21831157869276,2,AES,Silicon
368.92037127503664,17.197187680769932,2,AES,Silicon
370.13190034196384,17.19387709826612,2,AES,Silicon
371.34342940889104,17.21187450978251,2,AES,Silicon
372.55495847581824,17.207436973892648,2,AES,Silicon
373.7664875427455,17.20369156803521,2,AES,Silicon
374.9780166096727,17.221294234995465,2,AES,Silicon
376.1895456765999,17.20674484386022,2,AES,Silicon
377.4010747435271,17.195439976256853,2,AES,Silicon
378.6126038104543,17.207436973892648,2,AES,Silicon
379.82413287738154,17.205576710425625,2,AES,Silicon
381.03566194430874,17.207662767299855,2,AES,Silicon
382.24719101123594,17.207436973892648,2,AES,Silicon
383.45872007816314,17.20721118048544,2,AES,Silicon
384.67024914509034,17.21165761194607,2,AES,Silicon
385.8817782120176,17.210205360612676,2,AES,Silicon
387.0933072789448,17.203216335839226,2,AES,Silicon
388.304836345872,17.20542808440363,2,AES,Silicon
389.5163654127992,17.207436973892648,2,AES,Silicon
390.72789447972644,17.210915329032904,2,AES,Silicon
391.93942354665364,17.207436973892648,2,AES,Silicon
393.15095261358084,17.2039233767129,2,AES,Silicon
394.36248168050804,17.21101707565022,2,AES,Silicon
395.57401074743524,17.20671271870113,2,AES,Silicon
396.7855398143625,17.208726398410302,2,AES,Silicon
397.9970688812897,17.207436973892648,2,AES,Silicon
399.2085979482169,17.20765831253719,2,AES,Silicon
400.4201270151441,17.207436973892648,2,AES,Silicon
401.6316560820713,17.202346108972883,2,AES,Silicon
402.84318514899854,17.207436973892648,2,AES,Silicon
404.05471421592574,17.207436973892648,2,AES,Silicon
405.26624328285294,17.207436973892648,2,AES,Silicon
406.47777234978014,17.207436973892648,2,AES,Silicon
407.6893014167074,17.207436973892648,2,AES,Silicon
408.9008304836346,17.21042903431958,2,AES,Silicon
410.1123595505618,17.20808550929726,2,AES,Silicon
411.323888617489,17.205406069446852,2,AES,Silicon
412.5354176844162,17.206788438488037,2,AES,Silicon
413.74694675134344,17.20647581791151,2,AES,Silicon
414.95847581827064,17.213056039527615,2,AES,Silicon
416.17000488519784,17.207436973892648,2,AES,Silicon
417.38153395212504,17.206991763504334,2,AES,Silicon
418.59306301905224,17.207436973892648,2,AES,Silicon
419.8045920859795,17.20227026596603,2,AES,Silicon
421.0161211529067,17.210780704605988,2,AES,Silicon
422.2276502198339,17.211403111497532,2,AES,Silicon
423.4391792867611,17.204093243179308,2,AES,Silicon
424.6507083536883,17.203463688967727,2,AES,Silicon
425.86223742061554,17.207436973892648,2,AES,Silicon
427.07376648754274,17.2084927247793,2,AES,Silicon
428.28529555446994,17.210221331627217,2,AES,Silicon
429.49682462139714,17.206394436729646,2,AES,Silicon
430.7083536883244,17.206585964887704,2,AES,Silicon
431.9198827552516,17.212541858141392,2,AES,Silicon
433.1314118221788,17.206694804313088,2,AES,Silicon
434.342940889106,17.203292453223817,2,AES,Silicon
435.5544699560332,17.206245794742582,2,AES,Silicon
436.76599902296044,17.206463396589086,2,AES,Silicon
437.97752808988764,17.20865022699766,2,AES,Silicon
439.18905715681484,17.207436973892648,2,AES,Silicon
440.40058622374204,17.206223720787637,2,AES,Silicon
441.61211529066924,17.21819774176294,2,AES,Silicon
442.8236443575965,17.207436973892648,2,AES,Silicon
444.0351734245237,17.210199296647943,2,AES,Silicon
445.2467024914509,17.207705977000792,2,AES,Silicon
446.4582315583781,17.193913883267058,2,AES,Silicon
447.6697606253053,17.210261166814735,2,AES,Silicon
448.88128969223254,17.207436973892648,2,AES,Silicon
450.09281875915974,17.20598863416596,2,AES,Silicon
451.30434782608694,17.207436973892648,2,AES,Silicon
452.51587689301414,17.205792117589105,2,AES,Silicon
453.7274059599414,17.2176999083629,2,AES,Silicon
454.9389350268686,17.207477049495836,2,AES,Silicon
456.1504640937958,17.1986729787142,2,AES,Silicon
457.361993160723,17.20739689828946,2,AES,Silicon
458.5735222276502,17.205938034600845,2,AES,Silicon
459.78505129457744,17.217436973892667,2,AES,Silicon
460.99658036150464,17.209916796001988,2,AES,Silicon
462.20810942843184,17.19743697389263,2,AES,Silicon
463.41963849535904,17.204957151783308,2,AES,Silicon
464.63116756228624,17.21051833111564,2,AES,Silicon
465.8426966292135,17.207436973892648,2,AES,Silicon
467.0542256961407,17.204355616669655,2,AES,Silicon
468.2657547630679,17.207436973892648,2,AES,Silicon
469.4772838299951,17.207436973892648,2,AES,Silicon
470.6888128969223,17.207436973892648,2,AES,Silicon
471.90034196384954,17.207436973892648,2,AES,Silicon
473.11187103077674,17.208972396185473,2,AES,Silicon
474.32340009770394,17.207436973892648,2,AES,Silicon
475.53492916463114,17.206860534645326,2,AES,Silicon
476.7464582315584,17.22310190698525,2,AES,Silicon
477.9579872984856,17.206477990847148,2,AES,Silicon
479.1695163654128,17.192641578517883,2,AES,Silicon
480.38104543234,17.207436973892648,2,AES,Silicon
481.5925744992672,17.20656743617481,2,AES,Silicon
482.80410356619444,17.207436973892648,2,AES,Silicon
484.01563263312164,17.207436973892648,2,AES,Silicon
485.22716170004884,17.20855994604236,2,AES,Silicon
486.43869076697604,17.224775289028287,2,AES,Silicon
487.65021983390324,17.206314001742935,2,AES,Silicon
488.8617489008305,17.19009865875701,2,AES,Silicon
490.0732779677577,17.207436973892648,2,AES,Silicon
491.2848070346849,17.208673416198423,2,AES,Silicon
492.4963361016121,17.208260284457307,2,AES,Silicon
493.7078651685393,17.21021193881931,2,AES,Silicon
494.91939423546654,17.20661366332799,2,AES,Silicon
496.13092330239374,17.20342556666021,2,AES,Silicon
497.34245236932094,17.207436973892648,2,AES,Silicon
498.55398143624814,17.210864847365336,2,AES,Silicon
499.7655105031754,17.207436973892648,2,AES,Silicon
500.9770395701026,17.20400910041996,2,AES,Silicon
502.1885686370298,17.20922129030574,2,AES,Silicon
503.400097703957,17.208198138561205,2,AES,Silicon
504.6116267708842,17.205652657479554,2,AES,Silicon
505.82315583781144,17.20667580922409,2,AES,Silicon
507.03468490473864,17.207436973892648,2,AES,Silicon
508.24621397166584,17.207782276925368,2,AES,Silicon
509.45774303859304,17.207436973892648,2,AES,Silicon
510.66927210552024,17.20863508497841,2,AES,Silicon
511.8808011724475,17.207436973892648,2,AES,Silicon
513.0923302393746,17.205893559774164,2,AES,Silicon
514.3038593063019,17.207436973892648,2,AES,Silicon
515.5153883732291,17.207436973892648,2,AES,Silicon
516.7269174401563,17.207436973892648,2,AES,Silicon
517.9384465070835,17.209929370740383,2,AES,Silicon
519.1499755740108,17.207436973892648,2,AES,Silicon
520.3615046409379,17.20508668858988,2,AES,Silicon
521.5730337078651,17.209181169907275,2,AES,Silicon
522.7845627747924,17.213094872744264,2,AES,Silicon
523.9960918417196,17.20569277787802,2,AES,Silicon
525.2076209086467,17.202650544880147,2,AES,Silicon
526.419149975574,17.207436973892648,2,AES,Silicon
527.6306790425012,17.206423392508565,2,AES,Silicon
528.8422081094284,17.210075977973776,2,AES,Silicon
530.0537371763556,17.207436973892648,2,AES,Silicon
531.2652662432829,17.208479544309043,2,AES,Silicon
532.47679531021,17.217436973892667,2,AES,Silicon
533.6883243771373,17.20537952994091,2,AES,Silicon
534.8998534440644,17.203275003607384,2,AES,Silicon
536.1113825109917,17.20712396835856,2,AES,Silicon
537.322911577919,17.202462961533225,2,AES,Silicon
538.5344406448461,17.206152577357646,2,AES,Silicon
539.7459697117733,17.21657295653733,2,AES,Silicon
540.9574987787005,17.211644941226062,2,AES,Silicon
542.1690278456277,17.19743697389263,2,AES,Silicon
543.380556912555,17.204778241334534,2,AES,Silicon
544.5920859794821,17.207436973892648,2,AES,Silicon
545.8036150464094,17.205861010640657,2,AES,Silicon
547.0151441133365,17.211920066197404,2,AES,Silicon
548.2266731802638,17.207436973892648,2,AES,Silicon
549.438202247191,17.207493791914516,2,AES,Silicon
550.6497313141182,17.207436973892648,2,AES,Silicon
551.8612603810454,17.202897063566024,2,AES,Silicon
553.0727894479726,17.210223718026732,2,AES,Silicon
554.2843185148998,17.207436973892648,2,AES,Silicon
555.4958475818271,17.206832874833,2,AES,Silicon
556.7073766487542,17.207515730521916,2,AES,Silicon
557.9189057156815,17.20525432881821,2,AES,Silicon
559.1304347826086,17.20787146028868,2,AES,Silicon
560.3419638495359,17.21429779022582,2,AES,Silicon
561.5534929164631,17.208463779089996,2,AES,Silicon
562.7650219833903,17.200576157559475,2,AES,Silicon
563.9765510503175,17.20925620799169,2,AES,Silicon
565.1880801172447,17.208095084454918,2,AES,Silicon
566.3996091841719,17.204732258878696,2,AES,Silicon
567.6111382510992,17.206778863330378,2,AES,Silicon
568.8226673180263,17.207512928144414,2,AES,Silicon
570.0341963849536,17.2106716120162,2,AES,Silicon
571.2457254518807,17.206706452333147,2,AES,Silicon
572.457254518808,17.208652340875304,2,AES,Silicon
573.6687835857352,17.207436973892648,2,AES,Silicon
574.8803126526624,17.20298696878644,2,AES,Silicon
576.0918417195896,17.210553492572586,2,AES,Silicon
577.3033707865169,17.207436973892648,2,AES,Silicon
578.514899853444,17.216693115825095,2,AES,Silicon
579.7264289203713,17.207436973892644,2,AES,Silicon
580.9379579872984,17.195064313280263,2,AES,Silicon
582.1494870542257,17.20897881444897,2,AES,Silicon
583.3610161211529,17.2083457118281,2,AES,Silicon
584.5725451880801,17.205895133336327,2,AES,Silicon
585.7840742550073,17.206528235957197,2,AES,Silicon
586.9956033219345,17.21034037249613,2,AES,Silicon
588.2071323888617,17.207436973892648,2,AES,Silicon
589.418661455789,17.204533575289165,2,AES,Silicon
590.6301905227161,17.207436973892648,2,AES,Silicon
591.8417195896434,17.207436973892648,2,AES,Silicon
593.0532486565705,17.207436973892648,2,AES,Silicon
594.2647777234978,17.207436973892648,2,AES,Silicon
595.476306790425,17.207436973892648,2,AES,Silicon
596.6878358573522,17.207436973892648,2,AES,Silicon
597.8993649242794,17.207436973892648,2,AES,Silicon
599.1108939912066,17.20857398752347,2,AES,Silicon
600.3224230581338,17.223975948137237,2,AES,Silicon
601.5339521250611,17.206299960261823,2,AES,Silicon
602.7454811919882,17.194519808491417,2,AES,Silicon
603.9570102589155,17.210476861304592,2,AES,Silicon
605.1685393258426,17.203815165049285,2,AES,Silicon
606.3800683927699,17.205031978505087,2,AES,Silicon
607.5915974596971,17.207436973892648,2,AES,Silicon
608.8031265266243,17.207382157371967,2,AES,Silicon
610.0146555935515,17.212151372219,2,AES,Silicon
611.2261846604787,17.208748761311508,2,AES,Silicon
612.4377137274059,17.20431142533629,2,AES,Silicon
613.6492427943332,17.20554511097009,2,AES,Silicon
614.8607718612603,17.205848124122653,2,AES,Silicon
616.0723009281876,17.207436973892648,2,AES,Silicon
617.2838299951147,17.21120631625943,2,AES,Silicon
618.495359062042,17.207436973892648,2,AES,Silicon
619.7068881289692,17.203667631525864,2,AES,Silicon
620.9184171958964,17.207831423678044,2,AES,Silicon
622.1299462628236,17.207436973892648,2,AES,Silicon
623.3414753297509,17.20704252410725,2,AES,Silicon
624.553004396678,17.207436973892648,2,AES,Silicon
625.7645334636053,17.207436973892648,2,AES,Silicon
626.9760625305324,17.207436973892648,2,AES,Silicon
628.1875915974597,17.21963442352703,2,AES,Silicon
629.3991206643869,17.217436973892667,2,AES,Silicon
630.6106497313141,17.195239524258266,2,AES,Silicon
631.8221787982413,17.19743697389263,2,AES,Silicon
633.0337078651685,17.20972354130485,2,AES,Silicon
634.2452369320957,17.207436973892648,2,AES,Silicon
635.456765999023,17.205150406480445,2,AES,Silicon
636.6682950659501,17.20757554704429,2,AES,Silicon
637.8798241328774,17.207436973892648,2,AES,Silicon
639.0913531998045,17.208843819585017,2,AES,Silicon
640.3028822667318,17.208634792673298,2,AES,Silicon
641.514411333659,17.205891555048638,2,AES,Silicon
642.7259404005862,17.209381578660867,2,AES,Silicon
643.9374694675134,17.207436973892648,2,AES,Silicon
645.1489985344406,17.20781804315046,2,AES,Silicon
646.3605276013678,17.20791959910679,2,AES,Silicon
647.5720566682951,17.203913481085966,2,AES,Silicon
648.7835857352222,17.206954348678504,2,AES,Silicon
649.9951148021495,17.207436973892648,2,AES,Silicon
651.2066438690766,17.211249035001625,2,AES,Silicon
652.4181729360039,17.217436973892667,2,AES,Silicon
653.6297020029311,17.20362491278367,2,AES,Silicon
654.8412310698583,17.20067429694582,2,AES,Silicon
656.0527601367855,17.207436973892648,2,AES,Silicon
657.2642892037127,17.20701284041338,2,AES,Silicon
658.4758182706399,17.21274586893415,2,AES,Silicon
659.6873473375672,17.20462378431872,2,AES,Silicon
660.8988764044943,17.20425659743801,2,AES,Silicon
662.1104054714216,17.207436973892648,2,AES,Silicon
663.3219345383488,17.20766617863507,2,AES,Silicon
664.533463605276,17.208059957647816,2,AES,Silicon
665.7449926722032,17.20655698236127,2,AES,Silicon
666.9565217391304,17.20681399013748,2,AES,Silicon
668.1680508060576,17.20595924209474,2,AES,Silicon
669.3795798729849,17.20900909100555,2,AES,Silicon
670.591108939912,17.207436973892648,2,AES,Silicon
671.8026380068393,17.205864856779744,2,AES,Silicon
673.0141670737664,17.210377146864,2,AES,Silicon
674.2256961406937,17.208036446275624,2,AES,Silicon
675.4372252076209,17.210583259434287,2,AES,Silicon
676.6487542745481,17.210039856262394,2,AES,Silicon
677.8602833414753,17.201350515379655,2,AES,Silicon
679.0718124084025,17.20431994384077,2,AES,Silicon
680.2833414753297,17.207436973892648,2,AES,Silicon
681.494870542257,17.2073516491918,2,AES,Silicon
682.7063996091841,17.207436973892648,2,AES,Silicon
683.9179286761114,17.207436973892648,2,AES,Silicon
685.1294577430385,17.207436973892648,2,AES,Silicon
686.3409868099658,17.207585339491956,2,AES,Silicon
687.552515876893,17.207436973892648,2,AES,Silicon
688.7640449438202,17.20728860829334,2,AES,Silicon
689.9755740107474,17.208699700878327,2,AES,Silicon
691.1871030776746,17.20967330012243,2,AES,Silicon
692.3986321446018,17.206883483519082,2,AES,Silicon
693.6101612115291,17.205200647662867,2,AES,Silicon
694.8216902784562,17.208575352806015,2,AES,Silicon
696.0332193453835,17.20956192507349,2,AES,Silicon
697.2447484123106,17.206549661257856,2,AES,Silicon
698.4562774792379,17.205312022711805,2,AES,Silicon
699.6678065461651,17.207340748523666,2,AES,Silicon
700.8793356130923,17.211171554872948,2,AES,Silicon
702.0908646800195,17.20657289637094,2,AES,Silicon
703.3023937469467,17.210256178913262,2,AES,Silicon
704.5139228138739,17.207436973892648,2,AES,Silicon
705.7254518808012,17.200984424675084,2,AES,Silicon
706.9369809477283,17.207436973892648,2,AES,Silicon
708.1485100146556,17.20803321641748,2,AES,Silicon
709.3600390815828,17.207436973892648,2,AES,Silicon
710.57156814851,17.206739494584465,2,AES,Silicon
711.7830972154372,17.207436973892648,2,AES,Silicon
712.9946262823644,17.207859759505777,2,AES,Silicon
714.2061553492916,17.210543543833296,2,AES,Silicon
715.4176844162189,17.209032257261136,2,AES,Silicon
716.629213483146,17.204330403951996,2,AES,Silicon
717.8407425500733,17.211798158712426,2,AES,Silicon
719.0522716170004,17.208359403585966,2,AES,Silicon
720.2638006839277,17.201057720091256,2,AES,Silicon
721.4753297508549,17.20700539859947,2,AES,Silicon
722.6868588177821,17.207987376075724,2,AES,Silicon
723.8983878847093,17.20694611949251,2,AES,Silicon
725.1099169516365,17.2075048467281,2,AES,Silicon
726.3214460185637,17.207436973892648,2,AES,Silicon
727.532975085491,17.20681869887412,2,AES,Silicon
728.7445041524181,17.207436973892648,2,AES,Silicon
729.9560332193454,17.207436973892648,2,AES,Silicon
731.1675622862725,17.207892554756732,2,AES,Silicon
732.3790913531998,17.209265400092505,2,AES,Silicon
733.590620420127,17.2085898460668,2,AES,Silicon
734.8021494870542,17.22816992520374,2,AES,Silicon
736.0136785539814,17.20684173238454,2,AES,Silicon
737.2252076209086,17.184875596381694,2,AES,Silicon
738.4367366878358,17.20904680163612,2,AES,Silicon
739.6482657547631,17.207436973892648,2,AES,Silicon
740.8597948216902,17.204813934619043,2,AES,Silicon
742.0713238886175,17.207436973892648,2,AES,Silicon
743.2828529555446,17.210810978158907,2,AES,Silicon
744.4943820224719,17.210382165896316,2,AES,Silicon
745.7059110893991,17.20558527019111,2,AES,Silicon
746.9174401563263,17.207840400609047,2,AES,Silicon
748.1289692232535,17.215914673327944,2,AES,Silicon
749.3404982901807,17.205177337000567,2,AES,Silicon
750.5520273571079,17.19743697389263,2,AES,Silicon
751.7635564240352,17.208993580511066,2,AES,Silicon
752.9750854909623,17.207436973892648,2,AES,Silicon
754.1866145578896,17.204791385446242,2,AES,Silicon
755.3981436248168,17.209126726599315,2,AES,Silicon
756.609672691744,17.21017405266097,2,AES,Silicon
757.8212017586712,17.20574722118598,2,AES,Silicon
759.0327308255984,17.214699895124344,2,AES,Silicon
760.2442598925256,17.217436973892667,2,AES,Silicon
761.4557889594529,17.19743697389263,2,AES,Silicon
762.66731802638,17.198063192916983,2,AES,Silicon
763.8788470933073,17.20933914299986,2,AES,Silicon
765.0903761602344,17.207629429532837,2,AES,Silicon
766.3019052271617,17.205534804785437,2,AES,Silicon
767.5134342940889,17.206618299228104,2,AES,Silicon
768.7249633610161,17.207436973892648,2,AES,Silicon
769.9364924279433,17.211715804923337,2,AES,Silicon
771.1480214948705,17.207436973892648,2,AES,Silicon
772.3595505617977,17.20707991812386,2,AES,Silicon
773.571079628725,17.210391791085804,2,AES,Silicon
774.7826086956521,17.203515198630747,2,AES,Silicon
775.9941377625794,17.20448215669949,2,AES,Silicon
777.2056668295065,17.208531500972843,2,AES,Silicon
778.4171958964338,17.207436973892648,2,AES,Silicon
779.628724963361,17.20666260021277,2,AES,Silicon
780.8402540302882,17.207436973892648,2,AES,Silicon
782.0517830972154,17.20711682049233,2,AES,Silicon
783.2633121641426,17.207436973892648,2,AES,Silicon
784.4748412310698,17.20814511641455,2,AES,Silicon
785.6863702979971,17.217436973892667,2,AES,Silicon
786.8978993649242,17.206728831370746,2,AES,Silicon
788.1094284318515,17.199610793984625,2,AES,Silicon
789.3209574987786,17.211102708846003,2,AES,Silicon
790.5324865657059,17.20526315380065,2,AES,Silicon
791.7440156326331,17.203771238939293,2,AES,Silicon
792.9555446995603,17.218999378652295,2,AES,Silicon
794.1670737664875,17.207436973892648,2,AES,Silicon
795.3786028334148,17.196571680502707,2,AES,Silicon
796.5901319003419,17.209161019239794,2,AES,Silicon
797.8016609672692,17.20886484446792,2,AES,Silicon
799.0131900341963,17.205712928545502,2,AES,Silicon
800.2247191011236,17.205311991947664,2,AES,Silicon
801.4362481680508,17.217436973892667,2,AES,Silicon
802.647777234978,17.20774901233498,2,AES,Silicon
803.8593063019052,17.198938779515952,2,AES,Silicon
805.0708353688324,17.211800532848574,2,AES,Silicon
806.2823644357596,17.205935168269324,2,AES,Silicon
807.4938935026869,17.202761376494394,2,AES,Silicon
808.705422569614,17.211028452560512,2,AES,Silicon
809.9169516365413,17.20836345529832,2,AES,Silicon
811.1284807034684,17.207805531901293,2,AES,Silicon
812.3400097703957,17.207412454478394,2,AES,Silicon
813.5515388373229,17.213476937216157,2,AES,Silicon
814.7630679042501,17.20653501190123,2,AES,Silicon
815.9745969711773,17.19743697389263,2,AES,Silicon
817.1861260381045,17.20950516812762,2,AES,Silicon
818.3976551050317,17.21115005037421,2,AES,Silicon
819.609184171959,17.211146031405026,2,AES,Silicon
820.8207132388861,17.206357687540862,2,AES,Silicon
822.0322423058134,17.205292332034734,2,AES,Silicon
823.2437713727405,17.204803183762873,2,AES,Silicon
824.4553004396678,17.20380436400321,2,AES,Silicon
825.666829506595,17.210092550212014,2,AES,Silicon
826.8783585735222,17.20874177342418,2,AES,Silicon
828.0898876404494,17.20511704475969,2,AES,Silicon
829.3014167073766,17.207342290277996,2,AES,Silicon
830.5129457743038,17.21811093096465,2,AES,Silicon
831.7244748412311,17.21023739384156,2,AES,Silicon
832.9360039081582,17.200472795657216,2,AES,Silicon
834.1475329750855,17.20512653662363,2,AES,Silicon
835.3590620420126,17.216033764888234,2,AES,Silicon
836.5705911089399,17.207342763462815,2,AES,Silicon
837.7821201758671,17.19479475687408,2,AES,Silicon
838.9936492427943,17.20819453012219,2,AES,Silicon
840.2051783097215,17.217436973892667,2,AES,Silicon
841.4167073766488,17.208365798044202,2,AES,Silicon
842.6282364435759,17.19743697389263,2,AES,Silicon
843.8397655105032,17.20503753076862,2,AES,Silicon
845.0512945774303,17.207436973892648,2,AES,Silicon
846.2628236443576,17.20827288909649,2,AES,Silicon
847.4743527112848,17.217436973892667,2,AES,Silicon
848.685881778212,17.205708233264794,2,AES,Silicon
849.8974108451392,17.198751204147495,2,AES,Silicon
851.1089399120664,17.207436973892648,2,AES,Silicon
852.3204689789936,17.208875371864874,2,AES,Silicon
853.5319980459209,17.207441115232726,2,AES,Silicon
854.743527112848,17.205919607558105,2,AES,Silicon
855.9550561797753,17.20743283255257,2,AES,Silicon
857.1665852467024,17.21620171200012,2,AES,Silicon
858.3781143136297,17.207436973892648,2,AES,Silicon
859.5896433805569,17.200113240368612,2,AES,Silicon
860.8011724474841,17.212676958801296,2,AES,Silicon
862.0127015144113,17.204760707416664,2,AES,Silicon
863.2242305813385,17.205560971995293,2,AES,Silicon
864.4357596482657,17.217436973892667,2,AES,Silicon
865.647288715193,17.20407299088135,2,AES,Silicon
866.8588177821201,17.19743697389263,2,AES,Silicon
868.0703468490474,17.207436973892648,2,AES,Silicon
869.2818759159745,17.207436973892648,2,AES,Silicon
870.4934049829018,17.20872714774957,2,AES,Silicon
871.704934049829,17.207436973892648,2,AES,Silicon
872.9164631167562,17.207332030579387,2,AES,Silicon
874.1279921836834,17.209593952476304,2,AES,Silicon
875.3395212506106,17.207081508489942,2,AES,Silicon
876.5510503175378,17.20733479213527,2,AES,Silicon
877.7625793844651,17.206607208751688,2,AES,Silicon
878.9741084513922,17.20538217706637,2,AES,Silicon
880.1856375183195,17.210741496402196,2,AES,Silicon
881.3971665852466,17.207436973892648,2,AES,Silicon
882.6086956521739,17.2041324513831,2,AES,Silicon
883.8202247191011,17.207436973892648,2,AES,Silicon
885.0317537860283,17.207436973892648,2,AES,Silicon
886.2432828529555,17.207436973892648,2,AES,Silicon
887.4548119198828,17.20851176939919,2,AES,Silicon
888.6663409868099,17.20852516418091,2,AES,Silicon
889.8778700537372,17.206362178386104,2,AES,Silicon
891.0893991206643,17.216348783604406,2,AES,Silicon
892.3009281875916,17.210793099818527,2,AES,Silicon
893.5124572545188,17.198987686099496,2,AES,Silicon
894.723986321446,17.220563176579535,2,AES,Silicon
895.9355153883732,17.209572882819234,2,AES,Silicon
897.1470444553004,17.194529320559468,2,AES,Silicon
898.3585735222276,17.203750352759194,2,AES,Silicon
899.5701025891549,17.20624853408985,2,AES,Silicon
900.781631656082,17.207436973892648,2,AES,Silicon
901.9931607230093,17.20505073841586,2,AES,Silicon
903.2046897899364,17.20796183968175,2,AES,Silicon
904.4162188568637,17.210389735208427,2,AES,Silicon
905.6277479237909,17.2084766638601,2,AES,Silicon
906.8392769907181,17.20448421257687,2,AES,Silicon
908.0508060576453,17.208191797320897,2,AES,Silicon
909.2623351245725,17.207436973892648,2,AES,Silicon
910.4738641914997,17.205794494542467,2,AES,Silicon
911.685393258427,17.217436973892667,2,AES,Silicon
912.8969223253541,17.206760074058028,2,AES,Silicon
914.1084513922814,17.199830652484497,2,AES,Silicon
915.3199804592085,17.207436973892648,2,AES,Silicon
916.5315095261358,17.21111992106829,2,AES,Silicon
917.743038593063,17.207436973892648,2,AES,Silicon
918.9545676599902,17.20136034812514,2,AES,Silicon
920.1660967269174,17.2085934846918,2,AES,Silicon
921.3776257938446,17.209262322191663,2,AES,Silicon
922.5891548607718,17.206280463093496,2,AES,Silicon
923.8006839276991,17.205611625593633,2,AES,Silicon
925.0122129946262,17.20871949782063,2,AES,Silicon
926.2237420615535,17.207436973892648,2,AES,Silicon
927.4352711284806,17.2105066310095,2,AES,Silicon
928.6468001954079,17.210059029913108,2,AES,Silicon
929.8583292623351,17.205811422691763,2,AES,Silicon
931.0698583292623,17.204814917872188,2,AES,Silicon
932.2813873961895,17.204710344048696,2,AES,Silicon
933.4929164631168,17.207436973892648,2,AES,Silicon
934.7044455300439,17.207436973892648,2,AES,Silicon
935.9159745969712,17.208562096503556,2,AES,Silicon
937.1275036638983,17.207436973892648,2,AES,Silicon
938.3390327308256,17.20835927770866,2,AES,Silicon
939.5505617977528,17.207436973892648,2,AES,Silicon
940.76209086468,17.210759685721538,2,AES,Silicon
941.9736199316072,17.207436973892648,2,AES,Silicon
943.1851489985344,17.20275191768888,2,AES,Silicon
944.3966780654616,17.2099106757611,2,AES,Silicon
945.6082071323889,17.206751891840607,2,AES,Silicon
946.819736199316,17.207626312350165,2,AES,Silicon
948.0312652662433,17.207436973892648,2,AES,Silicon
949.2427943331704,17.20931022709579,2,AES,Silicon
950.4543234000977,17.20748117500606,2,AES,Silicon
951.6658524670249,17.202900680363534,2,AES,Silicon
952.8773815339521,17.207392772779237,2,AES,Silicon
954.0889106008793,17.20996396963782,2,AES,Silicon
955.3004396678065,17.207436973892648,2,AES,Silicon
956.5119687347337,17.204909978147477,2,AES,Silicon
957.723497801661,17.207436973892648,2,AES,Silicon
958.9350268685881,17.207436973892648,2,AES,Silicon
960.1465559355154,17.213124199903127,2,AES,Silicon
961.3580850024425,17.207436973892648,2,AES,Silicon
962.5696140693698,17.2043476487603,2,AES,Silicon
963.781143136297,17.208091340811755,2,AES,Silicon
964.9926722032242,17.20483907301452,2,AES,Silicon
966.2042012701514,17.20678260697354,2,AES,Silicon
967.4157303370786,17.209886132618966,2,AES,Silicon
968.6272594040058,17.207436973892648,2,AES,Silicon
969.8387884709331,17.2187149996355,2,AES,Silicon
971.0503175378602,17.210628102042094,2,AES,Silicon
972.2618466047875,17.196580402123363,2,AES,Silicon
973.4733756717147,17.204245845743202,2,AES,Silicon
974.6849047386419,17.204566361192768,2,AES,Silicon
975.8964338055691,17.217436973892667,2,AES,Silicon
977.1079628724963,17.20805001408202,2,AES,Silicon
978.3194919394235,17.199141965669995,2,AES,Silicon
979.5310210063508,17.206823933703276,2,AES,Silicon
980.7425500732779,17.20573198211528,2,AES,Silicon
981.9540791402052,17.207930831332895,2,AES,Silicon
983.1656082071323,17.207436973892648,2,AES,Silicon
984.3771372740596,17.21097694729376,2,AES,Silicon
985.5886663409868,17.208754579361276,2,AES,Silicon
986.800195407914,17.207496072348874,2,AES,Silicon
988.0117244748412,17.20611936842402,2,AES,Silicon
989.2232535417684,17.20627264541395,2,AES,Silicon
990.4347826086956,17.212544783754993,2,AES,Silicon
991.6463116756229,17.208605993059706,2,AES,Silicon
992.85784074255,17.202329164030303,2,AES,Silicon
994.0693698094773,17.2033393539067,2,AES,Silicon
995.2808988764044,17.207436973892648,2,AES,Silicon
996.4924279433317,17.208965363900433,2,AES,Silicon
997.7039570102589,17.20958108465726,2,AES,Silicon
998.9154860771861,17.205908583884863,2,AES,Silicon
1000.1270151441133,17.205504784938427,2,AES,Silicon
1001.3385442110405,17.207436973892648,2,AES,Silicon
1002.5500732779677,17.21172956697306,2,AES,Silicon
1003.761602344895,17.217436973892667,2,AES,Silicon
1004.9731314118221,17.20310697325023,2,AES,Silicon
1006.1846604787494,17.19743697389263,2,AES,Silicon
1007.3961895456765,17.2108425533761,2,AES,Silicon
1008.6077186126038,17.207436973892648,2,AES,Silicon
1009.819247679531,17.20385688016082,2,AES,Silicon
1011.0307767464582,17.207436973892648,2,AES,Silicon
1012.2423058133854,17.207436973892648,2,AES,Silicon
1013.4538348803126,17.22282956039799,2,AES,Silicon
1014.6653639472398,17.207436973892648,2,AES,Silicon
1015.8768930141671,17.194455413715655,2,AES,Silicon
1017.0884220810942,17.208549877633885,2,AES,Silicon
1018.2999511480215,17.208966827580674,2,AES,Silicon
1019.5114802149487,17.20632407015141,2,AES,Silicon
1020.7230092818759,17.203496093876275,2,AES,Silicon
1021.9345383488031,17.210861004073912,2,AES,Silicon
1023.1460674157303,17.208765641878625,2,AES,Silicon
1024.3575964826575,17.204012943711383,2,AES,Silicon
1025.569125549585,17.20610830590667,2,AES,Silicon
1026.780654616512,17.208644000797836,2,AES,Silicon
1027.9921836834392,17.210054078841694,2,AES,Silicon
1029.2037127503663,17.20622994698746,2,AES,Silicon
1030.4152418172935,17.204819868943602,2,AES,Silicon
1031.6267708842208,17.209071479107397,2,AES,Silicon
1032.838299951148,17.207436973892648,2,AES,Silicon
1034.0498290180753,17.2058024686779,2,AES,Silicon
1035.2613580850025,17.207436973892648,2,AES,Silicon
1036.4728871519296,17.209979781621676,2,AES,Silicon
1037.6844162188568,17.20783876398744,2,AES,Silicon
1038.895945285784,17.20489416616362,2,AES,Silicon
1040.1074743527113,17.21137437905251,2,AES,Silicon
1041.3190034196384,17.20942792258584,2,AES,Silicon
1042.5305324865658,17.208146963996064,2,AES,Silicon
1043.742061553493,17.20544602519946,2,AES,Silicon
1044.95359062042,17.202387788534576,2,AES,Silicon
1046.1651196873472,17.207436973892648,2,AES,Silicon
1047.3766487542746,17.207436973892648,2,AES,Silicon
1048.5881778212017,17.207436973892648,2,AES,Silicon
1049.7997068881289,17.209394462179976,2,AES,Silicon
1051.0112359550562,17.207579311624155,2,AES,Silicon
1052.2227650219834,17.207426957059578,2,AES,Silicon
1053.4342940889105,17.209492123958356,2,AES,Silicon
1054.645823155838,17.212221318337622,2,AES,Silicon
1055.857352222765,17.20523948609543,2,AES,Silicon
1057.0688812896922,17.20070515799341,2,AES,Silicon
1058.2804103566193,17.20820571840448,2,AES,Silicon
1059.4919394235467,17.207436973892648,2,AES,Silicon
1060.7034684904738,17.211297750147654,2,AES,Silicon
1061.914997557401,17.207436973892648,2,AES,Silicon
1063.1265266243283,17.20280745312581,2,AES,Silicon
1064.3380556912555,17.207436973892648,2,AES,Silicon
1065.5495847581826,17.209681249484863,2,AES,Silicon
1066.76111382511,17.207436973892648,2,AES,Silicon
1067.9726428920371,17.215192698300452,2,AES,Silicon
1069.1841719589643,17.212639393181295,2,AES,Silicon
1070.3957010258914,17.19743697389263,2,AES,Silicon
1071.6072300928188,17.20234566002719,2,AES,Silicon
1072.818759159746,17.20947472343335,2,AES,Silicon
1074.030288226673,17.207325868469457,2,AES,Silicon
1075.2418172936004,17.206899517755193,2,AES,Silicon
1076.4533463605276,17.217436973892667,2,AES,Silicon
1077.6648754274547,17.208506984678017,2,AES,Silicon
1078.876404494382,17.19743697389263,2,AES,Silicon
1080.0879335613092,17.207030821878558,2,AES,Silicon
1081.2994626282364,17.210891503360706,2,AES,Silicon
1082.5109916951635,17.20796387695364,2,AES,Silicon
1083.7225207620909,17.204767536491026,2,AES,Silicon
1084.934049829018,17.20474591865713,2,AES,Silicon
1086.1455788959452,17.20665188182621,2,AES,Silicon
1087.3571079628725,17.21203236251219,2,AES,Silicon
1088.5686370297997,17.207436973892648,2,AES,Silicon
1089.7801660967268,17.202841585273106,2,AES,Silicon
1090.9916951636542,17.20951553046982,2,AES,Silicon
1092.2032242305813,17.207436973892648,2,AES,Silicon
1093.4147532975085,17.205358417315477,2,AES,Silicon
1094.6262823644358,17.207436973892648,2,AES,Silicon
1095.837811431363,17.207436973892648,2,AES,Silicon
1097.0493404982901,17.207436973892648,2,AES,Silicon
1098.2608695652173,17.208196371999144,2,AES,Silicon
1099.4723986321446,17.21040877456876,2,AES,Silicon
1100.6839276990718,17.208323560573042,2,AES,Silicon
1101.895456765999,17.204465173216537,2,AES,Silicon
1103.1069858329263,17.205790989105758,2,AES,Silicon
1104.3185148998534,17.20903066290723,2,AES,Silicon
1105.5300439667806,17.211412376023404,2,AES,Silicon
1106.741573033708,17.206237879810743,2,AES,Silicon
1107.953102100635,17.203461571761892,2,AES,Silicon
1109.1646311675622,17.20704237895997,2,AES,Silicon
1110.3761602344894,17.207436973892648,2,AES,Silicon
1111.5876893014167,17.209518344296466,2,AES,Silicon
1112.7992183683439,17.20924253017657,2,AES,Silicon
1114.010747435271,17.207159238569076,2,AES,Silicon
1115.2222765021984,17.205631417608725,2,AES,Silicon
1116.4338055691255,17.21002848459657,2,AES,Silicon
1117.6453346360527,17.207436973892648,2,AES,Silicon
1118.85686370298,17.20602600884104,2,AES,Silicon
1120.0683927699072,17.207436973892648,2,AES,Silicon
1121.2799218368343,17.20445279316009,2,AES,Silicon
1122.4914509037615,17.209287988724576,2,AES,Silicon
1123.7029799706888,17.208716642665724,2,AES,Silicon
1124.914509037616,17.20670111192942,2,AES,Silicon
1126.126038104543,17.216411212072334,2,AES,Silicon
1127.3375671714705,17.206321821023945,2,AES,Silicon
1128.5490962383976,17.20464414011768,2,AES,Silicon
1129.7606253053248,17.21113649202361,2,AES,Silicon
1130.9721543722521,17.202233951125116,2,AES,Silicon
1132.1836834391793,17.214086706926544,2,AES,Silicon
1133.3952125061064,17.208325197847362,2,AES,Silicon
1134.6067415730338,17.1987058948316,2,AES,Silicon
1135.818270639961,17.204372560970793,2,AES,Silicon
1137.029799706888,17.20581880178884,2,AES,Silicon
1138.2413287738152,17.207355112449523,2,AES,Silicon
1139.4528578407426,17.217436973892667,2,AES,Silicon
1140.6643869076697,17.2180948731973,2,AES,Silicon
1141.8759159745969,17.197436973892632,2,AES,Silicon
1143.0874450415242,17.201754441675185,2,AES,Silicon
1144.2989741084514,17.207497403142494,2,AES,Silicon
1145.5105031753785,17.202461606805464,2,AES,Silicon
1146.7220322423059,17.207376544642802,2,AES,Silicon
1147.933561309233,17.207436973892648,2,AES,Silicon
1149.1450903761602,17.208915858832718,2,AES,Silicon
1150.3566194430873,17.20834586898215,2,AES,Silicon
1151.5681485100147,17.21895029937946,2,AES,Silicon
1152.7796775769418,17.206528078803146,2,AES,Silicon
1153.991206643869,17.194551001897363,2,AES,Silicon
1155.2027357107963,17.207436973892648,2,AES,Silicon
1156.4142647777235,17.20952214614473,2,AES,Silicon
1157.6257938446506,17.209057883808974,2,AES,Silicon
1158.837322911578,17.206794416383783,2,AES,Silicon
1160.0488519785051,17.20582112169408,2,AES,Silicon
1161.2603810454323,17.207183836334817,2,AES,Silicon
1162.4719101123594,17.212443736580102,2,AES,Silicon
1163.6834391792868,17.206141258275657,2,AES,Silicon
1164.894968246214,17.20285826937747,2,AES,Silicon
1166.106497313141,17.207436973892648,2,AES,Silicon
1167.3180263800684,17.20700385800262,2,AES,Silicon
1168.5295554469956,17.20774253439148,2,AES,Silicon
1169.7410845139227,17.220885569421316,2,AES,Silicon
1170.95261358085,17.207131413393814,2,AES,Silicon
1172.1641426477772,17.193988378363976,2,AES,Silicon
1173.3756717147044,17.207436973892648,2,AES,Silicon
1174.5872007816317,17.207436973892648,2,AES,Silicon
1175.7987298485589,17.20835843990505,2,AES,Silicon
1177.010258915486,17.217436973892667,2,AES,Silicon
1178.2217879824132,17.21051705535542,2,AES,Silicon
1179.4333170493405,17.19743697389263,2,AES,Silicon
1180.6448461162677,17.205690592173998,2,AES,Silicon
1181.8563751831948,17.207436973892648,2,AES,Silicon
1183.0679042501222,17.207271208436058,2,AES,Silicon
1184.2794333170493,17.209536072318393,2,AES,Silicon
1185.4909623839765,17.206547788543677,2,AES,Silicon
1186.7024914509038,17.205337875466903,2,AES,Silicon
1187.914020517831,17.20701632649211,2,AES,Silicon
1189.1255495847581,17.207436973892648,2,AES,Silicon
1190.3370786516853,17.206657406342227,2,AES,Silicon
1191.5486077186126,17.210652773818012,2,AES,Silicon
1192.7601367855398,17.209925803688222,2,AES,Silicon
1193.971665852467,17.204268604202476,2,AES,Silicon
1195.1831949193943,17.204948144097074,2,AES,Silicon
1196.3947239863214,17.209406305358563,2,AES,Silicon
1197.6062530532486,17.207497519248722,2,AES,Silicon
1198.817782120176,17.20542021219154,2,AES,Silicon
1200.029311187103,17.219821298273263,2,AES,Silicon
1201.2408402540302,17.207436973892648,2,AES,Silicon
1202.4523693209574,17.198748460695356,2,AES,Silicon
1203.6638983878847,17.217436973892667,2,AES,Silicon
1204.8754274548119,17.21368061735327,2,AES,Silicon
1206.086956521739,17.198308808387456,2,AES,Silicon
1207.2984855886664,17.198347794290044,2,AES,Silicon
1208.5100146555935,17.216565139397844,2,AES,Silicon
1209.7215437225207,17.20652615349524,2,AES,Silicon
1210.933072789448,17.206044042334245,2,AES,Silicon
1212.1446018563752,17.207436973892648,2,AES,Silicon
1213.3561309233023,17.201113359799432,2,AES,Silicon
1214.5676599902295,17.207436973892648,2,AES,Silicon
1215.7791890571568,17.20515351954425,2,AES,Silicon
1216.990718124084,17.207436973892648,2,AES,Silicon
1218.202247191011,17.207436973892648,2,AES,Silicon
1219.4137762579385,17.207436973892648,2,AES,Silicon
1220.6253053248656,17.207436973892648,2,AES,Silicon
1221.8368343917928,17.20826252574102,2,AES,Silicon
1223.0483634587201,17.207436973892648,2,AES,Silicon
1224.2598925256473,17.206611422044276,2,AES,Silicon
1225.4714215925744,17.21895577427996,2,AES,Silicon
1226.6829506595018,17.207436973892644,2,AES,Silicon
1227.894479726429,17.205918173505353,2,AES,Silicon
1229.106008793356,17.20974611157264,2,AES,Silicon
1230.3175378602832,17.199020862568396,2,AES,Silicon
1231.5290669272106,17.205127836212657,2,AES,Silicon
1232.7405959941377,17.20585308521688,2,AES,Silicon
1233.9521250610649,17.207436973892648,2,AES,Silicon
1235.1636541279922,17.207436973892648,2,AES,Silicon
1236.3751831949194,17.207436973892648,2,AES,Silicon
1237.5867122618465,17.207436973892648,2,AES,Silicon
1238.7982413287739,17.209474798990147,2,AES,Silicon
1240.009770395701,17.221895755774977,2,AES,Silicon
1241.2212994626282,17.225399148795187,2,AES,Silicon
1242.4328285295553,17.195341397987683,2,AES,Silicon
1243.6443575964827,17.187436973892613,2,AES,Silicon
1244.8558866634098,17.2071338381145,2,AES,Silicon
1246.067415730337,17.207436973892648,2,AES,Silicon
1247.2789447972643,17.206337025543796,2,AES,Silicon
1248.4904738641915,17.217436973892667,2,AES,Silicon
1249.7020029311186,17.210601714325637,2,AES,Silicon
1250.913531998046,17.19743697389263,2,AES,Silicon
1252.1250610649731,17.205272700883896,2,AES,Silicon
1253.3365901319003,17.207436973892648,2,AES,Silicon
1254.5481191988274,17.205476384618056,2,AES,Silicon
1255.7596482657548,17.207436973892648,2,AES,Silicon
1256.971177332682,17.207436973892648,2,AES,Silicon
1258.182706399609,17.207436973892648,2,AES,Silicon
1259.3942354665364,17.207436973892648,2,AES,Silicon
1260.6057645334636,17.208190588133714,2,AES,Silicon
1261.8172936003907,17.20770096085858,2,AES,Silicon
1263.028822667318,17.21917622749125,2,AES,Silicon
1264.2403517342452,17.210057950150713,2,AES,Silicon
1265.4518808011724,17.19494410605298,2,AES,Silicon
1266.6634098680997,17.20726598287278,2,AES,Silicon
1267.8749389350269,17.207436973892648,2,AES,Silicon
1269.086468001954,17.206559414028177,2,AES,Silicon
1270.2979970688812,17.209372985718943,2,AES,Silicon
1271.5095261358085,17.20560056155299,2,AES,Silicon
1272.7210552027357,17.205791421410392,2,AES,Silicon
1273.9325842696628,17.207436973892648,2,AES,Silicon
1275.1441133365902,17.207146514548608,2,AES,Silicon
1276.3556424035173,17.21165692292983,2,AES,Silicon
1277.5671714704445,17.207436973892648,2,AES,Silicon
1278.7787005373718,17.203217024855466,2,AES,Silicon
1279.990229604299,17.207673438517194,2,AES,Silicon
1281.2017586712261,17.209578698583087,2,AES,Silicon
1282.4132877381533,17.207200509268105,2,AES,Silicon
1283.6248168050806,17.208938892662964,2,AES,Silicon
1284.8363458720078,17.209095697190932,2,AES,Silicon
1286.047874938935,17.203793330431896,2,AES,Silicon
1287.2594040058623,17.205778250594363,2,AES,Silicon
1288.4709330727894,17.207436973892648,2,AES,Silicon
1289.6824621397166,17.20893445718369,2,AES,Silicon
1290.893991206644,17.207436973892648,2,AES,Silicon
1292.105520273571,17.21390238248965,2,AES,Silicon
1293.3170493404982,17.209095854739164,2,AES,Silicon
1294.5285784074254,17.199939160615397,2,AES,Silicon
1295.7401074743527,17.20946921118981,2,AES,Silicon
1296.9516365412799,17.214293273376924,2,AES,Silicon
1298.163165608207,17.20646599501287,2,AES,Silicon
1299.3746946751344,17.203079608089617,2,AES,Silicon
1300.5862237420615,17.205125099270543,2,AES,Silicon
1301.7977528089887,17.204472961600608,2,AES,Silicon
1303.009281875916,17.207028709250856,2,AES,Silicon
1304.2208109428432,17.207436973892648,2,AES,Silicon
1305.4323400097703,17.207436973892648,2,AES,Silicon
1306.6438690766977,17.207436973892648,2,AES,Silicon
1307.8553981436248,17.207436973892648,2,AES,Silicon
1309.066927210552,17.207436973892648,2,AES,Silicon
1310.278456277479,17.20803338105273,2,AES,Silicon
1311.4899853444065,17.207436973892648,2,AES,Silicon
1312.7015144113336,17.207299580243415,2,AES,Silicon
1313.9130434782608,17.207436973892648,2,AES,Silicon
1315.1245725451881,17.21658981332946,2,AES,Silicon
1316.3361016121153,17.211685861541568,2,AES,Silicon
1317.5476306790424,17.197825120944987,2,AES,Silicon
1318.7591597459698,17.203915546558225,2,AES,Silicon
1319.970688812897,17.207436973892648,2,AES,Silicon
1321.182217879824,17.20670951357815,2,AES,Silicon
1322.3937469467512,17.207436973892648,2,AES,Silicon
1323.6052760136786,17.20878718247324,2,AES,Silicon
1324.8168050806057,17.207436973892648,2,AES,Silicon
1326.0283341475329,17.209110172390258,2,AES,Silicon
1327.2398632144602,17.210541465926358,2,AES,Silicon
1328.4513922813874,17.20870555976977,2,AES,Silicon
1329.6629213483145,17.204332481858938,2,AES,Silicon
1330.8744504152419,17.204629983113772,2,AES,Silicon
1332.085979482169,17.209412707658604,2,AES,Silicon
1333.2975085490962,17.2059519717162,2,AES,Silicon
1334.5090376160233,17.20546124012669,2,AES,Silicon
1335.7205666829507,17.21246498104747,2,AES,Silicon
1336.9320957498778,17.20814765186976,2,AES,Silicon
1338.143624816805,17.204395676488627,2,AES,Silicon
1339.3551538837323,17.206726295915534,2,AES,Silicon
1340.5666829506595,17.205450264141845,2,AES,Silicon
1341.7782120175866,17.207436973892648,2,AES,Silicon
1342.989741084514,17.207436973892648,2,AES,Silicon
1344.2012701514411,17.207436973892648,2,AES,Silicon
1345.4127992183683,17.207436973892648,2,AES,Silicon
1346.6243282852954,17.207436973892648,2,AES,Silicon
1347.8358573522228,17.207436973892648,2,AES,Silicon
1349.04738641915,17.209532844190132,2,AES,Silicon
1350.258915486077,17.20932316468257,2,AES,Silicon
1351.4704445530044,17.205341103595163,2,AES,Silicon
1352.6819736199316,17.205550783102726,2,AES,Silicon
1353.8935026868587,17.207436973892648,2,AES,Silicon
1355.105031753786,17.207436973892648,2,AES,Silicon
1356.3165608207132,17.209450395438775,2,AES,Silicon
1357.5280898876404,17.210336735341354,2,AES,Silicon
1358.7396189545677,17.20542355234652,2,AES,Silicon
1359.9511480214949,17.20453721244394,2,AES,Silicon
1361.162677088422,17.20827369488431,2,AES,Silicon
1362.3742061553492,17.207436973892648,2,AES,Silicon
1363.5857352222765,17.206600252900987,2,AES,Silicon
1364.7972642892037,17.21157702490692,2,AES,Silicon
1366.0087933561308,17.21002081290828,2,AES,Silicon
1367.2203224230582,17.203790421339857,2,AES,Silicon
1368.4318514899853,17.20485313487702,2,AES,Silicon
1369.6433805569125,17.20760386052367,2,AES,Silicon
1370.8549096238398,17.210756625870296,2,AES,Silicon
1372.066438690767,17.20677658880015,2,AES,Silicon
1373.2779677576941,17.208338088666178,2,AES,Silicon
1374.4894968246213,17.211475401421584,2,AES,Silicon
1375.7010258915486,17.208413568543293,2,AES,Silicon
1376.9125549584758,17.204352100211633,2,AES,Silicon
1378.124084025403,17.214074574745204,2,AES,Silicon
1379.3356130923303,17.21090122216133,2,AES,Silicon
1380.5471421592574,17.206999632659528,2,AES,Silicon
1381.7586712261846,17.20301917177604,2,AES,Silicon
1382.970200293112,17.19603935287139,2,AES,Silicon
1384.181729360039,17.208182199499188,2,AES,Silicon
1385.3932584269662,17.217436973892667,2,AES,Silicon
1386.6047874938934,17.20669174828611,2,AES,Silicon
1387.8163165608207,17.20086249484014,2,AES,Silicon
1389.0278456277479,17.207436973892648,2,AES,Silicon
1390.239374694675,17.208805045938895,2,AES,Silicon
1391.4509037616024,17.210943176529263,2,AES,Silicon
1392.6624328285295,17.20264338089889,2,AES,Silicon
1393.8739618954567,17.205628278488156,2,AES,Silicon
1395.085490962384,17.207446807126693,2,AES,Silicon
1396.2970200293112,17.20958185309543,2,AES,Silicon
1397.5085490962383,17.210496960125873,2,AES,Silicon
1398.7200781631657,17.203594587457744,2,AES,Silicon
1399.9316072300928,17.20620171280008,2,AES,Silicon
1401.14313629702,17.207436973892648,2,AES,Silicon
1402.354665363947,17.20586117749974,2,AES,Silicon
1403.5661944308745,17.207436973892648,2,AES,Silicon
1404.7777234978016,17.212639245048265,2,AES,Silicon
1405.9892525647288,17.21068603952015,2,AES,Silicon
1407.2007816316561,17.201975940755236,2,AES,Silicon
1408.4123106985833,17.204187908265144,2,AES,Silicon
1409.6238397655104,17.207436973892648,2,AES,Silicon
1410.8353688324378,17.208794323605385,2,AES,Silicon
1412.046897899365,17.208187356741202,2,AES,Silicon
1413.258426966292,17.209994305701468,2,AES,Silicon
1414.4699560332192,17.209154233802163,2,AES,Silicon
1415.6814851001466,17.206551144440056,2,AES,Silicon
1416.8930141670737,17.205990399908536,2,AES,Silicon
1418.1045432340009,17.20440812182368,2,AES,Silicon
1419.3160723009282,17.206415905118693,2,AES,Silicon
1420.5276013678554,17.21074860505735,2,AES,Silicon
1421.7391304347825,17.207436973892648,2,AES,Silicon
1422.9506595017099,17.20569695471576,2,AES,Silicon
1424.162188568637,17.207436973892648,2,AES,Silicon
1425.3737176355642,17.205865361904838,2,AES,Silicon
1426.5852467024913,17.207436973892648,2,AES,Silicon
1427.7967757694187,17.208402412105272,2,AES,Silicon
1429.0083048363458,17.207436973892648,2,AES,Silicon
1430.219833903273,17.206471535680024,2,AES,Silicon
1431.4313629702003,17.207436973892648,2,AES,Silicon
1432.6428920371275,17.210933400855765,2,AES,Silicon
1433.8544211040546,17.207436973892648,2,AES,Silicon
1435.065950170982,17.208478833035716,2,AES,Silicon
1436.2774792379091,17.2122126535679,2,AES,Silicon
1437.4890083048363,17.202898687786465,2,AES,Silicon
1438.7005373717636,17.2026612942174,2,AES,Silicon
1439.9120664386908,17.207436973892648,2,AES,Silicon
1441.123595505618,17.207436973892648,2,AES,Silicon
1442.335124572545,17.207436973892648,2,AES,Silicon
1443.5466536394724,17.21174319704154,2,AES,Silicon
1444.7581827063996,17.217798800159123,2,AES,Silicon
1445.9697117733267,17.204347842500542,2,AES,Silicon
1447.181240840254,17.197075147626176,2,AES,Silicon
1448.3927699071812,17.206219882135866,2,AES,Silicon
1449.6042989741084,17.2102081364864,2,AES,Silicon
1450.8158280410357,17.208332832094122,2,AES,Silicon
1452.0273571079629,17.204665811298895,2,AES,Silicon
1453.23888617489,17.208305635700626,2,AES,Silicon
1454.4504152418172,17.212547068623323,2,AES,Silicon
1455.6619443087445,17.205672453883192,2,AES,Silicon
1456.8734733756717,17.202543584589563,2,AES,Silicon
1458.0850024425988,17.208038630464053,2,AES,Silicon
1459.2965315095262,17.214693017723288,2,AES,Silicon
1460.5080605764533,17.206835317321243,2,AES,Silicon
1461.7195896433805,17.202098555854725,2,AES,Silicon
1462.9311187103078,17.207436973892648,2,AES,Silicon
1464.142647777235,17.20707318986381,2,AES,Silicon
1465.354176844162,17.207436973892648,2,AES,Silicon
1466.5657059110893,17.205666426701175,2,AES,Silicon
1467.7772349780166,17.209659360693657,2,AES,Silicon
1468.9887640449438,17.217161443479142,2,AES,Silicon
1470.200293111871,17.207738824169216,2,AES,Silicon
1471.4118221787983,17.197712504306153,2,AES,Silicon
1472.6233512457254,17.204912736815075,2,AES,Silicon
1473.8348803126526,17.207436973892648,2,AES,Silicon
1475.04640937958,17.217436973892667,2,AES,Silicon
1476.257938446507,17.207436973892648,2,AES,Silicon
1477.4694675134342,17.19972627029311,2,AES,Silicon
1478.6809965803614,17.217436973892667,2,AES,Silicon
1479.8925256472887,17.20842304908775,2,AES,Silicon
1481.1040547142159,17.198960741398388,2,AES,Silicon
1482.315583781143,17.204161602297063,2,AES,Silicon
1483.5271128480704,17.20591320638689,2,AES,Silicon
1484.7386419149975,17.212429996756793,2,AES,Silicon
1485.9501709819247,17.20972851555045,2,AES,Silicon
1487.161700048852,17.20247139042746,2,AES,Silicon
1488.3732291157792,17.20514543223485,2,AES,Silicon
1489.5847581827063,17.20764885478485,2,AES,Silicon
1490.7962872496337,17.207436973892648,2,AES,Silicon
1492.0078163165608,17.20719765360149,2,AES,Silicon
1493.219345383488,17.213816565881697,2,AES,Silicon
1494.430874450415,17.207922196123036,2,AES,Silicon
1495.6424035173425,17.202301160464682,2,AES,Silicon
1496.8539325842696,17.206951751662263,2,AES,Silicon
1498.0654616511968,17.206193195331565,2,AES,Silicon
1499.2769907181241,17.207436973892648,2,AES,Silicon
1500.4885197850513,17.207436973892648,2,AES,Silicon
1501.7000488519784,17.214550400546813,2,AES,Silicon
1502.9115779189058,17.207436973892644,2,AES,Silicon
1504.123106985833,17.20032354723848,2,AES,Silicon
1505.33463605276,17.207436973892648,2,AES,Silicon
1506.5461651196872,17.21146081409441,2,AES,Silicon
1507.7576941866146,17.207482298785735,2,AES,Silicon
1508.9692232535417,17.203413133690887,2,AES,Silicon
1510.1807523204689,17.211310096514126,2,AES,Silicon
1511.3922813873962,17.209720558353418,2,AES,Silicon
1512.6038104543234,17.2052005518872,2,AES,Silicon
1513.8153395212505,17.207389282988313,2,AES,Silicon
1515.0268685881779,17.213234733529102,2,AES,Silicon
1516.238397655105,17.212027132961584,2,AES,Silicon
1517.4499267220322,17.199957188747074,2,AES,Silicon
1518.6614557889593,17.20568380137132,2,AES,Silicon
1519.8729848558867,17.218633959082467,2,AES,Silicon
1521.0845139228138,17.2039232271305,2,AES,Silicon
1522.296042989741,17.19623998870283,2,AES,Silicon
1523.5075720566683,17.20587784055075,2,AES,Silicon
1524.7191011235955,17.207436973892648,2,AES,Silicon
1525.9306301905226,17.2100237599678,2,AES,Silicon
1527.14215925745,17.21078293926851,2,AES,Silicon
1528.3536883243771,17.204850187817495,2,AES,Silicon
1529.5652173913043,17.204091008516787,2,AES,Silicon
1530.7767464582316,17.210941574854147,2,AES,Silicon
1531.9882755251588,17.207436973892648,2,AES,Silicon
1533.199804592086,17.206209906423787,2,AES,Silicon
1534.411333659013,17.20853398527082,2,AES,Silicon
1535.6228627259404,17.20622675822159,2,AES,Silicon
1536.8343917928676,17.206339962514477,2,AES,Silicon
1538.0459208597947,17.20636965607107,2,AES,Silicon
1539.257449926722,17.207436973892648,2,AES,Silicon
1540.4689789936492,17.209652931471705,2,AES,Silicon
1541.6805080605764,17.21749775984593,2,AES,Silicon
1542.8920371275037,17.205221016313587,2,AES,Silicon
1544.1035661944309,17.197376187939362,2,AES,Silicon
1545.315095261358,17.207436973892648,2,AES,Silicon
1546.5266243282852,17.210707438264485,2,AES,Silicon
1547.7381533952125,17.207436973892648,2,AES,Silicon
1548.9496824621397,17.20416650952081,2,AES,Silicon
1550.1612115290668,17.209760079477817,2,AES,Silicon
1551.3727405959942,17.207436973892648,2,AES,Silicon
1552.5842696629213,17.205211946350143,2,AES,Silicon
1553.7957987298485,17.212458913280184,2,AES,Silicon
1555.0073277967758,17.20733889584998,2,AES,Silicon
1556.218856863703,17.203318419971612,2,AES,Silicon
1557.43038593063,17.207436973892648,2,AES,Silicon
1558.6419149975573,17.206533588426144,2,AES,Silicon
1559.8534440644846,17.209341081979936,2,AES,Silicon
1561.0649731314118,17.207436973892648,2,AES,Silicon
1562.276502198339,17.206160288979643,2,AES,Silicon
1563.4880312652663,17.20775183672428,2,AES,Silicon
1564.6995603321934,17.216938529256225,2,AES,Silicon
1565.9110893991206,17.220362108206785,2,AES,Silicon
1567.122618466048,17.198352753139673,2,AES,Silicon
1568.334147532975,17.198814349010746,2,AES,Silicon
1569.5456765999022,17.206392216107762,2,AES,Silicon
1570.7572056668296,17.203244218541766,2,AES,Silicon
1571.9687347337567,17.207700841027346,2,AES,Silicon
1573.1802638006839,17.20701235697966,2,AES,Silicon
1574.391792867611,17.21016049189371,2,AES,Silicon
1575.6033219345384,17.214699057731018,2,AES,Silicon
1576.8148510014655,17.204449588756887,2,AES,Silicon
1578.0263800683927,17.201752533447845,2,AES,Silicon
1579.23790913532,17.20770100250076,2,AES,Silicon
1580.4494382022472,17.205859330499077,2,AES,Silicon
1581.6609672691743,17.207172945284533,2,AES,Silicon
1582.8724963361017,17.207436973892648,2,AES,Silicon
1584.0840254030288,17.207436973892648,2,AES,Silicon
1585.295554469956,17.21276044542254,2,AES,Silicon
1586.507083536883,17.20743697389265,2,AES,Silicon
1587.7186126038105,17.202113502362756,2,AES,Silicon
1588.9301416707376,17.210214615638936,2,AES,Silicon
1590.1416707376648,17.207436973892648,2,AES,Silicon
1591.3531998045921,17.20465933214636,2,AES,Silicon
1592.5647288715193,17.207649625935026,2,AES,Silicon
1593.7762579384464,17.21065076167402,2,AES,Silicon
1594.9877870053738,17.208791543725834,2,AES,Silicon
1596.199316072301,17.204998932965502,2,AES,Silicon
1597.410845139228,17.216113785250126,2,AES,Silicon
1598.6223742061552,17.20791153018022,2,AES,Silicon
1599.8339032730826,17.197822887370663,2,AES,Silicon
1601.0454323400097,17.206186670750853,2,AES,Silicon
1602.2569614069369,17.206950974793443,2,AES,Silicon
1603.4684904738642,17.207436973892648,2,AES,Silicon
1604.6800195407914,17.207546321323544,2,AES,Silicon
1605.8915486077185,17.207436973892648,2,AES,Silicon
1607.1030776746459,17.215116493407475,2,AES,Silicon
1608.314606741573,17.207436973892648,2,AES,Silicon
1609.5261358085002,17.199504159335074,2,AES,Silicon
1610.7376648754273,17.207436973892648,2,AES,Silicon
1611.9491939423547,17.209059406921632,2,AES,Silicon
1613.1607230092818,17.212664422084387,2,AES,Silicon
1614.372252076209,17.205814540863667,2,AES,Silicon
1615.5837811431363,17.20220952570091,2,AES,Silicon
1616.7953102100635,17.209988703997848,2,AES,Silicon
1618.0068392769906,17.217436973892667,2,AES,Silicon
1619.218368343918,17.204885243787444,2,AES,Silicon
1620.4298974108451,17.19743697389263,2,AES,Silicon
1621.6414264777723,17.207436973892648,2,AES,Silicon
1622.8529555446996,17.20958986567882,2,AES,Silicon
1624.0644846116268,17.207436973892648,2,AES,Silicon
1625.276013678554,17.205284082106477,2,AES,Silicon
1626.487542745481,17.207436973892648,2,AES,Silicon
1627.6990718124084,17.207904305326625,2,AES,Silicon
1628.9106008793356,17.207742577756473,2,AES,Silicon
1630.1221299462627,17.208331687820362,2,AES,Silicon
1631.33365901319,17.209767453666778,2,AES,Silicon
1632.5451880801172,17.21730148447692,2,AES,Silicon
1633.7567171470444,17.20621785327109,2,AES,Silicon
1634.9682462139717,17.19621041794669,2,AES,Silicon
1636.1797752808989,17.206176917982912,2,AES,Silicon
1637.391304347826,17.2089349151328,2,AES,Silicon
1638.6028334147531,17.209557217753776,2,AES,Silicon
1639.8143624816805,17.205939032652495,2,AES,Silicon
1641.0258915486077,17.20515982292486,2,AES,Silicon
1642.2374206155348,17.207436973892648,2,AES,Silicon
1643.4489496824622,17.20911268578871,2,AES,Silicon
1644.6604787493893,17.21066673133033,2,AES,Silicon
1645.8720078163165,17.2157612619966,2,AES,Silicon
1647.0835368832438,17.20704361433807,2,AES,Silicon
1648.295065950171,17.1978227144284,2,AES,Silicon
1649.506595017098,17.20460057600954,2,AES,Silicon
1650.7181240840252,17.207051233356875,2,AES,Silicon
1651.9296531509526,17.209769324985068,2,AES,Silicon
1653.1411822178798,17.20845405160222,2,AES,Silicon
1654.352711284807,17.21221410997654,2,AES,Silicon
1655.5642403517343,17.20641989618307,2,AES,Silicon
1656.7757694186614,17.20194599284684,2,AES,Silicon
1657.9872984855886,17.207436973892648,2,AES,Silicon
1659.198827552516,17.205818467762143,2,AES,Silicon
1660.410356619443,17.207436973892648,2,AES,Silicon
1661.6218856863702,17.207866051483187,2,AES,Silicon
1662.8334147532976,17.216553102579812,2,AES,Silicon
1664.0449438202247,17.20700789630211,2,AES,Silicon
1665.2564728871519,17.198320845205487,2,AES,Silicon
1666.468001954079,17.208289836406372,2,AES,Silicon
1667.6795310210064,17.207436973892648,2,AES,Silicon
1668.8910600879335,17.206584111378923,2,AES,Silicon
1670.1025891548607,17.20748703552637,2,AES,Silicon
1671.314118221788,17.20991923864117,2,AES,Silicon
1672.5256472887152,17.210428426257668,2,AES,Silicon
1673.7371763556423,17.204954709144126,2,AES,Silicon
1674.9487054225697,17.20439545989391,2,AES,Silicon
1676.1602344894968,17.207436973892648,2,AES,Silicon
1677.371763556424,17.207436973892648,2,AES,Silicon
1678.583292623351,17.218405059112754,2,AES,Silicon
1679.7948216902785,17.207436973892644,2,AES,Silicon
1681.0063507572056,17.196468888672538,2,AES,Silicon
1682.2178798241328,17.207436973892648,2,AES,Silicon
1683.4294088910601,17.209154137923107,2,AES,Silicon
1684.6409379579873,17.213064489972822,2,AES,Silicon
1685.8524670249144,17.205719809862188,2,AES,Silicon
1687.0639960918418,17.201809457812473,2,AES,Silicon
1688.275525158769,17.207436973892648,2,AES,Silicon
1689.487054225696,17.2074860124866,2,AES,Silicon
1690.6985832926232,17.208120047171683,2,AES,Silicon
1691.9101123595506,17.207387935298694,2,AES,Silicon
1693.1216414264777,17.206753900613613,2,AES,Silicon
1694.3331704934049,17.20858504549742,2,AES,Silicon
1695.5446995603322,17.21068719247235,2,AES,Silicon
1696.7562286272594,17.206288902287877,2,AES,Silicon
1697.9677576941865,17.204186755312946,2,AES,Silicon
1699.1792867611139,17.218104894577728,2,AES,Silicon
1700.390815828041,17.207436973892648,2,AES,Silicon
1701.6023448949682,17.20217708149812,2,AES,Silicon
1702.8138739618953,17.20743697389265,2,AES,Silicon
1704.0254030288227,17.2020289456021,2,AES,Silicon
1705.2369320957498,17.209173940146396,2,AES,Silicon
1706.448461162677,17.217436973892667,2,AES,Silicon
1707.6599902296043,17.205700007638896,2,AES,Silicon
1708.8715192965315,17.19743697389263,2,AES,Silicon
1710.0830483634586,17.210652859585032,2,AES,Silicon
1711.294577430386,17.207436973892648,2,AES,Silicon
1712.506106497313,17.204221088200264,2,AES,Silicon
1713.7176355642403,17.21032869600058,2,AES,Silicon
1714.9291646311676,17.207436973892648,2,AES,Silicon
1716.1406936980948,17.20454525178471,2,AES,Silicon
1717.352222765022,17.217903862143398,2,AES,Silicon
1718.563751831949,17.20984473270616,2,AES,Silicon
1719.7752808988764,17.204410358347264,2,AES,Silicon
1720.9868099658036,17.2076134310861,2,AES,Silicon
1722.1983390327307,17.203619943667764,2,AES,Silicon
1723.409868099658,17.20485275788569,2,AES,Silicon
1724.6213971665852,17.20381373141217,2,AES,Silicon
1725.8329262335124,17.207631691785075,2,AES,Silicon
1727.0444553004397,17.207771763691973,2,AES,Silicon
1728.2559843673669,17.20724225600022,2,AES,Silicon
1729.467513434294,17.207102184093323,2,AES,Silicon
1730.6790425012211,17.2086844084868,2,AES,Silicon
1731.8905715681485,17.208562812539665,2,AES,Silicon
1733.1021006350757,17.20776489212796,2,AES,Silicon
1734.3136297020028,17.207220084584424,2,AES,Silicon
1735.5251587689302,17.205861621063185,2,AES,Silicon
1736.7366878358573,17.206528024553855,2,AES,Silicon
1737.9482169027845,17.207436973892648,2,AES,Silicon
1739.1597459697118,17.21301246096628,2,AES,Silicon
1740.371275036639,17.21747899170019,2,AES,Silicon
1741.582804103566,17.201861486819016,2,AES,Silicon
1742.7943331704932,17.197394956085102,2,AES,Silicon
1744.0058622374206,17.21660772220976,2,AES,Silicon
1745.2173913043478,17.207436973892648,2,AES,Silicon
1746.428920371275,17.198266225575537,2,AES,Silicon
1747.6404494382023,17.208736013185863,2,AES,Silicon
1748.8519785051294,17.209311988703174,2,AES,Silicon
1750.0635075720566,17.20913043375143,2,AES,Silicon
1751.275036638984,17.211208775990684,2,AES,Silicon
1752.486565705911,17.206025668674496,2,AES,Silicon
1753.6980947728382,17.201790156984085,2,AES,Silicon
1754.9096238397656,17.205855779958803,2,AES,Silicon
1756.1211529066927,17.218398616327214,2,AES,Silicon
1757.3326819736199,17.213897938051485,2,AES,Silicon
1758.544211040547,17.196475331458085,2,AES,Silicon
1759.7557401074744,17.21473275756632,2,AES,Silicon
1760.9672691744015,17.207999011247352,2,AES,Silicon
1762.1787982413286,17.196297538167553,2,AES,Silicon
1763.390327308256,17.206874936537943,2,AES,Silicon
1764.6018563751832,17.204819661785237,2,AES,Silicon
1765.8133854421103,17.209782637286395,2,AES,Silicon
1767.0249145090377,17.209481361365633,2,AES,Silicon
1768.2364435759648,17.20812793468308,2,AES,Silicon
1769.447972642892,17.20539258641966,2,AES,Silicon
1770.659501709819,17.204400349708465,2,AES,Silicon
1771.8710307767465,17.207436973892648,2,AES,Silicon
1773.0825598436736,17.209996627050433,2,AES,Silicon
1774.2940889106007,17.208761168975013,2,AES,Silicon
1775.5056179775281,17.204877320734862,2,AES,Silicon
1776.7171470444553,17.206112778810283,2,AES,Silicon
1777.9286761113824,17.207436973892648,2,AES,Silicon
1779.1402051783098,17.207436973892648,2,AES,Silicon
1780.351734245237,17.207436973892648,2,AES,Silicon
1781.563263312164,17.207436973892648,2,AES,Silicon
1782.7747923790912,17.207436973892648,2,AES,Silicon
1783.9863214460186,17.207436973892648,2,AES,Silicon
1785.1978505129457,17.207436973892648,2,AES,Silicon
1786.4093795798728,17.213755375617346,2,AES,Silicon
1787.6209086468002,17.211349805763174,2,AES,Silicon
1788.8324377137274,17.201118572167946,2,AES,Silicon
1790.0439667806545,17.204375163547112,2,AES,Silicon
1791.2554958475819,17.208741099712928,2,AES,Silicon
1792.467024914509,17.210306804374806,2,AES,Silicon
1793.6785539814362,17.20613284807237,2,AES,Silicon
1794.8900830483635,17.207127771602366,2,AES,Silicon
1796.1016121152907,17.207436973892648,2,AES,Silicon
1797.3131411822178,17.204025324175774,2,AES,Silicon
1798.524670249145,17.209699115584097,2,AES,Silicon
1799.7361993160723,17.211469194621237,2,AES,Silicon
1800.9477283829995,17.213259242120017,2,AES,Silicon
1802.1592574499266,17.203404753164058,2,AES,Silicon
1803.370786516854,17.201535930271607,2,AES,Silicon
1804.582315583781,17.207436973892648,2,AES,Silicon
1805.7938446507083,17.207700754304483,2,AES,Silicon
1807.0053737176356,17.217436973892667,2,AES,Silicon
1808.2169027845628,17.204989827183034,2,AES,Silicon
1809.42843185149,17.19743697389263,2,AES,Silicon
1810.639960918417,17.20768365092826,2,AES,Silicon
1811.8514899853444,17.207436973892648,2,AES,Silicon
1813.0630190522716,17.20924912718278,2,AES,Silicon
1814.2745481191987,17.21064490628994,2,AES,Silicon
1815.486077186126,17.20725117336475,2,AES,Silicon
1816.6976062530532,17.20928599789699,2,AES,Silicon
1817.9091353199804,17.21686295150275,2,AES,Silicon
1819.1206643869077,17.212380017491032,2,AES,Silicon
1820.3321934538349,17.200397040015435,2,AES,Silicon
1821.543722520762,17.19743697389263,2,AES,Silicon
1822.7552515876891,17.206021971163626,2,AES,Silicon
1823.9667806546165,17.212353187190732,2,AES,Silicon
1825.1783097215437,17.206019558016393,2,AES,Silicon
1826.3898387884708,17.202520760594563,2,AES,Silicon
1827.6013678553982,17.206010318967177,2,AES,Silicon
1828.8128969223253,17.211569116327922,2,AES,Silicon
1830.0244259892524,17.207436973892648,2,AES,Silicon
1831.2359550561798,17.203553412486208,2,AES,Silicon
1832.447484123107,17.20980747753069,2,AES,Silicon
1833.659013190034,17.209363646905008,2,AES,Silicon
1834.8705422569612,17.205937417413747,2,AES,Silicon
1836.0820713238886,17.205261719851457,2,AES,Silicon
1837.2936003908158,17.206566026733505,2,AES,Silicon
1838.505129457743,17.210116977649914,2,AES,Silicon
1839.7166585246703,17.209166278537243,2,AES,Silicon
1840.9281875915974,17.204756970135378,2,AES,Silicon
1842.1397166585245,17.20908809707836,2,AES,Silicon
1843.351245725452,17.207436973892648,2,AES,Silicon
1844.562774792379,17.204056546062336,2,AES,Silicon
1845.7743038593062,17.207436973892648,2,AES,Silicon
1846.9858329262336,17.207436973892648,2,AES,Silicon
1848.1973619931607,17.207436973892648,2,AES,Silicon
1849.4088910600879,17.211291024747947,2,AES,Silicon
1850.620420127015,17.207436973892648,2,AES,Silicon
1851.8319491939424,17.204171705458762,2,AES,Silicon
1853.0434782608695,17.217436973892667,2,AES,Silicon
1854.2550073277966,17.206848191471238,2,AES,Silicon
1855.466536394724,17.197436973892632,2,AES,Silicon
1856.6780654616512,17.207436973892648,2,AES,Silicon
1857.8895945285783,17.207436973892648,2,AES,Silicon
1859.1011235955057,17.209124787976705,2,AES,Silicon
1860.3126526624328,17.208134484681576,2,AES,Silicon
1861.52418172936,17.20574915980859,2,AES,Silicon
1862.735710796287,17.21012640720715,2,AES,Silicon
1863.9472398632145,17.208093942898017,2,AES,Silicon
1865.1587689301416,17.204669794446517,2,AES,Silicon
1866.3702979970687,17.20678000488728,2,AES,Silicon
1867.5818270639961,17.20681720923535,2,AES,Silicon
1868.7933561309233,17.21811737007886,2,AES,Silicon
1870.0048851978504,17.208922672156394,2,AES,Silicon
1871.2164142647778,17.196756577706438,2,AES,Silicon
1872.427943331705,17.205951275628905,2,AES,Silicon
1873.639472398632,17.207436973892648,2,AES,Silicon
1874.8510014655592,17.218237229313843,2,AES,Silicon
1876.0625305324866,17.211164777084807,2,AES,Silicon
1877.2740595994137,17.19663671847145,2,AES,Silicon
1878.4855886663408,17.203709170700485,2,AES,Silicon
1879.6971177332682,17.207436973892648,2,AES,Silicon
1880.9086468001954,17.207436973892648,2,AES,Silicon
1882.1201758671225,17.217436973892664,2,AES,Silicon
1883.3317049340499,17.20984489518217,2,AES,Silicon
1884.543234000977,17.19743697389263,2,AES,Silicon
1885.7547630679042,17.206365508782593,2,AES,Silicon
1886.9662921348315,17.207436973892648,2,AES,Silicon
1888.1778212017587,17.206100517713175,2,AES,Silicon
1889.3893502686858,17.207436973892648,2,AES,Silicon
1890.600879335613,17.21266909460896,2,AES,Silicon
1891.8124084025403,17.207436973892644,2,AES,Silicon
1893.0239374694675,17.202204853176337,2,AES,Silicon
1894.2354665363946,17.207436973892648,2,AES,Silicon
1895.446995603322,17.207543279457568,2,AES,Silicon
1896.658524670249,17.209354342411086,2,AES,Silicon
1897.8700537371762,17.208503560840768,2,AES,Silicon
1899.0815828041036,17.20604308028747,2,AES,Silicon
1900.2931118710308,17.20989488258414,2,AES,Silicon
1901.504640937958,17.20691349897939,2,AES,Silicon
1902.716170004885,17.206601797978493,2,AES,Silicon
1903.9276990718124,17.207436973892648,2,AES,Silicon
1905.1392281387396,17.20464134860227,2,AES,Silicon
1906.3507572056667,17.207436973892648,2,AES,Silicon
1907.562286272594,17.207436973892648,2,AES,Silicon
1908.7738153395212,17.207436973892648,2,AES,Silicon
1909.9853444064483,17.207793417355283,2,AES,Silicon
1911.1968734733757,17.20763029228097,2,AES,Silicon
1912.4084025403029,17.207080530430012,2,AES,Silicon
1913.61993160723,17.207243655504325,2,AES,Silicon
1914.8314606741571,17.207436973892648,2,AES,Silicon
1916.0429897410845,17.211695586525824,2,AES,Silicon
1917.2545188080117,17.207436973892648,2,AES,Silicon
1918.4660478749388,17.20317836125947,2,AES,Silicon
1919.6775769418662,17.222400689805042,2,AES,Silicon
1920.8891060087933,17.207436973892648,2,AES,Silicon
1922.1006350757204,17.192473257980254,2,AES,Silicon
1923.3121641426478,17.207436973892648,2,AES,Silicon
1924.523693209575,17.207436973892648,2,AES,Silicon
1925.735222276502,17.208785354791516,2,AES,Silicon
1926.9467513434295,17.20974765782795,2,AES,Silicon
1928.1582804103566,17.21412328998992,2,AES,Silicon
1929.3698094772838,17.205126289957345,2,AES,Silicon
1930.581338544211,17.201303915665484,2,AES,Silicon
1931.7928676111383,17.217436973892667,2,AES,Silicon
1933.0043966780654,17.205535335123667,2,AES,Silicon
1934.2159257449925,17.19743697389263,2,AES,Silicon
1935.42745481192,17.207436973892648,2,AES,Silicon
1936.638983878847,17.21269928776097,2,AES,Silicon
1937.8505129457742,17.210068239881814,2,AES,Silicon
1939.0620420127016,17.202247122309917,2,AES,Silicon
1940.2735710796287,17.20902616745658,2,AES,Silicon
1941.4851001465559,17.207364511607057,2,AES,Silicon
1942.696629213483,17.203216514339548,2,AES,Silicon
1943.9081582804104,17.207436973892648,2,AES,Silicon
1945.1196873473375,17.217436973892667,2,AES,Silicon
1946.3312164142646,17.207942106486772,2,AES,Silicon
1947.542745481192,17.19775829543685,2,AES,Silicon
1948.7542745481192,17.207398372864905,2,AES,Silicon
1949.9658036150463,17.207115652348428,2,AES,Silicon
1951.1773326819737,17.20947943017474,2,AES,Silicon
1952.3888617489008,17.228185550100385,2,AES,Silicon
1953.600390815828,17.207217985949402,2,AES,Silicon
1954.811919882755,17.186688397684907,2,AES,Silicon
1956.0234489496825,17.20612004522534,2,AES,Silicon
1957.2349780166096,17.207436973892648,2,AES,Silicon
1958.4465070835367,17.206463902654733,2,AES,Silicon
1959.658036150464,17.21910628488119,2,AES,Silicon
1960.8695652173913,17.207721542655108,2,AES,Silicon
1962.0810942843184,17.195767662904107,2,AES,Silicon
1963.2926233512458,17.217172001942384,2,AES,Silicon
1964.504152418173,17.207436973892648,2,AES,Silicon
1965.7156814851,17.20101071565604,2,AES,Silicon
1966.9272105520272,17.207436973892648,2,AES,Silicon
1968.1387396189546,17.20733789124203,2,AES,Silicon
1969.3502686858817,17.207436973892648,2,AES,Silicon
1970.5617977528088,17.20394271796768,2,AES,Silicon
1971.7733268197362,17.207436973892648,2,AES,Silicon
1972.9848558866634,17.210174067544873,2,AES,Silicon
1974.1963849535905,17.207436973892648,2,AES,Silicon
1975.4079140205179,17.206713542143042,2,AES,Silicon
1976.619443087445,17.207436973892648,2,AES,Silicon
1977.8309721543721,17.215423311990047,2,AES,Silicon
1979.0425012212995,17.207436973892644,2,AES,Silicon
1980.2540302882267,17.19743697389263,2,AES,Silicon
1981.4655593551538,17.207542883149276,2,AES,Silicon
1982.677088422081,17.207436973892648,2,AES,Silicon
1983.8886174890083,17.210223732950617,2,AES,Silicon
1985.1001465559355,17.207436973892648,2,AES,Silicon
1986.3116756228626,17.20454430557805,2,AES,Silicon
1987.52320468979,17.209485925752485,2,AES,Silicon
1988.734733756717,17.210448138063555,2,AES,Silicon
1989.9462628236442,17.20538802203281,2,AES,Silicon
1991.1577918905716,17.20442580972174,2,AES,Silicon
1992.3693209574988,17.207436973892648,2,AES,Silicon
1993.580850024426,17.217436973892667,2,AES,Silicon
1994.792379091353,17.20743697389265,2,AES,Silicon
1996.0039081582804,17.197771412369296,2,AES,Silicon
1997.2154372252076,17.207436973892648,2,AES,Silicon
1998.4269662921347,17.209251580146542,2,AES,Silicon
1999.638495359062,17.207436973892648,2,AES,Silicon
2000.8500244259892,17.205287929162086,2,AES,Silicon
2002.0615534929163,17.221135651059228,2,AES,Silicon
2003.2730825598437,17.208504807104113,2,AES,Silicon
2004.4846116267709,17.193738296726064,2,AES,Silicon
2005.696140693698,17.206369140681176,2,AES,Silicon
2006.9076697606251,17.207436973892648,2,AES,Silicon
2008.1191988275525,17.207436973892648,2,AES,Silicon
2009.3307278944797,17.207436973892648,2,AES,Silicon
2010.5422569614068,17.209797610400553,2,AES,Silicon
2011.7537860283342,17.207436973892648,2,AES,Silicon
2012.9653150952613,17.20507633738474,2,AES,Silicon
2014.1768441621884,17.212960586012382,2,AES,Silicon
2015.3883732291158,17.20843651823189,2,AES,Silicon
2016.599902296043,17.201913361772913,2,AES,Silicon
2017.81143136297,17.206437429553404,2,AES,Silicon
2019.0229604298975,17.207783373624004,2,AES,Silicon
2020.2344894968246,17.212761976188922,2,AES,Silicon
2021.4460185637517,17.207090574161292,2,AES,Silicon
2022.657547630679,17.20516104069171,2,AES,Silicon
2023.8690766976063,17.21180885175512,2,AES,Silicon
2025.0806057645334,17.20438790479731,2,AES,Silicon
2026.2921348314605,17.203065096030176,2,AES,Silicon
2027.503663898388,17.207436973892648,2,AES,Silicon
2028.715192965315,17.207436973892648,2,AES,Silicon
2029.9267220322422,17.217436973892664,2,AES,Silicon
2031.1382510991696,17.209497664991904,2,AES,Silicon
2032.3497801660967,17.20084261534161,2,AES,Silicon
2033.5613092330238,17.215376282793407,2,AES,Silicon
2034.772838299951,17.20403133244367,2,AES,Silicon
2035.9843673668784,17.197436973892632,2,AES,Silicon
2037.1958964338055,17.20835396044167,2,AES,Silicon
2038.4074255007326,17.218216133766088,2,AES,Silicon
2039.61895456766,17.206519987343622,2,AES,Silicon
2040.8304836345872,17.207047529083482,2,AES,Silicon
2042.0420127015143,17.212171095983255,2,AES,Silicon
2043.2535417684417,17.198239764257842,2,AES,Silicon
2044.4650708353688,17.21270285180206,2,AES,Silicon
2045.676599902296,17.206244468463176,2,AES,Silicon
2046.888128969223,17.197436973892625,2,AES,Silicon
2048.0996580361507,17.212550011838456,2,AES,Silicon
2049.311187103078,17.207436973892648,2,AES,Silicon
2050.522716170005,17.202323935946843,2,AES,Silicon
2051.734245236932,17.217436973892667,2,AES,Silicon
2052.9457743038593,17.2108701054465,2,AES,Silicon
2054.1573033707864,17.20355934060011,2,AES,Silicon
2055.3688324377135,17.20541151959624,2,AES,Silicon
2056.5803615046407,17.20157318277311,2,AES,Silicon
2057.791890571568,17.20614420311159,2,AES,Silicon
2059.0034196384954,17.207178398304706,2,AES,Silicon
2060.2149487054226,17.20964985602856,2,AES,Silicon
2061.4264777723497,17.207856098489124,2,AES,Silicon
2062.638006839277,17.20644728981124,2,AES,Silicon
2063.8495359062044,17.20701784929617,2,AES,Silicon
2065.0610649731316,17.20609886936176,2,AES,Silicon
2066.2725940400587,17.207436973892648,2,AES,Silicon
2067.484123106986,17.220628438148253,2,AES,Silicon
2068.695652173913,17.207436973892648,2,AES,Silicon
2069.90718124084,17.200751565274164,2,AES,Silicon
2071.1187103077673,17.20878295184224,2,AES,Silicon
2072.3302393746944,17.200930918255526,2,AES,Silicon
2073.541768441622,17.206090995943054,2,AES,Silicon
2074.753297508549,17.217436973892667,2,AES,Silicon
2075.9648265754763,17.207436973892648,2,AES,Silicon
2077.1763556424035,17.202433586549944,2,AES,Silicon
2078.3878847093306,17.209633532040872,2,AES,Silicon
2079.5994137762577,17.204106056039016,2,AES,Silicon
2080.810942843185,17.205757122864195,2,AES,Silicon
2082.0224719101125,17.205771279088967,2,AES,Silicon
2083.2340009770396,17.20692026677288,2,AES,Silicon
2084.4455300439668,17.210066626216104,2,AES,Silicon
2085.657059110894,17.207436973892648,2,AES,Silicon
2086.868588177821,17.20480732156919,2,AES,Silicon
2088.080117244748,17.207436973892648,2,AES,Silicon
2089.291646311676,17.207436973892648,2,AES,Silicon
2090.503175378603,17.207860462600905,2,AES,Silicon
2091.71470444553,17.209712804846486,2,AES,Silicon
2092.926233512457,17.209005312101574,2,AES,Silicon
2094.1377625793843,17.205969518040718,2,AES,Silicon
2095.3492916463115,17.2091798864547,2,AES,Silicon
2096.5608207132386,17.206628598790743,2,AES,Silicon
2097.772349780166,17.205278505552602,2,AES,Silicon
2098.9838788470934,17.209394227030565,2,AES,Silicon
2100.1954079140205,17.205860702753462,2,AES,Silicon
2101.4069369809476,17.20547972075473,2,AES,Silicon
2102.618466047875,17.207436973892648,2,AES,Silicon
2103.829995114802,17.207436973892648,2,AES,Silicon
2105.0415241817295,17.209790592913283,2,AES,Silicon
2106.2530532486567,17.207436973892648,2,AES,Silicon
2107.464582315584,17.205083354872013,2,AES,Silicon
2108.676111382511,17.207436973892648,2,AES,Silicon
2109.887640449438,17.210931487196728,2,AES,Silicon
2111.0991695163652,17.207477720296893,2,AES,Silicon
2112.3106985832924,17.203942460588568,2,AES,Silicon
2113.52222765022,17.207396227488402,2,AES,Silicon
2114.733756717147,17.21147326167919,2,AES,Silicon
2115.9452857840743,17.207436973892648,2,AES,Silicon
2117.1568148510014,17.207510223336488,2,AES,Silicon
2118.3683439179285,17.208094546621936,2,AES,Silicon
2119.5798729848557,17.203327436662263,2,AES,Silicon
2120.791402051783,17.214592003924224,2,AES,Silicon
2122.0029311187104,17.20743697389264,2,AES,Silicon
2123.2144601856376,17.19962437113178,2,AES,Silicon
2124.4259892525647,17.207436973892648,2,AES,Silicon
2125.637518319492,17.210412384960293,2,AES,Silicon
2126.849047386419,17.21271385801402,2,AES,Silicon
2128.060576453346,17.20967826110757,2,AES,Silicon
2129.2721055202737,17.205983602708272,2,AES,Silicon
2130.483634587201,17.20222027561008,2,AES,Silicon
2131.695163654128,17.20361346095565,2,AES,Silicon
2132.906692721055,17.217436973892667,2,AES,Silicon
2134.1182217879823,17.213796871543465,2,AES,Silicon
2135.3297508549094,17.19890202195478,2,AES,Silicon
2136.5412799218366,17.20107707624183,2,AES,Silicon
2137.752808988764,17.210120663825496,2,AES,Silicon
2138.9643380556913,17.207436973892648,2,AES,Silicon
2140.1758671226185,17.204558488924437,2,AES,Silicon
2141.3873961895456,17.207436973892648,2,AES,Silicon
2142.5989252564727,17.20816189452049,2,AES,Silicon
2143.8104543234,17.207436973892648,2,AES,Silicon
2145.021983390327,17.205441800238017,2,AES,Silicon
2146.2335124572546,17.207673068122812,2,AES,Silicon
2147.4450415241818,17.220713537233497,2,AES,Silicon
2148.656570591109,17.207200879662484,2,AES,Silicon
2149.868099658036,17.196581804983094,2,AES,Silicon
2151.079628724963,17.217436973892667,2,AES,Silicon
2152.2911577918903,17.20501557946136,2,AES,Silicon
2153.502686858818,17.197436973892632,2,AES,Silicon
2154.714215925745,17.209770479195452,2,AES,Silicon
2155.925744992672,17.207535350883845,2,AES,Silicon
2157.1372740595993,17.2072592007005,2,AES,Silicon
2158.3488031265265,17.210736512766335,2,AES,Silicon
2159.5603321934536,17.207441800026483,2,AES,Silicon
2160.771861260381,17.20489225703971,2,AES,Silicon
2161.9833903273084,17.205276415648157,2,AES,Silicon
2163.1949193942355,17.206583774880706,2,AES,Silicon
2164.4064484611627,17.207436973892648,2,AES,Silicon
2165.61797752809,17.207436973892648,2,AES,Silicon
2166.829506595017,17.207436973892648,2,AES,Silicon
2168.041035661944,17.207436973892648,2,AES,Silicon
2169.2525647288717,17.207436973892648,2,AES,Silicon
2170.464093795799,17.207436973892648,2,AES,Silicon
2171.675622862726,17.208041075031915,2,AES,Silicon
2172.887151929653,17.207436973892648,2,AES,Silicon
2174.0986809965802,17.206881862740808,2,AES,Silicon
2175.3102100635074,17.213373252585235,2,AES,Silicon
2176.5217391304345,17.21058392651657,2,AES,Silicon
2177.733268197362,17.206634980607404,2,AES,Silicon
2178.9447972642893,17.2054628818642,2,AES,Silicon
2180.1563263312164,17.205949890952553,2,AES,Silicon
2181.3678553981435,17.206215123309747,2,AES,Silicon
2182.5793844650707,17.21378977142542,2,AES,Silicon
2183.790913531998,17.207436973892648,2,AES,Silicon
2185.002442598925,17.201142392566,2,AES,Silicon
2186.2139716658526,17.21224881642189,2,AES,Silicon
2187.4255007327797,17.203731555219274,2,AES,Silicon
2188.637029799707,17.2026251313634,2,AES,Silicon
2189.848558866634,17.207436973892648,2,AES,Silicon
2191.060087933561,17.20863235139575,2,AES,Silicon
2192.2716170004883,17.210951168526336,2,AES,Silicon
2193.483146067416,17.206241596389543,2,AES,Silicon
2194.694675134343,17.20520183078362,2,AES,Silicon
2195.90620420127,17.217436973892667,2,AES,Silicon
2197.1177332681973,17.2065121569089,2,AES,Silicon
2198.3292623351244,17.19887083253981,2,AES,Silicon
2199.5407914020516,17.207082739351737,2,AES,Silicon
2200.7523204689787,17.206003115245466,2,AES,Silicon
2201.9638495359063,17.207436973892648,2,AES,Silicon
2203.1753786028335,17.21046816007669,2,AES,Silicon
2204.3869076697606,17.21874514477885,2,AES,Silicon
2205.5984367366877,17.20509487212334,2,AES,Silicon
2206.809965803615,17.196128803006445,2,AES,Silicon
2208.021494870542,17.206747889477914,2,AES,Silicon
2209.2330239374696,17.210244340746698,2,AES,Silicon
2210.4445530043968,17.207554734815766,2,AES,Silicon
2211.656082071324,17.20668992786482,2,AES,Silicon
2212.867611138251,17.21283764722141,2,AES,Silicon
2214.079140205178,17.208621171051234,2,AES,Silicon
2215.2906692721053,17.202209558450555,2,AES,Silicon
2216.5021983390325,17.204192455907844,2,AES,Silicon
2217.71372740596,17.207145955082858,2,AES,Silicon
2218.925256472887,17.207436973892648,2,AES,Silicon
2220.1367855398144,17.207436973892648,2,AES,Silicon
2221.3483146067415,17.20865644504338,2,AES,Silicon
2222.5598436736686,17.207436973892648,2,AES,Silicon
2223.771372740596,17.206217502741914,2,AES,Silicon
2224.982901807523,17.207436973892648,2,AES,Silicon
2226.1944308744505,17.207436973892648,2,AES,Silicon
2227.4059599413777,17.208925991644616,2,AES,Silicon
2228.617489008305,17.21279732497717,2,AES,Silicon
2229.829018075232,17.20594795614068,2,AES,Silicon
2231.040547142159,17.203100677024022,2,AES,Silicon
2232.252076209086,17.210412435525296,2,AES,Silicon
2233.463605276014,17.206412919676747,2,AES,Silicon
2234.675134342941,17.205607408472048,2,AES,Silicon
2235.886663409868,17.207436973892648,2,AES,Silicon
2237.0981924767952,17.208992716470867,2,AES,Silicon
2238.3097215437224,17.20790994427728,2,AES,Silicon
2239.5212506106495,17.20566767346123,2,AES,Silicon
2240.7327796775767,17.206964003508016,2,AES,Silicon
2241.9443087445043,17.208713345144307,2,AES,Silicon
2243.1558378114314,17.213949441676746,2,AES,Silicon
2244.3673668783586,17.205228264282137,2,AES,Silicon
2245.5788959452857,17.20092450610855,2,AES,Silicon
2246.790425012213,17.208160496157376,2,AES,Silicon
2248.00195407914,17.20989364074048,2,AES,Silicon
2249.2134831460676,17.20671345162792,2,AES,Silicon
2250.4250122129947,17.204980307044814,2,AES,Silicon
2251.636541279922,17.21168296752711,2,AES,Silicon
2252.848070346849,17.2098127310307,2,AES,Silicon
2254.059599413776,17.203190980258185,2,AES,Silicon
2255.2711284807033,17.205061216754597,2,AES,Silicon
2256.4826575476304,17.212335843875113,2,AES,Silicon
2257.694186614558,17.23195976810436,2,AES,Silicon
2258.905715681485,17.205470336375527,2,AES,Silicon
2260.1172447484123,17.18291417968094,2,AES,Silicon
2261.3287738153394,17.20476398714214,2,AES,Silicon
2262.5403028822666,17.207436973892648,2,AES,Silicon
2263.7518319491937,17.21070225434467,2,AES,Silicon
2264.963361016121,17.20743697389265,2,AES,Silicon
2266.1748900830485,17.203912447725788,2,AES,Silicon
2267.3864191499756,17.21059298670998,2,AES,Silicon
2268.5979482169028,17.207436973892648,2,AES,Silicon
2269.80947728383,17.20858717712665,2,AES,Silicon
2271.021006350757,17.207436973892648,2,AES,Silicon
2272.232535417684,17.203130757841315,2,AES,Silicon
2273.4440644846118,17.207436973892648,2,AES,Silicon
2274.655593551539,17.20745997429001,2,AES,Silicon
2275.867122618466,17.207436973892648,2,AES,Silicon
2277.078651685393,17.207413973495285,2,AES,Silicon
2278.2901807523203,17.207436973892648,2,AES,Silicon
2279.5017098192475,17.209604731695062,2,AES,Silicon
2280.7132388861746,17.209675538705138,2,AES,Silicon
2281.924767953102,17.205269216090233,2,AES,Silicon
2283.1362970200294,17.209365355932537,2,AES,Silicon
2284.3478260869565,17.21523868864612,2,AES,Silicon
2285.5593551538836,17.203413747122028,2,AES,Silicon
2286.770884220811,17.199635259139175,2,AES,Silicon
2287.982413287738,17.216116224973113,2,AES,Silicon
2289.1939423546655,17.20743697389264,2,AES,Silicon
2290.4054714215927,17.19867681364141,2,AES,Silicon
2291.61700048852,17.217998098761186,2,AES,Silicon
2292.828529555447,17.211576290983952,2,AES,Silicon
2294.040058622374,17.197999643318443,2,AES,Silicon
2295.2515876893012,17.213234845890373,2,AES,Silicon
2296.4631167562284,17.206313179598325,2,AES,Silicon
2297.674645823156,17.197436973892632,2,AES,Silicon
2298.886174890083,17.207436973892648,2,AES,Silicon
2300.0977039570103,17.207586376168226,2,AES,Silicon
2301.3092330239374,17.207436973892648,2,AES,Silicon
2302.5207620908645,17.20728757161707,2,AES,Silicon
2303.7322911577917,17.211357943743167,2,AES,Silicon
2304.943820224719,17.20743697389265,2,AES,Silicon
2306.1553492916464,17.20351600404213,2,AES,Silicon
2307.3668783585736,17.207436973892648,2,AES,Silicon
2308.5784074255007,17.207650560912796,2,AES,Silicon
2309.789936492428,17.207436973892648,2,AES,Silicon
2311.001465559355,17.208259426283888,2,AES,Silicon
2312.212994626282,17.207436973892648,2,AES,Silicon
2313.4245236932097,17.21174604453648,2,AES,Silicon
2314.636052760137,17.20907378245285,2,AES,Silicon
2315.847581827064,17.202091863837428,2,AES,Silicon
2317.059110893991,17.205800165332445,2,AES,Silicon
2318.2706399609183,17.207436973892648,2,AES,Silicon
2319.4821690278454,17.209351280616758,2,AES,Silicon
2320.6936980947726,17.217436973892664,2,AES,Silicon
2321.9052271617,17.20552266716853,2,AES,Silicon
2323.1167562286273,17.19761931777059,2,AES,Silicon
2324.3282852955545,17.207436973892648,2,AES,Silicon
2325.5398143624816,17.207254630014685,2,AES,Silicon
2326.7513434294087,17.207436973892648,2,AES,Silicon
2327.962872496336,17.21047881272061,2,AES,Silicon
2329.1744015632635,17.20837039302124,2,AES,Silicon
2330.3859306301906,17.204395135064686,2,AES,Silicon
2331.5974596971178,17.21243504310985,2,AES,Silicon
2332.808988764045,17.20770880605691,2,AES,Silicon
2334.020517830972,17.20150548554685,2,AES,Silicon
2335.232046897899,17.209841517357823,2,AES,Silicon
2336.4435759648263,17.208680443034197,2,AES,Silicon
2337.655105031754,17.20599323294281,2,AES,Silicon
2338.866634098681,17.206193504751102,2,AES,Silicon
2340.078163165608,17.207611649955023,2,AES,Silicon
2341.2896922325353,17.207436973892648,2,AES,Silicon
2342.5012212994625,17.217766377475634,2,AES,Silicon
2343.7127503663896,17.207436973892648,2,AES,Silicon
2344.9242794333168,17.195700259567687,2,AES,Silicon
2346.1358085002444,17.21281684153748,2,AES,Silicon
2347.3473375671715,17.207436973892648,2,AES,Silicon
2348.5588666340986,17.202057106247814,2,AES,Silicon
2349.770395701026,17.207436973892648,2,AES,Silicon
2350.981924767953,17.207436973892648,2,AES,Silicon
2352.19345383488,17.207436973892648,2,AES,Silicon
2353.4049829018077,17.207436973892648,2,AES,Silicon
2354.616511968735,17.217861387303977,2,AES,Silicon
2355.828041035662,17.207436973892648,2,AES,Silicon
2357.039570102589,17.19701256048132,2,AES,Silicon
2358.2510991695162,17.20757142995226,2,AES,Silicon
2359.4626282364434,17.210632244600607,2,AES,Silicon
2360.6741573033705,17.20730251783304,2,AES,Silicon
2361.885686370298,17.204241703184692,2,AES,Silicon
2363.0972154372253,17.207436973892648,2,AES,Silicon
2364.3087445041524,17.209246804431093,2,AES,Silicon
2365.5202735710795,17.21184802707083,2,AES,Silicon
2366.7318026380067,17.205627143354203,2,AES,Silicon
2367.943331704934,17.203334981542085,2,AES,Silicon
2369.1548607718614,17.208493974076067,2,AES,Silicon
2370.3663898387886,17.20712791306503,2,AES,Silicon
2371.5779189057157,17.206443755221954,2,AES,Silicon
2372.789447972643,17.207436973892648,2,AES,Silicon
2374.00097703957,17.207373192379922,2,AES,Silicon
2375.212506106497,17.20858265881742,2,AES,Silicon
2376.4240351734243,17.207436973892648,2,AES,Silicon
2377.635564240352,17.206923195943926,2,AES,Silicon
2378.847093307279,17.207436973892648,2,AES,Silicon
2380.058622374206,17.216805066916617,2,AES,Silicon
2381.2701514411333,17.207436973892648,2,AES,Silicon
2382.4816805080604,17.19743697389263,2,AES,Silicon
2383.6932095749876,17.21178225451992,2,AES,Silicon
2384.9047386419147,17.217436973892664,2,AES,Silicon
2386.1162677088423,17.203091693265367,2,AES,Silicon
2387.3277967757695,17.19743697389263,2,AES,Silicon
2388.5393258426966,17.20921892165008,2,AES,Silicon
2389.7508549096237,17.207436973892648,2,AES,Silicon
2390.962383976551,17.205655026135215,2,AES,Silicon
2392.173913043478,17.210102303741618,2,AES,Silicon
2393.3854421104056,17.207528912585122,2,AES,Silicon
2394.5969711773328,17.206385597828742,2,AES,Silicon
2395.80850024426,17.20734503520017,2,AES,Silicon
2397.020029311187,17.205823020107584,2,AES,Silicon
2398.231558378114,17.207771882546915,2,AES,Silicon
2399.4430874450413,17.207436973892648,2,AES,Silicon
2400.6546165119685,17.2090589944547,2,AES,Silicon
2401.866145578896,17.207436973892648,2,AES,Silicon
2403.077674645823,17.206120682783606,2,AES,Silicon
2404.2892037127503,17.207436973892648,2,AES,Silicon
2405.5007327796775,17.212695653915116,2,AES,Silicon
2406.7122618466046,17.217436973892667,2,AES,Silicon
2407.923790913532,17.203716858771944,2,AES,Silicon
2409.135319980459,17.19743697389263,2,AES,Silicon
2410.3468490473865,17.20621996790601,2,AES,Silicon
2411.5583781143137,17.207436973892648,2,AES,Silicon
2412.769907181241,17.22788699876564,2,AES,Silicon
2413.981436248168,17.217436973892667,2,AES,Silicon
2415.192965315095,17.186115940675823,2,AES,Silicon
2416.404494382022,17.199617386043894,2,AES,Silicon
2417.61602344895,17.207345785214077,2,AES,Silicon
2418.827552515877,17.20525656174138,2,AES,Silicon
2420.039081582804,17.208865616473183,2,AES,Silicon
2421.2506106497312,17.21399164126086,2,AES,Silicon
2422.4621397166584,17.206008331312113,2,AES,Silicon
2423.6736687835855,17.202728966025983,2,AES,Silicon
2424.8851978505127,17.207436973892648,2,AES,Silicon
2426.0967269174403,17.21165772623272,2,AES,Silicon
2427.3082559843674,17.207436973892648,2,AES,Silicon
2428.5197850512945,17.201665150234337,2,AES,Silicon
2429.7313141182217,17.207436973892648,2,AES,Silicon
2430.942843185149,17.20714138570934,2,AES,Silicon
2432.154372252076,17.208366220321828,2,AES,Silicon
2433.3659013190036,17.207872753272202,2,AES,Silicon
2434.5774303859307,17.216507727463487,2,AES,Silicon
2435.788959452858,17.217001194513113,2,AES,Silicon
2437.000488519785,17.20711580067227,2,AES,Silicon
2438.212017586712,17.19743697389263,2,AES,Silicon
2439.4235466536393,17.19935173270203,2,AES,Silicon
2440.6350757205664,17.207436973892648,2,AES,Silicon
2441.846604787494,17.206765670030855,2,AES,Silicon
2443.058133854421,17.207436973892648,2,AES,Silicon
2444.2696629213483,17.20651469216542,2,AES,Silicon
2445.4811919882754,17.21311905988773,2,AES,Silicon
2446.6927210552026,17.21111440068393,2,AES,Silicon
2447.9042501221297,17.202182072919875,2,AES,Silicon
2449.115779189057,17.203759547101367,2,AES,Silicon
2450.3273082559845,17.207009788870337,2,AES,Silicon
2451.5388373229116,17.215881004604714,2,AES,Silicon
2452.7503663898387,17.207436973892648,2,AES,Silicon
2453.961895456766,17.202439302064665,2,AES,Silicon
2455.173424523693,17.21194148064924,2,AES,Silicon
2456.38495359062,17.204674639860798,2,AES,Silicon
2457.5964826575478,17.20293246713606,2,AES,Silicon
2458.808011724475,17.206752949040414,2,AES,Silicon
2460.019540791402,17.209574242199356,2,AES,Silicon
2461.231069858329,17.207436973892648,2,AES,Silicon
2462.4425989252563,17.205849984778528,2,AES,Silicon
2463.6541279921835,17.207436973892648,2,AES,Silicon
2464.8656570591106,17.20688669470006,2,AES,Silicon
2466.077186126038,17.207542309383456,2,AES,Silicon
2467.2887151929654,17.208276037643707,2,AES,Silicon
2468.5002442598925,17.20733163840184,2,AES,Silicon
2469.7117733268196,17.210336959252313,2,AES,Silicon
2470.923302393747,17.207436973892648,2,AES,Silicon
2472.134831460674,17.203697924781924,2,AES,Silicon
2473.3463605276015,17.207436973892648,2,AES,Silicon
2474.5578895945287,17.217544359466157,2,AES,Silicon
2475.769418661456,17.20793864177188,2,AES,Silicon
2476.980947728383,17.201584775355364,2,AES,Silicon
2478.19247679531,17.206935306013417,2,AES,Silicon
2479.404005862237,17.203181786856423,2,AES,Silicon
2480.6155349291644,17.207436973892648,2,AES,Silicon
2481.827063996092,17.2100003140045,2,AES,Silicon
2483.038593063019,17.208012739903353,2,AES,Silicon
2484.2501221299462,17.204873633780796,2,AES,Silicon
2485.4616511968734,17.206861207881943,2,AES,Silicon
2486.6731802638005,17.211949196075114,2,AES,Silicon
2487.8847093307277,17.207436973892648,2,AES,Silicon
2489.096238397655,17.20292475171018,2,AES,Silicon
2490.3077674645824,17.208556411998597,2,AES,Silicon
2491.5192965315096,17.207436973892648,2,AES,Silicon
2492.7308255984367,17.2063175357867,2,AES,Silicon
2493.942354665364,17.207436973892648,2,AES,Silicon
2495.153883732291,17.209689307717806,2,AES,Silicon
2496.365412799218,17.207436973892648,2,AES,Silicon
2497.5769418661457,17.214329185572264,2,AES,Silicon
2498.788470933073,17.207436973892648,2,AES,Silicon
2500.0,17.189147882883105,2,AES,Silicon
