energy,intensity,line_id,technique,material,peak_metadata,peak_1_position,peak_1_amplitude,peak_1_fwhm,peak_2_position,peak_2_amplitude,peak_2_fwhm,peak_3_position,peak_3_amplitude,peak_3_fwhm,peak_4_position,peak_4_amplitude,peak_4_fwhm,peak_5_position,peak_5_amplitude,peak_5_fwhm,peak_6_position,peak_6_amplitude,peak_6_fwhm
0.1,0.09844840335042129,1,EDS,Gold,"[{""position"": 2.1220810942843182, ""amplitude"": 0.6382747362010759, ""fwhm"": 0.031799115031979956}]",2.1220810942843182,0.6382747362010759,0.031799115031979956,,,,,,,,,,,,,,,
0.10972154372252077,0.10075696753007113,1,EDS,Gold,"[{""position"": 2.1220810942843182, ""amplitude"": 0.6382747362010759, ""fwhm"": 0.031799115031979956}]",2.1220810942843182,0.6382747362010759,0.031799115031979956,,,,,,,,,,,,,,,
0.11944308744504153,0.11155674136279432,1,EDS,Gold,"[{""position"": 2.1220810942843182, ""amplitude"": 0.6382747362010759, ""fwhm"": 0.031799115031979956}]",2.1220810942843182,0.6382747362010759,0.031799115031979956,,,,,,,,,,,,,,,
0.1291646311675623,0.11293880390147745,1,EDS,Gold,"[{""position"": 2.1220810942843182, ""amplitude"": 0.6382747362010759, ""fwhm"": 0.031799115031979956}]",2.1220810942843182,0.6382747362010759,0.031799115031979956,,,,,,,,,,,,,,,
0.13888617489008304,0.11994368201485733,1,EDS,Gold,"[{""position"": 2.1220810942843182, ""amplitude"": 0.6382747362010759, ""fwhm"": 0.031799115031979956}]",2.1220810942843182,0.6382747362010759,0.031799115031979956,,,,,,,,,,,,,,,
0.1486077186126038,0.12548542597328166,1,EDS,Gold,"[{""position"": 2.1220810942843182, ""amplitude"": 0.6382747362010759, ""fwhm"": 0.031799115031979956}]",2.1220810942843182,0.6382747362010759,0.031799115031979956,,,,,,,,,,,,,,,
0.15832926233512457,0.13561603251485022,1,EDS,Gold,"[{""position"": 2.1220810942843182, ""amplitude"": 0.6382747362010759, ""fwhm"": 0.031799115031979956}]",2.1220810942843182,0.6382747362010759,0.031799115031979956,,,,,,,,,,,,,,,
0.16805080605764533,0.14661074923291648,1,EDS,Gold,"[{""position"": 2.1220810942843182, ""amplitude"": 0.6382747362010759, ""fwhm"": 0.031799115031979956}]",2.1220810942843182,0.6382747362010759,0.031799115031979956,,,,,,,,,,,,,,,
0.1777723497801661,0.14646194907443524,1,EDS,Gold,"[{""position"": 2.1220810942843182, ""amplitude"": 0.6382747362010759, ""fwhm"": 0.031799115031979956}]",2.1220810942843182,0.6382747362010759,0.031799115031979956,,,,,,,,,,,,,,,
0.18749389350268686,0.15160771155562178,1,EDS,Gold,"[{""position"": 2.1220810942843182, ""amplitude"": 0.6382747362010759, ""fwhm"": 0.031799115031979956}]",2.1220810942843182,0.6382747362010759,0.031799115031979956,,,,,,,,,,,,,,,
0.19721543722520762,0.1569178115725135,1,EDS,Gold,"[{""position"": 2.1220810942843182, ""amplitude"": 0.6382747362010759, ""fwhm"": 0.031799115031979956}]",2.1220810942843182,0.6382747362010759,0.031799115031979956,,,,,,,,,,,,,,,
0.2069369809477284,0.16071083516999984,1,EDS,Gold,"[{""position"": 2.1220810942843182, ""amplitude"": 0.6382747362010759, ""fwhm"": 0.031799115031979956}]",2.1220810942843182,0.6382747362010759,0.031799115031979956,,,,,,,,,,,,,,,
0.21665852467024915,0.16545621359202495,1,EDS,Gold,"[{""position"": 2.1220810942843182, ""amplitude"": 0.6382747362010759, ""fwhm"": 0.031799115031979956}]",2.1220810942843182,0.6382747362010759,0.031799115031979956,,,,,,,,,,,,,,,
0.2263800683927699,0.1655134956958226,1,EDS,Gold,"[{""position"": 2.1220810942843182, ""amplitude"": 0.6382747362010759, ""fwhm"": 0.031799115031979956}]",2.1220810942843182,0.6382747362010759,0.031799115031979956,,,,,,,,,,,,,,,
0.23610161211529065,0.1846658107437545,1,EDS,Gold,"[{""position"": 2.1220810942843182, ""amplitude"": 0.6382747362010759, ""fwhm"": 0.031799115031979956}]",2.1220810942843182,0.6382747362010759,0.031799115031979956,,,,,,,,,,,,,,,
0.24582315583781142,0.18452269393721066,1,EDS,Gold,"[{""position"": 2.1220810942843182, ""amplitude"": 0.6382747362010759, ""fwhm"": 0.031799115031979956}]",2.1220810942843182,0.6382747362010759,0.031799115031979956,,,,,,,,,,,,,,,
0.2555446995603322,0.17804396658816635,1,EDS,Gold,"[{""position"": 2.1220810942843182, ""amplitude"": 0.6382747362010759, ""fwhm"": 0.031799115031979956}]",2.1220810942843182,0.6382747362010759,0.031799115031979956,,,,,,,,,,,,,,,
0.265266243282853,0.19178007893817195,1,EDS,Gold,"[{""position"": 2.1220810942843182, ""amplitude"": 0.6382747362010759, ""fwhm"": 0.031799115031979956}]",2.1220810942843182,0.6382747362010759,0.031799115031979956,,,,,,,,,,,,,,,
0.27498778700537374,0.1869959908914268,1,EDS,Gold,"[{""position"": 2.1220810942843182, ""amplitude"": 0.6382747362010759, ""fwhm"": 0.031799115031979956}]",2.1220810942843182,0.6382747362010759,0.031799115031979956,,,,,,,,,,,,,,,
0.2847093307278945,0.19993667004392734,1,EDS,Gold,"[{""position"": 2.1220810942843182, ""amplitude"": 0.6382747362010759, ""fwhm"": 0.031799115031979956}]",2.1220810942843182,0.6382747362010759,0.031799115031979956,,,,,,,,,,,,,,,
0.29443087445041527,0.19870583906221992,1,EDS,Gold,"[{""position"": 2.1220810942843182, ""amplitude"": 0.6382747362010759, ""fwhm"": 0.031799115031979956}]",2.1220810942843182,0.6382747362010759,0.031799115031979956,,,,,,,,,,,,,,,
0.304152418172936,0.20152507253777546,1,EDS,Gold,"[{""position"": 2.1220810942843182, ""amplitude"": 0.6382747362010759, ""fwhm"": 0.031799115031979956}]",2.1220810942843182,0.6382747362010759,0.031799115031979956,,,,,,,,,,,,,,,
0.31387396189545674,0.20036471740781311,1,EDS,Gold,"[{""position"": 2.1220810942843182, ""amplitude"": 0.6382747362010759, ""fwhm"": 0.031799115031979956}]",2.1220810942843182,0.6382747362010759,0.031799115031979956,,,,,,,,,,,,,,,
0.3235955056179775,0.20900036685867893,1,EDS,Gold,"[{""position"": 2.1220810942843182, ""amplitude"": 0.6382747362010759, ""fwhm"": 0.031799115031979956}]",2.1220810942843182,0.6382747362010759,0.031799115031979956,,,,,,,,,,,,,,,
0.3333170493404983,0.2166355967641317,1,EDS,Gold,"[{""position"": 2.1220810942843182, ""amplitude"": 0.6382747362010759, ""fwhm"": 0.031799115031979956}]",2.1220810942843182,0.6382747362010759,0.031799115031979956,,,,,,,,,,,,,,,
0.34303859306301904,0.21549908248941244,1,EDS,Gold,"[{""position"": 2.1220810942843182, ""amplitude"": 0.6382747362010759, ""fwhm"": 0.031799115031979956}]",2.1220810942843182,0.6382747362010759,0.031799115031979956,,,,,,,,,,,,,,,
0.35276013678553975,0.21809202416804085,1,EDS,Gold,"[{""position"": 2.1220810942843182, ""amplitude"": 0.6382747362010759, ""fwhm"": 0.031799115031979956}]",2.1220810942843182,0.6382747362010759,0.031799115031979956,,,,,,,,,,,,,,,
0.3624816805080605,0.22620890680210637,1,EDS,Gold,"[{""position"": 2.1220810942843182, ""amplitude"": 0.6382747362010759, ""fwhm"": 0.031799115031979956}]",2.1220810942843182,0.6382747362010759,0.031799115031979956,,,,,,,,,,,,,,,
0.3722032242305813,0.21895234008465503,1,EDS,Gold,"[{""position"": 2.1220810942843182, ""amplitude"": 0.6382747362010759, ""fwhm"": 0.031799115031979956}]",2.1220810942843182,0.6382747362010759,0.031799115031979956,,,,,,,,,,,,,,,
0.38192476795310204,0.23292483711692666,1,EDS,Gold,"[{""position"": 2.1220810942843182, ""amplitude"": 0.6382747362010759, ""fwhm"": 0.031799115031979956}]",2.1220810942843182,0.6382747362010759,0.031799115031979956,,,,,,,,,,,,,,,
0.3916463116756228,0.22977959191179065,1,EDS,Gold,"[{""position"": 2.1220810942843182, ""amplitude"": 0.6382747362010759, ""fwhm"": 0.031799115031979956}]",2.1220810942843182,0.6382747362010759,0.031799115031979956,,,,,,,,,,,,,,,
0.40136785539814357,0.23195029587282595,1,EDS,Gold,"[{""position"": 2.1220810942843182, ""amplitude"": 0.6382747362010759, ""fwhm"": 0.031799115031979956}]",2.1220810942843182,0.6382747362010759,0.031799115031979956,,,,,,,,,,,,,,,
0.41108939912066433,0.23543380635406663,1,EDS,Gold,"[{""position"": 2.1220810942843182, ""amplitude"": 0.6382747362010759, ""fwhm"": 0.031799115031979956}]",2.1220810942843182,0.6382747362010759,0.031799115031979956,,,,,,,,,,,,,,,
0.4208109428431851,0.23199437868812411,1,EDS,Gold,"[{""position"": 2.1220810942843182, ""amplitude"": 0.6382747362010759, ""fwhm"": 0.031799115031979956}]",2.1220810942843182,0.6382747362010759,0.031799115031979956,,,,,,,,,,,,,,,
0.43053248656570586,0.23513183646030975,1,EDS,Gold,"[{""position"": 2.1220810942843182, ""amplitude"": 0.6382747362010759, ""fwhm"": 0.031799115031979956}]",2.1220810942843182,0.6382747362010759,0.031799115031979956,,,,,,,,,,,,,,,
0.4402540302882266,0.23650467572870376,1,EDS,Gold,"[{""position"": 2.1220810942843182, ""amplitude"": 0.6382747362010759, ""fwhm"": 0.031799115031979956}]",2.1220810942843182,0.6382747362010759,0.031799115031979956,,,,,,,,,,,,,,,
0.4499755740107474,0.24414039166637624,1,EDS,Gold,"[{""position"": 2.1220810942843182, ""amplitude"": 0.6382747362010759, ""fwhm"": 0.031799115031979956}]",2.1220810942843182,0.6382747362010759,0.031799115031979956,,,,,,,,,,,,,,,
0.45969711773326816,0.24713950767237028,1,EDS,Gold,"[{""position"": 2.1220810942843182, ""amplitude"": 0.6382747362010759, ""fwhm"": 0.031799115031979956}]",2.1220810942843182,0.6382747362010759,0.031799115031979956,,,,,,,,,,,,,,,
0.4694186614557889,0.24961638692545007,1,EDS,Gold,"[{""position"": 2.1220810942843182, ""amplitude"": 0.6382747362010759, ""fwhm"": 0.031799115031979956}]",2.1220810942843182,0.6382747362010759,0.031799115031979956,,,,,,,,,,,,,,,
0.4791402051783097,0.24651362323251402,1,EDS,Gold,"[{""position"": 2.1220810942843182, ""amplitude"": 0.6382747362010759, ""fwhm"": 0.031799115031979956}]",2.1220810942843182,0.6382747362010759,0.031799115031979956,,,,,,,,,,,,,,,
0.48886174890083045,0.24848965064890707,1,EDS,Gold,"[{""position"": 2.1220810942843182, ""amplitude"": 0.6382747362010759, ""fwhm"": 0.031799115031979956}]",2.1220810942843182,0.6382747362010759,0.031799115031979956,,,,,,,,,,,,,,,
0.4985832926233512,0.2554617305222666,1,EDS,Gold,"[{""position"": 2.1220810942843182, ""amplitude"": 0.6382747362010759, ""fwhm"": 0.031799115031979956}]",2.1220810942843182,0.6382747362010759,0.031799115031979956,,,,,,,,,,,,,,,
0.508304836345872,0.25691439631855195,1,EDS,Gold,"[{""position"": 2.1220810942843182, ""amplitude"": 0.6382747362010759, ""fwhm"": 0.031799115031979956}]",2.1220810942843182,0.6382747362010759,0.031799115031979956,,,,,,,,,,,,,,,
0.5180263800683927,0.2592337207236584,1,EDS,Gold,"[{""position"": 2.1220810942843182, ""amplitude"": 0.6382747362010759, ""fwhm"": 0.031799115031979956}]",2.1220810942843182,0.6382747362010759,0.031799115031979956,,,,,,,,,,,,,,,
0.5277479237909135,0.26626952472356524,1,EDS,Gold,"[{""position"": 2.1220810942843182, ""amplitude"": 0.6382747362010759, ""fwhm"": 0.031799115031979956}]",2.1220810942843182,0.6382747362010759,0.031799115031979956,,,,,,,,,,,,,,,
0.5374694675134343,0.26385451138743926,1,EDS,Gold,"[{""position"": 2.1220810942843182, ""amplitude"": 0.6382747362010759, ""fwhm"": 0.031799115031979956}]",2.1220810942843182,0.6382747362010759,0.031799115031979956,,,,,,,,,,,,,,,
0.547191011235955,0.2703398841598771,1,EDS,Gold,"[{""position"": 2.1220810942843182, ""amplitude"": 0.6382747362010759, ""fwhm"": 0.031799115031979956}]",2.1220810942843182,0.6382747362010759,0.031799115031979956,,,,,,,,,,,,,,,
0.5569125549584758,0.26612325429914974,1,EDS,Gold,"[{""position"": 2.1220810942843182, ""amplitude"": 0.6382747362010759, ""fwhm"": 0.031799115031979956}]",2.1220810942843182,0.6382747362010759,0.031799115031979956,,,,,,,,,,,,,,,
0.5666340986809966,0.26384766389089886,1,EDS,Gold,"[{""position"": 2.1220810942843182, ""amplitude"": 0.6382747362010759, ""fwhm"": 0.031799115031979956}]",2.1220810942843182,0.6382747362010759,0.031799115031979956,,,,,,,,,,,,,,,
0.5763556424035173,0.275209071021497,1,EDS,Gold,"[{""position"": 2.1220810942843182, ""amplitude"": 0.6382747362010759, ""fwhm"": 0.031799115031979956}]",2.1220810942843182,0.6382747362010759,0.031799115031979956,,,,,,,,,,,,,,,
0.5860771861260381,0.2667281999294083,1,EDS,Gold,"[{""position"": 2.1220810942843182, ""amplitude"": 0.6382747362010759, ""fwhm"": 0.031799115031979956}]",2.1220810942843182,0.6382747362010759,0.031799115031979956,,,,,,,,,,,,,,,
0.5957987298485589,0.2689561501926956,1,EDS,Gold,"[{""position"": 2.1220810942843182, ""amplitude"": 0.6382747362010759, ""fwhm"": 0.031799115031979956}]",2.1220810942843182,0.6382747362010759,0.031799115031979956,,,,,,,,,,,,,,,
0.6055202735710795,0.27073565658585885,1,EDS,Gold,"[{""position"": 2.1220810942843182, ""amplitude"": 0.6382747362010759, ""fwhm"": 0.031799115031979956}]",2.1220810942843182,0.6382747362010759,0.031799115031979956,,,,,,,,,,,,,,,
0.6152418172936003,0.2822333675999105,1,EDS,Gold,"[{""position"": 2.1220810942843182, ""amplitude"": 0.6382747362010759, ""fwhm"": 0.031799115031979956}]",2.1220810942843182,0.6382747362010759,0.031799115031979956,,,,,,,,,,,,,,,
0.624963361016121,0.27790568860424975,1,EDS,Gold,"[{""position"": 2.1220810942843182, ""amplitude"": 0.6382747362010759, ""fwhm"": 0.031799115031979956}]",2.1220810942843182,0.6382747362010759,0.031799115031979956,,,,,,,,,,,,,,,
0.6346849047386418,0.27463140578963585,1,EDS,Gold,"[{""position"": 2.1220810942843182, ""amplitude"": 0.6382747362010759, ""fwhm"": 0.031799115031979956}]",2.1220810942843182,0.6382747362010759,0.031799115031979956,,,,,,,,,,,,,,,
0.6444064484611626,0.2913758954576132,1,EDS,Gold,"[{""position"": 2.1220810942843182, ""amplitude"": 0.6382747362010759, ""fwhm"": 0.031799115031979956}]",2.1220810942843182,0.6382747362010759,0.031799115031979956,,,,,,,,,,,,,,,
0.6541279921836833,0.29308962054193854,1,EDS,Gold,"[{""position"": 2.1220810942843182, ""amplitude"": 0.6382747362010759, ""fwhm"": 0.031799115031979956}]",2.1220810942843182,0.6382747362010759,0.031799115031979956,,,,,,,,,,,,,,,
0.6638495359062041,0.28377913706591834,1,EDS,Gold,"[{""position"": 2.1220810942843182, ""amplitude"": 0.6382747362010759, ""fwhm"": 0.031799115031979956}]",2.1220810942843182,0.6382747362010759,0.031799115031979956,,,,,,,,,,,,,,,
0.6735710796287249,0.28026444689191016,1,EDS,Gold,"[{""position"": 2.1220810942843182, ""amplitude"": 0.6382747362010759, ""fwhm"": 0.031799115031979956}]",2.1220810942843182,0.6382747362010759,0.031799115031979956,,,,,,,,,,,,,,,
0.6832926233512456,0.2811455762929662,1,EDS,Gold,"[{""position"": 2.1220810942843182, ""amplitude"": 0.6382747362010759, ""fwhm"": 0.031799115031979956}]",2.1220810942843182,0.6382747362010759,0.031799115031979956,,,,,,,,,,,,,,,
0.6930141670737664,0.2823902817681705,1,EDS,Gold,"[{""position"": 2.1220810942843182, ""amplitude"": 0.6382747362010759, ""fwhm"": 0.031799115031979956}]",2.1220810942843182,0.6382747362010759,0.031799115031979956,,,,,,,,,,,,,,,
0.7027357107962872,0.2895987964466774,1,EDS,Gold,"[{""position"": 2.1220810942843182, ""amplitude"": 0.6382747362010759, ""fwhm"": 0.031799115031979956}]",2.1220810942843182,0.6382747362010759,0.031799115031979956,,,,,,,,,,,,,,,
0.7124572545188079,0.29108679141085964,1,EDS,Gold,"[{""position"": 2.1220810942843182, ""amplitude"": 0.6382747362010759, ""fwhm"": 0.031799115031979956}]",2.1220810942843182,0.6382747362010759,0.031799115031979956,,,,,,,,,,,,,,,
0.7221787982413287,0.3166152619381064,1,EDS,Gold,"[{""position"": 2.1220810942843182, ""amplitude"": 0.6382747362010759, ""fwhm"": 0.031799115031979956}]",2.1220810942843182,0.6382747362010759,0.031799115031979956,,,,,,,,,,,,,,,
0.7319003419638495,0.2883012500602436,1,EDS,Gold,"[{""position"": 2.1220810942843182, ""amplitude"": 0.6382747362010759, ""fwhm"": 0.031799115031979956}]",2.1220810942843182,0.6382747362010759,0.031799115031979956,,,,,,,,,,,,,,,
0.7416218856863702,0.28914940574912856,1,EDS,Gold,"[{""position"": 2.1220810942843182, ""amplitude"": 0.6382747362010759, ""fwhm"": 0.031799115031979956}]",2.1220810942843182,0.6382747362010759,0.031799115031979956,,,,,,,,,,,,,,,
0.751343429408891,0.28979993399557574,1,EDS,Gold,"[{""position"": 2.1220810942843182, ""amplitude"": 0.6382747362010759, ""fwhm"": 0.031799115031979956}]",2.1220810942843182,0.6382747362010759,0.031799115031979956,,,,,,,,,,,,,,,
0.7610649731314117,0.29137794978834425,1,EDS,Gold,"[{""position"": 2.1220810942843182, ""amplitude"": 0.6382747362010759, ""fwhm"": 0.031799115031979956}]",2.1220810942843182,0.6382747362010759,0.031799115031979956,,,,,,,,,,,,,,,
0.7707865168539325,0.30301251930227036,1,EDS,Gold,"[{""position"": 2.1220810942843182, ""amplitude"": 0.6382747362010759, ""fwhm"": 0.031799115031979956}]",2.1220810942843182,0.6382747362010759,0.031799115031979956,,,,,,,,,,,,,,,
0.7805080605764533,0.29332320187213967,1,EDS,Gold,"[{""position"": 2.1220810942843182, ""amplitude"": 0.6382747362010759, ""fwhm"": 0.031799115031979956}]",2.1220810942843182,0.6382747362010759,0.031799115031979956,,,,,,,,,,,,,,,
0.790229604298974,0.30511211437124214,1,EDS,Gold,"[{""position"": 2.1220810942843182, ""amplitude"": 0.6382747362010759, ""fwhm"": 0.031799115031979956}]",2.1220810942843182,0.6382747362010759,0.031799115031979956,,,,,,,,,,,,,,,
0.7999511480214948,0.29914344811733634,1,EDS,Gold,"[{""position"": 2.1220810942843182, ""amplitude"": 0.6382747362010759, ""fwhm"": 0.031799115031979956}]",2.1220810942843182,0.6382747362010759,0.031799115031979956,,,,,,,,,,,,,,,
0.8096726917440156,0.29675906657866835,1,EDS,Gold,"[{""position"": 2.1220810942843182, ""amplitude"": 0.6382747362010759, ""fwhm"": 0.031799115031979956}]",2.1220810942843182,0.6382747362010759,0.031799115031979956,,,,,,,,,,,,,,,
0.8193942354665363,0.30237865135746783,1,EDS,Gold,"[{""position"": 2.1220810942843182, ""amplitude"": 0.6382747362010759, ""fwhm"": 0.031799115031979956}]",2.1220810942843182,0.6382747362010759,0.031799115031979956,,,,,,,,,,,,,,,
0.8291157791890571,0.30814248490396545,1,EDS,Gold,"[{""position"": 2.1220810942843182, ""amplitude"": 0.6382747362010759, ""fwhm"": 0.031799115031979956}]",2.1220810942843182,0.6382747362010759,0.031799115031979956,,,,,,,,,,,,,,,
0.8388373229115779,0.29925343571605106,1,EDS,Gold,"[{""position"": 2.1220810942843182, ""amplitude"": 0.6382747362010759, ""fwhm"": 0.031799115031979956}]",2.1220810942843182,0.6382747362010759,0.031799115031979956,,,,,,,,,,,,,,,
0.8485588666340986,0.2991766625625367,1,EDS,Gold,"[{""position"": 2.1220810942843182, ""amplitude"": 0.6382747362010759, ""fwhm"": 0.031799115031979956}]",2.1220810942843182,0.6382747362010759,0.031799115031979956,,,,,,,,,,,,,,,
0.8582804103566194,0.3008997609679577,1,EDS,Gold,"[{""position"": 2.1220810942843182, ""amplitude"": 0.6382747362010759, ""fwhm"": 0.031799115031979956}]",2.1220810942843182,0.6382747362010759,0.031799115031979956,,,,,,,,,,,,,,,
0.8680019540791402,0.30704079046269694,1,EDS,Gold,"[{""position"": 2.1220810942843182, ""amplitude"": 0.6382747362010759, ""fwhm"": 0.031799115031979956}]",2.1220810942843182,0.6382747362010759,0.031799115031979956,,,,,,,,,,,,,,,
0.8777234978016609,0.3034206211780226,1,EDS,Gold,"[{""position"": 2.1220810942843182, ""amplitude"": 0.6382747362010759, ""fwhm"": 0.031799115031979956}]",2.1220810942843182,0.6382747362010759,0.031799115031979956,,,,,,,,,,,,,,,
0.8874450415241816,0.3133085889175511,1,EDS,Gold,"[{""position"": 2.1220810942843182, ""amplitude"": 0.6382747362010759, ""fwhm"": 0.031799115031979956}]",2.1220810942843182,0.6382747362010759,0.031799115031979956,,,,,,,,,,,,,,,
0.8971665852467023,0.30898559396820346,1,EDS,Gold,"[{""position"": 2.1220810942843182, ""amplitude"": 0.6382747362010759, ""fwhm"": 0.031799115031979956}]",2.1220810942843182,0.6382747362010759,0.031799115031979956,,,,,,,,,,,,,,,
0.9068881289692231,0.3049276430861722,1,EDS,Gold,"[{""position"": 2.1220810942843182, ""amplitude"": 0.6382747362010759, ""fwhm"": 0.031799115031979956}]",2.1220810942843182,0.6382747362010759,0.031799115031979956,,,,,,,,,,,,,,,
0.9166096726917439,0.3063779039189624,1,EDS,Gold,"[{""position"": 2.1220810942843182, ""amplitude"": 0.6382747362010759, ""fwhm"": 0.031799115031979956}]",2.1220810942843182,0.6382747362010759,0.031799115031979956,,,,,,,,,,,,,,,
0.9263312164142646,0.3168641785622318,1,EDS,Gold,"[{""position"": 2.1220810942843182, ""amplitude"": 0.6382747362010759, ""fwhm"": 0.031799115031979956}]",2.1220810942843182,0.6382747362010759,0.031799115031979956,,,,,,,,,,,,,,,
0.9360527601367854,0.3122057749221697,1,EDS,Gold,"[{""position"": 2.1220810942843182, ""amplitude"": 0.6382747362010759, ""fwhm"": 0.031799115031979956}]",2.1220810942843182,0.6382747362010759,0.031799115031979956,,,,,,,,,,,,,,,
0.9457743038593062,0.30843073013688566,1,EDS,Gold,"[{""position"": 2.1220810942843182, ""amplitude"": 0.6382747362010759, ""fwhm"": 0.031799115031979956}]",2.1220810942843182,0.6382747362010759,0.031799115031979956,,,,,,,,,,,,,,,
0.9554958475818269,0.3139502476353057,1,EDS,Gold,"[{""position"": 2.1220810942843182, ""amplitude"": 0.6382747362010759, ""fwhm"": 0.031799115031979956}]",2.1220810942843182,0.6382747362010759,0.031799115031979956,,,,,,,,,,,,,,,
0.9652173913043477,0.3100635606556544,1,EDS,Gold,"[{""position"": 2.1220810942843182, ""amplitude"": 0.6382747362010759, ""fwhm"": 0.031799115031979956}]",2.1220810942843182,0.6382747362010759,0.031799115031979956,,,,,,,,,,,,,,,
0.9749389350268685,0.32995996183080084,1,EDS,Gold,"[{""position"": 2.1220810942843182, ""amplitude"": 0.6382747362010759, ""fwhm"": 0.031799115031979956}]",2.1220810942843182,0.6382747362010759,0.031799115031979956,,,,,,,,,,,,,,,
0.9846604787493892,0.3158088897662793,1,EDS,Gold,"[{""position"": 2.1220810942843182, ""amplitude"": 0.6382747362010759, ""fwhm"": 0.031799115031979956}]",2.1220810942843182,0.6382747362010759,0.031799115031979956,,,,,,,,,,,,,,,
0.99438202247191,0.336436121549155,1,EDS,Gold,"[{""position"": 2.1220810942843182, ""amplitude"": 0.6382747362010759, ""fwhm"": 0.031799115031979956}]",2.1220810942843182,0.6382747362010759,0.031799115031979956,,,,,,,,,,,,,,,
1.0041035661944309,0.31657331268646266,1,EDS,Gold,"[{""position"": 2.1220810942843182, ""amplitude"": 0.6382747362010759, ""fwhm"": 0.031799115031979956}]",2.1220810942843182,0.6382747362010759,0.031799115031979956,,,,,,,,,,,,,,,
1.0138251099169515,0.3130355466482233,1,EDS,Gold,"[{""position"": 2.1220810942843182, ""amplitude"": 0.6382747362010759, ""fwhm"": 0.031799115031979956}]",2.1220810942843182,0.6382747362010759,0.031799115031979956,,,,,,,,,,,,,,,
1.0235466536394724,0.32363581972223193,1,EDS,Gold,"[{""position"": 2.1220810942843182, ""amplitude"": 0.6382747362010759, ""fwhm"": 0.031799115031979956}]",2.1220810942843182,0.6382747362010759,0.031799115031979956,,,,,,,,,,,,,,,
1.033268197361993,0.3341185838340556,1,EDS,Gold,"[{""position"": 2.1220810942843182, ""amplitude"": 0.6382747362010759, ""fwhm"": 0.031799115031979956}]",2.1220810942843182,0.6382747362010759,0.031799115031979956,,,,,,,,,,,,,,,
1.042989741084514,0.3245962230275531,1,EDS,Gold,"[{""position"": 2.1220810942843182, ""amplitude"": 0.6382747362010759, ""fwhm"": 0.031799115031979956}]",2.1220810942843182,0.6382747362010759,0.031799115031979956,,,,,,,,,,,,,,,
1.0527112848070346,0.319616322765512,1,EDS,Gold,"[{""position"": 2.1220810942843182, ""amplitude"": 0.6382747362010759, ""fwhm"": 0.031799115031979956}]",2.1220810942843182,0.6382747362010759,0.031799115031979956,,,,,,,,,,,,,,,
1.0624328285295555,0.3156528120975476,1,EDS,Gold,"[{""position"": 2.1220810942843182, ""amplitude"": 0.6382747362010759, ""fwhm"": 0.031799115031979956}]",2.1220810942843182,0.6382747362010759,0.031799115031979956,,,,,,,,,,,,,,,
1.072154372252076,0.3262437389691963,1,EDS,Gold,"[{""position"": 2.1220810942843182, ""amplitude"": 0.6382747362010759, ""fwhm"": 0.031799115031979956}]",2.1220810942843182,0.6382747362010759,0.031799115031979956,,,,,,,,,,,,,,,
1.081875915974597,0.3265686924530656,1,EDS,Gold,"[{""position"": 2.1220810942843182, ""amplitude"": 0.6382747362010759, ""fwhm"": 0.031799115031979956}]",2.1220810942843182,0.6382747362010759,0.031799115031979956,,,,,,,,,,,,,,,
1.0915974596971176,0.31740245368698805,1,EDS,Gold,"[{""position"": 2.1220810942843182, ""amplitude"": 0.6382747362010759, ""fwhm"": 0.031799115031979956}]",2.1220810942843182,0.6382747362010759,0.031799115031979956,,,,,,,,,,,,,,,
1.1013190034196385,0.3181890772153882,1,EDS,Gold,"[{""position"": 2.1220810942843182, ""amplitude"": 0.6382747362010759, ""fwhm"": 0.031799115031979956}]",2.1220810942843182,0.6382747362010759,0.031799115031979956,,,,,,,,,,,,,,,
1.1110405471421592,0.3193980635342134,1,EDS,Gold,"[{""position"": 2.1220810942843182, ""amplitude"": 0.6382747362010759, ""fwhm"": 0.031799115031979956}]",2.1220810942843182,0.6382747362010759,0.031799115031979956,,,,,,,,,,,,,,,
1.12076209086468,0.32408595779572946,1,EDS,Gold,"[{""position"": 2.1220810942843182, ""amplitude"": 0.6382747362010759, ""fwhm"": 0.031799115031979956}]",2.1220810942843182,0.6382747362010759,0.031799115031979956,,,,,,,,,,,,,,,
1.1304836345872007,0.32461169592191386,1,EDS,Gold,"[{""position"": 2.1220810942843182, ""amplitude"": 0.6382747362010759, ""fwhm"": 0.031799115031979956}]",2.1220810942843182,0.6382747362010759,0.031799115031979956,,,,,,,,,,,,,,,
1.1402051783097216,0.31993069618877834,1,EDS,Gold,"[{""position"": 2.1220810942843182, ""amplitude"": 0.6382747362010759, ""fwhm"": 0.031799115031979956}]",2.1220810942843182,0.6382747362010759,0.031799115031979956,,,,,,,,,,,,,,,
1.1499267220322422,0.32952427036004045,1,EDS,Gold,"[{""position"": 2.1220810942843182, ""amplitude"": 0.6382747362010759, ""fwhm"": 0.031799115031979956}]",2.1220810942843182,0.6382747362010759,0.031799115031979956,,,,,,,,,,,,,,,
1.159648265754763,0.32587455825886513,1,EDS,Gold,"[{""position"": 2.1220810942843182, ""amplitude"": 0.6382747362010759, ""fwhm"": 0.031799115031979956}]",2.1220810942843182,0.6382747362010759,0.031799115031979956,,,,,,,,,,,,,,,
1.1693698094772838,0.3263611699789383,1,EDS,Gold,"[{""position"": 2.1220810942843182, ""amplitude"": 0.6382747362010759, ""fwhm"": 0.031799115031979956}]",2.1220810942843182,0.6382747362010759,0.031799115031979956,,,,,,,,,,,,,,,
1.1790913531998046,0.3229332727062738,1,EDS,Gold,"[{""position"": 2.1220810942843182, ""amplitude"": 0.6382747362010759, ""fwhm"": 0.031799115031979956}]",2.1220810942843182,0.6382747362010759,0.031799115031979956,,,,,,,,,,,,,,,
1.1888128969223253,0.3221038347603516,1,EDS,Gold,"[{""position"": 2.1220810942843182, ""amplitude"": 0.6382747362010759, ""fwhm"": 0.031799115031979956}]",2.1220810942843182,0.6382747362010759,0.031799115031979956,,,,,,,,,,,,,,,
1.1985344406448462,0.327754241900934,1,EDS,Gold,"[{""position"": 2.1220810942843182, ""amplitude"": 0.6382747362010759, ""fwhm"": 0.031799115031979956}]",2.1220810942843182,0.6382747362010759,0.031799115031979956,,,,,,,,,,,,,,,
1.2082559843673668,0.32800287529924643,1,EDS,Gold,"[{""position"": 2.1220810942843182, ""amplitude"": 0.6382747362010759, ""fwhm"": 0.031799115031979956}]",2.1220810942843182,0.6382747362010759,0.031799115031979956,,,,,,,,,,,,,,,
1.2179775280898877,0.32786525097417174,1,EDS,Gold,"[{""position"": 2.1220810942843182, ""amplitude"": 0.6382747362010759, ""fwhm"": 0.031799115031979956}]",2.1220810942843182,0.6382747362010759,0.031799115031979956,,,,,,,,,,,,,,,
1.2276990718124083,0.3293479160200645,1,EDS,Gold,"[{""position"": 2.1220810942843182, ""amplitude"": 0.6382747362010759, ""fwhm"": 0.031799115031979956}]",2.1220810942843182,0.6382747362010759,0.031799115031979956,,,,,,,,,,,,,,,
1.2374206155349292,0.3395440169950961,1,EDS,Gold,"[{""position"": 2.1220810942843182, ""amplitude"": 0.6382747362010759, ""fwhm"": 0.031799115031979956}]",2.1220810942843182,0.6382747362010759,0.031799115031979956,,,,,,,,,,,,,,,
1.2471421592574499,0.3299348543894908,1,EDS,Gold,"[{""position"": 2.1220810942843182, ""amplitude"": 0.6382747362010759, ""fwhm"": 0.031799115031979956}]",2.1220810942843182,0.6382747362010759,0.031799115031979956,,,,,,,,,,,,,,,
1.2568637029799707,0.3294947295549098,1,EDS,Gold,"[{""position"": 2.1220810942843182, ""amplitude"": 0.6382747362010759, ""fwhm"": 0.031799115031979956}]",2.1220810942843182,0.6382747362010759,0.031799115031979956,,,,,,,,,,,,,,,
1.2665852467024914,0.33094367932868896,1,EDS,Gold,"[{""position"": 2.1220810942843182, ""amplitude"": 0.6382747362010759, ""fwhm"": 0.031799115031979956}]",2.1220810942843182,0.6382747362010759,0.031799115031979956,,,,,,,,,,,,,,,
1.2763067904250123,0.32496500124762656,1,EDS,Gold,"[{""position"": 2.1220810942843182, ""amplitude"": 0.6382747362010759, ""fwhm"": 0.031799115031979956}]",2.1220810942843182,0.6382747362010759,0.031799115031979956,,,,,,,,,,,,,,,
1.286028334147533,0.33124486358174604,1,EDS,Gold,"[{""position"": 2.1220810942843182, ""amplitude"": 0.6382747362010759, ""fwhm"": 0.031799115031979956}]",2.1220810942843182,0.6382747362010759,0.031799115031979956,,,,,,,,,,,,,,,
1.2957498778700538,0.3323347701838494,1,EDS,Gold,"[{""position"": 2.1220810942843182, ""amplitude"": 0.6382747362010759, ""fwhm"": 0.031799115031979956}]",2.1220810942843182,0.6382747362010759,0.031799115031979956,,,,,,,,,,,,,,,
1.3054714215925745,0.32615456336175697,1,EDS,Gold,"[{""position"": 2.1220810942843182, ""amplitude"": 0.6382747362010759, ""fwhm"": 0.031799115031979956}]",2.1220810942843182,0.6382747362010759,0.031799115031979956,,,,,,,,,,,,,,,
1.3151929653150953,0.3266715003827901,1,EDS,Gold,"[{""position"": 2.1220810942843182, ""amplitude"": 0.6382747362010759, ""fwhm"": 0.031799115031979956}]",2.1220810942843182,0.6382747362010759,0.031799115031979956,,,,,,,,,,,,,,,
1.324914509037616,0.32729527137151404,1,EDS,Gold,"[{""position"": 2.1220810942843182, ""amplitude"": 0.6382747362010759, ""fwhm"": 0.031799115031979956}]",2.1220810942843182,0.6382747362010759,0.031799115031979956,,,,,,,,,,,,,,,
1.3346360527601369,0.3323116280972064,1,EDS,Gold,"[{""position"": 2.1220810942843182, ""amplitude"": 0.6382747362010759, ""fwhm"": 0.031799115031979956}]",2.1220810942843182,0.6382747362010759,0.031799115031979956,,,,,,,,,,,,,,,
1.3443575964826575,0.33711080287994105,1,EDS,Gold,"[{""position"": 2.1220810942843182, ""amplitude"": 0.6382747362010759, ""fwhm"": 0.031799115031979956}]",2.1220810942843182,0.6382747362010759,0.031799115031979956,,,,,,,,,,,,,,,
1.3540791402051782,0.3331637042828871,1,EDS,Gold,"[{""position"": 2.1220810942843182, ""amplitude"": 0.6382747362010759, ""fwhm"": 0.031799115031979956}]",2.1220810942843182,0.6382747362010759,0.031799115031979956,,,,,,,,,,,,,,,
1.363800683927699,0.3329092569605158,1,EDS,Gold,"[{""position"": 2.1220810942843182, ""amplitude"": 0.6382747362010759, ""fwhm"": 0.031799115031979956}]",2.1220810942843182,0.6382747362010759,0.031799115031979956,,,,,,,,,,,,,,,
1.3735222276502197,0.3289089359031739,1,EDS,Gold,"[{""position"": 2.1220810942843182, ""amplitude"": 0.6382747362010759, ""fwhm"": 0.031799115031979956}]",2.1220810942843182,0.6382747362010759,0.031799115031979956,,,,,,,,,,,,,,,
1.3832437713727406,0.3435169409831915,1,EDS,Gold,"[{""position"": 2.1220810942843182, ""amplitude"": 0.6382747362010759, ""fwhm"": 0.031799115031979956}]",2.1220810942843182,0.6382747362010759,0.031799115031979956,,,,,,,,,,,,,,,
1.3929653150952612,0.3399446421501131,1,EDS,Gold,"[{""position"": 2.1220810942843182, ""amplitude"": 0.6382747362010759, ""fwhm"": 0.031799115031979956}]",2.1220810942843182,0.6382747362010759,0.031799115031979956,,,,,,,,,,,,,,,
1.402686858817782,0.3290949423205581,1,EDS,Gold,"[{""position"": 2.1220810942843182, ""amplitude"": 0.6382747362010759, ""fwhm"": 0.031799115031979956}]",2.1220810942843182,0.6382747362010759,0.031799115031979956,,,,,,,,,,,,,,,
1.4124084025403028,0.33456015233757896,1,EDS,Gold,"[{""position"": 2.1220810942843182, ""amplitude"": 0.6382747362010759, ""fwhm"": 0.031799115031979956}]",2.1220810942843182,0.6382747362010759,0.031799115031979956,,,,,,,,,,,,,,,
1.4221299462628236,0.3303379385561001,1,EDS,Gold,"[{""position"": 2.1220810942843182, ""amplitude"": 0.6382747362010759, ""fwhm"": 0.031799115031979956}]",2.1220810942843182,0.6382747362010759,0.031799115031979956,,,,,,,,,,,,,,,
1.4318514899853443,0.33460587598059804,1,EDS,Gold,"[{""position"": 2.1220810942843182, ""amplitude"": 0.6382747362010759, ""fwhm"": 0.031799115031979956}]",2.1220810942843182,0.6382747362010759,0.031799115031979956,,,,,,,,,,,,,,,
1.4415730337078652,0.3305239614037374,1,EDS,Gold,"[{""position"": 2.1220810942843182, ""amplitude"": 0.6382747362010759, ""fwhm"": 0.031799115031979956}]",2.1220810942843182,0.6382747362010759,0.031799115031979956,,,,,,,,,,,,,,,
1.4512945774303858,0.33125699868218267,1,EDS,Gold,"[{""position"": 2.1220810942843182, ""amplitude"": 0.6382747362010759, ""fwhm"": 0.031799115031979956}]",2.1220810942843182,0.6382747362010759,0.031799115031979956,,,,,,,,,,,,,,,
1.4610161211529067,0.34009541628975654,1,EDS,Gold,"[{""position"": 2.1220810942843182, ""amplitude"": 0.6382747362010759, ""fwhm"": 0.031799115031979956}]",2.1220810942843182,0.6382747362010759,0.031799115031979956,,,,,,,,,,,,,,,
1.4707376648754273,0.34115359815145707,1,EDS,Gold,"[{""position"": 2.1220810942843182, ""amplitude"": 0.6382747362010759, ""fwhm"": 0.031799115031979956}]",2.1220810942843182,0.6382747362010759,0.031799115031979956,,,,,,,,,,,,,,,
1.4804592085979482,0.34139423333939817,1,EDS,Gold,"[{""position"": 2.1220810942843182, ""amplitude"": 0.6382747362010759, ""fwhm"": 0.031799115031979956}]",2.1220810942843182,0.6382747362010759,0.031799115031979956,,,,,,,,,,,,,,,
1.4901807523204689,0.33184045035264337,1,EDS,Gold,"[{""position"": 2.1220810942843182, ""amplitude"": 0.6382747362010759, ""fwhm"": 0.031799115031979956}]",2.1220810942843182,0.6382747362010759,0.031799115031979956,,,,,,,,,,,,,,,
1.4999022960429897,0.3410797438607887,1,EDS,Gold,"[{""position"": 2.1220810942843182, ""amplitude"": 0.6382747362010759, ""fwhm"": 0.031799115031979956}]",2.1220810942843182,0.6382747362010759,0.031799115031979956,,,,,,,,,,,,,,,
1.5096238397655104,0.3362286669009275,1,EDS,Gold,"[{""position"": 2.1220810942843182, ""amplitude"": 0.6382747362010759, ""fwhm"": 0.031799115031979956}]",2.1220810942843182,0.6382747362010759,0.031799115031979956,,,,,,,,,,,,,,,
1.5193453834880313,0.33228287661350925,1,EDS,Gold,"[{""position"": 2.1220810942843182, ""amplitude"": 0.6382747362010759, ""fwhm"": 0.031799115031979956}]",2.1220810942843182,0.6382747362010759,0.031799115031979956,,,,,,,,,,,,,,,
1.529066927210552,0.33735424449467,1,EDS,Gold,"[{""position"": 2.1220810942843182, ""amplitude"": 0.6382747362010759, ""fwhm"": 0.031799115031979956}]",2.1220810942843182,0.6382747362010759,0.031799115031979956,,,,,,,,,,,,,,,
1.5387884709330728,0.3375047873692019,1,EDS,Gold,"[{""position"": 2.1220810942843182, ""amplitude"": 0.6382747362010759, ""fwhm"": 0.031799115031979956}]",2.1220810942843182,0.6382747362010759,0.031799115031979956,,,,,,,,,,,,,,,
1.5485100146555935,0.3327175539466316,1,EDS,Gold,"[{""position"": 2.1220810942843182, ""amplitude"": 0.6382747362010759, ""fwhm"": 0.031799115031979956}]",2.1220810942843182,0.6382747362010759,0.031799115031979956,,,,,,,,,,,,,,,
1.5582315583781143,0.3373945263825124,1,EDS,Gold,"[{""position"": 2.1220810942843182, ""amplitude"": 0.6382747362010759, ""fwhm"": 0.031799115031979956}]",2.1220810942843182,0.6382747362010759,0.031799115031979956,,,,,,,,,,,,,,,
1.567953102100635,0.3329832593051547,1,EDS,Gold,"[{""position"": 2.1220810942843182, ""amplitude"": 0.6382747362010759, ""fwhm"": 0.031799115031979956}]",2.1220810942843182,0.6382747362010759,0.031799115031979956,,,,,,,,,,,,,,,
1.5776746458231559,0.33316447734435445,1,EDS,Gold,"[{""position"": 2.1220810942843182, ""amplitude"": 0.6382747362010759, ""fwhm"": 0.031799115031979956}]",2.1220810942843182,0.6382747362010759,0.031799115031979956,,,,,,,,,,,,,,,
1.5873961895456765,0.33283574839737495,1,EDS,Gold,"[{""position"": 2.1220810942843182, ""amplitude"": 0.6382747362010759, ""fwhm"": 0.031799115031979956}]",2.1220810942843182,0.6382747362010759,0.031799115031979956,,,,,,,,,,,,,,,
1.5971177332681974,0.33419863496802354,1,EDS,Gold,"[{""position"": 2.1220810942843182, ""amplitude"": 0.6382747362010759, ""fwhm"": 0.031799115031979956}]",2.1220810942843182,0.6382747362010759,0.031799115031979956,,,,,,,,,,,,,,,
1.606839276990718,0.3436786448858763,1,EDS,Gold,"[{""position"": 2.1220810942843182, ""amplitude"": 0.6382747362010759, ""fwhm"": 0.031799115031979956}]",2.1220810942843182,0.6382747362010759,0.031799115031979956,,,,,,,,,,,,,,,
1.616560820713239,0.3480248586324569,1,EDS,Gold,"[{""position"": 2.1220810942843182, ""amplitude"": 0.6382747362010759, ""fwhm"": 0.031799115031979956}]",2.1220810942843182,0.6382747362010759,0.031799115031979956,,,,,,,,,,,,,,,
1.6262823644357596,0.33402764254882267,1,EDS,Gold,"[{""position"": 2.1220810942843182, ""amplitude"": 0.6382747362010759, ""fwhm"": 0.031799115031979956}]",2.1220810942843182,0.6382747362010759,0.031799115031979956,,,,,,,,,,,,,,,
1.6360039081582805,0.3333808575681539,1,EDS,Gold,"[{""position"": 2.1220810942843182, ""amplitude"": 0.6382747362010759, ""fwhm"": 0.031799115031979956}]",2.1220810942843182,0.6382747362010759,0.031799115031979956,,,,,,,,,,,,,,,
1.645725451880801,0.3443340371037072,1,EDS,Gold,"[{""position"": 2.1220810942843182, ""amplitude"": 0.6382747362010759, ""fwhm"": 0.031799115031979956}]",2.1220810942843182,0.6382747362010759,0.031799115031979956,,,,,,,,,,,,,,,
1.655446995603322,0.33962548381782964,1,EDS,Gold,"[{""position"": 2.1220810942843182, ""amplitude"": 0.6382747362010759, ""fwhm"": 0.031799115031979956}]",2.1220810942843182,0.6382747362010759,0.031799115031979956,,,,,,,,,,,,,,,
1.6651685393258426,0.3488010728484635,1,EDS,Gold,"[{""position"": 2.1220810942843182, ""amplitude"": 0.6382747362010759, ""fwhm"": 0.031799115031979956}]",2.1220810942843182,0.6382747362010759,0.031799115031979956,,,,,,,,,,,,,,,
1.6748900830483633,0.34475192867818033,1,EDS,Gold,"[{""position"": 2.1220810942843182, ""amplitude"": 0.6382747362010759, ""fwhm"": 0.031799115031979956}]",2.1220810942843182,0.6382747362010759,0.031799115031979956,,,,,,,,,,,,,,,
1.6846116267708842,0.3445946792130391,1,EDS,Gold,"[{""position"": 2.1220810942843182, ""amplitude"": 0.6382747362010759, ""fwhm"": 0.031799115031979956}]",2.1220810942843182,0.6382747362010759,0.031799115031979956,,,,,,,,,,,,,,,
1.6943331704934048,0.3498872009041598,1,EDS,Gold,"[{""position"": 2.1220810942843182, ""amplitude"": 0.6382747362010759, ""fwhm"": 0.031799115031979956}]",2.1220810942843182,0.6382747362010759,0.031799115031979956,,,,,,,,,,,,,,,
1.7040547142159257,0.33549033555642754,1,EDS,Gold,"[{""position"": 2.1220810942843182, ""amplitude"": 0.6382747362010759, ""fwhm"": 0.031799115031979956}]",2.1220810942843182,0.6382747362010759,0.031799115031979956,,,,,,,,,,,,,,,
1.7137762579384463,0.33956836427459874,1,EDS,Gold,"[{""position"": 2.1220810942843182, ""amplitude"": 0.6382747362010759, ""fwhm"": 0.031799115031979956}]",2.1220810942843182,0.6382747362010759,0.031799115031979956,,,,,,,,,,,,,,,
1.7234978016609672,0.344415017967963,1,EDS,Gold,"[{""position"": 2.1220810942843182, ""amplitude"": 0.6382747362010759, ""fwhm"": 0.031799115031979956}]",2.1220810942843182,0.6382747362010759,0.031799115031979956,,,,,,,,,,,,,,,
1.7332193453834879,0.3394339641053821,1,EDS,Gold,"[{""position"": 2.1220810942843182, ""amplitude"": 0.6382747362010759, ""fwhm"": 0.031799115031979956}]",2.1220810942843182,0.6382747362010759,0.031799115031979956,,,,,,,,,,,,,,,
1.7429408891060088,0.33954814132986416,1,EDS,Gold,"[{""position"": 2.1220810942843182, ""amplitude"": 0.6382747362010759, ""fwhm"": 0.031799115031979956}]",2.1220810942843182,0.6382747362010759,0.031799115031979956,,,,,,,,,,,,,,,
1.7526624328285294,0.3499729965892469,1,EDS,Gold,"[{""position"": 2.1220810942843182, ""amplitude"": 0.6382747362010759, ""fwhm"": 0.031799115031979956}]",2.1220810942843182,0.6382747362010759,0.031799115031979956,,,,,,,,,,,,,,,
1.7623839765510503,0.35524260822669906,1,EDS,Gold,"[{""position"": 2.1220810942843182, ""amplitude"": 0.6382747362010759, ""fwhm"": 0.031799115031979956}]",2.1220810942843182,0.6382747362010759,0.031799115031979956,,,,,,,,,,,,,,,
1.772105520273571,0.34028030324115255,1,EDS,Gold,"[{""position"": 2.1220810942843182, ""amplitude"": 0.6382747362010759, ""fwhm"": 0.031799115031979956}]",2.1220810942843182,0.6382747362010759,0.031799115031979956,,,,,,,,,,,,,,,
1.7818270639960918,0.33560516454628003,1,EDS,Gold,"[{""position"": 2.1220810942843182, ""amplitude"": 0.6382747362010759, ""fwhm"": 0.031799115031979956}]",2.1220810942843182,0.6382747362010759,0.031799115031979956,,,,,,,,,,,,,,,
1.7915486077186125,0.33528117560291115,1,EDS,Gold,"[{""position"": 2.1220810942843182, ""amplitude"": 0.6382747362010759, ""fwhm"": 0.031799115031979956}]",2.1220810942843182,0.6382747362010759,0.031799115031979956,,,,,,,,,,,,,,,
1.8012701514411333,0.3560198116402795,1,EDS,Gold,"[{""position"": 2.1220810942843182, ""amplitude"": 0.6382747362010759, ""fwhm"": 0.031799115031979956}]",2.1220810942843182,0.6382747362010759,0.031799115031979956,,,,,,,,,,,,,,,
1.810991695163654,0.34526137861237494,1,EDS,Gold,"[{""position"": 2.1220810942843182, ""amplitude"": 0.6382747362010759, ""fwhm"": 0.031799115031979956}]",2.1220810942843182,0.6382747362010759,0.031799115031979956,,,,,,,,,,,,,,,
1.8207132388861749,0.33672334537049714,1,EDS,Gold,"[{""position"": 2.1220810942843182, ""amplitude"": 0.6382747362010759, ""fwhm"": 0.031799115031979956}]",2.1220810942843182,0.6382747362010759,0.031799115031979956,,,,,,,,,,,,,,,
1.8304347826086955,0.3457801791777495,1,EDS,Gold,"[{""position"": 2.1220810942843182, ""amplitude"": 0.6382747362010759, ""fwhm"": 0.031799115031979956}]",2.1220810942843182,0.6382747362010759,0.031799115031979956,,,,,,,,,,,,,,,
1.8401563263312164,0.335122915661621,1,EDS,Gold,"[{""position"": 2.1220810942843182, ""amplitude"": 0.6382747362010759, ""fwhm"": 0.031799115031979956}]",2.1220810942843182,0.6382747362010759,0.031799115031979956,,,,,,,,,,,,,,,
1.849877870053737,0.3400624571742298,1,EDS,Gold,"[{""position"": 2.1220810942843182, ""amplitude"": 0.6382747362010759, ""fwhm"": 0.031799115031979956}]",2.1220810942843182,0.6382747362010759,0.031799115031979956,,,,,,,,,,,,,,,
1.859599413776258,0.3458343315565966,1,EDS,Gold,"[{""position"": 2.1220810942843182, ""amplitude"": 0.6382747362010759, ""fwhm"": 0.031799115031979956}]",2.1220810942843182,0.6382747362010759,0.031799115031979956,,,,,,,,,,,,,,,
1.8693209574987786,0.33553469989735685,1,EDS,Gold,"[{""position"": 2.1220810942843182, ""amplitude"": 0.6382747362010759, ""fwhm"": 0.031799115031979956}]",2.1220810942843182,0.6382747362010759,0.031799115031979956,,,,,,,,,,,,,,,
1.8790425012212995,0.3460089946883459,1,EDS,Gold,"[{""position"": 2.1220810942843182, ""amplitude"": 0.6382747362010759, ""fwhm"": 0.031799115031979956}]",2.1220810942843182,0.6382747362010759,0.031799115031979956,,,,,,,,,,,,,,,
1.88876404494382,0.34092305325370376,1,EDS,Gold,"[{""position"": 2.1220810942843182, ""amplitude"": 0.6382747362010759, ""fwhm"": 0.031799115031979956}]",2.1220810942843182,0.6382747362010759,0.031799115031979956,,,,,,,,,,,,,,,
1.898485588666341,0.3406896778255399,1,EDS,Gold,"[{""position"": 2.1220810942843182, ""amplitude"": 0.6382747362010759, ""fwhm"": 0.031799115031979956}]",2.1220810942843182,0.6382747362010759,0.031799115031979956,,,,,,,,,,,,,,,
1.9082071323888616,0.3403455099020971,1,EDS,Gold,"[{""position"": 2.1220810942843182, ""amplitude"": 0.6382747362010759, ""fwhm"": 0.031799115031979956}]",2.1220810942843182,0.6382747362010759,0.031799115031979956,,,,,,,,,,,,,,,
1.9179286761113825,0.3450484309444962,1,EDS,Gold,"[{""position"": 2.1220810942843182, ""amplitude"": 0.6382747362010759, ""fwhm"": 0.031799115031979956}]",2.1220810942843182,0.6382747362010759,0.031799115031979956,,,,,,,,,,,,,,,
1.9276502198339032,0.33556944940733446,1,EDS,Gold,"[{""position"": 2.1220810942843182, ""amplitude"": 0.6382747362010759, ""fwhm"": 0.031799115031979956}]",2.1220810942843182,0.6382747362010759,0.031799115031979956,,,,,,,,,,,,,,,
1.937371763556424,0.34119847590436053,1,EDS,Gold,"[{""position"": 2.1220810942843182, ""amplitude"": 0.6382747362010759, ""fwhm"": 0.031799115031979956}]",2.1220810942843182,0.6382747362010759,0.031799115031979956,,,,,,,,,,,,,,,
1.9470933072789447,0.33590483019974526,1,EDS,Gold,"[{""position"": 2.1220810942843182, ""amplitude"": 0.6382747362010759, ""fwhm"": 0.031799115031979956}]",2.1220810942843182,0.6382747362010759,0.031799115031979956,,,,,,,,,,,,,,,
1.9568148510014656,0.3352217779514356,1,EDS,Gold,"[{""position"": 2.1220810942843182, ""amplitude"": 0.6382747362010759, ""fwhm"": 0.031799115031979956}]",2.1220810942843182,0.6382747362010759,0.031799115031979956,,,,,,,,,,,,,,,
1.9665363947239862,0.3508971405340702,1,EDS,Gold,"[{""position"": 2.1220810942843182, ""amplitude"": 0.6382747362010759, ""fwhm"": 0.031799115031979956}]",2.1220810942843182,0.6382747362010759,0.031799115031979956,,,,,,,,,,,,,,,
1.9762579384465069,0.3409991094889281,1,EDS,Gold,"[{""position"": 2.1220810942843182, ""amplitude"": 0.6382747362010759, ""fwhm"": 0.031799115031979956}]",2.1220810942843182,0.6382747362010759,0.031799115031979956,,,,,,,,,,,,,,,
1.9859794821690278,0.3453979096307648,1,EDS,Gold,"[{""position"": 2.1220810942843182, ""amplitude"": 0.6382747362010759, ""fwhm"": 0.031799115031979956}]",2.1220810942843182,0.6382747362010759,0.031799115031979956,,,,,,,,,,,,,,,
1.9957010258915484,0.3408847629401613,1,EDS,Gold,"[{""position"": 2.1220810942843182, ""amplitude"": 0.6382747362010759, ""fwhm"": 0.031799115031979956}]",2.1220810942843182,0.6382747362010759,0.031799115031979956,,,,,,,,,,,,,,,
2.005422569614069,0.34083316846287387,1,EDS,Gold,"[{""position"": 2.1220810942843182, ""amplitude"": 0.6382747362010759, ""fwhm"": 0.031799115031979956}]",2.1220810942843182,0.6382747362010759,0.031799115031979956,,,,,,,,,,,,,,,
2.0151441133365897,0.33525613306791646,1,EDS,Gold,"[{""position"": 2.1220810942843182, ""amplitude"": 0.6382747362010759, ""fwhm"": 0.031799115031979956}]",2.1220810942843182,0.6382747362010759,0.031799115031979956,,,,,,,,,,,,,,,
2.024865657059111,0.3359541121505471,1,EDS,Gold,"[{""position"": 2.1220810942843182, ""amplitude"": 0.6382747362010759, ""fwhm"": 0.031799115031979956}]",2.1220810942843182,0.6382747362010759,0.031799115031979956,,,,,,,,,,,,,,,
2.0345872007816315,0.3410358825794091,1,EDS,Gold,"[{""position"": 2.1220810942843182, ""amplitude"": 0.6382747362010759, ""fwhm"": 0.031799115031979956}]",2.1220810942843182,0.6382747362010759,0.031799115031979956,,,,,,,,,,,,,,,
2.044308744504152,0.3412660982029941,1,EDS,Gold,"[{""position"": 2.1220810942843182, ""amplitude"": 0.6382747362010759, ""fwhm"": 0.031799115031979956}]",2.1220810942843182,0.6382747362010759,0.031799115031979956,,,,,,,,,,,,,,,
2.0540302882266728,0.3362338597069233,1,EDS,Gold,"[{""position"": 2.1220810942843182, ""amplitude"": 0.6382747362010759, ""fwhm"": 0.031799115031979956}]",2.1220810942843182,0.6382747362010759,0.031799115031979956,,,,,,,,,,,,,,,
2.063751831949194,0.3401015156110363,1,EDS,Gold,"[{""position"": 2.1220810942843182, ""amplitude"": 0.6382747362010759, ""fwhm"": 0.031799115031979956}]",2.1220810942843182,0.6382747362010759,0.031799115031979956,,,,,,,,,,,,,,,
2.0734733756717145,0.3412636715494723,1,EDS,Gold,"[{""position"": 2.1220810942843182, ""amplitude"": 0.6382747362010759, ""fwhm"": 0.031799115031979956}]",2.1220810942843182,0.6382747362010759,0.031799115031979956,,,,,,,,,,,,,,,
2.083194919394235,0.34997382314187003,1,EDS,Gold,"[{""position"": 2.1220810942843182, ""amplitude"": 0.6382747362010759, ""fwhm"": 0.031799115031979956}]",2.1220810942843182,0.6382747362010759,0.031799115031979956,,,,,,,,,,,,,,,
2.092916463116756,0.4412006286566683,1,EDS,Gold,"[{""position"": 2.1220810942843182, ""amplitude"": 0.6382747362010759, ""fwhm"": 0.031799115031979956}]",2.1220810942843182,0.6382747362010759,0.031799115031979956,,,,,,,,,,,,,,,
2.102638006839277,0.7681647506014979,1,EDS,Gold,"[{""position"": 2.1220810942843182, ""amplitude"": 0.6382747362010759, ""fwhm"": 0.031799115031979956}]",2.1220810942843182,0.6382747362010759,0.031799115031979956,,,,,,,,,,,,,,,
2.1123595505617976,1.286904128660579,1,EDS,Gold,"[{""position"": 2.1220810942843182, ""amplitude"": 0.6382747362010759, ""fwhm"": 0.031799115031979956}]",2.1220810942843182,0.6382747362010759,0.031799115031979956,,,,,,,,,,,,,,,
2.1220810942843182,1.4551922024139052,1,EDS,Gold,"[{""position"": 2.1220810942843182, ""amplitude"": 0.6382747362010759, ""fwhm"": 0.031799115031979956}]",2.1220810942843182,0.6382747362010759,0.031799115031979956,,,,,,,,,,,,,,,
2.1318026380068393,1.0637788949891127,1,EDS,Gold,"[{""position"": 2.1220810942843182, ""amplitude"": 0.6382747362010759, ""fwhm"": 0.031799115031979956}]",2.1220810942843182,0.6382747362010759,0.031799115031979956,,,,,,,,,,,,,,,
2.14152418172936,0.5887878201190287,1,EDS,Gold,"[{""position"": 2.1220810942843182, ""amplitude"": 0.6382747362010759, ""fwhm"": 0.031799115031979956}]",2.1220810942843182,0.6382747362010759,0.031799115031979956,,,,,,,,,,,,,,,
2.1512457254518806,0.38366831180497885,1,EDS,Gold,"[{""position"": 2.1220810942843182, ""amplitude"": 0.6382747362010759, ""fwhm"": 0.031799115031979956}]",2.1220810942843182,0.6382747362010759,0.031799115031979956,,,,,,,,,,,,,,,
2.1609672691744013,0.3401443042905553,1,EDS,Gold,"[{""position"": 2.1220810942843182, ""amplitude"": 0.6382747362010759, ""fwhm"": 0.031799115031979956}]",2.1220810942843182,0.6382747362010759,0.031799115031979956,,,,,,,,,,,,,,,
2.1706888128969224,0.3459528243494708,1,EDS,Gold,"[{""position"": 2.1220810942843182, ""amplitude"": 0.6382747362010759, ""fwhm"": 0.031799115031979956}]",2.1220810942843182,0.6382747362010759,0.031799115031979956,,,,,,,,,,,,,,,
2.180410356619443,0.33991337171141073,1,EDS,Gold,"[{""position"": 2.1220810942843182, ""amplitude"": 0.6382747362010759, ""fwhm"": 0.031799115031979956}]",2.1220810942843182,0.6382747362010759,0.031799115031979956,,,,,,,,,,,,,,,
2.1901319003419637,0.34010748545688535,1,EDS,Gold,"[{""position"": 2.1220810942843182, ""amplitude"": 0.6382747362010759, ""fwhm"": 0.031799115031979956}]",2.1220810942843182,0.6382747362010759,0.031799115031979956,,,,,,,,,,,,,,,
2.1998534440644844,0.33993655087647595,1,EDS,Gold,"[{""position"": 2.1220810942843182, ""amplitude"": 0.6382747362010759, ""fwhm"": 0.031799115031979956}]",2.1220810942843182,0.6382747362010759,0.031799115031979956,,,,,,,,,,,,,,,
2.2095749877870055,0.3401494346761757,1,EDS,Gold,"[{""position"": 2.1220810942843182, ""amplitude"": 0.6382747362010759, ""fwhm"": 0.031799115031979956}]",2.1220810942843182,0.6382747362010759,0.031799115031979956,,,,,,,,,,,,,,,
2.219296531509526,0.33614784000140285,1,EDS,Gold,"[{""position"": 2.1220810942843182, ""amplitude"": 0.6382747362010759, ""fwhm"": 0.031799115031979956}]",2.1220810942843182,0.6382747362010759,0.031799115031979956,,,,,,,,,,,,,,,
2.2290180752320468,0.3391110431098803,1,EDS,Gold,"[{""position"": 2.1220810942843182, ""amplitude"": 0.6382747362010759, ""fwhm"": 0.031799115031979956}]",2.1220810942843182,0.6382747362010759,0.031799115031979956,,,,,,,,,,,,,,,
2.2387396189545674,0.3352571158582537,1,EDS,Gold,"[{""position"": 2.1220810942843182, ""amplitude"": 0.6382747362010759, ""fwhm"": 0.031799115031979956}]",2.1220810942843182,0.6382747362010759,0.031799115031979956,,,,,,,,,,,,,,,
2.2484611626770885,0.3391067220245767,1,EDS,Gold,"[{""position"": 2.1220810942843182, ""amplitude"": 0.6382747362010759, ""fwhm"": 0.031799115031979956}]",2.1220810942843182,0.6382747362010759,0.031799115031979956,,,,,,,,,,,,,,,
2.258182706399609,0.33458087803766356,1,EDS,Gold,"[{""position"": 2.1220810942843182, ""amplitude"": 0.6382747362010759, ""fwhm"": 0.031799115031979956}]",2.1220810942843182,0.6382747362010759,0.031799115031979956,,,,,,,,,,,,,,,
2.26790425012213,0.3502517601568598,1,EDS,Gold,"[{""position"": 2.1220810942843182, ""amplitude"": 0.6382747362010759, ""fwhm"": 0.031799115031979956}]",2.1220810942843182,0.6382747362010759,0.031799115031979956,,,,,,,,,,,,,,,
2.2776257938446505,0.33469816898909427,1,EDS,Gold,"[{""position"": 2.1220810942843182, ""amplitude"": 0.6382747362010759, ""fwhm"": 0.031799115031979956}]",2.1220810942843182,0.6382747362010759,0.031799115031979956,,,,,,,,,,,,,,,
2.287347337567171,0.3390872134821733,1,EDS,Gold,"[{""position"": 2.1220810942843182, ""amplitude"": 0.6382747362010759, ""fwhm"": 0.031799115031979956}]",2.1220810942843182,0.6382747362010759,0.031799115031979956,,,,,,,,,,,,,,,
2.297068881289692,0.3341857923056386,1,EDS,Gold,"[{""position"": 2.1220810942843182, ""amplitude"": 0.6382747362010759, ""fwhm"": 0.031799115031979956}]",2.1220810942843182,0.6382747362010759,0.031799115031979956,,,,,,,,,,,,,,,
2.306790425012213,0.34477073895797206,1,EDS,Gold,"[{""position"": 2.1220810942843182, ""amplitude"": 0.6382747362010759, ""fwhm"": 0.031799115031979956}]",2.1220810942843182,0.6382747362010759,0.031799115031979956,,,,,,,,,,,,,,,
2.3165119687347335,0.3340275956098461,1,EDS,Gold,"[{""position"": 2.1220810942843182, ""amplitude"": 0.6382747362010759, ""fwhm"": 0.031799115031979956}]",2.1220810942843182,0.6382747362010759,0.031799115031979956,,,,,,,,,,,,,,,
2.326233512457254,0.33439707021470383,1,EDS,Gold,"[{""position"": 2.1220810942843182, ""amplitude"": 0.6382747362010759, ""fwhm"": 0.031799115031979956}]",2.1220810942843182,0.6382747362010759,0.031799115031979956,,,,,,,,,,,,,,,
2.3359550561797753,0.33923626588728634,1,EDS,Gold,"[{""position"": 2.1220810942843182, ""amplitude"": 0.6382747362010759, ""fwhm"": 0.031799115031979956}]",2.1220810942843182,0.6382747362010759,0.031799115031979956,,,,,,,,,,,,,,,
2.345676599902296,0.34382485847292543,1,EDS,Gold,"[{""position"": 2.1220810942843182, ""amplitude"": 0.6382747362010759, ""fwhm"": 0.031799115031979956}]",2.1220810942843182,0.6382747362010759,0.031799115031979956,,,,,,,,,,,,,,,
2.3553981436248166,0.3350632517067613,1,EDS,Gold,"[{""position"": 2.1220810942843182, ""amplitude"": 0.6382747362010759, ""fwhm"": 0.031799115031979956}]",2.1220810942843182,0.6382747362010759,0.031799115031979956,,,,,,,,,,,,,,,
2.3651196873473372,0.3342640474712952,1,EDS,Gold,"[{""position"": 2.1220810942843182, ""amplitude"": 0.6382747362010759, ""fwhm"": 0.031799115031979956}]",2.1220810942843182,0.6382747362010759,0.031799115031979956,,,,,,,,,,,,,,,
2.3748412310698583,0.34791983066083443,1,EDS,Gold,"[{""position"": 2.1220810942843182, ""amplitude"": 0.6382747362010759, ""fwhm"": 0.031799115031979956}]",2.1220810942843182,0.6382747362010759,0.031799115031979956,,,,,,,,,,,,,,,
2.384562774792379,0.33387703133013086,1,EDS,Gold,"[{""position"": 2.1220810942843182, ""amplitude"": 0.6382747362010759, ""fwhm"": 0.031799115031979956}]",2.1220810942843182,0.6382747362010759,0.031799115031979956,,,,,,,,,,,,,,,
2.3942843185148996,0.34838573505544485,1,EDS,Gold,"[{""position"": 2.1220810942843182, ""amplitude"": 0.6382747362010759, ""fwhm"": 0.031799115031979956}]",2.1220810942843182,0.6382747362010759,0.031799115031979956,,,,,,,,,,,,,,,
2.4040058622374203,0.3440098924494508,1,EDS,Gold,"[{""position"": 2.1220810942843182, ""amplitude"": 0.6382747362010759, ""fwhm"": 0.031799115031979956}]",2.1220810942843182,0.6382747362010759,0.031799115031979956,,,,,,,,,,,,,,,
2.4137274059599414,0.3381386182011057,1,EDS,Gold,"[{""position"": 2.1220810942843182, ""amplitude"": 0.6382747362010759, ""fwhm"": 0.031799115031979956}]",2.1220810942843182,0.6382747362010759,0.031799115031979956,,,,,,,,,,,,,,,
2.423448949682462,0.3383640508690611,1,EDS,Gold,"[{""position"": 2.1220810942843182, ""amplitude"": 0.6382747362010759, ""fwhm"": 0.031799115031979956}]",2.1220810942843182,0.6382747362010759,0.031799115031979956,,,,,,,,,,,,,,,
2.4331704934049827,0.3435604478727302,1,EDS,Gold,"[{""position"": 2.1220810942843182, ""amplitude"": 0.6382747362010759, ""fwhm"": 0.031799115031979956}]",2.1220810942843182,0.6382747362010759,0.031799115031979956,,,,,,,,,,,,,,,
2.4428920371275034,0.3386328332794833,1,EDS,Gold,"[{""position"": 2.1220810942843182, ""amplitude"": 0.6382747362010759, ""fwhm"": 0.031799115031979956}]",2.1220810942843182,0.6382747362010759,0.031799115031979956,,,,,,,,,,,,,,,
2.4526135808500245,0.342556150393905,1,EDS,Gold,"[{""position"": 2.1220810942843182, ""amplitude"": 0.6382747362010759, ""fwhm"": 0.031799115031979956}]",2.1220810942843182,0.6382747362010759,0.031799115031979956,,,,,,,,,,,,,,,
2.462335124572545,0.33286425998947183,1,EDS,Gold,"[{""position"": 2.1220810942843182, ""amplitude"": 0.6382747362010759, ""fwhm"": 0.031799115031979956}]",2.1220810942843182,0.6382747362010759,0.031799115031979956,,,,,,,,,,,,,,,
2.4720566682950658,0.3376950557563299,1,EDS,Gold,"[{""position"": 2.1220810942843182, ""amplitude"": 0.6382747362010759, ""fwhm"": 0.031799115031979956}]",2.1220810942843182,0.6382747362010759,0.031799115031979956,,,,,,,,,,,,,,,
2.4817782120175864,0.3425064141947016,1,EDS,Gold,"[{""position"": 2.1220810942843182, ""amplitude"": 0.6382747362010759, ""fwhm"": 0.031799115031979956}]",2.1220810942843182,0.6382747362010759,0.031799115031979956,,,,,,,,,,,,,,,
2.4914997557401075,0.3335443612235335,1,EDS,Gold,"[{""position"": 2.1220810942843182, ""amplitude"": 0.6382747362010759, ""fwhm"": 0.031799115031979956}]",2.1220810942843182,0.6382747362010759,0.031799115031979956,,,,,,,,,,,,,,,
2.501221299462628,0.33779382268108815,1,EDS,Gold,"[{""position"": 2.1220810942843182, ""amplitude"": 0.6382747362010759, ""fwhm"": 0.031799115031979956}]",2.1220810942843182,0.6382747362010759,0.031799115031979956,,,,,,,,,,,,,,,
2.510942843185149,0.3318974294232553,1,EDS,Gold,"[{""position"": 2.1220810942843182, ""amplitude"": 0.6382747362010759, ""fwhm"": 0.031799115031979956}]",2.1220810942843182,0.6382747362010759,0.031799115031979956,,,,,,,,,,,,,,,
2.5206643869076695,0.33781752557995787,1,EDS,Gold,"[{""position"": 2.1220810942843182, ""amplitude"": 0.6382747362010759, ""fwhm"": 0.031799115031979956}]",2.1220810942843182,0.6382747362010759,0.031799115031979956,,,,,,,,,,,,,,,
2.5303859306301906,0.3382754336952256,1,EDS,Gold,"[{""position"": 2.1220810942843182, ""amplitude"": 0.6382747362010759, ""fwhm"": 0.031799115031979956}]",2.1220810942843182,0.6382747362010759,0.031799115031979956,,,,,,,,,,,,,,,
2.5401074743527112,0.33764722778505396,1,EDS,Gold,"[{""position"": 2.1220810942843182, ""amplitude"": 0.6382747362010759, ""fwhm"": 0.031799115031979956}]",2.1220810942843182,0.6382747362010759,0.031799115031979956,,,,,,,,,,,,,,,
2.549829018075232,0.33132625848926284,1,EDS,Gold,"[{""position"": 2.1220810942843182, ""amplitude"": 0.6382747362010759, ""fwhm"": 0.031799115031979956}]",2.1220810942843182,0.6382747362010759,0.031799115031979956,,,,,,,,,,,,,,,
2.5595505617977525,0.3417000133780384,1,EDS,Gold,"[{""position"": 2.1220810942843182, ""amplitude"": 0.6382747362010759, ""fwhm"": 0.031799115031979956}]",2.1220810942843182,0.6382747362010759,0.031799115031979956,,,,,,,,,,,,,,,
2.5692721055202736,0.3324109734318089,1,EDS,Gold,"[{""position"": 2.1220810942843182, ""amplitude"": 0.6382747362010759, ""fwhm"": 0.031799115031979956}]",2.1220810942843182,0.6382747362010759,0.031799115031979956,,,,,,,,,,,,,,,
2.5789936492427943,0.3313588796661809,1,EDS,Gold,"[{""position"": 2.1220810942843182, ""amplitude"": 0.6382747362010759, ""fwhm"": 0.031799115031979956}]",2.1220810942843182,0.6382747362010759,0.031799115031979956,,,,,,,,,,,,,,,
2.588715192965315,0.33178361579972254,1,EDS,Gold,"[{""position"": 2.1220810942843182, ""amplitude"": 0.6382747362010759, ""fwhm"": 0.031799115031979956}]",2.1220810942843182,0.6382747362010759,0.031799115031979956,,,,,,,,,,,,,,,
2.5984367366878356,0.33181897901780855,1,EDS,Gold,"[{""position"": 2.1220810942843182, ""amplitude"": 0.6382747362010759, ""fwhm"": 0.031799115031979956}]",2.1220810942843182,0.6382747362010759,0.031799115031979956,,,,,,,,,,,,,,,
2.6081582804103562,0.3308920287349098,1,EDS,Gold,"[{""position"": 2.1220810942843182, ""amplitude"": 0.6382747362010759, ""fwhm"": 0.031799115031979956}]",2.1220810942843182,0.6382747362010759,0.031799115031979956,,,,,,,,,,,,,,,
2.6178798241328773,0.3361785250648184,1,EDS,Gold,"[{""position"": 2.1220810942843182, ""amplitude"": 0.6382747362010759, ""fwhm"": 0.031799115031979956}]",2.1220810942843182,0.6382747362010759,0.031799115031979956,,,,,,,,,,,,,,,
2.627601367855398,0.33954910665699506,1,EDS,Gold,"[{""position"": 2.1220810942843182, ""amplitude"": 0.6382747362010759, ""fwhm"": 0.031799115031979956}]",2.1220810942843182,0.6382747362010759,0.031799115031979956,,,,,,,,,,,,,,,
2.6373229115779186,0.35547116167394593,1,EDS,Gold,"[{""position"": 2.1220810942843182, ""amplitude"": 0.6382747362010759, ""fwhm"": 0.031799115031979956}]",2.1220810942843182,0.6382747362010759,0.031799115031979956,,,,,,,,,,,,,,,
2.6470444553004393,0.3307086699962359,1,EDS,Gold,"[{""position"": 2.1220810942843182, ""amplitude"": 0.6382747362010759, ""fwhm"": 0.031799115031979956}]",2.1220810942843182,0.6382747362010759,0.031799115031979956,,,,,,,,,,,,,,,
2.6567659990229604,0.3401093990262327,1,EDS,Gold,"[{""position"": 2.1220810942843182, ""amplitude"": 0.6382747362010759, ""fwhm"": 0.031799115031979956}]",2.1220810942843182,0.6382747362010759,0.031799115031979956,,,,,,,,,,,,,,,
2.666487542745481,0.3363413896263733,1,EDS,Gold,"[{""position"": 2.1220810942843182, ""amplitude"": 0.6382747362010759, ""fwhm"": 0.031799115031979956}]",2.1220810942843182,0.6382747362010759,0.031799115031979956,,,,,,,,,,,,,,,
2.6762090864680017,0.33476214156390166,1,EDS,Gold,"[{""position"": 2.1220810942843182, ""amplitude"": 0.6382747362010759, ""fwhm"": 0.031799115031979956}]",2.1220810942843182,0.6382747362010759,0.031799115031979956,,,,,,,,,,,,,,,
2.6859306301905224,0.3350979879017893,1,EDS,Gold,"[{""position"": 2.1220810942843182, ""amplitude"": 0.6382747362010759, ""fwhm"": 0.031799115031979956}]",2.1220810942843182,0.6382747362010759,0.031799115031979956,,,,,,,,,,,,,,,
2.6956521739130435,0.3302343751021603,1,EDS,Gold,"[{""position"": 2.1220810942843182, ""amplitude"": 0.6382747362010759, ""fwhm"": 0.031799115031979956}]",2.1220810942843182,0.6382747362010759,0.031799115031979956,,,,,,,,,,,,,,,
2.705373717635564,0.3357193761911331,1,EDS,Gold,"[{""position"": 2.1220810942843182, ""amplitude"": 0.6382747362010759, ""fwhm"": 0.031799115031979956}]",2.1220810942843182,0.6382747362010759,0.031799115031979956,,,,,,,,,,,,,,,
2.7150952613580848,0.33922307582901445,1,EDS,Gold,"[{""position"": 2.1220810942843182, ""amplitude"": 0.6382747362010759, ""fwhm"": 0.031799115031979956}]",2.1220810942843182,0.6382747362010759,0.031799115031979956,,,,,,,,,,,,,,,
2.7248168050806054,0.3353150249742072,1,EDS,Gold,"[{""position"": 2.1220810942843182, ""amplitude"": 0.6382747362010759, ""fwhm"": 0.031799115031979956}]",2.1220810942843182,0.6382747362010759,0.031799115031979956,,,,,,,,,,,,,,,
2.7345383488031265,0.3346317221261883,1,EDS,Gold,"[{""position"": 2.1220810942843182, ""amplitude"": 0.6382747362010759, ""fwhm"": 0.031799115031979956}]",2.1220810942843182,0.6382747362010759,0.031799115031979956,,,,,,,,,,,,,,,
2.744259892525647,0.33402350858710905,1,EDS,Gold,"[{""position"": 2.1220810942843182, ""amplitude"": 0.6382747362010759, ""fwhm"": 0.031799115031979956}]",2.1220810942843182,0.6382747362010759,0.031799115031979956,,,,,,,,,,,,,,,
2.753981436248168,0.33456573392004396,1,EDS,Gold,"[{""position"": 2.1220810942843182, ""amplitude"": 0.6382747362010759, ""fwhm"": 0.031799115031979956}]",2.1220810942843182,0.6382747362010759,0.031799115031979956,,,,,,,,,,,,,,,
2.7637029799706885,0.334299861095975,1,EDS,Gold,"[{""position"": 2.1220810942843182, ""amplitude"": 0.6382747362010759, ""fwhm"": 0.031799115031979956}]",2.1220810942843182,0.6382747362010759,0.031799115031979956,,,,,,,,,,,,,,,
2.7734245236932096,0.3337793354037766,1,EDS,Gold,"[{""position"": 2.1220810942843182, ""amplitude"": 0.6382747362010759, ""fwhm"": 0.031799115031979956}]",2.1220810942843182,0.6382747362010759,0.031799115031979956,,,,,,,,,,,,,,,
2.7831460674157302,0.3289524812745135,1,EDS,Gold,"[{""position"": 2.1220810942843182, ""amplitude"": 0.6382747362010759, ""fwhm"": 0.031799115031979956}]",2.1220810942843182,0.6382747362010759,0.031799115031979956,,,,,,,,,,,,,,,
2.792867611138251,0.33359253384867843,1,EDS,Gold,"[{""position"": 2.1220810942843182, ""amplitude"": 0.6382747362010759, ""fwhm"": 0.031799115031979956}]",2.1220810942843182,0.6382747362010759,0.031799115031979956,,,,,,,,,,,,,,,
2.8025891548607715,0.3386825967751408,1,EDS,Gold,"[{""position"": 2.1220810942843182, ""amplitude"": 0.6382747362010759, ""fwhm"": 0.031799115031979956}]",2.1220810942843182,0.6382747362010759,0.031799115031979956,,,,,,,,,,,,,,,
2.8123106985832926,0.33379514672897315,1,EDS,Gold,"[{""position"": 2.1220810942843182, ""amplitude"": 0.6382747362010759, ""fwhm"": 0.031799115031979956}]",2.1220810942843182,0.6382747362010759,0.031799115031979956,,,,,,,,,,,,,,,
2.8220322423058133,0.334084102134664,1,EDS,Gold,"[{""position"": 2.1220810942843182, ""amplitude"": 0.6382747362010759, ""fwhm"": 0.031799115031979956}]",2.1220810942843182,0.6382747362010759,0.031799115031979956,,,,,,,,,,,,,,,
2.831753786028334,0.3275999179051772,1,EDS,Gold,"[{""position"": 2.1220810942843182, ""amplitude"": 0.6382747362010759, ""fwhm"": 0.031799115031979956}]",2.1220810942843182,0.6382747362010759,0.031799115031979956,,,,,,,,,,,,,,,
2.8414753297508546,0.32904386517308953,1,EDS,Gold,"[{""position"": 2.1220810942843182, ""amplitude"": 0.6382747362010759, ""fwhm"": 0.031799115031979956}]",2.1220810942843182,0.6382747362010759,0.031799115031979956,,,,,,,,,,,,,,,
2.8511968734733757,0.3269612471248172,1,EDS,Gold,"[{""position"": 2.1220810942843182, ""amplitude"": 0.6382747362010759, ""fwhm"": 0.031799115031979956}]",2.1220810942843182,0.6382747362010759,0.031799115031979956,,,,,,,,,,,,,,,
2.8609184171958963,0.32766054818683915,1,EDS,Gold,"[{""position"": 2.1220810942843182, ""amplitude"": 0.6382747362010759, ""fwhm"": 0.031799115031979956}]",2.1220810942843182,0.6382747362010759,0.031799115031979956,,,,,,,,,,,,,,,
2.870639960918417,0.3428575415117008,1,EDS,Gold,"[{""position"": 2.1220810942843182, ""amplitude"": 0.6382747362010759, ""fwhm"": 0.031799115031979956}]",2.1220810942843182,0.6382747362010759,0.031799115031979956,,,,,,,,,,,,,,,
2.8803615046409377,0.3275582763215257,1,EDS,Gold,"[{""position"": 2.1220810942843182, ""amplitude"": 0.6382747362010759, ""fwhm"": 0.031799115031979956}]",2.1220810942843182,0.6382747362010759,0.031799115031979956,,,,,,,,,,,,,,,
2.8900830483634588,0.32697604647752215,1,EDS,Gold,"[{""position"": 2.1220810942843182, ""amplitude"": 0.6382747362010759, ""fwhm"": 0.031799115031979956}]",2.1220810942843182,0.6382747362010759,0.031799115031979956,,,,,,,,,,,,,,,
2.8998045920859794,0.3270161958829409,1,EDS,Gold,"[{""position"": 2.1220810942843182, ""amplitude"": 0.6382747362010759, ""fwhm"": 0.031799115031979956}]",2.1220810942843182,0.6382747362010759,0.031799115031979956,,,,,,,,,,,,,,,
2.9095261358085,0.3267246532726959,1,EDS,Gold,"[{""position"": 2.1220810942843182, ""amplitude"": 0.6382747362010759, ""fwhm"": 0.031799115031979956}]",2.1220810942843182,0.6382747362010759,0.031799115031979956,,,,,,,,,,,,,,,
2.9192476795310207,0.3315213045781475,1,EDS,Gold,"[{""position"": 2.1220810942843182, ""amplitude"": 0.6382747362010759, ""fwhm"": 0.031799115031979956}]",2.1220810942843182,0.6382747362010759,0.031799115031979956,,,,,,,,,,,,,,,
2.9289692232535414,0.3270430003558474,1,EDS,Gold,"[{""position"": 2.1220810942843182, ""amplitude"": 0.6382747362010759, ""fwhm"": 0.031799115031979956}]",2.1220810942843182,0.6382747362010759,0.031799115031979956,,,,,,,,,,,,,,,
2.9386907669760625,0.3266504343126947,1,EDS,Gold,"[{""position"": 2.1220810942843182, ""amplitude"": 0.6382747362010759, ""fwhm"": 0.031799115031979956}]",2.1220810942843182,0.6382747362010759,0.031799115031979956,,,,,,,,,,,,,,,
2.948412310698583,0.33599341248519815,1,EDS,Gold,"[{""position"": 2.1220810942843182, ""amplitude"": 0.6382747362010759, ""fwhm"": 0.031799115031979956}]",2.1220810942843182,0.6382747362010759,0.031799115031979956,,,,,,,,,,,,,,,
2.9581338544211038,0.336584955431277,1,EDS,Gold,"[{""position"": 2.1220810942843182, ""amplitude"": 0.6382747362010759, ""fwhm"": 0.031799115031979956}]",2.1220810942843182,0.6382747362010759,0.031799115031979956,,,,,,,,,,,,,,,
2.9678553981436244,0.32614251056687554,1,EDS,Gold,"[{""position"": 2.1220810942843182, ""amplitude"": 0.6382747362010759, ""fwhm"": 0.031799115031979956}]",2.1220810942843182,0.6382747362010759,0.031799115031979956,,,,,,,,,,,,,,,
2.9775769418661455,0.34121829737127063,1,EDS,Gold,"[{""position"": 2.1220810942843182, ""amplitude"": 0.6382747362010759, ""fwhm"": 0.031799115031979956}]",2.1220810942843182,0.6382747362010759,0.031799115031979956,,,,,,,,,,,,,,,
2.987298485588666,0.330967503124324,1,EDS,Gold,"[{""position"": 2.1220810942843182, ""amplitude"": 0.6382747362010759, ""fwhm"": 0.031799115031979956}]",2.1220810942843182,0.6382747362010759,0.031799115031979956,,,,,,,,,,,,,,,
2.997020029311187,0.3301127650089217,1,EDS,Gold,"[{""position"": 2.1220810942843182, ""amplitude"": 0.6382747362010759, ""fwhm"": 0.031799115031979956}]",2.1220810942843182,0.6382747362010759,0.031799115031979956,,,,,,,,,,,,,,,
3.0067415730337075,0.3450739778666426,1,EDS,Gold,"[{""position"": 2.1220810942843182, ""amplitude"": 0.6382747362010759, ""fwhm"": 0.031799115031979956}]",2.1220810942843182,0.6382747362010759,0.031799115031979956,,,,,,,,,,,,,,,
3.0164631167562286,0.3305254617427102,1,EDS,Gold,"[{""position"": 2.1220810942843182, ""amplitude"": 0.6382747362010759, ""fwhm"": 0.031799115031979956}]",2.1220810942843182,0.6382747362010759,0.031799115031979956,,,,,,,,,,,,,,,
3.0261846604787492,0.3252931110530723,1,EDS,Gold,"[{""position"": 2.1220810942843182, ""amplitude"": 0.6382747362010759, ""fwhm"": 0.031799115031979956}]",2.1220810942843182,0.6382747362010759,0.031799115031979956,,,,,,,,,,,,,,,
3.03590620420127,0.3298261643819336,1,EDS,Gold,"[{""position"": 2.1220810942843182, ""amplitude"": 0.6382747362010759, ""fwhm"": 0.031799115031979956}]",2.1220810942843182,0.6382747362010759,0.031799115031979956,,,,,,,,,,,,,,,
3.0456277479237905,0.3297222404159521,1,EDS,Gold,"[{""position"": 2.1220810942843182, ""amplitude"": 0.6382747362010759, ""fwhm"": 0.031799115031979956}]",2.1220810942843182,0.6382747362010759,0.031799115031979956,,,,,,,,,,,,,,,
3.0553492916463116,0.3251007924022407,1,EDS,Gold,"[{""position"": 2.1220810942843182, ""amplitude"": 0.6382747362010759, ""fwhm"": 0.031799115031979956}]",2.1220810942843182,0.6382747362010759,0.031799115031979956,,,,,,,,,,,,,,,
3.0650708353688323,0.32404599110401,1,EDS,Gold,"[{""position"": 2.1220810942843182, ""amplitude"": 0.6382747362010759, ""fwhm"": 0.031799115031979956}]",2.1220810942843182,0.6382747362010759,0.031799115031979956,,,,,,,,,,,,,,,
3.074792379091353,0.32441266437324695,1,EDS,Gold,"[{""position"": 2.1220810942843182, ""amplitude"": 0.6382747362010759, ""fwhm"": 0.031799115031979956}]",2.1220810942843182,0.6382747362010759,0.031799115031979956,,,,,,,,,,,,,,,
3.0845139228138736,0.333885811787728,1,EDS,Gold,"[{""position"": 2.1220810942843182, ""amplitude"": 0.6382747362010759, ""fwhm"": 0.031799115031979956}]",2.1220810942843182,0.6382747362010759,0.031799115031979956,,,,,,,,,,,,,,,
3.0942354665363947,0.3237051394126668,1,EDS,Gold,"[{""position"": 2.1220810942843182, ""amplitude"": 0.6382747362010759, ""fwhm"": 0.031799115031979956}]",2.1220810942843182,0.6382747362010759,0.031799115031979956,,,,,,,,,,,,,,,
3.1039570102589153,0.3241534873377254,1,EDS,Gold,"[{""position"": 2.1220810942843182, ""amplitude"": 0.6382747362010759, ""fwhm"": 0.031799115031979956}]",2.1220810942843182,0.6382747362010759,0.031799115031979956,,,,,,,,,,,,,,,
3.113678553981436,0.32384930692745534,1,EDS,Gold,"[{""position"": 2.1220810942843182, ""amplitude"": 0.6382747362010759, ""fwhm"": 0.031799115031979956}]",2.1220810942843182,0.6382747362010759,0.031799115031979956,,,,,,,,,,,,,,,
3.1234000977039567,0.3236679789797353,1,EDS,Gold,"[{""position"": 2.1220810942843182, ""amplitude"": 0.6382747362010759, ""fwhm"": 0.031799115031979956}]",2.1220810942843182,0.6382747362010759,0.031799115031979956,,,,,,,,,,,,,,,
3.1331216414264778,0.3287241397971454,1,EDS,Gold,"[{""position"": 2.1220810942843182, ""amplitude"": 0.6382747362010759, ""fwhm"": 0.031799115031979956}]",2.1220810942843182,0.6382747362010759,0.031799115031979956,,,,,,,,,,,,,,,
3.1428431851489984,0.32293954766522615,1,EDS,Gold,"[{""position"": 2.1220810942843182, ""amplitude"": 0.6382747362010759, ""fwhm"": 0.031799115031979956}]",2.1220810942843182,0.6382747362010759,0.031799115031979956,,,,,,,,,,,,,,,
3.152564728871519,0.32307409390620334,1,EDS,Gold,"[{""position"": 2.1220810942843182, ""amplitude"": 0.6382747362010759, ""fwhm"": 0.031799115031979956}]",2.1220810942843182,0.6382747362010759,0.031799115031979956,,,,,,,,,,,,,,,
3.1622862725940397,0.32242619164387126,1,EDS,Gold,"[{""position"": 2.1220810942843182, ""amplitude"": 0.6382747362010759, ""fwhm"": 0.031799115031979956}]",2.1220810942843182,0.6382747362010759,0.031799115031979956,,,,,,,,,,,,,,,
3.172007816316561,0.3275467104580559,1,EDS,Gold,"[{""position"": 2.1220810942843182, ""amplitude"": 0.6382747362010759, ""fwhm"": 0.031799115031979956}]",2.1220810942843182,0.6382747362010759,0.031799115031979956,,,,,,,,,,,,,,,
3.1817293600390815,0.3221516830693894,1,EDS,Gold,"[{""position"": 2.1220810942843182, ""amplitude"": 0.6382747362010759, ""fwhm"": 0.031799115031979956}]",2.1220810942843182,0.6382747362010759,0.031799115031979956,,,,,,,,,,,,,,,
3.191450903761602,0.322078150407934,1,EDS,Gold,"[{""position"": 2.1220810942843182, ""amplitude"": 0.6382747362010759, ""fwhm"": 0.031799115031979956}]",2.1220810942843182,0.6382747362010759,0.031799115031979956,,,,,,,,,,,,,,,
3.2011724474841228,0.32713204900777865,1,EDS,Gold,"[{""position"": 2.1220810942843182, ""amplitude"": 0.6382747362010759, ""fwhm"": 0.031799115031979956}]",2.1220810942843182,0.6382747362010759,0.031799115031979956,,,,,,,,,,,,,,,
3.210893991206644,0.32128136203950663,1,EDS,Gold,"[{""position"": 2.1220810942843182, ""amplitude"": 0.6382747362010759, ""fwhm"": 0.031799115031979956}]",2.1220810942843182,0.6382747362010759,0.031799115031979956,,,,,,,,,,,,,,,
3.2206155349291645,0.332474561967598,1,EDS,Gold,"[{""position"": 2.1220810942843182, ""amplitude"": 0.6382747362010759, ""fwhm"": 0.031799115031979956}]",2.1220810942843182,0.6382747362010759,0.031799115031979956,,,,,,,,,,,,,,,
3.230337078651685,0.3258256996324671,1,EDS,Gold,"[{""position"": 2.1220810942843182, ""amplitude"": 0.6382747362010759, ""fwhm"": 0.031799115031979956}]",2.1220810942843182,0.6382747362010759,0.031799115031979956,,,,,,,,,,,,,,,
3.240058622374206,0.3305427874090176,1,EDS,Gold,"[{""position"": 2.1220810942843182, ""amplitude"": 0.6382747362010759, ""fwhm"": 0.031799115031979956}]",2.1220810942843182,0.6382747362010759,0.031799115031979956,,,,,,,,,,,,,,,
3.2497801660967265,0.3214793602695832,1,EDS,Gold,"[{""position"": 2.1220810942843182, ""amplitude"": 0.6382747362010759, ""fwhm"": 0.031799115031979956}]",2.1220810942843182,0.6382747362010759,0.031799115031979956,,,,,,,,,,,,,,,
3.2595017098192476,0.326120233337391,1,EDS,Gold,"[{""position"": 2.1220810942843182, ""amplitude"": 0.6382747362010759, ""fwhm"": 0.031799115031979956}]",2.1220810942843182,0.6382747362010759,0.031799115031979956,,,,,,,,,,,,,,,
3.2692232535417682,0.3308544810869629,1,EDS,Gold,"[{""position"": 2.1220810942843182, ""amplitude"": 0.6382747362010759, ""fwhm"": 0.031799115031979956}]",2.1220810942843182,0.6382747362010759,0.031799115031979956,,,,,,,,,,,,,,,
3.278944797264289,0.320669277906057,1,EDS,Gold,"[{""position"": 2.1220810942843182, ""amplitude"": 0.6382747362010759, ""fwhm"": 0.031799115031979956}]",2.1220810942843182,0.6382747362010759,0.031799115031979956,,,,,,,,,,,,,,,
3.2886663409868095,0.32517850698480694,1,EDS,Gold,"[{""position"": 2.1220810942843182, ""amplitude"": 0.6382747362010759, ""fwhm"": 0.031799115031979956}]",2.1220810942843182,0.6382747362010759,0.031799115031979956,,,,,,,,,,,,,,,
3.2983878847093306,0.3195715044683569,1,EDS,Gold,"[{""position"": 2.1220810942843182, ""amplitude"": 0.6382747362010759, ""fwhm"": 0.031799115031979956}]",2.1220810942843182,0.6382747362010759,0.031799115031979956,,,,,,,,,,,,,,,
3.3081094284318513,0.3198424341282412,1,EDS,Gold,"[{""position"": 2.1220810942843182, ""amplitude"": 0.6382747362010759, ""fwhm"": 0.031799115031979956}]",2.1220810942843182,0.6382747362010759,0.031799115031979956,,,,,,,,,,,,,,,
3.317830972154372,0.32429656487476943,1,EDS,Gold,"[{""position"": 2.1220810942843182, ""amplitude"": 0.6382747362010759, ""fwhm"": 0.031799115031979956}]",2.1220810942843182,0.6382747362010759,0.031799115031979956,,,,,,,,,,,,,,,
3.3275525158768926,0.32488737367114273,1,EDS,Gold,"[{""position"": 2.1220810942843182, ""amplitude"": 0.6382747362010759, ""fwhm"": 0.031799115031979956}]",2.1220810942843182,0.6382747362010759,0.031799115031979956,,,,,,,,,,,,,,,
3.3372740595994137,0.3191656433913066,1,EDS,Gold,"[{""position"": 2.1220810942843182, ""amplitude"": 0.6382747362010759, ""fwhm"": 0.031799115031979956}]",2.1220810942843182,0.6382747362010759,0.031799115031979956,,,,,,,,,,,,,,,
3.3469956033219344,0.3236531026350419,1,EDS,Gold,"[{""position"": 2.1220810942843182, ""amplitude"": 0.6382747362010759, ""fwhm"": 0.031799115031979956}]",2.1220810942843182,0.6382747362010759,0.031799115031979956,,,,,,,,,,,,,,,
3.356717147044455,0.31869910482993047,1,EDS,Gold,"[{""position"": 2.1220810942843182, ""amplitude"": 0.6382747362010759, ""fwhm"": 0.031799115031979956}]",2.1220810942843182,0.6382747362010759,0.031799115031979956,,,,,,,,,,,,,,,
3.3664386907669757,0.3238533392147932,1,EDS,Gold,"[{""position"": 2.1220810942843182, ""amplitude"": 0.6382747362010759, ""fwhm"": 0.031799115031979956}]",2.1220810942843182,0.6382747362010759,0.031799115031979956,,,,,,,,,,,,,,,
3.3761602344894968,0.3231979250703515,1,EDS,Gold,"[{""position"": 2.1220810942843182, ""amplitude"": 0.6382747362010759, ""fwhm"": 0.031799115031979956}]",2.1220810942843182,0.6382747362010759,0.031799115031979956,,,,,,,,,,,,,,,
3.3858817782120174,0.3278814828209309,1,EDS,Gold,"[{""position"": 2.1220810942843182, ""amplitude"": 0.6382747362010759, ""fwhm"": 0.031799115031979956}]",2.1220810942843182,0.6382747362010759,0.031799115031979956,,,,,,,,,,,,,,,
3.395603321934538,0.3181906796976336,1,EDS,Gold,"[{""position"": 2.1220810942843182, ""amplitude"": 0.6382747362010759, ""fwhm"": 0.031799115031979956}]",2.1220810942843182,0.6382747362010759,0.031799115031979956,,,,,,,,,,,,,,,
3.4053248656570587,0.3279958678983607,1,EDS,Gold,"[{""position"": 2.1220810942843182, ""amplitude"": 0.6382747362010759, ""fwhm"": 0.031799115031979956}]",2.1220810942843182,0.6382747362010759,0.031799115031979956,,,,,,,,,,,,,,,
3.41504640937958,0.327444316482372,1,EDS,Gold,"[{""position"": 2.1220810942843182, ""amplitude"": 0.6382747362010759, ""fwhm"": 0.031799115031979956}]",2.1220810942843182,0.6382747362010759,0.031799115031979956,,,,,,,,,,,,,,,
3.4247679531021005,0.3172646937390448,1,EDS,Gold,"[{""position"": 2.1220810942843182, ""amplitude"": 0.6382747362010759, ""fwhm"": 0.031799115031979956}]",2.1220810942843182,0.6382747362010759,0.031799115031979956,,,,,,,,,,,,,,,
3.434489496824621,0.3223999642535378,1,EDS,Gold,"[{""position"": 2.1220810942843182, ""amplitude"": 0.6382747362010759, ""fwhm"": 0.031799115031979956}]",2.1220810942843182,0.6382747362010759,0.031799115031979956,,,,,,,,,,,,,,,
3.4442110405471418,0.31640774939455246,1,EDS,Gold,"[{""position"": 2.1220810942843182, ""amplitude"": 0.6382747362010759, ""fwhm"": 0.031799115031979956}]",2.1220810942843182,0.6382747362010759,0.031799115031979956,,,,,,,,,,,,,,,
3.453932584269663,0.3262286186978593,1,EDS,Gold,"[{""position"": 2.1220810942843182, ""amplitude"": 0.6382747362010759, ""fwhm"": 0.031799115031979956}]",2.1220810942843182,0.6382747362010759,0.031799115031979956,,,,,,,,,,,,,,,
3.4636541279921835,0.3163555138602411,1,EDS,Gold,"[{""position"": 2.1220810942843182, ""amplitude"": 0.6382747362010759, ""fwhm"": 0.031799115031979956}]",2.1220810942843182,0.6382747362010759,0.031799115031979956,,,,,,,,,,,,,,,
3.473375671714704,0.32139482944007947,1,EDS,Gold,"[{""position"": 2.1220810942843182, ""amplitude"": 0.6382747362010759, ""fwhm"": 0.031799115031979956}]",2.1220810942843182,0.6382747362010759,0.031799115031979956,,,,,,,,,,,,,,,
3.483097215437225,0.3214427384564306,1,EDS,Gold,"[{""position"": 2.1220810942843182, ""amplitude"": 0.6382747362010759, ""fwhm"": 0.031799115031979956}]",2.1220810942843182,0.6382747362010759,0.031799115031979956,,,,,,,,,,,,,,,
3.492818759159746,0.3167927606253152,1,EDS,Gold,"[{""position"": 2.1220810942843182, ""amplitude"": 0.6382747362010759, ""fwhm"": 0.031799115031979956}]",2.1220810942843182,0.6382747362010759,0.031799115031979956,,,,,,,,,,,,,,,
3.5025403028822666,0.32129954547577794,1,EDS,Gold,"[{""position"": 2.1220810942843182, ""amplitude"": 0.6382747362010759, ""fwhm"": 0.031799115031979956}]",2.1220810942843182,0.6382747362010759,0.031799115031979956,,,,,,,,,,,,,,,
3.5122618466047872,0.3256166911972543,1,EDS,Gold,"[{""position"": 2.1220810942843182, ""amplitude"": 0.6382747362010759, ""fwhm"": 0.031799115031979956}]",2.1220810942843182,0.6382747362010759,0.031799115031979956,,,,,,,,,,,,,,,
3.521983390327308,0.32048110181672335,1,EDS,Gold,"[{""position"": 2.1220810942843182, ""amplitude"": 0.6382747362010759, ""fwhm"": 0.031799115031979956}]",2.1220810942843182,0.6382747362010759,0.031799115031979956,,,,,,,,,,,,,,,
3.5317049340498285,0.3198132867556541,1,EDS,Gold,"[{""position"": 2.1220810942843182, ""amplitude"": 0.6382747362010759, ""fwhm"": 0.031799115031979956}]",2.1220810942843182,0.6382747362010759,0.031799115031979956,,,,,,,,,,,,,,,
3.5414264777723496,0.32507528526547447,1,EDS,Gold,"[{""position"": 2.1220810942843182, ""amplitude"": 0.6382747362010759, ""fwhm"": 0.031799115031979956}]",2.1220810942843182,0.6382747362010759,0.031799115031979956,,,,,,,,,,,,,,,
3.5511480214948703,0.31474372600334904,1,EDS,Gold,"[{""position"": 2.1220810942843182, ""amplitude"": 0.6382747362010759, ""fwhm"": 0.031799115031979956}]",2.1220810942843182,0.6382747362010759,0.031799115031979956,,,,,,,,,,,,,,,
3.560869565217391,0.31482847118250346,1,EDS,Gold,"[{""position"": 2.1220810942843182, ""amplitude"": 0.6382747362010759, ""fwhm"": 0.031799115031979956}]",2.1220810942843182,0.6382747362010759,0.031799115031979956,,,,,,,,,,,,,,,
3.5705911089399116,0.3140798545188249,1,EDS,Gold,"[{""position"": 2.1220810942843182, ""amplitude"": 0.6382747362010759, ""fwhm"": 0.031799115031979956}]",2.1220810942843182,0.6382747362010759,0.031799115031979956,,,,,,,,,,,,,,,
3.5803126526624327,0.31951120529169386,1,EDS,Gold,"[{""position"": 2.1220810942843182, ""amplitude"": 0.6382747362010759, ""fwhm"": 0.031799115031979956}]",2.1220810942843182,0.6382747362010759,0.031799115031979956,,,,,,,,,,,,,,,
3.5900341963849534,0.31978449919097096,1,EDS,Gold,"[{""position"": 2.1220810942843182, ""amplitude"": 0.6382747362010759, ""fwhm"": 0.031799115031979956}]",2.1220810942843182,0.6382747362010759,0.031799115031979956,,,,,,,,,,,,,,,
3.599755740107474,0.3238019221850848,1,EDS,Gold,"[{""position"": 2.1220810942843182, ""amplitude"": 0.6382747362010759, ""fwhm"": 0.031799115031979956}]",2.1220810942843182,0.6382747362010759,0.031799115031979956,,,,,,,,,,,,,,,
3.6094772838299947,0.31383640205410096,1,EDS,Gold,"[{""position"": 2.1220810942843182, ""amplitude"": 0.6382747362010759, ""fwhm"": 0.031799115031979956}]",2.1220810942843182,0.6382747362010759,0.031799115031979956,,,,,,,,,,,,,,,
3.6191988275525158,0.3137653926867634,1,EDS,Gold,"[{""position"": 2.1220810942843182, ""amplitude"": 0.6382747362010759, ""fwhm"": 0.031799115031979956}]",2.1220810942843182,0.6382747362010759,0.031799115031979956,,,,,,,,,,,,,,,
3.6289203712750364,0.3180414530265514,1,EDS,Gold,"[{""position"": 2.1220810942843182, ""amplitude"": 0.6382747362010759, ""fwhm"": 0.031799115031979956}]",2.1220810942843182,0.6382747362010759,0.031799115031979956,,,,,,,,,,,,,,,
3.638641914997557,0.31312875410417135,1,EDS,Gold,"[{""position"": 2.1220810942843182, ""amplitude"": 0.6382747362010759, ""fwhm"": 0.031799115031979956}]",2.1220810942843182,0.6382747362010759,0.031799115031979956,,,,,,,,,,,,,,,
3.6483634587200777,0.3228198826529603,1,EDS,Gold,"[{""position"": 2.1220810942843182, ""amplitude"": 0.6382747362010759, ""fwhm"": 0.031799115031979956}]",2.1220810942843182,0.6382747362010759,0.031799115031979956,,,,,,,,,,,,,,,
3.658085002442599,0.31265076902712025,1,EDS,Gold,"[{""position"": 2.1220810942843182, ""amplitude"": 0.6382747362010759, ""fwhm"": 0.031799115031979956}]",2.1220810942843182,0.6382747362010759,0.031799115031979956,,,,,,,,,,,,,,,
3.6678065461651195,0.32202924220786433,1,EDS,Gold,"[{""position"": 2.1220810942843182, ""amplitude"": 0.6382747362010759, ""fwhm"": 0.031799115031979956}]",2.1220810942843182,0.6382747362010759,0.031799115031979956,,,,,,,,,,,,,,,
3.67752808988764,0.322196052167709,1,EDS,Gold,"[{""position"": 2.1220810942843182, ""amplitude"": 0.6382747362010759, ""fwhm"": 0.031799115031979956}]",2.1220810942843182,0.6382747362010759,0.031799115031979956,,,,,,,,,,,,,,,
3.687249633610161,0.3122091737051306,1,EDS,Gold,"[{""position"": 2.1220810942843182, ""amplitude"": 0.6382747362010759, ""fwhm"": 0.031799115031979956}]",2.1220810942843182,0.6382747362010759,0.031799115031979956,,,,,,,,,,,,,,,
3.696971177332682,0.3224486347859519,1,EDS,Gold,"[{""position"": 2.1220810942843182, ""amplitude"": 0.6382747362010759, ""fwhm"": 0.031799115031979956}]",2.1220810942843182,0.6382747362010759,0.031799115031979956,,,,,,,,,,,,,,,
3.7066927210552025,0.31200435698778567,1,EDS,Gold,"[{""position"": 2.1220810942843182, ""amplitude"": 0.6382747362010759, ""fwhm"": 0.031799115031979956}]",2.1220810942843182,0.6382747362010759,0.031799115031979956,,,,,,,,,,,,,,,
3.716414264777723,0.3123567431858155,1,EDS,Gold,"[{""position"": 2.1220810942843182, ""amplitude"": 0.6382747362010759, ""fwhm"": 0.031799115031979956}]",2.1220810942843182,0.6382747362010759,0.031799115031979956,,,,,,,,,,,,,,,
3.726135808500244,0.33076316173593284,1,EDS,Gold,"[{""position"": 2.1220810942843182, ""amplitude"": 0.6382747362010759, ""fwhm"": 0.031799115031979956}]",2.1220810942843182,0.6382747362010759,0.031799115031979956,,,,,,,,,,,,,,,
3.735857352222765,0.3213254174585462,1,EDS,Gold,"[{""position"": 2.1220810942843182, ""amplitude"": 0.6382747362010759, ""fwhm"": 0.031799115031979956}]",2.1220810942843182,0.6382747362010759,0.031799115031979956,,,,,,,,,,,,,,,
3.7455788959452856,0.3157861254398166,1,EDS,Gold,"[{""position"": 2.1220810942843182, ""amplitude"": 0.6382747362010759, ""fwhm"": 0.031799115031979956}]",2.1220810942843182,0.6382747362010759,0.031799115031979956,,,,,,,,,,,,,,,
3.7553004396678062,0.31652092718701436,1,EDS,Gold,"[{""position"": 2.1220810942843182, ""amplitude"": 0.6382747362010759, ""fwhm"": 0.031799115031979956}]",2.1220810942843182,0.6382747362010759,0.031799115031979956,,,,,,,,,,,,,,,
3.765021983390327,0.3098888825079045,1,EDS,Gold,"[{""position"": 2.1220810942843182, ""amplitude"": 0.6382747362010759, ""fwhm"": 0.031799115031979956}]",2.1220810942843182,0.6382747362010759,0.031799115031979956,,,,,,,,,,,,,,,
3.774743527112848,0.30965919354854904,1,EDS,Gold,"[{""position"": 2.1220810942843182, ""amplitude"": 0.6382747362010759, ""fwhm"": 0.031799115031979956}]",2.1220810942843182,0.6382747362010759,0.031799115031979956,,,,,,,,,,,,,,,
3.7844650708353686,0.30955756927703115,1,EDS,Gold,"[{""position"": 2.1220810942843182, ""amplitude"": 0.6382747362010759, ""fwhm"": 0.031799115031979956}]",2.1220810942843182,0.6382747362010759,0.031799115031979956,,,,,,,,,,,,,,,
3.7941866145578893,0.30862101446386586,1,EDS,Gold,"[{""position"": 2.1220810942843182, ""amplitude"": 0.6382747362010759, ""fwhm"": 0.031799115031979956}]",2.1220810942843182,0.6382747362010759,0.031799115031979956,,,,,,,,,,,,,,,
3.80390815828041,0.3091605742855636,1,EDS,Gold,"[{""position"": 2.1220810942843182, ""amplitude"": 0.6382747362010759, ""fwhm"": 0.031799115031979956}]",2.1220810942843182,0.6382747362010759,0.031799115031979956,,,,,,,,,,,,,,,
3.813629702002931,0.3188336778941587,1,EDS,Gold,"[{""position"": 2.1220810942843182, ""amplitude"": 0.6382747362010759, ""fwhm"": 0.031799115031979956}]",2.1220810942843182,0.6382747362010759,0.031799115031979956,,,,,,,,,,,,,,,
3.8233512457254517,0.3090467835026893,1,EDS,Gold,"[{""position"": 2.1220810942843182, ""amplitude"": 0.6382747362010759, ""fwhm"": 0.031799115031979956}]",2.1220810942843182,0.6382747362010759,0.031799115031979956,,,,,,,,,,,,,,,
3.8330727894479724,0.3089198887664662,1,EDS,Gold,"[{""position"": 2.1220810942843182, ""amplitude"": 0.6382747362010759, ""fwhm"": 0.031799115031979956}]",2.1220810942843182,0.6382747362010759,0.031799115031979956,,,,,,,,,,,,,,,
3.842794333170493,0.3144276428580218,1,EDS,Gold,"[{""position"": 2.1220810942843182, ""amplitude"": 0.6382747362010759, ""fwhm"": 0.031799115031979956}]",2.1220810942843182,0.6382747362010759,0.031799115031979956,,,,,,,,,,,,,,,
3.8525158768930137,0.3237717000597392,1,EDS,Gold,"[{""position"": 2.1220810942843182, ""amplitude"": 0.6382747362010759, ""fwhm"": 0.031799115031979956}]",2.1220810942843182,0.6382747362010759,0.031799115031979956,,,,,,,,,,,,,,,
3.8622374206155348,0.3128308933101745,1,EDS,Gold,"[{""position"": 2.1220810942843182, ""amplitude"": 0.6382747362010759, ""fwhm"": 0.031799115031979956}]",2.1220810942843182,0.6382747362010759,0.031799115031979956,,,,,,,,,,,,,,,
3.8719589643380554,0.3174598529867876,1,EDS,Gold,"[{""position"": 2.1220810942843182, ""amplitude"": 0.6382747362010759, ""fwhm"": 0.031799115031979956}]",2.1220810942843182,0.6382747362010759,0.031799115031979956,,,,,,,,,,,,,,,
3.881680508060576,0.30789785764523714,1,EDS,Gold,"[{""position"": 2.1220810942843182, ""amplitude"": 0.6382747362010759, ""fwhm"": 0.031799115031979956}]",2.1220810942843182,0.6382747362010759,0.031799115031979956,,,,,,,,,,,,,,,
3.8914020517830967,0.30682117028462064,1,EDS,Gold,"[{""position"": 2.1220810942843182, ""amplitude"": 0.6382747362010759, ""fwhm"": 0.031799115031979956}]",2.1220810942843182,0.6382747362010759,0.031799115031979956,,,,,,,,,,,,,,,
3.901123595505618,0.3130912412509771,1,EDS,Gold,"[{""position"": 2.1220810942843182, ""amplitude"": 0.6382747362010759, ""fwhm"": 0.031799115031979956}]",2.1220810942843182,0.6382747362010759,0.031799115031979956,,,,,,,,,,,,,,,
3.9108451392281385,0.3125623375947643,1,EDS,Gold,"[{""position"": 2.1220810942843182, ""amplitude"": 0.6382747362010759, ""fwhm"": 0.031799115031979956}]",2.1220810942843182,0.6382747362010759,0.031799115031979956,,,,,,,,,,,,,,,
3.920566682950659,0.3215618052340773,1,EDS,Gold,"[{""position"": 2.1220810942843182, ""amplitude"": 0.6382747362010759, ""fwhm"": 0.031799115031979956}]",2.1220810942843182,0.6382747362010759,0.031799115031979956,,,,,,,,,,,,,,,
3.93028822667318,0.3057522297839699,1,EDS,Gold,"[{""position"": 2.1220810942843182, ""amplitude"": 0.6382747362010759, ""fwhm"": 0.031799115031979956}]",2.1220810942843182,0.6382747362010759,0.031799115031979956,,,,,,,,,,,,,,,
3.940009770395701,0.306980711354439,1,EDS,Gold,"[{""position"": 2.1220810942843182, ""amplitude"": 0.6382747362010759, ""fwhm"": 0.031799115031979956}]",2.1220810942843182,0.6382747362010759,0.031799115031979956,,,,,,,,,,,,,,,
3.9497313141182215,0.3110642421683206,1,EDS,Gold,"[{""position"": 2.1220810942843182, ""amplitude"": 0.6382747362010759, ""fwhm"": 0.031799115031979956}]",2.1220810942843182,0.6382747362010759,0.031799115031979956,,,,,,,,,,,,,,,
3.959452857840742,0.31148119646337424,1,EDS,Gold,"[{""position"": 2.1220810942843182, ""amplitude"": 0.6382747362010759, ""fwhm"": 0.031799115031979956}]",2.1220810942843182,0.6382747362010759,0.031799115031979956,,,,,,,,,,,,,,,
3.969174401563263,0.30491909052042737,1,EDS,Gold,"[{""position"": 2.1220810942843182, ""amplitude"": 0.6382747362010759, ""fwhm"": 0.031799115031979956}]",2.1220810942843182,0.6382747362010759,0.031799115031979956,,,,,,,,,,,,,,,
3.978895945285784,0.3051663504596966,1,EDS,Gold,"[{""position"": 2.1220810942843182, ""amplitude"": 0.6382747362010759, ""fwhm"": 0.031799115031979956}]",2.1220810942843182,0.6382747362010759,0.031799115031979956,,,,,,,,,,,,,,,
3.9886174890083046,0.31022862638620924,1,EDS,Gold,"[{""position"": 2.1220810942843182, ""amplitude"": 0.6382747362010759, ""fwhm"": 0.031799115031979956}]",2.1220810942843182,0.6382747362010759,0.031799115031979956,,,,,,,,,,,,,,,
3.9983390327308252,0.3100243791798743,1,EDS,Gold,"[{""position"": 2.1220810942843182, ""amplitude"": 0.6382747362010759, ""fwhm"": 0.031799115031979956}]",2.1220810942843182,0.6382747362010759,0.031799115031979956,,,,,,,,,,,,,,,
4.008060576453346,0.3095650067891237,1,EDS,Gold,"[{""position"": 2.1220810942843182, ""amplitude"": 0.6382747362010759, ""fwhm"": 0.031799115031979956}]",2.1220810942843182,0.6382747362010759,0.031799115031979956,,,,,,,,,,,,,,,
4.017782120175867,0.31484763123346704,1,EDS,Gold,"[{""position"": 2.1220810942843182, ""amplitude"": 0.6382747362010759, ""fwhm"": 0.031799115031979956}]",2.1220810942843182,0.6382747362010759,0.031799115031979956,,,,,,,,,,,,,,,
4.027503663898387,0.3238232331805493,1,EDS,Gold,"[{""position"": 2.1220810942843182, ""amplitude"": 0.6382747362010759, ""fwhm"": 0.031799115031979956}]",2.1220810942843182,0.6382747362010759,0.031799115031979956,,,,,,,,,,,,,,,
4.037225207620908,0.30903531997466194,1,EDS,Gold,"[{""position"": 2.1220810942843182, ""amplitude"": 0.6382747362010759, ""fwhm"": 0.031799115031979956}]",2.1220810942843182,0.6382747362010759,0.031799115031979956,,,,,,,,,,,,,,,
4.0469467513434285,0.3039337618489665,1,EDS,Gold,"[{""position"": 2.1220810942843182, ""amplitude"": 0.6382747362010759, ""fwhm"": 0.031799115031979956}]",2.1220810942843182,0.6382747362010759,0.031799115031979956,,,,,,,,,,,,,,,
4.05666829506595,0.30889402020514484,1,EDS,Gold,"[{""position"": 2.1220810942843182, ""amplitude"": 0.6382747362010759, ""fwhm"": 0.031799115031979956}]",2.1220810942843182,0.6382747362010759,0.031799115031979956,,,,,,,,,,,,,,,
4.066389838788471,0.32376079717845213,1,EDS,Gold,"[{""position"": 2.1220810942843182, ""amplitude"": 0.6382747362010759, ""fwhm"": 0.031799115031979956}]",2.1220810942843182,0.6382747362010759,0.031799115031979956,,,,,,,,,,,,,,,
4.076111382510991,0.3026657230069542,1,EDS,Gold,"[{""position"": 2.1220810942843182, ""amplitude"": 0.6382747362010759, ""fwhm"": 0.031799115031979956}]",2.1220810942843182,0.6382747362010759,0.031799115031979956,,,,,,,,,,,,,,,
4.085832926233512,0.30724496340944485,1,EDS,Gold,"[{""position"": 2.1220810942843182, ""amplitude"": 0.6382747362010759, ""fwhm"": 0.031799115031979956}]",2.1220810942843182,0.6382747362010759,0.031799115031979956,,,,,,,,,,,,,,,
4.095554469956033,0.30334703949611574,1,EDS,Gold,"[{""position"": 2.1220810942843182, ""amplitude"": 0.6382747362010759, ""fwhm"": 0.031799115031979956}]",2.1220810942843182,0.6382747362010759,0.031799115031979956,,,,,,,,,,,,,,,
4.105276013678553,0.3026722112648859,1,EDS,Gold,"[{""position"": 2.1220810942843182, ""amplitude"": 0.6382747362010759, ""fwhm"": 0.031799115031979956}]",2.1220810942843182,0.6382747362010759,0.031799115031979956,,,,,,,,,,,,,,,
4.114997557401074,0.3119330087254632,1,EDS,Gold,"[{""position"": 2.1220810942843182, ""amplitude"": 0.6382747362010759, ""fwhm"": 0.031799115031979956}]",2.1220810942843182,0.6382747362010759,0.031799115031979956,,,,,,,,,,,,,,,
4.124719101123595,0.30779191579645687,1,EDS,Gold,"[{""position"": 2.1220810942843182, ""amplitude"": 0.6382747362010759, ""fwhm"": 0.031799115031979956}]",2.1220810942843182,0.6382747362010759,0.031799115031979956,,,,,,,,,,,,,,,
4.134440644846116,0.3018843467212275,1,EDS,Gold,"[{""position"": 2.1220810942843182, ""amplitude"": 0.6382747362010759, ""fwhm"": 0.031799115031979956}]",2.1220810942843182,0.6382747362010759,0.031799115031979956,,,,,,,,,,,,,,,
4.144162188568636,0.31215815121896306,1,EDS,Gold,"[{""position"": 2.1220810942843182, ""amplitude"": 0.6382747362010759, ""fwhm"": 0.031799115031979956}]",2.1220810942843182,0.6382747362010759,0.031799115031979956,,,,,,,,,,,,,,,
4.153883732291157,0.30140299511318913,1,EDS,Gold,"[{""position"": 2.1220810942843182, ""amplitude"": 0.6382747362010759, ""fwhm"": 0.031799115031979956}]",2.1220810942843182,0.6382747362010759,0.031799115031979956,,,,,,,,,,,,,,,
4.163605276013678,0.3121157210024335,1,EDS,Gold,"[{""position"": 2.1220810942843182, ""amplitude"": 0.6382747362010759, ""fwhm"": 0.031799115031979956}]",2.1220810942843182,0.6382747362010759,0.031799115031979956,,,,,,,,,,,,,,,
4.173326819736198,0.3117412193432642,1,EDS,Gold,"[{""position"": 2.1220810942843182, ""amplitude"": 0.6382747362010759, ""fwhm"": 0.031799115031979956}]",2.1220810942843182,0.6382747362010759,0.031799115031979956,,,,,,,,,,,,,,,
4.183048363458719,0.31556307875937556,1,EDS,Gold,"[{""position"": 2.1220810942843182, ""amplitude"": 0.6382747362010759, ""fwhm"": 0.031799115031979956}]",2.1220810942843182,0.6382747362010759,0.031799115031979956,,,,,,,,,,,,,,,
4.19276990718124,0.3059094898084204,1,EDS,Gold,"[{""position"": 2.1220810942843182, ""amplitude"": 0.6382747362010759, ""fwhm"": 0.031799115031979956}]",2.1220810942843182,0.6382747362010759,0.031799115031979956,,,,,,,,,,,,,,,
4.202491450903761,0.30052421913294836,1,EDS,Gold,"[{""position"": 2.1220810942843182, ""amplitude"": 0.6382747362010759, ""fwhm"": 0.031799115031979956}]",2.1220810942843182,0.6382747362010759,0.031799115031979956,,,,,,,,,,,,,,,
4.212212994626282,0.3156348724049981,1,EDS,Gold,"[{""position"": 2.1220810942843182, ""amplitude"": 0.6382747362010759, ""fwhm"": 0.031799115031979956}]",2.1220810942843182,0.6382747362010759,0.031799115031979956,,,,,,,,,,,,,,,
4.221934538348802,0.30429980738813484,1,EDS,Gold,"[{""position"": 2.1220810942843182, ""amplitude"": 0.6382747362010759, ""fwhm"": 0.031799115031979956}]",2.1220810942843182,0.6382747362010759,0.031799115031979956,,,,,,,,,,,,,,,
4.231656082071323,0.31984852236612915,1,EDS,Gold,"[{""position"": 2.1220810942843182, ""amplitude"": 0.6382747362010759, ""fwhm"": 0.031799115031979956}]",2.1220810942843182,0.6382747362010759,0.031799115031979956,,,,,,,,,,,,,,,
4.241377625793844,0.30479234910846814,1,EDS,Gold,"[{""position"": 2.1220810942843182, ""amplitude"": 0.6382747362010759, ""fwhm"": 0.031799115031979956}]",2.1220810942843182,0.6382747362010759,0.031799115031979956,,,,,,,,,,,,,,,
4.2510991695163645,0.3032277046932996,1,EDS,Gold,"[{""position"": 2.1220810942843182, ""amplitude"": 0.6382747362010759, ""fwhm"": 0.031799115031979956}]",2.1220810942843182,0.6382747362010759,0.031799115031979956,,,,,,,,,,,,,,,
4.260820713238886,0.30326697431457106,1,EDS,Gold,"[{""position"": 2.1220810942843182, ""amplitude"": 0.6382747362010759, ""fwhm"": 0.031799115031979956}]",2.1220810942843182,0.6382747362010759,0.031799115031979956,,,,,,,,,,,,,,,
4.270542256961406,0.30262908596334287,1,EDS,Gold,"[{""position"": 2.1220810942843182, ""amplitude"": 0.6382747362010759, ""fwhm"": 0.031799115031979956}]",2.1220810942843182,0.6382747362010759,0.031799115031979956,,,,,,,,,,,,,,,
4.280263800683927,0.30323251312095756,1,EDS,Gold,"[{""position"": 2.1220810942843182, ""amplitude"": 0.6382747362010759, ""fwhm"": 0.031799115031979956}]",2.1220810942843182,0.6382747362010759,0.031799115031979956,,,,,,,,,,,,,,,
4.289985344406448,0.30846546675465786,1,EDS,Gold,"[{""position"": 2.1220810942843182, ""amplitude"": 0.6382747362010759, ""fwhm"": 0.031799115031979956}]",2.1220810942843182,0.6382747362010759,0.031799115031979956,,,,,,,,,,,,,,,
4.299706888128968,0.29860255268245356,1,EDS,Gold,"[{""position"": 2.1220810942843182, ""amplitude"": 0.6382747362010759, ""fwhm"": 0.031799115031979956}]",2.1220810942843182,0.6382747362010759,0.031799115031979956,,,,,,,,,,,,,,,
4.309428431851489,0.30769289926819526,1,EDS,Gold,"[{""position"": 2.1220810942843182, ""amplitude"": 0.6382747362010759, ""fwhm"": 0.031799115031979956}]",2.1220810942843182,0.6382747362010759,0.031799115031979956,,,,,,,,,,,,,,,
4.31914997557401,0.3031933696780229,1,EDS,Gold,"[{""position"": 2.1220810942843182, ""amplitude"": 0.6382747362010759, ""fwhm"": 0.031799115031979956}]",2.1220810942843182,0.6382747362010759,0.031799115031979956,,,,,,,,,,,,,,,
4.328871519296531,0.3065358320666402,1,EDS,Gold,"[{""position"": 2.1220810942843182, ""amplitude"": 0.6382747362010759, ""fwhm"": 0.031799115031979956}]",2.1220810942843182,0.6382747362010759,0.031799115031979956,,,,,,,,,,,,,,,
4.338593063019052,0.29614782196851247,1,EDS,Gold,"[{""position"": 2.1220810942843182, ""amplitude"": 0.6382747362010759, ""fwhm"": 0.031799115031979956}]",2.1220810942843182,0.6382747362010759,0.031799115031979956,,,,,,,,,,,,,,,
4.348314606741572,0.30669157526544255,1,EDS,Gold,"[{""position"": 2.1220810942843182, ""amplitude"": 0.6382747362010759, ""fwhm"": 0.031799115031979956}]",2.1220810942843182,0.6382747362010759,0.031799115031979956,,,,,,,,,,,,,,,
4.358036150464093,0.31166374518368595,1,EDS,Gold,"[{""position"": 2.1220810942843182, ""amplitude"": 0.6382747362010759, ""fwhm"": 0.031799115031979956}]",2.1220810942843182,0.6382747362010759,0.031799115031979956,,,,,,,,,,,,,,,
4.367757694186614,0.3012307050839337,1,EDS,Gold,"[{""position"": 2.1220810942843182, ""amplitude"": 0.6382747362010759, ""fwhm"": 0.031799115031979956}]",2.1220810942843182,0.6382747362010759,0.031799115031979956,,,,,,,,,,,,,,,
4.377479237909134,0.29503232807218827,1,EDS,Gold,"[{""position"": 2.1220810942843182, ""amplitude"": 0.6382747362010759, ""fwhm"": 0.031799115031979956}]",2.1220810942843182,0.6382747362010759,0.031799115031979956,,,,,,,,,,,,,,,
4.387200781631655,0.3007312597217147,1,EDS,Gold,"[{""position"": 2.1220810942843182, ""amplitude"": 0.6382747362010759, ""fwhm"": 0.031799115031979956}]",2.1220810942843182,0.6382747362010759,0.031799115031979956,,,,,,,,,,,,,,,
4.3969223253541765,0.3049197964612401,1,EDS,Gold,"[{""position"": 2.1220810942843182, ""amplitude"": 0.6382747362010759, ""fwhm"": 0.031799115031979956}]",2.1220810942843182,0.6382747362010759,0.031799115031979956,,,,,,,,,,,,,,,
4.406643869076697,0.2956162171714786,1,EDS,Gold,"[{""position"": 2.1220810942843182, ""amplitude"": 0.6382747362010759, ""fwhm"": 0.031799115031979956}]",2.1220810942843182,0.6382747362010759,0.031799115031979956,,,,,,,,,,,,,,,
4.416365412799218,0.295235592421881,1,EDS,Gold,"[{""position"": 2.1220810942843182, ""amplitude"": 0.6382747362010759, ""fwhm"": 0.031799115031979956}]",2.1220810942843182,0.6382747362010759,0.031799115031979956,,,,,,,,,,,,,,,
4.426086956521738,0.2943802460804264,1,EDS,Gold,"[{""position"": 2.1220810942843182, ""amplitude"": 0.6382747362010759, ""fwhm"": 0.031799115031979956}]",2.1220810942843182,0.6382747362010759,0.031799115031979956,,,,,,,,,,,,,,,
4.435808500244259,0.29934384708698764,1,EDS,Gold,"[{""position"": 2.1220810942843182, ""amplitude"": 0.6382747362010759, ""fwhm"": 0.031799115031979956}]",2.1220810942843182,0.6382747362010759,0.031799115031979956,,,,,,,,,,,,,,,
4.44553004396678,0.30884788238874716,1,EDS,Gold,"[{""position"": 2.1220810942843182, ""amplitude"": 0.6382747362010759, ""fwhm"": 0.031799115031979956}]",2.1220810942843182,0.6382747362010759,0.031799115031979956,,,,,,,,,,,,,,,
4.4552515876893,0.29408073894816344,1,EDS,Gold,"[{""position"": 2.1220810942843182, ""amplitude"": 0.6382747362010759, ""fwhm"": 0.031799115031979956}]",2.1220810942843182,0.6382747362010759,0.031799115031979956,,,,,,,,,,,,,,,
4.4649731314118215,0.30432340612517256,1,EDS,Gold,"[{""position"": 2.1220810942843182, ""amplitude"": 0.6382747362010759, ""fwhm"": 0.031799115031979956}]",2.1220810942843182,0.6382747362010759,0.031799115031979956,,,,,,,,,,,,,,,
4.474694675134342,0.2981668045235052,1,EDS,Gold,"[{""position"": 2.1220810942843182, ""amplitude"": 0.6382747362010759, ""fwhm"": 0.031799115031979956}]",2.1220810942843182,0.6382747362010759,0.031799115031979956,,,,,,,,,,,,,,,
4.484416218856863,0.3036321292818254,1,EDS,Gold,"[{""position"": 2.1220810942843182, ""amplitude"": 0.6382747362010759, ""fwhm"": 0.031799115031979956}]",2.1220810942843182,0.6382747362010759,0.031799115031979956,,,,,,,,,,,,,,,
4.494137762579384,0.3079036955563871,1,EDS,Gold,"[{""position"": 2.1220810942843182, ""amplitude"": 0.6382747362010759, ""fwhm"": 0.031799115031979956}]",2.1220810942843182,0.6382747362010759,0.031799115031979956,,,,,,,,,,,,,,,
4.503859306301904,0.2975399070233212,1,EDS,Gold,"[{""position"": 2.1220810942843182, ""amplitude"": 0.6382747362010759, ""fwhm"": 0.031799115031979956}]",2.1220810942843182,0.6382747362010759,0.031799115031979956,,,,,,,,,,,,,,,
4.513580850024425,0.29262435051456875,1,EDS,Gold,"[{""position"": 2.1220810942843182, ""amplitude"": 0.6382747362010759, ""fwhm"": 0.031799115031979956}]",2.1220810942843182,0.6382747362010759,0.031799115031979956,,,,,,,,,,,,,,,
4.523302393746946,0.2919453446096582,1,EDS,Gold,"[{""position"": 2.1220810942843182, ""amplitude"": 0.6382747362010759, ""fwhm"": 0.031799115031979956}]",2.1220810942843182,0.6382747362010759,0.031799115031979956,,,,,,,,,,,,,,,
4.5330239374694665,0.3119327221652003,1,EDS,Gold,"[{""position"": 2.1220810942843182, ""amplitude"": 0.6382747362010759, ""fwhm"": 0.031799115031979956}]",2.1220810942843182,0.6382747362010759,0.031799115031979956,,,,,,,,,,,,,,,
4.542745481191988,0.29638751455048507,1,EDS,Gold,"[{""position"": 2.1220810942843182, ""amplitude"": 0.6382747362010759, ""fwhm"": 0.031799115031979956}]",2.1220810942843182,0.6382747362010759,0.031799115031979956,,,,,,,,,,,,,,,
4.552467024914508,0.2926421272340969,1,EDS,Gold,"[{""position"": 2.1220810942843182, ""amplitude"": 0.6382747362010759, ""fwhm"": 0.031799115031979956}]",2.1220810942843182,0.6382747362010759,0.031799115031979956,,,,,,,,,,,,,,,
4.562188568637029,0.29148872120521796,1,EDS,Gold,"[{""position"": 2.1220810942843182, ""amplitude"": 0.6382747362010759, ""fwhm"": 0.031799115031979956}]",2.1220810942843182,0.6382747362010759,0.031799115031979956,,,,,,,,,,,,,,,
4.57191011235955,0.2958998855502472,1,EDS,Gold,"[{""position"": 2.1220810942843182, ""amplitude"": 0.6382747362010759, ""fwhm"": 0.031799115031979956}]",2.1220810942843182,0.6382747362010759,0.031799115031979956,,,,,,,,,,,,,,,
4.58163165608207,0.2910904006677732,1,EDS,Gold,"[{""position"": 2.1220810942843182, ""amplitude"": 0.6382747362010759, ""fwhm"": 0.031799115031979956}]",2.1220810942843182,0.6382747362010759,0.031799115031979956,,,,,,,,,,,,,,,
4.591353199804591,0.29069434347006334,1,EDS,Gold,"[{""position"": 2.1220810942843182, ""amplitude"": 0.6382747362010759, ""fwhm"": 0.031799115031979956}]",2.1220810942843182,0.6382747362010759,0.031799115031979956,,,,,,,,,,,,,,,
4.601074743527112,0.2904009790966037,1,EDS,Gold,"[{""position"": 2.1220810942843182, ""amplitude"": 0.6382747362010759, ""fwhm"": 0.031799115031979956}]",2.1220810942843182,0.6382747362010759,0.031799115031979956,,,,,,,,,,,,,,,
4.610796287249633,0.3055536507735253,1,EDS,Gold,"[{""position"": 2.1220810942843182, ""amplitude"": 0.6382747362010759, ""fwhm"": 0.031799115031979956}]",2.1220810942843182,0.6382747362010759,0.031799115031979956,,,,,,,,,,,,,,,
4.620517830972154,0.2903789797902265,1,EDS,Gold,"[{""position"": 2.1220810942843182, ""amplitude"": 0.6382747362010759, ""fwhm"": 0.031799115031979956}]",2.1220810942843182,0.6382747362010759,0.031799115031979956,,,,,,,,,,,,,,,
4.630239374694674,0.2945272695605475,1,EDS,Gold,"[{""position"": 2.1220810942843182, ""amplitude"": 0.6382747362010759, ""fwhm"": 0.031799115031979956}]",2.1220810942843182,0.6382747362010759,0.031799115031979956,,,,,,,,,,,,,,,
4.639960918417195,0.28926294154357346,1,EDS,Gold,"[{""position"": 2.1220810942843182, ""amplitude"": 0.6382747362010759, ""fwhm"": 0.031799115031979956}]",2.1220810942843182,0.6382747362010759,0.031799115031979956,,,,,,,,,,,,,,,
4.649682462139716,0.28916203639764765,1,EDS,Gold,"[{""position"": 2.1220810942843182, ""amplitude"": 0.6382747362010759, ""fwhm"": 0.031799115031979956}]",2.1220810942843182,0.6382747362010759,0.031799115031979956,,,,,,,,,,,,,,,
4.659404005862236,0.2879602880597578,1,EDS,Gold,"[{""position"": 2.1220810942843182, ""amplitude"": 0.6382747362010759, ""fwhm"": 0.031799115031979956}]",2.1220810942843182,0.6382747362010759,0.031799115031979956,,,,,,,,,,,,,,,
4.6691255495847575,0.28808872995151896,1,EDS,Gold,"[{""position"": 2.1220810942843182, ""amplitude"": 0.6382747362010759, ""fwhm"": 0.031799115031979956}]",2.1220810942843182,0.6382747362010759,0.031799115031979956,,,,,,,,,,,,,,,
4.6788470933072785,0.2892077325041503,1,EDS,Gold,"[{""position"": 2.1220810942843182, ""amplitude"": 0.6382747362010759, ""fwhm"": 0.031799115031979956}]",2.1220810942843182,0.6382747362010759,0.031799115031979956,,,,,,,,,,,,,,,
4.688568637029799,0.29409523112449815,1,EDS,Gold,"[{""position"": 2.1220810942843182, ""amplitude"": 0.6382747362010759, ""fwhm"": 0.031799115031979956}]",2.1220810942843182,0.6382747362010759,0.031799115031979956,,,,,,,,,,,,,,,
4.69829018075232,0.2879554391514838,1,EDS,Gold,"[{""position"": 2.1220810942843182, ""amplitude"": 0.6382747362010759, ""fwhm"": 0.031799115031979956}]",2.1220810942843182,0.6382747362010759,0.031799115031979956,,,,,,,,,,,,,,,
4.70801172447484,0.2931013942652533,1,EDS,Gold,"[{""position"": 2.1220810942843182, ""amplitude"": 0.6382747362010759, ""fwhm"": 0.031799115031979956}]",2.1220810942843182,0.6382747362010759,0.031799115031979956,,,,,,,,,,,,,,,
4.717733268197361,0.2877313056645998,1,EDS,Gold,"[{""position"": 2.1220810942843182, ""amplitude"": 0.6382747362010759, ""fwhm"": 0.031799115031979956}]",2.1220810942843182,0.6382747362010759,0.031799115031979956,,,,,,,,,,,,,,,
4.727454811919882,0.2937951301783347,1,EDS,Gold,"[{""position"": 2.1220810942843182, ""amplitude"": 0.6382747362010759, ""fwhm"": 0.031799115031979956}]",2.1220810942843182,0.6382747362010759,0.031799115031979956,,,,,,,,,,,,,,,
4.7371763556424025,0.28762361490807675,1,EDS,Gold,"[{""position"": 2.1220810942843182, ""amplitude"": 0.6382747362010759, ""fwhm"": 0.031799115031979956}]",2.1220810942843182,0.6382747362010759,0.031799115031979956,,,,,,,,,,,,,,,
4.746897899364924,0.2917884727651962,1,EDS,Gold,"[{""position"": 2.1220810942843182, ""amplitude"": 0.6382747362010759, ""fwhm"": 0.031799115031979956}]",2.1220810942843182,0.6382747362010759,0.031799115031979956,,,,,,,,,,,,,,,
4.756619443087445,0.2961516596673487,1,EDS,Gold,"[{""position"": 2.1220810942843182, ""amplitude"": 0.6382747362010759, ""fwhm"": 0.031799115031979956}]",2.1220810942843182,0.6382747362010759,0.031799115031979956,,,,,,,,,,,,,,,
4.766340986809965,0.29059820235841444,1,EDS,Gold,"[{""position"": 2.1220810942843182, ""amplitude"": 0.6382747362010759, ""fwhm"": 0.031799115031979956}]",2.1220810942843182,0.6382747362010759,0.031799115031979956,,,,,,,,,,,,,,,
4.776062530532486,0.2862081377930605,1,EDS,Gold,"[{""position"": 2.1220810942843182, ""amplitude"": 0.6382747362010759, ""fwhm"": 0.031799115031979956}]",2.1220810942843182,0.6382747362010759,0.031799115031979956,,,,,,,,,,,,,,,
4.785784074255006,0.2905082078473077,1,EDS,Gold,"[{""position"": 2.1220810942843182, ""amplitude"": 0.6382747362010759, ""fwhm"": 0.031799115031979956}]",2.1220810942843182,0.6382747362010759,0.031799115031979956,,,,,,,,,,,,,,,
4.795505617977527,0.28994705326285874,1,EDS,Gold,"[{""position"": 2.1220810942843182, ""amplitude"": 0.6382747362010759, ""fwhm"": 0.031799115031979956}]",2.1220810942843182,0.6382747362010759,0.031799115031979956,,,,,,,,,,,,,,,
4.805227161700048,0.2900673519959896,1,EDS,Gold,"[{""position"": 2.1220810942843182, ""amplitude"": 0.6382747362010759, ""fwhm"": 0.031799115031979956}]",2.1220810942843182,0.6382747362010759,0.031799115031979956,,,,,,,,,,,,,,,
4.814948705422569,0.2896149945646276,1,EDS,Gold,"[{""position"": 2.1220810942843182, ""amplitude"": 0.6382747362010759, ""fwhm"": 0.031799115031979956}]",2.1220810942843182,0.6382747362010759,0.031799115031979956,,,,,,,,,,,,,,,
4.82467024914509,0.2906772926953952,1,EDS,Gold,"[{""position"": 2.1220810942843182, ""amplitude"": 0.6382747362010759, ""fwhm"": 0.031799115031979956}]",2.1220810942843182,0.6382747362010759,0.031799115031979956,,,,,,,,,,,,,,,
4.83439179286761,0.2950493402026775,1,EDS,Gold,"[{""position"": 2.1220810942843182, ""amplitude"": 0.6382747362010759, ""fwhm"": 0.031799115031979956}]",2.1220810942843182,0.6382747362010759,0.031799115031979956,,,,,,,,,,,,,,,
4.844113336590131,0.29438142229278924,1,EDS,Gold,"[{""position"": 2.1220810942843182, ""amplitude"": 0.6382747362010759, ""fwhm"": 0.031799115031979956}]",2.1220810942843182,0.6382747362010759,0.031799115031979956,,,,,,,,,,,,,,,
4.853834880312652,0.30483752596769315,1,EDS,Gold,"[{""position"": 2.1220810942843182, ""amplitude"": 0.6382747362010759, ""fwhm"": 0.031799115031979956}]",2.1220810942843182,0.6382747362010759,0.031799115031979956,,,,,,,,,,,,,,,
4.863556424035172,0.28392666984376486,1,EDS,Gold,"[{""position"": 2.1220810942843182, ""amplitude"": 0.6382747362010759, ""fwhm"": 0.031799115031979956}]",2.1220810942843182,0.6382747362010759,0.031799115031979956,,,,,,,,,,,,,,,
4.873277967757693,0.28823498990688046,1,EDS,Gold,"[{""position"": 2.1220810942843182, ""amplitude"": 0.6382747362010759, ""fwhm"": 0.031799115031979956}]",2.1220810942843182,0.6382747362010759,0.031799115031979956,,,,,,,,,,,,,,,
4.8829995114802145,0.2891144298407856,1,EDS,Gold,"[{""position"": 2.1220810942843182, ""amplitude"": 0.6382747362010759, ""fwhm"": 0.031799115031979956}]",2.1220810942843182,0.6382747362010759,0.031799115031979956,,,,,,,,,,,,,,,
4.892721055202735,0.2884008303599008,1,EDS,Gold,"[{""position"": 2.1220810942843182, ""amplitude"": 0.6382747362010759, ""fwhm"": 0.031799115031979956}]",2.1220810942843182,0.6382747362010759,0.031799115031979956,,,,,,,,,,,,,,,
4.902442598925256,0.2874071452069848,1,EDS,Gold,"[{""position"": 2.1220810942843182, ""amplitude"": 0.6382747362010759, ""fwhm"": 0.031799115031979956}]",2.1220810942843182,0.6382747362010759,0.031799115031979956,,,,,,,,,,,,,,,
4.912164142647776,0.28255902035420705,1,EDS,Gold,"[{""position"": 2.1220810942843182, ""amplitude"": 0.6382747362010759, ""fwhm"": 0.031799115031979956}]",2.1220810942843182,0.6382747362010759,0.031799115031979956,,,,,,,,,,,,,,,
4.921885686370297,0.28698621780471034,1,EDS,Gold,"[{""position"": 2.1220810942843182, ""amplitude"": 0.6382747362010759, ""fwhm"": 0.031799115031979956}]",2.1220810942843182,0.6382747362010759,0.031799115031979956,,,,,,,,,,,,,,,
4.931607230092818,0.28149744668057086,1,EDS,Gold,"[{""position"": 2.1220810942843182, ""amplitude"": 0.6382747362010759, ""fwhm"": 0.031799115031979956}]",2.1220810942843182,0.6382747362010759,0.031799115031979956,,,,,,,,,,,,,,,
4.941328773815338,0.28234011449635193,1,EDS,Gold,"[{""position"": 2.1220810942843182, ""amplitude"": 0.6382747362010759, ""fwhm"": 0.031799115031979956}]",2.1220810942843182,0.6382747362010759,0.031799115031979956,,,,,,,,,,,,,,,
4.9510503175378595,0.2875557276125178,1,EDS,Gold,"[{""position"": 2.1220810942843182, ""amplitude"": 0.6382747362010759, ""fwhm"": 0.031799115031979956}]",2.1220810942843182,0.6382747362010759,0.031799115031979956,,,,,,,,,,,,,,,
4.960771861260381,0.285742058395543,1,EDS,Gold,"[{""position"": 2.1220810942843182, ""amplitude"": 0.6382747362010759, ""fwhm"": 0.031799115031979956}]",2.1220810942843182,0.6382747362010759,0.031799115031979956,,,,,,,,,,,,,,,
4.970493404982901,0.28641990346162643,1,EDS,Gold,"[{""position"": 2.1220810942843182, ""amplitude"": 0.6382747362010759, ""fwhm"": 0.031799115031979956}]",2.1220810942843182,0.6382747362010759,0.031799115031979956,,,,,,,,,,,,,,,
4.980214948705422,0.28059620421843523,1,EDS,Gold,"[{""position"": 2.1220810942843182, ""amplitude"": 0.6382747362010759, ""fwhm"": 0.031799115031979956}]",2.1220810942843182,0.6382747362010759,0.031799115031979956,,,,,,,,,,,,,,,
4.989936492427942,0.2854235051074268,1,EDS,Gold,"[{""position"": 2.1220810942843182, ""amplitude"": 0.6382747362010759, ""fwhm"": 0.031799115031979956}]",2.1220810942843182,0.6382747362010759,0.031799115031979956,,,,,,,,,,,,,,,
4.999658036150463,0.2851235369718921,1,EDS,Gold,"[{""position"": 2.1220810942843182, ""amplitude"": 0.6382747362010759, ""fwhm"": 0.031799115031979956}]",2.1220810942843182,0.6382747362010759,0.031799115031979956,,,,,,,,,,,,,,,
5.009379579872984,0.2847447479454762,1,EDS,Gold,"[{""position"": 2.1220810942843182, ""amplitude"": 0.6382747362010759, ""fwhm"": 0.031799115031979956}]",2.1220810942843182,0.6382747362010759,0.031799115031979956,,,,,,,,,,,,,,,
5.0191011235955045,0.27992569322334865,1,EDS,Gold,"[{""position"": 2.1220810942843182, ""amplitude"": 0.6382747362010759, ""fwhm"": 0.031799115031979956}]",2.1220810942843182,0.6382747362010759,0.031799115031979956,,,,,,,,,,,,,,,
5.028822667318026,0.2792591289929385,1,EDS,Gold,"[{""position"": 2.1220810942843182, ""amplitude"": 0.6382747362010759, ""fwhm"": 0.031799115031979956}]",2.1220810942843182,0.6382747362010759,0.031799115031979956,,,,,,,,,,,,,,,
5.038544211040547,0.27952905357992924,1,EDS,Gold,"[{""position"": 2.1220810942843182, ""amplitude"": 0.6382747362010759, ""fwhm"": 0.031799115031979956}]",2.1220810942843182,0.6382747362010759,0.031799115031979956,,,,,,,,,,,,,,,
5.048265754763067,0.2841263696652768,1,EDS,Gold,"[{""position"": 2.1220810942843182, ""amplitude"": 0.6382747362010759, ""fwhm"": 0.031799115031979956}]",2.1220810942843182,0.6382747362010759,0.031799115031979956,,,,,,,,,,,,,,,
5.057987298485588,0.29378592793889163,1,EDS,Gold,"[{""position"": 2.1220810942843182, ""amplitude"": 0.6382747362010759, ""fwhm"": 0.031799115031979956}]",2.1220810942843182,0.6382747362010759,0.031799115031979956,,,,,,,,,,,,,,,
5.067708842208108,0.2832183971743387,1,EDS,Gold,"[{""position"": 2.1220810942843182, ""amplitude"": 0.6382747362010759, ""fwhm"": 0.031799115031979956}]",2.1220810942843182,0.6382747362010759,0.031799115031979956,,,,,,,,,,,,,,,
5.077430385930629,0.2781232715326083,1,EDS,Gold,"[{""position"": 2.1220810942843182, ""amplitude"": 0.6382747362010759, ""fwhm"": 0.031799115031979956}]",2.1220810942843182,0.6382747362010759,0.031799115031979956,,,,,,,,,,,,,,,
5.08715192965315,0.27850147997587626,1,EDS,Gold,"[{""position"": 2.1220810942843182, ""amplitude"": 0.6382747362010759, ""fwhm"": 0.031799115031979956}]",2.1220810942843182,0.6382747362010759,0.031799115031979956,,,,,,,,,,,,,,,
5.096873473375671,0.29312928526020027,1,EDS,Gold,"[{""position"": 2.1220810942843182, ""amplitude"": 0.6382747362010759, ""fwhm"": 0.031799115031979956}]",2.1220810942843182,0.6382747362010759,0.031799115031979956,,,,,,,,,,,,,,,
5.106595017098192,0.2821781618446852,1,EDS,Gold,"[{""position"": 2.1220810942843182, ""amplitude"": 0.6382747362010759, ""fwhm"": 0.031799115031979956}]",2.1220810942843182,0.6382747362010759,0.031799115031979956,,,,,,,,,,,,,,,
5.116316560820712,0.2774351794051624,1,EDS,Gold,"[{""position"": 2.1220810942843182, ""amplitude"": 0.6382747362010759, ""fwhm"": 0.031799115031979956}]",2.1220810942843182,0.6382747362010759,0.031799115031979956,,,,,,,,,,,,,,,
5.126038104543233,0.28249115567680644,1,EDS,Gold,"[{""position"": 2.1220810942843182, ""amplitude"": 0.6382747362010759, ""fwhm"": 0.031799115031979956}]",2.1220810942843182,0.6382747362010759,0.031799115031979956,,,,,,,,,,,,,,,
5.135759648265754,0.2760939787717662,1,EDS,Gold,"[{""position"": 2.1220810942843182, ""amplitude"": 0.6382747362010759, ""fwhm"": 0.031799115031979956}]",2.1220810942843182,0.6382747362010759,0.031799115031979956,,,,,,,,,,,,,,,
5.145481191988274,0.2768876213383379,1,EDS,Gold,"[{""position"": 2.1220810942843182, ""amplitude"": 0.6382747362010759, ""fwhm"": 0.031799115031979956}]",2.1220810942843182,0.6382747362010759,0.031799115031979956,,,,,,,,,,,,,,,
5.1552027357107955,0.2910645530563532,1,EDS,Gold,"[{""position"": 2.1220810942843182, ""amplitude"": 0.6382747362010759, ""fwhm"": 0.031799115031979956}]",2.1220810942843182,0.6382747362010759,0.031799115031979956,,,,,,,,,,,,,,,
5.164924279433317,0.2763947078008879,1,EDS,Gold,"[{""position"": 2.1220810942843182, ""amplitude"": 0.6382747362010759, ""fwhm"": 0.031799115031979956}]",2.1220810942843182,0.6382747362010759,0.031799115031979956,,,,,,,,,,,,,,,
5.174645823155837,0.28051086529880265,1,EDS,Gold,"[{""position"": 2.1220810942843182, ""amplitude"": 0.6382747362010759, ""fwhm"": 0.031799115031979956}]",2.1220810942843182,0.6382747362010759,0.031799115031979956,,,,,,,,,,,,,,,
5.184367366878358,0.27476505296789133,1,EDS,Gold,"[{""position"": 2.1220810942843182, ""amplitude"": 0.6382747362010759, ""fwhm"": 0.031799115031979956}]",2.1220810942843182,0.6382747362010759,0.031799115031979956,,,,,,,,,,,,,,,
5.194088910600878,0.28459547477749714,1,EDS,Gold,"[{""position"": 2.1220810942843182, ""amplitude"": 0.6382747362010759, ""fwhm"": 0.031799115031979956}]",2.1220810942843182,0.6382747362010759,0.031799115031979956,,,,,,,,,,,,,,,
5.203810454323399,0.2751342105372579,1,EDS,Gold,"[{""position"": 2.1220810942843182, ""amplitude"": 0.6382747362010759, ""fwhm"": 0.031799115031979956}]",2.1220810942843182,0.6382747362010759,0.031799115031979956,,,,,,,,,,,,,,,
5.21353199804592,0.2749805490924314,1,EDS,Gold,"[{""position"": 2.1220810942843182, ""amplitude"": 0.6382747362010759, ""fwhm"": 0.031799115031979956}]",2.1220810942843182,0.6382747362010759,0.031799115031979956,,,,,,,,,,,,,,,
5.2232535417684405,0.27417625027984455,1,EDS,Gold,"[{""position"": 2.1220810942843182, ""amplitude"": 0.6382747362010759, ""fwhm"": 0.031799115031979956}]",2.1220810942843182,0.6382747362010759,0.031799115031979956,,,,,,,,,,,,,,,
5.232975085490962,0.28465178317314926,1,EDS,Gold,"[{""position"": 2.1220810942843182, ""amplitude"": 0.6382747362010759, ""fwhm"": 0.031799115031979956}]",2.1220810942843182,0.6382747362010759,0.031799115031979956,,,,,,,,,,,,,,,
5.242696629213483,0.2783099972642446,1,EDS,Gold,"[{""position"": 2.1220810942843182, ""amplitude"": 0.6382747362010759, ""fwhm"": 0.031799115031979956}]",2.1220810942843182,0.6382747362010759,0.031799115031979956,,,,,,,,,,,,,,,
5.252418172936003,0.27881007635761373,1,EDS,Gold,"[{""position"": 2.1220810942843182, ""amplitude"": 0.6382747362010759, ""fwhm"": 0.031799115031979956}]",2.1220810942843182,0.6382747362010759,0.031799115031979956,,,,,,,,,,,,,,,
5.262139716658524,0.288014223940771,1,EDS,Gold,"[{""position"": 2.1220810942843182, ""amplitude"": 0.6382747362010759, ""fwhm"": 0.031799115031979956}]",2.1220810942843182,0.6382747362010759,0.031799115031979956,,,,,,,,,,,,,,,
5.271861260381044,0.27802401837121976,1,EDS,Gold,"[{""position"": 2.1220810942843182, ""amplitude"": 0.6382747362010759, ""fwhm"": 0.031799115031979956}]",2.1220810942843182,0.6382747362010759,0.031799115031979956,,,,,,,,,,,,,,,
5.281582804103565,0.2730998943859453,1,EDS,Gold,"[{""position"": 2.1220810942843182, ""amplitude"": 0.6382747362010759, ""fwhm"": 0.031799115031979956}]",2.1220810942843182,0.6382747362010759,0.031799115031979956,,,,,,,,,,,,,,,
5.291304347826086,0.27241573644299294,1,EDS,Gold,"[{""position"": 2.1220810942843182, ""amplitude"": 0.6382747362010759, ""fwhm"": 0.031799115031979956}]",2.1220810942843182,0.6382747362010759,0.031799115031979956,,,,,,,,,,,,,,,
5.301025891548607,0.2723857050555731,1,EDS,Gold,"[{""position"": 2.1220810942843182, ""amplitude"": 0.6382747362010759, ""fwhm"": 0.031799115031979956}]",2.1220810942843182,0.6382747362010759,0.031799115031979956,,,,,,,,,,,,,,,
5.310747435271128,0.27778818625391083,1,EDS,Gold,"[{""position"": 2.1220810942843182, ""amplitude"": 0.6382747362010759, ""fwhm"": 0.031799115031979956}]",2.1220810942843182,0.6382747362010759,0.031799115031979956,,,,,,,,,,,,,,,
5.320468978993649,0.28178425719930006,1,EDS,Gold,"[{""position"": 2.1220810942843182, ""amplitude"": 0.6382747362010759, ""fwhm"": 0.031799115031979956}]",2.1220810942843182,0.6382747362010759,0.031799115031979956,,,,,,,,,,,,,,,
5.330190522716169,0.27219673794191196,1,EDS,Gold,"[{""position"": 2.1220810942843182, ""amplitude"": 0.6382747362010759, ""fwhm"": 0.031799115031979956}]",2.1220810942843182,0.6382747362010759,0.031799115031979956,,,,,,,,,,,,,,,
5.33991206643869,0.2710118026360634,1,EDS,Gold,"[{""position"": 2.1220810942843182, ""amplitude"": 0.6382747362010759, ""fwhm"": 0.031799115031979956}]",2.1220810942843182,0.6382747362010759,0.031799115031979956,,,,,,,,,,,,,,,
5.34963361016121,0.276540768243252,1,EDS,Gold,"[{""position"": 2.1220810942843182, ""amplitude"": 0.6382747362010759, ""fwhm"": 0.031799115031979956}]",2.1220810942843182,0.6382747362010759,0.031799115031979956,,,,,,,,,,,,,,,
5.359355153883731,0.27671602615128793,1,EDS,Gold,"[{""position"": 2.1220810942843182, ""amplitude"": 0.6382747362010759, ""fwhm"": 0.031799115031979956}]",2.1220810942843182,0.6382747362010759,0.031799115031979956,,,,,,,,,,,,,,,
5.3690766976062525,0.2696096596649828,1,EDS,Gold,"[{""position"": 2.1220810942843182, ""amplitude"": 0.6382747362010759, ""fwhm"": 0.031799115031979956}]",2.1220810942843182,0.6382747362010759,0.031799115031979956,,,,,,,,,,,,,,,
5.378798241328773,0.2751454255326775,1,EDS,Gold,"[{""position"": 2.1220810942843182, ""amplitude"": 0.6382747362010759, ""fwhm"": 0.031799115031979956}]",2.1220810942843182,0.6382747362010759,0.031799115031979956,,,,,,,,,,,,,,,
5.388519785051294,0.27053883348698987,1,EDS,Gold,"[{""position"": 2.1220810942843182, ""amplitude"": 0.6382747362010759, ""fwhm"": 0.031799115031979956}]",2.1220810942843182,0.6382747362010759,0.031799115031979956,,,,,,,,,,,,,,,
5.398241328773814,0.27491355054720173,1,EDS,Gold,"[{""position"": 2.1220810942843182, ""amplitude"": 0.6382747362010759, ""fwhm"": 0.031799115031979956}]",2.1220810942843182,0.6382747362010759,0.031799115031979956,,,,,,,,,,,,,,,
5.407962872496335,0.2749285205832332,1,EDS,Gold,"[{""position"": 2.1220810942843182, ""amplitude"": 0.6382747362010759, ""fwhm"": 0.031799115031979956}]",2.1220810942843182,0.6382747362010759,0.031799115031979956,,,,,,,,,,,,,,,
5.417684416218856,0.2692107632593493,1,EDS,Gold,"[{""position"": 2.1220810942843182, ""amplitude"": 0.6382747362010759, ""fwhm"": 0.031799115031979956}]",2.1220810942843182,0.6382747362010759,0.031799115031979956,,,,,,,,,,,,,,,
5.427405959941376,0.2742805047221287,1,EDS,Gold,"[{""position"": 2.1220810942843182, ""amplitude"": 0.6382747362010759, ""fwhm"": 0.031799115031979956}]",2.1220810942843182,0.6382747362010759,0.031799115031979956,,,,,,,,,,,,,,,
5.4371275036638975,0.27390902306750586,1,EDS,Gold,"[{""position"": 2.1220810942843182, ""amplitude"": 0.6382747362010759, ""fwhm"": 0.031799115031979956}]",2.1220810942843182,0.6382747362010759,0.031799115031979956,,,,,,,,,,,,,,,
5.446849047386419,0.269277766492347,1,EDS,Gold,"[{""position"": 2.1220810942843182, ""amplitude"": 0.6382747362010759, ""fwhm"": 0.031799115031979956}]",2.1220810942843182,0.6382747362010759,0.031799115031979956,,,,,,,,,,,,,,,
5.456570591108939,0.27358870256683276,1,EDS,Gold,"[{""position"": 2.1220810942843182, ""amplitude"": 0.6382747362010759, ""fwhm"": 0.031799115031979956}]",2.1220810942843182,0.6382747362010759,0.031799115031979956,,,,,,,,,,,,,,,
5.46629213483146,0.2783707272071431,1,EDS,Gold,"[{""position"": 2.1220810942843182, ""amplitude"": 0.6382747362010759, ""fwhm"": 0.031799115031979956}]",2.1220810942843182,0.6382747362010759,0.031799115031979956,,,,,,,,,,,,,,,
5.47601367855398,0.27275890237646555,1,EDS,Gold,"[{""position"": 2.1220810942843182, ""amplitude"": 0.6382747362010759, ""fwhm"": 0.031799115031979956}]",2.1220810942843182,0.6382747362010759,0.031799115031979956,,,,,,,,,,,,,,,
5.485735222276501,0.26746553531131556,1,EDS,Gold,"[{""position"": 2.1220810942843182, ""amplitude"": 0.6382747362010759, ""fwhm"": 0.031799115031979956}]",2.1220810942843182,0.6382747362010759,0.031799115031979956,,,,,,,,,,,,,,,
5.495456765999022,0.2772338821417167,1,EDS,Gold,"[{""position"": 2.1220810942843182, ""amplitude"": 0.6382747362010759, ""fwhm"": 0.031799115031979956}]",2.1220810942843182,0.6382747362010759,0.031799115031979956,,,,,,,,,,,,,,,
5.5051783097215425,0.2673671278224948,1,EDS,Gold,"[{""position"": 2.1220810942843182, ""amplitude"": 0.6382747362010759, ""fwhm"": 0.031799115031979956}]",2.1220810942843182,0.6382747362010759,0.031799115031979956,,,,,,,,,,,,,,,
5.514899853444064,0.26672362037726294,1,EDS,Gold,"[{""position"": 2.1220810942843182, ""amplitude"": 0.6382747362010759, ""fwhm"": 0.031799115031979956}]",2.1220810942843182,0.6382747362010759,0.031799115031979956,,,,,,,,,,,,,,,
5.524621397166585,0.26680165255082444,1,EDS,Gold,"[{""position"": 2.1220810942843182, ""amplitude"": 0.6382747362010759, ""fwhm"": 0.031799115031979956}]",2.1220810942843182,0.6382747362010759,0.031799115031979956,,,,,,,,,,,,,,,
5.534342940889105,0.2823878141585615,1,EDS,Gold,"[{""position"": 2.1220810942843182, ""amplitude"": 0.6382747362010759, ""fwhm"": 0.031799115031979956}]",2.1220810942843182,0.6382747362010759,0.031799115031979956,,,,,,,,,,,,,,,
5.544064484611626,0.2765600812076838,1,EDS,Gold,"[{""position"": 2.1220810942843182, ""amplitude"": 0.6382747362010759, ""fwhm"": 0.031799115031979956}]",2.1220810942843182,0.6382747362010759,0.031799115031979956,,,,,,,,,,,,,,,
5.553786028334146,0.28573559925653486,1,EDS,Gold,"[{""position"": 2.1220810942843182, ""amplitude"": 0.6382747362010759, ""fwhm"": 0.031799115031979956}]",2.1220810942843182,0.6382747362010759,0.031799115031979956,,,,,,,,,,,,,,,
5.563507572056667,0.26619922371098914,1,EDS,Gold,"[{""position"": 2.1220810942843182, ""amplitude"": 0.6382747362010759, ""fwhm"": 0.031799115031979956}]",2.1220810942843182,0.6382747362010759,0.031799115031979956,,,,,,,,,,,,,,,
5.5732291157791884,0.2701796244453205,1,EDS,Gold,"[{""position"": 2.1220810942843182, ""amplitude"": 0.6382747362010759, ""fwhm"": 0.031799115031979956}]",2.1220810942843182,0.6382747362010759,0.031799115031979956,,,,,,,,,,,,,,,
5.582950659501709,0.2741500917537148,1,EDS,Gold,"[{""position"": 2.1220810942843182, ""amplitude"": 0.6382747362010759, ""fwhm"": 0.031799115031979956}]",2.1220810942843182,0.6382747362010759,0.031799115031979956,,,,,,,,,,,,,,,
5.59267220322423,0.26937826429425493,1,EDS,Gold,"[{""position"": 2.1220810942843182, ""amplitude"": 0.6382747362010759, ""fwhm"": 0.031799115031979956}]",2.1220810942843182,0.6382747362010759,0.031799115031979956,,,,,,,,,,,,,,,
5.602393746946751,0.26371133778082684,1,EDS,Gold,"[{""position"": 2.1220810942843182, ""amplitude"": 0.6382747362010759, ""fwhm"": 0.031799115031979956}]",2.1220810942843182,0.6382747362010759,0.031799115031979956,,,,,,,,,,,,,,,
5.612115290669271,0.26417061689119414,1,EDS,Gold,"[{""position"": 2.1220810942843182, ""amplitude"": 0.6382747362010759, ""fwhm"": 0.031799115031979956}]",2.1220810942843182,0.6382747362010759,0.031799115031979956,,,,,,,,,,,,,,,
5.621836834391792,0.2690863136152361,1,EDS,Gold,"[{""position"": 2.1220810942843182, ""amplitude"": 0.6382747362010759, ""fwhm"": 0.031799115031979956}]",2.1220810942843182,0.6382747362010759,0.031799115031979956,,,,,,,,,,,,,,,
5.631558378114312,0.26461096852955635,1,EDS,Gold,"[{""position"": 2.1220810942843182, ""amplitude"": 0.6382747362010759, ""fwhm"": 0.031799115031979956}]",2.1220810942843182,0.6382747362010759,0.031799115031979956,,,,,,,,,,,,,,,
5.6412799218368335,0.2737134015035479,1,EDS,Gold,"[{""position"": 2.1220810942843182, ""amplitude"": 0.6382747362010759, ""fwhm"": 0.031799115031979956}]",2.1220810942843182,0.6382747362010759,0.031799115031979956,,,,,,,,,,,,,,,
5.651001465559355,0.268195648746815,1,EDS,Gold,"[{""position"": 2.1220810942843182, ""amplitude"": 0.6382747362010759, ""fwhm"": 0.031799115031979956}]",2.1220810942843182,0.6382747362010759,0.031799115031979956,,,,,,,,,,,,,,,
5.660723009281875,0.26343175968819316,1,EDS,Gold,"[{""position"": 2.1220810942843182, ""amplitude"": 0.6382747362010759, ""fwhm"": 0.031799115031979956}]",2.1220810942843182,0.6382747362010759,0.031799115031979956,,,,,,,,,,,,,,,
5.670444553004396,0.2617342552678418,1,EDS,Gold,"[{""position"": 2.1220810942843182, ""amplitude"": 0.6382747362010759, ""fwhm"": 0.031799115031979956}]",2.1220810942843182,0.6382747362010759,0.031799115031979956,,,,,,,,,,,,,,,
5.680166096726917,0.26263130494502185,1,EDS,Gold,"[{""position"": 2.1220810942843182, ""amplitude"": 0.6382747362010759, ""fwhm"": 0.031799115031979956}]",2.1220810942843182,0.6382747362010759,0.031799115031979956,,,,,,,,,,,,,,,
5.689887640449437,0.26762439354282724,1,EDS,Gold,"[{""position"": 2.1220810942843182, ""amplitude"": 0.6382747362010759, ""fwhm"": 0.031799115031979956}]",2.1220810942843182,0.6382747362010759,0.031799115031979956,,,,,,,,,,,,,,,
5.699609184171958,0.2713006280218374,1,EDS,Gold,"[{""position"": 2.1220810942843182, ""amplitude"": 0.6382747362010759, ""fwhm"": 0.031799115031979956}]",2.1220810942843182,0.6382747362010759,0.031799115031979956,,,,,,,,,,,,,,,
5.7093307278944785,0.2622803801249146,1,EDS,Gold,"[{""position"": 2.1220810942843182, ""amplitude"": 0.6382747362010759, ""fwhm"": 0.031799115031979956}]",2.1220810942843182,0.6382747362010759,0.031799115031979956,,,,,,,,,,,,,,,
5.719052271617,0.266639286349173,1,EDS,Gold,"[{""position"": 2.1220810942843182, ""amplitude"": 0.6382747362010759, ""fwhm"": 0.031799115031979956}]",2.1220810942843182,0.6382747362010759,0.031799115031979956,,,,,,,,,,,,,,,
5.728773815339521,0.2710224252812157,1,EDS,Gold,"[{""position"": 2.1220810942843182, ""amplitude"": 0.6382747362010759, ""fwhm"": 0.031799115031979956}]",2.1220810942843182,0.6382747362010759,0.031799115031979956,,,,,,,,,,,,,,,
5.738495359062041,0.27625746468339035,1,EDS,Gold,"[{""position"": 2.1220810942843182, ""amplitude"": 0.6382747362010759, ""fwhm"": 0.031799115031979956}]",2.1220810942843182,0.6382747362010759,0.031799115031979956,,,,,,,,,,,,,,,
5.748216902784562,0.2617713052527081,1,EDS,Gold,"[{""position"": 2.1220810942843182, ""amplitude"": 0.6382747362010759, ""fwhm"": 0.031799115031979956}]",2.1220810942843182,0.6382747362010759,0.031799115031979956,,,,,,,,,,,,,,,
5.757938446507082,0.26052285451525986,1,EDS,Gold,"[{""position"": 2.1220810942843182, ""amplitude"": 0.6382747362010759, ""fwhm"": 0.031799115031979956}]",2.1220810942843182,0.6382747362010759,0.031799115031979956,,,,,,,,,,,,,,,
5.767659990229603,0.2652933767394991,1,EDS,Gold,"[{""position"": 2.1220810942843182, ""amplitude"": 0.6382747362010759, ""fwhm"": 0.031799115031979956}]",2.1220810942843182,0.6382747362010759,0.031799115031979956,,,,,,,,,,,,,,,
5.777381533952124,0.26469784050535805,1,EDS,Gold,"[{""position"": 2.1220810942843182, ""amplitude"": 0.6382747362010759, ""fwhm"": 0.031799115031979956}]",2.1220810942843182,0.6382747362010759,0.031799115031979956,,,,,,,,,,,,,,,
5.787103077674645,0.26925214152063304,1,EDS,Gold,"[{""position"": 2.1220810942843182, ""amplitude"": 0.6382747362010759, ""fwhm"": 0.031799115031979956}]",2.1220810942843182,0.6382747362010759,0.031799115031979956,,,,,,,,,,,,,,,
5.796824621397166,0.264785453477029,1,EDS,Gold,"[{""position"": 2.1220810942843182, ""amplitude"": 0.6382747362010759, ""fwhm"": 0.031799115031979956}]",2.1220810942843182,0.6382747362010759,0.031799115031979956,,,,,,,,,,,,,,,
5.806546165119687,0.25872676842652303,1,EDS,Gold,"[{""position"": 2.1220810942843182, ""amplitude"": 0.6382747362010759, ""fwhm"": 0.031799115031979956}]",2.1220810942843182,0.6382747362010759,0.031799115031979956,,,,,,,,,,,,,,,
5.816267708842207,0.2589040450018069,1,EDS,Gold,"[{""position"": 2.1220810942843182, ""amplitude"": 0.6382747362010759, ""fwhm"": 0.031799115031979956}]",2.1220810942843182,0.6382747362010759,0.031799115031979956,,,,,,,,,,,,,,,
5.825989252564728,0.258382882314285,1,EDS,Gold,"[{""position"": 2.1220810942843182, ""amplitude"": 0.6382747362010759, ""fwhm"": 0.031799115031979956}]",2.1220810942843182,0.6382747362010759,0.031799115031979956,,,,,,,,,,,,,,,
5.835710796287248,0.26357366630223916,1,EDS,Gold,"[{""position"": 2.1220810942843182, ""amplitude"": 0.6382747362010759, ""fwhm"": 0.031799115031979956}]",2.1220810942843182,0.6382747362010759,0.031799115031979956,,,,,,,,,,,,,,,
5.845432340009769,0.2582432925130983,1,EDS,Gold,"[{""position"": 2.1220810942843182, ""amplitude"": 0.6382747362010759, ""fwhm"": 0.031799115031979956}]",2.1220810942843182,0.6382747362010759,0.031799115031979956,,,,,,,,,,,,,,,
5.8551538837322905,0.26831436258555796,1,EDS,Gold,"[{""position"": 2.1220810942843182, ""amplitude"": 0.6382747362010759, ""fwhm"": 0.031799115031979956}]",2.1220810942843182,0.6382747362010759,0.031799115031979956,,,,,,,,,,,,,,,
5.864875427454811,0.2623207451882887,1,EDS,Gold,"[{""position"": 2.1220810942843182, ""amplitude"": 0.6382747362010759, ""fwhm"": 0.031799115031979956}]",2.1220810942843182,0.6382747362010759,0.031799115031979956,,,,,,,,,,,,,,,
5.874596971177332,0.2621723434173191,1,EDS,Gold,"[{""position"": 2.1220810942843182, ""amplitude"": 0.6382747362010759, ""fwhm"": 0.031799115031979956}]",2.1220810942843182,0.6382747362010759,0.031799115031979956,,,,,,,,,,,,,,,
5.884318514899853,0.25657509675046164,1,EDS,Gold,"[{""position"": 2.1220810942843182, ""amplitude"": 0.6382747362010759, ""fwhm"": 0.031799115031979956}]",2.1220810942843182,0.6382747362010759,0.031799115031979956,,,,,,,,,,,,,,,
5.894040058622373,0.25656567657240453,1,EDS,Gold,"[{""position"": 2.1220810942843182, ""amplitude"": 0.6382747362010759, ""fwhm"": 0.031799115031979956}]",2.1220810942843182,0.6382747362010759,0.031799115031979956,,,,,,,,,,,,,,,
5.903761602344894,0.2666919275733884,1,EDS,Gold,"[{""position"": 2.1220810942843182, ""amplitude"": 0.6382747362010759, ""fwhm"": 0.031799115031979956}]",2.1220810942843182,0.6382747362010759,0.031799115031979956,,,,,,,,,,,,,,,
5.913483146067414,0.276609129214588,1,EDS,Gold,"[{""position"": 2.1220810942843182, ""amplitude"": 0.6382747362010759, ""fwhm"": 0.031799115031979956}]",2.1220810942843182,0.6382747362010759,0.031799115031979956,,,,,,,,,,,,,,,
5.9232046897899355,0.2655527141246064,1,EDS,Gold,"[{""position"": 2.1220810942843182, ""amplitude"": 0.6382747362010759, ""fwhm"": 0.031799115031979956}]",2.1220810942843182,0.6382747362010759,0.031799115031979956,,,,,,,,,,,,,,,
5.932926233512457,0.25613743186077964,1,EDS,Gold,"[{""position"": 2.1220810942843182, ""amplitude"": 0.6382747362010759, ""fwhm"": 0.031799115031979956}]",2.1220810942843182,0.6382747362010759,0.031799115031979956,,,,,,,,,,,,,,,
5.942647777234977,0.2561046384745539,1,EDS,Gold,"[{""position"": 2.1220810942843182, ""amplitude"": 0.6382747362010759, ""fwhm"": 0.031799115031979956}]",2.1220810942843182,0.6382747362010759,0.031799115031979956,,,,,,,,,,,,,,,
5.952369320957498,0.2653964125385042,1,EDS,Gold,"[{""position"": 2.1220810942843182, ""amplitude"": 0.6382747362010759, ""fwhm"": 0.031799115031979956}]",2.1220810942843182,0.6382747362010759,0.031799115031979956,,,,,,,,,,,,,,,
5.962090864680019,0.26082556534942775,1,EDS,Gold,"[{""position"": 2.1220810942843182, ""amplitude"": 0.6382747362010759, ""fwhm"": 0.031799115031979956}]",2.1220810942843182,0.6382747362010759,0.031799115031979956,,,,,,,,,,,,,,,
5.971812408402539,0.25430934901362734,1,EDS,Gold,"[{""position"": 2.1220810942843182, ""amplitude"": 0.6382747362010759, ""fwhm"": 0.031799115031979956}]",2.1220810942843182,0.6382747362010759,0.031799115031979956,,,,,,,,,,,,,,,
5.98153395212506,0.2588237221192286,1,EDS,Gold,"[{""position"": 2.1220810942843182, ""amplitude"": 0.6382747362010759, ""fwhm"": 0.031799115031979956}]",2.1220810942843182,0.6382747362010759,0.031799115031979956,,,,,,,,,,,,,,,
5.9912554958475805,0.253308121318849,1,EDS,Gold,"[{""position"": 2.1220810942843182, ""amplitude"": 0.6382747362010759, ""fwhm"": 0.031799115031979956}]",2.1220810942843182,0.6382747362010759,0.031799115031979956,,,,,,,,,,,,,,,
6.000977039570102,0.2645934355956676,1,EDS,Gold,"[{""position"": 2.1220810942843182, ""amplitude"": 0.6382747362010759, ""fwhm"": 0.031799115031979956}]",2.1220810942843182,0.6382747362010759,0.031799115031979956,,,,,,,,,,,,,,,
6.010698583292623,0.25893220212757695,1,EDS,Gold,"[{""position"": 2.1220810942843182, ""amplitude"": 0.6382747362010759, ""fwhm"": 0.031799115031979956}]",2.1220810942843182,0.6382747362010759,0.031799115031979956,,,,,,,,,,,,,,,
6.020420127015143,0.2533331682491514,1,EDS,Gold,"[{""position"": 2.1220810942843182, ""amplitude"": 0.6382747362010759, ""fwhm"": 0.031799115031979956}]",2.1220810942843182,0.6382747362010759,0.031799115031979956,,,,,,,,,,,,,,,
6.030141670737664,0.25322841291452775,1,EDS,Gold,"[{""position"": 2.1220810942843182, ""amplitude"": 0.6382747362010759, ""fwhm"": 0.031799115031979956}]",2.1220810942843182,0.6382747362010759,0.031799115031979956,,,,,,,,,,,,,,,
6.039863214460184,0.2573003339848071,1,EDS,Gold,"[{""position"": 2.1220810942843182, ""amplitude"": 0.6382747362010759, ""fwhm"": 0.031799115031979956}]",2.1220810942843182,0.6382747362010759,0.031799115031979956,,,,,,,,,,,,,,,
6.049584758182705,0.2687253992292983,1,EDS,Gold,"[{""position"": 2.1220810942843182, ""amplitude"": 0.6382747362010759, ""fwhm"": 0.031799115031979956}]",2.1220810942843182,0.6382747362010759,0.031799115031979956,,,,,,,,,,,,,,,
6.0593063019052265,0.26236634719307833,1,EDS,Gold,"[{""position"": 2.1220810942843182, ""amplitude"": 0.6382747362010759, ""fwhm"": 0.031799115031979956}]",2.1220810942843182,0.6382747362010759,0.031799115031979956,,,,,,,,,,,,,,,
6.069027845627747,0.25209320581692846,1,EDS,Gold,"[{""position"": 2.1220810942843182, ""amplitude"": 0.6382747362010759, ""fwhm"": 0.031799115031979956}]",2.1220810942843182,0.6382747362010759,0.031799115031979956,,,,,,,,,,,,,,,
6.078749389350268,0.25212080572027096,1,EDS,Gold,"[{""position"": 2.1220810942843182, ""amplitude"": 0.6382747362010759, ""fwhm"": 0.031799115031979956}]",2.1220810942843182,0.6382747362010759,0.031799115031979956,,,,,,,,,,,,,,,
6.088470933072789,0.2567411365500518,1,EDS,Gold,"[{""position"": 2.1220810942843182, ""amplitude"": 0.6382747362010759, ""fwhm"": 0.031799115031979956}]",2.1220810942843182,0.6382747362010759,0.031799115031979956,,,,,,,,,,,,,,,
6.098192476795309,0.25135553543455424,1,EDS,Gold,"[{""position"": 2.1220810942843182, ""amplitude"": 0.6382747362010759, ""fwhm"": 0.031799115031979956}]",2.1220810942843182,0.6382747362010759,0.031799115031979956,,,,,,,,,,,,,,,
6.10791402051783,0.25561179346102786,1,EDS,Gold,"[{""position"": 2.1220810942843182, ""amplitude"": 0.6382747362010759, ""fwhm"": 0.031799115031979956}]",2.1220810942843182,0.6382747362010759,0.031799115031979956,,,,,,,,,,,,,,,
6.11763556424035,0.25594431715660293,1,EDS,Gold,"[{""position"": 2.1220810942843182, ""amplitude"": 0.6382747362010759, ""fwhm"": 0.031799115031979956}]",2.1220810942843182,0.6382747362010759,0.031799115031979956,,,,,,,,,,,,,,,
6.1273571079628715,0.2613470303469831,1,EDS,Gold,"[{""position"": 2.1220810942843182, ""amplitude"": 0.6382747362010759, ""fwhm"": 0.031799115031979956}]",2.1220810942843182,0.6382747362010759,0.031799115031979956,,,,,,,,,,,,,,,
6.137078651685393,0.25082894740411044,1,EDS,Gold,"[{""position"": 2.1220810942843182, ""amplitude"": 0.6382747362010759, ""fwhm"": 0.031799115031979956}]",2.1220810942843182,0.6382747362010759,0.031799115031979956,,,,,,,,,,,,,,,
6.146800195407913,0.2506816728333033,1,EDS,Gold,"[{""position"": 2.1220810942843182, ""amplitude"": 0.6382747362010759, ""fwhm"": 0.031799115031979956}]",2.1220810942843182,0.6382747362010759,0.031799115031979956,,,,,,,,,,,,,,,
6.156521739130434,0.2544220950750196,1,EDS,Gold,"[{""position"": 2.1220810942843182, ""amplitude"": 0.6382747362010759, ""fwhm"": 0.031799115031979956}]",2.1220810942843182,0.6382747362010759,0.031799115031979956,,,,,,,,,,,,,,,
6.166243282852955,0.24893129694792623,1,EDS,Gold,"[{""position"": 2.1220810942843182, ""amplitude"": 0.6382747362010759, ""fwhm"": 0.031799115031979956}]",2.1220810942843182,0.6382747362010759,0.031799115031979956,,,,,,,,,,,,,,,
6.175964826575475,0.24907508130259853,1,EDS,Gold,"[{""position"": 2.1220810942843182, ""amplitude"": 0.6382747362010759, ""fwhm"": 0.031799115031979956}]",2.1220810942843182,0.6382747362010759,0.031799115031979956,,,,,,,,,,,,,,,
6.185686370297996,0.2538961581469195,1,EDS,Gold,"[{""position"": 2.1220810942843182, ""amplitude"": 0.6382747362010759, ""fwhm"": 0.031799115031979956}]",2.1220810942843182,0.6382747362010759,0.031799115031979956,,,,,,,,,,,,,,,
6.1954079140205165,0.25412236704969593,1,EDS,Gold,"[{""position"": 2.1220810942843182, ""amplitude"": 0.6382747362010759, ""fwhm"": 0.031799115031979956}]",2.1220810942843182,0.6382747362010759,0.031799115031979956,,,,,,,,,,,,,,,
6.205129457743038,0.25253978938625565,1,EDS,Gold,"[{""position"": 2.1220810942843182, ""amplitude"": 0.6382747362010759, ""fwhm"": 0.031799115031979956}]",2.1220810942843182,0.6382747362010759,0.031799115031979956,,,,,,,,,,,,,,,
6.214851001465559,0.2537983324425512,1,EDS,Gold,"[{""position"": 2.1220810942843182, ""amplitude"": 0.6382747362010759, ""fwhm"": 0.031799115031979956}]",2.1220810942843182,0.6382747362010759,0.031799115031979956,,,,,,,,,,,,,,,
6.224572545188079,0.2527353078080604,1,EDS,Gold,"[{""position"": 2.1220810942843182, ""amplitude"": 0.6382747362010759, ""fwhm"": 0.031799115031979956}]",2.1220810942843182,0.6382747362010759,0.031799115031979956,,,,,,,,,,,,,,,
6.2342940889106,0.2523430311702386,1,EDS,Gold,"[{""position"": 2.1220810942843182, ""amplitude"": 0.6382747362010759, ""fwhm"": 0.031799115031979956}]",2.1220810942843182,0.6382747362010759,0.031799115031979956,,,,,,,,,,,,,,,
6.244015632633121,0.2568010920805371,1,EDS,Gold,"[{""position"": 2.1220810942843182, ""amplitude"": 0.6382747362010759, ""fwhm"": 0.031799115031979956}]",2.1220810942843182,0.6382747362010759,0.031799115031979956,,,,,,,,,,,,,,,
6.253737176355641,0.24623187451845707,1,EDS,Gold,"[{""position"": 2.1220810942843182, ""amplitude"": 0.6382747362010759, ""fwhm"": 0.031799115031979956}]",2.1220810942843182,0.6382747362010759,0.031799115031979956,,,,,,,,,,,,,,,
6.263458720078162,0.2521382413000523,1,EDS,Gold,"[{""position"": 2.1220810942843182, ""amplitude"": 0.6382747362010759, ""fwhm"": 0.031799115031979956}]",2.1220810942843182,0.6382747362010759,0.031799115031979956,,,,,,,,,,,,,,,
6.273180263800683,0.24651823097304446,1,EDS,Gold,"[{""position"": 2.1220810942843182, ""amplitude"": 0.6382747362010759, ""fwhm"": 0.031799115031979956}]",2.1220810942843182,0.6382747362010759,0.031799115031979956,,,,,,,,,,,,,,,
6.282901807523204,0.2556080876981592,1,EDS,Gold,"[{""position"": 2.1220810942843182, ""amplitude"": 0.6382747362010759, ""fwhm"": 0.031799115031979956}]",2.1220810942843182,0.6382747362010759,0.031799115031979956,,,,,,,,,,,,,,,
6.292623351245725,0.25034007643775197,1,EDS,Gold,"[{""position"": 2.1220810942843182, ""amplitude"": 0.6382747362010759, ""fwhm"": 0.031799115031979956}]",2.1220810942843182,0.6382747362010759,0.031799115031979956,,,,,,,,,,,,,,,
6.302344894968245,0.25052801351477266,1,EDS,Gold,"[{""position"": 2.1220810942843182, ""amplitude"": 0.6382747362010759, ""fwhm"": 0.031799115031979956}]",2.1220810942843182,0.6382747362010759,0.031799115031979956,,,,,,,,,,,,,,,
6.312066438690766,0.26121024759349004,1,EDS,Gold,"[{""position"": 2.1220810942843182, ""amplitude"": 0.6382747362010759, ""fwhm"": 0.031799115031979956}]",2.1220810942843182,0.6382747362010759,0.031799115031979956,,,,,,,,,,,,,,,
6.321787982413287,0.2450324928078971,1,EDS,Gold,"[{""position"": 2.1220810942843182, ""amplitude"": 0.6382747362010759, ""fwhm"": 0.031799115031979956}]",2.1220810942843182,0.6382747362010759,0.031799115031979956,,,,,,,,,,,,,,,
6.331509526135807,0.2491785968204289,1,EDS,Gold,"[{""position"": 2.1220810942843182, ""amplitude"": 0.6382747362010759, ""fwhm"": 0.031799115031979956}]",2.1220810942843182,0.6382747362010759,0.031799115031979956,,,,,,,,,,,,,,,
6.3412310698583285,0.2595072032802,1,EDS,Gold,"[{""position"": 2.1220810942843182, ""amplitude"": 0.6382747362010759, ""fwhm"": 0.031799115031979956}]",2.1220810942843182,0.6382747362010759,0.031799115031979956,,,,,,,,,,,,,,,
6.350952613580849,0.2442284194554406,1,EDS,Gold,"[{""position"": 2.1220810942843182, ""amplitude"": 0.6382747362010759, ""fwhm"": 0.031799115031979956}]",2.1220810942843182,0.6382747362010759,0.031799115031979956,,,,,,,,,,,,,,,
6.36067415730337,0.2428160575739942,1,EDS,Gold,"[{""position"": 2.1220810942843182, ""amplitude"": 0.6382747362010759, ""fwhm"": 0.031799115031979956}]",2.1220810942843182,0.6382747362010759,0.031799115031979956,,,,,,,,,,,,,,,
6.370395701025891,0.24379943889049382,1,EDS,Gold,"[{""position"": 2.1220810942843182, ""amplitude"": 0.6382747362010759, ""fwhm"": 0.031799115031979956}]",2.1220810942843182,0.6382747362010759,0.031799115031979956,,,,,,,,,,,,,,,
6.380117244748411,0.24844967732240925,1,EDS,Gold,"[{""position"": 2.1220810942843182, ""amplitude"": 0.6382747362010759, ""fwhm"": 0.031799115031979956}]",2.1220810942843182,0.6382747362010759,0.031799115031979956,,,,,,,,,,,,,,,
6.389838788470932,0.2486217684783338,1,EDS,Gold,"[{""position"": 2.1220810942843182, ""amplitude"": 0.6382747362010759, ""fwhm"": 0.031799115031979956}]",2.1220810942843182,0.6382747362010759,0.031799115031979956,,,,,,,,,,,,,,,
6.399560332193452,0.24890046952037054,1,EDS,Gold,"[{""position"": 2.1220810942843182, ""amplitude"": 0.6382747362010759, ""fwhm"": 0.031799115031979956}]",2.1220810942843182,0.6382747362010759,0.031799115031979956,,,,,,,,,,,,,,,
6.4092818759159735,0.24329244197033995,1,EDS,Gold,"[{""position"": 2.1220810942843182, ""amplitude"": 0.6382747362010759, ""fwhm"": 0.031799115031979956}]",2.1220810942843182,0.6382747362010759,0.031799115031979956,,,,,,,,,,,,,,,
6.419003419638495,0.2473660885789539,1,EDS,Gold,"[{""position"": 2.1220810942843182, ""amplitude"": 0.6382747362010759, ""fwhm"": 0.031799115031979956}]",2.1220810942843182,0.6382747362010759,0.031799115031979956,,,,,,,,,,,,,,,
6.428724963361015,0.24670343064687786,1,EDS,Gold,"[{""position"": 2.1220810942843182, ""amplitude"": 0.6382747362010759, ""fwhm"": 0.031799115031979956}]",2.1220810942843182,0.6382747362010759,0.031799115031979956,,,,,,,,,,,,,,,
6.438446507083536,0.25317681472032727,1,EDS,Gold,"[{""position"": 2.1220810942843182, ""amplitude"": 0.6382747362010759, ""fwhm"": 0.031799115031979956}]",2.1220810942843182,0.6382747362010759,0.031799115031979956,,,,,,,,,,,,,,,
6.448168050806057,0.24672128764495005,1,EDS,Gold,"[{""position"": 2.1220810942843182, ""amplitude"": 0.6382747362010759, ""fwhm"": 0.031799115031979956}]",2.1220810942843182,0.6382747362010759,0.031799115031979956,,,,,,,,,,,,,,,
6.457889594528577,0.2464330900047383,1,EDS,Gold,"[{""position"": 2.1220810942843182, ""amplitude"": 0.6382747362010759, ""fwhm"": 0.031799115031979956}]",2.1220810942843182,0.6382747362010759,0.031799115031979956,,,,,,,,,,,,,,,
6.467611138251098,0.2611482470466794,1,EDS,Gold,"[{""position"": 2.1220810942843182, ""amplitude"": 0.6382747362010759, ""fwhm"": 0.031799115031979956}]",2.1220810942843182,0.6382747362010759,0.031799115031979956,,,,,,,,,,,,,,,
6.4773326819736186,0.24598640409161965,1,EDS,Gold,"[{""position"": 2.1220810942843182, ""amplitude"": 0.6382747362010759, ""fwhm"": 0.031799115031979956}]",2.1220810942843182,0.6382747362010759,0.031799115031979956,,,,,,,,,,,,,,,
6.48705422569614,0.24555749869694882,1,EDS,Gold,"[{""position"": 2.1220810942843182, ""amplitude"": 0.6382747362010759, ""fwhm"": 0.031799115031979956}]",2.1220810942843182,0.6382747362010759,0.031799115031979956,,,,,,,,,,,,,,,
6.496775769418661,0.2450874582037316,1,EDS,Gold,"[{""position"": 2.1220810942843182, ""amplitude"": 0.6382747362010759, ""fwhm"": 0.031799115031979956}]",2.1220810942843182,0.6382747362010759,0.031799115031979956,,,,,,,,,,,,,,,
6.506497313141181,0.24483302201395626,1,EDS,Gold,"[{""position"": 2.1220810942843182, ""amplitude"": 0.6382747362010759, ""fwhm"": 0.031799115031979956}]",2.1220810942843182,0.6382747362010759,0.031799115031979956,,,,,,,,,,,,,,,
6.516218856863702,0.2548089424636318,1,EDS,Gold,"[{""position"": 2.1220810942843182, ""amplitude"": 0.6382747362010759, ""fwhm"": 0.031799115031979956}]",2.1220810942843182,0.6382747362010759,0.031799115031979956,,,,,,,,,,,,,,,
6.525940400586223,0.24430023342661944,1,EDS,Gold,"[{""position"": 2.1220810942843182, ""amplitude"": 0.6382747362010759, ""fwhm"": 0.031799115031979956}]",2.1220810942843182,0.6382747362010759,0.031799115031979956,,,,,,,,,,,,,,,
6.535661944308743,0.2389528211097096,1,EDS,Gold,"[{""position"": 2.1220810942843182, ""amplitude"": 0.6382747362010759, ""fwhm"": 0.031799115031979956}]",2.1220810942843182,0.6382747362010759,0.031799115031979956,,,,,,,,,,,,,,,
6.5453834880312645,0.2490728508219768,1,EDS,Gold,"[{""position"": 2.1220810942843182, ""amplitude"": 0.6382747362010759, ""fwhm"": 0.031799115031979956}]",2.1220810942843182,0.6382747362010759,0.031799115031979956,,,,,,,,,,,,,,,
6.555105031753785,0.23863453196903175,1,EDS,Gold,"[{""position"": 2.1220810942843182, ""amplitude"": 0.6382747362010759, ""fwhm"": 0.031799115031979956}]",2.1220810942843182,0.6382747362010759,0.031799115031979956,,,,,,,,,,,,,,,
6.564826575476306,0.24419877079929544,1,EDS,Gold,"[{""position"": 2.1220810942843182, ""amplitude"": 0.6382747362010759, ""fwhm"": 0.031799115031979956}]",2.1220810942843182,0.6382747362010759,0.031799115031979956,,,,,,,,,,,,,,,
6.574548119198827,0.23696654604237585,1,EDS,Gold,"[{""position"": 2.1220810942843182, ""amplitude"": 0.6382747362010759, ""fwhm"": 0.031799115031979956}]",2.1220810942843182,0.6382747362010759,0.031799115031979956,,,,,,,,,,,,,,,
6.584269662921347,0.23846856186470786,1,EDS,Gold,"[{""position"": 2.1220810942843182, ""amplitude"": 0.6382747362010759, ""fwhm"": 0.031799115031979956}]",2.1220810942843182,0.6382747362010759,0.031799115031979956,,,,,,,,,,,,,,,
6.593991206643868,0.23827397973568618,1,EDS,Gold,"[{""position"": 2.1220810942843182, ""amplitude"": 0.6382747362010759, ""fwhm"": 0.031799115031979956}]",2.1220810942843182,0.6382747362010759,0.031799115031979956,,,,,,,,,,,,,,,
6.603712750366389,0.2514366313967663,1,EDS,Gold,"[{""position"": 2.1220810942843182, ""amplitude"": 0.6382747362010759, ""fwhm"": 0.031799115031979956}]",2.1220810942843182,0.6382747362010759,0.031799115031979956,,,,,,,,,,,,,,,
6.6134342940889095,0.23698719796860315,1,EDS,Gold,"[{""position"": 2.1220810942843182, ""amplitude"": 0.6382747362010759, ""fwhm"": 0.031799115031979956}]",2.1220810942843182,0.6382747362010759,0.031799115031979956,,,,,,,,,,,,,,,
6.623155837811431,0.25170574621111824,1,EDS,Gold,"[{""position"": 2.1220810942843182, ""amplitude"": 0.6382747362010759, ""fwhm"": 0.031799115031979956}]",2.1220810942843182,0.6382747362010759,0.031799115031979956,,,,,,,,,,,,,,,
6.632877381533951,0.2409479249116595,1,EDS,Gold,"[{""position"": 2.1220810942843182, ""amplitude"": 0.6382747362010759, ""fwhm"": 0.031799115031979956}]",2.1220810942843182,0.6382747362010759,0.031799115031979956,,,,,,,,,,,,,,,
6.642598925256472,0.24097770120519307,1,EDS,Gold,"[{""position"": 2.1220810942843182, ""amplitude"": 0.6382747362010759, ""fwhm"": 0.031799115031979956}]",2.1220810942843182,0.6382747362010759,0.031799115031979956,,,,,,,,,,,,,,,
6.652320468978993,0.2455523223274828,1,EDS,Gold,"[{""position"": 2.1220810942843182, ""amplitude"": 0.6382747362010759, ""fwhm"": 0.031799115031979956}]",2.1220810942843182,0.6382747362010759,0.031799115031979956,,,,,,,,,,,,,,,
6.662042012701513,0.2366379260184664,1,EDS,Gold,"[{""position"": 2.1220810942843182, ""amplitude"": 0.6382747362010759, ""fwhm"": 0.031799115031979956}]",2.1220810942843182,0.6382747362010759,0.031799115031979956,,,,,,,,,,,,,,,
6.671763556424034,0.24098365001433447,1,EDS,Gold,"[{""position"": 2.1220810942843182, ""amplitude"": 0.6382747362010759, ""fwhm"": 0.031799115031979956}]",2.1220810942843182,0.6382747362010759,0.031799115031979956,,,,,,,,,,,,,,,
6.6814851001465545,0.2408742606516961,1,EDS,Gold,"[{""position"": 2.1220810942843182, ""amplitude"": 0.6382747362010759, ""fwhm"": 0.031799115031979956}]",2.1220810942843182,0.6382747362010759,0.031799115031979956,,,,,,,,,,,,,,,
6.691206643869076,0.23534598248849276,1,EDS,Gold,"[{""position"": 2.1220810942843182, ""amplitude"": 0.6382747362010759, ""fwhm"": 0.031799115031979956}]",2.1220810942843182,0.6382747362010759,0.031799115031979956,,,,,,,,,,,,,,,
6.700928187591597,0.23920254490237486,1,EDS,Gold,"[{""position"": 2.1220810942843182, ""amplitude"": 0.6382747362010759, ""fwhm"": 0.031799115031979956}]",2.1220810942843182,0.6382747362010759,0.031799115031979956,,,,,,,,,,,,,,,
6.710649731314117,0.23422001730388545,1,EDS,Gold,"[{""position"": 2.1220810942843182, ""amplitude"": 0.6382747362010759, ""fwhm"": 0.031799115031979956}]",2.1220810942843182,0.6382747362010759,0.031799115031979956,,,,,,,,,,,,,,,
6.720371275036638,0.23443100054505372,1,EDS,Gold,"[{""position"": 2.1220810942843182, ""amplitude"": 0.6382747362010759, ""fwhm"": 0.031799115031979956}]",2.1220810942843182,0.6382747362010759,0.031799115031979956,,,,,,,,,,,,,,,
6.730092818759159,0.23835322429448924,1,EDS,Gold,"[{""position"": 2.1220810942843182, ""amplitude"": 0.6382747362010759, ""fwhm"": 0.031799115031979956}]",2.1220810942843182,0.6382747362010759,0.031799115031979956,,,,,,,,,,,,,,,
6.739814362481679,0.23899969960004575,1,EDS,Gold,"[{""position"": 2.1220810942843182, ""amplitude"": 0.6382747362010759, ""fwhm"": 0.031799115031979956}]",2.1220810942843182,0.6382747362010759,0.031799115031979956,,,,,,,,,,,,,,,
6.7495359062042,0.23828031659196686,1,EDS,Gold,"[{""position"": 2.1220810942843182, ""amplitude"": 0.6382747362010759, ""fwhm"": 0.031799115031979956}]",2.1220810942843182,0.6382747362010759,0.031799115031979956,,,,,,,,,,,,,,,
6.759257449926721,0.2329480612535142,1,EDS,Gold,"[{""position"": 2.1220810942843182, ""amplitude"": 0.6382747362010759, ""fwhm"": 0.031799115031979956}]",2.1220810942843182,0.6382747362010759,0.031799115031979956,,,,,,,,,,,,,,,
6.768978993649242,0.24319275839079144,1,EDS,Gold,"[{""position"": 2.1220810942843182, ""amplitude"": 0.6382747362010759, ""fwhm"": 0.031799115031979956}]",2.1220810942843182,0.6382747362010759,0.031799115031979956,,,,,,,,,,,,,,,
6.778700537371763,0.23279788247606062,1,EDS,Gold,"[{""position"": 2.1220810942843182, ""amplitude"": 0.6382747362010759, ""fwhm"": 0.031799115031979956}]",2.1220810942843182,0.6382747362010759,0.031799115031979956,,,,,,,,,,,,,,,
6.788422081094283,0.23214830733486908,1,EDS,Gold,"[{""position"": 2.1220810942843182, ""amplitude"": 0.6382747362010759, ""fwhm"": 0.031799115031979956}]",2.1220810942843182,0.6382747362010759,0.031799115031979956,,,,,,,,,,,,,,,
6.798143624816804,0.24259830248627584,1,EDS,Gold,"[{""position"": 2.1220810942843182, ""amplitude"": 0.6382747362010759, ""fwhm"": 0.031799115031979956}]",2.1220810942843182,0.6382747362010759,0.031799115031979956,,,,,,,,,,,,,,,
6.807865168539325,0.23127000333241476,1,EDS,Gold,"[{""position"": 2.1220810942843182, ""amplitude"": 0.6382747362010759, ""fwhm"": 0.031799115031979956}]",2.1220810942843182,0.6382747362010759,0.031799115031979956,,,,,,,,,,,,,,,
6.817586712261845,0.2418034458277478,1,EDS,Gold,"[{""position"": 2.1220810942843182, ""amplitude"": 0.6382747362010759, ""fwhm"": 0.031799115031979956}]",2.1220810942843182,0.6382747362010759,0.031799115031979956,,,,,,,,,,,,,,,
6.8273082559843665,0.23152361279818415,1,EDS,Gold,"[{""position"": 2.1220810942843182, ""amplitude"": 0.6382747362010759, ""fwhm"": 0.031799115031979956}]",2.1220810942843182,0.6382747362010759,0.031799115031979956,,,,,,,,,,,,,,,
6.837029799706887,0.2308277077689315,1,EDS,Gold,"[{""position"": 2.1220810942843182, ""amplitude"": 0.6382747362010759, ""fwhm"": 0.031799115031979956}]",2.1220810942843182,0.6382747362010759,0.031799115031979956,,,,,,,,,,,,,,,
6.846751343429408,0.23585914815513628,1,EDS,Gold,"[{""position"": 2.1220810942843182, ""amplitude"": 0.6382747362010759, ""fwhm"": 0.031799115031979956}]",2.1220810942843182,0.6382747362010759,0.031799115031979956,,,,,,,,,,,,,,,
6.856472887151929,0.22984415519059098,1,EDS,Gold,"[{""position"": 2.1220810942843182, ""amplitude"": 0.6382747362010759, ""fwhm"": 0.031799115031979956}]",2.1220810942843182,0.6382747362010759,0.031799115031979956,,,,,,,,,,,,,,,
6.866194430874449,0.23560342597485262,1,EDS,Gold,"[{""position"": 2.1220810942843182, ""amplitude"": 0.6382747362010759, ""fwhm"": 0.031799115031979956}]",2.1220810942843182,0.6382747362010759,0.031799115031979956,,,,,,,,,,,,,,,
6.87591597459697,0.23480977403124753,1,EDS,Gold,"[{""position"": 2.1220810942843182, ""amplitude"": 0.6382747362010759, ""fwhm"": 0.031799115031979956}]",2.1220810942843182,0.6382747362010759,0.031799115031979956,,,,,,,,,,,,,,,
6.885637518319491,0.2293806895202581,1,EDS,Gold,"[{""position"": 2.1220810942843182, ""amplitude"": 0.6382747362010759, ""fwhm"": 0.031799115031979956}]",2.1220810942843182,0.6382747362010759,0.031799115031979956,,,,,,,,,,,,,,,
6.8953590620420115,0.23485448610114285,1,EDS,Gold,"[{""position"": 2.1220810942843182, ""amplitude"": 0.6382747362010759, ""fwhm"": 0.031799115031979956}]",2.1220810942843182,0.6382747362010759,0.031799115031979956,,,,,,,,,,,,,,,
6.905080605764533,0.23875596676113583,1,EDS,Gold,"[{""position"": 2.1220810942843182, ""amplitude"": 0.6382747362010759, ""fwhm"": 0.031799115031979956}]",2.1220810942843182,0.6382747362010759,0.031799115031979956,,,,,,,,,,,,,,,
6.914802149487053,0.2331535280777408,1,EDS,Gold,"[{""position"": 2.1220810942843182, ""amplitude"": 0.6382747362010759, ""fwhm"": 0.031799115031979956}]",2.1220810942843182,0.6382747362010759,0.031799115031979956,,,,,,,,,,,,,,,
6.924523693209574,0.23281392040052323,1,EDS,Gold,"[{""position"": 2.1220810942843182, ""amplitude"": 0.6382747362010759, ""fwhm"": 0.031799115031979956}]",2.1220810942843182,0.6382747362010759,0.031799115031979956,,,,,,,,,,,,,,,
6.934245236932095,0.23356692782723804,1,EDS,Gold,"[{""position"": 2.1220810942843182, ""amplitude"": 0.6382747362010759, ""fwhm"": 0.031799115031979956}]",2.1220810942843182,0.6382747362010759,0.031799115031979956,,,,,,,,,,,,,,,
6.943966780654615,0.2324052805285807,1,EDS,Gold,"[{""position"": 2.1220810942843182, ""amplitude"": 0.6382747362010759, ""fwhm"": 0.031799115031979956}]",2.1220810942843182,0.6382747362010759,0.031799115031979956,,,,,,,,,,,,,,,
6.953688324377136,0.23357079142218568,1,EDS,Gold,"[{""position"": 2.1220810942843182, ""amplitude"": 0.6382747362010759, ""fwhm"": 0.031799115031979956}]",2.1220810942843182,0.6382747362010759,0.031799115031979956,,,,,,,,,,,,,,,
6.963409868099657,0.22648685547817987,1,EDS,Gold,"[{""position"": 2.1220810942843182, ""amplitude"": 0.6382747362010759, ""fwhm"": 0.031799115031979956}]",2.1220810942843182,0.6382747362010759,0.031799115031979956,,,,,,,,,,,,,,,
6.973131411822178,0.23800367379398757,1,EDS,Gold,"[{""position"": 2.1220810942843182, ""amplitude"": 0.6382747362010759, ""fwhm"": 0.031799115031979956}]",2.1220810942843182,0.6382747362010759,0.031799115031979956,,,,,,,,,,,,,,,
6.982852955544699,0.232031446133857,1,EDS,Gold,"[{""position"": 2.1220810942843182, ""amplitude"": 0.6382747362010759, ""fwhm"": 0.031799115031979956}]",2.1220810942843182,0.6382747362010759,0.031799115031979956,,,,,,,,,,,,,,,
6.992574499267219,0.23161604995285828,1,EDS,Gold,"[{""position"": 2.1220810942843182, ""amplitude"": 0.6382747362010759, ""fwhm"": 0.031799115031979956}]",2.1220810942843182,0.6382747362010759,0.031799115031979956,,,,,,,,,,,,,,,
7.00229604298974,0.2261341827224018,1,EDS,Gold,"[{""position"": 2.1220810942843182, ""amplitude"": 0.6382747362010759, ""fwhm"": 0.031799115031979956}]",2.1220810942843182,0.6382747362010759,0.031799115031979956,,,,,,,,,,,,,,,
7.012017586712261,0.23131059881150123,1,EDS,Gold,"[{""position"": 2.1220810942843182, ""amplitude"": 0.6382747362010759, ""fwhm"": 0.031799115031979956}]",2.1220810942843182,0.6382747362010759,0.031799115031979956,,,,,,,,,,,,,,,
7.021739130434781,0.23083404496709806,1,EDS,Gold,"[{""position"": 2.1220810942843182, ""amplitude"": 0.6382747362010759, ""fwhm"": 0.031799115031979956}]",2.1220810942843182,0.6382747362010759,0.031799115031979956,,,,,,,,,,,,,,,
7.0314606741573025,0.22610346321401018,1,EDS,Gold,"[{""position"": 2.1220810942843182, ""amplitude"": 0.6382747362010759, ""fwhm"": 0.031799115031979956}]",2.1220810942843182,0.6382747362010759,0.031799115031979956,,,,,,,,,,,,,,,
7.041182217879823,0.23036566026465768,1,EDS,Gold,"[{""position"": 2.1220810942843182, ""amplitude"": 0.6382747362010759, ""fwhm"": 0.031799115031979956}]",2.1220810942843182,0.6382747362010759,0.031799115031979956,,,,,,,,,,,,,,,
7.050903761602344,0.22511255257149054,1,EDS,Gold,"[{""position"": 2.1220810942843182, ""amplitude"": 0.6382747362010759, ""fwhm"": 0.031799115031979956}]",2.1220810942843182,0.6382747362010759,0.031799115031979956,,,,,,,,,,,,,,,
7.060625305324865,0.23459933757295887,1,EDS,Gold,"[{""position"": 2.1220810942843182, ""amplitude"": 0.6382747362010759, ""fwhm"": 0.031799115031979956}]",2.1220810942843182,0.6382747362010759,0.031799115031979956,,,,,,,,,,,,,,,
7.070346849047385,0.2244740885685559,1,EDS,Gold,"[{""position"": 2.1220810942843182, ""amplitude"": 0.6382747362010759, ""fwhm"": 0.031799115031979956}]",2.1220810942843182,0.6382747362010759,0.031799115031979956,,,,,,,,,,,,,,,
7.080068392769906,0.22437625802843023,1,EDS,Gold,"[{""position"": 2.1220810942843182, ""amplitude"": 0.6382747362010759, ""fwhm"": 0.031799115031979956}]",2.1220810942843182,0.6382747362010759,0.031799115031979956,,,,,,,,,,,,,,,
7.089789936492427,0.22315171537519485,1,EDS,Gold,"[{""position"": 2.1220810942843182, ""amplitude"": 0.6382747362010759, ""fwhm"": 0.031799115031979956}]",2.1220810942843182,0.6382747362010759,0.031799115031979956,,,,,,,,,,,,,,,
7.0995114802149475,0.22305248844796777,1,EDS,Gold,"[{""position"": 2.1220810942843182, ""amplitude"": 0.6382747362010759, ""fwhm"": 0.031799115031979956}]",2.1220810942843182,0.6382747362010759,0.031799115031979956,,,,,,,,,,,,,,,
7.109233023937469,0.22877099511030008,1,EDS,Gold,"[{""position"": 2.1220810942843182, ""amplitude"": 0.6382747362010759, ""fwhm"": 0.031799115031979956}]",2.1220810942843182,0.6382747362010759,0.031799115031979956,,,,,,,,,,,,,,,
7.118954567659989,0.22322985793973432,1,EDS,Gold,"[{""position"": 2.1220810942843182, ""amplitude"": 0.6382747362010759, ""fwhm"": 0.031799115031979956}]",2.1220810942843182,0.6382747362010759,0.031799115031979956,,,,,,,,,,,,,,,
7.12867611138251,0.2227915455074401,1,EDS,Gold,"[{""position"": 2.1220810942843182, ""amplitude"": 0.6382747362010759, ""fwhm"": 0.031799115031979956}]",2.1220810942843182,0.6382747362010759,0.031799115031979956,,,,,,,,,,,,,,,
7.138397655105031,0.22761669277816385,1,EDS,Gold,"[{""position"": 2.1220810942843182, ""amplitude"": 0.6382747362010759, ""fwhm"": 0.031799115031979956}]",2.1220810942843182,0.6382747362010759,0.031799115031979956,,,,,,,,,,,,,,,
7.148119198827551,0.22250172140232652,1,EDS,Gold,"[{""position"": 2.1220810942843182, ""amplitude"": 0.6382747362010759, ""fwhm"": 0.031799115031979956}]",2.1220810942843182,0.6382747362010759,0.031799115031979956,,,,,,,,,,,,,,,
7.157840742550072,0.22681149058593206,1,EDS,Gold,"[{""position"": 2.1220810942843182, ""amplitude"": 0.6382747362010759, ""fwhm"": 0.031799115031979956}]",2.1220810942843182,0.6382747362010759,0.031799115031979956,,,,,,,,,,,,,,,
7.167562286272593,0.23142800034304567,1,EDS,Gold,"[{""position"": 2.1220810942843182, ""amplitude"": 0.6382747362010759, ""fwhm"": 0.031799115031979956}]",2.1220810942843182,0.6382747362010759,0.031799115031979956,,,,,,,,,,,,,,,
7.177283829995114,0.2216178902782,1,EDS,Gold,"[{""position"": 2.1220810942843182, ""amplitude"": 0.6382747362010759, ""fwhm"": 0.031799115031979956}]",2.1220810942843182,0.6382747362010759,0.031799115031979956,,,,,,,,,,,,,,,
7.187005373717635,0.22579188288920168,1,EDS,Gold,"[{""position"": 2.1220810942843182, ""amplitude"": 0.6382747362010759, ""fwhm"": 0.031799115031979956}]",2.1220810942843182,0.6382747362010759,0.031799115031979956,,,,,,,,,,,,,,,
7.196726917440155,0.2361767278749236,1,EDS,Gold,"[{""position"": 2.1220810942843182, ""amplitude"": 0.6382747362010759, ""fwhm"": 0.031799115031979956}]",2.1220810942843182,0.6382747362010759,0.031799115031979956,,,,,,,,,,,,,,,
7.206448461162676,0.2249077573703469,1,EDS,Gold,"[{""position"": 2.1220810942843182, ""amplitude"": 0.6382747362010759, ""fwhm"": 0.031799115031979956}]",2.1220810942843182,0.6382747362010759,0.031799115031979956,,,,,,,,,,,,,,,
7.216170004885197,0.22592855613794943,1,EDS,Gold,"[{""position"": 2.1220810942843182, ""amplitude"": 0.6382747362010759, ""fwhm"": 0.031799115031979956}]",2.1220810942843182,0.6382747362010759,0.031799115031979956,,,,,,,,,,,,,,,
7.225891548607717,0.22539444330134825,1,EDS,Gold,"[{""position"": 2.1220810942843182, ""amplitude"": 0.6382747362010759, ""fwhm"": 0.031799115031979956}]",2.1220810942843182,0.6382747362010759,0.031799115031979956,,,,,,,,,,,,,,,
7.235613092330238,0.22002105403399358,1,EDS,Gold,"[{""position"": 2.1220810942843182, ""amplitude"": 0.6382747362010759, ""fwhm"": 0.031799115031979956}]",2.1220810942843182,0.6382747362010759,0.031799115031979956,,,,,,,,,,,,,,,
7.2453346360527595,0.2250936297939021,1,EDS,Gold,"[{""position"": 2.1220810942843182, ""amplitude"": 0.6382747362010759, ""fwhm"": 0.031799115031979956}]",2.1220810942843182,0.6382747362010759,0.031799115031979956,,,,,,,,,,,,,,,
7.25505617977528,0.24014541764954425,1,EDS,Gold,"[{""position"": 2.1220810942843182, ""amplitude"": 0.6382747362010759, ""fwhm"": 0.031799115031979956}]",2.1220810942843182,0.6382747362010759,0.031799115031979956,,,,,,,,,,,,,,,
7.264777723497801,0.22456643694026968,1,EDS,Gold,"[{""position"": 2.1220810942843182, ""amplitude"": 0.6382747362010759, ""fwhm"": 0.031799115031979956}]",2.1220810942843182,0.6382747362010759,0.031799115031979956,,,,,,,,,,,,,,,
7.274499267220321,0.22294518945008635,1,EDS,Gold,"[{""position"": 2.1220810942843182, ""amplitude"": 0.6382747362010759, ""fwhm"": 0.031799115031979956}]",2.1220810942843182,0.6382747362010759,0.031799115031979956,,,,,,,,,,,,,,,
7.284220810942842,0.22293941316325505,1,EDS,Gold,"[{""position"": 2.1220810942843182, ""amplitude"": 0.6382747362010759, ""fwhm"": 0.031799115031979956}]",2.1220810942843182,0.6382747362010759,0.031799115031979956,,,,,,,,,,,,,,,
7.293942354665363,0.21797779062473308,1,EDS,Gold,"[{""position"": 2.1220810942843182, ""amplitude"": 0.6382747362010759, ""fwhm"": 0.031799115031979956}]",2.1220810942843182,0.6382747362010759,0.031799115031979956,,,,,,,,,,,,,,,
7.303663898387883,0.2280143091234664,1,EDS,Gold,"[{""position"": 2.1220810942843182, ""amplitude"": 0.6382747362010759, ""fwhm"": 0.031799115031979956}]",2.1220810942843182,0.6382747362010759,0.031799115031979956,,,,,,,,,,,,,,,
7.3133854421104045,0.23297544412577725,1,EDS,Gold,"[{""position"": 2.1220810942843182, ""amplitude"": 0.6382747362010759, ""fwhm"": 0.031799115031979956}]",2.1220810942843182,0.6382747362010759,0.031799115031979956,,,,,,,,,,,,,,,
7.323106985832925,0.22211616004934848,1,EDS,Gold,"[{""position"": 2.1220810942843182, ""amplitude"": 0.6382747362010759, ""fwhm"": 0.031799115031979956}]",2.1220810942843182,0.6382747362010759,0.031799115031979956,,,,,,,,,,,,,,,
7.332828529555446,0.22227626069668693,1,EDS,Gold,"[{""position"": 2.1220810942843182, ""amplitude"": 0.6382747362010759, ""fwhm"": 0.031799115031979956}]",2.1220810942843182,0.6382747362010759,0.031799115031979956,,,,,,,,,,,,,,,
7.342550073277967,0.22655934760607688,1,EDS,Gold,"[{""position"": 2.1220810942843182, ""amplitude"": 0.6382747362010759, ""fwhm"": 0.031799115031979956}]",2.1220810942843182,0.6382747362010759,0.031799115031979956,,,,,,,,,,,,,,,
7.352271617000487,0.21635591845070618,1,EDS,Gold,"[{""position"": 2.1220810942843182, ""amplitude"": 0.6382747362010759, ""fwhm"": 0.031799115031979956}]",2.1220810942843182,0.6382747362010759,0.031799115031979956,,,,,,,,,,,,,,,
7.361993160723008,0.22070844176082977,1,EDS,Gold,"[{""position"": 2.1220810942843182, ""amplitude"": 0.6382747362010759, ""fwhm"": 0.031799115031979956}]",2.1220810942843182,0.6382747362010759,0.031799115031979956,,,,,,,,,,,,,,,
7.371714704445529,0.22066549967691027,1,EDS,Gold,"[{""position"": 2.1220810942843182, ""amplitude"": 0.6382747362010759, ""fwhm"": 0.031799115031979956}]",2.1220810942843182,0.6382747362010759,0.031799115031979956,,,,,,,,,,,,,,,
7.3814362481680496,0.21519133856379186,1,EDS,Gold,"[{""position"": 2.1220810942843182, ""amplitude"": 0.6382747362010759, ""fwhm"": 0.031799115031979956}]",2.1220810942843182,0.6382747362010759,0.031799115031979956,,,,,,,,,,,,,,,
7.391157791890571,0.23009743590224668,1,EDS,Gold,"[{""position"": 2.1220810942843182, ""amplitude"": 0.6382747362010759, ""fwhm"": 0.031799115031979956}]",2.1220810942843182,0.6382747362010759,0.031799115031979956,,,,,,,,,,,,,,,
7.400879335613091,0.22578544986434318,1,EDS,Gold,"[{""position"": 2.1220810942843182, ""amplitude"": 0.6382747362010759, ""fwhm"": 0.031799115031979956}]",2.1220810942843182,0.6382747362010759,0.031799115031979956,,,,,,,,,,,,,,,
7.410600879335612,0.22456663442038993,1,EDS,Gold,"[{""position"": 2.1220810942843182, ""amplitude"": 0.6382747362010759, ""fwhm"": 0.031799115031979956}]",2.1220810942843182,0.6382747362010759,0.031799115031979956,,,,,,,,,,,,,,,
7.420322423058133,0.21598856412505982,1,EDS,Gold,"[{""position"": 2.1220810942843182, ""amplitude"": 0.6382747362010759, ""fwhm"": 0.031799115031979956}]",2.1220810942843182,0.6382747362010759,0.031799115031979956,,,,,,,,,,,,,,,
7.430043966780653,0.21970535768999644,1,EDS,Gold,"[{""position"": 2.1220810942843182, ""amplitude"": 0.6382747362010759, ""fwhm"": 0.031799115031979956}]",2.1220810942843182,0.6382747362010759,0.031799115031979956,,,,,,,,,,,,,,,
7.439765510503174,0.2192877058219127,1,EDS,Gold,"[{""position"": 2.1220810942843182, ""amplitude"": 0.6382747362010759, ""fwhm"": 0.031799115031979956}]",2.1220810942843182,0.6382747362010759,0.031799115031979956,,,,,,,,,,,,,,,
7.4494870542256955,0.22352260991599007,1,EDS,Gold,"[{""position"": 2.1220810942843182, ""amplitude"": 0.6382747362010759, ""fwhm"": 0.031799115031979956}]",2.1220810942843182,0.6382747362010759,0.031799115031979956,,,,,,,,,,,,,,,
7.459208597948216,0.21398776817349552,1,EDS,Gold,"[{""position"": 2.1220810942843182, ""amplitude"": 0.6382747362010759, ""fwhm"": 0.031799115031979956}]",2.1220810942843182,0.6382747362010759,0.031799115031979956,,,,,,,,,,,,,,,
7.468930141670737,0.2131125441471369,1,EDS,Gold,"[{""position"": 2.1220810942843182, ""amplitude"": 0.6382747362010759, ""fwhm"": 0.031799115031979956}]",2.1220810942843182,0.6382747362010759,0.031799115031979956,,,,,,,,,,,,,,,
7.478651685393257,0.22317049920917081,1,EDS,Gold,"[{""position"": 2.1220810942843182, ""amplitude"": 0.6382747362010759, ""fwhm"": 0.031799115031979956}]",2.1220810942843182,0.6382747362010759,0.031799115031979956,,,,,,,,,,,,,,,
7.488373229115778,0.21905138002543553,1,EDS,Gold,"[{""position"": 2.1220810942843182, ""amplitude"": 0.6382747362010759, ""fwhm"": 0.031799115031979956}]",2.1220810942843182,0.6382747362010759,0.031799115031979956,,,,,,,,,,,,,,,
7.498094772838299,0.22252342615657433,1,EDS,Gold,"[{""position"": 2.1220810942843182, ""amplitude"": 0.6382747362010759, ""fwhm"": 0.031799115031979956}]",2.1220810942843182,0.6382747362010759,0.031799115031979956,,,,,,,,,,,,,,,
7.507816316560819,0.21784025066418644,1,EDS,Gold,"[{""position"": 2.1220810942843182, ""amplitude"": 0.6382747362010759, ""fwhm"": 0.031799115031979956}]",2.1220810942843182,0.6382747362010759,0.031799115031979956,,,,,,,,,,,,,,,
7.5175378602833405,0.21169225523267457,1,EDS,Gold,"[{""position"": 2.1220810942843182, ""amplitude"": 0.6382747362010759, ""fwhm"": 0.031799115031979956}]",2.1220810942843182,0.6382747362010759,0.031799115031979956,,,,,,,,,,,,,,,
7.527259404005862,0.21173610878789742,1,EDS,Gold,"[{""position"": 2.1220810942843182, ""amplitude"": 0.6382747362010759, ""fwhm"": 0.031799115031979956}]",2.1220810942843182,0.6382747362010759,0.031799115031979956,,,,,,,,,,,,,,,
7.536980947728382,0.2123178431030881,1,EDS,Gold,"[{""position"": 2.1220810942843182, ""amplitude"": 0.6382747362010759, ""fwhm"": 0.031799115031979956}]",2.1220810942843182,0.6382747362010759,0.031799115031979956,,,,,,,,,,,,,,,
7.546702491450903,0.21591189324594917,1,EDS,Gold,"[{""position"": 2.1220810942843182, ""amplitude"": 0.6382747362010759, ""fwhm"": 0.031799115031979956}]",2.1220810942843182,0.6382747362010759,0.031799115031979956,,,,,,,,,,,,,,,
7.556424035173423,0.21679317098593603,1,EDS,Gold,"[{""position"": 2.1220810942843182, ""amplitude"": 0.6382747362010759, ""fwhm"": 0.031799115031979956}]",2.1220810942843182,0.6382747362010759,0.031799115031979956,,,,,,,,,,,,,,,
7.566145578895944,0.21099858316438821,1,EDS,Gold,"[{""position"": 2.1220810942843182, ""amplitude"": 0.6382747362010759, ""fwhm"": 0.031799115031979956}]",2.1220810942843182,0.6382747362010759,0.031799115031979956,,,,,,,,,,,,,,,
7.575867122618465,0.2201256954395602,1,EDS,Gold,"[{""position"": 2.1220810942843182, ""amplitude"": 0.6382747362010759, ""fwhm"": 0.031799115031979956}]",2.1220810942843182,0.6382747362010759,0.031799115031979956,,,,,,,,,,,,,,,
7.5855886663409855,0.22041839376740754,1,EDS,Gold,"[{""position"": 2.1220810942843182, ""amplitude"": 0.6382747362010759, ""fwhm"": 0.031799115031979956}]",2.1220810942843182,0.6382747362010759,0.031799115031979956,,,,,,,,,,,,,,,
7.595310210063507,0.21530690186228696,1,EDS,Gold,"[{""position"": 2.1220810942843182, ""amplitude"": 0.6382747362010759, ""fwhm"": 0.031799115031979956}]",2.1220810942843182,0.6382747362010759,0.031799115031979956,,,,,,,,,,,,,,,
7.605031753786027,0.20986869002277297,1,EDS,Gold,"[{""position"": 2.1220810942843182, ""amplitude"": 0.6382747362010759, ""fwhm"": 0.031799115031979956}]",2.1220810942843182,0.6382747362010759,0.031799115031979956,,,,,,,,,,,,,,,
7.614753297508548,0.21355979259157845,1,EDS,Gold,"[{""position"": 2.1220810942843182, ""amplitude"": 0.6382747362010759, ""fwhm"": 0.031799115031979956}]",2.1220810942843182,0.6382747362010759,0.031799115031979956,,,,,,,,,,,,,,,
7.624474841231069,0.2186860200830679,1,EDS,Gold,"[{""position"": 2.1220810942843182, ""amplitude"": 0.6382747362010759, ""fwhm"": 0.031799115031979956}]",2.1220810942843182,0.6382747362010759,0.031799115031979956,,,,,,,,,,,,,,,
7.634196384953589,0.21364034973929144,1,EDS,Gold,"[{""position"": 2.1220810942843182, ""amplitude"": 0.6382747362010759, ""fwhm"": 0.031799115031979956}]",2.1220810942843182,0.6382747362010759,0.031799115031979956,,,,,,,,,,,,,,,
7.64391792867611,0.21344970377498634,1,EDS,Gold,"[{""position"": 2.1220810942843182, ""amplitude"": 0.6382747362010759, ""fwhm"": 0.031799115031979956}]",2.1220810942843182,0.6382747362010759,0.031799115031979956,,,,,,,,,,,,,,,
7.653639472398631,0.22350586376191317,1,EDS,Gold,"[{""position"": 2.1220810942843182, ""amplitude"": 0.6382747362010759, ""fwhm"": 0.031799115031979956}]",2.1220810942843182,0.6382747362010759,0.031799115031979956,,,,,,,,,,,,,,,
7.663361016121152,0.21302385349887484,1,EDS,Gold,"[{""position"": 2.1220810942843182, ""amplitude"": 0.6382747362010759, ""fwhm"": 0.031799115031979956}]",2.1220810942843182,0.6382747362010759,0.031799115031979956,,,,,,,,,,,,,,,
7.673082559843673,0.20703582807883034,1,EDS,Gold,"[{""position"": 2.1220810942843182, ""amplitude"": 0.6382747362010759, ""fwhm"": 0.031799115031979956}]",2.1220810942843182,0.6382747362010759,0.031799115031979956,,,,,,,,,,,,,,,
7.682804103566193,0.20757440879766673,1,EDS,Gold,"[{""position"": 2.1220810942843182, ""amplitude"": 0.6382747362010759, ""fwhm"": 0.031799115031979956}]",2.1220810942843182,0.6382747362010759,0.031799115031979956,,,,,,,,,,,,,,,
7.692525647288714,0.20741070425412927,1,EDS,Gold,"[{""position"": 2.1220810942843182, ""amplitude"": 0.6382747362010759, ""fwhm"": 0.031799115031979956}]",2.1220810942843182,0.6382747362010759,0.031799115031979956,,,,,,,,,,,,,,,
7.702247191011235,0.21711401206505745,1,EDS,Gold,"[{""position"": 2.1220810942843182, ""amplitude"": 0.6382747362010759, ""fwhm"": 0.031799115031979956}]",2.1220810942843182,0.6382747362010759,0.031799115031979956,,,,,,,,,,,,,,,
7.711968734733755,0.20708765847515007,1,EDS,Gold,"[{""position"": 2.1220810942843182, ""amplitude"": 0.6382747362010759, ""fwhm"": 0.031799115031979956}]",2.1220810942843182,0.6382747362010759,0.031799115031979956,,,,,,,,,,,,,,,
7.721690278456276,0.2116981978938306,1,EDS,Gold,"[{""position"": 2.1220810942843182, ""amplitude"": 0.6382747362010759, ""fwhm"": 0.031799115031979956}]",2.1220810942843182,0.6382747362010759,0.031799115031979956,,,,,,,,,,,,,,,
7.7314118221787975,0.21624823795220321,1,EDS,Gold,"[{""position"": 2.1220810942843182, ""amplitude"": 0.6382747362010759, ""fwhm"": 0.031799115031979956}]",2.1220810942843182,0.6382747362010759,0.031799115031979956,,,,,,,,,,,,,,,
7.741133365901318,0.20572514419312243,1,EDS,Gold,"[{""position"": 2.1220810942843182, ""amplitude"": 0.6382747362010759, ""fwhm"": 0.031799115031979956}]",2.1220810942843182,0.6382747362010759,0.031799115031979956,,,,,,,,,,,,,,,
7.750854909623839,0.20470011504791596,1,EDS,Gold,"[{""position"": 2.1220810942843182, ""amplitude"": 0.6382747362010759, ""fwhm"": 0.031799115031979956}]",2.1220810942843182,0.6382747362010759,0.031799115031979956,,,,,,,,,,,,,,,
7.760576453346359,0.2204157936748704,1,EDS,Gold,"[{""position"": 2.1220810942843182, ""amplitude"": 0.6382747362010759, ""fwhm"": 0.031799115031979956}]",2.1220810942843182,0.6382747362010759,0.031799115031979956,,,,,,,,,,,,,,,
7.77029799706888,0.21003797377819192,1,EDS,Gold,"[{""position"": 2.1220810942843182, ""amplitude"": 0.6382747362010759, ""fwhm"": 0.031799115031979956}]",2.1220810942843182,0.6382747362010759,0.031799115031979956,,,,,,,,,,,,,,,
7.780019540791401,0.20979527583557472,1,EDS,Gold,"[{""position"": 2.1220810942843182, ""amplitude"": 0.6382747362010759, ""fwhm"": 0.031799115031979956}]",2.1220810942843182,0.6382747362010759,0.031799115031979956,,,,,,,,,,,,,,,
7.789741084513921,0.2037902122053043,1,EDS,Gold,"[{""position"": 2.1220810942843182, ""amplitude"": 0.6382747362010759, ""fwhm"": 0.031799115031979956}]",2.1220810942843182,0.6382747362010759,0.031799115031979956,,,,,,,,,,,,,,,
7.7994626282364425,0.20860977931809765,1,EDS,Gold,"[{""position"": 2.1220810942843182, ""amplitude"": 0.6382747362010759, ""fwhm"": 0.031799115031979956}]",2.1220810942843182,0.6382747362010759,0.031799115031979956,,,,,,,,,,,,,,,
7.809184171958964,0.20434594563917335,1,EDS,Gold,"[{""position"": 2.1220810942843182, ""amplitude"": 0.6382747362010759, ""fwhm"": 0.031799115031979956}]",2.1220810942843182,0.6382747362010759,0.031799115031979956,,,,,,,,,,,,,,,
7.818905715681484,0.20355623689844646,1,EDS,Gold,"[{""position"": 2.1220810942843182, ""amplitude"": 0.6382747362010759, ""fwhm"": 0.031799115031979956}]",2.1220810942843182,0.6382747362010759,0.031799115031979956,,,,,,,,,,,,,,,
7.828627259404005,0.2186241380645239,1,EDS,Gold,"[{""position"": 2.1220810942843182, ""amplitude"": 0.6382747362010759, ""fwhm"": 0.031799115031979956}]",2.1220810942843182,0.6382747362010759,0.031799115031979956,,,,,,,,,,,,,,,
7.838348803126525,0.20804220340400637,1,EDS,Gold,"[{""position"": 2.1220810942843182, ""amplitude"": 0.6382747362010759, ""fwhm"": 0.031799115031979956}]",2.1220810942843182,0.6382747362010759,0.031799115031979956,,,,,,,,,,,,,,,
7.848070346849046,0.20776977817949682,1,EDS,Gold,"[{""position"": 2.1220810942843182, ""amplitude"": 0.6382747362010759, ""fwhm"": 0.031799115031979956}]",2.1220810942843182,0.6382747362010759,0.031799115031979956,,,,,,,,,,,,,,,
7.857791890571567,0.2079262428528155,1,EDS,Gold,"[{""position"": 2.1220810942843182, ""amplitude"": 0.6382747362010759, ""fwhm"": 0.031799115031979956}]",2.1220810942843182,0.6382747362010759,0.031799115031979956,,,,,,,,,,,,,,,
7.867513434294088,0.20196540445460642,1,EDS,Gold,"[{""position"": 2.1220810942843182, ""amplitude"": 0.6382747362010759, ""fwhm"": 0.031799115031979956}]",2.1220810942843182,0.6382747362010759,0.031799115031979956,,,,,,,,,,,,,,,
7.877234978016609,0.20198168023902388,1,EDS,Gold,"[{""position"": 2.1220810942843182, ""amplitude"": 0.6382747362010759, ""fwhm"": 0.031799115031979956}]",2.1220810942843182,0.6382747362010759,0.031799115031979956,,,,,,,,,,,,,,,
7.886956521739129,0.20144442949594324,1,EDS,Gold,"[{""position"": 2.1220810942843182, ""amplitude"": 0.6382747362010759, ""fwhm"": 0.031799115031979956}]",2.1220810942843182,0.6382747362010759,0.031799115031979956,,,,,,,,,,,,,,,
7.89667806546165,0.2011843248763305,1,EDS,Gold,"[{""position"": 2.1220810942843182, ""amplitude"": 0.6382747362010759, ""fwhm"": 0.031799115031979956}]",2.1220810942843182,0.6382747362010759,0.031799115031979956,,,,,,,,,,,,,,,
7.906399609184171,0.20097031794570494,1,EDS,Gold,"[{""position"": 2.1220810942843182, ""amplitude"": 0.6382747362010759, ""fwhm"": 0.031799115031979956}]",2.1220810942843182,0.6382747362010759,0.031799115031979956,,,,,,,,,,,,,,,
7.916121152906691,0.21094825310807716,1,EDS,Gold,"[{""position"": 2.1220810942843182, ""amplitude"": 0.6382747362010759, ""fwhm"": 0.031799115031979956}]",2.1220810942843182,0.6382747362010759,0.031799115031979956,,,,,,,,,,,,,,,
7.925842696629212,0.22034352224664205,1,EDS,Gold,"[{""position"": 2.1220810942843182, ""amplitude"": 0.6382747362010759, ""fwhm"": 0.031799115031979956}]",2.1220810942843182,0.6382747362010759,0.031799115031979956,,,,,,,,,,,,,,,
7.9355642403517335,0.20089033759348027,1,EDS,Gold,"[{""position"": 2.1220810942843182, ""amplitude"": 0.6382747362010759, ""fwhm"": 0.031799115031979956}]",2.1220810942843182,0.6382747362010759,0.031799115031979956,,,,,,,,,,,,,,,
7.945285784074254,0.20460016827376226,1,EDS,Gold,"[{""position"": 2.1220810942843182, ""amplitude"": 0.6382747362010759, ""fwhm"": 0.031799115031979956}]",2.1220810942843182,0.6382747362010759,0.031799115031979956,,,,,,,,,,,,,,,
7.955007327796775,0.20466142472594295,1,EDS,Gold,"[{""position"": 2.1220810942843182, ""amplitude"": 0.6382747362010759, ""fwhm"": 0.031799115031979956}]",2.1220810942843182,0.6382747362010759,0.031799115031979956,,,,,,,,,,,,,,,
7.964728871519295,0.19926843860009966,1,EDS,Gold,"[{""position"": 2.1220810942843182, ""amplitude"": 0.6382747362010759, ""fwhm"": 0.031799115031979956}]",2.1220810942843182,0.6382747362010759,0.031799115031979956,,,,,,,,,,,,,,,
7.974450415241816,0.20488712151165922,1,EDS,Gold,"[{""position"": 2.1220810942843182, ""amplitude"": 0.6382747362010759, ""fwhm"": 0.031799115031979956}]",2.1220810942843182,0.6382747362010759,0.031799115031979956,,,,,,,,,,,,,,,
7.984171958964337,0.20902238724249725,1,EDS,Gold,"[{""position"": 2.1220810942843182, ""amplitude"": 0.6382747362010759, ""fwhm"": 0.031799115031979956}]",2.1220810942843182,0.6382747362010759,0.031799115031979956,,,,,,,,,,,,,,,
7.993893502686857,0.2091438567842626,1,EDS,Gold,"[{""position"": 2.1220810942843182, ""amplitude"": 0.6382747362010759, ""fwhm"": 0.031799115031979956}]",2.1220810942843182,0.6382747362010759,0.031799115031979956,,,,,,,,,,,,,,,
8.00361504640938,0.20767998073944405,1,EDS,Gold,"[{""position"": 2.1220810942843182, ""amplitude"": 0.6382747362010759, ""fwhm"": 0.031799115031979956}]",2.1220810942843182,0.6382747362010759,0.031799115031979956,,,,,,,,,,,,,,,
8.0133365901319,0.19823515576816522,1,EDS,Gold,"[{""position"": 2.1220810942843182, ""amplitude"": 0.6382747362010759, ""fwhm"": 0.031799115031979956}]",2.1220810942843182,0.6382747362010759,0.031799115031979956,,,,,,,,,,,,,,,
8.02305813385442,0.19825597187858865,1,EDS,Gold,"[{""position"": 2.1220810942843182, ""amplitude"": 0.6382747362010759, ""fwhm"": 0.031799115031979956}]",2.1220810942843182,0.6382747362010759,0.031799115031979956,,,,,,,,,,,,,,,
8.032779677576942,0.20260062290575934,1,EDS,Gold,"[{""position"": 2.1220810942843182, ""amplitude"": 0.6382747362010759, ""fwhm"": 0.031799115031979956}]",2.1220810942843182,0.6382747362010759,0.031799115031979956,,,,,,,,,,,,,,,
8.042501221299462,0.20279190763879618,1,EDS,Gold,"[{""position"": 2.1220810942843182, ""amplitude"": 0.6382747362010759, ""fwhm"": 0.031799115031979956}]",2.1220810942843182,0.6382747362010759,0.031799115031979956,,,,,,,,,,,,,,,
8.052222765021982,0.1967698523973825,1,EDS,Gold,"[{""position"": 2.1220810942843182, ""amplitude"": 0.6382747362010759, ""fwhm"": 0.031799115031979956}]",2.1220810942843182,0.6382747362010759,0.031799115031979956,,,,,,,,,,,,,,,
8.061944308744504,0.20240719438857727,1,EDS,Gold,"[{""position"": 2.1220810942843182, ""amplitude"": 0.6382747362010759, ""fwhm"": 0.031799115031979956}]",2.1220810942843182,0.6382747362010759,0.031799115031979956,,,,,,,,,,,,,,,
8.071665852467024,0.20255412721962934,1,EDS,Gold,"[{""position"": 2.1220810942843182, ""amplitude"": 0.6382747362010759, ""fwhm"": 0.031799115031979956}]",2.1220810942843182,0.6382747362010759,0.031799115031979956,,,,,,,,,,,,,,,
8.081387396189545,0.2010218112234852,1,EDS,Gold,"[{""position"": 2.1220810942843182, ""amplitude"": 0.6382747362010759, ""fwhm"": 0.031799115031979956}]",2.1220810942843182,0.6382747362010759,0.031799115031979956,,,,,,,,,,,,,,,
8.091108939912067,0.19570898568915446,1,EDS,Gold,"[{""position"": 2.1220810942843182, ""amplitude"": 0.6382747362010759, ""fwhm"": 0.031799115031979956}]",2.1220810942843182,0.6382747362010759,0.031799115031979956,,,,,,,,,,,,,,,
8.100830483634587,0.1963331127628903,1,EDS,Gold,"[{""position"": 2.1220810942843182, ""amplitude"": 0.6382747362010759, ""fwhm"": 0.031799115031979956}]",2.1220810942843182,0.6382747362010759,0.031799115031979956,,,,,,,,,,,,,,,
8.110552027357107,0.20111899634791058,1,EDS,Gold,"[{""position"": 2.1220810942843182, ""amplitude"": 0.6382747362010759, ""fwhm"": 0.031799115031979956}]",2.1220810942843182,0.6382747362010759,0.031799115031979956,,,,,,,,,,,,,,,
8.120273571079627,0.19485105470310524,1,EDS,Gold,"[{""position"": 2.1220810942843182, ""amplitude"": 0.6382747362010759, ""fwhm"": 0.031799115031979956}]",2.1220810942843182,0.6382747362010759,0.031799115031979956,,,,,,,,,,,,,,,
8.12999511480215,0.2046257737698411,1,EDS,Gold,"[{""position"": 2.1220810942843182, ""amplitude"": 0.6382747362010759, ""fwhm"": 0.031799115031979956}]",2.1220810942843182,0.6382747362010759,0.031799115031979956,,,,,,,,,,,,,,,
8.13971665852467,0.19941736465234888,1,EDS,Gold,"[{""position"": 2.1220810942843182, ""amplitude"": 0.6382747362010759, ""fwhm"": 0.031799115031979956}]",2.1220810942843182,0.6382747362010759,0.031799115031979956,,,,,,,,,,,,,,,
8.14943820224719,0.1936410083162793,1,EDS,Gold,"[{""position"": 2.1220810942843182, ""amplitude"": 0.6382747362010759, ""fwhm"": 0.031799115031979956}]",2.1220810942843182,0.6382747362010759,0.031799115031979956,,,,,,,,,,,,,,,
8.15915974596971,0.1935684496720893,1,EDS,Gold,"[{""position"": 2.1220810942843182, ""amplitude"": 0.6382747362010759, ""fwhm"": 0.031799115031979956}]",2.1220810942843182,0.6382747362010759,0.031799115031979956,,,,,,,,,,,,,,,
8.168881289692232,0.20825410673693473,1,EDS,Gold,"[{""position"": 2.1220810942843182, ""amplitude"": 0.6382747362010759, ""fwhm"": 0.031799115031979956}]",2.1220810942843182,0.6382747362010759,0.031799115031979956,,,,,,,,,,,,,,,
8.178602833414752,0.19809191994675407,1,EDS,Gold,"[{""position"": 2.1220810942843182, ""amplitude"": 0.6382747362010759, ""fwhm"": 0.031799115031979956}]",2.1220810942843182,0.6382747362010759,0.031799115031979956,,,,,,,,,,,,,,,
8.188324377137272,0.19816460857581253,1,EDS,Gold,"[{""position"": 2.1220810942843182, ""amplitude"": 0.6382747362010759, ""fwhm"": 0.031799115031979956}]",2.1220810942843182,0.6382747362010759,0.031799115031979956,,,,,,,,,,,,,,,
8.198045920859794,0.19301777243395676,1,EDS,Gold,"[{""position"": 2.1220810942843182, ""amplitude"": 0.6382747362010759, ""fwhm"": 0.031799115031979956}]",2.1220810942843182,0.6382747362010759,0.031799115031979956,,,,,,,,,,,,,,,
8.207767464582314,0.20336617094334666,1,EDS,Gold,"[{""position"": 2.1220810942843182, ""amplitude"": 0.6382747362010759, ""fwhm"": 0.031799115031979956}]",2.1220810942843182,0.6382747362010759,0.031799115031979956,,,,,,,,,,,,,,,
8.217489008304835,0.19688691743201375,1,EDS,Gold,"[{""position"": 2.1220810942843182, ""amplitude"": 0.6382747362010759, ""fwhm"": 0.031799115031979956}]",2.1220810942843182,0.6382747362010759,0.031799115031979956,,,,,,,,,,,,,,,
8.227210552027357,0.1925503758134162,1,EDS,Gold,"[{""position"": 2.1220810942843182, ""amplitude"": 0.6382747362010759, ""fwhm"": 0.031799115031979956}]",2.1220810942843182,0.6382747362010759,0.031799115031979956,,,,,,,,,,,,,,,
8.236932095749877,0.19170968383872813,1,EDS,Gold,"[{""position"": 2.1220810942843182, ""amplitude"": 0.6382747362010759, ""fwhm"": 0.031799115031979956}]",2.1220810942843182,0.6382747362010759,0.031799115031979956,,,,,,,,,,,,,,,
8.246653639472397,0.20151338764456514,1,EDS,Gold,"[{""position"": 2.1220810942843182, ""amplitude"": 0.6382747362010759, ""fwhm"": 0.031799115031979956}]",2.1220810942843182,0.6382747362010759,0.031799115031979956,,,,,,,,,,,,,,,
8.256375183194919,0.1965817520063379,1,EDS,Gold,"[{""position"": 2.1220810942843182, ""amplitude"": 0.6382747362010759, ""fwhm"": 0.031799115031979956}]",2.1220810942843182,0.6382747362010759,0.031799115031979956,,,,,,,,,,,,,,,
8.26609672691744,0.19545765146593413,1,EDS,Gold,"[{""position"": 2.1220810942843182, ""amplitude"": 0.6382747362010759, ""fwhm"": 0.031799115031979956}]",2.1220810942843182,0.6382747362010759,0.031799115031979956,,,,,,,,,,,,,,,
8.27581827063996,0.2008951984879498,1,EDS,Gold,"[{""position"": 2.1220810942843182, ""amplitude"": 0.6382747362010759, ""fwhm"": 0.031799115031979956}]",2.1220810942843182,0.6382747362010759,0.031799115031979956,,,,,,,,,,,,,,,
8.28553981436248,0.1905189084098258,1,EDS,Gold,"[{""position"": 2.1220810942843182, ""amplitude"": 0.6382747362010759, ""fwhm"": 0.031799115031979956}]",2.1220810942843182,0.6382747362010759,0.031799115031979956,,,,,,,,,,,,,,,
8.295261358085002,0.200398862019411,1,EDS,Gold,"[{""position"": 2.1220810942843182, ""amplitude"": 0.6382747362010759, ""fwhm"": 0.031799115031979956}]",2.1220810942843182,0.6382747362010759,0.031799115031979956,,,,,,,,,,,,,,,
8.304982901807522,0.19002852472295825,1,EDS,Gold,"[{""position"": 2.1220810942843182, ""amplitude"": 0.6382747362010759, ""fwhm"": 0.031799115031979956}]",2.1220810942843182,0.6382747362010759,0.031799115031979956,,,,,,,,,,,,,,,
8.314704445530042,0.1907785441891454,1,EDS,Gold,"[{""position"": 2.1220810942843182, ""amplitude"": 0.6382747362010759, ""fwhm"": 0.031799115031979956}]",2.1220810942843182,0.6382747362010759,0.031799115031979956,,,,,,,,,,,,,,,
8.324425989252564,0.194041745820584,1,EDS,Gold,"[{""position"": 2.1220810942843182, ""amplitude"": 0.6382747362010759, ""fwhm"": 0.031799115031979956}]",2.1220810942843182,0.6382747362010759,0.031799115031979956,,,,,,,,,,,,,,,
8.334147532975084,0.19881794426225755,1,EDS,Gold,"[{""position"": 2.1220810942843182, ""amplitude"": 0.6382747362010759, ""fwhm"": 0.031799115031979956}]",2.1220810942843182,0.6382747362010759,0.031799115031979956,,,,,,,,,,,,,,,
8.343869076697604,0.1885000795603372,1,EDS,Gold,"[{""position"": 2.1220810942843182, ""amplitude"": 0.6382747362010759, ""fwhm"": 0.031799115031979956}]",2.1220810942843182,0.6382747362010759,0.031799115031979956,,,,,,,,,,,,,,,
8.353590620420126,0.19325776001124492,1,EDS,Gold,"[{""position"": 2.1220810942843182, ""amplitude"": 0.6382747362010759, ""fwhm"": 0.031799115031979956}]",2.1220810942843182,0.6382747362010759,0.031799115031979956,,,,,,,,,,,,,,,
8.363312164142647,0.19294469531037461,1,EDS,Gold,"[{""position"": 2.1220810942843182, ""amplitude"": 0.6382747362010759, ""fwhm"": 0.031799115031979956}]",2.1220810942843182,0.6382747362010759,0.031799115031979956,,,,,,,,,,,,,,,
8.373033707865167,0.19353395694765144,1,EDS,Gold,"[{""position"": 2.1220810942843182, ""amplitude"": 0.6382747362010759, ""fwhm"": 0.031799115031979956}]",2.1220810942843182,0.6382747362010759,0.031799115031979956,,,,,,,,,,,,,,,
8.382755251587689,0.19336904386732676,1,EDS,Gold,"[{""position"": 2.1220810942843182, ""amplitude"": 0.6382747362010759, ""fwhm"": 0.031799115031979956}]",2.1220810942843182,0.6382747362010759,0.031799115031979956,,,,,,,,,,,,,,,
8.392476795310209,0.18715309058427393,1,EDS,Gold,"[{""position"": 2.1220810942843182, ""amplitude"": 0.6382747362010759, ""fwhm"": 0.031799115031979956}]",2.1220810942843182,0.6382747362010759,0.031799115031979956,,,,,,,,,,,,,,,
8.40219833903273,0.20675497883129404,1,EDS,Gold,"[{""position"": 2.1220810942843182, ""amplitude"": 0.6382747362010759, ""fwhm"": 0.031799115031979956}]",2.1220810942843182,0.6382747362010759,0.031799115031979956,,,,,,,,,,,,,,,
8.411919882755251,0.19209703803639694,1,EDS,Gold,"[{""position"": 2.1220810942843182, ""amplitude"": 0.6382747362010759, ""fwhm"": 0.031799115031979956}]",2.1220810942843182,0.6382747362010759,0.031799115031979956,,,,,,,,,,,,,,,
8.421641426477771,0.1913385635478546,1,EDS,Gold,"[{""position"": 2.1220810942843182, ""amplitude"": 0.6382747362010759, ""fwhm"": 0.031799115031979956}]",2.1220810942843182,0.6382747362010759,0.031799115031979956,,,,,,,,,,,,,,,
8.431362970200292,0.18662449796408584,1,EDS,Gold,"[{""position"": 2.1220810942843182, ""amplitude"": 0.6382747362010759, ""fwhm"": 0.031799115031979956}]",2.1220810942843182,0.6382747362010759,0.031799115031979956,,,,,,,,,,,,,,,
8.441084513922812,0.1861466843059286,1,EDS,Gold,"[{""position"": 2.1220810942843182, ""amplitude"": 0.6382747362010759, ""fwhm"": 0.031799115031979956}]",2.1220810942843182,0.6382747362010759,0.031799115031979956,,,,,,,,,,,,,,,
8.450806057645334,0.19005951065307172,1,EDS,Gold,"[{""position"": 2.1220810942843182, ""amplitude"": 0.6382747362010759, ""fwhm"": 0.031799115031979956}]",2.1220810942843182,0.6382747362010759,0.031799115031979956,,,,,,,,,,,,,,,
8.460527601367854,0.19123344680328683,1,EDS,Gold,"[{""position"": 2.1220810942843182, ""amplitude"": 0.6382747362010759, ""fwhm"": 0.031799115031979956}]",2.1220810942843182,0.6382747362010759,0.031799115031979956,,,,,,,,,,,,,,,
8.470249145090374,0.18607635119540647,1,EDS,Gold,"[{""position"": 2.1220810942843182, ""amplitude"": 0.6382747362010759, ""fwhm"": 0.031799115031979956}]",2.1220810942843182,0.6382747362010759,0.031799115031979956,,,,,,,,,,,,,,,
8.479970688812896,0.18966285761418117,1,EDS,Gold,"[{""position"": 2.1220810942843182, ""amplitude"": 0.6382747362010759, ""fwhm"": 0.031799115031979956}]",2.1220810942843182,0.6382747362010759,0.031799115031979956,,,,,,,,,,,,,,,
8.489692232535416,0.1944947159262186,1,EDS,Gold,"[{""position"": 2.1220810942843182, ""amplitude"": 0.6382747362010759, ""fwhm"": 0.031799115031979956}]",2.1220810942843182,0.6382747362010759,0.031799115031979956,,,,,,,,,,,,,,,
8.499413776257937,0.19453862017994097,1,EDS,Gold,"[{""position"": 2.1220810942843182, ""amplitude"": 0.6382747362010759, ""fwhm"": 0.031799115031979956}]",2.1220810942843182,0.6382747362010759,0.031799115031979956,,,,,,,,,,,,,,,
8.509135319980459,0.19428698741118855,1,EDS,Gold,"[{""position"": 2.1220810942843182, ""amplitude"": 0.6382747362010759, ""fwhm"": 0.031799115031979956}]",2.1220810942843182,0.6382747362010759,0.031799115031979956,,,,,,,,,,,,,,,
8.518856863702979,0.1841656055140956,1,EDS,Gold,"[{""position"": 2.1220810942843182, ""amplitude"": 0.6382747362010759, ""fwhm"": 0.031799115031979956}]",2.1220810942843182,0.6382747362010759,0.031799115031979956,,,,,,,,,,,,,,,
8.528578407425499,0.18453009387676447,1,EDS,Gold,"[{""position"": 2.1220810942843182, ""amplitude"": 0.6382747362010759, ""fwhm"": 0.031799115031979956}]",2.1220810942843182,0.6382747362010759,0.031799115031979956,,,,,,,,,,,,,,,
8.538299951148021,0.18322123877620133,1,EDS,Gold,"[{""position"": 2.1220810942843182, ""amplitude"": 0.6382747362010759, ""fwhm"": 0.031799115031979956}]",2.1220810942843182,0.6382747362010759,0.031799115031979956,,,,,,,,,,,,,,,
8.548021494870541,0.1876527555984137,1,EDS,Gold,"[{""position"": 2.1220810942843182, ""amplitude"": 0.6382747362010759, ""fwhm"": 0.031799115031979956}]",2.1220810942843182,0.6382747362010759,0.031799115031979956,,,,,,,,,,,,,,,
8.557743038593062,0.18210332462250187,1,EDS,Gold,"[{""position"": 2.1220810942843182, ""amplitude"": 0.6382747362010759, ""fwhm"": 0.031799115031979956}]",2.1220810942843182,0.6382747362010759,0.031799115031979956,,,,,,,,,,,,,,,
8.567464582315582,0.19713520361180958,1,EDS,Gold,"[{""position"": 2.1220810942843182, ""amplitude"": 0.6382747362010759, ""fwhm"": 0.031799115031979956}]",2.1220810942843182,0.6382747362010759,0.031799115031979956,,,,,,,,,,,,,,,
8.577186126038104,0.18219043127879372,1,EDS,Gold,"[{""position"": 2.1220810942843182, ""amplitude"": 0.6382747362010759, ""fwhm"": 0.031799115031979956}]",2.1220810942843182,0.6382747362010759,0.031799115031979956,,,,,,,,,,,,,,,
8.586907669760624,0.18777990669465552,1,EDS,Gold,"[{""position"": 2.1220810942843182, ""amplitude"": 0.6382747362010759, ""fwhm"": 0.031799115031979956}]",2.1220810942843182,0.6382747362010759,0.031799115031979956,,,,,,,,,,,,,,,
8.596629213483144,0.19141183682221177,1,EDS,Gold,"[{""position"": 2.1220810942843182, ""amplitude"": 0.6382747362010759, ""fwhm"": 0.031799115031979956}]",2.1220810942843182,0.6382747362010759,0.031799115031979956,,,,,,,,,,,,,,,
8.606350757205666,0.1864876296481259,1,EDS,Gold,"[{""position"": 2.1220810942843182, ""amplitude"": 0.6382747362010759, ""fwhm"": 0.031799115031979956}]",2.1220810942843182,0.6382747362010759,0.031799115031979956,,,,,,,,,,,,,,,
8.616072300928186,0.19109925220382784,1,EDS,Gold,"[{""position"": 2.1220810942843182, ""amplitude"": 0.6382747362010759, ""fwhm"": 0.031799115031979956}]",2.1220810942843182,0.6382747362010759,0.031799115031979956,,,,,,,,,,,,,,,
8.625793844650707,0.18639413931754714,1,EDS,Gold,"[{""position"": 2.1220810942843182, ""amplitude"": 0.6382747362010759, ""fwhm"": 0.031799115031979956}]",2.1220810942843182,0.6382747362010759,0.031799115031979956,,,,,,,,,,,,,,,
8.635515388373229,0.1867522413402459,1,EDS,Gold,"[{""position"": 2.1220810942843182, ""amplitude"": 0.6382747362010759, ""fwhm"": 0.031799115031979956}]",2.1220810942843182,0.6382747362010759,0.031799115031979956,,,,,,,,,,,,,,,
8.645236932095749,0.1900315191451154,1,EDS,Gold,"[{""position"": 2.1220810942843182, ""amplitude"": 0.6382747362010759, ""fwhm"": 0.031799115031979956}]",2.1220810942843182,0.6382747362010759,0.031799115031979956,,,,,,,,,,,,,,,
8.654958475818269,0.19477625153852413,1,EDS,Gold,"[{""position"": 2.1220810942843182, ""amplitude"": 0.6382747362010759, ""fwhm"": 0.031799115031979956}]",2.1220810942843182,0.6382747362010759,0.031799115031979956,,,,,,,,,,,,,,,
8.664680019540791,0.18522654095761362,1,EDS,Gold,"[{""position"": 2.1220810942843182, ""amplitude"": 0.6382747362010759, ""fwhm"": 0.031799115031979956}]",2.1220810942843182,0.6382747362010759,0.031799115031979956,,,,,,,,,,,,,,,
8.674401563263311,0.18478035337382498,1,EDS,Gold,"[{""position"": 2.1220810942843182, ""amplitude"": 0.6382747362010759, ""fwhm"": 0.031799115031979956}]",2.1220810942843182,0.6382747362010759,0.031799115031979956,,,,,,,,,,,,,,,
8.684123106985831,0.18005623222516376,1,EDS,Gold,"[{""position"": 2.1220810942843182, ""amplitude"": 0.6382747362010759, ""fwhm"": 0.031799115031979956}]",2.1220810942843182,0.6382747362010759,0.031799115031979956,,,,,,,,,,,,,,,
8.693844650708353,0.1841842081435131,1,EDS,Gold,"[{""position"": 2.1220810942843182, ""amplitude"": 0.6382747362010759, ""fwhm"": 0.031799115031979956}]",2.1220810942843182,0.6382747362010759,0.031799115031979956,,,,,,,,,,,,,,,
8.703566194430874,0.18346327220051992,1,EDS,Gold,"[{""position"": 2.1220810942843182, ""amplitude"": 0.6382747362010759, ""fwhm"": 0.031799115031979956}]",2.1220810942843182,0.6382747362010759,0.031799115031979956,,,,,,,,,,,,,,,
8.713287738153394,0.18863750478675473,1,EDS,Gold,"[{""position"": 2.1220810942843182, ""amplitude"": 0.6382747362010759, ""fwhm"": 0.031799115031979956}]",2.1220810942843182,0.6382747362010759,0.031799115031979956,,,,,,,,,,,,,,,
8.723009281875914,0.17860749947091975,1,EDS,Gold,"[{""position"": 2.1220810942843182, ""amplitude"": 0.6382747362010759, ""fwhm"": 0.031799115031979956}]",2.1220810942843182,0.6382747362010759,0.031799115031979956,,,,,,,,,,,,,,,
8.732730825598436,0.18319623467150312,1,EDS,Gold,"[{""position"": 2.1220810942843182, ""amplitude"": 0.6382747362010759, ""fwhm"": 0.031799115031979956}]",2.1220810942843182,0.6382747362010759,0.031799115031979956,,,,,,,,,,,,,,,
8.742452369320956,0.19277314014313934,1,EDS,Gold,"[{""position"": 2.1220810942843182, ""amplitude"": 0.6382747362010759, ""fwhm"": 0.031799115031979956}]",2.1220810942843182,0.6382747362010759,0.031799115031979956,,,,,,,,,,,,,,,
8.752173913043476,0.18776264381410063,1,EDS,Gold,"[{""position"": 2.1220810942843182, ""amplitude"": 0.6382747362010759, ""fwhm"": 0.031799115031979956}]",2.1220810942843182,0.6382747362010759,0.031799115031979956,,,,,,,,,,,,,,,
8.761895456765998,0.18753614476181973,1,EDS,Gold,"[{""position"": 2.1220810942843182, ""amplitude"": 0.6382747362010759, ""fwhm"": 0.031799115031979956}]",2.1220810942843182,0.6382747362010759,0.031799115031979956,,,,,,,,,,,,,,,
8.771617000488519,0.18736175941574487,1,EDS,Gold,"[{""position"": 2.1220810942843182, ""amplitude"": 0.6382747362010759, ""fwhm"": 0.031799115031979956}]",2.1220810942843182,0.6382747362010759,0.031799115031979956,,,,,,,,,,,,,,,
8.781338544211039,0.18173989612949845,1,EDS,Gold,"[{""position"": 2.1220810942843182, ""amplitude"": 0.6382747362010759, ""fwhm"": 0.031799115031979956}]",2.1220810942843182,0.6382747362010759,0.031799115031979956,,,,,,,,,,,,,,,
8.79106008793356,0.18107906579939997,1,EDS,Gold,"[{""position"": 2.1220810942843182, ""amplitude"": 0.6382747362010759, ""fwhm"": 0.031799115031979956}]",2.1220810942843182,0.6382747362010759,0.031799115031979956,,,,,,,,,,,,,,,
8.800781631656081,0.17595238065858132,1,EDS,Gold,"[{""position"": 2.1220810942843182, ""amplitude"": 0.6382747362010759, ""fwhm"": 0.031799115031979956}]",2.1220810942843182,0.6382747362010759,0.031799115031979956,,,,,,,,,,,,,,,
8.810503175378601,0.17617841015501795,1,EDS,Gold,"[{""position"": 2.1220810942843182, ""amplitude"": 0.6382747362010759, ""fwhm"": 0.031799115031979956}]",2.1220810942843182,0.6382747362010759,0.031799115031979956,,,,,,,,,,,,,,,
8.820224719101123,0.18494651657026331,1,EDS,Gold,"[{""position"": 2.1220810942843182, ""amplitude"": 0.6382747362010759, ""fwhm"": 0.031799115031979956}]",2.1220810942843182,0.6382747362010759,0.031799115031979956,,,,,,,,,,,,,,,
8.829946262823643,0.1752320093284633,1,EDS,Gold,"[{""position"": 2.1220810942843182, ""amplitude"": 0.6382747362010759, ""fwhm"": 0.031799115031979956}]",2.1220810942843182,0.6382747362010759,0.031799115031979956,,,,,,,,,,,,,,,
8.839667806546164,0.17959655626555038,1,EDS,Gold,"[{""position"": 2.1220810942843182, ""amplitude"": 0.6382747362010759, ""fwhm"": 0.031799115031979956}]",2.1220810942843182,0.6382747362010759,0.031799115031979956,,,,,,,,,,,,,,,
8.849389350268684,0.17952098896493313,1,EDS,Gold,"[{""position"": 2.1220810942843182, ""amplitude"": 0.6382747362010759, ""fwhm"": 0.031799115031979956}]",2.1220810942843182,0.6382747362010759,0.031799115031979956,,,,,,,,,,,,,,,
8.859110893991206,0.17483674967127902,1,EDS,Gold,"[{""position"": 2.1220810942843182, ""amplitude"": 0.6382747362010759, ""fwhm"": 0.031799115031979956}]",2.1220810942843182,0.6382747362010759,0.031799115031979956,,,,,,,,,,,,,,,
8.868832437713726,0.17404741885932776,1,EDS,Gold,"[{""position"": 2.1220810942843182, ""amplitude"": 0.6382747362010759, ""fwhm"": 0.031799115031979956}]",2.1220810942843182,0.6382747362010759,0.031799115031979956,,,,,,,,,,,,,,,
8.878553981436246,0.17870382559443523,1,EDS,Gold,"[{""position"": 2.1220810942843182, ""amplitude"": 0.6382747362010759, ""fwhm"": 0.031799115031979956}]",2.1220810942843182,0.6382747362010759,0.031799115031979956,,,,,,,,,,,,,,,
8.888275525158768,0.17776365764185653,1,EDS,Gold,"[{""position"": 2.1220810942843182, ""amplitude"": 0.6382747362010759, ""fwhm"": 0.031799115031979956}]",2.1220810942843182,0.6382747362010759,0.031799115031979956,,,,,,,,,,,,,,,
8.897997068881288,0.17848431512725282,1,EDS,Gold,"[{""position"": 2.1220810942843182, ""amplitude"": 0.6382747362010759, ""fwhm"": 0.031799115031979956}]",2.1220810942843182,0.6382747362010759,0.031799115031979956,,,,,,,,,,,,,,,
8.907718612603809,0.17816143742184964,1,EDS,Gold,"[{""position"": 2.1220810942843182, ""amplitude"": 0.6382747362010759, ""fwhm"": 0.031799115031979956}]",2.1220810942843182,0.6382747362010759,0.031799115031979956,,,,,,,,,,,,,,,
8.91744015632633,0.17860387298763225,1,EDS,Gold,"[{""position"": 2.1220810942843182, ""amplitude"": 0.6382747362010759, ""fwhm"": 0.031799115031979956}]",2.1220810942843182,0.6382747362010759,0.031799115031979956,,,,,,,,,,,,,,,
8.92716170004885,0.17216019107692776,1,EDS,Gold,"[{""position"": 2.1220810942843182, ""amplitude"": 0.6382747362010759, ""fwhm"": 0.031799115031979956}]",2.1220810942843182,0.6382747362010759,0.031799115031979956,,,,,,,,,,,,,,,
8.936883243771371,0.17713408176550222,1,EDS,Gold,"[{""position"": 2.1220810942843182, ""amplitude"": 0.6382747362010759, ""fwhm"": 0.031799115031979956}]",2.1220810942843182,0.6382747362010759,0.031799115031979956,,,,,,,,,,,,,,,
8.946604787493893,0.18687309764780963,1,EDS,Gold,"[{""position"": 2.1220810942843182, ""amplitude"": 0.6382747362010759, ""fwhm"": 0.031799115031979956}]",2.1220810942843182,0.6382747362010759,0.031799115031979956,,,,,,,,,,,,,,,
8.956326331216413,0.17222578253643986,1,EDS,Gold,"[{""position"": 2.1220810942843182, ""amplitude"": 0.6382747362010759, ""fwhm"": 0.031799115031979956}]",2.1220810942843182,0.6382747362010759,0.031799115031979956,,,,,,,,,,,,,,,
8.966047874938933,0.17115951882227878,1,EDS,Gold,"[{""position"": 2.1220810942843182, ""amplitude"": 0.6382747362010759, ""fwhm"": 0.031799115031979956}]",2.1220810942843182,0.6382747362010759,0.031799115031979956,,,,,,,,,,,,,,,
8.975769418661455,0.17106119733656874,1,EDS,Gold,"[{""position"": 2.1220810942843182, ""amplitude"": 0.6382747362010759, ""fwhm"": 0.031799115031979956}]",2.1220810942843182,0.6382747362010759,0.031799115031979956,,,,,,,,,,,,,,,
8.985490962383976,0.17594137635017157,1,EDS,Gold,"[{""position"": 2.1220810942843182, ""amplitude"": 0.6382747362010759, ""fwhm"": 0.031799115031979956}]",2.1220810942843182,0.6382747362010759,0.031799115031979956,,,,,,,,,,,,,,,
8.995212506106496,0.17046682915311342,1,EDS,Gold,"[{""position"": 2.1220810942843182, ""amplitude"": 0.6382747362010759, ""fwhm"": 0.031799115031979956}]",2.1220810942843182,0.6382747362010759,0.031799115031979956,,,,,,,,,,,,,,,
9.004934049829016,0.1798921414548812,1,EDS,Gold,"[{""position"": 2.1220810942843182, ""amplitude"": 0.6382747362010759, ""fwhm"": 0.031799115031979956}]",2.1220810942843182,0.6382747362010759,0.031799115031979956,,,,,,,,,,,,,,,
9.014655593551538,0.1699196473171448,1,EDS,Gold,"[{""position"": 2.1220810942843182, ""amplitude"": 0.6382747362010759, ""fwhm"": 0.031799115031979956}]",2.1220810942843182,0.6382747362010759,0.031799115031979956,,,,,,,,,,,,,,,
9.024377137274058,0.1700601609941861,1,EDS,Gold,"[{""position"": 2.1220810942843182, ""amplitude"": 0.6382747362010759, ""fwhm"": 0.031799115031979956}]",2.1220810942843182,0.6382747362010759,0.031799115031979956,,,,,,,,,,,,,,,
9.034098680996578,0.16879171785213357,1,EDS,Gold,"[{""position"": 2.1220810942843182, ""amplitude"": 0.6382747362010759, ""fwhm"": 0.031799115031979956}]",2.1220810942843182,0.6382747362010759,0.031799115031979956,,,,,,,,,,,,,,,
9.0438202247191,0.16906457917432782,1,EDS,Gold,"[{""position"": 2.1220810942843182, ""amplitude"": 0.6382747362010759, ""fwhm"": 0.031799115031979956}]",2.1220810942843182,0.6382747362010759,0.031799115031979956,,,,,,,,,,,,,,,
9.05354176844162,0.17339524014236624,1,EDS,Gold,"[{""position"": 2.1220810942843182, ""amplitude"": 0.6382747362010759, ""fwhm"": 0.031799115031979956}]",2.1220810942843182,0.6382747362010759,0.031799115031979956,,,,,,,,,,,,,,,
9.06326331216414,0.16901594566039008,1,EDS,Gold,"[{""position"": 2.1220810942843182, ""amplitude"": 0.6382747362010759, ""fwhm"": 0.031799115031979956}]",2.1220810942843182,0.6382747362010759,0.031799115031979956,,,,,,,,,,,,,,,
9.072984855886663,0.1824551943595325,1,EDS,Gold,"[{""position"": 2.1220810942843182, ""amplitude"": 0.6382747362010759, ""fwhm"": 0.031799115031979956}]",2.1220810942843182,0.6382747362010759,0.031799115031979956,,,,,,,,,,,,,,,
9.082706399609183,0.1726357002303339,1,EDS,Gold,"[{""position"": 2.1220810942843182, ""amplitude"": 0.6382747362010759, ""fwhm"": 0.031799115031979956}]",2.1220810942843182,0.6382747362010759,0.031799115031979956,,,,,,,,,,,,,,,
9.092427943331703,0.16780289299056494,1,EDS,Gold,"[{""position"": 2.1220810942843182, ""amplitude"": 0.6382747362010759, ""fwhm"": 0.031799115031979956}]",2.1220810942843182,0.6382747362010759,0.031799115031979956,,,,,,,,,,,,,,,
9.102149487054225,0.16808931712806965,1,EDS,Gold,"[{""position"": 2.1220810942843182, ""amplitude"": 0.6382747362010759, ""fwhm"": 0.031799115031979956}]",2.1220810942843182,0.6382747362010759,0.031799115031979956,,,,,,,,,,,,,,,
9.111871030776745,0.17704248952840468,1,EDS,Gold,"[{""position"": 2.1220810942843182, ""amplitude"": 0.6382747362010759, ""fwhm"": 0.031799115031979956}]",2.1220810942843182,0.6382747362010759,0.031799115031979956,,,,,,,,,,,,,,,
9.121592574499266,0.17153556263744352,1,EDS,Gold,"[{""position"": 2.1220810942843182, ""amplitude"": 0.6382747362010759, ""fwhm"": 0.031799115031979956}]",2.1220810942843182,0.6382747362010759,0.031799115031979956,,,,,,,,,,,,,,,
9.131314118221786,0.16741209140646648,1,EDS,Gold,"[{""position"": 2.1220810942843182, ""amplitude"": 0.6382747362010759, ""fwhm"": 0.031799115031979956}]",2.1220810942843182,0.6382747362010759,0.031799115031979956,,,,,,,,,,,,,,,
9.141035661944308,0.16556238122764505,1,EDS,Gold,"[{""position"": 2.1220810942843182, ""amplitude"": 0.6382747362010759, ""fwhm"": 0.031799115031979956}]",2.1220810942843182,0.6382747362010759,0.031799115031979956,,,,,,,,,,,,,,,
9.150757205666828,0.16493184614338702,1,EDS,Gold,"[{""position"": 2.1220810942843182, ""amplitude"": 0.6382747362010759, ""fwhm"": 0.031799115031979956}]",2.1220810942843182,0.6382747362010759,0.031799115031979956,,,,,,,,,,,,,,,
9.160478749389348,0.16590407780781183,1,EDS,Gold,"[{""position"": 2.1220810942843182, ""amplitude"": 0.6382747362010759, ""fwhm"": 0.031799115031979956}]",2.1220810942843182,0.6382747362010759,0.031799115031979956,,,,,,,,,,,,,,,
9.17020029311187,0.18018307650946092,1,EDS,Gold,"[{""position"": 2.1220810942843182, ""amplitude"": 0.6382747362010759, ""fwhm"": 0.031799115031979956}]",2.1220810942843182,0.6382747362010759,0.031799115031979956,,,,,,,,,,,,,,,
9.17992183683439,0.16966202824417492,1,EDS,Gold,"[{""position"": 2.1220810942843182, ""amplitude"": 0.6382747362010759, ""fwhm"": 0.031799115031979956}]",2.1220810942843182,0.6382747362010759,0.031799115031979956,,,,,,,,,,,,,,,
9.18964338055691,0.16520429891682514,1,EDS,Gold,"[{""position"": 2.1220810942843182, ""amplitude"": 0.6382747362010759, ""fwhm"": 0.031799115031979956}]",2.1220810942843182,0.6382747362010759,0.031799115031979956,,,,,,,,,,,,,,,
9.199364924279433,0.1647090584526068,1,EDS,Gold,"[{""position"": 2.1220810942843182, ""amplitude"": 0.6382747362010759, ""fwhm"": 0.031799115031979956}]",2.1220810942843182,0.6382747362010759,0.031799115031979956,,,,,,,,,,,,,,,
9.209086468001953,0.1740514673355403,1,EDS,Gold,"[{""position"": 2.1220810942843182, ""amplitude"": 0.6382747362010759, ""fwhm"": 0.031799115031979956}]",2.1220810942843182,0.6382747362010759,0.031799115031979956,,,,,,,,,,,,,,,
9.218808011724473,0.17343720449681688,1,EDS,Gold,"[{""position"": 2.1220810942843182, ""amplitude"": 0.6382747362010759, ""fwhm"": 0.031799115031979956}]",2.1220810942843182,0.6382747362010759,0.031799115031979956,,,,,,,,,,,,,,,
9.228529555446995,0.1641795316231571,1,EDS,Gold,"[{""position"": 2.1220810942843182, ""amplitude"": 0.6382747362010759, ""fwhm"": 0.031799115031979956}]",2.1220810942843182,0.6382747362010759,0.031799115031979956,,,,,,,,,,,,,,,
9.238251099169515,0.16379882225488201,1,EDS,Gold,"[{""position"": 2.1220810942843182, ""amplitude"": 0.6382747362010759, ""fwhm"": 0.031799115031979956}]",2.1220810942843182,0.6382747362010759,0.031799115031979956,,,,,,,,,,,,,,,
9.247972642892035,0.17316885407204086,1,EDS,Gold,"[{""position"": 2.1220810942843182, ""amplitude"": 0.6382747362010759, ""fwhm"": 0.031799115031979956}]",2.1220810942843182,0.6382747362010759,0.031799115031979956,,,,,,,,,,,,,,,
9.257694186614557,0.17381329595671569,1,EDS,Gold,"[{""position"": 2.1220810942843182, ""amplitude"": 0.6382747362010759, ""fwhm"": 0.031799115031979956}]",2.1220810942843182,0.6382747362010759,0.031799115031979956,,,,,,,,,,,,,,,
9.267415730337078,0.16715847996370475,1,EDS,Gold,"[{""position"": 2.1220810942843182, ""amplitude"": 0.6382747362010759, ""fwhm"": 0.031799115031979956}]",2.1220810942843182,0.6382747362010759,0.031799115031979956,,,,,,,,,,,,,,,
9.277137274059598,0.16666747060897466,1,EDS,Gold,"[{""position"": 2.1220810942843182, ""amplitude"": 0.6382747362010759, ""fwhm"": 0.031799115031979956}]",2.1220810942843182,0.6382747362010759,0.031799115031979956,,,,,,,,,,,,,,,
9.286858817782118,0.1667859822374874,1,EDS,Gold,"[{""position"": 2.1220810942843182, ""amplitude"": 0.6382747362010759, ""fwhm"": 0.031799115031979956}]",2.1220810942843182,0.6382747362010759,0.031799115031979956,,,,,,,,,,,,,,,
9.29658036150464,0.1668159220185631,1,EDS,Gold,"[{""position"": 2.1220810942843182, ""amplitude"": 0.6382747362010759, ""fwhm"": 0.031799115031979956}]",2.1220810942843182,0.6382747362010759,0.031799115031979956,,,,,,,,,,,,,,,
9.30630190522716,0.17667685756444773,1,EDS,Gold,"[{""position"": 2.1220810942843182, ""amplitude"": 0.6382747362010759, ""fwhm"": 0.031799115031979956}]",2.1220810942843182,0.6382747362010759,0.031799115031979956,,,,,,,,,,,,,,,
9.31602344894968,0.16117203410743447,1,EDS,Gold,"[{""position"": 2.1220810942843182, ""amplitude"": 0.6382747362010759, ""fwhm"": 0.031799115031979956}]",2.1220810942843182,0.6382747362010759,0.031799115031979956,,,,,,,,,,,,,,,
9.325744992672202,0.16617687056142058,1,EDS,Gold,"[{""position"": 2.1220810942843182, ""amplitude"": 0.6382747362010759, ""fwhm"": 0.031799115031979956}]",2.1220810942843182,0.6382747362010759,0.031799115031979956,,,,,,,,,,,,,,,
9.335466536394723,0.16514290081018806,1,EDS,Gold,"[{""position"": 2.1220810942843182, ""amplitude"": 0.6382747362010759, ""fwhm"": 0.031799115031979956}]",2.1220810942843182,0.6382747362010759,0.031799115031979956,,,,,,,,,,,,,,,
9.345188080117243,0.16614165519732507,1,EDS,Gold,"[{""position"": 2.1220810942843182, ""amplitude"": 0.6382747362010759, ""fwhm"": 0.031799115031979956}]",2.1220810942843182,0.6382747362010759,0.031799115031979956,,,,,,,,,,,,,,,
9.354909623839765,0.16514439796330677,1,EDS,Gold,"[{""position"": 2.1220810942843182, ""amplitude"": 0.6382747362010759, ""fwhm"": 0.031799115031979956}]",2.1220810942843182,0.6382747362010759,0.031799115031979956,,,,,,,,,,,,,,,
9.364631167562285,0.16543581891881978,1,EDS,Gold,"[{""position"": 2.1220810942843182, ""amplitude"": 0.6382747362010759, ""fwhm"": 0.031799115031979956}]",2.1220810942843182,0.6382747362010759,0.031799115031979956,,,,,,,,,,,,,,,
9.374352711284805,0.15979381742464488,1,EDS,Gold,"[{""position"": 2.1220810942843182, ""amplitude"": 0.6382747362010759, ""fwhm"": 0.031799115031979956}]",2.1220810942843182,0.6382747362010759,0.031799115031979956,,,,,,,,,,,,,,,
9.384074255007327,0.15957198070124992,1,EDS,Gold,"[{""position"": 2.1220810942843182, ""amplitude"": 0.6382747362010759, ""fwhm"": 0.031799115031979956}]",2.1220810942843182,0.6382747362010759,0.031799115031979956,,,,,,,,,,,,,,,
9.393795798729847,0.17934965594799893,1,EDS,Gold,"[{""position"": 2.1220810942843182, ""amplitude"": 0.6382747362010759, ""fwhm"": 0.031799115031979956}]",2.1220810942843182,0.6382747362010759,0.031799115031979956,,,,,,,,,,,,,,,
9.403517342452368,0.15901616851984543,1,EDS,Gold,"[{""position"": 2.1220810942843182, ""amplitude"": 0.6382747362010759, ""fwhm"": 0.031799115031979956}]",2.1220810942843182,0.6382747362010759,0.031799115031979956,,,,,,,,,,,,,,,
9.41323888617489,0.1638326004405177,1,EDS,Gold,"[{""position"": 2.1220810942843182, ""amplitude"": 0.6382747362010759, ""fwhm"": 0.031799115031979956}]",2.1220810942843182,0.6382747362010759,0.031799115031979956,,,,,,,,,,,,,,,
9.42296042989741,0.16388138966137417,1,EDS,Gold,"[{""position"": 2.1220810942843182, ""amplitude"": 0.6382747362010759, ""fwhm"": 0.031799115031979956}]",2.1220810942843182,0.6382747362010759,0.031799115031979956,,,,,,,,,,,,,,,
9.43268197361993,0.16307002796521222,1,EDS,Gold,"[{""position"": 2.1220810942843182, ""amplitude"": 0.6382747362010759, ""fwhm"": 0.031799115031979956}]",2.1220810942843182,0.6382747362010759,0.031799115031979956,,,,,,,,,,,,,,,
9.44240351734245,0.15803654968986564,1,EDS,Gold,"[{""position"": 2.1220810942843182, ""amplitude"": 0.6382747362010759, ""fwhm"": 0.031799115031979956}]",2.1220810942843182,0.6382747362010759,0.031799115031979956,,,,,,,,,,,,,,,
9.452125061064972,0.1623830522256521,1,EDS,Gold,"[{""position"": 2.1220810942843182, ""amplitude"": 0.6382747362010759, ""fwhm"": 0.031799115031979956}]",2.1220810942843182,0.6382747362010759,0.031799115031979956,,,,,,,,,,,,,,,
9.461846604787493,0.1628306209164403,1,EDS,Gold,"[{""position"": 2.1220810942843182, ""amplitude"": 0.6382747362010759, ""fwhm"": 0.031799115031979956}]",2.1220810942843182,0.6382747362010759,0.031799115031979956,,,,,,,,,,,,,,,
9.471568148510013,0.16155400005626327,1,EDS,Gold,"[{""position"": 2.1220810942843182, ""amplitude"": 0.6382747362010759, ""fwhm"": 0.031799115031979956}]",2.1220810942843182,0.6382747362010759,0.031799115031979956,,,,,,,,,,,,,,,
9.481289692232535,0.1574495683054684,1,EDS,Gold,"[{""position"": 2.1220810942843182, ""amplitude"": 0.6382747362010759, ""fwhm"": 0.031799115031979956}]",2.1220810942843182,0.6382747362010759,0.031799115031979956,,,,,,,,,,,,,,,
9.491011235955055,0.16630315964852702,1,EDS,Gold,"[{""position"": 2.1220810942843182, ""amplitude"": 0.6382747362010759, ""fwhm"": 0.031799115031979956}]",2.1220810942843182,0.6382747362010759,0.031799115031979956,,,,,,,,,,,,,,,
9.500732779677575,0.16536975309226576,1,EDS,Gold,"[{""position"": 2.1220810942843182, ""amplitude"": 0.6382747362010759, ""fwhm"": 0.031799115031979956}]",2.1220810942843182,0.6382747362010759,0.031799115031979956,,,,,,,,,,,,,,,
9.510454323400097,0.16583100749215957,1,EDS,Gold,"[{""position"": 2.1220810942843182, ""amplitude"": 0.6382747362010759, ""fwhm"": 0.031799115031979956}]",2.1220810942843182,0.6382747362010759,0.031799115031979956,,,,,,,,,,,,,,,
9.520175867122617,0.15517252920900373,1,EDS,Gold,"[{""position"": 2.1220810942843182, ""amplitude"": 0.6382747362010759, ""fwhm"": 0.031799115031979956}]",2.1220810942843182,0.6382747362010759,0.031799115031979956,,,,,,,,,,,,,,,
9.529897410845138,0.15561618571788893,1,EDS,Gold,"[{""position"": 2.1220810942843182, ""amplitude"": 0.6382747362010759, ""fwhm"": 0.031799115031979956}]",2.1220810942843182,0.6382747362010759,0.031799115031979956,,,,,,,,,,,,,,,
9.53961895456766,0.1596342103582622,1,EDS,Gold,"[{""position"": 2.1220810942843182, ""amplitude"": 0.6382747362010759, ""fwhm"": 0.031799115031979956}]",2.1220810942843182,0.6382747362010759,0.031799115031979956,,,,,,,,,,,,,,,
9.54934049829018,0.15945593403674438,1,EDS,Gold,"[{""position"": 2.1220810942843182, ""amplitude"": 0.6382747362010759, ""fwhm"": 0.031799115031979956}]",2.1220810942843182,0.6382747362010759,0.031799115031979956,,,,,,,,,,,,,,,
9.5590620420127,0.1534975438430214,1,EDS,Gold,"[{""position"": 2.1220810942843182, ""amplitude"": 0.6382747362010759, ""fwhm"": 0.031799115031979956}]",2.1220810942843182,0.6382747362010759,0.031799115031979956,,,,,,,,,,,,,,,
9.56878358573522,0.15890123334027798,1,EDS,Gold,"[{""position"": 2.1220810942843182, ""amplitude"": 0.6382747362010759, ""fwhm"": 0.031799115031979956}]",2.1220810942843182,0.6382747362010759,0.031799115031979956,,,,,,,,,,,,,,,
9.578505129457742,0.15769306189643342,1,EDS,Gold,"[{""position"": 2.1220810942843182, ""amplitude"": 0.6382747362010759, ""fwhm"": 0.031799115031979956}]",2.1220810942843182,0.6382747362010759,0.031799115031979956,,,,,,,,,,,,,,,
9.588226673180262,0.16281432369755186,1,EDS,Gold,"[{""position"": 2.1220810942843182, ""amplitude"": 0.6382747362010759, ""fwhm"": 0.031799115031979956}]",2.1220810942843182,0.6382747362010759,0.031799115031979956,,,,,,,,,,,,,,,
9.597948216902783,0.15864690560581252,1,EDS,Gold,"[{""position"": 2.1220810942843182, ""amplitude"": 0.6382747362010759, ""fwhm"": 0.031799115031979956}]",2.1220810942843182,0.6382747362010759,0.031799115031979956,,,,,,,,,,,,,,,
9.607669760625305,0.15838297409273733,1,EDS,Gold,"[{""position"": 2.1220810942843182, ""amplitude"": 0.6382747362010759, ""fwhm"": 0.031799115031979956}]",2.1220810942843182,0.6382747362010759,0.031799115031979956,,,,,,,,,,,,,,,
9.617391304347825,0.15793664416524011,1,EDS,Gold,"[{""position"": 2.1220810942843182, ""amplitude"": 0.6382747362010759, ""fwhm"": 0.031799115031979956}]",2.1220810942843182,0.6382747362010759,0.031799115031979956,,,,,,,,,,,,,,,
9.627112848070345,0.15700228331505128,1,EDS,Gold,"[{""position"": 2.1220810942843182, ""amplitude"": 0.6382747362010759, ""fwhm"": 0.031799115031979956}]",2.1220810942843182,0.6382747362010759,0.031799115031979956,,,,,,,,,,,,,,,
9.636834391792867,0.15216100163126414,1,EDS,Gold,"[{""position"": 2.1220810942843182, ""amplitude"": 0.6382747362010759, ""fwhm"": 0.031799115031979956}]",2.1220810942843182,0.6382747362010759,0.031799115031979956,,,,,,,,,,,,,,,
9.646555935515387,0.1669058958983023,1,EDS,Gold,"[{""position"": 2.1220810942843182, ""amplitude"": 0.6382747362010759, ""fwhm"": 0.031799115031979956}]",2.1220810942843182,0.6382747362010759,0.031799115031979956,,,,,,,,,,,,,,,
9.656277479237907,0.1560838976331377,1,EDS,Gold,"[{""position"": 2.1220810942843182, ""amplitude"": 0.6382747362010759, ""fwhm"": 0.031799115031979956}]",2.1220810942843182,0.6382747362010759,0.031799115031979956,,,,,,,,,,,,,,,
9.66599902296043,0.1670665356158565,1,EDS,Gold,"[{""position"": 2.1220810942843182, ""amplitude"": 0.6382747362010759, ""fwhm"": 0.031799115031979956}]",2.1220810942843182,0.6382747362010759,0.031799115031979956,,,,,,,,,,,,,,,
9.67572056668295,0.1514945321349797,1,EDS,Gold,"[{""position"": 2.1220810942843182, ""amplitude"": 0.6382747362010759, ""fwhm"": 0.031799115031979956}]",2.1220810942843182,0.6382747362010759,0.031799115031979956,,,,,,,,,,,,,,,
9.68544211040547,0.15069919972375997,1,EDS,Gold,"[{""position"": 2.1220810942843182, ""amplitude"": 0.6382747362010759, ""fwhm"": 0.031799115031979956}]",2.1220810942843182,0.6382747362010759,0.031799115031979956,,,,,,,,,,,,,,,
9.695163654127992,0.1505404000515117,1,EDS,Gold,"[{""position"": 2.1220810942843182, ""amplitude"": 0.6382747362010759, ""fwhm"": 0.031799115031979956}]",2.1220810942843182,0.6382747362010759,0.031799115031979956,,,,,,,,,,,,,,,
9.704885197850512,0.15035021897610723,1,EDS,Gold,"[{""position"": 2.1220810942843182, ""amplitude"": 0.6382747362010759, ""fwhm"": 0.031799115031979956}]",2.1220810942843182,0.6382747362010759,0.031799115031979956,,,,,,,,,,,,,,,
9.714606741573032,0.15401024324478643,1,EDS,Gold,"[{""position"": 2.1220810942843182, ""amplitude"": 0.6382747362010759, ""fwhm"": 0.031799115031979956}]",2.1220810942843182,0.6382747362010759,0.031799115031979956,,,,,,,,,,,,,,,
9.724328285295552,0.15458278483215518,1,EDS,Gold,"[{""position"": 2.1220810942843182, ""amplitude"": 0.6382747362010759, ""fwhm"": 0.031799115031979956}]",2.1220810942843182,0.6382747362010759,0.031799115031979956,,,,,,,,,,,,,,,
9.734049829018074,0.14910116589063954,1,EDS,Gold,"[{""position"": 2.1220810942843182, ""amplitude"": 0.6382747362010759, ""fwhm"": 0.031799115031979956}]",2.1220810942843182,0.6382747362010759,0.031799115031979956,,,,,,,,,,,,,,,
9.743771372740595,0.148673999449593,1,EDS,Gold,"[{""position"": 2.1220810942843182, ""amplitude"": 0.6382747362010759, ""fwhm"": 0.031799115031979956}]",2.1220810942843182,0.6382747362010759,0.031799115031979956,,,,,,,,,,,,,,,
9.753492916463115,0.1487386641883305,1,EDS,Gold,"[{""position"": 2.1220810942843182, ""amplitude"": 0.6382747362010759, ""fwhm"": 0.031799115031979956}]",2.1220810942843182,0.6382747362010759,0.031799115031979956,,,,,,,,,,,,,,,
9.763214460185637,0.15444557916702434,1,EDS,Gold,"[{""position"": 2.1220810942843182, ""amplitude"": 0.6382747362010759, ""fwhm"": 0.031799115031979956}]",2.1220810942843182,0.6382747362010759,0.031799115031979956,,,,,,,,,,,,,,,
9.772936003908157,0.14862252119865318,1,EDS,Gold,"[{""position"": 2.1220810942843182, ""amplitude"": 0.6382747362010759, ""fwhm"": 0.031799115031979956}]",2.1220810942843182,0.6382747362010759,0.031799115031979956,,,,,,,,,,,,,,,
9.782657547630677,0.15277336636867828,1,EDS,Gold,"[{""position"": 2.1220810942843182, ""amplitude"": 0.6382747362010759, ""fwhm"": 0.031799115031979956}]",2.1220810942843182,0.6382747362010759,0.031799115031979956,,,,,,,,,,,,,,,
9.7923790913532,0.14803813738807253,1,EDS,Gold,"[{""position"": 2.1220810942843182, ""amplitude"": 0.6382747362010759, ""fwhm"": 0.031799115031979956}]",2.1220810942843182,0.6382747362010759,0.031799115031979956,,,,,,,,,,,,,,,
9.80210063507572,0.15815301444225194,1,EDS,Gold,"[{""position"": 2.1220810942843182, ""amplitude"": 0.6382747362010759, ""fwhm"": 0.031799115031979956}]",2.1220810942843182,0.6382747362010759,0.031799115031979956,,,,,,,,,,,,,,,
9.81182217879824,0.15265247452785854,1,EDS,Gold,"[{""position"": 2.1220810942843182, ""amplitude"": 0.6382747362010759, ""fwhm"": 0.031799115031979956}]",2.1220810942843182,0.6382747362010759,0.031799115031979956,,,,,,,,,,,,,,,
9.821543722520762,0.14696738445978116,1,EDS,Gold,"[{""position"": 2.1220810942843182, ""amplitude"": 0.6382747362010759, ""fwhm"": 0.031799115031979956}]",2.1220810942843182,0.6382747362010759,0.031799115031979956,,,,,,,,,,,,,,,
9.831265266243282,0.1563572053293979,1,EDS,Gold,"[{""position"": 2.1220810942843182, ""amplitude"": 0.6382747362010759, ""fwhm"": 0.031799115031979956}]",2.1220810942843182,0.6382747362010759,0.031799115031979956,,,,,,,,,,,,,,,
9.840986809965802,0.16671717937751113,1,EDS,Gold,"[{""position"": 2.1220810942843182, ""amplitude"": 0.6382747362010759, ""fwhm"": 0.031799115031979956}]",2.1220810942843182,0.6382747362010759,0.031799115031979956,,,,,,,,,,,,,,,
9.850708353688322,0.14629699414795047,1,EDS,Gold,"[{""position"": 2.1220810942843182, ""amplitude"": 0.6382747362010759, ""fwhm"": 0.031799115031979956}]",2.1220810942843182,0.6382747362010759,0.031799115031979956,,,,,,,,,,,,,,,
9.860429897410844,0.15125813120420697,1,EDS,Gold,"[{""position"": 2.1220810942843182, ""amplitude"": 0.6382747362010759, ""fwhm"": 0.031799115031979956}]",2.1220810942843182,0.6382747362010759,0.031799115031979956,,,,,,,,,,,,,,,
9.870151441133364,0.14585907946826487,1,EDS,Gold,"[{""position"": 2.1220810942843182, ""amplitude"": 0.6382747362010759, ""fwhm"": 0.031799115031979956}]",2.1220810942843182,0.6382747362010759,0.031799115031979956,,,,,,,,,,,,,,,
9.879872984855885,0.15077891343736508,1,EDS,Gold,"[{""position"": 2.1220810942843182, ""amplitude"": 0.6382747362010759, ""fwhm"": 0.031799115031979956}]",2.1220810942843182,0.6382747362010759,0.031799115031979956,,,,,,,,,,,,,,,
9.889594528578407,0.14475343575475325,1,EDS,Gold,"[{""position"": 2.1220810942843182, ""amplitude"": 0.6382747362010759, ""fwhm"": 0.031799115031979956}]",2.1220810942843182,0.6382747362010759,0.031799115031979956,,,,,,,,,,,,,,,
9.899316072300927,0.14535333474230214,1,EDS,Gold,"[{""position"": 2.1220810942843182, ""amplitude"": 0.6382747362010759, ""fwhm"": 0.031799115031979956}]",2.1220810942843182,0.6382747362010759,0.031799115031979956,,,,,,,,,,,,,,,
9.909037616023447,0.15454771887770896,1,EDS,Gold,"[{""position"": 2.1220810942843182, ""amplitude"": 0.6382747362010759, ""fwhm"": 0.031799115031979956}]",2.1220810942843182,0.6382747362010759,0.031799115031979956,,,,,,,,,,,,,,,
9.918759159745969,0.14515944413495147,1,EDS,Gold,"[{""position"": 2.1220810942843182, ""amplitude"": 0.6382747362010759, ""fwhm"": 0.031799115031979956}]",2.1220810942843182,0.6382747362010759,0.031799115031979956,,,,,,,,,,,,,,,
9.92848070346849,0.1535761439730311,1,EDS,Gold,"[{""position"": 2.1220810942843182, ""amplitude"": 0.6382747362010759, ""fwhm"": 0.031799115031979956}]",2.1220810942843182,0.6382747362010759,0.031799115031979956,,,,,,,,,,,,,,,
9.93820224719101,0.14944674003174577,1,EDS,Gold,"[{""position"": 2.1220810942843182, ""amplitude"": 0.6382747362010759, ""fwhm"": 0.031799115031979956}]",2.1220810942843182,0.6382747362010759,0.031799115031979956,,,,,,,,,,,,,,,
9.947923790913531,0.158443330986131,1,EDS,Gold,"[{""position"": 2.1220810942843182, ""amplitude"": 0.6382747362010759, ""fwhm"": 0.031799115031979956}]",2.1220810942843182,0.6382747362010759,0.031799115031979956,,,,,,,,,,,,,,,
9.957645334636052,0.16276558022213708,1,EDS,Gold,"[{""position"": 2.1220810942843182, ""amplitude"": 0.6382747362010759, ""fwhm"": 0.031799115031979956}]",2.1220810942843182,0.6382747362010759,0.031799115031979956,,,,,,,,,,,,,,,
9.967366878358572,0.1425686471597098,1,EDS,Gold,"[{""position"": 2.1220810942843182, ""amplitude"": 0.6382747362010759, ""fwhm"": 0.031799115031979956}]",2.1220810942843182,0.6382747362010759,0.031799115031979956,,,,,,,,,,,,,,,
9.977088422081094,0.1523698210302765,1,EDS,Gold,"[{""position"": 2.1220810942843182, ""amplitude"": 0.6382747362010759, ""fwhm"": 0.031799115031979956}]",2.1220810942843182,0.6382747362010759,0.031799115031979956,,,,,,,,,,,,,,,
9.986809965803614,0.1424457040297467,1,EDS,Gold,"[{""position"": 2.1220810942843182, ""amplitude"": 0.6382747362010759, ""fwhm"": 0.031799115031979956}]",2.1220810942843182,0.6382747362010759,0.031799115031979956,,,,,,,,,,,,,,,
9.996531509526134,0.14721619544149434,1,EDS,Gold,"[{""position"": 2.1220810942843182, ""amplitude"": 0.6382747362010759, ""fwhm"": 0.031799115031979956}]",2.1220810942843182,0.6382747362010759,0.031799115031979956,,,,,,,,,,,,,,,
10.006253053248654,0.1464215299677823,1,EDS,Gold,"[{""position"": 2.1220810942843182, ""amplitude"": 0.6382747362010759, ""fwhm"": 0.031799115031979956}]",2.1220810942843182,0.6382747362010759,0.031799115031979956,,,,,,,,,,,,,,,
10.015974596971176,0.14640511439301926,1,EDS,Gold,"[{""position"": 2.1220810942843182, ""amplitude"": 0.6382747362010759, ""fwhm"": 0.031799115031979956}]",2.1220810942843182,0.6382747362010759,0.031799115031979956,,,,,,,,,,,,,,,
10.025696140693697,0.1471534246254382,1,EDS,Gold,"[{""position"": 2.1220810942843182, ""amplitude"": 0.6382747362010759, ""fwhm"": 0.031799115031979956}]",2.1220810942843182,0.6382747362010759,0.031799115031979956,,,,,,,,,,,,,,,
10.035417684416217,0.14168113885019523,1,EDS,Gold,"[{""position"": 2.1220810942843182, ""amplitude"": 0.6382747362010759, ""fwhm"": 0.031799115031979956}]",2.1220810942843182,0.6382747362010759,0.031799115031979956,,,,,,,,,,,,,,,
10.045139228138739,0.15079439963765773,1,EDS,Gold,"[{""position"": 2.1220810942843182, ""amplitude"": 0.6382747362010759, ""fwhm"": 0.031799115031979956}]",2.1220810942843182,0.6382747362010759,0.031799115031979956,,,,,,,,,,,,,,,
10.054860771861259,0.1553298633992245,1,EDS,Gold,"[{""position"": 2.1220810942843182, ""amplitude"": 0.6382747362010759, ""fwhm"": 0.031799115031979956}]",2.1220810942843182,0.6382747362010759,0.031799115031979956,,,,,,,,,,,,,,,
10.06458231558378,0.1450924554320761,1,EDS,Gold,"[{""position"": 2.1220810942843182, ""amplitude"": 0.6382747362010759, ""fwhm"": 0.031799115031979956}]",2.1220810942843182,0.6382747362010759,0.031799115031979956,,,,,,,,,,,,,,,
10.074303859306301,0.140049601530673,1,EDS,Gold,"[{""position"": 2.1220810942843182, ""amplitude"": 0.6382747362010759, ""fwhm"": 0.031799115031979956}]",2.1220810942843182,0.6382747362010759,0.031799115031979956,,,,,,,,,,,,,,,
10.084025403028821,0.13899966953560178,1,EDS,Gold,"[{""position"": 2.1220810942843182, ""amplitude"": 0.6382747362010759, ""fwhm"": 0.031799115031979956}]",2.1220810942843182,0.6382747362010759,0.031799115031979956,,,,,,,,,,,,,,,
10.093746946751342,0.1440853892982674,1,EDS,Gold,"[{""position"": 2.1220810942843182, ""amplitude"": 0.6382747362010759, ""fwhm"": 0.031799115031979956}]",2.1220810942843182,0.6382747362010759,0.031799115031979956,,,,,,,,,,,,,,,
10.103468490473864,0.1381418892334461,1,EDS,Gold,"[{""position"": 2.1220810942843182, ""amplitude"": 0.6382747362010759, ""fwhm"": 0.031799115031979956}]",2.1220810942843182,0.6382747362010759,0.031799115031979956,,,,,,,,,,,,,,,
10.113190034196384,0.1388434364562686,1,EDS,Gold,"[{""position"": 2.1220810942843182, ""amplitude"": 0.6382747362010759, ""fwhm"": 0.031799115031979956}]",2.1220810942843182,0.6382747362010759,0.031799115031979956,,,,,,,,,,,,,,,
10.122911577918904,0.1486844716291715,1,EDS,Gold,"[{""position"": 2.1220810942843182, ""amplitude"": 0.6382747362010759, ""fwhm"": 0.031799115031979956}]",2.1220810942843182,0.6382747362010759,0.031799115031979956,,,,,,,,,,,,,,,
10.132633121641424,0.1528737481083628,1,EDS,Gold,"[{""position"": 2.1220810942843182, ""amplitude"": 0.6382747362010759, ""fwhm"": 0.031799115031979956}]",2.1220810942843182,0.6382747362010759,0.031799115031979956,,,,,,,,,,,,,,,
10.142354665363946,0.15357025567363908,1,EDS,Gold,"[{""position"": 2.1220810942843182, ""amplitude"": 0.6382747362010759, ""fwhm"": 0.031799115031979956}]",2.1220810942843182,0.6382747362010759,0.031799115031979956,,,,,,,,,,,,,,,
10.152076209086466,0.14197016354809092,1,EDS,Gold,"[{""position"": 2.1220810942843182, ""amplitude"": 0.6382747362010759, ""fwhm"": 0.031799115031979956}]",2.1220810942843182,0.6382747362010759,0.031799115031979956,,,,,,,,,,,,,,,
10.161797752808987,0.14158110366802118,1,EDS,Gold,"[{""position"": 2.1220810942843182, ""amplitude"": 0.6382747362010759, ""fwhm"": 0.031799115031979956}]",2.1220810942843182,0.6382747362010759,0.031799115031979956,,,,,,,,,,,,,,,
10.171519296531509,0.1371034277606571,1,EDS,Gold,"[{""position"": 2.1220810942843182, ""amplitude"": 0.6382747362010759, ""fwhm"": 0.031799115031979956}]",2.1220810942843182,0.6382747362010759,0.031799115031979956,,,,,,,,,,,,,,,
10.181240840254029,0.1472161752346941,1,EDS,Gold,"[{""position"": 2.1220810942843182, ""amplitude"": 0.6382747362010759, ""fwhm"": 0.031799115031979956}]",2.1220810942843182,0.6382747362010759,0.031799115031979956,,,,,,,,,,,,,,,
10.190962383976549,0.14224105566129777,1,EDS,Gold,"[{""position"": 2.1220810942843182, ""amplitude"": 0.6382747362010759, ""fwhm"": 0.031799115031979956}]",2.1220810942843182,0.6382747362010759,0.031799115031979956,,,,,,,,,,,,,,,
10.200683927699071,0.15595157998717776,1,EDS,Gold,"[{""position"": 2.1220810942843182, ""amplitude"": 0.6382747362010759, ""fwhm"": 0.031799115031979956}]",2.1220810942843182,0.6382747362010759,0.031799115031979956,,,,,,,,,,,,,,,
10.210405471421591,0.14140236623929983,1,EDS,Gold,"[{""position"": 2.1220810942843182, ""amplitude"": 0.6382747362010759, ""fwhm"": 0.031799115031979956}]",2.1220810942843182,0.6382747362010759,0.031799115031979956,,,,,,,,,,,,,,,
10.220127015144111,0.145597849250449,1,EDS,Gold,"[{""position"": 2.1220810942843182, ""amplitude"": 0.6382747362010759, ""fwhm"": 0.031799115031979956}]",2.1220810942843182,0.6382747362010759,0.031799115031979956,,,,,,,,,,,,,,,
10.229848558866633,0.13525817359224632,1,EDS,Gold,"[{""position"": 2.1220810942843182, ""amplitude"": 0.6382747362010759, ""fwhm"": 0.031799115031979956}]",2.1220810942843182,0.6382747362010759,0.031799115031979956,,,,,,,,,,,,,,,
10.239570102589154,0.1404813778959035,1,EDS,Gold,"[{""position"": 2.1220810942843182, ""amplitude"": 0.6382747362010759, ""fwhm"": 0.031799115031979956}]",2.1220810942843182,0.6382747362010759,0.031799115031979956,,,,,,,,,,,,,,,
10.249291646311674,0.1350957262139204,1,EDS,Gold,"[{""position"": 2.1220810942843182, ""amplitude"": 0.6382747362010759, ""fwhm"": 0.031799115031979956}]",2.1220810942843182,0.6382747362010759,0.031799115031979956,,,,,,,,,,,,,,,
10.259013190034196,0.13876561175763663,1,EDS,Gold,"[{""position"": 2.1220810942843182, ""amplitude"": 0.6382747362010759, ""fwhm"": 0.031799115031979956}]",2.1220810942843182,0.6382747362010759,0.031799115031979956,,,,,,,,,,,,,,,
10.268734733756716,0.13993291985320885,1,EDS,Gold,"[{""position"": 2.1220810942843182, ""amplitude"": 0.6382747362010759, ""fwhm"": 0.031799115031979956}]",2.1220810942843182,0.6382747362010759,0.031799115031979956,,,,,,,,,,,,,,,
10.278456277479236,0.1346110407129216,1,EDS,Gold,"[{""position"": 2.1220810942843182, ""amplitude"": 0.6382747362010759, ""fwhm"": 0.031799115031979956}]",2.1220810942843182,0.6382747362010759,0.031799115031979956,,,,,,,,,,,,,,,
10.288177821201757,0.1433863914859942,1,EDS,Gold,"[{""position"": 2.1220810942843182, ""amplitude"": 0.6382747362010759, ""fwhm"": 0.031799115031979956}]",2.1220810942843182,0.6382747362010759,0.031799115031979956,,,,,,,,,,,,,,,
10.297899364924278,0.14359306506286404,1,EDS,Gold,"[{""position"": 2.1220810942843182, ""amplitude"": 0.6382747362010759, ""fwhm"": 0.031799115031979956}]",2.1220810942843182,0.6382747362010759,0.031799115031979956,,,,,,,,,,,,,,,
10.307620908646799,0.14336322944889124,1,EDS,Gold,"[{""position"": 2.1220810942843182, ""amplitude"": 0.6382747362010759, ""fwhm"": 0.031799115031979956}]",2.1220810942843182,0.6382747362010759,0.031799115031979956,,,,,,,,,,,,,,,
10.317342452369319,0.13797660202992634,1,EDS,Gold,"[{""position"": 2.1220810942843182, ""amplitude"": 0.6382747362010759, ""fwhm"": 0.031799115031979956}]",2.1220810942843182,0.6382747362010759,0.031799115031979956,,,,,,,,,,,,,,,
10.327063996091841,0.1473168431770665,1,EDS,Gold,"[{""position"": 2.1220810942843182, ""amplitude"": 0.6382747362010759, ""fwhm"": 0.031799115031979956}]",2.1220810942843182,0.6382747362010759,0.031799115031979956,,,,,,,,,,,,,,,
10.336785539814361,0.14198318746383484,1,EDS,Gold,"[{""position"": 2.1220810942843182, ""amplitude"": 0.6382747362010759, ""fwhm"": 0.031799115031979956}]",2.1220810942843182,0.6382747362010759,0.031799115031979956,,,,,,,,,,,,,,,
10.346507083536881,0.13701238803709728,1,EDS,Gold,"[{""position"": 2.1220810942843182, ""amplitude"": 0.6382747362010759, ""fwhm"": 0.031799115031979956}]",2.1220810942843182,0.6382747362010759,0.031799115031979956,,,,,,,,,,,,,,,
10.356228627259403,0.13230270010915074,1,EDS,Gold,"[{""position"": 2.1220810942843182, ""amplitude"": 0.6382747362010759, ""fwhm"": 0.031799115031979956}]",2.1220810942843182,0.6382747362010759,0.031799115031979956,,,,,,,,,,,,,,,
10.365950170981924,0.1467289183262328,1,EDS,Gold,"[{""position"": 2.1220810942843182, ""amplitude"": 0.6382747362010759, ""fwhm"": 0.031799115031979956}]",2.1220810942843182,0.6382747362010759,0.031799115031979956,,,,,,,,,,,,,,,
10.375671714704444,0.13102033133079638,1,EDS,Gold,"[{""position"": 2.1220810942843182, ""amplitude"": 0.6382747362010759, ""fwhm"": 0.031799115031979956}]",2.1220810942843182,0.6382747362010759,0.031799115031979956,,,,,,,,,,,,,,,
10.385393258426966,0.13628417032422024,1,EDS,Gold,"[{""position"": 2.1220810942843182, ""amplitude"": 0.6382747362010759, ""fwhm"": 0.031799115031979956}]",2.1220810942843182,0.6382747362010759,0.031799115031979956,,,,,,,,,,,,,,,
10.395114802149486,0.13429603429210304,1,EDS,Gold,"[{""position"": 2.1220810942843182, ""amplitude"": 0.6382747362010759, ""fwhm"": 0.031799115031979956}]",2.1220810942843182,0.6382747362010759,0.031799115031979956,,,,,,,,,,,,,,,
10.404836345872006,0.13090985217051315,1,EDS,Gold,"[{""position"": 2.1220810942843182, ""amplitude"": 0.6382747362010759, ""fwhm"": 0.031799115031979956}]",2.1220810942843182,0.6382747362010759,0.031799115031979956,,,,,,,,,,,,,,,
10.414557889594526,0.1292677247559528,1,EDS,Gold,"[{""position"": 2.1220810942843182, ""amplitude"": 0.6382747362010759, ""fwhm"": 0.031799115031979956}]",2.1220810942843182,0.6382747362010759,0.031799115031979956,,,,,,,,,,,,,,,
10.424279433317048,0.13964265486677602,1,EDS,Gold,"[{""position"": 2.1220810942843182, ""amplitude"": 0.6382747362010759, ""fwhm"": 0.031799115031979956}]",2.1220810942843182,0.6382747362010759,0.031799115031979956,,,,,,,,,,,,,,,
10.434000977039569,0.12900828409957768,1,EDS,Gold,"[{""position"": 2.1220810942843182, ""amplitude"": 0.6382747362010759, ""fwhm"": 0.031799115031979956}]",2.1220810942843182,0.6382747362010759,0.031799115031979956,,,,,,,,,,,,,,,
10.443722520762089,0.12864921243190314,1,EDS,Gold,"[{""position"": 2.1220810942843182, ""amplitude"": 0.6382747362010759, ""fwhm"": 0.031799115031979956}]",2.1220810942843182,0.6382747362010759,0.031799115031979956,,,,,,,,,,,,,,,
10.45344406448461,0.13453397918702256,1,EDS,Gold,"[{""position"": 2.1220810942843182, ""amplitude"": 0.6382747362010759, ""fwhm"": 0.031799115031979956}]",2.1220810942843182,0.6382747362010759,0.031799115031979956,,,,,,,,,,,,,,,
10.463165608207131,0.13848760834920598,1,EDS,Gold,"[{""position"": 2.1220810942843182, ""amplitude"": 0.6382747362010759, ""fwhm"": 0.031799115031979956}]",2.1220810942843182,0.6382747362010759,0.031799115031979956,,,,,,,,,,,,,,,
10.472887151929651,0.12859628109859028,1,EDS,Gold,"[{""position"": 2.1220810942843182, ""amplitude"": 0.6382747362010759, ""fwhm"": 0.031799115031979956}]",2.1220810942843182,0.6382747362010759,0.031799115031979956,,,,,,,,,,,,,,,
10.482608695652173,0.13313392448977784,1,EDS,Gold,"[{""position"": 2.1220810942843182, ""amplitude"": 0.6382747362010759, ""fwhm"": 0.031799115031979956}]",2.1220810942843182,0.6382747362010759,0.031799115031979956,,,,,,,,,,,,,,,
10.492330239374693,0.12810535153761965,1,EDS,Gold,"[{""position"": 2.1220810942843182, ""amplitude"": 0.6382747362010759, ""fwhm"": 0.031799115031979956}]",2.1220810942843182,0.6382747362010759,0.031799115031979956,,,,,,,,,,,,,,,
10.502051783097214,0.13763977819506076,1,EDS,Gold,"[{""position"": 2.1220810942843182, ""amplitude"": 0.6382747362010759, ""fwhm"": 0.031799115031979956}]",2.1220810942843182,0.6382747362010759,0.031799115031979956,,,,,,,,,,,,,,,
10.511773326819736,0.13172045860986026,1,EDS,Gold,"[{""position"": 2.1220810942843182, ""amplitude"": 0.6382747362010759, ""fwhm"": 0.031799115031979956}]",2.1220810942843182,0.6382747362010759,0.031799115031979956,,,,,,,,,,,,,,,
10.521494870542256,0.12752187192388384,1,EDS,Gold,"[{""position"": 2.1220810942843182, ""amplitude"": 0.6382747362010759, ""fwhm"": 0.031799115031979956}]",2.1220810942843182,0.6382747362010759,0.031799115031979956,,,,,,,,,,,,,,,
10.531216414264776,0.13654097920691405,1,EDS,Gold,"[{""position"": 2.1220810942843182, ""amplitude"": 0.6382747362010759, ""fwhm"": 0.031799115031979956}]",2.1220810942843182,0.6382747362010759,0.031799115031979956,,,,,,,,,,,,,,,
10.540937957987298,0.13076208520416532,1,EDS,Gold,"[{""position"": 2.1220810942843182, ""amplitude"": 0.6382747362010759, ""fwhm"": 0.031799115031979956}]",2.1220810942843182,0.6382747362010759,0.031799115031979956,,,,,,,,,,,,,,,
10.550659501709818,0.13601934132049245,1,EDS,Gold,"[{""position"": 2.1220810942843182, ""amplitude"": 0.6382747362010759, ""fwhm"": 0.031799115031979956}]",2.1220810942843182,0.6382747362010759,0.031799115031979956,,,,,,,,,,,,,,,
10.560381045432338,0.13665506854601273,1,EDS,Gold,"[{""position"": 2.1220810942843182, ""amplitude"": 0.6382747362010759, ""fwhm"": 0.031799115031979956}]",2.1220810942843182,0.6382747362010759,0.031799115031979956,,,,,,,,,,,,,,,
10.570102589154859,0.13107111936300392,1,EDS,Gold,"[{""position"": 2.1220810942843182, ""amplitude"": 0.6382747362010759, ""fwhm"": 0.031799115031979956}]",2.1220810942843182,0.6382747362010759,0.031799115031979956,,,,,,,,,,,,,,,
10.57982413287738,0.12522788811354169,1,EDS,Gold,"[{""position"": 2.1220810942843182, ""amplitude"": 0.6382747362010759, ""fwhm"": 0.031799115031979956}]",2.1220810942843182,0.6382747362010759,0.031799115031979956,,,,,,,,,,,,,,,
10.5895456765999,0.12495125613952104,1,EDS,Gold,"[{""position"": 2.1220810942843182, ""amplitude"": 0.6382747362010759, ""fwhm"": 0.031799115031979956}]",2.1220810942843182,0.6382747362010759,0.031799115031979956,,,,,,,,,,,,,,,
10.599267220322421,0.12968797034127996,1,EDS,Gold,"[{""position"": 2.1220810942843182, ""amplitude"": 0.6382747362010759, ""fwhm"": 0.031799115031979956}]",2.1220810942843182,0.6382747362010759,0.031799115031979956,,,,,,,,,,,,,,,
10.608988764044943,0.12554569646768646,1,EDS,Gold,"[{""position"": 2.1220810942843182, ""amplitude"": 0.6382747362010759, ""fwhm"": 0.031799115031979956}]",2.1220810942843182,0.6382747362010759,0.031799115031979956,,,,,,,,,,,,,,,
10.618710307767463,0.1394679547130186,1,EDS,Gold,"[{""position"": 2.1220810942843182, ""amplitude"": 0.6382747362010759, ""fwhm"": 0.031799115031979956}]",2.1220810942843182,0.6382747362010759,0.031799115031979956,,,,,,,,,,,,,,,
10.628431851489983,0.12421435020671828,1,EDS,Gold,"[{""position"": 2.1220810942843182, ""amplitude"": 0.6382747362010759, ""fwhm"": 0.031799115031979956}]",2.1220810942843182,0.6382747362010759,0.031799115031979956,,,,,,,,,,,,,,,
10.638153395212505,0.124221821511744,1,EDS,Gold,"[{""position"": 2.1220810942843182, ""amplitude"": 0.6382747362010759, ""fwhm"": 0.031799115031979956}]",2.1220810942843182,0.6382747362010759,0.031799115031979956,,,,,,,,,,,,,,,
10.647874938935026,0.13357120944735335,1,EDS,Gold,"[{""position"": 2.1220810942843182, ""amplitude"": 0.6382747362010759, ""fwhm"": 0.031799115031979956}]",2.1220810942843182,0.6382747362010759,0.031799115031979956,,,,,,,,,,,,,,,
10.657596482657546,0.12305945456597597,1,EDS,Gold,"[{""position"": 2.1220810942843182, ""amplitude"": 0.6382747362010759, ""fwhm"": 0.031799115031979956}]",2.1220810942843182,0.6382747362010759,0.031799115031979956,,,,,,,,,,,,,,,
10.667318026380068,0.1278127418773171,1,EDS,Gold,"[{""position"": 2.1220810942843182, ""amplitude"": 0.6382747362010759, ""fwhm"": 0.031799115031979956}]",2.1220810942843182,0.6382747362010759,0.031799115031979956,,,,,,,,,,,,,,,
10.677039570102588,0.12759537128782758,1,EDS,Gold,"[{""position"": 2.1220810942843182, ""amplitude"": 0.6382747362010759, ""fwhm"": 0.031799115031979956}]",2.1220810942843182,0.6382747362010759,0.031799115031979956,,,,,,,,,,,,,,,
10.686761113825108,0.1273352683106883,1,EDS,Gold,"[{""position"": 2.1220810942843182, ""amplitude"": 0.6382747362010759, ""fwhm"": 0.031799115031979956}]",2.1220810942843182,0.6382747362010759,0.031799115031979956,,,,,,,,,,,,,,,
10.696482657547628,0.12242056806020263,1,EDS,Gold,"[{""position"": 2.1220810942843182, ""amplitude"": 0.6382747362010759, ""fwhm"": 0.031799115031979956}]",2.1220810942843182,0.6382747362010759,0.031799115031979956,,,,,,,,,,,,,,,
10.70620420127015,0.12682470992973235,1,EDS,Gold,"[{""position"": 2.1220810942843182, ""amplitude"": 0.6382747362010759, ""fwhm"": 0.031799115031979956}]",2.1220810942843182,0.6382747362010759,0.031799115031979956,,,,,,,,,,,,,,,
10.71592574499267,0.12187021366157397,1,EDS,Gold,"[{""position"": 2.1220810942843182, ""amplitude"": 0.6382747362010759, ""fwhm"": 0.031799115031979956}]",2.1220810942843182,0.6382747362010759,0.031799115031979956,,,,,,,,,,,,,,,
10.72564728871519,0.12120925484503908,1,EDS,Gold,"[{""position"": 2.1220810942843182, ""amplitude"": 0.6382747362010759, ""fwhm"": 0.031799115031979956}]",2.1220810942843182,0.6382747362010759,0.031799115031979956,,,,,,,,,,,,,,,
10.735368832437713,0.12100823998605428,1,EDS,Gold,"[{""position"": 2.1220810942843182, ""amplitude"": 0.6382747362010759, ""fwhm"": 0.031799115031979956}]",2.1220810942843182,0.6382747362010759,0.031799115031979956,,,,,,,,,,,,,,,
10.745090376160233,0.12474984347079053,1,EDS,Gold,"[{""position"": 2.1220810942843182, ""amplitude"": 0.6382747362010759, ""fwhm"": 0.031799115031979956}]",2.1220810942843182,0.6382747362010759,0.031799115031979956,,,,,,,,,,,,,,,
10.754811919882753,0.12085161131842276,1,EDS,Gold,"[{""position"": 2.1220810942843182, ""amplitude"": 0.6382747362010759, ""fwhm"": 0.031799115031979956}]",2.1220810942843182,0.6382747362010759,0.031799115031979956,,,,,,,,,,,,,,,
10.764533463605275,0.1253057960484778,1,EDS,Gold,"[{""position"": 2.1220810942843182, ""amplitude"": 0.6382747362010759, ""fwhm"": 0.031799115031979956}]",2.1220810942843182,0.6382747362010759,0.031799115031979956,,,,,,,,,,,,,,,
10.774255007327795,0.13533750011521611,1,EDS,Gold,"[{""position"": 2.1220810942843182, ""amplitude"": 0.6382747362010759, ""fwhm"": 0.031799115031979956}]",2.1220810942843182,0.6382747362010759,0.031799115031979956,,,,,,,,,,,,,,,
10.783976551050316,0.12321972918350615,1,EDS,Gold,"[{""position"": 2.1220810942843182, ""amplitude"": 0.6382747362010759, ""fwhm"": 0.031799115031979956}]",2.1220810942843182,0.6382747362010759,0.031799115031979956,,,,,,,,,,,,,,,
10.793698094772838,0.13530034092564142,1,EDS,Gold,"[{""position"": 2.1220810942843182, ""amplitude"": 0.6382747362010759, ""fwhm"": 0.031799115031979956}]",2.1220810942843182,0.6382747362010759,0.031799115031979956,,,,,,,,,,,,,,,
10.803419638495358,0.11897047862744328,1,EDS,Gold,"[{""position"": 2.1220810942843182, ""amplitude"": 0.6382747362010759, ""fwhm"": 0.031799115031979956}]",2.1220810942843182,0.6382747362010759,0.031799115031979956,,,,,,,,,,,,,,,
10.813141182217878,0.13428411688358022,1,EDS,Gold,"[{""position"": 2.1220810942843182, ""amplitude"": 0.6382747362010759, ""fwhm"": 0.031799115031979956}]",2.1220810942843182,0.6382747362010759,0.031799115031979956,,,,,,,,,,,,,,,
10.8228627259404,0.12299202246443396,1,EDS,Gold,"[{""position"": 2.1220810942843182, ""amplitude"": 0.6382747362010759, ""fwhm"": 0.031799115031979956}]",2.1220810942843182,0.6382747362010759,0.031799115031979956,,,,,,,,,,,,,,,
10.83258426966292,0.11849711987411161,1,EDS,Gold,"[{""position"": 2.1220810942843182, ""amplitude"": 0.6382747362010759, ""fwhm"": 0.031799115031979956}]",2.1220810942843182,0.6382747362010759,0.031799115031979956,,,,,,,,,,,,,,,
10.84230581338544,0.12243289027734659,1,EDS,Gold,"[{""position"": 2.1220810942843182, ""amplitude"": 0.6382747362010759, ""fwhm"": 0.031799115031979956}]",2.1220810942843182,0.6382747362010759,0.031799115031979956,,,,,,,,,,,,,,,
10.85202735710796,0.12235967570319284,1,EDS,Gold,"[{""position"": 2.1220810942843182, ""amplitude"": 0.6382747362010759, ""fwhm"": 0.031799115031979956}]",2.1220810942843182,0.6382747362010759,0.031799115031979956,,,,,,,,,,,,,,,
10.861748900830483,0.12328330058213129,1,EDS,Gold,"[{""position"": 2.1220810942843182, ""amplitude"": 0.6382747362010759, ""fwhm"": 0.031799115031979956}]",2.1220810942843182,0.6382747362010759,0.031799115031979956,,,,,,,,,,,,,,,
10.871470444553003,0.11701171348956288,1,EDS,Gold,"[{""position"": 2.1220810942843182, ""amplitude"": 0.6382747362010759, ""fwhm"": 0.031799115031979956}]",2.1220810942843182,0.6382747362010759,0.031799115031979956,,,,,,,,,,,,,,,
10.881191988275523,0.1169283165392125,1,EDS,Gold,"[{""position"": 2.1220810942843182, ""amplitude"": 0.6382747362010759, ""fwhm"": 0.031799115031979956}]",2.1220810942843182,0.6382747362010759,0.031799115031979956,,,,,,,,,,,,,,,
10.890913531998045,0.11696054025098722,1,EDS,Gold,"[{""position"": 2.1220810942843182, ""amplitude"": 0.6382747362010759, ""fwhm"": 0.031799115031979956}]",2.1220810942843182,0.6382747362010759,0.031799115031979956,,,,,,,,,,,,,,,
10.900635075720565,0.11650713717688593,1,EDS,Gold,"[{""position"": 2.1220810942843182, ""amplitude"": 0.6382747362010759, ""fwhm"": 0.031799115031979956}]",2.1220810942843182,0.6382747362010759,0.031799115031979956,,,,,,,,,,,,,,,
10.910356619443085,0.11606750455404802,1,EDS,Gold,"[{""position"": 2.1220810942843182, ""amplitude"": 0.6382747362010759, ""fwhm"": 0.031799115031979956}]",2.1220810942843182,0.6382747362010759,0.031799115031979956,,,,,,,,,,,,,,,
10.920078163165607,0.12089257536492053,1,EDS,Gold,"[{""position"": 2.1220810942843182, ""amplitude"": 0.6382747362010759, ""fwhm"": 0.031799115031979956}]",2.1220810942843182,0.6382747362010759,0.031799115031979956,,,,,,,,,,,,,,,
10.929799706888128,0.12158008249508262,1,EDS,Gold,"[{""position"": 2.1220810942843182, ""amplitude"": 0.6382747362010759, ""fwhm"": 0.031799115031979956}]",2.1220810942843182,0.6382747362010759,0.031799115031979956,,,,,,,,,,,,,,,
10.939521250610648,0.13014000728939512,1,EDS,Gold,"[{""position"": 2.1220810942843182, ""amplitude"": 0.6382747362010759, ""fwhm"": 0.031799115031979956}]",2.1220810942843182,0.6382747362010759,0.031799115031979956,,,,,,,,,,,,,,,
10.94924279433317,0.11498596605678413,1,EDS,Gold,"[{""position"": 2.1220810942843182, ""amplitude"": 0.6382747362010759, ""fwhm"": 0.031799115031979956}]",2.1220810942843182,0.6382747362010759,0.031799115031979956,,,,,,,,,,,,,,,
10.95896433805569,0.1201113020743236,1,EDS,Gold,"[{""position"": 2.1220810942843182, ""amplitude"": 0.6382747362010759, ""fwhm"": 0.031799115031979956}]",2.1220810942843182,0.6382747362010759,0.031799115031979956,,,,,,,,,,,,,,,
10.96868588177821,0.11486087199123785,1,EDS,Gold,"[{""position"": 2.1220810942843182, ""amplitude"": 0.6382747362010759, ""fwhm"": 0.031799115031979956}]",2.1220810942843182,0.6382747362010759,0.031799115031979956,,,,,,,,,,,,,,,
10.978407425500732,0.1146230352006773,1,EDS,Gold,"[{""position"": 2.1220810942843182, ""amplitude"": 0.6382747362010759, ""fwhm"": 0.031799115031979956}]",2.1220810942843182,0.6382747362010759,0.031799115031979956,,,,,,,,,,,,,,,
10.988128969223252,0.11408739553899405,1,EDS,Gold,"[{""position"": 2.1220810942843182, ""amplitude"": 0.6382747362010759, ""fwhm"": 0.031799115031979956}]",2.1220810942843182,0.6382747362010759,0.031799115031979956,,,,,,,,,,,,,,,
10.997850512945773,0.11296852647483506,1,EDS,Gold,"[{""position"": 2.1220810942843182, ""amplitude"": 0.6382747362010759, ""fwhm"": 0.031799115031979956}]",2.1220810942843182,0.6382747362010759,0.031799115031979956,,,,,,,,,,,,,,,
11.007572056668293,0.11900498769485779,1,EDS,Gold,"[{""position"": 2.1220810942843182, ""amplitude"": 0.6382747362010759, ""fwhm"": 0.031799115031979956}]",2.1220810942843182,0.6382747362010759,0.031799115031979956,,,,,,,,,,,,,,,
11.017293600390815,0.11741419500501617,1,EDS,Gold,"[{""position"": 2.1220810942843182, ""amplitude"": 0.6382747362010759, ""fwhm"": 0.031799115031979956}]",2.1220810942843182,0.6382747362010759,0.031799115031979956,,,,,,,,,,,,,,,
11.027015144113335,0.11282296944215568,1,EDS,Gold,"[{""position"": 2.1220810942843182, ""amplitude"": 0.6382747362010759, ""fwhm"": 0.031799115031979956}]",2.1220810942843182,0.6382747362010759,0.031799115031979956,,,,,,,,,,,,,,,
11.036736687835855,0.11704683360274486,1,EDS,Gold,"[{""position"": 2.1220810942843182, ""amplitude"": 0.6382747362010759, ""fwhm"": 0.031799115031979956}]",2.1220810942843182,0.6382747362010759,0.031799115031979956,,,,,,,,,,,,,,,
11.046458231558377,0.1220967895355058,1,EDS,Gold,"[{""position"": 2.1220810942843182, ""amplitude"": 0.6382747362010759, ""fwhm"": 0.031799115031979956}]",2.1220810942843182,0.6382747362010759,0.031799115031979956,,,,,,,,,,,,,,,
11.056179775280897,0.11700619738940651,1,EDS,Gold,"[{""position"": 2.1220810942843182, ""amplitude"": 0.6382747362010759, ""fwhm"": 0.031799115031979956}]",2.1220810942843182,0.6382747362010759,0.031799115031979956,,,,,,,,,,,,,,,
11.065901319003418,0.1167263209517874,1,EDS,Gold,"[{""position"": 2.1220810942843182, ""amplitude"": 0.6382747362010759, ""fwhm"": 0.031799115031979956}]",2.1220810942843182,0.6382747362010759,0.031799115031979956,,,,,,,,,,,,,,,
11.07562286272594,0.11649749780559568,1,EDS,Gold,"[{""position"": 2.1220810942843182, ""amplitude"": 0.6382747362010759, ""fwhm"": 0.031799115031979956}]",2.1220810942843182,0.6382747362010759,0.031799115031979956,,,,,,,,,,,,,,,
11.08534440644846,0.1267846613819827,1,EDS,Gold,"[{""position"": 2.1220810942843182, ""amplitude"": 0.6382747362010759, ""fwhm"": 0.031799115031979956}]",2.1220810942843182,0.6382747362010759,0.031799115031979956,,,,,,,,,,,,,,,
11.09506595017098,0.12095969813192396,1,EDS,Gold,"[{""position"": 2.1220810942843182, ""amplitude"": 0.6382747362010759, ""fwhm"": 0.031799115031979956}]",2.1220810942843182,0.6382747362010759,0.031799115031979956,,,,,,,,,,,,,,,
11.104787493893502,0.11035342168204015,1,EDS,Gold,"[{""position"": 2.1220810942843182, ""amplitude"": 0.6382747362010759, ""fwhm"": 0.031799115031979956}]",2.1220810942843182,0.6382747362010759,0.031799115031979956,,,,,,,,,,,,,,,
11.114509037616022,0.11064836640282372,1,EDS,Gold,"[{""position"": 2.1220810942843182, ""amplitude"": 0.6382747362010759, ""fwhm"": 0.031799115031979956}]",2.1220810942843182,0.6382747362010759,0.031799115031979956,,,,,,,,,,,,,,,
11.124230581338542,0.11547856627536043,1,EDS,Gold,"[{""position"": 2.1220810942843182, ""amplitude"": 0.6382747362010759, ""fwhm"": 0.031799115031979956}]",2.1220810942843182,0.6382747362010759,0.031799115031979956,,,,,,,,,,,,,,,
11.133952125061063,0.11405927937450051,1,EDS,Gold,"[{""position"": 2.1220810942843182, ""amplitude"": 0.6382747362010759, ""fwhm"": 0.031799115031979956}]",2.1220810942843182,0.6382747362010759,0.031799115031979956,,,,,,,,,,,,,,,
11.143673668783585,0.11464586233171603,1,EDS,Gold,"[{""position"": 2.1220810942843182, ""amplitude"": 0.6382747362010759, ""fwhm"": 0.031799115031979956}]",2.1220810942843182,0.6382747362010759,0.031799115031979956,,,,,,,,,,,,,,,
11.153395212506105,0.10941856024354972,1,EDS,Gold,"[{""position"": 2.1220810942843182, ""amplitude"": 0.6382747362010759, ""fwhm"": 0.031799115031979956}]",2.1220810942843182,0.6382747362010759,0.031799115031979956,,,,,,,,,,,,,,,
11.163116756228625,0.11866993770545592,1,EDS,Gold,"[{""position"": 2.1220810942843182, ""amplitude"": 0.6382747362010759, ""fwhm"": 0.031799115031979956}]",2.1220810942843182,0.6382747362010759,0.031799115031979956,,,,,,,,,,,,,,,
11.172838299951147,0.11418477338842628,1,EDS,Gold,"[{""position"": 2.1220810942843182, ""amplitude"": 0.6382747362010759, ""fwhm"": 0.031799115031979956}]",2.1220810942843182,0.6382747362010759,0.031799115031979956,,,,,,,,,,,,,,,
11.182559843673667,0.11318694796545382,1,EDS,Gold,"[{""position"": 2.1220810942843182, ""amplitude"": 0.6382747362010759, ""fwhm"": 0.031799115031979956}]",2.1220810942843182,0.6382747362010759,0.031799115031979956,,,,,,,,,,,,,,,
11.192281387396187,0.11304091211720753,1,EDS,Gold,"[{""position"": 2.1220810942843182, ""amplitude"": 0.6382747362010759, ""fwhm"": 0.031799115031979956}]",2.1220810942843182,0.6382747362010759,0.031799115031979956,,,,,,,,,,,,,,,
11.20200293111871,0.10762332869834443,1,EDS,Gold,"[{""position"": 2.1220810942843182, ""amplitude"": 0.6382747362010759, ""fwhm"": 0.031799115031979956}]",2.1220810942843182,0.6382747362010759,0.031799115031979956,,,,,,,,,,,,,,,
11.21172447484123,0.10743616530865067,1,EDS,Gold,"[{""position"": 2.1220810942843182, ""amplitude"": 0.6382747362010759, ""fwhm"": 0.031799115031979956}]",2.1220810942843182,0.6382747362010759,0.031799115031979956,,,,,,,,,,,,,,,
11.22144601856375,0.11663405926053277,1,EDS,Gold,"[{""position"": 2.1220810942843182, ""amplitude"": 0.6382747362010759, ""fwhm"": 0.031799115031979956}]",2.1220810942843182,0.6382747362010759,0.031799115031979956,,,,,,,,,,,,,,,
11.231167562286272,0.10619513966849291,1,EDS,Gold,"[{""position"": 2.1220810942843182, ""amplitude"": 0.6382747362010759, ""fwhm"": 0.031799115031979956}]",2.1220810942843182,0.6382747362010759,0.031799115031979956,,,,,,,,,,,,,,,
11.240889106008792,0.10735366418929146,1,EDS,Gold,"[{""position"": 2.1220810942843182, ""amplitude"": 0.6382747362010759, ""fwhm"": 0.031799115031979956}]",2.1220810942843182,0.6382747362010759,0.031799115031979956,,,,,,,,,,,,,,,
11.250610649731312,0.11592285387747878,1,EDS,Gold,"[{""position"": 2.1220810942843182, ""amplitude"": 0.6382747362010759, ""fwhm"": 0.031799115031979956}]",2.1220810942843182,0.6382747362010759,0.031799115031979956,,,,,,,,,,,,,,,
11.260332193453834,0.11057819705775292,1,EDS,Gold,"[{""position"": 2.1220810942843182, ""amplitude"": 0.6382747362010759, ""fwhm"": 0.031799115031979956}]",2.1220810942843182,0.6382747362010759,0.031799115031979956,,,,,,,,,,,,,,,
11.270053737176355,0.11475238500610853,1,EDS,Gold,"[{""position"": 2.1220810942843182, ""amplitude"": 0.6382747362010759, ""fwhm"": 0.031799115031979956}]",2.1220810942843182,0.6382747362010759,0.031799115031979956,,,,,,,,,,,,,,,
11.279775280898875,0.10519212130794367,1,EDS,Gold,"[{""position"": 2.1220810942843182, ""amplitude"": 0.6382747362010759, ""fwhm"": 0.031799115031979956}]",2.1220810942843182,0.6382747362010759,0.031799115031979956,,,,,,,,,,,,,,,
11.289496824621395,0.1095922717976377,1,EDS,Gold,"[{""position"": 2.1220810942843182, ""amplitude"": 0.6382747362010759, ""fwhm"": 0.031799115031979956}]",2.1220810942843182,0.6382747362010759,0.031799115031979956,,,,,,,,,,,,,,,
11.299218368343917,0.10571796216981846,1,EDS,Gold,"[{""position"": 2.1220810942843182, ""amplitude"": 0.6382747362010759, ""fwhm"": 0.031799115031979956}]",2.1220810942843182,0.6382747362010759,0.031799115031979956,,,,,,,,,,,,,,,
11.308939912066437,0.1301426698266351,1,EDS,Gold,"[{""position"": 2.1220810942843182, ""amplitude"": 0.6382747362010759, ""fwhm"": 0.031799115031979956}]",2.1220810942843182,0.6382747362010759,0.031799115031979956,,,,,,,,,,,,,,,
11.318661455788957,0.10406342981462739,1,EDS,Gold,"[{""position"": 2.1220810942843182, ""amplitude"": 0.6382747362010759, ""fwhm"": 0.031799115031979956}]",2.1220810942843182,0.6382747362010759,0.031799115031979956,,,,,,,,,,,,,,,
11.32838299951148,0.10517752974962086,1,EDS,Gold,"[{""position"": 2.1220810942843182, ""amplitude"": 0.6382747362010759, ""fwhm"": 0.031799115031979956}]",2.1220810942843182,0.6382747362010759,0.031799115031979956,,,,,,,,,,,,,,,
11.338104543234,0.10930033933535241,1,EDS,Gold,"[{""position"": 2.1220810942843182, ""amplitude"": 0.6382747362010759, ""fwhm"": 0.031799115031979956}]",2.1220810942843182,0.6382747362010759,0.031799115031979956,,,,,,,,,,,,,,,
11.34782608695652,0.103406162239616,1,EDS,Gold,"[{""position"": 2.1220810942843182, ""amplitude"": 0.6382747362010759, ""fwhm"": 0.031799115031979956}]",2.1220810942843182,0.6382747362010759,0.031799115031979956,,,,,,,,,,,,,,,
11.357547630679042,0.11210156344111914,1,EDS,Gold,"[{""position"": 2.1220810942843182, ""amplitude"": 0.6382747362010759, ""fwhm"": 0.031799115031979956}]",2.1220810942843182,0.6382747362010759,0.031799115031979956,,,,,,,,,,,,,,,
11.367269174401562,0.10409032768427744,1,EDS,Gold,"[{""position"": 2.1220810942843182, ""amplitude"": 0.6382747362010759, ""fwhm"": 0.031799115031979956}]",2.1220810942843182,0.6382747362010759,0.031799115031979956,,,,,,,,,,,,,,,
11.376990718124082,0.1020736477269017,1,EDS,Gold,"[{""position"": 2.1220810942843182, ""amplitude"": 0.6382747362010759, ""fwhm"": 0.031799115031979956}]",2.1220810942843182,0.6382747362010759,0.031799115031979956,,,,,,,,,,,,,,,
11.386712261846604,0.10167633223169889,1,EDS,Gold,"[{""position"": 2.1220810942843182, ""amplitude"": 0.6382747362010759, ""fwhm"": 0.031799115031979956}]",2.1220810942843182,0.6382747362010759,0.031799115031979956,,,,,,,,,,,,,,,
11.396433805569124,0.10266153396387218,1,EDS,Gold,"[{""position"": 2.1220810942843182, ""amplitude"": 0.6382747362010759, ""fwhm"": 0.031799115031979956}]",2.1220810942843182,0.6382747362010759,0.031799115031979956,,,,,,,,,,,,,,,
11.406155349291645,0.1130553026517812,1,EDS,Gold,"[{""position"": 2.1220810942843182, ""amplitude"": 0.6382747362010759, ""fwhm"": 0.031799115031979956}]",2.1220810942843182,0.6382747362010759,0.031799115031979956,,,,,,,,,,,,,,,
11.415876893014165,0.10227987535944089,1,EDS,Gold,"[{""position"": 2.1220810942843182, ""amplitude"": 0.6382747362010759, ""fwhm"": 0.031799115031979956}]",2.1220810942843182,0.6382747362010759,0.031799115031979956,,,,,,,,,,,,,,,
11.425598436736687,0.10661562396147453,1,EDS,Gold,"[{""position"": 2.1220810942843182, ""amplitude"": 0.6382747362010759, ""fwhm"": 0.031799115031979956}]",2.1220810942843182,0.6382747362010759,0.031799115031979956,,,,,,,,,,,,,,,
11.435319980459207,0.11135386791137505,1,EDS,Gold,"[{""position"": 2.1220810942843182, ""amplitude"": 0.6382747362010759, ""fwhm"": 0.031799115031979956}]",2.1220810942843182,0.6382747362010759,0.031799115031979956,,,,,,,,,,,,,,,
11.445041524181727,0.10119983605885229,1,EDS,Gold,"[{""position"": 2.1220810942843182, ""amplitude"": 0.6382747362010759, ""fwhm"": 0.031799115031979956}]",2.1220810942843182,0.6382747362010759,0.031799115031979956,,,,,,,,,,,,,,,
11.45476306790425,0.10587881967328738,1,EDS,Gold,"[{""position"": 2.1220810942843182, ""amplitude"": 0.6382747362010759, ""fwhm"": 0.031799115031979956}]",2.1220810942843182,0.6382747362010759,0.031799115031979956,,,,,,,,,,,,,,,
11.46448461162677,0.10537658505464693,1,EDS,Gold,"[{""position"": 2.1220810942843182, ""amplitude"": 0.6382747362010759, ""fwhm"": 0.031799115031979956}]",2.1220810942843182,0.6382747362010759,0.031799115031979956,,,,,,,,,,,,,,,
11.47420615534929,0.10501656004984739,1,EDS,Gold,"[{""position"": 2.1220810942843182, ""amplitude"": 0.6382747362010759, ""fwhm"": 0.031799115031979956}]",2.1220810942843182,0.6382747362010759,0.031799115031979956,,,,,,,,,,,,,,,
11.483927699071812,0.09966135783802188,1,EDS,Gold,"[{""position"": 2.1220810942843182, ""amplitude"": 0.6382747362010759, ""fwhm"": 0.031799115031979956}]",2.1220810942843182,0.6382747362010759,0.031799115031979956,,,,,,,,,,,,,,,
11.493649242794332,0.10405811102592624,1,EDS,Gold,"[{""position"": 2.1220810942843182, ""amplitude"": 0.6382747362010759, ""fwhm"": 0.031799115031979956}]",2.1220810942843182,0.6382747362010759,0.031799115031979956,,,,,,,,,,,,,,,
11.503370786516852,0.10400557547446881,1,EDS,Gold,"[{""position"": 2.1220810942843182, ""amplitude"": 0.6382747362010759, ""fwhm"": 0.031799115031979956}]",2.1220810942843182,0.6382747362010759,0.031799115031979956,,,,,,,,,,,,,,,
11.513092330239374,0.09806144971723285,1,EDS,Gold,"[{""position"": 2.1220810942843182, ""amplitude"": 0.6382747362010759, ""fwhm"": 0.031799115031979956}]",2.1220810942843182,0.6382747362010759,0.031799115031979956,,,,,,,,,,,,,,,
11.522813873961894,0.09853913699922916,1,EDS,Gold,"[{""position"": 2.1220810942843182, ""amplitude"": 0.6382747362010759, ""fwhm"": 0.031799115031979956}]",2.1220810942843182,0.6382747362010759,0.031799115031979956,,,,,,,,,,,,,,,
11.532535417684414,0.09784185650461291,1,EDS,Gold,"[{""position"": 2.1220810942843182, ""amplitude"": 0.6382747362010759, ""fwhm"": 0.031799115031979956}]",2.1220810942843182,0.6382747362010759,0.031799115031979956,,,,,,,,,,,,,,,
11.542256961406936,0.10251115604973392,1,EDS,Gold,"[{""position"": 2.1220810942843182, ""amplitude"": 0.6382747362010759, ""fwhm"": 0.031799115031979956}]",2.1220810942843182,0.6382747362010759,0.031799115031979956,,,,,,,,,,,,,,,
11.551978505129457,0.10284172904787889,1,EDS,Gold,"[{""position"": 2.1220810942843182, ""amplitude"": 0.6382747362010759, ""fwhm"": 0.031799115031979956}]",2.1220810942843182,0.6382747362010759,0.031799115031979956,,,,,,,,,,,,,,,
11.561700048851977,0.09813855402924257,1,EDS,Gold,"[{""position"": 2.1220810942843182, ""amplitude"": 0.6382747362010759, ""fwhm"": 0.031799115031979956}]",2.1220810942843182,0.6382747362010759,0.031799115031979956,,,,,,,,,,,,,,,
11.571421592574497,0.10263825367097872,1,EDS,Gold,"[{""position"": 2.1220810942843182, ""amplitude"": 0.6382747362010759, ""fwhm"": 0.031799115031979956}]",2.1220810942843182,0.6382747362010759,0.031799115031979956,,,,,,,,,,,,,,,
11.581143136297019,0.10118510074910689,1,EDS,Gold,"[{""position"": 2.1220810942843182, ""amplitude"": 0.6382747362010759, ""fwhm"": 0.031799115031979956}]",2.1220810942843182,0.6382747362010759,0.031799115031979956,,,,,,,,,,,,,,,
11.59086468001954,0.10618345164195143,1,EDS,Gold,"[{""position"": 2.1220810942843182, ""amplitude"": 0.6382747362010759, ""fwhm"": 0.031799115031979956}]",2.1220810942843182,0.6382747362010759,0.031799115031979956,,,,,,,,,,,,,,,
11.60058622374206,0.10181992784481524,1,EDS,Gold,"[{""position"": 2.1220810942843182, ""amplitude"": 0.6382747362010759, ""fwhm"": 0.031799115031979956}]",2.1220810942843182,0.6382747362010759,0.031799115031979956,,,,,,,,,,,,,,,
11.610307767464581,0.09563420485461421,1,EDS,Gold,"[{""position"": 2.1220810942843182, ""amplitude"": 0.6382747362010759, ""fwhm"": 0.031799115031979956}]",2.1220810942843182,0.6382747362010759,0.031799115031979956,,,,,,,,,,,,,,,
11.620029311187102,0.09571624729591668,1,EDS,Gold,"[{""position"": 2.1220810942843182, ""amplitude"": 0.6382747362010759, ""fwhm"": 0.031799115031979956}]",2.1220810942843182,0.6382747362010759,0.031799115031979956,,,,,,,,,,,,,,,
11.629750854909622,0.10080625024590685,1,EDS,Gold,"[{""position"": 2.1220810942843182, ""amplitude"": 0.6382747362010759, ""fwhm"": 0.031799115031979956}]",2.1220810942843182,0.6382747362010759,0.031799115031979956,,,,,,,,,,,,,,,
11.639472398632144,0.09981197207416291,1,EDS,Gold,"[{""position"": 2.1220810942843182, ""amplitude"": 0.6382747362010759, ""fwhm"": 0.031799115031979956}]",2.1220810942843182,0.6382747362010759,0.031799115031979956,,,,,,,,,,,,,,,
11.649193942354664,0.09504337752882218,1,EDS,Gold,"[{""position"": 2.1220810942843182, ""amplitude"": 0.6382747362010759, ""fwhm"": 0.031799115031979956}]",2.1220810942843182,0.6382747362010759,0.031799115031979956,,,,,,,,,,,,,,,
11.658915486077184,0.11408645645458289,1,EDS,Gold,"[{""position"": 2.1220810942843182, ""amplitude"": 0.6382747362010759, ""fwhm"": 0.031799115031979956}]",2.1220810942843182,0.6382747362010759,0.031799115031979956,,,,,,,,,,,,,,,
11.668637029799706,0.09415659490317194,1,EDS,Gold,"[{""position"": 2.1220810942843182, ""amplitude"": 0.6382747362010759, ""fwhm"": 0.031799115031979956}]",2.1220810942843182,0.6382747362010759,0.031799115031979956,,,,,,,,,,,,,,,
11.678358573522226,0.09931586371316942,1,EDS,Gold,"[{""position"": 2.1220810942843182, ""amplitude"": 0.6382747362010759, ""fwhm"": 0.031799115031979956}]",2.1220810942843182,0.6382747362010759,0.031799115031979956,,,,,,,,,,,,,,,
11.688080117244747,0.10313511384924832,1,EDS,Gold,"[{""position"": 2.1220810942843182, ""amplitude"": 0.6382747362010759, ""fwhm"": 0.031799115031979956}]",2.1220810942843182,0.6382747362010759,0.031799115031979956,,,,,,,,,,,,,,,
11.697801660967267,0.09382034662308332,1,EDS,Gold,"[{""position"": 2.1220810942843182, ""amplitude"": 0.6382747362010759, ""fwhm"": 0.031799115031979956}]",2.1220810942843182,0.6382747362010759,0.031799115031979956,,,,,,,,,,,,,,,
11.707523204689789,0.1033264924544001,1,EDS,Gold,"[{""position"": 2.1220810942843182, ""amplitude"": 0.6382747362010759, ""fwhm"": 0.031799115031979956}]",2.1220810942843182,0.6382747362010759,0.031799115031979956,,,,,,,,,,,,,,,
11.717244748412309,0.0933207350292404,1,EDS,Gold,"[{""position"": 2.1220810942843182, ""amplitude"": 0.6382747362010759, ""fwhm"": 0.031799115031979956}]",2.1220810942843182,0.6382747362010759,0.031799115031979956,,,,,,,,,,,,,,,
11.72696629213483,0.10788908238107153,1,EDS,Gold,"[{""position"": 2.1220810942843182, ""amplitude"": 0.6382747362010759, ""fwhm"": 0.031799115031979956}]",2.1220810942843182,0.6382747362010759,0.031799115031979956,,,,,,,,,,,,,,,
11.736687835857351,0.0931519546682901,1,EDS,Gold,"[{""position"": 2.1220810942843182, ""amplitude"": 0.6382747362010759, ""fwhm"": 0.031799115031979956}]",2.1220810942843182,0.6382747362010759,0.031799115031979956,,,,,,,,,,,,,,,
11.746409379579871,0.10228985245957119,1,EDS,Gold,"[{""position"": 2.1220810942843182, ""amplitude"": 0.6382747362010759, ""fwhm"": 0.031799115031979956}]",2.1220810942843182,0.6382747362010759,0.031799115031979956,,,,,,,,,,,,,,,
11.756130923302392,0.10675131694296824,1,EDS,Gold,"[{""position"": 2.1220810942843182, ""amplitude"": 0.6382747362010759, ""fwhm"": 0.031799115031979956}]",2.1220810942843182,0.6382747362010759,0.031799115031979956,,,,,,,,,,,,,,,
11.765852467024914,0.10173591305059049,1,EDS,Gold,"[{""position"": 2.1220810942843182, ""amplitude"": 0.6382747362010759, ""fwhm"": 0.031799115031979956}]",2.1220810942843182,0.6382747362010759,0.031799115031979956,,,,,,,,,,,,,,,
11.775574010747434,0.09165870884961945,1,EDS,Gold,"[{""position"": 2.1220810942843182, ""amplitude"": 0.6382747362010759, ""fwhm"": 0.031799115031979956}]",2.1220810942843182,0.6382747362010759,0.031799115031979956,,,,,,,,,,,,,,,
11.785295554469954,0.09614864217114552,1,EDS,Gold,"[{""position"": 2.1220810942843182, ""amplitude"": 0.6382747362010759, ""fwhm"": 0.031799115031979956}]",2.1220810942843182,0.6382747362010759,0.031799115031979956,,,,,,,,,,,,,,,
11.795017098192476,0.09586846303852886,1,EDS,Gold,"[{""position"": 2.1220810942843182, ""amplitude"": 0.6382747362010759, ""fwhm"": 0.031799115031979956}]",2.1220810942843182,0.6382747362010759,0.031799115031979956,,,,,,,,,,,,,,,
11.804738641914996,0.09024106566714016,1,EDS,Gold,"[{""position"": 2.1220810942843182, ""amplitude"": 0.6382747362010759, ""fwhm"": 0.031799115031979956}]",2.1220810942843182,0.6382747362010759,0.031799115031979956,,,,,,,,,,,,,,,
11.814460185637516,0.0949832851456123,1,EDS,Gold,"[{""position"": 2.1220810942843182, ""amplitude"": 0.6382747362010759, ""fwhm"": 0.031799115031979956}]",2.1220810942843182,0.6382747362010759,0.031799115031979956,,,,,,,,,,,,,,,
11.824181729360038,0.0993572540169997,1,EDS,Gold,"[{""position"": 2.1220810942843182, ""amplitude"": 0.6382747362010759, ""fwhm"": 0.031799115031979956}]",2.1220810942843182,0.6382747362010759,0.031799115031979956,,,,,,,,,,,,,,,
11.833903273082559,0.09057150280419622,1,EDS,Gold,"[{""position"": 2.1220810942843182, ""amplitude"": 0.6382747362010759, ""fwhm"": 0.031799115031979956}]",2.1220810942843182,0.6382747362010759,0.031799115031979956,,,,,,,,,,,,,,,
11.843624816805079,0.09387979837574453,1,EDS,Gold,"[{""position"": 2.1220810942843182, ""amplitude"": 0.6382747362010759, ""fwhm"": 0.031799115031979956}]",2.1220810942843182,0.6382747362010759,0.031799115031979956,,,,,,,,,,,,,,,
11.853346360527599,0.08886406413406528,1,EDS,Gold,"[{""position"": 2.1220810942843182, ""amplitude"": 0.6382747362010759, ""fwhm"": 0.031799115031979956}]",2.1220810942843182,0.6382747362010759,0.031799115031979956,,,,,,,,,,,,,,,
11.863067904250121,0.10357575343740351,1,EDS,Gold,"[{""position"": 2.1220810942843182, ""amplitude"": 0.6382747362010759, ""fwhm"": 0.031799115031979956}]",2.1220810942843182,0.6382747362010759,0.031799115031979956,,,,,,,,,,,,,,,
11.872789447972641,0.09906236739895137,1,EDS,Gold,"[{""position"": 2.1220810942843182, ""amplitude"": 0.6382747362010759, ""fwhm"": 0.031799115031979956}]",2.1220810942843182,0.6382747362010759,0.031799115031979956,,,,,,,,,,,,,,,
11.882510991695161,0.09322348889101068,1,EDS,Gold,"[{""position"": 2.1220810942843182, ""amplitude"": 0.6382747362010759, ""fwhm"": 0.031799115031979956}]",2.1220810942843182,0.6382747362010759,0.031799115031979956,,,,,,,,,,,,,,,
11.892232535417683,0.0936767060166361,1,EDS,Gold,"[{""position"": 2.1220810942843182, ""amplitude"": 0.6382747362010759, ""fwhm"": 0.031799115031979956}]",2.1220810942843182,0.6382747362010759,0.031799115031979956,,,,,,,,,,,,,,,
11.901954079140204,0.08749201003288934,1,EDS,Gold,"[{""position"": 2.1220810942843182, ""amplitude"": 0.6382747362010759, ""fwhm"": 0.031799115031979956}]",2.1220810942843182,0.6382747362010759,0.031799115031979956,,,,,,,,,,,,,,,
11.911675622862724,0.08766615326049085,1,EDS,Gold,"[{""position"": 2.1220810942843182, ""amplitude"": 0.6382747362010759, ""fwhm"": 0.031799115031979956}]",2.1220810942843182,0.6382747362010759,0.031799115031979956,,,,,,,,,,,,,,,
11.921397166585246,0.08686300105121347,1,EDS,Gold,"[{""position"": 2.1220810942843182, ""amplitude"": 0.6382747362010759, ""fwhm"": 0.031799115031979956}]",2.1220810942843182,0.6382747362010759,0.031799115031979956,,,,,,,,,,,,,,,
11.931118710307766,0.09299609432323025,1,EDS,Gold,"[{""position"": 2.1220810942843182, ""amplitude"": 0.6382747362010759, ""fwhm"": 0.031799115031979956}]",2.1220810942843182,0.6382747362010759,0.031799115031979956,,,,,,,,,,,,,,,
11.940840254030286,0.09614397471248208,1,EDS,Gold,"[{""position"": 2.1220810942843182, ""amplitude"": 0.6382747362010759, ""fwhm"": 0.031799115031979956}]",2.1220810942843182,0.6382747362010759,0.031799115031979956,,,,,,,,,,,,,,,
11.950561797752808,0.0865758008809224,1,EDS,Gold,"[{""position"": 2.1220810942843182, ""amplitude"": 0.6382747362010759, ""fwhm"": 0.031799115031979956}]",2.1220810942843182,0.6382747362010759,0.031799115031979956,,,,,,,,,,,,,,,
11.960283341475328,0.09645275817751899,1,EDS,Gold,"[{""position"": 2.1220810942843182, ""amplitude"": 0.6382747362010759, ""fwhm"": 0.031799115031979956}]",2.1220810942843182,0.6382747362010759,0.031799115031979956,,,,,,,,,,,,,,,
11.970004885197849,0.10107251924598126,1,EDS,Gold,"[{""position"": 2.1220810942843182, ""amplitude"": 0.6382747362010759, ""fwhm"": 0.031799115031979956}]",2.1220810942843182,0.6382747362010759,0.031799115031979956,,,,,,,,,,,,,,,
11.979726428920369,0.09051302155646246,1,EDS,Gold,"[{""position"": 2.1220810942843182, ""amplitude"": 0.6382747362010759, ""fwhm"": 0.031799115031979956}]",2.1220810942843182,0.6382747362010759,0.031799115031979956,,,,,,,,,,,,,,,
11.98944797264289,0.09026303225723599,1,EDS,Gold,"[{""position"": 2.1220810942843182, ""amplitude"": 0.6382747362010759, ""fwhm"": 0.031799115031979956}]",2.1220810942843182,0.6382747362010759,0.031799115031979956,,,,,,,,,,,,,,,
11.999169516365411,0.08506892020908897,1,EDS,Gold,"[{""position"": 2.1220810942843182, ""amplitude"": 0.6382747362010759, ""fwhm"": 0.031799115031979956}]",2.1220810942843182,0.6382747362010759,0.031799115031979956,,,,,,,,,,,,,,,
12.008891060087931,0.09470248301782419,1,EDS,Gold,"[{""position"": 2.1220810942843182, ""amplitude"": 0.6382747362010759, ""fwhm"": 0.031799115031979956}]",2.1220810942843182,0.6382747362010759,0.031799115031979956,,,,,,,,,,,,,,,
12.018612603810453,0.09495155467193245,1,EDS,Gold,"[{""position"": 2.1220810942843182, ""amplitude"": 0.6382747362010759, ""fwhm"": 0.031799115031979956}]",2.1220810942843182,0.6382747362010759,0.031799115031979956,,,,,,,,,,,,,,,
12.028334147532973,0.09026482463949954,1,EDS,Gold,"[{""position"": 2.1220810942843182, ""amplitude"": 0.6382747362010759, ""fwhm"": 0.031799115031979956}]",2.1220810942843182,0.6382747362010759,0.031799115031979956,,,,,,,,,,,,,,,
12.038055691255494,0.09367976727072946,1,EDS,Gold,"[{""position"": 2.1220810942843182, ""amplitude"": 0.6382747362010759, ""fwhm"": 0.031799115031979956}]",2.1220810942843182,0.6382747362010759,0.031799115031979956,,,,,,,,,,,,,,,
12.047777234978016,0.0880194667918622,1,EDS,Gold,"[{""position"": 2.1220810942843182, ""amplitude"": 0.6382747362010759, ""fwhm"": 0.031799115031979956}]",2.1220810942843182,0.6382747362010759,0.031799115031979956,,,,,,,,,,,,,,,
12.057498778700536,0.09334923726414121,1,EDS,Gold,"[{""position"": 2.1220810942843182, ""amplitude"": 0.6382747362010759, ""fwhm"": 0.031799115031979956}]",2.1220810942843182,0.6382747362010759,0.031799115031979956,,,,,,,,,,,,,,,
12.067220322423056,0.08433460293068216,1,EDS,Gold,"[{""position"": 2.1220810942843182, ""amplitude"": 0.6382747362010759, ""fwhm"": 0.031799115031979956}]",2.1220810942843182,0.6382747362010759,0.031799115031979956,,,,,,,,,,,,,,,
12.076941866145578,0.08245858043298958,1,EDS,Gold,"[{""position"": 2.1220810942843182, ""amplitude"": 0.6382747362010759, ""fwhm"": 0.031799115031979956}]",2.1220810942843182,0.6382747362010759,0.031799115031979956,,,,,,,,,,,,,,,
12.086663409868098,0.08333746641385574,1,EDS,Gold,"[{""position"": 2.1220810942843182, ""amplitude"": 0.6382747362010759, ""fwhm"": 0.031799115031979956}]",2.1220810942843182,0.6382747362010759,0.031799115031979956,,,,,,,,,,,,,,,
12.096384953590618,0.08307952665384662,1,EDS,Gold,"[{""position"": 2.1220810942843182, ""amplitude"": 0.6382747362010759, ""fwhm"": 0.031799115031979956}]",2.1220810942843182,0.6382747362010759,0.031799115031979956,,,,,,,,,,,,,,,
12.10610649731314,0.09174828111146979,1,EDS,Gold,"[{""position"": 2.1220810942843182, ""amplitude"": 0.6382747362010759, ""fwhm"": 0.031799115031979956}]",2.1220810942843182,0.6382747362010759,0.031799115031979956,,,,,,,,,,,,,,,
12.11582804103566,0.09200291066602355,1,EDS,Gold,"[{""position"": 2.1220810942843182, ""amplitude"": 0.6382747362010759, ""fwhm"": 0.031799115031979956}]",2.1220810942843182,0.6382747362010759,0.031799115031979956,,,,,,,,,,,,,,,
12.125549584758181,0.0922276792143164,1,EDS,Gold,"[{""position"": 2.1220810942843182, ""amplitude"": 0.6382747362010759, ""fwhm"": 0.031799115031979956}]",2.1220810942843182,0.6382747362010759,0.031799115031979956,,,,,,,,,,,,,,,
12.135271128480701,0.08100225014189183,1,EDS,Gold,"[{""position"": 2.1220810942843182, ""amplitude"": 0.6382747362010759, ""fwhm"": 0.031799115031979956}]",2.1220810942843182,0.6382747362010759,0.031799115031979956,,,,,,,,,,,,,,,
12.144992672203223,0.08580908913418356,1,EDS,Gold,"[{""position"": 2.1220810942843182, ""amplitude"": 0.6382747362010759, ""fwhm"": 0.031799115031979956}]",2.1220810942843182,0.6382747362010759,0.031799115031979956,,,,,,,,,,,,,,,
12.154714215925743,0.08035413903981604,1,EDS,Gold,"[{""position"": 2.1220810942843182, ""amplitude"": 0.6382747362010759, ""fwhm"": 0.031799115031979956}]",2.1220810942843182,0.6382747362010759,0.031799115031979956,,,,,,,,,,,,,,,
12.164435759648264,0.08487319711859503,1,EDS,Gold,"[{""position"": 2.1220810942843182, ""amplitude"": 0.6382747362010759, ""fwhm"": 0.031799115031979956}]",2.1220810942843182,0.6382747362010759,0.031799115031979956,,,,,,,,,,,,,,,
12.174157303370785,0.08476985494872816,1,EDS,Gold,"[{""position"": 2.1220810942843182, ""amplitude"": 0.6382747362010759, ""fwhm"": 0.031799115031979956}]",2.1220810942843182,0.6382747362010759,0.031799115031979956,,,,,,,,,,,,,,,
12.183878847093306,0.0842219701794237,1,EDS,Gold,"[{""position"": 2.1220810942843182, ""amplitude"": 0.6382747362010759, ""fwhm"": 0.031799115031979956}]",2.1220810942843182,0.6382747362010759,0.031799115031979956,,,,,,,,,,,,,,,
12.193600390815826,0.0995406739832578,1,EDS,Gold,"[{""position"": 2.1220810942843182, ""amplitude"": 0.6382747362010759, ""fwhm"": 0.031799115031979956}]",2.1220810942843182,0.6382747362010759,0.031799115031979956,,,,,,,,,,,,,,,
12.203321934538348,0.07888432689311596,1,EDS,Gold,"[{""position"": 2.1220810942843182, ""amplitude"": 0.6382747362010759, ""fwhm"": 0.031799115031979956}]",2.1220810942843182,0.6382747362010759,0.031799115031979956,,,,,,,,,,,,,,,
12.213043478260868,0.08908280835145686,1,EDS,Gold,"[{""position"": 2.1220810942843182, ""amplitude"": 0.6382747362010759, ""fwhm"": 0.031799115031979956}]",2.1220810942843182,0.6382747362010759,0.031799115031979956,,,,,,,,,,,,,,,
12.222765021983388,0.08296041544732344,1,EDS,Gold,"[{""position"": 2.1220810942843182, ""amplitude"": 0.6382747362010759, ""fwhm"": 0.031799115031979956}]",2.1220810942843182,0.6382747362010759,0.031799115031979956,,,,,,,,,,,,,,,
12.23248656570591,0.07857643781000416,1,EDS,Gold,"[{""position"": 2.1220810942843182, ""amplitude"": 0.6382747362010759, ""fwhm"": 0.031799115031979956}]",2.1220810942843182,0.6382747362010759,0.031799115031979956,,,,,,,,,,,,,,,
12.24220810942843,0.08353797938590353,1,EDS,Gold,"[{""position"": 2.1220810942843182, ""amplitude"": 0.6382747362010759, ""fwhm"": 0.031799115031979956}]",2.1220810942843182,0.6382747362010759,0.031799115031979956,,,,,,,,,,,,,,,
12.25192965315095,0.0819249757151672,1,EDS,Gold,"[{""position"": 2.1220810942843182, ""amplitude"": 0.6382747362010759, ""fwhm"": 0.031799115031979956}]",2.1220810942843182,0.6382747362010759,0.031799115031979956,,,,,,,,,,,,,,,
12.261651196873471,0.07776845668049201,1,EDS,Gold,"[{""position"": 2.1220810942843182, ""amplitude"": 0.6382747362010759, ""fwhm"": 0.031799115031979956}]",2.1220810942843182,0.6382747362010759,0.031799115031979956,,,,,,,,,,,,,,,
12.271372740595993,0.08289596155923815,1,EDS,Gold,"[{""position"": 2.1220810942843182, ""amplitude"": 0.6382747362010759, ""fwhm"": 0.031799115031979956}]",2.1220810942843182,0.6382747362010759,0.031799115031979956,,,,,,,,,,,,,,,
12.281094284318513,0.08146735808439165,1,EDS,Gold,"[{""position"": 2.1220810942843182, ""amplitude"": 0.6382747362010759, ""fwhm"": 0.031799115031979956}]",2.1220810942843182,0.6382747362010759,0.031799115031979956,,,,,,,,,,,,,,,
12.290815828041033,0.08255409330049981,1,EDS,Gold,"[{""position"": 2.1220810942843182, ""amplitude"": 0.6382747362010759, ""fwhm"": 0.031799115031979956}]",2.1220810942843182,0.6382747362010759,0.031799115031979956,,,,,,,,,,,,,,,
12.300537371763555,0.09168523577483358,1,EDS,Gold,"[{""position"": 2.1220810942843182, ""amplitude"": 0.6382747362010759, ""fwhm"": 0.031799115031979956}]",2.1220810942843182,0.6382747362010759,0.031799115031979956,,,,,,,,,,,,,,,
12.310258915486076,0.08087762643256345,1,EDS,Gold,"[{""position"": 2.1220810942843182, ""amplitude"": 0.6382747362010759, ""fwhm"": 0.031799115031979956}]",2.1220810942843182,0.6382747362010759,0.031799115031979956,,,,,,,,,,,,,,,
12.319980459208596,0.08090851257628831,1,EDS,Gold,"[{""position"": 2.1220810942843182, ""amplitude"": 0.6382747362010759, ""fwhm"": 0.031799115031979956}]",2.1220810942843182,0.6382747362010759,0.031799115031979956,,,,,,,,,,,,,,,
12.329702002931118,0.08092278310534919,1,EDS,Gold,"[{""position"": 2.1220810942843182, ""amplitude"": 0.6382747362010759, ""fwhm"": 0.031799115031979956}]",2.1220810942843182,0.6382747362010759,0.031799115031979956,,,,,,,,,,,,,,,
12.339423546653638,0.08541861645922524,1,EDS,Gold,"[{""position"": 2.1220810942843182, ""amplitude"": 0.6382747362010759, ""fwhm"": 0.031799115031979956}]",2.1220810942843182,0.6382747362010759,0.031799115031979956,,,,,,,,,,,,,,,
12.349145090376158,0.07536133048520324,1,EDS,Gold,"[{""position"": 2.1220810942843182, ""amplitude"": 0.6382747362010759, ""fwhm"": 0.031799115031979956}]",2.1220810942843182,0.6382747362010759,0.031799115031979956,,,,,,,,,,,,,,,
12.35886663409868,0.08439514571122265,1,EDS,Gold,"[{""position"": 2.1220810942843182, ""amplitude"": 0.6382747362010759, ""fwhm"": 0.031799115031979956}]",2.1220810942843182,0.6382747362010759,0.031799115031979956,,,,,,,,,,,,,,,
12.3685881778212,0.0746344779185119,1,EDS,Gold,"[{""position"": 2.1220810942843182, ""amplitude"": 0.6382747362010759, ""fwhm"": 0.031799115031979956}]",2.1220810942843182,0.6382747362010759,0.031799115031979956,,,,,,,,,,,,,,,
12.37830972154372,0.0786098345233671,1,EDS,Gold,"[{""position"": 2.1220810942843182, ""amplitude"": 0.6382747362010759, ""fwhm"": 0.031799115031979956}]",2.1220810942843182,0.6382747362010759,0.031799115031979956,,,,,,,,,,,,,,,
12.388031265266243,0.07394963282421493,1,EDS,Gold,"[{""position"": 2.1220810942843182, ""amplitude"": 0.6382747362010759, ""fwhm"": 0.031799115031979956}]",2.1220810942843182,0.6382747362010759,0.031799115031979956,,,,,,,,,,,,,,,
12.397752808988763,0.07329873420185826,1,EDS,Gold,"[{""position"": 2.1220810942843182, ""amplitude"": 0.6382747362010759, ""fwhm"": 0.031799115031979956}]",2.1220810942843182,0.6382747362010759,0.031799115031979956,,,,,,,,,,,,,,,
12.407474352711283,0.07810227588148828,1,EDS,Gold,"[{""position"": 2.1220810942843182, ""amplitude"": 0.6382747362010759, ""fwhm"": 0.031799115031979956}]",2.1220810942843182,0.6382747362010759,0.031799115031979956,,,,,,,,,,,,,,,
12.417195896433803,0.07375848537249574,1,EDS,Gold,"[{""position"": 2.1220810942843182, ""amplitude"": 0.6382747362010759, ""fwhm"": 0.031799115031979956}]",2.1220810942843182,0.6382747362010759,0.031799115031979956,,,,,,,,,,,,,,,
12.426917440156325,0.08341395648188489,1,EDS,Gold,"[{""position"": 2.1220810942843182, ""amplitude"": 0.6382747362010759, ""fwhm"": 0.031799115031979956}]",2.1220810942843182,0.6382747362010759,0.031799115031979956,,,,,,,,,,,,,,,
12.436638983878845,0.07790989704891975,1,EDS,Gold,"[{""position"": 2.1220810942843182, ""amplitude"": 0.6382747362010759, ""fwhm"": 0.031799115031979956}]",2.1220810942843182,0.6382747362010759,0.031799115031979956,,,,,,,,,,,,,,,
12.446360527601366,0.07182930566739061,1,EDS,Gold,"[{""position"": 2.1220810942843182, ""amplitude"": 0.6382747362010759, ""fwhm"": 0.031799115031979956}]",2.1220810942843182,0.6382747362010759,0.031799115031979956,,,,,,,,,,,,,,,
12.456082071323888,0.07192013479722247,1,EDS,Gold,"[{""position"": 2.1220810942843182, ""amplitude"": 0.6382747362010759, ""fwhm"": 0.031799115031979956}]",2.1220810942843182,0.6382747362010759,0.031799115031979956,,,,,,,,,,,,,,,
12.465803615046408,0.07736730813585313,1,EDS,Gold,"[{""position"": 2.1220810942843182, ""amplitude"": 0.6382747362010759, ""fwhm"": 0.031799115031979956}]",2.1220810942843182,0.6382747362010759,0.031799115031979956,,,,,,,,,,,,,,,
12.475525158768928,0.07158465657901424,1,EDS,Gold,"[{""position"": 2.1220810942843182, ""amplitude"": 0.6382747362010759, ""fwhm"": 0.031799115031979956}]",2.1220810942843182,0.6382747362010759,0.031799115031979956,,,,,,,,,,,,,,,
12.48524670249145,0.08233829450769768,1,EDS,Gold,"[{""position"": 2.1220810942843182, ""amplitude"": 0.6382747362010759, ""fwhm"": 0.031799115031979956}]",2.1220810942843182,0.6382747362010759,0.031799115031979956,,,,,,,,,,,,,,,
12.49496824621397,0.07615153859994823,1,EDS,Gold,"[{""position"": 2.1220810942843182, ""amplitude"": 0.6382747362010759, ""fwhm"": 0.031799115031979956}]",2.1220810942843182,0.6382747362010759,0.031799115031979956,,,,,,,,,,,,,,,
12.50468978993649,0.07578033079943765,1,EDS,Gold,"[{""position"": 2.1220810942843182, ""amplitude"": 0.6382747362010759, ""fwhm"": 0.031799115031979956}]",2.1220810942843182,0.6382747362010759,0.031799115031979956,,,,,,,,,,,,,,,
12.514411333659012,0.07526732071623116,1,EDS,Gold,"[{""position"": 2.1220810942843182, ""amplitude"": 0.6382747362010759, ""fwhm"": 0.031799115031979956}]",2.1220810942843182,0.6382747362010759,0.031799115031979956,,,,,,,,,,,,,,,
12.524132877381533,0.07020060094652959,1,EDS,Gold,"[{""position"": 2.1220810942843182, ""amplitude"": 0.6382747362010759, ""fwhm"": 0.031799115031979956}]",2.1220810942843182,0.6382747362010759,0.031799115031979956,,,,,,,,,,,,,,,
12.533854421104053,0.06978933455496576,1,EDS,Gold,"[{""position"": 2.1220810942843182, ""amplitude"": 0.6382747362010759, ""fwhm"": 0.031799115031979956}]",2.1220810942843182,0.6382747362010759,0.031799115031979956,,,,,,,,,,,,,,,
12.543575964826575,0.06992023650307998,1,EDS,Gold,"[{""position"": 2.1220810942843182, ""amplitude"": 0.6382747362010759, ""fwhm"": 0.031799115031979956}]",2.1220810942843182,0.6382747362010759,0.031799115031979956,,,,,,,,,,,,,,,
12.553297508549095,0.06976176549988351,1,EDS,Gold,"[{""position"": 2.1220810942843182, ""amplitude"": 0.6382747362010759, ""fwhm"": 0.031799115031979956}]",2.1220810942843182,0.6382747362010759,0.031799115031979956,,,,,,,,,,,,,,,
12.563019052271615,0.09366171966684528,1,EDS,Gold,"[{""position"": 2.1220810942843182, ""amplitude"": 0.6382747362010759, ""fwhm"": 0.031799115031979956}]",2.1220810942843182,0.6382747362010759,0.031799115031979956,,,,,,,,,,,,,,,
12.572740595994135,0.06812789090134447,1,EDS,Gold,"[{""position"": 2.1220810942843182, ""amplitude"": 0.6382747362010759, ""fwhm"": 0.031799115031979956}]",2.1220810942843182,0.6382747362010759,0.031799115031979956,,,,,,,,,,,,,,,
12.582462139716657,0.07261310828384443,1,EDS,Gold,"[{""position"": 2.1220810942843182, ""amplitude"": 0.6382747362010759, ""fwhm"": 0.031799115031979956}]",2.1220810942843182,0.6382747362010759,0.031799115031979956,,,,,,,,,,,,,,,
12.592183683439178,0.07344555852303788,1,EDS,Gold,"[{""position"": 2.1220810942843182, ""amplitude"": 0.6382747362010759, ""fwhm"": 0.031799115031979956}]",2.1220810942843182,0.6382747362010759,0.031799115031979956,,,,,,,,,,,,,,,
12.601905227161698,0.06740762982184378,1,EDS,Gold,"[{""position"": 2.1220810942843182, ""amplitude"": 0.6382747362010759, ""fwhm"": 0.031799115031979956}]",2.1220810942843182,0.6382747362010759,0.031799115031979956,,,,,,,,,,,,,,,
12.61162677088422,0.06663536818222303,1,EDS,Gold,"[{""position"": 2.1220810942843182, ""amplitude"": 0.6382747362010759, ""fwhm"": 0.031799115031979956}]",2.1220810942843182,0.6382747362010759,0.031799115031979956,,,,,,,,,,,,,,,
12.62134831460674,0.072561110758536,1,EDS,Gold,"[{""position"": 2.1220810942843182, ""amplitude"": 0.6382747362010759, ""fwhm"": 0.031799115031979956}]",2.1220810942843182,0.6382747362010759,0.031799115031979956,,,,,,,,,,,,,,,
12.63106985832926,0.07828019923145378,1,EDS,Gold,"[{""position"": 2.1220810942843182, ""amplitude"": 0.6382747362010759, ""fwhm"": 0.031799115031979956}]",2.1220810942843182,0.6382747362010759,0.031799115031979956,,,,,,,,,,,,,,,
12.640791402051782,0.07182253212735605,1,EDS,Gold,"[{""position"": 2.1220810942843182, ""amplitude"": 0.6382747362010759, ""fwhm"": 0.031799115031979956}]",2.1220810942843182,0.6382747362010759,0.031799115031979956,,,,,,,,,,,,,,,
12.650512945774302,0.06694590467074613,1,EDS,Gold,"[{""position"": 2.1220810942843182, ""amplitude"": 0.6382747362010759, ""fwhm"": 0.031799115031979956}]",2.1220810942843182,0.6382747362010759,0.031799115031979956,,,,,,,,,,,,,,,
12.660234489496823,0.07631214340563519,1,EDS,Gold,"[{""position"": 2.1220810942843182, ""amplitude"": 0.6382747362010759, ""fwhm"": 0.031799115031979956}]",2.1220810942843182,0.6382747362010759,0.031799115031979956,,,,,,,,,,,,,,,
12.669956033219345,0.06595072047692611,1,EDS,Gold,"[{""position"": 2.1220810942843182, ""amplitude"": 0.6382747362010759, ""fwhm"": 0.031799115031979956}]",2.1220810942843182,0.6382747362010759,0.031799115031979956,,,,,,,,,,,,,,,
12.679677576941865,0.06615609964051203,1,EDS,Gold,"[{""position"": 2.1220810942843182, ""amplitude"": 0.6382747362010759, ""fwhm"": 0.031799115031979956}]",2.1220810942843182,0.6382747362010759,0.031799115031979956,,,,,,,,,,,,,,,
12.689399120664385,0.07030829663184968,1,EDS,Gold,"[{""position"": 2.1220810942843182, ""amplitude"": 0.6382747362010759, ""fwhm"": 0.031799115031979956}]",2.1220810942843182,0.6382747362010759,0.031799115031979956,,,,,,,,,,,,,,,
12.699120664386905,0.07029603172966703,1,EDS,Gold,"[{""position"": 2.1220810942843182, ""amplitude"": 0.6382747362010759, ""fwhm"": 0.031799115031979956}]",2.1220810942843182,0.6382747362010759,0.031799115031979956,,,,,,,,,,,,,,,
12.708842208109427,0.0750457567251062,1,EDS,Gold,"[{""position"": 2.1220810942843182, ""amplitude"": 0.6382747362010759, ""fwhm"": 0.031799115031979956}]",2.1220810942843182,0.6382747362010759,0.031799115031979956,,,,,,,,,,,,,,,
12.718563751831947,0.0643017864687916,1,EDS,Gold,"[{""position"": 2.1220810942843182, ""amplitude"": 0.6382747362010759, ""fwhm"": 0.031799115031979956}]",2.1220810942843182,0.6382747362010759,0.031799115031979956,,,,,,,,,,,,,,,
12.728285295554468,0.07481083489670776,1,EDS,Gold,"[{""position"": 2.1220810942843182, ""amplitude"": 0.6382747362010759, ""fwhm"": 0.031799115031979956}]",2.1220810942843182,0.6382747362010759,0.031799115031979956,,,,,,,,,,,,,,,
12.73800683927699,0.07898307756683703,1,EDS,Gold,"[{""position"": 2.1220810942843182, ""amplitude"": 0.6382747362010759, ""fwhm"": 0.031799115031979956}]",2.1220810942843182,0.6382747362010759,0.031799115031979956,,,,,,,,,,,,,,,
12.74772838299951,0.06343251689468316,1,EDS,Gold,"[{""position"": 2.1220810942843182, ""amplitude"": 0.6382747362010759, ""fwhm"": 0.031799115031979956}]",2.1220810942843182,0.6382747362010759,0.031799115031979956,,,,,,,,,,,,,,,
12.75744992672203,0.06376762713991187,1,EDS,Gold,"[{""position"": 2.1220810942843182, ""amplitude"": 0.6382747362010759, ""fwhm"": 0.031799115031979956}]",2.1220810942843182,0.6382747362010759,0.031799115031979956,,,,,,,,,,,,,,,
12.767171470444552,0.06281317034438184,1,EDS,Gold,"[{""position"": 2.1220810942843182, ""amplitude"": 0.6382747362010759, ""fwhm"": 0.031799115031979956}]",2.1220810942843182,0.6382747362010759,0.031799115031979956,,,,,,,,,,,,,,,
12.776893014167072,0.0779754125198592,1,EDS,Gold,"[{""position"": 2.1220810942843182, ""amplitude"": 0.6382747362010759, ""fwhm"": 0.031799115031979956}]",2.1220810942843182,0.6382747362010759,0.031799115031979956,,,,,,,,,,,,,,,
12.786614557889592,0.06268185583376402,1,EDS,Gold,"[{""position"": 2.1220810942843182, ""amplitude"": 0.6382747362010759, ""fwhm"": 0.031799115031979956}]",2.1220810942843182,0.6382747362010759,0.031799115031979956,,,,,,,,,,,,,,,
12.796336101612114,0.06792371817906137,1,EDS,Gold,"[{""position"": 2.1220810942843182, ""amplitude"": 0.6382747362010759, ""fwhm"": 0.031799115031979956}]",2.1220810942843182,0.6382747362010759,0.031799115031979956,,,,,,,,,,,,,,,
12.806057645334635,0.0623588030182513,1,EDS,Gold,"[{""position"": 2.1220810942843182, ""amplitude"": 0.6382747362010759, ""fwhm"": 0.031799115031979956}]",2.1220810942843182,0.6382747362010759,0.031799115031979956,,,,,,,,,,,,,,,
12.815779189057155,0.06684660177820712,1,EDS,Gold,"[{""position"": 2.1220810942843182, ""amplitude"": 0.6382747362010759, ""fwhm"": 0.031799115031979956}]",2.1220810942843182,0.6382747362010759,0.031799115031979956,,,,,,,,,,,,,,,
12.825500732779677,0.061969214392134486,1,EDS,Gold,"[{""position"": 2.1220810942843182, ""amplitude"": 0.6382747362010759, ""fwhm"": 0.031799115031979956}]",2.1220810942843182,0.6382747362010759,0.031799115031979956,,,,,,,,,,,,,,,
12.835222276502197,0.06696399550823876,1,EDS,Gold,"[{""position"": 2.1220810942843182, ""amplitude"": 0.6382747362010759, ""fwhm"": 0.031799115031979956}]",2.1220810942843182,0.6382747362010759,0.031799115031979956,,,,,,,,,,,,,,,
12.844943820224717,0.06629450350897441,1,EDS,Gold,"[{""position"": 2.1220810942843182, ""amplitude"": 0.6382747362010759, ""fwhm"": 0.031799115031979956}]",2.1220810942843182,0.6382747362010759,0.031799115031979956,,,,,,,,,,,,,,,
12.854665363947237,0.060759749508547574,1,EDS,Gold,"[{""position"": 2.1220810942843182, ""amplitude"": 0.6382747362010759, ""fwhm"": 0.031799115031979956}]",2.1220810942843182,0.6382747362010759,0.031799115031979956,,,,,,,,,,,,,,,
12.86438690766976,0.0598586685026451,1,EDS,Gold,"[{""position"": 2.1220810942843182, ""amplitude"": 0.6382747362010759, ""fwhm"": 0.031799115031979956}]",2.1220810942843182,0.6382747362010759,0.031799115031979956,,,,,,,,,,,,,,,
12.87410845139228,0.06469945127813455,1,EDS,Gold,"[{""position"": 2.1220810942843182, ""amplitude"": 0.6382747362010759, ""fwhm"": 0.031799115031979956}]",2.1220810942843182,0.6382747362010759,0.031799115031979956,,,,,,,,,,,,,,,
12.8838299951148,0.0647828890919545,1,EDS,Gold,"[{""position"": 2.1220810942843182, ""amplitude"": 0.6382747362010759, ""fwhm"": 0.031799115031979956}]",2.1220810942843182,0.6382747362010759,0.031799115031979956,,,,,,,,,,,,,,,
12.893551538837322,0.05936313581364635,1,EDS,Gold,"[{""position"": 2.1220810942843182, ""amplitude"": 0.6382747362010759, ""fwhm"": 0.031799115031979956}]",2.1220810942843182,0.6382747362010759,0.031799115031979956,,,,,,,,,,,,,,,
12.903273082559842,0.06428706762478896,1,EDS,Gold,"[{""position"": 2.1220810942843182, ""amplitude"": 0.6382747362010759, ""fwhm"": 0.031799115031979956}]",2.1220810942843182,0.6382747362010759,0.031799115031979956,,,,,,,,,,,,,,,
12.912994626282362,0.06412640180646248,1,EDS,Gold,"[{""position"": 2.1220810942843182, ""amplitude"": 0.6382747362010759, ""fwhm"": 0.031799115031979956}]",2.1220810942843182,0.6382747362010759,0.031799115031979956,,,,,,,,,,,,,,,
12.922716170004884,0.06907422243446167,1,EDS,Gold,"[{""position"": 2.1220810942843182, ""amplitude"": 0.6382747362010759, ""fwhm"": 0.031799115031979956}]",2.1220810942843182,0.6382747362010759,0.031799115031979956,,,,,,,,,,,,,,,
12.932437713727404,0.06351456899726678,1,EDS,Gold,"[{""position"": 2.1220810942843182, ""amplitude"": 0.6382747362010759, ""fwhm"": 0.031799115031979956}]",2.1220810942843182,0.6382747362010759,0.031799115031979956,,,,,,,,,,,,,,,
12.942159257449925,0.07850209799772384,1,EDS,Gold,"[{""position"": 2.1220810942843182, ""amplitude"": 0.6382747362010759, ""fwhm"": 0.031799115031979956}]",2.1220810942843182,0.6382747362010759,0.031799115031979956,,,,,,,,,,,,,,,
12.951880801172447,0.0630266985783091,1,EDS,Gold,"[{""position"": 2.1220810942843182, ""amplitude"": 0.6382747362010759, ""fwhm"": 0.031799115031979956}]",2.1220810942843182,0.6382747362010759,0.031799115031979956,,,,,,,,,,,,,,,
12.961602344894967,0.0567862736297727,1,EDS,Gold,"[{""position"": 2.1220810942843182, ""amplitude"": 0.6382747362010759, ""fwhm"": 0.031799115031979956}]",2.1220810942843182,0.6382747362010759,0.031799115031979956,,,,,,,,,,,,,,,
12.971323888617487,0.07200037315025695,1,EDS,Gold,"[{""position"": 2.1220810942843182, ""amplitude"": 0.6382747362010759, ""fwhm"": 0.031799115031979956}]",2.1220810942843182,0.6382747362010759,0.031799115031979956,,,,,,,,,,,,,,,
12.981045432340007,0.06710057563444187,1,EDS,Gold,"[{""position"": 2.1220810942843182, ""amplitude"": 0.6382747362010759, ""fwhm"": 0.031799115031979956}]",2.1220810942843182,0.6382747362010759,0.031799115031979956,,,,,,,,,,,,,,,
12.99076697606253,0.06132087791331467,1,EDS,Gold,"[{""position"": 2.1220810942843182, ""amplitude"": 0.6382747362010759, ""fwhm"": 0.031799115031979956}]",2.1220810942843182,0.6382747362010759,0.031799115031979956,,,,,,,,,,,,,,,
13.00048851978505,0.056900736854263397,1,EDS,Gold,"[{""position"": 2.1220810942843182, ""amplitude"": 0.6382747362010759, ""fwhm"": 0.031799115031979956}]",2.1220810942843182,0.6382747362010759,0.031799115031979956,,,,,,,,,,,,,,,
13.01021006350757,0.07706505942521927,1,EDS,Gold,"[{""position"": 2.1220810942843182, ""amplitude"": 0.6382747362010759, ""fwhm"": 0.031799115031979956}]",2.1220810942843182,0.6382747362010759,0.031799115031979956,,,,,,,,,,,,,,,
13.019931607230092,0.061641723743720636,1,EDS,Gold,"[{""position"": 2.1220810942843182, ""amplitude"": 0.6382747362010759, ""fwhm"": 0.031799115031979956}]",2.1220810942843182,0.6382747362010759,0.031799115031979956,,,,,,,,,,,,,,,
13.029653150952612,0.060688698997129226,1,EDS,Gold,"[{""position"": 2.1220810942843182, ""amplitude"": 0.6382747362010759, ""fwhm"": 0.031799115031979956}]",2.1220810942843182,0.6382747362010759,0.031799115031979956,,,,,,,,,,,,,,,
13.039374694675132,0.06121871239614357,1,EDS,Gold,"[{""position"": 2.1220810942843182, ""amplitude"": 0.6382747362010759, ""fwhm"": 0.031799115031979956}]",2.1220810942843182,0.6382747362010759,0.031799115031979956,,,,,,,,,,,,,,,
13.049096238397654,0.055308322520781716,1,EDS,Gold,"[{""position"": 2.1220810942843182, ""amplitude"": 0.6382747362010759, ""fwhm"": 0.031799115031979956}]",2.1220810942843182,0.6382747362010759,0.031799115031979956,,,,,,,,,,,,,,,
13.058817782120174,0.059802841044039254,1,EDS,Gold,"[{""position"": 2.1220810942843182, ""amplitude"": 0.6382747362010759, ""fwhm"": 0.031799115031979956}]",2.1220810942843182,0.6382747362010759,0.031799115031979956,,,,,,,,,,,,,,,
13.068539325842695,0.05939639637355787,1,EDS,Gold,"[{""position"": 2.1220810942843182, ""amplitude"": 0.6382747362010759, ""fwhm"": 0.031799115031979956}]",2.1220810942843182,0.6382747362010759,0.031799115031979956,,,,,,,,,,,,,,,
13.078260869565216,0.05926763726702628,1,EDS,Gold,"[{""position"": 2.1220810942843182, ""amplitude"": 0.6382747362010759, ""fwhm"": 0.031799115031979956}]",2.1220810942843182,0.6382747362010759,0.031799115031979956,,,,,,,,,,,,,,,
13.087982413287737,0.053951331717492626,1,EDS,Gold,"[{""position"": 2.1220810942843182, ""amplitude"": 0.6382747362010759, ""fwhm"": 0.031799115031979956}]",2.1220810942843182,0.6382747362010759,0.031799115031979956,,,,,,,,,,,,,,,
13.097703957010257,0.05393968807255195,1,EDS,Gold,"[{""position"": 2.1220810942843182, ""amplitude"": 0.6382747362010759, ""fwhm"": 0.031799115031979956}]",2.1220810942843182,0.6382747362010759,0.031799115031979956,,,,,,,,,,,,,,,
13.107425500732779,0.058659264707919496,1,EDS,Gold,"[{""position"": 2.1220810942843182, ""amplitude"": 0.6382747362010759, ""fwhm"": 0.031799115031979956}]",2.1220810942843182,0.6382747362010759,0.031799115031979956,,,,,,,,,,,,,,,
13.117147044455299,0.05330901295466775,1,EDS,Gold,"[{""position"": 2.1220810942843182, ""amplitude"": 0.6382747362010759, ""fwhm"": 0.031799115031979956}]",2.1220810942843182,0.6382747362010759,0.031799115031979956,,,,,,,,,,,,,,,
13.12686858817782,0.058238418820009,1,EDS,Gold,"[{""position"": 2.1220810942843182, ""amplitude"": 0.6382747362010759, ""fwhm"": 0.031799115031979956}]",2.1220810942843182,0.6382747362010759,0.031799115031979956,,,,,,,,,,,,,,,
13.13659013190034,0.06331905436397324,1,EDS,Gold,"[{""position"": 2.1220810942843182, ""amplitude"": 0.6382747362010759, ""fwhm"": 0.031799115031979956}]",2.1220810942843182,0.6382747362010759,0.031799115031979956,,,,,,,,,,,,,,,
13.146311675622862,0.06292930367909318,1,EDS,Gold,"[{""position"": 2.1220810942843182, ""amplitude"": 0.6382747362010759, ""fwhm"": 0.031799115031979956}]",2.1220810942843182,0.6382747362010759,0.031799115031979956,,,,,,,,,,,,,,,
13.156033219345382,0.056502428133328564,1,EDS,Gold,"[{""position"": 2.1220810942843182, ""amplitude"": 0.6382747362010759, ""fwhm"": 0.031799115031979956}]",2.1220810942843182,0.6382747362010759,0.031799115031979956,,,,,,,,,,,,,,,
13.165754763067902,0.055721200122829405,1,EDS,Gold,"[{""position"": 2.1220810942843182, ""amplitude"": 0.6382747362010759, ""fwhm"": 0.031799115031979956}]",2.1220810942843182,0.6382747362010759,0.031799115031979956,,,,,,,,,,,,,,,
13.175476306790424,0.06209487811902563,1,EDS,Gold,"[{""position"": 2.1220810942843182, ""amplitude"": 0.6382747362010759, ""fwhm"": 0.031799115031979956}]",2.1220810942843182,0.6382747362010759,0.031799115031979956,,,,,,,,,,,,,,,
13.185197850512944,0.05573102596699942,1,EDS,Gold,"[{""position"": 2.1220810942843182, ""amplitude"": 0.6382747362010759, ""fwhm"": 0.031799115031979956}]",2.1220810942843182,0.6382747362010759,0.031799115031979956,,,,,,,,,,,,,,,
13.194919394235464,0.05599534779451059,1,EDS,Gold,"[{""position"": 2.1220810942843182, ""amplitude"": 0.6382747362010759, ""fwhm"": 0.031799115031979956}]",2.1220810942843182,0.6382747362010759,0.031799115031979956,,,,,,,,,,,,,,,
13.204640937957986,0.06527261915616567,1,EDS,Gold,"[{""position"": 2.1220810942843182, ""amplitude"": 0.6382747362010759, ""fwhm"": 0.031799115031979956}]",2.1220810942843182,0.6382747362010759,0.031799115031979956,,,,,,,,,,,,,,,
13.214362481680507,0.059698124438961366,1,EDS,Gold,"[{""position"": 2.1220810942843182, ""amplitude"": 0.6382747362010759, ""fwhm"": 0.031799115031979956}]",2.1220810942843182,0.6382747362010759,0.031799115031979956,,,,,,,,,,,,,,,
13.224084025403027,0.06053050943334713,1,EDS,Gold,"[{""position"": 2.1220810942843182, ""amplitude"": 0.6382747362010759, ""fwhm"": 0.031799115031979956}]",2.1220810942843182,0.6382747362010759,0.031799115031979956,,,,,,,,,,,,,,,
13.233805569125549,0.0503577386695304,1,EDS,Gold,"[{""position"": 2.1220810942843182, ""amplitude"": 0.6382747362010759, ""fwhm"": 0.031799115031979956}]",2.1220810942843182,0.6382747362010759,0.031799115031979956,,,,,,,,,,,,,,,
13.243527112848069,0.05945046791408276,1,EDS,Gold,"[{""position"": 2.1220810942843182, ""amplitude"": 0.6382747362010759, ""fwhm"": 0.031799115031979956}]",2.1220810942843182,0.6382747362010759,0.031799115031979956,,,,,,,,,,,,,,,
13.25324865657059,0.05322220032836853,1,EDS,Gold,"[{""position"": 2.1220810942843182, ""amplitude"": 0.6382747362010759, ""fwhm"": 0.031799115031979956}]",2.1220810942843182,0.6382747362010759,0.031799115031979956,,,,,,,,,,,,,,,
13.26297020029311,0.05391339067104039,1,EDS,Gold,"[{""position"": 2.1220810942843182, ""amplitude"": 0.6382747362010759, ""fwhm"": 0.031799115031979956}]",2.1220810942843182,0.6382747362010759,0.031799115031979956,,,,,,,,,,,,,,,
13.272691744015631,0.05908125981579394,1,EDS,Gold,"[{""position"": 2.1220810942843182, ""amplitude"": 0.6382747362010759, ""fwhm"": 0.031799115031979956}]",2.1220810942843182,0.6382747362010759,0.031799115031979956,,,,,,,,,,,,,,,
13.282413287738152,0.05792101060629808,1,EDS,Gold,"[{""position"": 2.1220810942843182, ""amplitude"": 0.6382747362010759, ""fwhm"": 0.031799115031979956}]",2.1220810942843182,0.6382747362010759,0.031799115031979956,,,,,,,,,,,,,,,
13.292134831460672,0.05843133836723111,1,EDS,Gold,"[{""position"": 2.1220810942843182, ""amplitude"": 0.6382747362010759, ""fwhm"": 0.031799115031979956}]",2.1220810942843182,0.6382747362010759,0.031799115031979956,,,,,,,,,,,,,,,
13.301856375183194,0.04806172554113139,1,EDS,Gold,"[{""position"": 2.1220810942843182, ""amplitude"": 0.6382747362010759, ""fwhm"": 0.031799115031979956}]",2.1220810942843182,0.6382747362010759,0.031799115031979956,,,,,,,,,,,,,,,
13.311577918905714,0.04806721575367462,1,EDS,Gold,"[{""position"": 2.1220810942843182, ""amplitude"": 0.6382747362010759, ""fwhm"": 0.031799115031979956}]",2.1220810942843182,0.6382747362010759,0.031799115031979956,,,,,,,,,,,,,,,
13.321299462628234,0.04757417960432046,1,EDS,Gold,"[{""position"": 2.1220810942843182, ""amplitude"": 0.6382747362010759, ""fwhm"": 0.031799115031979956}]",2.1220810942843182,0.6382747362010759,0.031799115031979956,,,,,,,,,,,,,,,
13.331021006350756,0.05678186383064201,1,EDS,Gold,"[{""position"": 2.1220810942843182, ""amplitude"": 0.6382747362010759, ""fwhm"": 0.031799115031979956}]",2.1220810942843182,0.6382747362010759,0.031799115031979956,,,,,,,,,,,,,,,
13.340742550073276,0.047532125932495915,1,EDS,Gold,"[{""position"": 2.1220810942843182, ""amplitude"": 0.6382747362010759, ""fwhm"": 0.031799115031979956}]",2.1220810942843182,0.6382747362010759,0.031799115031979956,,,,,,,,,,,,,,,
13.350464093795797,0.04661571999401993,1,EDS,Gold,"[{""position"": 2.1220810942843182, ""amplitude"": 0.6382747362010759, ""fwhm"": 0.031799115031979956}]",2.1220810942843182,0.6382747362010759,0.031799115031979956,,,,,,,,,,,,,,,
13.360185637518319,0.051402128017630104,1,EDS,Gold,"[{""position"": 2.1220810942843182, ""amplitude"": 0.6382747362010759, ""fwhm"": 0.031799115031979956}]",2.1220810942843182,0.6382747362010759,0.031799115031979956,,,,,,,,,,,,,,,
13.369907181240839,0.05569810682649862,1,EDS,Gold,"[{""position"": 2.1220810942843182, ""amplitude"": 0.6382747362010759, ""fwhm"": 0.031799115031979956}]",2.1220810942843182,0.6382747362010759,0.031799115031979956,,,,,,,,,,,,,,,
13.379628724963359,0.05565416488815778,1,EDS,Gold,"[{""position"": 2.1220810942843182, ""amplitude"": 0.6382747362010759, ""fwhm"": 0.031799115031979956}]",2.1220810942843182,0.6382747362010759,0.031799115031979956,,,,,,,,,,,,,,,
13.389350268685881,0.05016976559599709,1,EDS,Gold,"[{""position"": 2.1220810942843182, ""amplitude"": 0.6382747362010759, ""fwhm"": 0.031799115031979956}]",2.1220810942843182,0.6382747362010759,0.031799115031979956,,,,,,,,,,,,,,,
13.399071812408401,0.04523074546786224,1,EDS,Gold,"[{""position"": 2.1220810942843182, ""amplitude"": 0.6382747362010759, ""fwhm"": 0.031799115031979956}]",2.1220810942843182,0.6382747362010759,0.031799115031979956,,,,,,,,,,,,,,,
13.408793356130921,0.050846287620012975,1,EDS,Gold,"[{""position"": 2.1220810942843182, ""amplitude"": 0.6382747362010759, ""fwhm"": 0.031799115031979956}]",2.1220810942843182,0.6382747362010759,0.031799115031979956,,,,,,,,,,,,,,,
13.418514899853442,0.04411259250974474,1,EDS,Gold,"[{""position"": 2.1220810942843182, ""amplitude"": 0.6382747362010759, ""fwhm"": 0.031799115031979956}]",2.1220810942843182,0.6382747362010759,0.031799115031979956,,,,,,,,,,,,,,,
13.428236443575964,0.043722717534758156,1,EDS,Gold,"[{""position"": 2.1220810942843182, ""amplitude"": 0.6382747362010759, ""fwhm"": 0.031799115031979956}]",2.1220810942843182,0.6382747362010759,0.031799115031979956,,,,,,,,,,,,,,,
13.437957987298484,0.0449057312657782,1,EDS,Gold,"[{""position"": 2.1220810942843182, ""amplitude"": 0.6382747362010759, ""fwhm"": 0.031799115031979956}]",2.1220810942843182,0.6382747362010759,0.031799115031979956,,,,,,,,,,,,,,,
13.447679531021004,0.048835514435313775,1,EDS,Gold,"[{""position"": 2.1220810942843182, ""amplitude"": 0.6382747362010759, ""fwhm"": 0.031799115031979956}]",2.1220810942843182,0.6382747362010759,0.031799115031979956,,,,,,,,,,,,,,,
13.457401074743526,0.048342531691573064,1,EDS,Gold,"[{""position"": 2.1220810942843182, ""amplitude"": 0.6382747362010759, ""fwhm"": 0.031799115031979956}]",2.1220810942843182,0.6382747362010759,0.031799115031979956,,,,,,,,,,,,,,,
13.467122618466046,0.048875035865712485,1,EDS,Gold,"[{""position"": 2.1220810942843182, ""amplitude"": 0.6382747362010759, ""fwhm"": 0.031799115031979956}]",2.1220810942843182,0.6382747362010759,0.031799115031979956,,,,,,,,,,,,,,,
13.476844162188566,0.047821371905039683,1,EDS,Gold,"[{""position"": 2.1220810942843182, ""amplitude"": 0.6382747362010759, ""fwhm"": 0.031799115031979956}]",2.1220810942843182,0.6382747362010759,0.031799115031979956,,,,,,,,,,,,,,,
13.486565705911088,0.0536955902952934,1,EDS,Gold,"[{""position"": 2.1220810942843182, ""amplitude"": 0.6382747362010759, ""fwhm"": 0.031799115031979956}]",2.1220810942843182,0.6382747362010759,0.031799115031979956,,,,,,,,,,,,,,,
13.496287249633609,0.04787714940098428,1,EDS,Gold,"[{""position"": 2.1220810942843182, ""amplitude"": 0.6382747362010759, ""fwhm"": 0.031799115031979956}]",2.1220810942843182,0.6382747362010759,0.031799115031979956,,,,,,,,,,,,,,,
13.506008793356129,0.0470503190162011,1,EDS,Gold,"[{""position"": 2.1220810942843182, ""amplitude"": 0.6382747362010759, ""fwhm"": 0.031799115031979956}]",2.1220810942843182,0.6382747362010759,0.031799115031979956,,,,,,,,,,,,,,,
13.51573033707865,0.04802555109929015,1,EDS,Gold,"[{""position"": 2.1220810942843182, ""amplitude"": 0.6382747362010759, ""fwhm"": 0.031799115031979956}]",2.1220810942843182,0.6382747362010759,0.031799115031979956,,,,,,,,,,,,,,,
13.525451880801171,0.0564435022736305,1,EDS,Gold,"[{""position"": 2.1220810942843182, ""amplitude"": 0.6382747362010759, ""fwhm"": 0.031799115031979956}]",2.1220810942843182,0.6382747362010759,0.031799115031979956,,,,,,,,,,,,,,,
13.535173424523691,0.04680526518867805,1,EDS,Gold,"[{""position"": 2.1220810942843182, ""amplitude"": 0.6382747362010759, ""fwhm"": 0.031799115031979956}]",2.1220810942843182,0.6382747362010759,0.031799115031979956,,,,,,,,,,,,,,,
13.544894968246211,0.04632034244114488,1,EDS,Gold,"[{""position"": 2.1220810942843182, ""amplitude"": 0.6382747362010759, ""fwhm"": 0.031799115031979956}]",2.1220810942843182,0.6382747362010759,0.031799115031979956,,,,,,,,,,,,,,,
13.554616511968733,0.04651881174884327,1,EDS,Gold,"[{""position"": 2.1220810942843182, ""amplitude"": 0.6382747362010759, ""fwhm"": 0.031799115031979956}]",2.1220810942843182,0.6382747362010759,0.031799115031979956,,,,,,,,,,,,,,,
13.564338055691254,0.04136611086137748,1,EDS,Gold,"[{""position"": 2.1220810942843182, ""amplitude"": 0.6382747362010759, ""fwhm"": 0.031799115031979956}]",2.1220810942843182,0.6382747362010759,0.031799115031979956,,,,,,,,,,,,,,,
13.574059599413774,0.050367356130785385,1,EDS,Gold,"[{""position"": 2.1220810942843182, ""amplitude"": 0.6382747362010759, ""fwhm"": 0.031799115031979956}]",2.1220810942843182,0.6382747362010759,0.031799115031979956,,,,,,,,,,,,,,,
13.583781143136296,0.044720447105646315,1,EDS,Gold,"[{""position"": 2.1220810942843182, ""amplitude"": 0.6382747362010759, ""fwhm"": 0.031799115031979956}]",2.1220810942843182,0.6382747362010759,0.031799115031979956,,,,,,,,,,,,,,,
13.593502686858816,0.04001868112549952,1,EDS,Gold,"[{""position"": 2.1220810942843182, ""amplitude"": 0.6382747362010759, ""fwhm"": 0.031799115031979956}]",2.1220810942843182,0.6382747362010759,0.031799115031979956,,,,,,,,,,,,,,,
13.603224230581336,0.044205214081475534,1,EDS,Gold,"[{""position"": 2.1220810942843182, ""amplitude"": 0.6382747362010759, ""fwhm"": 0.031799115031979956}]",2.1220810942843182,0.6382747362010759,0.031799115031979956,,,,,,,,,,,,,,,
13.612945774303858,0.04020219475763208,1,EDS,Gold,"[{""position"": 2.1220810942843182, ""amplitude"": 0.6382747362010759, ""fwhm"": 0.031799115031979956}]",2.1220810942843182,0.6382747362010759,0.031799115031979956,,,,,,,,,,,,,,,
13.622667318026378,0.03903922468699716,1,EDS,Gold,"[{""position"": 2.1220810942843182, ""amplitude"": 0.6382747362010759, ""fwhm"": 0.031799115031979956}]",2.1220810942843182,0.6382747362010759,0.031799115031979956,,,,,,,,,,,,,,,
13.632388861748899,0.03852642599867308,1,EDS,Gold,"[{""position"": 2.1220810942843182, ""amplitude"": 0.6382747362010759, ""fwhm"": 0.031799115031979956}]",2.1220810942843182,0.6382747362010759,0.031799115031979956,,,,,,,,,,,,,,,
13.64211040547142,0.03851100379152986,1,EDS,Gold,"[{""position"": 2.1220810942843182, ""amplitude"": 0.6382747362010759, ""fwhm"": 0.031799115031979956}]",2.1220810942843182,0.6382747362010759,0.031799115031979956,,,,,,,,,,,,,,,
13.65183194919394,0.04751120437837603,1,EDS,Gold,"[{""position"": 2.1220810942843182, ""amplitude"": 0.6382747362010759, ""fwhm"": 0.031799115031979956}]",2.1220810942843182,0.6382747362010759,0.031799115031979956,,,,,,,,,,,,,,,
13.661553492916461,0.047413285549028766,1,EDS,Gold,"[{""position"": 2.1220810942843182, ""amplitude"": 0.6382747362010759, ""fwhm"": 0.031799115031979956}]",2.1220810942843182,0.6382747362010759,0.031799115031979956,,,,,,,,,,,,,,,
13.671275036638983,0.048164854072538316,1,EDS,Gold,"[{""position"": 2.1220810942843182, ""amplitude"": 0.6382747362010759, ""fwhm"": 0.031799115031979956}]",2.1220810942843182,0.6382747362010759,0.031799115031979956,,,,,,,,,,,,,,,
13.680996580361503,0.037011157473536525,1,EDS,Gold,"[{""position"": 2.1220810942843182, ""amplitude"": 0.6382747362010759, ""fwhm"": 0.031799115031979956}]",2.1220810942843182,0.6382747362010759,0.031799115031979956,,,,,,,,,,,,,,,
13.690718124084023,0.04655127466515643,1,EDS,Gold,"[{""position"": 2.1220810942843182, ""amplitude"": 0.6382747362010759, ""fwhm"": 0.031799115031979956}]",2.1220810942843182,0.6382747362010759,0.031799115031979956,,,,,,,,,,,,,,,
13.700439667806544,0.03702460425451613,1,EDS,Gold,"[{""position"": 2.1220810942843182, ""amplitude"": 0.6382747362010759, ""fwhm"": 0.031799115031979956}]",2.1220810942843182,0.6382747362010759,0.031799115031979956,,,,,,,,,,,,,,,
13.710161211529066,0.04205605535860168,1,EDS,Gold,"[{""position"": 2.1220810942843182, ""amplitude"": 0.6382747362010759, ""fwhm"": 0.031799115031979956}]",2.1220810942843182,0.6382747362010759,0.031799115031979956,,,,,,,,,,,,,,,
13.719882755251586,0.04655990509956451,1,EDS,Gold,"[{""position"": 2.1220810942843182, ""amplitude"": 0.6382747362010759, ""fwhm"": 0.031799115031979956}]",2.1220810942843182,0.6382747362010759,0.031799115031979956,,,,,,,,,,,,,,,
13.729604298974106,0.04141548729498794,1,EDS,Gold,"[{""position"": 2.1220810942843182, ""amplitude"": 0.6382747362010759, ""fwhm"": 0.031799115031979956}]",2.1220810942843182,0.6382747362010759,0.031799115031979956,,,,,,,,,,,,,,,
13.739325842696628,0.04031121970014864,1,EDS,Gold,"[{""position"": 2.1220810942843182, ""amplitude"": 0.6382747362010759, ""fwhm"": 0.031799115031979956}]",2.1220810942843182,0.6382747362010759,0.031799115031979956,,,,,,,,,,,,,,,
13.749047386419148,0.04972133636419687,1,EDS,Gold,"[{""position"": 2.1220810942843182, ""amplitude"": 0.6382747362010759, ""fwhm"": 0.031799115031979956}]",2.1220810942843182,0.6382747362010759,0.031799115031979956,,,,,,,,,,,,,,,
13.758768930141668,0.035828118947407256,1,EDS,Gold,"[{""position"": 2.1220810942843182, ""amplitude"": 0.6382747362010759, ""fwhm"": 0.031799115031979956}]",2.1220810942843182,0.6382747362010759,0.031799115031979956,,,,,,,,,,,,,,,
13.76849047386419,0.04469021470251657,1,EDS,Gold,"[{""position"": 2.1220810942843182, ""amplitude"": 0.6382747362010759, ""fwhm"": 0.031799115031979956}]",2.1220810942843182,0.6382747362010759,0.031799115031979956,,,,,,,,,,,,,,,
13.77821201758671,0.04444877298757049,1,EDS,Gold,"[{""position"": 2.1220810942843182, ""amplitude"": 0.6382747362010759, ""fwhm"": 0.031799115031979956}]",2.1220810942843182,0.6382747362010759,0.031799115031979956,,,,,,,,,,,,,,,
13.78793356130923,0.039920006587808886,1,EDS,Gold,"[{""position"": 2.1220810942843182, ""amplitude"": 0.6382747362010759, ""fwhm"": 0.031799115031979956}]",2.1220810942843182,0.6382747362010759,0.031799115031979956,,,,,,,,,,,,,,,
13.797655105031753,0.03927958008655388,1,EDS,Gold,"[{""position"": 2.1220810942843182, ""amplitude"": 0.6382747362010759, ""fwhm"": 0.031799115031979956}]",2.1220810942843182,0.6382747362010759,0.031799115031979956,,,,,,,,,,,,,,,
13.807376648754273,0.03895673533211459,1,EDS,Gold,"[{""position"": 2.1220810942843182, ""amplitude"": 0.6382747362010759, ""fwhm"": 0.031799115031979956}]",2.1220810942843182,0.6382747362010759,0.031799115031979956,,,,,,,,,,,,,,,
13.817098192476793,0.04448949726962753,1,EDS,Gold,"[{""position"": 2.1220810942843182, ""amplitude"": 0.6382747362010759, ""fwhm"": 0.031799115031979956}]",2.1220810942843182,0.6382747362010759,0.031799115031979956,,,,,,,,,,,,,,,
13.826819736199313,0.032886102161415194,1,EDS,Gold,"[{""position"": 2.1220810942843182, ""amplitude"": 0.6382747362010759, ""fwhm"": 0.031799115031979956}]",2.1220810942843182,0.6382747362010759,0.031799115031979956,,,,,,,,,,,,,,,
13.836541279921835,0.03835373717877352,1,EDS,Gold,"[{""position"": 2.1220810942843182, ""amplitude"": 0.6382747362010759, ""fwhm"": 0.031799115031979956}]",2.1220810942843182,0.6382747362010759,0.031799115031979956,,,,,,,,,,,,,,,
13.846262823644356,0.03266659104621693,1,EDS,Gold,"[{""position"": 2.1220810942843182, ""amplitude"": 0.6382747362010759, ""fwhm"": 0.031799115031979956}]",2.1220810942843182,0.6382747362010759,0.031799115031979956,,,,,,,,,,,,,,,
13.855984367366876,0.03749126593278799,1,EDS,Gold,"[{""position"": 2.1220810942843182, ""amplitude"": 0.6382747362010759, ""fwhm"": 0.031799115031979956}]",2.1220810942843182,0.6382747362010759,0.031799115031979956,,,,,,,,,,,,,,,
13.865705911089398,0.03281163333814949,1,EDS,Gold,"[{""position"": 2.1220810942843182, ""amplitude"": 0.6382747362010759, ""fwhm"": 0.031799115031979956}]",2.1220810942843182,0.6382747362010759,0.031799115031979956,,,,,,,,,,,,,,,
13.875427454811918,0.03705366833002916,1,EDS,Gold,"[{""position"": 2.1220810942843182, ""amplitude"": 0.6382747362010759, ""fwhm"": 0.031799115031979956}]",2.1220810942843182,0.6382747362010759,0.031799115031979956,,,,,,,,,,,,,,,
13.885148998534438,0.04179271794522697,1,EDS,Gold,"[{""position"": 2.1220810942843182, ""amplitude"": 0.6382747362010759, ""fwhm"": 0.031799115031979956}]",2.1220810942843182,0.6382747362010759,0.031799115031979956,,,,,,,,,,,,,,,
13.89487054225696,0.03676997164620257,1,EDS,Gold,"[{""position"": 2.1220810942843182, ""amplitude"": 0.6382747362010759, ""fwhm"": 0.031799115031979956}]",2.1220810942843182,0.6382747362010759,0.031799115031979956,,,,,,,,,,,,,,,
13.90459208597948,0.04081492668506863,1,EDS,Gold,"[{""position"": 2.1220810942843182, ""amplitude"": 0.6382747362010759, ""fwhm"": 0.031799115031979956}]",2.1220810942843182,0.6382747362010759,0.031799115031979956,,,,,,,,,,,,,,,
13.914313629702,0.0353153376737505,1,EDS,Gold,"[{""position"": 2.1220810942843182, ""amplitude"": 0.6382747362010759, ""fwhm"": 0.031799115031979956}]",2.1220810942843182,0.6382747362010759,0.031799115031979956,,,,,,,,,,,,,,,
13.924035173424523,0.02994278886291231,1,EDS,Gold,"[{""position"": 2.1220810942843182, ""amplitude"": 0.6382747362010759, ""fwhm"": 0.031799115031979956}]",2.1220810942843182,0.6382747362010759,0.031799115031979956,,,,,,,,,,,,,,,
13.933756717147043,0.03423170991665302,1,EDS,Gold,"[{""position"": 2.1220810942843182, ""amplitude"": 0.6382747362010759, ""fwhm"": 0.031799115031979956}]",2.1220810942843182,0.6382747362010759,0.031799115031979956,,,,,,,,,,,,,,,
13.943478260869563,0.03585845822518874,1,EDS,Gold,"[{""position"": 2.1220810942843182, ""amplitude"": 0.6382747362010759, ""fwhm"": 0.031799115031979956}]",2.1220810942843182,0.6382747362010759,0.031799115031979956,,,,,,,,,,,,,,,
13.953199804592085,0.03908921521567811,1,EDS,Gold,"[{""position"": 2.1220810942843182, ""amplitude"": 0.6382747362010759, ""fwhm"": 0.031799115031979956}]",2.1220810942843182,0.6382747362010759,0.031799115031979956,,,,,,,,,,,,,,,
13.962921348314605,0.029230938694226116,1,EDS,Gold,"[{""position"": 2.1220810942843182, ""amplitude"": 0.6382747362010759, ""fwhm"": 0.031799115031979956}]",2.1220810942843182,0.6382747362010759,0.031799115031979956,,,,,,,,,,,,,,,
13.972642892037126,0.04392936438600278,1,EDS,Gold,"[{""position"": 2.1220810942843182, ""amplitude"": 0.6382747362010759, ""fwhm"": 0.031799115031979956}]",2.1220810942843182,0.6382747362010759,0.031799115031979956,,,,,,,,,,,,,,,
13.982364435759646,0.03393031539036603,1,EDS,Gold,"[{""position"": 2.1220810942843182, ""amplitude"": 0.6382747362010759, ""fwhm"": 0.031799115031979956}]",2.1220810942843182,0.6382747362010759,0.031799115031979956,,,,,,,,,,,,,,,
13.992085979482168,0.02889538774517612,1,EDS,Gold,"[{""position"": 2.1220810942843182, ""amplitude"": 0.6382747362010759, ""fwhm"": 0.031799115031979956}]",2.1220810942843182,0.6382747362010759,0.031799115031979956,,,,,,,,,,,,,,,
14.001807523204688,0.03364125536788291,1,EDS,Gold,"[{""position"": 2.1220810942843182, ""amplitude"": 0.6382747362010759, ""fwhm"": 0.031799115031979956}]",2.1220810942843182,0.6382747362010759,0.031799115031979956,,,,,,,,,,,,,,,
14.011529066927208,0.02768339247153526,1,EDS,Gold,"[{""position"": 2.1220810942843182, ""amplitude"": 0.6382747362010759, ""fwhm"": 0.031799115031979956}]",2.1220810942843182,0.6382747362010759,0.031799115031979956,,,,,,,,,,,,,,,
14.02125061064973,0.03260480249599935,1,EDS,Gold,"[{""position"": 2.1220810942843182, ""amplitude"": 0.6382747362010759, ""fwhm"": 0.031799115031979956}]",2.1220810942843182,0.6382747362010759,0.031799115031979956,,,,,,,,,,,,,,,
14.03097215437225,0.027542174982890154,1,EDS,Gold,"[{""position"": 2.1220810942843182, ""amplitude"": 0.6382747362010759, ""fwhm"": 0.031799115031979956}]",2.1220810942843182,0.6382747362010759,0.031799115031979956,,,,,,,,,,,,,,,
14.04069369809477,0.032015700482384224,1,EDS,Gold,"[{""position"": 2.1220810942843182, ""amplitude"": 0.6382747362010759, ""fwhm"": 0.031799115031979956}]",2.1220810942843182,0.6382747362010759,0.031799115031979956,,,,,,,,,,,,,,,
14.050415241817293,0.02761806954848498,1,EDS,Gold,"[{""position"": 2.1220810942843182, ""amplitude"": 0.6382747362010759, ""fwhm"": 0.031799115031979956}]",2.1220810942843182,0.6382747362010759,0.031799115031979956,,,,,,,,,,,,,,,
14.060136785539813,0.026814942329567947,1,EDS,Gold,"[{""position"": 2.1220810942843182, ""amplitude"": 0.6382747362010759, ""fwhm"": 0.031799115031979956}]",2.1220810942843182,0.6382747362010759,0.031799115031979956,,,,,,,,,,,,,,,
14.069858329262333,0.036655025788133594,1,EDS,Gold,"[{""position"": 2.1220810942843182, ""amplitude"": 0.6382747362010759, ""fwhm"": 0.031799115031979956}]",2.1220810942843182,0.6382747362010759,0.031799115031979956,,,,,,,,,,,,,,,
14.079579872984855,0.03634574206502328,1,EDS,Gold,"[{""position"": 2.1220810942843182, ""amplitude"": 0.6382747362010759, ""fwhm"": 0.031799115031979956}]",2.1220810942843182,0.6382747362010759,0.031799115031979956,,,,,,,,,,,,,,,
14.089301416707375,0.03631194119579532,1,EDS,Gold,"[{""position"": 2.1220810942843182, ""amplitude"": 0.6382747362010759, ""fwhm"": 0.031799115031979956}]",2.1220810942843182,0.6382747362010759,0.031799115031979956,,,,,,,,,,,,,,,
14.099022960429895,0.025567431709843682,1,EDS,Gold,"[{""position"": 2.1220810942843182, ""amplitude"": 0.6382747362010759, ""fwhm"": 0.031799115031979956}]",2.1220810942843182,0.6382747362010759,0.031799115031979956,,,,,,,,,,,,,,,
14.108744504152416,0.029593406157490294,1,EDS,Gold,"[{""position"": 2.1220810942843182, ""amplitude"": 0.6382747362010759, ""fwhm"": 0.031799115031979956}]",2.1220810942843182,0.6382747362010759,0.031799115031979956,,,,,,,,,,,,,,,
14.118466047874938,0.035120387997336126,1,EDS,Gold,"[{""position"": 2.1220810942843182, ""amplitude"": 0.6382747362010759, ""fwhm"": 0.031799115031979956}]",2.1220810942843182,0.6382747362010759,0.031799115031979956,,,,,,,,,,,,,,,
14.128187591597458,0.029348190359927764,1,EDS,Gold,"[{""position"": 2.1220810942843182, ""amplitude"": 0.6382747362010759, ""fwhm"": 0.031799115031979956}]",2.1220810942843182,0.6382747362010759,0.031799115031979956,,,,,,,,,,,,,,,
14.137909135319978,0.034131022462011634,1,EDS,Gold,"[{""position"": 2.1220810942843182, ""amplitude"": 0.6382747362010759, ""fwhm"": 0.031799115031979956}]",2.1220810942843182,0.6382747362010759,0.031799115031979956,,,,,,,,,,,,,,,
14.1476306790425,0.02438304100984789,1,EDS,Gold,"[{""position"": 2.1220810942843182, ""amplitude"": 0.6382747362010759, ""fwhm"": 0.031799115031979956}]",2.1220810942843182,0.6382747362010759,0.031799115031979956,,,,,,,,,,,,,,,
14.15735222276502,0.029416106783454212,1,EDS,Gold,"[{""position"": 2.1220810942843182, ""amplitude"": 0.6382747362010759, ""fwhm"": 0.031799115031979956}]",2.1220810942843182,0.6382747362010759,0.031799115031979956,,,,,,,,,,,,,,,
14.16707376648754,0.023565455055629604,1,EDS,Gold,"[{""position"": 2.1220810942843182, ""amplitude"": 0.6382747362010759, ""fwhm"": 0.031799115031979956}]",2.1220810942843182,0.6382747362010759,0.031799115031979956,,,,,,,,,,,,,,,
14.176795310210062,0.023426246054228002,1,EDS,Gold,"[{""position"": 2.1220810942843182, ""amplitude"": 0.6382747362010759, ""fwhm"": 0.031799115031979956}]",2.1220810942843182,0.6382747362010759,0.031799115031979956,,,,,,,,,,,,,,,
14.186516853932583,0.02880992980415029,1,EDS,Gold,"[{""position"": 2.1220810942843182, ""amplitude"": 0.6382747362010759, ""fwhm"": 0.031799115031979956}]",2.1220810942843182,0.6382747362010759,0.031799115031979956,,,,,,,,,,,,,,,
14.196238397655103,0.022843707304205513,1,EDS,Gold,"[{""position"": 2.1220810942843182, ""amplitude"": 0.6382747362010759, ""fwhm"": 0.031799115031979956}]",2.1220810942843182,0.6382747362010759,0.031799115031979956,,,,,,,,,,,,,,,
14.205959941377625,0.023684907539700047,1,EDS,Gold,"[{""position"": 2.1220810942843182, ""amplitude"": 0.6382747362010759, ""fwhm"": 0.031799115031979956}]",2.1220810942843182,0.6382747362010759,0.031799115031979956,,,,,,,,,,,,,,,
14.215681485100145,0.022446944448594932,1,EDS,Gold,"[{""position"": 2.1220810942843182, ""amplitude"": 0.6382747362010759, ""fwhm"": 0.031799115031979956}]",2.1220810942843182,0.6382747362010759,0.031799115031979956,,,,,,,,,,,,,,,
14.225403028822665,0.021071814005775267,1,EDS,Gold,"[{""position"": 2.1220810942843182, ""amplitude"": 0.6382747362010759, ""fwhm"": 0.031799115031979956}]",2.1220810942843182,0.6382747362010759,0.031799115031979956,,,,,,,,,,,,,,,
14.235124572545187,0.026985460295944157,1,EDS,Gold,"[{""position"": 2.1220810942843182, ""amplitude"": 0.6382747362010759, ""fwhm"": 0.031799115031979956}]",2.1220810942843182,0.6382747362010759,0.031799115031979956,,,,,,,,,,,,,,,
14.244846116267707,0.02153433212285108,1,EDS,Gold,"[{""position"": 2.1220810942843182, ""amplitude"": 0.6382747362010759, ""fwhm"": 0.031799115031979956}]",2.1220810942843182,0.6382747362010759,0.031799115031979956,,,,,,,,,,,,,,,
14.254567659990228,0.021688825173221724,1,EDS,Gold,"[{""position"": 2.1220810942843182, ""amplitude"": 0.6382747362010759, ""fwhm"": 0.031799115031979956}]",2.1220810942843182,0.6382747362010759,0.031799115031979956,,,,,,,,,,,,,,,
14.264289203712748,0.031122149875708,1,EDS,Gold,"[{""position"": 2.1220810942843182, ""amplitude"": 0.6382747362010759, ""fwhm"": 0.031799115031979956}]",2.1220810942843182,0.6382747362010759,0.031799115031979956,,,,,,,,,,,,,,,
14.27401074743527,0.02546324359191887,1,EDS,Gold,"[{""position"": 2.1220810942843182, ""amplitude"": 0.6382747362010759, ""fwhm"": 0.031799115031979956}]",2.1220810942843182,0.6382747362010759,0.031799115031979956,,,,,,,,,,,,,,,
14.28373229115779,0.019674685480945087,1,EDS,Gold,"[{""position"": 2.1220810942843182, ""amplitude"": 0.6382747362010759, ""fwhm"": 0.031799115031979956}]",2.1220810942843182,0.6382747362010759,0.031799115031979956,,,,,,,,,,,,,,,
14.29345383488031,0.019879645994504994,1,EDS,Gold,"[{""position"": 2.1220810942843182, ""amplitude"": 0.6382747362010759, ""fwhm"": 0.031799115031979956}]",2.1220810942843182,0.6382747362010759,0.031799115031979956,,,,,,,,,,,,,,,
14.303175378602832,0.019301208134588934,1,EDS,Gold,"[{""position"": 2.1220810942843182, ""amplitude"": 0.6382747362010759, ""fwhm"": 0.031799115031979956}]",2.1220810942843182,0.6382747362010759,0.031799115031979956,,,,,,,,,,,,,,,
14.312896922325352,0.029153775980061025,1,EDS,Gold,"[{""position"": 2.1220810942843182, ""amplitude"": 0.6382747362010759, ""fwhm"": 0.031799115031979956}]",2.1220810942843182,0.6382747362010759,0.031799115031979956,,,,,,,,,,,,,,,
14.322618466047873,0.024431491236095216,1,EDS,Gold,"[{""position"": 2.1220810942843182, ""amplitude"": 0.6382747362010759, ""fwhm"": 0.031799115031979956}]",2.1220810942843182,0.6382747362010759,0.031799115031979956,,,,,,,,,,,,,,,
14.332340009770395,0.024667707678715785,1,EDS,Gold,"[{""position"": 2.1220810942843182, ""amplitude"": 0.6382747362010759, ""fwhm"": 0.031799115031979956}]",2.1220810942843182,0.6382747362010759,0.031799115031979956,,,,,,,,,,,,,,,
14.342061553492915,0.018789631726228082,1,EDS,Gold,"[{""position"": 2.1220810942843182, ""amplitude"": 0.6382747362010759, ""fwhm"": 0.031799115031979956}]",2.1220810942843182,0.6382747362010759,0.031799115031979956,,,,,,,,,,,,,,,
14.351783097215435,0.022762461972916433,1,EDS,Gold,"[{""position"": 2.1220810942843182, ""amplitude"": 0.6382747362010759, ""fwhm"": 0.031799115031979956}]",2.1220810942843182,0.6382747362010759,0.031799115031979956,,,,,,,,,,,,,,,
14.361504640937957,0.02326309472340851,1,EDS,Gold,"[{""position"": 2.1220810942843182, ""amplitude"": 0.6382747362010759, ""fwhm"": 0.031799115031979956}]",2.1220810942843182,0.6382747362010759,0.031799115031979956,,,,,,,,,,,,,,,
14.371226184660477,0.028343626814951256,1,EDS,Gold,"[{""position"": 2.1220810942843182, ""amplitude"": 0.6382747362010759, ""fwhm"": 0.031799115031979956}]",2.1220810942843182,0.6382747362010759,0.031799115031979956,,,,,,,,,,,,,,,
14.380947728382997,0.022214405678282496,1,EDS,Gold,"[{""position"": 2.1220810942843182, ""amplitude"": 0.6382747362010759, ""fwhm"": 0.031799115031979956}]",2.1220810942843182,0.6382747362010759,0.031799115031979956,,,,,,,,,,,,,,,
14.39066927210552,0.022164318775341592,1,EDS,Gold,"[{""position"": 2.1220810942843182, ""amplitude"": 0.6382747362010759, ""fwhm"": 0.031799115031979956}]",2.1220810942843182,0.6382747362010759,0.031799115031979956,,,,,,,,,,,,,,,
14.40039081582804,0.026959587435169845,1,EDS,Gold,"[{""position"": 2.1220810942843182, ""amplitude"": 0.6382747362010759, ""fwhm"": 0.031799115031979956}]",2.1220810942843182,0.6382747362010759,0.031799115031979956,,,,,,,,,,,,,,,
14.41011235955056,0.031306462518282514,1,EDS,Gold,"[{""position"": 2.1220810942843182, ""amplitude"": 0.6382747362010759, ""fwhm"": 0.031799115031979956}]",2.1220810942843182,0.6382747362010759,0.031799115031979956,,,,,,,,,,,,,,,
14.41983390327308,0.026709106044442113,1,EDS,Gold,"[{""position"": 2.1220810942843182, ""amplitude"": 0.6382747362010759, ""fwhm"": 0.031799115031979956}]",2.1220810942843182,0.6382747362010759,0.031799115031979956,,,,,,,,,,,,,,,
14.429555446995602,0.021070347845482482,1,EDS,Gold,"[{""position"": 2.1220810942843182, ""amplitude"": 0.6382747362010759, ""fwhm"": 0.031799115031979956}]",2.1220810942843182,0.6382747362010759,0.031799115031979956,,,,,,,,,,,,,,,
14.439276990718122,0.026050891280897305,1,EDS,Gold,"[{""position"": 2.1220810942843182, ""amplitude"": 0.6382747362010759, ""fwhm"": 0.031799115031979956}]",2.1220810942843182,0.6382747362010759,0.031799115031979956,,,,,,,,,,,,,,,
14.448998534440642,0.020157848374374607,1,EDS,Gold,"[{""position"": 2.1220810942843182, ""amplitude"": 0.6382747362010759, ""fwhm"": 0.031799115031979956}]",2.1220810942843182,0.6382747362010759,0.031799115031979956,,,,,,,,,,,,,,,
14.458720078163164,0.015095636123513388,1,EDS,Gold,"[{""position"": 2.1220810942843182, ""amplitude"": 0.6382747362010759, ""fwhm"": 0.031799115031979956}]",2.1220810942843182,0.6382747362010759,0.031799115031979956,,,,,,,,,,,,,,,
14.468441621885685,0.015369061365653656,1,EDS,Gold,"[{""position"": 2.1220810942843182, ""amplitude"": 0.6382747362010759, ""fwhm"": 0.031799115031979956}]",2.1220810942843182,0.6382747362010759,0.031799115031979956,,,,,,,,,,,,,,,
14.478163165608205,0.019576190870290767,1,EDS,Gold,"[{""position"": 2.1220810942843182, ""amplitude"": 0.6382747362010759, ""fwhm"": 0.031799115031979956}]",2.1220810942843182,0.6382747362010759,0.031799115031979956,,,,,,,,,,,,,,,
14.487884709330727,0.015294086748660314,1,EDS,Gold,"[{""position"": 2.1220810942843182, ""amplitude"": 0.6382747362010759, ""fwhm"": 0.031799115031979956}]",2.1220810942843182,0.6382747362010759,0.031799115031979956,,,,,,,,,,,,,,,
14.497606253053247,0.01901353795004765,1,EDS,Gold,"[{""position"": 2.1220810942843182, ""amplitude"": 0.6382747362010759, ""fwhm"": 0.031799115031979956}]",2.1220810942843182,0.6382747362010759,0.031799115031979956,,,,,,,,,,,,,,,
14.507327796775767,0.014033767432041473,1,EDS,Gold,"[{""position"": 2.1220810942843182, ""amplitude"": 0.6382747362010759, ""fwhm"": 0.031799115031979956}]",2.1220810942843182,0.6382747362010759,0.031799115031979956,,,,,,,,,,,,,,,
14.51704934049829,0.01909352620046189,1,EDS,Gold,"[{""position"": 2.1220810942843182, ""amplitude"": 0.6382747362010759, ""fwhm"": 0.031799115031979956}]",2.1220810942843182,0.6382747362010759,0.031799115031979956,,,,,,,,,,,,,,,
14.52677088422081,0.027706908625439786,1,EDS,Gold,"[{""position"": 2.1220810942843182, ""amplitude"": 0.6382747362010759, ""fwhm"": 0.031799115031979956}]",2.1220810942843182,0.6382747362010759,0.031799115031979956,,,,,,,,,,,,,,,
14.53649242794333,0.027270022178305438,1,EDS,Gold,"[{""position"": 2.1220810942843182, ""amplitude"": 0.6382747362010759, ""fwhm"": 0.031799115031979956}]",2.1220810942843182,0.6382747362010759,0.031799115031979956,,,,,,,,,,,,,,,
14.54621397166585,0.022106257712913857,1,EDS,Gold,"[{""position"": 2.1220810942843182, ""amplitude"": 0.6382747362010759, ""fwhm"": 0.031799115031979956}]",2.1220810942843182,0.6382747362010759,0.031799115031979956,,,,,,,,,,,,,,,
14.555935515388372,0.01814972626368502,1,EDS,Gold,"[{""position"": 2.1220810942843182, ""amplitude"": 0.6382747362010759, ""fwhm"": 0.031799115031979956}]",2.1220810942843182,0.6382747362010759,0.031799115031979956,,,,,,,,,,,,,,,
14.565657059110892,0.017016823620884754,1,EDS,Gold,"[{""position"": 2.1220810942843182, ""amplitude"": 0.6382747362010759, ""fwhm"": 0.031799115031979956}]",2.1220810942843182,0.6382747362010759,0.031799115031979956,,,,,,,,,,,,,,,
14.575378602833412,0.018212475424927533,1,EDS,Gold,"[{""position"": 2.1220810942843182, ""amplitude"": 0.6382747362010759, ""fwhm"": 0.031799115031979956}]",2.1220810942843182,0.6382747362010759,0.031799115031979956,,,,,,,,,,,,,,,
14.585100146555934,0.016461095314878865,1,EDS,Gold,"[{""position"": 2.1220810942843182, ""amplitude"": 0.6382747362010759, ""fwhm"": 0.031799115031979956}]",2.1220810942843182,0.6382747362010759,0.031799115031979956,,,,,,,,,,,,,,,
14.594821690278454,0.016540238839864135,1,EDS,Gold,"[{""position"": 2.1220810942843182, ""amplitude"": 0.6382747362010759, ""fwhm"": 0.031799115031979956}]",2.1220810942843182,0.6382747362010759,0.031799115031979956,,,,,,,,,,,,,,,
14.604543234000975,0.021907240351652646,1,EDS,Gold,"[{""position"": 2.1220810942843182, ""amplitude"": 0.6382747362010759, ""fwhm"": 0.031799115031979956}]",2.1220810942843182,0.6382747362010759,0.031799115031979956,,,,,,,,,,,,,,,
14.614264777723497,0.011851720933447813,1,EDS,Gold,"[{""position"": 2.1220810942843182, ""amplitude"": 0.6382747362010759, ""fwhm"": 0.031799115031979956}]",2.1220810942843182,0.6382747362010759,0.031799115031979956,,,,,,,,,,,,,,,
14.623986321446017,0.01160301435092483,1,EDS,Gold,"[{""position"": 2.1220810942843182, ""amplitude"": 0.6382747362010759, ""fwhm"": 0.031799115031979956}]",2.1220810942843182,0.6382747362010759,0.031799115031979956,,,,,,,,,,,,,,,
14.633707865168537,0.020924707191915942,1,EDS,Gold,"[{""position"": 2.1220810942843182, ""amplitude"": 0.6382747362010759, ""fwhm"": 0.031799115031979956}]",2.1220810942843182,0.6382747362010759,0.031799115031979956,,,,,,,,,,,,,,,
14.643429408891059,0.010562663967119341,1,EDS,Gold,"[{""position"": 2.1220810942843182, ""amplitude"": 0.6382747362010759, ""fwhm"": 0.031799115031979956}]",2.1220810942843182,0.6382747362010759,0.031799115031979956,,,,,,,,,,,,,,,
14.65315095261358,0.025083723348395433,1,EDS,Gold,"[{""position"": 2.1220810942843182, ""amplitude"": 0.6382747362010759, ""fwhm"": 0.031799115031979956}]",2.1220810942843182,0.6382747362010759,0.031799115031979956,,,,,,,,,,,,,,,
14.6628724963361,0.009896711965858285,1,EDS,Gold,"[{""position"": 2.1220810942843182, ""amplitude"": 0.6382747362010759, ""fwhm"": 0.031799115031979956}]",2.1220810942843182,0.6382747362010759,0.031799115031979956,,,,,,,,,,,,,,,
14.672594040058621,0.008993159261289872,1,EDS,Gold,"[{""position"": 2.1220810942843182, ""amplitude"": 0.6382747362010759, ""fwhm"": 0.031799115031979956}]",2.1220810942843182,0.6382747362010759,0.031799115031979956,,,,,,,,,,,,,,,
14.682315583781142,0.00859203144578991,1,EDS,Gold,"[{""position"": 2.1220810942843182, ""amplitude"": 0.6382747362010759, ""fwhm"": 0.031799115031979956}]",2.1220810942843182,0.6382747362010759,0.031799115031979956,,,,,,,,,,,,,,,
14.692037127503662,0.008702456400834122,1,EDS,Gold,"[{""position"": 2.1220810942843182, ""amplitude"": 0.6382747362010759, ""fwhm"": 0.031799115031979956}]",2.1220810942843182,0.6382747362010759,0.031799115031979956,,,,,,,,,,,,,,,
14.701758671226182,0.008348721859441932,1,EDS,Gold,"[{""position"": 2.1220810942843182, ""amplitude"": 0.6382747362010759, ""fwhm"": 0.031799115031979956}]",2.1220810942843182,0.6382747362010759,0.031799115031979956,,,,,,,,,,,,,,,
14.711480214948704,0.007940032615057446,1,EDS,Gold,"[{""position"": 2.1220810942843182, ""amplitude"": 0.6382747362010759, ""fwhm"": 0.031799115031979956}]",2.1220810942843182,0.6382747362010759,0.031799115031979956,,,,,,,,,,,,,,,
14.721201758671224,0.013208781930142029,1,EDS,Gold,"[{""position"": 2.1220810942843182, ""amplitude"": 0.6382747362010759, ""fwhm"": 0.031799115031979956}]",2.1220810942843182,0.6382747362010759,0.031799115031979956,,,,,,,,,,,,,,,
14.730923302393744,0.018056371232863102,1,EDS,Gold,"[{""position"": 2.1220810942843182, ""amplitude"": 0.6382747362010759, ""fwhm"": 0.031799115031979956}]",2.1220810942843182,0.6382747362010759,0.031799115031979956,,,,,,,,,,,,,,,
14.740644846116266,0.007371624880496045,1,EDS,Gold,"[{""position"": 2.1220810942843182, ""amplitude"": 0.6382747362010759, ""fwhm"": 0.031799115031979956}]",2.1220810942843182,0.6382747362010759,0.031799115031979956,,,,,,,,,,,,,,,
14.750366389838787,0.012753643886530427,1,EDS,Gold,"[{""position"": 2.1220810942843182, ""amplitude"": 0.6382747362010759, ""fwhm"": 0.031799115031979956}]",2.1220810942843182,0.6382747362010759,0.031799115031979956,,,,,,,,,,,,,,,
14.760087933561307,0.0112403254521476,1,EDS,Gold,"[{""position"": 2.1220810942843182, ""amplitude"": 0.6382747362010759, ""fwhm"": 0.031799115031979956}]",2.1220810942843182,0.6382747362010759,0.031799115031979956,,,,,,,,,,,,,,,
14.769809477283829,0.011413785881697603,1,EDS,Gold,"[{""position"": 2.1220810942843182, ""amplitude"": 0.6382747362010759, ""fwhm"": 0.031799115031979956}]",2.1220810942843182,0.6382747362010759,0.031799115031979956,,,,,,,,,,,,,,,
14.779531021006349,0.005891599523026434,1,EDS,Gold,"[{""position"": 2.1220810942843182, ""amplitude"": 0.6382747362010759, ""fwhm"": 0.031799115031979956}]",2.1220810942843182,0.6382747362010759,0.031799115031979956,,,,,,,,,,,,,,,
14.78925256472887,0.010073154691415443,1,EDS,Gold,"[{""position"": 2.1220810942843182, ""amplitude"": 0.6382747362010759, ""fwhm"": 0.031799115031979956}]",2.1220810942843182,0.6382747362010759,0.031799115031979956,,,,,,,,,,,,,,,
14.798974108451391,0.03064185397161151,1,EDS,Gold,"[{""position"": 2.1220810942843182, ""amplitude"": 0.6382747362010759, ""fwhm"": 0.031799115031979956}]",2.1220810942843182,0.6382747362010759,0.031799115031979956,,,,,,,,,,,,,,,
14.808695652173911,0.015348590929968663,1,EDS,Gold,"[{""position"": 2.1220810942843182, ""amplitude"": 0.6382747362010759, ""fwhm"": 0.031799115031979956}]",2.1220810942843182,0.6382747362010759,0.031799115031979956,,,,,,,,,,,,,,,
14.818417195896432,0.0058470094312595535,1,EDS,Gold,"[{""position"": 2.1220810942843182, ""amplitude"": 0.6382747362010759, ""fwhm"": 0.031799115031979956}]",2.1220810942843182,0.6382747362010759,0.031799115031979956,,,,,,,,,,,,,,,
14.828138739618952,0.020154876403719955,1,EDS,Gold,"[{""position"": 2.1220810942843182, ""amplitude"": 0.6382747362010759, ""fwhm"": 0.031799115031979956}]",2.1220810942843182,0.6382747362010759,0.031799115031979956,,,,,,,,,,,,,,,
14.837860283341474,0.00409753917487572,1,EDS,Gold,"[{""position"": 2.1220810942843182, ""amplitude"": 0.6382747362010759, ""fwhm"": 0.031799115031979956}]",2.1220810942843182,0.6382747362010759,0.031799115031979956,,,,,,,,,,,,,,,
14.847581827063994,0.005183767429586664,1,EDS,Gold,"[{""position"": 2.1220810942843182, ""amplitude"": 0.6382747362010759, ""fwhm"": 0.031799115031979956}]",2.1220810942843182,0.6382747362010759,0.031799115031979956,,,,,,,,,,,,,,,
14.857303370786514,0.014609666564830596,1,EDS,Gold,"[{""position"": 2.1220810942843182, ""amplitude"": 0.6382747362010759, ""fwhm"": 0.031799115031979956}]",2.1220810942843182,0.6382747362010759,0.031799115031979956,,,,,,,,,,,,,,,
14.867024914509036,0.004032792951598733,1,EDS,Gold,"[{""position"": 2.1220810942843182, ""amplitude"": 0.6382747362010759, ""fwhm"": 0.031799115031979956}]",2.1220810942843182,0.6382747362010759,0.031799115031979956,,,,,,,,,,,,,,,
14.876746458231557,0.008375708613871487,1,EDS,Gold,"[{""position"": 2.1220810942843182, ""amplitude"": 0.6382747362010759, ""fwhm"": 0.031799115031979956}]",2.1220810942843182,0.6382747362010759,0.031799115031979956,,,,,,,,,,,,,,,
14.886468001954077,0.012754390580865575,1,EDS,Gold,"[{""position"": 2.1220810942843182, ""amplitude"": 0.6382747362010759, ""fwhm"": 0.031799115031979956}]",2.1220810942843182,0.6382747362010759,0.031799115031979956,,,,,,,,,,,,,,,
14.896189545676599,0.007757329163496064,1,EDS,Gold,"[{""position"": 2.1220810942843182, ""amplitude"": 0.6382747362010759, ""fwhm"": 0.031799115031979956}]",2.1220810942843182,0.6382747362010759,0.031799115031979956,,,,,,,,,,,,,,,
14.905911089399119,0.008173413669502584,1,EDS,Gold,"[{""position"": 2.1220810942843182, ""amplitude"": 0.6382747362010759, ""fwhm"": 0.031799115031979956}]",2.1220810942843182,0.6382747362010759,0.031799115031979956,,,,,,,,,,,,,,,
14.91563263312164,0.008275003714951372,1,EDS,Gold,"[{""position"": 2.1220810942843182, ""amplitude"": 0.6382747362010759, ""fwhm"": 0.031799115031979956}]",2.1220810942843182,0.6382747362010759,0.031799115031979956,,,,,,,,,,,,,,,
14.925354176844161,0.012838884557045105,1,EDS,Gold,"[{""position"": 2.1220810942843182, ""amplitude"": 0.6382747362010759, ""fwhm"": 0.031799115031979956}]",2.1220810942843182,0.6382747362010759,0.031799115031979956,,,,,,,,,,,,,,,
14.935075720566681,0.001603300911406919,1,EDS,Gold,"[{""position"": 2.1220810942843182, ""amplitude"": 0.6382747362010759, ""fwhm"": 0.031799115031979956}]",2.1220810942843182,0.6382747362010759,0.031799115031979956,,,,,,,,,,,,,,,
14.944797264289202,0.0010303396750245475,1,EDS,Gold,"[{""position"": 2.1220810942843182, ""amplitude"": 0.6382747362010759, ""fwhm"": 0.031799115031979956}]",2.1220810942843182,0.6382747362010759,0.031799115031979956,,,,,,,,,,,,,,,
14.954518808011724,0.0013516720442830299,1,EDS,Gold,"[{""position"": 2.1220810942843182, ""amplitude"": 0.6382747362010759, ""fwhm"": 0.031799115031979956}]",2.1220810942843182,0.6382747362010759,0.031799115031979956,,,,,,,,,,,,,,,
14.964240351734244,0.005174157772089152,1,EDS,Gold,"[{""position"": 2.1220810942843182, ""amplitude"": 0.6382747362010759, ""fwhm"": 0.031799115031979956}]",2.1220810942843182,0.6382747362010759,0.031799115031979956,,,,,,,,,,,,,,,
14.973961895456764,0.01588848975681035,1,EDS,Gold,"[{""position"": 2.1220810942843182, ""amplitude"": 0.6382747362010759, ""fwhm"": 0.031799115031979956}]",2.1220810942843182,0.6382747362010759,0.031799115031979956,,,,,,,,,,,,,,,
14.983683439179284,0.005391208584310196,1,EDS,Gold,"[{""position"": 2.1220810942843182, ""amplitude"": 0.6382747362010759, ""fwhm"": 0.031799115031979956}]",2.1220810942843182,0.6382747362010759,0.031799115031979956,,,,,,,,,,,,,,,
14.993404982901806,0.01,1,EDS,Gold,"[{""position"": 2.1220810942843182, ""amplitude"": 0.6382747362010759, ""fwhm"": 0.031799115031979956}]",2.1220810942843182,0.6382747362010759,0.031799115031979956,,,,,,,,,,,,,,,
15.003126526624326,0.005,1,EDS,Gold,"[{""position"": 2.1220810942843182, ""amplitude"": 0.6382747362010759, ""fwhm"": 0.031799115031979956}]",2.1220810942843182,0.6382747362010759,0.031799115031979956,,,,,,,,,,,,,,,
15.012848070346847,0.005242855673527908,1,EDS,Gold,"[{""position"": 2.1220810942843182, ""amplitude"": 0.6382747362010759, ""fwhm"": 0.031799115031979956}]",2.1220810942843182,0.6382747362010759,0.031799115031979956,,,,,,,,,,,,,,,
15.022569614069369,0.005,1,EDS,Gold,"[{""position"": 2.1220810942843182, ""amplitude"": 0.6382747362010759, ""fwhm"": 0.031799115031979956}]",2.1220810942843182,0.6382747362010759,0.031799115031979956,,,,,,,,,,,,,,,
15.032291157791889,0.0,1,EDS,Gold,"[{""position"": 2.1220810942843182, ""amplitude"": 0.6382747362010759, ""fwhm"": 0.031799115031979956}]",2.1220810942843182,0.6382747362010759,0.031799115031979956,,,,,,,,,,,,,,,
15.042012701514409,0.015,1,EDS,Gold,"[{""position"": 2.1220810942843182, ""amplitude"": 0.6382747362010759, ""fwhm"": 0.031799115031979956}]",2.1220810942843182,0.6382747362010759,0.031799115031979956,,,,,,,,,,,,,,,
15.051734245236931,0.01,1,EDS,Gold,"[{""position"": 2.1220810942843182, ""amplitude"": 0.6382747362010759, ""fwhm"": 0.031799115031979956}]",2.1220810942843182,0.6382747362010759,0.031799115031979956,,,,,,,,,,,,,,,
15.061455788959451,0.005838008695217664,1,EDS,Gold,"[{""position"": 2.1220810942843182, ""amplitude"": 0.6382747362010759, ""fwhm"": 0.031799115031979956}]",2.1220810942843182,0.6382747362010759,0.031799115031979956,,,,,,,,,,,,,,,
15.071177332681971,0.010785525976908461,1,EDS,Gold,"[{""position"": 2.1220810942843182, ""amplitude"": 0.6382747362010759, ""fwhm"": 0.031799115031979956}]",2.1220810942843182,0.6382747362010759,0.031799115031979956,,,,,,,,,,,,,,,
15.080898876404493,0.0,1,EDS,Gold,"[{""position"": 2.1220810942843182, ""amplitude"": 0.6382747362010759, ""fwhm"": 0.031799115031979956}]",2.1220810942843182,0.6382747362010759,0.031799115031979956,,,,,,,,,,,,,,,
15.090620420127014,0.0,1,EDS,Gold,"[{""position"": 2.1220810942843182, ""amplitude"": 0.6382747362010759, ""fwhm"": 0.031799115031979956}]",2.1220810942843182,0.6382747362010759,0.031799115031979956,,,,,,,,,,,,,,,
15.100341963849534,0.00022165978206663517,1,EDS,Gold,"[{""position"": 2.1220810942843182, ""amplitude"": 0.6382747362010759, ""fwhm"": 0.031799115031979956}]",2.1220810942843182,0.6382747362010759,0.031799115031979956,,,,,,,,,,,,,,,
15.110063507572054,0.01,1,EDS,Gold,"[{""position"": 2.1220810942843182, ""amplitude"": 0.6382747362010759, ""fwhm"": 0.031799115031979956}]",2.1220810942843182,0.6382747362010759,0.031799115031979956,,,,,,,,,,,,,,,
15.119785051294576,0.00014270221940846633,1,EDS,Gold,"[{""position"": 2.1220810942843182, ""amplitude"": 0.6382747362010759, ""fwhm"": 0.031799115031979956}]",2.1220810942843182,0.6382747362010759,0.031799115031979956,,,,,,,,,,,,,,,
15.129506595017096,0.010362240855489984,1,EDS,Gold,"[{""position"": 2.1220810942843182, ""amplitude"": 0.6382747362010759, ""fwhm"": 0.031799115031979956}]",2.1220810942843182,0.6382747362010759,0.031799115031979956,,,,,,,,,,,,,,,
15.139228138739616,0.0005801550479619007,1,EDS,Gold,"[{""position"": 2.1220810942843182, ""amplitude"": 0.6382747362010759, ""fwhm"": 0.031799115031979956}]",2.1220810942843182,0.6382747362010759,0.031799115031979956,,,,,,,,,,,,,,,
15.148949682462138,0.005,1,EDS,Gold,"[{""position"": 2.1220810942843182, ""amplitude"": 0.6382747362010759, ""fwhm"": 0.031799115031979956}]",2.1220810942843182,0.6382747362010759,0.031799115031979956,,,,,,,,,,,,,,,
15.158671226184659,0.0,1,EDS,Gold,"[{""position"": 2.1220810942843182, ""amplitude"": 0.6382747362010759, ""fwhm"": 0.031799115031979956}]",2.1220810942843182,0.6382747362010759,0.031799115031979956,,,,,,,,,,,,,,,
15.168392769907179,0.01,1,EDS,Gold,"[{""position"": 2.1220810942843182, ""amplitude"": 0.6382747362010759, ""fwhm"": 0.031799115031979956}]",2.1220810942843182,0.6382747362010759,0.031799115031979956,,,,,,,,,,,,,,,
15.1781143136297,0.01,1,EDS,Gold,"[{""position"": 2.1220810942843182, ""amplitude"": 0.6382747362010759, ""fwhm"": 0.031799115031979956}]",2.1220810942843182,0.6382747362010759,0.031799115031979956,,,,,,,,,,,,,,,
15.187835857352221,0.0,1,EDS,Gold,"[{""position"": 2.1220810942843182, ""amplitude"": 0.6382747362010759, ""fwhm"": 0.031799115031979956}]",2.1220810942843182,0.6382747362010759,0.031799115031979956,,,,,,,,,,,,,,,
15.197557401074741,0.00017370868200288015,1,EDS,Gold,"[{""position"": 2.1220810942843182, ""amplitude"": 0.6382747362010759, ""fwhm"": 0.031799115031979956}]",2.1220810942843182,0.6382747362010759,0.031799115031979956,,,,,,,,,,,,,,,
15.207278944797263,0.00043198824706338186,1,EDS,Gold,"[{""position"": 2.1220810942843182, ""amplitude"": 0.6382747362010759, ""fwhm"": 0.031799115031979956}]",2.1220810942843182,0.6382747362010759,0.031799115031979956,,,,,,,,,,,,,,,
15.217000488519783,0.015,1,EDS,Gold,"[{""position"": 2.1220810942843182, ""amplitude"": 0.6382747362010759, ""fwhm"": 0.031799115031979956}]",2.1220810942843182,0.6382747362010759,0.031799115031979956,,,,,,,,,,,,,,,
15.226722032242304,0.0007058173920625284,1,EDS,Gold,"[{""position"": 2.1220810942843182, ""amplitude"": 0.6382747362010759, ""fwhm"": 0.031799115031979956}]",2.1220810942843182,0.6382747362010759,0.031799115031979956,,,,,,,,,,,,,,,
15.236443575964826,0.0,1,EDS,Gold,"[{""position"": 2.1220810942843182, ""amplitude"": 0.6382747362010759, ""fwhm"": 0.031799115031979956}]",2.1220810942843182,0.6382747362010759,0.031799115031979956,,,,,,,,,,,,,,,
15.246165119687346,0.01,1,EDS,Gold,"[{""position"": 2.1220810942843182, ""amplitude"": 0.6382747362010759, ""fwhm"": 0.031799115031979956}]",2.1220810942843182,0.6382747362010759,0.031799115031979956,,,,,,,,,,,,,,,
15.255886663409866,0.015,1,EDS,Gold,"[{""position"": 2.1220810942843182, ""amplitude"": 0.6382747362010759, ""fwhm"": 0.031799115031979956}]",2.1220810942843182,0.6382747362010759,0.031799115031979956,,,,,,,,,,,,,,,
15.265608207132386,0.01,1,EDS,Gold,"[{""position"": 2.1220810942843182, ""amplitude"": 0.6382747362010759, ""fwhm"": 0.031799115031979956}]",2.1220810942843182,0.6382747362010759,0.031799115031979956,,,,,,,,,,,,,,,
15.275329750854908,0.005418020630089893,1,EDS,Gold,"[{""position"": 2.1220810942843182, ""amplitude"": 0.6382747362010759, ""fwhm"": 0.031799115031979956}]",2.1220810942843182,0.6382747362010759,0.031799115031979956,,,,,,,,,,,,,,,
15.285051294577428,0.005348416440386819,1,EDS,Gold,"[{""position"": 2.1220810942843182, ""amplitude"": 0.6382747362010759, ""fwhm"": 0.031799115031979956}]",2.1220810942843182,0.6382747362010759,0.031799115031979956,,,,,,,,,,,,,,,
15.294772838299949,0.005,1,EDS,Gold,"[{""position"": 2.1220810942843182, ""amplitude"": 0.6382747362010759, ""fwhm"": 0.031799115031979956}]",2.1220810942843182,0.6382747362010759,0.031799115031979956,,,,,,,,,,,,,,,
15.30449438202247,0.005031676542788169,1,EDS,Gold,"[{""position"": 2.1220810942843182, ""amplitude"": 0.6382747362010759, ""fwhm"": 0.031799115031979956}]",2.1220810942843182,0.6382747362010759,0.031799115031979956,,,,,,,,,,,,,,,
15.31421592574499,0.00024396172160447735,1,EDS,Gold,"[{""position"": 2.1220810942843182, ""amplitude"": 0.6382747362010759, ""fwhm"": 0.031799115031979956}]",2.1220810942843182,0.6382747362010759,0.031799115031979956,,,,,,,,,,,,,,,
15.323937469467511,0.01,1,EDS,Gold,"[{""position"": 2.1220810942843182, ""amplitude"": 0.6382747362010759, ""fwhm"": 0.031799115031979956}]",2.1220810942843182,0.6382747362010759,0.031799115031979956,,,,,,,,,,,,,,,
15.333659013190033,0.0,1,EDS,Gold,"[{""position"": 2.1220810942843182, ""amplitude"": 0.6382747362010759, ""fwhm"": 0.031799115031979956}]",2.1220810942843182,0.6382747362010759,0.031799115031979956,,,,,,,,,,,,,,,
15.343380556912553,0.010375567842104416,1,EDS,Gold,"[{""position"": 2.1220810942843182, ""amplitude"": 0.6382747362010759, ""fwhm"": 0.031799115031979956}]",2.1220810942843182,0.6382747362010759,0.031799115031979956,,,,,,,,,,,,,,,
15.353102100635073,0.0,1,EDS,Gold,"[{""position"": 2.1220810942843182, ""amplitude"": 0.6382747362010759, ""fwhm"": 0.031799115031979956}]",2.1220810942843182,0.6382747362010759,0.031799115031979956,,,,,,,,,,,,,,,
15.362823644357595,0.005138808789998001,1,EDS,Gold,"[{""position"": 2.1220810942843182, ""amplitude"": 0.6382747362010759, ""fwhm"": 0.031799115031979956}]",2.1220810942843182,0.6382747362010759,0.031799115031979956,,,,,,,,,,,,,,,
15.372545188080116,0.0,1,EDS,Gold,"[{""position"": 2.1220810942843182, ""amplitude"": 0.6382747362010759, ""fwhm"": 0.031799115031979956}]",2.1220810942843182,0.6382747362010759,0.031799115031979956,,,,,,,,,,,,,,,
15.382266731802636,0.010220551292899952,1,EDS,Gold,"[{""position"": 2.1220810942843182, ""amplitude"": 0.6382747362010759, ""fwhm"": 0.031799115031979956}]",2.1220810942843182,0.6382747362010759,0.031799115031979956,,,,,,,,,,,,,,,
15.391988275525156,0.0,1,EDS,Gold,"[{""position"": 2.1220810942843182, ""amplitude"": 0.6382747362010759, ""fwhm"": 0.031799115031979956}]",2.1220810942843182,0.6382747362010759,0.031799115031979956,,,,,,,,,,,,,,,
15.401709819247678,0.005,1,EDS,Gold,"[{""position"": 2.1220810942843182, ""amplitude"": 0.6382747362010759, ""fwhm"": 0.031799115031979956}]",2.1220810942843182,0.6382747362010759,0.031799115031979956,,,,,,,,,,,,,,,
15.411431362970198,0.005550746693376633,1,EDS,Gold,"[{""position"": 2.1220810942843182, ""amplitude"": 0.6382747362010759, ""fwhm"": 0.031799115031979956}]",2.1220810942843182,0.6382747362010759,0.031799115031979956,,,,,,,,,,,,,,,
15.421152906692718,0.0,1,EDS,Gold,"[{""position"": 2.1220810942843182, ""amplitude"": 0.6382747362010759, ""fwhm"": 0.031799115031979956}]",2.1220810942843182,0.6382747362010759,0.031799115031979956,,,,,,,,,,,,,,,
15.43087445041524,0.0,1,EDS,Gold,"[{""position"": 2.1220810942843182, ""amplitude"": 0.6382747362010759, ""fwhm"": 0.031799115031979956}]",2.1220810942843182,0.6382747362010759,0.031799115031979956,,,,,,,,,,,,,,,
15.44059599413776,0.005094839091463196,1,EDS,Gold,"[{""position"": 2.1220810942843182, ""amplitude"": 0.6382747362010759, ""fwhm"": 0.031799115031979956}]",2.1220810942843182,0.6382747362010759,0.031799115031979956,,,,,,,,,,,,,,,
15.45031753786028,0.0055431328645897705,1,EDS,Gold,"[{""position"": 2.1220810942843182, ""amplitude"": 0.6382747362010759, ""fwhm"": 0.031799115031979956}]",2.1220810942843182,0.6382747362010759,0.031799115031979956,,,,,,,,,,,,,,,
15.460039081582803,0.005,1,EDS,Gold,"[{""position"": 2.1220810942843182, ""amplitude"": 0.6382747362010759, ""fwhm"": 0.031799115031979956}]",2.1220810942843182,0.6382747362010759,0.031799115031979956,,,,,,,,,,,,,,,
15.469760625305323,0.010029165300564236,1,EDS,Gold,"[{""position"": 2.1220810942843182, ""amplitude"": 0.6382747362010759, ""fwhm"": 0.031799115031979956}]",2.1220810942843182,0.6382747362010759,0.031799115031979956,,,,,,,,,,,,,,,
15.479482169027843,0.01520276576791077,1,EDS,Gold,"[{""position"": 2.1220810942843182, ""amplitude"": 0.6382747362010759, ""fwhm"": 0.031799115031979956}]",2.1220810942843182,0.6382747362010759,0.031799115031979956,,,,,,,,,,,,,,,
15.489203712750365,0.0003277348016963701,1,EDS,Gold,"[{""position"": 2.1220810942843182, ""amplitude"": 0.6382747362010759, ""fwhm"": 0.031799115031979956}]",2.1220810942843182,0.6382747362010759,0.031799115031979956,,,,,,,,,,,,,,,
15.498925256472885,8.343034239488749e-05,1,EDS,Gold,"[{""position"": 2.1220810942843182, ""amplitude"": 0.6382747362010759, ""fwhm"": 0.031799115031979956}]",2.1220810942843182,0.6382747362010759,0.031799115031979956,,,,,,,,,,,,,,,
15.508646800195406,0.0,1,EDS,Gold,"[{""position"": 2.1220810942843182, ""amplitude"": 0.6382747362010759, ""fwhm"": 0.031799115031979956}]",2.1220810942843182,0.6382747362010759,0.031799115031979956,,,,,,,,,,,,,,,
15.518368343917928,0.0,1,EDS,Gold,"[{""position"": 2.1220810942843182, ""amplitude"": 0.6382747362010759, ""fwhm"": 0.031799115031979956}]",2.1220810942843182,0.6382747362010759,0.031799115031979956,,,,,,,,,,,,,,,
15.528089887640448,4.073311214295263e-05,1,EDS,Gold,"[{""position"": 2.1220810942843182, ""amplitude"": 0.6382747362010759, ""fwhm"": 0.031799115031979956}]",2.1220810942843182,0.6382747362010759,0.031799115031979956,,,,,,,,,,,,,,,
15.537811431362968,0.0,1,EDS,Gold,"[{""position"": 2.1220810942843182, ""amplitude"": 0.6382747362010759, ""fwhm"": 0.031799115031979956}]",2.1220810942843182,0.6382747362010759,0.031799115031979956,,,,,,,,,,,,,,,
15.547532975085488,0.005,1,EDS,Gold,"[{""position"": 2.1220810942843182, ""amplitude"": 0.6382747362010759, ""fwhm"": 0.031799115031979956}]",2.1220810942843182,0.6382747362010759,0.031799115031979956,,,,,,,,,,,,,,,
15.55725451880801,0.00020642718706198455,1,EDS,Gold,"[{""position"": 2.1220810942843182, ""amplitude"": 0.6382747362010759, ""fwhm"": 0.031799115031979956}]",2.1220810942843182,0.6382747362010759,0.031799115031979956,,,,,,,,,,,,,,,
15.56697606253053,0.0004274253487280613,1,EDS,Gold,"[{""position"": 2.1220810942843182, ""amplitude"": 0.6382747362010759, ""fwhm"": 0.031799115031979956}]",2.1220810942843182,0.6382747362010759,0.031799115031979956,,,,,,,,,,,,,,,
15.57669760625305,0.005,1,EDS,Gold,"[{""position"": 2.1220810942843182, ""amplitude"": 0.6382747362010759, ""fwhm"": 0.031799115031979956}]",2.1220810942843182,0.6382747362010759,0.031799115031979956,,,,,,,,,,,,,,,
15.586419149975573,0.0,1,EDS,Gold,"[{""position"": 2.1220810942843182, ""amplitude"": 0.6382747362010759, ""fwhm"": 0.031799115031979956}]",2.1220810942843182,0.6382747362010759,0.031799115031979956,,,,,,,,,,,,,,,
15.596140693698093,0.0002927669273247723,1,EDS,Gold,"[{""position"": 2.1220810942843182, ""amplitude"": 0.6382747362010759, ""fwhm"": 0.031799115031979956}]",2.1220810942843182,0.6382747362010759,0.031799115031979956,,,,,,,,,,,,,,,
15.605862237420613,0.010972886184574083,1,EDS,Gold,"[{""position"": 2.1220810942843182, ""amplitude"": 0.6382747362010759, ""fwhm"": 0.031799115031979956}]",2.1220810942843182,0.6382747362010759,0.031799115031979956,,,,,,,,,,,,,,,
15.615583781143135,0.005009832299133233,1,EDS,Gold,"[{""position"": 2.1220810942843182, ""amplitude"": 0.6382747362010759, ""fwhm"": 0.031799115031979956}]",2.1220810942843182,0.6382747362010759,0.031799115031979956,,,,,,,,,,,,,,,
15.625305324865655,0.01,1,EDS,Gold,"[{""position"": 2.1220810942843182, ""amplitude"": 0.6382747362010759, ""fwhm"": 0.031799115031979956}]",2.1220810942843182,0.6382747362010759,0.031799115031979956,,,,,,,,,,,,,,,
15.635026868588175,0.0,1,EDS,Gold,"[{""position"": 2.1220810942843182, ""amplitude"": 0.6382747362010759, ""fwhm"": 0.031799115031979956}]",2.1220810942843182,0.6382747362010759,0.031799115031979956,,,,,,,,,,,,,,,
15.644748412310697,0.0006501099484186876,1,EDS,Gold,"[{""position"": 2.1220810942843182, ""amplitude"": 0.6382747362010759, ""fwhm"": 0.031799115031979956}]",2.1220810942843182,0.6382747362010759,0.031799115031979956,,,,,,,,,,,,,,,
15.654469956033218,0.01,1,EDS,Gold,"[{""position"": 2.1220810942843182, ""amplitude"": 0.6382747362010759, ""fwhm"": 0.031799115031979956}]",2.1220810942843182,0.6382747362010759,0.031799115031979956,,,,,,,,,,,,,,,
15.664191499755738,0.01,1,EDS,Gold,"[{""position"": 2.1220810942843182, ""amplitude"": 0.6382747362010759, ""fwhm"": 0.031799115031979956}]",2.1220810942843182,0.6382747362010759,0.031799115031979956,,,,,,,,,,,,,,,
15.673913043478258,0.02,1,EDS,Gold,"[{""position"": 2.1220810942843182, ""amplitude"": 0.6382747362010759, ""fwhm"": 0.031799115031979956}]",2.1220810942843182,0.6382747362010759,0.031799115031979956,,,,,,,,,,,,,,,
15.68363458720078,0.0,1,EDS,Gold,"[{""position"": 2.1220810942843182, ""amplitude"": 0.6382747362010759, ""fwhm"": 0.031799115031979956}]",2.1220810942843182,0.6382747362010759,0.031799115031979956,,,,,,,,,,,,,,,
15.6933561309233,0.005058004626229091,1,EDS,Gold,"[{""position"": 2.1220810942843182, ""amplitude"": 0.6382747362010759, ""fwhm"": 0.031799115031979956}]",2.1220810942843182,0.6382747362010759,0.031799115031979956,,,,,,,,,,,,,,,
15.70307767464582,0.010768228776144832,1,EDS,Gold,"[{""position"": 2.1220810942843182, ""amplitude"": 0.6382747362010759, ""fwhm"": 0.031799115031979956}]",2.1220810942843182,0.6382747362010759,0.031799115031979956,,,,,,,,,,,,,,,
15.712799218368342,0.005152767948199111,1,EDS,Gold,"[{""position"": 2.1220810942843182, ""amplitude"": 0.6382747362010759, ""fwhm"": 0.031799115031979956}]",2.1220810942843182,0.6382747362010759,0.031799115031979956,,,,,,,,,,,,,,,
15.722520762090863,0.005,1,EDS,Gold,"[{""position"": 2.1220810942843182, ""amplitude"": 0.6382747362010759, ""fwhm"": 0.031799115031979956}]",2.1220810942843182,0.6382747362010759,0.031799115031979956,,,,,,,,,,,,,,,
15.732242305813383,0.015,1,EDS,Gold,"[{""position"": 2.1220810942843182, ""amplitude"": 0.6382747362010759, ""fwhm"": 0.031799115031979956}]",2.1220810942843182,0.6382747362010759,0.031799115031979956,,,,,,,,,,,,,,,
15.741963849535905,0.01,1,EDS,Gold,"[{""position"": 2.1220810942843182, ""amplitude"": 0.6382747362010759, ""fwhm"": 0.031799115031979956}]",2.1220810942843182,0.6382747362010759,0.031799115031979956,,,,,,,,,,,,,,,
15.751685393258425,0.0004175782227939277,1,EDS,Gold,"[{""position"": 2.1220810942843182, ""amplitude"": 0.6382747362010759, ""fwhm"": 0.031799115031979956}]",2.1220810942843182,0.6382747362010759,0.031799115031979956,,,,,,,,,,,,,,,
15.761406936980945,0.0,1,EDS,Gold,"[{""position"": 2.1220810942843182, ""amplitude"": 0.6382747362010759, ""fwhm"": 0.031799115031979956}]",2.1220810942843182,0.6382747362010759,0.031799115031979956,,,,,,,,,,,,,,,
15.771128480703467,0.015,1,EDS,Gold,"[{""position"": 2.1220810942843182, ""amplitude"": 0.6382747362010759, ""fwhm"": 0.031799115031979956}]",2.1220810942843182,0.6382747362010759,0.031799115031979956,,,,,,,,,,,,,,,
15.780850024425987,0.006509860062559707,1,EDS,Gold,"[{""position"": 2.1220810942843182, ""amplitude"": 0.6382747362010759, ""fwhm"": 0.031799115031979956}]",2.1220810942843182,0.6382747362010759,0.031799115031979956,,,,,,,,,,,,,,,
15.790571568148508,0.005141265233109374,1,EDS,Gold,"[{""position"": 2.1220810942843182, ""amplitude"": 0.6382747362010759, ""fwhm"": 0.031799115031979956}]",2.1220810942843182,0.6382747362010759,0.031799115031979956,,,,,,,,,,,,,,,
15.80029311187103,0.0,1,EDS,Gold,"[{""position"": 2.1220810942843182, ""amplitude"": 0.6382747362010759, ""fwhm"": 0.031799115031979956}]",2.1220810942843182,0.6382747362010759,0.031799115031979956,,,,,,,,,,,,,,,
15.81001465559355,0.005,1,EDS,Gold,"[{""position"": 2.1220810942843182, ""amplitude"": 0.6382747362010759, ""fwhm"": 0.031799115031979956}]",2.1220810942843182,0.6382747362010759,0.031799115031979956,,,,,,,,,,,,,,,
15.81973619931607,0.005543042247557157,1,EDS,Gold,"[{""position"": 2.1220810942843182, ""amplitude"": 0.6382747362010759, ""fwhm"": 0.031799115031979956}]",2.1220810942843182,0.6382747362010759,0.031799115031979956,,,,,,,,,,,,,,,
15.82945774303859,0.00505355988343861,1,EDS,Gold,"[{""position"": 2.1220810942843182, ""amplitude"": 0.6382747362010759, ""fwhm"": 0.031799115031979956}]",2.1220810942843182,0.6382747362010759,0.031799115031979956,,,,,,,,,,,,,,,
15.839179286761112,0.0,1,EDS,Gold,"[{""position"": 2.1220810942843182, ""amplitude"": 0.6382747362010759, ""fwhm"": 0.031799115031979956}]",2.1220810942843182,0.6382747362010759,0.031799115031979956,,,,,,,,,,,,,,,
15.848900830483633,0.005434657156758786,1,EDS,Gold,"[{""position"": 2.1220810942843182, ""amplitude"": 0.6382747362010759, ""fwhm"": 0.031799115031979956}]",2.1220810942843182,0.6382747362010759,0.031799115031979956,,,,,,,,,,,,,,,
15.858622374206153,0.01,1,EDS,Gold,"[{""position"": 2.1220810942843182, ""amplitude"": 0.6382747362010759, ""fwhm"": 0.031799115031979956}]",2.1220810942843182,0.6382747362010759,0.031799115031979956,,,,,,,,,,,,,,,
15.868343917928675,0.0008857883542901687,1,EDS,Gold,"[{""position"": 2.1220810942843182, ""amplitude"": 0.6382747362010759, ""fwhm"": 0.031799115031979956}]",2.1220810942843182,0.6382747362010759,0.031799115031979956,,,,,,,,,,,,,,,
15.878065461651195,0.015510700440063169,1,EDS,Gold,"[{""position"": 2.1220810942843182, ""amplitude"": 0.6382747362010759, ""fwhm"": 0.031799115031979956}]",2.1220810942843182,0.6382747362010759,0.031799115031979956,,,,,,,,,,,,,,,
15.887787005373715,0.005,1,EDS,Gold,"[{""position"": 2.1220810942843182, ""amplitude"": 0.6382747362010759, ""fwhm"": 0.031799115031979956}]",2.1220810942843182,0.6382747362010759,0.031799115031979956,,,,,,,,,,,,,,,
15.897508549096237,0.01060572824528264,1,EDS,Gold,"[{""position"": 2.1220810942843182, ""amplitude"": 0.6382747362010759, ""fwhm"": 0.031799115031979956}]",2.1220810942843182,0.6382747362010759,0.031799115031979956,,,,,,,,,,,,,,,
15.907230092818757,3.208546007082205e-05,1,EDS,Gold,"[{""position"": 2.1220810942843182, ""amplitude"": 0.6382747362010759, ""fwhm"": 0.031799115031979956}]",2.1220810942843182,0.6382747362010759,0.031799115031979956,,,,,,,,,,,,,,,
15.916951636541278,0.00040323380503536576,1,EDS,Gold,"[{""position"": 2.1220810942843182, ""amplitude"": 0.6382747362010759, ""fwhm"": 0.031799115031979956}]",2.1220810942843182,0.6382747362010759,0.031799115031979956,,,,,,,,,,,,,,,
15.9266731802638,0.000229205783486633,1,EDS,Gold,"[{""position"": 2.1220810942843182, ""amplitude"": 0.6382747362010759, ""fwhm"": 0.031799115031979956}]",2.1220810942843182,0.6382747362010759,0.031799115031979956,,,,,,,,,,,,,,,
15.93639472398632,0.005,1,EDS,Gold,"[{""position"": 2.1220810942843182, ""amplitude"": 0.6382747362010759, ""fwhm"": 0.031799115031979956}]",2.1220810942843182,0.6382747362010759,0.031799115031979956,,,,,,,,,,,,,,,
15.94611626770884,0.0,1,EDS,Gold,"[{""position"": 2.1220810942843182, ""amplitude"": 0.6382747362010759, ""fwhm"": 0.031799115031979956}]",2.1220810942843182,0.6382747362010759,0.031799115031979956,,,,,,,,,,,,,,,
15.955837811431362,0.00048701669813044457,1,EDS,Gold,"[{""position"": 2.1220810942843182, ""amplitude"": 0.6382747362010759, ""fwhm"": 0.031799115031979956}]",2.1220810942843182,0.6382747362010759,0.031799115031979956,,,,,,,,,,,,,,,
15.965559355153882,0.01,1,EDS,Gold,"[{""position"": 2.1220810942843182, ""amplitude"": 0.6382747362010759, ""fwhm"": 0.031799115031979956}]",2.1220810942843182,0.6382747362010759,0.031799115031979956,,,,,,,,,,,,,,,
15.975280898876402,0.0,1,EDS,Gold,"[{""position"": 2.1220810942843182, ""amplitude"": 0.6382747362010759, ""fwhm"": 0.031799115031979956}]",2.1220810942843182,0.6382747362010759,0.031799115031979956,,,,,,,,,,,,,,,
15.985002442598923,0.01,1,EDS,Gold,"[{""position"": 2.1220810942843182, ""amplitude"": 0.6382747362010759, ""fwhm"": 0.031799115031979956}]",2.1220810942843182,0.6382747362010759,0.031799115031979956,,,,,,,,,,,,,,,
15.994723986321445,0.0002002987052856625,1,EDS,Gold,"[{""position"": 2.1220810942843182, ""amplitude"": 0.6382747362010759, ""fwhm"": 0.031799115031979956}]",2.1220810942843182,0.6382747362010759,0.031799115031979956,,,,,,,,,,,,,,,
16.004445530043967,0.0009752643584447858,1,EDS,Gold,"[{""position"": 2.1220810942843182, ""amplitude"": 0.6382747362010759, ""fwhm"": 0.031799115031979956}]",2.1220810942843182,0.6382747362010759,0.031799115031979956,,,,,,,,,,,,,,,
16.014167073766487,0.0,1,EDS,Gold,"[{""position"": 2.1220810942843182, ""amplitude"": 0.6382747362010759, ""fwhm"": 0.031799115031979956}]",2.1220810942843182,0.6382747362010759,0.031799115031979956,,,,,,,,,,,,,,,
16.023888617489007,0.01001145216363374,1,EDS,Gold,"[{""position"": 2.1220810942843182, ""amplitude"": 0.6382747362010759, ""fwhm"": 0.031799115031979956}]",2.1220810942843182,0.6382747362010759,0.031799115031979956,,,,,,,,,,,,,,,
16.033610161211527,0.01066776811330123,1,EDS,Gold,"[{""position"": 2.1220810942843182, ""amplitude"": 0.6382747362010759, ""fwhm"": 0.031799115031979956}]",2.1220810942843182,0.6382747362010759,0.031799115031979956,,,,,,,,,,,,,,,
16.043331704934047,0.005,1,EDS,Gold,"[{""position"": 2.1220810942843182, ""amplitude"": 0.6382747362010759, ""fwhm"": 0.031799115031979956}]",2.1220810942843182,0.6382747362010759,0.031799115031979956,,,,,,,,,,,,,,,
16.05305324865657,0.00021390388330915617,1,EDS,Gold,"[{""position"": 2.1220810942843182, ""amplitude"": 0.6382747362010759, ""fwhm"": 0.031799115031979956}]",2.1220810942843182,0.6382747362010759,0.031799115031979956,,,,,,,,,,,,,,,
16.06277479237909,0.005,1,EDS,Gold,"[{""position"": 2.1220810942843182, ""amplitude"": 0.6382747362010759, ""fwhm"": 0.031799115031979956}]",2.1220810942843182,0.6382747362010759,0.031799115031979956,,,,,,,,,,,,,,,
16.07249633610161,0.00020252489677984007,1,EDS,Gold,"[{""position"": 2.1220810942843182, ""amplitude"": 0.6382747362010759, ""fwhm"": 0.031799115031979956}]",2.1220810942843182,0.6382747362010759,0.031799115031979956,,,,,,,,,,,,,,,
16.08221787982413,0.01,1,EDS,Gold,"[{""position"": 2.1220810942843182, ""amplitude"": 0.6382747362010759, ""fwhm"": 0.031799115031979956}]",2.1220810942843182,0.6382747362010759,0.031799115031979956,,,,,,,,,,,,,,,
16.091939423546652,0.005466102165780996,1,EDS,Gold,"[{""position"": 2.1220810942843182, ""amplitude"": 0.6382747362010759, ""fwhm"": 0.031799115031979956}]",2.1220810942843182,0.6382747362010759,0.031799115031979956,,,,,,,,,,,,,,,
16.101660967269176,0.015561455178069084,1,EDS,Gold,"[{""position"": 2.1220810942843182, ""amplitude"": 0.6382747362010759, ""fwhm"": 0.031799115031979956}]",2.1220810942843182,0.6382747362010759,0.031799115031979956,,,,,,,,,,,,,,,
16.111382510991696,0.011224474478064477,1,EDS,Gold,"[{""position"": 2.1220810942843182, ""amplitude"": 0.6382747362010759, ""fwhm"": 0.031799115031979956}]",2.1220810942843182,0.6382747362010759,0.031799115031979956,,,,,,,,,,,,,,,
16.121104054714216,0.0002740793914940391,1,EDS,Gold,"[{""position"": 2.1220810942843182, ""amplitude"": 0.6382747362010759, ""fwhm"": 0.031799115031979956}]",2.1220810942843182,0.6382747362010759,0.031799115031979956,,,,,,,,,,,,,,,
16.130825598436736,0.0001540527014780391,1,EDS,Gold,"[{""position"": 2.1220810942843182, ""amplitude"": 0.6382747362010759, ""fwhm"": 0.031799115031979956}]",2.1220810942843182,0.6382747362010759,0.031799115031979956,,,,,,,,,,,,,,,
16.140547142159257,9.191456520153191e-05,1,EDS,Gold,"[{""position"": 2.1220810942843182, ""amplitude"": 0.6382747362010759, ""fwhm"": 0.031799115031979956}]",2.1220810942843182,0.6382747362010759,0.031799115031979956,,,,,,,,,,,,,,,
16.150268685881777,0.005,1,EDS,Gold,"[{""position"": 2.1220810942843182, ""amplitude"": 0.6382747362010759, ""fwhm"": 0.031799115031979956}]",2.1220810942843182,0.6382747362010759,0.031799115031979956,,,,,,,,,,,,,,,
16.1599902296043,0.00016005199518206436,1,EDS,Gold,"[{""position"": 2.1220810942843182, ""amplitude"": 0.6382747362010759, ""fwhm"": 0.031799115031979956}]",2.1220810942843182,0.6382747362010759,0.031799115031979956,,,,,,,,,,,,,,,
16.16971177332682,0.005,1,EDS,Gold,"[{""position"": 2.1220810942843182, ""amplitude"": 0.6382747362010759, ""fwhm"": 0.031799115031979956}]",2.1220810942843182,0.6382747362010759,0.031799115031979956,,,,,,,,,,,,,,,
16.17943331704934,0.005079656727737795,1,EDS,Gold,"[{""position"": 2.1220810942843182, ""amplitude"": 0.6382747362010759, ""fwhm"": 0.031799115031979956}]",2.1220810942843182,0.6382747362010759,0.031799115031979956,,,,,,,,,,,,,,,
16.18915486077186,0.015623025643600304,1,EDS,Gold,"[{""position"": 2.1220810942843182, ""amplitude"": 0.6382747362010759, ""fwhm"": 0.031799115031979956}]",2.1220810942843182,0.6382747362010759,0.031799115031979956,,,,,,,,,,,,,,,
16.19887640449438,0.005,1,EDS,Gold,"[{""position"": 2.1220810942843182, ""amplitude"": 0.6382747362010759, ""fwhm"": 0.031799115031979956}]",2.1220810942843182,0.6382747362010759,0.031799115031979956,,,,,,,,,,,,,,,
16.2085979482169,0.0005389912738763042,1,EDS,Gold,"[{""position"": 2.1220810942843182, ""amplitude"": 0.6382747362010759, ""fwhm"": 0.031799115031979956}]",2.1220810942843182,0.6382747362010759,0.031799115031979956,,,,,,,,,,,,,,,
16.218319491939422,0.0006227975086083043,1,EDS,Gold,"[{""position"": 2.1220810942843182, ""amplitude"": 0.6382747362010759, ""fwhm"": 0.031799115031979956}]",2.1220810942843182,0.6382747362010759,0.031799115031979956,,,,,,,,,,,,,,,
16.228041035661946,0.005,1,EDS,Gold,"[{""position"": 2.1220810942843182, ""amplitude"": 0.6382747362010759, ""fwhm"": 0.031799115031979956}]",2.1220810942843182,0.6382747362010759,0.031799115031979956,,,,,,,,,,,,,,,
16.237762579384466,0.005,1,EDS,Gold,"[{""position"": 2.1220810942843182, ""amplitude"": 0.6382747362010759, ""fwhm"": 0.031799115031979956}]",2.1220810942843182,0.6382747362010759,0.031799115031979956,,,,,,,,,,,,,,,
16.247484123106986,0.005,1,EDS,Gold,"[{""position"": 2.1220810942843182, ""amplitude"": 0.6382747362010759, ""fwhm"": 0.031799115031979956}]",2.1220810942843182,0.6382747362010759,0.031799115031979956,,,,,,,,,,,,,,,
16.257205666829506,0.005613283525719763,1,EDS,Gold,"[{""position"": 2.1220810942843182, ""amplitude"": 0.6382747362010759, ""fwhm"": 0.031799115031979956}]",2.1220810942843182,0.6382747362010759,0.031799115031979956,,,,,,,,,,,,,,,
16.266927210552026,0.0,1,EDS,Gold,"[{""position"": 2.1220810942843182, ""amplitude"": 0.6382747362010759, ""fwhm"": 0.031799115031979956}]",2.1220810942843182,0.6382747362010759,0.031799115031979956,,,,,,,,,,,,,,,
16.276648754274547,0.01,1,EDS,Gold,"[{""position"": 2.1220810942843182, ""amplitude"": 0.6382747362010759, ""fwhm"": 0.031799115031979956}]",2.1220810942843182,0.6382747362010759,0.031799115031979956,,,,,,,,,,,,,,,
16.28637029799707,0.0,1,EDS,Gold,"[{""position"": 2.1220810942843182, ""amplitude"": 0.6382747362010759, ""fwhm"": 0.031799115031979956}]",2.1220810942843182,0.6382747362010759,0.031799115031979956,,,,,,,,,,,,,,,
16.29609184171959,0.010397486955525193,1,EDS,Gold,"[{""position"": 2.1220810942843182, ""amplitude"": 0.6382747362010759, ""fwhm"": 0.031799115031979956}]",2.1220810942843182,0.6382747362010759,0.031799115031979956,,,,,,,,,,,,,,,
16.30581338544211,0.000258522822031072,1,EDS,Gold,"[{""position"": 2.1220810942843182, ""amplitude"": 0.6382747362010759, ""fwhm"": 0.031799115031979956}]",2.1220810942843182,0.6382747362010759,0.031799115031979956,,,,,,,,,,,,,,,
16.31553492916463,0.01,1,EDS,Gold,"[{""position"": 2.1220810942843182, ""amplitude"": 0.6382747362010759, ""fwhm"": 0.031799115031979956}]",2.1220810942843182,0.6382747362010759,0.031799115031979956,,,,,,,,,,,,,,,
16.32525647288715,0.005,1,EDS,Gold,"[{""position"": 2.1220810942843182, ""amplitude"": 0.6382747362010759, ""fwhm"": 0.031799115031979956}]",2.1220810942843182,0.6382747362010759,0.031799115031979956,,,,,,,,,,,,,,,
16.33497801660967,0.005,1,EDS,Gold,"[{""position"": 2.1220810942843182, ""amplitude"": 0.6382747362010759, ""fwhm"": 0.031799115031979956}]",2.1220810942843182,0.6382747362010759,0.031799115031979956,,,,,,,,,,,,,,,
16.34469956033219,0.01,1,EDS,Gold,"[{""position"": 2.1220810942843182, ""amplitude"": 0.6382747362010759, ""fwhm"": 0.031799115031979956}]",2.1220810942843182,0.6382747362010759,0.031799115031979956,,,,,,,,,,,,,,,
16.354421104054715,0.015763829964302117,1,EDS,Gold,"[{""position"": 2.1220810942843182, ""amplitude"": 0.6382747362010759, ""fwhm"": 0.031799115031979956}]",2.1220810942843182,0.6382747362010759,0.031799115031979956,,,,,,,,,,,,,,,
16.364142647777236,0.01,1,EDS,Gold,"[{""position"": 2.1220810942843182, ""amplitude"": 0.6382747362010759, ""fwhm"": 0.031799115031979956}]",2.1220810942843182,0.6382747362010759,0.031799115031979956,,,,,,,,,,,,,,,
16.373864191499756,0.0005755330822252938,1,EDS,Gold,"[{""position"": 2.1220810942843182, ""amplitude"": 0.6382747362010759, ""fwhm"": 0.031799115031979956}]",2.1220810942843182,0.6382747362010759,0.031799115031979956,,,,,,,,,,,,,,,
16.383585735222276,0.00571935388975293,1,EDS,Gold,"[{""position"": 2.1220810942843182, ""amplitude"": 0.6382747362010759, ""fwhm"": 0.031799115031979956}]",2.1220810942843182,0.6382747362010759,0.031799115031979956,,,,,,,,,,,,,,,
16.393307278944796,0.005472051042160491,1,EDS,Gold,"[{""position"": 2.1220810942843182, ""amplitude"": 0.6382747362010759, ""fwhm"": 0.031799115031979956}]",2.1220810942843182,0.6382747362010759,0.031799115031979956,,,,,,,,,,,,,,,
16.403028822667316,0.01,1,EDS,Gold,"[{""position"": 2.1220810942843182, ""amplitude"": 0.6382747362010759, ""fwhm"": 0.031799115031979956}]",2.1220810942843182,0.6382747362010759,0.031799115031979956,,,,,,,,,,,,,,,
16.41275036638984,0.005190903665630122,1,EDS,Gold,"[{""position"": 2.1220810942843182, ""amplitude"": 0.6382747362010759, ""fwhm"": 0.031799115031979956}]",2.1220810942843182,0.6382747362010759,0.031799115031979956,,,,,,,,,,,,,,,
16.42247191011236,0.005,1,EDS,Gold,"[{""position"": 2.1220810942843182, ""amplitude"": 0.6382747362010759, ""fwhm"": 0.031799115031979956}]",2.1220810942843182,0.6382747362010759,0.031799115031979956,,,,,,,,,,,,,,,
16.43219345383488,0.005,1,EDS,Gold,"[{""position"": 2.1220810942843182, ""amplitude"": 0.6382747362010759, ""fwhm"": 0.031799115031979956}]",2.1220810942843182,0.6382747362010759,0.031799115031979956,,,,,,,,,,,,,,,
16.4419149975574,0.005153373199927161,1,EDS,Gold,"[{""position"": 2.1220810942843182, ""amplitude"": 0.6382747362010759, ""fwhm"": 0.031799115031979956}]",2.1220810942843182,0.6382747362010759,0.031799115031979956,,,,,,,,,,,,,,,
16.45163654127992,0.0,1,EDS,Gold,"[{""position"": 2.1220810942843182, ""amplitude"": 0.6382747362010759, ""fwhm"": 0.031799115031979956}]",2.1220810942843182,0.6382747362010759,0.031799115031979956,,,,,,,,,,,,,,,
16.46135808500244,0.010561593882342575,1,EDS,Gold,"[{""position"": 2.1220810942843182, ""amplitude"": 0.6382747362010759, ""fwhm"": 0.031799115031979956}]",2.1220810942843182,0.6382747362010759,0.031799115031979956,,,,,,,,,,,,,,,
16.47107962872496,0.005,1,EDS,Gold,"[{""position"": 2.1220810942843182, ""amplitude"": 0.6382747362010759, ""fwhm"": 0.031799115031979956}]",2.1220810942843182,0.6382747362010759,0.031799115031979956,,,,,,,,,,,,,,,
16.480801172447485,9.511828967467179e-05,1,EDS,Gold,"[{""position"": 2.1220810942843182, ""amplitude"": 0.6382747362010759, ""fwhm"": 0.031799115031979956}]",2.1220810942843182,0.6382747362010759,0.031799115031979956,,,,,,,,,,,,,,,
16.490522716170005,0.010133952594570358,1,EDS,Gold,"[{""position"": 2.1220810942843182, ""amplitude"": 0.6382747362010759, ""fwhm"": 0.031799115031979956}]",2.1220810942843182,0.6382747362010759,0.031799115031979956,,,,,,,,,,,,,,,
16.500244259892526,0.005,1,EDS,Gold,"[{""position"": 2.1220810942843182, ""amplitude"": 0.6382747362010759, ""fwhm"": 0.031799115031979956}]",2.1220810942843182,0.6382747362010759,0.031799115031979956,,,,,,,,,,,,,,,
16.509965803615046,0.005277418007686076,1,EDS,Gold,"[{""position"": 2.1220810942843182, ""amplitude"": 0.6382747362010759, ""fwhm"": 0.031799115031979956}]",2.1220810942843182,0.6382747362010759,0.031799115031979956,,,,,,,,,,,,,,,
16.519687347337566,0.005,1,EDS,Gold,"[{""position"": 2.1220810942843182, ""amplitude"": 0.6382747362010759, ""fwhm"": 0.031799115031979956}]",2.1220810942843182,0.6382747362010759,0.031799115031979956,,,,,,,,,,,,,,,
16.529408891060086,0.015411992694920327,1,EDS,Gold,"[{""position"": 2.1220810942843182, ""amplitude"": 0.6382747362010759, ""fwhm"": 0.031799115031979956}]",2.1220810942843182,0.6382747362010759,0.031799115031979956,,,,,,,,,,,,,,,
16.53913043478261,0.005,1,EDS,Gold,"[{""position"": 2.1220810942843182, ""amplitude"": 0.6382747362010759, ""fwhm"": 0.031799115031979956}]",2.1220810942843182,0.6382747362010759,0.031799115031979956,,,,,,,,,,,,,,,
16.54885197850513,5.9758550511031725e-05,1,EDS,Gold,"[{""position"": 2.1220810942843182, ""amplitude"": 0.6382747362010759, ""fwhm"": 0.031799115031979956}]",2.1220810942843182,0.6382747362010759,0.031799115031979956,,,,,,,,,,,,,,,
16.55857352222765,0.0009168220605210774,1,EDS,Gold,"[{""position"": 2.1220810942843182, ""amplitude"": 0.6382747362010759, ""fwhm"": 0.031799115031979956}]",2.1220810942843182,0.6382747362010759,0.031799115031979956,,,,,,,,,,,,,,,
16.56829506595017,0.01,1,EDS,Gold,"[{""position"": 2.1220810942843182, ""amplitude"": 0.6382747362010759, ""fwhm"": 0.031799115031979956}]",2.1220810942843182,0.6382747362010759,0.031799115031979956,,,,,,,,,,,,,,,
16.57801660967269,0.005,1,EDS,Gold,"[{""position"": 2.1220810942843182, ""amplitude"": 0.6382747362010759, ""fwhm"": 0.031799115031979956}]",2.1220810942843182,0.6382747362010759,0.031799115031979956,,,,,,,,,,,,,,,
16.58773815339521,0.00024300118976562857,1,EDS,Gold,"[{""position"": 2.1220810942843182, ""amplitude"": 0.6382747362010759, ""fwhm"": 0.031799115031979956}]",2.1220810942843182,0.6382747362010759,0.031799115031979956,,,,,,,,,,,,,,,
16.59745969711773,8.491519773538636e-05,1,EDS,Gold,"[{""position"": 2.1220810942843182, ""amplitude"": 0.6382747362010759, ""fwhm"": 0.031799115031979956}]",2.1220810942843182,0.6382747362010759,0.031799115031979956,,,,,,,,,,,,,,,
16.607181240840255,0.0051657953490059855,1,EDS,Gold,"[{""position"": 2.1220810942843182, ""amplitude"": 0.6382747362010759, ""fwhm"": 0.031799115031979956}]",2.1220810942843182,0.6382747362010759,0.031799115031979956,,,,,,,,,,,,,,,
16.616902784562775,0.000231312004132283,1,EDS,Gold,"[{""position"": 2.1220810942843182, ""amplitude"": 0.6382747362010759, ""fwhm"": 0.031799115031979956}]",2.1220810942843182,0.6382747362010759,0.031799115031979956,,,,,,,,,,,,,,,
16.626624328285295,0.010300127877269565,1,EDS,Gold,"[{""position"": 2.1220810942843182, ""amplitude"": 0.6382747362010759, ""fwhm"": 0.031799115031979956}]",2.1220810942843182,0.6382747362010759,0.031799115031979956,,,,,,,,,,,,,,,
16.636345872007816,0.0005247212745574265,1,EDS,Gold,"[{""position"": 2.1220810942843182, ""amplitude"": 0.6382747362010759, ""fwhm"": 0.031799115031979956}]",2.1220810942843182,0.6382747362010759,0.031799115031979956,,,,,,,,,,,,,,,
16.646067415730336,0.0001937826427206295,1,EDS,Gold,"[{""position"": 2.1220810942843182, ""amplitude"": 0.6382747362010759, ""fwhm"": 0.031799115031979956}]",2.1220810942843182,0.6382747362010759,0.031799115031979956,,,,,,,,,,,,,,,
16.655788959452856,0.01,1,EDS,Gold,"[{""position"": 2.1220810942843182, ""amplitude"": 0.6382747362010759, ""fwhm"": 0.031799115031979956}]",2.1220810942843182,0.6382747362010759,0.031799115031979956,,,,,,,,,,,,,,,
16.66551050317538,0.0003180262953870232,1,EDS,Gold,"[{""position"": 2.1220810942843182, ""amplitude"": 0.6382747362010759, ""fwhm"": 0.031799115031979956}]",2.1220810942843182,0.6382747362010759,0.031799115031979956,,,,,,,,,,,,,,,
16.6752320468979,0.010898358666636788,1,EDS,Gold,"[{""position"": 2.1220810942843182, ""amplitude"": 0.6382747362010759, ""fwhm"": 0.031799115031979956}]",2.1220810942843182,0.6382747362010759,0.031799115031979956,,,,,,,,,,,,,,,
16.68495359062042,0.005,1,EDS,Gold,"[{""position"": 2.1220810942843182, ""amplitude"": 0.6382747362010759, ""fwhm"": 0.031799115031979956}]",2.1220810942843182,0.6382747362010759,0.031799115031979956,,,,,,,,,,,,,,,
16.69467513434294,0.005,1,EDS,Gold,"[{""position"": 2.1220810942843182, ""amplitude"": 0.6382747362010759, ""fwhm"": 0.031799115031979956}]",2.1220810942843182,0.6382747362010759,0.031799115031979956,,,,,,,,,,,,,,,
16.70439667806546,0.0055234827994587255,1,EDS,Gold,"[{""position"": 2.1220810942843182, ""amplitude"": 0.6382747362010759, ""fwhm"": 0.031799115031979956}]",2.1220810942843182,0.6382747362010759,0.031799115031979956,,,,,,,,,,,,,,,
16.71411822178798,0.01,1,EDS,Gold,"[{""position"": 2.1220810942843182, ""amplitude"": 0.6382747362010759, ""fwhm"": 0.031799115031979956}]",2.1220810942843182,0.6382747362010759,0.031799115031979956,,,,,,,,,,,,,,,
16.723839765510505,0.015,1,EDS,Gold,"[{""position"": 2.1220810942843182, ""amplitude"": 0.6382747362010759, ""fwhm"": 0.031799115031979956}]",2.1220810942843182,0.6382747362010759,0.031799115031979956,,,,,,,,,,,,,,,
16.733561309233025,0.015400703114220595,1,EDS,Gold,"[{""position"": 2.1220810942843182, ""amplitude"": 0.6382747362010759, ""fwhm"": 0.031799115031979956}]",2.1220810942843182,0.6382747362010759,0.031799115031979956,,,,,,,,,,,,,,,
16.743282852955545,0.01,1,EDS,Gold,"[{""position"": 2.1220810942843182, ""amplitude"": 0.6382747362010759, ""fwhm"": 0.031799115031979956}]",2.1220810942843182,0.6382747362010759,0.031799115031979956,,,,,,,,,,,,,,,
16.753004396678065,0.005,1,EDS,Gold,"[{""position"": 2.1220810942843182, ""amplitude"": 0.6382747362010759, ""fwhm"": 0.031799115031979956}]",2.1220810942843182,0.6382747362010759,0.031799115031979956,,,,,,,,,,,,,,,
16.762725940400586,0.00015697681084381125,1,EDS,Gold,"[{""position"": 2.1220810942843182, ""amplitude"": 0.6382747362010759, ""fwhm"": 0.031799115031979956}]",2.1220810942843182,0.6382747362010759,0.031799115031979956,,,,,,,,,,,,,,,
16.772447484123106,0.0050900777228193896,1,EDS,Gold,"[{""position"": 2.1220810942843182, ""amplitude"": 0.6382747362010759, ""fwhm"": 0.031799115031979956}]",2.1220810942843182,0.6382747362010759,0.031799115031979956,,,,,,,,,,,,,,,
16.782169027845626,0.005335464102680268,1,EDS,Gold,"[{""position"": 2.1220810942843182, ""amplitude"": 0.6382747362010759, ""fwhm"": 0.031799115031979956}]",2.1220810942843182,0.6382747362010759,0.031799115031979956,,,,,,,,,,,,,,,
16.79189057156815,0.005,1,EDS,Gold,"[{""position"": 2.1220810942843182, ""amplitude"": 0.6382747362010759, ""fwhm"": 0.031799115031979956}]",2.1220810942843182,0.6382747362010759,0.031799115031979956,,,,,,,,,,,,,,,
16.80161211529067,0.0002426219399357011,1,EDS,Gold,"[{""position"": 2.1220810942843182, ""amplitude"": 0.6382747362010759, ""fwhm"": 0.031799115031979956}]",2.1220810942843182,0.6382747362010759,0.031799115031979956,,,,,,,,,,,,,,,
16.81133365901319,0.0,1,EDS,Gold,"[{""position"": 2.1220810942843182, ""amplitude"": 0.6382747362010759, ""fwhm"": 0.031799115031979956}]",2.1220810942843182,0.6382747362010759,0.031799115031979956,,,,,,,,,,,,,,,
16.82105520273571,0.010349346339010265,1,EDS,Gold,"[{""position"": 2.1220810942843182, ""amplitude"": 0.6382747362010759, ""fwhm"": 0.031799115031979956}]",2.1220810942843182,0.6382747362010759,0.031799115031979956,,,,,,,,,,,,,,,
16.83077674645823,0.005290976350833133,1,EDS,Gold,"[{""position"": 2.1220810942843182, ""amplitude"": 0.6382747362010759, ""fwhm"": 0.031799115031979956}]",2.1220810942843182,0.6382747362010759,0.031799115031979956,,,,,,,,,,,,,,,
16.84049829018075,0.005,1,EDS,Gold,"[{""position"": 2.1220810942843182, ""amplitude"": 0.6382747362010759, ""fwhm"": 0.031799115031979956}]",2.1220810942843182,0.6382747362010759,0.031799115031979956,,,,,,,,,,,,,,,
16.850219833903274,0.005513506354242063,1,EDS,Gold,"[{""position"": 2.1220810942843182, ""amplitude"": 0.6382747362010759, ""fwhm"": 0.031799115031979956}]",2.1220810942843182,0.6382747362010759,0.031799115031979956,,,,,,,,,,,,,,,
16.859941377625795,0.005,1,EDS,Gold,"[{""position"": 2.1220810942843182, ""amplitude"": 0.6382747362010759, ""fwhm"": 0.031799115031979956}]",2.1220810942843182,0.6382747362010759,0.031799115031979956,,,,,,,,,,,,,,,
16.869662921348315,0.0103820899145869,1,EDS,Gold,"[{""position"": 2.1220810942843182, ""amplitude"": 0.6382747362010759, ""fwhm"": 0.031799115031979956}]",2.1220810942843182,0.6382747362010759,0.031799115031979956,,,,,,,,,,,,,,,
16.879384465070835,0.005173671708267511,1,EDS,Gold,"[{""position"": 2.1220810942843182, ""amplitude"": 0.6382747362010759, ""fwhm"": 0.031799115031979956}]",2.1220810942843182,0.6382747362010759,0.031799115031979956,,,,,,,,,,,,,,,
16.889106008793355,0.010869184661735441,1,EDS,Gold,"[{""position"": 2.1220810942843182, ""amplitude"": 0.6382747362010759, ""fwhm"": 0.031799115031979956}]",2.1220810942843182,0.6382747362010759,0.031799115031979956,,,,,,,,,,,,,,,
16.898827552515876,0.01,1,EDS,Gold,"[{""position"": 2.1220810942843182, ""amplitude"": 0.6382747362010759, ""fwhm"": 0.031799115031979956}]",2.1220810942843182,0.6382747362010759,0.031799115031979956,,,,,,,,,,,,,,,
16.908549096238396,0.005,1,EDS,Gold,"[{""position"": 2.1220810942843182, ""amplitude"": 0.6382747362010759, ""fwhm"": 0.031799115031979956}]",2.1220810942843182,0.6382747362010759,0.031799115031979956,,,,,,,,,,,,,,,
16.91827063996092,0.015,1,EDS,Gold,"[{""position"": 2.1220810942843182, ""amplitude"": 0.6382747362010759, ""fwhm"": 0.031799115031979956}]",2.1220810942843182,0.6382747362010759,0.031799115031979956,,,,,,,,,,,,,,,
16.92799218368344,0.005,1,EDS,Gold,"[{""position"": 2.1220810942843182, ""amplitude"": 0.6382747362010759, ""fwhm"": 0.031799115031979956}]",2.1220810942843182,0.6382747362010759,0.031799115031979956,,,,,,,,,,,,,,,
16.93771372740596,0.0003782523151656744,1,EDS,Gold,"[{""position"": 2.1220810942843182, ""amplitude"": 0.6382747362010759, ""fwhm"": 0.031799115031979956}]",2.1220810942843182,0.6382747362010759,0.031799115031979956,,,,,,,,,,,,,,,
16.94743527112848,0.005,1,EDS,Gold,"[{""position"": 2.1220810942843182, ""amplitude"": 0.6382747362010759, ""fwhm"": 0.031799115031979956}]",2.1220810942843182,0.6382747362010759,0.031799115031979956,,,,,,,,,,,,,,,
16.957156814851,0.0,1,EDS,Gold,"[{""position"": 2.1220810942843182, ""amplitude"": 0.6382747362010759, ""fwhm"": 0.031799115031979956}]",2.1220810942843182,0.6382747362010759,0.031799115031979956,,,,,,,,,,,,,,,
16.96687835857352,0.005,1,EDS,Gold,"[{""position"": 2.1220810942843182, ""amplitude"": 0.6382747362010759, ""fwhm"": 0.031799115031979956}]",2.1220810942843182,0.6382747362010759,0.031799115031979956,,,,,,,,,,,,,,,
16.976599902296044,0.0054493526916278,1,EDS,Gold,"[{""position"": 2.1220810942843182, ""amplitude"": 0.6382747362010759, ""fwhm"": 0.031799115031979956}]",2.1220810942843182,0.6382747362010759,0.031799115031979956,,,,,,,,,,,,,,,
16.986321446018565,0.0008088630773830238,1,EDS,Gold,"[{""position"": 2.1220810942843182, ""amplitude"": 0.6382747362010759, ""fwhm"": 0.031799115031979956}]",2.1220810942843182,0.6382747362010759,0.031799115031979956,,,,,,,,,,,,,,,
16.996042989741085,0.0,1,EDS,Gold,"[{""position"": 2.1220810942843182, ""amplitude"": 0.6382747362010759, ""fwhm"": 0.031799115031979956}]",2.1220810942843182,0.6382747362010759,0.031799115031979956,,,,,,,,,,,,,,,
17.005764533463605,0.005,1,EDS,Gold,"[{""position"": 2.1220810942843182, ""amplitude"": 0.6382747362010759, ""fwhm"": 0.031799115031979956}]",2.1220810942843182,0.6382747362010759,0.031799115031979956,,,,,,,,,,,,,,,
17.015486077186125,0.005033124146660645,1,EDS,Gold,"[{""position"": 2.1220810942843182, ""amplitude"": 0.6382747362010759, ""fwhm"": 0.031799115031979956}]",2.1220810942843182,0.6382747362010759,0.031799115031979956,,,,,,,,,,,,,,,
17.025207620908645,0.005549393845772251,1,EDS,Gold,"[{""position"": 2.1220810942843182, ""amplitude"": 0.6382747362010759, ""fwhm"": 0.031799115031979956}]",2.1220810942843182,0.6382747362010759,0.031799115031979956,,,,,,,,,,,,,,,
17.034929164631166,0.005,1,EDS,Gold,"[{""position"": 2.1220810942843182, ""amplitude"": 0.6382747362010759, ""fwhm"": 0.031799115031979956}]",2.1220810942843182,0.6382747362010759,0.031799115031979956,,,,,,,,,,,,,,,
17.04465070835369,0.005112712709965843,1,EDS,Gold,"[{""position"": 2.1220810942843182, ""amplitude"": 0.6382747362010759, ""fwhm"": 0.031799115031979956}]",2.1220810942843182,0.6382747362010759,0.031799115031979956,,,,,,,,,,,,,,,
17.05437225207621,0.010461121939373048,1,EDS,Gold,"[{""position"": 2.1220810942843182, ""amplitude"": 0.6382747362010759, ""fwhm"": 0.031799115031979956}]",2.1220810942843182,0.6382747362010759,0.031799115031979956,,,,,,,,,,,,,,,
17.06409379579873,0.010236942244725041,1,EDS,Gold,"[{""position"": 2.1220810942843182, ""amplitude"": 0.6382747362010759, ""fwhm"": 0.031799115031979956}]",2.1220810942843182,0.6382747362010759,0.031799115031979956,,,,,,,,,,,,,,,
17.07381533952125,0.005089643616889219,1,EDS,Gold,"[{""position"": 2.1220810942843182, ""amplitude"": 0.6382747362010759, ""fwhm"": 0.031799115031979956}]",2.1220810942843182,0.6382747362010759,0.031799115031979956,,,,,,,,,,,,,,,
17.08353688324377,0.01047334437811273,1,EDS,Gold,"[{""position"": 2.1220810942843182, ""amplitude"": 0.6382747362010759, ""fwhm"": 0.031799115031979956}]",2.1220810942843182,0.6382747362010759,0.031799115031979956,,,,,,,,,,,,,,,
17.09325842696629,0.015,1,EDS,Gold,"[{""position"": 2.1220810942843182, ""amplitude"": 0.6382747362010759, ""fwhm"": 0.031799115031979956}]",2.1220810942843182,0.6382747362010759,0.031799115031979956,,,,,,,,,,,,,,,
17.102979970688814,0.010320533164200733,1,EDS,Gold,"[{""position"": 2.1220810942843182, ""amplitude"": 0.6382747362010759, ""fwhm"": 0.031799115031979956}]",2.1220810942843182,0.6382747362010759,0.031799115031979956,,,,,,,,,,,,,,,
17.112701514411334,0.01,1,EDS,Gold,"[{""position"": 2.1220810942843182, ""amplitude"": 0.6382747362010759, ""fwhm"": 0.031799115031979956}]",2.1220810942843182,0.6382747362010759,0.031799115031979956,,,,,,,,,,,,,,,
17.122423058133855,0.01,1,EDS,Gold,"[{""position"": 2.1220810942843182, ""amplitude"": 0.6382747362010759, ""fwhm"": 0.031799115031979956}]",2.1220810942843182,0.6382747362010759,0.031799115031979956,,,,,,,,,,,,,,,
17.132144601856375,0.00524172201296069,1,EDS,Gold,"[{""position"": 2.1220810942843182, ""amplitude"": 0.6382747362010759, ""fwhm"": 0.031799115031979956}]",2.1220810942843182,0.6382747362010759,0.031799115031979956,,,,,,,,,,,,,,,
17.141866145578895,0.005649534077029311,1,EDS,Gold,"[{""position"": 2.1220810942843182, ""amplitude"": 0.6382747362010759, ""fwhm"": 0.031799115031979956}]",2.1220810942843182,0.6382747362010759,0.031799115031979956,,,,,,,,,,,,,,,
17.151587689301415,0.0,1,EDS,Gold,"[{""position"": 2.1220810942843182, ""amplitude"": 0.6382747362010759, ""fwhm"": 0.031799115031979956}]",2.1220810942843182,0.6382747362010759,0.031799115031979956,,,,,,,,,,,,,,,
17.16130923302394,0.010450566475723965,1,EDS,Gold,"[{""position"": 2.1220810942843182, ""amplitude"": 0.6382747362010759, ""fwhm"": 0.031799115031979956}]",2.1220810942843182,0.6382747362010759,0.031799115031979956,,,,,,,,,,,,,,,
17.17103077674646,0.0007623653446518228,1,EDS,Gold,"[{""position"": 2.1220810942843182, ""amplitude"": 0.6382747362010759, ""fwhm"": 0.031799115031979956}]",2.1220810942843182,0.6382747362010759,0.031799115031979956,,,,,,,,,,,,,,,
17.18075232046898,0.0006217569489802828,1,EDS,Gold,"[{""position"": 2.1220810942843182, ""amplitude"": 0.6382747362010759, ""fwhm"": 0.031799115031979956}]",2.1220810942843182,0.6382747362010759,0.031799115031979956,,,,,,,,,,,,,,,
17.1904738641915,0.005775456790697349,1,EDS,Gold,"[{""position"": 2.1220810942843182, ""amplitude"": 0.6382747362010759, ""fwhm"": 0.031799115031979956}]",2.1220810942843182,0.6382747362010759,0.031799115031979956,,,,,,,,,,,,,,,
17.20019540791402,0.0003509147863920399,1,EDS,Gold,"[{""position"": 2.1220810942843182, ""amplitude"": 0.6382747362010759, ""fwhm"": 0.031799115031979956}]",2.1220810942843182,0.6382747362010759,0.031799115031979956,,,,,,,,,,,,,,,
17.20991695163654,0.005035668776053146,1,EDS,Gold,"[{""position"": 2.1220810942843182, ""amplitude"": 0.6382747362010759, ""fwhm"": 0.031799115031979956}]",2.1220810942843182,0.6382747362010759,0.031799115031979956,,,,,,,,,,,,,,,
17.21963849535906,0.0,1,EDS,Gold,"[{""position"": 2.1220810942843182, ""amplitude"": 0.6382747362010759, ""fwhm"": 0.031799115031979956}]",2.1220810942843182,0.6382747362010759,0.031799115031979956,,,,,,,,,,,,,,,
17.229360039081584,0.0,1,EDS,Gold,"[{""position"": 2.1220810942843182, ""amplitude"": 0.6382747362010759, ""fwhm"": 0.031799115031979956}]",2.1220810942843182,0.6382747362010759,0.031799115031979956,,,,,,,,,,,,,,,
17.239081582804104,0.005,1,EDS,Gold,"[{""position"": 2.1220810942843182, ""amplitude"": 0.6382747362010759, ""fwhm"": 0.031799115031979956}]",2.1220810942843182,0.6382747362010759,0.031799115031979956,,,,,,,,,,,,,,,
17.248803126526624,0.0010265296854584524,1,EDS,Gold,"[{""position"": 2.1220810942843182, ""amplitude"": 0.6382747362010759, ""fwhm"": 0.031799115031979956}]",2.1220810942843182,0.6382747362010759,0.031799115031979956,,,,,,,,,,,,,,,
17.258524670249145,0.01,1,EDS,Gold,"[{""position"": 2.1220810942843182, ""amplitude"": 0.6382747362010759, ""fwhm"": 0.031799115031979956}]",2.1220810942843182,0.6382747362010759,0.031799115031979956,,,,,,,,,,,,,,,
17.268246213971665,5.825736005656486e-05,1,EDS,Gold,"[{""position"": 2.1220810942843182, ""amplitude"": 0.6382747362010759, ""fwhm"": 0.031799115031979956}]",2.1220810942843182,0.6382747362010759,0.031799115031979956,,,,,,,,,,,,,,,
17.277967757694185,0.0002607697131015285,1,EDS,Gold,"[{""position"": 2.1220810942843182, ""amplitude"": 0.6382747362010759, ""fwhm"": 0.031799115031979956}]",2.1220810942843182,0.6382747362010759,0.031799115031979956,,,,,,,,,,,,,,,
17.28768930141671,0.005020617405148083,1,EDS,Gold,"[{""position"": 2.1220810942843182, ""amplitude"": 0.6382747362010759, ""fwhm"": 0.031799115031979956}]",2.1220810942843182,0.6382747362010759,0.031799115031979956,,,,,,,,,,,,,,,
17.29741084513923,0.0008015044327723749,1,EDS,Gold,"[{""position"": 2.1220810942843182, ""amplitude"": 0.6382747362010759, ""fwhm"": 0.031799115031979956}]",2.1220810942843182,0.6382747362010759,0.031799115031979956,,,,,,,,,,,,,,,
17.30713238886175,0.005,1,EDS,Gold,"[{""position"": 2.1220810942843182, ""amplitude"": 0.6382747362010759, ""fwhm"": 0.031799115031979956}]",2.1220810942843182,0.6382747362010759,0.031799115031979956,,,,,,,,,,,,,,,
17.31685393258427,0.005092020083350153,1,EDS,Gold,"[{""position"": 2.1220810942843182, ""amplitude"": 0.6382747362010759, ""fwhm"": 0.031799115031979956}]",2.1220810942843182,0.6382747362010759,0.031799115031979956,,,,,,,,,,,,,,,
17.32657547630679,0.0,1,EDS,Gold,"[{""position"": 2.1220810942843182, ""amplitude"": 0.6382747362010759, ""fwhm"": 0.031799115031979956}]",2.1220810942843182,0.6382747362010759,0.031799115031979956,,,,,,,,,,,,,,,
17.33629702002931,0.005,1,EDS,Gold,"[{""position"": 2.1220810942843182, ""amplitude"": 0.6382747362010759, ""fwhm"": 0.031799115031979956}]",2.1220810942843182,0.6382747362010759,0.031799115031979956,,,,,,,,,,,,,,,
17.34601856375183,0.005,1,EDS,Gold,"[{""position"": 2.1220810942843182, ""amplitude"": 0.6382747362010759, ""fwhm"": 0.031799115031979956}]",2.1220810942843182,0.6382747362010759,0.031799115031979956,,,,,,,,,,,,,,,
17.355740107474354,0.005,1,EDS,Gold,"[{""position"": 2.1220810942843182, ""amplitude"": 0.6382747362010759, ""fwhm"": 0.031799115031979956}]",2.1220810942843182,0.6382747362010759,0.031799115031979956,,,,,,,,,,,,,,,
17.365461651196874,0.005,1,EDS,Gold,"[{""position"": 2.1220810942843182, ""amplitude"": 0.6382747362010759, ""fwhm"": 0.031799115031979956}]",2.1220810942843182,0.6382747362010759,0.031799115031979956,,,,,,,,,,,,,,,
17.375183194919394,0.005,1,EDS,Gold,"[{""position"": 2.1220810942843182, ""amplitude"": 0.6382747362010759, ""fwhm"": 0.031799115031979956}]",2.1220810942843182,0.6382747362010759,0.031799115031979956,,,,,,,,,,,,,,,
17.384904738641914,0.005,1,EDS,Gold,"[{""position"": 2.1220810942843182, ""amplitude"": 0.6382747362010759, ""fwhm"": 0.031799115031979956}]",2.1220810942843182,0.6382747362010759,0.031799115031979956,,,,,,,,,,,,,,,
17.394626282364435,0.0,1,EDS,Gold,"[{""position"": 2.1220810942843182, ""amplitude"": 0.6382747362010759, ""fwhm"": 0.031799115031979956}]",2.1220810942843182,0.6382747362010759,0.031799115031979956,,,,,,,,,,,,,,,
17.404347826086955,0.005,1,EDS,Gold,"[{""position"": 2.1220810942843182, ""amplitude"": 0.6382747362010759, ""fwhm"": 0.031799115031979956}]",2.1220810942843182,0.6382747362010759,0.031799115031979956,,,,,,,,,,,,,,,
17.41406936980948,0.0003593922598917649,1,EDS,Gold,"[{""position"": 2.1220810942843182, ""amplitude"": 0.6382747362010759, ""fwhm"": 0.031799115031979956}]",2.1220810942843182,0.6382747362010759,0.031799115031979956,,,,,,,,,,,,,,,
17.423790913532,0.010038981615206628,1,EDS,Gold,"[{""position"": 2.1220810942843182, ""amplitude"": 0.6382747362010759, ""fwhm"": 0.031799115031979956}]",2.1220810942843182,0.6382747362010759,0.031799115031979956,,,,,,,,,,,,,,,
17.43351245725452,0.01,1,EDS,Gold,"[{""position"": 2.1220810942843182, ""amplitude"": 0.6382747362010759, ""fwhm"": 0.031799115031979956}]",2.1220810942843182,0.6382747362010759,0.031799115031979956,,,,,,,,,,,,,,,
17.44323400097704,0.015,1,EDS,Gold,"[{""position"": 2.1220810942843182, ""amplitude"": 0.6382747362010759, ""fwhm"": 0.031799115031979956}]",2.1220810942843182,0.6382747362010759,0.031799115031979956,,,,,,,,,,,,,,,
17.45295554469956,0.005,1,EDS,Gold,"[{""position"": 2.1220810942843182, ""amplitude"": 0.6382747362010759, ""fwhm"": 0.031799115031979956}]",2.1220810942843182,0.6382747362010759,0.031799115031979956,,,,,,,,,,,,,,,
17.46267708842208,0.00015092158219844265,1,EDS,Gold,"[{""position"": 2.1220810942843182, ""amplitude"": 0.6382747362010759, ""fwhm"": 0.031799115031979956}]",2.1220810942843182,0.6382747362010759,0.031799115031979956,,,,,,,,,,,,,,,
17.4723986321446,0.0006338316362003072,1,EDS,Gold,"[{""position"": 2.1220810942843182, ""amplitude"": 0.6382747362010759, ""fwhm"": 0.031799115031979956}]",2.1220810942843182,0.6382747362010759,0.031799115031979956,,,,,,,,,,,,,,,
17.482120175867124,0.015,1,EDS,Gold,"[{""position"": 2.1220810942843182, ""amplitude"": 0.6382747362010759, ""fwhm"": 0.031799115031979956}]",2.1220810942843182,0.6382747362010759,0.031799115031979956,,,,,,,,,,,,,,,
17.491841719589644,5.439005087283519e-05,1,EDS,Gold,"[{""position"": 2.1220810942843182, ""amplitude"": 0.6382747362010759, ""fwhm"": 0.031799115031979956}]",2.1220810942843182,0.6382747362010759,0.031799115031979956,,,,,,,,,,,,,,,
17.501563263312164,0.0,1,EDS,Gold,"[{""position"": 2.1220810942843182, ""amplitude"": 0.6382747362010759, ""fwhm"": 0.031799115031979956}]",2.1220810942843182,0.6382747362010759,0.031799115031979956,,,,,,,,,,,,,,,
17.511284807034684,0.0003174429762516493,1,EDS,Gold,"[{""position"": 2.1220810942843182, ""amplitude"": 0.6382747362010759, ""fwhm"": 0.031799115031979956}]",2.1220810942843182,0.6382747362010759,0.031799115031979956,,,,,,,,,,,,,,,
17.521006350757204,0.0051008099688497925,1,EDS,Gold,"[{""position"": 2.1220810942843182, ""amplitude"": 0.6382747362010759, ""fwhm"": 0.031799115031979956}]",2.1220810942843182,0.6382747362010759,0.031799115031979956,,,,,,,,,,,,,,,
17.530727894479725,0.005,1,EDS,Gold,"[{""position"": 2.1220810942843182, ""amplitude"": 0.6382747362010759, ""fwhm"": 0.031799115031979956}]",2.1220810942843182,0.6382747362010759,0.031799115031979956,,,,,,,,,,,,,,,
17.54044943820225,0.0,1,EDS,Gold,"[{""position"": 2.1220810942843182, ""amplitude"": 0.6382747362010759, ""fwhm"": 0.031799115031979956}]",2.1220810942843182,0.6382747362010759,0.031799115031979956,,,,,,,,,,,,,,,
17.55017098192477,0.0,1,EDS,Gold,"[{""position"": 2.1220810942843182, ""amplitude"": 0.6382747362010759, ""fwhm"": 0.031799115031979956}]",2.1220810942843182,0.6382747362010759,0.031799115031979956,,,,,,,,,,,,,,,
17.55989252564729,0.010508789688753168,1,EDS,Gold,"[{""position"": 2.1220810942843182, ""amplitude"": 0.6382747362010759, ""fwhm"": 0.031799115031979956}]",2.1220810942843182,0.6382747362010759,0.031799115031979956,,,,,,,,,,,,,,,
17.56961406936981,0.010010077207395423,1,EDS,Gold,"[{""position"": 2.1220810942843182, ""amplitude"": 0.6382747362010759, ""fwhm"": 0.031799115031979956}]",2.1220810942843182,0.6382747362010759,0.031799115031979956,,,,,,,,,,,,,,,
17.57933561309233,0.0008989775091311405,1,EDS,Gold,"[{""position"": 2.1220810942843182, ""amplitude"": 0.6382747362010759, ""fwhm"": 0.031799115031979956}]",2.1220810942843182,0.6382747362010759,0.031799115031979956,,,,,,,,,,,,,,,
17.58905715681485,0.01,1,EDS,Gold,"[{""position"": 2.1220810942843182, ""amplitude"": 0.6382747362010759, ""fwhm"": 0.031799115031979956}]",2.1220810942843182,0.6382747362010759,0.031799115031979956,,,,,,,,,,,,,,,
17.59877870053737,0.005,1,EDS,Gold,"[{""position"": 2.1220810942843182, ""amplitude"": 0.6382747362010759, ""fwhm"": 0.031799115031979956}]",2.1220810942843182,0.6382747362010759,0.031799115031979956,,,,,,,,,,,,,,,
17.608500244259893,0.01,1,EDS,Gold,"[{""position"": 2.1220810942843182, ""amplitude"": 0.6382747362010759, ""fwhm"": 0.031799115031979956}]",2.1220810942843182,0.6382747362010759,0.031799115031979956,,,,,,,,,,,,,,,
17.618221787982414,0.005,1,EDS,Gold,"[{""position"": 2.1220810942843182, ""amplitude"": 0.6382747362010759, ""fwhm"": 0.031799115031979956}]",2.1220810942843182,0.6382747362010759,0.031799115031979956,,,,,,,,,,,,,,,
17.627943331704934,0.0,1,EDS,Gold,"[{""position"": 2.1220810942843182, ""amplitude"": 0.6382747362010759, ""fwhm"": 0.031799115031979956}]",2.1220810942843182,0.6382747362010759,0.031799115031979956,,,,,,,,,,,,,,,
17.637664875427454,0.00012631076574716853,1,EDS,Gold,"[{""position"": 2.1220810942843182, ""amplitude"": 0.6382747362010759, ""fwhm"": 0.031799115031979956}]",2.1220810942843182,0.6382747362010759,0.031799115031979956,,,,,,,,,,,,,,,
17.647386419149974,0.00024055049166979862,1,EDS,Gold,"[{""position"": 2.1220810942843182, ""amplitude"": 0.6382747362010759, ""fwhm"": 0.031799115031979956}]",2.1220810942843182,0.6382747362010759,0.031799115031979956,,,,,,,,,,,,,,,
17.657107962872495,0.01,1,EDS,Gold,"[{""position"": 2.1220810942843182, ""amplitude"": 0.6382747362010759, ""fwhm"": 0.031799115031979956}]",2.1220810942843182,0.6382747362010759,0.031799115031979956,,,,,,,,,,,,,,,
17.66682950659502,0.005423218628302082,1,EDS,Gold,"[{""position"": 2.1220810942843182, ""amplitude"": 0.6382747362010759, ""fwhm"": 0.031799115031979956}]",2.1220810942843182,0.6382747362010759,0.031799115031979956,,,,,,,,,,,,,,,
17.67655105031754,0.0,1,EDS,Gold,"[{""position"": 2.1220810942843182, ""amplitude"": 0.6382747362010759, ""fwhm"": 0.031799115031979956}]",2.1220810942843182,0.6382747362010759,0.031799115031979956,,,,,,,,,,,,,,,
17.68627259404006,6.941103660012925e-05,1,EDS,Gold,"[{""position"": 2.1220810942843182, ""amplitude"": 0.6382747362010759, ""fwhm"": 0.031799115031979956}]",2.1220810942843182,0.6382747362010759,0.031799115031979956,,,,,,,,,,,,,,,
17.69599413776258,0.005762338094447827,1,EDS,Gold,"[{""position"": 2.1220810942843182, ""amplitude"": 0.6382747362010759, ""fwhm"": 0.031799115031979956}]",2.1220810942843182,0.6382747362010759,0.031799115031979956,,,,,,,,,,,,,,,
17.7057156814851,0.005424070231518278,1,EDS,Gold,"[{""position"": 2.1220810942843182, ""amplitude"": 0.6382747362010759, ""fwhm"": 0.031799115031979956}]",2.1220810942843182,0.6382747362010759,0.031799115031979956,,,,,,,,,,,,,,,
17.71543722520762,0.005,1,EDS,Gold,"[{""position"": 2.1220810942843182, ""amplitude"": 0.6382747362010759, ""fwhm"": 0.031799115031979956}]",2.1220810942843182,0.6382747362010759,0.031799115031979956,,,,,,,,,,,,,,,
17.725158768930143,0.0,1,EDS,Gold,"[{""position"": 2.1220810942843182, ""amplitude"": 0.6382747362010759, ""fwhm"": 0.031799115031979956}]",2.1220810942843182,0.6382747362010759,0.031799115031979956,,,,,,,,,,,,,,,
17.734880312652663,0.0,1,EDS,Gold,"[{""position"": 2.1220810942843182, ""amplitude"": 0.6382747362010759, ""fwhm"": 0.031799115031979956}]",2.1220810942843182,0.6382747362010759,0.031799115031979956,,,,,,,,,,,,,,,
17.744601856375184,0.005,1,EDS,Gold,"[{""position"": 2.1220810942843182, ""amplitude"": 0.6382747362010759, ""fwhm"": 0.031799115031979956}]",2.1220810942843182,0.6382747362010759,0.031799115031979956,,,,,,,,,,,,,,,
17.754323400097704,0.01,1,EDS,Gold,"[{""position"": 2.1220810942843182, ""amplitude"": 0.6382747362010759, ""fwhm"": 0.031799115031979956}]",2.1220810942843182,0.6382747362010759,0.031799115031979956,,,,,,,,,,,,,,,
17.764044943820224,0.005,1,EDS,Gold,"[{""position"": 2.1220810942843182, ""amplitude"": 0.6382747362010759, ""fwhm"": 0.031799115031979956}]",2.1220810942843182,0.6382747362010759,0.031799115031979956,,,,,,,,,,,,,,,
17.773766487542744,0.0,1,EDS,Gold,"[{""position"": 2.1220810942843182, ""amplitude"": 0.6382747362010759, ""fwhm"": 0.031799115031979956}]",2.1220810942843182,0.6382747362010759,0.031799115031979956,,,,,,,,,,,,,,,
17.783488031265264,3.633939237764967e-05,1,EDS,Gold,"[{""position"": 2.1220810942843182, ""amplitude"": 0.6382747362010759, ""fwhm"": 0.031799115031979956}]",2.1220810942843182,0.6382747362010759,0.031799115031979956,,,,,,,,,,,,,,,
17.793209574987788,0.005,1,EDS,Gold,"[{""position"": 2.1220810942843182, ""amplitude"": 0.6382747362010759, ""fwhm"": 0.031799115031979956}]",2.1220810942843182,0.6382747362010759,0.031799115031979956,,,,,,,,,,,,,,,
17.80293111871031,0.0,1,EDS,Gold,"[{""position"": 2.1220810942843182, ""amplitude"": 0.6382747362010759, ""fwhm"": 0.031799115031979956}]",2.1220810942843182,0.6382747362010759,0.031799115031979956,,,,,,,,,,,,,,,
17.81265266243283,0.005079748316696559,1,EDS,Gold,"[{""position"": 2.1220810942843182, ""amplitude"": 0.6382747362010759, ""fwhm"": 0.031799115031979956}]",2.1220810942843182,0.6382747362010759,0.031799115031979956,,,,,,,,,,,,,,,
17.82237420615535,0.010208971518381045,1,EDS,Gold,"[{""position"": 2.1220810942843182, ""amplitude"": 0.6382747362010759, ""fwhm"": 0.031799115031979956}]",2.1220810942843182,0.6382747362010759,0.031799115031979956,,,,,,,,,,,,,,,
17.83209574987787,0.0,1,EDS,Gold,"[{""position"": 2.1220810942843182, ""amplitude"": 0.6382747362010759, ""fwhm"": 0.031799115031979956}]",2.1220810942843182,0.6382747362010759,0.031799115031979956,,,,,,,,,,,,,,,
17.84181729360039,0.0006671589997793402,1,EDS,Gold,"[{""position"": 2.1220810942843182, ""amplitude"": 0.6382747362010759, ""fwhm"": 0.031799115031979956}]",2.1220810942843182,0.6382747362010759,0.031799115031979956,,,,,,,,,,,,,,,
17.851538837322913,0.01,1,EDS,Gold,"[{""position"": 2.1220810942843182, ""amplitude"": 0.6382747362010759, ""fwhm"": 0.031799115031979956}]",2.1220810942843182,0.6382747362010759,0.031799115031979956,,,,,,,,,,,,,,,
17.861260381045433,0.010008913039186445,1,EDS,Gold,"[{""position"": 2.1220810942843182, ""amplitude"": 0.6382747362010759, ""fwhm"": 0.031799115031979956}]",2.1220810942843182,0.6382747362010759,0.031799115031979956,,,,,,,,,,,,,,,
17.870981924767953,0.0003348790013126752,1,EDS,Gold,"[{""position"": 2.1220810942843182, ""amplitude"": 0.6382747362010759, ""fwhm"": 0.031799115031979956}]",2.1220810942843182,0.6382747362010759,0.031799115031979956,,,,,,,,,,,,,,,
17.880703468490474,0.005110276185520773,1,EDS,Gold,"[{""position"": 2.1220810942843182, ""amplitude"": 0.6382747362010759, ""fwhm"": 0.031799115031979956}]",2.1220810942843182,0.6382747362010759,0.031799115031979956,,,,,,,,,,,,,,,
17.890425012212994,0.00045069040335509304,1,EDS,Gold,"[{""position"": 2.1220810942843182, ""amplitude"": 0.6382747362010759, ""fwhm"": 0.031799115031979956}]",2.1220810942843182,0.6382747362010759,0.031799115031979956,,,,,,,,,,,,,,,
17.900146555935514,0.005135766585003156,1,EDS,Gold,"[{""position"": 2.1220810942843182, ""amplitude"": 0.6382747362010759, ""fwhm"": 0.031799115031979956}]",2.1220810942843182,0.6382747362010759,0.031799115031979956,,,,,,,,,,,,,,,
17.909868099658034,0.01,1,EDS,Gold,"[{""position"": 2.1220810942843182, ""amplitude"": 0.6382747362010759, ""fwhm"": 0.031799115031979956}]",2.1220810942843182,0.6382747362010759,0.031799115031979956,,,,,,,,,,,,,,,
17.919589643380558,0.00517093684556065,1,EDS,Gold,"[{""position"": 2.1220810942843182, ""amplitude"": 0.6382747362010759, ""fwhm"": 0.031799115031979956}]",2.1220810942843182,0.6382747362010759,0.031799115031979956,,,,,,,,,,,,,,,
17.929311187103078,0.0,1,EDS,Gold,"[{""position"": 2.1220810942843182, ""amplitude"": 0.6382747362010759, ""fwhm"": 0.031799115031979956}]",2.1220810942843182,0.6382747362010759,0.031799115031979956,,,,,,,,,,,,,,,
17.9390327308256,0.00505133242794756,1,EDS,Gold,"[{""position"": 2.1220810942843182, ""amplitude"": 0.6382747362010759, ""fwhm"": 0.031799115031979956}]",2.1220810942843182,0.6382747362010759,0.031799115031979956,,,,,,,,,,,,,,,
17.94875427454812,0.005,1,EDS,Gold,"[{""position"": 2.1220810942843182, ""amplitude"": 0.6382747362010759, ""fwhm"": 0.031799115031979956}]",2.1220810942843182,0.6382747362010759,0.031799115031979956,,,,,,,,,,,,,,,
17.95847581827064,0.005,1,EDS,Gold,"[{""position"": 2.1220810942843182, ""amplitude"": 0.6382747362010759, ""fwhm"": 0.031799115031979956}]",2.1220810942843182,0.6382747362010759,0.031799115031979956,,,,,,,,,,,,,,,
17.96819736199316,0.01,1,EDS,Gold,"[{""position"": 2.1220810942843182, ""amplitude"": 0.6382747362010759, ""fwhm"": 0.031799115031979956}]",2.1220810942843182,0.6382747362010759,0.031799115031979956,,,,,,,,,,,,,,,
17.977918905715683,0.0,1,EDS,Gold,"[{""position"": 2.1220810942843182, ""amplitude"": 0.6382747362010759, ""fwhm"": 0.031799115031979956}]",2.1220810942843182,0.6382747362010759,0.031799115031979956,,,,,,,,,,,,,,,
17.987640449438203,0.005,1,EDS,Gold,"[{""position"": 2.1220810942843182, ""amplitude"": 0.6382747362010759, ""fwhm"": 0.031799115031979956}]",2.1220810942843182,0.6382747362010759,0.031799115031979956,,,,,,,,,,,,,,,
17.997361993160723,0.010043901686763371,1,EDS,Gold,"[{""position"": 2.1220810942843182, ""amplitude"": 0.6382747362010759, ""fwhm"": 0.031799115031979956}]",2.1220810942843182,0.6382747362010759,0.031799115031979956,,,,,,,,,,,,,,,
18.007083536883243,7.558805235761809e-05,1,EDS,Gold,"[{""position"": 2.1220810942843182, ""amplitude"": 0.6382747362010759, ""fwhm"": 0.031799115031979956}]",2.1220810942843182,0.6382747362010759,0.031799115031979956,,,,,,,,,,,,,,,
18.016805080605764,0.0,1,EDS,Gold,"[{""position"": 2.1220810942843182, ""amplitude"": 0.6382747362010759, ""fwhm"": 0.031799115031979956}]",2.1220810942843182,0.6382747362010759,0.031799115031979956,,,,,,,,,,,,,,,
18.026526624328284,0.005598489615268463,1,EDS,Gold,"[{""position"": 2.1220810942843182, ""amplitude"": 0.6382747362010759, ""fwhm"": 0.031799115031979956}]",2.1220810942843182,0.6382747362010759,0.031799115031979956,,,,,,,,,,,,,,,
18.036248168050804,0.01,1,EDS,Gold,"[{""position"": 2.1220810942843182, ""amplitude"": 0.6382747362010759, ""fwhm"": 0.031799115031979956}]",2.1220810942843182,0.6382747362010759,0.031799115031979956,,,,,,,,,,,,,,,
18.045969711773328,0.010458407578929196,1,EDS,Gold,"[{""position"": 2.1220810942843182, ""amplitude"": 0.6382747362010759, ""fwhm"": 0.031799115031979956}]",2.1220810942843182,0.6382747362010759,0.031799115031979956,,,,,,,,,,,,,,,
18.055691255495848,0.0002019987401727501,1,EDS,Gold,"[{""position"": 2.1220810942843182, ""amplitude"": 0.6382747362010759, ""fwhm"": 0.031799115031979956}]",2.1220810942843182,0.6382747362010759,0.031799115031979956,,,,,,,,,,,,,,,
18.065412799218368,0.005,1,EDS,Gold,"[{""position"": 2.1220810942843182, ""amplitude"": 0.6382747362010759, ""fwhm"": 0.031799115031979956}]",2.1220810942843182,0.6382747362010759,0.031799115031979956,,,,,,,,,,,,,,,
18.07513434294089,0.010839455282487545,1,EDS,Gold,"[{""position"": 2.1220810942843182, ""amplitude"": 0.6382747362010759, ""fwhm"": 0.031799115031979956}]",2.1220810942843182,0.6382747362010759,0.031799115031979956,,,,,,,,,,,,,,,
18.08485588666341,0.01,1,EDS,Gold,"[{""position"": 2.1220810942843182, ""amplitude"": 0.6382747362010759, ""fwhm"": 0.031799115031979956}]",2.1220810942843182,0.6382747362010759,0.031799115031979956,,,,,,,,,,,,,,,
18.09457743038593,0.010434621806056312,1,EDS,Gold,"[{""position"": 2.1220810942843182, ""amplitude"": 0.6382747362010759, ""fwhm"": 0.031799115031979956}]",2.1220810942843182,0.6382747362010759,0.031799115031979956,,,,,,,,,,,,,,,
18.104298974108453,0.005473125082452564,1,EDS,Gold,"[{""position"": 2.1220810942843182, ""amplitude"": 0.6382747362010759, ""fwhm"": 0.031799115031979956}]",2.1220810942843182,0.6382747362010759,0.031799115031979956,,,,,,,,,,,,,,,
18.114020517830973,0.01,1,EDS,Gold,"[{""position"": 2.1220810942843182, ""amplitude"": 0.6382747362010759, ""fwhm"": 0.031799115031979956}]",2.1220810942843182,0.6382747362010759,0.031799115031979956,,,,,,,,,,,,,,,
18.123742061553493,0.005658426846072821,1,EDS,Gold,"[{""position"": 2.1220810942843182, ""amplitude"": 0.6382747362010759, ""fwhm"": 0.031799115031979956}]",2.1220810942843182,0.6382747362010759,0.031799115031979956,,,,,,,,,,,,,,,
18.133463605276013,0.0,1,EDS,Gold,"[{""position"": 2.1220810942843182, ""amplitude"": 0.6382747362010759, ""fwhm"": 0.031799115031979956}]",2.1220810942843182,0.6382747362010759,0.031799115031979956,,,,,,,,,,,,,,,
18.143185148998533,0.00013650870567422473,1,EDS,Gold,"[{""position"": 2.1220810942843182, ""amplitude"": 0.6382747362010759, ""fwhm"": 0.031799115031979956}]",2.1220810942843182,0.6382747362010759,0.031799115031979956,,,,,,,,,,,,,,,
18.152906692721054,0.005123093112092699,1,EDS,Gold,"[{""position"": 2.1220810942843182, ""amplitude"": 0.6382747362010759, ""fwhm"": 0.031799115031979956}]",2.1220810942843182,0.6382747362010759,0.031799115031979956,,,,,,,,,,,,,,,
18.162628236443574,0.01,1,EDS,Gold,"[{""position"": 2.1220810942843182, ""amplitude"": 0.6382747362010759, ""fwhm"": 0.031799115031979956}]",2.1220810942843182,0.6382747362010759,0.031799115031979956,,,,,,,,,,,,,,,
18.172349780166098,0.00038339047590032056,1,EDS,Gold,"[{""position"": 2.1220810942843182, ""amplitude"": 0.6382747362010759, ""fwhm"": 0.031799115031979956}]",2.1220810942843182,0.6382747362010759,0.031799115031979956,,,,,,,,,,,,,,,
18.182071323888618,0.0003752009300651265,1,EDS,Gold,"[{""position"": 2.1220810942843182, ""amplitude"": 0.6382747362010759, ""fwhm"": 0.031799115031979956}]",2.1220810942843182,0.6382747362010759,0.031799115031979956,,,,,,,,,,,,,,,
18.191792867611138,0.005,1,EDS,Gold,"[{""position"": 2.1220810942843182, ""amplitude"": 0.6382747362010759, ""fwhm"": 0.031799115031979956}]",2.1220810942843182,0.6382747362010759,0.031799115031979956,,,,,,,,,,,,,,,
18.201514411333658,0.020616756936265804,1,EDS,Gold,"[{""position"": 2.1220810942843182, ""amplitude"": 0.6382747362010759, ""fwhm"": 0.031799115031979956}]",2.1220810942843182,0.6382747362010759,0.031799115031979956,,,,,,,,,,,,,,,
18.21123595505618,0.0,1,EDS,Gold,"[{""position"": 2.1220810942843182, ""amplitude"": 0.6382747362010759, ""fwhm"": 0.031799115031979956}]",2.1220810942843182,0.6382747362010759,0.031799115031979956,,,,,,,,,,,,,,,
18.2209574987787,0.0054882391975711944,1,EDS,Gold,"[{""position"": 2.1220810942843182, ""amplitude"": 0.6382747362010759, ""fwhm"": 0.031799115031979956}]",2.1220810942843182,0.6382747362010759,0.031799115031979956,,,,,,,,,,,,,,,
18.230679042501222,0.005532762223705797,1,EDS,Gold,"[{""position"": 2.1220810942843182, ""amplitude"": 0.6382747362010759, ""fwhm"": 0.031799115031979956}]",2.1220810942843182,0.6382747362010759,0.031799115031979956,,,,,,,,,,,,,,,
18.240400586223743,0.005,1,EDS,Gold,"[{""position"": 2.1220810942843182, ""amplitude"": 0.6382747362010759, ""fwhm"": 0.031799115031979956}]",2.1220810942843182,0.6382747362010759,0.031799115031979956,,,,,,,,,,,,,,,
18.250122129946263,0.005,1,EDS,Gold,"[{""position"": 2.1220810942843182, ""amplitude"": 0.6382747362010759, ""fwhm"": 0.031799115031979956}]",2.1220810942843182,0.6382747362010759,0.031799115031979956,,,,,,,,,,,,,,,
18.259843673668783,0.0,1,EDS,Gold,"[{""position"": 2.1220810942843182, ""amplitude"": 0.6382747362010759, ""fwhm"": 0.031799115031979956}]",2.1220810942843182,0.6382747362010759,0.031799115031979956,,,,,,,,,,,,,,,
18.269565217391303,0.005,1,EDS,Gold,"[{""position"": 2.1220810942843182, ""amplitude"": 0.6382747362010759, ""fwhm"": 0.031799115031979956}]",2.1220810942843182,0.6382747362010759,0.031799115031979956,,,,,,,,,,,,,,,
18.279286761113823,0.01,1,EDS,Gold,"[{""position"": 2.1220810942843182, ""amplitude"": 0.6382747362010759, ""fwhm"": 0.031799115031979956}]",2.1220810942843182,0.6382747362010759,0.031799115031979956,,,,,,,,,,,,,,,
18.289008304836347,0.005368662274920491,1,EDS,Gold,"[{""position"": 2.1220810942843182, ""amplitude"": 0.6382747362010759, ""fwhm"": 0.031799115031979956}]",2.1220810942843182,0.6382747362010759,0.031799115031979956,,,,,,,,,,,,,,,
18.298729848558867,0.010619579141433046,1,EDS,Gold,"[{""position"": 2.1220810942843182, ""amplitude"": 0.6382747362010759, ""fwhm"": 0.031799115031979956}]",2.1220810942843182,0.6382747362010759,0.031799115031979956,,,,,,,,,,,,,,,
18.308451392281388,0.010659948718011769,1,EDS,Gold,"[{""position"": 2.1220810942843182, ""amplitude"": 0.6382747362010759, ""fwhm"": 0.031799115031979956}]",2.1220810942843182,0.6382747362010759,0.031799115031979956,,,,,,,,,,,,,,,
18.318172936003908,0.01,1,EDS,Gold,"[{""position"": 2.1220810942843182, ""amplitude"": 0.6382747362010759, ""fwhm"": 0.031799115031979956}]",2.1220810942843182,0.6382747362010759,0.031799115031979956,,,,,,,,,,,,,,,
18.327894479726428,0.01,1,EDS,Gold,"[{""position"": 2.1220810942843182, ""amplitude"": 0.6382747362010759, ""fwhm"": 0.031799115031979956}]",2.1220810942843182,0.6382747362010759,0.031799115031979956,,,,,,,,,,,,,,,
18.33761602344895,0.0,1,EDS,Gold,"[{""position"": 2.1220810942843182, ""amplitude"": 0.6382747362010759, ""fwhm"": 0.031799115031979956}]",2.1220810942843182,0.6382747362010759,0.031799115031979956,,,,,,,,,,,,,,,
18.34733756717147,0.005,1,EDS,Gold,"[{""position"": 2.1220810942843182, ""amplitude"": 0.6382747362010759, ""fwhm"": 0.031799115031979956}]",2.1220810942843182,0.6382747362010759,0.031799115031979956,,,,,,,,,,,,,,,
18.357059110893992,0.0054562298375975486,1,EDS,Gold,"[{""position"": 2.1220810942843182, ""amplitude"": 0.6382747362010759, ""fwhm"": 0.031799115031979956}]",2.1220810942843182,0.6382747362010759,0.031799115031979956,,,,,,,,,,,,,,,
18.366780654616512,0.010763927907596076,1,EDS,Gold,"[{""position"": 2.1220810942843182, ""amplitude"": 0.6382747362010759, ""fwhm"": 0.031799115031979956}]",2.1220810942843182,0.6382747362010759,0.031799115031979956,,,,,,,,,,,,,,,
18.376502198339033,0.005,1,EDS,Gold,"[{""position"": 2.1220810942843182, ""amplitude"": 0.6382747362010759, ""fwhm"": 0.031799115031979956}]",2.1220810942843182,0.6382747362010759,0.031799115031979956,,,,,,,,,,,,,,,
18.386223742061553,0.0,1,EDS,Gold,"[{""position"": 2.1220810942843182, ""amplitude"": 0.6382747362010759, ""fwhm"": 0.031799115031979956}]",2.1220810942843182,0.6382747362010759,0.031799115031979956,,,,,,,,,,,,,,,
18.395945285784073,0.01,1,EDS,Gold,"[{""position"": 2.1220810942843182, ""amplitude"": 0.6382747362010759, ""fwhm"": 0.031799115031979956}]",2.1220810942843182,0.6382747362010759,0.031799115031979956,,,,,,,,,,,,,,,
18.405666829506593,0.005132474129290818,1,EDS,Gold,"[{""position"": 2.1220810942843182, ""amplitude"": 0.6382747362010759, ""fwhm"": 0.031799115031979956}]",2.1220810942843182,0.6382747362010759,0.031799115031979956,,,,,,,,,,,,,,,
18.415388373229117,0.0,1,EDS,Gold,"[{""position"": 2.1220810942843182, ""amplitude"": 0.6382747362010759, ""fwhm"": 0.031799115031979956}]",2.1220810942843182,0.6382747362010759,0.031799115031979956,,,,,,,,,,,,,,,
18.425109916951637,0.00020051715187153165,1,EDS,Gold,"[{""position"": 2.1220810942843182, ""amplitude"": 0.6382747362010759, ""fwhm"": 0.031799115031979956}]",2.1220810942843182,0.6382747362010759,0.031799115031979956,,,,,,,,,,,,,,,
18.434831460674157,0.015,1,EDS,Gold,"[{""position"": 2.1220810942843182, ""amplitude"": 0.6382747362010759, ""fwhm"": 0.031799115031979956}]",2.1220810942843182,0.6382747362010759,0.031799115031979956,,,,,,,,,,,,,,,
18.444553004396678,0.0,1,EDS,Gold,"[{""position"": 2.1220810942843182, ""amplitude"": 0.6382747362010759, ""fwhm"": 0.031799115031979956}]",2.1220810942843182,0.6382747362010759,0.031799115031979956,,,,,,,,,,,,,,,
18.454274548119198,0.005258310361095334,1,EDS,Gold,"[{""position"": 2.1220810942843182, ""amplitude"": 0.6382747362010759, ""fwhm"": 0.031799115031979956}]",2.1220810942843182,0.6382747362010759,0.031799115031979956,,,,,,,,,,,,,,,
18.463996091841718,0.005003036768568702,1,EDS,Gold,"[{""position"": 2.1220810942843182, ""amplitude"": 0.6382747362010759, ""fwhm"": 0.031799115031979956}]",2.1220810942843182,0.6382747362010759,0.031799115031979956,,,,,,,,,,,,,,,
18.47371763556424,0.0,1,EDS,Gold,"[{""position"": 2.1220810942843182, ""amplitude"": 0.6382747362010759, ""fwhm"": 0.031799115031979956}]",2.1220810942843182,0.6382747362010759,0.031799115031979956,,,,,,,,,,,,,,,
18.483439179286762,0.0,1,EDS,Gold,"[{""position"": 2.1220810942843182, ""amplitude"": 0.6382747362010759, ""fwhm"": 0.031799115031979956}]",2.1220810942843182,0.6382747362010759,0.031799115031979956,,,,,,,,,,,,,,,
18.493160723009282,0.01,1,EDS,Gold,"[{""position"": 2.1220810942843182, ""amplitude"": 0.6382747362010759, ""fwhm"": 0.031799115031979956}]",2.1220810942843182,0.6382747362010759,0.031799115031979956,,,,,,,,,,,,,,,
18.502882266731802,0.0,1,EDS,Gold,"[{""position"": 2.1220810942843182, ""amplitude"": 0.6382747362010759, ""fwhm"": 0.031799115031979956}]",2.1220810942843182,0.6382747362010759,0.031799115031979956,,,,,,,,,,,,,,,
18.512603810454323,0.0,1,EDS,Gold,"[{""position"": 2.1220810942843182, ""amplitude"": 0.6382747362010759, ""fwhm"": 0.031799115031979956}]",2.1220810942843182,0.6382747362010759,0.031799115031979956,,,,,,,,,,,,,,,
18.522325354176843,0.010755919888567445,1,EDS,Gold,"[{""position"": 2.1220810942843182, ""amplitude"": 0.6382747362010759, ""fwhm"": 0.031799115031979956}]",2.1220810942843182,0.6382747362010759,0.031799115031979956,,,,,,,,,,,,,,,
18.532046897899363,0.0002652306114858272,1,EDS,Gold,"[{""position"": 2.1220810942843182, ""amplitude"": 0.6382747362010759, ""fwhm"": 0.031799115031979956}]",2.1220810942843182,0.6382747362010759,0.031799115031979956,,,,,,,,,,,,,,,
18.541768441621887,0.005,1,EDS,Gold,"[{""position"": 2.1220810942843182, ""amplitude"": 0.6382747362010759, ""fwhm"": 0.031799115031979956}]",2.1220810942843182,0.6382747362010759,0.031799115031979956,,,,,,,,,,,,,,,
18.551489985344407,0.0003295547044492706,1,EDS,Gold,"[{""position"": 2.1220810942843182, ""amplitude"": 0.6382747362010759, ""fwhm"": 0.031799115031979956}]",2.1220810942843182,0.6382747362010759,0.031799115031979956,,,,,,,,,,,,,,,
18.561211529066927,0.005,1,EDS,Gold,"[{""position"": 2.1220810942843182, ""amplitude"": 0.6382747362010759, ""fwhm"": 0.031799115031979956}]",2.1220810942843182,0.6382747362010759,0.031799115031979956,,,,,,,,,,,,,,,
18.570933072789447,0.000554711672269901,1,EDS,Gold,"[{""position"": 2.1220810942843182, ""amplitude"": 0.6382747362010759, ""fwhm"": 0.031799115031979956}]",2.1220810942843182,0.6382747362010759,0.031799115031979956,,,,,,,,,,,,,,,
18.580654616511968,0.01017478521207903,1,EDS,Gold,"[{""position"": 2.1220810942843182, ""amplitude"": 0.6382747362010759, ""fwhm"": 0.031799115031979956}]",2.1220810942843182,0.6382747362010759,0.031799115031979956,,,,,,,,,,,,,,,
18.590376160234488,0.005,1,EDS,Gold,"[{""position"": 2.1220810942843182, ""amplitude"": 0.6382747362010759, ""fwhm"": 0.031799115031979956}]",2.1220810942843182,0.6382747362010759,0.031799115031979956,,,,,,,,,,,,,,,
18.600097703957008,0.00021170282906228364,1,EDS,Gold,"[{""position"": 2.1220810942843182, ""amplitude"": 0.6382747362010759, ""fwhm"": 0.031799115031979956}]",2.1220810942843182,0.6382747362010759,0.031799115031979956,,,,,,,,,,,,,,,
18.609819247679532,0.015,1,EDS,Gold,"[{""position"": 2.1220810942843182, ""amplitude"": 0.6382747362010759, ""fwhm"": 0.031799115031979956}]",2.1220810942843182,0.6382747362010759,0.031799115031979956,,,,,,,,,,,,,,,
18.619540791402052,0.005,1,EDS,Gold,"[{""position"": 2.1220810942843182, ""amplitude"": 0.6382747362010759, ""fwhm"": 0.031799115031979956}]",2.1220810942843182,0.6382747362010759,0.031799115031979956,,,,,,,,,,,,,,,
18.629262335124572,0.015,1,EDS,Gold,"[{""position"": 2.1220810942843182, ""amplitude"": 0.6382747362010759, ""fwhm"": 0.031799115031979956}]",2.1220810942843182,0.6382747362010759,0.031799115031979956,,,,,,,,,,,,,,,
18.638983878847093,0.010067590604267703,1,EDS,Gold,"[{""position"": 2.1220810942843182, ""amplitude"": 0.6382747362010759, ""fwhm"": 0.031799115031979956}]",2.1220810942843182,0.6382747362010759,0.031799115031979956,,,,,,,,,,,,,,,
18.648705422569613,0.000819219255827865,1,EDS,Gold,"[{""position"": 2.1220810942843182, ""amplitude"": 0.6382747362010759, ""fwhm"": 0.031799115031979956}]",2.1220810942843182,0.6382747362010759,0.031799115031979956,,,,,,,,,,,,,,,
18.658426966292133,0.006055069679532817,1,EDS,Gold,"[{""position"": 2.1220810942843182, ""amplitude"": 0.6382747362010759, ""fwhm"": 0.031799115031979956}]",2.1220810942843182,0.6382747362010759,0.031799115031979956,,,,,,,,,,,,,,,
18.668148510014657,0.005301702293289118,1,EDS,Gold,"[{""position"": 2.1220810942843182, ""amplitude"": 0.6382747362010759, ""fwhm"": 0.031799115031979956}]",2.1220810942843182,0.6382747362010759,0.031799115031979956,,,,,,,,,,,,,,,
18.677870053737177,0.005236824176513011,1,EDS,Gold,"[{""position"": 2.1220810942843182, ""amplitude"": 0.6382747362010759, ""fwhm"": 0.031799115031979956}]",2.1220810942843182,0.6382747362010759,0.031799115031979956,,,,,,,,,,,,,,,
18.687591597459697,0.0,1,EDS,Gold,"[{""position"": 2.1220810942843182, ""amplitude"": 0.6382747362010759, ""fwhm"": 0.031799115031979956}]",2.1220810942843182,0.6382747362010759,0.031799115031979956,,,,,,,,,,,,,,,
18.697313141182217,0.01,1,EDS,Gold,"[{""position"": 2.1220810942843182, ""amplitude"": 0.6382747362010759, ""fwhm"": 0.031799115031979956}]",2.1220810942843182,0.6382747362010759,0.031799115031979956,,,,,,,,,,,,,,,
18.707034684904738,0.0,1,EDS,Gold,"[{""position"": 2.1220810942843182, ""amplitude"": 0.6382747362010759, ""fwhm"": 0.031799115031979956}]",2.1220810942843182,0.6382747362010759,0.031799115031979956,,,,,,,,,,,,,,,
18.716756228627258,0.01,1,EDS,Gold,"[{""position"": 2.1220810942843182, ""amplitude"": 0.6382747362010759, ""fwhm"": 0.031799115031979956}]",2.1220810942843182,0.6382747362010759,0.031799115031979956,,,,,,,,,,,,,,,
18.72647777234978,0.0,1,EDS,Gold,"[{""position"": 2.1220810942843182, ""amplitude"": 0.6382747362010759, ""fwhm"": 0.031799115031979956}]",2.1220810942843182,0.6382747362010759,0.031799115031979956,,,,,,,,,,,,,,,
18.7361993160723,0.02,1,EDS,Gold,"[{""position"": 2.1220810942843182, ""amplitude"": 0.6382747362010759, ""fwhm"": 0.031799115031979956}]",2.1220810942843182,0.6382747362010759,0.031799115031979956,,,,,,,,,,,,,,,
18.745920859794822,0.005,1,EDS,Gold,"[{""position"": 2.1220810942843182, ""amplitude"": 0.6382747362010759, ""fwhm"": 0.031799115031979956}]",2.1220810942843182,0.6382747362010759,0.031799115031979956,,,,,,,,,,,,,,,
18.755642403517342,0.0003536491653028867,1,EDS,Gold,"[{""position"": 2.1220810942843182, ""amplitude"": 0.6382747362010759, ""fwhm"": 0.031799115031979956}]",2.1220810942843182,0.6382747362010759,0.031799115031979956,,,,,,,,,,,,,,,
18.765363947239862,0.005,1,EDS,Gold,"[{""position"": 2.1220810942843182, ""amplitude"": 0.6382747362010759, ""fwhm"": 0.031799115031979956}]",2.1220810942843182,0.6382747362010759,0.031799115031979956,,,,,,,,,,,,,,,
18.775085490962383,0.01011312781594072,1,EDS,Gold,"[{""position"": 2.1220810942843182, ""amplitude"": 0.6382747362010759, ""fwhm"": 0.031799115031979956}]",2.1220810942843182,0.6382747362010759,0.031799115031979956,,,,,,,,,,,,,,,
18.784807034684903,0.005980729437692043,1,EDS,Gold,"[{""position"": 2.1220810942843182, ""amplitude"": 0.6382747362010759, ""fwhm"": 0.031799115031979956}]",2.1220810942843182,0.6382747362010759,0.031799115031979956,,,,,,,,,,,,,,,
18.794528578407427,0.005,1,EDS,Gold,"[{""position"": 2.1220810942843182, ""amplitude"": 0.6382747362010759, ""fwhm"": 0.031799115031979956}]",2.1220810942843182,0.6382747362010759,0.031799115031979956,,,,,,,,,,,,,,,
18.804250122129947,0.01,1,EDS,Gold,"[{""position"": 2.1220810942843182, ""amplitude"": 0.6382747362010759, ""fwhm"": 0.031799115031979956}]",2.1220810942843182,0.6382747362010759,0.031799115031979956,,,,,,,,,,,,,,,
18.813971665852467,0.005,1,EDS,Gold,"[{""position"": 2.1220810942843182, ""amplitude"": 0.6382747362010759, ""fwhm"": 0.031799115031979956}]",2.1220810942843182,0.6382747362010759,0.031799115031979956,,,,,,,,,,,,,,,
18.823693209574987,0.010520588470026581,1,EDS,Gold,"[{""position"": 2.1220810942843182, ""amplitude"": 0.6382747362010759, ""fwhm"": 0.031799115031979956}]",2.1220810942843182,0.6382747362010759,0.031799115031979956,,,,,,,,,,,,,,,
18.833414753297507,0.005926004071869967,1,EDS,Gold,"[{""position"": 2.1220810942843182, ""amplitude"": 0.6382747362010759, ""fwhm"": 0.031799115031979956}]",2.1220810942843182,0.6382747362010759,0.031799115031979956,,,,,,,,,,,,,,,
18.843136297020028,0.005,1,EDS,Gold,"[{""position"": 2.1220810942843182, ""amplitude"": 0.6382747362010759, ""fwhm"": 0.031799115031979956}]",2.1220810942843182,0.6382747362010759,0.031799115031979956,,,,,,,,,,,,,,,
18.85285784074255,0.005234864095347536,1,EDS,Gold,"[{""position"": 2.1220810942843182, ""amplitude"": 0.6382747362010759, ""fwhm"": 0.031799115031979956}]",2.1220810942843182,0.6382747362010759,0.031799115031979956,,,,,,,,,,,,,,,
18.86257938446507,0.0,1,EDS,Gold,"[{""position"": 2.1220810942843182, ""amplitude"": 0.6382747362010759, ""fwhm"": 0.031799115031979956}]",2.1220810942843182,0.6382747362010759,0.031799115031979956,,,,,,,,,,,,,,,
18.87230092818759,0.01,1,EDS,Gold,"[{""position"": 2.1220810942843182, ""amplitude"": 0.6382747362010759, ""fwhm"": 0.031799115031979956}]",2.1220810942843182,0.6382747362010759,0.031799115031979956,,,,,,,,,,,,,,,
18.882022471910112,0.0012503770469753453,1,EDS,Gold,"[{""position"": 2.1220810942843182, ""amplitude"": 0.6382747362010759, ""fwhm"": 0.031799115031979956}]",2.1220810942843182,0.6382747362010759,0.031799115031979956,,,,,,,,,,,,,,,
18.891744015632632,0.005,1,EDS,Gold,"[{""position"": 2.1220810942843182, ""amplitude"": 0.6382747362010759, ""fwhm"": 0.031799115031979956}]",2.1220810942843182,0.6382747362010759,0.031799115031979956,,,,,,,,,,,,,,,
18.901465559355152,0.00011998073132144765,1,EDS,Gold,"[{""position"": 2.1220810942843182, ""amplitude"": 0.6382747362010759, ""fwhm"": 0.031799115031979956}]",2.1220810942843182,0.6382747362010759,0.031799115031979956,,,,,,,,,,,,,,,
18.911187103077673,0.0052211485916389315,1,EDS,Gold,"[{""position"": 2.1220810942843182, ""amplitude"": 0.6382747362010759, ""fwhm"": 0.031799115031979956}]",2.1220810942843182,0.6382747362010759,0.031799115031979956,,,,,,,,,,,,,,,
18.920908646800196,0.010513413774408445,1,EDS,Gold,"[{""position"": 2.1220810942843182, ""amplitude"": 0.6382747362010759, ""fwhm"": 0.031799115031979956}]",2.1220810942843182,0.6382747362010759,0.031799115031979956,,,,,,,,,,,,,,,
18.930630190522717,0.010046331308008272,1,EDS,Gold,"[{""position"": 2.1220810942843182, ""amplitude"": 0.6382747362010759, ""fwhm"": 0.031799115031979956}]",2.1220810942843182,0.6382747362010759,0.031799115031979956,,,,,,,,,,,,,,,
18.940351734245237,0.00014566161551555123,1,EDS,Gold,"[{""position"": 2.1220810942843182, ""amplitude"": 0.6382747362010759, ""fwhm"": 0.031799115031979956}]",2.1220810942843182,0.6382747362010759,0.031799115031979956,,,,,,,,,,,,,,,
18.950073277967757,0.005,1,EDS,Gold,"[{""position"": 2.1220810942843182, ""amplitude"": 0.6382747362010759, ""fwhm"": 0.031799115031979956}]",2.1220810942843182,0.6382747362010759,0.031799115031979956,,,,,,,,,,,,,,,
18.959794821690277,0.010127256602451102,1,EDS,Gold,"[{""position"": 2.1220810942843182, ""amplitude"": 0.6382747362010759, ""fwhm"": 0.031799115031979956}]",2.1220810942843182,0.6382747362010759,0.031799115031979956,,,,,,,,,,,,,,,
18.969516365412797,0.015,1,EDS,Gold,"[{""position"": 2.1220810942843182, ""amplitude"": 0.6382747362010759, ""fwhm"": 0.031799115031979956}]",2.1220810942843182,0.6382747362010759,0.031799115031979956,,,,,,,,,,,,,,,
18.97923790913532,0.01029391010248265,1,EDS,Gold,"[{""position"": 2.1220810942843182, ""amplitude"": 0.6382747362010759, ""fwhm"": 0.031799115031979956}]",2.1220810942843182,0.6382747362010759,0.031799115031979956,,,,,,,,,,,,,,,
18.98895945285784,0.005,1,EDS,Gold,"[{""position"": 2.1220810942843182, ""amplitude"": 0.6382747362010759, ""fwhm"": 0.031799115031979956}]",2.1220810942843182,0.6382747362010759,0.031799115031979956,,,,,,,,,,,,,,,
18.99868099658036,0.00017831182076735738,1,EDS,Gold,"[{""position"": 2.1220810942843182, ""amplitude"": 0.6382747362010759, ""fwhm"": 0.031799115031979956}]",2.1220810942843182,0.6382747362010759,0.031799115031979956,,,,,,,,,,,,,,,
19.008402540302882,0.005,1,EDS,Gold,"[{""position"": 2.1220810942843182, ""amplitude"": 0.6382747362010759, ""fwhm"": 0.031799115031979956}]",2.1220810942843182,0.6382747362010759,0.031799115031979956,,,,,,,,,,,,,,,
19.018124084025402,0.0005324525610090075,1,EDS,Gold,"[{""position"": 2.1220810942843182, ""amplitude"": 0.6382747362010759, ""fwhm"": 0.031799115031979956}]",2.1220810942843182,0.6382747362010759,0.031799115031979956,,,,,,,,,,,,,,,
19.027845627747922,0.005,1,EDS,Gold,"[{""position"": 2.1220810942843182, ""amplitude"": 0.6382747362010759, ""fwhm"": 0.031799115031979956}]",2.1220810942843182,0.6382747362010759,0.031799115031979956,,,,,,,,,,,,,,,
19.037567171470442,0.005,1,EDS,Gold,"[{""position"": 2.1220810942843182, ""amplitude"": 0.6382747362010759, ""fwhm"": 0.031799115031979956}]",2.1220810942843182,0.6382747362010759,0.031799115031979956,,,,,,,,,,,,,,,
19.047288715192966,0.01059669924533718,1,EDS,Gold,"[{""position"": 2.1220810942843182, ""amplitude"": 0.6382747362010759, ""fwhm"": 0.031799115031979956}]",2.1220810942843182,0.6382747362010759,0.031799115031979956,,,,,,,,,,,,,,,
19.057010258915486,0.015,1,EDS,Gold,"[{""position"": 2.1220810942843182, ""amplitude"": 0.6382747362010759, ""fwhm"": 0.031799115031979956}]",2.1220810942843182,0.6382747362010759,0.031799115031979956,,,,,,,,,,,,,,,
19.066731802638007,0.0,1,EDS,Gold,"[{""position"": 2.1220810942843182, ""amplitude"": 0.6382747362010759, ""fwhm"": 0.031799115031979956}]",2.1220810942843182,0.6382747362010759,0.031799115031979956,,,,,,,,,,,,,,,
19.076453346360527,0.005,1,EDS,Gold,"[{""position"": 2.1220810942843182, ""amplitude"": 0.6382747362010759, ""fwhm"": 0.031799115031979956}]",2.1220810942843182,0.6382747362010759,0.031799115031979956,,,,,,,,,,,,,,,
19.086174890083047,0.005649902686097094,1,EDS,Gold,"[{""position"": 2.1220810942843182, ""amplitude"": 0.6382747362010759, ""fwhm"": 0.031799115031979956}]",2.1220810942843182,0.6382747362010759,0.031799115031979956,,,,,,,,,,,,,,,
19.095896433805567,0.0,1,EDS,Gold,"[{""position"": 2.1220810942843182, ""amplitude"": 0.6382747362010759, ""fwhm"": 0.031799115031979956}]",2.1220810942843182,0.6382747362010759,0.031799115031979956,,,,,,,,,,,,,,,
19.10561797752809,0.001483683557997406,1,EDS,Gold,"[{""position"": 2.1220810942843182, ""amplitude"": 0.6382747362010759, ""fwhm"": 0.031799115031979956}]",2.1220810942843182,0.6382747362010759,0.031799115031979956,,,,,,,,,,,,,,,
19.11533952125061,0.0004993561807500444,1,EDS,Gold,"[{""position"": 2.1220810942843182, ""amplitude"": 0.6382747362010759, ""fwhm"": 0.031799115031979956}]",2.1220810942843182,0.6382747362010759,0.031799115031979956,,,,,,,,,,,,,,,
19.12506106497313,0.010105558461057517,1,EDS,Gold,"[{""position"": 2.1220810942843182, ""amplitude"": 0.6382747362010759, ""fwhm"": 0.031799115031979956}]",2.1220810942843182,0.6382747362010759,0.031799115031979956,,,,,,,,,,,,,,,
19.13478260869565,0.005,1,EDS,Gold,"[{""position"": 2.1220810942843182, ""amplitude"": 0.6382747362010759, ""fwhm"": 0.031799115031979956}]",2.1220810942843182,0.6382747362010759,0.031799115031979956,,,,,,,,,,,,,,,
19.144504152418172,0.0051350241682023125,1,EDS,Gold,"[{""position"": 2.1220810942843182, ""amplitude"": 0.6382747362010759, ""fwhm"": 0.031799115031979956}]",2.1220810942843182,0.6382747362010759,0.031799115031979956,,,,,,,,,,,,,,,
19.154225696140692,0.02024641260139105,1,EDS,Gold,"[{""position"": 2.1220810942843182, ""amplitude"": 0.6382747362010759, ""fwhm"": 0.031799115031979956}]",2.1220810942843182,0.6382747362010759,0.031799115031979956,,,,,,,,,,,,,,,
19.163947239863212,0.015305090017880156,1,EDS,Gold,"[{""position"": 2.1220810942843182, ""amplitude"": 0.6382747362010759, ""fwhm"": 0.031799115031979956}]",2.1220810942843182,0.6382747362010759,0.031799115031979956,,,,,,,,,,,,,,,
19.173668783585736,0.00026271742369287347,1,EDS,Gold,"[{""position"": 2.1220810942843182, ""amplitude"": 0.6382747362010759, ""fwhm"": 0.031799115031979956}]",2.1220810942843182,0.6382747362010759,0.031799115031979956,,,,,,,,,,,,,,,
19.183390327308256,0.005042358201260185,1,EDS,Gold,"[{""position"": 2.1220810942843182, ""amplitude"": 0.6382747362010759, ""fwhm"": 0.031799115031979956}]",2.1220810942843182,0.6382747362010759,0.031799115031979956,,,,,,,,,,,,,,,
19.193111871030776,0.005,1,EDS,Gold,"[{""position"": 2.1220810942843182, ""amplitude"": 0.6382747362010759, ""fwhm"": 0.031799115031979956}]",2.1220810942843182,0.6382747362010759,0.031799115031979956,,,,,,,,,,,,,,,
19.202833414753297,0.005,1,EDS,Gold,"[{""position"": 2.1220810942843182, ""amplitude"": 0.6382747362010759, ""fwhm"": 0.031799115031979956}]",2.1220810942843182,0.6382747362010759,0.031799115031979956,,,,,,,,,,,,,,,
19.212554958475817,0.0,1,EDS,Gold,"[{""position"": 2.1220810942843182, ""amplitude"": 0.6382747362010759, ""fwhm"": 0.031799115031979956}]",2.1220810942843182,0.6382747362010759,0.031799115031979956,,,,,,,,,,,,,,,
19.222276502198337,0.010536102888177804,1,EDS,Gold,"[{""position"": 2.1220810942843182, ""amplitude"": 0.6382747362010759, ""fwhm"": 0.031799115031979956}]",2.1220810942843182,0.6382747362010759,0.031799115031979956,,,,,,,,,,,,,,,
19.23199804592086,0.005280663137960173,1,EDS,Gold,"[{""position"": 2.1220810942843182, ""amplitude"": 0.6382747362010759, ""fwhm"": 0.031799115031979956}]",2.1220810942843182,0.6382747362010759,0.031799115031979956,,,,,,,,,,,,,,,
19.24171958964338,0.005,1,EDS,Gold,"[{""position"": 2.1220810942843182, ""amplitude"": 0.6382747362010759, ""fwhm"": 0.031799115031979956}]",2.1220810942843182,0.6382747362010759,0.031799115031979956,,,,,,,,,,,,,,,
19.2514411333659,0.005310142507398392,1,EDS,Gold,"[{""position"": 2.1220810942843182, ""amplitude"": 0.6382747362010759, ""fwhm"": 0.031799115031979956}]",2.1220810942843182,0.6382747362010759,0.031799115031979956,,,,,,,,,,,,,,,
19.26116267708842,0.0050920809577796895,1,EDS,Gold,"[{""position"": 2.1220810942843182, ""amplitude"": 0.6382747362010759, ""fwhm"": 0.031799115031979956}]",2.1220810942843182,0.6382747362010759,0.031799115031979956,,,,,,,,,,,,,,,
19.27088422081094,0.005,1,EDS,Gold,"[{""position"": 2.1220810942843182, ""amplitude"": 0.6382747362010759, ""fwhm"": 0.031799115031979956}]",2.1220810942843182,0.6382747362010759,0.031799115031979956,,,,,,,,,,,,,,,
19.280605764533462,0.0,1,EDS,Gold,"[{""position"": 2.1220810942843182, ""amplitude"": 0.6382747362010759, ""fwhm"": 0.031799115031979956}]",2.1220810942843182,0.6382747362010759,0.031799115031979956,,,,,,,,,,,,,,,
19.290327308255986,0.0055315364000930855,1,EDS,Gold,"[{""position"": 2.1220810942843182, ""amplitude"": 0.6382747362010759, ""fwhm"": 0.031799115031979956}]",2.1220810942843182,0.6382747362010759,0.031799115031979956,,,,,,,,,,,,,,,
19.300048851978506,0.0004480376351190007,1,EDS,Gold,"[{""position"": 2.1220810942843182, ""amplitude"": 0.6382747362010759, ""fwhm"": 0.031799115031979956}]",2.1220810942843182,0.6382747362010759,0.031799115031979956,,,,,,,,,,,,,,,
19.309770395701026,0.005,1,EDS,Gold,"[{""position"": 2.1220810942843182, ""amplitude"": 0.6382747362010759, ""fwhm"": 0.031799115031979956}]",2.1220810942843182,0.6382747362010759,0.031799115031979956,,,,,,,,,,,,,,,
19.319491939423546,0.00019247456549599792,1,EDS,Gold,"[{""position"": 2.1220810942843182, ""amplitude"": 0.6382747362010759, ""fwhm"": 0.031799115031979956}]",2.1220810942843182,0.6382747362010759,0.031799115031979956,,,,,,,,,,,,,,,
19.329213483146066,0.02,1,EDS,Gold,"[{""position"": 2.1220810942843182, ""amplitude"": 0.6382747362010759, ""fwhm"": 0.031799115031979956}]",2.1220810942843182,0.6382747362010759,0.031799115031979956,,,,,,,,,,,,,,,
19.338935026868587,0.0,1,EDS,Gold,"[{""position"": 2.1220810942843182, ""amplitude"": 0.6382747362010759, ""fwhm"": 0.031799115031979956}]",2.1220810942843182,0.6382747362010759,0.031799115031979956,,,,,,,,,,,,,,,
19.348656570591107,0.015,1,EDS,Gold,"[{""position"": 2.1220810942843182, ""amplitude"": 0.6382747362010759, ""fwhm"": 0.031799115031979956}]",2.1220810942843182,0.6382747362010759,0.031799115031979956,,,,,,,,,,,,,,,
19.35837811431363,0.0004077825236065388,1,EDS,Gold,"[{""position"": 2.1220810942843182, ""amplitude"": 0.6382747362010759, ""fwhm"": 0.031799115031979956}]",2.1220810942843182,0.6382747362010759,0.031799115031979956,,,,,,,,,,,,,,,
19.36809965803615,0.015450684923718386,1,EDS,Gold,"[{""position"": 2.1220810942843182, ""amplitude"": 0.6382747362010759, ""fwhm"": 0.031799115031979956}]",2.1220810942843182,0.6382747362010759,0.031799115031979956,,,,,,,,,,,,,,,
19.37782120175867,0.00024261230416657568,1,EDS,Gold,"[{""position"": 2.1220810942843182, ""amplitude"": 0.6382747362010759, ""fwhm"": 0.031799115031979956}]",2.1220810942843182,0.6382747362010759,0.031799115031979956,,,,,,,,,,,,,,,
19.38754274548119,0.00034286134958836056,1,EDS,Gold,"[{""position"": 2.1220810942843182, ""amplitude"": 0.6382747362010759, ""fwhm"": 0.031799115031979956}]",2.1220810942843182,0.6382747362010759,0.031799115031979956,,,,,,,,,,,,,,,
19.39726428920371,0.005244074765511695,1,EDS,Gold,"[{""position"": 2.1220810942843182, ""amplitude"": 0.6382747362010759, ""fwhm"": 0.031799115031979956}]",2.1220810942843182,0.6382747362010759,0.031799115031979956,,,,,,,,,,,,,,,
19.40698583292623,0.0,1,EDS,Gold,"[{""position"": 2.1220810942843182, ""amplitude"": 0.6382747362010759, ""fwhm"": 0.031799115031979956}]",2.1220810942843182,0.6382747362010759,0.031799115031979956,,,,,,,,,,,,,,,
19.416707376648755,0.005204234460150836,1,EDS,Gold,"[{""position"": 2.1220810942843182, ""amplitude"": 0.6382747362010759, ""fwhm"": 0.031799115031979956}]",2.1220810942843182,0.6382747362010759,0.031799115031979956,,,,,,,,,,,,,,,
19.426428920371276,0.005378473430711674,1,EDS,Gold,"[{""position"": 2.1220810942843182, ""amplitude"": 0.6382747362010759, ""fwhm"": 0.031799115031979956}]",2.1220810942843182,0.6382747362010759,0.031799115031979956,,,,,,,,,,,,,,,
19.436150464093796,0.02035666645429964,1,EDS,Gold,"[{""position"": 2.1220810942843182, ""amplitude"": 0.6382747362010759, ""fwhm"": 0.031799115031979956}]",2.1220810942843182,0.6382747362010759,0.031799115031979956,,,,,,,,,,,,,,,
19.445872007816316,0.0005621773708814785,1,EDS,Gold,"[{""position"": 2.1220810942843182, ""amplitude"": 0.6382747362010759, ""fwhm"": 0.031799115031979956}]",2.1220810942843182,0.6382747362010759,0.031799115031979956,,,,,,,,,,,,,,,
19.455593551538836,0.00033492128540100547,1,EDS,Gold,"[{""position"": 2.1220810942843182, ""amplitude"": 0.6382747362010759, ""fwhm"": 0.031799115031979956}]",2.1220810942843182,0.6382747362010759,0.031799115031979956,,,,,,,,,,,,,,,
19.465315095261357,0.010166182191282512,1,EDS,Gold,"[{""position"": 2.1220810942843182, ""amplitude"": 0.6382747362010759, ""fwhm"": 0.031799115031979956}]",2.1220810942843182,0.6382747362010759,0.031799115031979956,,,,,,,,,,,,,,,
19.475036638983877,0.005506020255015483,1,EDS,Gold,"[{""position"": 2.1220810942843182, ""amplitude"": 0.6382747362010759, ""fwhm"": 0.031799115031979956}]",2.1220810942843182,0.6382747362010759,0.031799115031979956,,,,,,,,,,,,,,,
19.4847581827064,0.01,1,EDS,Gold,"[{""position"": 2.1220810942843182, ""amplitude"": 0.6382747362010759, ""fwhm"": 0.031799115031979956}]",2.1220810942843182,0.6382747362010759,0.031799115031979956,,,,,,,,,,,,,,,
19.49447972642892,0.005,1,EDS,Gold,"[{""position"": 2.1220810942843182, ""amplitude"": 0.6382747362010759, ""fwhm"": 0.031799115031979956}]",2.1220810942843182,0.6382747362010759,0.031799115031979956,,,,,,,,,,,,,,,
19.50420127015144,0.005,1,EDS,Gold,"[{""position"": 2.1220810942843182, ""amplitude"": 0.6382747362010759, ""fwhm"": 0.031799115031979956}]",2.1220810942843182,0.6382747362010759,0.031799115031979956,,,,,,,,,,,,,,,
19.51392281387396,0.0,1,EDS,Gold,"[{""position"": 2.1220810942843182, ""amplitude"": 0.6382747362010759, ""fwhm"": 0.031799115031979956}]",2.1220810942843182,0.6382747362010759,0.031799115031979956,,,,,,,,,,,,,,,
19.52364435759648,0.005,1,EDS,Gold,"[{""position"": 2.1220810942843182, ""amplitude"": 0.6382747362010759, ""fwhm"": 0.031799115031979956}]",2.1220810942843182,0.6382747362010759,0.031799115031979956,,,,,,,,,,,,,,,
19.533365901319,0.005,1,EDS,Gold,"[{""position"": 2.1220810942843182, ""amplitude"": 0.6382747362010759, ""fwhm"": 0.031799115031979956}]",2.1220810942843182,0.6382747362010759,0.031799115031979956,,,,,,,,,,,,,,,
19.543087445041525,0.0,1,EDS,Gold,"[{""position"": 2.1220810942843182, ""amplitude"": 0.6382747362010759, ""fwhm"": 0.031799115031979956}]",2.1220810942843182,0.6382747362010759,0.031799115031979956,,,,,,,,,,,,,,,
19.552808988764045,0.01,1,EDS,Gold,"[{""position"": 2.1220810942843182, ""amplitude"": 0.6382747362010759, ""fwhm"": 0.031799115031979956}]",2.1220810942843182,0.6382747362010759,0.031799115031979956,,,,,,,,,,,,,,,
19.562530532486566,0.0,1,EDS,Gold,"[{""position"": 2.1220810942843182, ""amplitude"": 0.6382747362010759, ""fwhm"": 0.031799115031979956}]",2.1220810942843182,0.6382747362010759,0.031799115031979956,,,,,,,,,,,,,,,
19.572252076209086,0.010100855872693026,1,EDS,Gold,"[{""position"": 2.1220810942843182, ""amplitude"": 0.6382747362010759, ""fwhm"": 0.031799115031979956}]",2.1220810942843182,0.6382747362010759,0.031799115031979956,,,,,,,,,,,,,,,
19.581973619931606,5.700087037940031e-07,1,EDS,Gold,"[{""position"": 2.1220810942843182, ""amplitude"": 0.6382747362010759, ""fwhm"": 0.031799115031979956}]",2.1220810942843182,0.6382747362010759,0.031799115031979956,,,,,,,,,,,,,,,
19.591695163654126,0.0,1,EDS,Gold,"[{""position"": 2.1220810942843182, ""amplitude"": 0.6382747362010759, ""fwhm"": 0.031799115031979956}]",2.1220810942843182,0.6382747362010759,0.031799115031979956,,,,,,,,,,,,,,,
19.601416707376647,0.0053117241386432135,1,EDS,Gold,"[{""position"": 2.1220810942843182, ""amplitude"": 0.6382747362010759, ""fwhm"": 0.031799115031979956}]",2.1220810942843182,0.6382747362010759,0.031799115031979956,,,,,,,,,,,,,,,
19.61113825109917,0.0004433297897340757,1,EDS,Gold,"[{""position"": 2.1220810942843182, ""amplitude"": 0.6382747362010759, ""fwhm"": 0.031799115031979956}]",2.1220810942843182,0.6382747362010759,0.031799115031979956,,,,,,,,,,,,,,,
19.62085979482169,0.01,1,EDS,Gold,"[{""position"": 2.1220810942843182, ""amplitude"": 0.6382747362010759, ""fwhm"": 0.031799115031979956}]",2.1220810942843182,0.6382747362010759,0.031799115031979956,,,,,,,,,,,,,,,
19.63058133854421,0.005,1,EDS,Gold,"[{""position"": 2.1220810942843182, ""amplitude"": 0.6382747362010759, ""fwhm"": 0.031799115031979956}]",2.1220810942843182,0.6382747362010759,0.031799115031979956,,,,,,,,,,,,,,,
19.64030288226673,0.0,1,EDS,Gold,"[{""position"": 2.1220810942843182, ""amplitude"": 0.6382747362010759, ""fwhm"": 0.031799115031979956}]",2.1220810942843182,0.6382747362010759,0.031799115031979956,,,,,,,,,,,,,,,
19.65002442598925,0.0,1,EDS,Gold,"[{""position"": 2.1220810942843182, ""amplitude"": 0.6382747362010759, ""fwhm"": 0.031799115031979956}]",2.1220810942843182,0.6382747362010759,0.031799115031979956,,,,,,,,,,,,,,,
19.65974596971177,0.005392216957969899,1,EDS,Gold,"[{""position"": 2.1220810942843182, ""amplitude"": 0.6382747362010759, ""fwhm"": 0.031799115031979956}]",2.1220810942843182,0.6382747362010759,0.031799115031979956,,,,,,,,,,,,,,,
19.669467513434295,0.01,1,EDS,Gold,"[{""position"": 2.1220810942843182, ""amplitude"": 0.6382747362010759, ""fwhm"": 0.031799115031979956}]",2.1220810942843182,0.6382747362010759,0.031799115031979956,,,,,,,,,,,,,,,
19.679189057156815,0.005,1,EDS,Gold,"[{""position"": 2.1220810942843182, ""amplitude"": 0.6382747362010759, ""fwhm"": 0.031799115031979956}]",2.1220810942843182,0.6382747362010759,0.031799115031979956,,,,,,,,,,,,,,,
19.688910600879336,0.015,1,EDS,Gold,"[{""position"": 2.1220810942843182, ""amplitude"": 0.6382747362010759, ""fwhm"": 0.031799115031979956}]",2.1220810942843182,0.6382747362010759,0.031799115031979956,,,,,,,,,,,,,,,
19.698632144601856,0.005300457246258946,1,EDS,Gold,"[{""position"": 2.1220810942843182, ""amplitude"": 0.6382747362010759, ""fwhm"": 0.031799115031979956}]",2.1220810942843182,0.6382747362010759,0.031799115031979956,,,,,,,,,,,,,,,
19.708353688324376,0.005,1,EDS,Gold,"[{""position"": 2.1220810942843182, ""amplitude"": 0.6382747362010759, ""fwhm"": 0.031799115031979956}]",2.1220810942843182,0.6382747362010759,0.031799115031979956,,,,,,,,,,,,,,,
19.718075232046896,2.8339128250653025e-05,1,EDS,Gold,"[{""position"": 2.1220810942843182, ""amplitude"": 0.6382747362010759, ""fwhm"": 0.031799115031979956}]",2.1220810942843182,0.6382747362010759,0.031799115031979956,,,,,,,,,,,,,,,
19.727796775769416,0.005131157611198435,1,EDS,Gold,"[{""position"": 2.1220810942843182, ""amplitude"": 0.6382747362010759, ""fwhm"": 0.031799115031979956}]",2.1220810942843182,0.6382747362010759,0.031799115031979956,,,,,,,,,,,,,,,
19.73751831949194,0.0006433870544555242,1,EDS,Gold,"[{""position"": 2.1220810942843182, ""amplitude"": 0.6382747362010759, ""fwhm"": 0.031799115031979956}]",2.1220810942843182,0.6382747362010759,0.031799115031979956,,,,,,,,,,,,,,,
19.74723986321446,0.005,1,EDS,Gold,"[{""position"": 2.1220810942843182, ""amplitude"": 0.6382747362010759, ""fwhm"": 0.031799115031979956}]",2.1220810942843182,0.6382747362010759,0.031799115031979956,,,,,,,,,,,,,,,
19.75696140693698,0.005,1,EDS,Gold,"[{""position"": 2.1220810942843182, ""amplitude"": 0.6382747362010759, ""fwhm"": 0.031799115031979956}]",2.1220810942843182,0.6382747362010759,0.031799115031979956,,,,,,,,,,,,,,,
19.7666829506595,8.693320824476341e-05,1,EDS,Gold,"[{""position"": 2.1220810942843182, ""amplitude"": 0.6382747362010759, ""fwhm"": 0.031799115031979956}]",2.1220810942843182,0.6382747362010759,0.031799115031979956,,,,,,,,,,,,,,,
19.77640449438202,0.0008513712323791998,1,EDS,Gold,"[{""position"": 2.1220810942843182, ""amplitude"": 0.6382747362010759, ""fwhm"": 0.031799115031979956}]",2.1220810942843182,0.6382747362010759,0.031799115031979956,,,,,,,,,,,,,,,
19.78612603810454,0.010585835452834374,1,EDS,Gold,"[{""position"": 2.1220810942843182, ""amplitude"": 0.6382747362010759, ""fwhm"": 0.031799115031979956}]",2.1220810942843182,0.6382747362010759,0.031799115031979956,,,,,,,,,,,,,,,
19.795847581827065,0.0050991373986428,1,EDS,Gold,"[{""position"": 2.1220810942843182, ""amplitude"": 0.6382747362010759, ""fwhm"": 0.031799115031979956}]",2.1220810942843182,0.6382747362010759,0.031799115031979956,,,,,,,,,,,,,,,
19.805569125549585,0.01,1,EDS,Gold,"[{""position"": 2.1220810942843182, ""amplitude"": 0.6382747362010759, ""fwhm"": 0.031799115031979956}]",2.1220810942843182,0.6382747362010759,0.031799115031979956,,,,,,,,,,,,,,,
19.815290669272105,0.00038164770473882474,1,EDS,Gold,"[{""position"": 2.1220810942843182, ""amplitude"": 0.6382747362010759, ""fwhm"": 0.031799115031979956}]",2.1220810942843182,0.6382747362010759,0.031799115031979956,,,,,,,,,,,,,,,
19.825012212994626,0.01,1,EDS,Gold,"[{""position"": 2.1220810942843182, ""amplitude"": 0.6382747362010759, ""fwhm"": 0.031799115031979956}]",2.1220810942843182,0.6382747362010759,0.031799115031979956,,,,,,,,,,,,,,,
19.834733756717146,0.010225245644300803,1,EDS,Gold,"[{""position"": 2.1220810942843182, ""amplitude"": 0.6382747362010759, ""fwhm"": 0.031799115031979956}]",2.1220810942843182,0.6382747362010759,0.031799115031979956,,,,,,,,,,,,,,,
19.844455300439666,0.00023901143006481638,1,EDS,Gold,"[{""position"": 2.1220810942843182, ""amplitude"": 0.6382747362010759, ""fwhm"": 0.031799115031979956}]",2.1220810942843182,0.6382747362010759,0.031799115031979956,,,,,,,,,,,,,,,
19.85417684416219,0.0005013199722372941,1,EDS,Gold,"[{""position"": 2.1220810942843182, ""amplitude"": 0.6382747362010759, ""fwhm"": 0.031799115031979956}]",2.1220810942843182,0.6382747362010759,0.031799115031979956,,,,,,,,,,,,,,,
19.86389838788471,0.00630490451400798,1,EDS,Gold,"[{""position"": 2.1220810942843182, ""amplitude"": 0.6382747362010759, ""fwhm"": 0.031799115031979956}]",2.1220810942843182,0.6382747362010759,0.031799115031979956,,,,,,,,,,,,,,,
19.87361993160723,0.005185553785509911,1,EDS,Gold,"[{""position"": 2.1220810942843182, ""amplitude"": 0.6382747362010759, ""fwhm"": 0.031799115031979956}]",2.1220810942843182,0.6382747362010759,0.031799115031979956,,,,,,,,,,,,,,,
19.88334147532975,0.005,1,EDS,Gold,"[{""position"": 2.1220810942843182, ""amplitude"": 0.6382747362010759, ""fwhm"": 0.031799115031979956}]",2.1220810942843182,0.6382747362010759,0.031799115031979956,,,,,,,,,,,,,,,
19.89306301905227,0.005,1,EDS,Gold,"[{""position"": 2.1220810942843182, ""amplitude"": 0.6382747362010759, ""fwhm"": 0.031799115031979956}]",2.1220810942843182,0.6382747362010759,0.031799115031979956,,,,,,,,,,,,,,,
19.90278456277479,0.01,1,EDS,Gold,"[{""position"": 2.1220810942843182, ""amplitude"": 0.6382747362010759, ""fwhm"": 0.031799115031979956}]",2.1220810942843182,0.6382747362010759,0.031799115031979956,,,,,,,,,,,,,,,
19.91250610649731,0.01,1,EDS,Gold,"[{""position"": 2.1220810942843182, ""amplitude"": 0.6382747362010759, ""fwhm"": 0.031799115031979956}]",2.1220810942843182,0.6382747362010759,0.031799115031979956,,,,,,,,,,,,,,,
19.922227650219835,0.005,1,EDS,Gold,"[{""position"": 2.1220810942843182, ""amplitude"": 0.6382747362010759, ""fwhm"": 0.031799115031979956}]",2.1220810942843182,0.6382747362010759,0.031799115031979956,,,,,,,,,,,,,,,
19.931949193942355,0.0,1,EDS,Gold,"[{""position"": 2.1220810942843182, ""amplitude"": 0.6382747362010759, ""fwhm"": 0.031799115031979956}]",2.1220810942843182,0.6382747362010759,0.031799115031979956,,,,,,,,,,,,,,,
19.941670737664875,0.00507204096064179,1,EDS,Gold,"[{""position"": 2.1220810942843182, ""amplitude"": 0.6382747362010759, ""fwhm"": 0.031799115031979956}]",2.1220810942843182,0.6382747362010759,0.031799115031979956,,,,,,,,,,,,,,,
19.951392281387395,0.005,1,EDS,Gold,"[{""position"": 2.1220810942843182, ""amplitude"": 0.6382747362010759, ""fwhm"": 0.031799115031979956}]",2.1220810942843182,0.6382747362010759,0.031799115031979956,,,,,,,,,,,,,,,
19.961113825109916,0.010530079052313377,1,EDS,Gold,"[{""position"": 2.1220810942843182, ""amplitude"": 0.6382747362010759, ""fwhm"": 0.031799115031979956}]",2.1220810942843182,0.6382747362010759,0.031799115031979956,,,,,,,,,,,,,,,
19.970835368832436,0.005000097910591392,1,EDS,Gold,"[{""position"": 2.1220810942843182, ""amplitude"": 0.6382747362010759, ""fwhm"": 0.031799115031979956}]",2.1220810942843182,0.6382747362010759,0.031799115031979956,,,,,,,,,,,,,,,
19.98055691255496,0.01,1,EDS,Gold,"[{""position"": 2.1220810942843182, ""amplitude"": 0.6382747362010759, ""fwhm"": 0.031799115031979956}]",2.1220810942843182,0.6382747362010759,0.031799115031979956,,,,,,,,,,,,,,,
19.99027845627748,0.0,1,EDS,Gold,"[{""position"": 2.1220810942843182, ""amplitude"": 0.6382747362010759, ""fwhm"": 0.031799115031979956}]",2.1220810942843182,0.6382747362010759,0.031799115031979956,,,,,,,,,,,,,,,
20.0,0.010073381873507679,1,EDS,Gold,"[{""position"": 2.1220810942843182, ""amplitude"": 0.6382747362010759, ""fwhm"": 0.031799115031979956}]",2.1220810942843182,0.6382747362010759,0.031799115031979956,,,,,,,,,,,,,,,
