energy,intensity,line_id,technique,material,peak_metadata,peak_1_position,peak_1_amplitude,peak_1_fwhm,peak_2_position,peak_2_amplitude,peak_2_fwhm,peak_3_position,peak_3_amplitude,peak_3_fwhm,peak_4_position,peak_4_amplitude,peak_4_fwhm,peak_5_position,peak_5_amplitude,peak_5_fwhm,peak_6_position,peak_6_amplitude,peak_6_fwhm
-5.0,2.751669876880555,1,EELS,Gold,"[{""position"": 0.0, ""amplitude"": 2.580536309994504, ""fwhm"": 2.6429703225692007}]",0.0,2.580536309994504,2.6429703225692007,,,,,,,,,,,,,,,
-4.020517830972154,0.9261798321607709,1,EELS,Gold,"[{""position"": 0.0, ""amplitude"": 2.580536309994504, ""fwhm"": 2.6429703225692007}]",0.0,2.580536309994504,2.6429703225692007,,,,,,,,,,,,,,,
-3.041035661944309,0.48413660007304954,1,EELS,Gold,"[{""position"": 0.0, ""amplitude"": 2.580536309994504, ""fwhm"": 2.6429703225692007}]",0.0,2.580536309994504,2.6429703225692007,,,,,,,,,,,,,,,
-2.061553492916463,0.3061662650493418,1,EELS,Gold,"[{""position"": 0.0, ""amplitude"": 2.580536309994504, ""fwhm"": 2.6429703225692007}]",0.0,2.580536309994504,2.6429703225692007,,,,,,,,,,,,,,,
-1.0820713238886177,0.2240926680763895,1,EELS,Gold,"[{""position"": 0.0, ""amplitude"": 2.580536309994504, ""fwhm"": 2.6429703225692007}]",0.0,2.580536309994504,2.6429703225692007,,,,,,,,,,,,,,,
-0.10258915486077225,3.788213731994608,1,EELS,Gold,"[{""position"": 0.0, ""amplitude"": 2.580536309994504, ""fwhm"": 2.6429703225692007}]",0.0,2.580536309994504,2.6429703225692007,,,,,,,,,,,,,,,
0.0,5.160209024507387,1,EELS,Gold,"[{""position"": 0.0, ""amplitude"": 2.580536309994504, ""fwhm"": 2.6429703225692007}]",0.0,2.580536309994504,2.6429703225692007,,,,,,,,,,,,,,,
0.8768930141670737,0.13214798585462473,1,EELS,Gold,"[{""position"": 0.0, ""amplitude"": 2.580536309994504, ""fwhm"": 2.6429703225692007}]",0.0,2.580536309994504,2.6429703225692007,,,,,,,,,,,,,,,
1.8563751831949187,0.10542473444884404,1,EELS,Gold,"[{""position"": 0.0, ""amplitude"": 2.580536309994504, ""fwhm"": 2.6429703225692007}]",0.0,2.580536309994504,2.6429703225692007,,,,,,,,,,,,,,,
2.8358573522227646,0.0880036500023168,1,EELS,Gold,"[{""position"": 0.0, ""amplitude"": 2.580536309994504, ""fwhm"": 2.6429703225692007}]",0.0,2.580536309994504,2.6429703225692007,,,,,,,,,,,,,,,
3.8153395212506105,0.07679173274312359,1,EELS,Gold,"[{""position"": 0.0, ""amplitude"": 2.580536309994504, ""fwhm"": 2.6429703225692007}]",0.0,2.580536309994504,2.6429703225692007,,,,,,,,,,,,,,,
4.7948216902784555,0.05618780846178077,1,EELS,Gold,"[{""position"": 0.0, ""amplitude"": 2.580536309994504, ""fwhm"": 2.6429703225692007}]",0.0,2.580536309994504,2.6429703225692007,,,,,,,,,,,,,,,
5.7743038593063005,0.06374357418007905,1,EELS,Gold,"[{""position"": 0.0, ""amplitude"": 2.580536309994504, ""fwhm"": 2.6429703225692007}]",0.0,2.580536309994504,2.6429703225692007,,,,,,,,,,,,,,,
6.753786028334147,0.05535722772934103,1,EELS,Gold,"[{""position"": 0.0, ""amplitude"": 2.580536309994504, ""fwhm"": 2.6429703225692007}]",0.0,2.580536309994504,2.6429703225692007,,,,,,,,,,,,,,,
7.733268197361992,0.03896966318092629,1,EELS,Gold,"[{""position"": 0.0, ""amplitude"": 2.580536309994504, ""fwhm"": 2.6429703225692007}]",0.0,2.580536309994504,2.6429703225692007,,,,,,,,,,,,,,,
8.712750366389837,0.048051296160057974,1,EELS,Gold,"[{""position"": 0.0, ""amplitude"": 2.580536309994504, ""fwhm"": 2.6429703225692007}]",0.0,2.580536309994504,2.6429703225692007,,,,,,,,,,,,,,,
9.692232535417684,0.031251020660892706,1,EELS,Gold,"[{""position"": 0.0, ""amplitude"": 2.580536309994504, ""fwhm"": 2.6429703225692007}]",0.0,2.580536309994504,2.6429703225692007,,,,,,,,,,,,,,,
10.67171470444553,0.036849264934566826,1,EELS,Gold,"[{""position"": 0.0, ""amplitude"": 2.580536309994504, ""fwhm"": 2.6429703225692007}]",0.0,2.580536309994504,2.6429703225692007,,,,,,,,,,,,,,,
11.651196873473374,0.03660752169759555,1,EELS,Gold,"[{""position"": 0.0, ""amplitude"": 2.580536309994504, ""fwhm"": 2.6429703225692007}]",0.0,2.580536309994504,2.6429703225692007,,,,,,,,,,,,,,,
12.630679042501221,0.029942962968739585,1,EELS,Gold,"[{""position"": 0.0, ""amplitude"": 2.580536309994504, ""fwhm"": 2.6429703225692007}]",0.0,2.580536309994504,2.6429703225692007,,,,,,,,,,,,,,,
13.610161211529064,0.023690068302523716,1,EELS,Gold,"[{""position"": 0.0, ""amplitude"": 2.580536309994504, ""fwhm"": 2.6429703225692007}]",0.0,2.580536309994504,2.6429703225692007,,,,,,,,,,,,,,,
14.589643380556911,0.02307846898886783,1,EELS,Gold,"[{""position"": 0.0, ""amplitude"": 2.580536309994504, ""fwhm"": 2.6429703225692007}]",0.0,2.580536309994504,2.6429703225692007,,,,,,,,,,,,,,,
15.569125549584758,0.02878945727353545,1,EELS,Gold,"[{""position"": 0.0, ""amplitude"": 2.580536309994504, ""fwhm"": 2.6429703225692007}]",0.0,2.580536309994504,2.6429703225692007,,,,,,,,,,,,,,,
16.5486077186126,0.024093917076070344,1,EELS,Gold,"[{""position"": 0.0, ""amplitude"": 2.580536309994504, ""fwhm"": 2.6429703225692007}]",0.0,2.580536309994504,2.6429703225692007,,,,,,,,,,,,,,,
17.528089887640448,0.01960339772934351,1,EELS,Gold,"[{""position"": 0.0, ""amplitude"": 2.580536309994504, ""fwhm"": 2.6429703225692007}]",0.0,2.580536309994504,2.6429703225692007,,,,,,,,,,,,,,,
18.507572056668295,0.027429477343204597,1,EELS,Gold,"[{""position"": 0.0, ""amplitude"": 2.580536309994504, ""fwhm"": 2.6429703225692007}]",0.0,2.580536309994504,2.6429703225692007,,,,,,,,,,,,,,,
19.487054225696138,0.013911846685898661,1,EELS,Gold,"[{""position"": 0.0, ""amplitude"": 2.580536309994504, ""fwhm"": 2.6429703225692007}]",0.0,2.580536309994504,2.6429703225692007,,,,,,,,,,,,,,,
20.466536394723985,0.023803123530832283,1,EELS,Gold,"[{""position"": 0.0, ""amplitude"": 2.580536309994504, ""fwhm"": 2.6429703225692007}]",0.0,2.580536309994504,2.6429703225692007,,,,,,,,,,,,,,,
21.44601856375183,0.017181683950223677,1,EELS,Gold,"[{""position"": 0.0, ""amplitude"": 2.580536309994504, ""fwhm"": 2.6429703225692007}]",0.0,2.580536309994504,2.6429703225692007,,,,,,,,,,,,,,,
22.425500732779675,0.022759298188842227,1,EELS,Gold,"[{""position"": 0.0, ""amplitude"": 2.580536309994504, ""fwhm"": 2.6429703225692007}]",0.0,2.580536309994504,2.6429703225692007,,,,,,,,,,,,,,,
23.40498290180752,0.017263901208728206,1,EELS,Gold,"[{""position"": 0.0, ""amplitude"": 2.580536309994504, ""fwhm"": 2.6429703225692007}]",0.0,2.580536309994504,2.6429703225692007,,,,,,,,,,,,,,,
24.38446507083537,0.00894351765818148,1,EELS,Gold,"[{""position"": 0.0, ""amplitude"": 2.580536309994504, ""fwhm"": 2.6429703225692007}]",0.0,2.580536309994504,2.6429703225692007,,,,,,,,,,,,,,,
25.36394723986321,0.013213553755867602,1,EELS,Gold,"[{""position"": 0.0, ""amplitude"": 2.580536309994504, ""fwhm"": 2.6429703225692007}]",0.0,2.580536309994504,2.6429703225692007,,,,,,,,,,,,,,,
26.34342940889106,0.007412678188715757,1,EELS,Gold,"[{""position"": 0.0, ""amplitude"": 2.580536309994504, ""fwhm"": 2.6429703225692007}]",0.0,2.580536309994504,2.6429703225692007,,,,,,,,,,,,,,,
27.3229115779189,0.015606512273492829,1,EELS,Gold,"[{""position"": 0.0, ""amplitude"": 2.580536309994504, ""fwhm"": 2.6429703225692007}]",0.0,2.580536309994504,2.6429703225692007,,,,,,,,,,,,,,,
28.30239374694675,0.00955955607031405,1,EELS,Gold,"[{""position"": 0.0, ""amplitude"": 2.580536309994504, ""fwhm"": 2.6429703225692007}]",0.0,2.580536309994504,2.6429703225692007,,,,,,,,,,,,,,,
29.281875915974595,0.010764272181981518,1,EELS,Gold,"[{""position"": 0.0, ""amplitude"": 2.580536309994504, ""fwhm"": 2.6429703225692007}]",0.0,2.580536309994504,2.6429703225692007,,,,,,,,,,,,,,,
30.261358085002442,0.009302273027326186,1,EELS,Gold,"[{""position"": 0.0, ""amplitude"": 2.580536309994504, ""fwhm"": 2.6429703225692007}]",0.0,2.580536309994504,2.6429703225692007,,,,,,,,,,,,,,,
31.24084025403029,0.010331475628859808,1,EELS,Gold,"[{""position"": 0.0, ""amplitude"": 2.580536309994504, ""fwhm"": 2.6429703225692007}]",0.0,2.580536309994504,2.6429703225692007,,,,,,,,,,,,,,,
32.22032242305813,0.013526482979928364,1,EELS,Gold,"[{""position"": 0.0, ""amplitude"": 2.580536309994504, ""fwhm"": 2.6429703225692007}]",0.0,2.580536309994504,2.6429703225692007,,,,,,,,,,,,,,,
33.199804592085975,0.012465707971940904,1,EELS,Gold,"[{""position"": 0.0, ""amplitude"": 2.580536309994504, ""fwhm"": 2.6429703225692007}]",0.0,2.580536309994504,2.6429703225692007,,,,,,,,,,,,,,,
34.17928676111382,0.0116869612410247,1,EELS,Gold,"[{""position"": 0.0, ""amplitude"": 2.580536309994504, ""fwhm"": 2.6429703225692007}]",0.0,2.580536309994504,2.6429703225692007,,,,,,,,,,,,,,,
35.15876893014167,0.013369191940732522,1,EELS,Gold,"[{""position"": 0.0, ""amplitude"": 2.580536309994504, ""fwhm"": 2.6429703225692007}]",0.0,2.580536309994504,2.6429703225692007,,,,,,,,,,,,,,,
36.138251099169516,0.010060015798994664,1,EELS,Gold,"[{""position"": 0.0, ""amplitude"": 2.580536309994504, ""fwhm"": 2.6429703225692007}]",0.0,2.580536309994504,2.6429703225692007,,,,,,,,,,,,,,,
37.11773326819736,0.015478651552334362,1,EELS,Gold,"[{""position"": 0.0, ""amplitude"": 2.580536309994504, ""fwhm"": 2.6429703225692007}]",0.0,2.580536309994504,2.6429703225692007,,,,,,,,,,,,,,,
38.0972154372252,0.014156428270659816,1,EELS,Gold,"[{""position"": 0.0, ""amplitude"": 2.580536309994504, ""fwhm"": 2.6429703225692007}]",0.0,2.580536309994504,2.6429703225692007,,,,,,,,,,,,,,,
39.07669760625305,0.007094743989205443,1,EELS,Gold,"[{""position"": 0.0, ""amplitude"": 2.580536309994504, ""fwhm"": 2.6429703225692007}]",0.0,2.580536309994504,2.6429703225692007,,,,,,,,,,,,,,,
40.056179775280896,0.011453418446319003,1,EELS,Gold,"[{""position"": 0.0, ""amplitude"": 2.580536309994504, ""fwhm"": 2.6429703225692007}]",0.0,2.580536309994504,2.6429703225692007,,,,,,,,,,,,,,,
41.03566194430874,0.006635838017946996,1,EELS,Gold,"[{""position"": 0.0, ""amplitude"": 2.580536309994504, ""fwhm"": 2.6429703225692007}]",0.0,2.580536309994504,2.6429703225692007,,,,,,,,,,,,,,,
42.01514411333659,0.004619304443757441,1,EELS,Gold,"[{""position"": 0.0, ""amplitude"": 2.580536309994504, ""fwhm"": 2.6429703225692007}]",0.0,2.580536309994504,2.6429703225692007,,,,,,,,,,,,,,,
42.994626282364436,0.0036884470923907037,1,EELS,Gold,"[{""position"": 0.0, ""amplitude"": 2.580536309994504, ""fwhm"": 2.6429703225692007}]",0.0,2.580536309994504,2.6429703225692007,,,,,,,,,,,,,,,
43.974108451392276,0.016841329448803538,1,EELS,Gold,"[{""position"": 0.0, ""amplitude"": 2.580536309994504, ""fwhm"": 2.6429703225692007}]",0.0,2.580536309994504,2.6429703225692007,,,,,,,,,,,,,,,
44.95359062042012,0.01276145560391164,1,EELS,Gold,"[{""position"": 0.0, ""amplitude"": 2.580536309994504, ""fwhm"": 2.6429703225692007}]",0.0,2.580536309994504,2.6429703225692007,,,,,,,,,,,,,,,
45.93307278944797,0.00735122993635593,1,EELS,Gold,"[{""position"": 0.0, ""amplitude"": 2.580536309994504, ""fwhm"": 2.6429703225692007}]",0.0,2.580536309994504,2.6429703225692007,,,,,,,,,,,,,,,
46.912554958475816,0.017640716399831894,1,EELS,Gold,"[{""position"": 0.0, ""amplitude"": 2.580536309994504, ""fwhm"": 2.6429703225692007}]",0.0,2.580536309994504,2.6429703225692007,,,,,,,,,,,,,,,
47.89203712750366,0.018868233435067147,1,EELS,Gold,"[{""position"": 0.0, ""amplitude"": 2.580536309994504, ""fwhm"": 2.6429703225692007}]",0.0,2.580536309994504,2.6429703225692007,,,,,,,,,,,,,,,
48.87151929653151,0.010386980992598573,1,EELS,Gold,"[{""position"": 0.0, ""amplitude"": 2.580536309994504, ""fwhm"": 2.6429703225692007}]",0.0,2.580536309994504,2.6429703225692007,,,,,,,,,,,,,,,
49.85100146555935,0.006921552125559695,1,EELS,Gold,"[{""position"": 0.0, ""amplitude"": 2.580536309994504, ""fwhm"": 2.6429703225692007}]",0.0,2.580536309994504,2.6429703225692007,,,,,,,,,,,,,,,
50.830483634587196,0.0030500985014496507,1,EELS,Gold,"[{""position"": 0.0, ""amplitude"": 2.580536309994504, ""fwhm"": 2.6429703225692007}]",0.0,2.580536309994504,2.6429703225692007,,,,,,,,,,,,,,,
51.80996580361504,0.003691258279211998,1,EELS,Gold,"[{""position"": 0.0, ""amplitude"": 2.580536309994504, ""fwhm"": 2.6429703225692007}]",0.0,2.580536309994504,2.6429703225692007,,,,,,,,,,,,,,,
52.78944797264289,0.0062069601036035815,1,EELS,Gold,"[{""position"": 0.0, ""amplitude"": 2.580536309994504, ""fwhm"": 2.6429703225692007}]",0.0,2.580536309994504,2.6429703225692007,,,,,,,,,,,,,,,
53.76893014167074,0.005869339063151844,1,EELS,Gold,"[{""position"": 0.0, ""amplitude"": 2.580536309994504, ""fwhm"": 2.6429703225692007}]",0.0,2.580536309994504,2.6429703225692007,,,,,,,,,,,,,,,
54.74841231069858,0.035946777923826834,1,EELS,Gold,"[{""position"": 0.0, ""amplitude"": 2.580536309994504, ""fwhm"": 2.6429703225692007}]",0.0,2.580536309994504,2.6429703225692007,,,,,,,,,,,,,,,
55.72789447972642,0.007251259772503273,1,EELS,Gold,"[{""position"": 0.0, ""amplitude"": 2.580536309994504, ""fwhm"": 2.6429703225692007}]",0.0,2.580536309994504,2.6429703225692007,,,,,,,,,,,,,,,
56.70737664875427,0.003475537983759145,1,EELS,Gold,"[{""position"": 0.0, ""amplitude"": 2.580536309994504, ""fwhm"": 2.6429703225692007}]",0.0,2.580536309994504,2.6429703225692007,,,,,,,,,,,,,,,
57.68685881778212,0.006158837286648533,1,EELS,Gold,"[{""position"": 0.0, ""amplitude"": 2.580536309994504, ""fwhm"": 2.6429703225692007}]",0.0,2.580536309994504,2.6429703225692007,,,,,,,,,,,,,,,
58.66634098680996,0.004417731830568714,1,EELS,Gold,"[{""position"": 0.0, ""amplitude"": 2.580536309994504, ""fwhm"": 2.6429703225692007}]",0.0,2.580536309994504,2.6429703225692007,,,,,,,,,,,,,,,
59.6458231558378,0.011739271071509343,1,EELS,Gold,"[{""position"": 0.0, ""amplitude"": 2.580536309994504, ""fwhm"": 2.6429703225692007}]",0.0,2.580536309994504,2.6429703225692007,,,,,,,,,,,,,,,
60.62530532486565,0.004254597672604955,1,EELS,Gold,"[{""position"": 0.0, ""amplitude"": 2.580536309994504, ""fwhm"": 2.6429703225692007}]",0.0,2.580536309994504,2.6429703225692007,,,,,,,,,,,,,,,
61.6047874938935,0.017211532210590404,1,EELS,Gold,"[{""position"": 0.0, ""amplitude"": 2.580536309994504, ""fwhm"": 2.6429703225692007}]",0.0,2.580536309994504,2.6429703225692007,,,,,,,,,,,,,,,
62.58426966292134,0.008079927211766333,1,EELS,Gold,"[{""position"": 0.0, ""amplitude"": 2.580536309994504, ""fwhm"": 2.6429703225692007}]",0.0,2.580536309994504,2.6429703225692007,,,,,,,,,,,,,,,
63.56375183194919,0.007135108945129228,1,EELS,Gold,"[{""position"": 0.0, ""amplitude"": 2.580536309994504, ""fwhm"": 2.6429703225692007}]",0.0,2.580536309994504,2.6429703225692007,,,,,,,,,,,,,,,
64.54323400097704,0.005,1,EELS,Gold,"[{""position"": 0.0, ""amplitude"": 2.580536309994504, ""fwhm"": 2.6429703225692007}]",0.0,2.580536309994504,2.6429703225692007,,,,,,,,,,,,,,,
65.52271617000488,0.015085386359811652,1,EELS,Gold,"[{""position"": 0.0, ""amplitude"": 2.580536309994504, ""fwhm"": 2.6429703225692007}]",0.0,2.580536309994504,2.6429703225692007,,,,,,,,,,,,,,,
66.50219833903273,0.0031269161427827574,1,EELS,Gold,"[{""position"": 0.0, ""amplitude"": 2.580536309994504, ""fwhm"": 2.6429703225692007}]",0.0,2.580536309994504,2.6429703225692007,,,,,,,,,,,,,,,
67.48168050806058,0.0020699323644399635,1,EELS,Gold,"[{""position"": 0.0, ""amplitude"": 2.580536309994504, ""fwhm"": 2.6429703225692007}]",0.0,2.580536309994504,2.6429703225692007,,,,,,,,,,,,,,,
68.46116267708842,0.0030178603173846704,1,EELS,Gold,"[{""position"": 0.0, ""amplitude"": 2.580536309994504, ""fwhm"": 2.6429703225692007}]",0.0,2.580536309994504,2.6429703225692007,,,,,,,,,,,,,,,
69.44064484611626,0.005,1,EELS,Gold,"[{""position"": 0.0, ""amplitude"": 2.580536309994504, ""fwhm"": 2.6429703225692007}]",0.0,2.580536309994504,2.6429703225692007,,,,,,,,,,,,,,,
70.4201270151441,0.0021017286402929005,1,EELS,Gold,"[{""position"": 0.0, ""amplitude"": 2.580536309994504, ""fwhm"": 2.6429703225692007}]",0.0,2.580536309994504,2.6429703225692007,,,,,,,,,,,,,,,
71.39960918417195,0.01353498246226613,1,EELS,Gold,"[{""position"": 0.0, ""amplitude"": 2.580536309994504, ""fwhm"": 2.6429703225692007}]",0.0,2.580536309994504,2.6429703225692007,,,,,,,,,,,,,,,
72.3790913531998,0.011372516699340973,1,EELS,Gold,"[{""position"": 0.0, ""amplitude"": 2.580536309994504, ""fwhm"": 2.6429703225692007}]",0.0,2.580536309994504,2.6429703225692007,,,,,,,,,,,,,,,
73.35857352222764,0.0011755760756483342,1,EELS,Gold,"[{""position"": 0.0, ""amplitude"": 2.580536309994504, ""fwhm"": 2.6429703225692007}]",0.0,2.580536309994504,2.6429703225692007,,,,,,,,,,,,,,,
74.33805569125549,0.00037850090410600223,1,EELS,Gold,"[{""position"": 0.0, ""amplitude"": 2.580536309994504, ""fwhm"": 2.6429703225692007}]",0.0,2.580536309994504,2.6429703225692007,,,,,,,,,,,,,,,
75.31753786028334,0.011122036979907192,1,EELS,Gold,"[{""position"": 0.0, ""amplitude"": 2.580536309994504, ""fwhm"": 2.6429703225692007}]",0.0,2.580536309994504,2.6429703225692007,,,,,,,,,,,,,,,
76.29702002931118,0.009729933681248193,1,EELS,Gold,"[{""position"": 0.0, ""amplitude"": 2.580536309994504, ""fwhm"": 2.6429703225692007}]",0.0,2.580536309994504,2.6429703225692007,,,,,,,,,,,,,,,
77.27650219833903,0.0031729842971907427,1,EELS,Gold,"[{""position"": 0.0, ""amplitude"": 2.580536309994504, ""fwhm"": 2.6429703225692007}]",0.0,2.580536309994504,2.6429703225692007,,,,,,,,,,,,,,,
78.25598436736688,0.005916460541341359,1,EELS,Gold,"[{""position"": 0.0, ""amplitude"": 2.580536309994504, ""fwhm"": 2.6429703225692007}]",0.0,2.580536309994504,2.6429703225692007,,,,,,,,,,,,,,,
79.23546653639472,0.0035637863057662155,1,EELS,Gold,"[{""position"": 0.0, ""amplitude"": 2.580536309994504, ""fwhm"": 2.6429703225692007}]",0.0,2.580536309994504,2.6429703225692007,,,,,,,,,,,,,,,
80.21494870542257,0.022450174303391406,1,EELS,Gold,"[{""position"": 0.0, ""amplitude"": 2.580536309994504, ""fwhm"": 2.6429703225692007}]",0.0,2.580536309994504,2.6429703225692007,,,,,,,,,,,,,,,
81.1944308744504,0.009657852151472933,1,EELS,Gold,"[{""position"": 0.0, ""amplitude"": 2.580536309994504, ""fwhm"": 2.6429703225692007}]",0.0,2.580536309994504,2.6429703225692007,,,,,,,,,,,,,,,
82.17391304347825,0.02531217064506175,1,EELS,Gold,"[{""position"": 0.0, ""amplitude"": 2.580536309994504, ""fwhm"": 2.6429703225692007}]",0.0,2.580536309994504,2.6429703225692007,,,,,,,,,,,,,,,
83.1533952125061,0.006240247149957941,1,EELS,Gold,"[{""position"": 0.0, ""amplitude"": 2.580536309994504, ""fwhm"": 2.6429703225692007}]",0.0,2.580536309994504,2.6429703225692007,,,,,,,,,,,,,,,
84.13287738153394,0.0010379570742853161,1,EELS,Gold,"[{""position"": 0.0, ""amplitude"": 2.580536309994504, ""fwhm"": 2.6429703225692007}]",0.0,2.580536309994504,2.6429703225692007,,,,,,,,,,,,,,,
85.11235955056179,0.01,1,EELS,Gold,"[{""position"": 0.0, ""amplitude"": 2.580536309994504, ""fwhm"": 2.6429703225692007}]",0.0,2.580536309994504,2.6429703225692007,,,,,,,,,,,,,,,
86.09184171958964,0.022743066534718453,1,EELS,Gold,"[{""position"": 0.0, ""amplitude"": 2.580536309994504, ""fwhm"": 2.6429703225692007}]",0.0,2.580536309994504,2.6429703225692007,,,,,,,,,,,,,,,
87.07132388861748,0.012619433598216318,1,EELS,Gold,"[{""position"": 0.0, ""amplitude"": 2.580536309994504, ""fwhm"": 2.6429703225692007}]",0.0,2.580536309994504,2.6429703225692007,,,,,,,,,,,,,,,
88.05080605764533,0.0069272308316592245,1,EELS,Gold,"[{""position"": 0.0, ""amplitude"": 2.580536309994504, ""fwhm"": 2.6429703225692007}]",0.0,2.580536309994504,2.6429703225692007,,,,,,,,,,,,,,,
89.03028822667318,0.0012777650825249046,1,EELS,Gold,"[{""position"": 0.0, ""amplitude"": 2.580536309994504, ""fwhm"": 2.6429703225692007}]",0.0,2.580536309994504,2.6429703225692007,,,,,,,,,,,,,,,
90.00977039570103,0.01,1,EELS,Gold,"[{""position"": 0.0, ""amplitude"": 2.580536309994504, ""fwhm"": 2.6429703225692007}]",0.0,2.580536309994504,2.6429703225692007,,,,,,,,,,,,,,,
90.98925256472887,0.010737599494587665,1,EELS,Gold,"[{""position"": 0.0, ""amplitude"": 2.580536309994504, ""fwhm"": 2.6429703225692007}]",0.0,2.580536309994504,2.6429703225692007,,,,,,,,,,,,,,,
91.9687347337567,0.0009094613220325639,1,EELS,Gold,"[{""position"": 0.0, ""amplitude"": 2.580536309994504, ""fwhm"": 2.6429703225692007}]",0.0,2.580536309994504,2.6429703225692007,,,,,,,,,,,,,,,
92.94821690278455,0.0,1,EELS,Gold,"[{""position"": 0.0, ""amplitude"": 2.580536309994504, ""fwhm"": 2.6429703225692007}]",0.0,2.580536309994504,2.6429703225692007,,,,,,,,,,,,,,,
93.9276990718124,0.0013213134243075595,1,EELS,Gold,"[{""position"": 0.0, ""amplitude"": 2.580536309994504, ""fwhm"": 2.6429703225692007}]",0.0,2.580536309994504,2.6429703225692007,,,,,,,,,,,,,,,
94.90718124084025,0.007751969082899588,1,EELS,Gold,"[{""position"": 0.0, ""amplitude"": 2.580536309994504, ""fwhm"": 2.6429703225692007}]",0.0,2.580536309994504,2.6429703225692007,,,,,,,,,,,,,,,
95.88666340986809,0.011546993911946263,1,EELS,Gold,"[{""position"": 0.0, ""amplitude"": 2.580536309994504, ""fwhm"": 2.6429703225692007}]",0.0,2.580536309994504,2.6429703225692007,,,,,,,,,,,,,,,
96.86614557889594,0.0021085266904843428,1,EELS,Gold,"[{""position"": 0.0, ""amplitude"": 2.580536309994504, ""fwhm"": 2.6429703225692007}]",0.0,2.580536309994504,2.6429703225692007,,,,,,,,,,,,,,,
97.84562774792379,0.012297490369261477,1,EELS,Gold,"[{""position"": 0.0, ""amplitude"": 2.580536309994504, ""fwhm"": 2.6429703225692007}]",0.0,2.580536309994504,2.6429703225692007,,,,,,,,,,,,,,,
98.82510991695163,0.006417181848656349,1,EELS,Gold,"[{""position"": 0.0, ""amplitude"": 2.580536309994504, ""fwhm"": 2.6429703225692007}]",0.0,2.580536309994504,2.6429703225692007,,,,,,,,,,,,,,,
99.80459208597948,0.005,1,EELS,Gold,"[{""position"": 0.0, ""amplitude"": 2.580536309994504, ""fwhm"": 2.6429703225692007}]",0.0,2.580536309994504,2.6429703225692007,,,,,,,,,,,,,,,
100.78407425500733,0.001493790163494864,1,EELS,Gold,"[{""position"": 0.0, ""amplitude"": 2.580536309994504, ""fwhm"": 2.6429703225692007}]",0.0,2.580536309994504,2.6429703225692007,,,,,,,,,,,,,,,
101.76355642403517,0.0016947787946222767,1,EELS,Gold,"[{""position"": 0.0, ""amplitude"": 2.580536309994504, ""fwhm"": 2.6429703225692007}]",0.0,2.580536309994504,2.6429703225692007,,,,,,,,,,,,,,,
102.74303859306302,0.012868120751006188,1,EELS,Gold,"[{""position"": 0.0, ""amplitude"": 2.580536309994504, ""fwhm"": 2.6429703225692007}]",0.0,2.580536309994504,2.6429703225692007,,,,,,,,,,,,,,,
103.72252076209085,0.005999804607036483,1,EELS,Gold,"[{""position"": 0.0, ""amplitude"": 2.580536309994504, ""fwhm"": 2.6429703225692007}]",0.0,2.580536309994504,2.6429703225692007,,,,,,,,,,,,,,,
104.7020029311187,0.007252085217600497,1,EELS,Gold,"[{""position"": 0.0, ""amplitude"": 2.580536309994504, ""fwhm"": 2.6429703225692007}]",0.0,2.580536309994504,2.6429703225692007,,,,,,,,,,,,,,,
105.68148510014655,0.006364500416922655,1,EELS,Gold,"[{""position"": 0.0, ""amplitude"": 2.580536309994504, ""fwhm"": 2.6429703225692007}]",0.0,2.580536309994504,2.6429703225692007,,,,,,,,,,,,,,,
106.66096726917439,0.015,1,EELS,Gold,"[{""position"": 0.0, ""amplitude"": 2.580536309994504, ""fwhm"": 2.6429703225692007}]",0.0,2.580536309994504,2.6429703225692007,,,,,,,,,,,,,,,
107.64044943820224,0.009360536436672909,1,EELS,Gold,"[{""position"": 0.0, ""amplitude"": 2.580536309994504, ""fwhm"": 2.6429703225692007}]",0.0,2.580536309994504,2.6429703225692007,,,,,,,,,,,,,,,
108.61993160723009,0.008333455575972067,1,EELS,Gold,"[{""position"": 0.0, ""amplitude"": 2.580536309994504, ""fwhm"": 2.6429703225692007}]",0.0,2.580536309994504,2.6429703225692007,,,,,,,,,,,,,,,
109.59941377625793,0.008415399514893385,1,EELS,Gold,"[{""position"": 0.0, ""amplitude"": 2.580536309994504, ""fwhm"": 2.6429703225692007}]",0.0,2.580536309994504,2.6429703225692007,,,,,,,,,,,,,,,
110.57889594528578,0.0,1,EELS,Gold,"[{""position"": 0.0, ""amplitude"": 2.580536309994504, ""fwhm"": 2.6429703225692007}]",0.0,2.580536309994504,2.6429703225692007,,,,,,,,,,,,,,,
111.55837811431363,0.009956149307312461,1,EELS,Gold,"[{""position"": 0.0, ""amplitude"": 2.580536309994504, ""fwhm"": 2.6429703225692007}]",0.0,2.580536309994504,2.6429703225692007,,,,,,,,,,,,,,,
112.53786028334147,0.005,1,EELS,Gold,"[{""position"": 0.0, ""amplitude"": 2.580536309994504, ""fwhm"": 2.6429703225692007}]",0.0,2.580536309994504,2.6429703225692007,,,,,,,,,,,,,,,
113.51734245236932,0.002817538034667235,1,EELS,Gold,"[{""position"": 0.0, ""amplitude"": 2.580536309994504, ""fwhm"": 2.6429703225692007}]",0.0,2.580536309994504,2.6429703225692007,,,,,,,,,,,,,,,
114.49682462139717,0.006935026583950852,1,EELS,Gold,"[{""position"": 0.0, ""amplitude"": 2.580536309994504, ""fwhm"": 2.6429703225692007}]",0.0,2.580536309994504,2.6429703225692007,,,,,,,,,,,,,,,
115.476306790425,0.0,1,EELS,Gold,"[{""position"": 0.0, ""amplitude"": 2.580536309994504, ""fwhm"": 2.6429703225692007}]",0.0,2.580536309994504,2.6429703225692007,,,,,,,,,,,,,,,
116.45578895945285,0.005,1,EELS,Gold,"[{""position"": 0.0, ""amplitude"": 2.580536309994504, ""fwhm"": 2.6429703225692007}]",0.0,2.580536309994504,2.6429703225692007,,,,,,,,,,,,,,,
117.4352711284807,0.011495803861577204,1,EELS,Gold,"[{""position"": 0.0, ""amplitude"": 2.580536309994504, ""fwhm"": 2.6429703225692007}]",0.0,2.580536309994504,2.6429703225692007,,,,,,,,,,,,,,,
118.41475329750854,0.005,1,EELS,Gold,"[{""position"": 0.0, ""amplitude"": 2.580536309994504, ""fwhm"": 2.6429703225692007}]",0.0,2.580536309994504,2.6429703225692007,,,,,,,,,,,,,,,
119.39423546653639,0.005,1,EELS,Gold,"[{""position"": 0.0, ""amplitude"": 2.580536309994504, ""fwhm"": 2.6429703225692007}]",0.0,2.580536309994504,2.6429703225692007,,,,,,,,,,,,,,,
120.37371763556423,0.0013698835447608,1,EELS,Gold,"[{""position"": 0.0, ""amplitude"": 2.580536309994504, ""fwhm"": 2.6429703225692007}]",0.0,2.580536309994504,2.6429703225692007,,,,,,,,,,,,,,,
121.35319980459208,0.015,1,EELS,Gold,"[{""position"": 0.0, ""amplitude"": 2.580536309994504, ""fwhm"": 2.6429703225692007}]",0.0,2.580536309994504,2.6429703225692007,,,,,,,,,,,,,,,
122.33268197361993,0.012385128034743474,1,EELS,Gold,"[{""position"": 0.0, ""amplitude"": 2.580536309994504, ""fwhm"": 2.6429703225692007}]",0.0,2.580536309994504,2.6429703225692007,,,,,,,,,,,,,,,
123.31216414264776,0.0,1,EELS,Gold,"[{""position"": 0.0, ""amplitude"": 2.580536309994504, ""fwhm"": 2.6429703225692007}]",0.0,2.580536309994504,2.6429703225692007,,,,,,,,,,,,,,,
124.2916463116756,0.010132285748879283,1,EELS,Gold,"[{""position"": 0.0, ""amplitude"": 2.580536309994504, ""fwhm"": 2.6429703225692007}]",0.0,2.580536309994504,2.6429703225692007,,,,,,,,,,,,,,,
125.27112848070345,0.0,1,EELS,Gold,"[{""position"": 0.0, ""amplitude"": 2.580536309994504, ""fwhm"": 2.6429703225692007}]",0.0,2.580536309994504,2.6429703225692007,,,,,,,,,,,,,,,
126.2506106497313,0.00527907890599526,1,EELS,Gold,"[{""position"": 0.0, ""amplitude"": 2.580536309994504, ""fwhm"": 2.6429703225692007}]",0.0,2.580536309994504,2.6429703225692007,,,,,,,,,,,,,,,
127.23009281875915,0.003193817836359297,1,EELS,Gold,"[{""position"": 0.0, ""amplitude"": 2.580536309994504, ""fwhm"": 2.6429703225692007}]",0.0,2.580536309994504,2.6429703225692007,,,,,,,,,,,,,,,
128.209574987787,0.0,1,EELS,Gold,"[{""position"": 0.0, ""amplitude"": 2.580536309994504, ""fwhm"": 2.6429703225692007}]",0.0,2.580536309994504,2.6429703225692007,,,,,,,,,,,,,,,
129.18905715681484,0.01165753007024288,1,EELS,Gold,"[{""position"": 0.0, ""amplitude"": 2.580536309994504, ""fwhm"": 2.6429703225692007}]",0.0,2.580536309994504,2.6429703225692007,,,,,,,,,,,,,,,
130.1685393258427,0.014428878187721953,1,EELS,Gold,"[{""position"": 0.0, ""amplitude"": 2.580536309994504, ""fwhm"": 2.6429703225692007}]",0.0,2.580536309994504,2.6429703225692007,,,,,,,,,,,,,,,
131.14802149487053,0.01,1,EELS,Gold,"[{""position"": 0.0, ""amplitude"": 2.580536309994504, ""fwhm"": 2.6429703225692007}]",0.0,2.580536309994504,2.6429703225692007,,,,,,,,,,,,,,,
132.12750366389838,0.0015108915566664255,1,EELS,Gold,"[{""position"": 0.0, ""amplitude"": 2.580536309994504, ""fwhm"": 2.6429703225692007}]",0.0,2.580536309994504,2.6429703225692007,,,,,,,,,,,,,,,
133.10698583292623,0.011693264993873156,1,EELS,Gold,"[{""position"": 0.0, ""amplitude"": 2.580536309994504, ""fwhm"": 2.6429703225692007}]",0.0,2.580536309994504,2.6429703225692007,,,,,,,,,,,,,,,
134.08646800195407,0.008027512925574437,1,EELS,Gold,"[{""position"": 0.0, ""amplitude"": 2.580536309994504, ""fwhm"": 2.6429703225692007}]",0.0,2.580536309994504,2.6429703225692007,,,,,,,,,,,,,,,
135.06595017098192,0.0,1,EELS,Gold,"[{""position"": 0.0, ""amplitude"": 2.580536309994504, ""fwhm"": 2.6429703225692007}]",0.0,2.580536309994504,2.6429703225692007,,,,,,,,,,,,,,,
136.04543234000977,0.005,1,EELS,Gold,"[{""position"": 0.0, ""amplitude"": 2.580536309994504, ""fwhm"": 2.6429703225692007}]",0.0,2.580536309994504,2.6429703225692007,,,,,,,,,,,,,,,
137.02491450903761,0.007324429781241419,1,EELS,Gold,"[{""position"": 0.0, ""amplitude"": 2.580536309994504, ""fwhm"": 2.6429703225692007}]",0.0,2.580536309994504,2.6429703225692007,,,,,,,,,,,,,,,
138.00439667806546,0.0017338138932684014,1,EELS,Gold,"[{""position"": 0.0, ""amplitude"": 2.580536309994504, ""fwhm"": 2.6429703225692007}]",0.0,2.580536309994504,2.6429703225692007,,,,,,,,,,,,,,,
138.9838788470933,0.00660350471593541,1,EELS,Gold,"[{""position"": 0.0, ""amplitude"": 2.580536309994504, ""fwhm"": 2.6429703225692007}]",0.0,2.580536309994504,2.6429703225692007,,,,,,,,,,,,,,,
139.96336101612115,0.0018406360895949526,1,EELS,Gold,"[{""position"": 0.0, ""amplitude"": 2.580536309994504, ""fwhm"": 2.6429703225692007}]",0.0,2.580536309994504,2.6429703225692007,,,,,,,,,,,,,,,
140.942843185149,0.0,1,EELS,Gold,"[{""position"": 0.0, ""amplitude"": 2.580536309994504, ""fwhm"": 2.6429703225692007}]",0.0,2.580536309994504,2.6429703225692007,,,,,,,,,,,,,,,
141.92232535417685,0.0015262235983394253,1,EELS,Gold,"[{""position"": 0.0, ""amplitude"": 2.580536309994504, ""fwhm"": 2.6429703225692007}]",0.0,2.580536309994504,2.6429703225692007,,,,,,,,,,,,,,,
142.9018075232047,0.0016732854154721411,1,EELS,Gold,"[{""position"": 0.0, ""amplitude"": 2.580536309994504, ""fwhm"": 2.6429703225692007}]",0.0,2.580536309994504,2.6429703225692007,,,,,,,,,,,,,,,
143.8812896922325,0.01,1,EELS,Gold,"[{""position"": 0.0, ""amplitude"": 2.580536309994504, ""fwhm"": 2.6429703225692007}]",0.0,2.580536309994504,2.6429703225692007,,,,,,,,,,,,,,,
144.86077186126036,0.020709049342720325,1,EELS,Gold,"[{""position"": 0.0, ""amplitude"": 2.580536309994504, ""fwhm"": 2.6429703225692007}]",0.0,2.580536309994504,2.6429703225692007,,,,,,,,,,,,,,,
145.8402540302882,0.0021110744186276344,1,EELS,Gold,"[{""position"": 0.0, ""amplitude"": 2.580536309994504, ""fwhm"": 2.6429703225692007}]",0.0,2.580536309994504,2.6429703225692007,,,,,,,,,,,,,,,
146.81973619931605,0.0,1,EELS,Gold,"[{""position"": 0.0, ""amplitude"": 2.580536309994504, ""fwhm"": 2.6429703225692007}]",0.0,2.580536309994504,2.6429703225692007,,,,,,,,,,,,,,,
147.7992183683439,0.01256410988344126,1,EELS,Gold,"[{""position"": 0.0, ""amplitude"": 2.580536309994504, ""fwhm"": 2.6429703225692007}]",0.0,2.580536309994504,2.6429703225692007,,,,,,,,,,,,,,,
148.77870053737175,0.005,1,EELS,Gold,"[{""position"": 0.0, ""amplitude"": 2.580536309994504, ""fwhm"": 2.6429703225692007}]",0.0,2.580536309994504,2.6429703225692007,,,,,,,,,,,,,,,
149.7581827063996,0.017883177598060053,1,EELS,Gold,"[{""position"": 0.0, ""amplitude"": 2.580536309994504, ""fwhm"": 2.6429703225692007}]",0.0,2.580536309994504,2.6429703225692007,,,,,,,,,,,,,,,
150.73766487542744,0.013832488856834293,1,EELS,Gold,"[{""position"": 0.0, ""amplitude"": 2.580536309994504, ""fwhm"": 2.6429703225692007}]",0.0,2.580536309994504,2.6429703225692007,,,,,,,,,,,,,,,
151.7171470444553,0.01,1,EELS,Gold,"[{""position"": 0.0, ""amplitude"": 2.580536309994504, ""fwhm"": 2.6429703225692007}]",0.0,2.580536309994504,2.6429703225692007,,,,,,,,,,,,,,,
152.69662921348313,0.018312537276238106,1,EELS,Gold,"[{""position"": 0.0, ""amplitude"": 2.580536309994504, ""fwhm"": 2.6429703225692007}]",0.0,2.580536309994504,2.6429703225692007,,,,,,,,,,,,,,,
153.67611138251098,0.0018848684184391506,1,EELS,Gold,"[{""position"": 0.0, ""amplitude"": 2.580536309994504, ""fwhm"": 2.6429703225692007}]",0.0,2.580536309994504,2.6429703225692007,,,,,,,,,,,,,,,
154.65559355153883,0.00793208561701991,1,EELS,Gold,"[{""position"": 0.0, ""amplitude"": 2.580536309994504, ""fwhm"": 2.6429703225692007}]",0.0,2.580536309994504,2.6429703225692007,,,,,,,,,,,,,,,
155.63507572056668,0.015695107390074466,1,EELS,Gold,"[{""position"": 0.0, ""amplitude"": 2.580536309994504, ""fwhm"": 2.6429703225692007}]",0.0,2.580536309994504,2.6429703225692007,,,,,,,,,,,,,,,
156.61455788959452,0.005164373387777605,1,EELS,Gold,"[{""position"": 0.0, ""amplitude"": 2.580536309994504, ""fwhm"": 2.6429703225692007}]",0.0,2.580536309994504,2.6429703225692007,,,,,,,,,,,,,,,
157.59404005862237,0.005,1,EELS,Gold,"[{""position"": 0.0, ""amplitude"": 2.580536309994504, ""fwhm"": 2.6429703225692007}]",0.0,2.580536309994504,2.6429703225692007,,,,,,,,,,,,,,,
158.57352222765022,0.015,1,EELS,Gold,"[{""position"": 0.0, ""amplitude"": 2.580536309994504, ""fwhm"": 2.6429703225692007}]",0.0,2.580536309994504,2.6429703225692007,,,,,,,,,,,,,,,
159.55300439667806,0.02,1,EELS,Gold,"[{""position"": 0.0, ""amplitude"": 2.580536309994504, ""fwhm"": 2.6429703225692007}]",0.0,2.580536309994504,2.6429703225692007,,,,,,,,,,,,,,,
160.5324865657059,0.005568461118782723,1,EELS,Gold,"[{""position"": 0.0, ""amplitude"": 2.580536309994504, ""fwhm"": 2.6429703225692007}]",0.0,2.580536309994504,2.6429703225692007,,,,,,,,,,,,,,,
161.51196873473376,0.0016396414057880063,1,EELS,Gold,"[{""position"": 0.0, ""amplitude"": 2.580536309994504, ""fwhm"": 2.6429703225692007}]",0.0,2.580536309994504,2.6429703225692007,,,,,,,,,,,,,,,
162.4914509037616,0.0014663896645562807,1,EELS,Gold,"[{""position"": 0.0, ""amplitude"": 2.580536309994504, ""fwhm"": 2.6429703225692007}]",0.0,2.580536309994504,2.6429703225692007,,,,,,,,,,,,,,,
163.47093307278945,0.022878723200046053,1,EELS,Gold,"[{""position"": 0.0, ""amplitude"": 2.580536309994504, ""fwhm"": 2.6429703225692007}]",0.0,2.580536309994504,2.6429703225692007,,,,,,,,,,,,,,,
164.4504152418173,0.01077274515060309,1,EELS,Gold,"[{""position"": 0.0, ""amplitude"": 2.580536309994504, ""fwhm"": 2.6429703225692007}]",0.0,2.580536309994504,2.6429703225692007,,,,,,,,,,,,,,,
165.42989741084514,0.0044799930098666264,1,EELS,Gold,"[{""position"": 0.0, ""amplitude"": 2.580536309994504, ""fwhm"": 2.6429703225692007}]",0.0,2.580536309994504,2.6429703225692007,,,,,,,,,,,,,,,
166.40937957987296,0.010043489778131697,1,EELS,Gold,"[{""position"": 0.0, ""amplitude"": 2.580536309994504, ""fwhm"": 2.6429703225692007}]",0.0,2.580536309994504,2.6429703225692007,,,,,,,,,,,,,,,
167.3888617489008,0.007732447887665018,1,EELS,Gold,"[{""position"": 0.0, ""amplitude"": 2.580536309994504, ""fwhm"": 2.6429703225692007}]",0.0,2.580536309994504,2.6429703225692007,,,,,,,,,,,,,,,
168.36834391792866,0.007325929165621697,1,EELS,Gold,"[{""position"": 0.0, ""amplitude"": 2.580536309994504, ""fwhm"": 2.6429703225692007}]",0.0,2.580536309994504,2.6429703225692007,,,,,,,,,,,,,,,
169.3478260869565,0.01,1,EELS,Gold,"[{""position"": 0.0, ""amplitude"": 2.580536309994504, ""fwhm"": 2.6429703225692007}]",0.0,2.580536309994504,2.6429703225692007,,,,,,,,,,,,,,,
170.32730825598435,0.0,1,EELS,Gold,"[{""position"": 0.0, ""amplitude"": 2.580536309994504, ""fwhm"": 2.6429703225692007}]",0.0,2.580536309994504,2.6429703225692007,,,,,,,,,,,,,,,
171.3067904250122,0.0119379352570575,1,EELS,Gold,"[{""position"": 0.0, ""amplitude"": 2.580536309994504, ""fwhm"": 2.6429703225692007}]",0.0,2.580536309994504,2.6429703225692007,,,,,,,,,,,,,,,
172.28627259404004,0.005111795753401545,1,EELS,Gold,"[{""position"": 0.0, ""amplitude"": 2.580536309994504, ""fwhm"": 2.6429703225692007}]",0.0,2.580536309994504,2.6429703225692007,,,,,,,,,,,,,,,
173.2657547630679,0.007522768554668315,1,EELS,Gold,"[{""position"": 0.0, ""amplitude"": 2.580536309994504, ""fwhm"": 2.6429703225692007}]",0.0,2.580536309994504,2.6429703225692007,,,,,,,,,,,,,,,
174.24523693209574,0.006896111946317594,1,EELS,Gold,"[{""position"": 0.0, ""amplitude"": 2.580536309994504, ""fwhm"": 2.6429703225692007}]",0.0,2.580536309994504,2.6429703225692007,,,,,,,,,,,,,,,
175.22471910112358,0.010482401503769865,1,EELS,Gold,"[{""position"": 0.0, ""amplitude"": 2.580536309994504, ""fwhm"": 2.6429703225692007}]",0.0,2.580536309994504,2.6429703225692007,,,,,,,,,,,,,,,
176.20420127015143,0.0,1,EELS,Gold,"[{""position"": 0.0, ""amplitude"": 2.580536309994504, ""fwhm"": 2.6429703225692007}]",0.0,2.580536309994504,2.6429703225692007,,,,,,,,,,,,,,,
177.18368343917928,0.005,1,EELS,Gold,"[{""position"": 0.0, ""amplitude"": 2.580536309994504, ""fwhm"": 2.6429703225692007}]",0.0,2.580536309994504,2.6429703225692007,,,,,,,,,,,,,,,
178.16316560820712,0.0,1,EELS,Gold,"[{""position"": 0.0, ""amplitude"": 2.580536309994504, ""fwhm"": 2.6429703225692007}]",0.0,2.580536309994504,2.6429703225692007,,,,,,,,,,,,,,,
179.14264777723497,0.0028555988054939745,1,EELS,Gold,"[{""position"": 0.0, ""amplitude"": 2.580536309994504, ""fwhm"": 2.6429703225692007}]",0.0,2.580536309994504,2.6429703225692007,,,,,,,,,,,,,,,
180.12212994626282,0.016194157233833915,1,EELS,Gold,"[{""position"": 0.0, ""amplitude"": 2.580536309994504, ""fwhm"": 2.6429703225692007}]",0.0,2.580536309994504,2.6429703225692007,,,,,,,,,,,,,,,
181.10161211529066,0.005,1,EELS,Gold,"[{""position"": 0.0, ""amplitude"": 2.580536309994504, ""fwhm"": 2.6429703225692007}]",0.0,2.580536309994504,2.6429703225692007,,,,,,,,,,,,,,,
182.0810942843185,0.011078007084312948,1,EELS,Gold,"[{""position"": 0.0, ""amplitude"": 2.580536309994504, ""fwhm"": 2.6429703225692007}]",0.0,2.580536309994504,2.6429703225692007,,,,,,,,,,,,,,,
183.06057645334636,0.006619712741343108,1,EELS,Gold,"[{""position"": 0.0, ""amplitude"": 2.580536309994504, ""fwhm"": 2.6429703225692007}]",0.0,2.580536309994504,2.6429703225692007,,,,,,,,,,,,,,,
184.0400586223742,0.005,1,EELS,Gold,"[{""position"": 0.0, ""amplitude"": 2.580536309994504, ""fwhm"": 2.6429703225692007}]",0.0,2.580536309994504,2.6429703225692007,,,,,,,,,,,,,,,
185.01954079140205,0.0010123745783269418,1,EELS,Gold,"[{""position"": 0.0, ""amplitude"": 2.580536309994504, ""fwhm"": 2.6429703225692007}]",0.0,2.580536309994504,2.6429703225692007,,,,,,,,,,,,,,,
185.9990229604299,0.0007610926485869111,1,EELS,Gold,"[{""position"": 0.0, ""amplitude"": 2.580536309994504, ""fwhm"": 2.6429703225692007}]",0.0,2.580536309994504,2.6429703225692007,,,,,,,,,,,,,,,
186.97850512945774,0.005,1,EELS,Gold,"[{""position"": 0.0, ""amplitude"": 2.580536309994504, ""fwhm"": 2.6429703225692007}]",0.0,2.580536309994504,2.6429703225692007,,,,,,,,,,,,,,,
187.9579872984856,0.006523625172058065,1,EELS,Gold,"[{""position"": 0.0, ""amplitude"": 2.580536309994504, ""fwhm"": 2.6429703225692007}]",0.0,2.580536309994504,2.6429703225692007,,,,,,,,,,,,,,,
188.9374694675134,0.0020421686738752664,1,EELS,Gold,"[{""position"": 0.0, ""amplitude"": 2.580536309994504, ""fwhm"": 2.6429703225692007}]",0.0,2.580536309994504,2.6429703225692007,,,,,,,,,,,,,,,
189.91695163654126,0.00838391866703611,1,EELS,Gold,"[{""position"": 0.0, ""amplitude"": 2.580536309994504, ""fwhm"": 2.6429703225692007}]",0.0,2.580536309994504,2.6429703225692007,,,,,,,,,,,,,,,
190.8964338055691,0.008303806503041434,1,EELS,Gold,"[{""position"": 0.0, ""amplitude"": 2.580536309994504, ""fwhm"": 2.6429703225692007}]",0.0,2.580536309994504,2.6429703225692007,,,,,,,,,,,,,,,
191.87591597459695,0.0,1,EELS,Gold,"[{""position"": 0.0, ""amplitude"": 2.580536309994504, ""fwhm"": 2.6429703225692007}]",0.0,2.580536309994504,2.6429703225692007,,,,,,,,,,,,,,,
192.8553981436248,0.0,1,EELS,Gold,"[{""position"": 0.0, ""amplitude"": 2.580536309994504, ""fwhm"": 2.6429703225692007}]",0.0,2.580536309994504,2.6429703225692007,,,,,,,,,,,,,,,
193.83488031265264,0.006901006161429373,1,EELS,Gold,"[{""position"": 0.0, ""amplitude"": 2.580536309994504, ""fwhm"": 2.6429703225692007}]",0.0,2.580536309994504,2.6429703225692007,,,,,,,,,,,,,,,
194.8143624816805,0.011893318902030225,1,EELS,Gold,"[{""position"": 0.0, ""amplitude"": 2.580536309994504, ""fwhm"": 2.6429703225692007}]",0.0,2.580536309994504,2.6429703225692007,,,,,,,,,,,,,,,
195.79384465070834,0.0018921619428352763,1,EELS,Gold,"[{""position"": 0.0, ""amplitude"": 2.580536309994504, ""fwhm"": 2.6429703225692007}]",0.0,2.580536309994504,2.6429703225692007,,,,,,,,,,,,,,,
196.77332681973618,0.015493056076747537,1,EELS,Gold,"[{""position"": 0.0, ""amplitude"": 2.580536309994504, ""fwhm"": 2.6429703225692007}]",0.0,2.580536309994504,2.6429703225692007,,,,,,,,,,,,,,,
197.75280898876403,0.0020274814592386096,1,EELS,Gold,"[{""position"": 0.0, ""amplitude"": 2.580536309994504, ""fwhm"": 2.6429703225692007}]",0.0,2.580536309994504,2.6429703225692007,,,,,,,,,,,,,,,
198.73229115779188,0.0034790854546314985,1,EELS,Gold,"[{""position"": 0.0, ""amplitude"": 2.580536309994504, ""fwhm"": 2.6429703225692007}]",0.0,2.580536309994504,2.6429703225692007,,,,,,,,,,,,,,,
199.71177332681972,0.0030067812956864983,1,EELS,Gold,"[{""position"": 0.0, ""amplitude"": 2.580536309994504, ""fwhm"": 2.6429703225692007}]",0.0,2.580536309994504,2.6429703225692007,,,,,,,,,,,,,,,
200.69125549584757,0.01222244513119912,1,EELS,Gold,"[{""position"": 0.0, ""amplitude"": 2.580536309994504, ""fwhm"": 2.6429703225692007}]",0.0,2.580536309994504,2.6429703225692007,,,,,,,,,,,,,,,
201.67073766487542,0.005,1,EELS,Gold,"[{""position"": 0.0, ""amplitude"": 2.580536309994504, ""fwhm"": 2.6429703225692007}]",0.0,2.580536309994504,2.6429703225692007,,,,,,,,,,,,,,,
202.65021983390326,0.0074916694282457265,1,EELS,Gold,"[{""position"": 0.0, ""amplitude"": 2.580536309994504, ""fwhm"": 2.6429703225692007}]",0.0,2.580536309994504,2.6429703225692007,,,,,,,,,,,,,,,
203.6297020029311,0.005,1,EELS,Gold,"[{""position"": 0.0, ""amplitude"": 2.580536309994504, ""fwhm"": 2.6429703225692007}]",0.0,2.580536309994504,2.6429703225692007,,,,,,,,,,,,,,,
204.60918417195896,0.005,1,EELS,Gold,"[{""position"": 0.0, ""amplitude"": 2.580536309994504, ""fwhm"": 2.6429703225692007}]",0.0,2.580536309994504,2.6429703225692007,,,,,,,,,,,,,,,
205.5886663409868,0.0,1,EELS,Gold,"[{""position"": 0.0, ""amplitude"": 2.580536309994504, ""fwhm"": 2.6429703225692007}]",0.0,2.580536309994504,2.6429703225692007,,,,,,,,,,,,,,,
206.56814851001465,0.0057302897850273005,1,EELS,Gold,"[{""position"": 0.0, ""amplitude"": 2.580536309994504, ""fwhm"": 2.6429703225692007}]",0.0,2.580536309994504,2.6429703225692007,,,,,,,,,,,,,,,
207.5476306790425,0.006483071246842401,1,EELS,Gold,"[{""position"": 0.0, ""amplitude"": 2.580536309994504, ""fwhm"": 2.6429703225692007}]",0.0,2.580536309994504,2.6429703225692007,,,,,,,,,,,,,,,
208.52711284807035,0.005,1,EELS,Gold,"[{""position"": 0.0, ""amplitude"": 2.580536309994504, ""fwhm"": 2.6429703225692007}]",0.0,2.580536309994504,2.6429703225692007,,,,,,,,,,,,,,,
209.5065950170982,0.0022772432452708934,1,EELS,Gold,"[{""position"": 0.0, ""amplitude"": 2.580536309994504, ""fwhm"": 2.6429703225692007}]",0.0,2.580536309994504,2.6429703225692007,,,,,,,,,,,,,,,
210.48607718612604,0.015,1,EELS,Gold,"[{""position"": 0.0, ""amplitude"": 2.580536309994504, ""fwhm"": 2.6429703225692007}]",0.0,2.580536309994504,2.6429703225692007,,,,,,,,,,,,,,,
211.46555935515389,0.0,1,EELS,Gold,"[{""position"": 0.0, ""amplitude"": 2.580536309994504, ""fwhm"": 2.6429703225692007}]",0.0,2.580536309994504,2.6429703225692007,,,,,,,,,,,,,,,
212.4450415241817,0.008304575965702386,1,EELS,Gold,"[{""position"": 0.0, ""amplitude"": 2.580536309994504, ""fwhm"": 2.6429703225692007}]",0.0,2.580536309994504,2.6429703225692007,,,,,,,,,,,,,,,
213.42452369320955,0.0006592151814984872,1,EELS,Gold,"[{""position"": 0.0, ""amplitude"": 2.580536309994504, ""fwhm"": 2.6429703225692007}]",0.0,2.580536309994504,2.6429703225692007,,,,,,,,,,,,,,,
214.4040058622374,0.01,1,EELS,Gold,"[{""position"": 0.0, ""amplitude"": 2.580536309994504, ""fwhm"": 2.6429703225692007}]",0.0,2.580536309994504,2.6429703225692007,,,,,,,,,,,,,,,
215.38348803126524,0.0,1,EELS,Gold,"[{""position"": 0.0, ""amplitude"": 2.580536309994504, ""fwhm"": 2.6429703225692007}]",0.0,2.580536309994504,2.6429703225692007,,,,,,,,,,,,,,,
216.3629702002931,0.0022352407458041935,1,EELS,Gold,"[{""position"": 0.0, ""amplitude"": 2.580536309994504, ""fwhm"": 2.6429703225692007}]",0.0,2.580536309994504,2.6429703225692007,,,,,,,,,,,,,,,
217.34245236932094,0.005,1,EELS,Gold,"[{""position"": 0.0, ""amplitude"": 2.580536309994504, ""fwhm"": 2.6429703225692007}]",0.0,2.580536309994504,2.6429703225692007,,,,,,,,,,,,,,,
218.32193453834878,0.011034438512805594,1,EELS,Gold,"[{""position"": 0.0, ""amplitude"": 2.580536309994504, ""fwhm"": 2.6429703225692007}]",0.0,2.580536309994504,2.6429703225692007,,,,,,,,,,,,,,,
219.30141670737663,0.0005905474319973247,1,EELS,Gold,"[{""position"": 0.0, ""amplitude"": 2.580536309994504, ""fwhm"": 2.6429703225692007}]",0.0,2.580536309994504,2.6429703225692007,,,,,,,,,,,,,,,
220.28089887640448,0.0050434557294504745,1,EELS,Gold,"[{""position"": 0.0, ""amplitude"": 2.580536309994504, ""fwhm"": 2.6429703225692007}]",0.0,2.580536309994504,2.6429703225692007,,,,,,,,,,,,,,,
221.26038104543233,0.04721094968908261,1,EELS,Gold,"[{""position"": 0.0, ""amplitude"": 2.580536309994504, ""fwhm"": 2.6429703225692007}]",0.0,2.580536309994504,2.6429703225692007,,,,,,,,,,,,,,,
222.23986321446017,0.045663313276760556,1,EELS,Gold,"[{""position"": 0.0, ""amplitude"": 2.580536309994504, ""fwhm"": 2.6429703225692007}]",0.0,2.580536309994504,2.6429703225692007,,,,,,,,,,,,,,,
223.21934538348802,0.06883645418487983,1,EELS,Gold,"[{""position"": 0.0, ""amplitude"": 2.580536309994504, ""fwhm"": 2.6429703225692007}]",0.0,2.580536309994504,2.6429703225692007,,,,,,,,,,,,,,,
224.19882755251587,0.0825149482632418,1,EELS,Gold,"[{""position"": 0.0, ""amplitude"": 2.580536309994504, ""fwhm"": 2.6429703225692007}]",0.0,2.580536309994504,2.6429703225692007,,,,,,,,,,,,,,,
225.1783097215437,0.08648736923279034,1,EELS,Gold,"[{""position"": 0.0, ""amplitude"": 2.580536309994504, ""fwhm"": 2.6429703225692007}]",0.0,2.580536309994504,2.6429703225692007,,,,,,,,,,,,,,,
226.15779189057156,0.09994238401872782,1,EELS,Gold,"[{""position"": 0.0, ""amplitude"": 2.580536309994504, ""fwhm"": 2.6429703225692007}]",0.0,2.580536309994504,2.6429703225692007,,,,,,,,,,,,,,,
227.1372740595994,0.10882960421216356,1,EELS,Gold,"[{""position"": 0.0, ""amplitude"": 2.580536309994504, ""fwhm"": 2.6429703225692007}]",0.0,2.580536309994504,2.6429703225692007,,,,,,,,,,,,,,,
228.11675622862725,0.11244737743289135,1,EELS,Gold,"[{""position"": 0.0, ""amplitude"": 2.580536309994504, ""fwhm"": 2.6429703225692007}]",0.0,2.580536309994504,2.6429703225692007,,,,,,,,,,,,,,,
229.0962383976551,0.12480391783679927,1,EELS,Gold,"[{""position"": 0.0, ""amplitude"": 2.580536309994504, ""fwhm"": 2.6429703225692007}]",0.0,2.580536309994504,2.6429703225692007,,,,,,,,,,,,,,,
230.07572056668295,0.12051131818577825,1,EELS,Gold,"[{""position"": 0.0, ""amplitude"": 2.580536309994504, ""fwhm"": 2.6429703225692007}]",0.0,2.580536309994504,2.6429703225692007,,,,,,,,,,,,,,,
231.0552027357108,0.12409586161793124,1,EELS,Gold,"[{""position"": 0.0, ""amplitude"": 2.580536309994504, ""fwhm"": 2.6429703225692007}]",0.0,2.580536309994504,2.6429703225692007,,,,,,,,,,,,,,,
232.03468490473864,0.1344758679645558,1,EELS,Gold,"[{""position"": 0.0, ""amplitude"": 2.580536309994504, ""fwhm"": 2.6429703225692007}]",0.0,2.580536309994504,2.6429703225692007,,,,,,,,,,,,,,,
233.0141670737665,0.12658918090613683,1,EELS,Gold,"[{""position"": 0.0, ""amplitude"": 2.580536309994504, ""fwhm"": 2.6429703225692007}]",0.0,2.580536309994504,2.6429703225692007,,,,,,,,,,,,,,,
233.99364924279433,0.13301311324784823,1,EELS,Gold,"[{""position"": 0.0, ""amplitude"": 2.580536309994504, ""fwhm"": 2.6429703225692007}]",0.0,2.580536309994504,2.6429703225692007,,,,,,,,,,,,,,,
234.97313141182215,0.13561327242655719,1,EELS,Gold,"[{""position"": 0.0, ""amplitude"": 2.580536309994504, ""fwhm"": 2.6429703225692007}]",0.0,2.580536309994504,2.6429703225692007,,,,,,,,,,,,,,,
235.95261358085,0.1380135744034804,1,EELS,Gold,"[{""position"": 0.0, ""amplitude"": 2.580536309994504, ""fwhm"": 2.6429703225692007}]",0.0,2.580536309994504,2.6429703225692007,,,,,,,,,,,,,,,
236.93209574987785,0.1342268610649011,1,EELS,Gold,"[{""position"": 0.0, ""amplitude"": 2.580536309994504, ""fwhm"": 2.6429703225692007}]",0.0,2.580536309994504,2.6429703225692007,,,,,,,,,,,,,,,
237.9115779189057,0.14000283018280235,1,EELS,Gold,"[{""position"": 0.0, ""amplitude"": 2.580536309994504, ""fwhm"": 2.6429703225692007}]",0.0,2.580536309994504,2.6429703225692007,,,,,,,,,,,,,,,
238.89106008793354,0.1379613715999615,1,EELS,Gold,"[{""position"": 0.0, ""amplitude"": 2.580536309994504, ""fwhm"": 2.6429703225692007}]",0.0,2.580536309994504,2.6429703225692007,,,,,,,,,,,,,,,
239.8705422569614,0.14473985762512676,1,EELS,Gold,"[{""position"": 0.0, ""amplitude"": 2.580536309994504, ""fwhm"": 2.6429703225692007}]",0.0,2.580536309994504,2.6429703225692007,,,,,,,,,,,,,,,
240.85002442598923,0.1275178769917433,1,EELS,Gold,"[{""position"": 0.0, ""amplitude"": 2.580536309994504, ""fwhm"": 2.6429703225692007}]",0.0,2.580536309994504,2.6429703225692007,,,,,,,,,,,,,,,
241.82950659501708,0.12934405719774042,1,EELS,Gold,"[{""position"": 0.0, ""amplitude"": 2.580536309994504, ""fwhm"": 2.6429703225692007}]",0.0,2.580536309994504,2.6429703225692007,,,,,,,,,,,,,,,
242.80898876404493,0.13284386975552304,1,EELS,Gold,"[{""position"": 0.0, ""amplitude"": 2.580536309994504, ""fwhm"": 2.6429703225692007}]",0.0,2.580536309994504,2.6429703225692007,,,,,,,,,,,,,,,
243.78847093307277,0.12658986112706275,1,EELS,Gold,"[{""position"": 0.0, ""amplitude"": 2.580536309994504, ""fwhm"": 2.6429703225692007}]",0.0,2.580536309994504,2.6429703225692007,,,,,,,,,,,,,,,
244.76795310210062,0.12826887635756642,1,EELS,Gold,"[{""position"": 0.0, ""amplitude"": 2.580536309994504, ""fwhm"": 2.6429703225692007}]",0.0,2.580536309994504,2.6429703225692007,,,,,,,,,,,,,,,
245.74743527112847,0.13272438204018835,1,EELS,Gold,"[{""position"": 0.0, ""amplitude"": 2.580536309994504, ""fwhm"": 2.6429703225692007}]",0.0,2.580536309994504,2.6429703225692007,,,,,,,,,,,,,,,
246.7269174401563,0.1318491455416256,1,EELS,Gold,"[{""position"": 0.0, ""amplitude"": 2.580536309994504, ""fwhm"": 2.6429703225692007}]",0.0,2.580536309994504,2.6429703225692007,,,,,,,,,,,,,,,
247.70639960918416,0.147521248771546,1,EELS,Gold,"[{""position"": 0.0, ""amplitude"": 2.580536309994504, ""fwhm"": 2.6429703225692007}]",0.0,2.580536309994504,2.6429703225692007,,,,,,,,,,,,,,,
248.685881778212,0.11269090055471684,1,EELS,Gold,"[{""position"": 0.0, ""amplitude"": 2.580536309994504, ""fwhm"": 2.6429703225692007}]",0.0,2.580536309994504,2.6429703225692007,,,,,,,,,,,,,,,
249.66536394723985,0.12672798829821386,1,EELS,Gold,"[{""position"": 0.0, ""amplitude"": 2.580536309994504, ""fwhm"": 2.6429703225692007}]",0.0,2.580536309994504,2.6429703225692007,,,,,,,,,,,,,,,
250.6448461162677,0.12199825241838717,1,EELS,Gold,"[{""position"": 0.0, ""amplitude"": 2.580536309994504, ""fwhm"": 2.6429703225692007}]",0.0,2.580536309994504,2.6429703225692007,,,,,,,,,,,,,,,
251.62432828529552,0.11768054627196944,1,EELS,Gold,"[{""position"": 0.0, ""amplitude"": 2.580536309994504, ""fwhm"": 2.6429703225692007}]",0.0,2.580536309994504,2.6429703225692007,,,,,,,,,,,,,,,
252.60381045432337,0.12333016428290097,1,EELS,Gold,"[{""position"": 0.0, ""amplitude"": 2.580536309994504, ""fwhm"": 2.6429703225692007}]",0.0,2.580536309994504,2.6429703225692007,,,,,,,,,,,,,,,
253.5832926233512,0.10864077110551676,1,EELS,Gold,"[{""position"": 0.0, ""amplitude"": 2.580536309994504, ""fwhm"": 2.6429703225692007}]",0.0,2.580536309994504,2.6429703225692007,,,,,,,,,,,,,,,
254.56277479237906,0.1143886764477035,1,EELS,Gold,"[{""position"": 0.0, ""amplitude"": 2.580536309994504, ""fwhm"": 2.6429703225692007}]",0.0,2.580536309994504,2.6429703225692007,,,,,,,,,,,,,,,
255.5422569614069,0.11904955181472347,1,EELS,Gold,"[{""position"": 0.0, ""amplitude"": 2.580536309994504, ""fwhm"": 2.6429703225692007}]",0.0,2.580536309994504,2.6429703225692007,,,,,,,,,,,,,,,
256.52173913043475,0.11561635180293339,1,EELS,Gold,"[{""position"": 0.0, ""amplitude"": 2.580536309994504, ""fwhm"": 2.6429703225692007}]",0.0,2.580536309994504,2.6429703225692007,,,,,,,,,,,,,,,
257.5012212994626,0.10638922749184458,1,EELS,Gold,"[{""position"": 0.0, ""amplitude"": 2.580536309994504, ""fwhm"": 2.6429703225692007}]",0.0,2.580536309994504,2.6429703225692007,,,,,,,,,,,,,,,
258.48070346849045,0.11128709383722013,1,EELS,Gold,"[{""position"": 0.0, ""amplitude"": 2.580536309994504, ""fwhm"": 2.6429703225692007}]",0.0,2.580536309994504,2.6429703225692007,,,,,,,,,,,,,,,
259.4601856375183,0.1065209967799371,1,EELS,Gold,"[{""position"": 0.0, ""amplitude"": 2.580536309994504, ""fwhm"": 2.6429703225692007}]",0.0,2.580536309994504,2.6429703225692007,,,,,,,,,,,,,,,
260.43966780654614,0.10218250206564848,1,EELS,Gold,"[{""position"": 0.0, ""amplitude"": 2.580536309994504, ""fwhm"": 2.6429703225692007}]",0.0,2.580536309994504,2.6429703225692007,,,,,,,,,,,,,,,
261.419149975574,0.1041371732690146,1,EELS,Gold,"[{""position"": 0.0, ""amplitude"": 2.580536309994504, ""fwhm"": 2.6429703225692007}]",0.0,2.580536309994504,2.6429703225692007,,,,,,,,,,,,,,,
262.39863214460183,0.09670800611104392,1,EELS,Gold,"[{""position"": 0.0, ""amplitude"": 2.580536309994504, ""fwhm"": 2.6429703225692007}]",0.0,2.580536309994504,2.6429703225692007,,,,,,,,,,,,,,,
263.3781143136297,0.09791427543236929,1,EELS,Gold,"[{""position"": 0.0, ""amplitude"": 2.580536309994504, ""fwhm"": 2.6429703225692007}]",0.0,2.580536309994504,2.6429703225692007,,,,,,,,,,,,,,,
264.3575964826575,0.10292807874655228,1,EELS,Gold,"[{""position"": 0.0, ""amplitude"": 2.580536309994504, ""fwhm"": 2.6429703225692007}]",0.0,2.580536309994504,2.6429703225692007,,,,,,,,,,,,,,,
265.3370786516854,0.09506163158961839,1,EELS,Gold,"[{""position"": 0.0, ""amplitude"": 2.580536309994504, ""fwhm"": 2.6429703225692007}]",0.0,2.580536309994504,2.6429703225692007,,,,,,,,,,,,,,,
266.3165608207132,0.09467624399443839,1,EELS,Gold,"[{""position"": 0.0, ""amplitude"": 2.580536309994504, ""fwhm"": 2.6429703225692007}]",0.0,2.580536309994504,2.6429703225692007,,,,,,,,,,,,,,,
267.29604298974107,0.08944161857037071,1,EELS,Gold,"[{""position"": 0.0, ""amplitude"": 2.580536309994504, ""fwhm"": 2.6429703225692007}]",0.0,2.580536309994504,2.6429703225692007,,,,,,,,,,,,,,,
268.2755251587689,0.0901976112665211,1,EELS,Gold,"[{""position"": 0.0, ""amplitude"": 2.580536309994504, ""fwhm"": 2.6429703225692007}]",0.0,2.580536309994504,2.6429703225692007,,,,,,,,,,,,,,,
269.25500732779676,0.08131482337877069,1,EELS,Gold,"[{""position"": 0.0, ""amplitude"": 2.580536309994504, ""fwhm"": 2.6429703225692007}]",0.0,2.580536309994504,2.6429703225692007,,,,,,,,,,,,,,,
270.2344894968246,0.08842726401408722,1,EELS,Gold,"[{""position"": 0.0, ""amplitude"": 2.580536309994504, ""fwhm"": 2.6429703225692007}]",0.0,2.580536309994504,2.6429703225692007,,,,,,,,,,,,,,,
271.21397166585245,0.09134100407780689,1,EELS,Gold,"[{""position"": 0.0, ""amplitude"": 2.580536309994504, ""fwhm"": 2.6429703225692007}]",0.0,2.580536309994504,2.6429703225692007,,,,,,,,,,,,,,,
272.1934538348803,0.07945317508799578,1,EELS,Gold,"[{""position"": 0.0, ""amplitude"": 2.580536309994504, ""fwhm"": 2.6429703225692007}]",0.0,2.580536309994504,2.6429703225692007,,,,,,,,,,,,,,,
273.17293600390815,0.079856640096558,1,EELS,Gold,"[{""position"": 0.0, ""amplitude"": 2.580536309994504, ""fwhm"": 2.6429703225692007}]",0.0,2.580536309994504,2.6429703225692007,,,,,,,,,,,,,,,
274.152418172936,0.07758439804096341,1,EELS,Gold,"[{""position"": 0.0, ""amplitude"": 2.580536309994504, ""fwhm"": 2.6429703225692007}]",0.0,2.580536309994504,2.6429703225692007,,,,,,,,,,,,,,,
275.13190034196384,0.07379938635412582,1,EELS,Gold,"[{""position"": 0.0, ""amplitude"": 2.580536309994504, ""fwhm"": 2.6429703225692007}]",0.0,2.580536309994504,2.6429703225692007,,,,,,,,,,,,,,,
276.1113825109917,0.07843788680334156,1,EELS,Gold,"[{""position"": 0.0, ""amplitude"": 2.580536309994504, ""fwhm"": 2.6429703225692007}]",0.0,2.580536309994504,2.6429703225692007,,,,,,,,,,,,,,,
277.09086468001954,0.07129768711475701,1,EELS,Gold,"[{""position"": 0.0, ""amplitude"": 2.580536309994504, ""fwhm"": 2.6429703225692007}]",0.0,2.580536309994504,2.6429703225692007,,,,,,,,,,,,,,,
278.0703468490474,0.06966802637062526,1,EELS,Gold,"[{""position"": 0.0, ""amplitude"": 2.580536309994504, ""fwhm"": 2.6429703225692007}]",0.0,2.580536309994504,2.6429703225692007,,,,,,,,,,,,,,,
279.04982901807523,0.08202110698971987,1,EELS,Gold,"[{""position"": 0.0, ""amplitude"": 2.580536309994504, ""fwhm"": 2.6429703225692007}]",0.0,2.580536309994504,2.6429703225692007,,,,,,,,,,,,,,,
280.0293111871031,0.0794183730007431,1,EELS,Gold,"[{""position"": 0.0, ""amplitude"": 2.580536309994504, ""fwhm"": 2.6429703225692007}]",0.0,2.580536309994504,2.6429703225692007,,,,,,,,,,,,,,,
281.0087933561309,0.06540261117643449,1,EELS,Gold,"[{""position"": 0.0, ""amplitude"": 2.580536309994504, ""fwhm"": 2.6429703225692007}]",0.0,2.580536309994504,2.6429703225692007,,,,,,,,,,,,,,,
281.98827552515877,0.08322325748475483,1,EELS,Gold,"[{""position"": 0.0, ""amplitude"": 2.580536309994504, ""fwhm"": 2.6429703225692007}]",0.0,2.580536309994504,2.6429703225692007,,,,,,,,,,,,,,,
282.9677576941866,0.07043439480464016,1,EELS,Gold,"[{""position"": 0.0, ""amplitude"": 2.580536309994504, ""fwhm"": 2.6429703225692007}]",0.0,2.580536309994504,2.6429703225692007,,,,,,,,,,,,,,,
283.94723986321446,0.07049915734160574,1,EELS,Gold,"[{""position"": 0.0, ""amplitude"": 2.580536309994504, ""fwhm"": 2.6429703225692007}]",0.0,2.580536309994504,2.6429703225692007,,,,,,,,,,,,,,,
284.9267220322423,0.08381086609645808,1,EELS,Gold,"[{""position"": 0.0, ""amplitude"": 2.580536309994504, ""fwhm"": 2.6429703225692007}]",0.0,2.580536309994504,2.6429703225692007,,,,,,,,,,,,,,,
285.90620420127016,0.0638568481752695,1,EELS,Gold,"[{""position"": 0.0, ""amplitude"": 2.580536309994504, ""fwhm"": 2.6429703225692007}]",0.0,2.580536309994504,2.6429703225692007,,,,,,,,,,,,,,,
286.885686370298,0.05837870736543056,1,EELS,Gold,"[{""position"": 0.0, ""amplitude"": 2.580536309994504, ""fwhm"": 2.6429703225692007}]",0.0,2.580536309994504,2.6429703225692007,,,,,,,,,,,,,,,
287.86516853932585,0.06560030715885197,1,EELS,Gold,"[{""position"": 0.0, ""amplitude"": 2.580536309994504, ""fwhm"": 2.6429703225692007}]",0.0,2.580536309994504,2.6429703225692007,,,,,,,,,,,,,,,
288.8446507083537,0.06411947161333043,1,EELS,Gold,"[{""position"": 0.0, ""amplitude"": 2.580536309994504, ""fwhm"": 2.6429703225692007}]",0.0,2.580536309994504,2.6429703225692007,,,,,,,,,,,,,,,
289.82413287738154,0.05638529349309376,1,EELS,Gold,"[{""position"": 0.0, ""amplitude"": 2.580536309994504, ""fwhm"": 2.6429703225692007}]",0.0,2.580536309994504,2.6429703225692007,,,,,,,,,,,,,,,
290.8036150464094,0.05565590471179057,1,EELS,Gold,"[{""position"": 0.0, ""amplitude"": 2.580536309994504, ""fwhm"": 2.6429703225692007}]",0.0,2.580536309994504,2.6429703225692007,,,,,,,,,,,,,,,
291.7830972154372,0.057582242420033215,1,EELS,Gold,"[{""position"": 0.0, ""amplitude"": 2.580536309994504, ""fwhm"": 2.6429703225692007}]",0.0,2.580536309994504,2.6429703225692007,,,,,,,,,,,,,,,
292.762579384465,0.06171788064714513,1,EELS,Gold,"[{""position"": 0.0, ""amplitude"": 2.580536309994504, ""fwhm"": 2.6429703225692007}]",0.0,2.580536309994504,2.6429703225692007,,,,,,,,,,,,,,,
293.7420615534929,0.05362836686690713,1,EELS,Gold,"[{""position"": 0.0, ""amplitude"": 2.580536309994504, ""fwhm"": 2.6429703225692007}]",0.0,2.580536309994504,2.6429703225692007,,,,,,,,,,,,,,,
294.7215437225207,0.05069079896616172,1,EELS,Gold,"[{""position"": 0.0, ""amplitude"": 2.580536309994504, ""fwhm"": 2.6429703225692007}]",0.0,2.580536309994504,2.6429703225692007,,,,,,,,,,,,,,,
295.70102589154857,0.04966428784752808,1,EELS,Gold,"[{""position"": 0.0, ""amplitude"": 2.580536309994504, ""fwhm"": 2.6429703225692007}]",0.0,2.580536309994504,2.6429703225692007,,,,,,,,,,,,,,,
296.6805080605764,0.052090642105329925,1,EELS,Gold,"[{""position"": 0.0, ""amplitude"": 2.580536309994504, ""fwhm"": 2.6429703225692007}]",0.0,2.580536309994504,2.6429703225692007,,,,,,,,,,,,,,,
297.65999022960426,0.05543660587043973,1,EELS,Gold,"[{""position"": 0.0, ""amplitude"": 2.580536309994504, ""fwhm"": 2.6429703225692007}]",0.0,2.580536309994504,2.6429703225692007,,,,,,,,,,,,,,,
298.6394723986321,0.04947481778896689,1,EELS,Gold,"[{""position"": 0.0, ""amplitude"": 2.580536309994504, ""fwhm"": 2.6429703225692007}]",0.0,2.580536309994504,2.6429703225692007,,,,,,,,,,,,,,,
299.61895456765996,0.04982996633497074,1,EELS,Gold,"[{""position"": 0.0, ""amplitude"": 2.580536309994504, ""fwhm"": 2.6429703225692007}]",0.0,2.580536309994504,2.6429703225692007,,,,,,,,,,,,,,,
300.5984367366878,0.04562258523199053,1,EELS,Gold,"[{""position"": 0.0, ""amplitude"": 2.580536309994504, ""fwhm"": 2.6429703225692007}]",0.0,2.580536309994504,2.6429703225692007,,,,,,,,,,,,,,,
301.57791890571565,0.051448111987167054,1,EELS,Gold,"[{""position"": 0.0, ""amplitude"": 2.580536309994504, ""fwhm"": 2.6429703225692007}]",0.0,2.580536309994504,2.6429703225692007,,,,,,,,,,,,,,,
302.5574010747435,0.04302830390579705,1,EELS,Gold,"[{""position"": 0.0, ""amplitude"": 2.580536309994504, ""fwhm"": 2.6429703225692007}]",0.0,2.580536309994504,2.6429703225692007,,,,,,,,,,,,,,,
303.53688324377134,0.043818917862549094,1,EELS,Gold,"[{""position"": 0.0, ""amplitude"": 2.580536309994504, ""fwhm"": 2.6429703225692007}]",0.0,2.580536309994504,2.6429703225692007,,,,,,,,,,,,,,,
304.5163654127992,0.046818788155228316,1,EELS,Gold,"[{""position"": 0.0, ""amplitude"": 2.580536309994504, ""fwhm"": 2.6429703225692007}]",0.0,2.580536309994504,2.6429703225692007,,,,,,,,,,,,,,,
305.49584758182704,0.04159153560807934,1,EELS,Gold,"[{""position"": 0.0, ""amplitude"": 2.580536309994504, ""fwhm"": 2.6429703225692007}]",0.0,2.580536309994504,2.6429703225692007,,,,,,,,,,,,,,,
306.4753297508549,0.052078696728709746,1,EELS,Gold,"[{""position"": 0.0, ""amplitude"": 2.580536309994504, ""fwhm"": 2.6429703225692007}]",0.0,2.580536309994504,2.6429703225692007,,,,,,,,,,,,,,,
307.45481191988273,0.04265287836462534,1,EELS,Gold,"[{""position"": 0.0, ""amplitude"": 2.580536309994504, ""fwhm"": 2.6429703225692007}]",0.0,2.580536309994504,2.6429703225692007,,,,,,,,,,,,,,,
308.4342940889106,0.05439028110025489,1,EELS,Gold,"[{""position"": 0.0, ""amplitude"": 2.580536309994504, ""fwhm"": 2.6429703225692007}]",0.0,2.580536309994504,2.6429703225692007,,,,,,,,,,,,,,,
309.4137762579384,0.03564998391151926,1,EELS,Gold,"[{""position"": 0.0, ""amplitude"": 2.580536309994504, ""fwhm"": 2.6429703225692007}]",0.0,2.580536309994504,2.6429703225692007,,,,,,,,,,,,,,,
310.39325842696627,0.03937582955195079,1,EELS,Gold,"[{""position"": 0.0, ""amplitude"": 2.580536309994504, ""fwhm"": 2.6429703225692007}]",0.0,2.580536309994504,2.6429703225692007,,,,,,,,,,,,,,,
311.3727405959941,0.04976890960266873,1,EELS,Gold,"[{""position"": 0.0, ""amplitude"": 2.580536309994504, ""fwhm"": 2.6429703225692007}]",0.0,2.580536309994504,2.6429703225692007,,,,,,,,,,,,,,,
312.35222276502196,0.038114893002175874,1,EELS,Gold,"[{""position"": 0.0, ""amplitude"": 2.580536309994504, ""fwhm"": 2.6429703225692007}]",0.0,2.580536309994504,2.6429703225692007,,,,,,,,,,,,,,,
313.3317049340498,0.041987399243137546,1,EELS,Gold,"[{""position"": 0.0, ""amplitude"": 2.580536309994504, ""fwhm"": 2.6429703225692007}]",0.0,2.580536309994504,2.6429703225692007,,,,,,,,,,,,,,,
314.31118710307766,0.03631620281561689,1,EELS,Gold,"[{""position"": 0.0, ""amplitude"": 2.580536309994504, ""fwhm"": 2.6429703225692007}]",0.0,2.580536309994504,2.6429703225692007,,,,,,,,,,,,,,,
315.2906692721055,0.03399571561959977,1,EELS,Gold,"[{""position"": 0.0, ""amplitude"": 2.580536309994504, ""fwhm"": 2.6429703225692007}]",0.0,2.580536309994504,2.6429703225692007,,,,,,,,,,,,,,,
316.27015144113335,0.03605800747964233,1,EELS,Gold,"[{""position"": 0.0, ""amplitude"": 2.580536309994504, ""fwhm"": 2.6429703225692007}]",0.0,2.580536309994504,2.6429703225692007,,,,,,,,,,,,,,,
317.2496336101612,0.037923469818605324,1,EELS,Gold,"[{""position"": 0.0, ""amplitude"": 2.580536309994504, ""fwhm"": 2.6429703225692007}]",0.0,2.580536309994504,2.6429703225692007,,,,,,,,,,,,,,,
318.22911577918904,0.03035131929532749,1,EELS,Gold,"[{""position"": 0.0, ""amplitude"": 2.580536309994504, ""fwhm"": 2.6429703225692007}]",0.0,2.580536309994504,2.6429703225692007,,,,,,,,,,,,,,,
319.2085979482169,0.03899260504631201,1,EELS,Gold,"[{""position"": 0.0, ""amplitude"": 2.580536309994504, ""fwhm"": 2.6429703225692007}]",0.0,2.580536309994504,2.6429703225692007,,,,,,,,,,,,,,,
320.18808011724474,0.03049272357770572,1,EELS,Gold,"[{""position"": 0.0, ""amplitude"": 2.580536309994504, ""fwhm"": 2.6429703225692007}]",0.0,2.580536309994504,2.6429703225692007,,,,,,,,,,,,,,,
321.1675622862726,0.03314862855996694,1,EELS,Gold,"[{""position"": 0.0, ""amplitude"": 2.580536309994504, ""fwhm"": 2.6429703225692007}]",0.0,2.580536309994504,2.6429703225692007,,,,,,,,,,,,,,,
322.14704445530043,0.0338649111846386,1,EELS,Gold,"[{""position"": 0.0, ""amplitude"": 2.580536309994504, ""fwhm"": 2.6429703225692007}]",0.0,2.580536309994504,2.6429703225692007,,,,,,,,,,,,,,,
323.1265266243283,0.04018600401302266,1,EELS,Gold,"[{""position"": 0.0, ""amplitude"": 2.580536309994504, ""fwhm"": 2.6429703225692007}]",0.0,2.580536309994504,2.6429703225692007,,,,,,,,,,,,,,,
324.1060087933561,0.02710692227593928,1,EELS,Gold,"[{""position"": 0.0, ""amplitude"": 2.580536309994504, ""fwhm"": 2.6429703225692007}]",0.0,2.580536309994504,2.6429703225692007,,,,,,,,,,,,,,,
325.085490962384,0.03589026795815501,1,EELS,Gold,"[{""position"": 0.0, ""amplitude"": 2.580536309994504, ""fwhm"": 2.6429703225692007}]",0.0,2.580536309994504,2.6429703225692007,,,,,,,,,,,,,,,
326.0649731314118,0.038098853877084636,1,EELS,Gold,"[{""position"": 0.0, ""amplitude"": 2.580536309994504, ""fwhm"": 2.6429703225692007}]",0.0,2.580536309994504,2.6429703225692007,,,,,,,,,,,,,,,
327.04445530043967,0.027573049737683153,1,EELS,Gold,"[{""position"": 0.0, ""amplitude"": 2.580536309994504, ""fwhm"": 2.6429703225692007}]",0.0,2.580536309994504,2.6429703225692007,,,,,,,,,,,,,,,
328.0239374694675,0.030115609274140157,1,EELS,Gold,"[{""position"": 0.0, ""amplitude"": 2.580536309994504, ""fwhm"": 2.6429703225692007}]",0.0,2.580536309994504,2.6429703225692007,,,,,,,,,,,,,,,
329.00341963849536,0.024699365384656783,1,EELS,Gold,"[{""position"": 0.0, ""amplitude"": 2.580536309994504, ""fwhm"": 2.6429703225692007}]",0.0,2.580536309994504,2.6429703225692007,,,,,,,,,,,,,,,
329.9829018075232,0.0360131113125398,1,EELS,Gold,"[{""position"": 0.0, ""amplitude"": 2.580536309994504, ""fwhm"": 2.6429703225692007}]",0.0,2.580536309994504,2.6429703225692007,,,,,,,,,,,,,,,
330.96238397655105,0.02119207052377836,1,EELS,Gold,"[{""position"": 0.0, ""amplitude"": 2.580536309994504, ""fwhm"": 2.6429703225692007}]",0.0,2.580536309994504,2.6429703225692007,,,,,,,,,,,,,,,
331.9418661455789,0.025816970537112082,1,EELS,Gold,"[{""position"": 0.0, ""amplitude"": 2.580536309994504, ""fwhm"": 2.6429703225692007}]",0.0,2.580536309994504,2.6429703225692007,,,,,,,,,,,,,,,
332.92134831460675,0.027122869824729893,1,EELS,Gold,"[{""position"": 0.0, ""amplitude"": 2.580536309994504, ""fwhm"": 2.6429703225692007}]",0.0,2.580536309994504,2.6429703225692007,,,,,,,,,,,,,,,
333.9008304836346,0.02296343153627225,1,EELS,Gold,"[{""position"": 0.0, ""amplitude"": 2.580536309994504, ""fwhm"": 2.6429703225692007}]",0.0,2.580536309994504,2.6429703225692007,,,,,,,,,,,,,,,
334.88031265266244,0.028862836010012858,1,EELS,Gold,"[{""position"": 0.0, ""amplitude"": 2.580536309994504, ""fwhm"": 2.6429703225692007}]",0.0,2.580536309994504,2.6429703225692007,,,,,,,,,,,,,,,
335.8597948216903,0.036421298654835836,1,EELS,Gold,"[{""position"": 0.0, ""amplitude"": 2.580536309994504, ""fwhm"": 2.6429703225692007}]",0.0,2.580536309994504,2.6429703225692007,,,,,,,,,,,,,,,
336.83927699071813,0.02939360929223663,1,EELS,Gold,"[{""position"": 0.0, ""amplitude"": 2.580536309994504, ""fwhm"": 2.6429703225692007}]",0.0,2.580536309994504,2.6429703225692007,,,,,,,,,,,,,,,
337.8187591597459,0.02634331567905755,1,EELS,Gold,"[{""position"": 0.0, ""amplitude"": 2.580536309994504, ""fwhm"": 2.6429703225692007}]",0.0,2.580536309994504,2.6429703225692007,,,,,,,,,,,,,,,
338.79824132877377,0.031288193499945965,1,EELS,Gold,"[{""position"": 0.0, ""amplitude"": 2.580536309994504, ""fwhm"": 2.6429703225692007}]",0.0,2.580536309994504,2.6429703225692007,,,,,,,,,,,,,,,
339.7777234978016,0.0183421435324978,1,EELS,Gold,"[{""position"": 0.0, ""amplitude"": 2.580536309994504, ""fwhm"": 2.6429703225692007}]",0.0,2.580536309994504,2.6429703225692007,,,,,,,,,,,,,,,
340.75720566682946,0.020476742699919243,1,EELS,Gold,"[{""position"": 0.0, ""amplitude"": 2.580536309994504, ""fwhm"": 2.6429703225692007}]",0.0,2.580536309994504,2.6429703225692007,,,,,,,,,,,,,,,
341.7366878358573,0.019385641767380796,1,EELS,Gold,"[{""position"": 0.0, ""amplitude"": 2.580536309994504, ""fwhm"": 2.6429703225692007}]",0.0,2.580536309994504,2.6429703225692007,,,,,,,,,,,,,,,
342.71617000488516,0.02557493215303744,1,EELS,Gold,"[{""position"": 0.0, ""amplitude"": 2.580536309994504, ""fwhm"": 2.6429703225692007}]",0.0,2.580536309994504,2.6429703225692007,,,,,,,,,,,,,,,
343.695652173913,0.02223064582383573,1,EELS,Gold,"[{""position"": 0.0, ""amplitude"": 2.580536309994504, ""fwhm"": 2.6429703225692007}]",0.0,2.580536309994504,2.6429703225692007,,,,,,,,,,,,,,,
344.67513434294085,0.030330277291993647,1,EELS,Gold,"[{""position"": 0.0, ""amplitude"": 2.580536309994504, ""fwhm"": 2.6429703225692007}]",0.0,2.580536309994504,2.6429703225692007,,,,,,,,,,,,,,,
345.6546165119687,0.022578093173651552,1,EELS,Gold,"[{""position"": 0.0, ""amplitude"": 2.580536309994504, ""fwhm"": 2.6429703225692007}]",0.0,2.580536309994504,2.6429703225692007,,,,,,,,,,,,,,,
346.63409868099654,0.017988107857785558,1,EELS,Gold,"[{""position"": 0.0, ""amplitude"": 2.580536309994504, ""fwhm"": 2.6429703225692007}]",0.0,2.580536309994504,2.6429703225692007,,,,,,,,,,,,,,,
347.6135808500244,0.023953283740992044,1,EELS,Gold,"[{""position"": 0.0, ""amplitude"": 2.580536309994504, ""fwhm"": 2.6429703225692007}]",0.0,2.580536309994504,2.6429703225692007,,,,,,,,,,,,,,,
348.59306301905224,0.019352789535922555,1,EELS,Gold,"[{""position"": 0.0, ""amplitude"": 2.580536309994504, ""fwhm"": 2.6429703225692007}]",0.0,2.580536309994504,2.6429703225692007,,,,,,,,,,,,,,,
349.5725451880801,0.026201552883741507,1,EELS,Gold,"[{""position"": 0.0, ""amplitude"": 2.580536309994504, ""fwhm"": 2.6429703225692007}]",0.0,2.580536309994504,2.6429703225692007,,,,,,,,,,,,,,,
350.55202735710793,0.017482804391029134,1,EELS,Gold,"[{""position"": 0.0, ""amplitude"": 2.580536309994504, ""fwhm"": 2.6429703225692007}]",0.0,2.580536309994504,2.6429703225692007,,,,,,,,,,,,,,,
351.5315095261358,0.02661298354071049,1,EELS,Gold,"[{""position"": 0.0, ""amplitude"": 2.580536309994504, ""fwhm"": 2.6429703225692007}]",0.0,2.580536309994504,2.6429703225692007,,,,,,,,,,,,,,,
352.5109916951636,0.026514100828380724,1,EELS,Gold,"[{""position"": 0.0, ""amplitude"": 2.580536309994504, ""fwhm"": 2.6429703225692007}]",0.0,2.580536309994504,2.6429703225692007,,,,,,,,,,,,,,,
353.4904738641915,0.013957204883293007,1,EELS,Gold,"[{""position"": 0.0, ""amplitude"": 2.580536309994504, ""fwhm"": 2.6429703225692007}]",0.0,2.580536309994504,2.6429703225692007,,,,,,,,,,,,,,,
354.4699560332193,0.025707335206326454,1,EELS,Gold,"[{""position"": 0.0, ""amplitude"": 2.580536309994504, ""fwhm"": 2.6429703225692007}]",0.0,2.580536309994504,2.6429703225692007,,,,,,,,,,,,,,,
355.44943820224717,0.016627968148342984,1,EELS,Gold,"[{""position"": 0.0, ""amplitude"": 2.580536309994504, ""fwhm"": 2.6429703225692007}]",0.0,2.580536309994504,2.6429703225692007,,,,,,,,,,,,,,,
356.428920371275,0.018791067763016908,1,EELS,Gold,"[{""position"": 0.0, ""amplitude"": 2.580536309994504, ""fwhm"": 2.6429703225692007}]",0.0,2.580536309994504,2.6429703225692007,,,,,,,,,,,,,,,
357.40840254030286,0.0372343048873813,1,EELS,Gold,"[{""position"": 0.0, ""amplitude"": 2.580536309994504, ""fwhm"": 2.6429703225692007}]",0.0,2.580536309994504,2.6429703225692007,,,,,,,,,,,,,,,
358.3878847093307,0.030029434536282727,1,EELS,Gold,"[{""position"": 0.0, ""amplitude"": 2.580536309994504, ""fwhm"": 2.6429703225692007}]",0.0,2.580536309994504,2.6429703225692007,,,,,,,,,,,,,,,
359.36736687835855,0.017222149232654294,1,EELS,Gold,"[{""position"": 0.0, ""amplitude"": 2.580536309994504, ""fwhm"": 2.6429703225692007}]",0.0,2.580536309994504,2.6429703225692007,,,,,,,,,,,,,,,
360.3468490473864,0.021177383564142435,1,EELS,Gold,"[{""position"": 0.0, ""amplitude"": 2.580536309994504, ""fwhm"": 2.6429703225692007}]",0.0,2.580536309994504,2.6429703225692007,,,,,,,,,,,,,,,
361.32633121641425,0.014134146165901782,1,EELS,Gold,"[{""position"": 0.0, ""amplitude"": 2.580536309994504, ""fwhm"": 2.6429703225692007}]",0.0,2.580536309994504,2.6429703225692007,,,,,,,,,,,,,,,
362.3058133854421,0.019045483250570407,1,EELS,Gold,"[{""position"": 0.0, ""amplitude"": 2.580536309994504, ""fwhm"": 2.6429703225692007}]",0.0,2.580536309994504,2.6429703225692007,,,,,,,,,,,,,,,
363.28529555446994,0.011059075485633896,1,EELS,Gold,"[{""position"": 0.0, ""amplitude"": 2.580536309994504, ""fwhm"": 2.6429703225692007}]",0.0,2.580536309994504,2.6429703225692007,,,,,,,,,,,,,,,
364.2647777234978,0.010726352576321086,1,EELS,Gold,"[{""position"": 0.0, ""amplitude"": 2.580536309994504, ""fwhm"": 2.6429703225692007}]",0.0,2.580536309994504,2.6429703225692007,,,,,,,,,,,,,,,
365.24425989252563,0.011099136649676117,1,EELS,Gold,"[{""position"": 0.0, ""amplitude"": 2.580536309994504, ""fwhm"": 2.6429703225692007}]",0.0,2.580536309994504,2.6429703225692007,,,,,,,,,,,,,,,
366.2237420615535,0.016926589970453803,1,EELS,Gold,"[{""position"": 0.0, ""amplitude"": 2.580536309994504, ""fwhm"": 2.6429703225692007}]",0.0,2.580536309994504,2.6429703225692007,,,,,,,,,,,,,,,
367.2032242305813,0.010809558186542362,1,EELS,Gold,"[{""position"": 0.0, ""amplitude"": 2.580536309994504, ""fwhm"": 2.6429703225692007}]",0.0,2.580536309994504,2.6429703225692007,,,,,,,,,,,,,,,
368.1827063996092,0.009975081581053506,1,EELS,Gold,"[{""position"": 0.0, ""amplitude"": 2.580536309994504, ""fwhm"": 2.6429703225692007}]",0.0,2.580536309994504,2.6429703225692007,,,,,,,,,,,,,,,
369.162188568637,0.017091755913572915,1,EELS,Gold,"[{""position"": 0.0, ""amplitude"": 2.580536309994504, ""fwhm"": 2.6429703225692007}]",0.0,2.580536309994504,2.6429703225692007,,,,,,,,,,,,,,,
370.14167073766487,0.027361269376806663,1,EELS,Gold,"[{""position"": 0.0, ""amplitude"": 2.580536309994504, ""fwhm"": 2.6429703225692007}]",0.0,2.580536309994504,2.6429703225692007,,,,,,,,,,,,,,,
371.1211529066927,0.021097785864859518,1,EELS,Gold,"[{""position"": 0.0, ""amplitude"": 2.580536309994504, ""fwhm"": 2.6429703225692007}]",0.0,2.580536309994504,2.6429703225692007,,,,,,,,,,,,,,,
372.10063507572056,0.023495736745288126,1,EELS,Gold,"[{""position"": 0.0, ""amplitude"": 2.580536309994504, ""fwhm"": 2.6429703225692007}]",0.0,2.580536309994504,2.6429703225692007,,,,,,,,,,,,,,,
373.0801172447484,0.00934685222790184,1,EELS,Gold,"[{""position"": 0.0, ""amplitude"": 2.580536309994504, ""fwhm"": 2.6429703225692007}]",0.0,2.580536309994504,2.6429703225692007,,,,,,,,,,,,,,,
374.05959941377625,0.008310899999921406,1,EELS,Gold,"[{""position"": 0.0, ""amplitude"": 2.580536309994504, ""fwhm"": 2.6429703225692007}]",0.0,2.580536309994504,2.6429703225692007,,,,,,,,,,,,,,,
375.0390815828041,0.01669244817232722,1,EELS,Gold,"[{""position"": 0.0, ""amplitude"": 2.580536309994504, ""fwhm"": 2.6429703225692007}]",0.0,2.580536309994504,2.6429703225692007,,,,,,,,,,,,,,,
376.01856375183195,0.011821242977546463,1,EELS,Gold,"[{""position"": 0.0, ""amplitude"": 2.580536309994504, ""fwhm"": 2.6429703225692007}]",0.0,2.580536309994504,2.6429703225692007,,,,,,,,,,,,,,,
376.9980459208598,0.029751721091538553,1,EELS,Gold,"[{""position"": 0.0, ""amplitude"": 2.580536309994504, ""fwhm"": 2.6429703225692007}]",0.0,2.580536309994504,2.6429703225692007,,,,,,,,,,,,,,,
377.97752808988764,0.012879212466476817,1,EELS,Gold,"[{""position"": 0.0, ""amplitude"": 2.580536309994504, ""fwhm"": 2.6429703225692007}]",0.0,2.580536309994504,2.6429703225692007,,,,,,,,,,,,,,,
378.9570102589155,0.008440971160983263,1,EELS,Gold,"[{""position"": 0.0, ""amplitude"": 2.580536309994504, ""fwhm"": 2.6429703225692007}]",0.0,2.580536309994504,2.6429703225692007,,,,,,,,,,,,,,,
379.93649242794334,0.010049652119560543,1,EELS,Gold,"[{""position"": 0.0, ""amplitude"": 2.580536309994504, ""fwhm"": 2.6429703225692007}]",0.0,2.580536309994504,2.6429703225692007,,,,,,,,,,,,,,,
380.9159745969712,0.01777646845511665,1,EELS,Gold,"[{""position"": 0.0, ""amplitude"": 2.580536309994504, ""fwhm"": 2.6429703225692007}]",0.0,2.580536309994504,2.6429703225692007,,,,,,,,,,,,,,,
381.89545676599903,0.008813515643987836,1,EELS,Gold,"[{""position"": 0.0, ""amplitude"": 2.580536309994504, ""fwhm"": 2.6429703225692007}]",0.0,2.580536309994504,2.6429703225692007,,,,,,,,,,,,,,,
382.8749389350268,0.012126520059825424,1,EELS,Gold,"[{""position"": 0.0, ""amplitude"": 2.580536309994504, ""fwhm"": 2.6429703225692007}]",0.0,2.580536309994504,2.6429703225692007,,,,,,,,,,,,,,,
383.85442110405467,0.009654106191934707,1,EELS,Gold,"[{""position"": 0.0, ""amplitude"": 2.580536309994504, ""fwhm"": 2.6429703225692007}]",0.0,2.580536309994504,2.6429703225692007,,,,,,,,,,,,,,,
384.8339032730825,0.012052558933873699,1,EELS,Gold,"[{""position"": 0.0, ""amplitude"": 2.580536309994504, ""fwhm"": 2.6429703225692007}]",0.0,2.580536309994504,2.6429703225692007,,,,,,,,,,,,,,,
385.81338544211036,0.013447620656091595,1,EELS,Gold,"[{""position"": 0.0, ""amplitude"": 2.580536309994504, ""fwhm"": 2.6429703225692007}]",0.0,2.580536309994504,2.6429703225692007,,,,,,,,,,,,,,,
386.7928676111382,0.018394621873057355,1,EELS,Gold,"[{""position"": 0.0, ""amplitude"": 2.580536309994504, ""fwhm"": 2.6429703225692007}]",0.0,2.580536309994504,2.6429703225692007,,,,,,,,,,,,,,,
387.77234978016605,0.02695563314286689,1,EELS,Gold,"[{""position"": 0.0, ""amplitude"": 2.580536309994504, ""fwhm"": 2.6429703225692007}]",0.0,2.580536309994504,2.6429703225692007,,,,,,,,,,,,,,,
388.7518319491939,0.014567379644365268,1,EELS,Gold,"[{""position"": 0.0, ""amplitude"": 2.580536309994504, ""fwhm"": 2.6429703225692007}]",0.0,2.580536309994504,2.6429703225692007,,,,,,,,,,,,,,,
389.73131411822175,0.005057524419841872,1,EELS,Gold,"[{""position"": 0.0, ""amplitude"": 2.580536309994504, ""fwhm"": 2.6429703225692007}]",0.0,2.580536309994504,2.6429703225692007,,,,,,,,,,,,,,,
390.7107962872496,0.012294449912949961,1,EELS,Gold,"[{""position"": 0.0, ""amplitude"": 2.580536309994504, ""fwhm"": 2.6429703225692007}]",0.0,2.580536309994504,2.6429703225692007,,,,,,,,,,,,,,,
391.69027845627744,0.027826013416021846,1,EELS,Gold,"[{""position"": 0.0, ""amplitude"": 2.580536309994504, ""fwhm"": 2.6429703225692007}]",0.0,2.580536309994504,2.6429703225692007,,,,,,,,,,,,,,,
392.6697606253053,0.008699345221573604,1,EELS,Gold,"[{""position"": 0.0, ""amplitude"": 2.580536309994504, ""fwhm"": 2.6429703225692007}]",0.0,2.580536309994504,2.6429703225692007,,,,,,,,,,,,,,,
393.64924279433313,0.014067615816753042,1,EELS,Gold,"[{""position"": 0.0, ""amplitude"": 2.580536309994504, ""fwhm"": 2.6429703225692007}]",0.0,2.580536309994504,2.6429703225692007,,,,,,,,,,,,,,,
394.628724963361,0.004195977574990449,1,EELS,Gold,"[{""position"": 0.0, ""amplitude"": 2.580536309994504, ""fwhm"": 2.6429703225692007}]",0.0,2.580536309994504,2.6429703225692007,,,,,,,,,,,,,,,
395.6082071323888,0.003005545430987017,1,EELS,Gold,"[{""position"": 0.0, ""amplitude"": 2.580536309994504, ""fwhm"": 2.6429703225692007}]",0.0,2.580536309994504,2.6429703225692007,,,,,,,,,,,,,,,
396.5876893014167,0.02012280899854308,1,EELS,Gold,"[{""position"": 0.0, ""amplitude"": 2.580536309994504, ""fwhm"": 2.6429703225692007}]",0.0,2.580536309994504,2.6429703225692007,,,,,,,,,,,,,,,
397.5671714704445,0.012555895640088527,1,EELS,Gold,"[{""position"": 0.0, ""amplitude"": 2.580536309994504, ""fwhm"": 2.6429703225692007}]",0.0,2.580536309994504,2.6429703225692007,,,,,,,,,,,,,,,
398.54665363947237,0.0046422994067848245,1,EELS,Gold,"[{""position"": 0.0, ""amplitude"": 2.580536309994504, ""fwhm"": 2.6429703225692007}]",0.0,2.580536309994504,2.6429703225692007,,,,,,,,,,,,,,,
399.5261358085002,0.020446639489045328,1,EELS,Gold,"[{""position"": 0.0, ""amplitude"": 2.580536309994504, ""fwhm"": 2.6429703225692007}]",0.0,2.580536309994504,2.6429703225692007,,,,,,,,,,,,,,,
400.50561797752806,0.006623475502087737,1,EELS,Gold,"[{""position"": 0.0, ""amplitude"": 2.580536309994504, ""fwhm"": 2.6429703225692007}]",0.0,2.580536309994504,2.6429703225692007,,,,,,,,,,,,,,,
401.4851001465559,0.01924587637415741,1,EELS,Gold,"[{""position"": 0.0, ""amplitude"": 2.580536309994504, ""fwhm"": 2.6429703225692007}]",0.0,2.580536309994504,2.6429703225692007,,,,,,,,,,,,,,,
402.46458231558375,0.01626195209152121,1,EELS,Gold,"[{""position"": 0.0, ""amplitude"": 2.580536309994504, ""fwhm"": 2.6429703225692007}]",0.0,2.580536309994504,2.6429703225692007,,,,,,,,,,,,,,,
403.4440644846116,0.02628566058874024,1,EELS,Gold,"[{""position"": 0.0, ""amplitude"": 2.580536309994504, ""fwhm"": 2.6429703225692007}]",0.0,2.580536309994504,2.6429703225692007,,,,,,,,,,,,,,,
404.42354665363945,0.015385228681176488,1,EELS,Gold,"[{""position"": 0.0, ""amplitude"": 2.580536309994504, ""fwhm"": 2.6429703225692007}]",0.0,2.580536309994504,2.6429703225692007,,,,,,,,,,,,,,,
405.4030288226673,0.0051068651509777,1,EELS,Gold,"[{""position"": 0.0, ""amplitude"": 2.580536309994504, ""fwhm"": 2.6429703225692007}]",0.0,2.580536309994504,2.6429703225692007,,,,,,,,,,,,,,,
406.38251099169514,0.023144956825314728,1,EELS,Gold,"[{""position"": 0.0, ""amplitude"": 2.580536309994504, ""fwhm"": 2.6429703225692007}]",0.0,2.580536309994504,2.6429703225692007,,,,,,,,,,,,,,,
407.361993160723,0.012197353596485157,1,EELS,Gold,"[{""position"": 0.0, ""amplitude"": 2.580536309994504, ""fwhm"": 2.6429703225692007}]",0.0,2.580536309994504,2.6429703225692007,,,,,,,,,,,,,,,
408.34147532975084,0.028957513105081475,1,EELS,Gold,"[{""position"": 0.0, ""amplitude"": 2.580536309994504, ""fwhm"": 2.6429703225692007}]",0.0,2.580536309994504,2.6429703225692007,,,,,,,,,,,,,,,
409.3209574987787,0.007838592849479475,1,EELS,Gold,"[{""position"": 0.0, ""amplitude"": 2.580536309994504, ""fwhm"": 2.6429703225692007}]",0.0,2.580536309994504,2.6429703225692007,,,,,,,,,,,,,,,
410.30043966780653,0.011994606350196033,1,EELS,Gold,"[{""position"": 0.0, ""amplitude"": 2.580536309994504, ""fwhm"": 2.6429703225692007}]",0.0,2.580536309994504,2.6429703225692007,,,,,,,,,,,,,,,
411.2799218368344,0.012856057626792292,1,EELS,Gold,"[{""position"": 0.0, ""amplitude"": 2.580536309994504, ""fwhm"": 2.6429703225692007}]",0.0,2.580536309994504,2.6429703225692007,,,,,,,,,,,,,,,
412.2594040058622,0.005496117604903986,1,EELS,Gold,"[{""position"": 0.0, ""amplitude"": 2.580536309994504, ""fwhm"": 2.6429703225692007}]",0.0,2.580536309994504,2.6429703225692007,,,,,,,,,,,,,,,
413.23888617489007,0.006884994828965942,1,EELS,Gold,"[{""position"": 0.0, ""amplitude"": 2.580536309994504, ""fwhm"": 2.6429703225692007}]",0.0,2.580536309994504,2.6429703225692007,,,,,,,,,,,,,,,
414.2183683439179,0.01,1,EELS,Gold,"[{""position"": 0.0, ""amplitude"": 2.580536309994504, ""fwhm"": 2.6429703225692007}]",0.0,2.580536309994504,2.6429703225692007,,,,,,,,,,,,,,,
415.19785051294576,0.004056886539620695,1,EELS,Gold,"[{""position"": 0.0, ""amplitude"": 2.580536309994504, ""fwhm"": 2.6429703225692007}]",0.0,2.580536309994504,2.6429703225692007,,,,,,,,,,,,,,,
416.1773326819736,0.016512001860592145,1,EELS,Gold,"[{""position"": 0.0, ""amplitude"": 2.580536309994504, ""fwhm"": 2.6429703225692007}]",0.0,2.580536309994504,2.6429703225692007,,,,,,,,,,,,,,,
417.15681485100146,0.013447699121741399,1,EELS,Gold,"[{""position"": 0.0, ""amplitude"": 2.580536309994504, ""fwhm"": 2.6429703225692007}]",0.0,2.580536309994504,2.6429703225692007,,,,,,,,,,,,,,,
418.1362970200293,0.014679312678674724,1,EELS,Gold,"[{""position"": 0.0, ""amplitude"": 2.580536309994504, ""fwhm"": 2.6429703225692007}]",0.0,2.580536309994504,2.6429703225692007,,,,,,,,,,,,,,,
419.11577918905715,0.008602826724467418,1,EELS,Gold,"[{""position"": 0.0, ""amplitude"": 2.580536309994504, ""fwhm"": 2.6429703225692007}]",0.0,2.580536309994504,2.6429703225692007,,,,,,,,,,,,,,,
420.095261358085,0.01076298495041541,1,EELS,Gold,"[{""position"": 0.0, ""amplitude"": 2.580536309994504, ""fwhm"": 2.6429703225692007}]",0.0,2.580536309994504,2.6429703225692007,,,,,,,,,,,,,,,
421.07474352711284,0.015,1,EELS,Gold,"[{""position"": 0.0, ""amplitude"": 2.580536309994504, ""fwhm"": 2.6429703225692007}]",0.0,2.580536309994504,2.6429703225692007,,,,,,,,,,,,,,,
422.0542256961407,0.009017244396603213,1,EELS,Gold,"[{""position"": 0.0, ""amplitude"": 2.580536309994504, ""fwhm"": 2.6429703225692007}]",0.0,2.580536309994504,2.6429703225692007,,,,,,,,,,,,,,,
423.03370786516854,0.005072618469644884,1,EELS,Gold,"[{""position"": 0.0, ""amplitude"": 2.580536309994504, ""fwhm"": 2.6429703225692007}]",0.0,2.580536309994504,2.6429703225692007,,,,,,,,,,,,,,,
424.0131900341964,0.008921588044512036,1,EELS,Gold,"[{""position"": 0.0, ""amplitude"": 2.580536309994504, ""fwhm"": 2.6429703225692007}]",0.0,2.580536309994504,2.6429703225692007,,,,,,,,,,,,,,,
424.99267220322423,0.01,1,EELS,Gold,"[{""position"": 0.0, ""amplitude"": 2.580536309994504, ""fwhm"": 2.6429703225692007}]",0.0,2.580536309994504,2.6429703225692007,,,,,,,,,,,,,,,
425.9721543722521,0.003627441974518177,1,EELS,Gold,"[{""position"": 0.0, ""amplitude"": 2.580536309994504, ""fwhm"": 2.6429703225692007}]",0.0,2.580536309994504,2.6429703225692007,,,,,,,,,,,,,,,
426.9516365412799,0.0004218249438022923,1,EELS,Gold,"[{""position"": 0.0, ""amplitude"": 2.580536309994504, ""fwhm"": 2.6429703225692007}]",0.0,2.580536309994504,2.6429703225692007,,,,,,,,,,,,,,,
427.93111871030777,0.005440778172790563,1,EELS,Gold,"[{""position"": 0.0, ""amplitude"": 2.580536309994504, ""fwhm"": 2.6429703225692007}]",0.0,2.580536309994504,2.6429703225692007,,,,,,,,,,,,,,,
428.91060087933556,0.009589955378694955,1,EELS,Gold,"[{""position"": 0.0, ""amplitude"": 2.580536309994504, ""fwhm"": 2.6429703225692007}]",0.0,2.580536309994504,2.6429703225692007,,,,,,,,,,,,,,,
429.8900830483634,0.01615348619264834,1,EELS,Gold,"[{""position"": 0.0, ""amplitude"": 2.580536309994504, ""fwhm"": 2.6429703225692007}]",0.0,2.580536309994504,2.6429703225692007,,,,,,,,,,,,,,,
430.86956521739125,0.002185054796062257,1,EELS,Gold,"[{""position"": 0.0, ""amplitude"": 2.580536309994504, ""fwhm"": 2.6429703225692007}]",0.0,2.580536309994504,2.6429703225692007,,,,,,,,,,,,,,,
431.8490473864191,0.010713542457039054,1,EELS,Gold,"[{""position"": 0.0, ""amplitude"": 2.580536309994504, ""fwhm"": 2.6429703225692007}]",0.0,2.580536309994504,2.6429703225692007,,,,,,,,,,,,,,,
432.82852955544695,0.008218585316187674,1,EELS,Gold,"[{""position"": 0.0, ""amplitude"": 2.580536309994504, ""fwhm"": 2.6429703225692007}]",0.0,2.580536309994504,2.6429703225692007,,,,,,,,,,,,,,,
433.8080117244748,0.0157797486053622,1,EELS,Gold,"[{""position"": 0.0, ""amplitude"": 2.580536309994504, ""fwhm"": 2.6429703225692007}]",0.0,2.580536309994504,2.6429703225692007,,,,,,,,,,,,,,,
434.78749389350264,0.015714003269340755,1,EELS,Gold,"[{""position"": 0.0, ""amplitude"": 2.580536309994504, ""fwhm"": 2.6429703225692007}]",0.0,2.580536309994504,2.6429703225692007,,,,,,,,,,,,,,,
435.7669760625305,0.009494360304432483,1,EELS,Gold,"[{""position"": 0.0, ""amplitude"": 2.580536309994504, ""fwhm"": 2.6429703225692007}]",0.0,2.580536309994504,2.6429703225692007,,,,,,,,,,,,,,,
436.74645823155834,0.0017682858288568292,1,EELS,Gold,"[{""position"": 0.0, ""amplitude"": 2.580536309994504, ""fwhm"": 2.6429703225692007}]",0.0,2.580536309994504,2.6429703225692007,,,,,,,,,,,,,,,
437.7259404005862,0.001032932156597143,1,EELS,Gold,"[{""position"": 0.0, ""amplitude"": 2.580536309994504, ""fwhm"": 2.6429703225692007}]",0.0,2.580536309994504,2.6429703225692007,,,,,,,,,,,,,,,
438.70542256961403,0.022744024064707245,1,EELS,Gold,"[{""position"": 0.0, ""amplitude"": 2.580536309994504, ""fwhm"": 2.6429703225692007}]",0.0,2.580536309994504,2.6429703225692007,,,,,,,,,,,,,,,
439.6849047386419,0.005294846167562257,1,EELS,Gold,"[{""position"": 0.0, ""amplitude"": 2.580536309994504, ""fwhm"": 2.6429703225692007}]",0.0,2.580536309994504,2.6429703225692007,,,,,,,,,,,,,,,
440.6643869076697,0.0014815208591699581,1,EELS,Gold,"[{""position"": 0.0, ""amplitude"": 2.580536309994504, ""fwhm"": 2.6429703225692007}]",0.0,2.580536309994504,2.6429703225692007,,,,,,,,,,,,,,,
441.64386907669757,0.0,1,EELS,Gold,"[{""position"": 0.0, ""amplitude"": 2.580536309994504, ""fwhm"": 2.6429703225692007}]",0.0,2.580536309994504,2.6429703225692007,,,,,,,,,,,,,,,
442.6233512457254,0.012867627952446784,1,EELS,Gold,"[{""position"": 0.0, ""amplitude"": 2.580536309994504, ""fwhm"": 2.6429703225692007}]",0.0,2.580536309994504,2.6429703225692007,,,,,,,,,,,,,,,
443.60283341475326,0.0028412135097984795,1,EELS,Gold,"[{""position"": 0.0, ""amplitude"": 2.580536309994504, ""fwhm"": 2.6429703225692007}]",0.0,2.580536309994504,2.6429703225692007,,,,,,,,,,,,,,,
444.5823155837811,0.0008953981874184728,1,EELS,Gold,"[{""position"": 0.0, ""amplitude"": 2.580536309994504, ""fwhm"": 2.6429703225692007}]",0.0,2.580536309994504,2.6429703225692007,,,,,,,,,,,,,,,
445.56179775280896,0.0032012421156173265,1,EELS,Gold,"[{""position"": 0.0, ""amplitude"": 2.580536309994504, ""fwhm"": 2.6429703225692007}]",0.0,2.580536309994504,2.6429703225692007,,,,,,,,,,,,,,,
446.5412799218368,0.017311031675962207,1,EELS,Gold,"[{""position"": 0.0, ""amplitude"": 2.580536309994504, ""fwhm"": 2.6429703225692007}]",0.0,2.580536309994504,2.6429703225692007,,,,,,,,,,,,,,,
447.52076209086465,0.001982952471211913,1,EELS,Gold,"[{""position"": 0.0, ""amplitude"": 2.580536309994504, ""fwhm"": 2.6429703225692007}]",0.0,2.580536309994504,2.6429703225692007,,,,,,,,,,,,,,,
448.5002442598925,0.00908905383583263,1,EELS,Gold,"[{""position"": 0.0, ""amplitude"": 2.580536309994504, ""fwhm"": 2.6429703225692007}]",0.0,2.580536309994504,2.6429703225692007,,,,,,,,,,,,,,,
449.47972642892034,0.004412467337845081,1,EELS,Gold,"[{""position"": 0.0, ""amplitude"": 2.580536309994504, ""fwhm"": 2.6429703225692007}]",0.0,2.580536309994504,2.6429703225692007,,,,,,,,,,,,,,,
450.4592085979482,0.0010464486494601167,1,EELS,Gold,"[{""position"": 0.0, ""amplitude"": 2.580536309994504, ""fwhm"": 2.6429703225692007}]",0.0,2.580536309994504,2.6429703225692007,,,,,,,,,,,,,,,
451.43869076697604,0.00088522069188526,1,EELS,Gold,"[{""position"": 0.0, ""amplitude"": 2.580536309994504, ""fwhm"": 2.6429703225692007}]",0.0,2.580536309994504,2.6429703225692007,,,,,,,,,,,,,,,
452.4181729360039,0.0016171228222101003,1,EELS,Gold,"[{""position"": 0.0, ""amplitude"": 2.580536309994504, ""fwhm"": 2.6429703225692007}]",0.0,2.580536309994504,2.6429703225692007,,,,,,,,,,,,,,,
453.39765510503173,0.0,1,EELS,Gold,"[{""position"": 0.0, ""amplitude"": 2.580536309994504, ""fwhm"": 2.6429703225692007}]",0.0,2.580536309994504,2.6429703225692007,,,,,,,,,,,,,,,
454.3771372740596,0.005,1,EELS,Gold,"[{""position"": 0.0, ""amplitude"": 2.580536309994504, ""fwhm"": 2.6429703225692007}]",0.0,2.580536309994504,2.6429703225692007,,,,,,,,,,,,,,,
455.3566194430874,0.0057247006684709905,1,EELS,Gold,"[{""position"": 0.0, ""amplitude"": 2.580536309994504, ""fwhm"": 2.6429703225692007}]",0.0,2.580536309994504,2.6429703225692007,,,,,,,,,,,,,,,
456.33610161211527,0.011401400243557513,1,EELS,Gold,"[{""position"": 0.0, ""amplitude"": 2.580536309994504, ""fwhm"": 2.6429703225692007}]",0.0,2.580536309994504,2.6429703225692007,,,,,,,,,,,,,,,
457.3155837811431,0.0014787521045041985,1,EELS,Gold,"[{""position"": 0.0, ""amplitude"": 2.580536309994504, ""fwhm"": 2.6429703225692007}]",0.0,2.580536309994504,2.6429703225692007,,,,,,,,,,,,,,,
458.29506595017097,0.008568554134009223,1,EELS,Gold,"[{""position"": 0.0, ""amplitude"": 2.580536309994504, ""fwhm"": 2.6429703225692007}]",0.0,2.580536309994504,2.6429703225692007,,,,,,,,,,,,,,,
459.2745481191988,0.0028465323698353244,1,EELS,Gold,"[{""position"": 0.0, ""amplitude"": 2.580536309994504, ""fwhm"": 2.6429703225692007}]",0.0,2.580536309994504,2.6429703225692007,,,,,,,,,,,,,,,
460.25403028822666,0.014944789715691627,1,EELS,Gold,"[{""position"": 0.0, ""amplitude"": 2.580536309994504, ""fwhm"": 2.6429703225692007}]",0.0,2.580536309994504,2.6429703225692007,,,,,,,,,,,,,,,
461.2335124572545,0.014856729476845895,1,EELS,Gold,"[{""position"": 0.0, ""amplitude"": 2.580536309994504, ""fwhm"": 2.6429703225692007}]",0.0,2.580536309994504,2.6429703225692007,,,,,,,,,,,,,,,
462.21299462628235,0.006604575733057038,1,EELS,Gold,"[{""position"": 0.0, ""amplitude"": 2.580536309994504, ""fwhm"": 2.6429703225692007}]",0.0,2.580536309994504,2.6429703225692007,,,,,,,,,,,,,,,
463.1924767953102,0.0,1,EELS,Gold,"[{""position"": 0.0, ""amplitude"": 2.580536309994504, ""fwhm"": 2.6429703225692007}]",0.0,2.580536309994504,2.6429703225692007,,,,,,,,,,,,,,,
464.17195896433805,0.005,1,EELS,Gold,"[{""position"": 0.0, ""amplitude"": 2.580536309994504, ""fwhm"": 2.6429703225692007}]",0.0,2.580536309994504,2.6429703225692007,,,,,,,,,,,,,,,
465.1514411333659,0.007355455790841199,1,EELS,Gold,"[{""position"": 0.0, ""amplitude"": 2.580536309994504, ""fwhm"": 2.6429703225692007}]",0.0,2.580536309994504,2.6429703225692007,,,,,,,,,,,,,,,
466.13092330239374,0.005,1,EELS,Gold,"[{""position"": 0.0, ""amplitude"": 2.580536309994504, ""fwhm"": 2.6429703225692007}]",0.0,2.580536309994504,2.6429703225692007,,,,,,,,,,,,,,,
467.1104054714216,0.005,1,EELS,Gold,"[{""position"": 0.0, ""amplitude"": 2.580536309994504, ""fwhm"": 2.6429703225692007}]",0.0,2.580536309994504,2.6429703225692007,,,,,,,,,,,,,,,
468.08988764044943,0.005066239960641073,1,EELS,Gold,"[{""position"": 0.0, ""amplitude"": 2.580536309994504, ""fwhm"": 2.6429703225692007}]",0.0,2.580536309994504,2.6429703225692007,,,,,,,,,,,,,,,
469.0693698094773,0.01,1,EELS,Gold,"[{""position"": 0.0, ""amplitude"": 2.580536309994504, ""fwhm"": 2.6429703225692007}]",0.0,2.580536309994504,2.6429703225692007,,,,,,,,,,,,,,,
470.0488519785051,0.01602103284609062,1,EELS,Gold,"[{""position"": 0.0, ""amplitude"": 2.580536309994504, ""fwhm"": 2.6429703225692007}]",0.0,2.580536309994504,2.6429703225692007,,,,,,,,,,,,,,,
471.028334147533,0.023914163156949355,1,EELS,Gold,"[{""position"": 0.0, ""amplitude"": 2.580536309994504, ""fwhm"": 2.6429703225692007}]",0.0,2.580536309994504,2.6429703225692007,,,,,,,,,,,,,,,
472.0078163165608,0.001591016541913781,1,EELS,Gold,"[{""position"": 0.0, ""amplitude"": 2.580536309994504, ""fwhm"": 2.6429703225692007}]",0.0,2.580536309994504,2.6429703225692007,,,,,,,,,,,,,,,
472.98729848558867,0.01039820520878864,1,EELS,Gold,"[{""position"": 0.0, ""amplitude"": 2.580536309994504, ""fwhm"": 2.6429703225692007}]",0.0,2.580536309994504,2.6429703225692007,,,,,,,,,,,,,,,
473.96678065461646,0.006753653246580137,1,EELS,Gold,"[{""position"": 0.0, ""amplitude"": 2.580536309994504, ""fwhm"": 2.6429703225692007}]",0.0,2.580536309994504,2.6429703225692007,,,,,,,,,,,,,,,
474.9462628236443,0.005,1,EELS,Gold,"[{""position"": 0.0, ""amplitude"": 2.580536309994504, ""fwhm"": 2.6429703225692007}]",0.0,2.580536309994504,2.6429703225692007,,,,,,,,,,,,,,,
475.92574499267215,0.010425903879044771,1,EELS,Gold,"[{""position"": 0.0, ""amplitude"": 2.580536309994504, ""fwhm"": 2.6429703225692007}]",0.0,2.580536309994504,2.6429703225692007,,,,,,,,,,,,,,,
476.9052271617,0.0028615792177315354,1,EELS,Gold,"[{""position"": 0.0, ""amplitude"": 2.580536309994504, ""fwhm"": 2.6429703225692007}]",0.0,2.580536309994504,2.6429703225692007,,,,,,,,,,,,,,,
477.88470933072784,0.005,1,EELS,Gold,"[{""position"": 0.0, ""amplitude"": 2.580536309994504, ""fwhm"": 2.6429703225692007}]",0.0,2.580536309994504,2.6429703225692007,,,,,,,,,,,,,,,
478.8641914997557,0.0009293254270469272,1,EELS,Gold,"[{""position"": 0.0, ""amplitude"": 2.580536309994504, ""fwhm"": 2.6429703225692007}]",0.0,2.580536309994504,2.6429703225692007,,,,,,,,,,,,,,,
479.84367366878354,0.0,1,EELS,Gold,"[{""position"": 0.0, ""amplitude"": 2.580536309994504, ""fwhm"": 2.6429703225692007}]",0.0,2.580536309994504,2.6429703225692007,,,,,,,,,,,,,,,
480.8231558378114,0.005,1,EELS,Gold,"[{""position"": 0.0, ""amplitude"": 2.580536309994504, ""fwhm"": 2.6429703225692007}]",0.0,2.580536309994504,2.6429703225692007,,,,,,,,,,,,,,,
481.80263800683923,0.008733474001551778,1,EELS,Gold,"[{""position"": 0.0, ""amplitude"": 2.580536309994504, ""fwhm"": 2.6429703225692007}]",0.0,2.580536309994504,2.6429703225692007,,,,,,,,,,,,,,,
482.7821201758671,0.01124459332810833,1,EELS,Gold,"[{""position"": 0.0, ""amplitude"": 2.580536309994504, ""fwhm"": 2.6429703225692007}]",0.0,2.580536309994504,2.6429703225692007,,,,,,,,,,,,,,,
483.7616023448949,0.0,1,EELS,Gold,"[{""position"": 0.0, ""amplitude"": 2.580536309994504, ""fwhm"": 2.6429703225692007}]",0.0,2.580536309994504,2.6429703225692007,,,,,,,,,,,,,,,
484.7410845139228,0.007726777027950645,1,EELS,Gold,"[{""position"": 0.0, ""amplitude"": 2.580536309994504, ""fwhm"": 2.6429703225692007}]",0.0,2.580536309994504,2.6429703225692007,,,,,,,,,,,,,,,
485.7205666829506,0.005,1,EELS,Gold,"[{""position"": 0.0, ""amplitude"": 2.580536309994504, ""fwhm"": 2.6429703225692007}]",0.0,2.580536309994504,2.6429703225692007,,,,,,,,,,,,,,,
486.70004885197847,0.005,1,EELS,Gold,"[{""position"": 0.0, ""amplitude"": 2.580536309994504, ""fwhm"": 2.6429703225692007}]",0.0,2.580536309994504,2.6429703225692007,,,,,,,,,,,,,,,
487.6795310210063,0.0,1,EELS,Gold,"[{""position"": 0.0, ""amplitude"": 2.580536309994504, ""fwhm"": 2.6429703225692007}]",0.0,2.580536309994504,2.6429703225692007,,,,,,,,,,,,,,,
488.65901319003416,0.0,1,EELS,Gold,"[{""position"": 0.0, ""amplitude"": 2.580536309994504, ""fwhm"": 2.6429703225692007}]",0.0,2.580536309994504,2.6429703225692007,,,,,,,,,,,,,,,
489.638495359062,0.001291986245364907,1,EELS,Gold,"[{""position"": 0.0, ""amplitude"": 2.580536309994504, ""fwhm"": 2.6429703225692007}]",0.0,2.580536309994504,2.6429703225692007,,,,,,,,,,,,,,,
490.61797752808985,0.005,1,EELS,Gold,"[{""position"": 0.0, ""amplitude"": 2.580536309994504, ""fwhm"": 2.6429703225692007}]",0.0,2.580536309994504,2.6429703225692007,,,,,,,,,,,,,,,
491.5974596971177,0.01682365301644203,1,EELS,Gold,"[{""position"": 0.0, ""amplitude"": 2.580536309994504, ""fwhm"": 2.6429703225692007}]",0.0,2.580536309994504,2.6429703225692007,,,,,,,,,,,,,,,
492.57694186614555,0.005977148602892821,1,EELS,Gold,"[{""position"": 0.0, ""amplitude"": 2.580536309994504, ""fwhm"": 2.6429703225692007}]",0.0,2.580536309994504,2.6429703225692007,,,,,,,,,,,,,,,
493.5564240351734,0.0004713050913297558,1,EELS,Gold,"[{""position"": 0.0, ""amplitude"": 2.580536309994504, ""fwhm"": 2.6429703225692007}]",0.0,2.580536309994504,2.6429703225692007,,,,,,,,,,,,,,,
494.53590620420124,0.0,1,EELS,Gold,"[{""position"": 0.0, ""amplitude"": 2.580536309994504, ""fwhm"": 2.6429703225692007}]",0.0,2.580536309994504,2.6429703225692007,,,,,,,,,,,,,,,
495.5153883732291,0.015,1,EELS,Gold,"[{""position"": 0.0, ""amplitude"": 2.580536309994504, ""fwhm"": 2.6429703225692007}]",0.0,2.580536309994504,2.6429703225692007,,,,,,,,,,,,,,,
496.49487054225693,0.007979174544949084,1,EELS,Gold,"[{""position"": 0.0, ""amplitude"": 2.580536309994504, ""fwhm"": 2.6429703225692007}]",0.0,2.580536309994504,2.6429703225692007,,,,,,,,,,,,,,,
497.4743527112848,0.0023052097211080256,1,EELS,Gold,"[{""position"": 0.0, ""amplitude"": 2.580536309994504, ""fwhm"": 2.6429703225692007}]",0.0,2.580536309994504,2.6429703225692007,,,,,,,,,,,,,,,
498.4538348803126,0.005,1,EELS,Gold,"[{""position"": 0.0, ""amplitude"": 2.580536309994504, ""fwhm"": 2.6429703225692007}]",0.0,2.580536309994504,2.6429703225692007,,,,,,,,,,,,,,,
499.4333170493405,0.0012351011674687643,1,EELS,Gold,"[{""position"": 0.0, ""amplitude"": 2.580536309994504, ""fwhm"": 2.6429703225692007}]",0.0,2.580536309994504,2.6429703225692007,,,,,,,,,,,,,,,
500.4127992183683,0.0028993610609161008,1,EELS,Gold,"[{""position"": 0.0, ""amplitude"": 2.580536309994504, ""fwhm"": 2.6429703225692007}]",0.0,2.580536309994504,2.6429703225692007,,,,,,,,,,,,,,,
501.39228138739617,0.015,1,EELS,Gold,"[{""position"": 0.0, ""amplitude"": 2.580536309994504, ""fwhm"": 2.6429703225692007}]",0.0,2.580536309994504,2.6429703225692007,,,,,,,,,,,,,,,
502.371763556424,0.0023302341462947576,1,EELS,Gold,"[{""position"": 0.0, ""amplitude"": 2.580536309994504, ""fwhm"": 2.6429703225692007}]",0.0,2.580536309994504,2.6429703225692007,,,,,,,,,,,,,,,
503.35124572545186,0.005,1,EELS,Gold,"[{""position"": 0.0, ""amplitude"": 2.580536309994504, ""fwhm"": 2.6429703225692007}]",0.0,2.580536309994504,2.6429703225692007,,,,,,,,,,,,,,,
504.3307278944797,0.002368907948573998,1,EELS,Gold,"[{""position"": 0.0, ""amplitude"": 2.580536309994504, ""fwhm"": 2.6429703225692007}]",0.0,2.580536309994504,2.6429703225692007,,,,,,,,,,,,,,,
505.31021006350755,0.01,1,EELS,Gold,"[{""position"": 0.0, ""amplitude"": 2.580536309994504, ""fwhm"": 2.6429703225692007}]",0.0,2.580536309994504,2.6429703225692007,,,,,,,,,,,,,,,
506.2896922325354,0.0,1,EELS,Gold,"[{""position"": 0.0, ""amplitude"": 2.580536309994504, ""fwhm"": 2.6429703225692007}]",0.0,2.580536309994504,2.6429703225692007,,,,,,,,,,,,,,,
507.2691744015632,0.0,1,EELS,Gold,"[{""position"": 0.0, ""amplitude"": 2.580536309994504, ""fwhm"": 2.6429703225692007}]",0.0,2.580536309994504,2.6429703225692007,,,,,,,,,,,,,,,
508.24865657059104,0.0009621765335245292,1,EELS,Gold,"[{""position"": 0.0, ""amplitude"": 2.580536309994504, ""fwhm"": 2.6429703225692007}]",0.0,2.580536309994504,2.6429703225692007,,,,,,,,,,,,,,,
509.2281387396189,0.011493628609975052,1,EELS,Gold,"[{""position"": 0.0, ""amplitude"": 2.580536309994504, ""fwhm"": 2.6429703225692007}]",0.0,2.580536309994504,2.6429703225692007,,,,,,,,,,,,,,,
510.20762090864673,0.005,1,EELS,Gold,"[{""position"": 0.0, ""amplitude"": 2.580536309994504, ""fwhm"": 2.6429703225692007}]",0.0,2.580536309994504,2.6429703225692007,,,,,,,,,,,,,,,
511.1871030776746,0.007442851132977523,1,EELS,Gold,"[{""position"": 0.0, ""amplitude"": 2.580536309994504, ""fwhm"": 2.6429703225692007}]",0.0,2.580536309994504,2.6429703225692007,,,,,,,,,,,,,,,
512.1665852467024,0.015,1,EELS,Gold,"[{""position"": 0.0, ""amplitude"": 2.580536309994504, ""fwhm"": 2.6429703225692007}]",0.0,2.580536309994504,2.6429703225692007,,,,,,,,,,,,,,,
513.1460674157303,0.0055995125860595915,1,EELS,Gold,"[{""position"": 0.0, ""amplitude"": 2.580536309994504, ""fwhm"": 2.6429703225692007}]",0.0,2.580536309994504,2.6429703225692007,,,,,,,,,,,,,,,
514.1255495847581,0.0,1,EELS,Gold,"[{""position"": 0.0, ""amplitude"": 2.580536309994504, ""fwhm"": 2.6429703225692007}]",0.0,2.580536309994504,2.6429703225692007,,,,,,,,,,,,,,,
515.105031753786,0.0,1,EELS,Gold,"[{""position"": 0.0, ""amplitude"": 2.580536309994504, ""fwhm"": 2.6429703225692007}]",0.0,2.580536309994504,2.6429703225692007,,,,,,,,,,,,,,,
516.0845139228138,0.000854125169272203,1,EELS,Gold,"[{""position"": 0.0, ""amplitude"": 2.580536309994504, ""fwhm"": 2.6429703225692007}]",0.0,2.580536309994504,2.6429703225692007,,,,,,,,,,,,,,,
517.0639960918417,0.005,1,EELS,Gold,"[{""position"": 0.0, ""amplitude"": 2.580536309994504, ""fwhm"": 2.6429703225692007}]",0.0,2.580536309994504,2.6429703225692007,,,,,,,,,,,,,,,
518.0434782608695,0.01,1,EELS,Gold,"[{""position"": 0.0, ""amplitude"": 2.580536309994504, ""fwhm"": 2.6429703225692007}]",0.0,2.580536309994504,2.6429703225692007,,,,,,,,,,,,,,,
519.0229604298974,0.0032905155578167433,1,EELS,Gold,"[{""position"": 0.0, ""amplitude"": 2.580536309994504, ""fwhm"": 2.6429703225692007}]",0.0,2.580536309994504,2.6429703225692007,,,,,,,,,,,,,,,
520.0024425989252,0.0,1,EELS,Gold,"[{""position"": 0.0, ""amplitude"": 2.580536309994504, ""fwhm"": 2.6429703225692007}]",0.0,2.580536309994504,2.6429703225692007,,,,,,,,,,,,,,,
520.981924767953,0.007827895453250456,1,EELS,Gold,"[{""position"": 0.0, ""amplitude"": 2.580536309994504, ""fwhm"": 2.6429703225692007}]",0.0,2.580536309994504,2.6429703225692007,,,,,,,,,,,,,,,
521.9614069369809,0.005,1,EELS,Gold,"[{""position"": 0.0, ""amplitude"": 2.580536309994504, ""fwhm"": 2.6429703225692007}]",0.0,2.580536309994504,2.6429703225692007,,,,,,,,,,,,,,,
522.9408891060087,0.0020173306524675135,1,EELS,Gold,"[{""position"": 0.0, ""amplitude"": 2.580536309994504, ""fwhm"": 2.6429703225692007}]",0.0,2.580536309994504,2.6429703225692007,,,,,,,,,,,,,,,
523.9203712750366,0.009357399880991612,1,EELS,Gold,"[{""position"": 0.0, ""amplitude"": 2.580536309994504, ""fwhm"": 2.6429703225692007}]",0.0,2.580536309994504,2.6429703225692007,,,,,,,,,,,,,,,
524.8998534440644,0.0,1,EELS,Gold,"[{""position"": 0.0, ""amplitude"": 2.580536309994504, ""fwhm"": 2.6429703225692007}]",0.0,2.580536309994504,2.6429703225692007,,,,,,,,,,,,,,,
525.8793356130923,0.005,1,EELS,Gold,"[{""position"": 0.0, ""amplitude"": 2.580536309994504, ""fwhm"": 2.6429703225692007}]",0.0,2.580536309994504,2.6429703225692007,,,,,,,,,,,,,,,
526.8588177821201,0.0070977874201666675,1,EELS,Gold,"[{""position"": 0.0, ""amplitude"": 2.580536309994504, ""fwhm"": 2.6429703225692007}]",0.0,2.580536309994504,2.6429703225692007,,,,,,,,,,,,,,,
527.838299951148,7.66127473152933e-05,1,EELS,Gold,"[{""position"": 0.0, ""amplitude"": 2.580536309994504, ""fwhm"": 2.6429703225692007}]",0.0,2.580536309994504,2.6429703225692007,,,,,,,,,,,,,,,
528.8177821201758,0.0065473164138479725,1,EELS,Gold,"[{""position"": 0.0, ""amplitude"": 2.580536309994504, ""fwhm"": 2.6429703225692007}]",0.0,2.580536309994504,2.6429703225692007,,,,,,,,,,,,,,,
529.7972642892037,0.005,1,EELS,Gold,"[{""position"": 0.0, ""amplitude"": 2.580536309994504, ""fwhm"": 2.6429703225692007}]",0.0,2.580536309994504,2.6429703225692007,,,,,,,,,,,,,,,
530.7767464582315,0.0007948521332927415,1,EELS,Gold,"[{""position"": 0.0, ""amplitude"": 2.580536309994504, ""fwhm"": 2.6429703225692007}]",0.0,2.580536309994504,2.6429703225692007,,,,,,,,,,,,,,,
531.7562286272594,0.005161092763807452,1,EELS,Gold,"[{""position"": 0.0, ""amplitude"": 2.580536309994504, ""fwhm"": 2.6429703225692007}]",0.0,2.580536309994504,2.6429703225692007,,,,,,,,,,,,,,,
532.7357107962872,0.013564276548731498,1,EELS,Gold,"[{""position"": 0.0, ""amplitude"": 2.580536309994504, ""fwhm"": 2.6429703225692007}]",0.0,2.580536309994504,2.6429703225692007,,,,,,,,,,,,,,,
533.715192965315,0.006200636976942718,1,EELS,Gold,"[{""position"": 0.0, ""amplitude"": 2.580536309994504, ""fwhm"": 2.6429703225692007}]",0.0,2.580536309994504,2.6429703225692007,,,,,,,,,,,,,,,
534.6946751343429,0.001406460110247926,1,EELS,Gold,"[{""position"": 0.0, ""amplitude"": 2.580536309994504, ""fwhm"": 2.6429703225692007}]",0.0,2.580536309994504,2.6429703225692007,,,,,,,,,,,,,,,
535.6741573033707,0.01,1,EELS,Gold,"[{""position"": 0.0, ""amplitude"": 2.580536309994504, ""fwhm"": 2.6429703225692007}]",0.0,2.580536309994504,2.6429703225692007,,,,,,,,,,,,,,,
536.6536394723986,0.0,1,EELS,Gold,"[{""position"": 0.0, ""amplitude"": 2.580536309994504, ""fwhm"": 2.6429703225692007}]",0.0,2.580536309994504,2.6429703225692007,,,,,,,,,,,,,,,
537.6331216414264,0.0,1,EELS,Gold,"[{""position"": 0.0, ""amplitude"": 2.580536309994504, ""fwhm"": 2.6429703225692007}]",0.0,2.580536309994504,2.6429703225692007,,,,,,,,,,,,,,,
538.6126038104543,0.0015200765165914393,1,EELS,Gold,"[{""position"": 0.0, ""amplitude"": 2.580536309994504, ""fwhm"": 2.6429703225692007}]",0.0,2.580536309994504,2.6429703225692007,,,,,,,,,,,,,,,
539.5920859794821,0.015,1,EELS,Gold,"[{""position"": 0.0, ""amplitude"": 2.580536309994504, ""fwhm"": 2.6429703225692007}]",0.0,2.580536309994504,2.6429703225692007,,,,,,,,,,,,,,,
540.57156814851,0.01123463419407931,1,EELS,Gold,"[{""position"": 0.0, ""amplitude"": 2.580536309994504, ""fwhm"": 2.6429703225692007}]",0.0,2.580536309994504,2.6429703225692007,,,,,,,,,,,,,,,
541.5510503175378,0.025830789587692415,1,EELS,Gold,"[{""position"": 0.0, ""amplitude"": 2.580536309994504, ""fwhm"": 2.6429703225692007}]",0.0,2.580536309994504,2.6429703225692007,,,,,,,,,,,,,,,
542.5305324865657,0.0027184923784343137,1,EELS,Gold,"[{""position"": 0.0, ""amplitude"": 2.580536309994504, ""fwhm"": 2.6429703225692007}]",0.0,2.580536309994504,2.6429703225692007,,,,,,,,,,,,,,,
543.5100146555935,0.005,1,EELS,Gold,"[{""position"": 0.0, ""amplitude"": 2.580536309994504, ""fwhm"": 2.6429703225692007}]",0.0,2.580536309994504,2.6429703225692007,,,,,,,,,,,,,,,
544.4894968246214,0.013555104585107187,1,EELS,Gold,"[{""position"": 0.0, ""amplitude"": 2.580536309994504, ""fwhm"": 2.6429703225692007}]",0.0,2.580536309994504,2.6429703225692007,,,,,,,,,,,,,,,
545.4689789936492,0.005,1,EELS,Gold,"[{""position"": 0.0, ""amplitude"": 2.580536309994504, ""fwhm"": 2.6429703225692007}]",0.0,2.580536309994504,2.6429703225692007,,,,,,,,,,,,,,,
546.4484611626771,0.0,1,EELS,Gold,"[{""position"": 0.0, ""amplitude"": 2.580536309994504, ""fwhm"": 2.6429703225692007}]",0.0,2.580536309994504,2.6429703225692007,,,,,,,,,,,,,,,
547.4279433317049,0.0,1,EELS,Gold,"[{""position"": 0.0, ""amplitude"": 2.580536309994504, ""fwhm"": 2.6429703225692007}]",0.0,2.580536309994504,2.6429703225692007,,,,,,,,,,,,,,,
548.4074255007328,0.005,1,EELS,Gold,"[{""position"": 0.0, ""amplitude"": 2.580536309994504, ""fwhm"": 2.6429703225692007}]",0.0,2.580536309994504,2.6429703225692007,,,,,,,,,,,,,,,
549.3869076697606,0.0,1,EELS,Gold,"[{""position"": 0.0, ""amplitude"": 2.580536309994504, ""fwhm"": 2.6429703225692007}]",0.0,2.580536309994504,2.6429703225692007,,,,,,,,,,,,,,,
550.3663898387885,0.010465459967903563,1,EELS,Gold,"[{""position"": 0.0, ""amplitude"": 2.580536309994504, ""fwhm"": 2.6429703225692007}]",0.0,2.580536309994504,2.6429703225692007,,,,,,,,,,,,,,,
551.3458720078163,0.009733919635984585,1,EELS,Gold,"[{""position"": 0.0, ""amplitude"": 2.580536309994504, ""fwhm"": 2.6429703225692007}]",0.0,2.580536309994504,2.6429703225692007,,,,,,,,,,,,,,,
552.3253541768441,0.0012484559619248892,1,EELS,Gold,"[{""position"": 0.0, ""amplitude"": 2.580536309994504, ""fwhm"": 2.6429703225692007}]",0.0,2.580536309994504,2.6429703225692007,,,,,,,,,,,,,,,
553.304836345872,0.0,1,EELS,Gold,"[{""position"": 0.0, ""amplitude"": 2.580536309994504, ""fwhm"": 2.6429703225692007}]",0.0,2.580536309994504,2.6429703225692007,,,,,,,,,,,,,,,
554.2843185148998,0.0025320035575522415,1,EELS,Gold,"[{""position"": 0.0, ""amplitude"": 2.580536309994504, ""fwhm"": 2.6429703225692007}]",0.0,2.580536309994504,2.6429703225692007,,,,,,,,,,,,,,,
555.2638006839277,0.005,1,EELS,Gold,"[{""position"": 0.0, ""amplitude"": 2.580536309994504, ""fwhm"": 2.6429703225692007}]",0.0,2.580536309994504,2.6429703225692007,,,,,,,,,,,,,,,
556.2432828529555,0.010989580005289146,1,EELS,Gold,"[{""position"": 0.0, ""amplitude"": 2.580536309994504, ""fwhm"": 2.6429703225692007}]",0.0,2.580536309994504,2.6429703225692007,,,,,,,,,,,,,,,
557.2227650219834,0.0023639755483283982,1,EELS,Gold,"[{""position"": 0.0, ""amplitude"": 2.580536309994504, ""fwhm"": 2.6429703225692007}]",0.0,2.580536309994504,2.6429703225692007,,,,,,,,,,,,,,,
558.2022471910112,0.005,1,EELS,Gold,"[{""position"": 0.0, ""amplitude"": 2.580536309994504, ""fwhm"": 2.6429703225692007}]",0.0,2.580536309994504,2.6429703225692007,,,,,,,,,,,,,,,
559.1817293600391,0.013314485396953107,1,EELS,Gold,"[{""position"": 0.0, ""amplitude"": 2.580536309994504, ""fwhm"": 2.6429703225692007}]",0.0,2.580536309994504,2.6429703225692007,,,,,,,,,,,,,,,
560.1612115290669,0.016233075420264753,1,EELS,Gold,"[{""position"": 0.0, ""amplitude"": 2.580536309994504, ""fwhm"": 2.6429703225692007}]",0.0,2.580536309994504,2.6429703225692007,,,,,,,,,,,,,,,
561.1406936980948,0.0,1,EELS,Gold,"[{""position"": 0.0, ""amplitude"": 2.580536309994504, ""fwhm"": 2.6429703225692007}]",0.0,2.580536309994504,2.6429703225692007,,,,,,,,,,,,,,,
562.1201758671226,0.001981523569982359,1,EELS,Gold,"[{""position"": 0.0, ""amplitude"": 2.580536309994504, ""fwhm"": 2.6429703225692007}]",0.0,2.580536309994504,2.6429703225692007,,,,,,,,,,,,,,,
563.0996580361505,0.011199403305795644,1,EELS,Gold,"[{""position"": 0.0, ""amplitude"": 2.580536309994504, ""fwhm"": 2.6429703225692007}]",0.0,2.580536309994504,2.6429703225692007,,,,,,,,,,,,,,,
564.0791402051783,0.005809064509153857,1,EELS,Gold,"[{""position"": 0.0, ""amplitude"": 2.580536309994504, ""fwhm"": 2.6429703225692007}]",0.0,2.580536309994504,2.6429703225692007,,,,,,,,,,,,,,,
565.0586223742062,0.010975324889230292,1,EELS,Gold,"[{""position"": 0.0, ""amplitude"": 2.580536309994504, ""fwhm"": 2.6429703225692007}]",0.0,2.580536309994504,2.6429703225692007,,,,,,,,,,,,,,,
566.038104543234,0.005,1,EELS,Gold,"[{""position"": 0.0, ""amplitude"": 2.580536309994504, ""fwhm"": 2.6429703225692007}]",0.0,2.580536309994504,2.6429703225692007,,,,,,,,,,,,,,,
567.0175867122618,0.0,1,EELS,Gold,"[{""position"": 0.0, ""amplitude"": 2.580536309994504, ""fwhm"": 2.6429703225692007}]",0.0,2.580536309994504,2.6429703225692007,,,,,,,,,,,,,,,
567.9970688812897,0.002462222306821733,1,EELS,Gold,"[{""position"": 0.0, ""amplitude"": 2.580536309994504, ""fwhm"": 2.6429703225692007}]",0.0,2.580536309994504,2.6429703225692007,,,,,,,,,,,,,,,
568.9765510503175,0.0,1,EELS,Gold,"[{""position"": 0.0, ""amplitude"": 2.580536309994504, ""fwhm"": 2.6429703225692007}]",0.0,2.580536309994504,2.6429703225692007,,,,,,,,,,,,,,,
569.9560332193454,0.005497099439333867,1,EELS,Gold,"[{""position"": 0.0, ""amplitude"": 2.580536309994504, ""fwhm"": 2.6429703225692007}]",0.0,2.580536309994504,2.6429703225692007,,,,,,,,,,,,,,,
570.9355153883732,0.0,1,EELS,Gold,"[{""position"": 0.0, ""amplitude"": 2.580536309994504, ""fwhm"": 2.6429703225692007}]",0.0,2.580536309994504,2.6429703225692007,,,,,,,,,,,,,,,
571.9149975574011,0.01153896453874719,1,EELS,Gold,"[{""position"": 0.0, ""amplitude"": 2.580536309994504, ""fwhm"": 2.6429703225692007}]",0.0,2.580536309994504,2.6429703225692007,,,,,,,,,,,,,,,
572.8944797264289,0.006160156034914492,1,EELS,Gold,"[{""position"": 0.0, ""amplitude"": 2.580536309994504, ""fwhm"": 2.6429703225692007}]",0.0,2.580536309994504,2.6429703225692007,,,,,,,,,,,,,,,
573.8739618954568,0.007970828000792324,1,EELS,Gold,"[{""position"": 0.0, ""amplitude"": 2.580536309994504, ""fwhm"": 2.6429703225692007}]",0.0,2.580536309994504,2.6429703225692007,,,,,,,,,,,,,,,
574.8534440644846,0.0,1,EELS,Gold,"[{""position"": 0.0, ""amplitude"": 2.580536309994504, ""fwhm"": 2.6429703225692007}]",0.0,2.580536309994504,2.6429703225692007,,,,,,,,,,,,,,,
575.8329262335125,0.0,1,EELS,Gold,"[{""position"": 0.0, ""amplitude"": 2.580536309994504, ""fwhm"": 2.6429703225692007}]",0.0,2.580536309994504,2.6429703225692007,,,,,,,,,,,,,,,
576.8124084025403,0.01,1,EELS,Gold,"[{""position"": 0.0, ""amplitude"": 2.580536309994504, ""fwhm"": 2.6429703225692007}]",0.0,2.580536309994504,2.6429703225692007,,,,,,,,,,,,,,,
577.7918905715682,0.02,1,EELS,Gold,"[{""position"": 0.0, ""amplitude"": 2.580536309994504, ""fwhm"": 2.6429703225692007}]",0.0,2.580536309994504,2.6429703225692007,,,,,,,,,,,,,,,
578.771372740596,0.01124932189604189,1,EELS,Gold,"[{""position"": 0.0, ""amplitude"": 2.580536309994504, ""fwhm"": 2.6429703225692007}]",0.0,2.580536309994504,2.6429703225692007,,,,,,,,,,,,,,,
579.7508549096239,0.0022245924295192596,1,EELS,Gold,"[{""position"": 0.0, ""amplitude"": 2.580536309994504, ""fwhm"": 2.6429703225692007}]",0.0,2.580536309994504,2.6429703225692007,,,,,,,,,,,,,,,
580.7303370786517,0.0,1,EELS,Gold,"[{""position"": 0.0, ""amplitude"": 2.580536309994504, ""fwhm"": 2.6429703225692007}]",0.0,2.580536309994504,2.6429703225692007,,,,,,,,,,,,,,,
581.7098192476795,0.012507851736958855,1,EELS,Gold,"[{""position"": 0.0, ""amplitude"": 2.580536309994504, ""fwhm"": 2.6429703225692007}]",0.0,2.580536309994504,2.6429703225692007,,,,,,,,,,,,,,,
582.6893014167074,0.008757494833262023,1,EELS,Gold,"[{""position"": 0.0, ""amplitude"": 2.580536309994504, ""fwhm"": 2.6429703225692007}]",0.0,2.580536309994504,2.6429703225692007,,,,,,,,,,,,,,,
583.6687835857352,0.0013249116677183223,1,EELS,Gold,"[{""position"": 0.0, ""amplitude"": 2.580536309994504, ""fwhm"": 2.6429703225692007}]",0.0,2.580536309994504,2.6429703225692007,,,,,,,,,,,,,,,
584.6482657547631,0.010094438239836065,1,EELS,Gold,"[{""position"": 0.0, ""amplitude"": 2.580536309994504, ""fwhm"": 2.6429703225692007}]",0.0,2.580536309994504,2.6429703225692007,,,,,,,,,,,,,,,
585.6277479237909,0.0,1,EELS,Gold,"[{""position"": 0.0, ""amplitude"": 2.580536309994504, ""fwhm"": 2.6429703225692007}]",0.0,2.580536309994504,2.6429703225692007,,,,,,,,,,,,,,,
586.6072300928188,0.01,1,EELS,Gold,"[{""position"": 0.0, ""amplitude"": 2.580536309994504, ""fwhm"": 2.6429703225692007}]",0.0,2.580536309994504,2.6429703225692007,,,,,,,,,,,,,,,
587.5867122618466,0.005,1,EELS,Gold,"[{""position"": 0.0, ""amplitude"": 2.580536309994504, ""fwhm"": 2.6429703225692007}]",0.0,2.580536309994504,2.6429703225692007,,,,,,,,,,,,,,,
588.5661944308744,0.004100074947097787,1,EELS,Gold,"[{""position"": 0.0, ""amplitude"": 2.580536309994504, ""fwhm"": 2.6429703225692007}]",0.0,2.580536309994504,2.6429703225692007,,,,,,,,,,,,,,,
589.5456765999022,0.0019270169465449947,1,EELS,Gold,"[{""position"": 0.0, ""amplitude"": 2.580536309994504, ""fwhm"": 2.6429703225692007}]",0.0,2.580536309994504,2.6429703225692007,,,,,,,,,,,,,,,
590.52515876893,0.00509363706987515,1,EELS,Gold,"[{""position"": 0.0, ""amplitude"": 2.580536309994504, ""fwhm"": 2.6429703225692007}]",0.0,2.580536309994504,2.6429703225692007,,,,,,,,,,,,,,,
591.5046409379579,0.015955838613987458,1,EELS,Gold,"[{""position"": 0.0, ""amplitude"": 2.580536309994504, ""fwhm"": 2.6429703225692007}]",0.0,2.580536309994504,2.6429703225692007,,,,,,,,,,,,,,,
592.4841231069857,0.01,1,EELS,Gold,"[{""position"": 0.0, ""amplitude"": 2.580536309994504, ""fwhm"": 2.6429703225692007}]",0.0,2.580536309994504,2.6429703225692007,,,,,,,,,,,,,,,
593.4636052760136,0.006533989205485628,1,EELS,Gold,"[{""position"": 0.0, ""amplitude"": 2.580536309994504, ""fwhm"": 2.6429703225692007}]",0.0,2.580536309994504,2.6429703225692007,,,,,,,,,,,,,,,
594.4430874450414,0.0005587171396886131,1,EELS,Gold,"[{""position"": 0.0, ""amplitude"": 2.580536309994504, ""fwhm"": 2.6429703225692007}]",0.0,2.580536309994504,2.6429703225692007,,,,,,,,,,,,,,,
595.4225696140693,0.00550488051659424,1,EELS,Gold,"[{""position"": 0.0, ""amplitude"": 2.580536309994504, ""fwhm"": 2.6429703225692007}]",0.0,2.580536309994504,2.6429703225692007,,,,,,,,,,,,,,,
596.4020517830971,0.002091345186032146,1,EELS,Gold,"[{""position"": 0.0, ""amplitude"": 2.580536309994504, ""fwhm"": 2.6429703225692007}]",0.0,2.580536309994504,2.6429703225692007,,,,,,,,,,,,,,,
597.381533952125,0.006457686068727914,1,EELS,Gold,"[{""position"": 0.0, ""amplitude"": 2.580536309994504, ""fwhm"": 2.6429703225692007}]",0.0,2.580536309994504,2.6429703225692007,,,,,,,,,,,,,,,
598.3610161211528,0.005792187151584497,1,EELS,Gold,"[{""position"": 0.0, ""amplitude"": 2.580536309994504, ""fwhm"": 2.6429703225692007}]",0.0,2.580536309994504,2.6429703225692007,,,,,,,,,,,,,,,
599.3404982901807,0.01,1,EELS,Gold,"[{""position"": 0.0, ""amplitude"": 2.580536309994504, ""fwhm"": 2.6429703225692007}]",0.0,2.580536309994504,2.6429703225692007,,,,,,,,,,,,,,,
600.3199804592085,0.0014254965563989556,1,EELS,Gold,"[{""position"": 0.0, ""amplitude"": 2.580536309994504, ""fwhm"": 2.6429703225692007}]",0.0,2.580536309994504,2.6429703225692007,,,,,,,,,,,,,,,
601.2994626282364,0.0050597656357686035,1,EELS,Gold,"[{""position"": 0.0, ""amplitude"": 2.580536309994504, ""fwhm"": 2.6429703225692007}]",0.0,2.580536309994504,2.6429703225692007,,,,,,,,,,,,,,,
602.2789447972642,0.00867388990215007,1,EELS,Gold,"[{""position"": 0.0, ""amplitude"": 2.580536309994504, ""fwhm"": 2.6429703225692007}]",0.0,2.580536309994504,2.6429703225692007,,,,,,,,,,,,,,,
603.2584269662921,0.004310329883170957,1,EELS,Gold,"[{""position"": 0.0, ""amplitude"": 2.580536309994504, ""fwhm"": 2.6429703225692007}]",0.0,2.580536309994504,2.6429703225692007,,,,,,,,,,,,,,,
604.2379091353199,0.0,1,EELS,Gold,"[{""position"": 0.0, ""amplitude"": 2.580536309994504, ""fwhm"": 2.6429703225692007}]",0.0,2.580536309994504,2.6429703225692007,,,,,,,,,,,,,,,
605.2173913043478,0.005,1,EELS,Gold,"[{""position"": 0.0, ""amplitude"": 2.580536309994504, ""fwhm"": 2.6429703225692007}]",0.0,2.580536309994504,2.6429703225692007,,,,,,,,,,,,,,,
606.1968734733756,0.005,1,EELS,Gold,"[{""position"": 0.0, ""amplitude"": 2.580536309994504, ""fwhm"": 2.6429703225692007}]",0.0,2.580536309994504,2.6429703225692007,,,,,,,,,,,,,,,
607.1763556424035,0.005337425248341807,1,EELS,Gold,"[{""position"": 0.0, ""amplitude"": 2.580536309994504, ""fwhm"": 2.6429703225692007}]",0.0,2.580536309994504,2.6429703225692007,,,,,,,,,,,,,,,
608.1558378114313,0.008012657331397974,1,EELS,Gold,"[{""position"": 0.0, ""amplitude"": 2.580536309994504, ""fwhm"": 2.6429703225692007}]",0.0,2.580536309994504,2.6429703225692007,,,,,,,,,,,,,,,
609.1353199804591,0.005,1,EELS,Gold,"[{""position"": 0.0, ""amplitude"": 2.580536309994504, ""fwhm"": 2.6429703225692007}]",0.0,2.580536309994504,2.6429703225692007,,,,,,,,,,,,,,,
610.114802149487,0.009130911824117478,1,EELS,Gold,"[{""position"": 0.0, ""amplitude"": 2.580536309994504, ""fwhm"": 2.6429703225692007}]",0.0,2.580536309994504,2.6429703225692007,,,,,,,,,,,,,,,
611.0942843185148,0.01,1,EELS,Gold,"[{""position"": 0.0, ""amplitude"": 2.580536309994504, ""fwhm"": 2.6429703225692007}]",0.0,2.580536309994504,2.6429703225692007,,,,,,,,,,,,,,,
612.0737664875427,0.0,1,EELS,Gold,"[{""position"": 0.0, ""amplitude"": 2.580536309994504, ""fwhm"": 2.6429703225692007}]",0.0,2.580536309994504,2.6429703225692007,,,,,,,,,,,,,,,
613.0532486565705,0.005,1,EELS,Gold,"[{""position"": 0.0, ""amplitude"": 2.580536309994504, ""fwhm"": 2.6429703225692007}]",0.0,2.580536309994504,2.6429703225692007,,,,,,,,,,,,,,,
614.0327308255984,0.0,1,EELS,Gold,"[{""position"": 0.0, ""amplitude"": 2.580536309994504, ""fwhm"": 2.6429703225692007}]",0.0,2.580536309994504,2.6429703225692007,,,,,,,,,,,,,,,
615.0122129946262,0.012299866014929665,1,EELS,Gold,"[{""position"": 0.0, ""amplitude"": 2.580536309994504, ""fwhm"": 2.6429703225692007}]",0.0,2.580536309994504,2.6429703225692007,,,,,,,,,,,,,,,
615.9916951636541,0.005364720974055343,1,EELS,Gold,"[{""position"": 0.0, ""amplitude"": 2.580536309994504, ""fwhm"": 2.6429703225692007}]",0.0,2.580536309994504,2.6429703225692007,,,,,,,,,,,,,,,
616.9711773326819,0.005,1,EELS,Gold,"[{""position"": 0.0, ""amplitude"": 2.580536309994504, ""fwhm"": 2.6429703225692007}]",0.0,2.580536309994504,2.6429703225692007,,,,,,,,,,,,,,,
617.9506595017098,0.015,1,EELS,Gold,"[{""position"": 0.0, ""amplitude"": 2.580536309994504, ""fwhm"": 2.6429703225692007}]",0.0,2.580536309994504,2.6429703225692007,,,,,,,,,,,,,,,
618.9301416707376,0.0,1,EELS,Gold,"[{""position"": 0.0, ""amplitude"": 2.580536309994504, ""fwhm"": 2.6429703225692007}]",0.0,2.580536309994504,2.6429703225692007,,,,,,,,,,,,,,,
619.9096238397655,0.009471628590689025,1,EELS,Gold,"[{""position"": 0.0, ""amplitude"": 2.580536309994504, ""fwhm"": 2.6429703225692007}]",0.0,2.580536309994504,2.6429703225692007,,,,,,,,,,,,,,,
620.8891060087933,0.015,1,EELS,Gold,"[{""position"": 0.0, ""amplitude"": 2.580536309994504, ""fwhm"": 2.6429703225692007}]",0.0,2.580536309994504,2.6429703225692007,,,,,,,,,,,,,,,
621.8685881778212,0.0,1,EELS,Gold,"[{""position"": 0.0, ""amplitude"": 2.580536309994504, ""fwhm"": 2.6429703225692007}]",0.0,2.580536309994504,2.6429703225692007,,,,,,,,,,,,,,,
622.848070346849,0.0,1,EELS,Gold,"[{""position"": 0.0, ""amplitude"": 2.580536309994504, ""fwhm"": 2.6429703225692007}]",0.0,2.580536309994504,2.6429703225692007,,,,,,,,,,,,,,,
623.8275525158768,0.0,1,EELS,Gold,"[{""position"": 0.0, ""amplitude"": 2.580536309994504, ""fwhm"": 2.6429703225692007}]",0.0,2.580536309994504,2.6429703225692007,,,,,,,,,,,,,,,
624.8070346849047,0.005,1,EELS,Gold,"[{""position"": 0.0, ""amplitude"": 2.580536309994504, ""fwhm"": 2.6429703225692007}]",0.0,2.580536309994504,2.6429703225692007,,,,,,,,,,,,,,,
625.7865168539325,0.005018727161513553,1,EELS,Gold,"[{""position"": 0.0, ""amplitude"": 2.580536309994504, ""fwhm"": 2.6429703225692007}]",0.0,2.580536309994504,2.6429703225692007,,,,,,,,,,,,,,,
626.7659990229604,0.005,1,EELS,Gold,"[{""position"": 0.0, ""amplitude"": 2.580536309994504, ""fwhm"": 2.6429703225692007}]",0.0,2.580536309994504,2.6429703225692007,,,,,,,,,,,,,,,
627.7454811919882,0.001950621164982814,1,EELS,Gold,"[{""position"": 0.0, ""amplitude"": 2.580536309994504, ""fwhm"": 2.6429703225692007}]",0.0,2.580536309994504,2.6429703225692007,,,,,,,,,,,,,,,
628.7249633610161,0.009921163086210973,1,EELS,Gold,"[{""position"": 0.0, ""amplitude"": 2.580536309994504, ""fwhm"": 2.6429703225692007}]",0.0,2.580536309994504,2.6429703225692007,,,,,,,,,,,,,,,
629.7044455300439,0.00805722423595013,1,EELS,Gold,"[{""position"": 0.0, ""amplitude"": 2.580536309994504, ""fwhm"": 2.6429703225692007}]",0.0,2.580536309994504,2.6429703225692007,,,,,,,,,,,,,,,
630.6839276990718,0.01,1,EELS,Gold,"[{""position"": 0.0, ""amplitude"": 2.580536309994504, ""fwhm"": 2.6429703225692007}]",0.0,2.580536309994504,2.6429703225692007,,,,,,,,,,,,,,,
631.6634098680996,0.005,1,EELS,Gold,"[{""position"": 0.0, ""amplitude"": 2.580536309994504, ""fwhm"": 2.6429703225692007}]",0.0,2.580536309994504,2.6429703225692007,,,,,,,,,,,,,,,
632.6428920371275,0.011783122901137663,1,EELS,Gold,"[{""position"": 0.0, ""amplitude"": 2.580536309994504, ""fwhm"": 2.6429703225692007}]",0.0,2.580536309994504,2.6429703225692007,,,,,,,,,,,,,,,
633.6223742061553,0.0202997730630101,1,EELS,Gold,"[{""position"": 0.0, ""amplitude"": 2.580536309994504, ""fwhm"": 2.6429703225692007}]",0.0,2.580536309994504,2.6429703225692007,,,,,,,,,,,,,,,
634.6018563751832,0.005181665146905018,1,EELS,Gold,"[{""position"": 0.0, ""amplitude"": 2.580536309994504, ""fwhm"": 2.6429703225692007}]",0.0,2.580536309994504,2.6429703225692007,,,,,,,,,,,,,,,
635.581338544211,0.005082232658361521,1,EELS,Gold,"[{""position"": 0.0, ""amplitude"": 2.580536309994504, ""fwhm"": 2.6429703225692007}]",0.0,2.580536309994504,2.6429703225692007,,,,,,,,,,,,,,,
636.5608207132389,0.005653838190766981,1,EELS,Gold,"[{""position"": 0.0, ""amplitude"": 2.580536309994504, ""fwhm"": 2.6429703225692007}]",0.0,2.580536309994504,2.6429703225692007,,,,,,,,,,,,,,,
637.5403028822667,0.005,1,EELS,Gold,"[{""position"": 0.0, ""amplitude"": 2.580536309994504, ""fwhm"": 2.6429703225692007}]",0.0,2.580536309994504,2.6429703225692007,,,,,,,,,,,,,,,
638.5197850512945,0.015,1,EELS,Gold,"[{""position"": 0.0, ""amplitude"": 2.580536309994504, ""fwhm"": 2.6429703225692007}]",0.0,2.580536309994504,2.6429703225692007,,,,,,,,,,,,,,,
639.4992672203224,0.005,1,EELS,Gold,"[{""position"": 0.0, ""amplitude"": 2.580536309994504, ""fwhm"": 2.6429703225692007}]",0.0,2.580536309994504,2.6429703225692007,,,,,,,,,,,,,,,
640.4787493893502,5.371146491073693e-05,1,EELS,Gold,"[{""position"": 0.0, ""amplitude"": 2.580536309994504, ""fwhm"": 2.6429703225692007}]",0.0,2.580536309994504,2.6429703225692007,,,,,,,,,,,,,,,
641.4582315583781,0.01,1,EELS,Gold,"[{""position"": 0.0, ""amplitude"": 2.580536309994504, ""fwhm"": 2.6429703225692007}]",0.0,2.580536309994504,2.6429703225692007,,,,,,,,,,,,,,,
642.4377137274059,0.0,1,EELS,Gold,"[{""position"": 0.0, ""amplitude"": 2.580536309994504, ""fwhm"": 2.6429703225692007}]",0.0,2.580536309994504,2.6429703225692007,,,,,,,,,,,,,,,
643.4171958964338,0.005409036281494765,1,EELS,Gold,"[{""position"": 0.0, ""amplitude"": 2.580536309994504, ""fwhm"": 2.6429703225692007}]",0.0,2.580536309994504,2.6429703225692007,,,,,,,,,,,,,,,
644.3966780654616,0.0,1,EELS,Gold,"[{""position"": 0.0, ""amplitude"": 2.580536309994504, ""fwhm"": 2.6429703225692007}]",0.0,2.580536309994504,2.6429703225692007,,,,,,,,,,,,,,,
645.3761602344895,0.004009996111437616,1,EELS,Gold,"[{""position"": 0.0, ""amplitude"": 2.580536309994504, ""fwhm"": 2.6429703225692007}]",0.0,2.580536309994504,2.6429703225692007,,,,,,,,,,,,,,,
646.3556424035173,0.0,1,EELS,Gold,"[{""position"": 0.0, ""amplitude"": 2.580536309994504, ""fwhm"": 2.6429703225692007}]",0.0,2.580536309994504,2.6429703225692007,,,,,,,,,,,,,,,
647.3351245725452,0.017944343936209944,1,EELS,Gold,"[{""position"": 0.0, ""amplitude"": 2.580536309994504, ""fwhm"": 2.6429703225692007}]",0.0,2.580536309994504,2.6429703225692007,,,,,,,,,,,,,,,
648.314606741573,0.0033418178667958347,1,EELS,Gold,"[{""position"": 0.0, ""amplitude"": 2.580536309994504, ""fwhm"": 2.6429703225692007}]",0.0,2.580536309994504,2.6429703225692007,,,,,,,,,,,,,,,
649.2940889106009,0.015,1,EELS,Gold,"[{""position"": 0.0, ""amplitude"": 2.580536309994504, ""fwhm"": 2.6429703225692007}]",0.0,2.580536309994504,2.6429703225692007,,,,,,,,,,,,,,,
650.2735710796287,0.005,1,EELS,Gold,"[{""position"": 0.0, ""amplitude"": 2.580536309994504, ""fwhm"": 2.6429703225692007}]",0.0,2.580536309994504,2.6429703225692007,,,,,,,,,,,,,,,
651.2530532486566,0.005,1,EELS,Gold,"[{""position"": 0.0, ""amplitude"": 2.580536309994504, ""fwhm"": 2.6429703225692007}]",0.0,2.580536309994504,2.6429703225692007,,,,,,,,,,,,,,,
652.2325354176844,0.01,1,EELS,Gold,"[{""position"": 0.0, ""amplitude"": 2.580536309994504, ""fwhm"": 2.6429703225692007}]",0.0,2.580536309994504,2.6429703225692007,,,,,,,,,,,,,,,
653.2120175867122,0.0,1,EELS,Gold,"[{""position"": 0.0, ""amplitude"": 2.580536309994504, ""fwhm"": 2.6429703225692007}]",0.0,2.580536309994504,2.6429703225692007,,,,,,,,,,,,,,,
654.1914997557401,0.005,1,EELS,Gold,"[{""position"": 0.0, ""amplitude"": 2.580536309994504, ""fwhm"": 2.6429703225692007}]",0.0,2.580536309994504,2.6429703225692007,,,,,,,,,,,,,,,
655.170981924768,0.009639908607998925,1,EELS,Gold,"[{""position"": 0.0, ""amplitude"": 2.580536309994504, ""fwhm"": 2.6429703225692007}]",0.0,2.580536309994504,2.6429703225692007,,,,,,,,,,,,,,,
656.1504640937958,0.0025336319515635243,1,EELS,Gold,"[{""position"": 0.0, ""amplitude"": 2.580536309994504, ""fwhm"": 2.6429703225692007}]",0.0,2.580536309994504,2.6429703225692007,,,,,,,,,,,,,,,
657.1299462628236,0.008398676378906721,1,EELS,Gold,"[{""position"": 0.0, ""amplitude"": 2.580536309994504, ""fwhm"": 2.6429703225692007}]",0.0,2.580536309994504,2.6429703225692007,,,,,,,,,,,,,,,
658.1094284318515,0.001980061131685297,1,EELS,Gold,"[{""position"": 0.0, ""amplitude"": 2.580536309994504, ""fwhm"": 2.6429703225692007}]",0.0,2.580536309994504,2.6429703225692007,,,,,,,,,,,,,,,
659.0889106008793,0.0,1,EELS,Gold,"[{""position"": 0.0, ""amplitude"": 2.580536309994504, ""fwhm"": 2.6429703225692007}]",0.0,2.580536309994504,2.6429703225692007,,,,,,,,,,,,,,,
660.0683927699072,0.005,1,EELS,Gold,"[{""position"": 0.0, ""amplitude"": 2.580536309994504, ""fwhm"": 2.6429703225692007}]",0.0,2.580536309994504,2.6429703225692007,,,,,,,,,,,,,,,
661.047874938935,0.006378530351646632,1,EELS,Gold,"[{""position"": 0.0, ""amplitude"": 2.580536309994504, ""fwhm"": 2.6429703225692007}]",0.0,2.580536309994504,2.6429703225692007,,,,,,,,,,,,,,,
662.0273571079629,0.005,1,EELS,Gold,"[{""position"": 0.0, ""amplitude"": 2.580536309994504, ""fwhm"": 2.6429703225692007}]",0.0,2.580536309994504,2.6429703225692007,,,,,,,,,,,,,,,
663.0068392769907,0.001953401996169681,1,EELS,Gold,"[{""position"": 0.0, ""amplitude"": 2.580536309994504, ""fwhm"": 2.6429703225692007}]",0.0,2.580536309994504,2.6429703225692007,,,,,,,,,,,,,,,
663.9863214460186,0.01,1,EELS,Gold,"[{""position"": 0.0, ""amplitude"": 2.580536309994504, ""fwhm"": 2.6429703225692007}]",0.0,2.580536309994504,2.6429703225692007,,,,,,,,,,,,,,,
664.9658036150464,0.0,1,EELS,Gold,"[{""position"": 0.0, ""amplitude"": 2.580536309994504, ""fwhm"": 2.6429703225692007}]",0.0,2.580536309994504,2.6429703225692007,,,,,,,,,,,,,,,
665.9452857840743,0.0019457277343746544,1,EELS,Gold,"[{""position"": 0.0, ""amplitude"": 2.580536309994504, ""fwhm"": 2.6429703225692007}]",0.0,2.580536309994504,2.6429703225692007,,,,,,,,,,,,,,,
666.9247679531021,0.011257346689144267,1,EELS,Gold,"[{""position"": 0.0, ""amplitude"": 2.580536309994504, ""fwhm"": 2.6429703225692007}]",0.0,2.580536309994504,2.6429703225692007,,,,,,,,,,,,,,,
667.90425012213,0.0,1,EELS,Gold,"[{""position"": 0.0, ""amplitude"": 2.580536309994504, ""fwhm"": 2.6429703225692007}]",0.0,2.580536309994504,2.6429703225692007,,,,,,,,,,,,,,,
668.8837322911578,0.01309941204759333,1,EELS,Gold,"[{""position"": 0.0, ""amplitude"": 2.580536309994504, ""fwhm"": 2.6429703225692007}]",0.0,2.580536309994504,2.6429703225692007,,,,,,,,,,,,,,,
669.8632144601856,0.0,1,EELS,Gold,"[{""position"": 0.0, ""amplitude"": 2.580536309994504, ""fwhm"": 2.6429703225692007}]",0.0,2.580536309994504,2.6429703225692007,,,,,,,,,,,,,,,
670.8426966292135,0.0016969486874731767,1,EELS,Gold,"[{""position"": 0.0, ""amplitude"": 2.580536309994504, ""fwhm"": 2.6429703225692007}]",0.0,2.580536309994504,2.6429703225692007,,,,,,,,,,,,,,,
671.8221787982413,0.006637354394656477,1,EELS,Gold,"[{""position"": 0.0, ""amplitude"": 2.580536309994504, ""fwhm"": 2.6429703225692007}]",0.0,2.580536309994504,2.6429703225692007,,,,,,,,,,,,,,,
672.8016609672692,0.0,1,EELS,Gold,"[{""position"": 0.0, ""amplitude"": 2.580536309994504, ""fwhm"": 2.6429703225692007}]",0.0,2.580536309994504,2.6429703225692007,,,,,,,,,,,,,,,
673.781143136297,0.005947642206453626,1,EELS,Gold,"[{""position"": 0.0, ""amplitude"": 2.580536309994504, ""fwhm"": 2.6429703225692007}]",0.0,2.580536309994504,2.6429703225692007,,,,,,,,,,,,,,,
674.7606253053249,0.005,1,EELS,Gold,"[{""position"": 0.0, ""amplitude"": 2.580536309994504, ""fwhm"": 2.6429703225692007}]",0.0,2.580536309994504,2.6429703225692007,,,,,,,,,,,,,,,
675.7401074743527,0.0024877689026776553,1,EELS,Gold,"[{""position"": 0.0, ""amplitude"": 2.580536309994504, ""fwhm"": 2.6429703225692007}]",0.0,2.580536309994504,2.6429703225692007,,,,,,,,,,,,,,,
676.7195896433806,0.005,1,EELS,Gold,"[{""position"": 0.0, ""amplitude"": 2.580536309994504, ""fwhm"": 2.6429703225692007}]",0.0,2.580536309994504,2.6429703225692007,,,,,,,,,,,,,,,
677.6990718124084,0.01,1,EELS,Gold,"[{""position"": 0.0, ""amplitude"": 2.580536309994504, ""fwhm"": 2.6429703225692007}]",0.0,2.580536309994504,2.6429703225692007,,,,,,,,,,,,,,,
678.6785539814363,0.007808021736524132,1,EELS,Gold,"[{""position"": 0.0, ""amplitude"": 2.580536309994504, ""fwhm"": 2.6429703225692007}]",0.0,2.580536309994504,2.6429703225692007,,,,,,,,,,,,,,,
679.658036150464,0.005,1,EELS,Gold,"[{""position"": 0.0, ""amplitude"": 2.580536309994504, ""fwhm"": 2.6429703225692007}]",0.0,2.580536309994504,2.6429703225692007,,,,,,,,,,,,,,,
680.6375183194918,0.005,1,EELS,Gold,"[{""position"": 0.0, ""amplitude"": 2.580536309994504, ""fwhm"": 2.6429703225692007}]",0.0,2.580536309994504,2.6429703225692007,,,,,,,,,,,,,,,
681.6170004885197,0.005,1,EELS,Gold,"[{""position"": 0.0, ""amplitude"": 2.580536309994504, ""fwhm"": 2.6429703225692007}]",0.0,2.580536309994504,2.6429703225692007,,,,,,,,,,,,,,,
682.5964826575475,0.006663375311963864,1,EELS,Gold,"[{""position"": 0.0, ""amplitude"": 2.580536309994504, ""fwhm"": 2.6429703225692007}]",0.0,2.580536309994504,2.6429703225692007,,,,,,,,,,,,,,,
683.5759648265754,0.0,1,EELS,Gold,"[{""position"": 0.0, ""amplitude"": 2.580536309994504, ""fwhm"": 2.6429703225692007}]",0.0,2.580536309994504,2.6429703225692007,,,,,,,,,,,,,,,
684.5554469956032,0.014623986113052998,1,EELS,Gold,"[{""position"": 0.0, ""amplitude"": 2.580536309994504, ""fwhm"": 2.6429703225692007}]",0.0,2.580536309994504,2.6429703225692007,,,,,,,,,,,,,,,
685.5349291646311,0.005,1,EELS,Gold,"[{""position"": 0.0, ""amplitude"": 2.580536309994504, ""fwhm"": 2.6429703225692007}]",0.0,2.580536309994504,2.6429703225692007,,,,,,,,,,,,,,,
686.5144113336589,0.00947241792341668,1,EELS,Gold,"[{""position"": 0.0, ""amplitude"": 2.580536309994504, ""fwhm"": 2.6429703225692007}]",0.0,2.580536309994504,2.6429703225692007,,,,,,,,,,,,,,,
687.4938935026868,0.0006420770332213282,1,EELS,Gold,"[{""position"": 0.0, ""amplitude"": 2.580536309994504, ""fwhm"": 2.6429703225692007}]",0.0,2.580536309994504,2.6429703225692007,,,,,,,,,,,,,,,
688.4733756717146,0.005,1,EELS,Gold,"[{""position"": 0.0, ""amplitude"": 2.580536309994504, ""fwhm"": 2.6429703225692007}]",0.0,2.580536309994504,2.6429703225692007,,,,,,,,,,,,,,,
689.4528578407425,0.005,1,EELS,Gold,"[{""position"": 0.0, ""amplitude"": 2.580536309994504, ""fwhm"": 2.6429703225692007}]",0.0,2.580536309994504,2.6429703225692007,,,,,,,,,,,,,,,
690.4323400097703,0.0011254314684644477,1,EELS,Gold,"[{""position"": 0.0, ""amplitude"": 2.580536309994504, ""fwhm"": 2.6429703225692007}]",0.0,2.580536309994504,2.6429703225692007,,,,,,,,,,,,,,,
691.4118221787982,0.005,1,EELS,Gold,"[{""position"": 0.0, ""amplitude"": 2.580536309994504, ""fwhm"": 2.6429703225692007}]",0.0,2.580536309994504,2.6429703225692007,,,,,,,,,,,,,,,
692.391304347826,0.0029398544058859576,1,EELS,Gold,"[{""position"": 0.0, ""amplitude"": 2.580536309994504, ""fwhm"": 2.6429703225692007}]",0.0,2.580536309994504,2.6429703225692007,,,,,,,,,,,,,,,
693.3707865168539,0.010389292893635936,1,EELS,Gold,"[{""position"": 0.0, ""amplitude"": 2.580536309994504, ""fwhm"": 2.6429703225692007}]",0.0,2.580536309994504,2.6429703225692007,,,,,,,,,,,,,,,
694.3502686858817,0.00048178617384790363,1,EELS,Gold,"[{""position"": 0.0, ""amplitude"": 2.580536309994504, ""fwhm"": 2.6429703225692007}]",0.0,2.580536309994504,2.6429703225692007,,,,,,,,,,,,,,,
695.3297508549095,0.0,1,EELS,Gold,"[{""position"": 0.0, ""amplitude"": 2.580536309994504, ""fwhm"": 2.6429703225692007}]",0.0,2.580536309994504,2.6429703225692007,,,,,,,,,,,,,,,
696.3092330239374,0.0,1,EELS,Gold,"[{""position"": 0.0, ""amplitude"": 2.580536309994504, ""fwhm"": 2.6429703225692007}]",0.0,2.580536309994504,2.6429703225692007,,,,,,,,,,,,,,,
697.2887151929652,0.0008863570623332042,1,EELS,Gold,"[{""position"": 0.0, ""amplitude"": 2.580536309994504, ""fwhm"": 2.6429703225692007}]",0.0,2.580536309994504,2.6429703225692007,,,,,,,,,,,,,,,
698.2681973619931,0.005,1,EELS,Gold,"[{""position"": 0.0, ""amplitude"": 2.580536309994504, ""fwhm"": 2.6429703225692007}]",0.0,2.580536309994504,2.6429703225692007,,,,,,,,,,,,,,,
699.2476795310209,0.0,1,EELS,Gold,"[{""position"": 0.0, ""amplitude"": 2.580536309994504, ""fwhm"": 2.6429703225692007}]",0.0,2.580536309994504,2.6429703225692007,,,,,,,,,,,,,,,
700.2271617000488,0.0020076347429477653,1,EELS,Gold,"[{""position"": 0.0, ""amplitude"": 2.580536309994504, ""fwhm"": 2.6429703225692007}]",0.0,2.580536309994504,2.6429703225692007,,,,,,,,,,,,,,,
701.2066438690766,0.005531405588470335,1,EELS,Gold,"[{""position"": 0.0, ""amplitude"": 2.580536309994504, ""fwhm"": 2.6429703225692007}]",0.0,2.580536309994504,2.6429703225692007,,,,,,,,,,,,,,,
702.1861260381045,0.0,1,EELS,Gold,"[{""position"": 0.0, ""amplitude"": 2.580536309994504, ""fwhm"": 2.6429703225692007}]",0.0,2.580536309994504,2.6429703225692007,,,,,,,,,,,,,,,
703.1656082071323,0.005137493425483953,1,EELS,Gold,"[{""position"": 0.0, ""amplitude"": 2.580536309994504, ""fwhm"": 2.6429703225692007}]",0.0,2.580536309994504,2.6429703225692007,,,,,,,,,,,,,,,
704.1450903761602,0.010985658785686723,1,EELS,Gold,"[{""position"": 0.0, ""amplitude"": 2.580536309994504, ""fwhm"": 2.6429703225692007}]",0.0,2.580536309994504,2.6429703225692007,,,,,,,,,,,,,,,
705.124572545188,0.0,1,EELS,Gold,"[{""position"": 0.0, ""amplitude"": 2.580536309994504, ""fwhm"": 2.6429703225692007}]",0.0,2.580536309994504,2.6429703225692007,,,,,,,,,,,,,,,
706.1040547142159,0.005,1,EELS,Gold,"[{""position"": 0.0, ""amplitude"": 2.580536309994504, ""fwhm"": 2.6429703225692007}]",0.0,2.580536309994504,2.6429703225692007,,,,,,,,,,,,,,,
707.0835368832437,0.01559314626292446,1,EELS,Gold,"[{""position"": 0.0, ""amplitude"": 2.580536309994504, ""fwhm"": 2.6429703225692007}]",0.0,2.580536309994504,2.6429703225692007,,,,,,,,,,,,,,,
708.0630190522716,0.005,1,EELS,Gold,"[{""position"": 0.0, ""amplitude"": 2.580536309994504, ""fwhm"": 2.6429703225692007}]",0.0,2.580536309994504,2.6429703225692007,,,,,,,,,,,,,,,
709.0425012212994,0.0061399366467016665,1,EELS,Gold,"[{""position"": 0.0, ""amplitude"": 2.580536309994504, ""fwhm"": 2.6429703225692007}]",0.0,2.580536309994504,2.6429703225692007,,,,,,,,,,,,,,,
710.0219833903273,0.005,1,EELS,Gold,"[{""position"": 0.0, ""amplitude"": 2.580536309994504, ""fwhm"": 2.6429703225692007}]",0.0,2.580536309994504,2.6429703225692007,,,,,,,,,,,,,,,
711.0014655593551,0.0027399358192253757,1,EELS,Gold,"[{""position"": 0.0, ""amplitude"": 2.580536309994504, ""fwhm"": 2.6429703225692007}]",0.0,2.580536309994504,2.6429703225692007,,,,,,,,,,,,,,,
711.980947728383,0.0063046108598695475,1,EELS,Gold,"[{""position"": 0.0, ""amplitude"": 2.580536309994504, ""fwhm"": 2.6429703225692007}]",0.0,2.580536309994504,2.6429703225692007,,,,,,,,,,,,,,,
712.9604298974108,0.020745857687253882,1,EELS,Gold,"[{""position"": 0.0, ""amplitude"": 2.580536309994504, ""fwhm"": 2.6429703225692007}]",0.0,2.580536309994504,2.6429703225692007,,,,,,,,,,,,,,,
713.9399120664386,0.007618951803426009,1,EELS,Gold,"[{""position"": 0.0, ""amplitude"": 2.580536309994504, ""fwhm"": 2.6429703225692007}]",0.0,2.580536309994504,2.6429703225692007,,,,,,,,,,,,,,,
714.9193942354665,0.009378924810691693,1,EELS,Gold,"[{""position"": 0.0, ""amplitude"": 2.580536309994504, ""fwhm"": 2.6429703225692007}]",0.0,2.580536309994504,2.6429703225692007,,,,,,,,,,,,,,,
715.8988764044943,0.00769986017544734,1,EELS,Gold,"[{""position"": 0.0, ""amplitude"": 2.580536309994504, ""fwhm"": 2.6429703225692007}]",0.0,2.580536309994504,2.6429703225692007,,,,,,,,,,,,,,,
716.8783585735222,0.0,1,EELS,Gold,"[{""position"": 0.0, ""amplitude"": 2.580536309994504, ""fwhm"": 2.6429703225692007}]",0.0,2.580536309994504,2.6429703225692007,,,,,,,,,,,,,,,
717.85784074255,0.01,1,EELS,Gold,"[{""position"": 0.0, ""amplitude"": 2.580536309994504, ""fwhm"": 2.6429703225692007}]",0.0,2.580536309994504,2.6429703225692007,,,,,,,,,,,,,,,
718.8373229115779,0.015,1,EELS,Gold,"[{""position"": 0.0, ""amplitude"": 2.580536309994504, ""fwhm"": 2.6429703225692007}]",0.0,2.580536309994504,2.6429703225692007,,,,,,,,,,,,,,,
719.8168050806057,0.005150393330906169,1,EELS,Gold,"[{""position"": 0.0, ""amplitude"": 2.580536309994504, ""fwhm"": 2.6429703225692007}]",0.0,2.580536309994504,2.6429703225692007,,,,,,,,,,,,,,,
720.7962872496336,0.006417401083957492,1,EELS,Gold,"[{""position"": 0.0, ""amplitude"": 2.580536309994504, ""fwhm"": 2.6429703225692007}]",0.0,2.580536309994504,2.6429703225692007,,,,,,,,,,,,,,,
721.7757694186614,0.01,1,EELS,Gold,"[{""position"": 0.0, ""amplitude"": 2.580536309994504, ""fwhm"": 2.6429703225692007}]",0.0,2.580536309994504,2.6429703225692007,,,,,,,,,,,,,,,
722.7552515876893,0.000563589577099554,1,EELS,Gold,"[{""position"": 0.0, ""amplitude"": 2.580536309994504, ""fwhm"": 2.6429703225692007}]",0.0,2.580536309994504,2.6429703225692007,,,,,,,,,,,,,,,
723.7347337567171,0.005,1,EELS,Gold,"[{""position"": 0.0, ""amplitude"": 2.580536309994504, ""fwhm"": 2.6429703225692007}]",0.0,2.580536309994504,2.6429703225692007,,,,,,,,,,,,,,,
724.714215925745,0.005,1,EELS,Gold,"[{""position"": 0.0, ""amplitude"": 2.580536309994504, ""fwhm"": 2.6429703225692007}]",0.0,2.580536309994504,2.6429703225692007,,,,,,,,,,,,,,,
725.6936980947728,0.0,1,EELS,Gold,"[{""position"": 0.0, ""amplitude"": 2.580536309994504, ""fwhm"": 2.6429703225692007}]",0.0,2.580536309994504,2.6429703225692007,,,,,,,,,,,,,,,
726.6731802638006,0.015,1,EELS,Gold,"[{""position"": 0.0, ""amplitude"": 2.580536309994504, ""fwhm"": 2.6429703225692007}]",0.0,2.580536309994504,2.6429703225692007,,,,,,,,,,,,,,,
727.6526624328285,0.01,1,EELS,Gold,"[{""position"": 0.0, ""amplitude"": 2.580536309994504, ""fwhm"": 2.6429703225692007}]",0.0,2.580536309994504,2.6429703225692007,,,,,,,,,,,,,,,
728.6321446018563,0.01,1,EELS,Gold,"[{""position"": 0.0, ""amplitude"": 2.580536309994504, ""fwhm"": 2.6429703225692007}]",0.0,2.580536309994504,2.6429703225692007,,,,,,,,,,,,,,,
729.6116267708842,0.0027962498281701104,1,EELS,Gold,"[{""position"": 0.0, ""amplitude"": 2.580536309994504, ""fwhm"": 2.6429703225692007}]",0.0,2.580536309994504,2.6429703225692007,,,,,,,,,,,,,,,
730.591108939912,0.005,1,EELS,Gold,"[{""position"": 0.0, ""amplitude"": 2.580536309994504, ""fwhm"": 2.6429703225692007}]",0.0,2.580536309994504,2.6429703225692007,,,,,,,,,,,,,,,
731.5705911089399,0.011865944068101132,1,EELS,Gold,"[{""position"": 0.0, ""amplitude"": 2.580536309994504, ""fwhm"": 2.6429703225692007}]",0.0,2.580536309994504,2.6429703225692007,,,,,,,,,,,,,,,
732.5500732779677,0.01135067895477125,1,EELS,Gold,"[{""position"": 0.0, ""amplitude"": 2.580536309994504, ""fwhm"": 2.6429703225692007}]",0.0,2.580536309994504,2.6429703225692007,,,,,,,,,,,,,,,
733.5295554469956,0.0005550427287991835,1,EELS,Gold,"[{""position"": 0.0, ""amplitude"": 2.580536309994504, ""fwhm"": 2.6429703225692007}]",0.0,2.580536309994504,2.6429703225692007,,,,,,,,,,,,,,,
734.5090376160234,0.0,1,EELS,Gold,"[{""position"": 0.0, ""amplitude"": 2.580536309994504, ""fwhm"": 2.6429703225692007}]",0.0,2.580536309994504,2.6429703225692007,,,,,,,,,,,,,,,
735.4885197850513,0.011883441689392784,1,EELS,Gold,"[{""position"": 0.0, ""amplitude"": 2.580536309994504, ""fwhm"": 2.6429703225692007}]",0.0,2.580536309994504,2.6429703225692007,,,,,,,,,,,,,,,
736.4680019540791,0.005,1,EELS,Gold,"[{""position"": 0.0, ""amplitude"": 2.580536309994504, ""fwhm"": 2.6429703225692007}]",0.0,2.580536309994504,2.6429703225692007,,,,,,,,,,,,,,,
737.447484123107,0.010391876012533,1,EELS,Gold,"[{""position"": 0.0, ""amplitude"": 2.580536309994504, ""fwhm"": 2.6429703225692007}]",0.0,2.580536309994504,2.6429703225692007,,,,,,,,,,,,,,,
738.4269662921348,0.011677455505361674,1,EELS,Gold,"[{""position"": 0.0, ""amplitude"": 2.580536309994504, ""fwhm"": 2.6429703225692007}]",0.0,2.580536309994504,2.6429703225692007,,,,,,,,,,,,,,,
739.4064484611627,0.0,1,EELS,Gold,"[{""position"": 0.0, ""amplitude"": 2.580536309994504, ""fwhm"": 2.6429703225692007}]",0.0,2.580536309994504,2.6429703225692007,,,,,,,,,,,,,,,
740.3859306301905,0.003039521111755182,1,EELS,Gold,"[{""position"": 0.0, ""amplitude"": 2.580536309994504, ""fwhm"": 2.6429703225692007}]",0.0,2.580536309994504,2.6429703225692007,,,,,,,,,,,,,,,
741.3654127992183,0.0,1,EELS,Gold,"[{""position"": 0.0, ""amplitude"": 2.580536309994504, ""fwhm"": 2.6429703225692007}]",0.0,2.580536309994504,2.6429703225692007,,,,,,,,,,,,,,,
742.3448949682462,0.005,1,EELS,Gold,"[{""position"": 0.0, ""amplitude"": 2.580536309994504, ""fwhm"": 2.6429703225692007}]",0.0,2.580536309994504,2.6429703225692007,,,,,,,,,,,,,,,
743.324377137274,0.009641121367600057,1,EELS,Gold,"[{""position"": 0.0, ""amplitude"": 2.580536309994504, ""fwhm"": 2.6429703225692007}]",0.0,2.580536309994504,2.6429703225692007,,,,,,,,,,,,,,,
744.3038593063019,0.0,1,EELS,Gold,"[{""position"": 0.0, ""amplitude"": 2.580536309994504, ""fwhm"": 2.6429703225692007}]",0.0,2.580536309994504,2.6429703225692007,,,,,,,,,,,,,,,
745.2833414753297,0.014747961735756347,1,EELS,Gold,"[{""position"": 0.0, ""amplitude"": 2.580536309994504, ""fwhm"": 2.6429703225692007}]",0.0,2.580536309994504,2.6429703225692007,,,,,,,,,,,,,,,
746.2628236443576,0.011899558151453183,1,EELS,Gold,"[{""position"": 0.0, ""amplitude"": 2.580536309994504, ""fwhm"": 2.6429703225692007}]",0.0,2.580536309994504,2.6429703225692007,,,,,,,,,,,,,,,
747.2423058133854,0.005,1,EELS,Gold,"[{""position"": 0.0, ""amplitude"": 2.580536309994504, ""fwhm"": 2.6429703225692007}]",0.0,2.580536309994504,2.6429703225692007,,,,,,,,,,,,,,,
748.2217879824133,0.0017047853950992295,1,EELS,Gold,"[{""position"": 0.0, ""amplitude"": 2.580536309994504, ""fwhm"": 2.6429703225692007}]",0.0,2.580536309994504,2.6429703225692007,,,,,,,,,,,,,,,
749.2012701514411,0.007581499257842303,1,EELS,Gold,"[{""position"": 0.0, ""amplitude"": 2.580536309994504, ""fwhm"": 2.6429703225692007}]",0.0,2.580536309994504,2.6429703225692007,,,,,,,,,,,,,,,
750.180752320469,0.011676953406547825,1,EELS,Gold,"[{""position"": 0.0, ""amplitude"": 2.580536309994504, ""fwhm"": 2.6429703225692007}]",0.0,2.580536309994504,2.6429703225692007,,,,,,,,,,,,,,,
751.1602344894968,0.005,1,EELS,Gold,"[{""position"": 0.0, ""amplitude"": 2.580536309994504, ""fwhm"": 2.6429703225692007}]",0.0,2.580536309994504,2.6429703225692007,,,,,,,,,,,,,,,
752.1397166585247,0.005,1,EELS,Gold,"[{""position"": 0.0, ""amplitude"": 2.580536309994504, ""fwhm"": 2.6429703225692007}]",0.0,2.580536309994504,2.6429703225692007,,,,,,,,,,,,,,,
753.1191988275525,0.015,1,EELS,Gold,"[{""position"": 0.0, ""amplitude"": 2.580536309994504, ""fwhm"": 2.6429703225692007}]",0.0,2.580536309994504,2.6429703225692007,,,,,,,,,,,,,,,
754.0986809965804,0.005,1,EELS,Gold,"[{""position"": 0.0, ""amplitude"": 2.580536309994504, ""fwhm"": 2.6429703225692007}]",0.0,2.580536309994504,2.6429703225692007,,,,,,,,,,,,,,,
755.0781631656082,0.0016727934310269595,1,EELS,Gold,"[{""position"": 0.0, ""amplitude"": 2.580536309994504, ""fwhm"": 2.6429703225692007}]",0.0,2.580536309994504,2.6429703225692007,,,,,,,,,,,,,,,
756.057645334636,0.0005304832269045381,1,EELS,Gold,"[{""position"": 0.0, ""amplitude"": 2.580536309994504, ""fwhm"": 2.6429703225692007}]",0.0,2.580536309994504,2.6429703225692007,,,,,,,,,,,,,,,
757.0371275036639,0.0,1,EELS,Gold,"[{""position"": 0.0, ""amplitude"": 2.580536309994504, ""fwhm"": 2.6429703225692007}]",0.0,2.580536309994504,2.6429703225692007,,,,,,,,,,,,,,,
758.0166096726917,0.01105209405148634,1,EELS,Gold,"[{""position"": 0.0, ""amplitude"": 2.580536309994504, ""fwhm"": 2.6429703225692007}]",0.0,2.580536309994504,2.6429703225692007,,,,,,,,,,,,,,,
758.9960918417196,0.0016458515788370055,1,EELS,Gold,"[{""position"": 0.0, ""amplitude"": 2.580536309994504, ""fwhm"": 2.6429703225692007}]",0.0,2.580536309994504,2.6429703225692007,,,,,,,,,,,,,,,
759.9755740107474,0.006514662139904233,1,EELS,Gold,"[{""position"": 0.0, ""amplitude"": 2.580536309994504, ""fwhm"": 2.6429703225692007}]",0.0,2.580536309994504,2.6429703225692007,,,,,,,,,,,,,,,
760.9550561797753,0.01285765805718592,1,EELS,Gold,"[{""position"": 0.0, ""amplitude"": 2.580536309994504, ""fwhm"": 2.6429703225692007}]",0.0,2.580536309994504,2.6429703225692007,,,,,,,,,,,,,,,
761.9345383488031,0.0022209808099981224,1,EELS,Gold,"[{""position"": 0.0, ""amplitude"": 2.580536309994504, ""fwhm"": 2.6429703225692007}]",0.0,2.580536309994504,2.6429703225692007,,,,,,,,,,,,,,,
762.914020517831,0.0012545952297527466,1,EELS,Gold,"[{""position"": 0.0, ""amplitude"": 2.580536309994504, ""fwhm"": 2.6429703225692007}]",0.0,2.580536309994504,2.6429703225692007,,,,,,,,,,,,,,,
763.8935026868588,0.015,1,EELS,Gold,"[{""position"": 0.0, ""amplitude"": 2.580536309994504, ""fwhm"": 2.6429703225692007}]",0.0,2.580536309994504,2.6429703225692007,,,,,,,,,,,,,,,
764.8729848558867,0.005,1,EELS,Gold,"[{""position"": 0.0, ""amplitude"": 2.580536309994504, ""fwhm"": 2.6429703225692007}]",0.0,2.580536309994504,2.6429703225692007,,,,,,,,,,,,,,,
765.8524670249145,0.006177725401699353,1,EELS,Gold,"[{""position"": 0.0, ""amplitude"": 2.580536309994504, ""fwhm"": 2.6429703225692007}]",0.0,2.580536309994504,2.6429703225692007,,,,,,,,,,,,,,,
766.8319491939424,0.0006053283211870064,1,EELS,Gold,"[{""position"": 0.0, ""amplitude"": 2.580536309994504, ""fwhm"": 2.6429703225692007}]",0.0,2.580536309994504,2.6429703225692007,,,,,,,,,,,,,,,
767.8114313629702,0.00576984146796503,1,EELS,Gold,"[{""position"": 0.0, ""amplitude"": 2.580536309994504, ""fwhm"": 2.6429703225692007}]",0.0,2.580536309994504,2.6429703225692007,,,,,,,,,,,,,,,
768.7909135319981,0.0,1,EELS,Gold,"[{""position"": 0.0, ""amplitude"": 2.580536309994504, ""fwhm"": 2.6429703225692007}]",0.0,2.580536309994504,2.6429703225692007,,,,,,,,,,,,,,,
769.7703957010259,0.0,1,EELS,Gold,"[{""position"": 0.0, ""amplitude"": 2.580536309994504, ""fwhm"": 2.6429703225692007}]",0.0,2.580536309994504,2.6429703225692007,,,,,,,,,,,,,,,
770.7498778700536,0.0177842799018737,1,EELS,Gold,"[{""position"": 0.0, ""amplitude"": 2.580536309994504, ""fwhm"": 2.6429703225692007}]",0.0,2.580536309994504,2.6429703225692007,,,,,,,,,,,,,,,
771.7293600390815,0.005,1,EELS,Gold,"[{""position"": 0.0, ""amplitude"": 2.580536309994504, ""fwhm"": 2.6429703225692007}]",0.0,2.580536309994504,2.6429703225692007,,,,,,,,,,,,,,,
772.7088422081093,0.00682567655772093,1,EELS,Gold,"[{""position"": 0.0, ""amplitude"": 2.580536309994504, ""fwhm"": 2.6429703225692007}]",0.0,2.580536309994504,2.6429703225692007,,,,,,,,,,,,,,,
773.6883243771372,0.005141435203779822,1,EELS,Gold,"[{""position"": 0.0, ""amplitude"": 2.580536309994504, ""fwhm"": 2.6429703225692007}]",0.0,2.580536309994504,2.6429703225692007,,,,,,,,,,,,,,,
774.667806546165,0.00014494348878156543,1,EELS,Gold,"[{""position"": 0.0, ""amplitude"": 2.580536309994504, ""fwhm"": 2.6429703225692007}]",0.0,2.580536309994504,2.6429703225692007,,,,,,,,,,,,,,,
775.6472887151929,0.00248712152314096,1,EELS,Gold,"[{""position"": 0.0, ""amplitude"": 2.580536309994504, ""fwhm"": 2.6429703225692007}]",0.0,2.580536309994504,2.6429703225692007,,,,,,,,,,,,,,,
776.6267708842207,0.0,1,EELS,Gold,"[{""position"": 0.0, ""amplitude"": 2.580536309994504, ""fwhm"": 2.6429703225692007}]",0.0,2.580536309994504,2.6429703225692007,,,,,,,,,,,,,,,
777.6062530532486,0.00031546011854278685,1,EELS,Gold,"[{""position"": 0.0, ""amplitude"": 2.580536309994504, ""fwhm"": 2.6429703225692007}]",0.0,2.580536309994504,2.6429703225692007,,,,,,,,,,,,,,,
778.5857352222764,0.0,1,EELS,Gold,"[{""position"": 0.0, ""amplitude"": 2.580536309994504, ""fwhm"": 2.6429703225692007}]",0.0,2.580536309994504,2.6429703225692007,,,,,,,,,,,,,,,
779.5652173913043,0.01,1,EELS,Gold,"[{""position"": 0.0, ""amplitude"": 2.580536309994504, ""fwhm"": 2.6429703225692007}]",0.0,2.580536309994504,2.6429703225692007,,,,,,,,,,,,,,,
780.5446995603321,0.02,1,EELS,Gold,"[{""position"": 0.0, ""amplitude"": 2.580536309994504, ""fwhm"": 2.6429703225692007}]",0.0,2.580536309994504,2.6429703225692007,,,,,,,,,,,,,,,
781.52418172936,0.0006395908553750428,1,EELS,Gold,"[{""position"": 0.0, ""amplitude"": 2.580536309994504, ""fwhm"": 2.6429703225692007}]",0.0,2.580536309994504,2.6429703225692007,,,,,,,,,,,,,,,
782.5036638983878,0.005,1,EELS,Gold,"[{""position"": 0.0, ""amplitude"": 2.580536309994504, ""fwhm"": 2.6429703225692007}]",0.0,2.580536309994504,2.6429703225692007,,,,,,,,,,,,,,,
783.4831460674156,0.008304116954479255,1,EELS,Gold,"[{""position"": 0.0, ""amplitude"": 2.580536309994504, ""fwhm"": 2.6429703225692007}]",0.0,2.580536309994504,2.6429703225692007,,,,,,,,,,,,,,,
784.4626282364435,0.0,1,EELS,Gold,"[{""position"": 0.0, ""amplitude"": 2.580536309994504, ""fwhm"": 2.6429703225692007}]",0.0,2.580536309994504,2.6429703225692007,,,,,,,,,,,,,,,
785.4421104054713,0.005,1,EELS,Gold,"[{""position"": 0.0, ""amplitude"": 2.580536309994504, ""fwhm"": 2.6429703225692007}]",0.0,2.580536309994504,2.6429703225692007,,,,,,,,,,,,,,,
786.4215925744992,0.01,1,EELS,Gold,"[{""position"": 0.0, ""amplitude"": 2.580536309994504, ""fwhm"": 2.6429703225692007}]",0.0,2.580536309994504,2.6429703225692007,,,,,,,,,,,,,,,
787.401074743527,0.013796406601459001,1,EELS,Gold,"[{""position"": 0.0, ""amplitude"": 2.580536309994504, ""fwhm"": 2.6429703225692007}]",0.0,2.580536309994504,2.6429703225692007,,,,,,,,,,,,,,,
788.3805569125549,0.010572377186028088,1,EELS,Gold,"[{""position"": 0.0, ""amplitude"": 2.580536309994504, ""fwhm"": 2.6429703225692007}]",0.0,2.580536309994504,2.6429703225692007,,,,,,,,,,,,,,,
789.3600390815827,0.0027257543606214393,1,EELS,Gold,"[{""position"": 0.0, ""amplitude"": 2.580536309994504, ""fwhm"": 2.6429703225692007}]",0.0,2.580536309994504,2.6429703225692007,,,,,,,,,,,,,,,
790.3395212506106,0.0,1,EELS,Gold,"[{""position"": 0.0, ""amplitude"": 2.580536309994504, ""fwhm"": 2.6429703225692007}]",0.0,2.580536309994504,2.6429703225692007,,,,,,,,,,,,,,,
791.3190034196384,0.005753608455882141,1,EELS,Gold,"[{""position"": 0.0, ""amplitude"": 2.580536309994504, ""fwhm"": 2.6429703225692007}]",0.0,2.580536309994504,2.6429703225692007,,,,,,,,,,,,,,,
792.2984855886663,0.007358580710837569,1,EELS,Gold,"[{""position"": 0.0, ""amplitude"": 2.580536309994504, ""fwhm"": 2.6429703225692007}]",0.0,2.580536309994504,2.6429703225692007,,,,,,,,,,,,,,,
793.2779677576941,0.0002769017406452617,1,EELS,Gold,"[{""position"": 0.0, ""amplitude"": 2.580536309994504, ""fwhm"": 2.6429703225692007}]",0.0,2.580536309994504,2.6429703225692007,,,,,,,,,,,,,,,
794.257449926722,0.007811619924954274,1,EELS,Gold,"[{""position"": 0.0, ""amplitude"": 2.580536309994504, ""fwhm"": 2.6429703225692007}]",0.0,2.580536309994504,2.6429703225692007,,,,,,,,,,,,,,,
795.2369320957498,0.005,1,EELS,Gold,"[{""position"": 0.0, ""amplitude"": 2.580536309994504, ""fwhm"": 2.6429703225692007}]",0.0,2.580536309994504,2.6429703225692007,,,,,,,,,,,,,,,
796.2164142647777,0.008697848588399684,1,EELS,Gold,"[{""position"": 0.0, ""amplitude"": 2.580536309994504, ""fwhm"": 2.6429703225692007}]",0.0,2.580536309994504,2.6429703225692007,,,,,,,,,,,,,,,
797.1958964338055,0.005991132307781893,1,EELS,Gold,"[{""position"": 0.0, ""amplitude"": 2.580536309994504, ""fwhm"": 2.6429703225692007}]",0.0,2.580536309994504,2.6429703225692007,,,,,,,,,,,,,,,
798.1753786028333,0.0,1,EELS,Gold,"[{""position"": 0.0, ""amplitude"": 2.580536309994504, ""fwhm"": 2.6429703225692007}]",0.0,2.580536309994504,2.6429703225692007,,,,,,,,,,,,,,,
799.1548607718612,0.005,1,EELS,Gold,"[{""position"": 0.0, ""amplitude"": 2.580536309994504, ""fwhm"": 2.6429703225692007}]",0.0,2.580536309994504,2.6429703225692007,,,,,,,,,,,,,,,
800.134342940889,0.003810734623650467,1,EELS,Gold,"[{""position"": 0.0, ""amplitude"": 2.580536309994504, ""fwhm"": 2.6429703225692007}]",0.0,2.580536309994504,2.6429703225692007,,,,,,,,,,,,,,,
801.1138251099169,0.014135913206282026,1,EELS,Gold,"[{""position"": 0.0, ""amplitude"": 2.580536309994504, ""fwhm"": 2.6429703225692007}]",0.0,2.580536309994504,2.6429703225692007,,,,,,,,,,,,,,,
802.0933072789447,0.005,1,EELS,Gold,"[{""position"": 0.0, ""amplitude"": 2.580536309994504, ""fwhm"": 2.6429703225692007}]",0.0,2.580536309994504,2.6429703225692007,,,,,,,,,,,,,,,
803.0727894479726,0.0,1,EELS,Gold,"[{""position"": 0.0, ""amplitude"": 2.580536309994504, ""fwhm"": 2.6429703225692007}]",0.0,2.580536309994504,2.6429703225692007,,,,,,,,,,,,,,,
804.0522716170004,0.0,1,EELS,Gold,"[{""position"": 0.0, ""amplitude"": 2.580536309994504, ""fwhm"": 2.6429703225692007}]",0.0,2.580536309994504,2.6429703225692007,,,,,,,,,,,,,,,
805.0317537860283,0.015,1,EELS,Gold,"[{""position"": 0.0, ""amplitude"": 2.580536309994504, ""fwhm"": 2.6429703225692007}]",0.0,2.580536309994504,2.6429703225692007,,,,,,,,,,,,,,,
806.0112359550561,0.005,1,EELS,Gold,"[{""position"": 0.0, ""amplitude"": 2.580536309994504, ""fwhm"": 2.6429703225692007}]",0.0,2.580536309994504,2.6429703225692007,,,,,,,,,,,,,,,
806.990718124084,0.005,1,EELS,Gold,"[{""position"": 0.0, ""amplitude"": 2.580536309994504, ""fwhm"": 2.6429703225692007}]",0.0,2.580536309994504,2.6429703225692007,,,,,,,,,,,,,,,
807.9702002931118,0.0,1,EELS,Gold,"[{""position"": 0.0, ""amplitude"": 2.580536309994504, ""fwhm"": 2.6429703225692007}]",0.0,2.580536309994504,2.6429703225692007,,,,,,,,,,,,,,,
808.9496824621397,0.01,1,EELS,Gold,"[{""position"": 0.0, ""amplitude"": 2.580536309994504, ""fwhm"": 2.6429703225692007}]",0.0,2.580536309994504,2.6429703225692007,,,,,,,,,,,,,,,
809.9291646311675,0.005665912566899345,1,EELS,Gold,"[{""position"": 0.0, ""amplitude"": 2.580536309994504, ""fwhm"": 2.6429703225692007}]",0.0,2.580536309994504,2.6429703225692007,,,,,,,,,,,,,,,
810.9086468001954,0.004059424462532075,1,EELS,Gold,"[{""position"": 0.0, ""amplitude"": 2.580536309994504, ""fwhm"": 2.6429703225692007}]",0.0,2.580536309994504,2.6429703225692007,,,,,,,,,,,,,,,
811.8881289692232,0.0,1,EELS,Gold,"[{""position"": 0.0, ""amplitude"": 2.580536309994504, ""fwhm"": 2.6429703225692007}]",0.0,2.580536309994504,2.6429703225692007,,,,,,,,,,,,,,,
812.867611138251,0.012599403917183227,1,EELS,Gold,"[{""position"": 0.0, ""amplitude"": 2.580536309994504, ""fwhm"": 2.6429703225692007}]",0.0,2.580536309994504,2.6429703225692007,,,,,,,,,,,,,,,
813.8470933072789,0.005,1,EELS,Gold,"[{""position"": 0.0, ""amplitude"": 2.580536309994504, ""fwhm"": 2.6429703225692007}]",0.0,2.580536309994504,2.6429703225692007,,,,,,,,,,,,,,,
814.8265754763067,0.005,1,EELS,Gold,"[{""position"": 0.0, ""amplitude"": 2.580536309994504, ""fwhm"": 2.6429703225692007}]",0.0,2.580536309994504,2.6429703225692007,,,,,,,,,,,,,,,
815.8060576453346,0.011801005769821415,1,EELS,Gold,"[{""position"": 0.0, ""amplitude"": 2.580536309994504, ""fwhm"": 2.6429703225692007}]",0.0,2.580536309994504,2.6429703225692007,,,,,,,,,,,,,,,
816.7855398143624,0.0,1,EELS,Gold,"[{""position"": 0.0, ""amplitude"": 2.580536309994504, ""fwhm"": 2.6429703225692007}]",0.0,2.580536309994504,2.6429703225692007,,,,,,,,,,,,,,,
817.7650219833903,0.011046826986358624,1,EELS,Gold,"[{""position"": 0.0, ""amplitude"": 2.580536309994504, ""fwhm"": 2.6429703225692007}]",0.0,2.580536309994504,2.6429703225692007,,,,,,,,,,,,,,,
818.7445041524181,0.000489901966577089,1,EELS,Gold,"[{""position"": 0.0, ""amplitude"": 2.580536309994504, ""fwhm"": 2.6429703225692007}]",0.0,2.580536309994504,2.6429703225692007,,,,,,,,,,,,,,,
819.723986321446,0.0013302555984301312,1,EELS,Gold,"[{""position"": 0.0, ""amplitude"": 2.580536309994504, ""fwhm"": 2.6429703225692007}]",0.0,2.580536309994504,2.6429703225692007,,,,,,,,,,,,,,,
820.7034684904738,0.005806010956972045,1,EELS,Gold,"[{""position"": 0.0, ""amplitude"": 2.580536309994504, ""fwhm"": 2.6429703225692007}]",0.0,2.580536309994504,2.6429703225692007,,,,,,,,,,,,,,,
821.6829506595017,0.01639061367904434,1,EELS,Gold,"[{""position"": 0.0, ""amplitude"": 2.580536309994504, ""fwhm"": 2.6429703225692007}]",0.0,2.580536309994504,2.6429703225692007,,,,,,,,,,,,,,,
822.6624328285295,0.0,1,EELS,Gold,"[{""position"": 0.0, ""amplitude"": 2.580536309994504, ""fwhm"": 2.6429703225692007}]",0.0,2.580536309994504,2.6429703225692007,,,,,,,,,,,,,,,
823.6419149975574,0.005,1,EELS,Gold,"[{""position"": 0.0, ""amplitude"": 2.580536309994504, ""fwhm"": 2.6429703225692007}]",0.0,2.580536309994504,2.6429703225692007,,,,,,,,,,,,,,,
824.6213971665852,0.005,1,EELS,Gold,"[{""position"": 0.0, ""amplitude"": 2.580536309994504, ""fwhm"": 2.6429703225692007}]",0.0,2.580536309994504,2.6429703225692007,,,,,,,,,,,,,,,
825.6008793356131,0.005,1,EELS,Gold,"[{""position"": 0.0, ""amplitude"": 2.580536309994504, ""fwhm"": 2.6429703225692007}]",0.0,2.580536309994504,2.6429703225692007,,,,,,,,,,,,,,,
826.5803615046409,0.005,1,EELS,Gold,"[{""position"": 0.0, ""amplitude"": 2.580536309994504, ""fwhm"": 2.6429703225692007}]",0.0,2.580536309994504,2.6429703225692007,,,,,,,,,,,,,,,
827.5598436736688,0.0031250554136205023,1,EELS,Gold,"[{""position"": 0.0, ""amplitude"": 2.580536309994504, ""fwhm"": 2.6429703225692007}]",0.0,2.580536309994504,2.6429703225692007,,,,,,,,,,,,,,,
828.5393258426966,0.02372174654568265,1,EELS,Gold,"[{""position"": 0.0, ""amplitude"": 2.580536309994504, ""fwhm"": 2.6429703225692007}]",0.0,2.580536309994504,2.6429703225692007,,,,,,,,,,,,,,,
829.5188080117244,0.005,1,EELS,Gold,"[{""position"": 0.0, ""amplitude"": 2.580536309994504, ""fwhm"": 2.6429703225692007}]",0.0,2.580536309994504,2.6429703225692007,,,,,,,,,,,,,,,
830.4982901807523,0.005,1,EELS,Gold,"[{""position"": 0.0, ""amplitude"": 2.580536309994504, ""fwhm"": 2.6429703225692007}]",0.0,2.580536309994504,2.6429703225692007,,,,,,,,,,,,,,,
831.4777723497801,0.0012744032856673434,1,EELS,Gold,"[{""position"": 0.0, ""amplitude"": 2.580536309994504, ""fwhm"": 2.6429703225692007}]",0.0,2.580536309994504,2.6429703225692007,,,,,,,,,,,,,,,
832.457254518808,0.0,1,EELS,Gold,"[{""position"": 0.0, ""amplitude"": 2.580536309994504, ""fwhm"": 2.6429703225692007}]",0.0,2.580536309994504,2.6429703225692007,,,,,,,,,,,,,,,
833.4367366878358,0.006690567487089028,1,EELS,Gold,"[{""position"": 0.0, ""amplitude"": 2.580536309994504, ""fwhm"": 2.6429703225692007}]",0.0,2.580536309994504,2.6429703225692007,,,,,,,,,,,,,,,
834.4162188568637,0.005581786442000454,1,EELS,Gold,"[{""position"": 0.0, ""amplitude"": 2.580536309994504, ""fwhm"": 2.6429703225692007}]",0.0,2.580536309994504,2.6429703225692007,,,,,,,,,,,,,,,
835.3957010258915,0.0,1,EELS,Gold,"[{""position"": 0.0, ""amplitude"": 2.580536309994504, ""fwhm"": 2.6429703225692007}]",0.0,2.580536309994504,2.6429703225692007,,,,,,,,,,,,,,,
836.3751831949194,0.009048147075724013,1,EELS,Gold,"[{""position"": 0.0, ""amplitude"": 2.580536309994504, ""fwhm"": 2.6429703225692007}]",0.0,2.580536309994504,2.6429703225692007,,,,,,,,,,,,,,,
837.3546653639472,0.014688377359588303,1,EELS,Gold,"[{""position"": 0.0, ""amplitude"": 2.580536309994504, ""fwhm"": 2.6429703225692007}]",0.0,2.580536309994504,2.6429703225692007,,,,,,,,,,,,,,,
838.3341475329751,0.01,1,EELS,Gold,"[{""position"": 0.0, ""amplitude"": 2.580536309994504, ""fwhm"": 2.6429703225692007}]",0.0,2.580536309994504,2.6429703225692007,,,,,,,,,,,,,,,
839.3136297020029,0.01,1,EELS,Gold,"[{""position"": 0.0, ""amplitude"": 2.580536309994504, ""fwhm"": 2.6429703225692007}]",0.0,2.580536309994504,2.6429703225692007,,,,,,,,,,,,,,,
840.2931118710308,0.0007948750812059235,1,EELS,Gold,"[{""position"": 0.0, ""amplitude"": 2.580536309994504, ""fwhm"": 2.6429703225692007}]",0.0,2.580536309994504,2.6429703225692007,,,,,,,,,,,,,,,
841.2725940400586,0.0009200306100411535,1,EELS,Gold,"[{""position"": 0.0, ""amplitude"": 2.580536309994504, ""fwhm"": 2.6429703225692007}]",0.0,2.580536309994504,2.6429703225692007,,,,,,,,,,,,,,,
842.2520762090865,0.001755473483049178,1,EELS,Gold,"[{""position"": 0.0, ""amplitude"": 2.580536309994504, ""fwhm"": 2.6429703225692007}]",0.0,2.580536309994504,2.6429703225692007,,,,,,,,,,,,,,,
843.2315583781143,0.01024021514567771,1,EELS,Gold,"[{""position"": 0.0, ""amplitude"": 2.580536309994504, ""fwhm"": 2.6429703225692007}]",0.0,2.580536309994504,2.6429703225692007,,,,,,,,,,,,,,,
844.2110405471421,0.0,1,EELS,Gold,"[{""position"": 0.0, ""amplitude"": 2.580536309994504, ""fwhm"": 2.6429703225692007}]",0.0,2.580536309994504,2.6429703225692007,,,,,,,,,,,,,,,
845.19052271617,0.015,1,EELS,Gold,"[{""position"": 0.0, ""amplitude"": 2.580536309994504, ""fwhm"": 2.6429703225692007}]",0.0,2.580536309994504,2.6429703225692007,,,,,,,,,,,,,,,
846.1700048851978,0.0,1,EELS,Gold,"[{""position"": 0.0, ""amplitude"": 2.580536309994504, ""fwhm"": 2.6429703225692007}]",0.0,2.580536309994504,2.6429703225692007,,,,,,,,,,,,,,,
847.1494870542257,0.005,1,EELS,Gold,"[{""position"": 0.0, ""amplitude"": 2.580536309994504, ""fwhm"": 2.6429703225692007}]",0.0,2.580536309994504,2.6429703225692007,,,,,,,,,,,,,,,
848.1289692232535,0.01,1,EELS,Gold,"[{""position"": 0.0, ""amplitude"": 2.580536309994504, ""fwhm"": 2.6429703225692007}]",0.0,2.580536309994504,2.6429703225692007,,,,,,,,,,,,,,,
849.1084513922814,0.009683514374360946,1,EELS,Gold,"[{""position"": 0.0, ""amplitude"": 2.580536309994504, ""fwhm"": 2.6429703225692007}]",0.0,2.580536309994504,2.6429703225692007,,,,,,,,,,,,,,,
850.0879335613092,0.01,1,EELS,Gold,"[{""position"": 0.0, ""amplitude"": 2.580536309994504, ""fwhm"": 2.6429703225692007}]",0.0,2.580536309994504,2.6429703225692007,,,,,,,,,,,,,,,
851.0674157303371,0.005633505572021109,1,EELS,Gold,"[{""position"": 0.0, ""amplitude"": 2.580536309994504, ""fwhm"": 2.6429703225692007}]",0.0,2.580536309994504,2.6429703225692007,,,,,,,,,,,,,,,
852.0468978993649,0.00501407524198913,1,EELS,Gold,"[{""position"": 0.0, ""amplitude"": 2.580536309994504, ""fwhm"": 2.6429703225692007}]",0.0,2.580536309994504,2.6429703225692007,,,,,,,,,,,,,,,
853.0263800683928,0.01312022818859336,1,EELS,Gold,"[{""position"": 0.0, ""amplitude"": 2.580536309994504, ""fwhm"": 2.6429703225692007}]",0.0,2.580536309994504,2.6429703225692007,,,,,,,,,,,,,,,
854.0058622374206,0.02157114760586049,1,EELS,Gold,"[{""position"": 0.0, ""amplitude"": 2.580536309994504, ""fwhm"": 2.6429703225692007}]",0.0,2.580536309994504,2.6429703225692007,,,,,,,,,,,,,,,
854.9853444064485,0.005,1,EELS,Gold,"[{""position"": 0.0, ""amplitude"": 2.580536309994504, ""fwhm"": 2.6429703225692007}]",0.0,2.580536309994504,2.6429703225692007,,,,,,,,,,,,,,,
855.9648265754763,0.005,1,EELS,Gold,"[{""position"": 0.0, ""amplitude"": 2.580536309994504, ""fwhm"": 2.6429703225692007}]",0.0,2.580536309994504,2.6429703225692007,,,,,,,,,,,,,,,
856.9443087445042,0.002747909308566868,1,EELS,Gold,"[{""position"": 0.0, ""amplitude"": 2.580536309994504, ""fwhm"": 2.6429703225692007}]",0.0,2.580536309994504,2.6429703225692007,,,,,,,,,,,,,,,
857.923790913532,0.006813789870521126,1,EELS,Gold,"[{""position"": 0.0, ""amplitude"": 2.580536309994504, ""fwhm"": 2.6429703225692007}]",0.0,2.580536309994504,2.6429703225692007,,,,,,,,,,,,,,,
858.9032730825598,0.009816816935155116,1,EELS,Gold,"[{""position"": 0.0, ""amplitude"": 2.580536309994504, ""fwhm"": 2.6429703225692007}]",0.0,2.580536309994504,2.6429703225692007,,,,,,,,,,,,,,,
859.8827552515877,0.01156099558895488,1,EELS,Gold,"[{""position"": 0.0, ""amplitude"": 2.580536309994504, ""fwhm"": 2.6429703225692007}]",0.0,2.580536309994504,2.6429703225692007,,,,,,,,,,,,,,,
860.8622374206155,0.0,1,EELS,Gold,"[{""position"": 0.0, ""amplitude"": 2.580536309994504, ""fwhm"": 2.6429703225692007}]",0.0,2.580536309994504,2.6429703225692007,,,,,,,,,,,,,,,
861.8417195896433,0.006578116085627283,1,EELS,Gold,"[{""position"": 0.0, ""amplitude"": 2.580536309994504, ""fwhm"": 2.6429703225692007}]",0.0,2.580536309994504,2.6429703225692007,,,,,,,,,,,,,,,
862.8212017586711,0.017913644087320938,1,EELS,Gold,"[{""position"": 0.0, ""amplitude"": 2.580536309994504, ""fwhm"": 2.6429703225692007}]",0.0,2.580536309994504,2.6429703225692007,,,,,,,,,,,,,,,
863.800683927699,0.012170439074006775,1,EELS,Gold,"[{""position"": 0.0, ""amplitude"": 2.580536309994504, ""fwhm"": 2.6429703225692007}]",0.0,2.580536309994504,2.6429703225692007,,,,,,,,,,,,,,,
864.7801660967268,0.011362813487662979,1,EELS,Gold,"[{""position"": 0.0, ""amplitude"": 2.580536309994504, ""fwhm"": 2.6429703225692007}]",0.0,2.580536309994504,2.6429703225692007,,,,,,,,,,,,,,,
865.7596482657547,0.012804956912940755,1,EELS,Gold,"[{""position"": 0.0, ""amplitude"": 2.580536309994504, ""fwhm"": 2.6429703225692007}]",0.0,2.580536309994504,2.6429703225692007,,,,,,,,,,,,,,,
866.7391304347825,0.008069426829439421,1,EELS,Gold,"[{""position"": 0.0, ""amplitude"": 2.580536309994504, ""fwhm"": 2.6429703225692007}]",0.0,2.580536309994504,2.6429703225692007,,,,,,,,,,,,,,,
867.7186126038104,0.008618125523811634,1,EELS,Gold,"[{""position"": 0.0, ""amplitude"": 2.580536309994504, ""fwhm"": 2.6429703225692007}]",0.0,2.580536309994504,2.6429703225692007,,,,,,,,,,,,,,,
868.6980947728382,0.001727032616764048,1,EELS,Gold,"[{""position"": 0.0, ""amplitude"": 2.580536309994504, ""fwhm"": 2.6429703225692007}]",0.0,2.580536309994504,2.6429703225692007,,,,,,,,,,,,,,,
869.677576941866,0.0,1,EELS,Gold,"[{""position"": 0.0, ""amplitude"": 2.580536309994504, ""fwhm"": 2.6429703225692007}]",0.0,2.580536309994504,2.6429703225692007,,,,,,,,,,,,,,,
870.6570591108939,0.010432567973250203,1,EELS,Gold,"[{""position"": 0.0, ""amplitude"": 2.580536309994504, ""fwhm"": 2.6429703225692007}]",0.0,2.580536309994504,2.6429703225692007,,,,,,,,,,,,,,,
871.6365412799217,0.0031648365916481327,1,EELS,Gold,"[{""position"": 0.0, ""amplitude"": 2.580536309994504, ""fwhm"": 2.6429703225692007}]",0.0,2.580536309994504,2.6429703225692007,,,,,,,,,,,,,,,
872.6160234489496,0.005,1,EELS,Gold,"[{""position"": 0.0, ""amplitude"": 2.580536309994504, ""fwhm"": 2.6429703225692007}]",0.0,2.580536309994504,2.6429703225692007,,,,,,,,,,,,,,,
873.5955056179774,0.0060045102272634375,1,EELS,Gold,"[{""position"": 0.0, ""amplitude"": 2.580536309994504, ""fwhm"": 2.6429703225692007}]",0.0,2.580536309994504,2.6429703225692007,,,,,,,,,,,,,,,
874.5749877870053,0.0,1,EELS,Gold,"[{""position"": 0.0, ""amplitude"": 2.580536309994504, ""fwhm"": 2.6429703225692007}]",0.0,2.580536309994504,2.6429703225692007,,,,,,,,,,,,,,,
875.5544699560331,0.00012789480703360445,1,EELS,Gold,"[{""position"": 0.0, ""amplitude"": 2.580536309994504, ""fwhm"": 2.6429703225692007}]",0.0,2.580536309994504,2.6429703225692007,,,,,,,,,,,,,,,
876.533952125061,0.008349798065896804,1,EELS,Gold,"[{""position"": 0.0, ""amplitude"": 2.580536309994504, ""fwhm"": 2.6429703225692007}]",0.0,2.580536309994504,2.6429703225692007,,,,,,,,,,,,,,,
877.5134342940888,0.005546271403537674,1,EELS,Gold,"[{""position"": 0.0, ""amplitude"": 2.580536309994504, ""fwhm"": 2.6429703225692007}]",0.0,2.580536309994504,2.6429703225692007,,,,,,,,,,,,,,,
878.4929164631167,0.00517319840587516,1,EELS,Gold,"[{""position"": 0.0, ""amplitude"": 2.580536309994504, ""fwhm"": 2.6429703225692007}]",0.0,2.580536309994504,2.6429703225692007,,,,,,,,,,,,,,,
879.4723986321445,0.005,1,EELS,Gold,"[{""position"": 0.0, ""amplitude"": 2.580536309994504, ""fwhm"": 2.6429703225692007}]",0.0,2.580536309994504,2.6429703225692007,,,,,,,,,,,,,,,
880.4518808011724,0.006977269377967027,1,EELS,Gold,"[{""position"": 0.0, ""amplitude"": 2.580536309994504, ""fwhm"": 2.6429703225692007}]",0.0,2.580536309994504,2.6429703225692007,,,,,,,,,,,,,,,
881.4313629702002,0.0017173633847737434,1,EELS,Gold,"[{""position"": 0.0, ""amplitude"": 2.580536309994504, ""fwhm"": 2.6429703225692007}]",0.0,2.580536309994504,2.6429703225692007,,,,,,,,,,,,,,,
882.4108451392281,0.010630393178020527,1,EELS,Gold,"[{""position"": 0.0, ""amplitude"": 2.580536309994504, ""fwhm"": 2.6429703225692007}]",0.0,2.580536309994504,2.6429703225692007,,,,,,,,,,,,,,,
883.3903273082559,0.015,1,EELS,Gold,"[{""position"": 0.0, ""amplitude"": 2.580536309994504, ""fwhm"": 2.6429703225692007}]",0.0,2.580536309994504,2.6429703225692007,,,,,,,,,,,,,,,
884.3698094772838,0.0006178836718554886,1,EELS,Gold,"[{""position"": 0.0, ""amplitude"": 2.580536309994504, ""fwhm"": 2.6429703225692007}]",0.0,2.580536309994504,2.6429703225692007,,,,,,,,,,,,,,,
885.3492916463116,0.0006957318898647913,1,EELS,Gold,"[{""position"": 0.0, ""amplitude"": 2.580536309994504, ""fwhm"": 2.6429703225692007}]",0.0,2.580536309994504,2.6429703225692007,,,,,,,,,,,,,,,
886.3287738153394,0.0041196745170548,1,EELS,Gold,"[{""position"": 0.0, ""amplitude"": 2.580536309994504, ""fwhm"": 2.6429703225692007}]",0.0,2.580536309994504,2.6429703225692007,,,,,,,,,,,,,,,
887.3082559843673,0.005,1,EELS,Gold,"[{""position"": 0.0, ""amplitude"": 2.580536309994504, ""fwhm"": 2.6429703225692007}]",0.0,2.580536309994504,2.6429703225692007,,,,,,,,,,,,,,,
888.2877381533951,0.0007718477524893406,1,EELS,Gold,"[{""position"": 0.0, ""amplitude"": 2.580536309994504, ""fwhm"": 2.6429703225692007}]",0.0,2.580536309994504,2.6429703225692007,,,,,,,,,,,,,,,
889.267220322423,0.011619658325933889,1,EELS,Gold,"[{""position"": 0.0, ""amplitude"": 2.580536309994504, ""fwhm"": 2.6429703225692007}]",0.0,2.580536309994504,2.6429703225692007,,,,,,,,,,,,,,,
890.2467024914508,0.0005333933817075972,1,EELS,Gold,"[{""position"": 0.0, ""amplitude"": 2.580536309994504, ""fwhm"": 2.6429703225692007}]",0.0,2.580536309994504,2.6429703225692007,,,,,,,,,,,,,,,
891.2261846604787,0.0,1,EELS,Gold,"[{""position"": 0.0, ""amplitude"": 2.580536309994504, ""fwhm"": 2.6429703225692007}]",0.0,2.580536309994504,2.6429703225692007,,,,,,,,,,,,,,,
892.2056668295065,0.0005524863737413127,1,EELS,Gold,"[{""position"": 0.0, ""amplitude"": 2.580536309994504, ""fwhm"": 2.6429703225692007}]",0.0,2.580536309994504,2.6429703225692007,,,,,,,,,,,,,,,
893.1851489985344,0.0028200329211315687,1,EELS,Gold,"[{""position"": 0.0, ""amplitude"": 2.580536309994504, ""fwhm"": 2.6429703225692007}]",0.0,2.580536309994504,2.6429703225692007,,,,,,,,,,,,,,,
894.1646311675622,0.005,1,EELS,Gold,"[{""position"": 0.0, ""amplitude"": 2.580536309994504, ""fwhm"": 2.6429703225692007}]",0.0,2.580536309994504,2.6429703225692007,,,,,,,,,,,,,,,
895.1441133365901,0.0003946168447261468,1,EELS,Gold,"[{""position"": 0.0, ""amplitude"": 2.580536309994504, ""fwhm"": 2.6429703225692007}]",0.0,2.580536309994504,2.6429703225692007,,,,,,,,,,,,,,,
896.1235955056179,0.015,1,EELS,Gold,"[{""position"": 0.0, ""amplitude"": 2.580536309994504, ""fwhm"": 2.6429703225692007}]",0.0,2.580536309994504,2.6429703225692007,,,,,,,,,,,,,,,
897.1030776746458,0.008132683479851846,1,EELS,Gold,"[{""position"": 0.0, ""amplitude"": 2.580536309994504, ""fwhm"": 2.6429703225692007}]",0.0,2.580536309994504,2.6429703225692007,,,,,,,,,,,,,,,
898.0825598436736,0.0,1,EELS,Gold,"[{""position"": 0.0, ""amplitude"": 2.580536309994504, ""fwhm"": 2.6429703225692007}]",0.0,2.580536309994504,2.6429703225692007,,,,,,,,,,,,,,,
899.0620420127015,0.0,1,EELS,Gold,"[{""position"": 0.0, ""amplitude"": 2.580536309994504, ""fwhm"": 2.6429703225692007}]",0.0,2.580536309994504,2.6429703225692007,,,,,,,,,,,,,,,
900.0415241817293,0.011023850977059902,1,EELS,Gold,"[{""position"": 0.0, ""amplitude"": 2.580536309994504, ""fwhm"": 2.6429703225692007}]",0.0,2.580536309994504,2.6429703225692007,,,,,,,,,,,,,,,
901.0210063507571,0.009087475300588859,1,EELS,Gold,"[{""position"": 0.0, ""amplitude"": 2.580536309994504, ""fwhm"": 2.6429703225692007}]",0.0,2.580536309994504,2.6429703225692007,,,,,,,,,,,,,,,
902.000488519785,0.0,1,EELS,Gold,"[{""position"": 0.0, ""amplitude"": 2.580536309994504, ""fwhm"": 2.6429703225692007}]",0.0,2.580536309994504,2.6429703225692007,,,,,,,,,,,,,,,
902.9799706888128,0.0,1,EELS,Gold,"[{""position"": 0.0, ""amplitude"": 2.580536309994504, ""fwhm"": 2.6429703225692007}]",0.0,2.580536309994504,2.6429703225692007,,,,,,,,,,,,,,,
903.9594528578407,0.004900964730600937,1,EELS,Gold,"[{""position"": 0.0, ""amplitude"": 2.580536309994504, ""fwhm"": 2.6429703225692007}]",0.0,2.580536309994504,2.6429703225692007,,,,,,,,,,,,,,,
904.9389350268685,0.0,1,EELS,Gold,"[{""position"": 0.0, ""amplitude"": 2.580536309994504, ""fwhm"": 2.6429703225692007}]",0.0,2.580536309994504,2.6429703225692007,,,,,,,,,,,,,,,
905.9184171958964,0.015,1,EELS,Gold,"[{""position"": 0.0, ""amplitude"": 2.580536309994504, ""fwhm"": 2.6429703225692007}]",0.0,2.580536309994504,2.6429703225692007,,,,,,,,,,,,,,,
906.8978993649242,0.006185121187548974,1,EELS,Gold,"[{""position"": 0.0, ""amplitude"": 2.580536309994504, ""fwhm"": 2.6429703225692007}]",0.0,2.580536309994504,2.6429703225692007,,,,,,,,,,,,,,,
907.8773815339521,0.0,1,EELS,Gold,"[{""position"": 0.0, ""amplitude"": 2.580536309994504, ""fwhm"": 2.6429703225692007}]",0.0,2.580536309994504,2.6429703225692007,,,,,,,,,,,,,,,
908.8568637029799,0.0,1,EELS,Gold,"[{""position"": 0.0, ""amplitude"": 2.580536309994504, ""fwhm"": 2.6429703225692007}]",0.0,2.580536309994504,2.6429703225692007,,,,,,,,,,,,,,,
909.8363458720078,0.011876690510050771,1,EELS,Gold,"[{""position"": 0.0, ""amplitude"": 2.580536309994504, ""fwhm"": 2.6429703225692007}]",0.0,2.580536309994504,2.6429703225692007,,,,,,,,,,,,,,,
910.8158280410356,0.01067887818994533,1,EELS,Gold,"[{""position"": 0.0, ""amplitude"": 2.580536309994504, ""fwhm"": 2.6429703225692007}]",0.0,2.580536309994504,2.6429703225692007,,,,,,,,,,,,,,,
911.7953102100635,0.0,1,EELS,Gold,"[{""position"": 0.0, ""amplitude"": 2.580536309994504, ""fwhm"": 2.6429703225692007}]",0.0,2.580536309994504,2.6429703225692007,,,,,,,,,,,,,,,
912.7747923790913,0.0,1,EELS,Gold,"[{""position"": 0.0, ""amplitude"": 2.580536309994504, ""fwhm"": 2.6429703225692007}]",0.0,2.580536309994504,2.6429703225692007,,,,,,,,,,,,,,,
913.7542745481192,0.012299418073259745,1,EELS,Gold,"[{""position"": 0.0, ""amplitude"": 2.580536309994504, ""fwhm"": 2.6429703225692007}]",0.0,2.580536309994504,2.6429703225692007,,,,,,,,,,,,,,,
914.733756717147,0.011726306176236347,1,EELS,Gold,"[{""position"": 0.0, ""amplitude"": 2.580536309994504, ""fwhm"": 2.6429703225692007}]",0.0,2.580536309994504,2.6429703225692007,,,,,,,,,,,,,,,
915.7132388861748,0.005,1,EELS,Gold,"[{""position"": 0.0, ""amplitude"": 2.580536309994504, ""fwhm"": 2.6429703225692007}]",0.0,2.580536309994504,2.6429703225692007,,,,,,,,,,,,,,,
916.6927210552027,0.009810791703578894,1,EELS,Gold,"[{""position"": 0.0, ""amplitude"": 2.580536309994504, ""fwhm"": 2.6429703225692007}]",0.0,2.580536309994504,2.6429703225692007,,,,,,,,,,,,,,,
917.6722032242305,0.005,1,EELS,Gold,"[{""position"": 0.0, ""amplitude"": 2.580536309994504, ""fwhm"": 2.6429703225692007}]",0.0,2.580536309994504,2.6429703225692007,,,,,,,,,,,,,,,
918.6516853932584,0.005,1,EELS,Gold,"[{""position"": 0.0, ""amplitude"": 2.580536309994504, ""fwhm"": 2.6429703225692007}]",0.0,2.580536309994504,2.6429703225692007,,,,,,,,,,,,,,,
919.6311675622862,0.015,1,EELS,Gold,"[{""position"": 0.0, ""amplitude"": 2.580536309994504, ""fwhm"": 2.6429703225692007}]",0.0,2.580536309994504,2.6429703225692007,,,,,,,,,,,,,,,
920.6106497313141,0.0,1,EELS,Gold,"[{""position"": 0.0, ""amplitude"": 2.580536309994504, ""fwhm"": 2.6429703225692007}]",0.0,2.580536309994504,2.6429703225692007,,,,,,,,,,,,,,,
921.5901319003419,0.0056767174719755615,1,EELS,Gold,"[{""position"": 0.0, ""amplitude"": 2.580536309994504, ""fwhm"": 2.6429703225692007}]",0.0,2.580536309994504,2.6429703225692007,,,,,,,,,,,,,,,
922.5696140693698,0.005,1,EELS,Gold,"[{""position"": 0.0, ""amplitude"": 2.580536309994504, ""fwhm"": 2.6429703225692007}]",0.0,2.580536309994504,2.6429703225692007,,,,,,,,,,,,,,,
923.5490962383976,0.005956837317508197,1,EELS,Gold,"[{""position"": 0.0, ""amplitude"": 2.580536309994504, ""fwhm"": 2.6429703225692007}]",0.0,2.580536309994504,2.6429703225692007,,,,,,,,,,,,,,,
924.5285784074255,0.005,1,EELS,Gold,"[{""position"": 0.0, ""amplitude"": 2.580536309994504, ""fwhm"": 2.6429703225692007}]",0.0,2.580536309994504,2.6429703225692007,,,,,,,,,,,,,,,
925.5080605764533,0.008771321110768806,1,EELS,Gold,"[{""position"": 0.0, ""amplitude"": 2.580536309994504, ""fwhm"": 2.6429703225692007}]",0.0,2.580536309994504,2.6429703225692007,,,,,,,,,,,,,,,
926.4875427454812,0.0,1,EELS,Gold,"[{""position"": 0.0, ""amplitude"": 2.580536309994504, ""fwhm"": 2.6429703225692007}]",0.0,2.580536309994504,2.6429703225692007,,,,,,,,,,,,,,,
927.467024914509,0.0029294458176289005,1,EELS,Gold,"[{""position"": 0.0, ""amplitude"": 2.580536309994504, ""fwhm"": 2.6429703225692007}]",0.0,2.580536309994504,2.6429703225692007,,,,,,,,,,,,,,,
928.4465070835369,0.02093235593115804,1,EELS,Gold,"[{""position"": 0.0, ""amplitude"": 2.580536309994504, ""fwhm"": 2.6429703225692007}]",0.0,2.580536309994504,2.6429703225692007,,,,,,,,,,,,,,,
929.4259892525647,0.001226259246288231,1,EELS,Gold,"[{""position"": 0.0, ""amplitude"": 2.580536309994504, ""fwhm"": 2.6429703225692007}]",0.0,2.580536309994504,2.6429703225692007,,,,,,,,,,,,,,,
930.4054714215926,0.006517549023455553,1,EELS,Gold,"[{""position"": 0.0, ""amplitude"": 2.580536309994504, ""fwhm"": 2.6429703225692007}]",0.0,2.580536309994504,2.6429703225692007,,,,,,,,,,,,,,,
931.3849535906204,0.006202772151612068,1,EELS,Gold,"[{""position"": 0.0, ""amplitude"": 2.580536309994504, ""fwhm"": 2.6429703225692007}]",0.0,2.580536309994504,2.6429703225692007,,,,,,,,,,,,,,,
932.3644357596482,0.006705476039554732,1,EELS,Gold,"[{""position"": 0.0, ""amplitude"": 2.580536309994504, ""fwhm"": 2.6429703225692007}]",0.0,2.580536309994504,2.6429703225692007,,,,,,,,,,,,,,,
933.3439179286761,0.003475152600029953,1,EELS,Gold,"[{""position"": 0.0, ""amplitude"": 2.580536309994504, ""fwhm"": 2.6429703225692007}]",0.0,2.580536309994504,2.6429703225692007,,,,,,,,,,,,,,,
934.3234000977039,0.005554908356427711,1,EELS,Gold,"[{""position"": 0.0, ""amplitude"": 2.580536309994504, ""fwhm"": 2.6429703225692007}]",0.0,2.580536309994504,2.6429703225692007,,,,,,,,,,,,,,,
935.3028822667318,0.006876113146444129,1,EELS,Gold,"[{""position"": 0.0, ""amplitude"": 2.580536309994504, ""fwhm"": 2.6429703225692007}]",0.0,2.580536309994504,2.6429703225692007,,,,,,,,,,,,,,,
936.2823644357596,0.005,1,EELS,Gold,"[{""position"": 0.0, ""amplitude"": 2.580536309994504, ""fwhm"": 2.6429703225692007}]",0.0,2.580536309994504,2.6429703225692007,,,,,,,,,,,,,,,
937.2618466047875,0.003760912179900898,1,EELS,Gold,"[{""position"": 0.0, ""amplitude"": 2.580536309994504, ""fwhm"": 2.6429703225692007}]",0.0,2.580536309994504,2.6429703225692007,,,,,,,,,,,,,,,
938.2413287738153,0.01,1,EELS,Gold,"[{""position"": 0.0, ""amplitude"": 2.580536309994504, ""fwhm"": 2.6429703225692007}]",0.0,2.580536309994504,2.6429703225692007,,,,,,,,,,,,,,,
939.2208109428432,0.01469102638242168,1,EELS,Gold,"[{""position"": 0.0, ""amplitude"": 2.580536309994504, ""fwhm"": 2.6429703225692007}]",0.0,2.580536309994504,2.6429703225692007,,,,,,,,,,,,,,,
940.200293111871,0.01,1,EELS,Gold,"[{""position"": 0.0, ""amplitude"": 2.580536309994504, ""fwhm"": 2.6429703225692007}]",0.0,2.580536309994504,2.6429703225692007,,,,,,,,,,,,,,,
941.1797752808989,0.0,1,EELS,Gold,"[{""position"": 0.0, ""amplitude"": 2.580536309994504, ""fwhm"": 2.6429703225692007}]",0.0,2.580536309994504,2.6429703225692007,,,,,,,,,,,,,,,
942.1592574499267,0.00037786069189252064,1,EELS,Gold,"[{""position"": 0.0, ""amplitude"": 2.580536309994504, ""fwhm"": 2.6429703225692007}]",0.0,2.580536309994504,2.6429703225692007,,,,,,,,,,,,,,,
943.1387396189546,0.005,1,EELS,Gold,"[{""position"": 0.0, ""amplitude"": 2.580536309994504, ""fwhm"": 2.6429703225692007}]",0.0,2.580536309994504,2.6429703225692007,,,,,,,,,,,,,,,
944.1182217879824,0.00721477488515562,1,EELS,Gold,"[{""position"": 0.0, ""amplitude"": 2.580536309994504, ""fwhm"": 2.6429703225692007}]",0.0,2.580536309994504,2.6429703225692007,,,,,,,,,,,,,,,
945.0977039570103,0.0,1,EELS,Gold,"[{""position"": 0.0, ""amplitude"": 2.580536309994504, ""fwhm"": 2.6429703225692007}]",0.0,2.580536309994504,2.6429703225692007,,,,,,,,,,,,,,,
946.0771861260381,0.005,1,EELS,Gold,"[{""position"": 0.0, ""amplitude"": 2.580536309994504, ""fwhm"": 2.6429703225692007}]",0.0,2.580536309994504,2.6429703225692007,,,,,,,,,,,,,,,
947.056668295066,0.005,1,EELS,Gold,"[{""position"": 0.0, ""amplitude"": 2.580536309994504, ""fwhm"": 2.6429703225692007}]",0.0,2.580536309994504,2.6429703225692007,,,,,,,,,,,,,,,
948.0361504640938,0.01,1,EELS,Gold,"[{""position"": 0.0, ""amplitude"": 2.580536309994504, ""fwhm"": 2.6429703225692007}]",0.0,2.580536309994504,2.6429703225692007,,,,,,,,,,,,,,,
949.0156326331216,0.005,1,EELS,Gold,"[{""position"": 0.0, ""amplitude"": 2.580536309994504, ""fwhm"": 2.6429703225692007}]",0.0,2.580536309994504,2.6429703225692007,,,,,,,,,,,,,,,
949.9951148021495,0.005,1,EELS,Gold,"[{""position"": 0.0, ""amplitude"": 2.580536309994504, ""fwhm"": 2.6429703225692007}]",0.0,2.580536309994504,2.6429703225692007,,,,,,,,,,,,,,,
950.9745969711773,0.007007371952815218,1,EELS,Gold,"[{""position"": 0.0, ""amplitude"": 2.580536309994504, ""fwhm"": 2.6429703225692007}]",0.0,2.580536309994504,2.6429703225692007,,,,,,,,,,,,,,,
951.9540791402052,0.007072742653848399,1,EELS,Gold,"[{""position"": 0.0, ""amplitude"": 2.580536309994504, ""fwhm"": 2.6429703225692007}]",0.0,2.580536309994504,2.6429703225692007,,,,,,,,,,,,,,,
952.9335613092329,0.001143625663407804,1,EELS,Gold,"[{""position"": 0.0, ""amplitude"": 2.580536309994504, ""fwhm"": 2.6429703225692007}]",0.0,2.580536309994504,2.6429703225692007,,,,,,,,,,,,,,,
953.9130434782608,0.015,1,EELS,Gold,"[{""position"": 0.0, ""amplitude"": 2.580536309994504, ""fwhm"": 2.6429703225692007}]",0.0,2.580536309994504,2.6429703225692007,,,,,,,,,,,,,,,
954.8925256472886,0.005,1,EELS,Gold,"[{""position"": 0.0, ""amplitude"": 2.580536309994504, ""fwhm"": 2.6429703225692007}]",0.0,2.580536309994504,2.6429703225692007,,,,,,,,,,,,,,,
955.8720078163165,0.015037185555797817,1,EELS,Gold,"[{""position"": 0.0, ""amplitude"": 2.580536309994504, ""fwhm"": 2.6429703225692007}]",0.0,2.580536309994504,2.6429703225692007,,,,,,,,,,,,,,,
956.8514899853443,0.0,1,EELS,Gold,"[{""position"": 0.0, ""amplitude"": 2.580536309994504, ""fwhm"": 2.6429703225692007}]",0.0,2.580536309994504,2.6429703225692007,,,,,,,,,,,,,,,
957.8309721543721,0.0039223954838005625,1,EELS,Gold,"[{""position"": 0.0, ""amplitude"": 2.580536309994504, ""fwhm"": 2.6429703225692007}]",0.0,2.580536309994504,2.6429703225692007,,,,,,,,,,,,,,,
958.8104543234,0.0023082665686534006,1,EELS,Gold,"[{""position"": 0.0, ""amplitude"": 2.580536309994504, ""fwhm"": 2.6429703225692007}]",0.0,2.580536309994504,2.6429703225692007,,,,,,,,,,,,,,,
959.7899364924278,0.0,1,EELS,Gold,"[{""position"": 0.0, ""amplitude"": 2.580536309994504, ""fwhm"": 2.6429703225692007}]",0.0,2.580536309994504,2.6429703225692007,,,,,,,,,,,,,,,
960.7694186614557,0.005115407032409761,1,EELS,Gold,"[{""position"": 0.0, ""amplitude"": 2.580536309994504, ""fwhm"": 2.6429703225692007}]",0.0,2.580536309994504,2.6429703225692007,,,,,,,,,,,,,,,
961.7489008304835,0.005583268180621616,1,EELS,Gold,"[{""position"": 0.0, ""amplitude"": 2.580536309994504, ""fwhm"": 2.6429703225692007}]",0.0,2.580536309994504,2.6429703225692007,,,,,,,,,,,,,,,
962.7283829995114,0.0,1,EELS,Gold,"[{""position"": 0.0, ""amplitude"": 2.580536309994504, ""fwhm"": 2.6429703225692007}]",0.0,2.580536309994504,2.6429703225692007,,,,,,,,,,,,,,,
963.7078651685392,0.0,1,EELS,Gold,"[{""position"": 0.0, ""amplitude"": 2.580536309994504, ""fwhm"": 2.6429703225692007}]",0.0,2.580536309994504,2.6429703225692007,,,,,,,,,,,,,,,
964.6873473375671,0.0,1,EELS,Gold,"[{""position"": 0.0, ""amplitude"": 2.580536309994504, ""fwhm"": 2.6429703225692007}]",0.0,2.580536309994504,2.6429703225692007,,,,,,,,,,,,,,,
965.6668295065949,0.005,1,EELS,Gold,"[{""position"": 0.0, ""amplitude"": 2.580536309994504, ""fwhm"": 2.6429703225692007}]",0.0,2.580536309994504,2.6429703225692007,,,,,,,,,,,,,,,
966.6463116756228,0.0,1,EELS,Gold,"[{""position"": 0.0, ""amplitude"": 2.580536309994504, ""fwhm"": 2.6429703225692007}]",0.0,2.580536309994504,2.6429703225692007,,,,,,,,,,,,,,,
967.6257938446506,0.009680374590864776,1,EELS,Gold,"[{""position"": 0.0, ""amplitude"": 2.580536309994504, ""fwhm"": 2.6429703225692007}]",0.0,2.580536309994504,2.6429703225692007,,,,,,,,,,,,,,,
968.6052760136785,0.0016977144775092673,1,EELS,Gold,"[{""position"": 0.0, ""amplitude"": 2.580536309994504, ""fwhm"": 2.6429703225692007}]",0.0,2.580536309994504,2.6429703225692007,,,,,,,,,,,,,,,
969.5847581827063,0.01,1,EELS,Gold,"[{""position"": 0.0, ""amplitude"": 2.580536309994504, ""fwhm"": 2.6429703225692007}]",0.0,2.580536309994504,2.6429703225692007,,,,,,,,,,,,,,,
970.5642403517342,0.0065215772554617826,1,EELS,Gold,"[{""position"": 0.0, ""amplitude"": 2.580536309994504, ""fwhm"": 2.6429703225692007}]",0.0,2.580536309994504,2.6429703225692007,,,,,,,,,,,,,,,
971.543722520762,0.0036530966602550323,1,EELS,Gold,"[{""position"": 0.0, ""amplitude"": 2.580536309994504, ""fwhm"": 2.6429703225692007}]",0.0,2.580536309994504,2.6429703225692007,,,,,,,,,,,,,,,
972.5232046897898,0.01242909075195526,1,EELS,Gold,"[{""position"": 0.0, ""amplitude"": 2.580536309994504, ""fwhm"": 2.6429703225692007}]",0.0,2.580536309994504,2.6429703225692007,,,,,,,,,,,,,,,
973.5026868588177,0.020198857349668094,1,EELS,Gold,"[{""position"": 0.0, ""amplitude"": 2.580536309994504, ""fwhm"": 2.6429703225692007}]",0.0,2.580536309994504,2.6429703225692007,,,,,,,,,,,,,,,
974.4821690278455,0.0,1,EELS,Gold,"[{""position"": 0.0, ""amplitude"": 2.580536309994504, ""fwhm"": 2.6429703225692007}]",0.0,2.580536309994504,2.6429703225692007,,,,,,,,,,,,,,,
975.4616511968734,0.00684513759976672,1,EELS,Gold,"[{""position"": 0.0, ""amplitude"": 2.580536309994504, ""fwhm"": 2.6429703225692007}]",0.0,2.580536309994504,2.6429703225692007,,,,,,,,,,,,,,,
976.4411333659012,0.001059386488307807,1,EELS,Gold,"[{""position"": 0.0, ""amplitude"": 2.580536309994504, ""fwhm"": 2.6429703225692007}]",0.0,2.580536309994504,2.6429703225692007,,,,,,,,,,,,,,,
977.4206155349291,0.007352821885114828,1,EELS,Gold,"[{""position"": 0.0, ""amplitude"": 2.580536309994504, ""fwhm"": 2.6429703225692007}]",0.0,2.580536309994504,2.6429703225692007,,,,,,,,,,,,,,,
978.4000977039569,0.0016823597302668175,1,EELS,Gold,"[{""position"": 0.0, ""amplitude"": 2.580536309994504, ""fwhm"": 2.6429703225692007}]",0.0,2.580536309994504,2.6429703225692007,,,,,,,,,,,,,,,
979.3795798729848,0.002750648425467954,1,EELS,Gold,"[{""position"": 0.0, ""amplitude"": 2.580536309994504, ""fwhm"": 2.6429703225692007}]",0.0,2.580536309994504,2.6429703225692007,,,,,,,,,,,,,,,
980.3590620420126,0.01,1,EELS,Gold,"[{""position"": 0.0, ""amplitude"": 2.580536309994504, ""fwhm"": 2.6429703225692007}]",0.0,2.580536309994504,2.6429703225692007,,,,,,,,,,,,,,,
981.3385442110405,0.003441055808871613,1,EELS,Gold,"[{""position"": 0.0, ""amplitude"": 2.580536309994504, ""fwhm"": 2.6429703225692007}]",0.0,2.580536309994504,2.6429703225692007,,,,,,,,,,,,,,,
982.3180263800683,0.010553919263711907,1,EELS,Gold,"[{""position"": 0.0, ""amplitude"": 2.580536309994504, ""fwhm"": 2.6429703225692007}]",0.0,2.580536309994504,2.6429703225692007,,,,,,,,,,,,,,,
983.2975085490962,0.01039485239821476,1,EELS,Gold,"[{""position"": 0.0, ""amplitude"": 2.580536309994504, ""fwhm"": 2.6429703225692007}]",0.0,2.580536309994504,2.6429703225692007,,,,,,,,,,,,,,,
984.276990718124,0.015,1,EELS,Gold,"[{""position"": 0.0, ""amplitude"": 2.580536309994504, ""fwhm"": 2.6429703225692007}]",0.0,2.580536309994504,2.6429703225692007,,,,,,,,,,,,,,,
985.2564728871519,0.024519931228483224,1,EELS,Gold,"[{""position"": 0.0, ""amplitude"": 2.580536309994504, ""fwhm"": 2.6429703225692007}]",0.0,2.580536309994504,2.6429703225692007,,,,,,,,,,,,,,,
986.2359550561797,0.0005544372071122352,1,EELS,Gold,"[{""position"": 0.0, ""amplitude"": 2.580536309994504, ""fwhm"": 2.6429703225692007}]",0.0,2.580536309994504,2.6429703225692007,,,,,,,,,,,,,,,
987.2154372252076,0.01,1,EELS,Gold,"[{""position"": 0.0, ""amplitude"": 2.580536309994504, ""fwhm"": 2.6429703225692007}]",0.0,2.580536309994504,2.6429703225692007,,,,,,,,,,,,,,,
988.1949193942354,0.0,1,EELS,Gold,"[{""position"": 0.0, ""amplitude"": 2.580536309994504, ""fwhm"": 2.6429703225692007}]",0.0,2.580536309994504,2.6429703225692007,,,,,,,,,,,,,,,
989.1744015632632,0.005,1,EELS,Gold,"[{""position"": 0.0, ""amplitude"": 2.580536309994504, ""fwhm"": 2.6429703225692007}]",0.0,2.580536309994504,2.6429703225692007,,,,,,,,,,,,,,,
990.1538837322911,0.006137489296099916,1,EELS,Gold,"[{""position"": 0.0, ""amplitude"": 2.580536309994504, ""fwhm"": 2.6429703225692007}]",0.0,2.580536309994504,2.6429703225692007,,,,,,,,,,,,,,,
991.1333659013189,0.006391810262259526,1,EELS,Gold,"[{""position"": 0.0, ""amplitude"": 2.580536309994504, ""fwhm"": 2.6429703225692007}]",0.0,2.580536309994504,2.6429703225692007,,,,,,,,,,,,,,,
992.1128480703468,0.005,1,EELS,Gold,"[{""position"": 0.0, ""amplitude"": 2.580536309994504, ""fwhm"": 2.6429703225692007}]",0.0,2.580536309994504,2.6429703225692007,,,,,,,,,,,,,,,
993.0923302393746,0.0,1,EELS,Gold,"[{""position"": 0.0, ""amplitude"": 2.580536309994504, ""fwhm"": 2.6429703225692007}]",0.0,2.580536309994504,2.6429703225692007,,,,,,,,,,,,,,,
994.0718124084025,0.015566844718556017,1,EELS,Gold,"[{""position"": 0.0, ""amplitude"": 2.580536309994504, ""fwhm"": 2.6429703225692007}]",0.0,2.580536309994504,2.6429703225692007,,,,,,,,,,,,,,,
995.0512945774303,0.019497522015107148,1,EELS,Gold,"[{""position"": 0.0, ""amplitude"": 2.580536309994504, ""fwhm"": 2.6429703225692007}]",0.0,2.580536309994504,2.6429703225692007,,,,,,,,,,,,,,,
996.0307767464582,0.006168418508303236,1,EELS,Gold,"[{""position"": 0.0, ""amplitude"": 2.580536309994504, ""fwhm"": 2.6429703225692007}]",0.0,2.580536309994504,2.6429703225692007,,,,,,,,,,,,,,,
997.010258915486,0.00014139686187026733,1,EELS,Gold,"[{""position"": 0.0, ""amplitude"": 2.580536309994504, ""fwhm"": 2.6429703225692007}]",0.0,2.580536309994504,2.6429703225692007,,,,,,,,,,,,,,,
997.9897410845139,0.0003528133859985875,1,EELS,Gold,"[{""position"": 0.0, ""amplitude"": 2.580536309994504, ""fwhm"": 2.6429703225692007}]",0.0,2.580536309994504,2.6429703225692007,,,,,,,,,,,,,,,
998.9692232535417,0.006625057165340347,1,EELS,Gold,"[{""position"": 0.0, ""amplitude"": 2.580536309994504, ""fwhm"": 2.6429703225692007}]",0.0,2.580536309994504,2.6429703225692007,,,,,,,,,,,,,,,
999.9487054225696,0.0,1,EELS,Gold,"[{""position"": 0.0, ""amplitude"": 2.580536309994504, ""fwhm"": 2.6429703225692007}]",0.0,2.580536309994504,2.6429703225692007,,,,,,,,,,,,,,,
1000.9281875915974,0.0,1,EELS,Gold,"[{""position"": 0.0, ""amplitude"": 2.580536309994504, ""fwhm"": 2.6429703225692007}]",0.0,2.580536309994504,2.6429703225692007,,,,,,,,,,,,,,,
1001.9076697606253,0.01,1,EELS,Gold,"[{""position"": 0.0, ""amplitude"": 2.580536309994504, ""fwhm"": 2.6429703225692007}]",0.0,2.580536309994504,2.6429703225692007,,,,,,,,,,,,,,,
1002.8871519296531,0.01607228880982376,1,EELS,Gold,"[{""position"": 0.0, ""amplitude"": 2.580536309994504, ""fwhm"": 2.6429703225692007}]",0.0,2.580536309994504,2.6429703225692007,,,,,,,,,,,,,,,
1003.866634098681,0.016711547370768985,1,EELS,Gold,"[{""position"": 0.0, ""amplitude"": 2.580536309994504, ""fwhm"": 2.6429703225692007}]",0.0,2.580536309994504,2.6429703225692007,,,,,,,,,,,,,,,
1004.8461162677088,0.005,1,EELS,Gold,"[{""position"": 0.0, ""amplitude"": 2.580536309994504, ""fwhm"": 2.6429703225692007}]",0.0,2.580536309994504,2.6429703225692007,,,,,,,,,,,,,,,
1005.8255984367366,0.009100874288657515,1,EELS,Gold,"[{""position"": 0.0, ""amplitude"": 2.580536309994504, ""fwhm"": 2.6429703225692007}]",0.0,2.580536309994504,2.6429703225692007,,,,,,,,,,,,,,,
1006.8050806057645,0.0,1,EELS,Gold,"[{""position"": 0.0, ""amplitude"": 2.580536309994504, ""fwhm"": 2.6429703225692007}]",0.0,2.580536309994504,2.6429703225692007,,,,,,,,,,,,,,,
1007.7845627747923,0.01,1,EELS,Gold,"[{""position"": 0.0, ""amplitude"": 2.580536309994504, ""fwhm"": 2.6429703225692007}]",0.0,2.580536309994504,2.6429703225692007,,,,,,,,,,,,,,,
1008.7640449438202,0.0056212902515025325,1,EELS,Gold,"[{""position"": 0.0, ""amplitude"": 2.580536309994504, ""fwhm"": 2.6429703225692007}]",0.0,2.580536309994504,2.6429703225692007,,,,,,,,,,,,,,,
1009.743527112848,0.022742179119066692,1,EELS,Gold,"[{""position"": 0.0, ""amplitude"": 2.580536309994504, ""fwhm"": 2.6429703225692007}]",0.0,2.580536309994504,2.6429703225692007,,,,,,,,,,,,,,,
1010.7230092818759,0.009383992723222719,1,EELS,Gold,"[{""position"": 0.0, ""amplitude"": 2.580536309994504, ""fwhm"": 2.6429703225692007}]",0.0,2.580536309994504,2.6429703225692007,,,,,,,,,,,,,,,
1011.7024914509037,0.01,1,EELS,Gold,"[{""position"": 0.0, ""amplitude"": 2.580536309994504, ""fwhm"": 2.6429703225692007}]",0.0,2.580536309994504,2.6429703225692007,,,,,,,,,,,,,,,
1012.6819736199316,0.002823407696119768,1,EELS,Gold,"[{""position"": 0.0, ""amplitude"": 2.580536309994504, ""fwhm"": 2.6429703225692007}]",0.0,2.580536309994504,2.6429703225692007,,,,,,,,,,,,,,,
1013.6614557889594,0.005,1,EELS,Gold,"[{""position"": 0.0, ""amplitude"": 2.580536309994504, ""fwhm"": 2.6429703225692007}]",0.0,2.580536309994504,2.6429703225692007,,,,,,,,,,,,,,,
1014.6409379579873,0.0,1,EELS,Gold,"[{""position"": 0.0, ""amplitude"": 2.580536309994504, ""fwhm"": 2.6429703225692007}]",0.0,2.580536309994504,2.6429703225692007,,,,,,,,,,,,,,,
1015.6204201270151,0.007320406683884917,1,EELS,Gold,"[{""position"": 0.0, ""amplitude"": 2.580536309994504, ""fwhm"": 2.6429703225692007}]",0.0,2.580536309994504,2.6429703225692007,,,,,,,,,,,,,,,
1016.599902296043,0.006723906160899582,1,EELS,Gold,"[{""position"": 0.0, ""amplitude"": 2.580536309994504, ""fwhm"": 2.6429703225692007}]",0.0,2.580536309994504,2.6429703225692007,,,,,,,,,,,,,,,
1017.5793844650708,0.0,1,EELS,Gold,"[{""position"": 0.0, ""amplitude"": 2.580536309994504, ""fwhm"": 2.6429703225692007}]",0.0,2.580536309994504,2.6429703225692007,,,,,,,,,,,,,,,
1018.5588666340986,0.013848782023926198,1,EELS,Gold,"[{""position"": 0.0, ""amplitude"": 2.580536309994504, ""fwhm"": 2.6429703225692007}]",0.0,2.580536309994504,2.6429703225692007,,,,,,,,,,,,,,,
1019.5383488031264,0.013600051727270308,1,EELS,Gold,"[{""position"": 0.0, ""amplitude"": 2.580536309994504, ""fwhm"": 2.6429703225692007}]",0.0,2.580536309994504,2.6429703225692007,,,,,,,,,,,,,,,
1020.5178309721543,0.01,1,EELS,Gold,"[{""position"": 0.0, ""amplitude"": 2.580536309994504, ""fwhm"": 2.6429703225692007}]",0.0,2.580536309994504,2.6429703225692007,,,,,,,,,,,,,,,
1021.4973131411821,0.0060622226933796566,1,EELS,Gold,"[{""position"": 0.0, ""amplitude"": 2.580536309994504, ""fwhm"": 2.6429703225692007}]",0.0,2.580536309994504,2.6429703225692007,,,,,,,,,,,,,,,
1022.47679531021,0.016315407548602563,1,EELS,Gold,"[{""position"": 0.0, ""amplitude"": 2.580536309994504, ""fwhm"": 2.6429703225692007}]",0.0,2.580536309994504,2.6429703225692007,,,,,,,,,,,,,,,
1023.4562774792378,0.010713701869802056,1,EELS,Gold,"[{""position"": 0.0, ""amplitude"": 2.580536309994504, ""fwhm"": 2.6429703225692007}]",0.0,2.580536309994504,2.6429703225692007,,,,,,,,,,,,,,,
1024.4357596482657,0.005,1,EELS,Gold,"[{""position"": 0.0, ""amplitude"": 2.580536309994504, ""fwhm"": 2.6429703225692007}]",0.0,2.580536309994504,2.6429703225692007,,,,,,,,,,,,,,,
1025.4152418172935,0.0,1,EELS,Gold,"[{""position"": 0.0, ""amplitude"": 2.580536309994504, ""fwhm"": 2.6429703225692007}]",0.0,2.580536309994504,2.6429703225692007,,,,,,,,,,,,,,,
1026.3947239863214,0.015,1,EELS,Gold,"[{""position"": 0.0, ""amplitude"": 2.580536309994504, ""fwhm"": 2.6429703225692007}]",0.0,2.580536309994504,2.6429703225692007,,,,,,,,,,,,,,,
1027.3742061553492,0.0030649176801186098,1,EELS,Gold,"[{""position"": 0.0, ""amplitude"": 2.580536309994504, ""fwhm"": 2.6429703225692007}]",0.0,2.580536309994504,2.6429703225692007,,,,,,,,,,,,,,,
1028.3536883243771,0.0064428284632574665,1,EELS,Gold,"[{""position"": 0.0, ""amplitude"": 2.580536309994504, ""fwhm"": 2.6429703225692007}]",0.0,2.580536309994504,2.6429703225692007,,,,,,,,,,,,,,,
1029.3331704934049,0.005,1,EELS,Gold,"[{""position"": 0.0, ""amplitude"": 2.580536309994504, ""fwhm"": 2.6429703225692007}]",0.0,2.580536309994504,2.6429703225692007,,,,,,,,,,,,,,,
1030.3126526624328,0.0020307887292254617,1,EELS,Gold,"[{""position"": 0.0, ""amplitude"": 2.580536309994504, ""fwhm"": 2.6429703225692007}]",0.0,2.580536309994504,2.6429703225692007,,,,,,,,,,,,,,,
1031.2921348314605,0.0,1,EELS,Gold,"[{""position"": 0.0, ""amplitude"": 2.580536309994504, ""fwhm"": 2.6429703225692007}]",0.0,2.580536309994504,2.6429703225692007,,,,,,,,,,,,,,,
1032.2716170004885,0.013002821501817589,1,EELS,Gold,"[{""position"": 0.0, ""amplitude"": 2.580536309994504, ""fwhm"": 2.6429703225692007}]",0.0,2.580536309994504,2.6429703225692007,,,,,,,,,,,,,,,
1033.2510991695162,0.0,1,EELS,Gold,"[{""position"": 0.0, ""amplitude"": 2.580536309994504, ""fwhm"": 2.6429703225692007}]",0.0,2.580536309994504,2.6429703225692007,,,,,,,,,,,,,,,
1034.2305813385442,0.0,1,EELS,Gold,"[{""position"": 0.0, ""amplitude"": 2.580536309994504, ""fwhm"": 2.6429703225692007}]",0.0,2.580536309994504,2.6429703225692007,,,,,,,,,,,,,,,
1035.210063507572,0.005,1,EELS,Gold,"[{""position"": 0.0, ""amplitude"": 2.580536309994504, ""fwhm"": 2.6429703225692007}]",0.0,2.580536309994504,2.6429703225692007,,,,,,,,,,,,,,,
1036.1895456766,0.01,1,EELS,Gold,"[{""position"": 0.0, ""amplitude"": 2.580536309994504, ""fwhm"": 2.6429703225692007}]",0.0,2.580536309994504,2.6429703225692007,,,,,,,,,,,,,,,
1037.1690278456276,0.0030336077875196656,1,EELS,Gold,"[{""position"": 0.0, ""amplitude"": 2.580536309994504, ""fwhm"": 2.6429703225692007}]",0.0,2.580536309994504,2.6429703225692007,,,,,,,,,,,,,,,
1038.1485100146556,0.005,1,EELS,Gold,"[{""position"": 0.0, ""amplitude"": 2.580536309994504, ""fwhm"": 2.6429703225692007}]",0.0,2.580536309994504,2.6429703225692007,,,,,,,,,,,,,,,
1039.1279921836833,0.0009339897704935627,1,EELS,Gold,"[{""position"": 0.0, ""amplitude"": 2.580536309994504, ""fwhm"": 2.6429703225692007}]",0.0,2.580536309994504,2.6429703225692007,,,,,,,,,,,,,,,
1040.1074743527113,0.01,1,EELS,Gold,"[{""position"": 0.0, ""amplitude"": 2.580536309994504, ""fwhm"": 2.6429703225692007}]",0.0,2.580536309994504,2.6429703225692007,,,,,,,,,,,,,,,
1041.086956521739,0.006270419220337303,1,EELS,Gold,"[{""position"": 0.0, ""amplitude"": 2.580536309994504, ""fwhm"": 2.6429703225692007}]",0.0,2.580536309994504,2.6429703225692007,,,,,,,,,,,,,,,
1042.066438690767,0.0002385100169328666,1,EELS,Gold,"[{""position"": 0.0, ""amplitude"": 2.580536309994504, ""fwhm"": 2.6429703225692007}]",0.0,2.580536309994504,2.6429703225692007,,,,,,,,,,,,,,,
1043.0459208597947,0.01,1,EELS,Gold,"[{""position"": 0.0, ""amplitude"": 2.580536309994504, ""fwhm"": 2.6429703225692007}]",0.0,2.580536309994504,2.6429703225692007,,,,,,,,,,,,,,,
1044.0254030288227,0.0076089106128047,1,EELS,Gold,"[{""position"": 0.0, ""amplitude"": 2.580536309994504, ""fwhm"": 2.6429703225692007}]",0.0,2.580536309994504,2.6429703225692007,,,,,,,,,,,,,,,
1045.0048851978504,0.01,1,EELS,Gold,"[{""position"": 0.0, ""amplitude"": 2.580536309994504, ""fwhm"": 2.6429703225692007}]",0.0,2.580536309994504,2.6429703225692007,,,,,,,,,,,,,,,
1045.9843673668784,0.01,1,EELS,Gold,"[{""position"": 0.0, ""amplitude"": 2.580536309994504, ""fwhm"": 2.6429703225692007}]",0.0,2.580536309994504,2.6429703225692007,,,,,,,,,,,,,,,
1046.963849535906,0.005,1,EELS,Gold,"[{""position"": 0.0, ""amplitude"": 2.580536309994504, ""fwhm"": 2.6429703225692007}]",0.0,2.580536309994504,2.6429703225692007,,,,,,,,,,,,,,,
1047.943331704934,0.003909358610775659,1,EELS,Gold,"[{""position"": 0.0, ""amplitude"": 2.580536309994504, ""fwhm"": 2.6429703225692007}]",0.0,2.580536309994504,2.6429703225692007,,,,,,,,,,,,,,,
1048.9228138739618,0.00223207529996998,1,EELS,Gold,"[{""position"": 0.0, ""amplitude"": 2.580536309994504, ""fwhm"": 2.6429703225692007}]",0.0,2.580536309994504,2.6429703225692007,,,,,,,,,,,,,,,
1049.9022960429897,0.005,1,EELS,Gold,"[{""position"": 0.0, ""amplitude"": 2.580536309994504, ""fwhm"": 2.6429703225692007}]",0.0,2.580536309994504,2.6429703225692007,,,,,,,,,,,,,,,
1050.8817782120175,0.0,1,EELS,Gold,"[{""position"": 0.0, ""amplitude"": 2.580536309994504, ""fwhm"": 2.6429703225692007}]",0.0,2.580536309994504,2.6429703225692007,,,,,,,,,,,,,,,
1051.8612603810454,0.015,1,EELS,Gold,"[{""position"": 0.0, ""amplitude"": 2.580536309994504, ""fwhm"": 2.6429703225692007}]",0.0,2.580536309994504,2.6429703225692007,,,,,,,,,,,,,,,
1052.8407425500732,0.005394079474944174,1,EELS,Gold,"[{""position"": 0.0, ""amplitude"": 2.580536309994504, ""fwhm"": 2.6429703225692007}]",0.0,2.580536309994504,2.6429703225692007,,,,,,,,,,,,,,,
1053.8202247191011,0.0010244382876524205,1,EELS,Gold,"[{""position"": 0.0, ""amplitude"": 2.580536309994504, ""fwhm"": 2.6429703225692007}]",0.0,2.580536309994504,2.6429703225692007,,,,,,,,,,,,,,,
1054.7997068881289,0.011148407237233532,1,EELS,Gold,"[{""position"": 0.0, ""amplitude"": 2.580536309994504, ""fwhm"": 2.6429703225692007}]",0.0,2.580536309994504,2.6429703225692007,,,,,,,,,,,,,,,
1055.7791890571568,0.002695897730331442,1,EELS,Gold,"[{""position"": 0.0, ""amplitude"": 2.580536309994504, ""fwhm"": 2.6429703225692007}]",0.0,2.580536309994504,2.6429703225692007,,,,,,,,,,,,,,,
1056.7586712261846,0.005655200831351442,1,EELS,Gold,"[{""position"": 0.0, ""amplitude"": 2.580536309994504, ""fwhm"": 2.6429703225692007}]",0.0,2.580536309994504,2.6429703225692007,,,,,,,,,,,,,,,
1057.7381533952125,0.005,1,EELS,Gold,"[{""position"": 0.0, ""amplitude"": 2.580536309994504, ""fwhm"": 2.6429703225692007}]",0.0,2.580536309994504,2.6429703225692007,,,,,,,,,,,,,,,
1058.7176355642403,0.005,1,EELS,Gold,"[{""position"": 0.0, ""amplitude"": 2.580536309994504, ""fwhm"": 2.6429703225692007}]",0.0,2.580536309994504,2.6429703225692007,,,,,,,,,,,,,,,
1059.6971177332682,0.0,1,EELS,Gold,"[{""position"": 0.0, ""amplitude"": 2.580536309994504, ""fwhm"": 2.6429703225692007}]",0.0,2.580536309994504,2.6429703225692007,,,,,,,,,,,,,,,
1060.676599902296,0.005,1,EELS,Gold,"[{""position"": 0.0, ""amplitude"": 2.580536309994504, ""fwhm"": 2.6429703225692007}]",0.0,2.580536309994504,2.6429703225692007,,,,,,,,,,,,,,,
1061.656082071324,0.0019152429195602393,1,EELS,Gold,"[{""position"": 0.0, ""amplitude"": 2.580536309994504, ""fwhm"": 2.6429703225692007}]",0.0,2.580536309994504,2.6429703225692007,,,,,,,,,,,,,,,
1062.6355642403516,0.00017313098861218064,1,EELS,Gold,"[{""position"": 0.0, ""amplitude"": 2.580536309994504, ""fwhm"": 2.6429703225692007}]",0.0,2.580536309994504,2.6429703225692007,,,,,,,,,,,,,,,
1063.6150464093796,0.0019280457455281262,1,EELS,Gold,"[{""position"": 0.0, ""amplitude"": 2.580536309994504, ""fwhm"": 2.6429703225692007}]",0.0,2.580536309994504,2.6429703225692007,,,,,,,,,,,,,,,
1064.5945285784073,0.005,1,EELS,Gold,"[{""position"": 0.0, ""amplitude"": 2.580536309994504, ""fwhm"": 2.6429703225692007}]",0.0,2.580536309994504,2.6429703225692007,,,,,,,,,,,,,,,
1065.5740107474353,0.00024176917524976885,1,EELS,Gold,"[{""position"": 0.0, ""amplitude"": 2.580536309994504, ""fwhm"": 2.6429703225692007}]",0.0,2.580536309994504,2.6429703225692007,,,,,,,,,,,,,,,
1066.553492916463,0.005,1,EELS,Gold,"[{""position"": 0.0, ""amplitude"": 2.580536309994504, ""fwhm"": 2.6429703225692007}]",0.0,2.580536309994504,2.6429703225692007,,,,,,,,,,,,,,,
1067.532975085491,0.0174014018161841,1,EELS,Gold,"[{""position"": 0.0, ""amplitude"": 2.580536309994504, ""fwhm"": 2.6429703225692007}]",0.0,2.580536309994504,2.6429703225692007,,,,,,,,,,,,,,,
1068.5124572545187,0.005932179936663358,1,EELS,Gold,"[{""position"": 0.0, ""amplitude"": 2.580536309994504, ""fwhm"": 2.6429703225692007}]",0.0,2.580536309994504,2.6429703225692007,,,,,,,,,,,,,,,
1069.4919394235467,0.01761188255844713,1,EELS,Gold,"[{""position"": 0.0, ""amplitude"": 2.580536309994504, ""fwhm"": 2.6429703225692007}]",0.0,2.580536309994504,2.6429703225692007,,,,,,,,,,,,,,,
1070.4714215925744,0.0,1,EELS,Gold,"[{""position"": 0.0, ""amplitude"": 2.580536309994504, ""fwhm"": 2.6429703225692007}]",0.0,2.580536309994504,2.6429703225692007,,,,,,,,,,,,,,,
1071.4509037616024,0.020422957993314866,1,EELS,Gold,"[{""position"": 0.0, ""amplitude"": 2.580536309994504, ""fwhm"": 2.6429703225692007}]",0.0,2.580536309994504,2.6429703225692007,,,,,,,,,,,,,,,
1072.43038593063,0.005,1,EELS,Gold,"[{""position"": 0.0, ""amplitude"": 2.580536309994504, ""fwhm"": 2.6429703225692007}]",0.0,2.580536309994504,2.6429703225692007,,,,,,,,,,,,,,,
1073.409868099658,0.0028957051364332676,1,EELS,Gold,"[{""position"": 0.0, ""amplitude"": 2.580536309994504, ""fwhm"": 2.6429703225692007}]",0.0,2.580536309994504,2.6429703225692007,,,,,,,,,,,,,,,
1074.3893502686858,0.005,1,EELS,Gold,"[{""position"": 0.0, ""amplitude"": 2.580536309994504, ""fwhm"": 2.6429703225692007}]",0.0,2.580536309994504,2.6429703225692007,,,,,,,,,,,,,,,
1075.3688324377138,0.006618325000325463,1,EELS,Gold,"[{""position"": 0.0, ""amplitude"": 2.580536309994504, ""fwhm"": 2.6429703225692007}]",0.0,2.580536309994504,2.6429703225692007,,,,,,,,,,,,,,,
1076.3483146067415,0.005,1,EELS,Gold,"[{""position"": 0.0, ""amplitude"": 2.580536309994504, ""fwhm"": 2.6429703225692007}]",0.0,2.580536309994504,2.6429703225692007,,,,,,,,,,,,,,,
1077.3277967757695,0.0,1,EELS,Gold,"[{""position"": 0.0, ""amplitude"": 2.580536309994504, ""fwhm"": 2.6429703225692007}]",0.0,2.580536309994504,2.6429703225692007,,,,,,,,,,,,,,,
1078.3072789447972,0.004973072501227313,1,EELS,Gold,"[{""position"": 0.0, ""amplitude"": 2.580536309994504, ""fwhm"": 2.6429703225692007}]",0.0,2.580536309994504,2.6429703225692007,,,,,,,,,,,,,,,
1079.2867611138252,0.0,1,EELS,Gold,"[{""position"": 0.0, ""amplitude"": 2.580536309994504, ""fwhm"": 2.6429703225692007}]",0.0,2.580536309994504,2.6429703225692007,,,,,,,,,,,,,,,
1080.2662432828529,0.0005987750876175008,1,EELS,Gold,"[{""position"": 0.0, ""amplitude"": 2.580536309994504, ""fwhm"": 2.6429703225692007}]",0.0,2.580536309994504,2.6429703225692007,,,,,,,,,,,,,,,
1081.2457254518808,0.0022813494502673722,1,EELS,Gold,"[{""position"": 0.0, ""amplitude"": 2.580536309994504, ""fwhm"": 2.6429703225692007}]",0.0,2.580536309994504,2.6429703225692007,,,,,,,,,,,,,,,
1082.2252076209086,0.0063160491987525255,1,EELS,Gold,"[{""position"": 0.0, ""amplitude"": 2.580536309994504, ""fwhm"": 2.6429703225692007}]",0.0,2.580536309994504,2.6429703225692007,,,,,,,,,,,,,,,
1083.2046897899365,0.00542583391862342,1,EELS,Gold,"[{""position"": 0.0, ""amplitude"": 2.580536309994504, ""fwhm"": 2.6429703225692007}]",0.0,2.580536309994504,2.6429703225692007,,,,,,,,,,,,,,,
1084.1841719589643,0.01597891366472489,1,EELS,Gold,"[{""position"": 0.0, ""amplitude"": 2.580536309994504, ""fwhm"": 2.6429703225692007}]",0.0,2.580536309994504,2.6429703225692007,,,,,,,,,,,,,,,
1085.1636541279922,0.006234422428423513,1,EELS,Gold,"[{""position"": 0.0, ""amplitude"": 2.580536309994504, ""fwhm"": 2.6429703225692007}]",0.0,2.580536309994504,2.6429703225692007,,,,,,,,,,,,,,,
1086.14313629702,0.005,1,EELS,Gold,"[{""position"": 0.0, ""amplitude"": 2.580536309994504, ""fwhm"": 2.6429703225692007}]",0.0,2.580536309994504,2.6429703225692007,,,,,,,,,,,,,,,
1087.122618466048,0.0005562796381319358,1,EELS,Gold,"[{""position"": 0.0, ""amplitude"": 2.580536309994504, ""fwhm"": 2.6429703225692007}]",0.0,2.580536309994504,2.6429703225692007,,,,,,,,,,,,,,,
1088.1021006350757,0.0027465572369438696,1,EELS,Gold,"[{""position"": 0.0, ""amplitude"": 2.580536309994504, ""fwhm"": 2.6429703225692007}]",0.0,2.580536309994504,2.6429703225692007,,,,,,,,,,,,,,,
1089.0815828041036,0.0028879734395937206,1,EELS,Gold,"[{""position"": 0.0, ""amplitude"": 2.580536309994504, ""fwhm"": 2.6429703225692007}]",0.0,2.580536309994504,2.6429703225692007,,,,,,,,,,,,,,,
1090.0610649731314,0.0030980548057279746,1,EELS,Gold,"[{""position"": 0.0, ""amplitude"": 2.580536309994504, ""fwhm"": 2.6429703225692007}]",0.0,2.580536309994504,2.6429703225692007,,,,,,,,,,,,,,,
1091.040547142159,0.006684368332605352,1,EELS,Gold,"[{""position"": 0.0, ""amplitude"": 2.580536309994504, ""fwhm"": 2.6429703225692007}]",0.0,2.580536309994504,2.6429703225692007,,,,,,,,,,,,,,,
1092.020029311187,0.005,1,EELS,Gold,"[{""position"": 0.0, ""amplitude"": 2.580536309994504, ""fwhm"": 2.6429703225692007}]",0.0,2.580536309994504,2.6429703225692007,,,,,,,,,,,,,,,
1092.9995114802148,0.0042488095505971895,1,EELS,Gold,"[{""position"": 0.0, ""amplitude"": 2.580536309994504, ""fwhm"": 2.6429703225692007}]",0.0,2.580536309994504,2.6429703225692007,,,,,,,,,,,,,,,
1093.9789936492427,0.005,1,EELS,Gold,"[{""position"": 0.0, ""amplitude"": 2.580536309994504, ""fwhm"": 2.6429703225692007}]",0.0,2.580536309994504,2.6429703225692007,,,,,,,,,,,,,,,
1094.9584758182705,0.010817631344981137,1,EELS,Gold,"[{""position"": 0.0, ""amplitude"": 2.580536309994504, ""fwhm"": 2.6429703225692007}]",0.0,2.580536309994504,2.6429703225692007,,,,,,,,,,,,,,,
1095.9379579872984,0.005,1,EELS,Gold,"[{""position"": 0.0, ""amplitude"": 2.580536309994504, ""fwhm"": 2.6429703225692007}]",0.0,2.580536309994504,2.6429703225692007,,,,,,,,,,,,,,,
1096.9174401563262,0.005,1,EELS,Gold,"[{""position"": 0.0, ""amplitude"": 2.580536309994504, ""fwhm"": 2.6429703225692007}]",0.0,2.580536309994504,2.6429703225692007,,,,,,,,,,,,,,,
1097.8969223253541,0.005884832739361714,1,EELS,Gold,"[{""position"": 0.0, ""amplitude"": 2.580536309994504, ""fwhm"": 2.6429703225692007}]",0.0,2.580536309994504,2.6429703225692007,,,,,,,,,,,,,,,
1098.8764044943819,0.01586568772609735,1,EELS,Gold,"[{""position"": 0.0, ""amplitude"": 2.580536309994504, ""fwhm"": 2.6429703225692007}]",0.0,2.580536309994504,2.6429703225692007,,,,,,,,,,,,,,,
1099.8558866634098,0.011124908874204118,1,EELS,Gold,"[{""position"": 0.0, ""amplitude"": 2.580536309994504, ""fwhm"": 2.6429703225692007}]",0.0,2.580536309994504,2.6429703225692007,,,,,,,,,,,,,,,
1100.8353688324376,0.004197542135147849,1,EELS,Gold,"[{""position"": 0.0, ""amplitude"": 2.580536309994504, ""fwhm"": 2.6429703225692007}]",0.0,2.580536309994504,2.6429703225692007,,,,,,,,,,,,,,,
1101.8148510014655,0.0012063101087715054,1,EELS,Gold,"[{""position"": 0.0, ""amplitude"": 2.580536309994504, ""fwhm"": 2.6429703225692007}]",0.0,2.580536309994504,2.6429703225692007,,,,,,,,,,,,,,,
1102.7943331704932,0.005,1,EELS,Gold,"[{""position"": 0.0, ""amplitude"": 2.580536309994504, ""fwhm"": 2.6429703225692007}]",0.0,2.580536309994504,2.6429703225692007,,,,,,,,,,,,,,,
1103.7738153395212,0.00752251783818092,1,EELS,Gold,"[{""position"": 0.0, ""amplitude"": 2.580536309994504, ""fwhm"": 2.6429703225692007}]",0.0,2.580536309994504,2.6429703225692007,,,,,,,,,,,,,,,
1104.753297508549,0.008103551171508383,1,EELS,Gold,"[{""position"": 0.0, ""amplitude"": 2.580536309994504, ""fwhm"": 2.6429703225692007}]",0.0,2.580536309994504,2.6429703225692007,,,,,,,,,,,,,,,
1105.732779677577,0.0,1,EELS,Gold,"[{""position"": 0.0, ""amplitude"": 2.580536309994504, ""fwhm"": 2.6429703225692007}]",0.0,2.580536309994504,2.6429703225692007,,,,,,,,,,,,,,,
1106.7122618466046,0.011576965561615218,1,EELS,Gold,"[{""position"": 0.0, ""amplitude"": 2.580536309994504, ""fwhm"": 2.6429703225692007}]",0.0,2.580536309994504,2.6429703225692007,,,,,,,,,,,,,,,
1107.6917440156326,0.0068444615021949025,1,EELS,Gold,"[{""position"": 0.0, ""amplitude"": 2.580536309994504, ""fwhm"": 2.6429703225692007}]",0.0,2.580536309994504,2.6429703225692007,,,,,,,,,,,,,,,
1108.6712261846603,0.005,1,EELS,Gold,"[{""position"": 0.0, ""amplitude"": 2.580536309994504, ""fwhm"": 2.6429703225692007}]",0.0,2.580536309994504,2.6429703225692007,,,,,,,,,,,,,,,
1109.6507083536883,0.008583448612078172,1,EELS,Gold,"[{""position"": 0.0, ""amplitude"": 2.580536309994504, ""fwhm"": 2.6429703225692007}]",0.0,2.580536309994504,2.6429703225692007,,,,,,,,,,,,,,,
1110.630190522716,0.0,1,EELS,Gold,"[{""position"": 0.0, ""amplitude"": 2.580536309994504, ""fwhm"": 2.6429703225692007}]",0.0,2.580536309994504,2.6429703225692007,,,,,,,,,,,,,,,
1111.609672691744,0.00036024766599738366,1,EELS,Gold,"[{""position"": 0.0, ""amplitude"": 2.580536309994504, ""fwhm"": 2.6429703225692007}]",0.0,2.580536309994504,2.6429703225692007,,,,,,,,,,,,,,,
1112.5891548607717,0.01,1,EELS,Gold,"[{""position"": 0.0, ""amplitude"": 2.580536309994504, ""fwhm"": 2.6429703225692007}]",0.0,2.580536309994504,2.6429703225692007,,,,,,,,,,,,,,,
1113.5686370297997,7.654904954919464e-05,1,EELS,Gold,"[{""position"": 0.0, ""amplitude"": 2.580536309994504, ""fwhm"": 2.6429703225692007}]",0.0,2.580536309994504,2.6429703225692007,,,,,,,,,,,,,,,
1114.5481191988274,0.0,1,EELS,Gold,"[{""position"": 0.0, ""amplitude"": 2.580536309994504, ""fwhm"": 2.6429703225692007}]",0.0,2.580536309994504,2.6429703225692007,,,,,,,,,,,,,,,
1115.5276013678554,0.01,1,EELS,Gold,"[{""position"": 0.0, ""amplitude"": 2.580536309994504, ""fwhm"": 2.6429703225692007}]",0.0,2.580536309994504,2.6429703225692007,,,,,,,,,,,,,,,
1116.507083536883,0.009147198965703054,1,EELS,Gold,"[{""position"": 0.0, ""amplitude"": 2.580536309994504, ""fwhm"": 2.6429703225692007}]",0.0,2.580536309994504,2.6429703225692007,,,,,,,,,,,,,,,
1117.486565705911,0.01,1,EELS,Gold,"[{""position"": 0.0, ""amplitude"": 2.580536309994504, ""fwhm"": 2.6429703225692007}]",0.0,2.580536309994504,2.6429703225692007,,,,,,,,,,,,,,,
1118.4660478749388,0.0,1,EELS,Gold,"[{""position"": 0.0, ""amplitude"": 2.580536309994504, ""fwhm"": 2.6429703225692007}]",0.0,2.580536309994504,2.6429703225692007,,,,,,,,,,,,,,,
1119.4455300439668,0.005,1,EELS,Gold,"[{""position"": 0.0, ""amplitude"": 2.580536309994504, ""fwhm"": 2.6429703225692007}]",0.0,2.580536309994504,2.6429703225692007,,,,,,,,,,,,,,,
1120.4250122129945,0.0,1,EELS,Gold,"[{""position"": 0.0, ""amplitude"": 2.580536309994504, ""fwhm"": 2.6429703225692007}]",0.0,2.580536309994504,2.6429703225692007,,,,,,,,,,,,,,,
1121.4044943820224,0.025,1,EELS,Gold,"[{""position"": 0.0, ""amplitude"": 2.580536309994504, ""fwhm"": 2.6429703225692007}]",0.0,2.580536309994504,2.6429703225692007,,,,,,,,,,,,,,,
1122.3839765510502,0.004269388135254848,1,EELS,Gold,"[{""position"": 0.0, ""amplitude"": 2.580536309994504, ""fwhm"": 2.6429703225692007}]",0.0,2.580536309994504,2.6429703225692007,,,,,,,,,,,,,,,
1123.3634587200781,0.0026393990247904208,1,EELS,Gold,"[{""position"": 0.0, ""amplitude"": 2.580536309994504, ""fwhm"": 2.6429703225692007}]",0.0,2.580536309994504,2.6429703225692007,,,,,,,,,,,,,,,
1124.3429408891059,0.005,1,EELS,Gold,"[{""position"": 0.0, ""amplitude"": 2.580536309994504, ""fwhm"": 2.6429703225692007}]",0.0,2.580536309994504,2.6429703225692007,,,,,,,,,,,,,,,
1125.3224230581338,0.005843031202874855,1,EELS,Gold,"[{""position"": 0.0, ""amplitude"": 2.580536309994504, ""fwhm"": 2.6429703225692007}]",0.0,2.580536309994504,2.6429703225692007,,,,,,,,,,,,,,,
1126.3019052271616,0.012566927081033833,1,EELS,Gold,"[{""position"": 0.0, ""amplitude"": 2.580536309994504, ""fwhm"": 2.6429703225692007}]",0.0,2.580536309994504,2.6429703225692007,,,,,,,,,,,,,,,
1127.2813873961895,0.0,1,EELS,Gold,"[{""position"": 0.0, ""amplitude"": 2.580536309994504, ""fwhm"": 2.6429703225692007}]",0.0,2.580536309994504,2.6429703225692007,,,,,,,,,,,,,,,
1128.2608695652173,0.0,1,EELS,Gold,"[{""position"": 0.0, ""amplitude"": 2.580536309994504, ""fwhm"": 2.6429703225692007}]",0.0,2.580536309994504,2.6429703225692007,,,,,,,,,,,,,,,
1129.2403517342452,0.005942112141799462,1,EELS,Gold,"[{""position"": 0.0, ""amplitude"": 2.580536309994504, ""fwhm"": 2.6429703225692007}]",0.0,2.580536309994504,2.6429703225692007,,,,,,,,,,,,,,,
1130.219833903273,0.0,1,EELS,Gold,"[{""position"": 0.0, ""amplitude"": 2.580536309994504, ""fwhm"": 2.6429703225692007}]",0.0,2.580536309994504,2.6429703225692007,,,,,,,,,,,,,,,
1131.199316072301,0.01,1,EELS,Gold,"[{""position"": 0.0, ""amplitude"": 2.580536309994504, ""fwhm"": 2.6429703225692007}]",0.0,2.580536309994504,2.6429703225692007,,,,,,,,,,,,,,,
1132.1787982413286,0.0026718357509646156,1,EELS,Gold,"[{""position"": 0.0, ""amplitude"": 2.580536309994504, ""fwhm"": 2.6429703225692007}]",0.0,2.580536309994504,2.6429703225692007,,,,,,,,,,,,,,,
1133.1582804103566,0.011325579298827583,1,EELS,Gold,"[{""position"": 0.0, ""amplitude"": 2.580536309994504, ""fwhm"": 2.6429703225692007}]",0.0,2.580536309994504,2.6429703225692007,,,,,,,,,,,,,,,
1134.1377625793843,0.013604282897628345,1,EELS,Gold,"[{""position"": 0.0, ""amplitude"": 2.580536309994504, ""fwhm"": 2.6429703225692007}]",0.0,2.580536309994504,2.6429703225692007,,,,,,,,,,,,,,,
1135.1172447484123,0.0014891646757978943,1,EELS,Gold,"[{""position"": 0.0, ""amplitude"": 2.580536309994504, ""fwhm"": 2.6429703225692007}]",0.0,2.580536309994504,2.6429703225692007,,,,,,,,,,,,,,,
1136.09672691744,0.006568641669440006,1,EELS,Gold,"[{""position"": 0.0, ""amplitude"": 2.580536309994504, ""fwhm"": 2.6429703225692007}]",0.0,2.580536309994504,2.6429703225692007,,,,,,,,,,,,,,,
1137.076209086468,0.007235476184461404,1,EELS,Gold,"[{""position"": 0.0, ""amplitude"": 2.580536309994504, ""fwhm"": 2.6429703225692007}]",0.0,2.580536309994504,2.6429703225692007,,,,,,,,,,,,,,,
1138.0556912554957,0.006991820724016978,1,EELS,Gold,"[{""position"": 0.0, ""amplitude"": 2.580536309994504, ""fwhm"": 2.6429703225692007}]",0.0,2.580536309994504,2.6429703225692007,,,,,,,,,,,,,,,
1139.0351734245237,0.0007600659913214998,1,EELS,Gold,"[{""position"": 0.0, ""amplitude"": 2.580536309994504, ""fwhm"": 2.6429703225692007}]",0.0,2.580536309994504,2.6429703225692007,,,,,,,,,,,,,,,
1140.0146555935514,0.005303699805643151,1,EELS,Gold,"[{""position"": 0.0, ""amplitude"": 2.580536309994504, ""fwhm"": 2.6429703225692007}]",0.0,2.580536309994504,2.6429703225692007,,,,,,,,,,,,,,,
1140.9941377625794,0.005,1,EELS,Gold,"[{""position"": 0.0, ""amplitude"": 2.580536309994504, ""fwhm"": 2.6429703225692007}]",0.0,2.580536309994504,2.6429703225692007,,,,,,,,,,,,,,,
1141.9736199316071,0.0,1,EELS,Gold,"[{""position"": 0.0, ""amplitude"": 2.580536309994504, ""fwhm"": 2.6429703225692007}]",0.0,2.580536309994504,2.6429703225692007,,,,,,,,,,,,,,,
1142.953102100635,0.0,1,EELS,Gold,"[{""position"": 0.0, ""amplitude"": 2.580536309994504, ""fwhm"": 2.6429703225692007}]",0.0,2.580536309994504,2.6429703225692007,,,,,,,,,,,,,,,
1143.9325842696628,0.0,1,EELS,Gold,"[{""position"": 0.0, ""amplitude"": 2.580536309994504, ""fwhm"": 2.6429703225692007}]",0.0,2.580536309994504,2.6429703225692007,,,,,,,,,,,,,,,
1144.9120664386908,0.005,1,EELS,Gold,"[{""position"": 0.0, ""amplitude"": 2.580536309994504, ""fwhm"": 2.6429703225692007}]",0.0,2.580536309994504,2.6429703225692007,,,,,,,,,,,,,,,
1145.8915486077185,0.005,1,EELS,Gold,"[{""position"": 0.0, ""amplitude"": 2.580536309994504, ""fwhm"": 2.6429703225692007}]",0.0,2.580536309994504,2.6429703225692007,,,,,,,,,,,,,,,
1146.8710307767465,0.0,1,EELS,Gold,"[{""position"": 0.0, ""amplitude"": 2.580536309994504, ""fwhm"": 2.6429703225692007}]",0.0,2.580536309994504,2.6429703225692007,,,,,,,,,,,,,,,
1147.8505129457742,0.005498472005732035,1,EELS,Gold,"[{""position"": 0.0, ""amplitude"": 2.580536309994504, ""fwhm"": 2.6429703225692007}]",0.0,2.580536309994504,2.6429703225692007,,,,,,,,,,,,,,,
1148.8299951148022,0.008623493905137053,1,EELS,Gold,"[{""position"": 0.0, ""amplitude"": 2.580536309994504, ""fwhm"": 2.6429703225692007}]",0.0,2.580536309994504,2.6429703225692007,,,,,,,,,,,,,,,
1149.80947728383,0.012402185917936279,1,EELS,Gold,"[{""position"": 0.0, ""amplitude"": 2.580536309994504, ""fwhm"": 2.6429703225692007}]",0.0,2.580536309994504,2.6429703225692007,,,,,,,,,,,,,,,
1150.7889594528579,0.005,1,EELS,Gold,"[{""position"": 0.0, ""amplitude"": 2.580536309994504, ""fwhm"": 2.6429703225692007}]",0.0,2.580536309994504,2.6429703225692007,,,,,,,,,,,,,,,
1151.7684416218856,0.0,1,EELS,Gold,"[{""position"": 0.0, ""amplitude"": 2.580536309994504, ""fwhm"": 2.6429703225692007}]",0.0,2.580536309994504,2.6429703225692007,,,,,,,,,,,,,,,
1152.7479237909135,0.002459938267778036,1,EELS,Gold,"[{""position"": 0.0, ""amplitude"": 2.580536309994504, ""fwhm"": 2.6429703225692007}]",0.0,2.580536309994504,2.6429703225692007,,,,,,,,,,,,,,,
1153.7274059599413,0.005,1,EELS,Gold,"[{""position"": 0.0, ""amplitude"": 2.580536309994504, ""fwhm"": 2.6429703225692007}]",0.0,2.580536309994504,2.6429703225692007,,,,,,,,,,,,,,,
1154.7068881289692,0.005,1,EELS,Gold,"[{""position"": 0.0, ""amplitude"": 2.580536309994504, ""fwhm"": 2.6429703225692007}]",0.0,2.580536309994504,2.6429703225692007,,,,,,,,,,,,,,,
1155.686370297997,0.0014524431729252753,1,EELS,Gold,"[{""position"": 0.0, ""amplitude"": 2.580536309994504, ""fwhm"": 2.6429703225692007}]",0.0,2.580536309994504,2.6429703225692007,,,,,,,,,,,,,,,
1156.665852467025,0.02,1,EELS,Gold,"[{""position"": 0.0, ""amplitude"": 2.580536309994504, ""fwhm"": 2.6429703225692007}]",0.0,2.580536309994504,2.6429703225692007,,,,,,,,,,,,,,,
1157.6453346360527,0.00030588127628249334,1,EELS,Gold,"[{""position"": 0.0, ""amplitude"": 2.580536309994504, ""fwhm"": 2.6429703225692007}]",0.0,2.580536309994504,2.6429703225692007,,,,,,,,,,,,,,,
1158.6248168050806,0.005,1,EELS,Gold,"[{""position"": 0.0, ""amplitude"": 2.580536309994504, ""fwhm"": 2.6429703225692007}]",0.0,2.580536309994504,2.6429703225692007,,,,,,,,,,,,,,,
1159.6042989741084,0.01,1,EELS,Gold,"[{""position"": 0.0, ""amplitude"": 2.580536309994504, ""fwhm"": 2.6429703225692007}]",0.0,2.580536309994504,2.6429703225692007,,,,,,,,,,,,,,,
1160.5837811431363,0.0008585281936210442,1,EELS,Gold,"[{""position"": 0.0, ""amplitude"": 2.580536309994504, ""fwhm"": 2.6429703225692007}]",0.0,2.580536309994504,2.6429703225692007,,,,,,,,,,,,,,,
1161.563263312164,0.01,1,EELS,Gold,"[{""position"": 0.0, ""amplitude"": 2.580536309994504, ""fwhm"": 2.6429703225692007}]",0.0,2.580536309994504,2.6429703225692007,,,,,,,,,,,,,,,
1162.542745481192,0.0011696081770469116,1,EELS,Gold,"[{""position"": 0.0, ""amplitude"": 2.580536309994504, ""fwhm"": 2.6429703225692007}]",0.0,2.580536309994504,2.6429703225692007,,,,,,,,,,,,,,,
1163.5222276502197,0.015,1,EELS,Gold,"[{""position"": 0.0, ""amplitude"": 2.580536309994504, ""fwhm"": 2.6429703225692007}]",0.0,2.580536309994504,2.6429703225692007,,,,,,,,,,,,,,,
1164.5017098192477,0.0014583159198667405,1,EELS,Gold,"[{""position"": 0.0, ""amplitude"": 2.580536309994504, ""fwhm"": 2.6429703225692007}]",0.0,2.580536309994504,2.6429703225692007,,,,,,,,,,,,,,,
1165.4811919882754,0.010611133208888675,1,EELS,Gold,"[{""position"": 0.0, ""amplitude"": 2.580536309994504, ""fwhm"": 2.6429703225692007}]",0.0,2.580536309994504,2.6429703225692007,,,,,,,,,,,,,,,
1166.4606741573034,0.01855083048087775,1,EELS,Gold,"[{""position"": 0.0, ""amplitude"": 2.580536309994504, ""fwhm"": 2.6429703225692007}]",0.0,2.580536309994504,2.6429703225692007,,,,,,,,,,,,,,,
1167.4401563263311,0.010356600260641394,1,EELS,Gold,"[{""position"": 0.0, ""amplitude"": 2.580536309994504, ""fwhm"": 2.6429703225692007}]",0.0,2.580536309994504,2.6429703225692007,,,,,,,,,,,,,,,
1168.419638495359,0.0,1,EELS,Gold,"[{""position"": 0.0, ""amplitude"": 2.580536309994504, ""fwhm"": 2.6429703225692007}]",0.0,2.580536309994504,2.6429703225692007,,,,,,,,,,,,,,,
1169.3991206643868,0.005348963853214386,1,EELS,Gold,"[{""position"": 0.0, ""amplitude"": 2.580536309994504, ""fwhm"": 2.6429703225692007}]",0.0,2.580536309994504,2.6429703225692007,,,,,,,,,,,,,,,
1170.3786028334148,0.006434346651370826,1,EELS,Gold,"[{""position"": 0.0, ""amplitude"": 2.580536309994504, ""fwhm"": 2.6429703225692007}]",0.0,2.580536309994504,2.6429703225692007,,,,,,,,,,,,,,,
1171.3580850024425,0.00015953715311099075,1,EELS,Gold,"[{""position"": 0.0, ""amplitude"": 2.580536309994504, ""fwhm"": 2.6429703225692007}]",0.0,2.580536309994504,2.6429703225692007,,,,,,,,,,,,,,,
1172.3375671714705,0.005138174884694617,1,EELS,Gold,"[{""position"": 0.0, ""amplitude"": 2.580536309994504, ""fwhm"": 2.6429703225692007}]",0.0,2.580536309994504,2.6429703225692007,,,,,,,,,,,,,,,
1173.3170493404982,0.01,1,EELS,Gold,"[{""position"": 0.0, ""amplitude"": 2.580536309994504, ""fwhm"": 2.6429703225692007}]",0.0,2.580536309994504,2.6429703225692007,,,,,,,,,,,,,,,
1174.2965315095262,0.0,1,EELS,Gold,"[{""position"": 0.0, ""amplitude"": 2.580536309994504, ""fwhm"": 2.6429703225692007}]",0.0,2.580536309994504,2.6429703225692007,,,,,,,,,,,,,,,
1175.276013678554,0.005,1,EELS,Gold,"[{""position"": 0.0, ""amplitude"": 2.580536309994504, ""fwhm"": 2.6429703225692007}]",0.0,2.580536309994504,2.6429703225692007,,,,,,,,,,,,,,,
1176.2554958475819,0.004544119099744973,1,EELS,Gold,"[{""position"": 0.0, ""amplitude"": 2.580536309994504, ""fwhm"": 2.6429703225692007}]",0.0,2.580536309994504,2.6429703225692007,,,,,,,,,,,,,,,
1177.2349780166096,0.015,1,EELS,Gold,"[{""position"": 0.0, ""amplitude"": 2.580536309994504, ""fwhm"": 2.6429703225692007}]",0.0,2.580536309994504,2.6429703225692007,,,,,,,,,,,,,,,
1178.2144601856376,0.01,1,EELS,Gold,"[{""position"": 0.0, ""amplitude"": 2.580536309994504, ""fwhm"": 2.6429703225692007}]",0.0,2.580536309994504,2.6429703225692007,,,,,,,,,,,,,,,
1179.1939423546653,0.005,1,EELS,Gold,"[{""position"": 0.0, ""amplitude"": 2.580536309994504, ""fwhm"": 2.6429703225692007}]",0.0,2.580536309994504,2.6429703225692007,,,,,,,,,,,,,,,
1180.1734245236933,0.00734046995023595,1,EELS,Gold,"[{""position"": 0.0, ""amplitude"": 2.580536309994504, ""fwhm"": 2.6429703225692007}]",0.0,2.580536309994504,2.6429703225692007,,,,,,,,,,,,,,,
1181.152906692721,0.0,1,EELS,Gold,"[{""position"": 0.0, ""amplitude"": 2.580536309994504, ""fwhm"": 2.6429703225692007}]",0.0,2.580536309994504,2.6429703225692007,,,,,,,,,,,,,,,
1182.1323888617487,0.003250020470235836,1,EELS,Gold,"[{""position"": 0.0, ""amplitude"": 2.580536309994504, ""fwhm"": 2.6429703225692007}]",0.0,2.580536309994504,2.6429703225692007,,,,,,,,,,,,,,,
1183.1118710307767,0.0,1,EELS,Gold,"[{""position"": 0.0, ""amplitude"": 2.580536309994504, ""fwhm"": 2.6429703225692007}]",0.0,2.580536309994504,2.6429703225692007,,,,,,,,,,,,,,,
1184.0913531998044,0.0057522980823572,1,EELS,Gold,"[{""position"": 0.0, ""amplitude"": 2.580536309994504, ""fwhm"": 2.6429703225692007}]",0.0,2.580536309994504,2.6429703225692007,,,,,,,,,,,,,,,
1185.0708353688324,0.01,1,EELS,Gold,"[{""position"": 0.0, ""amplitude"": 2.580536309994504, ""fwhm"": 2.6429703225692007}]",0.0,2.580536309994504,2.6429703225692007,,,,,,,,,,,,,,,
1186.05031753786,0.0055635502008710555,1,EELS,Gold,"[{""position"": 0.0, ""amplitude"": 2.580536309994504, ""fwhm"": 2.6429703225692007}]",0.0,2.580536309994504,2.6429703225692007,,,,,,,,,,,,,,,
1187.029799706888,0.01,1,EELS,Gold,"[{""position"": 0.0, ""amplitude"": 2.580536309994504, ""fwhm"": 2.6429703225692007}]",0.0,2.580536309994504,2.6429703225692007,,,,,,,,,,,,,,,
1188.0092818759158,0.015831602276099296,1,EELS,Gold,"[{""position"": 0.0, ""amplitude"": 2.580536309994504, ""fwhm"": 2.6429703225692007}]",0.0,2.580536309994504,2.6429703225692007,,,,,,,,,,,,,,,
1188.9887640449438,0.00666678617560175,1,EELS,Gold,"[{""position"": 0.0, ""amplitude"": 2.580536309994504, ""fwhm"": 2.6429703225692007}]",0.0,2.580536309994504,2.6429703225692007,,,,,,,,,,,,,,,
1189.9682462139715,0.006099594362604335,1,EELS,Gold,"[{""position"": 0.0, ""amplitude"": 2.580536309994504, ""fwhm"": 2.6429703225692007}]",0.0,2.580536309994504,2.6429703225692007,,,,,,,,,,,,,,,
1190.9477283829995,0.0,1,EELS,Gold,"[{""position"": 0.0, ""amplitude"": 2.580536309994504, ""fwhm"": 2.6429703225692007}]",0.0,2.580536309994504,2.6429703225692007,,,,,,,,,,,,,,,
1191.9272105520272,0.01,1,EELS,Gold,"[{""position"": 0.0, ""amplitude"": 2.580536309994504, ""fwhm"": 2.6429703225692007}]",0.0,2.580536309994504,2.6429703225692007,,,,,,,,,,,,,,,
1192.9066927210552,0.010145560357115396,1,EELS,Gold,"[{""position"": 0.0, ""amplitude"": 2.580536309994504, ""fwhm"": 2.6429703225692007}]",0.0,2.580536309994504,2.6429703225692007,,,,,,,,,,,,,,,
1193.8861748900829,0.005,1,EELS,Gold,"[{""position"": 0.0, ""amplitude"": 2.580536309994504, ""fwhm"": 2.6429703225692007}]",0.0,2.580536309994504,2.6429703225692007,,,,,,,,,,,,,,,
1194.8656570591108,0.012517602607501406,1,EELS,Gold,"[{""position"": 0.0, ""amplitude"": 2.580536309994504, ""fwhm"": 2.6429703225692007}]",0.0,2.580536309994504,2.6429703225692007,,,,,,,,,,,,,,,
1195.8451392281386,0.010731669572226772,1,EELS,Gold,"[{""position"": 0.0, ""amplitude"": 2.580536309994504, ""fwhm"": 2.6429703225692007}]",0.0,2.580536309994504,2.6429703225692007,,,,,,,,,,,,,,,
1196.8246213971665,0.01,1,EELS,Gold,"[{""position"": 0.0, ""amplitude"": 2.580536309994504, ""fwhm"": 2.6429703225692007}]",0.0,2.580536309994504,2.6429703225692007,,,,,,,,,,,,,,,
1197.8041035661943,0.0,1,EELS,Gold,"[{""position"": 0.0, ""amplitude"": 2.580536309994504, ""fwhm"": 2.6429703225692007}]",0.0,2.580536309994504,2.6429703225692007,,,,,,,,,,,,,,,
1198.7835857352222,0.0,1,EELS,Gold,"[{""position"": 0.0, ""amplitude"": 2.580536309994504, ""fwhm"": 2.6429703225692007}]",0.0,2.580536309994504,2.6429703225692007,,,,,,,,,,,,,,,
1199.76306790425,0.00668334063206932,1,EELS,Gold,"[{""position"": 0.0, ""amplitude"": 2.580536309994504, ""fwhm"": 2.6429703225692007}]",0.0,2.580536309994504,2.6429703225692007,,,,,,,,,,,,,,,
1200.742550073278,0.0,1,EELS,Gold,"[{""position"": 0.0, ""amplitude"": 2.580536309994504, ""fwhm"": 2.6429703225692007}]",0.0,2.580536309994504,2.6429703225692007,,,,,,,,,,,,,,,
1201.7220322423057,0.014258211994434764,1,EELS,Gold,"[{""position"": 0.0, ""amplitude"": 2.580536309994504, ""fwhm"": 2.6429703225692007}]",0.0,2.580536309994504,2.6429703225692007,,,,,,,,,,,,,,,
1202.7015144113336,0.014357647875970912,1,EELS,Gold,"[{""position"": 0.0, ""amplitude"": 2.580536309994504, ""fwhm"": 2.6429703225692007}]",0.0,2.580536309994504,2.6429703225692007,,,,,,,,,,,,,,,
1203.6809965803614,0.01,1,EELS,Gold,"[{""position"": 0.0, ""amplitude"": 2.580536309994504, ""fwhm"": 2.6429703225692007}]",0.0,2.580536309994504,2.6429703225692007,,,,,,,,,,,,,,,
1204.6604787493893,0.0014990577374326829,1,EELS,Gold,"[{""position"": 0.0, ""amplitude"": 2.580536309994504, ""fwhm"": 2.6429703225692007}]",0.0,2.580536309994504,2.6429703225692007,,,,,,,,,,,,,,,
1205.639960918417,0.009230406506939104,1,EELS,Gold,"[{""position"": 0.0, ""amplitude"": 2.580536309994504, ""fwhm"": 2.6429703225692007}]",0.0,2.580536309994504,2.6429703225692007,,,,,,,,,,,,,,,
1206.619443087445,0.0,1,EELS,Gold,"[{""position"": 0.0, ""amplitude"": 2.580536309994504, ""fwhm"": 2.6429703225692007}]",0.0,2.580536309994504,2.6429703225692007,,,,,,,,,,,,,,,
1207.5989252564727,0.005,1,EELS,Gold,"[{""position"": 0.0, ""amplitude"": 2.580536309994504, ""fwhm"": 2.6429703225692007}]",0.0,2.580536309994504,2.6429703225692007,,,,,,,,,,,,,,,
1208.5784074255007,0.005,1,EELS,Gold,"[{""position"": 0.0, ""amplitude"": 2.580536309994504, ""fwhm"": 2.6429703225692007}]",0.0,2.580536309994504,2.6429703225692007,,,,,,,,,,,,,,,
1209.5578895945284,0.005,1,EELS,Gold,"[{""position"": 0.0, ""amplitude"": 2.580536309994504, ""fwhm"": 2.6429703225692007}]",0.0,2.580536309994504,2.6429703225692007,,,,,,,,,,,,,,,
1210.5373717635564,0.02,1,EELS,Gold,"[{""position"": 0.0, ""amplitude"": 2.580536309994504, ""fwhm"": 2.6429703225692007}]",0.0,2.580536309994504,2.6429703225692007,,,,,,,,,,,,,,,
1211.5168539325841,0.0,1,EELS,Gold,"[{""position"": 0.0, ""amplitude"": 2.580536309994504, ""fwhm"": 2.6429703225692007}]",0.0,2.580536309994504,2.6429703225692007,,,,,,,,,,,,,,,
1212.496336101612,0.010119644632371695,1,EELS,Gold,"[{""position"": 0.0, ""amplitude"": 2.580536309994504, ""fwhm"": 2.6429703225692007}]",0.0,2.580536309994504,2.6429703225692007,,,,,,,,,,,,,,,
1213.4758182706398,0.005,1,EELS,Gold,"[{""position"": 0.0, ""amplitude"": 2.580536309994504, ""fwhm"": 2.6429703225692007}]",0.0,2.580536309994504,2.6429703225692007,,,,,,,,,,,,,,,
1214.4553004396678,0.0006344378402859906,1,EELS,Gold,"[{""position"": 0.0, ""amplitude"": 2.580536309994504, ""fwhm"": 2.6429703225692007}]",0.0,2.580536309994504,2.6429703225692007,,,,,,,,,,,,,,,
1215.4347826086955,0.005,1,EELS,Gold,"[{""position"": 0.0, ""amplitude"": 2.580536309994504, ""fwhm"": 2.6429703225692007}]",0.0,2.580536309994504,2.6429703225692007,,,,,,,,,,,,,,,
1216.4142647777235,0.005884686128901448,1,EELS,Gold,"[{""position"": 0.0, ""amplitude"": 2.580536309994504, ""fwhm"": 2.6429703225692007}]",0.0,2.580536309994504,2.6429703225692007,,,,,,,,,,,,,,,
1217.3937469467512,0.002180579477042224,1,EELS,Gold,"[{""position"": 0.0, ""amplitude"": 2.580536309994504, ""fwhm"": 2.6429703225692007}]",0.0,2.580536309994504,2.6429703225692007,,,,,,,,,,,,,,,
1218.3732291157792,0.005,1,EELS,Gold,"[{""position"": 0.0, ""amplitude"": 2.580536309994504, ""fwhm"": 2.6429703225692007}]",0.0,2.580536309994504,2.6429703225692007,,,,,,,,,,,,,,,
1219.352711284807,0.005995882568757714,1,EELS,Gold,"[{""position"": 0.0, ""amplitude"": 2.580536309994504, ""fwhm"": 2.6429703225692007}]",0.0,2.580536309994504,2.6429703225692007,,,,,,,,,,,,,,,
1220.3321934538349,0.008196634172391068,1,EELS,Gold,"[{""position"": 0.0, ""amplitude"": 2.580536309994504, ""fwhm"": 2.6429703225692007}]",0.0,2.580536309994504,2.6429703225692007,,,,,,,,,,,,,,,
1221.3116756228626,0.015,1,EELS,Gold,"[{""position"": 0.0, ""amplitude"": 2.580536309994504, ""fwhm"": 2.6429703225692007}]",0.0,2.580536309994504,2.6429703225692007,,,,,,,,,,,,,,,
1222.2911577918906,0.009343608203479122,1,EELS,Gold,"[{""position"": 0.0, ""amplitude"": 2.580536309994504, ""fwhm"": 2.6429703225692007}]",0.0,2.580536309994504,2.6429703225692007,,,,,,,,,,,,,,,
1223.2706399609183,0.006111644722526407,1,EELS,Gold,"[{""position"": 0.0, ""amplitude"": 2.580536309994504, ""fwhm"": 2.6429703225692007}]",0.0,2.580536309994504,2.6429703225692007,,,,,,,,,,,,,,,
1224.2501221299462,0.005,1,EELS,Gold,"[{""position"": 0.0, ""amplitude"": 2.580536309994504, ""fwhm"": 2.6429703225692007}]",0.0,2.580536309994504,2.6429703225692007,,,,,,,,,,,,,,,
1225.229604298974,0.01,1,EELS,Gold,"[{""position"": 0.0, ""amplitude"": 2.580536309994504, ""fwhm"": 2.6429703225692007}]",0.0,2.580536309994504,2.6429703225692007,,,,,,,,,,,,,,,
1226.209086468002,0.0014706902495875468,1,EELS,Gold,"[{""position"": 0.0, ""amplitude"": 2.580536309994504, ""fwhm"": 2.6429703225692007}]",0.0,2.580536309994504,2.6429703225692007,,,,,,,,,,,,,,,
1227.1885686370297,0.01022712456260241,1,EELS,Gold,"[{""position"": 0.0, ""amplitude"": 2.580536309994504, ""fwhm"": 2.6429703225692007}]",0.0,2.580536309994504,2.6429703225692007,,,,,,,,,,,,,,,
1228.1680508060576,0.001420153083272414,1,EELS,Gold,"[{""position"": 0.0, ""amplitude"": 2.580536309994504, ""fwhm"": 2.6429703225692007}]",0.0,2.580536309994504,2.6429703225692007,,,,,,,,,,,,,,,
1229.1475329750854,0.005,1,EELS,Gold,"[{""position"": 0.0, ""amplitude"": 2.580536309994504, ""fwhm"": 2.6429703225692007}]",0.0,2.580536309994504,2.6429703225692007,,,,,,,,,,,,,,,
1230.1270151441133,0.0004676959685667794,1,EELS,Gold,"[{""position"": 0.0, ""amplitude"": 2.580536309994504, ""fwhm"": 2.6429703225692007}]",0.0,2.580536309994504,2.6429703225692007,,,,,,,,,,,,,,,
1231.106497313141,0.0,1,EELS,Gold,"[{""position"": 0.0, ""amplitude"": 2.580536309994504, ""fwhm"": 2.6429703225692007}]",0.0,2.580536309994504,2.6429703225692007,,,,,,,,,,,,,,,
1232.085979482169,0.005,1,EELS,Gold,"[{""position"": 0.0, ""amplitude"": 2.580536309994504, ""fwhm"": 2.6429703225692007}]",0.0,2.580536309994504,2.6429703225692007,,,,,,,,,,,,,,,
1233.0654616511968,0.0,1,EELS,Gold,"[{""position"": 0.0, ""amplitude"": 2.580536309994504, ""fwhm"": 2.6429703225692007}]",0.0,2.580536309994504,2.6429703225692007,,,,,,,,,,,,,,,
1234.0449438202247,0.01,1,EELS,Gold,"[{""position"": 0.0, ""amplitude"": 2.580536309994504, ""fwhm"": 2.6429703225692007}]",0.0,2.580536309994504,2.6429703225692007,,,,,,,,,,,,,,,
1235.0244259892524,0.008217759838167025,1,EELS,Gold,"[{""position"": 0.0, ""amplitude"": 2.580536309994504, ""fwhm"": 2.6429703225692007}]",0.0,2.580536309994504,2.6429703225692007,,,,,,,,,,,,,,,
1236.0039081582804,0.0028444398334263855,1,EELS,Gold,"[{""position"": 0.0, ""amplitude"": 2.580536309994504, ""fwhm"": 2.6429703225692007}]",0.0,2.580536309994504,2.6429703225692007,,,,,,,,,,,,,,,
1236.9833903273081,0.001601260452971689,1,EELS,Gold,"[{""position"": 0.0, ""amplitude"": 2.580536309994504, ""fwhm"": 2.6429703225692007}]",0.0,2.580536309994504,2.6429703225692007,,,,,,,,,,,,,,,
1237.962872496336,0.005,1,EELS,Gold,"[{""position"": 0.0, ""amplitude"": 2.580536309994504, ""fwhm"": 2.6429703225692007}]",0.0,2.580536309994504,2.6429703225692007,,,,,,,,,,,,,,,
1238.9423546653638,0.0,1,EELS,Gold,"[{""position"": 0.0, ""amplitude"": 2.580536309994504, ""fwhm"": 2.6429703225692007}]",0.0,2.580536309994504,2.6429703225692007,,,,,,,,,,,,,,,
1239.9218368343918,0.013158278842231131,1,EELS,Gold,"[{""position"": 0.0, ""amplitude"": 2.580536309994504, ""fwhm"": 2.6429703225692007}]",0.0,2.580536309994504,2.6429703225692007,,,,,,,,,,,,,,,
1240.9013190034195,0.005395995961609007,1,EELS,Gold,"[{""position"": 0.0, ""amplitude"": 2.580536309994504, ""fwhm"": 2.6429703225692007}]",0.0,2.580536309994504,2.6429703225692007,,,,,,,,,,,,,,,
1241.8808011724475,0.011010299536887449,1,EELS,Gold,"[{""position"": 0.0, ""amplitude"": 2.580536309994504, ""fwhm"": 2.6429703225692007}]",0.0,2.580536309994504,2.6429703225692007,,,,,,,,,,,,,,,
1242.8602833414752,0.006044599088509184,1,EELS,Gold,"[{""position"": 0.0, ""amplitude"": 2.580536309994504, ""fwhm"": 2.6429703225692007}]",0.0,2.580536309994504,2.6429703225692007,,,,,,,,,,,,,,,
1243.8397655105032,0.0005256478175568076,1,EELS,Gold,"[{""position"": 0.0, ""amplitude"": 2.580536309994504, ""fwhm"": 2.6429703225692007}]",0.0,2.580536309994504,2.6429703225692007,,,,,,,,,,,,,,,
1244.819247679531,0.0,1,EELS,Gold,"[{""position"": 0.0, ""amplitude"": 2.580536309994504, ""fwhm"": 2.6429703225692007}]",0.0,2.580536309994504,2.6429703225692007,,,,,,,,,,,,,,,
1245.7987298485589,0.0003747250228228484,1,EELS,Gold,"[{""position"": 0.0, ""amplitude"": 2.580536309994504, ""fwhm"": 2.6429703225692007}]",0.0,2.580536309994504,2.6429703225692007,,,,,,,,,,,,,,,
1246.7782120175866,0.0,1,EELS,Gold,"[{""position"": 0.0, ""amplitude"": 2.580536309994504, ""fwhm"": 2.6429703225692007}]",0.0,2.580536309994504,2.6429703225692007,,,,,,,,,,,,,,,
1247.7576941866146,0.026856005189145514,1,EELS,Gold,"[{""position"": 0.0, ""amplitude"": 2.580536309994504, ""fwhm"": 2.6429703225692007}]",0.0,2.580536309994504,2.6429703225692007,,,,,,,,,,,,,,,
1248.7371763556423,0.0024968938204879233,1,EELS,Gold,"[{""position"": 0.0, ""amplitude"": 2.580536309994504, ""fwhm"": 2.6429703225692007}]",0.0,2.580536309994504,2.6429703225692007,,,,,,,,,,,,,,,
1249.7166585246703,0.005,1,EELS,Gold,"[{""position"": 0.0, ""amplitude"": 2.580536309994504, ""fwhm"": 2.6429703225692007}]",0.0,2.580536309994504,2.6429703225692007,,,,,,,,,,,,,,,
1250.696140693698,0.005,1,EELS,Gold,"[{""position"": 0.0, ""amplitude"": 2.580536309994504, ""fwhm"": 2.6429703225692007}]",0.0,2.580536309994504,2.6429703225692007,,,,,,,,,,,,,,,
1251.675622862726,0.0,1,EELS,Gold,"[{""position"": 0.0, ""amplitude"": 2.580536309994504, ""fwhm"": 2.6429703225692007}]",0.0,2.580536309994504,2.6429703225692007,,,,,,,,,,,,,,,
1252.6551050317537,0.001339871929290415,1,EELS,Gold,"[{""position"": 0.0, ""amplitude"": 2.580536309994504, ""fwhm"": 2.6429703225692007}]",0.0,2.580536309994504,2.6429703225692007,,,,,,,,,,,,,,,
1253.6345872007817,0.005,1,EELS,Gold,"[{""position"": 0.0, ""amplitude"": 2.580536309994504, ""fwhm"": 2.6429703225692007}]",0.0,2.580536309994504,2.6429703225692007,,,,,,,,,,,,,,,
1254.6140693698094,0.01,1,EELS,Gold,"[{""position"": 0.0, ""amplitude"": 2.580536309994504, ""fwhm"": 2.6429703225692007}]",0.0,2.580536309994504,2.6429703225692007,,,,,,,,,,,,,,,
1255.5935515388373,0.006031888544368569,1,EELS,Gold,"[{""position"": 0.0, ""amplitude"": 2.580536309994504, ""fwhm"": 2.6429703225692007}]",0.0,2.580536309994504,2.6429703225692007,,,,,,,,,,,,,,,
1256.573033707865,0.00645748968741648,1,EELS,Gold,"[{""position"": 0.0, ""amplitude"": 2.580536309994504, ""fwhm"": 2.6429703225692007}]",0.0,2.580536309994504,2.6429703225692007,,,,,,,,,,,,,,,
1257.552515876893,0.010014324809921248,1,EELS,Gold,"[{""position"": 0.0, ""amplitude"": 2.580536309994504, ""fwhm"": 2.6429703225692007}]",0.0,2.580536309994504,2.6429703225692007,,,,,,,,,,,,,,,
1258.5319980459208,0.0021917448061710885,1,EELS,Gold,"[{""position"": 0.0, ""amplitude"": 2.580536309994504, ""fwhm"": 2.6429703225692007}]",0.0,2.580536309994504,2.6429703225692007,,,,,,,,,,,,,,,
1259.5114802149487,0.00024087592169792392,1,EELS,Gold,"[{""position"": 0.0, ""amplitude"": 2.580536309994504, ""fwhm"": 2.6429703225692007}]",0.0,2.580536309994504,2.6429703225692007,,,,,,,,,,,,,,,
1260.4909623839765,0.005,1,EELS,Gold,"[{""position"": 0.0, ""amplitude"": 2.580536309994504, ""fwhm"": 2.6429703225692007}]",0.0,2.580536309994504,2.6429703225692007,,,,,,,,,,,,,,,
1261.4704445530044,0.007399400670894793,1,EELS,Gold,"[{""position"": 0.0, ""amplitude"": 2.580536309994504, ""fwhm"": 2.6429703225692007}]",0.0,2.580536309994504,2.6429703225692007,,,,,,,,,,,,,,,
1262.4499267220322,0.01,1,EELS,Gold,"[{""position"": 0.0, ""amplitude"": 2.580536309994504, ""fwhm"": 2.6429703225692007}]",0.0,2.580536309994504,2.6429703225692007,,,,,,,,,,,,,,,
1263.4294088910601,0.0007191485928660883,1,EELS,Gold,"[{""position"": 0.0, ""amplitude"": 2.580536309994504, ""fwhm"": 2.6429703225692007}]",0.0,2.580536309994504,2.6429703225692007,,,,,,,,,,,,,,,
1264.4088910600879,0.010859122839292162,1,EELS,Gold,"[{""position"": 0.0, ""amplitude"": 2.580536309994504, ""fwhm"": 2.6429703225692007}]",0.0,2.580536309994504,2.6429703225692007,,,,,,,,,,,,,,,
1265.3883732291158,0.015,1,EELS,Gold,"[{""position"": 0.0, ""amplitude"": 2.580536309994504, ""fwhm"": 2.6429703225692007}]",0.0,2.580536309994504,2.6429703225692007,,,,,,,,,,,,,,,
1266.3678553981435,0.002587338471339903,1,EELS,Gold,"[{""position"": 0.0, ""amplitude"": 2.580536309994504, ""fwhm"": 2.6429703225692007}]",0.0,2.580536309994504,2.6429703225692007,,,,,,,,,,,,,,,
1267.3473375671715,0.0,1,EELS,Gold,"[{""position"": 0.0, ""amplitude"": 2.580536309994504, ""fwhm"": 2.6429703225692007}]",0.0,2.580536309994504,2.6429703225692007,,,,,,,,,,,,,,,
1268.3268197361992,0.0,1,EELS,Gold,"[{""position"": 0.0, ""amplitude"": 2.580536309994504, ""fwhm"": 2.6429703225692007}]",0.0,2.580536309994504,2.6429703225692007,,,,,,,,,,,,,,,
1269.3063019052272,0.01641277091563223,1,EELS,Gold,"[{""position"": 0.0, ""amplitude"": 2.580536309994504, ""fwhm"": 2.6429703225692007}]",0.0,2.580536309994504,2.6429703225692007,,,,,,,,,,,,,,,
1270.285784074255,0.0,1,EELS,Gold,"[{""position"": 0.0, ""amplitude"": 2.580536309994504, ""fwhm"": 2.6429703225692007}]",0.0,2.580536309994504,2.6429703225692007,,,,,,,,,,,,,,,
1271.265266243283,0.005102120506178897,1,EELS,Gold,"[{""position"": 0.0, ""amplitude"": 2.580536309994504, ""fwhm"": 2.6429703225692007}]",0.0,2.580536309994504,2.6429703225692007,,,,,,,,,,,,,,,
1272.2447484123106,5.916768683343515e-06,1,EELS,Gold,"[{""position"": 0.0, ""amplitude"": 2.580536309994504, ""fwhm"": 2.6429703225692007}]",0.0,2.580536309994504,2.6429703225692007,,,,,,,,,,,,,,,
1273.2242305813384,0.007829057904448676,1,EELS,Gold,"[{""position"": 0.0, ""amplitude"": 2.580536309994504, ""fwhm"": 2.6429703225692007}]",0.0,2.580536309994504,2.6429703225692007,,,,,,,,,,,,,,,
1274.2037127503663,0.001253227029084874,1,EELS,Gold,"[{""position"": 0.0, ""amplitude"": 2.580536309994504, ""fwhm"": 2.6429703225692007}]",0.0,2.580536309994504,2.6429703225692007,,,,,,,,,,,,,,,
1275.183194919394,0.005,1,EELS,Gold,"[{""position"": 0.0, ""amplitude"": 2.580536309994504, ""fwhm"": 2.6429703225692007}]",0.0,2.580536309994504,2.6429703225692007,,,,,,,,,,,,,,,
1276.162677088422,0.007137656715865453,1,EELS,Gold,"[{""position"": 0.0, ""amplitude"": 2.580536309994504, ""fwhm"": 2.6429703225692007}]",0.0,2.580536309994504,2.6429703225692007,,,,,,,,,,,,,,,
1277.1421592574497,0.0036134945464640213,1,EELS,Gold,"[{""position"": 0.0, ""amplitude"": 2.580536309994504, ""fwhm"": 2.6429703225692007}]",0.0,2.580536309994504,2.6429703225692007,,,,,,,,,,,,,,,
1278.1216414264777,0.0014673642001472216,1,EELS,Gold,"[{""position"": 0.0, ""amplitude"": 2.580536309994504, ""fwhm"": 2.6429703225692007}]",0.0,2.580536309994504,2.6429703225692007,,,,,,,,,,,,,,,
1279.1011235955054,0.005055867856166214,1,EELS,Gold,"[{""position"": 0.0, ""amplitude"": 2.580536309994504, ""fwhm"": 2.6429703225692007}]",0.0,2.580536309994504,2.6429703225692007,,,,,,,,,,,,,,,
1280.0806057645334,0.005,1,EELS,Gold,"[{""position"": 0.0, ""amplitude"": 2.580536309994504, ""fwhm"": 2.6429703225692007}]",0.0,2.580536309994504,2.6429703225692007,,,,,,,,,,,,,,,
1281.0600879335611,0.0,1,EELS,Gold,"[{""position"": 0.0, ""amplitude"": 2.580536309994504, ""fwhm"": 2.6429703225692007}]",0.0,2.580536309994504,2.6429703225692007,,,,,,,,,,,,,,,
1282.039570102589,0.005,1,EELS,Gold,"[{""position"": 0.0, ""amplitude"": 2.580536309994504, ""fwhm"": 2.6429703225692007}]",0.0,2.580536309994504,2.6429703225692007,,,,,,,,,,,,,,,
1283.0190522716168,0.005,1,EELS,Gold,"[{""position"": 0.0, ""amplitude"": 2.580536309994504, ""fwhm"": 2.6429703225692007}]",0.0,2.580536309994504,2.6429703225692007,,,,,,,,,,,,,,,
1283.9985344406448,0.01,1,EELS,Gold,"[{""position"": 0.0, ""amplitude"": 2.580536309994504, ""fwhm"": 2.6429703225692007}]",0.0,2.580536309994504,2.6429703225692007,,,,,,,,,,,,,,,
1284.9780166096725,0.005175019781020333,1,EELS,Gold,"[{""position"": 0.0, ""amplitude"": 2.580536309994504, ""fwhm"": 2.6429703225692007}]",0.0,2.580536309994504,2.6429703225692007,,,,,,,,,,,,,,,
1285.9574987787005,0.02139458827030972,1,EELS,Gold,"[{""position"": 0.0, ""amplitude"": 2.580536309994504, ""fwhm"": 2.6429703225692007}]",0.0,2.580536309994504,2.6429703225692007,,,,,,,,,,,,,,,
1286.9369809477282,0.005,1,EELS,Gold,"[{""position"": 0.0, ""amplitude"": 2.580536309994504, ""fwhm"": 2.6429703225692007}]",0.0,2.580536309994504,2.6429703225692007,,,,,,,,,,,,,,,
1287.9164631167562,0.0012831624795618406,1,EELS,Gold,"[{""position"": 0.0, ""amplitude"": 2.580536309994504, ""fwhm"": 2.6429703225692007}]",0.0,2.580536309994504,2.6429703225692007,,,,,,,,,,,,,,,
1288.895945285784,0.015195052856500486,1,EELS,Gold,"[{""position"": 0.0, ""amplitude"": 2.580536309994504, ""fwhm"": 2.6429703225692007}]",0.0,2.580536309994504,2.6429703225692007,,,,,,,,,,,,,,,
1289.8754274548119,0.01,1,EELS,Gold,"[{""position"": 0.0, ""amplitude"": 2.580536309994504, ""fwhm"": 2.6429703225692007}]",0.0,2.580536309994504,2.6429703225692007,,,,,,,,,,,,,,,
1290.8549096238396,0.005,1,EELS,Gold,"[{""position"": 0.0, ""amplitude"": 2.580536309994504, ""fwhm"": 2.6429703225692007}]",0.0,2.580536309994504,2.6429703225692007,,,,,,,,,,,,,,,
1291.8343917928676,0.0,1,EELS,Gold,"[{""position"": 0.0, ""amplitude"": 2.580536309994504, ""fwhm"": 2.6429703225692007}]",0.0,2.580536309994504,2.6429703225692007,,,,,,,,,,,,,,,
1292.8138739618953,0.02,1,EELS,Gold,"[{""position"": 0.0, ""amplitude"": 2.580536309994504, ""fwhm"": 2.6429703225692007}]",0.0,2.580536309994504,2.6429703225692007,,,,,,,,,,,,,,,
1293.7933561309233,0.006575392791084918,1,EELS,Gold,"[{""position"": 0.0, ""amplitude"": 2.580536309994504, ""fwhm"": 2.6429703225692007}]",0.0,2.580536309994504,2.6429703225692007,,,,,,,,,,,,,,,
1294.772838299951,0.008975212864797338,1,EELS,Gold,"[{""position"": 0.0, ""amplitude"": 2.580536309994504, ""fwhm"": 2.6429703225692007}]",0.0,2.580536309994504,2.6429703225692007,,,,,,,,,,,,,,,
1295.752320468979,0.008170805399250563,1,EELS,Gold,"[{""position"": 0.0, ""amplitude"": 2.580536309994504, ""fwhm"": 2.6429703225692007}]",0.0,2.580536309994504,2.6429703225692007,,,,,,,,,,,,,,,
1296.7318026380067,0.0,1,EELS,Gold,"[{""position"": 0.0, ""amplitude"": 2.580536309994504, ""fwhm"": 2.6429703225692007}]",0.0,2.580536309994504,2.6429703225692007,,,,,,,,,,,,,,,
1297.7112848070346,0.008871917672977186,1,EELS,Gold,"[{""position"": 0.0, ""amplitude"": 2.580536309994504, ""fwhm"": 2.6429703225692007}]",0.0,2.580536309994504,2.6429703225692007,,,,,,,,,,,,,,,
1298.6907669760624,0.005411774704922254,1,EELS,Gold,"[{""position"": 0.0, ""amplitude"": 2.580536309994504, ""fwhm"": 2.6429703225692007}]",0.0,2.580536309994504,2.6429703225692007,,,,,,,,,,,,,,,
1299.6702491450903,0.005,1,EELS,Gold,"[{""position"": 0.0, ""amplitude"": 2.580536309994504, ""fwhm"": 2.6429703225692007}]",0.0,2.580536309994504,2.6429703225692007,,,,,,,,,,,,,,,
1300.649731314118,0.0,1,EELS,Gold,"[{""position"": 0.0, ""amplitude"": 2.580536309994504, ""fwhm"": 2.6429703225692007}]",0.0,2.580536309994504,2.6429703225692007,,,,,,,,,,,,,,,
1301.629213483146,0.0,1,EELS,Gold,"[{""position"": 0.0, ""amplitude"": 2.580536309994504, ""fwhm"": 2.6429703225692007}]",0.0,2.580536309994504,2.6429703225692007,,,,,,,,,,,,,,,
1302.6086956521738,0.005,1,EELS,Gold,"[{""position"": 0.0, ""amplitude"": 2.580536309994504, ""fwhm"": 2.6429703225692007}]",0.0,2.580536309994504,2.6429703225692007,,,,,,,,,,,,,,,
1303.5881778212017,0.0004676773637038439,1,EELS,Gold,"[{""position"": 0.0, ""amplitude"": 2.580536309994504, ""fwhm"": 2.6429703225692007}]",0.0,2.580536309994504,2.6429703225692007,,,,,,,,,,,,,,,
1304.5676599902295,0.005442268156187677,1,EELS,Gold,"[{""position"": 0.0, ""amplitude"": 2.580536309994504, ""fwhm"": 2.6429703225692007}]",0.0,2.580536309994504,2.6429703225692007,,,,,,,,,,,,,,,
1305.5471421592574,0.010036094257593218,1,EELS,Gold,"[{""position"": 0.0, ""amplitude"": 2.580536309994504, ""fwhm"": 2.6429703225692007}]",0.0,2.580536309994504,2.6429703225692007,,,,,,,,,,,,,,,
1306.5266243282852,0.01115472549845264,1,EELS,Gold,"[{""position"": 0.0, ""amplitude"": 2.580536309994504, ""fwhm"": 2.6429703225692007}]",0.0,2.580536309994504,2.6429703225692007,,,,,,,,,,,,,,,
1307.506106497313,0.00809790940770611,1,EELS,Gold,"[{""position"": 0.0, ""amplitude"": 2.580536309994504, ""fwhm"": 2.6429703225692007}]",0.0,2.580536309994504,2.6429703225692007,,,,,,,,,,,,,,,
1308.4855886663408,0.007476289728635191,1,EELS,Gold,"[{""position"": 0.0, ""amplitude"": 2.580536309994504, ""fwhm"": 2.6429703225692007}]",0.0,2.580536309994504,2.6429703225692007,,,,,,,,,,,,,,,
1309.4650708353688,0.01,1,EELS,Gold,"[{""position"": 0.0, ""amplitude"": 2.580536309994504, ""fwhm"": 2.6429703225692007}]",0.0,2.580536309994504,2.6429703225692007,,,,,,,,,,,,,,,
1310.4445530043965,0.005,1,EELS,Gold,"[{""position"": 0.0, ""amplitude"": 2.580536309994504, ""fwhm"": 2.6429703225692007}]",0.0,2.580536309994504,2.6429703225692007,,,,,,,,,,,,,,,
1311.4240351734245,0.007436912342931845,1,EELS,Gold,"[{""position"": 0.0, ""amplitude"": 2.580536309994504, ""fwhm"": 2.6429703225692007}]",0.0,2.580536309994504,2.6429703225692007,,,,,,,,,,,,,,,
1312.4035173424522,0.015,1,EELS,Gold,"[{""position"": 0.0, ""amplitude"": 2.580536309994504, ""fwhm"": 2.6429703225692007}]",0.0,2.580536309994504,2.6429703225692007,,,,,,,,,,,,,,,
1313.3829995114802,0.01,1,EELS,Gold,"[{""position"": 0.0, ""amplitude"": 2.580536309994504, ""fwhm"": 2.6429703225692007}]",0.0,2.580536309994504,2.6429703225692007,,,,,,,,,,,,,,,
1314.362481680508,0.01,1,EELS,Gold,"[{""position"": 0.0, ""amplitude"": 2.580536309994504, ""fwhm"": 2.6429703225692007}]",0.0,2.580536309994504,2.6429703225692007,,,,,,,,,,,,,,,
1315.341963849536,0.0,1,EELS,Gold,"[{""position"": 0.0, ""amplitude"": 2.580536309994504, ""fwhm"": 2.6429703225692007}]",0.0,2.580536309994504,2.6429703225692007,,,,,,,,,,,,,,,
1316.3214460185636,0.011423878157130559,1,EELS,Gold,"[{""position"": 0.0, ""amplitude"": 2.580536309994504, ""fwhm"": 2.6429703225692007}]",0.0,2.580536309994504,2.6429703225692007,,,,,,,,,,,,,,,
1317.3009281875916,0.006985101895789265,1,EELS,Gold,"[{""position"": 0.0, ""amplitude"": 2.580536309994504, ""fwhm"": 2.6429703225692007}]",0.0,2.580536309994504,2.6429703225692007,,,,,,,,,,,,,,,
1318.2804103566193,0.005,1,EELS,Gold,"[{""position"": 0.0, ""amplitude"": 2.580536309994504, ""fwhm"": 2.6429703225692007}]",0.0,2.580536309994504,2.6429703225692007,,,,,,,,,,,,,,,
1319.2598925256473,0.01,1,EELS,Gold,"[{""position"": 0.0, ""amplitude"": 2.580536309994504, ""fwhm"": 2.6429703225692007}]",0.0,2.580536309994504,2.6429703225692007,,,,,,,,,,,,,,,
1320.239374694675,0.01,1,EELS,Gold,"[{""position"": 0.0, ""amplitude"": 2.580536309994504, ""fwhm"": 2.6429703225692007}]",0.0,2.580536309994504,2.6429703225692007,,,,,,,,,,,,,,,
1321.218856863703,0.011037862195150195,1,EELS,Gold,"[{""position"": 0.0, ""amplitude"": 2.580536309994504, ""fwhm"": 2.6429703225692007}]",0.0,2.580536309994504,2.6429703225692007,,,,,,,,,,,,,,,
1322.1983390327307,0.0,1,EELS,Gold,"[{""position"": 0.0, ""amplitude"": 2.580536309994504, ""fwhm"": 2.6429703225692007}]",0.0,2.580536309994504,2.6429703225692007,,,,,,,,,,,,,,,
1323.1778212017587,0.0005003843139565617,1,EELS,Gold,"[{""position"": 0.0, ""amplitude"": 2.580536309994504, ""fwhm"": 2.6429703225692007}]",0.0,2.580536309994504,2.6429703225692007,,,,,,,,,,,,,,,
1324.1573033707864,0.0,1,EELS,Gold,"[{""position"": 0.0, ""amplitude"": 2.580536309994504, ""fwhm"": 2.6429703225692007}]",0.0,2.580536309994504,2.6429703225692007,,,,,,,,,,,,,,,
1325.1367855398144,0.011521113894182845,1,EELS,Gold,"[{""position"": 0.0, ""amplitude"": 2.580536309994504, ""fwhm"": 2.6429703225692007}]",0.0,2.580536309994504,2.6429703225692007,,,,,,,,,,,,,,,
1326.116267708842,0.0003358497509634852,1,EELS,Gold,"[{""position"": 0.0, ""amplitude"": 2.580536309994504, ""fwhm"": 2.6429703225692007}]",0.0,2.580536309994504,2.6429703225692007,,,,,,,,,,,,,,,
1327.09574987787,0.0,1,EELS,Gold,"[{""position"": 0.0, ""amplitude"": 2.580536309994504, ""fwhm"": 2.6429703225692007}]",0.0,2.580536309994504,2.6429703225692007,,,,,,,,,,,,,,,
1328.0752320468978,0.008112494059974312,1,EELS,Gold,"[{""position"": 0.0, ""amplitude"": 2.580536309994504, ""fwhm"": 2.6429703225692007}]",0.0,2.580536309994504,2.6429703225692007,,,,,,,,,,,,,,,
1329.0547142159257,0.01,1,EELS,Gold,"[{""position"": 0.0, ""amplitude"": 2.580536309994504, ""fwhm"": 2.6429703225692007}]",0.0,2.580536309994504,2.6429703225692007,,,,,,,,,,,,,,,
1330.0341963849535,0.01,1,EELS,Gold,"[{""position"": 0.0, ""amplitude"": 2.580536309994504, ""fwhm"": 2.6429703225692007}]",0.0,2.580536309994504,2.6429703225692007,,,,,,,,,,,,,,,
1331.0136785539814,0.005,1,EELS,Gold,"[{""position"": 0.0, ""amplitude"": 2.580536309994504, ""fwhm"": 2.6429703225692007}]",0.0,2.580536309994504,2.6429703225692007,,,,,,,,,,,,,,,
1331.9931607230092,0.0,1,EELS,Gold,"[{""position"": 0.0, ""amplitude"": 2.580536309994504, ""fwhm"": 2.6429703225692007}]",0.0,2.580536309994504,2.6429703225692007,,,,,,,,,,,,,,,
1332.9726428920371,0.005,1,EELS,Gold,"[{""position"": 0.0, ""amplitude"": 2.580536309994504, ""fwhm"": 2.6429703225692007}]",0.0,2.580536309994504,2.6429703225692007,,,,,,,,,,,,,,,
1333.9521250610649,0.0,1,EELS,Gold,"[{""position"": 0.0, ""amplitude"": 2.580536309994504, ""fwhm"": 2.6429703225692007}]",0.0,2.580536309994504,2.6429703225692007,,,,,,,,,,,,,,,
1334.9316072300928,0.0044404007312271974,1,EELS,Gold,"[{""position"": 0.0, ""amplitude"": 2.580536309994504, ""fwhm"": 2.6429703225692007}]",0.0,2.580536309994504,2.6429703225692007,,,,,,,,,,,,,,,
1335.9110893991206,0.0,1,EELS,Gold,"[{""position"": 0.0, ""amplitude"": 2.580536309994504, ""fwhm"": 2.6429703225692007}]",0.0,2.580536309994504,2.6429703225692007,,,,,,,,,,,,,,,
1336.8905715681485,0.005,1,EELS,Gold,"[{""position"": 0.0, ""amplitude"": 2.580536309994504, ""fwhm"": 2.6429703225692007}]",0.0,2.580536309994504,2.6429703225692007,,,,,,,,,,,,,,,
1337.8700537371762,0.008820147630181355,1,EELS,Gold,"[{""position"": 0.0, ""amplitude"": 2.580536309994504, ""fwhm"": 2.6429703225692007}]",0.0,2.580536309994504,2.6429703225692007,,,,,,,,,,,,,,,
1338.8495359062042,0.005,1,EELS,Gold,"[{""position"": 0.0, ""amplitude"": 2.580536309994504, ""fwhm"": 2.6429703225692007}]",0.0,2.580536309994504,2.6429703225692007,,,,,,,,,,,,,,,
1339.829018075232,0.005,1,EELS,Gold,"[{""position"": 0.0, ""amplitude"": 2.580536309994504, ""fwhm"": 2.6429703225692007}]",0.0,2.580536309994504,2.6429703225692007,,,,,,,,,,,,,,,
1340.80850024426,0.01270815960865744,1,EELS,Gold,"[{""position"": 0.0, ""amplitude"": 2.580536309994504, ""fwhm"": 2.6429703225692007}]",0.0,2.580536309994504,2.6429703225692007,,,,,,,,,,,,,,,
1341.7879824132876,0.005,1,EELS,Gold,"[{""position"": 0.0, ""amplitude"": 2.580536309994504, ""fwhm"": 2.6429703225692007}]",0.0,2.580536309994504,2.6429703225692007,,,,,,,,,,,,,,,
1342.7674645823156,0.009734840348776325,1,EELS,Gold,"[{""position"": 0.0, ""amplitude"": 2.580536309994504, ""fwhm"": 2.6429703225692007}]",0.0,2.580536309994504,2.6429703225692007,,,,,,,,,,,,,,,
1343.7469467513433,0.006774808086067695,1,EELS,Gold,"[{""position"": 0.0, ""amplitude"": 2.580536309994504, ""fwhm"": 2.6429703225692007}]",0.0,2.580536309994504,2.6429703225692007,,,,,,,,,,,,,,,
1344.7264289203713,0.015,1,EELS,Gold,"[{""position"": 0.0, ""amplitude"": 2.580536309994504, ""fwhm"": 2.6429703225692007}]",0.0,2.580536309994504,2.6429703225692007,,,,,,,,,,,,,,,
1345.705911089399,0.010588903491284135,1,EELS,Gold,"[{""position"": 0.0, ""amplitude"": 2.580536309994504, ""fwhm"": 2.6429703225692007}]",0.0,2.580536309994504,2.6429703225692007,,,,,,,,,,,,,,,
1346.685393258427,0.005,1,EELS,Gold,"[{""position"": 0.0, ""amplitude"": 2.580536309994504, ""fwhm"": 2.6429703225692007}]",0.0,2.580536309994504,2.6429703225692007,,,,,,,,,,,,,,,
1347.6648754274547,0.006940125712409983,1,EELS,Gold,"[{""position"": 0.0, ""amplitude"": 2.580536309994504, ""fwhm"": 2.6429703225692007}]",0.0,2.580536309994504,2.6429703225692007,,,,,,,,,,,,,,,
1348.6443575964827,0.0007984561994307405,1,EELS,Gold,"[{""position"": 0.0, ""amplitude"": 2.580536309994504, ""fwhm"": 2.6429703225692007}]",0.0,2.580536309994504,2.6429703225692007,,,,,,,,,,,,,,,
1349.6238397655104,0.013382948202745937,1,EELS,Gold,"[{""position"": 0.0, ""amplitude"": 2.580536309994504, ""fwhm"": 2.6429703225692007}]",0.0,2.580536309994504,2.6429703225692007,,,,,,,,,,,,,,,
1350.6033219345384,0.009052658563440615,1,EELS,Gold,"[{""position"": 0.0, ""amplitude"": 2.580536309994504, ""fwhm"": 2.6429703225692007}]",0.0,2.580536309994504,2.6429703225692007,,,,,,,,,,,,,,,
1351.582804103566,0.0001092377558435662,1,EELS,Gold,"[{""position"": 0.0, ""amplitude"": 2.580536309994504, ""fwhm"": 2.6429703225692007}]",0.0,2.580536309994504,2.6429703225692007,,,,,,,,,,,,,,,
1352.562286272594,0.005,1,EELS,Gold,"[{""position"": 0.0, ""amplitude"": 2.580536309994504, ""fwhm"": 2.6429703225692007}]",0.0,2.580536309994504,2.6429703225692007,,,,,,,,,,,,,,,
1353.5417684416218,0.001212567408936059,1,EELS,Gold,"[{""position"": 0.0, ""amplitude"": 2.580536309994504, ""fwhm"": 2.6429703225692007}]",0.0,2.580536309994504,2.6429703225692007,,,,,,,,,,,,,,,
1354.5212506106498,0.0,1,EELS,Gold,"[{""position"": 0.0, ""amplitude"": 2.580536309994504, ""fwhm"": 2.6429703225692007}]",0.0,2.580536309994504,2.6429703225692007,,,,,,,,,,,,,,,
1355.5007327796775,0.0052175359657609405,1,EELS,Gold,"[{""position"": 0.0, ""amplitude"": 2.580536309994504, ""fwhm"": 2.6429703225692007}]",0.0,2.580536309994504,2.6429703225692007,,,,,,,,,,,,,,,
1356.4802149487055,0.0003785875312934849,1,EELS,Gold,"[{""position"": 0.0, ""amplitude"": 2.580536309994504, ""fwhm"": 2.6429703225692007}]",0.0,2.580536309994504,2.6429703225692007,,,,,,,,,,,,,,,
1357.4596971177332,0.01,1,EELS,Gold,"[{""position"": 0.0, ""amplitude"": 2.580536309994504, ""fwhm"": 2.6429703225692007}]",0.0,2.580536309994504,2.6429703225692007,,,,,,,,,,,,,,,
1358.4391792867611,0.010502654360582914,1,EELS,Gold,"[{""position"": 0.0, ""amplitude"": 2.580536309994504, ""fwhm"": 2.6429703225692007}]",0.0,2.580536309994504,2.6429703225692007,,,,,,,,,,,,,,,
1359.4186614557889,0.01,1,EELS,Gold,"[{""position"": 0.0, ""amplitude"": 2.580536309994504, ""fwhm"": 2.6429703225692007}]",0.0,2.580536309994504,2.6429703225692007,,,,,,,,,,,,,,,
1360.3981436248168,0.0,1,EELS,Gold,"[{""position"": 0.0, ""amplitude"": 2.580536309994504, ""fwhm"": 2.6429703225692007}]",0.0,2.580536309994504,2.6429703225692007,,,,,,,,,,,,,,,
1361.3776257938446,0.01312133750765616,1,EELS,Gold,"[{""position"": 0.0, ""amplitude"": 2.580536309994504, ""fwhm"": 2.6429703225692007}]",0.0,2.580536309994504,2.6429703225692007,,,,,,,,,,,,,,,
1362.3571079628725,0.0,1,EELS,Gold,"[{""position"": 0.0, ""amplitude"": 2.580536309994504, ""fwhm"": 2.6429703225692007}]",0.0,2.580536309994504,2.6429703225692007,,,,,,,,,,,,,,,
1363.3365901319003,0.005,1,EELS,Gold,"[{""position"": 0.0, ""amplitude"": 2.580536309994504, ""fwhm"": 2.6429703225692007}]",0.0,2.580536309994504,2.6429703225692007,,,,,,,,,,,,,,,
1364.316072300928,0.011409931464029025,1,EELS,Gold,"[{""position"": 0.0, ""amplitude"": 2.580536309994504, ""fwhm"": 2.6429703225692007}]",0.0,2.580536309994504,2.6429703225692007,,,,,,,,,,,,,,,
1365.295554469956,0.008083292011014506,1,EELS,Gold,"[{""position"": 0.0, ""amplitude"": 2.580536309994504, ""fwhm"": 2.6429703225692007}]",0.0,2.580536309994504,2.6429703225692007,,,,,,,,,,,,,,,
1366.2750366389837,0.0068798804239788465,1,EELS,Gold,"[{""position"": 0.0, ""amplitude"": 2.580536309994504, ""fwhm"": 2.6429703225692007}]",0.0,2.580536309994504,2.6429703225692007,,,,,,,,,,,,,,,
1367.2545188080117,0.017594257862293742,1,EELS,Gold,"[{""position"": 0.0, ""amplitude"": 2.580536309994504, ""fwhm"": 2.6429703225692007}]",0.0,2.580536309994504,2.6429703225692007,,,,,,,,,,,,,,,
1368.2340009770394,0.0,1,EELS,Gold,"[{""position"": 0.0, ""amplitude"": 2.580536309994504, ""fwhm"": 2.6429703225692007}]",0.0,2.580536309994504,2.6429703225692007,,,,,,,,,,,,,,,
1369.2134831460673,0.01,1,EELS,Gold,"[{""position"": 0.0, ""amplitude"": 2.580536309994504, ""fwhm"": 2.6429703225692007}]",0.0,2.580536309994504,2.6429703225692007,,,,,,,,,,,,,,,
1370.192965315095,0.01389690146713474,1,EELS,Gold,"[{""position"": 0.0, ""amplitude"": 2.580536309994504, ""fwhm"": 2.6429703225692007}]",0.0,2.580536309994504,2.6429703225692007,,,,,,,,,,,,,,,
1371.172447484123,0.005,1,EELS,Gold,"[{""position"": 0.0, ""amplitude"": 2.580536309994504, ""fwhm"": 2.6429703225692007}]",0.0,2.580536309994504,2.6429703225692007,,,,,,,,,,,,,,,
1372.1519296531508,0.005,1,EELS,Gold,"[{""position"": 0.0, ""amplitude"": 2.580536309994504, ""fwhm"": 2.6429703225692007}]",0.0,2.580536309994504,2.6429703225692007,,,,,,,,,,,,,,,
1373.1314118221787,0.008450422414899348,1,EELS,Gold,"[{""position"": 0.0, ""amplitude"": 2.580536309994504, ""fwhm"": 2.6429703225692007}]",0.0,2.580536309994504,2.6429703225692007,,,,,,,,,,,,,,,
1374.1108939912065,0.011460107404219037,1,EELS,Gold,"[{""position"": 0.0, ""amplitude"": 2.580536309994504, ""fwhm"": 2.6429703225692007}]",0.0,2.580536309994504,2.6429703225692007,,,,,,,,,,,,,,,
1375.0903761602344,0.0012013745422226583,1,EELS,Gold,"[{""position"": 0.0, ""amplitude"": 2.580536309994504, ""fwhm"": 2.6429703225692007}]",0.0,2.580536309994504,2.6429703225692007,,,,,,,,,,,,,,,
1376.0698583292622,0.01060780085953595,1,EELS,Gold,"[{""position"": 0.0, ""amplitude"": 2.580536309994504, ""fwhm"": 2.6429703225692007}]",0.0,2.580536309994504,2.6429703225692007,,,,,,,,,,,,,,,
1377.0493404982901,0.0,1,EELS,Gold,"[{""position"": 0.0, ""amplitude"": 2.580536309994504, ""fwhm"": 2.6429703225692007}]",0.0,2.580536309994504,2.6429703225692007,,,,,,,,,,,,,,,
1378.0288226673179,0.0074180784238405215,1,EELS,Gold,"[{""position"": 0.0, ""amplitude"": 2.580536309994504, ""fwhm"": 2.6429703225692007}]",0.0,2.580536309994504,2.6429703225692007,,,,,,,,,,,,,,,
1379.0083048363458,0.00017287447084046045,1,EELS,Gold,"[{""position"": 0.0, ""amplitude"": 2.580536309994504, ""fwhm"": 2.6429703225692007}]",0.0,2.580536309994504,2.6429703225692007,,,,,,,,,,,,,,,
1379.9877870053735,0.005718340640518815,1,EELS,Gold,"[{""position"": 0.0, ""amplitude"": 2.580536309994504, ""fwhm"": 2.6429703225692007}]",0.0,2.580536309994504,2.6429703225692007,,,,,,,,,,,,,,,
1380.9672691744015,0.013966536355894331,1,EELS,Gold,"[{""position"": 0.0, ""amplitude"": 2.580536309994504, ""fwhm"": 2.6429703225692007}]",0.0,2.580536309994504,2.6429703225692007,,,,,,,,,,,,,,,
1381.9467513434292,0.00633510213834948,1,EELS,Gold,"[{""position"": 0.0, ""amplitude"": 2.580536309994504, ""fwhm"": 2.6429703225692007}]",0.0,2.580536309994504,2.6429703225692007,,,,,,,,,,,,,,,
1382.9262335124572,0.011413606138784107,1,EELS,Gold,"[{""position"": 0.0, ""amplitude"": 2.580536309994504, ""fwhm"": 2.6429703225692007}]",0.0,2.580536309994504,2.6429703225692007,,,,,,,,,,,,,,,
1383.905715681485,0.007790885747856809,1,EELS,Gold,"[{""position"": 0.0, ""amplitude"": 2.580536309994504, ""fwhm"": 2.6429703225692007}]",0.0,2.580536309994504,2.6429703225692007,,,,,,,,,,,,,,,
1384.885197850513,0.0,1,EELS,Gold,"[{""position"": 0.0, ""amplitude"": 2.580536309994504, ""fwhm"": 2.6429703225692007}]",0.0,2.580536309994504,2.6429703225692007,,,,,,,,,,,,,,,
1385.8646800195406,0.005,1,EELS,Gold,"[{""position"": 0.0, ""amplitude"": 2.580536309994504, ""fwhm"": 2.6429703225692007}]",0.0,2.580536309994504,2.6429703225692007,,,,,,,,,,,,,,,
1386.8441621885686,0.005,1,EELS,Gold,"[{""position"": 0.0, ""amplitude"": 2.580536309994504, ""fwhm"": 2.6429703225692007}]",0.0,2.580536309994504,2.6429703225692007,,,,,,,,,,,,,,,
1387.8236443575963,0.01,1,EELS,Gold,"[{""position"": 0.0, ""amplitude"": 2.580536309994504, ""fwhm"": 2.6429703225692007}]",0.0,2.580536309994504,2.6429703225692007,,,,,,,,,,,,,,,
1388.8031265266243,0.005326925672398919,1,EELS,Gold,"[{""position"": 0.0, ""amplitude"": 2.580536309994504, ""fwhm"": 2.6429703225692007}]",0.0,2.580536309994504,2.6429703225692007,,,,,,,,,,,,,,,
1389.782608695652,0.015,1,EELS,Gold,"[{""position"": 0.0, ""amplitude"": 2.580536309994504, ""fwhm"": 2.6429703225692007}]",0.0,2.580536309994504,2.6429703225692007,,,,,,,,,,,,,,,
1390.76209086468,0.005,1,EELS,Gold,"[{""position"": 0.0, ""amplitude"": 2.580536309994504, ""fwhm"": 2.6429703225692007}]",0.0,2.580536309994504,2.6429703225692007,,,,,,,,,,,,,,,
1391.7415730337077,0.0,1,EELS,Gold,"[{""position"": 0.0, ""amplitude"": 2.580536309994504, ""fwhm"": 2.6429703225692007}]",0.0,2.580536309994504,2.6429703225692007,,,,,,,,,,,,,,,
1392.7210552027357,0.00581803680728797,1,EELS,Gold,"[{""position"": 0.0, ""amplitude"": 2.580536309994504, ""fwhm"": 2.6429703225692007}]",0.0,2.580536309994504,2.6429703225692007,,,,,,,,,,,,,,,
1393.7005373717634,0.0021285909577474864,1,EELS,Gold,"[{""position"": 0.0, ""amplitude"": 2.580536309994504, ""fwhm"": 2.6429703225692007}]",0.0,2.580536309994504,2.6429703225692007,,,,,,,,,,,,,,,
1394.6800195407914,0.007243901989960659,1,EELS,Gold,"[{""position"": 0.0, ""amplitude"": 2.580536309994504, ""fwhm"": 2.6429703225692007}]",0.0,2.580536309994504,2.6429703225692007,,,,,,,,,,,,,,,
1395.659501709819,0.0,1,EELS,Gold,"[{""position"": 0.0, ""amplitude"": 2.580536309994504, ""fwhm"": 2.6429703225692007}]",0.0,2.580536309994504,2.6429703225692007,,,,,,,,,,,,,,,
1396.638983878847,0.005,1,EELS,Gold,"[{""position"": 0.0, ""amplitude"": 2.580536309994504, ""fwhm"": 2.6429703225692007}]",0.0,2.580536309994504,2.6429703225692007,,,,,,,,,,,,,,,
1397.6184660478748,0.0007538861607523185,1,EELS,Gold,"[{""position"": 0.0, ""amplitude"": 2.580536309994504, ""fwhm"": 2.6429703225692007}]",0.0,2.580536309994504,2.6429703225692007,,,,,,,,,,,,,,,
1398.5979482169028,0.0,1,EELS,Gold,"[{""position"": 0.0, ""amplitude"": 2.580536309994504, ""fwhm"": 2.6429703225692007}]",0.0,2.580536309994504,2.6429703225692007,,,,,,,,,,,,,,,
1399.5774303859305,0.014169353291267523,1,EELS,Gold,"[{""position"": 0.0, ""amplitude"": 2.580536309994504, ""fwhm"": 2.6429703225692007}]",0.0,2.580536309994504,2.6429703225692007,,,,,,,,,,,,,,,
1400.5569125549584,0.01129108754279534,1,EELS,Gold,"[{""position"": 0.0, ""amplitude"": 2.580536309994504, ""fwhm"": 2.6429703225692007}]",0.0,2.580536309994504,2.6429703225692007,,,,,,,,,,,,,,,
1401.5363947239862,0.011919892090376766,1,EELS,Gold,"[{""position"": 0.0, ""amplitude"": 2.580536309994504, ""fwhm"": 2.6429703225692007}]",0.0,2.580536309994504,2.6429703225692007,,,,,,,,,,,,,,,
1402.5158768930141,0.0017342419113443553,1,EELS,Gold,"[{""position"": 0.0, ""amplitude"": 2.580536309994504, ""fwhm"": 2.6429703225692007}]",0.0,2.580536309994504,2.6429703225692007,,,,,,,,,,,,,,,
1403.4953590620419,0.008050628675857083,1,EELS,Gold,"[{""position"": 0.0, ""amplitude"": 2.580536309994504, ""fwhm"": 2.6429703225692007}]",0.0,2.580536309994504,2.6429703225692007,,,,,,,,,,,,,,,
1404.4748412310698,0.010491850561198139,1,EELS,Gold,"[{""position"": 0.0, ""amplitude"": 2.580536309994504, ""fwhm"": 2.6429703225692007}]",0.0,2.580536309994504,2.6429703225692007,,,,,,,,,,,,,,,
1405.4543234000976,0.005,1,EELS,Gold,"[{""position"": 0.0, ""amplitude"": 2.580536309994504, ""fwhm"": 2.6429703225692007}]",0.0,2.580536309994504,2.6429703225692007,,,,,,,,,,,,,,,
1406.4338055691255,0.01105556261647044,1,EELS,Gold,"[{""position"": 0.0, ""amplitude"": 2.580536309994504, ""fwhm"": 2.6429703225692007}]",0.0,2.580536309994504,2.6429703225692007,,,,,,,,,,,,,,,
1407.4132877381533,0.0,1,EELS,Gold,"[{""position"": 0.0, ""amplitude"": 2.580536309994504, ""fwhm"": 2.6429703225692007}]",0.0,2.580536309994504,2.6429703225692007,,,,,,,,,,,,,,,
1408.3927699071812,0.005,1,EELS,Gold,"[{""position"": 0.0, ""amplitude"": 2.580536309994504, ""fwhm"": 2.6429703225692007}]",0.0,2.580536309994504,2.6429703225692007,,,,,,,,,,,,,,,
1409.372252076209,0.0015367693967482823,1,EELS,Gold,"[{""position"": 0.0, ""amplitude"": 2.580536309994504, ""fwhm"": 2.6429703225692007}]",0.0,2.580536309994504,2.6429703225692007,,,,,,,,,,,,,,,
1410.351734245237,0.003217525774525478,1,EELS,Gold,"[{""position"": 0.0, ""amplitude"": 2.580536309994504, ""fwhm"": 2.6429703225692007}]",0.0,2.580536309994504,2.6429703225692007,,,,,,,,,,,,,,,
1411.3312164142646,0.00507978731001844,1,EELS,Gold,"[{""position"": 0.0, ""amplitude"": 2.580536309994504, ""fwhm"": 2.6429703225692007}]",0.0,2.580536309994504,2.6429703225692007,,,,,,,,,,,,,,,
1412.3106985832926,0.0008211534400138651,1,EELS,Gold,"[{""position"": 0.0, ""amplitude"": 2.580536309994504, ""fwhm"": 2.6429703225692007}]",0.0,2.580536309994504,2.6429703225692007,,,,,,,,,,,,,,,
1413.2901807523203,0.00441355676458462,1,EELS,Gold,"[{""position"": 0.0, ""amplitude"": 2.580536309994504, ""fwhm"": 2.6429703225692007}]",0.0,2.580536309994504,2.6429703225692007,,,,,,,,,,,,,,,
1414.2696629213483,0.0006455743865439834,1,EELS,Gold,"[{""position"": 0.0, ""amplitude"": 2.580536309994504, ""fwhm"": 2.6429703225692007}]",0.0,2.580536309994504,2.6429703225692007,,,,,,,,,,,,,,,
1415.249145090376,0.006732519468800056,1,EELS,Gold,"[{""position"": 0.0, ""amplitude"": 2.580536309994504, ""fwhm"": 2.6429703225692007}]",0.0,2.580536309994504,2.6429703225692007,,,,,,,,,,,,,,,
1416.228627259404,0.006482809892585744,1,EELS,Gold,"[{""position"": 0.0, ""amplitude"": 2.580536309994504, ""fwhm"": 2.6429703225692007}]",0.0,2.580536309994504,2.6429703225692007,,,,,,,,,,,,,,,
1417.2081094284317,0.0,1,EELS,Gold,"[{""position"": 0.0, ""amplitude"": 2.580536309994504, ""fwhm"": 2.6429703225692007}]",0.0,2.580536309994504,2.6429703225692007,,,,,,,,,,,,,,,
1418.1875915974597,0.001967025542506562,1,EELS,Gold,"[{""position"": 0.0, ""amplitude"": 2.580536309994504, ""fwhm"": 2.6429703225692007}]",0.0,2.580536309994504,2.6429703225692007,,,,,,,,,,,,,,,
1419.1670737664874,0.011007431893710043,1,EELS,Gold,"[{""position"": 0.0, ""amplitude"": 2.580536309994504, ""fwhm"": 2.6429703225692007}]",0.0,2.580536309994504,2.6429703225692007,,,,,,,,,,,,,,,
1420.1465559355154,0.008349951557228813,1,EELS,Gold,"[{""position"": 0.0, ""amplitude"": 2.580536309994504, ""fwhm"": 2.6429703225692007}]",0.0,2.580536309994504,2.6429703225692007,,,,,,,,,,,,,,,
1421.126038104543,0.0017602740604059236,1,EELS,Gold,"[{""position"": 0.0, ""amplitude"": 2.580536309994504, ""fwhm"": 2.6429703225692007}]",0.0,2.580536309994504,2.6429703225692007,,,,,,,,,,,,,,,
1422.105520273571,0.0,1,EELS,Gold,"[{""position"": 0.0, ""amplitude"": 2.580536309994504, ""fwhm"": 2.6429703225692007}]",0.0,2.580536309994504,2.6429703225692007,,,,,,,,,,,,,,,
1423.0850024425988,0.0,1,EELS,Gold,"[{""position"": 0.0, ""amplitude"": 2.580536309994504, ""fwhm"": 2.6429703225692007}]",0.0,2.580536309994504,2.6429703225692007,,,,,,,,,,,,,,,
1424.0644846116268,0.01,1,EELS,Gold,"[{""position"": 0.0, ""amplitude"": 2.580536309994504, ""fwhm"": 2.6429703225692007}]",0.0,2.580536309994504,2.6429703225692007,,,,,,,,,,,,,,,
1425.0439667806545,0.005,1,EELS,Gold,"[{""position"": 0.0, ""amplitude"": 2.580536309994504, ""fwhm"": 2.6429703225692007}]",0.0,2.580536309994504,2.6429703225692007,,,,,,,,,,,,,,,
1426.0234489496825,0.005,1,EELS,Gold,"[{""position"": 0.0, ""amplitude"": 2.580536309994504, ""fwhm"": 2.6429703225692007}]",0.0,2.580536309994504,2.6429703225692007,,,,,,,,,,,,,,,
1427.0029311187102,0.0015419882317379634,1,EELS,Gold,"[{""position"": 0.0, ""amplitude"": 2.580536309994504, ""fwhm"": 2.6429703225692007}]",0.0,2.580536309994504,2.6429703225692007,,,,,,,,,,,,,,,
1427.9824132877382,0.009329846905752694,1,EELS,Gold,"[{""position"": 0.0, ""amplitude"": 2.580536309994504, ""fwhm"": 2.6429703225692007}]",0.0,2.580536309994504,2.6429703225692007,,,,,,,,,,,,,,,
1428.961895456766,0.006042002129985868,1,EELS,Gold,"[{""position"": 0.0, ""amplitude"": 2.580536309994504, ""fwhm"": 2.6429703225692007}]",0.0,2.580536309994504,2.6429703225692007,,,,,,,,,,,,,,,
1429.9413776257938,0.01,1,EELS,Gold,"[{""position"": 0.0, ""amplitude"": 2.580536309994504, ""fwhm"": 2.6429703225692007}]",0.0,2.580536309994504,2.6429703225692007,,,,,,,,,,,,,,,
1430.9208597948216,0.006170681751589038,1,EELS,Gold,"[{""position"": 0.0, ""amplitude"": 2.580536309994504, ""fwhm"": 2.6429703225692007}]",0.0,2.580536309994504,2.6429703225692007,,,,,,,,,,,,,,,
1431.9003419638495,0.008109543165030512,1,EELS,Gold,"[{""position"": 0.0, ""amplitude"": 2.580536309994504, ""fwhm"": 2.6429703225692007}]",0.0,2.580536309994504,2.6429703225692007,,,,,,,,,,,,,,,
1432.8798241328773,0.01,1,EELS,Gold,"[{""position"": 0.0, ""amplitude"": 2.580536309994504, ""fwhm"": 2.6429703225692007}]",0.0,2.580536309994504,2.6429703225692007,,,,,,,,,,,,,,,
1433.8593063019052,0.015,1,EELS,Gold,"[{""position"": 0.0, ""amplitude"": 2.580536309994504, ""fwhm"": 2.6429703225692007}]",0.0,2.580536309994504,2.6429703225692007,,,,,,,,,,,,,,,
1434.838788470933,0.010062165996120278,1,EELS,Gold,"[{""position"": 0.0, ""amplitude"": 2.580536309994504, ""fwhm"": 2.6429703225692007}]",0.0,2.580536309994504,2.6429703225692007,,,,,,,,,,,,,,,
1435.818270639961,0.005,1,EELS,Gold,"[{""position"": 0.0, ""amplitude"": 2.580536309994504, ""fwhm"": 2.6429703225692007}]",0.0,2.580536309994504,2.6429703225692007,,,,,,,,,,,,,,,
1436.7977528089887,0.01169564690055853,1,EELS,Gold,"[{""position"": 0.0, ""amplitude"": 2.580536309994504, ""fwhm"": 2.6429703225692007}]",0.0,2.580536309994504,2.6429703225692007,,,,,,,,,,,,,,,
1437.7772349780166,0.005,1,EELS,Gold,"[{""position"": 0.0, ""amplitude"": 2.580536309994504, ""fwhm"": 2.6429703225692007}]",0.0,2.580536309994504,2.6429703225692007,,,,,,,,,,,,,,,
1438.7567171470444,0.0011058340356491455,1,EELS,Gold,"[{""position"": 0.0, ""amplitude"": 2.580536309994504, ""fwhm"": 2.6429703225692007}]",0.0,2.580536309994504,2.6429703225692007,,,,,,,,,,,,,,,
1439.7361993160723,0.0,1,EELS,Gold,"[{""position"": 0.0, ""amplitude"": 2.580536309994504, ""fwhm"": 2.6429703225692007}]",0.0,2.580536309994504,2.6429703225692007,,,,,,,,,,,,,,,
1440.7156814851,0.005,1,EELS,Gold,"[{""position"": 0.0, ""amplitude"": 2.580536309994504, ""fwhm"": 2.6429703225692007}]",0.0,2.580536309994504,2.6429703225692007,,,,,,,,,,,,,,,
1441.695163654128,0.0018865635312250123,1,EELS,Gold,"[{""position"": 0.0, ""amplitude"": 2.580536309994504, ""fwhm"": 2.6429703225692007}]",0.0,2.580536309994504,2.6429703225692007,,,,,,,,,,,,,,,
1442.6746458231557,0.005,1,EELS,Gold,"[{""position"": 0.0, ""amplitude"": 2.580536309994504, ""fwhm"": 2.6429703225692007}]",0.0,2.580536309994504,2.6429703225692007,,,,,,,,,,,,,,,
1443.6541279921837,0.004476535759884246,1,EELS,Gold,"[{""position"": 0.0, ""amplitude"": 2.580536309994504, ""fwhm"": 2.6429703225692007}]",0.0,2.580536309994504,2.6429703225692007,,,,,,,,,,,,,,,
1444.6336101612114,0.005,1,EELS,Gold,"[{""position"": 0.0, ""amplitude"": 2.580536309994504, ""fwhm"": 2.6429703225692007}]",0.0,2.580536309994504,2.6429703225692007,,,,,,,,,,,,,,,
1445.6130923302394,0.015603293193951083,1,EELS,Gold,"[{""position"": 0.0, ""amplitude"": 2.580536309994504, ""fwhm"": 2.6429703225692007}]",0.0,2.580536309994504,2.6429703225692007,,,,,,,,,,,,,,,
1446.5925744992671,0.01742839769583093,1,EELS,Gold,"[{""position"": 0.0, ""amplitude"": 2.580536309994504, ""fwhm"": 2.6429703225692007}]",0.0,2.580536309994504,2.6429703225692007,,,,,,,,,,,,,,,
1447.572056668295,0.01,1,EELS,Gold,"[{""position"": 0.0, ""amplitude"": 2.580536309994504, ""fwhm"": 2.6429703225692007}]",0.0,2.580536309994504,2.6429703225692007,,,,,,,,,,,,,,,
1448.5515388373228,0.005,1,EELS,Gold,"[{""position"": 0.0, ""amplitude"": 2.580536309994504, ""fwhm"": 2.6429703225692007}]",0.0,2.580536309994504,2.6429703225692007,,,,,,,,,,,,,,,
1449.5310210063508,0.005,1,EELS,Gold,"[{""position"": 0.0, ""amplitude"": 2.580536309994504, ""fwhm"": 2.6429703225692007}]",0.0,2.580536309994504,2.6429703225692007,,,,,,,,,,,,,,,
1450.5105031753785,0.008279086416658313,1,EELS,Gold,"[{""position"": 0.0, ""amplitude"": 2.580536309994504, ""fwhm"": 2.6429703225692007}]",0.0,2.580536309994504,2.6429703225692007,,,,,,,,,,,,,,,
1451.4899853444065,0.005,1,EELS,Gold,"[{""position"": 0.0, ""amplitude"": 2.580536309994504, ""fwhm"": 2.6429703225692007}]",0.0,2.580536309994504,2.6429703225692007,,,,,,,,,,,,,,,
1452.4694675134342,0.011619402766353508,1,EELS,Gold,"[{""position"": 0.0, ""amplitude"": 2.580536309994504, ""fwhm"": 2.6429703225692007}]",0.0,2.580536309994504,2.6429703225692007,,,,,,,,,,,,,,,
1453.4489496824622,0.01,1,EELS,Gold,"[{""position"": 0.0, ""amplitude"": 2.580536309994504, ""fwhm"": 2.6429703225692007}]",0.0,2.580536309994504,2.6429703225692007,,,,,,,,,,,,,,,
1454.42843185149,0.0004995893605348766,1,EELS,Gold,"[{""position"": 0.0, ""amplitude"": 2.580536309994504, ""fwhm"": 2.6429703225692007}]",0.0,2.580536309994504,2.6429703225692007,,,,,,,,,,,,,,,
1455.4079140205176,0.003999634764476175,1,EELS,Gold,"[{""position"": 0.0, ""amplitude"": 2.580536309994504, ""fwhm"": 2.6429703225692007}]",0.0,2.580536309994504,2.6429703225692007,,,,,,,,,,,,,,,
1456.3873961895456,0.015195854627375098,1,EELS,Gold,"[{""position"": 0.0, ""amplitude"": 2.580536309994504, ""fwhm"": 2.6429703225692007}]",0.0,2.580536309994504,2.6429703225692007,,,,,,,,,,,,,,,
1457.3668783585733,0.005338689598188597,1,EELS,Gold,"[{""position"": 0.0, ""amplitude"": 2.580536309994504, ""fwhm"": 2.6429703225692007}]",0.0,2.580536309994504,2.6429703225692007,,,,,,,,,,,,,,,
1458.3463605276013,0.018139097244971238,1,EELS,Gold,"[{""position"": 0.0, ""amplitude"": 2.580536309994504, ""fwhm"": 2.6429703225692007}]",0.0,2.580536309994504,2.6429703225692007,,,,,,,,,,,,,,,
1459.325842696629,0.002663898326748271,1,EELS,Gold,"[{""position"": 0.0, ""amplitude"": 2.580536309994504, ""fwhm"": 2.6429703225692007}]",0.0,2.580536309994504,2.6429703225692007,,,,,,,,,,,,,,,
1460.305324865657,0.0015512838389364484,1,EELS,Gold,"[{""position"": 0.0, ""amplitude"": 2.580536309994504, ""fwhm"": 2.6429703225692007}]",0.0,2.580536309994504,2.6429703225692007,,,,,,,,,,,,,,,
1461.2848070346847,0.0020303779618468694,1,EELS,Gold,"[{""position"": 0.0, ""amplitude"": 2.580536309994504, ""fwhm"": 2.6429703225692007}]",0.0,2.580536309994504,2.6429703225692007,,,,,,,,,,,,,,,
1462.2642892037127,0.0,1,EELS,Gold,"[{""position"": 0.0, ""amplitude"": 2.580536309994504, ""fwhm"": 2.6429703225692007}]",0.0,2.580536309994504,2.6429703225692007,,,,,,,,,,,,,,,
1463.2437713727404,0.0,1,EELS,Gold,"[{""position"": 0.0, ""amplitude"": 2.580536309994504, ""fwhm"": 2.6429703225692007}]",0.0,2.580536309994504,2.6429703225692007,,,,,,,,,,,,,,,
1464.2232535417684,1.482439225392217e-05,1,EELS,Gold,"[{""position"": 0.0, ""amplitude"": 2.580536309994504, ""fwhm"": 2.6429703225692007}]",0.0,2.580536309994504,2.6429703225692007,,,,,,,,,,,,,,,
1465.202735710796,0.005,1,EELS,Gold,"[{""position"": 0.0, ""amplitude"": 2.580536309994504, ""fwhm"": 2.6429703225692007}]",0.0,2.580536309994504,2.6429703225692007,,,,,,,,,,,,,,,
1466.182217879824,0.01,1,EELS,Gold,"[{""position"": 0.0, ""amplitude"": 2.580536309994504, ""fwhm"": 2.6429703225692007}]",0.0,2.580536309994504,2.6429703225692007,,,,,,,,,,,,,,,
1467.1617000488518,0.0018188823006034238,1,EELS,Gold,"[{""position"": 0.0, ""amplitude"": 2.580536309994504, ""fwhm"": 2.6429703225692007}]",0.0,2.580536309994504,2.6429703225692007,,,,,,,,,,,,,,,
1468.1411822178798,0.007486401663065722,1,EELS,Gold,"[{""position"": 0.0, ""amplitude"": 2.580536309994504, ""fwhm"": 2.6429703225692007}]",0.0,2.580536309994504,2.6429703225692007,,,,,,,,,,,,,,,
1469.1206643869075,0.0052513311062098176,1,EELS,Gold,"[{""position"": 0.0, ""amplitude"": 2.580536309994504, ""fwhm"": 2.6429703225692007}]",0.0,2.580536309994504,2.6429703225692007,,,,,,,,,,,,,,,
1470.1001465559355,0.008832757182424775,1,EELS,Gold,"[{""position"": 0.0, ""amplitude"": 2.580536309994504, ""fwhm"": 2.6429703225692007}]",0.0,2.580536309994504,2.6429703225692007,,,,,,,,,,,,,,,
1471.0796287249632,0.0,1,EELS,Gold,"[{""position"": 0.0, ""amplitude"": 2.580536309994504, ""fwhm"": 2.6429703225692007}]",0.0,2.580536309994504,2.6429703225692007,,,,,,,,,,,,,,,
1472.0591108939911,0.005,1,EELS,Gold,"[{""position"": 0.0, ""amplitude"": 2.580536309994504, ""fwhm"": 2.6429703225692007}]",0.0,2.580536309994504,2.6429703225692007,,,,,,,,,,,,,,,
1473.0385930630189,0.025,1,EELS,Gold,"[{""position"": 0.0, ""amplitude"": 2.580536309994504, ""fwhm"": 2.6429703225692007}]",0.0,2.580536309994504,2.6429703225692007,,,,,,,,,,,,,,,
1474.0180752320468,0.01,1,EELS,Gold,"[{""position"": 0.0, ""amplitude"": 2.580536309994504, ""fwhm"": 2.6429703225692007}]",0.0,2.580536309994504,2.6429703225692007,,,,,,,,,,,,,,,
1474.9975574010746,0.0,1,EELS,Gold,"[{""position"": 0.0, ""amplitude"": 2.580536309994504, ""fwhm"": 2.6429703225692007}]",0.0,2.580536309994504,2.6429703225692007,,,,,,,,,,,,,,,
1475.9770395701025,0.015,1,EELS,Gold,"[{""position"": 0.0, ""amplitude"": 2.580536309994504, ""fwhm"": 2.6429703225692007}]",0.0,2.580536309994504,2.6429703225692007,,,,,,,,,,,,,,,
1476.9565217391303,0.0039251929286448824,1,EELS,Gold,"[{""position"": 0.0, ""amplitude"": 2.580536309994504, ""fwhm"": 2.6429703225692007}]",0.0,2.580536309994504,2.6429703225692007,,,,,,,,,,,,,,,
1477.9360039081582,0.0016495424130961573,1,EELS,Gold,"[{""position"": 0.0, ""amplitude"": 2.580536309994504, ""fwhm"": 2.6429703225692007}]",0.0,2.580536309994504,2.6429703225692007,,,,,,,,,,,,,,,
1478.915486077186,0.01,1,EELS,Gold,"[{""position"": 0.0, ""amplitude"": 2.580536309994504, ""fwhm"": 2.6429703225692007}]",0.0,2.580536309994504,2.6429703225692007,,,,,,,,,,,,,,,
1479.894968246214,0.004803368193880742,1,EELS,Gold,"[{""position"": 0.0, ""amplitude"": 2.580536309994504, ""fwhm"": 2.6429703225692007}]",0.0,2.580536309994504,2.6429703225692007,,,,,,,,,,,,,,,
1480.8744504152417,0.008171185290650097,1,EELS,Gold,"[{""position"": 0.0, ""amplitude"": 2.580536309994504, ""fwhm"": 2.6429703225692007}]",0.0,2.580536309994504,2.6429703225692007,,,,,,,,,,,,,,,
1481.8539325842696,0.011523849978038138,1,EELS,Gold,"[{""position"": 0.0, ""amplitude"": 2.580536309994504, ""fwhm"": 2.6429703225692007}]",0.0,2.580536309994504,2.6429703225692007,,,,,,,,,,,,,,,
1482.8334147532973,0.005,1,EELS,Gold,"[{""position"": 0.0, ""amplitude"": 2.580536309994504, ""fwhm"": 2.6429703225692007}]",0.0,2.580536309994504,2.6429703225692007,,,,,,,,,,,,,,,
1483.8128969223253,0.005,1,EELS,Gold,"[{""position"": 0.0, ""amplitude"": 2.580536309994504, ""fwhm"": 2.6429703225692007}]",0.0,2.580536309994504,2.6429703225692007,,,,,,,,,,,,,,,
1484.792379091353,0.005,1,EELS,Gold,"[{""position"": 0.0, ""amplitude"": 2.580536309994504, ""fwhm"": 2.6429703225692007}]",0.0,2.580536309994504,2.6429703225692007,,,,,,,,,,,,,,,
1485.771861260381,0.012830005381838342,1,EELS,Gold,"[{""position"": 0.0, ""amplitude"": 2.580536309994504, ""fwhm"": 2.6429703225692007}]",0.0,2.580536309994504,2.6429703225692007,,,,,,,,,,,,,,,
1486.7513434294087,0.004881817711002484,1,EELS,Gold,"[{""position"": 0.0, ""amplitude"": 2.580536309994504, ""fwhm"": 2.6429703225692007}]",0.0,2.580536309994504,2.6429703225692007,,,,,,,,,,,,,,,
1487.7308255984367,0.004001740362749008,1,EELS,Gold,"[{""position"": 0.0, ""amplitude"": 2.580536309994504, ""fwhm"": 2.6429703225692007}]",0.0,2.580536309994504,2.6429703225692007,,,,,,,,,,,,,,,
1488.7103077674644,0.0,1,EELS,Gold,"[{""position"": 0.0, ""amplitude"": 2.580536309994504, ""fwhm"": 2.6429703225692007}]",0.0,2.580536309994504,2.6429703225692007,,,,,,,,,,,,,,,
1489.6897899364924,0.005,1,EELS,Gold,"[{""position"": 0.0, ""amplitude"": 2.580536309994504, ""fwhm"": 2.6429703225692007}]",0.0,2.580536309994504,2.6429703225692007,,,,,,,,,,,,,,,
1490.6692721055201,0.015386097193980387,1,EELS,Gold,"[{""position"": 0.0, ""amplitude"": 2.580536309994504, ""fwhm"": 2.6429703225692007}]",0.0,2.580536309994504,2.6429703225692007,,,,,,,,,,,,,,,
1491.648754274548,0.005,1,EELS,Gold,"[{""position"": 0.0, ""amplitude"": 2.580536309994504, ""fwhm"": 2.6429703225692007}]",0.0,2.580536309994504,2.6429703225692007,,,,,,,,,,,,,,,
1492.6282364435758,0.010856009245076988,1,EELS,Gold,"[{""position"": 0.0, ""amplitude"": 2.580536309994504, ""fwhm"": 2.6429703225692007}]",0.0,2.580536309994504,2.6429703225692007,,,,,,,,,,,,,,,
1493.6077186126038,0.005,1,EELS,Gold,"[{""position"": 0.0, ""amplitude"": 2.580536309994504, ""fwhm"": 2.6429703225692007}]",0.0,2.580536309994504,2.6429703225692007,,,,,,,,,,,,,,,
1494.5872007816315,0.005,1,EELS,Gold,"[{""position"": 0.0, ""amplitude"": 2.580536309994504, ""fwhm"": 2.6429703225692007}]",0.0,2.580536309994504,2.6429703225692007,,,,,,,,,,,,,,,
1495.5666829506595,0.005,1,EELS,Gold,"[{""position"": 0.0, ""amplitude"": 2.580536309994504, ""fwhm"": 2.6429703225692007}]",0.0,2.580536309994504,2.6429703225692007,,,,,,,,,,,,,,,
1496.5461651196872,0.0013468887777407298,1,EELS,Gold,"[{""position"": 0.0, ""amplitude"": 2.580536309994504, ""fwhm"": 2.6429703225692007}]",0.0,2.580536309994504,2.6429703225692007,,,,,,,,,,,,,,,
1497.5256472887152,0.015,1,EELS,Gold,"[{""position"": 0.0, ""amplitude"": 2.580536309994504, ""fwhm"": 2.6429703225692007}]",0.0,2.580536309994504,2.6429703225692007,,,,,,,,,,,,,,,
1498.505129457743,0.01,1,EELS,Gold,"[{""position"": 0.0, ""amplitude"": 2.580536309994504, ""fwhm"": 2.6429703225692007}]",0.0,2.580536309994504,2.6429703225692007,,,,,,,,,,,,,,,
1499.4846116267709,0.005,1,EELS,Gold,"[{""position"": 0.0, ""amplitude"": 2.580536309994504, ""fwhm"": 2.6429703225692007}]",0.0,2.580536309994504,2.6429703225692007,,,,,,,,,,,,,,,
1500.4640937957986,0.01,1,EELS,Gold,"[{""position"": 0.0, ""amplitude"": 2.580536309994504, ""fwhm"": 2.6429703225692007}]",0.0,2.580536309994504,2.6429703225692007,,,,,,,,,,,,,,,
1501.4435759648266,0.004591838289981306,1,EELS,Gold,"[{""position"": 0.0, ""amplitude"": 2.580536309994504, ""fwhm"": 2.6429703225692007}]",0.0,2.580536309994504,2.6429703225692007,,,,,,,,,,,,,,,
1502.4230581338543,0.004305653174476379,1,EELS,Gold,"[{""position"": 0.0, ""amplitude"": 2.580536309994504, ""fwhm"": 2.6429703225692007}]",0.0,2.580536309994504,2.6429703225692007,,,,,,,,,,,,,,,
1503.4025403028822,0.0,1,EELS,Gold,"[{""position"": 0.0, ""amplitude"": 2.580536309994504, ""fwhm"": 2.6429703225692007}]",0.0,2.580536309994504,2.6429703225692007,,,,,,,,,,,,,,,
1504.38202247191,0.01,1,EELS,Gold,"[{""position"": 0.0, ""amplitude"": 2.580536309994504, ""fwhm"": 2.6429703225692007}]",0.0,2.580536309994504,2.6429703225692007,,,,,,,,,,,,,,,
1505.361504640938,0.0012311066748146623,1,EELS,Gold,"[{""position"": 0.0, ""amplitude"": 2.580536309994504, ""fwhm"": 2.6429703225692007}]",0.0,2.580536309994504,2.6429703225692007,,,,,,,,,,,,,,,
1506.3409868099657,0.01,1,EELS,Gold,"[{""position"": 0.0, ""amplitude"": 2.580536309994504, ""fwhm"": 2.6429703225692007}]",0.0,2.580536309994504,2.6429703225692007,,,,,,,,,,,,,,,
1507.3204689789936,0.0008005445413351804,1,EELS,Gold,"[{""position"": 0.0, ""amplitude"": 2.580536309994504, ""fwhm"": 2.6429703225692007}]",0.0,2.580536309994504,2.6429703225692007,,,,,,,,,,,,,,,
1508.2999511480214,0.006997554107535617,1,EELS,Gold,"[{""position"": 0.0, ""amplitude"": 2.580536309994504, ""fwhm"": 2.6429703225692007}]",0.0,2.580536309994504,2.6429703225692007,,,,,,,,,,,,,,,
1509.2794333170493,0.0031857064458883787,1,EELS,Gold,"[{""position"": 0.0, ""amplitude"": 2.580536309994504, ""fwhm"": 2.6429703225692007}]",0.0,2.580536309994504,2.6429703225692007,,,,,,,,,,,,,,,
1510.258915486077,0.01,1,EELS,Gold,"[{""position"": 0.0, ""amplitude"": 2.580536309994504, ""fwhm"": 2.6429703225692007}]",0.0,2.580536309994504,2.6429703225692007,,,,,,,,,,,,,,,
1511.238397655105,0.01,1,EELS,Gold,"[{""position"": 0.0, ""amplitude"": 2.580536309994504, ""fwhm"": 2.6429703225692007}]",0.0,2.580536309994504,2.6429703225692007,,,,,,,,,,,,,,,
1512.2178798241328,0.0,1,EELS,Gold,"[{""position"": 0.0, ""amplitude"": 2.580536309994504, ""fwhm"": 2.6429703225692007}]",0.0,2.580536309994504,2.6429703225692007,,,,,,,,,,,,,,,
1513.1973619931607,0.0,1,EELS,Gold,"[{""position"": 0.0, ""amplitude"": 2.580536309994504, ""fwhm"": 2.6429703225692007}]",0.0,2.580536309994504,2.6429703225692007,,,,,,,,,,,,,,,
1514.1768441621884,0.0,1,EELS,Gold,"[{""position"": 0.0, ""amplitude"": 2.580536309994504, ""fwhm"": 2.6429703225692007}]",0.0,2.580536309994504,2.6429703225692007,,,,,,,,,,,,,,,
1515.1563263312164,0.015969422208332817,1,EELS,Gold,"[{""position"": 0.0, ""amplitude"": 2.580536309994504, ""fwhm"": 2.6429703225692007}]",0.0,2.580536309994504,2.6429703225692007,,,,,,,,,,,,,,,
1516.1358085002441,0.0023776667163720776,1,EELS,Gold,"[{""position"": 0.0, ""amplitude"": 2.580536309994504, ""fwhm"": 2.6429703225692007}]",0.0,2.580536309994504,2.6429703225692007,,,,,,,,,,,,,,,
1517.115290669272,0.0,1,EELS,Gold,"[{""position"": 0.0, ""amplitude"": 2.580536309994504, ""fwhm"": 2.6429703225692007}]",0.0,2.580536309994504,2.6429703225692007,,,,,,,,,,,,,,,
1518.0947728382998,0.01387067237862953,1,EELS,Gold,"[{""position"": 0.0, ""amplitude"": 2.580536309994504, ""fwhm"": 2.6429703225692007}]",0.0,2.580536309994504,2.6429703225692007,,,,,,,,,,,,,,,
1519.0742550073278,0.015,1,EELS,Gold,"[{""position"": 0.0, ""amplitude"": 2.580536309994504, ""fwhm"": 2.6429703225692007}]",0.0,2.580536309994504,2.6429703225692007,,,,,,,,,,,,,,,
1520.0537371763555,0.01,1,EELS,Gold,"[{""position"": 0.0, ""amplitude"": 2.580536309994504, ""fwhm"": 2.6429703225692007}]",0.0,2.580536309994504,2.6429703225692007,,,,,,,,,,,,,,,
1521.0332193453835,0.005,1,EELS,Gold,"[{""position"": 0.0, ""amplitude"": 2.580536309994504, ""fwhm"": 2.6429703225692007}]",0.0,2.580536309994504,2.6429703225692007,,,,,,,,,,,,,,,
1522.0127015144112,0.005,1,EELS,Gold,"[{""position"": 0.0, ""amplitude"": 2.580536309994504, ""fwhm"": 2.6429703225692007}]",0.0,2.580536309994504,2.6429703225692007,,,,,,,,,,,,,,,
1522.9921836834392,0.007301348934231341,1,EELS,Gold,"[{""position"": 0.0, ""amplitude"": 2.580536309994504, ""fwhm"": 2.6429703225692007}]",0.0,2.580536309994504,2.6429703225692007,,,,,,,,,,,,,,,
1523.971665852467,0.006921809971521101,1,EELS,Gold,"[{""position"": 0.0, ""amplitude"": 2.580536309994504, ""fwhm"": 2.6429703225692007}]",0.0,2.580536309994504,2.6429703225692007,,,,,,,,,,,,,,,
1524.9511480214949,0.0,1,EELS,Gold,"[{""position"": 0.0, ""amplitude"": 2.580536309994504, ""fwhm"": 2.6429703225692007}]",0.0,2.580536309994504,2.6429703225692007,,,,,,,,,,,,,,,
1525.9306301905226,0.010194742854296012,1,EELS,Gold,"[{""position"": 0.0, ""amplitude"": 2.580536309994504, ""fwhm"": 2.6429703225692007}]",0.0,2.580536309994504,2.6429703225692007,,,,,,,,,,,,,,,
1526.9101123595506,0.0013522037245539283,1,EELS,Gold,"[{""position"": 0.0, ""amplitude"": 2.580536309994504, ""fwhm"": 2.6429703225692007}]",0.0,2.580536309994504,2.6429703225692007,,,,,,,,,,,,,,,
1527.8895945285783,0.01,1,EELS,Gold,"[{""position"": 0.0, ""amplitude"": 2.580536309994504, ""fwhm"": 2.6429703225692007}]",0.0,2.580536309994504,2.6429703225692007,,,,,,,,,,,,,,,
1528.8690766976063,0.0,1,EELS,Gold,"[{""position"": 0.0, ""amplitude"": 2.580536309994504, ""fwhm"": 2.6429703225692007}]",0.0,2.580536309994504,2.6429703225692007,,,,,,,,,,,,,,,
1529.848558866634,0.007069717813769089,1,EELS,Gold,"[{""position"": 0.0, ""amplitude"": 2.580536309994504, ""fwhm"": 2.6429703225692007}]",0.0,2.580536309994504,2.6429703225692007,,,,,,,,,,,,,,,
1530.828041035662,0.0,1,EELS,Gold,"[{""position"": 0.0, ""amplitude"": 2.580536309994504, ""fwhm"": 2.6429703225692007}]",0.0,2.580536309994504,2.6429703225692007,,,,,,,,,,,,,,,
1531.8075232046897,0.010778746119128626,1,EELS,Gold,"[{""position"": 0.0, ""amplitude"": 2.580536309994504, ""fwhm"": 2.6429703225692007}]",0.0,2.580536309994504,2.6429703225692007,,,,,,,,,,,,,,,
1532.7870053737176,0.0,1,EELS,Gold,"[{""position"": 0.0, ""amplitude"": 2.580536309994504, ""fwhm"": 2.6429703225692007}]",0.0,2.580536309994504,2.6429703225692007,,,,,,,,,,,,,,,
1533.7664875427454,0.0062244019716833,1,EELS,Gold,"[{""position"": 0.0, ""amplitude"": 2.580536309994504, ""fwhm"": 2.6429703225692007}]",0.0,2.580536309994504,2.6429703225692007,,,,,,,,,,,,,,,
1534.7459697117733,0.005,1,EELS,Gold,"[{""position"": 0.0, ""amplitude"": 2.580536309994504, ""fwhm"": 2.6429703225692007}]",0.0,2.580536309994504,2.6429703225692007,,,,,,,,,,,,,,,
1535.725451880801,0.0,1,EELS,Gold,"[{""position"": 0.0, ""amplitude"": 2.580536309994504, ""fwhm"": 2.6429703225692007}]",0.0,2.580536309994504,2.6429703225692007,,,,,,,,,,,,,,,
1536.704934049829,0.0030247234335365556,1,EELS,Gold,"[{""position"": 0.0, ""amplitude"": 2.580536309994504, ""fwhm"": 2.6429703225692007}]",0.0,2.580536309994504,2.6429703225692007,,,,,,,,,,,,,,,
1537.6844162188568,0.005,1,EELS,Gold,"[{""position"": 0.0, ""amplitude"": 2.580536309994504, ""fwhm"": 2.6429703225692007}]",0.0,2.580536309994504,2.6429703225692007,,,,,,,,,,,,,,,
1538.6638983878847,0.005,1,EELS,Gold,"[{""position"": 0.0, ""amplitude"": 2.580536309994504, ""fwhm"": 2.6429703225692007}]",0.0,2.580536309994504,2.6429703225692007,,,,,,,,,,,,,,,
1539.6433805569125,0.005538824352547603,1,EELS,Gold,"[{""position"": 0.0, ""amplitude"": 2.580536309994504, ""fwhm"": 2.6429703225692007}]",0.0,2.580536309994504,2.6429703225692007,,,,,,,,,,,,,,,
1540.6228627259404,0.012983120872804434,1,EELS,Gold,"[{""position"": 0.0, ""amplitude"": 2.580536309994504, ""fwhm"": 2.6429703225692007}]",0.0,2.580536309994504,2.6429703225692007,,,,,,,,,,,,,,,
1541.6023448949682,0.015,1,EELS,Gold,"[{""position"": 0.0, ""amplitude"": 2.580536309994504, ""fwhm"": 2.6429703225692007}]",0.0,2.580536309994504,2.6429703225692007,,,,,,,,,,,,,,,
1542.5818270639961,0.00018067259873831234,1,EELS,Gold,"[{""position"": 0.0, ""amplitude"": 2.580536309994504, ""fwhm"": 2.6429703225692007}]",0.0,2.580536309994504,2.6429703225692007,,,,,,,,,,,,,,,
1543.5613092330238,0.0011272059864605283,1,EELS,Gold,"[{""position"": 0.0, ""amplitude"": 2.580536309994504, ""fwhm"": 2.6429703225692007}]",0.0,2.580536309994504,2.6429703225692007,,,,,,,,,,,,,,,
1544.5407914020518,0.0018085768742923385,1,EELS,Gold,"[{""position"": 0.0, ""amplitude"": 2.580536309994504, ""fwhm"": 2.6429703225692007}]",0.0,2.580536309994504,2.6429703225692007,,,,,,,,,,,,,,,
1545.5202735710795,0.0004764867775149915,1,EELS,Gold,"[{""position"": 0.0, ""amplitude"": 2.580536309994504, ""fwhm"": 2.6429703225692007}]",0.0,2.580536309994504,2.6429703225692007,,,,,,,,,,,,,,,
1546.4997557401073,0.0,1,EELS,Gold,"[{""position"": 0.0, ""amplitude"": 2.580536309994504, ""fwhm"": 2.6429703225692007}]",0.0,2.580536309994504,2.6429703225692007,,,,,,,,,,,,,,,
1547.4792379091352,0.0,1,EELS,Gold,"[{""position"": 0.0, ""amplitude"": 2.580536309994504, ""fwhm"": 2.6429703225692007}]",0.0,2.580536309994504,2.6429703225692007,,,,,,,,,,,,,,,
1548.458720078163,0.005243615198931307,1,EELS,Gold,"[{""position"": 0.0, ""amplitude"": 2.580536309994504, ""fwhm"": 2.6429703225692007}]",0.0,2.580536309994504,2.6429703225692007,,,,,,,,,,,,,,,
1549.438202247191,0.0,1,EELS,Gold,"[{""position"": 0.0, ""amplitude"": 2.580536309994504, ""fwhm"": 2.6429703225692007}]",0.0,2.580536309994504,2.6429703225692007,,,,,,,,,,,,,,,
1550.4176844162187,0.0,1,EELS,Gold,"[{""position"": 0.0, ""amplitude"": 2.580536309994504, ""fwhm"": 2.6429703225692007}]",0.0,2.580536309994504,2.6429703225692007,,,,,,,,,,,,,,,
1551.3971665852466,0.0061469960076547345,1,EELS,Gold,"[{""position"": 0.0, ""amplitude"": 2.580536309994504, ""fwhm"": 2.6429703225692007}]",0.0,2.580536309994504,2.6429703225692007,,,,,,,,,,,,,,,
1552.3766487542744,0.002351965297632383,1,EELS,Gold,"[{""position"": 0.0, ""amplitude"": 2.580536309994504, ""fwhm"": 2.6429703225692007}]",0.0,2.580536309994504,2.6429703225692007,,,,,,,,,,,,,,,
1553.3561309233023,0.0,1,EELS,Gold,"[{""position"": 0.0, ""amplitude"": 2.580536309994504, ""fwhm"": 2.6429703225692007}]",0.0,2.580536309994504,2.6429703225692007,,,,,,,,,,,,,,,
1554.33561309233,0.01,1,EELS,Gold,"[{""position"": 0.0, ""amplitude"": 2.580536309994504, ""fwhm"": 2.6429703225692007}]",0.0,2.580536309994504,2.6429703225692007,,,,,,,,,,,,,,,
1555.315095261358,0.006617676739838338,1,EELS,Gold,"[{""position"": 0.0, ""amplitude"": 2.580536309994504, ""fwhm"": 2.6429703225692007}]",0.0,2.580536309994504,2.6429703225692007,,,,,,,,,,,,,,,
1556.2945774303857,0.015326000586232544,1,EELS,Gold,"[{""position"": 0.0, ""amplitude"": 2.580536309994504, ""fwhm"": 2.6429703225692007}]",0.0,2.580536309994504,2.6429703225692007,,,,,,,,,,,,,,,
1557.2740595994137,7.493492391650011e-05,1,EELS,Gold,"[{""position"": 0.0, ""amplitude"": 2.580536309994504, ""fwhm"": 2.6429703225692007}]",0.0,2.580536309994504,2.6429703225692007,,,,,,,,,,,,,,,
1558.2535417684414,0.0,1,EELS,Gold,"[{""position"": 0.0, ""amplitude"": 2.580536309994504, ""fwhm"": 2.6429703225692007}]",0.0,2.580536309994504,2.6429703225692007,,,,,,,,,,,,,,,
1559.2330239374694,0.01,1,EELS,Gold,"[{""position"": 0.0, ""amplitude"": 2.580536309994504, ""fwhm"": 2.6429703225692007}]",0.0,2.580536309994504,2.6429703225692007,,,,,,,,,,,,,,,
1560.2125061064971,0.013565980147831655,1,EELS,Gold,"[{""position"": 0.0, ""amplitude"": 2.580536309994504, ""fwhm"": 2.6429703225692007}]",0.0,2.580536309994504,2.6429703225692007,,,,,,,,,,,,,,,
1561.191988275525,0.02,1,EELS,Gold,"[{""position"": 0.0, ""amplitude"": 2.580536309994504, ""fwhm"": 2.6429703225692007}]",0.0,2.580536309994504,2.6429703225692007,,,,,,,,,,,,,,,
1562.1714704445528,0.0,1,EELS,Gold,"[{""position"": 0.0, ""amplitude"": 2.580536309994504, ""fwhm"": 2.6429703225692007}]",0.0,2.580536309994504,2.6429703225692007,,,,,,,,,,,,,,,
1563.1509526135808,0.005,1,EELS,Gold,"[{""position"": 0.0, ""amplitude"": 2.580536309994504, ""fwhm"": 2.6429703225692007}]",0.0,2.580536309994504,2.6429703225692007,,,,,,,,,,,,,,,
1564.1304347826085,0.01,1,EELS,Gold,"[{""position"": 0.0, ""amplitude"": 2.580536309994504, ""fwhm"": 2.6429703225692007}]",0.0,2.580536309994504,2.6429703225692007,,,,,,,,,,,,,,,
1565.1099169516365,0.005337424272384849,1,EELS,Gold,"[{""position"": 0.0, ""amplitude"": 2.580536309994504, ""fwhm"": 2.6429703225692007}]",0.0,2.580536309994504,2.6429703225692007,,,,,,,,,,,,,,,
1566.0893991206642,0.009209895171405857,1,EELS,Gold,"[{""position"": 0.0, ""amplitude"": 2.580536309994504, ""fwhm"": 2.6429703225692007}]",0.0,2.580536309994504,2.6429703225692007,,,,,,,,,,,,,,,
1567.0688812896922,0.015854078457804396,1,EELS,Gold,"[{""position"": 0.0, ""amplitude"": 2.580536309994504, ""fwhm"": 2.6429703225692007}]",0.0,2.580536309994504,2.6429703225692007,,,,,,,,,,,,,,,
1568.04836345872,0.01,1,EELS,Gold,"[{""position"": 0.0, ""amplitude"": 2.580536309994504, ""fwhm"": 2.6429703225692007}]",0.0,2.580536309994504,2.6429703225692007,,,,,,,,,,,,,,,
1569.0278456277479,0.0,1,EELS,Gold,"[{""position"": 0.0, ""amplitude"": 2.580536309994504, ""fwhm"": 2.6429703225692007}]",0.0,2.580536309994504,2.6429703225692007,,,,,,,,,,,,,,,
1570.0073277967756,0.0,1,EELS,Gold,"[{""position"": 0.0, ""amplitude"": 2.580536309994504, ""fwhm"": 2.6429703225692007}]",0.0,2.580536309994504,2.6429703225692007,,,,,,,,,,,,,,,
1570.9868099658036,0.017297870682225686,1,EELS,Gold,"[{""position"": 0.0, ""amplitude"": 2.580536309994504, ""fwhm"": 2.6429703225692007}]",0.0,2.580536309994504,2.6429703225692007,,,,,,,,,,,,,,,
1571.9662921348313,0.005,1,EELS,Gold,"[{""position"": 0.0, ""amplitude"": 2.580536309994504, ""fwhm"": 2.6429703225692007}]",0.0,2.580536309994504,2.6429703225692007,,,,,,,,,,,,,,,
1572.9457743038593,0.005,1,EELS,Gold,"[{""position"": 0.0, ""amplitude"": 2.580536309994504, ""fwhm"": 2.6429703225692007}]",0.0,2.580536309994504,2.6429703225692007,,,,,,,,,,,,,,,
1573.925256472887,0.008253466884162638,1,EELS,Gold,"[{""position"": 0.0, ""amplitude"": 2.580536309994504, ""fwhm"": 2.6429703225692007}]",0.0,2.580536309994504,2.6429703225692007,,,,,,,,,,,,,,,
1574.904738641915,0.005791192805485613,1,EELS,Gold,"[{""position"": 0.0, ""amplitude"": 2.580536309994504, ""fwhm"": 2.6429703225692007}]",0.0,2.580536309994504,2.6429703225692007,,,,,,,,,,,,,,,
1575.8842208109427,0.005,1,EELS,Gold,"[{""position"": 0.0, ""amplitude"": 2.580536309994504, ""fwhm"": 2.6429703225692007}]",0.0,2.580536309994504,2.6429703225692007,,,,,,,,,,,,,,,
1576.8637029799706,0.005,1,EELS,Gold,"[{""position"": 0.0, ""amplitude"": 2.580536309994504, ""fwhm"": 2.6429703225692007}]",0.0,2.580536309994504,2.6429703225692007,,,,,,,,,,,,,,,
1577.8431851489984,0.0029818168990147823,1,EELS,Gold,"[{""position"": 0.0, ""amplitude"": 2.580536309994504, ""fwhm"": 2.6429703225692007}]",0.0,2.580536309994504,2.6429703225692007,,,,,,,,,,,,,,,
1578.8226673180263,0.005312897241750231,1,EELS,Gold,"[{""position"": 0.0, ""amplitude"": 2.580536309994504, ""fwhm"": 2.6429703225692007}]",0.0,2.580536309994504,2.6429703225692007,,,,,,,,,,,,,,,
1579.802149487054,0.01,1,EELS,Gold,"[{""position"": 0.0, ""amplitude"": 2.580536309994504, ""fwhm"": 2.6429703225692007}]",0.0,2.580536309994504,2.6429703225692007,,,,,,,,,,,,,,,
1580.781631656082,0.0023907861436433054,1,EELS,Gold,"[{""position"": 0.0, ""amplitude"": 2.580536309994504, ""fwhm"": 2.6429703225692007}]",0.0,2.580536309994504,2.6429703225692007,,,,,,,,,,,,,,,
1581.7611138251098,0.015,1,EELS,Gold,"[{""position"": 0.0, ""amplitude"": 2.580536309994504, ""fwhm"": 2.6429703225692007}]",0.0,2.580536309994504,2.6429703225692007,,,,,,,,,,,,,,,
1582.7405959941377,0.009850534637137743,1,EELS,Gold,"[{""position"": 0.0, ""amplitude"": 2.580536309994504, ""fwhm"": 2.6429703225692007}]",0.0,2.580536309994504,2.6429703225692007,,,,,,,,,,,,,,,
1583.7200781631655,0.01280535004633215,1,EELS,Gold,"[{""position"": 0.0, ""amplitude"": 2.580536309994504, ""fwhm"": 2.6429703225692007}]",0.0,2.580536309994504,2.6429703225692007,,,,,,,,,,,,,,,
1584.6995603321934,0.0,1,EELS,Gold,"[{""position"": 0.0, ""amplitude"": 2.580536309994504, ""fwhm"": 2.6429703225692007}]",0.0,2.580536309994504,2.6429703225692007,,,,,,,,,,,,,,,
1585.6790425012211,0.0033234475944370384,1,EELS,Gold,"[{""position"": 0.0, ""amplitude"": 2.580536309994504, ""fwhm"": 2.6429703225692007}]",0.0,2.580536309994504,2.6429703225692007,,,,,,,,,,,,,,,
1586.658524670249,0.00019564411979965113,1,EELS,Gold,"[{""position"": 0.0, ""amplitude"": 2.580536309994504, ""fwhm"": 2.6429703225692007}]",0.0,2.580536309994504,2.6429703225692007,,,,,,,,,,,,,,,
1587.6380068392768,0.007219307405540739,1,EELS,Gold,"[{""position"": 0.0, ""amplitude"": 2.580536309994504, ""fwhm"": 2.6429703225692007}]",0.0,2.580536309994504,2.6429703225692007,,,,,,,,,,,,,,,
1588.6174890083048,0.0012704005723636947,1,EELS,Gold,"[{""position"": 0.0, ""amplitude"": 2.580536309994504, ""fwhm"": 2.6429703225692007}]",0.0,2.580536309994504,2.6429703225692007,,,,,,,,,,,,,,,
1589.5969711773325,0.0,1,EELS,Gold,"[{""position"": 0.0, ""amplitude"": 2.580536309994504, ""fwhm"": 2.6429703225692007}]",0.0,2.580536309994504,2.6429703225692007,,,,,,,,,,,,,,,
1590.5764533463605,0.01,1,EELS,Gold,"[{""position"": 0.0, ""amplitude"": 2.580536309994504, ""fwhm"": 2.6429703225692007}]",0.0,2.580536309994504,2.6429703225692007,,,,,,,,,,,,,,,
1591.5559355153882,0.0026760519381133106,1,EELS,Gold,"[{""position"": 0.0, ""amplitude"": 2.580536309994504, ""fwhm"": 2.6429703225692007}]",0.0,2.580536309994504,2.6429703225692007,,,,,,,,,,,,,,,
1592.5354176844162,0.01,1,EELS,Gold,"[{""position"": 0.0, ""amplitude"": 2.580536309994504, ""fwhm"": 2.6429703225692007}]",0.0,2.580536309994504,2.6429703225692007,,,,,,,,,,,,,,,
1593.514899853444,0.0,1,EELS,Gold,"[{""position"": 0.0, ""amplitude"": 2.580536309994504, ""fwhm"": 2.6429703225692007}]",0.0,2.580536309994504,2.6429703225692007,,,,,,,,,,,,,,,
1594.4943820224719,0.0,1,EELS,Gold,"[{""position"": 0.0, ""amplitude"": 2.580536309994504, ""fwhm"": 2.6429703225692007}]",0.0,2.580536309994504,2.6429703225692007,,,,,,,,,,,,,,,
1595.4738641914996,0.001112643615007113,1,EELS,Gold,"[{""position"": 0.0, ""amplitude"": 2.580536309994504, ""fwhm"": 2.6429703225692007}]",0.0,2.580536309994504,2.6429703225692007,,,,,,,,,,,,,,,
1596.4533463605276,0.015338118110358234,1,EELS,Gold,"[{""position"": 0.0, ""amplitude"": 2.580536309994504, ""fwhm"": 2.6429703225692007}]",0.0,2.580536309994504,2.6429703225692007,,,,,,,,,,,,,,,
1597.4328285295553,0.01,1,EELS,Gold,"[{""position"": 0.0, ""amplitude"": 2.580536309994504, ""fwhm"": 2.6429703225692007}]",0.0,2.580536309994504,2.6429703225692007,,,,,,,,,,,,,,,
1598.4123106985833,0.005082899140236923,1,EELS,Gold,"[{""position"": 0.0, ""amplitude"": 2.580536309994504, ""fwhm"": 2.6429703225692007}]",0.0,2.580536309994504,2.6429703225692007,,,,,,,,,,,,,,,
1599.391792867611,0.003661437090371165,1,EELS,Gold,"[{""position"": 0.0, ""amplitude"": 2.580536309994504, ""fwhm"": 2.6429703225692007}]",0.0,2.580536309994504,2.6429703225692007,,,,,,,,,,,,,,,
1600.371275036639,0.005,1,EELS,Gold,"[{""position"": 0.0, ""amplitude"": 2.580536309994504, ""fwhm"": 2.6429703225692007}]",0.0,2.580536309994504,2.6429703225692007,,,,,,,,,,,,,,,
1601.3507572056667,0.00118670585914791,1,EELS,Gold,"[{""position"": 0.0, ""amplitude"": 2.580536309994504, ""fwhm"": 2.6429703225692007}]",0.0,2.580536309994504,2.6429703225692007,,,,,,,,,,,,,,,
1602.3302393746947,0.01,1,EELS,Gold,"[{""position"": 0.0, ""amplitude"": 2.580536309994504, ""fwhm"": 2.6429703225692007}]",0.0,2.580536309994504,2.6429703225692007,,,,,,,,,,,,,,,
1603.3097215437224,0.006124622307941369,1,EELS,Gold,"[{""position"": 0.0, ""amplitude"": 2.580536309994504, ""fwhm"": 2.6429703225692007}]",0.0,2.580536309994504,2.6429703225692007,,,,,,,,,,,,,,,
1604.2892037127503,0.015,1,EELS,Gold,"[{""position"": 0.0, ""amplitude"": 2.580536309994504, ""fwhm"": 2.6429703225692007}]",0.0,2.580536309994504,2.6429703225692007,,,,,,,,,,,,,,,
1605.268685881778,0.012561735854677408,1,EELS,Gold,"[{""position"": 0.0, ""amplitude"": 2.580536309994504, ""fwhm"": 2.6429703225692007}]",0.0,2.580536309994504,2.6429703225692007,,,,,,,,,,,,,,,
1606.248168050806,0.0030816277112778786,1,EELS,Gold,"[{""position"": 0.0, ""amplitude"": 2.580536309994504, ""fwhm"": 2.6429703225692007}]",0.0,2.580536309994504,2.6429703225692007,,,,,,,,,,,,,,,
1607.2276502198338,0.006696715881292936,1,EELS,Gold,"[{""position"": 0.0, ""amplitude"": 2.580536309994504, ""fwhm"": 2.6429703225692007}]",0.0,2.580536309994504,2.6429703225692007,,,,,,,,,,,,,,,
1608.2071323888617,0.0015146739389258325,1,EELS,Gold,"[{""position"": 0.0, ""amplitude"": 2.580536309994504, ""fwhm"": 2.6429703225692007}]",0.0,2.580536309994504,2.6429703225692007,,,,,,,,,,,,,,,
1609.1866145578895,0.005860209637125314,1,EELS,Gold,"[{""position"": 0.0, ""amplitude"": 2.580536309994504, ""fwhm"": 2.6429703225692007}]",0.0,2.580536309994504,2.6429703225692007,,,,,,,,,,,,,,,
1610.1660967269174,0.0005213822821983074,1,EELS,Gold,"[{""position"": 0.0, ""amplitude"": 2.580536309994504, ""fwhm"": 2.6429703225692007}]",0.0,2.580536309994504,2.6429703225692007,,,,,,,,,,,,,,,
1611.1455788959452,0.005,1,EELS,Gold,"[{""position"": 0.0, ""amplitude"": 2.580536309994504, ""fwhm"": 2.6429703225692007}]",0.0,2.580536309994504,2.6429703225692007,,,,,,,,,,,,,,,
1612.1250610649731,0.005892861970856682,1,EELS,Gold,"[{""position"": 0.0, ""amplitude"": 2.580536309994504, ""fwhm"": 2.6429703225692007}]",0.0,2.580536309994504,2.6429703225692007,,,,,,,,,,,,,,,
1613.1045432340009,0.015,1,EELS,Gold,"[{""position"": 0.0, ""amplitude"": 2.580536309994504, ""fwhm"": 2.6429703225692007}]",0.0,2.580536309994504,2.6429703225692007,,,,,,,,,,,,,,,
1614.0840254030288,0.005454468336097652,1,EELS,Gold,"[{""position"": 0.0, ""amplitude"": 2.580536309994504, ""fwhm"": 2.6429703225692007}]",0.0,2.580536309994504,2.6429703225692007,,,,,,,,,,,,,,,
1615.0635075720566,0.0034171639085435962,1,EELS,Gold,"[{""position"": 0.0, ""amplitude"": 2.580536309994504, ""fwhm"": 2.6429703225692007}]",0.0,2.580536309994504,2.6429703225692007,,,,,,,,,,,,,,,
1616.0429897410845,0.0,1,EELS,Gold,"[{""position"": 0.0, ""amplitude"": 2.580536309994504, ""fwhm"": 2.6429703225692007}]",0.0,2.580536309994504,2.6429703225692007,,,,,,,,,,,,,,,
1617.0224719101122,0.007958928278772422,1,EELS,Gold,"[{""position"": 0.0, ""amplitude"": 2.580536309994504, ""fwhm"": 2.6429703225692007}]",0.0,2.580536309994504,2.6429703225692007,,,,,,,,,,,,,,,
1618.0019540791402,0.0084158617847203,1,EELS,Gold,"[{""position"": 0.0, ""amplitude"": 2.580536309994504, ""fwhm"": 2.6429703225692007}]",0.0,2.580536309994504,2.6429703225692007,,,,,,,,,,,,,,,
1618.981436248168,0.005,1,EELS,Gold,"[{""position"": 0.0, ""amplitude"": 2.580536309994504, ""fwhm"": 2.6429703225692007}]",0.0,2.580536309994504,2.6429703225692007,,,,,,,,,,,,,,,
1619.960918417196,0.005,1,EELS,Gold,"[{""position"": 0.0, ""amplitude"": 2.580536309994504, ""fwhm"": 2.6429703225692007}]",0.0,2.580536309994504,2.6429703225692007,,,,,,,,,,,,,,,
1620.9404005862236,0.0,1,EELS,Gold,"[{""position"": 0.0, ""amplitude"": 2.580536309994504, ""fwhm"": 2.6429703225692007}]",0.0,2.580536309994504,2.6429703225692007,,,,,,,,,,,,,,,
1621.9198827552516,0.013363909661409705,1,EELS,Gold,"[{""position"": 0.0, ""amplitude"": 2.580536309994504, ""fwhm"": 2.6429703225692007}]",0.0,2.580536309994504,2.6429703225692007,,,,,,,,,,,,,,,
1622.8993649242793,0.0,1,EELS,Gold,"[{""position"": 0.0, ""amplitude"": 2.580536309994504, ""fwhm"": 2.6429703225692007}]",0.0,2.580536309994504,2.6429703225692007,,,,,,,,,,,,,,,
1623.8788470933073,0.01,1,EELS,Gold,"[{""position"": 0.0, ""amplitude"": 2.580536309994504, ""fwhm"": 2.6429703225692007}]",0.0,2.580536309994504,2.6429703225692007,,,,,,,,,,,,,,,
1624.858329262335,0.0,1,EELS,Gold,"[{""position"": 0.0, ""amplitude"": 2.580536309994504, ""fwhm"": 2.6429703225692007}]",0.0,2.580536309994504,2.6429703225692007,,,,,,,,,,,,,,,
1625.837811431363,0.012187203720980692,1,EELS,Gold,"[{""position"": 0.0, ""amplitude"": 2.580536309994504, ""fwhm"": 2.6429703225692007}]",0.0,2.580536309994504,2.6429703225692007,,,,,,,,,,,,,,,
1626.8172936003907,0.006429483694236349,1,EELS,Gold,"[{""position"": 0.0, ""amplitude"": 2.580536309994504, ""fwhm"": 2.6429703225692007}]",0.0,2.580536309994504,2.6429703225692007,,,,,,,,,,,,,,,
1627.7967757694187,0.005,1,EELS,Gold,"[{""position"": 0.0, ""amplitude"": 2.580536309994504, ""fwhm"": 2.6429703225692007}]",0.0,2.580536309994504,2.6429703225692007,,,,,,,,,,,,,,,
1628.7762579384464,0.01,1,EELS,Gold,"[{""position"": 0.0, ""amplitude"": 2.580536309994504, ""fwhm"": 2.6429703225692007}]",0.0,2.580536309994504,2.6429703225692007,,,,,,,,,,,,,,,
1629.7557401074744,0.015,1,EELS,Gold,"[{""position"": 0.0, ""amplitude"": 2.580536309994504, ""fwhm"": 2.6429703225692007}]",0.0,2.580536309994504,2.6429703225692007,,,,,,,,,,,,,,,
1630.735222276502,0.01,1,EELS,Gold,"[{""position"": 0.0, ""amplitude"": 2.580536309994504, ""fwhm"": 2.6429703225692007}]",0.0,2.580536309994504,2.6429703225692007,,,,,,,,,,,,,,,
1631.71470444553,0.004184572111655941,1,EELS,Gold,"[{""position"": 0.0, ""amplitude"": 2.580536309994504, ""fwhm"": 2.6429703225692007}]",0.0,2.580536309994504,2.6429703225692007,,,,,,,,,,,,,,,
1632.6941866145578,0.005,1,EELS,Gold,"[{""position"": 0.0, ""amplitude"": 2.580536309994504, ""fwhm"": 2.6429703225692007}]",0.0,2.580536309994504,2.6429703225692007,,,,,,,,,,,,,,,
1633.6736687835858,0.008157846913668608,1,EELS,Gold,"[{""position"": 0.0, ""amplitude"": 2.580536309994504, ""fwhm"": 2.6429703225692007}]",0.0,2.580536309994504,2.6429703225692007,,,,,,,,,,,,,,,
1634.6531509526135,0.01394200994618204,1,EELS,Gold,"[{""position"": 0.0, ""amplitude"": 2.580536309994504, ""fwhm"": 2.6429703225692007}]",0.0,2.580536309994504,2.6429703225692007,,,,,,,,,,,,,,,
1635.6326331216414,0.007593574138796426,1,EELS,Gold,"[{""position"": 0.0, ""amplitude"": 2.580536309994504, ""fwhm"": 2.6429703225692007}]",0.0,2.580536309994504,2.6429703225692007,,,,,,,,,,,,,,,
1636.6121152906692,0.005,1,EELS,Gold,"[{""position"": 0.0, ""amplitude"": 2.580536309994504, ""fwhm"": 2.6429703225692007}]",0.0,2.580536309994504,2.6429703225692007,,,,,,,,,,,,,,,
1637.591597459697,0.006060582532965196,1,EELS,Gold,"[{""position"": 0.0, ""amplitude"": 2.580536309994504, ""fwhm"": 2.6429703225692007}]",0.0,2.580536309994504,2.6429703225692007,,,,,,,,,,,,,,,
1638.5710796287249,0.005,1,EELS,Gold,"[{""position"": 0.0, ""amplitude"": 2.580536309994504, ""fwhm"": 2.6429703225692007}]",0.0,2.580536309994504,2.6429703225692007,,,,,,,,,,,,,,,
1639.5505617977526,0.0,1,EELS,Gold,"[{""position"": 0.0, ""amplitude"": 2.580536309994504, ""fwhm"": 2.6429703225692007}]",0.0,2.580536309994504,2.6429703225692007,,,,,,,,,,,,,,,
1640.5300439667806,0.010855891774024655,1,EELS,Gold,"[{""position"": 0.0, ""amplitude"": 2.580536309994504, ""fwhm"": 2.6429703225692007}]",0.0,2.580536309994504,2.6429703225692007,,,,,,,,,,,,,,,
1641.5095261358083,0.005,1,EELS,Gold,"[{""position"": 0.0, ""amplitude"": 2.580536309994504, ""fwhm"": 2.6429703225692007}]",0.0,2.580536309994504,2.6429703225692007,,,,,,,,,,,,,,,
1642.4890083048363,0.0030816747579341113,1,EELS,Gold,"[{""position"": 0.0, ""amplitude"": 2.580536309994504, ""fwhm"": 2.6429703225692007}]",0.0,2.580536309994504,2.6429703225692007,,,,,,,,,,,,,,,
1643.468490473864,0.01,1,EELS,Gold,"[{""position"": 0.0, ""amplitude"": 2.580536309994504, ""fwhm"": 2.6429703225692007}]",0.0,2.580536309994504,2.6429703225692007,,,,,,,,,,,,,,,
1644.447972642892,0.005538182813879487,1,EELS,Gold,"[{""position"": 0.0, ""amplitude"": 2.580536309994504, ""fwhm"": 2.6429703225692007}]",0.0,2.580536309994504,2.6429703225692007,,,,,,,,,,,,,,,
1645.4274548119197,0.005749908027079381,1,EELS,Gold,"[{""position"": 0.0, ""amplitude"": 2.580536309994504, ""fwhm"": 2.6429703225692007}]",0.0,2.580536309994504,2.6429703225692007,,,,,,,,,,,,,,,
1646.4069369809476,0.005,1,EELS,Gold,"[{""position"": 0.0, ""amplitude"": 2.580536309994504, ""fwhm"": 2.6429703225692007}]",0.0,2.580536309994504,2.6429703225692007,,,,,,,,,,,,,,,
1647.3864191499754,0.016532115128109547,1,EELS,Gold,"[{""position"": 0.0, ""amplitude"": 2.580536309994504, ""fwhm"": 2.6429703225692007}]",0.0,2.580536309994504,2.6429703225692007,,,,,,,,,,,,,,,
1648.3659013190033,0.005,1,EELS,Gold,"[{""position"": 0.0, ""amplitude"": 2.580536309994504, ""fwhm"": 2.6429703225692007}]",0.0,2.580536309994504,2.6429703225692007,,,,,,,,,,,,,,,
1649.345383488031,0.0022658457251408786,1,EELS,Gold,"[{""position"": 0.0, ""amplitude"": 2.580536309994504, ""fwhm"": 2.6429703225692007}]",0.0,2.580536309994504,2.6429703225692007,,,,,,,,,,,,,,,
1650.324865657059,0.0,1,EELS,Gold,"[{""position"": 0.0, ""amplitude"": 2.580536309994504, ""fwhm"": 2.6429703225692007}]",0.0,2.580536309994504,2.6429703225692007,,,,,,,,,,,,,,,
1651.3043478260868,0.010345254841146552,1,EELS,Gold,"[{""position"": 0.0, ""amplitude"": 2.580536309994504, ""fwhm"": 2.6429703225692007}]",0.0,2.580536309994504,2.6429703225692007,,,,,,,,,,,,,,,
1652.2838299951147,0.010018369010148815,1,EELS,Gold,"[{""position"": 0.0, ""amplitude"": 2.580536309994504, ""fwhm"": 2.6429703225692007}]",0.0,2.580536309994504,2.6429703225692007,,,,,,,,,,,,,,,
1653.2633121641425,0.0,1,EELS,Gold,"[{""position"": 0.0, ""amplitude"": 2.580536309994504, ""fwhm"": 2.6429703225692007}]",0.0,2.580536309994504,2.6429703225692007,,,,,,,,,,,,,,,
1654.2427943331704,0.0,1,EELS,Gold,"[{""position"": 0.0, ""amplitude"": 2.580536309994504, ""fwhm"": 2.6429703225692007}]",0.0,2.580536309994504,2.6429703225692007,,,,,,,,,,,,,,,
1655.2222765021982,0.006344310754615218,1,EELS,Gold,"[{""position"": 0.0, ""amplitude"": 2.580536309994504, ""fwhm"": 2.6429703225692007}]",0.0,2.580536309994504,2.6429703225692007,,,,,,,,,,,,,,,
1656.2017586712261,0.00048232980005084126,1,EELS,Gold,"[{""position"": 0.0, ""amplitude"": 2.580536309994504, ""fwhm"": 2.6429703225692007}]",0.0,2.580536309994504,2.6429703225692007,,,,,,,,,,,,,,,
1657.1812408402538,0.010923310022142587,1,EELS,Gold,"[{""position"": 0.0, ""amplitude"": 2.580536309994504, ""fwhm"": 2.6429703225692007}]",0.0,2.580536309994504,2.6429703225692007,,,,,,,,,,,,,,,
1658.1607230092818,0.0012805209217279176,1,EELS,Gold,"[{""position"": 0.0, ""amplitude"": 2.580536309994504, ""fwhm"": 2.6429703225692007}]",0.0,2.580536309994504,2.6429703225692007,,,,,,,,,,,,,,,
1659.1402051783095,0.00165572081119481,1,EELS,Gold,"[{""position"": 0.0, ""amplitude"": 2.580536309994504, ""fwhm"": 2.6429703225692007}]",0.0,2.580536309994504,2.6429703225692007,,,,,,,,,,,,,,,
1660.1196873473375,0.012880296539601575,1,EELS,Gold,"[{""position"": 0.0, ""amplitude"": 2.580536309994504, ""fwhm"": 2.6429703225692007}]",0.0,2.580536309994504,2.6429703225692007,,,,,,,,,,,,,,,
1661.0991695163652,0.0010758379696269814,1,EELS,Gold,"[{""position"": 0.0, ""amplitude"": 2.580536309994504, ""fwhm"": 2.6429703225692007}]",0.0,2.580536309994504,2.6429703225692007,,,,,,,,,,,,,,,
1662.0786516853932,0.01,1,EELS,Gold,"[{""position"": 0.0, ""amplitude"": 2.580536309994504, ""fwhm"": 2.6429703225692007}]",0.0,2.580536309994504,2.6429703225692007,,,,,,,,,,,,,,,
1663.058133854421,0.006753239459765544,1,EELS,Gold,"[{""position"": 0.0, ""amplitude"": 2.580536309994504, ""fwhm"": 2.6429703225692007}]",0.0,2.580536309994504,2.6429703225692007,,,,,,,,,,,,,,,
1664.037616023449,0.009917479452496408,1,EELS,Gold,"[{""position"": 0.0, ""amplitude"": 2.580536309994504, ""fwhm"": 2.6429703225692007}]",0.0,2.580536309994504,2.6429703225692007,,,,,,,,,,,,,,,
1665.0170981924766,0.005,1,EELS,Gold,"[{""position"": 0.0, ""amplitude"": 2.580536309994504, ""fwhm"": 2.6429703225692007}]",0.0,2.580536309994504,2.6429703225692007,,,,,,,,,,,,,,,
1665.9965803615046,0.01,1,EELS,Gold,"[{""position"": 0.0, ""amplitude"": 2.580536309994504, ""fwhm"": 2.6429703225692007}]",0.0,2.580536309994504,2.6429703225692007,,,,,,,,,,,,,,,
1666.9760625305323,0.017873417640541706,1,EELS,Gold,"[{""position"": 0.0, ""amplitude"": 2.580536309994504, ""fwhm"": 2.6429703225692007}]",0.0,2.580536309994504,2.6429703225692007,,,,,,,,,,,,,,,
1667.9555446995603,0.015,1,EELS,Gold,"[{""position"": 0.0, ""amplitude"": 2.580536309994504, ""fwhm"": 2.6429703225692007}]",0.0,2.580536309994504,2.6429703225692007,,,,,,,,,,,,,,,
1668.935026868588,0.01,1,EELS,Gold,"[{""position"": 0.0, ""amplitude"": 2.580536309994504, ""fwhm"": 2.6429703225692007}]",0.0,2.580536309994504,2.6429703225692007,,,,,,,,,,,,,,,
1669.914509037616,0.007203908662504888,1,EELS,Gold,"[{""position"": 0.0, ""amplitude"": 2.580536309994504, ""fwhm"": 2.6429703225692007}]",0.0,2.580536309994504,2.6429703225692007,,,,,,,,,,,,,,,
1670.8939912066437,0.0,1,EELS,Gold,"[{""position"": 0.0, ""amplitude"": 2.580536309994504, ""fwhm"": 2.6429703225692007}]",0.0,2.580536309994504,2.6429703225692007,,,,,,,,,,,,,,,
1671.8734733756717,0.005,1,EELS,Gold,"[{""position"": 0.0, ""amplitude"": 2.580536309994504, ""fwhm"": 2.6429703225692007}]",0.0,2.580536309994504,2.6429703225692007,,,,,,,,,,,,,,,
1672.8529555446994,0.005874939377559164,1,EELS,Gold,"[{""position"": 0.0, ""amplitude"": 2.580536309994504, ""fwhm"": 2.6429703225692007}]",0.0,2.580536309994504,2.6429703225692007,,,,,,,,,,,,,,,
1673.8324377137274,0.00551015484390365,1,EELS,Gold,"[{""position"": 0.0, ""amplitude"": 2.580536309994504, ""fwhm"": 2.6429703225692007}]",0.0,2.580536309994504,2.6429703225692007,,,,,,,,,,,,,,,
1674.811919882755,0.0018481045669591764,1,EELS,Gold,"[{""position"": 0.0, ""amplitude"": 2.580536309994504, ""fwhm"": 2.6429703225692007}]",0.0,2.580536309994504,2.6429703225692007,,,,,,,,,,,,,,,
1675.791402051783,0.0,1,EELS,Gold,"[{""position"": 0.0, ""amplitude"": 2.580536309994504, ""fwhm"": 2.6429703225692007}]",0.0,2.580536309994504,2.6429703225692007,,,,,,,,,,,,,,,
1676.7708842208108,0.011341847996853872,1,EELS,Gold,"[{""position"": 0.0, ""amplitude"": 2.580536309994504, ""fwhm"": 2.6429703225692007}]",0.0,2.580536309994504,2.6429703225692007,,,,,,,,,,,,,,,
1677.7503663898387,0.005,1,EELS,Gold,"[{""position"": 0.0, ""amplitude"": 2.580536309994504, ""fwhm"": 2.6429703225692007}]",0.0,2.580536309994504,2.6429703225692007,,,,,,,,,,,,,,,
1678.7298485588665,0.006923726752444989,1,EELS,Gold,"[{""position"": 0.0, ""amplitude"": 2.580536309994504, ""fwhm"": 2.6429703225692007}]",0.0,2.580536309994504,2.6429703225692007,,,,,,,,,,,,,,,
1679.7093307278944,0.006605447233781483,1,EELS,Gold,"[{""position"": 0.0, ""amplitude"": 2.580536309994504, ""fwhm"": 2.6429703225692007}]",0.0,2.580536309994504,2.6429703225692007,,,,,,,,,,,,,,,
1680.6888128969222,0.005,1,EELS,Gold,"[{""position"": 0.0, ""amplitude"": 2.580536309994504, ""fwhm"": 2.6429703225692007}]",0.0,2.580536309994504,2.6429703225692007,,,,,,,,,,,,,,,
1681.6682950659501,0.012818755359536806,1,EELS,Gold,"[{""position"": 0.0, ""amplitude"": 2.580536309994504, ""fwhm"": 2.6429703225692007}]",0.0,2.580536309994504,2.6429703225692007,,,,,,,,,,,,,,,
1682.6477772349779,0.005,1,EELS,Gold,"[{""position"": 0.0, ""amplitude"": 2.580536309994504, ""fwhm"": 2.6429703225692007}]",0.0,2.580536309994504,2.6429703225692007,,,,,,,,,,,,,,,
1683.6272594040058,0.012102173198718848,1,EELS,Gold,"[{""position"": 0.0, ""amplitude"": 2.580536309994504, ""fwhm"": 2.6429703225692007}]",0.0,2.580536309994504,2.6429703225692007,,,,,,,,,,,,,,,
1684.6067415730336,0.010965757000149666,1,EELS,Gold,"[{""position"": 0.0, ""amplitude"": 2.580536309994504, ""fwhm"": 2.6429703225692007}]",0.0,2.580536309994504,2.6429703225692007,,,,,,,,,,,,,,,
1685.5862237420615,0.00975801886593435,1,EELS,Gold,"[{""position"": 0.0, ""amplitude"": 2.580536309994504, ""fwhm"": 2.6429703225692007}]",0.0,2.580536309994504,2.6429703225692007,,,,,,,,,,,,,,,
1686.5657059110893,0.015,1,EELS,Gold,"[{""position"": 0.0, ""amplitude"": 2.580536309994504, ""fwhm"": 2.6429703225692007}]",0.0,2.580536309994504,2.6429703225692007,,,,,,,,,,,,,,,
1687.5451880801172,0.005,1,EELS,Gold,"[{""position"": 0.0, ""amplitude"": 2.580536309994504, ""fwhm"": 2.6429703225692007}]",0.0,2.580536309994504,2.6429703225692007,,,,,,,,,,,,,,,
1688.524670249145,0.0,1,EELS,Gold,"[{""position"": 0.0, ""amplitude"": 2.580536309994504, ""fwhm"": 2.6429703225692007}]",0.0,2.580536309994504,2.6429703225692007,,,,,,,,,,,,,,,
1689.504152418173,0.005,1,EELS,Gold,"[{""position"": 0.0, ""amplitude"": 2.580536309994504, ""fwhm"": 2.6429703225692007}]",0.0,2.580536309994504,2.6429703225692007,,,,,,,,,,,,,,,
1690.4836345872006,0.002081127095945987,1,EELS,Gold,"[{""position"": 0.0, ""amplitude"": 2.580536309994504, ""fwhm"": 2.6429703225692007}]",0.0,2.580536309994504,2.6429703225692007,,,,,,,,,,,,,,,
1691.4631167562286,0.005,1,EELS,Gold,"[{""position"": 0.0, ""amplitude"": 2.580536309994504, ""fwhm"": 2.6429703225692007}]",0.0,2.580536309994504,2.6429703225692007,,,,,,,,,,,,,,,
1692.4425989252563,0.005,1,EELS,Gold,"[{""position"": 0.0, ""amplitude"": 2.580536309994504, ""fwhm"": 2.6429703225692007}]",0.0,2.580536309994504,2.6429703225692007,,,,,,,,,,,,,,,
1693.4220810942843,0.0,1,EELS,Gold,"[{""position"": 0.0, ""amplitude"": 2.580536309994504, ""fwhm"": 2.6429703225692007}]",0.0,2.580536309994504,2.6429703225692007,,,,,,,,,,,,,,,
1694.401563263312,0.002468732453461737,1,EELS,Gold,"[{""position"": 0.0, ""amplitude"": 2.580536309994504, ""fwhm"": 2.6429703225692007}]",0.0,2.580536309994504,2.6429703225692007,,,,,,,,,,,,,,,
1695.38104543234,0.009428943035775066,1,EELS,Gold,"[{""position"": 0.0, ""amplitude"": 2.580536309994504, ""fwhm"": 2.6429703225692007}]",0.0,2.580536309994504,2.6429703225692007,,,,,,,,,,,,,,,
1696.3605276013677,0.005,1,EELS,Gold,"[{""position"": 0.0, ""amplitude"": 2.580536309994504, ""fwhm"": 2.6429703225692007}]",0.0,2.580536309994504,2.6429703225692007,,,,,,,,,,,,,,,
1697.3400097703957,0.005,1,EELS,Gold,"[{""position"": 0.0, ""amplitude"": 2.580536309994504, ""fwhm"": 2.6429703225692007}]",0.0,2.580536309994504,2.6429703225692007,,,,,,,,,,,,,,,
1698.3194919394234,0.005199180842510508,1,EELS,Gold,"[{""position"": 0.0, ""amplitude"": 2.580536309994504, ""fwhm"": 2.6429703225692007}]",0.0,2.580536309994504,2.6429703225692007,,,,,,,,,,,,,,,
1699.2989741084514,0.008014120536869744,1,EELS,Gold,"[{""position"": 0.0, ""amplitude"": 2.580536309994504, ""fwhm"": 2.6429703225692007}]",0.0,2.580536309994504,2.6429703225692007,,,,,,,,,,,,,,,
1700.278456277479,0.01,1,EELS,Gold,"[{""position"": 0.0, ""amplitude"": 2.580536309994504, ""fwhm"": 2.6429703225692007}]",0.0,2.580536309994504,2.6429703225692007,,,,,,,,,,,,,,,
1701.257938446507,0.010633085784881386,1,EELS,Gold,"[{""position"": 0.0, ""amplitude"": 2.580536309994504, ""fwhm"": 2.6429703225692007}]",0.0,2.580536309994504,2.6429703225692007,,,,,,,,,,,,,,,
1702.2374206155348,0.0075327675720159816,1,EELS,Gold,"[{""position"": 0.0, ""amplitude"": 2.580536309994504, ""fwhm"": 2.6429703225692007}]",0.0,2.580536309994504,2.6429703225692007,,,,,,,,,,,,,,,
1703.2169027845628,0.011310412463521591,1,EELS,Gold,"[{""position"": 0.0, ""amplitude"": 2.580536309994504, ""fwhm"": 2.6429703225692007}]",0.0,2.580536309994504,2.6429703225692007,,,,,,,,,,,,,,,
1704.1963849535905,0.015507250834826805,1,EELS,Gold,"[{""position"": 0.0, ""amplitude"": 2.580536309994504, ""fwhm"": 2.6429703225692007}]",0.0,2.580536309994504,2.6429703225692007,,,,,,,,,,,,,,,
1705.1758671226185,0.012599359516860238,1,EELS,Gold,"[{""position"": 0.0, ""amplitude"": 2.580536309994504, ""fwhm"": 2.6429703225692007}]",0.0,2.580536309994504,2.6429703225692007,,,,,,,,,,,,,,,
1706.1553492916462,0.01,1,EELS,Gold,"[{""position"": 0.0, ""amplitude"": 2.580536309994504, ""fwhm"": 2.6429703225692007}]",0.0,2.580536309994504,2.6429703225692007,,,,,,,,,,,,,,,
1707.1348314606741,0.0117661237410592,1,EELS,Gold,"[{""position"": 0.0, ""amplitude"": 2.580536309994504, ""fwhm"": 2.6429703225692007}]",0.0,2.580536309994504,2.6429703225692007,,,,,,,,,,,,,,,
1708.1143136297019,0.005,1,EELS,Gold,"[{""position"": 0.0, ""amplitude"": 2.580536309994504, ""fwhm"": 2.6429703225692007}]",0.0,2.580536309994504,2.6429703225692007,,,,,,,,,,,,,,,
1709.0937957987298,0.005,1,EELS,Gold,"[{""position"": 0.0, ""amplitude"": 2.580536309994504, ""fwhm"": 2.6429703225692007}]",0.0,2.580536309994504,2.6429703225692007,,,,,,,,,,,,,,,
1710.0732779677576,0.0013363560787829887,1,EELS,Gold,"[{""position"": 0.0, ""amplitude"": 2.580536309994504, ""fwhm"": 2.6429703225692007}]",0.0,2.580536309994504,2.6429703225692007,,,,,,,,,,,,,,,
1711.0527601367855,0.013559931613381404,1,EELS,Gold,"[{""position"": 0.0, ""amplitude"": 2.580536309994504, ""fwhm"": 2.6429703225692007}]",0.0,2.580536309994504,2.6429703225692007,,,,,,,,,,,,,,,
1712.0322423058133,0.0,1,EELS,Gold,"[{""position"": 0.0, ""amplitude"": 2.580536309994504, ""fwhm"": 2.6429703225692007}]",0.0,2.580536309994504,2.6429703225692007,,,,,,,,,,,,,,,
1713.0117244748412,0.002475028772212713,1,EELS,Gold,"[{""position"": 0.0, ""amplitude"": 2.580536309994504, ""fwhm"": 2.6429703225692007}]",0.0,2.580536309994504,2.6429703225692007,,,,,,,,,,,,,,,
1713.991206643869,0.009175093136848042,1,EELS,Gold,"[{""position"": 0.0, ""amplitude"": 2.580536309994504, ""fwhm"": 2.6429703225692007}]",0.0,2.580536309994504,2.6429703225692007,,,,,,,,,,,,,,,
1714.970688812897,0.0034084102245039594,1,EELS,Gold,"[{""position"": 0.0, ""amplitude"": 2.580536309994504, ""fwhm"": 2.6429703225692007}]",0.0,2.580536309994504,2.6429703225692007,,,,,,,,,,,,,,,
1715.9501709819247,0.009246440848816961,1,EELS,Gold,"[{""position"": 0.0, ""amplitude"": 2.580536309994504, ""fwhm"": 2.6429703225692007}]",0.0,2.580536309994504,2.6429703225692007,,,,,,,,,,,,,,,
1716.9296531509526,0.0019316120610980898,1,EELS,Gold,"[{""position"": 0.0, ""amplitude"": 2.580536309994504, ""fwhm"": 2.6429703225692007}]",0.0,2.580536309994504,2.6429703225692007,,,,,,,,,,,,,,,
1717.9091353199804,0.0002127189057132737,1,EELS,Gold,"[{""position"": 0.0, ""amplitude"": 2.580536309994504, ""fwhm"": 2.6429703225692007}]",0.0,2.580536309994504,2.6429703225692007,,,,,,,,,,,,,,,
1718.8886174890083,0.005,1,EELS,Gold,"[{""position"": 0.0, ""amplitude"": 2.580536309994504, ""fwhm"": 2.6429703225692007}]",0.0,2.580536309994504,2.6429703225692007,,,,,,,,,,,,,,,
1719.868099658036,0.0,1,EELS,Gold,"[{""position"": 0.0, ""amplitude"": 2.580536309994504, ""fwhm"": 2.6429703225692007}]",0.0,2.580536309994504,2.6429703225692007,,,,,,,,,,,,,,,
1720.847581827064,0.01,1,EELS,Gold,"[{""position"": 0.0, ""amplitude"": 2.580536309994504, ""fwhm"": 2.6429703225692007}]",0.0,2.580536309994504,2.6429703225692007,,,,,,,,,,,,,,,
1721.8270639960917,0.00561531465432519,1,EELS,Gold,"[{""position"": 0.0, ""amplitude"": 2.580536309994504, ""fwhm"": 2.6429703225692007}]",0.0,2.580536309994504,2.6429703225692007,,,,,,,,,,,,,,,
1722.8065461651197,0.0,1,EELS,Gold,"[{""position"": 0.0, ""amplitude"": 2.580536309994504, ""fwhm"": 2.6429703225692007}]",0.0,2.580536309994504,2.6429703225692007,,,,,,,,,,,,,,,
1723.7860283341474,0.005335783970442812,1,EELS,Gold,"[{""position"": 0.0, ""amplitude"": 2.580536309994504, ""fwhm"": 2.6429703225692007}]",0.0,2.580536309994504,2.6429703225692007,,,,,,,,,,,,,,,
1724.7655105031754,0.001439964675297963,1,EELS,Gold,"[{""position"": 0.0, ""amplitude"": 2.580536309994504, ""fwhm"": 2.6429703225692007}]",0.0,2.580536309994504,2.6429703225692007,,,,,,,,,,,,,,,
1725.7449926722031,0.005130519577509326,1,EELS,Gold,"[{""position"": 0.0, ""amplitude"": 2.580536309994504, ""fwhm"": 2.6429703225692007}]",0.0,2.580536309994504,2.6429703225692007,,,,,,,,,,,,,,,
1726.724474841231,0.009388284013954593,1,EELS,Gold,"[{""position"": 0.0, ""amplitude"": 2.580536309994504, ""fwhm"": 2.6429703225692007}]",0.0,2.580536309994504,2.6429703225692007,,,,,,,,,,,,,,,
1727.7039570102588,0.0,1,EELS,Gold,"[{""position"": 0.0, ""amplitude"": 2.580536309994504, ""fwhm"": 2.6429703225692007}]",0.0,2.580536309994504,2.6429703225692007,,,,,,,,,,,,,,,
1728.6834391792866,0.0055197931176945445,1,EELS,Gold,"[{""position"": 0.0, ""amplitude"": 2.580536309994504, ""fwhm"": 2.6429703225692007}]",0.0,2.580536309994504,2.6429703225692007,,,,,,,,,,,,,,,
1729.6629213483145,0.005,1,EELS,Gold,"[{""position"": 0.0, ""amplitude"": 2.580536309994504, ""fwhm"": 2.6429703225692007}]",0.0,2.580536309994504,2.6429703225692007,,,,,,,,,,,,,,,
1730.6424035173422,0.005,1,EELS,Gold,"[{""position"": 0.0, ""amplitude"": 2.580536309994504, ""fwhm"": 2.6429703225692007}]",0.0,2.580536309994504,2.6429703225692007,,,,,,,,,,,,,,,
1731.6218856863702,0.005,1,EELS,Gold,"[{""position"": 0.0, ""amplitude"": 2.580536309994504, ""fwhm"": 2.6429703225692007}]",0.0,2.580536309994504,2.6429703225692007,,,,,,,,,,,,,,,
1732.601367855398,0.005,1,EELS,Gold,"[{""position"": 0.0, ""amplitude"": 2.580536309994504, ""fwhm"": 2.6429703225692007}]",0.0,2.580536309994504,2.6429703225692007,,,,,,,,,,,,,,,
1733.580850024426,0.005,1,EELS,Gold,"[{""position"": 0.0, ""amplitude"": 2.580536309994504, ""fwhm"": 2.6429703225692007}]",0.0,2.580536309994504,2.6429703225692007,,,,,,,,,,,,,,,
1734.5603321934536,0.0,1,EELS,Gold,"[{""position"": 0.0, ""amplitude"": 2.580536309994504, ""fwhm"": 2.6429703225692007}]",0.0,2.580536309994504,2.6429703225692007,,,,,,,,,,,,,,,
1735.5398143624816,0.005,1,EELS,Gold,"[{""position"": 0.0, ""amplitude"": 2.580536309994504, ""fwhm"": 2.6429703225692007}]",0.0,2.580536309994504,2.6429703225692007,,,,,,,,,,,,,,,
1736.5192965315093,0.0,1,EELS,Gold,"[{""position"": 0.0, ""amplitude"": 2.580536309994504, ""fwhm"": 2.6429703225692007}]",0.0,2.580536309994504,2.6429703225692007,,,,,,,,,,,,,,,
1737.4987787005373,0.01,1,EELS,Gold,"[{""position"": 0.0, ""amplitude"": 2.580536309994504, ""fwhm"": 2.6429703225692007}]",0.0,2.580536309994504,2.6429703225692007,,,,,,,,,,,,,,,
1738.478260869565,0.011977476035646674,1,EELS,Gold,"[{""position"": 0.0, ""amplitude"": 2.580536309994504, ""fwhm"": 2.6429703225692007}]",0.0,2.580536309994504,2.6429703225692007,,,,,,,,,,,,,,,
1739.457743038593,0.01523042327665519,1,EELS,Gold,"[{""position"": 0.0, ""amplitude"": 2.580536309994504, ""fwhm"": 2.6429703225692007}]",0.0,2.580536309994504,2.6429703225692007,,,,,,,,,,,,,,,
1740.4372252076207,0.005,1,EELS,Gold,"[{""position"": 0.0, ""amplitude"": 2.580536309994504, ""fwhm"": 2.6429703225692007}]",0.0,2.580536309994504,2.6429703225692007,,,,,,,,,,,,,,,
1741.4167073766487,0.0,1,EELS,Gold,"[{""position"": 0.0, ""amplitude"": 2.580536309994504, ""fwhm"": 2.6429703225692007}]",0.0,2.580536309994504,2.6429703225692007,,,,,,,,,,,,,,,
1742.3961895456764,0.0,1,EELS,Gold,"[{""position"": 0.0, ""amplitude"": 2.580536309994504, ""fwhm"": 2.6429703225692007}]",0.0,2.580536309994504,2.6429703225692007,,,,,,,,,,,,,,,
1743.3756717147044,0.015840711113410674,1,EELS,Gold,"[{""position"": 0.0, ""amplitude"": 2.580536309994504, ""fwhm"": 2.6429703225692007}]",0.0,2.580536309994504,2.6429703225692007,,,,,,,,,,,,,,,
1744.355153883732,0.003473758705758345,1,EELS,Gold,"[{""position"": 0.0, ""amplitude"": 2.580536309994504, ""fwhm"": 2.6429703225692007}]",0.0,2.580536309994504,2.6429703225692007,,,,,,,,,,,,,,,
1745.33463605276,0.0,1,EELS,Gold,"[{""position"": 0.0, ""amplitude"": 2.580536309994504, ""fwhm"": 2.6429703225692007}]",0.0,2.580536309994504,2.6429703225692007,,,,,,,,,,,,,,,
1746.3141182217878,0.0003143258779217977,1,EELS,Gold,"[{""position"": 0.0, ""amplitude"": 2.580536309994504, ""fwhm"": 2.6429703225692007}]",0.0,2.580536309994504,2.6429703225692007,,,,,,,,,,,,,,,
1747.2936003908158,0.005,1,EELS,Gold,"[{""position"": 0.0, ""amplitude"": 2.580536309994504, ""fwhm"": 2.6429703225692007}]",0.0,2.580536309994504,2.6429703225692007,,,,,,,,,,,,,,,
1748.2730825598435,0.006748588300713278,1,EELS,Gold,"[{""position"": 0.0, ""amplitude"": 2.580536309994504, ""fwhm"": 2.6429703225692007}]",0.0,2.580536309994504,2.6429703225692007,,,,,,,,,,,,,,,
1749.2525647288714,0.0005673825821253363,1,EELS,Gold,"[{""position"": 0.0, ""amplitude"": 2.580536309994504, ""fwhm"": 2.6429703225692007}]",0.0,2.580536309994504,2.6429703225692007,,,,,,,,,,,,,,,
1750.2320468978992,0.0,1,EELS,Gold,"[{""position"": 0.0, ""amplitude"": 2.580536309994504, ""fwhm"": 2.6429703225692007}]",0.0,2.580536309994504,2.6429703225692007,,,,,,,,,,,,,,,
1751.2115290669271,0.01,1,EELS,Gold,"[{""position"": 0.0, ""amplitude"": 2.580536309994504, ""fwhm"": 2.6429703225692007}]",0.0,2.580536309994504,2.6429703225692007,,,,,,,,,,,,,,,
1752.1910112359549,0.01,1,EELS,Gold,"[{""position"": 0.0, ""amplitude"": 2.580536309994504, ""fwhm"": 2.6429703225692007}]",0.0,2.580536309994504,2.6429703225692007,,,,,,,,,,,,,,,
1753.1704934049828,0.0027918259302306637,1,EELS,Gold,"[{""position"": 0.0, ""amplitude"": 2.580536309994504, ""fwhm"": 2.6429703225692007}]",0.0,2.580536309994504,2.6429703225692007,,,,,,,,,,,,,,,
1754.1499755740106,0.010072584057104868,1,EELS,Gold,"[{""position"": 0.0, ""amplitude"": 2.580536309994504, ""fwhm"": 2.6429703225692007}]",0.0,2.580536309994504,2.6429703225692007,,,,,,,,,,,,,,,
1755.1294577430385,0.009919290758585813,1,EELS,Gold,"[{""position"": 0.0, ""amplitude"": 2.580536309994504, ""fwhm"": 2.6429703225692007}]",0.0,2.580536309994504,2.6429703225692007,,,,,,,,,,,,,,,
1756.1089399120663,0.01,1,EELS,Gold,"[{""position"": 0.0, ""amplitude"": 2.580536309994504, ""fwhm"": 2.6429703225692007}]",0.0,2.580536309994504,2.6429703225692007,,,,,,,,,,,,,,,
1757.0884220810942,0.005,1,EELS,Gold,"[{""position"": 0.0, ""amplitude"": 2.580536309994504, ""fwhm"": 2.6429703225692007}]",0.0,2.580536309994504,2.6429703225692007,,,,,,,,,,,,,,,
1758.067904250122,0.0,1,EELS,Gold,"[{""position"": 0.0, ""amplitude"": 2.580536309994504, ""fwhm"": 2.6429703225692007}]",0.0,2.580536309994504,2.6429703225692007,,,,,,,,,,,,,,,
1759.04738641915,0.0,1,EELS,Gold,"[{""position"": 0.0, ""amplitude"": 2.580536309994504, ""fwhm"": 2.6429703225692007}]",0.0,2.580536309994504,2.6429703225692007,,,,,,,,,,,,,,,
1760.0268685881776,0.0,1,EELS,Gold,"[{""position"": 0.0, ""amplitude"": 2.580536309994504, ""fwhm"": 2.6429703225692007}]",0.0,2.580536309994504,2.6429703225692007,,,,,,,,,,,,,,,
1761.0063507572056,0.010706237307590495,1,EELS,Gold,"[{""position"": 0.0, ""amplitude"": 2.580536309994504, ""fwhm"": 2.6429703225692007}]",0.0,2.580536309994504,2.6429703225692007,,,,,,,,,,,,,,,
1761.9858329262333,0.006329113042507262,1,EELS,Gold,"[{""position"": 0.0, ""amplitude"": 2.580536309994504, ""fwhm"": 2.6429703225692007}]",0.0,2.580536309994504,2.6429703225692007,,,,,,,,,,,,,,,
1762.9653150952613,0.0,1,EELS,Gold,"[{""position"": 0.0, ""amplitude"": 2.580536309994504, ""fwhm"": 2.6429703225692007}]",0.0,2.580536309994504,2.6429703225692007,,,,,,,,,,,,,,,
1763.944797264289,0.002325078718209899,1,EELS,Gold,"[{""position"": 0.0, ""amplitude"": 2.580536309994504, ""fwhm"": 2.6429703225692007}]",0.0,2.580536309994504,2.6429703225692007,,,,,,,,,,,,,,,
1764.924279433317,0.005,1,EELS,Gold,"[{""position"": 0.0, ""amplitude"": 2.580536309994504, ""fwhm"": 2.6429703225692007}]",0.0,2.580536309994504,2.6429703225692007,,,,,,,,,,,,,,,
1765.9037616023447,0.005395914497629908,1,EELS,Gold,"[{""position"": 0.0, ""amplitude"": 2.580536309994504, ""fwhm"": 2.6429703225692007}]",0.0,2.580536309994504,2.6429703225692007,,,,,,,,,,,,,,,
1766.8832437713727,0.009174078789156173,1,EELS,Gold,"[{""position"": 0.0, ""amplitude"": 2.580536309994504, ""fwhm"": 2.6429703225692007}]",0.0,2.580536309994504,2.6429703225692007,,,,,,,,,,,,,,,
1767.8627259404004,0.0023296603386502458,1,EELS,Gold,"[{""position"": 0.0, ""amplitude"": 2.580536309994504, ""fwhm"": 2.6429703225692007}]",0.0,2.580536309994504,2.6429703225692007,,,,,,,,,,,,,,,
1768.8422081094284,0.0,1,EELS,Gold,"[{""position"": 0.0, ""amplitude"": 2.580536309994504, ""fwhm"": 2.6429703225692007}]",0.0,2.580536309994504,2.6429703225692007,,,,,,,,,,,,,,,
1769.8216902784561,0.005,1,EELS,Gold,"[{""position"": 0.0, ""amplitude"": 2.580536309994504, ""fwhm"": 2.6429703225692007}]",0.0,2.580536309994504,2.6429703225692007,,,,,,,,,,,,,,,
1770.801172447484,0.01,1,EELS,Gold,"[{""position"": 0.0, ""amplitude"": 2.580536309994504, ""fwhm"": 2.6429703225692007}]",0.0,2.580536309994504,2.6429703225692007,,,,,,,,,,,,,,,
1771.7806546165118,0.005,1,EELS,Gold,"[{""position"": 0.0, ""amplitude"": 2.580536309994504, ""fwhm"": 2.6429703225692007}]",0.0,2.580536309994504,2.6429703225692007,,,,,,,,,,,,,,,
1772.7601367855398,0.0,1,EELS,Gold,"[{""position"": 0.0, ""amplitude"": 2.580536309994504, ""fwhm"": 2.6429703225692007}]",0.0,2.580536309994504,2.6429703225692007,,,,,,,,,,,,,,,
1773.7396189545675,0.0,1,EELS,Gold,"[{""position"": 0.0, ""amplitude"": 2.580536309994504, ""fwhm"": 2.6429703225692007}]",0.0,2.580536309994504,2.6429703225692007,,,,,,,,,,,,,,,
1774.7191011235955,0.005,1,EELS,Gold,"[{""position"": 0.0, ""amplitude"": 2.580536309994504, ""fwhm"": 2.6429703225692007}]",0.0,2.580536309994504,2.6429703225692007,,,,,,,,,,,,,,,
1775.6985832926232,0.00021543835186728626,1,EELS,Gold,"[{""position"": 0.0, ""amplitude"": 2.580536309994504, ""fwhm"": 2.6429703225692007}]",0.0,2.580536309994504,2.6429703225692007,,,,,,,,,,,,,,,
1776.6780654616512,0.005,1,EELS,Gold,"[{""position"": 0.0, ""amplitude"": 2.580536309994504, ""fwhm"": 2.6429703225692007}]",0.0,2.580536309994504,2.6429703225692007,,,,,,,,,,,,,,,
1777.657547630679,0.01,1,EELS,Gold,"[{""position"": 0.0, ""amplitude"": 2.580536309994504, ""fwhm"": 2.6429703225692007}]",0.0,2.580536309994504,2.6429703225692007,,,,,,,,,,,,,,,
1778.6370297997069,0.0004520796460617137,1,EELS,Gold,"[{""position"": 0.0, ""amplitude"": 2.580536309994504, ""fwhm"": 2.6429703225692007}]",0.0,2.580536309994504,2.6429703225692007,,,,,,,,,,,,,,,
1779.6165119687346,0.0011566530687711386,1,EELS,Gold,"[{""position"": 0.0, ""amplitude"": 2.580536309994504, ""fwhm"": 2.6429703225692007}]",0.0,2.580536309994504,2.6429703225692007,,,,,,,,,,,,,,,
1780.5959941377625,0.01,1,EELS,Gold,"[{""position"": 0.0, ""amplitude"": 2.580536309994504, ""fwhm"": 2.6429703225692007}]",0.0,2.580536309994504,2.6429703225692007,,,,,,,,,,,,,,,
1781.5754763067903,0.013654886746079413,1,EELS,Gold,"[{""position"": 0.0, ""amplitude"": 2.580536309994504, ""fwhm"": 2.6429703225692007}]",0.0,2.580536309994504,2.6429703225692007,,,,,,,,,,,,,,,
1782.5549584758182,0.0,1,EELS,Gold,"[{""position"": 0.0, ""amplitude"": 2.580536309994504, ""fwhm"": 2.6429703225692007}]",0.0,2.580536309994504,2.6429703225692007,,,,,,,,,,,,,,,
1783.534440644846,0.005065775331632011,1,EELS,Gold,"[{""position"": 0.0, ""amplitude"": 2.580536309994504, ""fwhm"": 2.6429703225692007}]",0.0,2.580536309994504,2.6429703225692007,,,,,,,,,,,,,,,
1784.513922813874,0.0018430873242831342,1,EELS,Gold,"[{""position"": 0.0, ""amplitude"": 2.580536309994504, ""fwhm"": 2.6429703225692007}]",0.0,2.580536309994504,2.6429703225692007,,,,,,,,,,,,,,,
1785.4934049829017,0.00561842710313682,1,EELS,Gold,"[{""position"": 0.0, ""amplitude"": 2.580536309994504, ""fwhm"": 2.6429703225692007}]",0.0,2.580536309994504,2.6429703225692007,,,,,,,,,,,,,,,
1786.4728871519296,0.012474518147060534,1,EELS,Gold,"[{""position"": 0.0, ""amplitude"": 2.580536309994504, ""fwhm"": 2.6429703225692007}]",0.0,2.580536309994504,2.6429703225692007,,,,,,,,,,,,,,,
1787.4523693209574,0.005757383362597649,1,EELS,Gold,"[{""position"": 0.0, ""amplitude"": 2.580536309994504, ""fwhm"": 2.6429703225692007}]",0.0,2.580536309994504,2.6429703225692007,,,,,,,,,,,,,,,
1788.4318514899853,0.0,1,EELS,Gold,"[{""position"": 0.0, ""amplitude"": 2.580536309994504, ""fwhm"": 2.6429703225692007}]",0.0,2.580536309994504,2.6429703225692007,,,,,,,,,,,,,,,
1789.411333659013,0.0059491190787359215,1,EELS,Gold,"[{""position"": 0.0, ""amplitude"": 2.580536309994504, ""fwhm"": 2.6429703225692007}]",0.0,2.580536309994504,2.6429703225692007,,,,,,,,,,,,,,,
1790.390815828041,0.005,1,EELS,Gold,"[{""position"": 0.0, ""amplitude"": 2.580536309994504, ""fwhm"": 2.6429703225692007}]",0.0,2.580536309994504,2.6429703225692007,,,,,,,,,,,,,,,
1791.3702979970687,0.005296947078675199,1,EELS,Gold,"[{""position"": 0.0, ""amplitude"": 2.580536309994504, ""fwhm"": 2.6429703225692007}]",0.0,2.580536309994504,2.6429703225692007,,,,,,,,,,,,,,,
1792.3497801660967,0.01,1,EELS,Gold,"[{""position"": 0.0, ""amplitude"": 2.580536309994504, ""fwhm"": 2.6429703225692007}]",0.0,2.580536309994504,2.6429703225692007,,,,,,,,,,,,,,,
1793.3292623351244,0.0,1,EELS,Gold,"[{""position"": 0.0, ""amplitude"": 2.580536309994504, ""fwhm"": 2.6429703225692007}]",0.0,2.580536309994504,2.6429703225692007,,,,,,,,,,,,,,,
1794.3087445041524,0.005,1,EELS,Gold,"[{""position"": 0.0, ""amplitude"": 2.580536309994504, ""fwhm"": 2.6429703225692007}]",0.0,2.580536309994504,2.6429703225692007,,,,,,,,,,,,,,,
1795.2882266731801,0.01,1,EELS,Gold,"[{""position"": 0.0, ""amplitude"": 2.580536309994504, ""fwhm"": 2.6429703225692007}]",0.0,2.580536309994504,2.6429703225692007,,,,,,,,,,,,,,,
1796.267708842208,0.0,1,EELS,Gold,"[{""position"": 0.0, ""amplitude"": 2.580536309994504, ""fwhm"": 2.6429703225692007}]",0.0,2.580536309994504,2.6429703225692007,,,,,,,,,,,,,,,
1797.2471910112358,0.00025634215798307937,1,EELS,Gold,"[{""position"": 0.0, ""amplitude"": 2.580536309994504, ""fwhm"": 2.6429703225692007}]",0.0,2.580536309994504,2.6429703225692007,,,,,,,,,,,,,,,
1798.2266731802638,0.005429097097999902,1,EELS,Gold,"[{""position"": 0.0, ""amplitude"": 2.580536309994504, ""fwhm"": 2.6429703225692007}]",0.0,2.580536309994504,2.6429703225692007,,,,,,,,,,,,,,,
1799.2061553492915,0.01,1,EELS,Gold,"[{""position"": 0.0, ""amplitude"": 2.580536309994504, ""fwhm"": 2.6429703225692007}]",0.0,2.580536309994504,2.6429703225692007,,,,,,,,,,,,,,,
1800.1856375183195,0.01328018463467691,1,EELS,Gold,"[{""position"": 0.0, ""amplitude"": 2.580536309994504, ""fwhm"": 2.6429703225692007}]",0.0,2.580536309994504,2.6429703225692007,,,,,,,,,,,,,,,
1801.1651196873472,0.0,1,EELS,Gold,"[{""position"": 0.0, ""amplitude"": 2.580536309994504, ""fwhm"": 2.6429703225692007}]",0.0,2.580536309994504,2.6429703225692007,,,,,,,,,,,,,,,
1802.1446018563752,0.007516359027814525,1,EELS,Gold,"[{""position"": 0.0, ""amplitude"": 2.580536309994504, ""fwhm"": 2.6429703225692007}]",0.0,2.580536309994504,2.6429703225692007,,,,,,,,,,,,,,,
1803.124084025403,0.01111827707654119,1,EELS,Gold,"[{""position"": 0.0, ""amplitude"": 2.580536309994504, ""fwhm"": 2.6429703225692007}]",0.0,2.580536309994504,2.6429703225692007,,,,,,,,,,,,,,,
1804.1035661944309,0.01,1,EELS,Gold,"[{""position"": 0.0, ""amplitude"": 2.580536309994504, ""fwhm"": 2.6429703225692007}]",0.0,2.580536309994504,2.6429703225692007,,,,,,,,,,,,,,,
1805.0830483634586,0.014593975007096967,1,EELS,Gold,"[{""position"": 0.0, ""amplitude"": 2.580536309994504, ""fwhm"": 2.6429703225692007}]",0.0,2.580536309994504,2.6429703225692007,,,,,,,,,,,,,,,
1806.0625305324866,0.005,1,EELS,Gold,"[{""position"": 0.0, ""amplitude"": 2.580536309994504, ""fwhm"": 2.6429703225692007}]",0.0,2.580536309994504,2.6429703225692007,,,,,,,,,,,,,,,
1807.0420127015143,0.012386594314963707,1,EELS,Gold,"[{""position"": 0.0, ""amplitude"": 2.580536309994504, ""fwhm"": 2.6429703225692007}]",0.0,2.580536309994504,2.6429703225692007,,,,,,,,,,,,,,,
1808.0214948705423,0.00759651861732131,1,EELS,Gold,"[{""position"": 0.0, ""amplitude"": 2.580536309994504, ""fwhm"": 2.6429703225692007}]",0.0,2.580536309994504,2.6429703225692007,,,,,,,,,,,,,,,
1809.00097703957,0.0,1,EELS,Gold,"[{""position"": 0.0, ""amplitude"": 2.580536309994504, ""fwhm"": 2.6429703225692007}]",0.0,2.580536309994504,2.6429703225692007,,,,,,,,,,,,,,,
1809.980459208598,0.0036068461282018423,1,EELS,Gold,"[{""position"": 0.0, ""amplitude"": 2.580536309994504, ""fwhm"": 2.6429703225692007}]",0.0,2.580536309994504,2.6429703225692007,,,,,,,,,,,,,,,
1810.9599413776257,0.005,1,EELS,Gold,"[{""position"": 0.0, ""amplitude"": 2.580536309994504, ""fwhm"": 2.6429703225692007}]",0.0,2.580536309994504,2.6429703225692007,,,,,,,,,,,,,,,
1811.9394235466536,0.010761062365704812,1,EELS,Gold,"[{""position"": 0.0, ""amplitude"": 2.580536309994504, ""fwhm"": 2.6429703225692007}]",0.0,2.580536309994504,2.6429703225692007,,,,,,,,,,,,,,,
1812.9189057156814,0.0006878995107324923,1,EELS,Gold,"[{""position"": 0.0, ""amplitude"": 2.580536309994504, ""fwhm"": 2.6429703225692007}]",0.0,2.580536309994504,2.6429703225692007,,,,,,,,,,,,,,,
1813.8983878847093,0.0,1,EELS,Gold,"[{""position"": 0.0, ""amplitude"": 2.580536309994504, ""fwhm"": 2.6429703225692007}]",0.0,2.580536309994504,2.6429703225692007,,,,,,,,,,,,,,,
1814.877870053737,0.0071071401856428185,1,EELS,Gold,"[{""position"": 0.0, ""amplitude"": 2.580536309994504, ""fwhm"": 2.6429703225692007}]",0.0,2.580536309994504,2.6429703225692007,,,,,,,,,,,,,,,
1815.857352222765,0.022062472378234634,1,EELS,Gold,"[{""position"": 0.0, ""amplitude"": 2.580536309994504, ""fwhm"": 2.6429703225692007}]",0.0,2.580536309994504,2.6429703225692007,,,,,,,,,,,,,,,
1816.8368343917928,0.0,1,EELS,Gold,"[{""position"": 0.0, ""amplitude"": 2.580536309994504, ""fwhm"": 2.6429703225692007}]",0.0,2.580536309994504,2.6429703225692007,,,,,,,,,,,,,,,
1817.8163165608207,0.00837952605839544,1,EELS,Gold,"[{""position"": 0.0, ""amplitude"": 2.580536309994504, ""fwhm"": 2.6429703225692007}]",0.0,2.580536309994504,2.6429703225692007,,,,,,,,,,,,,,,
1818.7957987298485,0.005,1,EELS,Gold,"[{""position"": 0.0, ""amplitude"": 2.580536309994504, ""fwhm"": 2.6429703225692007}]",0.0,2.580536309994504,2.6429703225692007,,,,,,,,,,,,,,,
1819.7752808988762,0.007678755430923086,1,EELS,Gold,"[{""position"": 0.0, ""amplitude"": 2.580536309994504, ""fwhm"": 2.6429703225692007}]",0.0,2.580536309994504,2.6429703225692007,,,,,,,,,,,,,,,
1820.7547630679042,0.007921502636648668,1,EELS,Gold,"[{""position"": 0.0, ""amplitude"": 2.580536309994504, ""fwhm"": 2.6429703225692007}]",0.0,2.580536309994504,2.6429703225692007,,,,,,,,,,,,,,,
1821.7342452369319,0.0,1,EELS,Gold,"[{""position"": 0.0, ""amplitude"": 2.580536309994504, ""fwhm"": 2.6429703225692007}]",0.0,2.580536309994504,2.6429703225692007,,,,,,,,,,,,,,,
1822.7137274059598,0.005,1,EELS,Gold,"[{""position"": 0.0, ""amplitude"": 2.580536309994504, ""fwhm"": 2.6429703225692007}]",0.0,2.580536309994504,2.6429703225692007,,,,,,,,,,,,,,,
1823.6932095749876,0.01,1,EELS,Gold,"[{""position"": 0.0, ""amplitude"": 2.580536309994504, ""fwhm"": 2.6429703225692007}]",0.0,2.580536309994504,2.6429703225692007,,,,,,,,,,,,,,,
1824.6726917440155,0.005,1,EELS,Gold,"[{""position"": 0.0, ""amplitude"": 2.580536309994504, ""fwhm"": 2.6429703225692007}]",0.0,2.580536309994504,2.6429703225692007,,,,,,,,,,,,,,,
1825.6521739130433,0.01,1,EELS,Gold,"[{""position"": 0.0, ""amplitude"": 2.580536309994504, ""fwhm"": 2.6429703225692007}]",0.0,2.580536309994504,2.6429703225692007,,,,,,,,,,,,,,,
1826.6316560820712,0.012026663670098183,1,EELS,Gold,"[{""position"": 0.0, ""amplitude"": 2.580536309994504, ""fwhm"": 2.6429703225692007}]",0.0,2.580536309994504,2.6429703225692007,,,,,,,,,,,,,,,
1827.611138251099,0.013394771919422628,1,EELS,Gold,"[{""position"": 0.0, ""amplitude"": 2.580536309994504, ""fwhm"": 2.6429703225692007}]",0.0,2.580536309994504,2.6429703225692007,,,,,,,,,,,,,,,
1828.590620420127,0.013614872629775298,1,EELS,Gold,"[{""position"": 0.0, ""amplitude"": 2.580536309994504, ""fwhm"": 2.6429703225692007}]",0.0,2.580536309994504,2.6429703225692007,,,,,,,,,,,,,,,
1829.5701025891547,0.0,1,EELS,Gold,"[{""position"": 0.0, ""amplitude"": 2.580536309994504, ""fwhm"": 2.6429703225692007}]",0.0,2.580536309994504,2.6429703225692007,,,,,,,,,,,,,,,
1830.5495847581826,0.005,1,EELS,Gold,"[{""position"": 0.0, ""amplitude"": 2.580536309994504, ""fwhm"": 2.6429703225692007}]",0.0,2.580536309994504,2.6429703225692007,,,,,,,,,,,,,,,
1831.5290669272104,0.005,1,EELS,Gold,"[{""position"": 0.0, ""amplitude"": 2.580536309994504, ""fwhm"": 2.6429703225692007}]",0.0,2.580536309994504,2.6429703225692007,,,,,,,,,,,,,,,
1832.5085490962383,0.01,1,EELS,Gold,"[{""position"": 0.0, ""amplitude"": 2.580536309994504, ""fwhm"": 2.6429703225692007}]",0.0,2.580536309994504,2.6429703225692007,,,,,,,,,,,,,,,
1833.488031265266,0.00750402666346488,1,EELS,Gold,"[{""position"": 0.0, ""amplitude"": 2.580536309994504, ""fwhm"": 2.6429703225692007}]",0.0,2.580536309994504,2.6429703225692007,,,,,,,,,,,,,,,
1834.467513434294,0.0041817341460360195,1,EELS,Gold,"[{""position"": 0.0, ""amplitude"": 2.580536309994504, ""fwhm"": 2.6429703225692007}]",0.0,2.580536309994504,2.6429703225692007,,,,,,,,,,,,,,,
1835.4469956033217,0.01,1,EELS,Gold,"[{""position"": 0.0, ""amplitude"": 2.580536309994504, ""fwhm"": 2.6429703225692007}]",0.0,2.580536309994504,2.6429703225692007,,,,,,,,,,,,,,,
1836.4264777723497,0.005,1,EELS,Gold,"[{""position"": 0.0, ""amplitude"": 2.580536309994504, ""fwhm"": 2.6429703225692007}]",0.0,2.580536309994504,2.6429703225692007,,,,,,,,,,,,,,,
1837.4059599413774,0.0,1,EELS,Gold,"[{""position"": 0.0, ""amplitude"": 2.580536309994504, ""fwhm"": 2.6429703225692007}]",0.0,2.580536309994504,2.6429703225692007,,,,,,,,,,,,,,,
1838.3854421104054,0.000738681255606637,1,EELS,Gold,"[{""position"": 0.0, ""amplitude"": 2.580536309994504, ""fwhm"": 2.6429703225692007}]",0.0,2.580536309994504,2.6429703225692007,,,,,,,,,,,,,,,
1839.3649242794331,0.015,1,EELS,Gold,"[{""position"": 0.0, ""amplitude"": 2.580536309994504, ""fwhm"": 2.6429703225692007}]",0.0,2.580536309994504,2.6429703225692007,,,,,,,,,,,,,,,
1840.344406448461,0.0011096575628813245,1,EELS,Gold,"[{""position"": 0.0, ""amplitude"": 2.580536309994504, ""fwhm"": 2.6429703225692007}]",0.0,2.580536309994504,2.6429703225692007,,,,,,,,,,,,,,,
1841.3238886174888,0.005,1,EELS,Gold,"[{""position"": 0.0, ""amplitude"": 2.580536309994504, ""fwhm"": 2.6429703225692007}]",0.0,2.580536309994504,2.6429703225692007,,,,,,,,,,,,,,,
1842.3033707865168,0.005,1,EELS,Gold,"[{""position"": 0.0, ""amplitude"": 2.580536309994504, ""fwhm"": 2.6429703225692007}]",0.0,2.580536309994504,2.6429703225692007,,,,,,,,,,,,,,,
1843.2828529555445,0.001424733093297437,1,EELS,Gold,"[{""position"": 0.0, ""amplitude"": 2.580536309994504, ""fwhm"": 2.6429703225692007}]",0.0,2.580536309994504,2.6429703225692007,,,,,,,,,,,,,,,
1844.2623351245725,3.284189493487551e-05,1,EELS,Gold,"[{""position"": 0.0, ""amplitude"": 2.580536309994504, ""fwhm"": 2.6429703225692007}]",0.0,2.580536309994504,2.6429703225692007,,,,,,,,,,,,,,,
1845.2418172936002,0.01,1,EELS,Gold,"[{""position"": 0.0, ""amplitude"": 2.580536309994504, ""fwhm"": 2.6429703225692007}]",0.0,2.580536309994504,2.6429703225692007,,,,,,,,,,,,,,,
1846.2212994626282,0.0,1,EELS,Gold,"[{""position"": 0.0, ""amplitude"": 2.580536309994504, ""fwhm"": 2.6429703225692007}]",0.0,2.580536309994504,2.6429703225692007,,,,,,,,,,,,,,,
1847.200781631656,0.0,1,EELS,Gold,"[{""position"": 0.0, ""amplitude"": 2.580536309994504, ""fwhm"": 2.6429703225692007}]",0.0,2.580536309994504,2.6429703225692007,,,,,,,,,,,,,,,
1848.1802638006839,0.01,1,EELS,Gold,"[{""position"": 0.0, ""amplitude"": 2.580536309994504, ""fwhm"": 2.6429703225692007}]",0.0,2.580536309994504,2.6429703225692007,,,,,,,,,,,,,,,
1849.1597459697116,0.0,1,EELS,Gold,"[{""position"": 0.0, ""amplitude"": 2.580536309994504, ""fwhm"": 2.6429703225692007}]",0.0,2.580536309994504,2.6429703225692007,,,,,,,,,,,,,,,
1850.1392281387396,0.009137849186200694,1,EELS,Gold,"[{""position"": 0.0, ""amplitude"": 2.580536309994504, ""fwhm"": 2.6429703225692007}]",0.0,2.580536309994504,2.6429703225692007,,,,,,,,,,,,,,,
1851.1187103077673,0.0014623558215809108,1,EELS,Gold,"[{""position"": 0.0, ""amplitude"": 2.580536309994504, ""fwhm"": 2.6429703225692007}]",0.0,2.580536309994504,2.6429703225692007,,,,,,,,,,,,,,,
1852.0981924767952,0.005,1,EELS,Gold,"[{""position"": 0.0, ""amplitude"": 2.580536309994504, ""fwhm"": 2.6429703225692007}]",0.0,2.580536309994504,2.6429703225692007,,,,,,,,,,,,,,,
1853.077674645823,0.0018130551844972014,1,EELS,Gold,"[{""position"": 0.0, ""amplitude"": 2.580536309994504, ""fwhm"": 2.6429703225692007}]",0.0,2.580536309994504,2.6429703225692007,,,,,,,,,,,,,,,
1854.057156814851,0.01,1,EELS,Gold,"[{""position"": 0.0, ""amplitude"": 2.580536309994504, ""fwhm"": 2.6429703225692007}]",0.0,2.580536309994504,2.6429703225692007,,,,,,,,,,,,,,,
1855.0366389838787,0.008040694696010788,1,EELS,Gold,"[{""position"": 0.0, ""amplitude"": 2.580536309994504, ""fwhm"": 2.6429703225692007}]",0.0,2.580536309994504,2.6429703225692007,,,,,,,,,,,,,,,
1856.0161211529066,0.0009691348737620702,1,EELS,Gold,"[{""position"": 0.0, ""amplitude"": 2.580536309994504, ""fwhm"": 2.6429703225692007}]",0.0,2.580536309994504,2.6429703225692007,,,,,,,,,,,,,,,
1856.9956033219344,0.015,1,EELS,Gold,"[{""position"": 0.0, ""amplitude"": 2.580536309994504, ""fwhm"": 2.6429703225692007}]",0.0,2.580536309994504,2.6429703225692007,,,,,,,,,,,,,,,
1857.9750854909623,0.006170400812912923,1,EELS,Gold,"[{""position"": 0.0, ""amplitude"": 2.580536309994504, ""fwhm"": 2.6429703225692007}]",0.0,2.580536309994504,2.6429703225692007,,,,,,,,,,,,,,,
1858.95456765999,0.015,1,EELS,Gold,"[{""position"": 0.0, ""amplitude"": 2.580536309994504, ""fwhm"": 2.6429703225692007}]",0.0,2.580536309994504,2.6429703225692007,,,,,,,,,,,,,,,
1859.934049829018,0.01,1,EELS,Gold,"[{""position"": 0.0, ""amplitude"": 2.580536309994504, ""fwhm"": 2.6429703225692007}]",0.0,2.580536309994504,2.6429703225692007,,,,,,,,,,,,,,,
1860.9135319980458,0.0,1,EELS,Gold,"[{""position"": 0.0, ""amplitude"": 2.580536309994504, ""fwhm"": 2.6429703225692007}]",0.0,2.580536309994504,2.6429703225692007,,,,,,,,,,,,,,,
1861.8930141670737,0.005384575987768847,1,EELS,Gold,"[{""position"": 0.0, ""amplitude"": 2.580536309994504, ""fwhm"": 2.6429703225692007}]",0.0,2.580536309994504,2.6429703225692007,,,,,,,,,,,,,,,
1862.8724963361014,0.00948281226617564,1,EELS,Gold,"[{""position"": 0.0, ""amplitude"": 2.580536309994504, ""fwhm"": 2.6429703225692007}]",0.0,2.580536309994504,2.6429703225692007,,,,,,,,,,,,,,,
1863.8519785051294,0.010768771547518794,1,EELS,Gold,"[{""position"": 0.0, ""amplitude"": 2.580536309994504, ""fwhm"": 2.6429703225692007}]",0.0,2.580536309994504,2.6429703225692007,,,,,,,,,,,,,,,
1864.8314606741571,0.00166102797277207,1,EELS,Gold,"[{""position"": 0.0, ""amplitude"": 2.580536309994504, ""fwhm"": 2.6429703225692007}]",0.0,2.580536309994504,2.6429703225692007,,,,,,,,,,,,,,,
1865.810942843185,0.01130726712295964,1,EELS,Gold,"[{""position"": 0.0, ""amplitude"": 2.580536309994504, ""fwhm"": 2.6429703225692007}]",0.0,2.580536309994504,2.6429703225692007,,,,,,,,,,,,,,,
1866.7904250122128,0.0,1,EELS,Gold,"[{""position"": 0.0, ""amplitude"": 2.580536309994504, ""fwhm"": 2.6429703225692007}]",0.0,2.580536309994504,2.6429703225692007,,,,,,,,,,,,,,,
1867.7699071812408,0.01,1,EELS,Gold,"[{""position"": 0.0, ""amplitude"": 2.580536309994504, ""fwhm"": 2.6429703225692007}]",0.0,2.580536309994504,2.6429703225692007,,,,,,,,,,,,,,,
1868.7493893502685,0.0,1,EELS,Gold,"[{""position"": 0.0, ""amplitude"": 2.580536309994504, ""fwhm"": 2.6429703225692007}]",0.0,2.580536309994504,2.6429703225692007,,,,,,,,,,,,,,,
1869.7288715192965,0.02,1,EELS,Gold,"[{""position"": 0.0, ""amplitude"": 2.580536309994504, ""fwhm"": 2.6429703225692007}]",0.0,2.580536309994504,2.6429703225692007,,,,,,,,,,,,,,,
1870.7083536883242,0.005,1,EELS,Gold,"[{""position"": 0.0, ""amplitude"": 2.580536309994504, ""fwhm"": 2.6429703225692007}]",0.0,2.580536309994504,2.6429703225692007,,,,,,,,,,,,,,,
1871.6878358573522,0.0,1,EELS,Gold,"[{""position"": 0.0, ""amplitude"": 2.580536309994504, ""fwhm"": 2.6429703225692007}]",0.0,2.580536309994504,2.6429703225692007,,,,,,,,,,,,,,,
1872.66731802638,0.005,1,EELS,Gold,"[{""position"": 0.0, ""amplitude"": 2.580536309994504, ""fwhm"": 2.6429703225692007}]",0.0,2.580536309994504,2.6429703225692007,,,,,,,,,,,,,,,
1873.6468001954079,0.011944148032135215,1,EELS,Gold,"[{""position"": 0.0, ""amplitude"": 2.580536309994504, ""fwhm"": 2.6429703225692007}]",0.0,2.580536309994504,2.6429703225692007,,,,,,,,,,,,,,,
1874.6262823644356,0.005,1,EELS,Gold,"[{""position"": 0.0, ""amplitude"": 2.580536309994504, ""fwhm"": 2.6429703225692007}]",0.0,2.580536309994504,2.6429703225692007,,,,,,,,,,,,,,,
1875.6057645334636,0.005632680691812097,1,EELS,Gold,"[{""position"": 0.0, ""amplitude"": 2.580536309994504, ""fwhm"": 2.6429703225692007}]",0.0,2.580536309994504,2.6429703225692007,,,,,,,,,,,,,,,
1876.5852467024913,0.015363258995304871,1,EELS,Gold,"[{""position"": 0.0, ""amplitude"": 2.580536309994504, ""fwhm"": 2.6429703225692007}]",0.0,2.580536309994504,2.6429703225692007,,,,,,,,,,,,,,,
1877.5647288715193,0.005,1,EELS,Gold,"[{""position"": 0.0, ""amplitude"": 2.580536309994504, ""fwhm"": 2.6429703225692007}]",0.0,2.580536309994504,2.6429703225692007,,,,,,,,,,,,,,,
1878.544211040547,0.01,1,EELS,Gold,"[{""position"": 0.0, ""amplitude"": 2.580536309994504, ""fwhm"": 2.6429703225692007}]",0.0,2.580536309994504,2.6429703225692007,,,,,,,,,,,,,,,
1879.523693209575,0.005,1,EELS,Gold,"[{""position"": 0.0, ""amplitude"": 2.580536309994504, ""fwhm"": 2.6429703225692007}]",0.0,2.580536309994504,2.6429703225692007,,,,,,,,,,,,,,,
1880.5031753786027,0.007854291135711742,1,EELS,Gold,"[{""position"": 0.0, ""amplitude"": 2.580536309994504, ""fwhm"": 2.6429703225692007}]",0.0,2.580536309994504,2.6429703225692007,,,,,,,,,,,,,,,
1881.4826575476307,0.01006480363457751,1,EELS,Gold,"[{""position"": 0.0, ""amplitude"": 2.580536309994504, ""fwhm"": 2.6429703225692007}]",0.0,2.580536309994504,2.6429703225692007,,,,,,,,,,,,,,,
1882.4621397166584,0.0,1,EELS,Gold,"[{""position"": 0.0, ""amplitude"": 2.580536309994504, ""fwhm"": 2.6429703225692007}]",0.0,2.580536309994504,2.6429703225692007,,,,,,,,,,,,,,,
1883.4416218856863,0.011296341809457234,1,EELS,Gold,"[{""position"": 0.0, ""amplitude"": 2.580536309994504, ""fwhm"": 2.6429703225692007}]",0.0,2.580536309994504,2.6429703225692007,,,,,,,,,,,,,,,
1884.421104054714,0.0,1,EELS,Gold,"[{""position"": 0.0, ""amplitude"": 2.580536309994504, ""fwhm"": 2.6429703225692007}]",0.0,2.580536309994504,2.6429703225692007,,,,,,,,,,,,,,,
1885.400586223742,0.005,1,EELS,Gold,"[{""position"": 0.0, ""amplitude"": 2.580536309994504, ""fwhm"": 2.6429703225692007}]",0.0,2.580536309994504,2.6429703225692007,,,,,,,,,,,,,,,
1886.3800683927698,0.006833379647081601,1,EELS,Gold,"[{""position"": 0.0, ""amplitude"": 2.580536309994504, ""fwhm"": 2.6429703225692007}]",0.0,2.580536309994504,2.6429703225692007,,,,,,,,,,,,,,,
1887.3595505617977,0.005,1,EELS,Gold,"[{""position"": 0.0, ""amplitude"": 2.580536309994504, ""fwhm"": 2.6429703225692007}]",0.0,2.580536309994504,2.6429703225692007,,,,,,,,,,,,,,,
1888.3390327308255,0.010669876020781777,1,EELS,Gold,"[{""position"": 0.0, ""amplitude"": 2.580536309994504, ""fwhm"": 2.6429703225692007}]",0.0,2.580536309994504,2.6429703225692007,,,,,,,,,,,,,,,
1889.3185148998534,0.0112214800744539,1,EELS,Gold,"[{""position"": 0.0, ""amplitude"": 2.580536309994504, ""fwhm"": 2.6429703225692007}]",0.0,2.580536309994504,2.6429703225692007,,,,,,,,,,,,,,,
1890.2979970688812,0.0028150408986655326,1,EELS,Gold,"[{""position"": 0.0, ""amplitude"": 2.580536309994504, ""fwhm"": 2.6429703225692007}]",0.0,2.580536309994504,2.6429703225692007,,,,,,,,,,,,,,,
1891.2774792379091,0.005268264236440028,1,EELS,Gold,"[{""position"": 0.0, ""amplitude"": 2.580536309994504, ""fwhm"": 2.6429703225692007}]",0.0,2.580536309994504,2.6429703225692007,,,,,,,,,,,,,,,
1892.2569614069369,0.010809849098981724,1,EELS,Gold,"[{""position"": 0.0, ""amplitude"": 2.580536309994504, ""fwhm"": 2.6429703225692007}]",0.0,2.580536309994504,2.6429703225692007,,,,,,,,,,,,,,,
1893.2364435759648,0.015,1,EELS,Gold,"[{""position"": 0.0, ""amplitude"": 2.580536309994504, ""fwhm"": 2.6429703225692007}]",0.0,2.580536309994504,2.6429703225692007,,,,,,,,,,,,,,,
1894.2159257449925,0.01070947012631845,1,EELS,Gold,"[{""position"": 0.0, ""amplitude"": 2.580536309994504, ""fwhm"": 2.6429703225692007}]",0.0,2.580536309994504,2.6429703225692007,,,,,,,,,,,,,,,
1895.1954079140205,0.005,1,EELS,Gold,"[{""position"": 0.0, ""amplitude"": 2.580536309994504, ""fwhm"": 2.6429703225692007}]",0.0,2.580536309994504,2.6429703225692007,,,,,,,,,,,,,,,
1896.1748900830482,0.001618121411926017,1,EELS,Gold,"[{""position"": 0.0, ""amplitude"": 2.580536309994504, ""fwhm"": 2.6429703225692007}]",0.0,2.580536309994504,2.6429703225692007,,,,,,,,,,,,,,,
1897.1543722520762,0.005,1,EELS,Gold,"[{""position"": 0.0, ""amplitude"": 2.580536309994504, ""fwhm"": 2.6429703225692007}]",0.0,2.580536309994504,2.6429703225692007,,,,,,,,,,,,,,,
1898.133854421104,0.0009877969904662778,1,EELS,Gold,"[{""position"": 0.0, ""amplitude"": 2.580536309994504, ""fwhm"": 2.6429703225692007}]",0.0,2.580536309994504,2.6429703225692007,,,,,,,,,,,,,,,
1899.113336590132,0.005,1,EELS,Gold,"[{""position"": 0.0, ""amplitude"": 2.580536309994504, ""fwhm"": 2.6429703225692007}]",0.0,2.580536309994504,2.6429703225692007,,,,,,,,,,,,,,,
1900.0928187591596,0.007918721219397861,1,EELS,Gold,"[{""position"": 0.0, ""amplitude"": 2.580536309994504, ""fwhm"": 2.6429703225692007}]",0.0,2.580536309994504,2.6429703225692007,,,,,,,,,,,,,,,
1901.0723009281876,0.01,1,EELS,Gold,"[{""position"": 0.0, ""amplitude"": 2.580536309994504, ""fwhm"": 2.6429703225692007}]",0.0,2.580536309994504,2.6429703225692007,,,,,,,,,,,,,,,
1902.0517830972153,0.015,1,EELS,Gold,"[{""position"": 0.0, ""amplitude"": 2.580536309994504, ""fwhm"": 2.6429703225692007}]",0.0,2.580536309994504,2.6429703225692007,,,,,,,,,,,,,,,
1903.0312652662433,0.0032689875727099724,1,EELS,Gold,"[{""position"": 0.0, ""amplitude"": 2.580536309994504, ""fwhm"": 2.6429703225692007}]",0.0,2.580536309994504,2.6429703225692007,,,,,,,,,,,,,,,
1904.010747435271,0.005,1,EELS,Gold,"[{""position"": 0.0, ""amplitude"": 2.580536309994504, ""fwhm"": 2.6429703225692007}]",0.0,2.580536309994504,2.6429703225692007,,,,,,,,,,,,,,,
1904.990229604299,0.005,1,EELS,Gold,"[{""position"": 0.0, ""amplitude"": 2.580536309994504, ""fwhm"": 2.6429703225692007}]",0.0,2.580536309994504,2.6429703225692007,,,,,,,,,,,,,,,
1905.9697117733267,0.0,1,EELS,Gold,"[{""position"": 0.0, ""amplitude"": 2.580536309994504, ""fwhm"": 2.6429703225692007}]",0.0,2.580536309994504,2.6429703225692007,,,,,,,,,,,,,,,
1906.9491939423547,0.003559028217513619,1,EELS,Gold,"[{""position"": 0.0, ""amplitude"": 2.580536309994504, ""fwhm"": 2.6429703225692007}]",0.0,2.580536309994504,2.6429703225692007,,,,,,,,,,,,,,,
1907.9286761113824,0.0,1,EELS,Gold,"[{""position"": 0.0, ""amplitude"": 2.580536309994504, ""fwhm"": 2.6429703225692007}]",0.0,2.580536309994504,2.6429703225692007,,,,,,,,,,,,,,,
1908.9081582804104,0.01810518706164475,1,EELS,Gold,"[{""position"": 0.0, ""amplitude"": 2.580536309994504, ""fwhm"": 2.6429703225692007}]",0.0,2.580536309994504,2.6429703225692007,,,,,,,,,,,,,,,
1909.887640449438,0.007738136629858969,1,EELS,Gold,"[{""position"": 0.0, ""amplitude"": 2.580536309994504, ""fwhm"": 2.6429703225692007}]",0.0,2.580536309994504,2.6429703225692007,,,,,,,,,,,,,,,
1910.8671226184658,0.005590944853956533,1,EELS,Gold,"[{""position"": 0.0, ""amplitude"": 2.580536309994504, ""fwhm"": 2.6429703225692007}]",0.0,2.580536309994504,2.6429703225692007,,,,,,,,,,,,,,,
1911.8466047874938,0.02,1,EELS,Gold,"[{""position"": 0.0, ""amplitude"": 2.580536309994504, ""fwhm"": 2.6429703225692007}]",0.0,2.580536309994504,2.6429703225692007,,,,,,,,,,,,,,,
1912.8260869565215,0.015751581278361397,1,EELS,Gold,"[{""position"": 0.0, ""amplitude"": 2.580536309994504, ""fwhm"": 2.6429703225692007}]",0.0,2.580536309994504,2.6429703225692007,,,,,,,,,,,,,,,
1913.8055691255495,0.0013589133565521194,1,EELS,Gold,"[{""position"": 0.0, ""amplitude"": 2.580536309994504, ""fwhm"": 2.6429703225692007}]",0.0,2.580536309994504,2.6429703225692007,,,,,,,,,,,,,,,
1914.7850512945772,0.006678839018298316,1,EELS,Gold,"[{""position"": 0.0, ""amplitude"": 2.580536309994504, ""fwhm"": 2.6429703225692007}]",0.0,2.580536309994504,2.6429703225692007,,,,,,,,,,,,,,,
1915.7645334636052,0.006447790252425386,1,EELS,Gold,"[{""position"": 0.0, ""amplitude"": 2.580536309994504, ""fwhm"": 2.6429703225692007}]",0.0,2.580536309994504,2.6429703225692007,,,,,,,,,,,,,,,
1916.744015632633,0.005246270714263066,1,EELS,Gold,"[{""position"": 0.0, ""amplitude"": 2.580536309994504, ""fwhm"": 2.6429703225692007}]",0.0,2.580536309994504,2.6429703225692007,,,,,,,,,,,,,,,
1917.7234978016609,0.0,1,EELS,Gold,"[{""position"": 0.0, ""amplitude"": 2.580536309994504, ""fwhm"": 2.6429703225692007}]",0.0,2.580536309994504,2.6429703225692007,,,,,,,,,,,,,,,
1918.7029799706886,0.01,1,EELS,Gold,"[{""position"": 0.0, ""amplitude"": 2.580536309994504, ""fwhm"": 2.6429703225692007}]",0.0,2.580536309994504,2.6429703225692007,,,,,,,,,,,,,,,
1919.6824621397166,0.005,1,EELS,Gold,"[{""position"": 0.0, ""amplitude"": 2.580536309994504, ""fwhm"": 2.6429703225692007}]",0.0,2.580536309994504,2.6429703225692007,,,,,,,,,,,,,,,
1920.6619443087443,0.007938360216277914,1,EELS,Gold,"[{""position"": 0.0, ""amplitude"": 2.580536309994504, ""fwhm"": 2.6429703225692007}]",0.0,2.580536309994504,2.6429703225692007,,,,,,,,,,,,,,,
1921.6414264777723,0.0065455644392736255,1,EELS,Gold,"[{""position"": 0.0, ""amplitude"": 2.580536309994504, ""fwhm"": 2.6429703225692007}]",0.0,2.580536309994504,2.6429703225692007,,,,,,,,,,,,,,,
1922.6209086468,0.005,1,EELS,Gold,"[{""position"": 0.0, ""amplitude"": 2.580536309994504, ""fwhm"": 2.6429703225692007}]",0.0,2.580536309994504,2.6429703225692007,,,,,,,,,,,,,,,
1923.600390815828,0.00670627572059255,1,EELS,Gold,"[{""position"": 0.0, ""amplitude"": 2.580536309994504, ""fwhm"": 2.6429703225692007}]",0.0,2.580536309994504,2.6429703225692007,,,,,,,,,,,,,,,
1924.5798729848557,0.0005172843580500299,1,EELS,Gold,"[{""position"": 0.0, ""amplitude"": 2.580536309994504, ""fwhm"": 2.6429703225692007}]",0.0,2.580536309994504,2.6429703225692007,,,,,,,,,,,,,,,
1925.5593551538836,0.005,1,EELS,Gold,"[{""position"": 0.0, ""amplitude"": 2.580536309994504, ""fwhm"": 2.6429703225692007}]",0.0,2.580536309994504,2.6429703225692007,,,,,,,,,,,,,,,
1926.5388373229114,0.0,1,EELS,Gold,"[{""position"": 0.0, ""amplitude"": 2.580536309994504, ""fwhm"": 2.6429703225692007}]",0.0,2.580536309994504,2.6429703225692007,,,,,,,,,,,,,,,
1927.5183194919393,0.007913374967108366,1,EELS,Gold,"[{""position"": 0.0, ""amplitude"": 2.580536309994504, ""fwhm"": 2.6429703225692007}]",0.0,2.580536309994504,2.6429703225692007,,,,,,,,,,,,,,,
1928.497801660967,0.002458086268737258,1,EELS,Gold,"[{""position"": 0.0, ""amplitude"": 2.580536309994504, ""fwhm"": 2.6429703225692007}]",0.0,2.580536309994504,2.6429703225692007,,,,,,,,,,,,,,,
1929.477283829995,0.02,1,EELS,Gold,"[{""position"": 0.0, ""amplitude"": 2.580536309994504, ""fwhm"": 2.6429703225692007}]",0.0,2.580536309994504,2.6429703225692007,,,,,,,,,,,,,,,
1930.4567659990228,0.0010646059631058665,1,EELS,Gold,"[{""position"": 0.0, ""amplitude"": 2.580536309994504, ""fwhm"": 2.6429703225692007}]",0.0,2.580536309994504,2.6429703225692007,,,,,,,,,,,,,,,
1931.4362481680507,0.015,1,EELS,Gold,"[{""position"": 0.0, ""amplitude"": 2.580536309994504, ""fwhm"": 2.6429703225692007}]",0.0,2.580536309994504,2.6429703225692007,,,,,,,,,,,,,,,
1932.4157303370785,0.0,1,EELS,Gold,"[{""position"": 0.0, ""amplitude"": 2.580536309994504, ""fwhm"": 2.6429703225692007}]",0.0,2.580536309994504,2.6429703225692007,,,,,,,,,,,,,,,
1933.3952125061064,0.015,1,EELS,Gold,"[{""position"": 0.0, ""amplitude"": 2.580536309994504, ""fwhm"": 2.6429703225692007}]",0.0,2.580536309994504,2.6429703225692007,,,,,,,,,,,,,,,
1934.3746946751342,0.002238522148228285,1,EELS,Gold,"[{""position"": 0.0, ""amplitude"": 2.580536309994504, ""fwhm"": 2.6429703225692007}]",0.0,2.580536309994504,2.6429703225692007,,,,,,,,,,,,,,,
1935.354176844162,0.0024724349906780005,1,EELS,Gold,"[{""position"": 0.0, ""amplitude"": 2.580536309994504, ""fwhm"": 2.6429703225692007}]",0.0,2.580536309994504,2.6429703225692007,,,,,,,,,,,,,,,
1936.3336590131898,0.006337908389817467,1,EELS,Gold,"[{""position"": 0.0, ""amplitude"": 2.580536309994504, ""fwhm"": 2.6429703225692007}]",0.0,2.580536309994504,2.6429703225692007,,,,,,,,,,,,,,,
1937.3131411822178,0.0018845034283367964,1,EELS,Gold,"[{""position"": 0.0, ""amplitude"": 2.580536309994504, ""fwhm"": 2.6429703225692007}]",0.0,2.580536309994504,2.6429703225692007,,,,,,,,,,,,,,,
1938.2926233512455,0.006345858168519066,1,EELS,Gold,"[{""position"": 0.0, ""amplitude"": 2.580536309994504, ""fwhm"": 2.6429703225692007}]",0.0,2.580536309994504,2.6429703225692007,,,,,,,,,,,,,,,
1939.2721055202735,0.005,1,EELS,Gold,"[{""position"": 0.0, ""amplitude"": 2.580536309994504, ""fwhm"": 2.6429703225692007}]",0.0,2.580536309994504,2.6429703225692007,,,,,,,,,,,,,,,
1940.2515876893012,0.021128604977336967,1,EELS,Gold,"[{""position"": 0.0, ""amplitude"": 2.580536309994504, ""fwhm"": 2.6429703225692007}]",0.0,2.580536309994504,2.6429703225692007,,,,,,,,,,,,,,,
1941.2310698583292,0.0020786296050381405,1,EELS,Gold,"[{""position"": 0.0, ""amplitude"": 2.580536309994504, ""fwhm"": 2.6429703225692007}]",0.0,2.580536309994504,2.6429703225692007,,,,,,,,,,,,,,,
1942.210552027357,0.001959715156393784,1,EELS,Gold,"[{""position"": 0.0, ""amplitude"": 2.580536309994504, ""fwhm"": 2.6429703225692007}]",0.0,2.580536309994504,2.6429703225692007,,,,,,,,,,,,,,,
1943.1900341963849,0.013080249872636712,1,EELS,Gold,"[{""position"": 0.0, ""amplitude"": 2.580536309994504, ""fwhm"": 2.6429703225692007}]",0.0,2.580536309994504,2.6429703225692007,,,,,,,,,,,,,,,
1944.1695163654126,0.006841125690797495,1,EELS,Gold,"[{""position"": 0.0, ""amplitude"": 2.580536309994504, ""fwhm"": 2.6429703225692007}]",0.0,2.580536309994504,2.6429703225692007,,,,,,,,,,,,,,,
1945.1489985344406,0.010921064992120597,1,EELS,Gold,"[{""position"": 0.0, ""amplitude"": 2.580536309994504, ""fwhm"": 2.6429703225692007}]",0.0,2.580536309994504,2.6429703225692007,,,,,,,,,,,,,,,
1946.1284807034683,0.0077740175429678576,1,EELS,Gold,"[{""position"": 0.0, ""amplitude"": 2.580536309994504, ""fwhm"": 2.6429703225692007}]",0.0,2.580536309994504,2.6429703225692007,,,,,,,,,,,,,,,
1947.1079628724963,0.005,1,EELS,Gold,"[{""position"": 0.0, ""amplitude"": 2.580536309994504, ""fwhm"": 2.6429703225692007}]",0.0,2.580536309994504,2.6429703225692007,,,,,,,,,,,,,,,
1948.087445041524,0.0,1,EELS,Gold,"[{""position"": 0.0, ""amplitude"": 2.580536309994504, ""fwhm"": 2.6429703225692007}]",0.0,2.580536309994504,2.6429703225692007,,,,,,,,,,,,,,,
1949.066927210552,0.005,1,EELS,Gold,"[{""position"": 0.0, ""amplitude"": 2.580536309994504, ""fwhm"": 2.6429703225692007}]",0.0,2.580536309994504,2.6429703225692007,,,,,,,,,,,,,,,
1950.0464093795797,0.005,1,EELS,Gold,"[{""position"": 0.0, ""amplitude"": 2.580536309994504, ""fwhm"": 2.6429703225692007}]",0.0,2.580536309994504,2.6429703225692007,,,,,,,,,,,,,,,
1951.0258915486077,0.0,1,EELS,Gold,"[{""position"": 0.0, ""amplitude"": 2.580536309994504, ""fwhm"": 2.6429703225692007}]",0.0,2.580536309994504,2.6429703225692007,,,,,,,,,,,,,,,
1952.0053737176354,0.01,1,EELS,Gold,"[{""position"": 0.0, ""amplitude"": 2.580536309994504, ""fwhm"": 2.6429703225692007}]",0.0,2.580536309994504,2.6429703225692007,,,,,,,,,,,,,,,
1952.9848558866634,0.0,1,EELS,Gold,"[{""position"": 0.0, ""amplitude"": 2.580536309994504, ""fwhm"": 2.6429703225692007}]",0.0,2.580536309994504,2.6429703225692007,,,,,,,,,,,,,,,
1953.964338055691,0.01,1,EELS,Gold,"[{""position"": 0.0, ""amplitude"": 2.580536309994504, ""fwhm"": 2.6429703225692007}]",0.0,2.580536309994504,2.6429703225692007,,,,,,,,,,,,,,,
1954.943820224719,0.0,1,EELS,Gold,"[{""position"": 0.0, ""amplitude"": 2.580536309994504, ""fwhm"": 2.6429703225692007}]",0.0,2.580536309994504,2.6429703225692007,,,,,,,,,,,,,,,
1955.9233023937468,0.0005647425042478626,1,EELS,Gold,"[{""position"": 0.0, ""amplitude"": 2.580536309994504, ""fwhm"": 2.6429703225692007}]",0.0,2.580536309994504,2.6429703225692007,,,,,,,,,,,,,,,
1956.9027845627747,0.005017922728554548,1,EELS,Gold,"[{""position"": 0.0, ""amplitude"": 2.580536309994504, ""fwhm"": 2.6429703225692007}]",0.0,2.580536309994504,2.6429703225692007,,,,,,,,,,,,,,,
1957.8822667318025,0.0,1,EELS,Gold,"[{""position"": 0.0, ""amplitude"": 2.580536309994504, ""fwhm"": 2.6429703225692007}]",0.0,2.580536309994504,2.6429703225692007,,,,,,,,,,,,,,,
1958.8617489008304,0.011714464721105287,1,EELS,Gold,"[{""position"": 0.0, ""amplitude"": 2.580536309994504, ""fwhm"": 2.6429703225692007}]",0.0,2.580536309994504,2.6429703225692007,,,,,,,,,,,,,,,
1959.8412310698582,0.0074320317814643225,1,EELS,Gold,"[{""position"": 0.0, ""amplitude"": 2.580536309994504, ""fwhm"": 2.6429703225692007}]",0.0,2.580536309994504,2.6429703225692007,,,,,,,,,,,,,,,
1960.8207132388861,0.0,1,EELS,Gold,"[{""position"": 0.0, ""amplitude"": 2.580536309994504, ""fwhm"": 2.6429703225692007}]",0.0,2.580536309994504,2.6429703225692007,,,,,,,,,,,,,,,
1961.8001954079139,0.0,1,EELS,Gold,"[{""position"": 0.0, ""amplitude"": 2.580536309994504, ""fwhm"": 2.6429703225692007}]",0.0,2.580536309994504,2.6429703225692007,,,,,,,,,,,,,,,
1962.7796775769418,0.005,1,EELS,Gold,"[{""position"": 0.0, ""amplitude"": 2.580536309994504, ""fwhm"": 2.6429703225692007}]",0.0,2.580536309994504,2.6429703225692007,,,,,,,,,,,,,,,
1963.7591597459696,0.01,1,EELS,Gold,"[{""position"": 0.0, ""amplitude"": 2.580536309994504, ""fwhm"": 2.6429703225692007}]",0.0,2.580536309994504,2.6429703225692007,,,,,,,,,,,,,,,
1964.7386419149975,0.007153280719714509,1,EELS,Gold,"[{""position"": 0.0, ""amplitude"": 2.580536309994504, ""fwhm"": 2.6429703225692007}]",0.0,2.580536309994504,2.6429703225692007,,,,,,,,,,,,,,,
1965.7181240840252,0.015,1,EELS,Gold,"[{""position"": 0.0, ""amplitude"": 2.580536309994504, ""fwhm"": 2.6429703225692007}]",0.0,2.580536309994504,2.6429703225692007,,,,,,,,,,,,,,,
1966.6976062530532,0.005,1,EELS,Gold,"[{""position"": 0.0, ""amplitude"": 2.580536309994504, ""fwhm"": 2.6429703225692007}]",0.0,2.580536309994504,2.6429703225692007,,,,,,,,,,,,,,,
1967.677088422081,0.005,1,EELS,Gold,"[{""position"": 0.0, ""amplitude"": 2.580536309994504, ""fwhm"": 2.6429703225692007}]",0.0,2.580536309994504,2.6429703225692007,,,,,,,,,,,,,,,
1968.656570591109,0.0016529148588374735,1,EELS,Gold,"[{""position"": 0.0, ""amplitude"": 2.580536309994504, ""fwhm"": 2.6429703225692007}]",0.0,2.580536309994504,2.6429703225692007,,,,,,,,,,,,,,,
1969.6360527601366,0.005,1,EELS,Gold,"[{""position"": 0.0, ""amplitude"": 2.580536309994504, ""fwhm"": 2.6429703225692007}]",0.0,2.580536309994504,2.6429703225692007,,,,,,,,,,,,,,,
1970.6155349291646,0.00016916954876665738,1,EELS,Gold,"[{""position"": 0.0, ""amplitude"": 2.580536309994504, ""fwhm"": 2.6429703225692007}]",0.0,2.580536309994504,2.6429703225692007,,,,,,,,,,,,,,,
1971.5950170981923,0.00572977496671966,1,EELS,Gold,"[{""position"": 0.0, ""amplitude"": 2.580536309994504, ""fwhm"": 2.6429703225692007}]",0.0,2.580536309994504,2.6429703225692007,,,,,,,,,,,,,,,
1972.5744992672203,0.008522690666581578,1,EELS,Gold,"[{""position"": 0.0, ""amplitude"": 2.580536309994504, ""fwhm"": 2.6429703225692007}]",0.0,2.580536309994504,2.6429703225692007,,,,,,,,,,,,,,,
1973.553981436248,0.0,1,EELS,Gold,"[{""position"": 0.0, ""amplitude"": 2.580536309994504, ""fwhm"": 2.6429703225692007}]",0.0,2.580536309994504,2.6429703225692007,,,,,,,,,,,,,,,
1974.533463605276,0.0,1,EELS,Gold,"[{""position"": 0.0, ""amplitude"": 2.580536309994504, ""fwhm"": 2.6429703225692007}]",0.0,2.580536309994504,2.6429703225692007,,,,,,,,,,,,,,,
1975.5129457743037,0.010488595448625286,1,EELS,Gold,"[{""position"": 0.0, ""amplitude"": 2.580536309994504, ""fwhm"": 2.6429703225692007}]",0.0,2.580536309994504,2.6429703225692007,,,,,,,,,,,,,,,
1976.4924279433317,0.009656676650752448,1,EELS,Gold,"[{""position"": 0.0, ""amplitude"": 2.580536309994504, ""fwhm"": 2.6429703225692007}]",0.0,2.580536309994504,2.6429703225692007,,,,,,,,,,,,,,,
1977.4719101123594,0.01320883323556088,1,EELS,Gold,"[{""position"": 0.0, ""amplitude"": 2.580536309994504, ""fwhm"": 2.6429703225692007}]",0.0,2.580536309994504,2.6429703225692007,,,,,,,,,,,,,,,
1978.4513922813874,0.0005551041500489762,1,EELS,Gold,"[{""position"": 0.0, ""amplitude"": 2.580536309994504, ""fwhm"": 2.6429703225692007}]",0.0,2.580536309994504,2.6429703225692007,,,,,,,,,,,,,,,
1979.430874450415,0.01,1,EELS,Gold,"[{""position"": 0.0, ""amplitude"": 2.580536309994504, ""fwhm"": 2.6429703225692007}]",0.0,2.580536309994504,2.6429703225692007,,,,,,,,,,,,,,,
1980.410356619443,0.012095466563476036,1,EELS,Gold,"[{""position"": 0.0, ""amplitude"": 2.580536309994504, ""fwhm"": 2.6429703225692007}]",0.0,2.580536309994504,2.6429703225692007,,,,,,,,,,,,,,,
1981.3898387884708,0.0,1,EELS,Gold,"[{""position"": 0.0, ""amplitude"": 2.580536309994504, ""fwhm"": 2.6429703225692007}]",0.0,2.580536309994504,2.6429703225692007,,,,,,,,,,,,,,,
1982.3693209574988,0.0012426625670507987,1,EELS,Gold,"[{""position"": 0.0, ""amplitude"": 2.580536309994504, ""fwhm"": 2.6429703225692007}]",0.0,2.580536309994504,2.6429703225692007,,,,,,,,,,,,,,,
1983.3488031265265,0.00631770898239872,1,EELS,Gold,"[{""position"": 0.0, ""amplitude"": 2.580536309994504, ""fwhm"": 2.6429703225692007}]",0.0,2.580536309994504,2.6429703225692007,,,,,,,,,,,,,,,
1984.3282852955545,0.007747932974037125,1,EELS,Gold,"[{""position"": 0.0, ""amplitude"": 2.580536309994504, ""fwhm"": 2.6429703225692007}]",0.0,2.580536309994504,2.6429703225692007,,,,,,,,,,,,,,,
1985.3077674645822,0.012129460409606543,1,EELS,Gold,"[{""position"": 0.0, ""amplitude"": 2.580536309994504, ""fwhm"": 2.6429703225692007}]",0.0,2.580536309994504,2.6429703225692007,,,,,,,,,,,,,,,
1986.2872496336101,0.006026197361476384,1,EELS,Gold,"[{""position"": 0.0, ""amplitude"": 2.580536309994504, ""fwhm"": 2.6429703225692007}]",0.0,2.580536309994504,2.6429703225692007,,,,,,,,,,,,,,,
1987.2667318026379,0.01,1,EELS,Gold,"[{""position"": 0.0, ""amplitude"": 2.580536309994504, ""fwhm"": 2.6429703225692007}]",0.0,2.580536309994504,2.6429703225692007,,,,,,,,,,,,,,,
1988.2462139716658,0.01,1,EELS,Gold,"[{""position"": 0.0, ""amplitude"": 2.580536309994504, ""fwhm"": 2.6429703225692007}]",0.0,2.580536309994504,2.6429703225692007,,,,,,,,,,,,,,,
1989.2256961406936,0.005,1,EELS,Gold,"[{""position"": 0.0, ""amplitude"": 2.580536309994504, ""fwhm"": 2.6429703225692007}]",0.0,2.580536309994504,2.6429703225692007,,,,,,,,,,,,,,,
1990.2051783097215,0.0,1,EELS,Gold,"[{""position"": 0.0, ""amplitude"": 2.580536309994504, ""fwhm"": 2.6429703225692007}]",0.0,2.580536309994504,2.6429703225692007,,,,,,,,,,,,,,,
1991.1846604787493,0.005,1,EELS,Gold,"[{""position"": 0.0, ""amplitude"": 2.580536309994504, ""fwhm"": 2.6429703225692007}]",0.0,2.580536309994504,2.6429703225692007,,,,,,,,,,,,,,,
1992.1641426477772,0.005,1,EELS,Gold,"[{""position"": 0.0, ""amplitude"": 2.580536309994504, ""fwhm"": 2.6429703225692007}]",0.0,2.580536309994504,2.6429703225692007,,,,,,,,,,,,,,,
1993.143624816805,0.010407190210438622,1,EELS,Gold,"[{""position"": 0.0, ""amplitude"": 2.580536309994504, ""fwhm"": 2.6429703225692007}]",0.0,2.580536309994504,2.6429703225692007,,,,,,,,,,,,,,,
1994.123106985833,0.005,1,EELS,Gold,"[{""position"": 0.0, ""amplitude"": 2.580536309994504, ""fwhm"": 2.6429703225692007}]",0.0,2.580536309994504,2.6429703225692007,,,,,,,,,,,,,,,
1995.1025891548607,0.012904617027060488,1,EELS,Gold,"[{""position"": 0.0, ""amplitude"": 2.580536309994504, ""fwhm"": 2.6429703225692007}]",0.0,2.580536309994504,2.6429703225692007,,,,,,,,,,,,,,,
1996.0820713238886,1.488748494390618e-05,1,EELS,Gold,"[{""position"": 0.0, ""amplitude"": 2.580536309994504, ""fwhm"": 2.6429703225692007}]",0.0,2.580536309994504,2.6429703225692007,,,,,,,,,,,,,,,
1997.0615534929163,0.01,1,EELS,Gold,"[{""position"": 0.0, ""amplitude"": 2.580536309994504, ""fwhm"": 2.6429703225692007}]",0.0,2.580536309994504,2.6429703225692007,,,,,,,,,,,,,,,
1998.0410356619443,0.01,1,EELS,Gold,"[{""position"": 0.0, ""amplitude"": 2.580536309994504, ""fwhm"": 2.6429703225692007}]",0.0,2.580536309994504,2.6429703225692007,,,,,,,,,,,,,,,
1999.020517830972,0.005414434114197246,1,EELS,Gold,"[{""position"": 0.0, ""amplitude"": 2.580536309994504, ""fwhm"": 2.6429703225692007}]",0.0,2.580536309994504,2.6429703225692007,,,,,,,,,,,,,,,
2000.0,0.002141585160761379,1,EELS,Gold,"[{""position"": 0.0, ""amplitude"": 2.580536309994504, ""fwhm"": 2.6429703225692007}]",0.0,2.580536309994504,2.6429703225692007,,,,,,,,,,,,,,,
-5.0,17.264590649629614,2,EELS,Gold,"[{""position"": 0.0, ""amplitude"": 2.578669376523827, ""fwhm"": 2.64021333840469}]",0.0,2.578669376523827,2.64021333840469,,,,,,,,,,,,,,,
-4.020517830972154,15.436976897977628,2,EELS,Gold,"[{""position"": 0.0, ""amplitude"": 2.578669376523827, ""fwhm"": 2.64021333840469}]",0.0,2.578669376523827,2.64021333840469,,,,,,,,,,,,,,,
-3.041035661944309,14.99553305262526,2,EELS,Gold,"[{""position"": 0.0, ""amplitude"": 2.578669376523827, ""fwhm"": 2.64021333840469}]",0.0,2.578669376523827,2.64021333840469,,,,,,,,,,,,,,,
-2.061553492916463,14.815174057749656,2,EELS,Gold,"[{""position"": 0.0, ""amplitude"": 2.578669376523827, ""fwhm"": 2.64021333840469}]",0.0,2.578669376523827,2.64021333840469,,,,,,,,,,,,,,,
-1.0820713238886177,14.717398269306873,2,EELS,Gold,"[{""position"": 0.0, ""amplitude"": 2.578669376523827, ""fwhm"": 2.64021333840469}]",0.0,2.578669376523827,2.64021333840469,,,,,,,,,,,,,,,
-0.10258915486077225,18.282970301813798,2,EELS,Gold,"[{""position"": 0.0, ""amplitude"": 2.578669376523827, ""fwhm"": 2.64021333840469}]",0.0,2.578669376523827,2.64021333840469,,,,,,,,,,,,,,,
0.0,19.661314437791795,2,EELS,Gold,"[{""position"": 0.0, ""amplitude"": 2.578669376523827, ""fwhm"": 2.64021333840469}]",0.0,2.578669376523827,2.64021333840469,,,,,,,,,,,,,,,
0.8768930141670737,14.638764594393818,2,EELS,Gold,"[{""position"": 0.0, ""amplitude"": 2.578669376523827, ""fwhm"": 2.64021333840469}]",0.0,2.578669376523827,2.64021333840469,,,,,,,,,,,,,,,
1.8563751831949187,14.609190570033538,2,EELS,Gold,"[{""position"": 0.0, ""amplitude"": 2.578669376523827, ""fwhm"": 2.64021333840469}]",0.0,2.578669376523827,2.64021333840469,,,,,,,,,,,,,,,
2.8358573522227646,14.589058201013588,2,EELS,Gold,"[{""position"": 0.0, ""amplitude"": 2.578669376523827, ""fwhm"": 2.64021333840469}]",0.0,2.578669376523827,2.64021333840469,,,,,,,,,,,,,,,
3.8153395212506105,14.586009176102928,2,EELS,Gold,"[{""position"": 0.0, ""amplitude"": 2.578669376523827, ""fwhm"": 2.64021333840469}]",0.0,2.578669376523827,2.64021333840469,,,,,,,,,,,,,,,
4.7948216902784555,14.571249420458635,2,EELS,Gold,"[{""position"": 0.0, ""amplitude"": 2.578669376523827, ""fwhm"": 2.64021333840469}]",0.0,2.578669376523827,2.64021333840469,,,,,,,,,,,,,,,
5.7743038593063005,14.571209370625983,2,EELS,Gold,"[{""position"": 0.0, ""amplitude"": 2.578669376523827, ""fwhm"": 2.64021333840469}]",0.0,2.578669376523827,2.64021333840469,,,,,,,,,,,,,,,
6.753786028334147,14.552697876840561,2,EELS,Gold,"[{""position"": 0.0, ""amplitude"": 2.578669376523827, ""fwhm"": 2.64021333840469}]",0.0,2.578669376523827,2.64021333840469,,,,,,,,,,,,,,,
7.733268197361992,14.546167359761617,2,EELS,Gold,"[{""position"": 0.0, ""amplitude"": 2.578669376523827, ""fwhm"": 2.64021333840469}]",0.0,2.578669376523827,2.64021333840469,,,,,,,,,,,,,,,
8.712750366389837,14.542507404738892,2,EELS,Gold,"[{""position"": 0.0, ""amplitude"": 2.578669376523827, ""fwhm"": 2.64021333840469}]",0.0,2.578669376523827,2.64021333840469,,,,,,,,,,,,,,,
9.692232535417684,14.542310797250128,2,EELS,Gold,"[{""position"": 0.0, ""amplitude"": 2.578669376523827, ""fwhm"": 2.64021333840469}]",0.0,2.578669376523827,2.64021333840469,,,,,,,,,,,,,,,
10.67171470444553,14.538247571767643,2,EELS,Gold,"[{""position"": 0.0, ""amplitude"": 2.578669376523827, ""fwhm"": 2.64021333840469}]",0.0,2.578669376523827,2.64021333840469,,,,,,,,,,,,,,,
11.651196873473374,14.537151036671197,2,EELS,Gold,"[{""position"": 0.0, ""amplitude"": 2.578669376523827, ""fwhm"": 2.64021333840469}]",0.0,2.578669376523827,2.64021333840469,,,,,,,,,,,,,,,
12.630679042501221,14.538282052619474,2,EELS,Gold,"[{""position"": 0.0, ""amplitude"": 2.578669376523827, ""fwhm"": 2.64021333840469}]",0.0,2.578669376523827,2.64021333840469,,,,,,,,,,,,,,,
13.610161211529064,14.531188326843465,2,EELS,Gold,"[{""position"": 0.0, ""amplitude"": 2.578669376523827, ""fwhm"": 2.64021333840469}]",0.0,2.578669376523827,2.64021333840469,,,,,,,,,,,,,,,
14.589643380556911,14.534029466642716,2,EELS,Gold,"[{""position"": 0.0, ""amplitude"": 2.578669376523827, ""fwhm"": 2.64021333840469}]",0.0,2.578669376523827,2.64021333840469,,,,,,,,,,,,,,,
15.569125549584758,14.527986547673478,2,EELS,Gold,"[{""position"": 0.0, ""amplitude"": 2.578669376523827, ""fwhm"": 2.64021333840469}]",0.0,2.578669376523827,2.64021333840469,,,,,,,,,,,,,,,
16.5486077186126,14.53196115975384,2,EELS,Gold,"[{""position"": 0.0, ""amplitude"": 2.578669376523827, ""fwhm"": 2.64021333840469}]",0.0,2.578669376523827,2.64021333840469,,,,,,,,,,,,,,,
17.528089887640448,14.523425627160531,2,EELS,Gold,"[{""position"": 0.0, ""amplitude"": 2.578669376523827, ""fwhm"": 2.64021333840469}]",0.0,2.578669376523827,2.64021333840469,,,,,,,,,,,,,,,
18.507572056668295,14.536157149326984,2,EELS,Gold,"[{""position"": 0.0, ""amplitude"": 2.578669376523827, ""fwhm"": 2.64021333840469}]",0.0,2.578669376523827,2.64021333840469,,,,,,,,,,,,,,,
19.487054225696138,14.519468451834715,2,EELS,Gold,"[{""position"": 0.0, ""amplitude"": 2.578669376523827, ""fwhm"": 2.64021333840469}]",0.0,2.578669376523827,2.64021333840469,,,,,,,,,,,,,,,
20.466536394723985,14.537953731616975,2,EELS,Gold,"[{""position"": 0.0, ""amplitude"": 2.578669376523827, ""fwhm"": 2.64021333840469}]",0.0,2.578669376523827,2.64021333840469,,,,,,,,,,,,,,,
21.44601856375183,14.52019757222809,2,EELS,Gold,"[{""position"": 0.0, ""amplitude"": 2.578669376523827, ""fwhm"": 2.64021333840469}]",0.0,2.578669376523827,2.64021333840469,,,,,,,,,,,,,,,
22.425500732779675,14.526556015343735,2,EELS,Gold,"[{""position"": 0.0, ""amplitude"": 2.578669376523827, ""fwhm"": 2.64021333840469}]",0.0,2.578669376523827,2.64021333840469,,,,,,,,,,,,,,,
23.40498290180752,14.521341685701689,2,EELS,Gold,"[{""position"": 0.0, ""amplitude"": 2.578669376523827, ""fwhm"": 2.64021333840469}]",0.0,2.578669376523827,2.64021333840469,,,,,,,,,,,,,,,
24.38446507083537,14.544210961388096,2,EELS,Gold,"[{""position"": 0.0, ""amplitude"": 2.578669376523827, ""fwhm"": 2.64021333840469}]",0.0,2.578669376523827,2.64021333840469,,,,,,,,,,,,,,,
25.36394723986321,14.521418662024866,2,EELS,Gold,"[{""position"": 0.0, ""amplitude"": 2.578669376523827, ""fwhm"": 2.64021333840469}]",0.0,2.578669376523827,2.64021333840469,,,,,,,,,,,,,,,
26.34342940889106,14.529507700248121,2,EELS,Gold,"[{""position"": 0.0, ""amplitude"": 2.578669376523827, ""fwhm"": 2.64021333840469}]",0.0,2.578669376523827,2.64021333840469,,,,,,,,,,,,,,,
27.3229115779189,14.525051024014488,2,EELS,Gold,"[{""position"": 0.0, ""amplitude"": 2.578669376523827, ""fwhm"": 2.64021333840469}]",0.0,2.578669376523827,2.64021333840469,,,,,,,,,,,,,,,
28.30239374694675,14.519328072140196,2,EELS,Gold,"[{""position"": 0.0, ""amplitude"": 2.578669376523827, ""fwhm"": 2.64021333840469}]",0.0,2.578669376523827,2.64021333840469,,,,,,,,,,,,,,,
29.281875915974595,14.519663196669603,2,EELS,Gold,"[{""position"": 0.0, ""amplitude"": 2.578669376523827, ""fwhm"": 2.64021333840469}]",0.0,2.578669376523827,2.64021333840469,,,,,,,,,,,,,,,
30.261358085002442,14.517163637318008,2,EELS,Gold,"[{""position"": 0.0, ""amplitude"": 2.578669376523827, ""fwhm"": 2.64021333840469}]",0.0,2.578669376523827,2.64021333840469,,,,,,,,,,,,,,,
31.24084025403029,14.510806649597011,2,EELS,Gold,"[{""position"": 0.0, ""amplitude"": 2.578669376523827, ""fwhm"": 2.64021333840469}]",0.0,2.578669376523827,2.64021333840469,,,,,,,,,,,,,,,
32.22032242305813,14.513139886642112,2,EELS,Gold,"[{""position"": 0.0, ""amplitude"": 2.578669376523827, ""fwhm"": 2.64021333840469}]",0.0,2.578669376523827,2.64021333840469,,,,,,,,,,,,,,,
33.199804592085975,14.523180723033205,2,EELS,Gold,"[{""position"": 0.0, ""amplitude"": 2.578669376523827, ""fwhm"": 2.64021333840469}]",0.0,2.578669376523827,2.64021333840469,,,,,,,,,,,,,,,
34.17928676111382,14.518296857264687,2,EELS,Gold,"[{""position"": 0.0, ""amplitude"": 2.578669376523827, ""fwhm"": 2.64021333840469}]",0.0,2.578669376523827,2.64021333840469,,,,,,,,,,,,,,,
35.15876893014167,14.514191324263722,2,EELS,Gold,"[{""position"": 0.0, ""amplitude"": 2.578669376523827, ""fwhm"": 2.64021333840469}]",0.0,2.578669376523827,2.64021333840469,,,,,,,,,,,,,,,
36.138251099169516,14.528933956414317,2,EELS,Gold,"[{""position"": 0.0, ""amplitude"": 2.578669376523827, ""fwhm"": 2.64021333840469}]",0.0,2.578669376523827,2.64021333840469,,,,,,,,,,,,,,,
37.11773326819736,14.524942167223033,2,EELS,Gold,"[{""position"": 0.0, ""amplitude"": 2.578669376523827, ""fwhm"": 2.64021333840469}]",0.0,2.578669376523827,2.64021333840469,,,,,,,,,,,,,,,
38.0972154372252,14.515228223826915,2,EELS,Gold,"[{""position"": 0.0, ""amplitude"": 2.578669376523827, ""fwhm"": 2.64021333840469}]",0.0,2.578669376523827,2.64021333840469,,,,,,,,,,,,,,,
39.07669760625305,14.520507261072995,2,EELS,Gold,"[{""position"": 0.0, ""amplitude"": 2.578669376523827, ""fwhm"": 2.64021333840469}]",0.0,2.578669376523827,2.64021333840469,,,,,,,,,,,,,,,
40.056179775280896,14.513557556285473,2,EELS,Gold,"[{""position"": 0.0, ""amplitude"": 2.578669376523827, ""fwhm"": 2.64021333840469}]",0.0,2.578669376523827,2.64021333840469,,,,,,,,,,,,,,,
41.03566194430874,14.528290657046966,2,EELS,Gold,"[{""position"": 0.0, ""amplitude"": 2.578669376523827, ""fwhm"": 2.64021333840469}]",0.0,2.578669376523827,2.64021333840469,,,,,,,,,,,,,,,
42.01514411333659,14.515320460257612,2,EELS,Gold,"[{""position"": 0.0, ""amplitude"": 2.578669376523827, ""fwhm"": 2.64021333840469}]",0.0,2.578669376523827,2.64021333840469,,,,,,,,,,,,,,,
42.994626282364436,14.51182215638137,2,EELS,Gold,"[{""position"": 0.0, ""amplitude"": 2.578669376523827, ""fwhm"": 2.64021333840469}]",0.0,2.578669376523827,2.64021333840469,,,,,,,,,,,,,,,
43.974108451392276,14.518222072441556,2,EELS,Gold,"[{""position"": 0.0, ""amplitude"": 2.578669376523827, ""fwhm"": 2.64021333840469}]",0.0,2.578669376523827,2.64021333840469,,,,,,,,,,,,,,,
44.95359062042012,14.516035725909367,2,EELS,Gold,"[{""position"": 0.0, ""amplitude"": 2.578669376523827, ""fwhm"": 2.64021333840469}]",0.0,2.578669376523827,2.64021333840469,,,,,,,,,,,,,,,
45.93307278944797,14.524287267542237,2,EELS,Gold,"[{""position"": 0.0, ""amplitude"": 2.578669376523827, ""fwhm"": 2.64021333840469}]",0.0,2.578669376523827,2.64021333840469,,,,,,,,,,,,,,,
46.912554958475816,14.509705156909176,2,EELS,Gold,"[{""position"": 0.0, ""amplitude"": 2.578669376523827, ""fwhm"": 2.64021333840469}]",0.0,2.578669376523827,2.64021333840469,,,,,,,,,,,,,,,
47.89203712750366,14.536409154770498,2,EELS,Gold,"[{""position"": 0.0, ""amplitude"": 2.578669376523827, ""fwhm"": 2.64021333840469}]",0.0,2.578669376523827,2.64021333840469,,,,,,,,,,,,,,,
48.87151929653151,14.507656662483145,2,EELS,Gold,"[{""position"": 0.0, ""amplitude"": 2.578669376523827, ""fwhm"": 2.64021333840469}]",0.0,2.578669376523827,2.64021333840469,,,,,,,,,,,,,,,
49.85100146555935,14.510561898763257,2,EELS,Gold,"[{""position"": 0.0, ""amplitude"": 2.578669376523827, ""fwhm"": 2.64021333840469}]",0.0,2.578669376523827,2.64021333840469,,,,,,,,,,,,,,,
50.830483634587196,14.51441938924245,2,EELS,Gold,"[{""position"": 0.0, ""amplitude"": 2.578669376523827, ""fwhm"": 2.64021333840469}]",0.0,2.578669376523827,2.64021333840469,,,,,,,,,,,,,,,
51.80996580361504,14.510531675261648,2,EELS,Gold,"[{""position"": 0.0, ""amplitude"": 2.578669376523827, ""fwhm"": 2.64021333840469}]",0.0,2.578669376523827,2.64021333840469,,,,,,,,,,,,,,,
52.78944797264289,14.52442156646129,2,EELS,Gold,"[{""position"": 0.0, ""amplitude"": 2.578669376523827, ""fwhm"": 2.64021333840469}]",0.0,2.578669376523827,2.64021333840469,,,,,,,,,,,,,,,
53.76893014167074,14.518241571052348,2,EELS,Gold,"[{""position"": 0.0, ""amplitude"": 2.578669376523827, ""fwhm"": 2.64021333840469}]",0.0,2.578669376523827,2.64021333840469,,,,,,,,,,,,,,,
54.74841231069858,14.514514739064246,2,EELS,Gold,"[{""position"": 0.0, ""amplitude"": 2.578669376523827, ""fwhm"": 2.64021333840469}]",0.0,2.578669376523827,2.64021333840469,,,,,,,,,,,,,,,
55.72789447972642,14.512268334820924,2,EELS,Gold,"[{""position"": 0.0, ""amplitude"": 2.578669376523827, ""fwhm"": 2.64021333840469}]",0.0,2.578669376523827,2.64021333840469,,,,,,,,,,,,,,,
56.70737664875427,14.510727671225078,2,EELS,Gold,"[{""position"": 0.0, ""amplitude"": 2.578669376523827, ""fwhm"": 2.64021333840469}]",0.0,2.578669376523827,2.64021333840469,,,,,,,,,,,,,,,
57.68685881778212,14.515849449952004,2,EELS,Gold,"[{""position"": 0.0, ""amplitude"": 2.578669376523827, ""fwhm"": 2.64021333840469}]",0.0,2.578669376523827,2.64021333840469,,,,,,,,,,,,,,,
58.66634098680996,14.522822966657488,2,EELS,Gold,"[{""position"": 0.0, ""amplitude"": 2.578669376523827, ""fwhm"": 2.64021333840469}]",0.0,2.578669376523827,2.64021333840469,,,,,,,,,,,,,,,
59.6458231558378,14.51004426106269,2,EELS,Gold,"[{""position"": 0.0, ""amplitude"": 2.578669376523827, ""fwhm"": 2.64021333840469}]",0.0,2.578669376523827,2.64021333840469,,,,,,,,,,,,,,,
60.62530532486565,14.513066583742804,2,EELS,Gold,"[{""position"": 0.0, ""amplitude"": 2.578669376523827, ""fwhm"": 2.64021333840469}]",0.0,2.578669376523827,2.64021333840469,,,,,,,,,,,,,,,
61.6047874938935,14.511826293175034,2,EELS,Gold,"[{""position"": 0.0, ""amplitude"": 2.578669376523827, ""fwhm"": 2.64021333840469}]",0.0,2.578669376523827,2.64021333840469,,,,,,,,,,,,,,,
62.58426966292134,14.508200778202877,2,EELS,Gold,"[{""position"": 0.0, ""amplitude"": 2.578669376523827, ""fwhm"": 2.64021333840469}]",0.0,2.578669376523827,2.64021333840469,,,,,,,,,,,,,,,
63.56375183194919,14.511826293175034,2,EELS,Gold,"[{""position"": 0.0, ""amplitude"": 2.578669376523827, ""fwhm"": 2.64021333840469}]",0.0,2.578669376523827,2.64021333840469,,,,,,,,,,,,,,,
64.54323400097704,14.516243252170034,2,EELS,Gold,"[{""position"": 0.0, ""amplitude"": 2.578669376523827, ""fwhm"": 2.64021333840469}]",0.0,2.578669376523827,2.64021333840469,,,,,,,,,,,,,,,
65.52271617000488,14.51295216257824,2,EELS,Gold,"[{""position"": 0.0, ""amplitude"": 2.578669376523827, ""fwhm"": 2.64021333840469}]",0.0,2.578669376523827,2.64021333840469,,,,,,,,,,,,,,,
66.50219833903273,14.509255914310037,2,EELS,Gold,"[{""position"": 0.0, ""amplitude"": 2.578669376523827, ""fwhm"": 2.64021333840469}]",0.0,2.578669376523827,2.64021333840469,,,,,,,,,,,,,,,
67.48168050806058,14.512074687725981,2,EELS,Gold,"[{""position"": 0.0, ""amplitude"": 2.578669376523827, ""fwhm"": 2.64021333840469}]",0.0,2.578669376523827,2.64021333840469,,,,,,,,,,,,,,,
68.46116267708842,14.52209060688263,2,EELS,Gold,"[{""position"": 0.0, ""amplitude"": 2.578669376523827, ""fwhm"": 2.64021333840469}]",0.0,2.578669376523827,2.64021333840469,,,,,,,,,,,,,,,
69.44064484611626,14.513784147473677,2,EELS,Gold,"[{""position"": 0.0, ""amplitude"": 2.578669376523827, ""fwhm"": 2.64021333840469}]",0.0,2.578669376523827,2.64021333840469,,,,,,,,,,,,,,,
70.4201270151441,14.518718670780345,2,EELS,Gold,"[{""position"": 0.0, ""amplitude"": 2.578669376523827, ""fwhm"": 2.64021333840469}]",0.0,2.578669376523827,2.64021333840469,,,,,,,,,,,,,,,
71.39960918417195,14.516791458085313,2,EELS,Gold,"[{""position"": 0.0, ""amplitude"": 2.578669376523827, ""fwhm"": 2.64021333840469}]",0.0,2.578669376523827,2.64021333840469,,,,,,,,,,,,,,,
72.3790913531998,14.507663986402571,2,EELS,Gold,"[{""position"": 0.0, ""amplitude"": 2.578669376523827, ""fwhm"": 2.64021333840469}]",0.0,2.578669376523827,2.64021333840469,,,,,,,,,,,,,,,
73.35857352222764,14.51045980175974,2,EELS,Gold,"[{""position"": 0.0, ""amplitude"": 2.578669376523827, ""fwhm"": 2.64021333840469}]",0.0,2.578669376523827,2.64021333840469,,,,,,,,,,,,,,,
74.33805569125549,14.513501694343065,2,EELS,Gold,"[{""position"": 0.0, ""amplitude"": 2.578669376523827, ""fwhm"": 2.64021333840469}]",0.0,2.578669376523827,2.64021333840469,,,,,,,,,,,,,,,
75.31753786028334,14.507321825422217,2,EELS,Gold,"[{""position"": 0.0, ""amplitude"": 2.578669376523827, ""fwhm"": 2.64021333840469}]",0.0,2.578669376523827,2.64021333840469,,,,,,,,,,,,,,,
76.29702002931118,14.51334434944847,2,EELS,Gold,"[{""position"": 0.0, ""amplitude"": 2.578669376523827, ""fwhm"": 2.64021333840469}]",0.0,2.578669376523827,2.64021333840469,,,,,,,,,,,,,,,
77.27650219833903,14.515019354693084,2,EELS,Gold,"[{""position"": 0.0, ""amplitude"": 2.578669376523827, ""fwhm"": 2.64021333840469}]",0.0,2.578669376523827,2.64021333840469,,,,,,,,,,,,,,,
78.25598436736688,14.511467476773221,2,EELS,Gold,"[{""position"": 0.0, ""amplitude"": 2.578669376523827, ""fwhm"": 2.64021333840469}]",0.0,2.578669376523827,2.64021333840469,,,,,,,,,,,,,,,
79.23546653639472,14.513417128680095,2,EELS,Gold,"[{""position"": 0.0, ""amplitude"": 2.578669376523827, ""fwhm"": 2.64021333840469}]",0.0,2.578669376523827,2.64021333840469,,,,,,,,,,,,,,,
80.21494870542257,14.511826293175034,2,EELS,Gold,"[{""position"": 0.0, ""amplitude"": 2.578669376523827, ""fwhm"": 2.64021333840469}]",0.0,2.578669376523827,2.64021333840469,,,,,,,,,,,,,,,
81.1944308744504,14.516564249819504,2,EELS,Gold,"[{""position"": 0.0, ""amplitude"": 2.578669376523827, ""fwhm"": 2.64021333840469}]",0.0,2.578669376523827,2.64021333840469,,,,,,,,,,,,,,,
82.17391304347825,14.516826293175033,2,EELS,Gold,"[{""position"": 0.0, ""amplitude"": 2.578669376523827, ""fwhm"": 2.64021333840469}]",0.0,2.578669376523827,2.64021333840469,,,,,,,,,,,,,,,
83.1533952125061,14.514583778878782,2,EELS,Gold,"[{""position"": 0.0, ""amplitude"": 2.578669376523827, ""fwhm"": 2.64021333840469}]",0.0,2.578669376523827,2.64021333840469,,,,,,,,,,,,,,,
84.13287738153394,14.513811163473552,2,EELS,Gold,"[{""position"": 0.0, ""amplitude"": 2.578669376523827, ""fwhm"": 2.64021333840469}]",0.0,2.578669376523827,2.64021333840469,,,,,,,,,,,,,,,
85.11235955056179,14.513431232314163,2,EELS,Gold,"[{""position"": 0.0, ""amplitude"": 2.578669376523827, ""fwhm"": 2.64021333840469}]",0.0,2.578669376523827,2.64021333840469,,,,,,,,,,,,,,,
86.09184171958964,14.517550372507307,2,EELS,Gold,"[{""position"": 0.0, ""amplitude"": 2.578669376523827, ""fwhm"": 2.64021333840469}]",0.0,2.578669376523827,2.64021333840469,,,,,,,,,,,,,,,
87.07132388861748,14.520371545144403,2,EELS,Gold,"[{""position"": 0.0, ""amplitude"": 2.578669376523827, ""fwhm"": 2.64021333840469}]",0.0,2.578669376523827,2.64021333840469,,,,,,,,,,,,,,,
88.05080605764533,14.506826293175033,2,EELS,Gold,"[{""position"": 0.0, ""amplitude"": 2.578669376523827, ""fwhm"": 2.64021333840469}]",0.0,2.578669376523827,2.64021333840469,,,,,,,,,,,,,,,
89.03028822667318,14.516638932387902,2,EELS,Gold,"[{""position"": 0.0, ""amplitude"": 2.578669376523827, ""fwhm"": 2.64021333840469}]",0.0,2.578669376523827,2.64021333840469,,,,,,,,,,,,,,,
90.00977039570103,14.516826293175033,2,EELS,Gold,"[{""position"": 0.0, ""amplitude"": 2.578669376523827, ""fwhm"": 2.64021333840469}]",0.0,2.578669376523827,2.64021333840469,,,,,,,,,,,,,,,
90.98925256472887,14.514700202994506,2,EELS,Gold,"[{""position"": 0.0, ""amplitude"": 2.578669376523827, ""fwhm"": 2.64021333840469}]",0.0,2.578669376523827,2.64021333840469,,,,,,,,,,,,,,,
91.9687347337567,14.509534674889558,2,EELS,Gold,"[{""position"": 0.0, ""amplitude"": 2.578669376523827, ""fwhm"": 2.64021333840469}]",0.0,2.578669376523827,2.64021333840469,,,,,,,,,,,,,,,
92.94821690278455,14.511878189029652,2,EELS,Gold,"[{""position"": 0.0, ""amplitude"": 2.578669376523827, ""fwhm"": 2.64021333840469}]",0.0,2.578669376523827,2.64021333840469,,,,,,,,,,,,,,,
93.9276990718124,14.514073273730054,2,EELS,Gold,"[{""position"": 0.0, ""amplitude"": 2.578669376523827, ""fwhm"": 2.64021333840469}]",0.0,2.578669376523827,2.64021333840469,,,,,,,,,,,,,,,
94.90718124084025,14.506826293175033,2,EELS,Gold,"[{""position"": 0.0, ""amplitude"": 2.578669376523827, ""fwhm"": 2.64021333840469}]",0.0,2.578669376523827,2.64021333840469,,,,,,,,,,,,,,,
95.88666340986809,14.511826293175034,2,EELS,Gold,"[{""position"": 0.0, ""amplitude"": 2.578669376523827, ""fwhm"": 2.64021333840469}]",0.0,2.578669376523827,2.64021333840469,,,,,,,,,,,,,,,
96.86614557889594,14.507585433970476,2,EELS,Gold,"[{""position"": 0.0, ""amplitude"": 2.578669376523827, ""fwhm"": 2.64021333840469}]",0.0,2.578669376523827,2.64021333840469,,,,,,,,,,,,,,,
97.84562774792379,14.506826293175033,2,EELS,Gold,"[{""position"": 0.0, ""amplitude"": 2.578669376523827, ""fwhm"": 2.64021333840469}]",0.0,2.578669376523827,2.64021333840469,,,,,,,,,,,,,,,
98.82510991695163,14.511826293175034,2,EELS,Gold,"[{""position"": 0.0, ""amplitude"": 2.578669376523827, ""fwhm"": 2.64021333840469}]",0.0,2.578669376523827,2.64021333840469,,,,,,,,,,,,,,,
99.80459208597948,14.50765718119652,2,EELS,Gold,"[{""position"": 0.0, ""amplitude"": 2.578669376523827, ""fwhm"": 2.64021333840469}]",0.0,2.578669376523827,2.64021333840469,,,,,,,,,,,,,,,
100.78407425500733,14.516826293175033,2,EELS,Gold,"[{""position"": 0.0, ""amplitude"": 2.578669376523827, ""fwhm"": 2.64021333840469}]",0.0,2.578669376523827,2.64021333840469,,,,,,,,,,,,,,,
101.76355642403517,14.508473487106517,2,EELS,Gold,"[{""position"": 0.0, ""amplitude"": 2.578669376523827, ""fwhm"": 2.64021333840469}]",0.0,2.578669376523827,2.64021333840469,,,,,,,,,,,,,,,
102.74303859306302,14.512734933529325,2,EELS,Gold,"[{""position"": 0.0, ""amplitude"": 2.578669376523827, ""fwhm"": 2.64021333840469}]",0.0,2.578669376523827,2.64021333840469,,,,,,,,,,,,,,,
103.72252076209085,14.507477200066067,2,EELS,Gold,"[{""position"": 0.0, ""amplitude"": 2.578669376523827, ""fwhm"": 2.64021333840469}]",0.0,2.578669376523827,2.64021333840469,,,,,,,,,,,,,,,
104.7020029311187,14.506826293175033,2,EELS,Gold,"[{""position"": 0.0, ""amplitude"": 2.578669376523827, ""fwhm"": 2.64021333840469}]",0.0,2.578669376523827,2.64021333840469,,,,,,,,,,,,,,,
105.68148510014655,14.511826293175034,2,EELS,Gold,"[{""position"": 0.0, ""amplitude"": 2.578669376523827, ""fwhm"": 2.64021333840469}]",0.0,2.578669376523827,2.64021333840469,,,,,,,,,,,,,,,
106.66096726917439,14.514917018650886,2,EELS,Gold,"[{""position"": 0.0, ""amplitude"": 2.578669376523827, ""fwhm"": 2.64021333840469}]",0.0,2.578669376523827,2.64021333840469,,,,,,,,,,,,,,,
107.64044943820224,14.515313934065412,2,EELS,Gold,"[{""position"": 0.0, ""amplitude"": 2.578669376523827, ""fwhm"": 2.64021333840469}]",0.0,2.578669376523827,2.64021333840469,,,,,,,,,,,,,,,
108.61993160723009,14.511826293175034,2,EELS,Gold,"[{""position"": 0.0, ""amplitude"": 2.578669376523827, ""fwhm"": 2.64021333840469}]",0.0,2.578669376523827,2.64021333840469,,,,,,,,,,,,,,,
109.59941377625793,14.511826293175034,2,EELS,Gold,"[{""position"": 0.0, ""amplitude"": 2.578669376523827, ""fwhm"": 2.64021333840469}]",0.0,2.578669376523827,2.64021333840469,,,,,,,,,,,,,,,
110.57889594528578,14.530947547683002,2,EELS,Gold,"[{""position"": 0.0, ""amplitude"": 2.578669376523827, ""fwhm"": 2.64021333840469}]",0.0,2.578669376523827,2.64021333840469,,,,,,,,,,,,,,,
111.55837811431363,14.506826293175033,2,EELS,Gold,"[{""position"": 0.0, ""amplitude"": 2.578669376523827, ""fwhm"": 2.64021333840469}]",0.0,2.578669376523827,2.64021333840469,,,,,,,,,,,,,,,
112.53786028334147,14.512860633191407,2,EELS,Gold,"[{""position"": 0.0, ""amplitude"": 2.578669376523827, ""fwhm"": 2.64021333840469}]",0.0,2.578669376523827,2.64021333840469,,,,,,,,,,,,,,,
113.51734245236932,14.51684806705467,2,EELS,Gold,"[{""position"": 0.0, ""amplitude"": 2.578669376523827, ""fwhm"": 2.64021333840469}]",0.0,2.578669376523827,2.64021333840469,,,,,,,,,,,,,,,
114.49682462139717,14.527181643649799,2,EELS,Gold,"[{""position"": 0.0, ""amplitude"": 2.578669376523827, ""fwhm"": 2.64021333840469}]",0.0,2.578669376523827,2.64021333840469,,,,,,,,,,,,,,,
115.476306790425,14.506826293175033,2,EELS,Gold,"[{""position"": 0.0, ""amplitude"": 2.578669376523827, ""fwhm"": 2.64021333840469}]",0.0,2.578669376523827,2.64021333840469,,,,,,,,,,,,,,,
116.45578895945285,14.507676194432552,2,EELS,Gold,"[{""position"": 0.0, ""amplitude"": 2.578669376523827, ""fwhm"": 2.64021333840469}]",0.0,2.578669376523827,2.64021333840469,,,,,,,,,,,,,,,
117.4352711284807,14.512843656642245,2,EELS,Gold,"[{""position"": 0.0, ""amplitude"": 2.578669376523827, ""fwhm"": 2.64021333840469}]",0.0,2.578669376523827,2.64021333840469,,,,,,,,,,,,,,,
118.41475329750854,14.524200008338674,2,EELS,Gold,"[{""position"": 0.0, ""amplitude"": 2.578669376523827, ""fwhm"": 2.64021333840469}]",0.0,2.578669376523827,2.64021333840469,,,,,,,,,,,,,,,
119.39423546653639,14.508083549819405,2,EELS,Gold,"[{""position"": 0.0, ""amplitude"": 2.578669376523827, ""fwhm"": 2.64021333840469}]",0.0,2.578669376523827,2.64021333840469,,,,,,,,,,,,,,,
120.37371763556423,14.506826293175033,2,EELS,Gold,"[{""position"": 0.0, ""amplitude"": 2.578669376523827, ""fwhm"": 2.64021333840469}]",0.0,2.578669376523827,2.64021333840469,,,,,,,,,,,,,,,
121.35319980459208,14.50939394182965,2,EELS,Gold,"[{""position"": 0.0, ""amplitude"": 2.578669376523827, ""fwhm"": 2.64021333840469}]",0.0,2.578669376523827,2.64021333840469,,,,,,,,,,,,,,,
122.33268197361993,14.509691244959788,2,EELS,Gold,"[{""position"": 0.0, ""amplitude"": 2.578669376523827, ""fwhm"": 2.64021333840469}]",0.0,2.578669376523827,2.64021333840469,,,,,,,,,,,,,,,
123.31216414264776,14.511826293175034,2,EELS,Gold,"[{""position"": 0.0, ""amplitude"": 2.578669376523827, ""fwhm"": 2.64021333840469}]",0.0,2.578669376523827,2.64021333840469,,,,,,,,,,,,,,,
124.2916463116756,14.509732794459245,2,EELS,Gold,"[{""position"": 0.0, ""amplitude"": 2.578669376523827, ""fwhm"": 2.64021333840469}]",0.0,2.578669376523827,2.64021333840469,,,,,,,,,,,,,,,
125.27112848070345,14.507559286283152,2,EELS,Gold,"[{""position"": 0.0, ""amplitude"": 2.578669376523827, ""fwhm"": 2.64021333840469}]",0.0,2.578669376523827,2.64021333840469,,,,,,,,,,,,,,,
126.2506106497313,14.512999650291297,2,EELS,Gold,"[{""position"": 0.0, ""amplitude"": 2.578669376523827, ""fwhm"": 2.64021333840469}]",0.0,2.578669376523827,2.64021333840469,,,,,,,,,,,,,,,
127.23009281875915,14.511826293175034,2,EELS,Gold,"[{""position"": 0.0, ""amplitude"": 2.578669376523827, ""fwhm"": 2.64021333840469}]",0.0,2.578669376523827,2.64021333840469,,,,,,,,,,,,,,,
128.209574987787,14.511878680815583,2,EELS,Gold,"[{""position"": 0.0, ""amplitude"": 2.578669376523827, ""fwhm"": 2.64021333840469}]",0.0,2.578669376523827,2.64021333840469,,,,,,,,,,,,,,,
129.18905715681484,14.516826293175033,2,EELS,Gold,"[{""position"": 0.0, ""amplitude"": 2.578669376523827, ""fwhm"": 2.64021333840469}]",0.0,2.578669376523827,2.64021333840469,,,,,,,,,,,,,,,
130.1685393258427,14.511826293175034,2,EELS,Gold,"[{""position"": 0.0, ""amplitude"": 2.578669376523827, ""fwhm"": 2.64021333840469}]",0.0,2.578669376523827,2.64021333840469,,,,,,,,,,,,,,,
131.14802149487053,14.51384522818467,2,EELS,Gold,"[{""position"": 0.0, ""amplitude"": 2.578669376523827, ""fwhm"": 2.64021333840469}]",0.0,2.578669376523827,2.64021333840469,,,,,,,,,,,,,,,
132.12750366389838,14.51194559494549,2,EELS,Gold,"[{""position"": 0.0, ""amplitude"": 2.578669376523827, ""fwhm"": 2.64021333840469}]",0.0,2.578669376523827,2.64021333840469,,,,,,,,,,,,,,,
133.10698583292623,14.506826293175033,2,EELS,Gold,"[{""position"": 0.0, ""amplitude"": 2.578669376523827, ""fwhm"": 2.64021333840469}]",0.0,2.578669376523827,2.64021333840469,,,,,,,,,,,,,,,
134.08646800195407,14.518451001061559,2,EELS,Gold,"[{""position"": 0.0, ""amplitude"": 2.578669376523827, ""fwhm"": 2.64021333840469}]",0.0,2.578669376523827,2.64021333840469,,,,,,,,,,,,,,,
135.06595017098192,14.506826293175033,2,EELS,Gold,"[{""position"": 0.0, ""amplitude"": 2.578669376523827, ""fwhm"": 2.64021333840469}]",0.0,2.578669376523827,2.64021333840469,,,,,,,,,,,,,,,
136.04543234000977,14.520631539417211,2,EELS,Gold,"[{""position"": 0.0, ""amplitude"": 2.578669376523827, ""fwhm"": 2.64021333840469}]",0.0,2.578669376523827,2.64021333840469,,,,,,,,,,,,,,,
137.02491450903761,14.511826293175034,2,EELS,Gold,"[{""position"": 0.0, ""amplitude"": 2.578669376523827, ""fwhm"": 2.64021333840469}]",0.0,2.578669376523827,2.64021333840469,,,,,,,,,,,,,,,
138.00439667806546,14.51397137705385,2,EELS,Gold,"[{""position"": 0.0, ""amplitude"": 2.578669376523827, ""fwhm"": 2.64021333840469}]",0.0,2.578669376523827,2.64021333840469,,,,,,,,,,,,,,,
138.9838788470933,14.50713797761462,2,EELS,Gold,"[{""position"": 0.0, ""amplitude"": 2.578669376523827, ""fwhm"": 2.64021333840469}]",0.0,2.578669376523827,2.64021333840469,,,,,,,,,,,,,,,
139.96336101612115,14.521826293175033,2,EELS,Gold,"[{""position"": 0.0, ""amplitude"": 2.578669376523827, ""fwhm"": 2.64021333840469}]",0.0,2.578669376523827,2.64021333840469,,,,,,,,,,,,,,,
140.942843185149,14.518270871918062,2,EELS,Gold,"[{""position"": 0.0, ""amplitude"": 2.578669376523827, ""fwhm"": 2.64021333840469}]",0.0,2.578669376523827,2.64021333840469,,,,,,,,,,,,,,,
141.92232535417685,14.517914237001627,2,EELS,Gold,"[{""position"": 0.0, ""amplitude"": 2.578669376523827, ""fwhm"": 2.64021333840469}]",0.0,2.578669376523827,2.64021333840469,,,,,,,,,,,,,,,
142.9018075232047,14.511826293175034,2,EELS,Gold,"[{""position"": 0.0, ""amplitude"": 2.578669376523827, ""fwhm"": 2.64021333840469}]",0.0,2.578669376523827,2.64021333840469,,,,,,,,,,,,,,,
143.8812896922325,14.511826293175034,2,EELS,Gold,"[{""position"": 0.0, ""amplitude"": 2.578669376523827, ""fwhm"": 2.64021333840469}]",0.0,2.578669376523827,2.64021333840469,,,,,,,,,,,,,,,
144.86077186126036,14.511826293175034,2,EELS,Gold,"[{""position"": 0.0, ""amplitude"": 2.578669376523827, ""fwhm"": 2.64021333840469}]",0.0,2.578669376523827,2.64021333840469,,,,,,,,,,,,,,,
145.8402540302882,14.51350353601816,2,EELS,Gold,"[{""position"": 0.0, ""amplitude"": 2.578669376523827, ""fwhm"": 2.64021333840469}]",0.0,2.578669376523827,2.64021333840469,,,,,,,,,,,,,,,
146.81973619931605,14.511826293175034,2,EELS,Gold,"[{""position"": 0.0, ""amplitude"": 2.578669376523827, ""fwhm"": 2.64021333840469}]",0.0,2.578669376523827,2.64021333840469,,,,,,,,,,,,,,,
147.7992183683439,14.507707918438461,2,EELS,Gold,"[{""position"": 0.0, ""amplitude"": 2.578669376523827, ""fwhm"": 2.64021333840469}]",0.0,2.578669376523827,2.64021333840469,,,,,,,,,,,,,,,
148.77870053737175,14.509216396524149,2,EELS,Gold,"[{""position"": 0.0, ""amplitude"": 2.578669376523827, ""fwhm"": 2.64021333840469}]",0.0,2.578669376523827,2.64021333840469,,,,,,,,,,,,,,,
149.7581827063996,14.5132166111061,2,EELS,Gold,"[{""position"": 0.0, ""amplitude"": 2.578669376523827, ""fwhm"": 2.64021333840469}]",0.0,2.578669376523827,2.64021333840469,,,,,,,,,,,,,,,
150.73766487542744,14.506826293175033,2,EELS,Gold,"[{""position"": 0.0, ""amplitude"": 2.578669376523827, ""fwhm"": 2.64021333840469}]",0.0,2.578669376523827,2.64021333840469,,,,,,,,,,,,,,,
151.7171470444553,14.510006404042871,2,EELS,Gold,"[{""position"": 0.0, ""amplitude"": 2.578669376523827, ""fwhm"": 2.64021333840469}]",0.0,2.578669376523827,2.64021333840469,,,,,,,,,,,,,,,
152.69662921348313,14.506826293175033,2,EELS,Gold,"[{""position"": 0.0, ""amplitude"": 2.578669376523827, ""fwhm"": 2.64021333840469}]",0.0,2.578669376523827,2.64021333840469,,,,,,,,,,,,,,,
153.67611138251098,14.516826293175033,2,EELS,Gold,"[{""position"": 0.0, ""amplitude"": 2.578669376523827, ""fwhm"": 2.64021333840469}]",0.0,2.578669376523827,2.64021333840469,,,,,,,,,,,,,,,
154.65559355153883,14.521907426293991,2,EELS,Gold,"[{""position"": 0.0, ""amplitude"": 2.578669376523827, ""fwhm"": 2.64021333840469}]",0.0,2.578669376523827,2.64021333840469,,,,,,,,,,,,,,,
155.63507572056668,14.514143957171898,2,EELS,Gold,"[{""position"": 0.0, ""amplitude"": 2.578669376523827, ""fwhm"": 2.64021333840469}]",0.0,2.578669376523827,2.64021333840469,,,,,,,,,,,,,,,
156.61455788959452,14.511826293175034,2,EELS,Gold,"[{""position"": 0.0, ""amplitude"": 2.578669376523827, ""fwhm"": 2.64021333840469}]",0.0,2.578669376523827,2.64021333840469,,,,,,,,,,,,,,,
157.59404005862237,14.51987984543578,2,EELS,Gold,"[{""position"": 0.0, ""amplitude"": 2.578669376523827, ""fwhm"": 2.64021333840469}]",0.0,2.578669376523827,2.64021333840469,,,,,,,,,,,,,,,
158.57352222765022,14.516826293175033,2,EELS,Gold,"[{""position"": 0.0, ""amplitude"": 2.578669376523827, ""fwhm"": 2.64021333840469}]",0.0,2.578669376523827,2.64021333840469,,,,,,,,,,,,,,,
159.55300439667806,14.506826293175033,2,EELS,Gold,"[{""position"": 0.0, ""amplitude"": 2.578669376523827, ""fwhm"": 2.64021333840469}]",0.0,2.578669376523827,2.64021333840469,,,,,,,,,,,,,,,
160.5324865657059,14.516826293175033,2,EELS,Gold,"[{""position"": 0.0, ""amplitude"": 2.578669376523827, ""fwhm"": 2.64021333840469}]",0.0,2.578669376523827,2.64021333840469,,,,,,,,,,,,,,,
161.51196873473376,14.514349119814996,2,EELS,Gold,"[{""position"": 0.0, ""amplitude"": 2.578669376523827, ""fwhm"": 2.64021333840469}]",0.0,2.578669376523827,2.64021333840469,,,,,,,,,,,,,,,
162.4914509037616,14.507442045421591,2,EELS,Gold,"[{""position"": 0.0, ""amplitude"": 2.578669376523827, ""fwhm"": 2.64021333840469}]",0.0,2.578669376523827,2.64021333840469,,,,,,,,,,,,,,,
163.47093307278945,14.506826293175033,2,EELS,Gold,"[{""position"": 0.0, ""amplitude"": 2.578669376523827, ""fwhm"": 2.64021333840469}]",0.0,2.578669376523827,2.64021333840469,,,,,,,,,,,,,,,
164.4504152418173,14.506826293175033,2,EELS,Gold,"[{""position"": 0.0, ""amplitude"": 2.578669376523827, ""fwhm"": 2.64021333840469}]",0.0,2.578669376523827,2.64021333840469,,,,,,,,,,,,,,,
165.42989741084514,14.511826293175034,2,EELS,Gold,"[{""position"": 0.0, ""amplitude"": 2.578669376523827, ""fwhm"": 2.64021333840469}]",0.0,2.578669376523827,2.64021333840469,,,,,,,,,,,,,,,
166.40937957987296,14.519557899676172,2,EELS,Gold,"[{""position"": 0.0, ""amplitude"": 2.578669376523827, ""fwhm"": 2.64021333840469}]",0.0,2.578669376523827,2.64021333840469,,,,,,,,,,,,,,,
167.3888617489008,14.507105353849187,2,EELS,Gold,"[{""position"": 0.0, ""amplitude"": 2.578669376523827, ""fwhm"": 2.64021333840469}]",0.0,2.578669376523827,2.64021333840469,,,,,,,,,,,,,,,
168.36834391792866,14.506826293175033,2,EELS,Gold,"[{""position"": 0.0, ""amplitude"": 2.578669376523827, ""fwhm"": 2.64021333840469}]",0.0,2.578669376523827,2.64021333840469,,,,,,,,,,,,,,,
169.3478260869565,14.511826293175034,2,EELS,Gold,"[{""position"": 0.0, ""amplitude"": 2.578669376523827, ""fwhm"": 2.64021333840469}]",0.0,2.578669376523827,2.64021333840469,,,,,,,,,,,,,,,
170.32730825598435,14.506826293175033,2,EELS,Gold,"[{""position"": 0.0, ""amplitude"": 2.578669376523827, ""fwhm"": 2.64021333840469}]",0.0,2.578669376523827,2.64021333840469,,,,,,,,,,,,,,,
171.3067904250122,14.516826293175033,2,EELS,Gold,"[{""position"": 0.0, ""amplitude"": 2.578669376523827, ""fwhm"": 2.64021333840469}]",0.0,2.578669376523827,2.64021333840469,,,,,,,,,,,,,,,
172.28627259404004,14.514559643785166,2,EELS,Gold,"[{""position"": 0.0, ""amplitude"": 2.578669376523827, ""fwhm"": 2.64021333840469}]",0.0,2.578669376523827,2.64021333840469,,,,,,,,,,,,,,,
173.2657547630679,14.518587387400721,2,EELS,Gold,"[{""position"": 0.0, ""amplitude"": 2.578669376523827, ""fwhm"": 2.64021333840469}]",0.0,2.578669376523827,2.64021333840469,,,,,,,,,,,,,,,
174.24523693209574,14.513429258342759,2,EELS,Gold,"[{""position"": 0.0, ""amplitude"": 2.578669376523827, ""fwhm"": 2.64021333840469}]",0.0,2.578669376523827,2.64021333840469,,,,,,,,,,,,,,,
175.22471910112358,14.506826293175033,2,EELS,Gold,"[{""position"": 0.0, ""amplitude"": 2.578669376523827, ""fwhm"": 2.64021333840469}]",0.0,2.578669376523827,2.64021333840469,,,,,,,,,,,,,,,
176.20420127015143,14.511826293175034,2,EELS,Gold,"[{""position"": 0.0, ""amplitude"": 2.578669376523827, ""fwhm"": 2.64021333840469}]",0.0,2.578669376523827,2.64021333840469,,,,,,,,,,,,,,,
177.18368343917928,14.506826293175033,2,EELS,Gold,"[{""position"": 0.0, ""amplitude"": 2.578669376523827, ""fwhm"": 2.64021333840469}]",0.0,2.578669376523827,2.64021333840469,,,,,,,,,,,,,,,
178.16316560820712,14.506826293175033,2,EELS,Gold,"[{""position"": 0.0, ""amplitude"": 2.578669376523827, ""fwhm"": 2.64021333840469}]",0.0,2.578669376523827,2.64021333840469,,,,,,,,,,,,,,,
179.14264777723497,14.511826293175034,2,EELS,Gold,"[{""position"": 0.0, ""amplitude"": 2.578669376523827, ""fwhm"": 2.64021333840469}]",0.0,2.578669376523827,2.64021333840469,,,,,,,,,,,,,,,
180.12212994626282,14.511826293175034,2,EELS,Gold,"[{""position"": 0.0, ""amplitude"": 2.578669376523827, ""fwhm"": 2.64021333840469}]",0.0,2.578669376523827,2.64021333840469,,,,,,,,,,,,,,,
181.10161211529066,14.508017985558732,2,EELS,Gold,"[{""position"": 0.0, ""amplitude"": 2.578669376523827, ""fwhm"": 2.64021333840469}]",0.0,2.578669376523827,2.64021333840469,,,,,,,,,,,,,,,
182.0810942843185,14.52443413366205,2,EELS,Gold,"[{""position"": 0.0, ""amplitude"": 2.578669376523827, ""fwhm"": 2.64021333840469}]",0.0,2.578669376523827,2.64021333840469,,,,,,,,,,,,,,,
183.06057645334636,14.509206748868626,2,EELS,Gold,"[{""position"": 0.0, ""amplitude"": 2.578669376523827, ""fwhm"": 2.64021333840469}]",0.0,2.578669376523827,2.64021333840469,,,,,,,,,,,,,,,
184.0400586223742,14.517091856098439,2,EELS,Gold,"[{""position"": 0.0, ""amplitude"": 2.578669376523827, ""fwhm"": 2.64021333840469}]",0.0,2.578669376523827,2.64021333840469,,,,,,,,,,,,,,,
185.01954079140205,14.517596791397562,2,EELS,Gold,"[{""position"": 0.0, ""amplitude"": 2.578669376523827, ""fwhm"": 2.64021333840469}]",0.0,2.578669376523827,2.64021333840469,,,,,,,,,,,,,,,
185.9990229604299,14.535376406454168,2,EELS,Gold,"[{""position"": 0.0, ""amplitude"": 2.578669376523827, ""fwhm"": 2.64021333840469}]",0.0,2.578669376523827,2.64021333840469,,,,,,,,,,,,,,,
186.97850512945774,14.51217051869572,2,EELS,Gold,"[{""position"": 0.0, ""amplitude"": 2.578669376523827, ""fwhm"": 2.64021333840469}]",0.0,2.578669376523827,2.64021333840469,,,,,,,,,,,,,,,
187.9579872984856,14.511826293175034,2,EELS,Gold,"[{""position"": 0.0, ""amplitude"": 2.578669376523827, ""fwhm"": 2.64021333840469}]",0.0,2.578669376523827,2.64021333840469,,,,,,,,,,,,,,,
188.9374694675134,14.515872356364218,2,EELS,Gold,"[{""position"": 0.0, ""amplitude"": 2.578669376523827, ""fwhm"": 2.64021333840469}]",0.0,2.578669376523827,2.64021333840469,,,,,,,,,,,,,,,
189.91695163654126,14.520015632910095,2,EELS,Gold,"[{""position"": 0.0, ""amplitude"": 2.578669376523827, ""fwhm"": 2.64021333840469}]",0.0,2.578669376523827,2.64021333840469,,,,,,,,,,,,,,,
190.8964338055691,14.511826293175034,2,EELS,Gold,"[{""position"": 0.0, ""amplitude"": 2.578669376523827, ""fwhm"": 2.64021333840469}]",0.0,2.578669376523827,2.64021333840469,,,,,,,,,,,,,,,
191.87591597459695,14.515208010868092,2,EELS,Gold,"[{""position"": 0.0, ""amplitude"": 2.578669376523827, ""fwhm"": 2.64021333840469}]",0.0,2.578669376523827,2.64021333840469,,,,,,,,,,,,,,,
192.8553981436248,14.512005946602518,2,EELS,Gold,"[{""position"": 0.0, ""amplitude"": 2.578669376523827, ""fwhm"": 2.64021333840469}]",0.0,2.578669376523827,2.64021333840469,,,,,,,,,,,,,,,
193.83488031265264,14.506826293175033,2,EELS,Gold,"[{""position"": 0.0, ""amplitude"": 2.578669376523827, ""fwhm"": 2.64021333840469}]",0.0,2.578669376523827,2.64021333840469,,,,,,,,,,,,,,,
194.8143624816805,14.511826293175034,2,EELS,Gold,"[{""position"": 0.0, ""amplitude"": 2.578669376523827, ""fwhm"": 2.64021333840469}]",0.0,2.578669376523827,2.64021333840469,,,,,,,,,,,,,,,
195.79384465070834,14.511826293175034,2,EELS,Gold,"[{""position"": 0.0, ""amplitude"": 2.578669376523827, ""fwhm"": 2.64021333840469}]",0.0,2.578669376523827,2.64021333840469,,,,,,,,,,,,,,,
196.77332681973618,14.512354674218283,2,EELS,Gold,"[{""position"": 0.0, ""amplitude"": 2.578669376523827, ""fwhm"": 2.64021333840469}]",0.0,2.578669376523827,2.64021333840469,,,,,,,,,,,,,,,
197.75280898876403,14.511474362751065,2,EELS,Gold,"[{""position"": 0.0, ""amplitude"": 2.578669376523827, ""fwhm"": 2.64021333840469}]",0.0,2.578669376523827,2.64021333840469,,,,,,,,,,,,,,,
198.73229115779188,14.50984560176698,2,EELS,Gold,"[{""position"": 0.0, ""amplitude"": 2.578669376523827, ""fwhm"": 2.64021333840469}]",0.0,2.578669376523827,2.64021333840469,,,,,,,,,,,,,,,
199.71177332681972,14.511826293175034,2,EELS,Gold,"[{""position"": 0.0, ""amplitude"": 2.578669376523827, ""fwhm"": 2.64021333840469}]",0.0,2.578669376523827,2.64021333840469,,,,,,,,,,,,,,,
200.69125549584757,14.51837312139736,2,EELS,Gold,"[{""position"": 0.0, ""amplitude"": 2.578669376523827, ""fwhm"": 2.64021333840469}]",0.0,2.578669376523827,2.64021333840469,,,,,,,,,,,,,,,
201.67073766487542,14.509495467270748,2,EELS,Gold,"[{""position"": 0.0, ""amplitude"": 2.578669376523827, ""fwhm"": 2.64021333840469}]",0.0,2.578669376523827,2.64021333840469,,,,,,,,,,,,,,,
202.65021983390326,14.507582796959175,2,EELS,Gold,"[{""position"": 0.0, ""amplitude"": 2.578669376523827, ""fwhm"": 2.64021333840469}]",0.0,2.578669376523827,2.64021333840469,,,,,,,,,,,,,,,
203.6297020029311,14.506826293175033,2,EELS,Gold,"[{""position"": 0.0, ""amplitude"": 2.578669376523827, ""fwhm"": 2.64021333840469}]",0.0,2.578669376523827,2.64021333840469,,,,,,,,,,,,,,,
204.60918417195896,14.506826293175033,2,EELS,Gold,"[{""position"": 0.0, ""amplitude"": 2.578669376523827, ""fwhm"": 2.64021333840469}]",0.0,2.578669376523827,2.64021333840469,,,,,,,,,,,,,,,
205.5886663409868,14.508343175571554,2,EELS,Gold,"[{""position"": 0.0, ""amplitude"": 2.578669376523827, ""fwhm"": 2.64021333840469}]",0.0,2.578669376523827,2.64021333840469,,,,,,,,,,,,,,,
206.56814851001465,14.513410244764287,2,EELS,Gold,"[{""position"": 0.0, ""amplitude"": 2.578669376523827, ""fwhm"": 2.64021333840469}]",0.0,2.578669376523827,2.64021333840469,,,,,,,,,,,,,,,
207.5476306790425,14.511826293175034,2,EELS,Gold,"[{""position"": 0.0, ""amplitude"": 2.578669376523827, ""fwhm"": 2.64021333840469}]",0.0,2.578669376523827,2.64021333840469,,,,,,,,,,,,,,,
208.52711284807035,14.516826293175033,2,EELS,Gold,"[{""position"": 0.0, ""amplitude"": 2.578669376523827, ""fwhm"": 2.64021333840469}]",0.0,2.578669376523827,2.64021333840469,,,,,,,,,,,,,,,
209.5065950170982,14.506826293175033,2,EELS,Gold,"[{""position"": 0.0, ""amplitude"": 2.578669376523827, ""fwhm"": 2.64021333840469}]",0.0,2.578669376523827,2.64021333840469,,,,,,,,,,,,,,,
210.48607718612604,14.508928229817947,2,EELS,Gold,"[{""position"": 0.0, ""amplitude"": 2.578669376523827, ""fwhm"": 2.64021333840469}]",0.0,2.578669376523827,2.64021333840469,,,,,,,,,,,,,,,
211.46555935515389,14.506826293175033,2,EELS,Gold,"[{""position"": 0.0, ""amplitude"": 2.578669376523827, ""fwhm"": 2.64021333840469}]",0.0,2.578669376523827,2.64021333840469,,,,,,,,,,,,,,,
212.4450415241817,14.510376393133097,2,EELS,Gold,"[{""position"": 0.0, ""amplitude"": 2.578669376523827, ""fwhm"": 2.64021333840469}]",0.0,2.578669376523827,2.64021333840469,,,,,,,,,,,,,,,
213.42452369320955,14.514991211702748,2,EELS,Gold,"[{""position"": 0.0, ""amplitude"": 2.578669376523827, ""fwhm"": 2.64021333840469}]",0.0,2.578669376523827,2.64021333840469,,,,,,,,,,,,,,,
214.4040058622374,14.507422231838916,2,EELS,Gold,"[{""position"": 0.0, ""amplitude"": 2.578669376523827, ""fwhm"": 2.64021333840469}]",0.0,2.578669376523827,2.64021333840469,,,,,,,,,,,,,,,
215.38348803126524,14.5188544043664,2,EELS,Gold,"[{""position"": 0.0, ""amplitude"": 2.578669376523827, ""fwhm"": 2.64021333840469}]",0.0,2.578669376523827,2.64021333840469,,,,,,,,,,,,,,,
216.3629702002931,14.513672680415189,2,EELS,Gold,"[{""position"": 0.0, ""amplitude"": 2.578669376523827, ""fwhm"": 2.64021333840469}]",0.0,2.578669376523827,2.64021333840469,,,,,,,,,,,,,,,
217.34245236932094,14.507004679600088,2,EELS,Gold,"[{""position"": 0.0, ""amplitude"": 2.578669376523827, ""fwhm"": 2.64021333840469}]",0.0,2.578669376523827,2.64021333840469,,,,,,,,,,,,,,,
218.32193453834878,14.511826293175034,2,EELS,Gold,"[{""position"": 0.0, ""amplitude"": 2.578669376523827, ""fwhm"": 2.64021333840469}]",0.0,2.578669376523827,2.64021333840469,,,,,,,,,,,,,,,
219.30141670737663,14.514793179427066,2,EELS,Gold,"[{""position"": 0.0, ""amplitude"": 2.578669376523827, ""fwhm"": 2.64021333840469}]",0.0,2.578669376523827,2.64021333840469,,,,,,,,,,,,,,,
220.28089887640448,14.52102179272884,2,EELS,Gold,"[{""position"": 0.0, ""amplitude"": 2.578669376523827, ""fwhm"": 2.64021333840469}]",0.0,2.578669376523827,2.64021333840469,,,,,,,,,,,,,,,
221.26038104543233,14.530547233167347,2,EELS,Gold,"[{""position"": 0.0, ""amplitude"": 2.578669376523827, ""fwhm"": 2.64021333840469}]",0.0,2.578669376523827,2.64021333840469,,,,,,,,,,,,,,,
222.23986321446017,14.539163146434571,2,EELS,Gold,"[{""position"": 0.0, ""amplitude"": 2.578669376523827, ""fwhm"": 2.64021333840469}]",0.0,2.578669376523827,2.64021333840469,,,,,,,,,,,,,,,
223.21934538348802,14.564698911811067,2,EELS,Gold,"[{""position"": 0.0, ""amplitude"": 2.578669376523827, ""fwhm"": 2.64021333840469}]",0.0,2.578669376523827,2.64021333840469,,,,,,,,,,,,,,,
224.19882755251587,14.564014166501458,2,EELS,Gold,"[{""position"": 0.0, ""amplitude"": 2.578669376523827, ""fwhm"": 2.64021333840469}]",0.0,2.578669376523827,2.64021333840469,,,,,,,,,,,,,,,
225.1783097215437,14.575098276367056,2,EELS,Gold,"[{""position"": 0.0, ""amplitude"": 2.578669376523827, ""fwhm"": 2.64021333840469}]",0.0,2.578669376523827,2.64021333840469,,,,,,,,,,,,,,,
226.15779189057156,14.590623888398907,2,EELS,Gold,"[{""position"": 0.0, ""amplitude"": 2.578669376523827, ""fwhm"": 2.64021333840469}]",0.0,2.578669376523827,2.64021333840469,,,,,,,,,,,,,,,
227.1372740595994,14.593344717714643,2,EELS,Gold,"[{""position"": 0.0, ""amplitude"": 2.578669376523827, ""fwhm"": 2.64021333840469}]",0.0,2.578669376523827,2.64021333840469,,,,,,,,,,,,,,,
228.11675622862725,14.60381107724384,2,EELS,Gold,"[{""position"": 0.0, ""amplitude"": 2.578669376523827, ""fwhm"": 2.64021333840469}]",0.0,2.578669376523827,2.64021333840469,,,,,,,,,,,,,,,
229.0962383976551,14.603379395337669,2,EELS,Gold,"[{""position"": 0.0, ""amplitude"": 2.578669376523827, ""fwhm"": 2.64021333840469}]",0.0,2.578669376523827,2.64021333840469,,,,,,,,,,,,,,,
230.07572056668295,14.614640939448854,2,EELS,Gold,"[{""position"": 0.0, ""amplitude"": 2.578669376523827, ""fwhm"": 2.64021333840469}]",0.0,2.578669376523827,2.64021333840469,,,,,,,,,,,,,,,
231.0552027357108,14.613104354324618,2,EELS,Gold,"[{""position"": 0.0, ""amplitude"": 2.578669376523827, ""fwhm"": 2.64021333840469}]",0.0,2.578669376523827,2.64021333840469,,,,,,,,,,,,,,,
232.03468490473864,14.62097038188309,2,EELS,Gold,"[{""position"": 0.0, ""amplitude"": 2.578669376523827, ""fwhm"": 2.64021333840469}]",0.0,2.578669376523827,2.64021333840469,,,,,,,,,,,,,,,
233.0141670737665,14.611251407104966,2,EELS,Gold,"[{""position"": 0.0, ""amplitude"": 2.578669376523827, ""fwhm"": 2.64021333840469}]",0.0,2.578669376523827,2.64021333840469,,,,,,,,,,,,,,,
233.99364924279433,14.61338888791434,2,EELS,Gold,"[{""position"": 0.0, ""amplitude"": 2.578669376523827, ""fwhm"": 2.64021333840469}]",0.0,2.578669376523827,2.64021333840469,,,,,,,,,,,,,,,
234.97313141182215,14.61948338945362,2,EELS,Gold,"[{""position"": 0.0, ""amplitude"": 2.578669376523827, ""fwhm"": 2.64021333840469}]",0.0,2.578669376523827,2.64021333840469,,,,,,,,,,,,,,,
235.95261358085,14.61785277370866,2,EELS,Gold,"[{""position"": 0.0, ""amplitude"": 2.578669376523827, ""fwhm"": 2.64021333840469}]",0.0,2.578669376523827,2.64021333840469,,,,,,,,,,,,,,,
236.93209574987785,14.615358921712094,2,EELS,Gold,"[{""position"": 0.0, ""amplitude"": 2.578669376523827, ""fwhm"": 2.64021333840469}]",0.0,2.578669376523827,2.64021333840469,,,,,,,,,,,,,,,
237.9115779189057,14.611877109353346,2,EELS,Gold,"[{""position"": 0.0, ""amplitude"": 2.578669376523827, ""fwhm"": 2.64021333840469}]",0.0,2.578669376523827,2.64021333840469,,,,,,,,,,,,,,,
238.89106008793354,14.619631864962242,2,EELS,Gold,"[{""position"": 0.0, ""amplitude"": 2.578669376523827, ""fwhm"": 2.64021333840469}]",0.0,2.578669376523827,2.64021333840469,,,,,,,,,,,,,,,
239.8705422569614,14.612535684521847,2,EELS,Gold,"[{""position"": 0.0, ""amplitude"": 2.578669376523827, ""fwhm"": 2.64021333840469}]",0.0,2.578669376523827,2.64021333840469,,,,,,,,,,,,,,,
240.85002442598923,14.612017176442814,2,EELS,Gold,"[{""position"": 0.0, ""amplitude"": 2.578669376523827, ""fwhm"": 2.64021333840469}]",0.0,2.578669376523827,2.64021333840469,,,,,,,,,,,,,,,
241.82950659501708,14.617991290858972,2,EELS,Gold,"[{""position"": 0.0, ""amplitude"": 2.578669376523827, ""fwhm"": 2.64021333840469}]",0.0,2.578669376523827,2.64021333840469,,,,,,,,,,,,,,,
242.80898876404493,14.624739010901486,2,EELS,Gold,"[{""position"": 0.0, ""amplitude"": 2.578669376523827, ""fwhm"": 2.64021333840469}]",0.0,2.578669376523827,2.64021333840469,,,,,,,,,,,,,,,
243.78847093307277,14.620926118455461,2,EELS,Gold,"[{""position"": 0.0, ""amplitude"": 2.578669376523827, ""fwhm"": 2.64021333840469}]",0.0,2.578669376523827,2.64021333840469,,,,,,,,,,,,,,,
244.76795310210062,14.622256869757084,2,EELS,Gold,"[{""position"": 0.0, ""amplitude"": 2.578669376523827, ""fwhm"": 2.64021333840469}]",0.0,2.578669376523827,2.64021333840469,,,,,,,,,,,,,,,
245.74743527112847,14.608301145473465,2,EELS,Gold,"[{""position"": 0.0, ""amplitude"": 2.578669376523827, ""fwhm"": 2.64021333840469}]",0.0,2.578669376523827,2.64021333840469,,,,,,,,,,,,,,,
246.7269174401563,14.608456572974035,2,EELS,Gold,"[{""position"": 0.0, ""amplitude"": 2.578669376523827, ""fwhm"": 2.64021333840469}]",0.0,2.578669376523827,2.64021333840469,,,,,,,,,,,,,,,
247.70639960918416,14.60803418640519,2,EELS,Gold,"[{""position"": 0.0, ""amplitude"": 2.578669376523827, ""fwhm"": 2.64021333840469}]",0.0,2.578669376523827,2.64021333840469,,,,,,,,,,,,,,,
248.685881778212,14.60949210113157,2,EELS,Gold,"[{""position"": 0.0, ""amplitude"": 2.578669376523827, ""fwhm"": 2.64021333840469}]",0.0,2.578669376523827,2.64021333840469,,,,,,,,,,,,,,,
249.66536394723985,14.612433411848203,2,EELS,Gold,"[{""position"": 0.0, ""amplitude"": 2.578669376523827, ""fwhm"": 2.64021333840469}]",0.0,2.578669376523827,2.64021333840469,,,,,,,,,,,,,,,
250.6448461162677,14.610953495962445,2,EELS,Gold,"[{""position"": 0.0, ""amplitude"": 2.578669376523827, ""fwhm"": 2.64021333840469}]",0.0,2.578669376523827,2.64021333840469,,,,,,,,,,,,,,,
251.62432828529552,14.602952835961469,2,EELS,Gold,"[{""position"": 0.0, ""amplitude"": 2.578669376523827, ""fwhm"": 2.64021333840469}]",0.0,2.578669376523827,2.64021333840469,,,,,,,,,,,,,,,
252.60381045432337,14.599108446167188,2,EELS,Gold,"[{""position"": 0.0, ""amplitude"": 2.578669376523827, ""fwhm"": 2.64021333840469}]",0.0,2.578669376523827,2.64021333840469,,,,,,,,,,,,,,,
253.5832926233512,14.596736344339803,2,EELS,Gold,"[{""position"": 0.0, ""amplitude"": 2.578669376523827, ""fwhm"": 2.64021333840469}]",0.0,2.578669376523827,2.64021333840469,,,,,,,,,,,,,,,
254.56277479237906,14.604973095335021,2,EELS,Gold,"[{""position"": 0.0, ""amplitude"": 2.578669376523827, ""fwhm"": 2.64021333840469}]",0.0,2.578669376523827,2.64021333840469,,,,,,,,,,,,,,,
255.5422569614069,14.60390954521043,2,EELS,Gold,"[{""position"": 0.0, ""amplitude"": 2.578669376523827, ""fwhm"": 2.64021333840469}]",0.0,2.578669376523827,2.64021333840469,,,,,,,,,,,,,,,
256.52173913043475,14.596256957583387,2,EELS,Gold,"[{""position"": 0.0, ""amplitude"": 2.578669376523827, ""fwhm"": 2.64021333840469}]",0.0,2.578669376523827,2.64021333840469,,,,,,,,,,,,,,,
257.5012212994626,14.597607810511985,2,EELS,Gold,"[{""position"": 0.0, ""amplitude"": 2.578669376523827, ""fwhm"": 2.64021333840469}]",0.0,2.578669376523827,2.64021333840469,,,,,,,,,,,,,,,
258.48070346849045,14.587505464547336,2,EELS,Gold,"[{""position"": 0.0, ""amplitude"": 2.578669376523827, ""fwhm"": 2.64021333840469}]",0.0,2.578669376523827,2.64021333840469,,,,,,,,,,,,,,,
259.4601856375183,14.59863778051869,2,EELS,Gold,"[{""position"": 0.0, ""amplitude"": 2.578669376523827, ""fwhm"": 2.64021333840469}]",0.0,2.578669376523827,2.64021333840469,,,,,,,,,,,,,,,
260.43966780654614,14.589569873983555,2,EELS,Gold,"[{""position"": 0.0, ""amplitude"": 2.578669376523827, ""fwhm"": 2.64021333840469}]",0.0,2.578669376523827,2.64021333840469,,,,,,,,,,,,,,,
261.419149975574,14.586165912633147,2,EELS,Gold,"[{""position"": 0.0, ""amplitude"": 2.578669376523827, ""fwhm"": 2.64021333840469}]",0.0,2.578669376523827,2.64021333840469,,,,,,,,,,,,,,,
262.39863214460183,14.588642409501002,2,EELS,Gold,"[{""position"": 0.0, ""amplitude"": 2.578669376523827, ""fwhm"": 2.64021333840469}]",0.0,2.578669376523827,2.64021333840469,,,,,,,,,,,,,,,
263.3781143136297,14.594745428995896,2,EELS,Gold,"[{""position"": 0.0, ""amplitude"": 2.578669376523827, ""fwhm"": 2.64021333840469}]",0.0,2.578669376523827,2.64021333840469,,,,,,,,,,,,,,,
264.3575964826575,14.601666275380616,2,EELS,Gold,"[{""position"": 0.0, ""amplitude"": 2.578669376523827, ""fwhm"": 2.64021333840469}]",0.0,2.578669376523827,2.64021333840469,,,,,,,,,,,,,,,
265.3370786516854,14.597303426570946,2,EELS,Gold,"[{""position"": 0.0, ""amplitude"": 2.578669376523827, ""fwhm"": 2.64021333840469}]",0.0,2.578669376523827,2.64021333840469,,,,,,,,,,,,,,,
266.3165608207132,14.588105015817776,2,EELS,Gold,"[{""position"": 0.0, ""amplitude"": 2.578669376523827, ""fwhm"": 2.64021333840469}]",0.0,2.578669376523827,2.64021333840469,,,,,,,,,,,,,,,
267.29604298974107,14.576917117345914,2,EELS,Gold,"[{""position"": 0.0, ""amplitude"": 2.578669376523827, ""fwhm"": 2.64021333840469}]",0.0,2.578669376523827,2.64021333840469,,,,,,,,,,,,,,,
268.2755251587689,14.5820590026416,2,EELS,Gold,"[{""position"": 0.0, ""amplitude"": 2.578669376523827, ""fwhm"": 2.64021333840469}]",0.0,2.578669376523827,2.64021333840469,,,,,,,,,,,,,,,
269.25500732779676,14.580700442762154,2,EELS,Gold,"[{""position"": 0.0, ""amplitude"": 2.578669376523827, ""fwhm"": 2.64021333840469}]",0.0,2.578669376523827,2.64021333840469,,,,,,,,,,,,,,,
270.2344894968246,14.584793129536598,2,EELS,Gold,"[{""position"": 0.0, ""amplitude"": 2.578669376523827, ""fwhm"": 2.64021333840469}]",0.0,2.578669376523827,2.64021333840469,,,,,,,,,,,,,,,
271.21397166585245,14.574355851163867,2,EELS,Gold,"[{""position"": 0.0, ""amplitude"": 2.578669376523827, ""fwhm"": 2.64021333840469}]",0.0,2.578669376523827,2.64021333840469,,,,,,,,,,,,,,,
272.1934538348803,14.574603787819996,2,EELS,Gold,"[{""position"": 0.0, ""amplitude"": 2.578669376523827, ""fwhm"": 2.64021333840469}]",0.0,2.578669376523827,2.64021333840469,,,,,,,,,,,,,,,
273.17293600390815,14.587415173784231,2,EELS,Gold,"[{""position"": 0.0, ""amplitude"": 2.578669376523827, ""fwhm"": 2.64021333840469}]",0.0,2.578669376523827,2.64021333840469,,,,,,,,,,,,,,,
274.152418172936,14.565342517640529,2,EELS,Gold,"[{""position"": 0.0, ""amplitude"": 2.578669376523827, ""fwhm"": 2.64021333840469}]",0.0,2.578669376523827,2.64021333840469,,,,,,,,,,,,,,,
275.13190034196384,14.56990923087469,2,EELS,Gold,"[{""position"": 0.0, ""amplitude"": 2.578669376523827, ""fwhm"": 2.64021333840469}]",0.0,2.578669376523827,2.64021333840469,,,,,,,,,,,,,,,
276.1113825109917,14.5726928952231,2,EELS,Gold,"[{""position"": 0.0, ""amplitude"": 2.578669376523827, ""fwhm"": 2.64021333840469}]",0.0,2.578669376523827,2.64021333840469,,,,,,,,,,,,,,,
277.09086468001954,14.56972540795055,2,EELS,Gold,"[{""position"": 0.0, ""amplitude"": 2.578669376523827, ""fwhm"": 2.64021333840469}]",0.0,2.578669376523827,2.64021333840469,,,,,,,,,,,,,,,
278.0703468490474,14.566795243536895,2,EELS,Gold,"[{""position"": 0.0, ""amplitude"": 2.578669376523827, ""fwhm"": 2.64021333840469}]",0.0,2.578669376523827,2.64021333840469,,,,,,,,,,,,,,,
279.04982901807523,14.573186562854167,2,EELS,Gold,"[{""position"": 0.0, ""amplitude"": 2.578669376523827, ""fwhm"": 2.64021333840469}]",0.0,2.578669376523827,2.64021333840469,,,,,,,,,,,,,,,
280.0293111871031,14.566754161904694,2,EELS,Gold,"[{""position"": 0.0, ""amplitude"": 2.578669376523827, ""fwhm"": 2.64021333840469}]",0.0,2.578669376523827,2.64021333840469,,,,,,,,,,,,,,,
281.0087933561309,14.574557805824595,2,EELS,Gold,"[{""position"": 0.0, ""amplitude"": 2.578669376523827, ""fwhm"": 2.64021333840469}]",0.0,2.578669376523827,2.64021333840469,,,,,,,,,,,,,,,
281.98827552515877,14.56227929882067,2,EELS,Gold,"[{""position"": 0.0, ""amplitude"": 2.578669376523827, ""fwhm"": 2.64021333840469}]",0.0,2.578669376523827,2.64021333840469,,,,,,,,,,,,,,,
282.9677576941866,14.573806621514763,2,EELS,Gold,"[{""position"": 0.0, ""amplitude"": 2.578669376523827, ""fwhm"": 2.64021333840469}]",0.0,2.578669376523827,2.64021333840469,,,,,,,,,,,,,,,
283.94723986321446,14.57052110203322,2,EELS,Gold,"[{""position"": 0.0, ""amplitude"": 2.578669376523827, ""fwhm"": 2.64021333840469}]",0.0,2.578669376523827,2.64021333840469,,,,,,,,,,,,,,,
284.9267220322423,14.561317531784852,2,EELS,Gold,"[{""position"": 0.0, ""amplitude"": 2.578669376523827, ""fwhm"": 2.64021333840469}]",0.0,2.578669376523827,2.64021333840469,,,,,,,,,,,,,,,
285.90620420127016,14.55969644535747,2,EELS,Gold,"[{""position"": 0.0, ""amplitude"": 2.578669376523827, ""fwhm"": 2.64021333840469}]",0.0,2.578669376523827,2.64021333840469,,,,,,,,,,,,,,,
286.885686370298,14.57336724973339,2,EELS,Gold,"[{""position"": 0.0, ""amplitude"": 2.578669376523827, ""fwhm"": 2.64021333840469}]",0.0,2.578669376523827,2.64021333840469,,,,,,,,,,,,,,,
287.86516853932585,14.559617760039526,2,EELS,Gold,"[{""position"": 0.0, ""amplitude"": 2.578669376523827, ""fwhm"": 2.64021333840469}]",0.0,2.578669376523827,2.64021333840469,,,,,,,,,,,,,,,
288.8446507083537,14.555778200927275,2,EELS,Gold,"[{""position"": 0.0, ""amplitude"": 2.578669376523827, ""fwhm"": 2.64021333840469}]",0.0,2.578669376523827,2.64021333840469,,,,,,,,,,,,,,,
289.82413287738154,14.563014636483476,2,EELS,Gold,"[{""position"": 0.0, ""amplitude"": 2.578669376523827, ""fwhm"": 2.64021333840469}]",0.0,2.578669376523827,2.64021333840469,,,,,,,,,,,,,,,
290.8036150464094,14.547260924774157,2,EELS,Gold,"[{""position"": 0.0, ""amplitude"": 2.578669376523827, ""fwhm"": 2.64021333840469}]",0.0,2.578669376523827,2.64021333840469,,,,,,,,,,,,,,,
291.7830972154372,14.553089243436622,2,EELS,Gold,"[{""position"": 0.0, ""amplitude"": 2.578669376523827, ""fwhm"": 2.64021333840469}]",0.0,2.578669376523827,2.64021333840469,,,,,,,,,,,,,,,
292.762579384465,14.560823688833818,2,EELS,Gold,"[{""position"": 0.0, ""amplitude"": 2.578669376523827, ""fwhm"": 2.64021333840469}]",0.0,2.578669376523827,2.64021333840469,,,,,,,,,,,,,,,
293.7420615534929,14.553766513733397,2,EELS,Gold,"[{""position"": 0.0, ""amplitude"": 2.578669376523827, ""fwhm"": 2.64021333840469}]",0.0,2.578669376523827,2.64021333840469,,,,,,,,,,,,,,,
294.7215437225207,14.549653067851667,2,EELS,Gold,"[{""position"": 0.0, ""amplitude"": 2.578669376523827, ""fwhm"": 2.64021333840469}]",0.0,2.578669376523827,2.64021333840469,,,,,,,,,,,,,,,
295.70102589154857,14.552171781643123,2,EELS,Gold,"[{""position"": 0.0, ""amplitude"": 2.578669376523827, ""fwhm"": 2.64021333840469}]",0.0,2.578669376523827,2.64021333840469,,,,,,,,,,,,,,,
296.6805080605764,14.552235777898643,2,EELS,Gold,"[{""position"": 0.0, ""amplitude"": 2.578669376523827, ""fwhm"": 2.64021333840469}]",0.0,2.578669376523827,2.64021333840469,,,,,,,,,,,,,,,
297.65999022960426,14.551853067780344,2,EELS,Gold,"[{""position"": 0.0, ""amplitude"": 2.578669376523827, ""fwhm"": 2.64021333840469}]",0.0,2.578669376523827,2.64021333840469,,,,,,,,,,,,,,,
298.6394723986321,14.564347122995024,2,EELS,Gold,"[{""position"": 0.0, ""amplitude"": 2.578669376523827, ""fwhm"": 2.64021333840469}]",0.0,2.578669376523827,2.64021333840469,,,,,,,,,,,,,,,
299.61895456765996,14.550624537482186,2,EELS,Gold,"[{""position"": 0.0, ""amplitude"": 2.578669376523827, ""fwhm"": 2.64021333840469}]",0.0,2.578669376523827,2.64021333840469,,,,,,,,,,,,,,,
300.5984367366878,14.54791910817535,2,EELS,Gold,"[{""position"": 0.0, ""amplitude"": 2.578669376523827, ""fwhm"": 2.64021333840469}]",0.0,2.578669376523827,2.64021333840469,,,,,,,,,,,,,,,
301.57791890571565,14.543547512142025,2,EELS,Gold,"[{""position"": 0.0, ""amplitude"": 2.578669376523827, ""fwhm"": 2.64021333840469}]",0.0,2.578669376523827,2.64021333840469,,,,,,,,,,,,,,,
302.5574010747435,14.544466358818365,2,EELS,Gold,"[{""position"": 0.0, ""amplitude"": 2.578669376523827, ""fwhm"": 2.64021333840469}]",0.0,2.578669376523827,2.64021333840469,,,,,,,,,,,,,,,
303.53688324377134,14.551894012151232,2,EELS,Gold,"[{""position"": 0.0, ""amplitude"": 2.578669376523827, ""fwhm"": 2.64021333840469}]",0.0,2.578669376523827,2.64021333840469,,,,,,,,,,,,,,,
304.5163654127992,14.550008270141518,2,EELS,Gold,"[{""position"": 0.0, ""amplitude"": 2.578669376523827, ""fwhm"": 2.64021333840469}]",0.0,2.578669376523827,2.64021333840469,,,,,,,,,,,,,,,
305.49584758182704,14.537682762542687,2,EELS,Gold,"[{""position"": 0.0, ""amplitude"": 2.578669376523827, ""fwhm"": 2.64021333840469}]",0.0,2.578669376523827,2.64021333840469,,,,,,,,,,,,,,,
306.4753297508549,14.550021182467807,2,EELS,Gold,"[{""position"": 0.0, ""amplitude"": 2.578669376523827, ""fwhm"": 2.64021333840469}]",0.0,2.578669376523827,2.64021333840469,,,,,,,,,,,,,,,
307.45481191988273,14.536495661498652,2,EELS,Gold,"[{""position"": 0.0, ""amplitude"": 2.578669376523827, ""fwhm"": 2.64021333840469}]",0.0,2.578669376523827,2.64021333840469,,,,,,,,,,,,,,,
308.4342940889106,14.553682445061561,2,EELS,Gold,"[{""position"": 0.0, ""amplitude"": 2.578669376523827, ""fwhm"": 2.64021333840469}]",0.0,2.578669376523827,2.64021333840469,,,,,,,,,,,,,,,
309.4137762579384,14.540981475505227,2,EELS,Gold,"[{""position"": 0.0, ""amplitude"": 2.578669376523827, ""fwhm"": 2.64021333840469}]",0.0,2.578669376523827,2.64021333840469,,,,,,,,,,,,,,,
310.39325842696627,14.54321573991438,2,EELS,Gold,"[{""position"": 0.0, ""amplitude"": 2.578669376523827, ""fwhm"": 2.64021333840469}]",0.0,2.578669376523827,2.64021333840469,,,,,,,,,,,,,,,
311.3727405959941,14.53857451401209,2,EELS,Gold,"[{""position"": 0.0, ""amplitude"": 2.578669376523827, ""fwhm"": 2.64021333840469}]",0.0,2.578669376523827,2.64021333840469,,,,,,,,,,,,,,,
312.35222276502196,14.538448387383855,2,EELS,Gold,"[{""position"": 0.0, ""amplitude"": 2.578669376523827, ""fwhm"": 2.64021333840469}]",0.0,2.578669376523827,2.64021333840469,,,,,,,,,,,,,,,
313.3317049340498,14.545964206070694,2,EELS,Gold,"[{""position"": 0.0, ""amplitude"": 2.578669376523827, ""fwhm"": 2.64021333840469}]",0.0,2.578669376523827,2.64021333840469,,,,,,,,,,,,,,,
314.31118710307766,14.532993816358873,2,EELS,Gold,"[{""position"": 0.0, ""amplitude"": 2.578669376523827, ""fwhm"": 2.64021333840469}]",0.0,2.578669376523827,2.64021333840469,,,,,,,,,,,,,,,
315.2906692721055,14.54275043138913,2,EELS,Gold,"[{""position"": 0.0, ""amplitude"": 2.578669376523827, ""fwhm"": 2.64021333840469}]",0.0,2.578669376523827,2.64021333840469,,,,,,,,,,,,,,,
316.27015144113335,14.533093315391207,2,EELS,Gold,"[{""position"": 0.0, ""amplitude"": 2.578669376523827, ""fwhm"": 2.64021333840469}]",0.0,2.578669376523827,2.64021333840469,,,,,,,,,,,,,,,
317.2496336101612,14.542435517887826,2,EELS,Gold,"[{""position"": 0.0, ""amplitude"": 2.578669376523827, ""fwhm"": 2.64021333840469}]",0.0,2.578669376523827,2.64021333840469,,,,,,,,,,,,,,,
318.22911577918904,14.543681217998678,2,EELS,Gold,"[{""position"": 0.0, ""amplitude"": 2.578669376523827, ""fwhm"": 2.64021333840469}]",0.0,2.578669376523827,2.64021333840469,,,,,,,,,,,,,,,
319.2085979482169,14.536931753386439,2,EELS,Gold,"[{""position"": 0.0, ""amplitude"": 2.578669376523827, ""fwhm"": 2.64021333840469}]",0.0,2.578669376523827,2.64021333840469,,,,,,,,,,,,,,,
320.18808011724474,14.533119972468244,2,EELS,Gold,"[{""position"": 0.0, ""amplitude"": 2.578669376523827, ""fwhm"": 2.64021333840469}]",0.0,2.578669376523827,2.64021333840469,,,,,,,,,,,,,,,
321.1675622862726,14.548998711386206,2,EELS,Gold,"[{""position"": 0.0, ""amplitude"": 2.578669376523827, ""fwhm"": 2.64021333840469}]",0.0,2.578669376523827,2.64021333840469,,,,,,,,,,,,,,,
322.14704445530043,14.531657145667369,2,EELS,Gold,"[{""position"": 0.0, ""amplitude"": 2.578669376523827, ""fwhm"": 2.64021333840469}]",0.0,2.578669376523827,2.64021333840469,,,,,,,,,,,,,,,
323.1265266243283,14.536905679458895,2,EELS,Gold,"[{""position"": 0.0, ""amplitude"": 2.578669376523827, ""fwhm"": 2.64021333840469}]",0.0,2.578669376523827,2.64021333840469,,,,,,,,,,,,,,,
324.1060087933561,14.54427819850034,2,EELS,Gold,"[{""position"": 0.0, ""amplitude"": 2.578669376523827, ""fwhm"": 2.64021333840469}]",0.0,2.578669376523827,2.64021333840469,,,,,,,,,,,,,,,
325.085490962384,14.542425270078086,2,EELS,Gold,"[{""position"": 0.0, ""amplitude"": 2.578669376523827, ""fwhm"": 2.64021333840469}]",0.0,2.578669376523827,2.64021333840469,,,,,,,,,,,,,,,
326.0649731314118,14.532257270048882,2,EELS,Gold,"[{""position"": 0.0, ""amplitude"": 2.578669376523827, ""fwhm"": 2.64021333840469}]",0.0,2.578669376523827,2.64021333840469,,,,,,,,,,,,,,,
327.04445530043967,14.534658621501746,2,EELS,Gold,"[{""position"": 0.0, ""amplitude"": 2.578669376523827, ""fwhm"": 2.64021333840469}]",0.0,2.578669376523827,2.64021333840469,,,,,,,,,,,,,,,
328.0239374694675,14.53468918107,2,EELS,Gold,"[{""position"": 0.0, ""amplitude"": 2.578669376523827, ""fwhm"": 2.64021333840469}]",0.0,2.578669376523827,2.64021333840469,,,,,,,,,,,,,,,
329.00341963849536,14.534766910182771,2,EELS,Gold,"[{""position"": 0.0, ""amplitude"": 2.578669376523827, ""fwhm"": 2.64021333840469}]",0.0,2.578669376523827,2.64021333840469,,,,,,,,,,,,,,,
329.9829018075232,14.528842506101237,2,EELS,Gold,"[{""position"": 0.0, ""amplitude"": 2.578669376523827, ""fwhm"": 2.64021333840469}]",0.0,2.578669376523827,2.64021333840469,,,,,,,,,,,,,,,
330.96238397655105,14.526351308820315,2,EELS,Gold,"[{""position"": 0.0, ""amplitude"": 2.578669376523827, ""fwhm"": 2.64021333840469}]",0.0,2.578669376523827,2.64021333840469,,,,,,,,,,,,,,,
331.9418661455789,14.530974876245788,2,EELS,Gold,"[{""position"": 0.0, ""amplitude"": 2.578669376523827, ""fwhm"": 2.64021333840469}]",0.0,2.578669376523827,2.64021333840469,,,,,,,,,,,,,,,
332.92134831460675,14.529821113160772,2,EELS,Gold,"[{""position"": 0.0, ""amplitude"": 2.578669376523827, ""fwhm"": 2.64021333840469}]",0.0,2.578669376523827,2.64021333840469,,,,,,,,,,,,,,,
333.9008304836346,14.530602874060428,2,EELS,Gold,"[{""position"": 0.0, ""amplitude"": 2.578669376523827, ""fwhm"": 2.64021333840469}]",0.0,2.578669376523827,2.64021333840469,,,,,,,,,,,,,,,
334.88031265266244,14.532651240714577,2,EELS,Gold,"[{""position"": 0.0, ""amplitude"": 2.578669376523827, ""fwhm"": 2.64021333840469}]",0.0,2.578669376523827,2.64021333840469,,,,,,,,,,,,,,,
335.8597948216903,14.525505507399986,2,EELS,Gold,"[{""position"": 0.0, ""amplitude"": 2.578669376523827, ""fwhm"": 2.64021333840469}]",0.0,2.578669376523827,2.64021333840469,,,,,,,,,,,,,,,
336.83927699071813,14.521383360210026,2,EELS,Gold,"[{""position"": 0.0, ""amplitude"": 2.578669376523827, ""fwhm"": 2.64021333840469}]",0.0,2.578669376523827,2.64021333840469,,,,,,,,,,,,,,,
337.8187591597459,14.530078533527133,2,EELS,Gold,"[{""position"": 0.0, ""amplitude"": 2.578669376523827, ""fwhm"": 2.64021333840469}]",0.0,2.578669376523827,2.64021333840469,,,,,,,,,,,,,,,
338.79824132877377,14.533194979918875,2,EELS,Gold,"[{""position"": 0.0, ""amplitude"": 2.578669376523827, ""fwhm"": 2.64021333840469}]",0.0,2.578669376523827,2.64021333840469,,,,,,,,,,,,,,,
339.7777234978016,14.531138189559393,2,EELS,Gold,"[{""position"": 0.0, ""amplitude"": 2.578669376523827, ""fwhm"": 2.64021333840469}]",0.0,2.578669376523827,2.64021333840469,,,,,,,,,,,,,,,
340.75720566682946,14.538990334301086,2,EELS,Gold,"[{""position"": 0.0, ""amplitude"": 2.578669376523827, ""fwhm"": 2.64021333840469}]",0.0,2.578669376523827,2.64021333840469,,,,,,,,,,,,,,,
341.7366878358573,14.52852226333406,2,EELS,Gold,"[{""position"": 0.0, ""amplitude"": 2.578669376523827, ""fwhm"": 2.64021333840469}]",0.0,2.578669376523827,2.64021333840469,,,,,,,,,,,,,,,
342.71617000488516,14.520260362397048,2,EELS,Gold,"[{""position"": 0.0, ""amplitude"": 2.578669376523827, ""fwhm"": 2.64021333840469}]",0.0,2.578669376523827,2.64021333840469,,,,,,,,,,,,,,,
343.695652173913,14.52206040037522,2,EELS,Gold,"[{""position"": 0.0, ""amplitude"": 2.578669376523827, ""fwhm"": 2.64021333840469}]",0.0,2.578669376523827,2.64021333840469,,,,,,,,,,,,,,,
344.67513434294085,14.524851048888879,2,EELS,Gold,"[{""position"": 0.0, ""amplitude"": 2.578669376523827, ""fwhm"": 2.64021333840469}]",0.0,2.578669376523827,2.64021333840469,,,,,,,,,,,,,,,
345.6546165119687,14.520050197021071,2,EELS,Gold,"[{""position"": 0.0, ""amplitude"": 2.578669376523827, ""fwhm"": 2.64021333840469}]",0.0,2.578669376523827,2.64021333840469,,,,,,,,,,,,,,,
346.63409868099654,14.526676455967108,2,EELS,Gold,"[{""position"": 0.0, ""amplitude"": 2.578669376523827, ""fwhm"": 2.64021333840469}]",0.0,2.578669376523827,2.64021333840469,,,,,,,,,,,,,,,
347.6135808500244,14.534059778999751,2,EELS,Gold,"[{""position"": 0.0, ""amplitude"": 2.578669376523827, ""fwhm"": 2.64021333840469}]",0.0,2.578669376523827,2.64021333840469,,,,,,,,,,,,,,,
348.59306301905224,14.518141234623075,2,EELS,Gold,"[{""position"": 0.0, ""amplitude"": 2.578669376523827, ""fwhm"": 2.64021333840469}]",0.0,2.578669376523827,2.64021333840469,,,,,,,,,,,,,,,
349.5725451880801,14.525699373248237,2,EELS,Gold,"[{""position"": 0.0, ""amplitude"": 2.578669376523827, ""fwhm"": 2.64021333840469}]",0.0,2.578669376523827,2.64021333840469,,,,,,,,,,,,,,,
350.55202735710793,14.52109630921524,2,EELS,Gold,"[{""position"": 0.0, ""amplitude"": 2.578669376523827, ""fwhm"": 2.64021333840469}]",0.0,2.578669376523827,2.64021333840469,,,,,,,,,,,,,,,
351.5315095261358,14.525524089888712,2,EELS,Gold,"[{""position"": 0.0, ""amplitude"": 2.578669376523827, ""fwhm"": 2.64021333840469}]",0.0,2.578669376523827,2.64021333840469,,,,,,,,,,,,,,,
352.5109916951636,14.518949623220882,2,EELS,Gold,"[{""position"": 0.0, ""amplitude"": 2.578669376523827, ""fwhm"": 2.64021333840469}]",0.0,2.578669376523827,2.64021333840469,,,,,,,,,,,,,,,
353.4904738641915,14.524739974742989,2,EELS,Gold,"[{""position"": 0.0, ""amplitude"": 2.578669376523827, ""fwhm"": 2.64021333840469}]",0.0,2.578669376523827,2.64021333840469,,,,,,,,,,,,,,,
354.4699560332193,14.521396722136311,2,EELS,Gold,"[{""position"": 0.0, ""amplitude"": 2.578669376523827, ""fwhm"": 2.64021333840469}]",0.0,2.578669376523827,2.64021333840469,,,,,,,,,,,,,,,
355.44943820224717,14.52595333985268,2,EELS,Gold,"[{""position"": 0.0, ""amplitude"": 2.578669376523827, ""fwhm"": 2.64021333840469}]",0.0,2.578669376523827,2.64021333840469,,,,,,,,,,,,,,,
356.428920371275,14.520161148468425,2,EELS,Gold,"[{""position"": 0.0, ""amplitude"": 2.578669376523827, ""fwhm"": 2.64021333840469}]",0.0,2.578669376523827,2.64021333840469,,,,,,,,,,,,,,,
357.40840254030286,14.522736735458349,2,EELS,Gold,"[{""position"": 0.0, ""amplitude"": 2.578669376523827, ""fwhm"": 2.64021333840469}]",0.0,2.578669376523827,2.64021333840469,,,,,,,,,,,,,,,
358.3878847093307,14.536534457301034,2,EELS,Gold,"[{""position"": 0.0, ""amplitude"": 2.578669376523827, ""fwhm"": 2.64021333840469}]",0.0,2.578669376523827,2.64021333840469,,,,,,,,,,,,,,,
359.36736687835855,14.524348049731437,2,EELS,Gold,"[{""position"": 0.0, ""amplitude"": 2.578669376523827, ""fwhm"": 2.64021333840469}]",0.0,2.578669376523827,2.64021333840469,,,,,,,,,,,,,,,
360.3468490473864,14.522008074477707,2,EELS,Gold,"[{""position"": 0.0, ""amplitude"": 2.578669376523827, ""fwhm"": 2.64021333840469}]",0.0,2.578669376523827,2.64021333840469,,,,,,,,,,,,,,,
361.32633121641425,14.523529958748219,2,EELS,Gold,"[{""position"": 0.0, ""amplitude"": 2.578669376523827, ""fwhm"": 2.64021333840469}]",0.0,2.578669376523827,2.64021333840469,,,,,,,,,,,,,,,
362.3058133854421,14.522502540032777,2,EELS,Gold,"[{""position"": 0.0, ""amplitude"": 2.578669376523827, ""fwhm"": 2.64021333840469}]",0.0,2.578669376523827,2.64021333840469,,,,,,,,,,,,,,,
363.28529555446994,14.525037420803178,2,EELS,Gold,"[{""position"": 0.0, ""amplitude"": 2.578669376523827, ""fwhm"": 2.64021333840469}]",0.0,2.578669376523827,2.64021333840469,,,,,,,,,,,,,,,
364.2647777234978,14.519504216596902,2,EELS,Gold,"[{""position"": 0.0, ""amplitude"": 2.578669376523827, ""fwhm"": 2.64021333840469}]",0.0,2.578669376523827,2.64021333840469,,,,,,,,,,,,,,,
365.24425989252563,14.526408425902503,2,EELS,Gold,"[{""position"": 0.0, ""amplitude"": 2.578669376523827, ""fwhm"": 2.64021333840469}]",0.0,2.578669376523827,2.64021333840469,,,,,,,,,,,,,,,
366.2237420615535,14.518205844078167,2,EELS,Gold,"[{""position"": 0.0, ""amplitude"": 2.578669376523827, ""fwhm"": 2.64021333840469}]",0.0,2.578669376523827,2.64021333840469,,,,,,,,,,,,,,,
367.2032242305813,14.535219265834455,2,EELS,Gold,"[{""position"": 0.0, ""amplitude"": 2.578669376523827, ""fwhm"": 2.64021333840469}]",0.0,2.578669376523827,2.64021333840469,,,,,,,,,,,,,,,
368.1827063996092,14.518091795442198,2,EELS,Gold,"[{""position"": 0.0, ""amplitude"": 2.578669376523827, ""fwhm"": 2.64021333840469}]",0.0,2.578669376523827,2.64021333840469,,,,,,,,,,,,,,,
369.162188568637,14.520581651475522,2,EELS,Gold,"[{""position"": 0.0, ""amplitude"": 2.578669376523827, ""fwhm"": 2.64021333840469}]",0.0,2.578669376523827,2.64021333840469,,,,,,,,,,,,,,,
370.14167073766487,14.532622368471399,2,EELS,Gold,"[{""position"": 0.0, ""amplitude"": 2.578669376523827, ""fwhm"": 2.64021333840469}]",0.0,2.578669376523827,2.64021333840469,,,,,,,,,,,,,,,
371.1211529066927,14.516236630453646,2,EELS,Gold,"[{""position"": 0.0, ""amplitude"": 2.578669376523827, ""fwhm"": 2.64021333840469}]",0.0,2.578669376523827,2.64021333840469,,,,,,,,,,,,,,,
372.10063507572056,14.519267654496746,2,EELS,Gold,"[{""position"": 0.0, ""amplitude"": 2.578669376523827, ""fwhm"": 2.64021333840469}]",0.0,2.578669376523827,2.64021333840469,,,,,,,,,,,,,,,
373.0801172447484,14.515720357797537,2,EELS,Gold,"[{""position"": 0.0, ""amplitude"": 2.578669376523827, ""fwhm"": 2.64021333840469}]",0.0,2.578669376523827,2.64021333840469,,,,,,,,,,,,,,,
374.05959941377625,14.514502779833906,2,EELS,Gold,"[{""position"": 0.0, ""amplitude"": 2.578669376523827, ""fwhm"": 2.64021333840469}]",0.0,2.578669376523827,2.64021333840469,,,,,,,,,,,,,,,
375.0390815828041,14.529483870802265,2,EELS,Gold,"[{""position"": 0.0, ""amplitude"": 2.578669376523827, ""fwhm"": 2.64021333840469}]",0.0,2.578669376523827,2.64021333840469,,,,,,,,,,,,,,,
376.01856375183195,14.531650770660594,2,EELS,Gold,"[{""position"": 0.0, ""amplitude"": 2.578669376523827, ""fwhm"": 2.64021333840469}]",0.0,2.578669376523827,2.64021333840469,,,,,,,,,,,,,,,
376.9980459208598,14.519609573549578,2,EELS,Gold,"[{""position"": 0.0, ""amplitude"": 2.578669376523827, ""fwhm"": 2.64021333840469}]",0.0,2.578669376523827,2.64021333840469,,,,,,,,,,,,,,,
377.97752808988764,14.516733121392267,2,EELS,Gold,"[{""position"": 0.0, ""amplitude"": 2.578669376523827, ""fwhm"": 2.64021333840469}]",0.0,2.578669376523827,2.64021333840469,,,,,,,,,,,,,,,
378.9570102589155,14.517494338838777,2,EELS,Gold,"[{""position"": 0.0, ""amplitude"": 2.578669376523827, ""fwhm"": 2.64021333840469}]",0.0,2.578669376523827,2.64021333840469,,,,,,,,,,,,,,,
379.93649242794334,14.522189473756963,2,EELS,Gold,"[{""position"": 0.0, ""amplitude"": 2.578669376523827, ""fwhm"": 2.64021333840469}]",0.0,2.578669376523827,2.64021333840469,,,,,,,,,,,,,,,
380.9159745969712,14.515096558264373,2,EELS,Gold,"[{""position"": 0.0, ""amplitude"": 2.578669376523827, ""fwhm"": 2.64021333840469}]",0.0,2.578669376523827,2.64021333840469,,,,,,,,,,,,,,,
381.89545676599903,14.528526048280312,2,EELS,Gold,"[{""position"": 0.0, ""amplitude"": 2.578669376523827, ""fwhm"": 2.64021333840469}]",0.0,2.578669376523827,2.64021333840469,,,,,,,,,,,,,,,
382.8749389350268,14.523871561482098,2,EELS,Gold,"[{""position"": 0.0, ""amplitude"": 2.578669376523827, ""fwhm"": 2.64021333840469}]",0.0,2.578669376523827,2.64021333840469,,,,,,,,,,,,,,,
383.85442110405467,14.514831700011994,2,EELS,Gold,"[{""position"": 0.0, ""amplitude"": 2.578669376523827, ""fwhm"": 2.64021333840469}]",0.0,2.578669376523827,2.64021333840469,,,,,,,,,,,,,,,
384.8339032730825,14.513162997423134,2,EELS,Gold,"[{""position"": 0.0, ""amplitude"": 2.578669376523827, ""fwhm"": 2.64021333840469}]",0.0,2.578669376523827,2.64021333840469,,,,,,,,,,,,,,,
385.81338544211036,14.515988587204056,2,EELS,Gold,"[{""position"": 0.0, ""amplitude"": 2.578669376523827, ""fwhm"": 2.64021333840469}]",0.0,2.578669376523827,2.64021333840469,,,,,,,,,,,,,,,
386.7928676111382,14.51259839685503,2,EELS,Gold,"[{""position"": 0.0, ""amplitude"": 2.578669376523827, ""fwhm"": 2.64021333840469}]",0.0,2.578669376523827,2.64021333840469,,,,,,,,,,,,,,,
387.77234978016605,14.51410202142873,2,EELS,Gold,"[{""position"": 0.0, ""amplitude"": 2.578669376523827, ""fwhm"": 2.64021333840469}]",0.0,2.578669376523827,2.64021333840469,,,,,,,,,,,,,,,
388.7518319491939,14.513994636432269,2,EELS,Gold,"[{""position"": 0.0, ""amplitude"": 2.578669376523827, ""fwhm"": 2.64021333840469}]",0.0,2.578669376523827,2.64021333840469,,,,,,,,,,,,,,,
389.73131411822175,14.51319679062026,2,EELS,Gold,"[{""position"": 0.0, ""amplitude"": 2.578669376523827, ""fwhm"": 2.64021333840469}]",0.0,2.578669376523827,2.64021333840469,,,,,,,,,,,,,,,
390.7107962872496,14.516288771044389,2,EELS,Gold,"[{""position"": 0.0, ""amplitude"": 2.578669376523827, ""fwhm"": 2.64021333840469}]",0.0,2.578669376523827,2.64021333840469,,,,,,,,,,,,,,,
391.69027845627744,14.51968655978837,2,EELS,Gold,"[{""position"": 0.0, ""amplitude"": 2.578669376523827, ""fwhm"": 2.64021333840469}]",0.0,2.578669376523827,2.64021333840469,,,,,,,,,,,,,,,
392.6697606253053,14.52377971067465,2,EELS,Gold,"[{""position"": 0.0, ""amplitude"": 2.578669376523827, ""fwhm"": 2.64021333840469}]",0.0,2.578669376523827,2.64021333840469,,,,,,,,,,,,,,,
393.64924279433313,14.512779227724787,2,EELS,Gold,"[{""position"": 0.0, ""amplitude"": 2.578669376523827, ""fwhm"": 2.64021333840469}]",0.0,2.578669376523827,2.64021333840469,,,,,,,,,,,,,,,
394.628724963361,14.53621703741076,2,EELS,Gold,"[{""position"": 0.0, ""amplitude"": 2.578669376523827, ""fwhm"": 2.64021333840469}]",0.0,2.578669376523827,2.64021333840469,,,,,,,,,,,,,,,
395.6082071323888,14.51638158378926,2,EELS,Gold,"[{""position"": 0.0, ""amplitude"": 2.578669376523827, ""fwhm"": 2.64021333840469}]",0.0,2.578669376523827,2.64021333840469,,,,,,,,,,,,,,,
396.5876893014167,14.515551985443492,2,EELS,Gold,"[{""position"": 0.0, ""amplitude"": 2.578669376523827, ""fwhm"": 2.64021333840469}]",0.0,2.578669376523827,2.64021333840469,,,,,,,,,,,,,,,
397.5671714704445,14.519191953384968,2,EELS,Gold,"[{""position"": 0.0, ""amplitude"": 2.578669376523827, ""fwhm"": 2.64021333840469}]",0.0,2.578669376523827,2.64021333840469,,,,,,,,,,,,,,,
398.54665363947237,14.512639072494208,2,EELS,Gold,"[{""position"": 0.0, ""amplitude"": 2.578669376523827, ""fwhm"": 2.64021333840469}]",0.0,2.578669376523827,2.64021333840469,,,,,,,,,,,,,,,
399.5261358085002,14.524037923482098,2,EELS,Gold,"[{""position"": 0.0, ""amplitude"": 2.578669376523827, ""fwhm"": 2.64021333840469}]",0.0,2.578669376523827,2.64021333840469,,,,,,,,,,,,,,,
400.50561797752806,14.51211551775239,2,EELS,Gold,"[{""position"": 0.0, ""amplitude"": 2.578669376523827, ""fwhm"": 2.64021333840469}]",0.0,2.578669376523827,2.64021333840469,,,,,,,,,,,,,,,
401.4851001465559,14.506826293175033,2,EELS,Gold,"[{""position"": 0.0, ""amplitude"": 2.578669376523827, ""fwhm"": 2.64021333840469}]",0.0,2.578669376523827,2.64021333840469,,,,,,,,,,,,,,,
402.46458231558375,14.529864577233154,2,EELS,Gold,"[{""position"": 0.0, ""amplitude"": 2.578669376523827, ""fwhm"": 2.64021333840469}]",0.0,2.578669376523827,2.64021333840469,,,,,,,,,,,,,,,
403.4440644846116,14.52706539716526,2,EELS,Gold,"[{""position"": 0.0, ""amplitude"": 2.578669376523827, ""fwhm"": 2.64021333840469}]",0.0,2.578669376523827,2.64021333840469,,,,,,,,,,,,,,,
404.42354665363945,14.519946699857483,2,EELS,Gold,"[{""position"": 0.0, ""amplitude"": 2.578669376523827, ""fwhm"": 2.64021333840469}]",0.0,2.578669376523827,2.64021333840469,,,,,,,,,,,,,,,
405.4030288226673,14.516826293175033,2,EELS,Gold,"[{""position"": 0.0, ""amplitude"": 2.578669376523827, ""fwhm"": 2.64021333840469}]",0.0,2.578669376523827,2.64021333840469,,,,,,,,,,,,,,,
406.38251099169514,14.512619955893426,2,EELS,Gold,"[{""position"": 0.0, ""amplitude"": 2.578669376523827, ""fwhm"": 2.64021333840469}]",0.0,2.578669376523827,2.64021333840469,,,,,,,,,,,,,,,
407.361993160723,14.510166564175618,2,EELS,Gold,"[{""position"": 0.0, ""amplitude"": 2.578669376523827, ""fwhm"": 2.64021333840469}]",0.0,2.578669376523827,2.64021333840469,,,,,,,,,,,,,,,
408.34147532975084,14.513489180987312,2,EELS,Gold,"[{""position"": 0.0, ""amplitude"": 2.578669376523827, ""fwhm"": 2.64021333840469}]",0.0,2.578669376523827,2.64021333840469,,,,,,,,,,,,,,,
409.3209574987787,14.511517320626032,2,EELS,Gold,"[{""position"": 0.0, ""amplitude"": 2.578669376523827, ""fwhm"": 2.64021333840469}]",0.0,2.578669376523827,2.64021333840469,,,,,,,,,,,,,,,
410.30043966780653,14.520734791327252,2,EELS,Gold,"[{""position"": 0.0, ""amplitude"": 2.578669376523827, ""fwhm"": 2.64021333840469}]",0.0,2.578669376523827,2.64021333840469,,,,,,,,,,,,,,,
411.2799218368344,14.527349735924114,2,EELS,Gold,"[{""position"": 0.0, ""amplitude"": 2.578669376523827, ""fwhm"": 2.64021333840469}]",0.0,2.578669376523827,2.64021333840469,,,,,,,,,,,,,,,
412.2594040058622,14.516105238522846,2,EELS,Gold,"[{""position"": 0.0, ""amplitude"": 2.578669376523827, ""fwhm"": 2.64021333840469}]",0.0,2.578669376523827,2.64021333840469,,,,,,,,,,,,,,,
413.23888617489007,14.512992250442279,2,EELS,Gold,"[{""position"": 0.0, ""amplitude"": 2.578669376523827, ""fwhm"": 2.64021333840469}]",0.0,2.578669376523827,2.64021333840469,,,,,,,,,,,,,,,
414.2183683439179,14.509319408159786,2,EELS,Gold,"[{""position"": 0.0, ""amplitude"": 2.578669376523827, ""fwhm"": 2.64021333840469}]",0.0,2.578669376523827,2.64021333840469,,,,,,,,,,,,,,,
415.19785051294576,14.513828930162015,2,EELS,Gold,"[{""position"": 0.0, ""amplitude"": 2.578669376523827, ""fwhm"": 2.64021333840469}]",0.0,2.578669376523827,2.64021333840469,,,,,,,,,,,,,,,
416.1773326819736,14.516826293175033,2,EELS,Gold,"[{""position"": 0.0, ""amplitude"": 2.578669376523827, ""fwhm"": 2.64021333840469}]",0.0,2.578669376523827,2.64021333840469,,,,,,,,,,,,,,,
417.15681485100146,14.512050501658887,2,EELS,Gold,"[{""position"": 0.0, ""amplitude"": 2.578669376523827, ""fwhm"": 2.64021333840469}]",0.0,2.578669376523827,2.64021333840469,,,,,,,,,,,,,,,
418.1362970200293,14.509972468329675,2,EELS,Gold,"[{""position"": 0.0, ""amplitude"": 2.578669376523827, ""fwhm"": 2.64021333840469}]",0.0,2.578669376523827,2.64021333840469,,,,,,,,,,,,,,,
419.11577918905715,14.524118496703956,2,EELS,Gold,"[{""position"": 0.0, ""amplitude"": 2.578669376523827, ""fwhm"": 2.64021333840469}]",0.0,2.578669376523827,2.64021333840469,,,,,,,,,,,,,,,
420.095261358085,14.513999421989633,2,EELS,Gold,"[{""position"": 0.0, ""amplitude"": 2.578669376523827, ""fwhm"": 2.64021333840469}]",0.0,2.578669376523827,2.64021333840469,,,,,,,,,,,,,,,
421.07474352711284,14.508361127541416,2,EELS,Gold,"[{""position"": 0.0, ""amplitude"": 2.578669376523827, ""fwhm"": 2.64021333840469}]",0.0,2.578669376523827,2.64021333840469,,,,,,,,,,,,,,,
422.0542256961407,14.507203357181568,2,EELS,Gold,"[{""position"": 0.0, ""amplitude"": 2.578669376523827, ""fwhm"": 2.64021333840469}]",0.0,2.578669376523827,2.64021333840469,,,,,,,,,,,,,,,
423.03370786516854,14.515263963350643,2,EELS,Gold,"[{""position"": 0.0, ""amplitude"": 2.578669376523827, ""fwhm"": 2.64021333840469}]",0.0,2.578669376523827,2.64021333840469,,,,,,,,,,,,,,,
424.0131900341964,14.518163111227882,2,EELS,Gold,"[{""position"": 0.0, ""amplitude"": 2.578669376523827, ""fwhm"": 2.64021333840469}]",0.0,2.578669376523827,2.64021333840469,,,,,,,,,,,,,,,
424.99267220322423,14.525224773164732,2,EELS,Gold,"[{""position"": 0.0, ""amplitude"": 2.578669376523827, ""fwhm"": 2.64021333840469}]",0.0,2.578669376523827,2.64021333840469,,,,,,,,,,,,,,,
425.9721543722521,14.510737140928317,2,EELS,Gold,"[{""position"": 0.0, ""amplitude"": 2.578669376523827, ""fwhm"": 2.64021333840469}]",0.0,2.578669376523827,2.64021333840469,,,,,,,,,,,,,,,
426.9516365412799,14.525303297158311,2,EELS,Gold,"[{""position"": 0.0, ""amplitude"": 2.578669376523827, ""fwhm"": 2.64021333840469}]",0.0,2.578669376523827,2.64021333840469,,,,,,,,,,,,,,,
427.93111871030777,14.51348335427961,2,EELS,Gold,"[{""position"": 0.0, ""amplitude"": 2.578669376523827, ""fwhm"": 2.64021333840469}]",0.0,2.578669376523827,2.64021333840469,,,,,,,,,,,,,,,
428.91060087933556,14.508856965751553,2,EELS,Gold,"[{""position"": 0.0, ""amplitude"": 2.578669376523827, ""fwhm"": 2.64021333840469}]",0.0,2.578669376523827,2.64021333840469,,,,,,,,,,,,,,,
429.8900830483634,14.51639436234763,2,EELS,Gold,"[{""position"": 0.0, ""amplitude"": 2.578669376523827, ""fwhm"": 2.64021333840469}]",0.0,2.578669376523827,2.64021333840469,,,,,,,,,,,,,,,
430.86956521739125,14.508905856769271,2,EELS,Gold,"[{""position"": 0.0, ""amplitude"": 2.578669376523827, ""fwhm"": 2.64021333840469}]",0.0,2.578669376523827,2.64021333840469,,,,,,,,,,,,,,,
431.8490473864191,14.509245777736112,2,EELS,Gold,"[{""position"": 0.0, ""amplitude"": 2.578669376523827, ""fwhm"": 2.64021333840469}]",0.0,2.578669376523827,2.64021333840469,,,,,,,,,,,,,,,
432.82852955544695,14.509546359620053,2,EELS,Gold,"[{""position"": 0.0, ""amplitude"": 2.578669376523827, ""fwhm"": 2.64021333840469}]",0.0,2.578669376523827,2.64021333840469,,,,,,,,,,,,,,,
433.8080117244748,14.513036975572904,2,EELS,Gold,"[{""position"": 0.0, ""amplitude"": 2.578669376523827, ""fwhm"": 2.64021333840469}]",0.0,2.578669376523827,2.64021333840469,,,,,,,,,,,,,,,
434.78749389350264,14.509316476525258,2,EELS,Gold,"[{""position"": 0.0, ""amplitude"": 2.578669376523827, ""fwhm"": 2.64021333840469}]",0.0,2.578669376523827,2.64021333840469,,,,,,,,,,,,,,,
435.7669760625305,14.506826293175033,2,EELS,Gold,"[{""position"": 0.0, ""amplitude"": 2.578669376523827, ""fwhm"": 2.64021333840469}]",0.0,2.578669376523827,2.64021333840469,,,,,,,,,,,,,,,
436.74645823155834,14.51082676621112,2,EELS,Gold,"[{""position"": 0.0, ""amplitude"": 2.578669376523827, ""fwhm"": 2.64021333840469}]",0.0,2.578669376523827,2.64021333840469,,,,,,,,,,,,,,,
437.7259404005862,14.52042750496443,2,EELS,Gold,"[{""position"": 0.0, ""amplitude"": 2.578669376523827, ""fwhm"": 2.64021333840469}]",0.0,2.578669376523827,2.64021333840469,,,,,,,,,,,,,,,
438.70542256961403,14.512894167316395,2,EELS,Gold,"[{""position"": 0.0, ""amplitude"": 2.578669376523827, ""fwhm"": 2.64021333840469}]",0.0,2.578669376523827,2.64021333840469,,,,,,,,,,,,,,,
439.6849047386419,14.510235487726508,2,EELS,Gold,"[{""position"": 0.0, ""amplitude"": 2.578669376523827, ""fwhm"": 2.64021333840469}]",0.0,2.578669376523827,2.64021333840469,,,,,,,,,,,,,,,
440.6643869076697,14.521422285841268,2,EELS,Gold,"[{""position"": 0.0, ""amplitude"": 2.578669376523827, ""fwhm"": 2.64021333840469}]",0.0,2.578669376523827,2.64021333840469,,,,,,,,,,,,,,,
441.64386907669757,14.52248335692906,2,EELS,Gold,"[{""position"": 0.0, ""amplitude"": 2.578669376523827, ""fwhm"": 2.64021333840469}]",0.0,2.578669376523827,2.64021333840469,,,,,,,,,,,,,,,
442.6233512457254,14.523458014150886,2,EELS,Gold,"[{""position"": 0.0, ""amplitude"": 2.578669376523827, ""fwhm"": 2.64021333840469}]",0.0,2.578669376523827,2.64021333840469,,,,,,,,,,,,,,,
443.60283341475326,14.511826293175034,2,EELS,Gold,"[{""position"": 0.0, ""amplitude"": 2.578669376523827, ""fwhm"": 2.64021333840469}]",0.0,2.578669376523827,2.64021333840469,,,,,,,,,,,,,,,
444.5823155837811,14.509744539725892,2,EELS,Gold,"[{""position"": 0.0, ""amplitude"": 2.578669376523827, ""fwhm"": 2.64021333840469}]",0.0,2.578669376523827,2.64021333840469,,,,,,,,,,,,,,,
445.56179775280896,14.509346432044554,2,EELS,Gold,"[{""position"": 0.0, ""amplitude"": 2.578669376523827, ""fwhm"": 2.64021333840469}]",0.0,2.578669376523827,2.64021333840469,,,,,,,,,,,,,,,
446.5412799218368,14.508083623726579,2,EELS,Gold,"[{""position"": 0.0, ""amplitude"": 2.578669376523827, ""fwhm"": 2.64021333840469}]",0.0,2.578669376523827,2.64021333840469,,,,,,,,,,,,,,,
447.52076209086465,14.518591393783801,2,EELS,Gold,"[{""position"": 0.0, ""amplitude"": 2.578669376523827, ""fwhm"": 2.64021333840469}]",0.0,2.578669376523827,2.64021333840469,,,,,,,,,,,,,,,
448.5002442598925,14.509267599472276,2,EELS,Gold,"[{""position"": 0.0, ""amplitude"": 2.578669376523827, ""fwhm"": 2.64021333840469}]",0.0,2.578669376523827,2.64021333840469,,,,,,,,,,,,,,,
449.47972642892034,14.519792143188921,2,EELS,Gold,"[{""position"": 0.0, ""amplitude"": 2.578669376523827, ""fwhm"": 2.64021333840469}]",0.0,2.578669376523827,2.64021333840469,,,,,,,,,,,,,,,
450.4592085979482,14.524646989503966,2,EELS,Gold,"[{""position"": 0.0, ""amplitude"": 2.578669376523827, ""fwhm"": 2.64021333840469}]",0.0,2.578669376523827,2.64021333840469,,,,,,,,,,,,,,,
451.43869076697604,14.5132249321413,2,EELS,Gold,"[{""position"": 0.0, ""amplitude"": 2.578669376523827, ""fwhm"": 2.64021333840469}]",0.0,2.578669376523827,2.64021333840469,,,,,,,,,,,,,,,
452.4181729360039,14.514741337849093,2,EELS,Gold,"[{""position"": 0.0, ""amplitude"": 2.578669376523827, ""fwhm"": 2.64021333840469}]",0.0,2.578669376523827,2.64021333840469,,,,,,,,,,,,,,,
453.39765510503173,14.507980815223652,2,EELS,Gold,"[{""position"": 0.0, ""amplitude"": 2.578669376523827, ""fwhm"": 2.64021333840469}]",0.0,2.578669376523827,2.64021333840469,,,,,,,,,,,,,,,
454.3771372740596,14.510336728895043,2,EELS,Gold,"[{""position"": 0.0, ""amplitude"": 2.578669376523827, ""fwhm"": 2.64021333840469}]",0.0,2.578669376523827,2.64021333840469,,,,,,,,,,,,,,,
455.3566194430874,14.512030198203805,2,EELS,Gold,"[{""position"": 0.0, ""amplitude"": 2.578669376523827, ""fwhm"": 2.64021333840469}]",0.0,2.578669376523827,2.64021333840469,,,,,,,,,,,,,,,
456.33610161211527,14.508803305876393,2,EELS,Gold,"[{""position"": 0.0, ""amplitude"": 2.578669376523827, ""fwhm"": 2.64021333840469}]",0.0,2.578669376523827,2.64021333840469,,,,,,,,,,,,,,,
457.3155837811431,14.506826293175033,2,EELS,Gold,"[{""position"": 0.0, ""amplitude"": 2.578669376523827, ""fwhm"": 2.64021333840469}]",0.0,2.578669376523827,2.64021333840469,,,,,,,,,,,,,,,
458.29506595017097,14.522597261028416,2,EELS,Gold,"[{""position"": 0.0, ""amplitude"": 2.578669376523827, ""fwhm"": 2.64021333840469}]",0.0,2.578669376523827,2.64021333840469,,,,,,,,,,,,,,,
459.2745481191988,14.514983000659655,2,EELS,Gold,"[{""position"": 0.0, ""amplitude"": 2.578669376523827, ""fwhm"": 2.64021333840469}]",0.0,2.578669376523827,2.64021333840469,,,,,,,,,,,,,,,
460.25403028822666,14.511826293175034,2,EELS,Gold,"[{""position"": 0.0, ""amplitude"": 2.578669376523827, ""fwhm"": 2.64021333840469}]",0.0,2.578669376523827,2.64021333840469,,,,,,,,,,,,,,,
461.2335124572545,14.512634241269305,2,EELS,Gold,"[{""position"": 0.0, ""amplitude"": 2.578669376523827, ""fwhm"": 2.64021333840469}]",0.0,2.578669376523827,2.64021333840469,,,,,,,,,,,,,,,
462.21299462628235,14.511826293175034,2,EELS,Gold,"[{""position"": 0.0, ""amplitude"": 2.578669376523827, ""fwhm"": 2.64021333840469}]",0.0,2.578669376523827,2.64021333840469,,,,,,,,,,,,,,,
463.1924767953102,14.511826293175034,2,EELS,Gold,"[{""position"": 0.0, ""amplitude"": 2.578669376523827, ""fwhm"": 2.64021333840469}]",0.0,2.578669376523827,2.64021333840469,,,,,,,,,,,,,,,
464.17195896433805,14.511826293175034,2,EELS,Gold,"[{""position"": 0.0, ""amplitude"": 2.578669376523827, ""fwhm"": 2.64021333840469}]",0.0,2.578669376523827,2.64021333840469,,,,,,,,,,,,,,,
465.1514411333659,14.508607914740473,2,EELS,Gold,"[{""position"": 0.0, ""amplitude"": 2.578669376523827, ""fwhm"": 2.64021333840469}]",0.0,2.578669376523827,2.64021333840469,,,,,,,,,,,,,,,
466.13092330239374,14.509178041627301,2,EELS,Gold,"[{""position"": 0.0, ""amplitude"": 2.578669376523827, ""fwhm"": 2.64021333840469}]",0.0,2.578669376523827,2.64021333840469,,,,,,,,,,,,,,,
467.1104054714216,14.513147304000503,2,EELS,Gold,"[{""position"": 0.0, ""amplitude"": 2.578669376523827, ""fwhm"": 2.64021333840469}]",0.0,2.578669376523827,2.64021333840469,,,,,,,,,,,,,,,
468.08988764044943,14.517279314363906,2,EELS,Gold,"[{""position"": 0.0, ""amplitude"": 2.578669376523827, ""fwhm"": 2.64021333840469}]",0.0,2.578669376523827,2.64021333840469,,,,,,,,,,,,,,,
469.0693698094773,14.512262709612797,2,EELS,Gold,"[{""position"": 0.0, ""amplitude"": 2.578669376523827, ""fwhm"": 2.64021333840469}]",0.0,2.578669376523827,2.64021333840469,,,,,,,,,,,,,,,
470.0488519785051,14.515061112695403,2,EELS,Gold,"[{""position"": 0.0, ""amplitude"": 2.578669376523827, ""fwhm"": 2.64021333840469}]",0.0,2.578669376523827,2.64021333840469,,,,,,,,,,,,,,,
471.028334147533,14.518739054559878,2,EELS,Gold,"[{""position"": 0.0, ""amplitude"": 2.578669376523827, ""fwhm"": 2.64021333840469}]",0.0,2.578669376523827,2.64021333840469,,,,,,,,,,,,,,,
472.0078163165608,14.507305213670815,2,EELS,Gold,"[{""position"": 0.0, ""amplitude"": 2.578669376523827, ""fwhm"": 2.64021333840469}]",0.0,2.578669376523827,2.64021333840469,,,,,,,,,,,,,,,
472.98729848558867,14.511476890061813,2,EELS,Gold,"[{""position"": 0.0, ""amplitude"": 2.578669376523827, ""fwhm"": 2.64021333840469}]",0.0,2.578669376523827,2.64021333840469,,,,,,,,,,,,,,,
473.96678065461646,14.518146687886576,2,EELS,Gold,"[{""position"": 0.0, ""amplitude"": 2.578669376523827, ""fwhm"": 2.64021333840469}]",0.0,2.578669376523827,2.64021333840469,,,,,,,,,,,,,,,
474.9462628236443,14.506826293175033,2,EELS,Gold,"[{""position"": 0.0, ""amplitude"": 2.578669376523827, ""fwhm"": 2.64021333840469}]",0.0,2.578669376523827,2.64021333840469,,,,,,,,,,,,,,,
475.92574499267215,14.514421209851637,2,EELS,Gold,"[{""position"": 0.0, ""amplitude"": 2.578669376523827, ""fwhm"": 2.64021333840469}]",0.0,2.578669376523827,2.64021333840469,,,,,,,,,,,,,,,
476.9052271617,14.531018511159715,2,EELS,Gold,"[{""position"": 0.0, ""amplitude"": 2.578669376523827, ""fwhm"": 2.64021333840469}]",0.0,2.578669376523827,2.64021333840469,,,,,,,,,,,,,,,
477.88470933072784,14.508753034068967,2,EELS,Gold,"[{""position"": 0.0, ""amplitude"": 2.578669376523827, ""fwhm"": 2.64021333840469}]",0.0,2.578669376523827,2.64021333840469,,,,,,,,,,,,,,,
478.8641914997557,14.513307129524604,2,EELS,Gold,"[{""position"": 0.0, ""amplitude"": 2.578669376523827, ""fwhm"": 2.64021333840469}]",0.0,2.578669376523827,2.64021333840469,,,,,,,,,,,,,,,
479.84367366878354,14.507845092359021,2,EELS,Gold,"[{""position"": 0.0, ""amplitude"": 2.578669376523827, ""fwhm"": 2.64021333840469}]",0.0,2.578669376523827,2.64021333840469,,,,,,,,,,,,,,,
480.8231558378114,14.509232264215555,2,EELS,Gold,"[{""position"": 0.0, ""amplitude"": 2.578669376523827, ""fwhm"": 2.64021333840469}]",0.0,2.578669376523827,2.64021333840469,,,,,,,,,,,,,,,
481.80263800683923,14.509894836885385,2,EELS,Gold,"[{""position"": 0.0, ""amplitude"": 2.578669376523827, ""fwhm"": 2.64021333840469}]",0.0,2.578669376523827,2.64021333840469,,,,,,,,,,,,,,,
482.7821201758671,14.506826293175033,2,EELS,Gold,"[{""position"": 0.0, ""amplitude"": 2.578669376523827, ""fwhm"": 2.64021333840469}]",0.0,2.578669376523827,2.64021333840469,,,,,,,,,,,,,,,
483.7616023448949,14.512841551659104,2,EELS,Gold,"[{""position"": 0.0, ""amplitude"": 2.578669376523827, ""fwhm"": 2.64021333840469}]",0.0,2.578669376523827,2.64021333840469,,,,,,,,,,,,,,,
484.7410845139228,14.506826293175033,2,EELS,Gold,"[{""position"": 0.0, ""amplitude"": 2.578669376523827, ""fwhm"": 2.64021333840469}]",0.0,2.578669376523827,2.64021333840469,,,,,,,,,,,,,,,
485.7205666829506,14.517332916245694,2,EELS,Gold,"[{""position"": 0.0, ""amplitude"": 2.578669376523827, ""fwhm"": 2.64021333840469}]",0.0,2.578669376523827,2.64021333840469,,,,,,,,,,,,,,,
486.70004885197847,14.506826293175033,2,EELS,Gold,"[{""position"": 0.0, ""amplitude"": 2.578669376523827, ""fwhm"": 2.64021333840469}]",0.0,2.578669376523827,2.64021333840469,,,,,,,,,,,,,,,
487.6795310210063,14.523711202582755,2,EELS,Gold,"[{""position"": 0.0, ""amplitude"": 2.578669376523827, ""fwhm"": 2.64021333840469}]",0.0,2.578669376523827,2.64021333840469,,,,,,,,,,,,,,,
488.65901319003416,14.506826293175033,2,EELS,Gold,"[{""position"": 0.0, ""amplitude"": 2.578669376523827, ""fwhm"": 2.64021333840469}]",0.0,2.578669376523827,2.64021333840469,,,,,,,,,,,,,,,
489.638495359062,14.511826293175034,2,EELS,Gold,"[{""position"": 0.0, ""amplitude"": 2.578669376523827, ""fwhm"": 2.64021333840469}]",0.0,2.578669376523827,2.64021333840469,,,,,,,,,,,,,,,
490.61797752808985,14.525277436072766,2,EELS,Gold,"[{""position"": 0.0, ""amplitude"": 2.578669376523827, ""fwhm"": 2.64021333840469}]",0.0,2.578669376523827,2.64021333840469,,,,,,,,,,,,,,,
491.5974596971177,14.506826293175033,2,EELS,Gold,"[{""position"": 0.0, ""amplitude"": 2.578669376523827, ""fwhm"": 2.64021333840469}]",0.0,2.578669376523827,2.64021333840469,,,,,,,,,,,,,,,
492.57694186614555,14.516826293175033,2,EELS,Gold,"[{""position"": 0.0, ""amplitude"": 2.578669376523827, ""fwhm"": 2.64021333840469}]",0.0,2.578669376523827,2.64021333840469,,,,,,,,,,,,,,,
493.5564240351734,14.508401079217883,2,EELS,Gold,"[{""position"": 0.0, ""amplitude"": 2.578669376523827, ""fwhm"": 2.64021333840469}]",0.0,2.578669376523827,2.64021333840469,,,,,,,,,,,,,,,
494.53590620420124,14.506826293175033,2,EELS,Gold,"[{""position"": 0.0, ""amplitude"": 2.578669376523827, ""fwhm"": 2.64021333840469}]",0.0,2.578669376523827,2.64021333840469,,,,,,,,,,,,,,,
495.5153883732291,14.512227115859051,2,EELS,Gold,"[{""position"": 0.0, ""amplitude"": 2.578669376523827, ""fwhm"": 2.64021333840469}]",0.0,2.578669376523827,2.64021333840469,,,,,,,,,,,,,,,
496.49487054225693,14.516826293175033,2,EELS,Gold,"[{""position"": 0.0, ""amplitude"": 2.578669376523827, ""fwhm"": 2.64021333840469}]",0.0,2.578669376523827,2.64021333840469,,,,,,,,,,,,,,,
497.4743527112848,14.522767196705992,2,EELS,Gold,"[{""position"": 0.0, ""amplitude"": 2.578669376523827, ""fwhm"": 2.64021333840469}]",0.0,2.578669376523827,2.64021333840469,,,,,,,,,,,,,,,
498.4538348803126,14.511826293175034,2,EELS,Gold,"[{""position"": 0.0, ""amplitude"": 2.578669376523827, ""fwhm"": 2.64021333840469}]",0.0,2.578669376523827,2.64021333840469,,,,,,,,,,,,,,,
499.4333170493405,14.51995366741209,2,EELS,Gold,"[{""position"": 0.0, ""amplitude"": 2.578669376523827, ""fwhm"": 2.64021333840469}]",0.0,2.578669376523827,2.64021333840469,,,,,,,,,,,,,,,
500.4127992183683,14.511826293175034,2,EELS,Gold,"[{""position"": 0.0, ""amplitude"": 2.578669376523827, ""fwhm"": 2.64021333840469}]",0.0,2.578669376523827,2.64021333840469,,,,,,,,,,,,,,,
501.39228138739617,14.508093889649853,2,EELS,Gold,"[{""position"": 0.0, ""amplitude"": 2.578669376523827, ""fwhm"": 2.64021333840469}]",0.0,2.578669376523827,2.64021333840469,,,,,,,,,,,,,,,
502.371763556424,14.511826293175034,2,EELS,Gold,"[{""position"": 0.0, ""amplitude"": 2.578669376523827, ""fwhm"": 2.64021333840469}]",0.0,2.578669376523827,2.64021333840469,,,,,,,,,,,,,,,
503.35124572545186,14.516826293175033,2,EELS,Gold,"[{""position"": 0.0, ""amplitude"": 2.578669376523827, ""fwhm"": 2.64021333840469}]",0.0,2.578669376523827,2.64021333840469,,,,,,,,,,,,,,,
504.3307278944797,14.511826293175034,2,EELS,Gold,"[{""position"": 0.0, ""amplitude"": 2.578669376523827, ""fwhm"": 2.64021333840469}]",0.0,2.578669376523827,2.64021333840469,,,,,,,,,,,,,,,
505.31021006350755,14.50911935387073,2,EELS,Gold,"[{""position"": 0.0, ""amplitude"": 2.578669376523827, ""fwhm"": 2.64021333840469}]",0.0,2.578669376523827,2.64021333840469,,,,,,,,,,,,,,,
506.2896922325354,14.516826293175033,2,EELS,Gold,"[{""position"": 0.0, ""amplitude"": 2.578669376523827, ""fwhm"": 2.64021333840469}]",0.0,2.578669376523827,2.64021333840469,,,,,,,,,,,,,,,
507.2691744015632,14.513483510152644,2,EELS,Gold,"[{""position"": 0.0, ""amplitude"": 2.578669376523827, ""fwhm"": 2.64021333840469}]",0.0,2.578669376523827,2.64021333840469,,,,,,,,,,,,,,,
508.24865657059104,14.511826293175034,2,EELS,Gold,"[{""position"": 0.0, ""amplitude"": 2.578669376523827, ""fwhm"": 2.64021333840469}]",0.0,2.578669376523827,2.64021333840469,,,,,,,,,,,,,,,
509.2281387396189,14.518226469883619,2,EELS,Gold,"[{""position"": 0.0, ""amplitude"": 2.578669376523827, ""fwhm"": 2.64021333840469}]",0.0,2.578669376523827,2.64021333840469,,,,,,,,,,,,,,,
510.20762090864673,14.51969910232386,2,EELS,Gold,"[{""position"": 0.0, ""amplitude"": 2.578669376523827, ""fwhm"": 2.64021333840469}]",0.0,2.578669376523827,2.64021333840469,,,,,,,,,,,,,,,
511.1871030776746,14.511826293175034,2,EELS,Gold,"[{""position"": 0.0, ""amplitude"": 2.578669376523827, ""fwhm"": 2.64021333840469}]",0.0,2.578669376523827,2.64021333840469,,,,,,,,,,,,,,,
512.1665852467024,14.509237577788015,2,EELS,Gold,"[{""position"": 0.0, ""amplitude"": 2.578669376523827, ""fwhm"": 2.64021333840469}]",0.0,2.578669376523827,2.64021333840469,,,,,,,,,,,,,,,
513.1460674157303,14.512609334281152,2,EELS,Gold,"[{""position"": 0.0, ""amplitude"": 2.578669376523827, ""fwhm"": 2.64021333840469}]",0.0,2.578669376523827,2.64021333840469,,,,,,,,,,,,,,,
514.1255495847581,14.521587349186964,2,EELS,Gold,"[{""position"": 0.0, ""amplitude"": 2.578669376523827, ""fwhm"": 2.64021333840469}]",0.0,2.578669376523827,2.64021333840469,,,,,,,,,,,,,,,
515.105031753786,14.516826293175033,2,EELS,Gold,"[{""position"": 0.0, ""amplitude"": 2.578669376523827, ""fwhm"": 2.64021333840469}]",0.0,2.578669376523827,2.64021333840469,,,,,,,,,,,,,,,
516.0845139228138,14.519705905732257,2,EELS,Gold,"[{""position"": 0.0, ""amplitude"": 2.578669376523827, ""fwhm"": 2.64021333840469}]",0.0,2.578669376523827,2.64021333840469,,,,,,,,,,,,,,,
517.0639960918417,14.511826293175034,2,EELS,Gold,"[{""position"": 0.0, ""amplitude"": 2.578669376523827, ""fwhm"": 2.64021333840469}]",0.0,2.578669376523827,2.64021333840469,,,,,,,,,,,,,,,
518.0434782608695,14.511826293175034,2,EELS,Gold,"[{""position"": 0.0, ""amplitude"": 2.578669376523827, ""fwhm"": 2.64021333840469}]",0.0,2.578669376523827,2.64021333840469,,,,,,,,,,,,,,,
519.0229604298974,14.511826293175034,2,EELS,Gold,"[{""position"": 0.0, ""amplitude"": 2.578669376523827, ""fwhm"": 2.64021333840469}]",0.0,2.578669376523827,2.64021333840469,,,,,,,,,,,,,,,
520.0024425989252,14.512179252506446,2,EELS,Gold,"[{""position"": 0.0, ""amplitude"": 2.578669376523827, ""fwhm"": 2.64021333840469}]",0.0,2.578669376523827,2.64021333840469,,,,,,,,,,,,,,,
520.981924767953,14.511826293175034,2,EELS,Gold,"[{""position"": 0.0, ""amplitude"": 2.578669376523827, ""fwhm"": 2.64021333840469}]",0.0,2.578669376523827,2.64021333840469,,,,,,,,,,,,,,,
521.9614069369809,14.511945859095368,2,EELS,Gold,"[{""position"": 0.0, ""amplitude"": 2.578669376523827, ""fwhm"": 2.64021333840469}]",0.0,2.578669376523827,2.64021333840469,,,,,,,,,,,,,,,
522.9408891060087,14.513522344490896,2,EELS,Gold,"[{""position"": 0.0, ""amplitude"": 2.578669376523827, ""fwhm"": 2.64021333840469}]",0.0,2.578669376523827,2.64021333840469,,,,,,,,,,,,,,,
523.9203712750366,14.507358447151617,2,EELS,Gold,"[{""position"": 0.0, ""amplitude"": 2.578669376523827, ""fwhm"": 2.64021333840469}]",0.0,2.578669376523827,2.64021333840469,,,,,,,,,,,,,,,
524.8998534440644,14.511826293175034,2,EELS,Gold,"[{""position"": 0.0, ""amplitude"": 2.578669376523827, ""fwhm"": 2.64021333840469}]",0.0,2.578669376523827,2.64021333840469,,,,,,,,,,,,,,,
525.8793356130923,14.516826293175033,2,EELS,Gold,"[{""position"": 0.0, ""amplitude"": 2.578669376523827, ""fwhm"": 2.64021333840469}]",0.0,2.578669376523827,2.64021333840469,,,,,,,,,,,,,,,
526.8588177821201,14.507780029748803,2,EELS,Gold,"[{""position"": 0.0, ""amplitude"": 2.578669376523827, ""fwhm"": 2.64021333840469}]",0.0,2.578669376523827,2.64021333840469,,,,,,,,,,,,,,,
527.838299951148,14.523314170793018,2,EELS,Gold,"[{""position"": 0.0, ""amplitude"": 2.578669376523827, ""fwhm"": 2.64021333840469}]",0.0,2.578669376523827,2.64021333840469,,,,,,,,,,,,,,,
528.8177821201758,14.514122330143662,2,EELS,Gold,"[{""position"": 0.0, ""amplitude"": 2.578669376523827, ""fwhm"": 2.64021333840469}]",0.0,2.578669376523827,2.64021333840469,,,,,,,,,,,,,,,
529.7972642892037,14.522253105542923,2,EELS,Gold,"[{""position"": 0.0, ""amplitude"": 2.578669376523827, ""fwhm"": 2.64021333840469}]",0.0,2.578669376523827,2.64021333840469,,,,,,,,,,,,,,,
530.7767464582315,14.511826293175034,2,EELS,Gold,"[{""position"": 0.0, ""amplitude"": 2.578669376523827, ""fwhm"": 2.64021333840469}]",0.0,2.578669376523827,2.64021333840469,,,,,,,,,,,,,,,
531.7562286272594,14.51213192734827,2,EELS,Gold,"[{""position"": 0.0, ""amplitude"": 2.578669376523827, ""fwhm"": 2.64021333840469}]",0.0,2.578669376523827,2.64021333840469,,,,,,,,,,,,,,,
532.7357107962872,14.515371690054664,2,EELS,Gold,"[{""position"": 0.0, ""amplitude"": 2.578669376523827, ""fwhm"": 2.64021333840469}]",0.0,2.578669376523827,2.64021333840469,,,,,,,,,,,,,,,
533.715192965315,14.516970856647681,2,EELS,Gold,"[{""position"": 0.0, ""amplitude"": 2.578669376523827, ""fwhm"": 2.64021333840469}]",0.0,2.578669376523827,2.64021333840469,,,,,,,,,,,,,,,
534.6946751343429,14.506826293175033,2,EELS,Gold,"[{""position"": 0.0, ""amplitude"": 2.578669376523827, ""fwhm"": 2.64021333840469}]",0.0,2.578669376523827,2.64021333840469,,,,,,,,,,,,,,,
535.6741573033707,14.511826293175034,2,EELS,Gold,"[{""position"": 0.0, ""amplitude"": 2.578669376523827, ""fwhm"": 2.64021333840469}]",0.0,2.578669376523827,2.64021333840469,,,,,,,,,,,,,,,
536.6536394723986,14.513118110434307,2,EELS,Gold,"[{""position"": 0.0, ""amplitude"": 2.578669376523827, ""fwhm"": 2.64021333840469}]",0.0,2.578669376523827,2.64021333840469,,,,,,,,,,,,,,,
537.6331216414264,14.51301762218025,2,EELS,Gold,"[{""position"": 0.0, ""amplitude"": 2.578669376523827, ""fwhm"": 2.64021333840469}]",0.0,2.578669376523827,2.64021333840469,,,,,,,,,,,,,,,
538.6126038104543,14.508991586207527,2,EELS,Gold,"[{""position"": 0.0, ""amplitude"": 2.578669376523827, ""fwhm"": 2.64021333840469}]",0.0,2.578669376523827,2.64021333840469,,,,,,,,,,,,,,,
539.5920859794821,14.506826293175033,2,EELS,Gold,"[{""position"": 0.0, ""amplitude"": 2.578669376523827, ""fwhm"": 2.64021333840469}]",0.0,2.578669376523827,2.64021333840469,,,,,,,,,,,,,,,
540.57156814851,14.51291491537555,2,EELS,Gold,"[{""position"": 0.0, ""amplitude"": 2.578669376523827, ""fwhm"": 2.64021333840469}]",0.0,2.578669376523827,2.64021333840469,,,,,,,,,,,,,,,
541.5510503175378,14.516826293175033,2,EELS,Gold,"[{""position"": 0.0, ""amplitude"": 2.578669376523827, ""fwhm"": 2.64021333840469}]",0.0,2.578669376523827,2.64021333840469,,,,,,,,,,,,,,,
542.5305324865657,14.512902773471188,2,EELS,Gold,"[{""position"": 0.0, ""amplitude"": 2.578669376523827, ""fwhm"": 2.64021333840469}]",0.0,2.578669376523827,2.64021333840469,,,,,,,,,,,,,,,
543.5100146555935,14.512363743787713,2,EELS,Gold,"[{""position"": 0.0, ""amplitude"": 2.578669376523827, ""fwhm"": 2.64021333840469}]",0.0,2.578669376523827,2.64021333840469,,,,,,,,,,,,,,,
544.4894968246214,14.511826293175034,2,EELS,Gold,"[{""position"": 0.0, ""amplitude"": 2.578669376523827, ""fwhm"": 2.64021333840469}]",0.0,2.578669376523827,2.64021333840469,,,,,,,,,,,,,,,
545.4689789936492,14.516232216824415,2,EELS,Gold,"[{""position"": 0.0, ""amplitude"": 2.578669376523827, ""fwhm"": 2.64021333840469}]",0.0,2.578669376523827,2.64021333840469,,,,,,,,,,,,,,,
546.4484611626771,14.511826293175034,2,EELS,Gold,"[{""position"": 0.0, ""amplitude"": 2.578669376523827, ""fwhm"": 2.64021333840469}]",0.0,2.578669376523827,2.64021333840469,,,,,,,,,,,,,,,
547.4279433317049,14.51183853422949,2,EELS,Gold,"[{""position"": 0.0, ""amplitude"": 2.578669376523827, ""fwhm"": 2.64021333840469}]",0.0,2.578669376523827,2.64021333840469,,,,,,,,,,,,,,,
548.4074255007328,14.516826293175033,2,EELS,Gold,"[{""position"": 0.0, ""amplitude"": 2.578669376523827, ""fwhm"": 2.64021333840469}]",0.0,2.578669376523827,2.64021333840469,,,,,,,,,,,,,,,
549.3869076697606,14.521921803272567,2,EELS,Gold,"[{""position"": 0.0, ""amplitude"": 2.578669376523827, ""fwhm"": 2.64021333840469}]",0.0,2.578669376523827,2.64021333840469,,,,,,,,,,,,,,,
550.3663898387885,14.513730382650103,2,EELS,Gold,"[{""position"": 0.0, ""amplitude"": 2.578669376523827, ""fwhm"": 2.64021333840469}]",0.0,2.578669376523827,2.64021333840469,,,,,,,,,,,,,,,
551.3458720078163,14.511826293175034,2,EELS,Gold,"[{""position"": 0.0, ""amplitude"": 2.578669376523827, ""fwhm"": 2.64021333840469}]",0.0,2.578669376523827,2.64021333840469,,,,,,,,,,,,,,,
552.3253541768441,14.511826293175034,2,EELS,Gold,"[{""position"": 0.0, ""amplitude"": 2.578669376523827, ""fwhm"": 2.64021333840469}]",0.0,2.578669376523827,2.64021333840469,,,,,,,,,,,,,,,
553.304836345872,14.511971099573698,2,EELS,Gold,"[{""position"": 0.0, ""amplitude"": 2.578669376523827, ""fwhm"": 2.64021333840469}]",0.0,2.578669376523827,2.64021333840469,,,,,,,,,,,,,,,
554.2843185148998,14.511826293175034,2,EELS,Gold,"[{""position"": 0.0, ""amplitude"": 2.578669376523827, ""fwhm"": 2.64021333840469}]",0.0,2.578669376523827,2.64021333840469,,,,,,,,,,,,,,,
555.2638006839277,14.506826293175033,2,EELS,Gold,"[{""position"": 0.0, ""amplitude"": 2.578669376523827, ""fwhm"": 2.64021333840469}]",0.0,2.578669376523827,2.64021333840469,,,,,,,,,,,,,,,
556.2432828529555,14.532908291932687,2,EELS,Gold,"[{""position"": 0.0, ""amplitude"": 2.578669376523827, ""fwhm"": 2.64021333840469}]",0.0,2.578669376523827,2.64021333840469,,,,,,,,,,,,,,,
557.2227650219834,14.512962030607694,2,EELS,Gold,"[{""position"": 0.0, ""amplitude"": 2.578669376523827, ""fwhm"": 2.64021333840469}]",0.0,2.578669376523827,2.64021333840469,,,,,,,,,,,,,,,
558.2022471910112,14.508866046522561,2,EELS,Gold,"[{""position"": 0.0, ""amplitude"": 2.578669376523827, ""fwhm"": 2.64021333840469}]",0.0,2.578669376523827,2.64021333840469,,,,,,,,,,,,,,,
559.1817293600391,14.5138785931024,2,EELS,Gold,"[{""position"": 0.0, ""amplitude"": 2.578669376523827, ""fwhm"": 2.64021333840469}]",0.0,2.578669376523827,2.64021333840469,,,,,,,,,,,,,,,
560.1612115290669,14.511705308224546,2,EELS,Gold,"[{""position"": 0.0, ""amplitude"": 2.578669376523827, ""fwhm"": 2.64021333840469}]",0.0,2.578669376523827,2.64021333840469,,,,,,,,,,,,,,,
561.1406936980948,14.516826293175033,2,EELS,Gold,"[{""position"": 0.0, ""amplitude"": 2.578669376523827, ""fwhm"": 2.64021333840469}]",0.0,2.578669376523827,2.64021333840469,,,,,,,,,,,,,,,
562.1201758671226,14.516826293175033,2,EELS,Gold,"[{""position"": 0.0, ""amplitude"": 2.578669376523827, ""fwhm"": 2.64021333840469}]",0.0,2.578669376523827,2.64021333840469,,,,,,,,,,,,,,,
563.0996580361505,14.518834736504452,2,EELS,Gold,"[{""position"": 0.0, ""amplitude"": 2.578669376523827, ""fwhm"": 2.64021333840469}]",0.0,2.578669376523827,2.64021333840469,,,,,,,,,,,,,,,
564.0791402051783,14.516826293175033,2,EELS,Gold,"[{""position"": 0.0, ""amplitude"": 2.578669376523827, ""fwhm"": 2.64021333840469}]",0.0,2.578669376523827,2.64021333840469,,,,,,,,,,,,,,,
565.0586223742062,14.516826293175033,2,EELS,Gold,"[{""position"": 0.0, ""amplitude"": 2.578669376523827, ""fwhm"": 2.64021333840469}]",0.0,2.578669376523827,2.64021333840469,,,,,,,,,,,,,,,
566.038104543234,14.51192603694002,2,EELS,Gold,"[{""position"": 0.0, ""amplitude"": 2.578669376523827, ""fwhm"": 2.64021333840469}]",0.0,2.578669376523827,2.64021333840469,,,,,,,,,,,,,,,
567.0175867122618,14.526826293175032,2,EELS,Gold,"[{""position"": 0.0, ""amplitude"": 2.578669376523827, ""fwhm"": 2.64021333840469}]",0.0,2.578669376523827,2.64021333840469,,,,,,,,,,,,,,,
567.9970688812897,14.511826293175034,2,EELS,Gold,"[{""position"": 0.0, ""amplitude"": 2.578669376523827, ""fwhm"": 2.64021333840469}]",0.0,2.578669376523827,2.64021333840469,,,,,,,,,,,,,,,
568.9765510503175,14.506951140418176,2,EELS,Gold,"[{""position"": 0.0, ""amplitude"": 2.578669376523827, ""fwhm"": 2.64021333840469}]",0.0,2.578669376523827,2.64021333840469,,,,,,,,,,,,,,,
569.9560332193454,14.52047580207777,2,EELS,Gold,"[{""position"": 0.0, ""amplitude"": 2.578669376523827, ""fwhm"": 2.64021333840469}]",0.0,2.578669376523827,2.64021333840469,,,,,,,,,,,,,,,
570.9355153883732,14.511826293175034,2,EELS,Gold,"[{""position"": 0.0, ""amplitude"": 2.578669376523827, ""fwhm"": 2.64021333840469}]",0.0,2.578669376523827,2.64021333840469,,,,,,,,,,,,,,,
571.9149975574011,14.508164694573889,2,EELS,Gold,"[{""position"": 0.0, ""amplitude"": 2.578669376523827, ""fwhm"": 2.64021333840469}]",0.0,2.578669376523827,2.64021333840469,,,,,,,,,,,,,,,
572.8944797264289,14.506826293175033,2,EELS,Gold,"[{""position"": 0.0, ""amplitude"": 2.578669376523827, ""fwhm"": 2.64021333840469}]",0.0,2.578669376523827,2.64021333840469,,,,,,,,,,,,,,,
573.8739618954568,14.508704819420652,2,EELS,Gold,"[{""position"": 0.0, ""amplitude"": 2.578669376523827, ""fwhm"": 2.64021333840469}]",0.0,2.578669376523827,2.64021333840469,,,,,,,,,,,,,,,
574.8534440644846,14.506826293175033,2,EELS,Gold,"[{""position"": 0.0, ""amplitude"": 2.578669376523827, ""fwhm"": 2.64021333840469}]",0.0,2.578669376523827,2.64021333840469,,,,,,,,,,,,,,,
575.8329262335125,14.51613387967255,2,EELS,Gold,"[{""position"": 0.0, ""amplitude"": 2.578669376523827, ""fwhm"": 2.64021333840469}]",0.0,2.578669376523827,2.64021333840469,,,,,,,,,,,,,,,
576.8124084025403,14.506826293175033,2,EELS,Gold,"[{""position"": 0.0, ""amplitude"": 2.578669376523827, ""fwhm"": 2.64021333840469}]",0.0,2.578669376523827,2.64021333840469,,,,,,,,,,,,,,,
577.7918905715682,14.511826293175034,2,EELS,Gold,"[{""position"": 0.0, ""amplitude"": 2.578669376523827, ""fwhm"": 2.64021333840469}]",0.0,2.578669376523827,2.64021333840469,,,,,,,,,,,,,,,
578.771372740596,14.506826293175033,2,EELS,Gold,"[{""position"": 0.0, ""amplitude"": 2.578669376523827, ""fwhm"": 2.64021333840469}]",0.0,2.578669376523827,2.64021333840469,,,,,,,,,,,,,,,
579.7508549096239,14.516826293175033,2,EELS,Gold,"[{""position"": 0.0, ""amplitude"": 2.578669376523827, ""fwhm"": 2.64021333840469}]",0.0,2.578669376523827,2.64021333840469,,,,,,,,,,,,,,,
580.7303370786517,14.509855286136778,2,EELS,Gold,"[{""position"": 0.0, ""amplitude"": 2.578669376523827, ""fwhm"": 2.64021333840469}]",0.0,2.578669376523827,2.64021333840469,,,,,,,,,,,,,,,
581.7098192476795,14.521826293175033,2,EELS,Gold,"[{""position"": 0.0, ""amplitude"": 2.578669376523827, ""fwhm"": 2.64021333840469}]",0.0,2.578669376523827,2.64021333840469,,,,,,,,,,,,,,,
582.6893014167074,14.511826293175034,2,EELS,Gold,"[{""position"": 0.0, ""amplitude"": 2.578669376523827, ""fwhm"": 2.64021333840469}]",0.0,2.578669376523827,2.64021333840469,,,,,,,,,,,,,,,
583.6687835857352,14.509532735949564,2,EELS,Gold,"[{""position"": 0.0, ""amplitude"": 2.578669376523827, ""fwhm"": 2.64021333840469}]",0.0,2.578669376523827,2.64021333840469,,,,,,,,,,,,,,,
584.6482657547631,14.511826293175034,2,EELS,Gold,"[{""position"": 0.0, ""amplitude"": 2.578669376523827, ""fwhm"": 2.64021333840469}]",0.0,2.578669376523827,2.64021333840469,,,,,,,,,,,,,,,
585.6277479237909,14.506826293175033,2,EELS,Gold,"[{""position"": 0.0, ""amplitude"": 2.578669376523827, ""fwhm"": 2.64021333840469}]",0.0,2.578669376523827,2.64021333840469,,,,,,,,,,,,,,,
586.6072300928188,14.516826293175033,2,EELS,Gold,"[{""position"": 0.0, ""amplitude"": 2.578669376523827, ""fwhm"": 2.64021333840469}]",0.0,2.578669376523827,2.64021333840469,,,,,,,,,,,,,,,
587.5867122618466,14.512606383946647,2,EELS,Gold,"[{""position"": 0.0, ""amplitude"": 2.578669376523827, ""fwhm"": 2.64021333840469}]",0.0,2.578669376523827,2.64021333840469,,,,,,,,,,,,,,,
588.5661944308744,14.511826293175034,2,EELS,Gold,"[{""position"": 0.0, ""amplitude"": 2.578669376523827, ""fwhm"": 2.64021333840469}]",0.0,2.578669376523827,2.64021333840469,,,,,,,,,,,,,,,
589.5456765999022,14.506826293175033,2,EELS,Gold,"[{""position"": 0.0, ""amplitude"": 2.578669376523827, ""fwhm"": 2.64021333840469}]",0.0,2.578669376523827,2.64021333840469,,,,,,,,,,,,,,,
590.52515876893,14.512901280239793,2,EELS,Gold,"[{""position"": 0.0, ""amplitude"": 2.578669376523827, ""fwhm"": 2.64021333840469}]",0.0,2.578669376523827,2.64021333840469,,,,,,,,,,,,,,,
591.5046409379579,14.511826293175034,2,EELS,Gold,"[{""position"": 0.0, ""amplitude"": 2.578669376523827, ""fwhm"": 2.64021333840469}]",0.0,2.578669376523827,2.64021333840469,,,,,,,,,,,,,,,
592.4841231069857,14.506826293175033,2,EELS,Gold,"[{""position"": 0.0, ""amplitude"": 2.578669376523827, ""fwhm"": 2.64021333840469}]",0.0,2.578669376523827,2.64021333840469,,,,,,,,,,,,,,,
593.4636052760136,14.515196208652911,2,EELS,Gold,"[{""position"": 0.0, ""amplitude"": 2.578669376523827, ""fwhm"": 2.64021333840469}]",0.0,2.578669376523827,2.64021333840469,,,,,,,,,,,,,,,
594.4430874450414,14.50828678956538,2,EELS,Gold,"[{""position"": 0.0, ""amplitude"": 2.578669376523827, ""fwhm"": 2.64021333840469}]",0.0,2.578669376523827,2.64021333840469,,,,,,,,,,,,,,,
595.4225696140693,14.531583104485945,2,EELS,Gold,"[{""position"": 0.0, ""amplitude"": 2.578669376523827, ""fwhm"": 2.64021333840469}]",0.0,2.578669376523827,2.64021333840469,,,,,,,,,,,,,,,
596.4020517830971,14.51404512101815,2,EELS,Gold,"[{""position"": 0.0, ""amplitude"": 2.578669376523827, ""fwhm"": 2.64021333840469}]",0.0,2.578669376523827,2.64021333840469,,,,,,,,,,,,,,,
597.381533952125,14.511826293175034,2,EELS,Gold,"[{""position"": 0.0, ""amplitude"": 2.578669376523827, ""fwhm"": 2.64021333840469}]",0.0,2.578669376523827,2.64021333840469,,,,,,,,,,,,,,,
598.3610161211528,14.537268015921272,2,EELS,Gold,"[{""position"": 0.0, ""amplitude"": 2.578669376523827, ""fwhm"": 2.64021333840469}]",0.0,2.578669376523827,2.64021333840469,,,,,,,,,,,,,,,
599.3404982901807,14.506826293175033,2,EELS,Gold,"[{""position"": 0.0, ""amplitude"": 2.578669376523827, ""fwhm"": 2.64021333840469}]",0.0,2.578669376523827,2.64021333840469,,,,,,,,,,,,,,,
600.3199804592085,14.511826293175034,2,EELS,Gold,"[{""position"": 0.0, ""amplitude"": 2.578669376523827, ""fwhm"": 2.64021333840469}]",0.0,2.578669376523827,2.64021333840469,,,,,,,,,,,,,,,
601.2994626282364,14.511826293175034,2,EELS,Gold,"[{""position"": 0.0, ""amplitude"": 2.578669376523827, ""fwhm"": 2.64021333840469}]",0.0,2.578669376523827,2.64021333840469,,,,,,,,,,,,,,,
602.2789447972642,14.524541936899261,2,EELS,Gold,"[{""position"": 0.0, ""amplitude"": 2.578669376523827, ""fwhm"": 2.64021333840469}]",0.0,2.578669376523827,2.64021333840469,,,,,,,,,,,,,,,
603.2584269662921,14.51271815701719,2,EELS,Gold,"[{""position"": 0.0, ""amplitude"": 2.578669376523827, ""fwhm"": 2.64021333840469}]",0.0,2.578669376523827,2.64021333840469,,,,,,,,,,,,,,,
604.2379091353199,14.506826293175033,2,EELS,Gold,"[{""position"": 0.0, ""amplitude"": 2.578669376523827, ""fwhm"": 2.64021333840469}]",0.0,2.578669376523827,2.64021333840469,,,,,,,,,,,,,,,
605.2173913043478,14.516826293175033,2,EELS,Gold,"[{""position"": 0.0, ""amplitude"": 2.578669376523827, ""fwhm"": 2.64021333840469}]",0.0,2.578669376523827,2.64021333840469,,,,,,,,,,,,,,,
606.1968734733756,14.516826293175033,2,EELS,Gold,"[{""position"": 0.0, ""amplitude"": 2.578669376523827, ""fwhm"": 2.64021333840469}]",0.0,2.578669376523827,2.64021333840469,,,,,,,,,,,,,,,
607.1763556424035,14.511826293175034,2,EELS,Gold,"[{""position"": 0.0, ""amplitude"": 2.578669376523827, ""fwhm"": 2.64021333840469}]",0.0,2.578669376523827,2.64021333840469,,,,,,,,,,,,,,,
608.1558378114313,14.508838759970878,2,EELS,Gold,"[{""position"": 0.0, ""amplitude"": 2.578669376523827, ""fwhm"": 2.64021333840469}]",0.0,2.578669376523827,2.64021333840469,,,,,,,,,,,,,,,
609.1353199804591,14.506826293175033,2,EELS,Gold,"[{""position"": 0.0, ""amplitude"": 2.578669376523827, ""fwhm"": 2.64021333840469}]",0.0,2.578669376523827,2.64021333840469,,,,,,,,,,,,,,,
610.114802149487,14.511826293175034,2,EELS,Gold,"[{""position"": 0.0, ""amplitude"": 2.578669376523827, ""fwhm"": 2.64021333840469}]",0.0,2.578669376523827,2.64021333840469,,,,,,,,,,,,,,,
611.0942843185148,14.506826293175033,2,EELS,Gold,"[{""position"": 0.0, ""amplitude"": 2.578669376523827, ""fwhm"": 2.64021333840469}]",0.0,2.578669376523827,2.64021333840469,,,,,,,,,,,,,,,
612.0737664875427,14.519830902194975,2,EELS,Gold,"[{""position"": 0.0, ""amplitude"": 2.578669376523827, ""fwhm"": 2.64021333840469}]",0.0,2.578669376523827,2.64021333840469,,,,,,,,,,,,,,,
613.0532486565705,14.506826293175033,2,EELS,Gold,"[{""position"": 0.0, ""amplitude"": 2.578669376523827, ""fwhm"": 2.64021333840469}]",0.0,2.578669376523827,2.64021333840469,,,,,,,,,,,,,,,
614.0327308255984,14.515058866401745,2,EELS,Gold,"[{""position"": 0.0, ""amplitude"": 2.578669376523827, ""fwhm"": 2.64021333840469}]",0.0,2.578669376523827,2.64021333840469,,,,,,,,,,,,,,,
615.0122129946262,14.52104164252217,2,EELS,Gold,"[{""position"": 0.0, ""amplitude"": 2.578669376523827, ""fwhm"": 2.64021333840469}]",0.0,2.578669376523827,2.64021333840469,,,,,,,,,,,,,,,
615.9916951636541,14.509622816107466,2,EELS,Gold,"[{""position"": 0.0, ""amplitude"": 2.578669376523827, ""fwhm"": 2.64021333840469}]",0.0,2.578669376523827,2.64021333840469,,,,,,,,,,,,,,,
616.9711773326819,14.506826293175033,2,EELS,Gold,"[{""position"": 0.0, ""amplitude"": 2.578669376523827, ""fwhm"": 2.64021333840469}]",0.0,2.578669376523827,2.64021333840469,,,,,,,,,,,,,,,
617.9506595017098,14.506826293175033,2,EELS,Gold,"[{""position"": 0.0, ""amplitude"": 2.578669376523827, ""fwhm"": 2.64021333840469}]",0.0,2.578669376523827,2.64021333840469,,,,,,,,,,,,,,,
618.9301416707376,14.50778916093001,2,EELS,Gold,"[{""position"": 0.0, ""amplitude"": 2.578669376523827, ""fwhm"": 2.64021333840469}]",0.0,2.578669376523827,2.64021333840469,,,,,,,,,,,,,,,
619.9096238397655,14.51737325148248,2,EELS,Gold,"[{""position"": 0.0, ""amplitude"": 2.578669376523827, ""fwhm"": 2.64021333840469}]",0.0,2.578669376523827,2.64021333840469,,,,,,,,,,,,,,,
620.8891060087933,14.511888048885046,2,EELS,Gold,"[{""position"": 0.0, ""amplitude"": 2.578669376523827, ""fwhm"": 2.64021333840469}]",0.0,2.578669376523827,2.64021333840469,,,,,,,,,,,,,,,
621.8685881778212,14.506826293175033,2,EELS,Gold,"[{""position"": 0.0, ""amplitude"": 2.578669376523827, ""fwhm"": 2.64021333840469}]",0.0,2.578669376523827,2.64021333840469,,,,,,,,,,,,,,,
622.848070346849,14.506826293175033,2,EELS,Gold,"[{""position"": 0.0, ""amplitude"": 2.578669376523827, ""fwhm"": 2.64021333840469}]",0.0,2.578669376523827,2.64021333840469,,,,,,,,,,,,,,,
623.8275525158768,14.506826293175033,2,EELS,Gold,"[{""position"": 0.0, ""amplitude"": 2.578669376523827, ""fwhm"": 2.64021333840469}]",0.0,2.578669376523827,2.64021333840469,,,,,,,,,,,,,,,
624.8070346849047,14.506826293175033,2,EELS,Gold,"[{""position"": 0.0, ""amplitude"": 2.578669376523827, ""fwhm"": 2.64021333840469}]",0.0,2.578669376523827,2.64021333840469,,,,,,,,,,,,,,,
625.7865168539325,14.511826293175034,2,EELS,Gold,"[{""position"": 0.0, ""amplitude"": 2.578669376523827, ""fwhm"": 2.64021333840469}]",0.0,2.578669376523827,2.64021333840469,,,,,,,,,,,,,,,
626.7659990229604,14.511826293175034,2,EELS,Gold,"[{""position"": 0.0, ""amplitude"": 2.578669376523827, ""fwhm"": 2.64021333840469}]",0.0,2.578669376523827,2.64021333840469,,,,,,,,,,,,,,,
627.7454811919882,14.511826293175034,2,EELS,Gold,"[{""position"": 0.0, ""amplitude"": 2.578669376523827, ""fwhm"": 2.64021333840469}]",0.0,2.578669376523827,2.64021333840469,,,,,,,,,,,,,,,
628.7249633610161,14.516539005236844,2,EELS,Gold,"[{""position"": 0.0, ""amplitude"": 2.578669376523827, ""fwhm"": 2.64021333840469}]",0.0,2.578669376523827,2.64021333840469,,,,,,,,,,,,,,,
629.7044455300439,14.507227886108362,2,EELS,Gold,"[{""position"": 0.0, ""amplitude"": 2.578669376523827, ""fwhm"": 2.64021333840469}]",0.0,2.578669376523827,2.64021333840469,,,,,,,,,,,,,,,
630.6839276990718,14.513176860184325,2,EELS,Gold,"[{""position"": 0.0, ""amplitude"": 2.578669376523827, ""fwhm"": 2.64021333840469}]",0.0,2.578669376523827,2.64021333840469,,,,,,,,,,,,,,,
631.6634098680996,14.511826293175034,2,EELS,Gold,"[{""position"": 0.0, ""amplitude"": 2.578669376523827, ""fwhm"": 2.64021333840469}]",0.0,2.578669376523827,2.64021333840469,,,,,,,,,,,,,,,
632.6428920371275,14.512205484867977,2,EELS,Gold,"[{""position"": 0.0, ""amplitude"": 2.578669376523827, ""fwhm"": 2.64021333840469}]",0.0,2.578669376523827,2.64021333840469,,,,,,,,,,,,,,,
633.6223742061553,14.516826293175033,2,EELS,Gold,"[{""position"": 0.0, ""amplitude"": 2.578669376523827, ""fwhm"": 2.64021333840469}]",0.0,2.578669376523827,2.64021333840469,,,,,,,,,,,,,,,
634.6018563751832,14.511826293175034,2,EELS,Gold,"[{""position"": 0.0, ""amplitude"": 2.578669376523827, ""fwhm"": 2.64021333840469}]",0.0,2.578669376523827,2.64021333840469,,,,,,,,,,,,,,,
635.581338544211,14.519767092352982,2,EELS,Gold,"[{""position"": 0.0, ""amplitude"": 2.578669376523827, ""fwhm"": 2.64021333840469}]",0.0,2.578669376523827,2.64021333840469,,,,,,,,,,,,,,,
636.5608207132389,14.517499354188468,2,EELS,Gold,"[{""position"": 0.0, ""amplitude"": 2.578669376523827, ""fwhm"": 2.64021333840469}]",0.0,2.578669376523827,2.64021333840469,,,,,,,,,,,,,,,
637.5403028822667,14.511826293175034,2,EELS,Gold,"[{""position"": 0.0, ""amplitude"": 2.578669376523827, ""fwhm"": 2.64021333840469}]",0.0,2.578669376523827,2.64021333840469,,,,,,,,,,,,,,,
638.5197850512945,14.523210626169986,2,EELS,Gold,"[{""position"": 0.0, ""amplitude"": 2.578669376523827, ""fwhm"": 2.64021333840469}]",0.0,2.578669376523827,2.64021333840469,,,,,,,,,,,,,,,
639.4992672203224,14.513260347676878,2,EELS,Gold,"[{""position"": 0.0, ""amplitude"": 2.578669376523827, ""fwhm"": 2.64021333840469}]",0.0,2.578669376523827,2.64021333840469,,,,,,,,,,,,,,,
640.4787493893502,14.512088045276329,2,EELS,Gold,"[{""position"": 0.0, ""amplitude"": 2.578669376523827, ""fwhm"": 2.64021333840469}]",0.0,2.578669376523827,2.64021333840469,,,,,,,,,,,,,,,
641.4582315583781,14.507374509088466,2,EELS,Gold,"[{""position"": 0.0, ""amplitude"": 2.578669376523827, ""fwhm"": 2.64021333840469}]",0.0,2.578669376523827,2.64021333840469,,,,,,,,,,,,,,,
642.4377137274059,14.511826293175034,2,EELS,Gold,"[{""position"": 0.0, ""amplitude"": 2.578669376523827, ""fwhm"": 2.64021333840469}]",0.0,2.578669376523827,2.64021333840469,,,,,,,,,,,,,,,
643.4171958964338,14.506826293175033,2,EELS,Gold,"[{""position"": 0.0, ""amplitude"": 2.578669376523827, ""fwhm"": 2.64021333840469}]",0.0,2.578669376523827,2.64021333840469,,,,,,,,,,,,,,,
644.3966780654616,14.518517583692887,2,EELS,Gold,"[{""position"": 0.0, ""amplitude"": 2.578669376523827, ""fwhm"": 2.64021333840469}]",0.0,2.578669376523827,2.64021333840469,,,,,,,,,,,,,,,
645.3761602344895,14.51951722185482,2,EELS,Gold,"[{""position"": 0.0, ""amplitude"": 2.578669376523827, ""fwhm"": 2.64021333840469}]",0.0,2.578669376523827,2.64021333840469,,,,,,,,,,,,,,,
646.3556424035173,14.511826293175034,2,EELS,Gold,"[{""position"": 0.0, ""amplitude"": 2.578669376523827, ""fwhm"": 2.64021333840469}]",0.0,2.578669376523827,2.64021333840469,,,,,,,,,,,,,,,
647.3351245725452,14.507602462493617,2,EELS,Gold,"[{""position"": 0.0, ""amplitude"": 2.578669376523827, ""fwhm"": 2.64021333840469}]",0.0,2.578669376523827,2.64021333840469,,,,,,,,,,,,,,,
648.314606741573,14.511826293175034,2,EELS,Gold,"[{""position"": 0.0, ""amplitude"": 2.578669376523827, ""fwhm"": 2.64021333840469}]",0.0,2.578669376523827,2.64021333840469,,,,,,,,,,,,,,,
649.2940889106009,14.511826293175034,2,EELS,Gold,"[{""position"": 0.0, ""amplitude"": 2.578669376523827, ""fwhm"": 2.64021333840469}]",0.0,2.578669376523827,2.64021333840469,,,,,,,,,,,,,,,
650.2735710796287,14.51912643797971,2,EELS,Gold,"[{""position"": 0.0, ""amplitude"": 2.578669376523827, ""fwhm"": 2.64021333840469}]",0.0,2.578669376523827,2.64021333840469,,,,,,,,,,,,,,,
651.2530532486566,14.513868810114824,2,EELS,Gold,"[{""position"": 0.0, ""amplitude"": 2.578669376523827, ""fwhm"": 2.64021333840469}]",0.0,2.578669376523827,2.64021333840469,,,,,,,,,,,,,,,
652.2325354176844,14.511826293175034,2,EELS,Gold,"[{""position"": 0.0, ""amplitude"": 2.578669376523827, ""fwhm"": 2.64021333840469}]",0.0,2.578669376523827,2.64021333840469,,,,,,,,,,,,,,,
653.2120175867122,14.511826293175034,2,EELS,Gold,"[{""position"": 0.0, ""amplitude"": 2.578669376523827, ""fwhm"": 2.64021333840469}]",0.0,2.578669376523827,2.64021333840469,,,,,,,,,,,,,,,
654.1914997557401,14.506826293175033,2,EELS,Gold,"[{""position"": 0.0, ""amplitude"": 2.578669376523827, ""fwhm"": 2.64021333840469}]",0.0,2.578669376523827,2.64021333840469,,,,,,,,,,,,,,,
655.170981924768,14.514396929882208,2,EELS,Gold,"[{""position"": 0.0, ""amplitude"": 2.578669376523827, ""fwhm"": 2.64021333840469}]",0.0,2.578669376523827,2.64021333840469,,,,,,,,,,,,,,,
656.1504640937958,14.517658382943786,2,EELS,Gold,"[{""position"": 0.0, ""amplitude"": 2.578669376523827, ""fwhm"": 2.64021333840469}]",0.0,2.578669376523827,2.64021333840469,,,,,,,,,,,,,,,
657.1299462628236,14.516826293175033,2,EELS,Gold,"[{""position"": 0.0, ""amplitude"": 2.578669376523827, ""fwhm"": 2.64021333840469}]",0.0,2.578669376523827,2.64021333840469,,,,,,,,,,,,,,,
658.1094284318515,14.515347986299043,2,EELS,Gold,"[{""position"": 0.0, ""amplitude"": 2.578669376523827, ""fwhm"": 2.64021333840469}]",0.0,2.578669376523827,2.64021333840469,,,,,,,,,,,,,,,
659.0889106008793,14.510438222578717,2,EELS,Gold,"[{""position"": 0.0, ""amplitude"": 2.578669376523827, ""fwhm"": 2.64021333840469}]",0.0,2.578669376523827,2.64021333840469,,,,,,,,,,,,,,,
660.0683927699072,14.531556957367442,2,EELS,Gold,"[{""position"": 0.0, ""amplitude"": 2.578669376523827, ""fwhm"": 2.64021333840469}]",0.0,2.578669376523827,2.64021333840469,,,,,,,,,,,,,,,
661.047874938935,14.517320203612513,2,EELS,Gold,"[{""position"": 0.0, ""amplitude"": 2.578669376523827, ""fwhm"": 2.64021333840469}]",0.0,2.578669376523827,2.64021333840469,,,,,,,,,,,,,,,
662.0273571079629,14.518760830114418,2,EELS,Gold,"[{""position"": 0.0, ""amplitude"": 2.578669376523827, ""fwhm"": 2.64021333840469}]",0.0,2.578669376523827,2.64021333840469,,,,,,,,,,,,,,,
663.0068392769907,14.511826293175034,2,EELS,Gold,"[{""position"": 0.0, ""amplitude"": 2.578669376523827, ""fwhm"": 2.64021333840469}]",0.0,2.578669376523827,2.64021333840469,,,,,,,,,,,,,,,
663.9863214460186,14.506826293175033,2,EELS,Gold,"[{""position"": 0.0, ""amplitude"": 2.578669376523827, ""fwhm"": 2.64021333840469}]",0.0,2.578669376523827,2.64021333840469,,,,,,,,,,,,,,,
664.9658036150464,14.516826293175033,2,EELS,Gold,"[{""position"": 0.0, ""amplitude"": 2.578669376523827, ""fwhm"": 2.64021333840469}]",0.0,2.578669376523827,2.64021333840469,,,,,,,,,,,,,,,
665.9452857840743,14.516826293175033,2,EELS,Gold,"[{""position"": 0.0, ""amplitude"": 2.578669376523827, ""fwhm"": 2.64021333840469}]",0.0,2.578669376523827,2.64021333840469,,,,,,,,,,,,,,,
666.9247679531021,14.51012954475069,2,EELS,Gold,"[{""position"": 0.0, ""amplitude"": 2.578669376523827, ""fwhm"": 2.64021333840469}]",0.0,2.578669376523827,2.64021333840469,,,,,,,,,,,,,,,
667.90425012213,14.516933924158096,2,EELS,Gold,"[{""position"": 0.0, ""amplitude"": 2.578669376523827, ""fwhm"": 2.64021333840469}]",0.0,2.578669376523827,2.64021333840469,,,,,,,,,,,,,,,
668.8837322911578,14.514435942536958,2,EELS,Gold,"[{""position"": 0.0, ""amplitude"": 2.578669376523827, ""fwhm"": 2.64021333840469}]",0.0,2.578669376523827,2.64021333840469,,,,,,,,,,,,,,,
669.8632144601856,14.513674972221262,2,EELS,Gold,"[{""position"": 0.0, ""amplitude"": 2.578669376523827, ""fwhm"": 2.64021333840469}]",0.0,2.578669376523827,2.64021333840469,,,,,,,,,,,,,,,
670.8426966292135,14.506826293175033,2,EELS,Gold,"[{""position"": 0.0, ""amplitude"": 2.578669376523827, ""fwhm"": 2.64021333840469}]",0.0,2.578669376523827,2.64021333840469,,,,,,,,,,,,,,,
671.8221787982413,14.516826293175033,2,EELS,Gold,"[{""position"": 0.0, ""amplitude"": 2.578669376523827, ""fwhm"": 2.64021333840469}]",0.0,2.578669376523827,2.64021333840469,,,,,,,,,,,,,,,
672.8016609672692,14.506826293175033,2,EELS,Gold,"[{""position"": 0.0, ""amplitude"": 2.578669376523827, ""fwhm"": 2.64021333840469}]",0.0,2.578669376523827,2.64021333840469,,,,,,,,,,,,,,,
673.781143136297,14.521826293175033,2,EELS,Gold,"[{""position"": 0.0, ""amplitude"": 2.578669376523827, ""fwhm"": 2.64021333840469}]",0.0,2.578669376523827,2.64021333840469,,,,,,,,,,,,,,,
674.7606253053249,14.517274022870708,2,EELS,Gold,"[{""position"": 0.0, ""amplitude"": 2.578669376523827, ""fwhm"": 2.64021333840469}]",0.0,2.578669376523827,2.64021333840469,,,,,,,,,,,,,,,
675.7401074743527,14.506826293175033,2,EELS,Gold,"[{""position"": 0.0, ""amplitude"": 2.578669376523827, ""fwhm"": 2.64021333840469}]",0.0,2.578669376523827,2.64021333840469,,,,,,,,,,,,,,,
676.7195896433806,14.513739178519799,2,EELS,Gold,"[{""position"": 0.0, ""amplitude"": 2.578669376523827, ""fwhm"": 2.64021333840469}]",0.0,2.578669376523827,2.64021333840469,,,,,,,,,,,,,,,
677.6990718124084,14.516826293175033,2,EELS,Gold,"[{""position"": 0.0, ""amplitude"": 2.578669376523827, ""fwhm"": 2.64021333840469}]",0.0,2.578669376523827,2.64021333840469,,,,,,,,,,,,,,,
678.6785539814363,14.507587884966897,2,EELS,Gold,"[{""position"": 0.0, ""amplitude"": 2.578669376523827, ""fwhm"": 2.64021333840469}]",0.0,2.578669376523827,2.64021333840469,,,,,,,,,,,,,,,
679.658036150464,14.507227990020018,2,EELS,Gold,"[{""position"": 0.0, ""amplitude"": 2.578669376523827, ""fwhm"": 2.64021333840469}]",0.0,2.578669376523827,2.64021333840469,,,,,,,,,,,,,,,
680.6375183194918,14.511396024921526,2,EELS,Gold,"[{""position"": 0.0, ""amplitude"": 2.578669376523827, ""fwhm"": 2.64021333840469}]",0.0,2.578669376523827,2.64021333840469,,,,,,,,,,,,,,,
681.6170004885197,14.521826293175033,2,EELS,Gold,"[{""position"": 0.0, ""amplitude"": 2.578669376523827, ""fwhm"": 2.64021333840469}]",0.0,2.578669376523827,2.64021333840469,,,,,,,,,,,,,,,
682.5964826575475,14.522616989138943,2,EELS,Gold,"[{""position"": 0.0, ""amplitude"": 2.578669376523827, ""fwhm"": 2.64021333840469}]",0.0,2.578669376523827,2.64021333840469,,,,,,,,,,,,,,,
683.5759648265754,14.511826293175034,2,EELS,Gold,"[{""position"": 0.0, ""amplitude"": 2.578669376523827, ""fwhm"": 2.64021333840469}]",0.0,2.578669376523827,2.64021333840469,,,,,,,,,,,,,,,
684.5554469956032,14.511826293175034,2,EELS,Gold,"[{""position"": 0.0, ""amplitude"": 2.578669376523827, ""fwhm"": 2.64021333840469}]",0.0,2.578669376523827,2.64021333840469,,,,,,,,,,,,,,,
685.5349291646311,14.511826293175034,2,EELS,Gold,"[{""position"": 0.0, ""amplitude"": 2.578669376523827, ""fwhm"": 2.64021333840469}]",0.0,2.578669376523827,2.64021333840469,,,,,,,,,,,,,,,
686.5144113336589,14.52527492632015,2,EELS,Gold,"[{""position"": 0.0, ""amplitude"": 2.578669376523827, ""fwhm"": 2.64021333840469}]",0.0,2.578669376523827,2.64021333840469,,,,,,,,,,,,,,,
687.4938935026868,14.514228699256597,2,EELS,Gold,"[{""position"": 0.0, ""amplitude"": 2.578669376523827, ""fwhm"": 2.64021333840469}]",0.0,2.578669376523827,2.64021333840469,,,,,,,,,,,,,,,
688.4733756717146,14.518474751490524,2,EELS,Gold,"[{""position"": 0.0, ""amplitude"": 2.578669376523827, ""fwhm"": 2.64021333840469}]",0.0,2.578669376523827,2.64021333840469,,,,,,,,,,,,,,,
689.4528578407425,14.51396985993505,2,EELS,Gold,"[{""position"": 0.0, ""amplitude"": 2.578669376523827, ""fwhm"": 2.64021333840469}]",0.0,2.578669376523827,2.64021333840469,,,,,,,,,,,,,,,
690.4323400097703,14.506826293175033,2,EELS,Gold,"[{""position"": 0.0, ""amplitude"": 2.578669376523827, ""fwhm"": 2.64021333840469}]",0.0,2.578669376523827,2.64021333840469,,,,,,,,,,,,,,,
691.4118221787982,14.537759367577358,2,EELS,Gold,"[{""position"": 0.0, ""amplitude"": 2.578669376523827, ""fwhm"": 2.64021333840469}]",0.0,2.578669376523827,2.64021333840469,,,,,,,,,,,,,,,
692.391304347826,14.511924745512298,2,EELS,Gold,"[{""position"": 0.0, ""amplitude"": 2.578669376523827, ""fwhm"": 2.64021333840469}]",0.0,2.578669376523827,2.64021333840469,,,,,,,,,,,,,,,
693.3707865168539,14.521581991014571,2,EELS,Gold,"[{""position"": 0.0, ""amplitude"": 2.578669376523827, ""fwhm"": 2.64021333840469}]",0.0,2.578669376523827,2.64021333840469,,,,,,,,,,,,,,,
694.3502686858817,14.511826293175034,2,EELS,Gold,"[{""position"": 0.0, ""amplitude"": 2.578669376523827, ""fwhm"": 2.64021333840469}]",0.0,2.578669376523827,2.64021333840469,,,,,,,,,,,,,,,
695.3297508549095,14.511826293175034,2,EELS,Gold,"[{""position"": 0.0, ""amplitude"": 2.578669376523827, ""fwhm"": 2.64021333840469}]",0.0,2.578669376523827,2.64021333840469,,,,,,,,,,,,,,,
696.3092330239374,14.516826293175033,2,EELS,Gold,"[{""position"": 0.0, ""amplitude"": 2.578669376523827, ""fwhm"": 2.64021333840469}]",0.0,2.578669376523827,2.64021333840469,,,,,,,,,,,,,,,
697.2887151929652,14.507277058369864,2,EELS,Gold,"[{""position"": 0.0, ""amplitude"": 2.578669376523827, ""fwhm"": 2.64021333840469}]",0.0,2.578669376523827,2.64021333840469,,,,,,,,,,,,,,,
698.2681973619931,14.50767093595167,2,EELS,Gold,"[{""position"": 0.0, ""amplitude"": 2.578669376523827, ""fwhm"": 2.64021333840469}]",0.0,2.578669376523827,2.64021333840469,,,,,,,,,,,,,,,
699.2476795310209,14.506826293175033,2,EELS,Gold,"[{""position"": 0.0, ""amplitude"": 2.578669376523827, ""fwhm"": 2.64021333840469}]",0.0,2.578669376523827,2.64021333840469,,,,,,,,,,,,,,,
700.2271617000488,14.513083158236638,2,EELS,Gold,"[{""position"": 0.0, ""amplitude"": 2.578669376523827, ""fwhm"": 2.64021333840469}]",0.0,2.578669376523827,2.64021333840469,,,,,,,,,,,,,,,
701.2066438690766,14.512515582659331,2,EELS,Gold,"[{""position"": 0.0, ""amplitude"": 2.578669376523827, ""fwhm"": 2.64021333840469}]",0.0,2.578669376523827,2.64021333840469,,,,,,,,,,,,,,,
702.1861260381045,14.509526867465144,2,EELS,Gold,"[{""position"": 0.0, ""amplitude"": 2.578669376523827, ""fwhm"": 2.64021333840469}]",0.0,2.578669376523827,2.64021333840469,,,,,,,,,,,,,,,
703.1656082071323,14.510039331044359,2,EELS,Gold,"[{""position"": 0.0, ""amplitude"": 2.578669376523827, ""fwhm"": 2.64021333840469}]",0.0,2.578669376523827,2.64021333840469,,,,,,,,,,,,,,,
704.1450903761602,14.507156268714636,2,EELS,Gold,"[{""position"": 0.0, ""amplitude"": 2.578669376523827, ""fwhm"": 2.64021333840469}]",0.0,2.578669376523827,2.64021333840469,,,,,,,,,,,,,,,
705.124572545188,14.521826293175033,2,EELS,Gold,"[{""position"": 0.0, ""amplitude"": 2.578669376523827, ""fwhm"": 2.64021333840469}]",0.0,2.578669376523827,2.64021333840469,,,,,,,,,,,,,,,
706.1040547142159,14.506826293175033,2,EELS,Gold,"[{""position"": 0.0, ""amplitude"": 2.578669376523827, ""fwhm"": 2.64021333840469}]",0.0,2.578669376523827,2.64021333840469,,,,,,,,,,,,,,,
707.0835368832437,14.52145517678763,2,EELS,Gold,"[{""position"": 0.0, ""amplitude"": 2.578669376523827, ""fwhm"": 2.64021333840469}]",0.0,2.578669376523827,2.64021333840469,,,,,,,,,,,,,,,
708.0630190522716,14.51233833319859,2,EELS,Gold,"[{""position"": 0.0, ""amplitude"": 2.578669376523827, ""fwhm"": 2.64021333840469}]",0.0,2.578669376523827,2.64021333840469,,,,,,,,,,,,,,,
709.0425012212994,14.511413246861169,2,EELS,Gold,"[{""position"": 0.0, ""amplitude"": 2.578669376523827, ""fwhm"": 2.64021333840469}]",0.0,2.578669376523827,2.64021333840469,,,,,,,,,,,,,,,
710.0219833903273,14.513196437994504,2,EELS,Gold,"[{""position"": 0.0, ""amplitude"": 2.578669376523827, ""fwhm"": 2.64021333840469}]",0.0,2.578669376523827,2.64021333840469,,,,,,,,,,,,,,,
711.0014655593551,14.513853857248666,2,EELS,Gold,"[{""position"": 0.0, ""amplitude"": 2.578669376523827, ""fwhm"": 2.64021333840469}]",0.0,2.578669376523827,2.64021333840469,,,,,,,,,,,,,,,
711.980947728383,14.514330437988798,2,EELS,Gold,"[{""position"": 0.0, ""amplitude"": 2.578669376523827, ""fwhm"": 2.64021333840469}]",0.0,2.578669376523827,2.64021333840469,,,,,,,,,,,,,,,
712.9604298974108,14.511826293175034,2,EELS,Gold,"[{""position"": 0.0, ""amplitude"": 2.578669376523827, ""fwhm"": 2.64021333840469}]",0.0,2.578669376523827,2.64021333840469,,,,,,,,,,,,,,,
713.9399120664386,14.522700893919497,2,EELS,Gold,"[{""position"": 0.0, ""amplitude"": 2.578669376523827, ""fwhm"": 2.64021333840469}]",0.0,2.578669376523827,2.64021333840469,,,,,,,,,,,,,,,
714.9193942354665,14.511826293175034,2,EELS,Gold,"[{""position"": 0.0, ""amplitude"": 2.578669376523827, ""fwhm"": 2.64021333840469}]",0.0,2.578669376523827,2.64021333840469,,,,,,,,,,,,,,,
715.8988764044943,14.506826293175033,2,EELS,Gold,"[{""position"": 0.0, ""amplitude"": 2.578669376523827, ""fwhm"": 2.64021333840469}]",0.0,2.578669376523827,2.64021333840469,,,,,,,,,,,,,,,
716.8783585735222,14.513558981773018,2,EELS,Gold,"[{""position"": 0.0, ""amplitude"": 2.578669376523827, ""fwhm"": 2.64021333840469}]",0.0,2.578669376523827,2.64021333840469,,,,,,,,,,,,,,,
717.85784074255,14.511826293175034,2,EELS,Gold,"[{""position"": 0.0, ""amplitude"": 2.578669376523827, ""fwhm"": 2.64021333840469}]",0.0,2.578669376523827,2.64021333840469,,,,,,,,,,,,,,,
718.8373229115779,14.51834991899039,2,EELS,Gold,"[{""position"": 0.0, ""amplitude"": 2.578669376523827, ""fwhm"": 2.64021333840469}]",0.0,2.578669376523827,2.64021333840469,,,,,,,,,,,,,,,
719.8168050806057,14.511826293175034,2,EELS,Gold,"[{""position"": 0.0, ""amplitude"": 2.578669376523827, ""fwhm"": 2.64021333840469}]",0.0,2.578669376523827,2.64021333840469,,,,,,,,,,,,,,,
720.7962872496336,14.514854903630473,2,EELS,Gold,"[{""position"": 0.0, ""amplitude"": 2.578669376523827, ""fwhm"": 2.64021333840469}]",0.0,2.578669376523827,2.64021333840469,,,,,,,,,,,,,,,
721.7757694186614,14.521826293175033,2,EELS,Gold,"[{""position"": 0.0, ""amplitude"": 2.578669376523827, ""fwhm"": 2.64021333840469}]",0.0,2.578669376523827,2.64021333840469,,,,,,,,,,,,,,,
722.7552515876893,14.506826293175033,2,EELS,Gold,"[{""position"": 0.0, ""amplitude"": 2.578669376523827, ""fwhm"": 2.64021333840469}]",0.0,2.578669376523827,2.64021333840469,,,,,,,,,,,,,,,
723.7347337567171,14.506826293175033,2,EELS,Gold,"[{""position"": 0.0, ""amplitude"": 2.578669376523827, ""fwhm"": 2.64021333840469}]",0.0,2.578669376523827,2.64021333840469,,,,,,,,,,,,,,,
724.714215925745,14.506826293175033,2,EELS,Gold,"[{""position"": 0.0, ""amplitude"": 2.578669376523827, ""fwhm"": 2.64021333840469}]",0.0,2.578669376523827,2.64021333840469,,,,,,,,,,,,,,,
725.6936980947728,14.506826293175033,2,EELS,Gold,"[{""position"": 0.0, ""amplitude"": 2.578669376523827, ""fwhm"": 2.64021333840469}]",0.0,2.578669376523827,2.64021333840469,,,,,,,,,,,,,,,
726.6731802638006,14.511826293175034,2,EELS,Gold,"[{""position"": 0.0, ""amplitude"": 2.578669376523827, ""fwhm"": 2.64021333840469}]",0.0,2.578669376523827,2.64021333840469,,,,,,,,,,,,,,,
727.6526624328285,14.519739750955846,2,EELS,Gold,"[{""position"": 0.0, ""amplitude"": 2.578669376523827, ""fwhm"": 2.64021333840469}]",0.0,2.578669376523827,2.64021333840469,,,,,,,,,,,,,,,
728.6321446018563,14.511826293175034,2,EELS,Gold,"[{""position"": 0.0, ""amplitude"": 2.578669376523827, ""fwhm"": 2.64021333840469}]",0.0,2.578669376523827,2.64021333840469,,,,,,,,,,,,,,,
729.6116267708842,14.511826293175034,2,EELS,Gold,"[{""position"": 0.0, ""amplitude"": 2.578669376523827, ""fwhm"": 2.64021333840469}]",0.0,2.578669376523827,2.64021333840469,,,,,,,,,,,,,,,
730.591108939912,14.512487529526389,2,EELS,Gold,"[{""position"": 0.0, ""amplitude"": 2.578669376523827, ""fwhm"": 2.64021333840469}]",0.0,2.578669376523827,2.64021333840469,,,,,,,,,,,,,,,
731.5705911089399,14.522259416617098,2,EELS,Gold,"[{""position"": 0.0, ""amplitude"": 2.578669376523827, ""fwhm"": 2.64021333840469}]",0.0,2.578669376523827,2.64021333840469,,,,,,,,,,,,,,,
732.5500732779677,14.511948163421469,2,EELS,Gold,"[{""position"": 0.0, ""amplitude"": 2.578669376523827, ""fwhm"": 2.64021333840469}]",0.0,2.578669376523827,2.64021333840469,,,,,,,,,,,,,,,
733.5295554469956,14.518941980468428,2,EELS,Gold,"[{""position"": 0.0, ""amplitude"": 2.578669376523827, ""fwhm"": 2.64021333840469}]",0.0,2.578669376523827,2.64021333840469,,,,,,,,,,,,,,,
734.5090376160234,14.50769095814084,2,EELS,Gold,"[{""position"": 0.0, ""amplitude"": 2.578669376523827, ""fwhm"": 2.64021333840469}]",0.0,2.578669376523827,2.64021333840469,,,,,,,,,,,,,,,
735.4885197850513,14.50923624259629,2,EELS,Gold,"[{""position"": 0.0, ""amplitude"": 2.578669376523827, ""fwhm"": 2.64021333840469}]",0.0,2.578669376523827,2.64021333840469,,,,,,,,,,,,,,,
736.4680019540791,14.511826293175034,2,EELS,Gold,"[{""position"": 0.0, ""amplitude"": 2.578669376523827, ""fwhm"": 2.64021333840469}]",0.0,2.578669376523827,2.64021333840469,,,,,,,,,,,,,,,
737.447484123107,14.511826293175034,2,EELS,Gold,"[{""position"": 0.0, ""amplitude"": 2.578669376523827, ""fwhm"": 2.64021333840469}]",0.0,2.578669376523827,2.64021333840469,,,,,,,,,,,,,,,
738.4269662921348,14.526179091745155,2,EELS,Gold,"[{""position"": 0.0, ""amplitude"": 2.578669376523827, ""fwhm"": 2.64021333840469}]",0.0,2.578669376523827,2.64021333840469,,,,,,,,,,,,,,,
739.4064484611627,14.506826293175033,2,EELS,Gold,"[{""position"": 0.0, ""amplitude"": 2.578669376523827, ""fwhm"": 2.64021333840469}]",0.0,2.578669376523827,2.64021333840469,,,,,,,,,,,,,,,
740.3859306301905,14.514397045686463,2,EELS,Gold,"[{""position"": 0.0, ""amplitude"": 2.578669376523827, ""fwhm"": 2.64021333840469}]",0.0,2.578669376523827,2.64021333840469,,,,,,,,,,,,,,,
741.3654127992183,14.511826293175034,2,EELS,Gold,"[{""position"": 0.0, ""amplitude"": 2.578669376523827, ""fwhm"": 2.64021333840469}]",0.0,2.578669376523827,2.64021333840469,,,,,,,,,,,,,,,
742.3448949682462,14.506826293175033,2,EELS,Gold,"[{""position"": 0.0, ""amplitude"": 2.578669376523827, ""fwhm"": 2.64021333840469}]",0.0,2.578669376523827,2.64021333840469,,,,,,,,,,,,,,,
743.324377137274,14.511826293175034,2,EELS,Gold,"[{""position"": 0.0, ""amplitude"": 2.578669376523827, ""fwhm"": 2.64021333840469}]",0.0,2.578669376523827,2.64021333840469,,,,,,,,,,,,,,,
744.3038593063019,14.512296681233574,2,EELS,Gold,"[{""position"": 0.0, ""amplitude"": 2.578669376523827, ""fwhm"": 2.64021333840469}]",0.0,2.578669376523827,2.64021333840469,,,,,,,,,,,,,,,
745.2833414753297,14.511826293175034,2,EELS,Gold,"[{""position"": 0.0, ""amplitude"": 2.578669376523827, ""fwhm"": 2.64021333840469}]",0.0,2.578669376523827,2.64021333840469,,,,,,,,,,,,,,,
746.2628236443576,14.511826293175034,2,EELS,Gold,"[{""position"": 0.0, ""amplitude"": 2.578669376523827, ""fwhm"": 2.64021333840469}]",0.0,2.578669376523827,2.64021333840469,,,,,,,,,,,,,,,
747.2423058133854,14.506826293175033,2,EELS,Gold,"[{""position"": 0.0, ""amplitude"": 2.578669376523827, ""fwhm"": 2.64021333840469}]",0.0,2.578669376523827,2.64021333840469,,,,,,,,,,,,,,,
748.2217879824133,14.516826293175033,2,EELS,Gold,"[{""position"": 0.0, ""amplitude"": 2.578669376523827, ""fwhm"": 2.64021333840469}]",0.0,2.578669376523827,2.64021333840469,,,,,,,,,,,,,,,
749.2012701514411,14.506826293175033,2,EELS,Gold,"[{""position"": 0.0, ""amplitude"": 2.578669376523827, ""fwhm"": 2.64021333840469}]",0.0,2.578669376523827,2.64021333840469,,,,,,,,,,,,,,,
750.180752320469,14.511826293175034,2,EELS,Gold,"[{""position"": 0.0, ""amplitude"": 2.578669376523827, ""fwhm"": 2.64021333840469}]",0.0,2.578669376523827,2.64021333840469,,,,,,,,,,,,,,,
751.1602344894968,14.512288723377047,2,EELS,Gold,"[{""position"": 0.0, ""amplitude"": 2.578669376523827, ""fwhm"": 2.64021333840469}]",0.0,2.578669376523827,2.64021333840469,,,,,,,,,,,,,,,
752.1397166585247,14.51695983710315,2,EELS,Gold,"[{""position"": 0.0, ""amplitude"": 2.578669376523827, ""fwhm"": 2.64021333840469}]",0.0,2.578669376523827,2.64021333840469,,,,,,,,,,,,,,,
753.1191988275525,14.506826293175033,2,EELS,Gold,"[{""position"": 0.0, ""amplitude"": 2.578669376523827, ""fwhm"": 2.64021333840469}]",0.0,2.578669376523827,2.64021333840469,,,,,,,,,,,,,,,
754.0986809965804,14.506826293175033,2,EELS,Gold,"[{""position"": 0.0, ""amplitude"": 2.578669376523827, ""fwhm"": 2.64021333840469}]",0.0,2.578669376523827,2.64021333840469,,,,,,,,,,,,,,,
755.0781631656082,14.506826293175033,2,EELS,Gold,"[{""position"": 0.0, ""amplitude"": 2.578669376523827, ""fwhm"": 2.64021333840469}]",0.0,2.578669376523827,2.64021333840469,,,,,,,,,,,,,,,
756.057645334636,14.517293054488897,2,EELS,Gold,"[{""position"": 0.0, ""amplitude"": 2.578669376523827, ""fwhm"": 2.64021333840469}]",0.0,2.578669376523827,2.64021333840469,,,,,,,,,,,,,,,
757.0371275036639,14.523415107717948,2,EELS,Gold,"[{""position"": 0.0, ""amplitude"": 2.578669376523827, ""fwhm"": 2.64021333840469}]",0.0,2.578669376523827,2.64021333840469,,,,,,,,,,,,,,,
758.0166096726917,14.51377509329685,2,EELS,Gold,"[{""position"": 0.0, ""amplitude"": 2.578669376523827, ""fwhm"": 2.64021333840469}]",0.0,2.578669376523827,2.64021333840469,,,,,,,,,,,,,,,
758.9960918417196,14.509031057896538,2,EELS,Gold,"[{""position"": 0.0, ""amplitude"": 2.578669376523827, ""fwhm"": 2.64021333840469}]",0.0,2.578669376523827,2.64021333840469,,,,,,,,,,,,,,,
759.9755740107474,14.509395721247525,2,EELS,Gold,"[{""position"": 0.0, ""amplitude"": 2.578669376523827, ""fwhm"": 2.64021333840469}]",0.0,2.578669376523827,2.64021333840469,,,,,,,,,,,,,,,
760.9550561797753,14.511826293175034,2,EELS,Gold,"[{""position"": 0.0, ""amplitude"": 2.578669376523827, ""fwhm"": 2.64021333840469}]",0.0,2.578669376523827,2.64021333840469,,,,,,,,,,,,,,,
761.9345383488031,14.517189850051036,2,EELS,Gold,"[{""position"": 0.0, ""amplitude"": 2.578669376523827, ""fwhm"": 2.64021333840469}]",0.0,2.578669376523827,2.64021333840469,,,,,,,,,,,,,,,
762.914020517831,14.511826293175034,2,EELS,Gold,"[{""position"": 0.0, ""amplitude"": 2.578669376523827, ""fwhm"": 2.64021333840469}]",0.0,2.578669376523827,2.64021333840469,,,,,,,,,,,,,,,
763.8935026868588,14.50717791695115,2,EELS,Gold,"[{""position"": 0.0, ""amplitude"": 2.578669376523827, ""fwhm"": 2.64021333840469}]",0.0,2.578669376523827,2.64021333840469,,,,,,,,,,,,,,,
764.8729848558867,14.510236725617775,2,EELS,Gold,"[{""position"": 0.0, ""amplitude"": 2.578669376523827, ""fwhm"": 2.64021333840469}]",0.0,2.578669376523827,2.64021333840469,,,,,,,,,,,,,,,
765.8524670249145,14.513355973599928,2,EELS,Gold,"[{""position"": 0.0, ""amplitude"": 2.578669376523827, ""fwhm"": 2.64021333840469}]",0.0,2.578669376523827,2.64021333840469,,,,,,,,,,,,,,,
766.8319491939424,14.511826293175034,2,EELS,Gold,"[{""position"": 0.0, ""amplitude"": 2.578669376523827, ""fwhm"": 2.64021333840469}]",0.0,2.578669376523827,2.64021333840469,,,,,,,,,,,,,,,
767.8114313629702,14.506909745441673,2,EELS,Gold,"[{""position"": 0.0, ""amplitude"": 2.578669376523827, ""fwhm"": 2.64021333840469}]",0.0,2.578669376523827,2.64021333840469,,,,,,,,,,,,,,,
768.7909135319981,14.514117345524848,2,EELS,Gold,"[{""position"": 0.0, ""amplitude"": 2.578669376523827, ""fwhm"": 2.64021333840469}]",0.0,2.578669376523827,2.64021333840469,,,,,,,,,,,,,,,
769.7703957010259,14.516826293175033,2,EELS,Gold,"[{""position"": 0.0, ""amplitude"": 2.578669376523827, ""fwhm"": 2.64021333840469}]",0.0,2.578669376523827,2.64021333840469,,,,,,,,,,,,,,,
770.7498778700536,14.508830077058763,2,EELS,Gold,"[{""position"": 0.0, ""amplitude"": 2.578669376523827, ""fwhm"": 2.64021333840469}]",0.0,2.578669376523827,2.64021333840469,,,,,,,,,,,,,,,
771.7293600390815,14.512900341685796,2,EELS,Gold,"[{""position"": 0.0, ""amplitude"": 2.578669376523827, ""fwhm"": 2.64021333840469}]",0.0,2.578669376523827,2.64021333840469,,,,,,,,,,,,,,,
772.7088422081093,14.519946649281161,2,EELS,Gold,"[{""position"": 0.0, ""amplitude"": 2.578669376523827, ""fwhm"": 2.64021333840469}]",0.0,2.578669376523827,2.64021333840469,,,,,,,,,,,,,,,
773.6883243771372,14.506826293175033,2,EELS,Gold,"[{""position"": 0.0, ""amplitude"": 2.578669376523827, ""fwhm"": 2.64021333840469}]",0.0,2.578669376523827,2.64021333840469,,,,,,,,,,,,,,,
774.667806546165,14.519461502661477,2,EELS,Gold,"[{""position"": 0.0, ""amplitude"": 2.578669376523827, ""fwhm"": 2.64021333840469}]",0.0,2.578669376523827,2.64021333840469,,,,,,,,,,,,,,,
775.6472887151929,14.517305199682957,2,EELS,Gold,"[{""position"": 0.0, ""amplitude"": 2.578669376523827, ""fwhm"": 2.64021333840469}]",0.0,2.578669376523827,2.64021333840469,,,,,,,,,,,,,,,
776.6267708842207,14.516446761245883,2,EELS,Gold,"[{""position"": 0.0, ""amplitude"": 2.578669376523827, ""fwhm"": 2.64021333840469}]",0.0,2.578669376523827,2.64021333840469,,,,,,,,,,,,,,,
777.6062530532486,14.514076352716774,2,EELS,Gold,"[{""position"": 0.0, ""amplitude"": 2.578669376523827, ""fwhm"": 2.64021333840469}]",0.0,2.578669376523827,2.64021333840469,,,,,,,,,,,,,,,
778.5857352222764,14.515859290128953,2,EELS,Gold,"[{""position"": 0.0, ""amplitude"": 2.578669376523827, ""fwhm"": 2.64021333840469}]",0.0,2.578669376523827,2.64021333840469,,,,,,,,,,,,,,,
779.5652173913043,14.513131850931185,2,EELS,Gold,"[{""position"": 0.0, ""amplitude"": 2.578669376523827, ""fwhm"": 2.64021333840469}]",0.0,2.578669376523827,2.64021333840469,,,,,,,,,,,,,,,
780.5446995603321,14.512876830810598,2,EELS,Gold,"[{""position"": 0.0, ""amplitude"": 2.578669376523827, ""fwhm"": 2.64021333840469}]",0.0,2.578669376523827,2.64021333840469,,,,,,,,,,,,,,,
781.52418172936,14.523448512838797,2,EELS,Gold,"[{""position"": 0.0, ""amplitude"": 2.578669376523827, ""fwhm"": 2.64021333840469}]",0.0,2.578669376523827,2.64021333840469,,,,,,,,,,,,,,,
782.5036638983878,14.506826293175033,2,EELS,Gold,"[{""position"": 0.0, ""amplitude"": 2.578669376523827, ""fwhm"": 2.64021333840469}]",0.0,2.578669376523827,2.64021333840469,,,,,,,,,,,,,,,
783.4831460674156,14.506826293175033,2,EELS,Gold,"[{""position"": 0.0, ""amplitude"": 2.578669376523827, ""fwhm"": 2.64021333840469}]",0.0,2.578669376523827,2.64021333840469,,,,,,,,,,,,,,,
784.4626282364435,14.508855850940906,2,EELS,Gold,"[{""position"": 0.0, ""amplitude"": 2.578669376523827, ""fwhm"": 2.64021333840469}]",0.0,2.578669376523827,2.64021333840469,,,,,,,,,,,,,,,
785.4421104054713,14.519021412759518,2,EELS,Gold,"[{""position"": 0.0, ""amplitude"": 2.578669376523827, ""fwhm"": 2.64021333840469}]",0.0,2.578669376523827,2.64021333840469,,,,,,,,,,,,,,,
786.4215925744992,14.516826293175033,2,EELS,Gold,"[{""position"": 0.0, ""amplitude"": 2.578669376523827, ""fwhm"": 2.64021333840469}]",0.0,2.578669376523827,2.64021333840469,,,,,,,,,,,,,,,
787.401074743527,14.516826293175033,2,EELS,Gold,"[{""position"": 0.0, ""amplitude"": 2.578669376523827, ""fwhm"": 2.64021333840469}]",0.0,2.578669376523827,2.64021333840469,,,,,,,,,,,,,,,
788.3805569125549,14.506826293175033,2,EELS,Gold,"[{""position"": 0.0, ""amplitude"": 2.578669376523827, ""fwhm"": 2.64021333840469}]",0.0,2.578669376523827,2.64021333840469,,,,,,,,,,,,,,,
789.3600390815827,14.508269425515094,2,EELS,Gold,"[{""position"": 0.0, ""amplitude"": 2.578669376523827, ""fwhm"": 2.64021333840469}]",0.0,2.578669376523827,2.64021333840469,,,,,,,,,,,,,,,
790.3395212506106,14.528599320791805,2,EELS,Gold,"[{""position"": 0.0, ""amplitude"": 2.578669376523827, ""fwhm"": 2.64021333840469}]",0.0,2.578669376523827,2.64021333840469,,,,,,,,,,,,,,,
791.3190034196384,14.512255246629099,2,EELS,Gold,"[{""position"": 0.0, ""amplitude"": 2.578669376523827, ""fwhm"": 2.64021333840469}]",0.0,2.578669376523827,2.64021333840469,,,,,,,,,,,,,,,
792.2984855886663,14.516826293175033,2,EELS,Gold,"[{""position"": 0.0, ""amplitude"": 2.578669376523827, ""fwhm"": 2.64021333840469}]",0.0,2.578669376523827,2.64021333840469,,,,,,,,,,,,,,,
793.2779677576941,14.521368812631602,2,EELS,Gold,"[{""position"": 0.0, ""amplitude"": 2.578669376523827, ""fwhm"": 2.64021333840469}]",0.0,2.578669376523827,2.64021333840469,,,,,,,,,,,,,,,
794.257449926722,14.521826293175033,2,EELS,Gold,"[{""position"": 0.0, ""amplitude"": 2.578669376523827, ""fwhm"": 2.64021333840469}]",0.0,2.578669376523827,2.64021333840469,,,,,,,,,,,,,,,
795.2369320957498,14.510247998638176,2,EELS,Gold,"[{""position"": 0.0, ""amplitude"": 2.578669376523827, ""fwhm"": 2.64021333840469}]",0.0,2.578669376523827,2.64021333840469,,,,,,,,,,,,,,,
796.2164142647777,14.513794974914441,2,EELS,Gold,"[{""position"": 0.0, ""amplitude"": 2.578669376523827, ""fwhm"": 2.64021333840469}]",0.0,2.578669376523827,2.64021333840469,,,,,,,,,,,,,,,
797.1958964338055,14.515190942287092,2,EELS,Gold,"[{""position"": 0.0, ""amplitude"": 2.578669376523827, ""fwhm"": 2.64021333840469}]",0.0,2.578669376523827,2.64021333840469,,,,,,,,,,,,,,,
798.1753786028333,14.516826293175033,2,EELS,Gold,"[{""position"": 0.0, ""amplitude"": 2.578669376523827, ""fwhm"": 2.64021333840469}]",0.0,2.578669376523827,2.64021333840469,,,,,,,,,,,,,,,
799.1548607718612,14.506826293175033,2,EELS,Gold,"[{""position"": 0.0, ""amplitude"": 2.578669376523827, ""fwhm"": 2.64021333840469}]",0.0,2.578669376523827,2.64021333840469,,,,,,,,,,,,,,,
800.134342940889,14.512031425396831,2,EELS,Gold,"[{""position"": 0.0, ""amplitude"": 2.578669376523827, ""fwhm"": 2.64021333840469}]",0.0,2.578669376523827,2.64021333840469,,,,,,,,,,,,,,,
801.1138251099169,14.506826293175033,2,EELS,Gold,"[{""position"": 0.0, ""amplitude"": 2.578669376523827, ""fwhm"": 2.64021333840469}]",0.0,2.578669376523827,2.64021333840469,,,,,,,,,,,,,,,
802.0933072789447,14.51246997419214,2,EELS,Gold,"[{""position"": 0.0, ""amplitude"": 2.578669376523827, ""fwhm"": 2.64021333840469}]",0.0,2.578669376523827,2.64021333840469,,,,,,,,,,,,,,,
803.0727894479726,14.515960284198522,2,EELS,Gold,"[{""position"": 0.0, ""amplitude"": 2.578669376523827, ""fwhm"": 2.64021333840469}]",0.0,2.578669376523827,2.64021333840469,,,,,,,,,,,,,,,
804.0522716170004,14.506826293175033,2,EELS,Gold,"[{""position"": 0.0, ""amplitude"": 2.578669376523827, ""fwhm"": 2.64021333840469}]",0.0,2.578669376523827,2.64021333840469,,,,,,,,,,,,,,,
805.0317537860283,14.511826293175034,2,EELS,Gold,"[{""position"": 0.0, ""amplitude"": 2.578669376523827, ""fwhm"": 2.64021333840469}]",0.0,2.578669376523827,2.64021333840469,,,,,,,,,,,,,,,
806.0112359550561,14.506826293175033,2,EELS,Gold,"[{""position"": 0.0, ""amplitude"": 2.578669376523827, ""fwhm"": 2.64021333840469}]",0.0,2.578669376523827,2.64021333840469,,,,,,,,,,,,,,,
806.990718124084,14.511826293175034,2,EELS,Gold,"[{""position"": 0.0, ""amplitude"": 2.578669376523827, ""fwhm"": 2.64021333840469}]",0.0,2.578669376523827,2.64021333840469,,,,,,,,,,,,,,,
807.9702002931118,14.511826293175034,2,EELS,Gold,"[{""position"": 0.0, ""amplitude"": 2.578669376523827, ""fwhm"": 2.64021333840469}]",0.0,2.578669376523827,2.64021333840469,,,,,,,,,,,,,,,
808.9496824621397,14.508879368198851,2,EELS,Gold,"[{""position"": 0.0, ""amplitude"": 2.578669376523827, ""fwhm"": 2.64021333840469}]",0.0,2.578669376523827,2.64021333840469,,,,,,,,,,,,,,,
809.9291646311675,14.506974980852007,2,EELS,Gold,"[{""position"": 0.0, ""amplitude"": 2.578669376523827, ""fwhm"": 2.64021333840469}]",0.0,2.578669376523827,2.64021333840469,,,,,,,,,,,,,,,
810.9086468001954,14.51266878950773,2,EELS,Gold,"[{""position"": 0.0, ""amplitude"": 2.578669376523827, ""fwhm"": 2.64021333840469}]",0.0,2.578669376523827,2.64021333840469,,,,,,,,,,,,,,,
811.8881289692232,14.512915033687618,2,EELS,Gold,"[{""position"": 0.0, ""amplitude"": 2.578669376523827, ""fwhm"": 2.64021333840469}]",0.0,2.578669376523827,2.64021333840469,,,,,,,,,,,,,,,
812.867611138251,14.512520313237234,2,EELS,Gold,"[{""position"": 0.0, ""amplitude"": 2.578669376523827, ""fwhm"": 2.64021333840469}]",0.0,2.578669376523827,2.64021333840469,,,,,,,,,,,,,,,
813.8470933072789,14.513700758566861,2,EELS,Gold,"[{""position"": 0.0, ""amplitude"": 2.578669376523827, ""fwhm"": 2.64021333840469}]",0.0,2.578669376523827,2.64021333840469,,,,,,,,,,,,,,,
814.8265754763067,14.506826293175033,2,EELS,Gold,"[{""position"": 0.0, ""amplitude"": 2.578669376523827, ""fwhm"": 2.64021333840469}]",0.0,2.578669376523827,2.64021333840469,,,,,,,,,,,,,,,
815.8060576453346,14.511131875321857,2,EELS,Gold,"[{""position"": 0.0, ""amplitude"": 2.578669376523827, ""fwhm"": 2.64021333840469}]",0.0,2.578669376523827,2.64021333840469,,,,,,,,,,,,,,,
816.7855398143624,14.513439883719757,2,EELS,Gold,"[{""position"": 0.0, ""amplitude"": 2.578669376523827, ""fwhm"": 2.64021333840469}]",0.0,2.578669376523827,2.64021333840469,,,,,,,,,,,,,,,
817.7650219833903,14.508707729529029,2,EELS,Gold,"[{""position"": 0.0, ""amplitude"": 2.578669376523827, ""fwhm"": 2.64021333840469}]",0.0,2.578669376523827,2.64021333840469,,,,,,,,,,,,,,,
818.7445041524181,14.512474591036295,2,EELS,Gold,"[{""position"": 0.0, ""amplitude"": 2.578669376523827, ""fwhm"": 2.64021333840469}]",0.0,2.578669376523827,2.64021333840469,,,,,,,,,,,,,,,
819.723986321446,14.518496951009672,2,EELS,Gold,"[{""position"": 0.0, ""amplitude"": 2.578669376523827, ""fwhm"": 2.64021333840469}]",0.0,2.578669376523827,2.64021333840469,,,,,,,,,,,,,,,
820.7034684904738,14.511826293175034,2,EELS,Gold,"[{""position"": 0.0, ""amplitude"": 2.578669376523827, ""fwhm"": 2.64021333840469}]",0.0,2.578669376523827,2.64021333840469,,,,,,,,,,,,,,,
821.6829506595017,14.512350728503161,2,EELS,Gold,"[{""position"": 0.0, ""amplitude"": 2.578669376523827, ""fwhm"": 2.64021333840469}]",0.0,2.578669376523827,2.64021333840469,,,,,,,,,,,,,,,
822.6624328285295,14.506826293175033,2,EELS,Gold,"[{""position"": 0.0, ""amplitude"": 2.578669376523827, ""fwhm"": 2.64021333840469}]",0.0,2.578669376523827,2.64021333840469,,,,,,,,,,,,,,,
823.6419149975574,14.50820094134664,2,EELS,Gold,"[{""position"": 0.0, ""amplitude"": 2.578669376523827, ""fwhm"": 2.64021333840469}]",0.0,2.578669376523827,2.64021333840469,,,,,,,,,,,,,,,
824.6213971665852,14.511826293175034,2,EELS,Gold,"[{""position"": 0.0, ""amplitude"": 2.578669376523827, ""fwhm"": 2.64021333840469}]",0.0,2.578669376523827,2.64021333840469,,,,,,,,,,,,,,,
825.6008793356131,14.516826293175033,2,EELS,Gold,"[{""position"": 0.0, ""amplitude"": 2.578669376523827, ""fwhm"": 2.64021333840469}]",0.0,2.578669376523827,2.64021333840469,,,,,,,,,,,,,,,
826.5803615046409,14.506826293175033,2,EELS,Gold,"[{""position"": 0.0, ""amplitude"": 2.578669376523827, ""fwhm"": 2.64021333840469}]",0.0,2.578669376523827,2.64021333840469,,,,,,,,,,,,,,,
827.5598436736688,14.511826293175034,2,EELS,Gold,"[{""position"": 0.0, ""amplitude"": 2.578669376523827, ""fwhm"": 2.64021333840469}]",0.0,2.578669376523827,2.64021333840469,,,,,,,,,,,,,,,
828.5393258426966,14.507800403561863,2,EELS,Gold,"[{""position"": 0.0, ""amplitude"": 2.578669376523827, ""fwhm"": 2.64021333840469}]",0.0,2.578669376523827,2.64021333840469,,,,,,,,,,,,,,,
829.5188080117244,14.516826293175033,2,EELS,Gold,"[{""position"": 0.0, ""amplitude"": 2.578669376523827, ""fwhm"": 2.64021333840469}]",0.0,2.578669376523827,2.64021333840469,,,,,,,,,,,,,,,
830.4982901807523,14.50962784209499,2,EELS,Gold,"[{""position"": 0.0, ""amplitude"": 2.578669376523827, ""fwhm"": 2.64021333840469}]",0.0,2.578669376523827,2.64021333840469,,,,,,,,,,,,,,,
831.4777723497801,14.511826293175034,2,EELS,Gold,"[{""position"": 0.0, ""amplitude"": 2.578669376523827, ""fwhm"": 2.64021333840469}]",0.0,2.578669376523827,2.64021333840469,,,,,,,,,,,,,,,
832.457254518808,14.51305354277352,2,EELS,Gold,"[{""position"": 0.0, ""amplitude"": 2.578669376523827, ""fwhm"": 2.64021333840469}]",0.0,2.578669376523827,2.64021333840469,,,,,,,,,,,,,,,
833.4367366878358,14.521826293175033,2,EELS,Gold,"[{""position"": 0.0, ""amplitude"": 2.578669376523827, ""fwhm"": 2.64021333840469}]",0.0,2.578669376523827,2.64021333840469,,,,,,,,,,,,,,,
834.4162188568637,14.507878530145497,2,EELS,Gold,"[{""position"": 0.0, ""amplitude"": 2.578669376523827, ""fwhm"": 2.64021333840469}]",0.0,2.578669376523827,2.64021333840469,,,,,,,,,,,,,,,
835.3957010258915,14.511826293175034,2,EELS,Gold,"[{""position"": 0.0, ""amplitude"": 2.578669376523827, ""fwhm"": 2.64021333840469}]",0.0,2.578669376523827,2.64021333840469,,,,,,,,,,,,,,,
836.3751831949194,14.506826293175033,2,EELS,Gold,"[{""position"": 0.0, ""amplitude"": 2.578669376523827, ""fwhm"": 2.64021333840469}]",0.0,2.578669376523827,2.64021333840469,,,,,,,,,,,,,,,
837.3546653639472,14.511826293175034,2,EELS,Gold,"[{""position"": 0.0, ""amplitude"": 2.578669376523827, ""fwhm"": 2.64021333840469}]",0.0,2.578669376523827,2.64021333840469,,,,,,,,,,,,,,,
838.3341475329751,14.509161376023174,2,EELS,Gold,"[{""position"": 0.0, ""amplitude"": 2.578669376523827, ""fwhm"": 2.64021333840469}]",0.0,2.578669376523827,2.64021333840469,,,,,,,,,,,,,,,
839.3136297020029,14.508075905615973,2,EELS,Gold,"[{""position"": 0.0, ""amplitude"": 2.578669376523827, ""fwhm"": 2.64021333840469}]",0.0,2.578669376523827,2.64021333840469,,,,,,,,,,,,,,,
840.2931118710308,14.516826293175033,2,EELS,Gold,"[{""position"": 0.0, ""amplitude"": 2.578669376523827, ""fwhm"": 2.64021333840469}]",0.0,2.578669376523827,2.64021333840469,,,,,,,,,,,,,,,
841.2725940400586,14.506826293175033,2,EELS,Gold,"[{""position"": 0.0, ""amplitude"": 2.578669376523827, ""fwhm"": 2.64021333840469}]",0.0,2.578669376523827,2.64021333840469,,,,,,,,,,,,,,,
842.2520762090865,14.506826293175033,2,EELS,Gold,"[{""position"": 0.0, ""amplitude"": 2.578669376523827, ""fwhm"": 2.64021333840469}]",0.0,2.578669376523827,2.64021333840469,,,,,,,,,,,,,,,
843.2315583781143,14.514333579736055,2,EELS,Gold,"[{""position"": 0.0, ""amplitude"": 2.578669376523827, ""fwhm"": 2.64021333840469}]",0.0,2.578669376523827,2.64021333840469,,,,,,,,,,,,,,,
844.2110405471421,14.515161755144849,2,EELS,Gold,"[{""position"": 0.0, ""amplitude"": 2.578669376523827, ""fwhm"": 2.64021333840469}]",0.0,2.578669376523827,2.64021333840469,,,,,,,,,,,,,,,
845.19052271617,14.511826293175034,2,EELS,Gold,"[{""position"": 0.0, ""amplitude"": 2.578669376523827, ""fwhm"": 2.64021333840469}]",0.0,2.578669376523827,2.64021333840469,,,,,,,,,,,,,,,
846.1700048851978,14.514014678266582,2,EELS,Gold,"[{""position"": 0.0, ""amplitude"": 2.578669376523827, ""fwhm"": 2.64021333840469}]",0.0,2.578669376523827,2.64021333840469,,,,,,,,,,,,,,,
847.1494870542257,14.506826293175033,2,EELS,Gold,"[{""position"": 0.0, ""amplitude"": 2.578669376523827, ""fwhm"": 2.64021333840469}]",0.0,2.578669376523827,2.64021333840469,,,,,,,,,,,,,,,
848.1289692232535,14.516826293175033,2,EELS,Gold,"[{""position"": 0.0, ""amplitude"": 2.578669376523827, ""fwhm"": 2.64021333840469}]",0.0,2.578669376523827,2.64021333840469,,,,,,,,,,,,,,,
849.1084513922814,14.516966075125875,2,EELS,Gold,"[{""position"": 0.0, ""amplitude"": 2.578669376523827, ""fwhm"": 2.64021333840469}]",0.0,2.578669376523827,2.64021333840469,,,,,,,,,,,,,,,
850.0879335613092,14.51156639383404,2,EELS,Gold,"[{""position"": 0.0, ""amplitude"": 2.578669376523827, ""fwhm"": 2.64021333840469}]",0.0,2.578669376523827,2.64021333840469,,,,,,,,,,,,,,,
851.0674157303371,14.511826293175034,2,EELS,Gold,"[{""position"": 0.0, ""amplitude"": 2.578669376523827, ""fwhm"": 2.64021333840469}]",0.0,2.578669376523827,2.64021333840469,,,,,,,,,,,,,,,
852.0468978993649,14.509034734079739,2,EELS,Gold,"[{""position"": 0.0, ""amplitude"": 2.578669376523827, ""fwhm"": 2.64021333840469}]",0.0,2.578669376523827,2.64021333840469,,,,,,,,,,,,,,,
853.0263800683928,14.511826293175034,2,EELS,Gold,"[{""position"": 0.0, ""amplitude"": 2.578669376523827, ""fwhm"": 2.64021333840469}]",0.0,2.578669376523827,2.64021333840469,,,,,,,,,,,,,,,
854.0058622374206,14.506826293175033,2,EELS,Gold,"[{""position"": 0.0, ""amplitude"": 2.578669376523827, ""fwhm"": 2.64021333840469}]",0.0,2.578669376523827,2.64021333840469,,,,,,,,,,,,,,,
854.9853444064485,14.51695562103834,2,EELS,Gold,"[{""position"": 0.0, ""amplitude"": 2.578669376523827, ""fwhm"": 2.64021333840469}]",0.0,2.578669376523827,2.64021333840469,,,,,,,,,,,,,,,
855.9648265754763,14.516938147875445,2,EELS,Gold,"[{""position"": 0.0, ""amplitude"": 2.578669376523827, ""fwhm"": 2.64021333840469}]",0.0,2.578669376523827,2.64021333840469,,,,,,,,,,,,,,,
856.9443087445042,14.516826293175033,2,EELS,Gold,"[{""position"": 0.0, ""amplitude"": 2.578669376523827, ""fwhm"": 2.64021333840469}]",0.0,2.578669376523827,2.64021333840469,,,,,,,,,,,,,,,
857.923790913532,14.519871585414517,2,EELS,Gold,"[{""position"": 0.0, ""amplitude"": 2.578669376523827, ""fwhm"": 2.64021333840469}]",0.0,2.578669376523827,2.64021333840469,,,,,,,,,,,,,,,
858.9032730825598,14.516826293175033,2,EELS,Gold,"[{""position"": 0.0, ""amplitude"": 2.578669376523827, ""fwhm"": 2.64021333840469}]",0.0,2.578669376523827,2.64021333840469,,,,,,,,,,,,,,,
859.8827552515877,14.511826293175034,2,EELS,Gold,"[{""position"": 0.0, ""amplitude"": 2.578669376523827, ""fwhm"": 2.64021333840469}]",0.0,2.578669376523827,2.64021333840469,,,,,,,,,,,,,,,
860.8622374206155,14.510304445239253,2,EELS,Gold,"[{""position"": 0.0, ""amplitude"": 2.578669376523827, ""fwhm"": 2.64021333840469}]",0.0,2.578669376523827,2.64021333840469,,,,,,,,,,,,,,,
861.8417195896433,14.512577205118575,2,EELS,Gold,"[{""position"": 0.0, ""amplitude"": 2.578669376523827, ""fwhm"": 2.64021333840469}]",0.0,2.578669376523827,2.64021333840469,,,,,,,,,,,,,,,
862.8212017586711,14.506826293175033,2,EELS,Gold,"[{""position"": 0.0, ""amplitude"": 2.578669376523827, ""fwhm"": 2.64021333840469}]",0.0,2.578669376523827,2.64021333840469,,,,,,,,,,,,,,,
863.800683927699,14.506826293175033,2,EELS,Gold,"[{""position"": 0.0, ""amplitude"": 2.578669376523827, ""fwhm"": 2.64021333840469}]",0.0,2.578669376523827,2.64021333840469,,,,,,,,,,,,,,,
864.7801660967268,14.525208446491561,2,EELS,Gold,"[{""position"": 0.0, ""amplitude"": 2.578669376523827, ""fwhm"": 2.64021333840469}]",0.0,2.578669376523827,2.64021333840469,,,,,,,,,,,,,,,
865.7596482657547,14.51911159079763,2,EELS,Gold,"[{""position"": 0.0, ""amplitude"": 2.578669376523827, ""fwhm"": 2.64021333840469}]",0.0,2.578669376523827,2.64021333840469,,,,,,,,,,,,,,,
866.7391304347825,14.506826293175033,2,EELS,Gold,"[{""position"": 0.0, ""amplitude"": 2.578669376523827, ""fwhm"": 2.64021333840469}]",0.0,2.578669376523827,2.64021333840469,,,,,,,,,,,,,,,
867.7186126038104,14.516826293175033,2,EELS,Gold,"[{""position"": 0.0, ""amplitude"": 2.578669376523827, ""fwhm"": 2.64021333840469}]",0.0,2.578669376523827,2.64021333840469,,,,,,,,,,,,,,,
868.6980947728382,14.511826293175034,2,EELS,Gold,"[{""position"": 0.0, ""amplitude"": 2.578669376523827, ""fwhm"": 2.64021333840469}]",0.0,2.578669376523827,2.64021333840469,,,,,,,,,,,,,,,
869.677576941866,14.506826293175033,2,EELS,Gold,"[{""position"": 0.0, ""amplitude"": 2.578669376523827, ""fwhm"": 2.64021333840469}]",0.0,2.578669376523827,2.64021333840469,,,,,,,,,,,,,,,
870.6570591108939,14.51269539882125,2,EELS,Gold,"[{""position"": 0.0, ""amplitude"": 2.578669376523827, ""fwhm"": 2.64021333840469}]",0.0,2.578669376523827,2.64021333840469,,,,,,,,,,,,,,,
871.6365412799217,14.506826293175033,2,EELS,Gold,"[{""position"": 0.0, ""amplitude"": 2.578669376523827, ""fwhm"": 2.64021333840469}]",0.0,2.578669376523827,2.64021333840469,,,,,,,,,,,,,,,
872.6160234489496,14.521826293175033,2,EELS,Gold,"[{""position"": 0.0, ""amplitude"": 2.578669376523827, ""fwhm"": 2.64021333840469}]",0.0,2.578669376523827,2.64021333840469,,,,,,,,,,,,,,,
873.5955056179774,14.508533549806769,2,EELS,Gold,"[{""position"": 0.0, ""amplitude"": 2.578669376523827, ""fwhm"": 2.64021333840469}]",0.0,2.578669376523827,2.64021333840469,,,,,,,,,,,,,,,
874.5749877870053,14.511826293175034,2,EELS,Gold,"[{""position"": 0.0, ""amplitude"": 2.578669376523827, ""fwhm"": 2.64021333840469}]",0.0,2.578669376523827,2.64021333840469,,,,,,,,,,,,,,,
875.5544699560331,14.511826293175034,2,EELS,Gold,"[{""position"": 0.0, ""amplitude"": 2.578669376523827, ""fwhm"": 2.64021333840469}]",0.0,2.578669376523827,2.64021333840469,,,,,,,,,,,,,,,
876.533952125061,14.526826293175032,2,EELS,Gold,"[{""position"": 0.0, ""amplitude"": 2.578669376523827, ""fwhm"": 2.64021333840469}]",0.0,2.578669376523827,2.64021333840469,,,,,,,,,,,,,,,
877.5134342940888,14.517159299564375,2,EELS,Gold,"[{""position"": 0.0, ""amplitude"": 2.578669376523827, ""fwhm"": 2.64021333840469}]",0.0,2.578669376523827,2.64021333840469,,,,,,,,,,,,,,,
878.4929164631167,14.516826293175033,2,EELS,Gold,"[{""position"": 0.0, ""amplitude"": 2.578669376523827, ""fwhm"": 2.64021333840469}]",0.0,2.578669376523827,2.64021333840469,,,,,,,,,,,,,,,
879.4723986321445,14.514174220432805,2,EELS,Gold,"[{""position"": 0.0, ""amplitude"": 2.578669376523827, ""fwhm"": 2.64021333840469}]",0.0,2.578669376523827,2.64021333840469,,,,,,,,,,,,,,,
880.4518808011724,14.516826293175033,2,EELS,Gold,"[{""position"": 0.0, ""amplitude"": 2.578669376523827, ""fwhm"": 2.64021333840469}]",0.0,2.578669376523827,2.64021333840469,,,,,,,,,,,,,,,
881.4313629702002,14.506826293175033,2,EELS,Gold,"[{""position"": 0.0, ""amplitude"": 2.578669376523827, ""fwhm"": 2.64021333840469}]",0.0,2.578669376523827,2.64021333840469,,,,,,,,,,,,,,,
882.4108451392281,14.506826293175033,2,EELS,Gold,"[{""position"": 0.0, ""amplitude"": 2.578669376523827, ""fwhm"": 2.64021333840469}]",0.0,2.578669376523827,2.64021333840469,,,,,,,,,,,,,,,
883.3903273082559,14.516290782330419,2,EELS,Gold,"[{""position"": 0.0, ""amplitude"": 2.578669376523827, ""fwhm"": 2.64021333840469}]",0.0,2.578669376523827,2.64021333840469,,,,,,,,,,,,,,,
884.3698094772838,14.523712693463064,2,EELS,Gold,"[{""position"": 0.0, ""amplitude"": 2.578669376523827, ""fwhm"": 2.64021333840469}]",0.0,2.578669376523827,2.64021333840469,,,,,,,,,,,,,,,
885.3492916463116,14.521826293175033,2,EELS,Gold,"[{""position"": 0.0, ""amplitude"": 2.578669376523827, ""fwhm"": 2.64021333840469}]",0.0,2.578669376523827,2.64021333840469,,,,,,,,,,,,,,,
886.3287738153394,14.516826293175033,2,EELS,Gold,"[{""position"": 0.0, ""amplitude"": 2.578669376523827, ""fwhm"": 2.64021333840469}]",0.0,2.578669376523827,2.64021333840469,,,,,,,,,,,,,,,
887.3082559843673,14.511826293175034,2,EELS,Gold,"[{""position"": 0.0, ""amplitude"": 2.578669376523827, ""fwhm"": 2.64021333840469}]",0.0,2.578669376523827,2.64021333840469,,,,,,,,,,,,,,,
888.2877381533951,14.517649642976249,2,EELS,Gold,"[{""position"": 0.0, ""amplitude"": 2.578669376523827, ""fwhm"": 2.64021333840469}]",0.0,2.578669376523827,2.64021333840469,,,,,,,,,,,,,,,
889.267220322423,14.506826293175033,2,EELS,Gold,"[{""position"": 0.0, ""amplitude"": 2.578669376523827, ""fwhm"": 2.64021333840469}]",0.0,2.578669376523827,2.64021333840469,,,,,,,,,,,,,,,
890.2467024914508,14.506826293175033,2,EELS,Gold,"[{""position"": 0.0, ""amplitude"": 2.578669376523827, ""fwhm"": 2.64021333840469}]",0.0,2.578669376523827,2.64021333840469,,,,,,,,,,,,,,,
891.2261846604787,14.510816443010864,2,EELS,Gold,"[{""position"": 0.0, ""amplitude"": 2.578669376523827, ""fwhm"": 2.64021333840469}]",0.0,2.578669376523827,2.64021333840469,,,,,,,,,,,,,,,
892.2056668295065,14.522380825645312,2,EELS,Gold,"[{""position"": 0.0, ""amplitude"": 2.578669376523827, ""fwhm"": 2.64021333840469}]",0.0,2.578669376523827,2.64021333840469,,,,,,,,,,,,,,,
893.1851489985344,14.51959307352072,2,EELS,Gold,"[{""position"": 0.0, ""amplitude"": 2.578669376523827, ""fwhm"": 2.64021333840469}]",0.0,2.578669376523827,2.64021333840469,,,,,,,,,,,,,,,
894.1646311675622,14.516826293175033,2,EELS,Gold,"[{""position"": 0.0, ""amplitude"": 2.578669376523827, ""fwhm"": 2.64021333840469}]",0.0,2.578669376523827,2.64021333840469,,,,,,,,,,,,,,,
895.1441133365901,14.516826293175033,2,EELS,Gold,"[{""position"": 0.0, ""amplitude"": 2.578669376523827, ""fwhm"": 2.64021333840469}]",0.0,2.578669376523827,2.64021333840469,,,,,,,,,,,,,,,
896.1235955056179,14.510269909471207,2,EELS,Gold,"[{""position"": 0.0, ""amplitude"": 2.578669376523827, ""fwhm"": 2.64021333840469}]",0.0,2.578669376523827,2.64021333840469,,,,,,,,,,,,,,,
897.1030776746458,14.506826293175033,2,EELS,Gold,"[{""position"": 0.0, ""amplitude"": 2.578669376523827, ""fwhm"": 2.64021333840469}]",0.0,2.578669376523827,2.64021333840469,,,,,,,,,,,,,,,
898.0825598436736,14.509773213696729,2,EELS,Gold,"[{""position"": 0.0, ""amplitude"": 2.578669376523827, ""fwhm"": 2.64021333840469}]",0.0,2.578669376523827,2.64021333840469,,,,,,,,,,,,,,,
899.0620420127015,14.512876110068007,2,EELS,Gold,"[{""position"": 0.0, ""amplitude"": 2.578669376523827, ""fwhm"": 2.64021333840469}]",0.0,2.578669376523827,2.64021333840469,,,,,,,,,,,,,,,
900.0415241817293,14.506826293175033,2,EELS,Gold,"[{""position"": 0.0, ""amplitude"": 2.578669376523827, ""fwhm"": 2.64021333840469}]",0.0,2.578669376523827,2.64021333840469,,,,,,,,,,,,,,,
901.0210063507571,14.511835399007788,2,EELS,Gold,"[{""position"": 0.0, ""amplitude"": 2.578669376523827, ""fwhm"": 2.64021333840469}]",0.0,2.578669376523827,2.64021333840469,,,,,,,,,,,,,,,
902.000488519785,14.509407589672273,2,EELS,Gold,"[{""position"": 0.0, ""amplitude"": 2.578669376523827, ""fwhm"": 2.64021333840469}]",0.0,2.578669376523827,2.64021333840469,,,,,,,,,,,,,,,
902.9799706888128,14.508603179315022,2,EELS,Gold,"[{""position"": 0.0, ""amplitude"": 2.578669376523827, ""fwhm"": 2.64021333840469}]",0.0,2.578669376523827,2.64021333840469,,,,,,,,,,,,,,,
903.9594528578407,14.511826293175034,2,EELS,Gold,"[{""position"": 0.0, ""amplitude"": 2.578669376523827, ""fwhm"": 2.64021333840469}]",0.0,2.578669376523827,2.64021333840469,,,,,,,,,,,,,,,
904.9389350268685,14.506826293175033,2,EELS,Gold,"[{""position"": 0.0, ""amplitude"": 2.578669376523827, ""fwhm"": 2.64021333840469}]",0.0,2.578669376523827,2.64021333840469,,,,,,,,,,,,,,,
905.9184171958964,14.506826293175033,2,EELS,Gold,"[{""position"": 0.0, ""amplitude"": 2.578669376523827, ""fwhm"": 2.64021333840469}]",0.0,2.578669376523827,2.64021333840469,,,,,,,,,,,,,,,
906.8978993649242,14.516826293175033,2,EELS,Gold,"[{""position"": 0.0, ""amplitude"": 2.578669376523827, ""fwhm"": 2.64021333840469}]",0.0,2.578669376523827,2.64021333840469,,,,,,,,,,,,,,,
907.8773815339521,14.511826293175034,2,EELS,Gold,"[{""position"": 0.0, ""amplitude"": 2.578669376523827, ""fwhm"": 2.64021333840469}]",0.0,2.578669376523827,2.64021333840469,,,,,,,,,,,,,,,
908.8568637029799,14.511826293175034,2,EELS,Gold,"[{""position"": 0.0, ""amplitude"": 2.578669376523827, ""fwhm"": 2.64021333840469}]",0.0,2.578669376523827,2.64021333840469,,,,,,,,,,,,,,,
909.8363458720078,14.516826293175033,2,EELS,Gold,"[{""position"": 0.0, ""amplitude"": 2.578669376523827, ""fwhm"": 2.64021333840469}]",0.0,2.578669376523827,2.64021333840469,,,,,,,,,,,,,,,
910.8158280410356,14.5245128124763,2,EELS,Gold,"[{""position"": 0.0, ""amplitude"": 2.578669376523827, ""fwhm"": 2.64021333840469}]",0.0,2.578669376523827,2.64021333840469,,,,,,,,,,,,,,,
911.7953102100635,14.506826293175033,2,EELS,Gold,"[{""position"": 0.0, ""amplitude"": 2.578669376523827, ""fwhm"": 2.64021333840469}]",0.0,2.578669376523827,2.64021333840469,,,,,,,,,,,,,,,
912.7747923790913,14.511826293175034,2,EELS,Gold,"[{""position"": 0.0, ""amplitude"": 2.578669376523827, ""fwhm"": 2.64021333840469}]",0.0,2.578669376523827,2.64021333840469,,,,,,,,,,,,,,,
913.7542745481192,14.527103784023366,2,EELS,Gold,"[{""position"": 0.0, ""amplitude"": 2.578669376523827, ""fwhm"": 2.64021333840469}]",0.0,2.578669376523827,2.64021333840469,,,,,,,,,,,,,,,
914.733756717147,14.519387137222262,2,EELS,Gold,"[{""position"": 0.0, ""amplitude"": 2.578669376523827, ""fwhm"": 2.64021333840469}]",0.0,2.578669376523827,2.64021333840469,,,,,,,,,,,,,,,
915.7132388861748,14.517173963858632,2,EELS,Gold,"[{""position"": 0.0, ""amplitude"": 2.578669376523827, ""fwhm"": 2.64021333840469}]",0.0,2.578669376523827,2.64021333840469,,,,,,,,,,,,,,,
916.6927210552027,14.518377953468638,2,EELS,Gold,"[{""position"": 0.0, ""amplitude"": 2.578669376523827, ""fwhm"": 2.64021333840469}]",0.0,2.578669376523827,2.64021333840469,,,,,,,,,,,,,,,
917.6722032242305,14.520949075206257,2,EELS,Gold,"[{""position"": 0.0, ""amplitude"": 2.578669376523827, ""fwhm"": 2.64021333840469}]",0.0,2.578669376523827,2.64021333840469,,,,,,,,,,,,,,,
918.6516853932584,14.506826293175033,2,EELS,Gold,"[{""position"": 0.0, ""amplitude"": 2.578669376523827, ""fwhm"": 2.64021333840469}]",0.0,2.578669376523827,2.64021333840469,,,,,,,,,,,,,,,
919.6311675622862,14.517444029956023,2,EELS,Gold,"[{""position"": 0.0, ""amplitude"": 2.578669376523827, ""fwhm"": 2.64021333840469}]",0.0,2.578669376523827,2.64021333840469,,,,,,,,,,,,,,,
920.6106497313141,14.521826293175033,2,EELS,Gold,"[{""position"": 0.0, ""amplitude"": 2.578669376523827, ""fwhm"": 2.64021333840469}]",0.0,2.578669376523827,2.64021333840469,,,,,,,,,,,,,,,
921.5901319003419,14.511826293175034,2,EELS,Gold,"[{""position"": 0.0, ""amplitude"": 2.578669376523827, ""fwhm"": 2.64021333840469}]",0.0,2.578669376523827,2.64021333840469,,,,,,,,,,,,,,,
922.5696140693698,14.50832099065427,2,EELS,Gold,"[{""position"": 0.0, ""amplitude"": 2.578669376523827, ""fwhm"": 2.64021333840469}]",0.0,2.578669376523827,2.64021333840469,,,,,,,,,,,,,,,
923.5490962383976,14.511826293175034,2,EELS,Gold,"[{""position"": 0.0, ""amplitude"": 2.578669376523827, ""fwhm"": 2.64021333840469}]",0.0,2.578669376523827,2.64021333840469,,,,,,,,,,,,,,,
924.5285784074255,14.506826293175033,2,EELS,Gold,"[{""position"": 0.0, ""amplitude"": 2.578669376523827, ""fwhm"": 2.64021333840469}]",0.0,2.578669376523827,2.64021333840469,,,,,,,,,,,,,,,
925.5080605764533,14.516826293175033,2,EELS,Gold,"[{""position"": 0.0, ""amplitude"": 2.578669376523827, ""fwhm"": 2.64021333840469}]",0.0,2.578669376523827,2.64021333840469,,,,,,,,,,,,,,,
926.4875427454812,14.516826293175033,2,EELS,Gold,"[{""position"": 0.0, ""amplitude"": 2.578669376523827, ""fwhm"": 2.64021333840469}]",0.0,2.578669376523827,2.64021333840469,,,,,,,,,,,,,,,
927.467024914509,14.51054022469772,2,EELS,Gold,"[{""position"": 0.0, ""amplitude"": 2.578669376523827, ""fwhm"": 2.64021333840469}]",0.0,2.578669376523827,2.64021333840469,,,,,,,,,,,,,,,
928.4465070835369,14.506918380362544,2,EELS,Gold,"[{""position"": 0.0, ""amplitude"": 2.578669376523827, ""fwhm"": 2.64021333840469}]",0.0,2.578669376523827,2.64021333840469,,,,,,,,,,,,,,,
929.4259892525647,14.516826293175033,2,EELS,Gold,"[{""position"": 0.0, ""amplitude"": 2.578669376523827, ""fwhm"": 2.64021333840469}]",0.0,2.578669376523827,2.64021333840469,,,,,,,,,,,,,,,
930.4054714215926,14.506826293175033,2,EELS,Gold,"[{""position"": 0.0, ""amplitude"": 2.578669376523827, ""fwhm"": 2.64021333840469}]",0.0,2.578669376523827,2.64021333840469,,,,,,,,,,,,,,,
931.3849535906204,14.533078143777946,2,EELS,Gold,"[{""position"": 0.0, ""amplitude"": 2.578669376523827, ""fwhm"": 2.64021333840469}]",0.0,2.578669376523827,2.64021333840469,,,,,,,,,,,,,,,
932.3644357596482,14.513911493299089,2,EELS,Gold,"[{""position"": 0.0, ""amplitude"": 2.578669376523827, ""fwhm"": 2.64021333840469}]",0.0,2.578669376523827,2.64021333840469,,,,,,,,,,,,,,,
933.3439179286761,14.511826293175034,2,EELS,Gold,"[{""position"": 0.0, ""amplitude"": 2.578669376523827, ""fwhm"": 2.64021333840469}]",0.0,2.578669376523827,2.64021333840469,,,,,,,,,,,,,,,
934.3234000977039,14.506826293175033,2,EELS,Gold,"[{""position"": 0.0, ""amplitude"": 2.578669376523827, ""fwhm"": 2.64021333840469}]",0.0,2.578669376523827,2.64021333840469,,,,,,,,,,,,,,,
935.3028822667318,14.517372035838928,2,EELS,Gold,"[{""position"": 0.0, ""amplitude"": 2.578669376523827, ""fwhm"": 2.64021333840469}]",0.0,2.578669376523827,2.64021333840469,,,,,,,,,,,,,,,
936.2823644357596,14.514361283840362,2,EELS,Gold,"[{""position"": 0.0, ""amplitude"": 2.578669376523827, ""fwhm"": 2.64021333840469}]",0.0,2.578669376523827,2.64021333840469,,,,,,,,,,,,,,,
937.2618466047875,14.511826293175034,2,EELS,Gold,"[{""position"": 0.0, ""amplitude"": 2.578669376523827, ""fwhm"": 2.64021333840469}]",0.0,2.578669376523827,2.64021333840469,,,,,,,,,,,,,,,
938.2413287738153,14.506826293175033,2,EELS,Gold,"[{""position"": 0.0, ""amplitude"": 2.578669376523827, ""fwhm"": 2.64021333840469}]",0.0,2.578669376523827,2.64021333840469,,,,,,,,,,,,,,,
939.2208109428432,14.511826293175034,2,EELS,Gold,"[{""position"": 0.0, ""amplitude"": 2.578669376523827, ""fwhm"": 2.64021333840469}]",0.0,2.578669376523827,2.64021333840469,,,,,,,,,,,,,,,
940.200293111871,14.520185560758193,2,EELS,Gold,"[{""position"": 0.0, ""amplitude"": 2.578669376523827, ""fwhm"": 2.64021333840469}]",0.0,2.578669376523827,2.64021333840469,,,,,,,,,,,,,,,
941.1797752808989,14.509565184376875,2,EELS,Gold,"[{""position"": 0.0, ""amplitude"": 2.578669376523827, ""fwhm"": 2.64021333840469}]",0.0,2.578669376523827,2.64021333840469,,,,,,,,,,,,,,,
942.1592574499267,14.516826293175033,2,EELS,Gold,"[{""position"": 0.0, ""amplitude"": 2.578669376523827, ""fwhm"": 2.64021333840469}]",0.0,2.578669376523827,2.64021333840469,,,,,,,,,,,,,,,
943.1387396189546,14.514502968907827,2,EELS,Gold,"[{""position"": 0.0, ""amplitude"": 2.578669376523827, ""fwhm"": 2.64021333840469}]",0.0,2.578669376523827,2.64021333840469,,,,,,,,,,,,,,,
944.1182217879824,14.506826293175033,2,EELS,Gold,"[{""position"": 0.0, ""amplitude"": 2.578669376523827, ""fwhm"": 2.64021333840469}]",0.0,2.578669376523827,2.64021333840469,,,,,,,,,,,,,,,
945.0977039570103,14.513914661953354,2,EELS,Gold,"[{""position"": 0.0, ""amplitude"": 2.578669376523827, ""fwhm"": 2.64021333840469}]",0.0,2.578669376523827,2.64021333840469,,,,,,,,,,,,,,,
946.0771861260381,14.531826293175033,2,EELS,Gold,"[{""position"": 0.0, ""amplitude"": 2.578669376523827, ""fwhm"": 2.64021333840469}]",0.0,2.578669376523827,2.64021333840469,,,,,,,,,,,,,,,
947.056668295066,14.526429212311564,2,EELS,Gold,"[{""position"": 0.0, ""amplitude"": 2.578669376523827, ""fwhm"": 2.64021333840469}]",0.0,2.578669376523827,2.64021333840469,,,,,,,,,,,,,,,
948.0361504640938,14.521826293175033,2,EELS,Gold,"[{""position"": 0.0, ""amplitude"": 2.578669376523827, ""fwhm"": 2.64021333840469}]",0.0,2.578669376523827,2.64021333840469,,,,,,,,,,,,,,,
949.0156326331216,14.516826293175033,2,EELS,Gold,"[{""position"": 0.0, ""amplitude"": 2.578669376523827, ""fwhm"": 2.64021333840469}]",0.0,2.578669376523827,2.64021333840469,,,,,,,,,,,,,,,
949.9951148021495,14.513323262534428,2,EELS,Gold,"[{""position"": 0.0, ""amplitude"": 2.578669376523827, ""fwhm"": 2.64021333840469}]",0.0,2.578669376523827,2.64021333840469,,,,,,,,,,,,,,,
950.9745969711773,14.518572059842082,2,EELS,Gold,"[{""position"": 0.0, ""amplitude"": 2.578669376523827, ""fwhm"": 2.64021333840469}]",0.0,2.578669376523827,2.64021333840469,,,,,,,,,,,,,,,
951.9540791402052,14.506826293175033,2,EELS,Gold,"[{""position"": 0.0, ""amplitude"": 2.578669376523827, ""fwhm"": 2.64021333840469}]",0.0,2.578669376523827,2.64021333840469,,,,,,,,,,,,,,,
952.9335613092329,14.512830539446833,2,EELS,Gold,"[{""position"": 0.0, ""amplitude"": 2.578669376523827, ""fwhm"": 2.64021333840469}]",0.0,2.578669376523827,2.64021333840469,,,,,,,,,,,,,,,
953.9130434782608,14.508150097392795,2,EELS,Gold,"[{""position"": 0.0, ""amplitude"": 2.578669376523827, ""fwhm"": 2.64021333840469}]",0.0,2.578669376523827,2.64021333840469,,,,,,,,,,,,,,,
954.8925256472886,14.512886358980621,2,EELS,Gold,"[{""position"": 0.0, ""amplitude"": 2.578669376523827, ""fwhm"": 2.64021333840469}]",0.0,2.578669376523827,2.64021333840469,,,,,,,,,,,,,,,
955.8720078163165,14.516826293175033,2,EELS,Gold,"[{""position"": 0.0, ""amplitude"": 2.578669376523827, ""fwhm"": 2.64021333840469}]",0.0,2.578669376523827,2.64021333840469,,,,,,,,,,,,,,,
956.8514899853443,14.51317521284459,2,EELS,Gold,"[{""position"": 0.0, ""amplitude"": 2.578669376523827, ""fwhm"": 2.64021333840469}]",0.0,2.578669376523827,2.64021333840469,,,,,,,,,,,,,,,
957.8309721543721,14.530498514015903,2,EELS,Gold,"[{""position"": 0.0, ""amplitude"": 2.578669376523827, ""fwhm"": 2.64021333840469}]",0.0,2.578669376523827,2.64021333840469,,,,,,,,,,,,,,,
958.8104543234,14.506826293175033,2,EELS,Gold,"[{""position"": 0.0, ""amplitude"": 2.578669376523827, ""fwhm"": 2.64021333840469}]",0.0,2.578669376523827,2.64021333840469,,,,,,,,,,,,,,,
959.7899364924278,14.511826293175034,2,EELS,Gold,"[{""position"": 0.0, ""amplitude"": 2.578669376523827, ""fwhm"": 2.64021333840469}]",0.0,2.578669376523827,2.64021333840469,,,,,,,,,,,,,,,
960.7694186614557,14.516942638170011,2,EELS,Gold,"[{""position"": 0.0, ""amplitude"": 2.578669376523827, ""fwhm"": 2.64021333840469}]",0.0,2.578669376523827,2.64021333840469,,,,,,,,,,,,,,,
961.7489008304835,14.511826293175034,2,EELS,Gold,"[{""position"": 0.0, ""amplitude"": 2.578669376523827, ""fwhm"": 2.64021333840469}]",0.0,2.578669376523827,2.64021333840469,,,,,,,,,,,,,,,
962.7283829995114,14.511826293175034,2,EELS,Gold,"[{""position"": 0.0, ""amplitude"": 2.578669376523827, ""fwhm"": 2.64021333840469}]",0.0,2.578669376523827,2.64021333840469,,,,,,,,,,,,,,,
963.7078651685392,14.514690440969856,2,EELS,Gold,"[{""position"": 0.0, ""amplitude"": 2.578669376523827, ""fwhm"": 2.64021333840469}]",0.0,2.578669376523827,2.64021333840469,,,,,,,,,,,,,,,
964.6873473375671,14.506826293175033,2,EELS,Gold,"[{""position"": 0.0, ""amplitude"": 2.578669376523827, ""fwhm"": 2.64021333840469}]",0.0,2.578669376523827,2.64021333840469,,,,,,,,,,,,,,,
965.6668295065949,14.511826293175034,2,EELS,Gold,"[{""position"": 0.0, ""amplitude"": 2.578669376523827, ""fwhm"": 2.64021333840469}]",0.0,2.578669376523827,2.64021333840469,,,,,,,,,,,,,,,
966.6463116756228,14.518828633544114,2,EELS,Gold,"[{""position"": 0.0, ""amplitude"": 2.578669376523827, ""fwhm"": 2.64021333840469}]",0.0,2.578669376523827,2.64021333840469,,,,,,,,,,,,,,,
967.6257938446506,14.517559449424226,2,EELS,Gold,"[{""position"": 0.0, ""amplitude"": 2.578669376523827, ""fwhm"": 2.64021333840469}]",0.0,2.578669376523827,2.64021333840469,,,,,,,,,,,,,,,
968.6052760136785,14.511826293175034,2,EELS,Gold,"[{""position"": 0.0, ""amplitude"": 2.578669376523827, ""fwhm"": 2.64021333840469}]",0.0,2.578669376523827,2.64021333840469,,,,,,,,,,,,,,,
969.5847581827063,14.511826293175034,2,EELS,Gold,"[{""position"": 0.0, ""amplitude"": 2.578669376523827, ""fwhm"": 2.64021333840469}]",0.0,2.578669376523827,2.64021333840469,,,,,,,,,,,,,,,
970.5642403517342,14.512758182582674,2,EELS,Gold,"[{""position"": 0.0, ""amplitude"": 2.578669376523827, ""fwhm"": 2.64021333840469}]",0.0,2.578669376523827,2.64021333840469,,,,,,,,,,,,,,,
971.543722520762,14.511826293175034,2,EELS,Gold,"[{""position"": 0.0, ""amplitude"": 2.578669376523827, ""fwhm"": 2.64021333840469}]",0.0,2.578669376523827,2.64021333840469,,,,,,,,,,,,,,,
972.5232046897898,14.517557102153857,2,EELS,Gold,"[{""position"": 0.0, ""amplitude"": 2.578669376523827, ""fwhm"": 2.64021333840469}]",0.0,2.578669376523827,2.64021333840469,,,,,,,,,,,,,,,
973.5026868588177,14.507234714204792,2,EELS,Gold,"[{""position"": 0.0, ""amplitude"": 2.578669376523827, ""fwhm"": 2.64021333840469}]",0.0,2.578669376523827,2.64021333840469,,,,,,,,,,,,,,,
974.4821690278455,14.512260720454858,2,EELS,Gold,"[{""position"": 0.0, ""amplitude"": 2.578669376523827, ""fwhm"": 2.64021333840469}]",0.0,2.578669376523827,2.64021333840469,,,,,,,,,,,,,,,
975.4616511968734,14.511826293175034,2,EELS,Gold,"[{""position"": 0.0, ""amplitude"": 2.578669376523827, ""fwhm"": 2.64021333840469}]",0.0,2.578669376523827,2.64021333840469,,,,,,,,,,,,,,,
976.4411333659012,14.517117860786774,2,EELS,Gold,"[{""position"": 0.0, ""amplitude"": 2.578669376523827, ""fwhm"": 2.64021333840469}]",0.0,2.578669376523827,2.64021333840469,,,,,,,,,,,,,,,
977.4206155349291,14.507794639959148,2,EELS,Gold,"[{""position"": 0.0, ""amplitude"": 2.578669376523827, ""fwhm"": 2.64021333840469}]",0.0,2.578669376523827,2.64021333840469,,,,,,,,,,,,,,,
978.4000977039569,14.506826293175033,2,EELS,Gold,"[{""position"": 0.0, ""amplitude"": 2.578669376523827, ""fwhm"": 2.64021333840469}]",0.0,2.578669376523827,2.64021333840469,,,,,,,,,,,,,,,
979.3795798729848,14.517552308910092,2,EELS,Gold,"[{""position"": 0.0, ""amplitude"": 2.578669376523827, ""fwhm"": 2.64021333840469}]",0.0,2.578669376523827,2.64021333840469,,,,,,,,,,,,,,,
980.3590620420126,14.516826293175033,2,EELS,Gold,"[{""position"": 0.0, ""amplitude"": 2.578669376523827, ""fwhm"": 2.64021333840469}]",0.0,2.578669376523827,2.64021333840469,,,,,,,,,,,,,,,
981.3385442110405,14.511826293175034,2,EELS,Gold,"[{""position"": 0.0, ""amplitude"": 2.578669376523827, ""fwhm"": 2.64021333840469}]",0.0,2.578669376523827,2.64021333840469,,,,,,,,,,,,,,,
982.3180263800683,14.518037620386886,2,EELS,Gold,"[{""position"": 0.0, ""amplitude"": 2.578669376523827, ""fwhm"": 2.64021333840469}]",0.0,2.578669376523827,2.64021333840469,,,,,,,,,,,,,,,
983.2975085490962,14.506826293175033,2,EELS,Gold,"[{""position"": 0.0, ""amplitude"": 2.578669376523827, ""fwhm"": 2.64021333840469}]",0.0,2.578669376523827,2.64021333840469,,,,,,,,,,,,,,,
984.276990718124,14.506826293175033,2,EELS,Gold,"[{""position"": 0.0, ""amplitude"": 2.578669376523827, ""fwhm"": 2.64021333840469}]",0.0,2.578669376523827,2.64021333840469,,,,,,,,,,,,,,,
985.2564728871519,14.506826293175033,2,EELS,Gold,"[{""position"": 0.0, ""amplitude"": 2.578669376523827, ""fwhm"": 2.64021333840469}]",0.0,2.578669376523827,2.64021333840469,,,,,,,,,,,,,,,
986.2359550561797,14.511826293175034,2,EELS,Gold,"[{""position"": 0.0, ""amplitude"": 2.578669376523827, ""fwhm"": 2.64021333840469}]",0.0,2.578669376523827,2.64021333840469,,,,,,,,,,,,,,,
987.2154372252076,14.522956040603473,2,EELS,Gold,"[{""position"": 0.0, ""amplitude"": 2.578669376523827, ""fwhm"": 2.64021333840469}]",0.0,2.578669376523827,2.64021333840469,,,,,,,,,,,,,,,
988.1949193942354,14.511964357897874,2,EELS,Gold,"[{""position"": 0.0, ""amplitude"": 2.578669376523827, ""fwhm"": 2.64021333840469}]",0.0,2.578669376523827,2.64021333840469,,,,,,,,,,,,,,,
989.1744015632632,14.509219074414666,2,EELS,Gold,"[{""position"": 0.0, ""amplitude"": 2.578669376523827, ""fwhm"": 2.64021333840469}]",0.0,2.578669376523827,2.64021333840469,,,,,,,,,,,,,,,
990.1538837322911,14.508960024996027,2,EELS,Gold,"[{""position"": 0.0, ""amplitude"": 2.578669376523827, ""fwhm"": 2.64021333840469}]",0.0,2.578669376523827,2.64021333840469,,,,,,,,,,,,,,,
991.1333659013189,14.514192328880473,2,EELS,Gold,"[{""position"": 0.0, ""amplitude"": 2.578669376523827, ""fwhm"": 2.64021333840469}]",0.0,2.578669376523827,2.64021333840469,,,,,,,,,,,,,,,
992.1128480703468,14.506826293175033,2,EELS,Gold,"[{""position"": 0.0, ""amplitude"": 2.578669376523827, ""fwhm"": 2.64021333840469}]",0.0,2.578669376523827,2.64021333840469,,,,,,,,,,,,,,,
993.0923302393746,14.50852250814143,2,EELS,Gold,"[{""position"": 0.0, ""amplitude"": 2.578669376523827, ""fwhm"": 2.64021333840469}]",0.0,2.578669376523827,2.64021333840469,,,,,,,,,,,,,,,
994.0718124084025,14.50858511717178,2,EELS,Gold,"[{""position"": 0.0, ""amplitude"": 2.578669376523827, ""fwhm"": 2.64021333840469}]",0.0,2.578669376523827,2.64021333840469,,,,,,,,,,,,,,,
995.0512945774303,14.521826293175033,2,EELS,Gold,"[{""position"": 0.0, ""amplitude"": 2.578669376523827, ""fwhm"": 2.64021333840469}]",0.0,2.578669376523827,2.64021333840469,,,,,,,,,,,,,,,
996.0307767464582,14.506826293175033,2,EELS,Gold,"[{""position"": 0.0, ""amplitude"": 2.578669376523827, ""fwhm"": 2.64021333840469}]",0.0,2.578669376523827,2.64021333840469,,,,,,,,,,,,,,,
997.010258915486,14.511826293175034,2,EELS,Gold,"[{""position"": 0.0, ""amplitude"": 2.578669376523827, ""fwhm"": 2.64021333840469}]",0.0,2.578669376523827,2.64021333840469,,,,,,,,,,,,,,,
997.9897410845139,14.513596060868668,2,EELS,Gold,"[{""position"": 0.0, ""amplitude"": 2.578669376523827, ""fwhm"": 2.64021333840469}]",0.0,2.578669376523827,2.64021333840469,,,,,,,,,,,,,,,
998.9692232535417,14.513584132541078,2,EELS,Gold,"[{""position"": 0.0, ""amplitude"": 2.578669376523827, ""fwhm"": 2.64021333840469}]",0.0,2.578669376523827,2.64021333840469,,,,,,,,,,,,,,,
999.9487054225696,14.515557272453758,2,EELS,Gold,"[{""position"": 0.0, ""amplitude"": 2.578669376523827, ""fwhm"": 2.64021333840469}]",0.0,2.578669376523827,2.64021333840469,,,,,,,,,,,,,,,
1000.9281875915974,14.511826293175034,2,EELS,Gold,"[{""position"": 0.0, ""amplitude"": 2.578669376523827, ""fwhm"": 2.64021333840469}]",0.0,2.578669376523827,2.64021333840469,,,,,,,,,,,,,,,
1001.9076697606253,14.518033345090462,2,EELS,Gold,"[{""position"": 0.0, ""amplitude"": 2.578669376523827, ""fwhm"": 2.64021333840469}]",0.0,2.578669376523827,2.64021333840469,,,,,,,,,,,,,,,
1002.8871519296531,14.509415882633489,2,EELS,Gold,"[{""position"": 0.0, ""amplitude"": 2.578669376523827, ""fwhm"": 2.64021333840469}]",0.0,2.578669376523827,2.64021333840469,,,,,,,,,,,,,,,
1003.866634098681,14.511826293175034,2,EELS,Gold,"[{""position"": 0.0, ""amplitude"": 2.578669376523827, ""fwhm"": 2.64021333840469}]",0.0,2.578669376523827,2.64021333840469,,,,,,,,,,,,,,,
1004.8461162677088,14.511826293175034,2,EELS,Gold,"[{""position"": 0.0, ""amplitude"": 2.578669376523827, ""fwhm"": 2.64021333840469}]",0.0,2.578669376523827,2.64021333840469,,,,,,,,,,,,,,,
1005.8255984367366,14.511826293175034,2,EELS,Gold,"[{""position"": 0.0, ""amplitude"": 2.578669376523827, ""fwhm"": 2.64021333840469}]",0.0,2.578669376523827,2.64021333840469,,,,,,,,,,,,,,,
1006.8050806057645,14.511826293175034,2,EELS,Gold,"[{""position"": 0.0, ""amplitude"": 2.578669376523827, ""fwhm"": 2.64021333840469}]",0.0,2.578669376523827,2.64021333840469,,,,,,,,,,,,,,,
1007.7845627747923,14.506826293175033,2,EELS,Gold,"[{""position"": 0.0, ""amplitude"": 2.578669376523827, ""fwhm"": 2.64021333840469}]",0.0,2.578669376523827,2.64021333840469,,,,,,,,,,,,,,,
1008.7640449438202,14.506826293175033,2,EELS,Gold,"[{""position"": 0.0, ""amplitude"": 2.578669376523827, ""fwhm"": 2.64021333840469}]",0.0,2.578669376523827,2.64021333840469,,,,,,,,,,,,,,,
1009.743527112848,14.514140011526148,2,EELS,Gold,"[{""position"": 0.0, ""amplitude"": 2.578669376523827, ""fwhm"": 2.64021333840469}]",0.0,2.578669376523827,2.64021333840469,,,,,,,,,,,,,,,
1010.7230092818759,14.511826293175034,2,EELS,Gold,"[{""position"": 0.0, ""amplitude"": 2.578669376523827, ""fwhm"": 2.64021333840469}]",0.0,2.578669376523827,2.64021333840469,,,,,,,,,,,,,,,
1011.7024914509037,14.50765942838025,2,EELS,Gold,"[{""position"": 0.0, ""amplitude"": 2.578669376523827, ""fwhm"": 2.64021333840469}]",0.0,2.578669376523827,2.64021333840469,,,,,,,,,,,,,,,
1012.6819736199316,14.511826293175034,2,EELS,Gold,"[{""position"": 0.0, ""amplitude"": 2.578669376523827, ""fwhm"": 2.64021333840469}]",0.0,2.578669376523827,2.64021333840469,,,,,,,,,,,,,,,
1013.6614557889594,14.526826293175032,2,EELS,Gold,"[{""position"": 0.0, ""amplitude"": 2.578669376523827, ""fwhm"": 2.64021333840469}]",0.0,2.578669376523827,2.64021333840469,,,,,,,,,,,,,,,
1014.6409379579873,14.507604722176762,2,EELS,Gold,"[{""position"": 0.0, ""amplitude"": 2.578669376523827, ""fwhm"": 2.64021333840469}]",0.0,2.578669376523827,2.64021333840469,,,,,,,,,,,,,,,
1015.6204201270151,14.517193449187243,2,EELS,Gold,"[{""position"": 0.0, ""amplitude"": 2.578669376523827, ""fwhm"": 2.64021333840469}]",0.0,2.578669376523827,2.64021333840469,,,,,,,,,,,,,,,
1016.599902296043,14.5088741819099,2,EELS,Gold,"[{""position"": 0.0, ""amplitude"": 2.578669376523827, ""fwhm"": 2.64021333840469}]",0.0,2.578669376523827,2.64021333840469,,,,,,,,,,,,,,,
1017.5793844650708,14.510224084008621,2,EELS,Gold,"[{""position"": 0.0, ""amplitude"": 2.578669376523827, ""fwhm"": 2.64021333840469}]",0.0,2.578669376523827,2.64021333840469,,,,,,,,,,,,,,,
1018.5588666340986,14.511826293175034,2,EELS,Gold,"[{""position"": 0.0, ""amplitude"": 2.578669376523827, ""fwhm"": 2.64021333840469}]",0.0,2.578669376523827,2.64021333840469,,,,,,,,,,,,,,,
1019.5383488031264,14.514088489540596,2,EELS,Gold,"[{""position"": 0.0, ""amplitude"": 2.578669376523827, ""fwhm"": 2.64021333840469}]",0.0,2.578669376523827,2.64021333840469,,,,,,,,,,,,,,,
1020.5178309721543,14.511826293175034,2,EELS,Gold,"[{""position"": 0.0, ""amplitude"": 2.578669376523827, ""fwhm"": 2.64021333840469}]",0.0,2.578669376523827,2.64021333840469,,,,,,,,,,,,,,,
1021.4973131411821,14.517214683114394,2,EELS,Gold,"[{""position"": 0.0, ""amplitude"": 2.578669376523827, ""fwhm"": 2.64021333840469}]",0.0,2.578669376523827,2.64021333840469,,,,,,,,,,,,,,,
1022.47679531021,14.516826293175033,2,EELS,Gold,"[{""position"": 0.0, ""amplitude"": 2.578669376523827, ""fwhm"": 2.64021333840469}]",0.0,2.578669376523827,2.64021333840469,,,,,,,,,,,,,,,
1023.4562774792378,14.513648509445536,2,EELS,Gold,"[{""position"": 0.0, ""amplitude"": 2.578669376523827, ""fwhm"": 2.64021333840469}]",0.0,2.578669376523827,2.64021333840469,,,,,,,,,,,,,,,
1024.4357596482657,14.506826293175033,2,EELS,Gold,"[{""position"": 0.0, ""amplitude"": 2.578669376523827, ""fwhm"": 2.64021333840469}]",0.0,2.578669376523827,2.64021333840469,,,,,,,,,,,,,,,
1025.4152418172935,14.511826293175034,2,EELS,Gold,"[{""position"": 0.0, ""amplitude"": 2.578669376523827, ""fwhm"": 2.64021333840469}]",0.0,2.578669376523827,2.64021333840469,,,,,,,,,,,,,,,
1026.3947239863214,14.515852952781604,2,EELS,Gold,"[{""position"": 0.0, ""amplitude"": 2.578669376523827, ""fwhm"": 2.64021333840469}]",0.0,2.578669376523827,2.64021333840469,,,,,,,,,,,,,,,
1027.3742061553492,14.511826293175034,2,EELS,Gold,"[{""position"": 0.0, ""amplitude"": 2.578669376523827, ""fwhm"": 2.64021333840469}]",0.0,2.578669376523827,2.64021333840469,,,,,,,,,,,,,,,
1028.3536883243771,14.512550456632114,2,EELS,Gold,"[{""position"": 0.0, ""amplitude"": 2.578669376523827, ""fwhm"": 2.64021333840469}]",0.0,2.578669376523827,2.64021333840469,,,,,,,,,,,,,,,
1029.3331704934049,14.51685393802018,2,EELS,Gold,"[{""position"": 0.0, ""amplitude"": 2.578669376523827, ""fwhm"": 2.64021333840469}]",0.0,2.578669376523827,2.64021333840469,,,,,,,,,,,,,,,
1030.3126526624328,14.509383068492708,2,EELS,Gold,"[{""position"": 0.0, ""amplitude"": 2.578669376523827, ""fwhm"": 2.64021333840469}]",0.0,2.578669376523827,2.64021333840469,,,,,,,,,,,,,,,
1031.2921348314605,14.512906290055682,2,EELS,Gold,"[{""position"": 0.0, ""amplitude"": 2.578669376523827, ""fwhm"": 2.64021333840469}]",0.0,2.578669376523827,2.64021333840469,,,,,,,,,,,,,,,
1032.2716170004885,14.50804569723056,2,EELS,Gold,"[{""position"": 0.0, ""amplitude"": 2.578669376523827, ""fwhm"": 2.64021333840469}]",0.0,2.578669376523827,2.64021333840469,,,,,,,,,,,,,,,
1033.2510991695162,14.506826293175033,2,EELS,Gold,"[{""position"": 0.0, ""amplitude"": 2.578669376523827, ""fwhm"": 2.64021333840469}]",0.0,2.578669376523827,2.64021333840469,,,,,,,,,,,,,,,
1034.2305813385442,14.516826293175033,2,EELS,Gold,"[{""position"": 0.0, ""amplitude"": 2.578669376523827, ""fwhm"": 2.64021333840469}]",0.0,2.578669376523827,2.64021333840469,,,,,,,,,,,,,,,
1035.210063507572,14.509950644128747,2,EELS,Gold,"[{""position"": 0.0, ""amplitude"": 2.578669376523827, ""fwhm"": 2.64021333840469}]",0.0,2.578669376523827,2.64021333840469,,,,,,,,,,,,,,,
1036.1895456766,14.521826293175033,2,EELS,Gold,"[{""position"": 0.0, ""amplitude"": 2.578669376523827, ""fwhm"": 2.64021333840469}]",0.0,2.578669376523827,2.64021333840469,,,,,,,,,,,,,,,
1037.1690278456276,14.512224980936852,2,EELS,Gold,"[{""position"": 0.0, ""amplitude"": 2.578669376523827, ""fwhm"": 2.64021333840469}]",0.0,2.578669376523827,2.64021333840469,,,,,,,,,,,,,,,
1038.1485100146556,14.511826293175034,2,EELS,Gold,"[{""position"": 0.0, ""amplitude"": 2.578669376523827, ""fwhm"": 2.64021333840469}]",0.0,2.578669376523827,2.64021333840469,,,,,,,,,,,,,,,
1039.1279921836833,14.511826293175034,2,EELS,Gold,"[{""position"": 0.0, ""amplitude"": 2.578669376523827, ""fwhm"": 2.64021333840469}]",0.0,2.578669376523827,2.64021333840469,,,,,,,,,,,,,,,
1040.1074743527113,14.514762289775994,2,EELS,Gold,"[{""position"": 0.0, ""amplitude"": 2.578669376523827, ""fwhm"": 2.64021333840469}]",0.0,2.578669376523827,2.64021333840469,,,,,,,,,,,,,,,
1041.086956521739,14.516826293175033,2,EELS,Gold,"[{""position"": 0.0, ""amplitude"": 2.578669376523827, ""fwhm"": 2.64021333840469}]",0.0,2.578669376523827,2.64021333840469,,,,,,,,,,,,,,,
1042.066438690767,14.513715517347146,2,EELS,Gold,"[{""position"": 0.0, ""amplitude"": 2.578669376523827, ""fwhm"": 2.64021333840469}]",0.0,2.578669376523827,2.64021333840469,,,,,,,,,,,,,,,
1043.0459208597947,14.517325025889773,2,EELS,Gold,"[{""position"": 0.0, ""amplitude"": 2.578669376523827, ""fwhm"": 2.64021333840469}]",0.0,2.578669376523827,2.64021333840469,,,,,,,,,,,,,,,
1044.0254030288227,14.511826293175034,2,EELS,Gold,"[{""position"": 0.0, ""amplitude"": 2.578669376523827, ""fwhm"": 2.64021333840469}]",0.0,2.578669376523827,2.64021333840469,,,,,,,,,,,,,,,
1045.0048851978504,14.506826293175033,2,EELS,Gold,"[{""position"": 0.0, ""amplitude"": 2.578669376523827, ""fwhm"": 2.64021333840469}]",0.0,2.578669376523827,2.64021333840469,,,,,,,,,,,,,,,
1045.9843673668784,14.511826293175034,2,EELS,Gold,"[{""position"": 0.0, ""amplitude"": 2.578669376523827, ""fwhm"": 2.64021333840469}]",0.0,2.578669376523827,2.64021333840469,,,,,,,,,,,,,,,
1046.963849535906,14.516826293175033,2,EELS,Gold,"[{""position"": 0.0, ""amplitude"": 2.578669376523827, ""fwhm"": 2.64021333840469}]",0.0,2.578669376523827,2.64021333840469,,,,,,,,,,,,,,,
1047.943331704934,14.514263440893316,2,EELS,Gold,"[{""position"": 0.0, ""amplitude"": 2.578669376523827, ""fwhm"": 2.64021333840469}]",0.0,2.578669376523827,2.64021333840469,,,,,,,,,,,,,,,
1048.9228138739618,14.516826293175033,2,EELS,Gold,"[{""position"": 0.0, ""amplitude"": 2.578669376523827, ""fwhm"": 2.64021333840469}]",0.0,2.578669376523827,2.64021333840469,,,,,,,,,,,,,,,
1049.9022960429897,14.511526603204945,2,EELS,Gold,"[{""position"": 0.0, ""amplitude"": 2.578669376523827, ""fwhm"": 2.64021333840469}]",0.0,2.578669376523827,2.64021333840469,,,,,,,,,,,,,,,
1050.8817782120175,14.507638454439366,2,EELS,Gold,"[{""position"": 0.0, ""amplitude"": 2.578669376523827, ""fwhm"": 2.64021333840469}]",0.0,2.578669376523827,2.64021333840469,,,,,,,,,,,,,,,
1051.8612603810454,14.516826293175033,2,EELS,Gold,"[{""position"": 0.0, ""amplitude"": 2.578669376523827, ""fwhm"": 2.64021333840469}]",0.0,2.578669376523827,2.64021333840469,,,,,,,,,,,,,,,
1052.8407425500732,14.509375619930237,2,EELS,Gold,"[{""position"": 0.0, ""amplitude"": 2.578669376523827, ""fwhm"": 2.64021333840469}]",0.0,2.578669376523827,2.64021333840469,,,,,,,,,,,,,,,
1053.8202247191011,14.518474553949078,2,EELS,Gold,"[{""position"": 0.0, ""amplitude"": 2.578669376523827, ""fwhm"": 2.64021333840469}]",0.0,2.578669376523827,2.64021333840469,,,,,,,,,,,,,,,
1054.7997068881289,14.511826293175034,2,EELS,Gold,"[{""position"": 0.0, ""amplitude"": 2.578669376523827, ""fwhm"": 2.64021333840469}]",0.0,2.578669376523827,2.64021333840469,,,,,,,,,,,,,,,
1055.7791890571568,14.516826293175033,2,EELS,Gold,"[{""position"": 0.0, ""amplitude"": 2.578669376523827, ""fwhm"": 2.64021333840469}]",0.0,2.578669376523827,2.64021333840469,,,,,,,,,,,,,,,
1056.7586712261846,14.516826293175033,2,EELS,Gold,"[{""position"": 0.0, ""amplitude"": 2.578669376523827, ""fwhm"": 2.64021333840469}]",0.0,2.578669376523827,2.64021333840469,,,,,,,,,,,,,,,
1057.7381533952125,14.511826293175034,2,EELS,Gold,"[{""position"": 0.0, ""amplitude"": 2.578669376523827, ""fwhm"": 2.64021333840469}]",0.0,2.578669376523827,2.64021333840469,,,,,,,,,,,,,,,
1058.7176355642403,14.517255550994767,2,EELS,Gold,"[{""position"": 0.0, ""amplitude"": 2.578669376523827, ""fwhm"": 2.64021333840469}]",0.0,2.578669376523827,2.64021333840469,,,,,,,,,,,,,,,
1059.6971177332682,14.51398555534783,2,EELS,Gold,"[{""position"": 0.0, ""amplitude"": 2.578669376523827, ""fwhm"": 2.64021333840469}]",0.0,2.578669376523827,2.64021333840469,,,,,,,,,,,,,,,
1060.676599902296,14.50683123546996,2,EELS,Gold,"[{""position"": 0.0, ""amplitude"": 2.578669376523827, ""fwhm"": 2.64021333840469}]",0.0,2.578669376523827,2.64021333840469,,,,,,,,,,,,,,,
1061.656082071324,14.511826293175034,2,EELS,Gold,"[{""position"": 0.0, ""amplitude"": 2.578669376523827, ""fwhm"": 2.64021333840469}]",0.0,2.578669376523827,2.64021333840469,,,,,,,,,,,,,,,
1062.6355642403516,14.511826293175034,2,EELS,Gold,"[{""position"": 0.0, ""amplitude"": 2.578669376523827, ""fwhm"": 2.64021333840469}]",0.0,2.578669376523827,2.64021333840469,,,,,,,,,,,,,,,
1063.6150464093796,14.516826293175033,2,EELS,Gold,"[{""position"": 0.0, ""amplitude"": 2.578669376523827, ""fwhm"": 2.64021333840469}]",0.0,2.578669376523827,2.64021333840469,,,,,,,,,,,,,,,
1064.5945285784073,14.506826293175033,2,EELS,Gold,"[{""position"": 0.0, ""amplitude"": 2.578669376523827, ""fwhm"": 2.64021333840469}]",0.0,2.578669376523827,2.64021333840469,,,,,,,,,,,,,,,
1065.5740107474353,14.526766810377113,2,EELS,Gold,"[{""position"": 0.0, ""amplitude"": 2.578669376523827, ""fwhm"": 2.64021333840469}]",0.0,2.578669376523827,2.64021333840469,,,,,,,,,,,,,,,
1066.553492916463,14.510922335153593,2,EELS,Gold,"[{""position"": 0.0, ""amplitude"": 2.578669376523827, ""fwhm"": 2.64021333840469}]",0.0,2.578669376523827,2.64021333840469,,,,,,,,,,,,,,,
1067.532975085491,14.511826293175034,2,EELS,Gold,"[{""position"": 0.0, ""amplitude"": 2.578669376523827, ""fwhm"": 2.64021333840469}]",0.0,2.578669376523827,2.64021333840469,,,,,,,,,,,,,,,
1068.5124572545187,14.514206163612043,2,EELS,Gold,"[{""position"": 0.0, ""amplitude"": 2.578669376523827, ""fwhm"": 2.64021333840469}]",0.0,2.578669376523827,2.64021333840469,,,,,,,,,,,,,,,
1069.4919394235467,14.518170753579723,2,EELS,Gold,"[{""position"": 0.0, ""amplitude"": 2.578669376523827, ""fwhm"": 2.64021333840469}]",0.0,2.578669376523827,2.64021333840469,,,,,,,,,,,,,,,
1070.4714215925744,14.518474583280211,2,EELS,Gold,"[{""position"": 0.0, ""amplitude"": 2.578669376523827, ""fwhm"": 2.64021333840469}]",0.0,2.578669376523827,2.64021333840469,,,,,,,,,,,,,,,
1071.4509037616024,14.521826293175033,2,EELS,Gold,"[{""position"": 0.0, ""amplitude"": 2.578669376523827, ""fwhm"": 2.64021333840469}]",0.0,2.578669376523827,2.64021333840469,,,,,,,,,,,,,,,
1072.43038593063,14.511826293175034,2,EELS,Gold,"[{""position"": 0.0, ""amplitude"": 2.578669376523827, ""fwhm"": 2.64021333840469}]",0.0,2.578669376523827,2.64021333840469,,,,,,,,,,,,,,,
1073.409868099658,14.5149138452497,2,EELS,Gold,"[{""position"": 0.0, ""amplitude"": 2.578669376523827, ""fwhm"": 2.64021333840469}]",0.0,2.578669376523827,2.64021333840469,,,,,,,,,,,,,,,
1074.3893502686858,14.516826293175033,2,EELS,Gold,"[{""position"": 0.0, ""amplitude"": 2.578669376523827, ""fwhm"": 2.64021333840469}]",0.0,2.578669376523827,2.64021333840469,,,,,,,,,,,,,,,
1075.3688324377138,14.506826293175033,2,EELS,Gold,"[{""position"": 0.0, ""amplitude"": 2.578669376523827, ""fwhm"": 2.64021333840469}]",0.0,2.578669376523827,2.64021333840469,,,,,,,,,,,,,,,
1076.3483146067415,14.511826293175034,2,EELS,Gold,"[{""position"": 0.0, ""amplitude"": 2.578669376523827, ""fwhm"": 2.64021333840469}]",0.0,2.578669376523827,2.64021333840469,,,,,,,,,,,,,,,
1077.3277967757695,14.511826293175034,2,EELS,Gold,"[{""position"": 0.0, ""amplitude"": 2.578669376523827, ""fwhm"": 2.64021333840469}]",0.0,2.578669376523827,2.64021333840469,,,,,,,,,,,,,,,
1078.3072789447972,14.517675310139879,2,EELS,Gold,"[{""position"": 0.0, ""amplitude"": 2.578669376523827, ""fwhm"": 2.64021333840469}]",0.0,2.578669376523827,2.64021333840469,,,,,,,,,,,,,,,
1079.2867611138252,14.511826293175034,2,EELS,Gold,"[{""position"": 0.0, ""amplitude"": 2.578669376523827, ""fwhm"": 2.64021333840469}]",0.0,2.578669376523827,2.64021333840469,,,,,,,,,,,,,,,
1080.2662432828529,14.51788476831531,2,EELS,Gold,"[{""position"": 0.0, ""amplitude"": 2.578669376523827, ""fwhm"": 2.64021333840469}]",0.0,2.578669376523827,2.64021333840469,,,,,,,,,,,,,,,
1081.2457254518808,14.507228352423956,2,EELS,Gold,"[{""position"": 0.0, ""amplitude"": 2.578669376523827, ""fwhm"": 2.64021333840469}]",0.0,2.578669376523827,2.64021333840469,,,,,,,,,,,,,,,
1082.2252076209086,14.517275341296711,2,EELS,Gold,"[{""position"": 0.0, ""amplitude"": 2.578669376523827, ""fwhm"": 2.64021333840469}]",0.0,2.578669376523827,2.64021333840469,,,,,,,,,,,,,,,
1083.2046897899365,14.511826293175034,2,EELS,Gold,"[{""position"": 0.0, ""amplitude"": 2.578669376523827, ""fwhm"": 2.64021333840469}]",0.0,2.578669376523827,2.64021333840469,,,,,,,,,,,,,,,
1084.1841719589643,14.506939721108191,2,EELS,Gold,"[{""position"": 0.0, ""amplitude"": 2.578669376523827, ""fwhm"": 2.64021333840469}]",0.0,2.578669376523827,2.64021333840469,,,,,,,,,,,,,,,
1085.1636541279922,14.512976303038446,2,EELS,Gold,"[{""position"": 0.0, ""amplitude"": 2.578669376523827, ""fwhm"": 2.64021333840469}]",0.0,2.578669376523827,2.64021333840469,,,,,,,,,,,,,,,
1086.14313629702,14.511826293175034,2,EELS,Gold,"[{""position"": 0.0, ""amplitude"": 2.578669376523827, ""fwhm"": 2.64021333840469}]",0.0,2.578669376523827,2.64021333840469,,,,,,,,,,,,,,,
1087.122618466048,14.506826293175033,2,EELS,Gold,"[{""position"": 0.0, ""amplitude"": 2.578669376523827, ""fwhm"": 2.64021333840469}]",0.0,2.578669376523827,2.64021333840469,,,,,,,,,,,,,,,
1088.1021006350757,14.520105116432907,2,EELS,Gold,"[{""position"": 0.0, ""amplitude"": 2.578669376523827, ""fwhm"": 2.64021333840469}]",0.0,2.578669376523827,2.64021333840469,,,,,,,,,,,,,,,
1089.0815828041036,14.507732675091848,2,EELS,Gold,"[{""position"": 0.0, ""amplitude"": 2.578669376523827, ""fwhm"": 2.64021333840469}]",0.0,2.578669376523827,2.64021333840469,,,,,,,,,,,,,,,
1090.0610649731314,14.516826293175033,2,EELS,Gold,"[{""position"": 0.0, ""amplitude"": 2.578669376523827, ""fwhm"": 2.64021333840469}]",0.0,2.578669376523827,2.64021333840469,,,,,,,,,,,,,,,
1091.040547142159,14.517994857906121,2,EELS,Gold,"[{""position"": 0.0, ""amplitude"": 2.578669376523827, ""fwhm"": 2.64021333840469}]",0.0,2.578669376523827,2.64021333840469,,,,,,,,,,,,,,,
1092.020029311187,14.516250820352143,2,EELS,Gold,"[{""position"": 0.0, ""amplitude"": 2.578669376523827, ""fwhm"": 2.64021333840469}]",0.0,2.578669376523827,2.64021333840469,,,,,,,,,,,,,,,
1092.9995114802148,14.506826293175033,2,EELS,Gold,"[{""position"": 0.0, ""amplitude"": 2.578669376523827, ""fwhm"": 2.64021333840469}]",0.0,2.578669376523827,2.64021333840469,,,,,,,,,,,,,,,
1093.9789936492427,14.511858014388451,2,EELS,Gold,"[{""position"": 0.0, ""amplitude"": 2.578669376523827, ""fwhm"": 2.64021333840469}]",0.0,2.578669376523827,2.64021333840469,,,,,,,,,,,,,,,
1094.9584758182705,14.51590631157155,2,EELS,Gold,"[{""position"": 0.0, ""amplitude"": 2.578669376523827, ""fwhm"": 2.64021333840469}]",0.0,2.578669376523827,2.64021333840469,,,,,,,,,,,,,,,
1095.9379579872984,14.516826293175033,2,EELS,Gold,"[{""position"": 0.0, ""amplitude"": 2.578669376523827, ""fwhm"": 2.64021333840469}]",0.0,2.578669376523827,2.64021333840469,,,,,,,,,,,,,,,
1096.9174401563262,14.516317550909868,2,EELS,Gold,"[{""position"": 0.0, ""amplitude"": 2.578669376523827, ""fwhm"": 2.64021333840469}]",0.0,2.578669376523827,2.64021333840469,,,,,,,,,,,,,,,
1097.8969223253541,14.514371875252436,2,EELS,Gold,"[{""position"": 0.0, ""amplitude"": 2.578669376523827, ""fwhm"": 2.64021333840469}]",0.0,2.578669376523827,2.64021333840469,,,,,,,,,,,,,,,
1098.8764044943819,14.506826293175033,2,EELS,Gold,"[{""position"": 0.0, ""amplitude"": 2.578669376523827, ""fwhm"": 2.64021333840469}]",0.0,2.578669376523827,2.64021333840469,,,,,,,,,,,,,,,
1099.8558866634098,14.511826293175034,2,EELS,Gold,"[{""position"": 0.0, ""amplitude"": 2.578669376523827, ""fwhm"": 2.64021333840469}]",0.0,2.578669376523827,2.64021333840469,,,,,,,,,,,,,,,
1100.8353688324376,14.511826293175034,2,EELS,Gold,"[{""position"": 0.0, ""amplitude"": 2.578669376523827, ""fwhm"": 2.64021333840469}]",0.0,2.578669376523827,2.64021333840469,,,,,,,,,,,,,,,
1101.8148510014655,14.516826293175033,2,EELS,Gold,"[{""position"": 0.0, ""amplitude"": 2.578669376523827, ""fwhm"": 2.64021333840469}]",0.0,2.578669376523827,2.64021333840469,,,,,,,,,,,,,,,
1102.7943331704932,14.522534794257412,2,EELS,Gold,"[{""position"": 0.0, ""amplitude"": 2.578669376523827, ""fwhm"": 2.64021333840469}]",0.0,2.578669376523827,2.64021333840469,,,,,,,,,,,,,,,
1103.7738153395212,14.506826293175033,2,EELS,Gold,"[{""position"": 0.0, ""amplitude"": 2.578669376523827, ""fwhm"": 2.64021333840469}]",0.0,2.578669376523827,2.64021333840469,,,,,,,,,,,,,,,
1104.753297508549,14.507627710607997,2,EELS,Gold,"[{""position"": 0.0, ""amplitude"": 2.578669376523827, ""fwhm"": 2.64021333840469}]",0.0,2.578669376523827,2.64021333840469,,,,,,,,,,,,,,,
1105.732779677577,14.506826293175033,2,EELS,Gold,"[{""position"": 0.0, ""amplitude"": 2.578669376523827, ""fwhm"": 2.64021333840469}]",0.0,2.578669376523827,2.64021333840469,,,,,,,,,,,,,,,
1106.7122618466046,14.519242756933107,2,EELS,Gold,"[{""position"": 0.0, ""amplitude"": 2.578669376523827, ""fwhm"": 2.64021333840469}]",0.0,2.578669376523827,2.64021333840469,,,,,,,,,,,,,,,
1107.6917440156326,14.518764737822533,2,EELS,Gold,"[{""position"": 0.0, ""amplitude"": 2.578669376523827, ""fwhm"": 2.64021333840469}]",0.0,2.578669376523827,2.64021333840469,,,,,,,,,,,,,,,
1108.6712261846603,14.506826293175033,2,EELS,Gold,"[{""position"": 0.0, ""amplitude"": 2.578669376523827, ""fwhm"": 2.64021333840469}]",0.0,2.578669376523827,2.64021333840469,,,,,,,,,,,,,,,
1109.6507083536883,14.522790131283713,2,EELS,Gold,"[{""position"": 0.0, ""amplitude"": 2.578669376523827, ""fwhm"": 2.64021333840469}]",0.0,2.578669376523827,2.64021333840469,,,,,,,,,,,,,,,
1110.630190522716,14.507076615524415,2,EELS,Gold,"[{""position"": 0.0, ""amplitude"": 2.578669376523827, ""fwhm"": 2.64021333840469}]",0.0,2.578669376523827,2.64021333840469,,,,,,,,,,,,,,,
1111.609672691744,14.510684456587036,2,EELS,Gold,"[{""position"": 0.0, ""amplitude"": 2.578669376523827, ""fwhm"": 2.64021333840469}]",0.0,2.578669376523827,2.64021333840469,,,,,,,,,,,,,,,
1112.5891548607717,14.516826293175033,2,EELS,Gold,"[{""position"": 0.0, ""amplitude"": 2.578669376523827, ""fwhm"": 2.64021333840469}]",0.0,2.578669376523827,2.64021333840469,,,,,,,,,,,,,,,
1113.5686370297997,14.516826293175033,2,EELS,Gold,"[{""position"": 0.0, ""amplitude"": 2.578669376523827, ""fwhm"": 2.64021333840469}]",0.0,2.578669376523827,2.64021333840469,,,,,,,,,,,,,,,
1114.5481191988274,14.511826293175034,2,EELS,Gold,"[{""position"": 0.0, ""amplitude"": 2.578669376523827, ""fwhm"": 2.64021333840469}]",0.0,2.578669376523827,2.64021333840469,,,,,,,,,,,,,,,
1115.5276013678554,14.51197812441817,2,EELS,Gold,"[{""position"": 0.0, ""amplitude"": 2.578669376523827, ""fwhm"": 2.64021333840469}]",0.0,2.578669376523827,2.64021333840469,,,,,,,,,,,,,,,
1116.507083536883,14.513237414195187,2,EELS,Gold,"[{""position"": 0.0, ""amplitude"": 2.578669376523827, ""fwhm"": 2.64021333840469}]",0.0,2.578669376523827,2.64021333840469,,,,,,,,,,,,,,,
1117.486565705911,14.516826293175033,2,EELS,Gold,"[{""position"": 0.0, ""amplitude"": 2.578669376523827, ""fwhm"": 2.64021333840469}]",0.0,2.578669376523827,2.64021333840469,,,,,,,,,,,,,,,
1118.4660478749388,14.516826293175033,2,EELS,Gold,"[{""position"": 0.0, ""amplitude"": 2.578669376523827, ""fwhm"": 2.64021333840469}]",0.0,2.578669376523827,2.64021333840469,,,,,,,,,,,,,,,
1119.4455300439668,14.519353027391576,2,EELS,Gold,"[{""position"": 0.0, ""amplitude"": 2.578669376523827, ""fwhm"": 2.64021333840469}]",0.0,2.578669376523827,2.64021333840469,,,,,,,,,,,,,,,
1120.4250122129945,14.515361789016907,2,EELS,Gold,"[{""position"": 0.0, ""amplitude"": 2.578669376523827, ""fwhm"": 2.64021333840469}]",0.0,2.578669376523827,2.64021333840469,,,,,,,,,,,,,,,
1121.4044943820224,14.523134659105455,2,EELS,Gold,"[{""position"": 0.0, ""amplitude"": 2.578669376523827, ""fwhm"": 2.64021333840469}]",0.0,2.578669376523827,2.64021333840469,,,,,,,,,,,,,,,
1122.3839765510502,14.521826293175033,2,EELS,Gold,"[{""position"": 0.0, ""amplitude"": 2.578669376523827, ""fwhm"": 2.64021333840469}]",0.0,2.578669376523827,2.64021333840469,,,,,,,,,,,,,,,
1123.3634587200781,14.521826293175033,2,EELS,Gold,"[{""position"": 0.0, ""amplitude"": 2.578669376523827, ""fwhm"": 2.64021333840469}]",0.0,2.578669376523827,2.64021333840469,,,,,,,,,,,,,,,
1124.3429408891059,14.513275306220219,2,EELS,Gold,"[{""position"": 0.0, ""amplitude"": 2.578669376523827, ""fwhm"": 2.64021333840469}]",0.0,2.578669376523827,2.64021333840469,,,,,,,,,,,,,,,
1125.3224230581338,14.507449303025355,2,EELS,Gold,"[{""position"": 0.0, ""amplitude"": 2.578669376523827, ""fwhm"": 2.64021333840469}]",0.0,2.578669376523827,2.64021333840469,,,,,,,,,,,,,,,
1126.3019052271616,14.516826293175033,2,EELS,Gold,"[{""position"": 0.0, ""amplitude"": 2.578669376523827, ""fwhm"": 2.64021333840469}]",0.0,2.578669376523827,2.64021333840469,,,,,,,,,,,,,,,
1127.2813873961895,14.508337702102706,2,EELS,Gold,"[{""position"": 0.0, ""amplitude"": 2.578669376523827, ""fwhm"": 2.64021333840469}]",0.0,2.578669376523827,2.64021333840469,,,,,,,,,,,,,,,
1128.2608695652173,14.506826293175033,2,EELS,Gold,"[{""position"": 0.0, ""amplitude"": 2.578669376523827, ""fwhm"": 2.64021333840469}]",0.0,2.578669376523827,2.64021333840469,,,,,,,,,,,,,,,
1129.2403517342452,14.511826293175034,2,EELS,Gold,"[{""position"": 0.0, ""amplitude"": 2.578669376523827, ""fwhm"": 2.64021333840469}]",0.0,2.578669376523827,2.64021333840469,,,,,,,,,,,,,,,
1130.219833903273,14.511826293175034,2,EELS,Gold,"[{""position"": 0.0, ""amplitude"": 2.578669376523827, ""fwhm"": 2.64021333840469}]",0.0,2.578669376523827,2.64021333840469,,,,,,,,,,,,,,,
1131.199316072301,14.511826293175034,2,EELS,Gold,"[{""position"": 0.0, ""amplitude"": 2.578669376523827, ""fwhm"": 2.64021333840469}]",0.0,2.578669376523827,2.64021333840469,,,,,,,,,,,,,,,
1132.1787982413286,14.506826293175033,2,EELS,Gold,"[{""position"": 0.0, ""amplitude"": 2.578669376523827, ""fwhm"": 2.64021333840469}]",0.0,2.578669376523827,2.64021333840469,,,,,,,,,,,,,,,
1133.1582804103566,14.511826293175034,2,EELS,Gold,"[{""position"": 0.0, ""amplitude"": 2.578669376523827, ""fwhm"": 2.64021333840469}]",0.0,2.578669376523827,2.64021333840469,,,,,,,,,,,,,,,
1134.1377625793843,14.521826293175033,2,EELS,Gold,"[{""position"": 0.0, ""amplitude"": 2.578669376523827, ""fwhm"": 2.64021333840469}]",0.0,2.578669376523827,2.64021333840469,,,,,,,,,,,,,,,
1135.1172447484123,14.506826293175033,2,EELS,Gold,"[{""position"": 0.0, ""amplitude"": 2.578669376523827, ""fwhm"": 2.64021333840469}]",0.0,2.578669376523827,2.64021333840469,,,,,,,,,,,,,,,
1136.09672691744,14.506826293175033,2,EELS,Gold,"[{""position"": 0.0, ""amplitude"": 2.578669376523827, ""fwhm"": 2.64021333840469}]",0.0,2.578669376523827,2.64021333840469,,,,,,,,,,,,,,,
1137.076209086468,14.521826293175033,2,EELS,Gold,"[{""position"": 0.0, ""amplitude"": 2.578669376523827, ""fwhm"": 2.64021333840469}]",0.0,2.578669376523827,2.64021333840469,,,,,,,,,,,,,,,
1138.0556912554957,14.516577831899731,2,EELS,Gold,"[{""position"": 0.0, ""amplitude"": 2.578669376523827, ""fwhm"": 2.64021333840469}]",0.0,2.578669376523827,2.64021333840469,,,,,,,,,,,,,,,
1139.0351734245237,14.51819519230731,2,EELS,Gold,"[{""position"": 0.0, ""amplitude"": 2.578669376523827, ""fwhm"": 2.64021333840469}]",0.0,2.578669376523827,2.64021333840469,,,,,,,,,,,,,,,
1140.0146555935514,14.511826293175034,2,EELS,Gold,"[{""position"": 0.0, ""amplitude"": 2.578669376523827, ""fwhm"": 2.64021333840469}]",0.0,2.578669376523827,2.64021333840469,,,,,,,,,,,,,,,
1140.9941377625794,14.506826293175033,2,EELS,Gold,"[{""position"": 0.0, ""amplitude"": 2.578669376523827, ""fwhm"": 2.64021333840469}]",0.0,2.578669376523827,2.64021333840469,,,,,,,,,,,,,,,
1141.9736199316071,14.520508490012636,2,EELS,Gold,"[{""position"": 0.0, ""amplitude"": 2.578669376523827, ""fwhm"": 2.64021333840469}]",0.0,2.578669376523827,2.64021333840469,,,,,,,,,,,,,,,
1142.953102100635,14.509327571077113,2,EELS,Gold,"[{""position"": 0.0, ""amplitude"": 2.578669376523827, ""fwhm"": 2.64021333840469}]",0.0,2.578669376523827,2.64021333840469,,,,,,,,,,,,,,,
1143.9325842696628,14.506826293175033,2,EELS,Gold,"[{""position"": 0.0, ""amplitude"": 2.578669376523827, ""fwhm"": 2.64021333840469}]",0.0,2.578669376523827,2.64021333840469,,,,,,,,,,,,,,,
1144.9120664386908,14.511826293175034,2,EELS,Gold,"[{""position"": 0.0, ""amplitude"": 2.578669376523827, ""fwhm"": 2.64021333840469}]",0.0,2.578669376523827,2.64021333840469,,,,,,,,,,,,,,,
1145.8915486077185,14.521826293175033,2,EELS,Gold,"[{""position"": 0.0, ""amplitude"": 2.578669376523827, ""fwhm"": 2.64021333840469}]",0.0,2.578669376523827,2.64021333840469,,,,,,,,,,,,,,,
1146.8710307767465,14.511826293175034,2,EELS,Gold,"[{""position"": 0.0, ""amplitude"": 2.578669376523827, ""fwhm"": 2.64021333840469}]",0.0,2.578669376523827,2.64021333840469,,,,,,,,,,,,,,,
1147.8505129457742,14.506826293175033,2,EELS,Gold,"[{""position"": 0.0, ""amplitude"": 2.578669376523827, ""fwhm"": 2.64021333840469}]",0.0,2.578669376523827,2.64021333840469,,,,,,,,,,,,,,,
1148.8299951148022,14.506948595895784,2,EELS,Gold,"[{""position"": 0.0, ""amplitude"": 2.578669376523827, ""fwhm"": 2.64021333840469}]",0.0,2.578669376523827,2.64021333840469,,,,,,,,,,,,,,,
1149.80947728383,14.513757709777567,2,EELS,Gold,"[{""position"": 0.0, ""amplitude"": 2.578669376523827, ""fwhm"": 2.64021333840469}]",0.0,2.578669376523827,2.64021333840469,,,,,,,,,,,,,,,
1150.7889594528579,14.509188066619291,2,EELS,Gold,"[{""position"": 0.0, ""amplitude"": 2.578669376523827, ""fwhm"": 2.64021333840469}]",0.0,2.578669376523827,2.64021333840469,,,,,,,,,,,,,,,
1151.7684416218856,14.506826293175033,2,EELS,Gold,"[{""position"": 0.0, ""amplitude"": 2.578669376523827, ""fwhm"": 2.64021333840469}]",0.0,2.578669376523827,2.64021333840469,,,,,,,,,,,,,,,
1152.7479237909135,14.511826293175034,2,EELS,Gold,"[{""position"": 0.0, ""amplitude"": 2.578669376523827, ""fwhm"": 2.64021333840469}]",0.0,2.578669376523827,2.64021333840469,,,,,,,,,,,,,,,
1153.7274059599413,14.511826293175034,2,EELS,Gold,"[{""position"": 0.0, ""amplitude"": 2.578669376523827, ""fwhm"": 2.64021333840469}]",0.0,2.578669376523827,2.64021333840469,,,,,,,,,,,,,,,
1154.7068881289692,14.506826293175033,2,EELS,Gold,"[{""position"": 0.0, ""amplitude"": 2.578669376523827, ""fwhm"": 2.64021333840469}]",0.0,2.578669376523827,2.64021333840469,,,,,,,,,,,,,,,
1155.686370297997,14.511826293175034,2,EELS,Gold,"[{""position"": 0.0, ""amplitude"": 2.578669376523827, ""fwhm"": 2.64021333840469}]",0.0,2.578669376523827,2.64021333840469,,,,,,,,,,,,,,,
1156.665852467025,14.51480191385429,2,EELS,Gold,"[{""position"": 0.0, ""amplitude"": 2.578669376523827, ""fwhm"": 2.64021333840469}]",0.0,2.578669376523827,2.64021333840469,,,,,,,,,,,,,,,
1157.6453346360527,14.506826293175033,2,EELS,Gold,"[{""position"": 0.0, ""amplitude"": 2.578669376523827, ""fwhm"": 2.64021333840469}]",0.0,2.578669376523827,2.64021333840469,,,,,,,,,,,,,,,
1158.6248168050806,14.508451365898233,2,EELS,Gold,"[{""position"": 0.0, ""amplitude"": 2.578669376523827, ""fwhm"": 2.64021333840469}]",0.0,2.578669376523827,2.64021333840469,,,,,,,,,,,,,,,
1159.6042989741084,14.506826293175033,2,EELS,Gold,"[{""position"": 0.0, ""amplitude"": 2.578669376523827, ""fwhm"": 2.64021333840469}]",0.0,2.578669376523827,2.64021333840469,,,,,,,,,,,,,,,
1160.5837811431363,14.5085547584592,2,EELS,Gold,"[{""position"": 0.0, ""amplitude"": 2.578669376523827, ""fwhm"": 2.64021333840469}]",0.0,2.578669376523827,2.64021333840469,,,,,,,,,,,,,,,
1161.563263312164,14.516826293175033,2,EELS,Gold,"[{""position"": 0.0, ""amplitude"": 2.578669376523827, ""fwhm"": 2.64021333840469}]",0.0,2.578669376523827,2.64021333840469,,,,,,,,,,,,,,,
1162.542745481192,14.520759886180281,2,EELS,Gold,"[{""position"": 0.0, ""amplitude"": 2.578669376523827, ""fwhm"": 2.64021333840469}]",0.0,2.578669376523827,2.64021333840469,,,,,,,,,,,,,,,
1163.5222276502197,14.516826293175033,2,EELS,Gold,"[{""position"": 0.0, ""amplitude"": 2.578669376523827, ""fwhm"": 2.64021333840469}]",0.0,2.578669376523827,2.64021333840469,,,,,,,,,,,,,,,
1164.5017098192477,14.511826293175034,2,EELS,Gold,"[{""position"": 0.0, ""amplitude"": 2.578669376523827, ""fwhm"": 2.64021333840469}]",0.0,2.578669376523827,2.64021333840469,,,,,,,,,,,,,,,
1165.4811919882754,14.511826293175034,2,EELS,Gold,"[{""position"": 0.0, ""amplitude"": 2.578669376523827, ""fwhm"": 2.64021333840469}]",0.0,2.578669376523827,2.64021333840469,,,,,,,,,,,,,,,
1166.4606741573034,14.516826293175033,2,EELS,Gold,"[{""position"": 0.0, ""amplitude"": 2.578669376523827, ""fwhm"": 2.64021333840469}]",0.0,2.578669376523827,2.64021333840469,,,,,,,,,,,,,,,
1167.4401563263311,14.511826293175034,2,EELS,Gold,"[{""position"": 0.0, ""amplitude"": 2.578669376523827, ""fwhm"": 2.64021333840469}]",0.0,2.578669376523827,2.64021333840469,,,,,,,,,,,,,,,
1168.419638495359,14.506826293175033,2,EELS,Gold,"[{""position"": 0.0, ""amplitude"": 2.578669376523827, ""fwhm"": 2.64021333840469}]",0.0,2.578669376523827,2.64021333840469,,,,,,,,,,,,,,,
1169.3991206643868,14.506826293175033,2,EELS,Gold,"[{""position"": 0.0, ""amplitude"": 2.578669376523827, ""fwhm"": 2.64021333840469}]",0.0,2.578669376523827,2.64021333840469,,,,,,,,,,,,,,,
1170.3786028334148,14.506826293175033,2,EELS,Gold,"[{""position"": 0.0, ""amplitude"": 2.578669376523827, ""fwhm"": 2.64021333840469}]",0.0,2.578669376523827,2.64021333840469,,,,,,,,,,,,,,,
1171.3580850024425,14.514420883252612,2,EELS,Gold,"[{""position"": 0.0, ""amplitude"": 2.578669376523827, ""fwhm"": 2.64021333840469}]",0.0,2.578669376523827,2.64021333840469,,,,,,,,,,,,,,,
1172.3375671714705,14.519236424034396,2,EELS,Gold,"[{""position"": 0.0, ""amplitude"": 2.578669376523827, ""fwhm"": 2.64021333840469}]",0.0,2.578669376523827,2.64021333840469,,,,,,,,,,,,,,,
1173.3170493404982,14.512628774850144,2,EELS,Gold,"[{""position"": 0.0, ""amplitude"": 2.578669376523827, ""fwhm"": 2.64021333840469}]",0.0,2.578669376523827,2.64021333840469,,,,,,,,,,,,,,,
1174.2965315095262,14.506826293175033,2,EELS,Gold,"[{""position"": 0.0, ""amplitude"": 2.578669376523827, ""fwhm"": 2.64021333840469}]",0.0,2.578669376523827,2.64021333840469,,,,,,,,,,,,,,,
1175.276013678554,14.526826293175032,2,EELS,Gold,"[{""position"": 0.0, ""amplitude"": 2.578669376523827, ""fwhm"": 2.64021333840469}]",0.0,2.578669376523827,2.64021333840469,,,,,,,,,,,,,,,
1176.2554958475819,14.508440527480692,2,EELS,Gold,"[{""position"": 0.0, ""amplitude"": 2.578669376523827, ""fwhm"": 2.64021333840469}]",0.0,2.578669376523827,2.64021333840469,,,,,,,,,,,,,,,
1177.2349780166096,14.527853413291833,2,EELS,Gold,"[{""position"": 0.0, ""amplitude"": 2.578669376523827, ""fwhm"": 2.64021333840469}]",0.0,2.578669376523827,2.64021333840469,,,,,,,,,,,,,,,
1178.2144601856376,14.506826293175033,2,EELS,Gold,"[{""position"": 0.0, ""amplitude"": 2.578669376523827, ""fwhm"": 2.64021333840469}]",0.0,2.578669376523827,2.64021333840469,,,,,,,,,,,,,,,
1179.1939423546653,14.518801938562016,2,EELS,Gold,"[{""position"": 0.0, ""amplitude"": 2.578669376523827, ""fwhm"": 2.64021333840469}]",0.0,2.578669376523827,2.64021333840469,,,,,,,,,,,,,,,
1180.1734245236933,14.506826293175033,2,EELS,Gold,"[{""position"": 0.0, ""amplitude"": 2.578669376523827, ""fwhm"": 2.64021333840469}]",0.0,2.578669376523827,2.64021333840469,,,,,,,,,,,,,,,
1181.152906692721,14.508803546724296,2,EELS,Gold,"[{""position"": 0.0, ""amplitude"": 2.578669376523827, ""fwhm"": 2.64021333840469}]",0.0,2.578669376523827,2.64021333840469,,,,,,,,,,,,,,,
1182.1323888617487,14.50747237087265,2,EELS,Gold,"[{""position"": 0.0, ""amplitude"": 2.578669376523827, ""fwhm"": 2.64021333840469}]",0.0,2.578669376523827,2.64021333840469,,,,,,,,,,,,,,,
1183.1118710307767,14.506826293175033,2,EELS,Gold,"[{""position"": 0.0, ""amplitude"": 2.578669376523827, ""fwhm"": 2.64021333840469}]",0.0,2.578669376523827,2.64021333840469,,,,,,,,,,,,,,,
1184.0913531998044,14.511826293175034,2,EELS,Gold,"[{""position"": 0.0, ""amplitude"": 2.578669376523827, ""fwhm"": 2.64021333840469}]",0.0,2.578669376523827,2.64021333840469,,,,,,,,,,,,,,,
1185.0708353688324,14.507172049385945,2,EELS,Gold,"[{""position"": 0.0, ""amplitude"": 2.578669376523827, ""fwhm"": 2.64021333840469}]",0.0,2.578669376523827,2.64021333840469,,,,,,,,,,,,,,,
1186.05031753786,14.510487353920265,2,EELS,Gold,"[{""position"": 0.0, ""amplitude"": 2.578669376523827, ""fwhm"": 2.64021333840469}]",0.0,2.578669376523827,2.64021333840469,,,,,,,,,,,,,,,
1187.029799706888,14.511826293175034,2,EELS,Gold,"[{""position"": 0.0, ""amplitude"": 2.578669376523827, ""fwhm"": 2.64021333840469}]",0.0,2.578669376523827,2.64021333840469,,,,,,,,,,,,,,,
1188.0092818759158,14.506826293175033,2,EELS,Gold,"[{""position"": 0.0, ""amplitude"": 2.578669376523827, ""fwhm"": 2.64021333840469}]",0.0,2.578669376523827,2.64021333840469,,,,,,,,,,,,,,,
1188.9887640449438,14.50735225072933,2,EELS,Gold,"[{""position"": 0.0, ""amplitude"": 2.578669376523827, ""fwhm"": 2.64021333840469}]",0.0,2.578669376523827,2.64021333840469,,,,,,,,,,,,,,,
1189.9682462139715,14.511553615915972,2,EELS,Gold,"[{""position"": 0.0, ""amplitude"": 2.578669376523827, ""fwhm"": 2.64021333840469}]",0.0,2.578669376523827,2.64021333840469,,,,,,,,,,,,,,,
1190.9477283829995,14.51297096503485,2,EELS,Gold,"[{""position"": 0.0, ""amplitude"": 2.578669376523827, ""fwhm"": 2.64021333840469}]",0.0,2.578669376523827,2.64021333840469,,,,,,,,,,,,,,,
1191.9272105520272,14.518249632344185,2,EELS,Gold,"[{""position"": 0.0, ""amplitude"": 2.578669376523827, ""fwhm"": 2.64021333840469}]",0.0,2.578669376523827,2.64021333840469,,,,,,,,,,,,,,,
1192.9066927210552,14.515011529542264,2,EELS,Gold,"[{""position"": 0.0, ""amplitude"": 2.578669376523827, ""fwhm"": 2.64021333840469}]",0.0,2.578669376523827,2.64021333840469,,,,,,,,,,,,,,,
1193.8861748900829,14.513077207711389,2,EELS,Gold,"[{""position"": 0.0, ""amplitude"": 2.578669376523827, ""fwhm"": 2.64021333840469}]",0.0,2.578669376523827,2.64021333840469,,,,,,,,,,,,,,,
1194.8656570591108,14.521826293175033,2,EELS,Gold,"[{""position"": 0.0, ""amplitude"": 2.578669376523827, ""fwhm"": 2.64021333840469}]",0.0,2.578669376523827,2.64021333840469,,,,,,,,,,,,,,,
1195.8451392281386,14.506826293175033,2,EELS,Gold,"[{""position"": 0.0, ""amplitude"": 2.578669376523827, ""fwhm"": 2.64021333840469}]",0.0,2.578669376523827,2.64021333840469,,,,,,,,,,,,,,,
1196.8246213971665,14.521826293175033,2,EELS,Gold,"[{""position"": 0.0, ""amplitude"": 2.578669376523827, ""fwhm"": 2.64021333840469}]",0.0,2.578669376523827,2.64021333840469,,,,,,,,,,,,,,,
1197.8041035661943,14.506826293175033,2,EELS,Gold,"[{""position"": 0.0, ""amplitude"": 2.578669376523827, ""fwhm"": 2.64021333840469}]",0.0,2.578669376523827,2.64021333840469,,,,,,,,,,,,,,,
1198.7835857352222,14.513558478649951,2,EELS,Gold,"[{""position"": 0.0, ""amplitude"": 2.578669376523827, ""fwhm"": 2.64021333840469}]",0.0,2.578669376523827,2.64021333840469,,,,,,,,,,,,,,,
1199.76306790425,14.508916910704999,2,EELS,Gold,"[{""position"": 0.0, ""amplitude"": 2.578669376523827, ""fwhm"": 2.64021333840469}]",0.0,2.578669376523827,2.64021333840469,,,,,,,,,,,,,,,
1200.742550073278,14.507311221639966,2,EELS,Gold,"[{""position"": 0.0, ""amplitude"": 2.578669376523827, ""fwhm"": 2.64021333840469}]",0.0,2.578669376523827,2.64021333840469,,,,,,,,,,,,,,,
1201.7220322423057,14.521826293175033,2,EELS,Gold,"[{""position"": 0.0, ""amplitude"": 2.578669376523827, ""fwhm"": 2.64021333840469}]",0.0,2.578669376523827,2.64021333840469,,,,,,,,,,,,,,,
1202.7015144113336,14.521464698194785,2,EELS,Gold,"[{""position"": 0.0, ""amplitude"": 2.578669376523827, ""fwhm"": 2.64021333840469}]",0.0,2.578669376523827,2.64021333840469,,,,,,,,,,,,,,,
1203.6809965803614,14.511826293175034,2,EELS,Gold,"[{""position"": 0.0, ""amplitude"": 2.578669376523827, ""fwhm"": 2.64021333840469}]",0.0,2.578669376523827,2.64021333840469,,,,,,,,,,,,,,,
1204.6604787493893,14.50841429369601,2,EELS,Gold,"[{""position"": 0.0, ""amplitude"": 2.578669376523827, ""fwhm"": 2.64021333840469}]",0.0,2.578669376523827,2.64021333840469,,,,,,,,,,,,,,,
1205.639960918417,14.511985521347862,2,EELS,Gold,"[{""position"": 0.0, ""amplitude"": 2.578669376523827, ""fwhm"": 2.64021333840469}]",0.0,2.578669376523827,2.64021333840469,,,,,,,,,,,,,,,
1206.619443087445,14.512396288363242,2,EELS,Gold,"[{""position"": 0.0, ""amplitude"": 2.578669376523827, ""fwhm"": 2.64021333840469}]",0.0,2.578669376523827,2.64021333840469,,,,,,,,,,,,,,,
1207.5989252564727,14.508323166316632,2,EELS,Gold,"[{""position"": 0.0, ""amplitude"": 2.578669376523827, ""fwhm"": 2.64021333840469}]",0.0,2.578669376523827,2.64021333840469,,,,,,,,,,,,,,,
1208.5784074255007,14.506826293175033,2,EELS,Gold,"[{""position"": 0.0, ""amplitude"": 2.578669376523827, ""fwhm"": 2.64021333840469}]",0.0,2.578669376523827,2.64021333840469,,,,,,,,,,,,,,,
1209.5578895945284,14.520223787588423,2,EELS,Gold,"[{""position"": 0.0, ""amplitude"": 2.578669376523827, ""fwhm"": 2.64021333840469}]",0.0,2.578669376523827,2.64021333840469,,,,,,,,,,,,,,,
1210.5373717635564,14.511826293175034,2,EELS,Gold,"[{""position"": 0.0, ""amplitude"": 2.578669376523827, ""fwhm"": 2.64021333840469}]",0.0,2.578669376523827,2.64021333840469,,,,,,,,,,,,,,,
1211.5168539325841,14.506826293175033,2,EELS,Gold,"[{""position"": 0.0, ""amplitude"": 2.578669376523827, ""fwhm"": 2.64021333840469}]",0.0,2.578669376523827,2.64021333840469,,,,,,,,,,,,,,,
1212.496336101612,14.515190217345465,2,EELS,Gold,"[{""position"": 0.0, ""amplitude"": 2.578669376523827, ""fwhm"": 2.64021333840469}]",0.0,2.578669376523827,2.64021333840469,,,,,,,,,,,,,,,
1213.4758182706398,14.508379178557622,2,EELS,Gold,"[{""position"": 0.0, ""amplitude"": 2.578669376523827, ""fwhm"": 2.64021333840469}]",0.0,2.578669376523827,2.64021333840469,,,,,,,,,,,,,,,
1214.4553004396678,14.518407642815209,2,EELS,Gold,"[{""position"": 0.0, ""amplitude"": 2.578669376523827, ""fwhm"": 2.64021333840469}]",0.0,2.578669376523827,2.64021333840469,,,,,,,,,,,,,,,
1215.4347826086955,14.507034162931387,2,EELS,Gold,"[{""position"": 0.0, ""amplitude"": 2.578669376523827, ""fwhm"": 2.64021333840469}]",0.0,2.578669376523827,2.64021333840469,,,,,,,,,,,,,,,
1216.4142647777235,14.51624196391218,2,EELS,Gold,"[{""position"": 0.0, ""amplitude"": 2.578669376523827, ""fwhm"": 2.64021333840469}]",0.0,2.578669376523827,2.64021333840469,,,,,,,,,,,,,,,
1217.3937469467512,14.516826293175033,2,EELS,Gold,"[{""position"": 0.0, ""amplitude"": 2.578669376523827, ""fwhm"": 2.64021333840469}]",0.0,2.578669376523827,2.64021333840469,,,,,,,,,,,,,,,
1218.3732291157792,14.511826293175034,2,EELS,Gold,"[{""position"": 0.0, ""amplitude"": 2.578669376523827, ""fwhm"": 2.64021333840469}]",0.0,2.578669376523827,2.64021333840469,,,,,,,,,,,,,,,
1219.352711284807,14.509166632013873,2,EELS,Gold,"[{""position"": 0.0, ""amplitude"": 2.578669376523827, ""fwhm"": 2.64021333840469}]",0.0,2.578669376523827,2.64021333840469,,,,,,,,,,,,,,,
1220.3321934538349,14.511826293175034,2,EELS,Gold,"[{""position"": 0.0, ""amplitude"": 2.578669376523827, ""fwhm"": 2.64021333840469}]",0.0,2.578669376523827,2.64021333840469,,,,,,,,,,,,,,,
1221.3116756228626,14.516826293175033,2,EELS,Gold,"[{""position"": 0.0, ""amplitude"": 2.578669376523827, ""fwhm"": 2.64021333840469}]",0.0,2.578669376523827,2.64021333840469,,,,,,,,,,,,,,,
1222.2911577918906,14.50986696871851,2,EELS,Gold,"[{""position"": 0.0, ""amplitude"": 2.578669376523827, ""fwhm"": 2.64021333840469}]",0.0,2.578669376523827,2.64021333840469,,,,,,,,,,,,,,,
1223.2706399609183,14.50814974355871,2,EELS,Gold,"[{""position"": 0.0, ""amplitude"": 2.578669376523827, ""fwhm"": 2.64021333840469}]",0.0,2.578669376523827,2.64021333840469,,,,,,,,,,,,,,,
1224.2501221299462,14.506886184839344,2,EELS,Gold,"[{""position"": 0.0, ""amplitude"": 2.578669376523827, ""fwhm"": 2.64021333840469}]",0.0,2.578669376523827,2.64021333840469,,,,,,,,,,,,,,,
1225.229604298974,14.506826293175033,2,EELS,Gold,"[{""position"": 0.0, ""amplitude"": 2.578669376523827, ""fwhm"": 2.64021333840469}]",0.0,2.578669376523827,2.64021333840469,,,,,,,,,,,,,,,
1226.209086468002,14.51737888019307,2,EELS,Gold,"[{""position"": 0.0, ""amplitude"": 2.578669376523827, ""fwhm"": 2.64021333840469}]",0.0,2.578669376523827,2.64021333840469,,,,,,,,,,,,,,,
1227.1885686370297,14.508345727185286,2,EELS,Gold,"[{""position"": 0.0, ""amplitude"": 2.578669376523827, ""fwhm"": 2.64021333840469}]",0.0,2.578669376523827,2.64021333840469,,,,,,,,,,,,,,,
1228.1680508060576,14.511826293175034,2,EELS,Gold,"[{""position"": 0.0, ""amplitude"": 2.578669376523827, ""fwhm"": 2.64021333840469}]",0.0,2.578669376523827,2.64021333840469,,,,,,,,,,,,,,,
1229.1475329750854,14.522815794199182,2,EELS,Gold,"[{""position"": 0.0, ""amplitude"": 2.578669376523827, ""fwhm"": 2.64021333840469}]",0.0,2.578669376523827,2.64021333840469,,,,,,,,,,,,,,,
1230.1270151441133,14.514637761971787,2,EELS,Gold,"[{""position"": 0.0, ""amplitude"": 2.578669376523827, ""fwhm"": 2.64021333840469}]",0.0,2.578669376523827,2.64021333840469,,,,,,,,,,,,,,,
1231.106497313141,14.511826293175034,2,EELS,Gold,"[{""position"": 0.0, ""amplitude"": 2.578669376523827, ""fwhm"": 2.64021333840469}]",0.0,2.578669376523827,2.64021333840469,,,,,,,,,,,,,,,
1232.085979482169,14.512032897769695,2,EELS,Gold,"[{""position"": 0.0, ""amplitude"": 2.578669376523827, ""fwhm"": 2.64021333840469}]",0.0,2.578669376523827,2.64021333840469,,,,,,,,,,,,,,,
1233.0654616511968,14.508104506898425,2,EELS,Gold,"[{""position"": 0.0, ""amplitude"": 2.578669376523827, ""fwhm"": 2.64021333840469}]",0.0,2.578669376523827,2.64021333840469,,,,,,,,,,,,,,,
1234.0449438202247,14.50827863975474,2,EELS,Gold,"[{""position"": 0.0, ""amplitude"": 2.578669376523827, ""fwhm"": 2.64021333840469}]",0.0,2.578669376523827,2.64021333840469,,,,,,,,,,,,,,,
1235.0244259892524,14.509121983052623,2,EELS,Gold,"[{""position"": 0.0, ""amplitude"": 2.578669376523827, ""fwhm"": 2.64021333840469}]",0.0,2.578669376523827,2.64021333840469,,,,,,,,,,,,,,,
1236.0039081582804,14.506826293175033,2,EELS,Gold,"[{""position"": 0.0, ""amplitude"": 2.578669376523827, ""fwhm"": 2.64021333840469}]",0.0,2.578669376523827,2.64021333840469,,,,,,,,,,,,,,,
1236.9833903273081,14.506826293175033,2,EELS,Gold,"[{""position"": 0.0, ""amplitude"": 2.578669376523827, ""fwhm"": 2.64021333840469}]",0.0,2.578669376523827,2.64021333840469,,,,,,,,,,,,,,,
1237.962872496336,14.506826293175033,2,EELS,Gold,"[{""position"": 0.0, ""amplitude"": 2.578669376523827, ""fwhm"": 2.64021333840469}]",0.0,2.578669376523827,2.64021333840469,,,,,,,,,,,,,,,
1238.9423546653638,14.506826293175033,2,EELS,Gold,"[{""position"": 0.0, ""amplitude"": 2.578669376523827, ""fwhm"": 2.64021333840469}]",0.0,2.578669376523827,2.64021333840469,,,,,,,,,,,,,,,
1239.9218368343918,14.506826293175033,2,EELS,Gold,"[{""position"": 0.0, ""amplitude"": 2.578669376523827, ""fwhm"": 2.64021333840469}]",0.0,2.578669376523827,2.64021333840469,,,,,,,,,,,,,,,
1240.9013190034195,14.511826293175034,2,EELS,Gold,"[{""position"": 0.0, ""amplitude"": 2.578669376523827, ""fwhm"": 2.64021333840469}]",0.0,2.578669376523827,2.64021333840469,,,,,,,,,,,,,,,
1241.8808011724475,14.509939002500232,2,EELS,Gold,"[{""position"": 0.0, ""amplitude"": 2.578669376523827, ""fwhm"": 2.64021333840469}]",0.0,2.578669376523827,2.64021333840469,,,,,,,,,,,,,,,
1242.8602833414752,14.516826293175033,2,EELS,Gold,"[{""position"": 0.0, ""amplitude"": 2.578669376523827, ""fwhm"": 2.64021333840469}]",0.0,2.578669376523827,2.64021333840469,,,,,,,,,,,,,,,
1243.8397655105032,14.510895587088681,2,EELS,Gold,"[{""position"": 0.0, ""amplitude"": 2.578669376523827, ""fwhm"": 2.64021333840469}]",0.0,2.578669376523827,2.64021333840469,,,,,,,,,,,,,,,
1244.819247679531,14.51876311255199,2,EELS,Gold,"[{""position"": 0.0, ""amplitude"": 2.578669376523827, ""fwhm"": 2.64021333840469}]",0.0,2.578669376523827,2.64021333840469,,,,,,,,,,,,,,,
1245.7987298485589,14.521826293175033,2,EELS,Gold,"[{""position"": 0.0, ""amplitude"": 2.578669376523827, ""fwhm"": 2.64021333840469}]",0.0,2.578669376523827,2.64021333840469,,,,,,,,,,,,,,,
1246.7782120175866,14.513445949086872,2,EELS,Gold,"[{""position"": 0.0, ""amplitude"": 2.578669376523827, ""fwhm"": 2.64021333840469}]",0.0,2.578669376523827,2.64021333840469,,,,,,,,,,,,,,,
1247.7576941866146,14.512952728312149,2,EELS,Gold,"[{""position"": 0.0, ""amplitude"": 2.578669376523827, ""fwhm"": 2.64021333840469}]",0.0,2.578669376523827,2.64021333840469,,,,,,,,,,,,,,,
1248.7371763556423,14.511826293175034,2,EELS,Gold,"[{""position"": 0.0, ""amplitude"": 2.578669376523827, ""fwhm"": 2.64021333840469}]",0.0,2.578669376523827,2.64021333840469,,,,,,,,,,,,,,,
1249.7166585246703,14.516826293175033,2,EELS,Gold,"[{""position"": 0.0, ""amplitude"": 2.578669376523827, ""fwhm"": 2.64021333840469}]",0.0,2.578669376523827,2.64021333840469,,,,,,,,,,,,,,,
1250.696140693698,14.511826293175034,2,EELS,Gold,"[{""position"": 0.0, ""amplitude"": 2.578669376523827, ""fwhm"": 2.64021333840469}]",0.0,2.578669376523827,2.64021333840469,,,,,,,,,,,,,,,
1251.675622862726,14.513542973654046,2,EELS,Gold,"[{""position"": 0.0, ""amplitude"": 2.578669376523827, ""fwhm"": 2.64021333840469}]",0.0,2.578669376523827,2.64021333840469,,,,,,,,,,,,,,,
1252.6551050317537,14.506826293175033,2,EELS,Gold,"[{""position"": 0.0, ""amplitude"": 2.578669376523827, ""fwhm"": 2.64021333840469}]",0.0,2.578669376523827,2.64021333840469,,,,,,,,,,,,,,,
1253.6345872007817,14.521826293175033,2,EELS,Gold,"[{""position"": 0.0, ""amplitude"": 2.578669376523827, ""fwhm"": 2.64021333840469}]",0.0,2.578669376523827,2.64021333840469,,,,,,,,,,,,,,,
1254.6140693698094,14.511826293175034,2,EELS,Gold,"[{""position"": 0.0, ""amplitude"": 2.578669376523827, ""fwhm"": 2.64021333840469}]",0.0,2.578669376523827,2.64021333840469,,,,,,,,,,,,,,,
1255.5935515388373,14.507169800704313,2,EELS,Gold,"[{""position"": 0.0, ""amplitude"": 2.578669376523827, ""fwhm"": 2.64021333840469}]",0.0,2.578669376523827,2.64021333840469,,,,,,,,,,,,,,,
1256.573033707865,14.511142722908195,2,EELS,Gold,"[{""position"": 0.0, ""amplitude"": 2.578669376523827, ""fwhm"": 2.64021333840469}]",0.0,2.578669376523827,2.64021333840469,,,,,,,,,,,,,,,
1257.552515876893,14.516826293175033,2,EELS,Gold,"[{""position"": 0.0, ""amplitude"": 2.578669376523827, ""fwhm"": 2.64021333840469}]",0.0,2.578669376523827,2.64021333840469,,,,,,,,,,,,,,,
1258.5319980459208,14.509996304469754,2,EELS,Gold,"[{""position"": 0.0, ""amplitude"": 2.578669376523827, ""fwhm"": 2.64021333840469}]",0.0,2.578669376523827,2.64021333840469,,,,,,,,,,,,,,,
1259.5114802149487,14.508093728723852,2,EELS,Gold,"[{""position"": 0.0, ""amplitude"": 2.578669376523827, ""fwhm"": 2.64021333840469}]",0.0,2.578669376523827,2.64021333840469,,,,,,,,,,,,,,,
1260.4909623839765,14.515513098036442,2,EELS,Gold,"[{""position"": 0.0, ""amplitude"": 2.578669376523827, ""fwhm"": 2.64021333840469}]",0.0,2.578669376523827,2.64021333840469,,,,,,,,,,,,,,,
1261.4704445530044,14.506826293175033,2,EELS,Gold,"[{""position"": 0.0, ""amplitude"": 2.578669376523827, ""fwhm"": 2.64021333840469}]",0.0,2.578669376523827,2.64021333840469,,,,,,,,,,,,,,,
1262.4499267220322,14.513650870265254,2,EELS,Gold,"[{""position"": 0.0, ""amplitude"": 2.578669376523827, ""fwhm"": 2.64021333840469}]",0.0,2.578669376523827,2.64021333840469,,,,,,,,,,,,,,,
1263.4294088910601,14.516826293175033,2,EELS,Gold,"[{""position"": 0.0, ""amplitude"": 2.578669376523827, ""fwhm"": 2.64021333840469}]",0.0,2.578669376523827,2.64021333840469,,,,,,,,,,,,,,,
1264.4088910600879,14.516826293175033,2,EELS,Gold,"[{""position"": 0.0, ""amplitude"": 2.578669376523827, ""fwhm"": 2.64021333840469}]",0.0,2.578669376523827,2.64021333840469,,,,,,,,,,,,,,,
1265.3883732291158,14.506826293175033,2,EELS,Gold,"[{""position"": 0.0, ""amplitude"": 2.578669376523827, ""fwhm"": 2.64021333840469}]",0.0,2.578669376523827,2.64021333840469,,,,,,,,,,,,,,,
1266.3678553981435,14.513357428289154,2,EELS,Gold,"[{""position"": 0.0, ""amplitude"": 2.578669376523827, ""fwhm"": 2.64021333840469}]",0.0,2.578669376523827,2.64021333840469,,,,,,,,,,,,,,,
1267.3473375671715,14.508186941131891,2,EELS,Gold,"[{""position"": 0.0, ""amplitude"": 2.578669376523827, ""fwhm"": 2.64021333840469}]",0.0,2.578669376523827,2.64021333840469,,,,,,,,,,,,,,,
1268.3268197361992,14.511826293175034,2,EELS,Gold,"[{""position"": 0.0, ""amplitude"": 2.578669376523827, ""fwhm"": 2.64021333840469}]",0.0,2.578669376523827,2.64021333840469,,,,,,,,,,,,,,,
1269.3063019052272,14.52242398292312,2,EELS,Gold,"[{""position"": 0.0, ""amplitude"": 2.578669376523827, ""fwhm"": 2.64021333840469}]",0.0,2.578669376523827,2.64021333840469,,,,,,,,,,,,,,,
1270.285784074255,14.518153303310799,2,EELS,Gold,"[{""position"": 0.0, ""amplitude"": 2.578669376523827, ""fwhm"": 2.64021333840469}]",0.0,2.578669376523827,2.64021333840469,,,,,,,,,,,,,,,
1271.265266243283,14.506826293175033,2,EELS,Gold,"[{""position"": 0.0, ""amplitude"": 2.578669376523827, ""fwhm"": 2.64021333840469}]",0.0,2.578669376523827,2.64021333840469,,,,,,,,,,,,,,,
1272.2447484123106,14.50873476789035,2,EELS,Gold,"[{""position"": 0.0, ""amplitude"": 2.578669376523827, ""fwhm"": 2.64021333840469}]",0.0,2.578669376523827,2.64021333840469,,,,,,,,,,,,,,,
1273.2242305813384,14.51838341640443,2,EELS,Gold,"[{""position"": 0.0, ""amplitude"": 2.578669376523827, ""fwhm"": 2.64021333840469}]",0.0,2.578669376523827,2.64021333840469,,,,,,,,,,,,,,,
1274.2037127503663,14.511826293175034,2,EELS,Gold,"[{""position"": 0.0, ""amplitude"": 2.578669376523827, ""fwhm"": 2.64021333840469}]",0.0,2.578669376523827,2.64021333840469,,,,,,,,,,,,,,,
1275.183194919394,14.516826293175033,2,EELS,Gold,"[{""position"": 0.0, ""amplitude"": 2.578669376523827, ""fwhm"": 2.64021333840469}]",0.0,2.578669376523827,2.64021333840469,,,,,,,,,,,,,,,
1276.162677088422,14.514543467706357,2,EELS,Gold,"[{""position"": 0.0, ""amplitude"": 2.578669376523827, ""fwhm"": 2.64021333840469}]",0.0,2.578669376523827,2.64021333840469,,,,,,,,,,,,,,,
1277.1421592574497,14.523049670106497,2,EELS,Gold,"[{""position"": 0.0, ""amplitude"": 2.578669376523827, ""fwhm"": 2.64021333840469}]",0.0,2.578669376523827,2.64021333840469,,,,,,,,,,,,,,,
1278.1216414264777,14.506826293175033,2,EELS,Gold,"[{""position"": 0.0, ""amplitude"": 2.578669376523827, ""fwhm"": 2.64021333840469}]",0.0,2.578669376523827,2.64021333840469,,,,,,,,,,,,,,,
1279.1011235955054,14.512424990262327,2,EELS,Gold,"[{""position"": 0.0, ""amplitude"": 2.578669376523827, ""fwhm"": 2.64021333840469}]",0.0,2.578669376523827,2.64021333840469,,,,,,,,,,,,,,,
1280.0806057645334,14.521826293175033,2,EELS,Gold,"[{""position"": 0.0, ""amplitude"": 2.578669376523827, ""fwhm"": 2.64021333840469}]",0.0,2.578669376523827,2.64021333840469,,,,,,,,,,,,,,,
1281.0600879335611,14.521826293175033,2,EELS,Gold,"[{""position"": 0.0, ""amplitude"": 2.578669376523827, ""fwhm"": 2.64021333840469}]",0.0,2.578669376523827,2.64021333840469,,,,,,,,,,,,,,,
1282.039570102589,14.506826293175033,2,EELS,Gold,"[{""position"": 0.0, ""amplitude"": 2.578669376523827, ""fwhm"": 2.64021333840469}]",0.0,2.578669376523827,2.64021333840469,,,,,,,,,,,,,,,
1283.0190522716168,14.506971020622842,2,EELS,Gold,"[{""position"": 0.0, ""amplitude"": 2.578669376523827, ""fwhm"": 2.64021333840469}]",0.0,2.578669376523827,2.64021333840469,,,,,,,,,,,,,,,
1283.9985344406448,14.522820795097374,2,EELS,Gold,"[{""position"": 0.0, ""amplitude"": 2.578669376523827, ""fwhm"": 2.64021333840469}]",0.0,2.578669376523827,2.64021333840469,,,,,,,,,,,,,,,
1284.9780166096725,14.506826293175033,2,EELS,Gold,"[{""position"": 0.0, ""amplitude"": 2.578669376523827, ""fwhm"": 2.64021333840469}]",0.0,2.578669376523827,2.64021333840469,,,,,,,,,,,,,,,
1285.9574987787005,14.526826293175032,2,EELS,Gold,"[{""position"": 0.0, ""amplitude"": 2.578669376523827, ""fwhm"": 2.64021333840469}]",0.0,2.578669376523827,2.64021333840469,,,,,,,,,,,,,,,
1286.9369809477282,14.516826293175033,2,EELS,Gold,"[{""position"": 0.0, ""amplitude"": 2.578669376523827, ""fwhm"": 2.64021333840469}]",0.0,2.578669376523827,2.64021333840469,,,,,,,,,,,,,,,
1287.9164631167562,14.509555862203031,2,EELS,Gold,"[{""position"": 0.0, ""amplitude"": 2.578669376523827, ""fwhm"": 2.64021333840469}]",0.0,2.578669376523827,2.64021333840469,,,,,,,,,,,,,,,
1288.895945285784,14.506826293175033,2,EELS,Gold,"[{""position"": 0.0, ""amplitude"": 2.578669376523827, ""fwhm"": 2.64021333840469}]",0.0,2.578669376523827,2.64021333840469,,,,,,,,,,,,,,,
1289.8754274548119,14.506826293175033,2,EELS,Gold,"[{""position"": 0.0, ""amplitude"": 2.578669376523827, ""fwhm"": 2.64021333840469}]",0.0,2.578669376523827,2.64021333840469,,,,,,,,,,,,,,,
1290.8549096238396,14.515838342617842,2,EELS,Gold,"[{""position"": 0.0, ""amplitude"": 2.578669376523827, ""fwhm"": 2.64021333840469}]",0.0,2.578669376523827,2.64021333840469,,,,,,,,,,,,,,,
1291.8343917928676,14.50818854063459,2,EELS,Gold,"[{""position"": 0.0, ""amplitude"": 2.578669376523827, ""fwhm"": 2.64021333840469}]",0.0,2.578669376523827,2.64021333840469,,,,,,,,,,,,,,,
1292.8138739618953,14.510121176308585,2,EELS,Gold,"[{""position"": 0.0, ""amplitude"": 2.578669376523827, ""fwhm"": 2.64021333840469}]",0.0,2.578669376523827,2.64021333840469,,,,,,,,,,,,,,,
1293.7933561309233,14.511826293175034,2,EELS,Gold,"[{""position"": 0.0, ""amplitude"": 2.578669376523827, ""fwhm"": 2.64021333840469}]",0.0,2.578669376523827,2.64021333840469,,,,,,,,,,,,,,,
1294.772838299951,14.511826293175034,2,EELS,Gold,"[{""position"": 0.0, ""amplitude"": 2.578669376523827, ""fwhm"": 2.64021333840469}]",0.0,2.578669376523827,2.64021333840469,,,,,,,,,,,,,,,
1295.752320468979,14.508180198819977,2,EELS,Gold,"[{""position"": 0.0, ""amplitude"": 2.578669376523827, ""fwhm"": 2.64021333840469}]",0.0,2.578669376523827,2.64021333840469,,,,,,,,,,,,,,,
1296.7318026380067,14.51585269139125,2,EELS,Gold,"[{""position"": 0.0, ""amplitude"": 2.578669376523827, ""fwhm"": 2.64021333840469}]",0.0,2.578669376523827,2.64021333840469,,,,,,,,,,,,,,,
1297.7112848070346,14.506826293175033,2,EELS,Gold,"[{""position"": 0.0, ""amplitude"": 2.578669376523827, ""fwhm"": 2.64021333840469}]",0.0,2.578669376523827,2.64021333840469,,,,,,,,,,,,,,,
1298.6907669760624,14.506826293175033,2,EELS,Gold,"[{""position"": 0.0, ""amplitude"": 2.578669376523827, ""fwhm"": 2.64021333840469}]",0.0,2.578669376523827,2.64021333840469,,,,,,,,,,,,,,,
1299.6702491450903,14.517889796553767,2,EELS,Gold,"[{""position"": 0.0, ""amplitude"": 2.578669376523827, ""fwhm"": 2.64021333840469}]",0.0,2.578669376523827,2.64021333840469,,,,,,,,,,,,,,,
1300.649731314118,14.506826293175033,2,EELS,Gold,"[{""position"": 0.0, ""amplitude"": 2.578669376523827, ""fwhm"": 2.64021333840469}]",0.0,2.578669376523827,2.64021333840469,,,,,,,,,,,,,,,
1301.629213483146,14.518199699123585,2,EELS,Gold,"[{""position"": 0.0, ""amplitude"": 2.578669376523827, ""fwhm"": 2.64021333840469}]",0.0,2.578669376523827,2.64021333840469,,,,,,,,,,,,,,,
1302.6086956521738,14.521826293175033,2,EELS,Gold,"[{""position"": 0.0, ""amplitude"": 2.578669376523827, ""fwhm"": 2.64021333840469}]",0.0,2.578669376523827,2.64021333840469,,,,,,,,,,,,,,,
1303.5881778212017,14.513123698331414,2,EELS,Gold,"[{""position"": 0.0, ""amplitude"": 2.578669376523827, ""fwhm"": 2.64021333840469}]",0.0,2.578669376523827,2.64021333840469,,,,,,,,,,,,,,,
1304.5676599902295,14.516826293175033,2,EELS,Gold,"[{""position"": 0.0, ""amplitude"": 2.578669376523827, ""fwhm"": 2.64021333840469}]",0.0,2.578669376523827,2.64021333840469,,,,,,,,,,,,,,,
1305.5471421592574,14.531826293175033,2,EELS,Gold,"[{""position"": 0.0, ""amplitude"": 2.578669376523827, ""fwhm"": 2.64021333840469}]",0.0,2.578669376523827,2.64021333840469,,,,,,,,,,,,,,,
1306.5266243282852,14.518535193951463,2,EELS,Gold,"[{""position"": 0.0, ""amplitude"": 2.578669376523827, ""fwhm"": 2.64021333840469}]",0.0,2.578669376523827,2.64021333840469,,,,,,,,,,,,,,,
1307.506106497313,14.508007576628039,2,EELS,Gold,"[{""position"": 0.0, ""amplitude"": 2.578669376523827, ""fwhm"": 2.64021333840469}]",0.0,2.578669376523827,2.64021333840469,,,,,,,,,,,,,,,
1308.4855886663408,14.511833855974409,2,EELS,Gold,"[{""position"": 0.0, ""amplitude"": 2.578669376523827, ""fwhm"": 2.64021333840469}]",0.0,2.578669376523827,2.64021333840469,,,,,,,,,,,,,,,
1309.4650708353688,14.514352789438313,2,EELS,Gold,"[{""position"": 0.0, ""amplitude"": 2.578669376523827, ""fwhm"": 2.64021333840469}]",0.0,2.578669376523827,2.64021333840469,,,,,,,,,,,,,,,
1310.4445530043965,14.506826293175033,2,EELS,Gold,"[{""position"": 0.0, ""amplitude"": 2.578669376523827, ""fwhm"": 2.64021333840469}]",0.0,2.578669376523827,2.64021333840469,,,,,,,,,,,,,,,
1311.4240351734245,14.512381355951238,2,EELS,Gold,"[{""position"": 0.0, ""amplitude"": 2.578669376523827, ""fwhm"": 2.64021333840469}]",0.0,2.578669376523827,2.64021333840469,,,,,,,,,,,,,,,
1312.4035173424522,14.516826293175033,2,EELS,Gold,"[{""position"": 0.0, ""amplitude"": 2.578669376523827, ""fwhm"": 2.64021333840469}]",0.0,2.578669376523827,2.64021333840469,,,,,,,,,,,,,,,
1313.3829995114802,14.509221143899335,2,EELS,Gold,"[{""position"": 0.0, ""amplitude"": 2.578669376523827, ""fwhm"": 2.64021333840469}]",0.0,2.578669376523827,2.64021333840469,,,,,,,,,,,,,,,
1314.362481680508,14.513625636046513,2,EELS,Gold,"[{""position"": 0.0, ""amplitude"": 2.578669376523827, ""fwhm"": 2.64021333840469}]",0.0,2.578669376523827,2.64021333840469,,,,,,,,,,,,,,,
1315.341963849536,14.51371914332624,2,EELS,Gold,"[{""position"": 0.0, ""amplitude"": 2.578669376523827, ""fwhm"": 2.64021333840469}]",0.0,2.578669376523827,2.64021333840469,,,,,,,,,,,,,,,
1316.3214460185636,14.51109630627822,2,EELS,Gold,"[{""position"": 0.0, ""amplitude"": 2.578669376523827, ""fwhm"": 2.64021333840469}]",0.0,2.578669376523827,2.64021333840469,,,,,,,,,,,,,,,
1317.3009281875916,14.514758093999191,2,EELS,Gold,"[{""position"": 0.0, ""amplitude"": 2.578669376523827, ""fwhm"": 2.64021333840469}]",0.0,2.578669376523827,2.64021333840469,,,,,,,,,,,,,,,
1318.2804103566193,14.506826293175033,2,EELS,Gold,"[{""position"": 0.0, ""amplitude"": 2.578669376523827, ""fwhm"": 2.64021333840469}]",0.0,2.578669376523827,2.64021333840469,,,,,,,,,,,,,,,
1319.2598925256473,14.506850799239464,2,EELS,Gold,"[{""position"": 0.0, ""amplitude"": 2.578669376523827, ""fwhm"": 2.64021333840469}]",0.0,2.578669376523827,2.64021333840469,,,,,,,,,,,,,,,
1320.239374694675,14.523403380388011,2,EELS,Gold,"[{""position"": 0.0, ""amplitude"": 2.578669376523827, ""fwhm"": 2.64021333840469}]",0.0,2.578669376523827,2.64021333840469,,,,,,,,,,,,,,,
1321.218856863703,14.507205089335288,2,EELS,Gold,"[{""position"": 0.0, ""amplitude"": 2.578669376523827, ""fwhm"": 2.64021333840469}]",0.0,2.578669376523827,2.64021333840469,,,,,,,,,,,,,,,
1322.1983390327307,14.523672054486127,2,EELS,Gold,"[{""position"": 0.0, ""amplitude"": 2.578669376523827, ""fwhm"": 2.64021333840469}]",0.0,2.578669376523827,2.64021333840469,,,,,,,,,,,,,,,
1323.1778212017587,14.506826293175033,2,EELS,Gold,"[{""position"": 0.0, ""amplitude"": 2.578669376523827, ""fwhm"": 2.64021333840469}]",0.0,2.578669376523827,2.64021333840469,,,,,,,,,,,,,,,
1324.1573033707864,14.52670301049048,2,EELS,Gold,"[{""position"": 0.0, ""amplitude"": 2.578669376523827, ""fwhm"": 2.64021333840469}]",0.0,2.578669376523827,2.64021333840469,,,,,,,,,,,,,,,
1325.1367855398144,14.527011216574117,2,EELS,Gold,"[{""position"": 0.0, ""amplitude"": 2.578669376523827, ""fwhm"": 2.64021333840469}]",0.0,2.578669376523827,2.64021333840469,,,,,,,,,,,,,,,
1326.116267708842,14.506826293175033,2,EELS,Gold,"[{""position"": 0.0, ""amplitude"": 2.578669376523827, ""fwhm"": 2.64021333840469}]",0.0,2.578669376523827,2.64021333840469,,,,,,,,,,,,,,,
1327.09574987787,14.506826293175033,2,EELS,Gold,"[{""position"": 0.0, ""amplitude"": 2.578669376523827, ""fwhm"": 2.64021333840469}]",0.0,2.578669376523827,2.64021333840469,,,,,,,,,,,,,,,
1328.0752320468978,14.511826293175034,2,EELS,Gold,"[{""position"": 0.0, ""amplitude"": 2.578669376523827, ""fwhm"": 2.64021333840469}]",0.0,2.578669376523827,2.64021333840469,,,,,,,,,,,,,,,
1329.0547142159257,14.511826293175034,2,EELS,Gold,"[{""position"": 0.0, ""amplitude"": 2.578669376523827, ""fwhm"": 2.64021333840469}]",0.0,2.578669376523827,2.64021333840469,,,,,,,,,,,,,,,
1330.0341963849535,14.506826293175033,2,EELS,Gold,"[{""position"": 0.0, ""amplitude"": 2.578669376523827, ""fwhm"": 2.64021333840469}]",0.0,2.578669376523827,2.64021333840469,,,,,,,,,,,,,,,
1331.0136785539814,14.515758930307454,2,EELS,Gold,"[{""position"": 0.0, ""amplitude"": 2.578669376523827, ""fwhm"": 2.64021333840469}]",0.0,2.578669376523827,2.64021333840469,,,,,,,,,,,,,,,
1331.9931607230092,14.507912451515452,2,EELS,Gold,"[{""position"": 0.0, ""amplitude"": 2.578669376523827, ""fwhm"": 2.64021333840469}]",0.0,2.578669376523827,2.64021333840469,,,,,,,,,,,,,,,
1332.9726428920371,14.512453977793214,2,EELS,Gold,"[{""position"": 0.0, ""amplitude"": 2.578669376523827, ""fwhm"": 2.64021333840469}]",0.0,2.578669376523827,2.64021333840469,,,,,,,,,,,,,,,
1333.9521250610649,14.506826293175033,2,EELS,Gold,"[{""position"": 0.0, ""amplitude"": 2.578669376523827, ""fwhm"": 2.64021333840469}]",0.0,2.578669376523827,2.64021333840469,,,,,,,,,,,,,,,
1334.9316072300928,14.516826293175033,2,EELS,Gold,"[{""position"": 0.0, ""amplitude"": 2.578669376523827, ""fwhm"": 2.64021333840469}]",0.0,2.578669376523827,2.64021333840469,,,,,,,,,,,,,,,
1335.9110893991206,14.511826293175034,2,EELS,Gold,"[{""position"": 0.0, ""amplitude"": 2.578669376523827, ""fwhm"": 2.64021333840469}]",0.0,2.578669376523827,2.64021333840469,,,,,,,,,,,,,,,
1336.8905715681485,14.506826293175033,2,EELS,Gold,"[{""position"": 0.0, ""amplitude"": 2.578669376523827, ""fwhm"": 2.64021333840469}]",0.0,2.578669376523827,2.64021333840469,,,,,,,,,,,,,,,
1337.8700537371762,14.506826293175033,2,EELS,Gold,"[{""position"": 0.0, ""amplitude"": 2.578669376523827, ""fwhm"": 2.64021333840469}]",0.0,2.578669376523827,2.64021333840469,,,,,,,,,,,,,,,
1338.8495359062042,14.511826293175034,2,EELS,Gold,"[{""position"": 0.0, ""amplitude"": 2.578669376523827, ""fwhm"": 2.64021333840469}]",0.0,2.578669376523827,2.64021333840469,,,,,,,,,,,,,,,
1339.829018075232,14.511826293175034,2,EELS,Gold,"[{""position"": 0.0, ""amplitude"": 2.578669376523827, ""fwhm"": 2.64021333840469}]",0.0,2.578669376523827,2.64021333840469,,,,,,,,,,,,,,,
1340.80850024426,14.506826293175033,2,EELS,Gold,"[{""position"": 0.0, ""amplitude"": 2.578669376523827, ""fwhm"": 2.64021333840469}]",0.0,2.578669376523827,2.64021333840469,,,,,,,,,,,,,,,
1341.7879824132876,14.507201524326517,2,EELS,Gold,"[{""position"": 0.0, ""amplitude"": 2.578669376523827, ""fwhm"": 2.64021333840469}]",0.0,2.578669376523827,2.64021333840469,,,,,,,,,,,,,,,
1342.7674645823156,14.516826293175033,2,EELS,Gold,"[{""position"": 0.0, ""amplitude"": 2.578669376523827, ""fwhm"": 2.64021333840469}]",0.0,2.578669376523827,2.64021333840469,,,,,,,,,,,,,,,
1343.7469467513433,14.506826293175033,2,EELS,Gold,"[{""position"": 0.0, ""amplitude"": 2.578669376523827, ""fwhm"": 2.64021333840469}]",0.0,2.578669376523827,2.64021333840469,,,,,,,,,,,,,,,
1344.7264289203713,14.511941878446077,2,EELS,Gold,"[{""position"": 0.0, ""amplitude"": 2.578669376523827, ""fwhm"": 2.64021333840469}]",0.0,2.578669376523827,2.64021333840469,,,,,,,,,,,,,,,
1345.705911089399,14.511826293175034,2,EELS,Gold,"[{""position"": 0.0, ""amplitude"": 2.578669376523827, ""fwhm"": 2.64021333840469}]",0.0,2.578669376523827,2.64021333840469,,,,,,,,,,,,,,,
1346.685393258427,14.511826293175034,2,EELS,Gold,"[{""position"": 0.0, ""amplitude"": 2.578669376523827, ""fwhm"": 2.64021333840469}]",0.0,2.578669376523827,2.64021333840469,,,,,,,,,,,,,,,
1347.6648754274547,14.511826293175034,2,EELS,Gold,"[{""position"": 0.0, ""amplitude"": 2.578669376523827, ""fwhm"": 2.64021333840469}]",0.0,2.578669376523827,2.64021333840469,,,,,,,,,,,,,,,
1348.6443575964827,14.513392488606481,2,EELS,Gold,"[{""position"": 0.0, ""amplitude"": 2.578669376523827, ""fwhm"": 2.64021333840469}]",0.0,2.578669376523827,2.64021333840469,,,,,,,,,,,,,,,
1349.6238397655104,14.506826293175033,2,EELS,Gold,"[{""position"": 0.0, ""amplitude"": 2.578669376523827, ""fwhm"": 2.64021333840469}]",0.0,2.578669376523827,2.64021333840469,,,,,,,,,,,,,,,
1350.6033219345384,14.521826293175033,2,EELS,Gold,"[{""position"": 0.0, ""amplitude"": 2.578669376523827, ""fwhm"": 2.64021333840469}]",0.0,2.578669376523827,2.64021333840469,,,,,,,,,,,,,,,
1351.582804103566,14.521826293175033,2,EELS,Gold,"[{""position"": 0.0, ""amplitude"": 2.578669376523827, ""fwhm"": 2.64021333840469}]",0.0,2.578669376523827,2.64021333840469,,,,,,,,,,,,,,,
1352.562286272594,14.50845903672408,2,EELS,Gold,"[{""position"": 0.0, ""amplitude"": 2.578669376523827, ""fwhm"": 2.64021333840469}]",0.0,2.578669376523827,2.64021333840469,,,,,,,,,,,,,,,
1353.5417684416218,14.521520360110763,2,EELS,Gold,"[{""position"": 0.0, ""amplitude"": 2.578669376523827, ""fwhm"": 2.64021333840469}]",0.0,2.578669376523827,2.64021333840469,,,,,,,,,,,,,,,
1354.5212506106498,14.513551798757241,2,EELS,Gold,"[{""position"": 0.0, ""amplitude"": 2.578669376523827, ""fwhm"": 2.64021333840469}]",0.0,2.578669376523827,2.64021333840469,,,,,,,,,,,,,,,
1355.5007327796775,14.514649807993141,2,EELS,Gold,"[{""position"": 0.0, ""amplitude"": 2.578669376523827, ""fwhm"": 2.64021333840469}]",0.0,2.578669376523827,2.64021333840469,,,,,,,,,,,,,,,
1356.4802149487055,14.507746723177396,2,EELS,Gold,"[{""position"": 0.0, ""amplitude"": 2.578669376523827, ""fwhm"": 2.64021333840469}]",0.0,2.578669376523827,2.64021333840469,,,,,,,,,,,,,,,
1357.4596971177332,14.511826293175034,2,EELS,Gold,"[{""position"": 0.0, ""amplitude"": 2.578669376523827, ""fwhm"": 2.64021333840469}]",0.0,2.578669376523827,2.64021333840469,,,,,,,,,,,,,,,
1358.4391792867611,14.518533050800011,2,EELS,Gold,"[{""position"": 0.0, ""amplitude"": 2.578669376523827, ""fwhm"": 2.64021333840469}]",0.0,2.578669376523827,2.64021333840469,,,,,,,,,,,,,,,
1359.4186614557889,14.506826293175033,2,EELS,Gold,"[{""position"": 0.0, ""amplitude"": 2.578669376523827, ""fwhm"": 2.64021333840469}]",0.0,2.578669376523827,2.64021333840469,,,,,,,,,,,,,,,
1360.3981436248168,14.517824814490016,2,EELS,Gold,"[{""position"": 0.0, ""amplitude"": 2.578669376523827, ""fwhm"": 2.64021333840469}]",0.0,2.578669376523827,2.64021333840469,,,,,,,,,,,,,,,
1361.3776257938446,14.506826293175033,2,EELS,Gold,"[{""position"": 0.0, ""amplitude"": 2.578669376523827, ""fwhm"": 2.64021333840469}]",0.0,2.578669376523827,2.64021333840469,,,,,,,,,,,,,,,
1362.3571079628725,14.51305527672299,2,EELS,Gold,"[{""position"": 0.0, ""amplitude"": 2.578669376523827, ""fwhm"": 2.64021333840469}]",0.0,2.578669376523827,2.64021333840469,,,,,,,,,,,,,,,
1363.3365901319003,14.516826293175033,2,EELS,Gold,"[{""position"": 0.0, ""amplitude"": 2.578669376523827, ""fwhm"": 2.64021333840469}]",0.0,2.578669376523827,2.64021333840469,,,,,,,,,,,,,,,
1364.316072300928,14.512448852264864,2,EELS,Gold,"[{""position"": 0.0, ""amplitude"": 2.578669376523827, ""fwhm"": 2.64021333840469}]",0.0,2.578669376523827,2.64021333840469,,,,,,,,,,,,,,,
1365.295554469956,14.516826293175033,2,EELS,Gold,"[{""position"": 0.0, ""amplitude"": 2.578669376523827, ""fwhm"": 2.64021333840469}]",0.0,2.578669376523827,2.64021333840469,,,,,,,,,,,,,,,
1366.2750366389837,14.511826293175034,2,EELS,Gold,"[{""position"": 0.0, ""amplitude"": 2.578669376523827, ""fwhm"": 2.64021333840469}]",0.0,2.578669376523827,2.64021333840469,,,,,,,,,,,,,,,
1367.2545188080117,14.51810216568994,2,EELS,Gold,"[{""position"": 0.0, ""amplitude"": 2.578669376523827, ""fwhm"": 2.64021333840469}]",0.0,2.578669376523827,2.64021333840469,,,,,,,,,,,,,,,
1368.2340009770394,14.506826293175033,2,EELS,Gold,"[{""position"": 0.0, ""amplitude"": 2.578669376523827, ""fwhm"": 2.64021333840469}]",0.0,2.578669376523827,2.64021333840469,,,,,,,,,,,,,,,
1369.2134831460673,14.516826293175033,2,EELS,Gold,"[{""position"": 0.0, ""amplitude"": 2.578669376523827, ""fwhm"": 2.64021333840469}]",0.0,2.578669376523827,2.64021333840469,,,,,,,,,,,,,,,
1370.192965315095,14.506826293175033,2,EELS,Gold,"[{""position"": 0.0, ""amplitude"": 2.578669376523827, ""fwhm"": 2.64021333840469}]",0.0,2.578669376523827,2.64021333840469,,,,,,,,,,,,,,,
1371.172447484123,14.507327876473239,2,EELS,Gold,"[{""position"": 0.0, ""amplitude"": 2.578669376523827, ""fwhm"": 2.64021333840469}]",0.0,2.578669376523827,2.64021333840469,,,,,,,,,,,,,,,
1372.1519296531508,14.506826293175033,2,EELS,Gold,"[{""position"": 0.0, ""amplitude"": 2.578669376523827, ""fwhm"": 2.64021333840469}]",0.0,2.578669376523827,2.64021333840469,,,,,,,,,,,,,,,
1373.1314118221787,14.521826293175033,2,EELS,Gold,"[{""position"": 0.0, ""amplitude"": 2.578669376523827, ""fwhm"": 2.64021333840469}]",0.0,2.578669376523827,2.64021333840469,,,,,,,,,,,,,,,
1374.1108939912065,14.512126992448785,2,EELS,Gold,"[{""position"": 0.0, ""amplitude"": 2.578669376523827, ""fwhm"": 2.64021333840469}]",0.0,2.578669376523827,2.64021333840469,,,,,,,,,,,,,,,
1375.0903761602344,14.506826293175033,2,EELS,Gold,"[{""position"": 0.0, ""amplitude"": 2.578669376523827, ""fwhm"": 2.64021333840469}]",0.0,2.578669376523827,2.64021333840469,,,,,,,,,,,,,,,
1376.0698583292622,14.521826293175033,2,EELS,Gold,"[{""position"": 0.0, ""amplitude"": 2.578669376523827, ""fwhm"": 2.64021333840469}]",0.0,2.578669376523827,2.64021333840469,,,,,,,,,,,,,,,
1377.0493404982901,14.517488560713742,2,EELS,Gold,"[{""position"": 0.0, ""amplitude"": 2.578669376523827, ""fwhm"": 2.64021333840469}]",0.0,2.578669376523827,2.64021333840469,,,,,,,,,,,,,,,
1378.0288226673179,14.510242793315618,2,EELS,Gold,"[{""position"": 0.0, ""amplitude"": 2.578669376523827, ""fwhm"": 2.64021333840469}]",0.0,2.578669376523827,2.64021333840469,,,,,,,,,,,,,,,
1379.0083048363458,14.520164120119226,2,EELS,Gold,"[{""position"": 0.0, ""amplitude"": 2.578669376523827, ""fwhm"": 2.64021333840469}]",0.0,2.578669376523827,2.64021333840469,,,,,,,,,,,,,,,
1379.9877870053735,14.512222801988951,2,EELS,Gold,"[{""position"": 0.0, ""amplitude"": 2.578669376523827, ""fwhm"": 2.64021333840469}]",0.0,2.578669376523827,2.64021333840469,,,,,,,,,,,,,,,
1380.9672691744015,14.506826293175033,2,EELS,Gold,"[{""position"": 0.0, ""amplitude"": 2.578669376523827, ""fwhm"": 2.64021333840469}]",0.0,2.578669376523827,2.64021333840469,,,,,,,,,,,,,,,
1381.9467513434292,14.517258762674524,2,EELS,Gold,"[{""position"": 0.0, ""amplitude"": 2.578669376523827, ""fwhm"": 2.64021333840469}]",0.0,2.578669376523827,2.64021333840469,,,,,,,,,,,,,,,
1382.9262335124572,14.507648743806257,2,EELS,Gold,"[{""position"": 0.0, ""amplitude"": 2.578669376523827, ""fwhm"": 2.64021333840469}]",0.0,2.578669376523827,2.64021333840469,,,,,,,,,,,,,,,
1383.905715681485,14.511826293175034,2,EELS,Gold,"[{""position"": 0.0, ""amplitude"": 2.578669376523827, ""fwhm"": 2.64021333840469}]",0.0,2.578669376523827,2.64021333840469,,,,,,,,,,,,,,,
1384.885197850513,14.517302009703911,2,EELS,Gold,"[{""position"": 0.0, ""amplitude"": 2.578669376523827, ""fwhm"": 2.64021333840469}]",0.0,2.578669376523827,2.64021333840469,,,,,,,,,,,,,,,
1385.8646800195406,14.506826293175033,2,EELS,Gold,"[{""position"": 0.0, ""amplitude"": 2.578669376523827, ""fwhm"": 2.64021333840469}]",0.0,2.578669376523827,2.64021333840469,,,,,,,,,,,,,,,
1386.8441621885686,14.507061677745405,2,EELS,Gold,"[{""position"": 0.0, ""amplitude"": 2.578669376523827, ""fwhm"": 2.64021333840469}]",0.0,2.578669376523827,2.64021333840469,,,,,,,,,,,,,,,
1387.8236443575963,14.508081239872263,2,EELS,Gold,"[{""position"": 0.0, ""amplitude"": 2.578669376523827, ""fwhm"": 2.64021333840469}]",0.0,2.578669376523827,2.64021333840469,,,,,,,,,,,,,,,
1388.8031265266243,14.506826293175033,2,EELS,Gold,"[{""position"": 0.0, ""amplitude"": 2.578669376523827, ""fwhm"": 2.64021333840469}]",0.0,2.578669376523827,2.64021333840469,,,,,,,,,,,,,,,
1389.782608695652,14.511826293175034,2,EELS,Gold,"[{""position"": 0.0, ""amplitude"": 2.578669376523827, ""fwhm"": 2.64021333840469}]",0.0,2.578669376523827,2.64021333840469,,,,,,,,,,,,,,,
1390.76209086468,14.511826293175034,2,EELS,Gold,"[{""position"": 0.0, ""amplitude"": 2.578669376523827, ""fwhm"": 2.64021333840469}]",0.0,2.578669376523827,2.64021333840469,,,,,,,,,,,,,,,
1391.7415730337077,14.506826293175033,2,EELS,Gold,"[{""position"": 0.0, ""amplitude"": 2.578669376523827, ""fwhm"": 2.64021333840469}]",0.0,2.578669376523827,2.64021333840469,,,,,,,,,,,,,,,
1392.7210552027357,14.507395296527003,2,EELS,Gold,"[{""position"": 0.0, ""amplitude"": 2.578669376523827, ""fwhm"": 2.64021333840469}]",0.0,2.578669376523827,2.64021333840469,,,,,,,,,,,,,,,
1393.7005373717634,14.506826293175033,2,EELS,Gold,"[{""position"": 0.0, ""amplitude"": 2.578669376523827, ""fwhm"": 2.64021333840469}]",0.0,2.578669376523827,2.64021333840469,,,,,,,,,,,,,,,
1394.6800195407914,14.516826293175033,2,EELS,Gold,"[{""position"": 0.0, ""amplitude"": 2.578669376523827, ""fwhm"": 2.64021333840469}]",0.0,2.578669376523827,2.64021333840469,,,,,,,,,,,,,,,
1395.659501709819,14.506826293175033,2,EELS,Gold,"[{""position"": 0.0, ""amplitude"": 2.578669376523827, ""fwhm"": 2.64021333840469}]",0.0,2.578669376523827,2.64021333840469,,,,,,,,,,,,,,,
1396.638983878847,14.521826293175033,2,EELS,Gold,"[{""position"": 0.0, ""amplitude"": 2.578669376523827, ""fwhm"": 2.64021333840469}]",0.0,2.578669376523827,2.64021333840469,,,,,,,,,,,,,,,
1397.6184660478748,14.508848659923485,2,EELS,Gold,"[{""position"": 0.0, ""amplitude"": 2.578669376523827, ""fwhm"": 2.64021333840469}]",0.0,2.578669376523827,2.64021333840469,,,,,,,,,,,,,,,
1398.5979482169028,14.517313394181473,2,EELS,Gold,"[{""position"": 0.0, ""amplitude"": 2.578669376523827, ""fwhm"": 2.64021333840469}]",0.0,2.578669376523827,2.64021333840469,,,,,,,,,,,,,,,
1399.5774303859305,14.516826293175033,2,EELS,Gold,"[{""position"": 0.0, ""amplitude"": 2.578669376523827, ""fwhm"": 2.64021333840469}]",0.0,2.578669376523827,2.64021333840469,,,,,,,,,,,,,,,
1400.5569125549584,14.511826293175034,2,EELS,Gold,"[{""position"": 0.0, ""amplitude"": 2.578669376523827, ""fwhm"": 2.64021333840469}]",0.0,2.578669376523827,2.64021333840469,,,,,,,,,,,,,,,
1401.5363947239862,14.510234345003697,2,EELS,Gold,"[{""position"": 0.0, ""amplitude"": 2.578669376523827, ""fwhm"": 2.64021333840469}]",0.0,2.578669376523827,2.64021333840469,,,,,,,,,,,,,,,
1402.5158768930141,14.514264956549736,2,EELS,Gold,"[{""position"": 0.0, ""amplitude"": 2.578669376523827, ""fwhm"": 2.64021333840469}]",0.0,2.578669376523827,2.64021333840469,,,,,,,,,,,,,,,
1403.4953590620419,14.516826293175033,2,EELS,Gold,"[{""position"": 0.0, ""amplitude"": 2.578669376523827, ""fwhm"": 2.64021333840469}]",0.0,2.578669376523827,2.64021333840469,,,,,,,,,,,,,,,
1404.4748412310698,14.51985124586672,2,EELS,Gold,"[{""position"": 0.0, ""amplitude"": 2.578669376523827, ""fwhm"": 2.64021333840469}]",0.0,2.578669376523827,2.64021333840469,,,,,,,,,,,,,,,
1405.4543234000976,14.511826293175034,2,EELS,Gold,"[{""position"": 0.0, ""amplitude"": 2.578669376523827, ""fwhm"": 2.64021333840469}]",0.0,2.578669376523827,2.64021333840469,,,,,,,,,,,,,,,
1406.4338055691255,14.51391294289136,2,EELS,Gold,"[{""position"": 0.0, ""amplitude"": 2.578669376523827, ""fwhm"": 2.64021333840469}]",0.0,2.578669376523827,2.64021333840469,,,,,,,,,,,,,,,
1407.4132877381533,14.511826293175034,2,EELS,Gold,"[{""position"": 0.0, ""amplitude"": 2.578669376523827, ""fwhm"": 2.64021333840469}]",0.0,2.578669376523827,2.64021333840469,,,,,,,,,,,,,,,
1408.3927699071812,14.514908637226377,2,EELS,Gold,"[{""position"": 0.0, ""amplitude"": 2.578669376523827, ""fwhm"": 2.64021333840469}]",0.0,2.578669376523827,2.64021333840469,,,,,,,,,,,,,,,
1409.372252076209,14.516826293175033,2,EELS,Gold,"[{""position"": 0.0, ""amplitude"": 2.578669376523827, ""fwhm"": 2.64021333840469}]",0.0,2.578669376523827,2.64021333840469,,,,,,,,,,,,,,,
1410.351734245237,14.511826293175034,2,EELS,Gold,"[{""position"": 0.0, ""amplitude"": 2.578669376523827, ""fwhm"": 2.64021333840469}]",0.0,2.578669376523827,2.64021333840469,,,,,,,,,,,,,,,
1411.3312164142646,14.509987526313422,2,EELS,Gold,"[{""position"": 0.0, ""amplitude"": 2.578669376523827, ""fwhm"": 2.64021333840469}]",0.0,2.578669376523827,2.64021333840469,,,,,,,,,,,,,,,
1412.3106985832926,14.506826293175033,2,EELS,Gold,"[{""position"": 0.0, ""amplitude"": 2.578669376523827, ""fwhm"": 2.64021333840469}]",0.0,2.578669376523827,2.64021333840469,,,,,,,,,,,,,,,
1413.2901807523203,14.506826293175033,2,EELS,Gold,"[{""position"": 0.0, ""amplitude"": 2.578669376523827, ""fwhm"": 2.64021333840469}]",0.0,2.578669376523827,2.64021333840469,,,,,,,,,,,,,,,
1414.2696629213483,14.506826293175033,2,EELS,Gold,"[{""position"": 0.0, ""amplitude"": 2.578669376523827, ""fwhm"": 2.64021333840469}]",0.0,2.578669376523827,2.64021333840469,,,,,,,,,,,,,,,
1415.249145090376,14.518616328199816,2,EELS,Gold,"[{""position"": 0.0, ""amplitude"": 2.578669376523827, ""fwhm"": 2.64021333840469}]",0.0,2.578669376523827,2.64021333840469,,,,,,,,,,,,,,,
1416.228627259404,14.52460956181648,2,EELS,Gold,"[{""position"": 0.0, ""amplitude"": 2.578669376523827, ""fwhm"": 2.64021333840469}]",0.0,2.578669376523827,2.64021333840469,,,,,,,,,,,,,,,
1417.2081094284317,14.50873389812979,2,EELS,Gold,"[{""position"": 0.0, ""amplitude"": 2.578669376523827, ""fwhm"": 2.64021333840469}]",0.0,2.578669376523827,2.64021333840469,,,,,,,,,,,,,,,
1418.1875915974597,14.512472395224808,2,EELS,Gold,"[{""position"": 0.0, ""amplitude"": 2.578669376523827, ""fwhm"": 2.64021333840469}]",0.0,2.578669376523827,2.64021333840469,,,,,,,,,,,,,,,
1419.1670737664874,14.50695560272861,2,EELS,Gold,"[{""position"": 0.0, ""amplitude"": 2.578669376523827, ""fwhm"": 2.64021333840469}]",0.0,2.578669376523827,2.64021333840469,,,,,,,,,,,,,,,
1420.1465559355154,14.506826293175033,2,EELS,Gold,"[{""position"": 0.0, ""amplitude"": 2.578669376523827, ""fwhm"": 2.64021333840469}]",0.0,2.578669376523827,2.64021333840469,,,,,,,,,,,,,,,
1421.126038104543,14.507392317987266,2,EELS,Gold,"[{""position"": 0.0, ""amplitude"": 2.578669376523827, ""fwhm"": 2.64021333840469}]",0.0,2.578669376523827,2.64021333840469,,,,,,,,,,,,,,,
1422.105520273571,14.510614233727098,2,EELS,Gold,"[{""position"": 0.0, ""amplitude"": 2.578669376523827, ""fwhm"": 2.64021333840469}]",0.0,2.578669376523827,2.64021333840469,,,,,,,,,,,,,,,
1423.0850024425988,14.511826293175034,2,EELS,Gold,"[{""position"": 0.0, ""amplitude"": 2.578669376523827, ""fwhm"": 2.64021333840469}]",0.0,2.578669376523827,2.64021333840469,,,,,,,,,,,,,,,
1424.0644846116268,14.506826293175033,2,EELS,Gold,"[{""position"": 0.0, ""amplitude"": 2.578669376523827, ""fwhm"": 2.64021333840469}]",0.0,2.578669376523827,2.64021333840469,,,,,,,,,,,,,,,
1425.0439667806545,14.516826293175033,2,EELS,Gold,"[{""position"": 0.0, ""amplitude"": 2.578669376523827, ""fwhm"": 2.64021333840469}]",0.0,2.578669376523827,2.64021333840469,,,,,,,,,,,,,,,
1426.0234489496825,14.509431444030614,2,EELS,Gold,"[{""position"": 0.0, ""amplitude"": 2.578669376523827, ""fwhm"": 2.64021333840469}]",0.0,2.578669376523827,2.64021333840469,,,,,,,,,,,,,,,
1427.0029311187102,14.507426523106671,2,EELS,Gold,"[{""position"": 0.0, ""amplitude"": 2.578669376523827, ""fwhm"": 2.64021333840469}]",0.0,2.578669376523827,2.64021333840469,,,,,,,,,,,,,,,
1427.9824132877382,14.514386398641525,2,EELS,Gold,"[{""position"": 0.0, ""amplitude"": 2.578669376523827, ""fwhm"": 2.64021333840469}]",0.0,2.578669376523827,2.64021333840469,,,,,,,,,,,,,,,
1428.961895456766,14.514516901754504,2,EELS,Gold,"[{""position"": 0.0, ""amplitude"": 2.578669376523827, ""fwhm"": 2.64021333840469}]",0.0,2.578669376523827,2.64021333840469,,,,,,,,,,,,,,,
1429.9413776257938,14.513377117741195,2,EELS,Gold,"[{""position"": 0.0, ""amplitude"": 2.578669376523827, ""fwhm"": 2.64021333840469}]",0.0,2.578669376523827,2.64021333840469,,,,,,,,,,,,,,,
1430.9208597948216,14.506826293175033,2,EELS,Gold,"[{""position"": 0.0, ""amplitude"": 2.578669376523827, ""fwhm"": 2.64021333840469}]",0.0,2.578669376523827,2.64021333840469,,,,,,,,,,,,,,,
1431.9003419638495,14.526133317875368,2,EELS,Gold,"[{""position"": 0.0, ""amplitude"": 2.578669376523827, ""fwhm"": 2.64021333840469}]",0.0,2.578669376523827,2.64021333840469,,,,,,,,,,,,,,,
1432.8798241328773,14.510492056437611,2,EELS,Gold,"[{""position"": 0.0, ""amplitude"": 2.578669376523827, ""fwhm"": 2.64021333840469}]",0.0,2.578669376523827,2.64021333840469,,,,,,,,,,,,,,,
1433.8593063019052,14.507014435949632,2,EELS,Gold,"[{""position"": 0.0, ""amplitude"": 2.578669376523827, ""fwhm"": 2.64021333840469}]",0.0,2.578669376523827,2.64021333840469,,,,,,,,,,,,,,,
1434.838788470933,14.511826293175034,2,EELS,Gold,"[{""position"": 0.0, ""amplitude"": 2.578669376523827, ""fwhm"": 2.64021333840469}]",0.0,2.578669376523827,2.64021333840469,,,,,,,,,,,,,,,
1435.818270639961,14.521826293175033,2,EELS,Gold,"[{""position"": 0.0, ""amplitude"": 2.578669376523827, ""fwhm"": 2.64021333840469}]",0.0,2.578669376523827,2.64021333840469,,,,,,,,,,,,,,,
1436.7977528089887,14.512506216181343,2,EELS,Gold,"[{""position"": 0.0, ""amplitude"": 2.578669376523827, ""fwhm"": 2.64021333840469}]",0.0,2.578669376523827,2.64021333840469,,,,,,,,,,,,,,,
1437.7772349780166,14.506826293175033,2,EELS,Gold,"[{""position"": 0.0, ""amplitude"": 2.578669376523827, ""fwhm"": 2.64021333840469}]",0.0,2.578669376523827,2.64021333840469,,,,,,,,,,,,,,,
1438.7567171470444,14.506826293175033,2,EELS,Gold,"[{""position"": 0.0, ""amplitude"": 2.578669376523827, ""fwhm"": 2.64021333840469}]",0.0,2.578669376523827,2.64021333840469,,,,,,,,,,,,,,,
1439.7361993160723,14.516826293175033,2,EELS,Gold,"[{""position"": 0.0, ""amplitude"": 2.578669376523827, ""fwhm"": 2.64021333840469}]",0.0,2.578669376523827,2.64021333840469,,,,,,,,,,,,,,,
1440.7156814851,14.506826293175033,2,EELS,Gold,"[{""position"": 0.0, ""amplitude"": 2.578669376523827, ""fwhm"": 2.64021333840469}]",0.0,2.578669376523827,2.64021333840469,,,,,,,,,,,,,,,
1441.695163654128,14.517352975392031,2,EELS,Gold,"[{""position"": 0.0, ""amplitude"": 2.578669376523827, ""fwhm"": 2.64021333840469}]",0.0,2.578669376523827,2.64021333840469,,,,,,,,,,,,,,,
1442.6746458231557,14.515474603034425,2,EELS,Gold,"[{""position"": 0.0, ""amplitude"": 2.578669376523827, ""fwhm"": 2.64021333840469}]",0.0,2.578669376523827,2.64021333840469,,,,,,,,,,,,,,,
1443.6541279921837,14.513098776661138,2,EELS,Gold,"[{""position"": 0.0, ""amplitude"": 2.578669376523827, ""fwhm"": 2.64021333840469}]",0.0,2.578669376523827,2.64021333840469,,,,,,,,,,,,,,,
1444.6336101612114,14.516826293175033,2,EELS,Gold,"[{""position"": 0.0, ""amplitude"": 2.578669376523827, ""fwhm"": 2.64021333840469}]",0.0,2.578669376523827,2.64021333840469,,,,,,,,,,,,,,,
1445.6130923302394,14.51282989166593,2,EELS,Gold,"[{""position"": 0.0, ""amplitude"": 2.578669376523827, ""fwhm"": 2.64021333840469}]",0.0,2.578669376523827,2.64021333840469,,,,,,,,,,,,,,,
1446.5925744992671,14.507599420299771,2,EELS,Gold,"[{""position"": 0.0, ""amplitude"": 2.578669376523827, ""fwhm"": 2.64021333840469}]",0.0,2.578669376523827,2.64021333840469,,,,,,,,,,,,,,,
1447.572056668295,14.508756952913037,2,EELS,Gold,"[{""position"": 0.0, ""amplitude"": 2.578669376523827, ""fwhm"": 2.64021333840469}]",0.0,2.578669376523827,2.64021333840469,,,,,,,,,,,,,,,
1448.5515388373228,14.511826293175034,2,EELS,Gold,"[{""position"": 0.0, ""amplitude"": 2.578669376523827, ""fwhm"": 2.64021333840469}]",0.0,2.578669376523827,2.64021333840469,,,,,,,,,,,,,,,
1449.5310210063508,14.514521733814604,2,EELS,Gold,"[{""position"": 0.0, ""amplitude"": 2.578669376523827, ""fwhm"": 2.64021333840469}]",0.0,2.578669376523827,2.64021333840469,,,,,,,,,,,,,,,
1450.5105031753785,14.51397578263072,2,EELS,Gold,"[{""position"": 0.0, ""amplitude"": 2.578669376523827, ""fwhm"": 2.64021333840469}]",0.0,2.578669376523827,2.64021333840469,,,,,,,,,,,,,,,
1451.4899853444065,14.507063365271652,2,EELS,Gold,"[{""position"": 0.0, ""amplitude"": 2.578669376523827, ""fwhm"": 2.64021333840469}]",0.0,2.578669376523827,2.64021333840469,,,,,,,,,,,,,,,
1452.4694675134342,14.516826293175033,2,EELS,Gold,"[{""position"": 0.0, ""amplitude"": 2.578669376523827, ""fwhm"": 2.64021333840469}]",0.0,2.578669376523827,2.64021333840469,,,,,,,,,,,,,,,
1453.4489496824622,14.509221400572704,2,EELS,Gold,"[{""position"": 0.0, ""amplitude"": 2.578669376523827, ""fwhm"": 2.64021333840469}]",0.0,2.578669376523827,2.64021333840469,,,,,,,,,,,,,,,
1454.42843185149,14.511826293175034,2,EELS,Gold,"[{""position"": 0.0, ""amplitude"": 2.578669376523827, ""fwhm"": 2.64021333840469}]",0.0,2.578669376523827,2.64021333840469,,,,,,,,,,,,,,,
1455.4079140205176,14.521826293175033,2,EELS,Gold,"[{""position"": 0.0, ""amplitude"": 2.578669376523827, ""fwhm"": 2.64021333840469}]",0.0,2.578669376523827,2.64021333840469,,,,,,,,,,,,,,,
1456.3873961895456,14.511826293175034,2,EELS,Gold,"[{""position"": 0.0, ""amplitude"": 2.578669376523827, ""fwhm"": 2.64021333840469}]",0.0,2.578669376523827,2.64021333840469,,,,,,,,,,,,,,,
1457.3668783585733,14.506826293175033,2,EELS,Gold,"[{""position"": 0.0, ""amplitude"": 2.578669376523827, ""fwhm"": 2.64021333840469}]",0.0,2.578669376523827,2.64021333840469,,,,,,,,,,,,,,,
1458.3463605276013,14.508550690830072,2,EELS,Gold,"[{""position"": 0.0, ""amplitude"": 2.578669376523827, ""fwhm"": 2.64021333840469}]",0.0,2.578669376523827,2.64021333840469,,,,,,,,,,,,,,,
1459.325842696629,14.506826293175033,2,EELS,Gold,"[{""position"": 0.0, ""amplitude"": 2.578669376523827, ""fwhm"": 2.64021333840469}]",0.0,2.578669376523827,2.64021333840469,,,,,,,,,,,,,,,
1460.305324865657,14.507377203422154,2,EELS,Gold,"[{""position"": 0.0, ""amplitude"": 2.578669376523827, ""fwhm"": 2.64021333840469}]",0.0,2.578669376523827,2.64021333840469,,,,,,,,,,,,,,,
1461.2848070346847,14.506826293175033,2,EELS,Gold,"[{""position"": 0.0, ""amplitude"": 2.578669376523827, ""fwhm"": 2.64021333840469}]",0.0,2.578669376523827,2.64021333840469,,,,,,,,,,,,,,,
1462.2642892037127,14.516826293175033,2,EELS,Gold,"[{""position"": 0.0, ""amplitude"": 2.578669376523827, ""fwhm"": 2.64021333840469}]",0.0,2.578669376523827,2.64021333840469,,,,,,,,,,,,,,,
1463.2437713727404,14.506826293175033,2,EELS,Gold,"[{""position"": 0.0, ""amplitude"": 2.578669376523827, ""fwhm"": 2.64021333840469}]",0.0,2.578669376523827,2.64021333840469,,,,,,,,,,,,,,,
1464.2232535417684,14.506826293175033,2,EELS,Gold,"[{""position"": 0.0, ""amplitude"": 2.578669376523827, ""fwhm"": 2.64021333840469}]",0.0,2.578669376523827,2.64021333840469,,,,,,,,,,,,,,,
1465.202735710796,14.511826293175034,2,EELS,Gold,"[{""position"": 0.0, ""amplitude"": 2.578669376523827, ""fwhm"": 2.64021333840469}]",0.0,2.578669376523827,2.64021333840469,,,,,,,,,,,,,,,
1466.182217879824,14.517913704532157,2,EELS,Gold,"[{""position"": 0.0, ""amplitude"": 2.578669376523827, ""fwhm"": 2.64021333840469}]",0.0,2.578669376523827,2.64021333840469,,,,,,,,,,,,,,,
1467.1617000488518,14.507591487358386,2,EELS,Gold,"[{""position"": 0.0, ""amplitude"": 2.578669376523827, ""fwhm"": 2.64021333840469}]",0.0,2.578669376523827,2.64021333840469,,,,,,,,,,,,,,,
1468.1411822178798,14.516826293175033,2,EELS,Gold,"[{""position"": 0.0, ""amplitude"": 2.578669376523827, ""fwhm"": 2.64021333840469}]",0.0,2.578669376523827,2.64021333840469,,,,,,,,,,,,,,,
1469.1206643869075,14.511826293175034,2,EELS,Gold,"[{""position"": 0.0, ""amplitude"": 2.578669376523827, ""fwhm"": 2.64021333840469}]",0.0,2.578669376523827,2.64021333840469,,,,,,,,,,,,,,,
1470.1001465559355,14.514609846332105,2,EELS,Gold,"[{""position"": 0.0, ""amplitude"": 2.578669376523827, ""fwhm"": 2.64021333840469}]",0.0,2.578669376523827,2.64021333840469,,,,,,,,,,,,,,,
1471.0796287249632,14.506826293175033,2,EELS,Gold,"[{""position"": 0.0, ""amplitude"": 2.578669376523827, ""fwhm"": 2.64021333840469}]",0.0,2.578669376523827,2.64021333840469,,,,,,,,,,,,,,,
1472.0591108939911,14.517054953957489,2,EELS,Gold,"[{""position"": 0.0, ""amplitude"": 2.578669376523827, ""fwhm"": 2.64021333840469}]",0.0,2.578669376523827,2.64021333840469,,,,,,,,,,,,,,,
1473.0385930630189,14.510976005616323,2,EELS,Gold,"[{""position"": 0.0, ""amplitude"": 2.578669376523827, ""fwhm"": 2.64021333840469}]",0.0,2.578669376523827,2.64021333840469,,,,,,,,,,,,,,,
1474.0180752320468,14.509191156131973,2,EELS,Gold,"[{""position"": 0.0, ""amplitude"": 2.578669376523827, ""fwhm"": 2.64021333840469}]",0.0,2.578669376523827,2.64021333840469,,,,,,,,,,,,,,,
1474.9975574010746,14.508000584058584,2,EELS,Gold,"[{""position"": 0.0, ""amplitude"": 2.578669376523827, ""fwhm"": 2.64021333840469}]",0.0,2.578669376523827,2.64021333840469,,,,,,,,,,,,,,,
1475.9770395701025,14.506843575010972,2,EELS,Gold,"[{""position"": 0.0, ""amplitude"": 2.578669376523827, ""fwhm"": 2.64021333840469}]",0.0,2.578669376523827,2.64021333840469,,,,,,,,,,,,,,,
1476.9565217391303,14.526826293175032,2,EELS,Gold,"[{""position"": 0.0, ""amplitude"": 2.578669376523827, ""fwhm"": 2.64021333840469}]",0.0,2.578669376523827,2.64021333840469,,,,,,,,,,,,,,,
1477.9360039081582,14.517468536305321,2,EELS,Gold,"[{""position"": 0.0, ""amplitude"": 2.578669376523827, ""fwhm"": 2.64021333840469}]",0.0,2.578669376523827,2.64021333840469,,,,,,,,,,,,,,,
1478.915486077186,14.512898537191404,2,EELS,Gold,"[{""position"": 0.0, ""amplitude"": 2.578669376523827, ""fwhm"": 2.64021333840469}]",0.0,2.578669376523827,2.64021333840469,,,,,,,,,,,,,,,
1479.894968246214,14.521261774534581,2,EELS,Gold,"[{""position"": 0.0, ""amplitude"": 2.578669376523827, ""fwhm"": 2.64021333840469}]",0.0,2.578669376523827,2.64021333840469,,,,,,,,,,,,,,,
1480.8744504152417,14.51822599617013,2,EELS,Gold,"[{""position"": 0.0, ""amplitude"": 2.578669376523827, ""fwhm"": 2.64021333840469}]",0.0,2.578669376523827,2.64021333840469,,,,,,,,,,,,,,,
1481.8539325842696,14.512597726427126,2,EELS,Gold,"[{""position"": 0.0, ""amplitude"": 2.578669376523827, ""fwhm"": 2.64021333840469}]",0.0,2.578669376523827,2.64021333840469,,,,,,,,,,,,,,,
1482.8334147532973,14.506826293175033,2,EELS,Gold,"[{""position"": 0.0, ""amplitude"": 2.578669376523827, ""fwhm"": 2.64021333840469}]",0.0,2.578669376523827,2.64021333840469,,,,,,,,,,,,,,,
1483.8128969223253,14.506826293175033,2,EELS,Gold,"[{""position"": 0.0, ""amplitude"": 2.578669376523827, ""fwhm"": 2.64021333840469}]",0.0,2.578669376523827,2.64021333840469,,,,,,,,,,,,,,,
1484.792379091353,14.516519719312143,2,EELS,Gold,"[{""position"": 0.0, ""amplitude"": 2.578669376523827, ""fwhm"": 2.64021333840469}]",0.0,2.578669376523827,2.64021333840469,,,,,,,,,,,,,,,
1485.771861260381,14.513702113476194,2,EELS,Gold,"[{""position"": 0.0, ""amplitude"": 2.578669376523827, ""fwhm"": 2.64021333840469}]",0.0,2.578669376523827,2.64021333840469,,,,,,,,,,,,,,,
1486.7513434294087,14.517947689356868,2,EELS,Gold,"[{""position"": 0.0, ""amplitude"": 2.578669376523827, ""fwhm"": 2.64021333840469}]",0.0,2.578669376523827,2.64021333840469,,,,,,,,,,,,,,,
1487.7308255984367,14.511826293175034,2,EELS,Gold,"[{""position"": 0.0, ""amplitude"": 2.578669376523827, ""fwhm"": 2.64021333840469}]",0.0,2.578669376523827,2.64021333840469,,,,,,,,,,,,,,,
1488.7103077674644,14.516826293175033,2,EELS,Gold,"[{""position"": 0.0, ""amplitude"": 2.578669376523827, ""fwhm"": 2.64021333840469}]",0.0,2.578669376523827,2.64021333840469,,,,,,,,,,,,,,,
1489.6897899364924,14.521174873882252,2,EELS,Gold,"[{""position"": 0.0, ""amplitude"": 2.578669376523827, ""fwhm"": 2.64021333840469}]",0.0,2.578669376523827,2.64021333840469,,,,,,,,,,,,,,,
1490.6692721055201,14.511826293175034,2,EELS,Gold,"[{""position"": 0.0, ""amplitude"": 2.578669376523827, ""fwhm"": 2.64021333840469}]",0.0,2.578669376523827,2.64021333840469,,,,,,,,,,,,,,,
1491.648754274548,14.518729450968621,2,EELS,Gold,"[{""position"": 0.0, ""amplitude"": 2.578669376523827, ""fwhm"": 2.64021333840469}]",0.0,2.578669376523827,2.64021333840469,,,,,,,,,,,,,,,
1492.6282364435758,14.506826293175033,2,EELS,Gold,"[{""position"": 0.0, ""amplitude"": 2.578669376523827, ""fwhm"": 2.64021333840469}]",0.0,2.578669376523827,2.64021333840469,,,,,,,,,,,,,,,
1493.6077186126038,14.506826293175033,2,EELS,Gold,"[{""position"": 0.0, ""amplitude"": 2.578669376523827, ""fwhm"": 2.64021333840469}]",0.0,2.578669376523827,2.64021333840469,,,,,,,,,,,,,,,
1494.5872007816315,14.51440911236276,2,EELS,Gold,"[{""position"": 0.0, ""amplitude"": 2.578669376523827, ""fwhm"": 2.64021333840469}]",0.0,2.578669376523827,2.64021333840469,,,,,,,,,,,,,,,
1495.5666829506595,14.516826293175033,2,EELS,Gold,"[{""position"": 0.0, ""amplitude"": 2.578669376523827, ""fwhm"": 2.64021333840469}]",0.0,2.578669376523827,2.64021333840469,,,,,,,,,,,,,,,
1496.5461651196872,14.516826293175033,2,EELS,Gold,"[{""position"": 0.0, ""amplitude"": 2.578669376523827, ""fwhm"": 2.64021333840469}]",0.0,2.578669376523827,2.64021333840469,,,,,,,,,,,,,,,
1497.5256472887152,14.506876412021802,2,EELS,Gold,"[{""position"": 0.0, ""amplitude"": 2.578669376523827, ""fwhm"": 2.64021333840469}]",0.0,2.578669376523827,2.64021333840469,,,,,,,,,,,,,,,
1498.505129457743,14.511826293175034,2,EELS,Gold,"[{""position"": 0.0, ""amplitude"": 2.578669376523827, ""fwhm"": 2.64021333840469}]",0.0,2.578669376523827,2.64021333840469,,,,,,,,,,,,,,,
1499.4846116267709,14.511826293175034,2,EELS,Gold,"[{""position"": 0.0, ""amplitude"": 2.578669376523827, ""fwhm"": 2.64021333840469}]",0.0,2.578669376523827,2.64021333840469,,,,,,,,,,,,,,,
1500.4640937957986,14.518690370137762,2,EELS,Gold,"[{""position"": 0.0, ""amplitude"": 2.578669376523827, ""fwhm"": 2.64021333840469}]",0.0,2.578669376523827,2.64021333840469,,,,,,,,,,,,,,,
1501.4435759648266,14.516826293175033,2,EELS,Gold,"[{""position"": 0.0, ""amplitude"": 2.578669376523827, ""fwhm"": 2.64021333840469}]",0.0,2.578669376523827,2.64021333840469,,,,,,,,,,,,,,,
1502.4230581338543,14.518670337577342,2,EELS,Gold,"[{""position"": 0.0, ""amplitude"": 2.578669376523827, ""fwhm"": 2.64021333840469}]",0.0,2.578669376523827,2.64021333840469,,,,,,,,,,,,,,,
1503.4025403028822,14.50973175858352,2,EELS,Gold,"[{""position"": 0.0, ""amplitude"": 2.578669376523827, ""fwhm"": 2.64021333840469}]",0.0,2.578669376523827,2.64021333840469,,,,,,,,,,,,,,,
1504.38202247191,14.509939176886176,2,EELS,Gold,"[{""position"": 0.0, ""amplitude"": 2.578669376523827, ""fwhm"": 2.64021333840469}]",0.0,2.578669376523827,2.64021333840469,,,,,,,,,,,,,,,
1505.361504640938,14.511826293175034,2,EELS,Gold,"[{""position"": 0.0, ""amplitude"": 2.578669376523827, ""fwhm"": 2.64021333840469}]",0.0,2.578669376523827,2.64021333840469,,,,,,,,,,,,,,,
1506.3409868099657,14.511826293175034,2,EELS,Gold,"[{""position"": 0.0, ""amplitude"": 2.578669376523827, ""fwhm"": 2.64021333840469}]",0.0,2.578669376523827,2.64021333840469,,,,,,,,,,,,,,,
1507.3204689789936,14.508234762569087,2,EELS,Gold,"[{""position"": 0.0, ""amplitude"": 2.578669376523827, ""fwhm"": 2.64021333840469}]",0.0,2.578669376523827,2.64021333840469,,,,,,,,,,,,,,,
1508.2999511480214,14.52327448594923,2,EELS,Gold,"[{""position"": 0.0, ""amplitude"": 2.578669376523827, ""fwhm"": 2.64021333840469}]",0.0,2.578669376523827,2.64021333840469,,,,,,,,,,,,,,,
1509.2794333170493,14.517648230294983,2,EELS,Gold,"[{""position"": 0.0, ""amplitude"": 2.578669376523827, ""fwhm"": 2.64021333840469}]",0.0,2.578669376523827,2.64021333840469,,,,,,,,,,,,,,,
1510.258915486077,14.516826293175033,2,EELS,Gold,"[{""position"": 0.0, ""amplitude"": 2.578669376523827, ""fwhm"": 2.64021333840469}]",0.0,2.578669376523827,2.64021333840469,,,,,,,,,,,,,,,
1511.238397655105,14.514860445296549,2,EELS,Gold,"[{""position"": 0.0, ""amplitude"": 2.578669376523827, ""fwhm"": 2.64021333840469}]",0.0,2.578669376523827,2.64021333840469,,,,,,,,,,,,,,,
1512.2178798241328,14.527808441106414,2,EELS,Gold,"[{""position"": 0.0, ""amplitude"": 2.578669376523827, ""fwhm"": 2.64021333840469}]",0.0,2.578669376523827,2.64021333840469,,,,,,,,,,,,,,,
1513.1973619931607,14.506826293175033,2,EELS,Gold,"[{""position"": 0.0, ""amplitude"": 2.578669376523827, ""fwhm"": 2.64021333840469}]",0.0,2.578669376523827,2.64021333840469,,,,,,,,,,,,,,,
1514.1768441621884,14.506826293175033,2,EELS,Gold,"[{""position"": 0.0, ""amplitude"": 2.578669376523827, ""fwhm"": 2.64021333840469}]",0.0,2.578669376523827,2.64021333840469,,,,,,,,,,,,,,,
1515.1563263312164,14.51752542233644,2,EELS,Gold,"[{""position"": 0.0, ""amplitude"": 2.578669376523827, ""fwhm"": 2.64021333840469}]",0.0,2.578669376523827,2.64021333840469,,,,,,,,,,,,,,,
1516.1358085002441,14.511826293175034,2,EELS,Gold,"[{""position"": 0.0, ""amplitude"": 2.578669376523827, ""fwhm"": 2.64021333840469}]",0.0,2.578669376523827,2.64021333840469,,,,,,,,,,,,,,,
1517.115290669272,14.506826293175033,2,EELS,Gold,"[{""position"": 0.0, ""amplitude"": 2.578669376523827, ""fwhm"": 2.64021333840469}]",0.0,2.578669376523827,2.64021333840469,,,,,,,,,,,,,,,
1518.0947728382998,14.511826293175034,2,EELS,Gold,"[{""position"": 0.0, ""amplitude"": 2.578669376523827, ""fwhm"": 2.64021333840469}]",0.0,2.578669376523827,2.64021333840469,,,,,,,,,,,,,,,
1519.0742550073278,14.512516579474925,2,EELS,Gold,"[{""position"": 0.0, ""amplitude"": 2.578669376523827, ""fwhm"": 2.64021333840469}]",0.0,2.578669376523827,2.64021333840469,,,,,,,,,,,,,,,
1520.0537371763555,14.511826293175034,2,EELS,Gold,"[{""position"": 0.0, ""amplitude"": 2.578669376523827, ""fwhm"": 2.64021333840469}]",0.0,2.578669376523827,2.64021333840469,,,,,,,,,,,,,,,
1521.0332193453835,14.506826293175033,2,EELS,Gold,"[{""position"": 0.0, ""amplitude"": 2.578669376523827, ""fwhm"": 2.64021333840469}]",0.0,2.578669376523827,2.64021333840469,,,,,,,,,,,,,,,
1522.0127015144112,14.516826293175033,2,EELS,Gold,"[{""position"": 0.0, ""amplitude"": 2.578669376523827, ""fwhm"": 2.64021333840469}]",0.0,2.578669376523827,2.64021333840469,,,,,,,,,,,,,,,
1522.9921836834392,14.506826293175033,2,EELS,Gold,"[{""position"": 0.0, ""amplitude"": 2.578669376523827, ""fwhm"": 2.64021333840469}]",0.0,2.578669376523827,2.64021333840469,,,,,,,,,,,,,,,
1523.971665852467,14.511826293175034,2,EELS,Gold,"[{""position"": 0.0, ""amplitude"": 2.578669376523827, ""fwhm"": 2.64021333840469}]",0.0,2.578669376523827,2.64021333840469,,,,,,,,,,,,,,,
1524.9511480214949,14.516826293175033,2,EELS,Gold,"[{""position"": 0.0, ""amplitude"": 2.578669376523827, ""fwhm"": 2.64021333840469}]",0.0,2.578669376523827,2.64021333840469,,,,,,,,,,,,,,,
1525.9306301905226,14.514910307833443,2,EELS,Gold,"[{""position"": 0.0, ""amplitude"": 2.578669376523827, ""fwhm"": 2.64021333840469}]",0.0,2.578669376523827,2.64021333840469,,,,,,,,,,,,,,,
1526.9101123595506,14.51121147832158,2,EELS,Gold,"[{""position"": 0.0, ""amplitude"": 2.578669376523827, ""fwhm"": 2.64021333840469}]",0.0,2.578669376523827,2.64021333840469,,,,,,,,,,,,,,,
1527.8895945285783,14.511826293175034,2,EELS,Gold,"[{""position"": 0.0, ""amplitude"": 2.578669376523827, ""fwhm"": 2.64021333840469}]",0.0,2.578669376523827,2.64021333840469,,,,,,,,,,,,,,,
1528.8690766976063,14.511826293175034,2,EELS,Gold,"[{""position"": 0.0, ""amplitude"": 2.578669376523827, ""fwhm"": 2.64021333840469}]",0.0,2.578669376523827,2.64021333840469,,,,,,,,,,,,,,,
1529.848558866634,14.511826293175034,2,EELS,Gold,"[{""position"": 0.0, ""amplitude"": 2.578669376523827, ""fwhm"": 2.64021333840469}]",0.0,2.578669376523827,2.64021333840469,,,,,,,,,,,,,,,
1530.828041035662,14.506826293175033,2,EELS,Gold,"[{""position"": 0.0, ""amplitude"": 2.578669376523827, ""fwhm"": 2.64021333840469}]",0.0,2.578669376523827,2.64021333840469,,,,,,,,,,,,,,,
1531.8075232046897,14.514430340850621,2,EELS,Gold,"[{""position"": 0.0, ""amplitude"": 2.578669376523827, ""fwhm"": 2.64021333840469}]",0.0,2.578669376523827,2.64021333840469,,,,,,,,,,,,,,,
1532.7870053737176,14.511826293175034,2,EELS,Gold,"[{""position"": 0.0, ""amplitude"": 2.578669376523827, ""fwhm"": 2.64021333840469}]",0.0,2.578669376523827,2.64021333840469,,,,,,,,,,,,,,,
1533.7664875427454,14.506826293175033,2,EELS,Gold,"[{""position"": 0.0, ""amplitude"": 2.578669376523827, ""fwhm"": 2.64021333840469}]",0.0,2.578669376523827,2.64021333840469,,,,,,,,,,,,,,,
1534.7459697117733,14.52452874706292,2,EELS,Gold,"[{""position"": 0.0, ""amplitude"": 2.578669376523827, ""fwhm"": 2.64021333840469}]",0.0,2.578669376523827,2.64021333840469,,,,,,,,,,,,,,,
1535.725451880801,14.516826293175033,2,EELS,Gold,"[{""position"": 0.0, ""amplitude"": 2.578669376523827, ""fwhm"": 2.64021333840469}]",0.0,2.578669376523827,2.64021333840469,,,,,,,,,,,,,,,
1536.704934049829,14.511401811055533,2,EELS,Gold,"[{""position"": 0.0, ""amplitude"": 2.578669376523827, ""fwhm"": 2.64021333840469}]",0.0,2.578669376523827,2.64021333840469,,,,,,,,,,,,,,,
1537.6844162188568,14.513142281636771,2,EELS,Gold,"[{""position"": 0.0, ""amplitude"": 2.578669376523827, ""fwhm"": 2.64021333840469}]",0.0,2.578669376523827,2.64021333840469,,,,,,,,,,,,,,,
1538.6638983878847,14.511826293175034,2,EELS,Gold,"[{""position"": 0.0, ""amplitude"": 2.578669376523827, ""fwhm"": 2.64021333840469}]",0.0,2.578669376523827,2.64021333840469,,,,,,,,,,,,,,,
1539.6433805569125,14.506826293175033,2,EELS,Gold,"[{""position"": 0.0, ""amplitude"": 2.578669376523827, ""fwhm"": 2.64021333840469}]",0.0,2.578669376523827,2.64021333840469,,,,,,,,,,,,,,,
1540.6228627259404,14.511829235800501,2,EELS,Gold,"[{""position"": 0.0, ""amplitude"": 2.578669376523827, ""fwhm"": 2.64021333840469}]",0.0,2.578669376523827,2.64021333840469,,,,,,,,,,,,,,,
1541.6023448949682,14.511826293175034,2,EELS,Gold,"[{""position"": 0.0, ""amplitude"": 2.578669376523827, ""fwhm"": 2.64021333840469}]",0.0,2.578669376523827,2.64021333840469,,,,,,,,,,,,,,,
1542.5818270639961,14.526826293175032,2,EELS,Gold,"[{""position"": 0.0, ""amplitude"": 2.578669376523827, ""fwhm"": 2.64021333840469}]",0.0,2.578669376523827,2.64021333840469,,,,,,,,,,,,,,,
1543.5613092330238,14.506826293175033,2,EELS,Gold,"[{""position"": 0.0, ""amplitude"": 2.578669376523827, ""fwhm"": 2.64021333840469}]",0.0,2.578669376523827,2.64021333840469,,,,,,,,,,,,,,,
1544.5407914020518,14.51260419960907,2,EELS,Gold,"[{""position"": 0.0, ""amplitude"": 2.578669376523827, ""fwhm"": 2.64021333840469}]",0.0,2.578669376523827,2.64021333840469,,,,,,,,,,,,,,,
1545.5202735710795,14.51655568036964,2,EELS,Gold,"[{""position"": 0.0, ""amplitude"": 2.578669376523827, ""fwhm"": 2.64021333840469}]",0.0,2.578669376523827,2.64021333840469,,,,,,,,,,,,,,,
1546.4997557401073,14.516826293175033,2,EELS,Gold,"[{""position"": 0.0, ""amplitude"": 2.578669376523827, ""fwhm"": 2.64021333840469}]",0.0,2.578669376523827,2.64021333840469,,,,,,,,,,,,,,,
1547.4792379091352,14.508037723400093,2,EELS,Gold,"[{""position"": 0.0, ""amplitude"": 2.578669376523827, ""fwhm"": 2.64021333840469}]",0.0,2.578669376523827,2.64021333840469,,,,,,,,,,,,,,,
1548.458720078163,14.511826293175034,2,EELS,Gold,"[{""position"": 0.0, ""amplitude"": 2.578669376523827, ""fwhm"": 2.64021333840469}]",0.0,2.578669376523827,2.64021333840469,,,,,,,,,,,,,,,
1549.438202247191,14.50958143617488,2,EELS,Gold,"[{""position"": 0.0, ""amplitude"": 2.578669376523827, ""fwhm"": 2.64021333840469}]",0.0,2.578669376523827,2.64021333840469,,,,,,,,,,,,,,,
1550.4176844162187,14.506826293175033,2,EELS,Gold,"[{""position"": 0.0, ""amplitude"": 2.578669376523827, ""fwhm"": 2.64021333840469}]",0.0,2.578669376523827,2.64021333840469,,,,,,,,,,,,,,,
1551.3971665852466,14.528906154212637,2,EELS,Gold,"[{""position"": 0.0, ""amplitude"": 2.578669376523827, ""fwhm"": 2.64021333840469}]",0.0,2.578669376523827,2.64021333840469,,,,,,,,,,,,,,,
1552.3766487542744,14.511826293175034,2,EELS,Gold,"[{""position"": 0.0, ""amplitude"": 2.578669376523827, ""fwhm"": 2.64021333840469}]",0.0,2.578669376523827,2.64021333840469,,,,,,,,,,,,,,,
1553.3561309233023,14.506826293175033,2,EELS,Gold,"[{""position"": 0.0, ""amplitude"": 2.578669376523827, ""fwhm"": 2.64021333840469}]",0.0,2.578669376523827,2.64021333840469,,,,,,,,,,,,,,,
1554.33561309233,14.506826293175033,2,EELS,Gold,"[{""position"": 0.0, ""amplitude"": 2.578669376523827, ""fwhm"": 2.64021333840469}]",0.0,2.578669376523827,2.64021333840469,,,,,,,,,,,,,,,
1555.315095261358,14.516826293175033,2,EELS,Gold,"[{""position"": 0.0, ""amplitude"": 2.578669376523827, ""fwhm"": 2.64021333840469}]",0.0,2.578669376523827,2.64021333840469,,,,,,,,,,,,,,,
1556.2945774303857,14.516826293175033,2,EELS,Gold,"[{""position"": 0.0, ""amplitude"": 2.578669376523827, ""fwhm"": 2.64021333840469}]",0.0,2.578669376523827,2.64021333840469,,,,,,,,,,,,,,,
1557.2740595994137,14.514004341951956,2,EELS,Gold,"[{""position"": 0.0, ""amplitude"": 2.578669376523827, ""fwhm"": 2.64021333840469}]",0.0,2.578669376523827,2.64021333840469,,,,,,,,,,,,,,,
1558.2535417684414,14.51687837172219,2,EELS,Gold,"[{""position"": 0.0, ""amplitude"": 2.578669376523827, ""fwhm"": 2.64021333840469}]",0.0,2.578669376523827,2.64021333840469,,,,,,,,,,,,,,,
1559.2330239374694,14.506826293175033,2,EELS,Gold,"[{""position"": 0.0, ""amplitude"": 2.578669376523827, ""fwhm"": 2.64021333840469}]",0.0,2.578669376523827,2.64021333840469,,,,,,,,,,,,,,,
1560.2125061064971,14.517990726486902,2,EELS,Gold,"[{""position"": 0.0, ""amplitude"": 2.578669376523827, ""fwhm"": 2.64021333840469}]",0.0,2.578669376523827,2.64021333840469,,,,,,,,,,,,,,,
1561.191988275525,14.517108731483594,2,EELS,Gold,"[{""position"": 0.0, ""amplitude"": 2.578669376523827, ""fwhm"": 2.64021333840469}]",0.0,2.578669376523827,2.64021333840469,,,,,,,,,,,,,,,
1562.1714704445528,14.516826293175033,2,EELS,Gold,"[{""position"": 0.0, ""amplitude"": 2.578669376523827, ""fwhm"": 2.64021333840469}]",0.0,2.578669376523827,2.64021333840469,,,,,,,,,,,,,,,
1563.1509526135808,14.513192454293925,2,EELS,Gold,"[{""position"": 0.0, ""amplitude"": 2.578669376523827, ""fwhm"": 2.64021333840469}]",0.0,2.578669376523827,2.64021333840469,,,,,,,,,,,,,,,
1564.1304347826085,14.50875729405632,2,EELS,Gold,"[{""position"": 0.0, ""amplitude"": 2.578669376523827, ""fwhm"": 2.64021333840469}]",0.0,2.578669376523827,2.64021333840469,,,,,,,,,,,,,,,
1565.1099169516365,14.522175057077193,2,EELS,Gold,"[{""position"": 0.0, ""amplitude"": 2.578669376523827, ""fwhm"": 2.64021333840469}]",0.0,2.578669376523827,2.64021333840469,,,,,,,,,,,,,,,
1566.0893991206642,14.506826293175033,2,EELS,Gold,"[{""position"": 0.0, ""amplitude"": 2.578669376523827, ""fwhm"": 2.64021333840469}]",0.0,2.578669376523827,2.64021333840469,,,,,,,,,,,,,,,
1567.0688812896922,14.50930381979818,2,EELS,Gold,"[{""position"": 0.0, ""amplitude"": 2.578669376523827, ""fwhm"": 2.64021333840469}]",0.0,2.578669376523827,2.64021333840469,,,,,,,,,,,,,,,
1568.04836345872,14.516826293175033,2,EELS,Gold,"[{""position"": 0.0, ""amplitude"": 2.578669376523827, ""fwhm"": 2.64021333840469}]",0.0,2.578669376523827,2.64021333840469,,,,,,,,,,,,,,,
1569.0278456277479,14.506826293175033,2,EELS,Gold,"[{""position"": 0.0, ""amplitude"": 2.578669376523827, ""fwhm"": 2.64021333840469}]",0.0,2.578669376523827,2.64021333840469,,,,,,,,,,,,,,,
1570.0073277967756,14.5212130911687,2,EELS,Gold,"[{""position"": 0.0, ""amplitude"": 2.578669376523827, ""fwhm"": 2.64021333840469}]",0.0,2.578669376523827,2.64021333840469,,,,,,,,,,,,,,,
1570.9868099658036,14.511926408688167,2,EELS,Gold,"[{""position"": 0.0, ""amplitude"": 2.578669376523827, ""fwhm"": 2.64021333840469}]",0.0,2.578669376523827,2.64021333840469,,,,,,,,,,,,,,,
1571.9662921348313,14.506826293175033,2,EELS,Gold,"[{""position"": 0.0, ""amplitude"": 2.578669376523827, ""fwhm"": 2.64021333840469}]",0.0,2.578669376523827,2.64021333840469,,,,,,,,,,,,,,,
1572.9457743038593,14.506861938845356,2,EELS,Gold,"[{""position"": 0.0, ""amplitude"": 2.578669376523827, ""fwhm"": 2.64021333840469}]",0.0,2.578669376523827,2.64021333840469,,,,,,,,,,,,,,,
1573.925256472887,14.514039218341784,2,EELS,Gold,"[{""position"": 0.0, ""amplitude"": 2.578669376523827, ""fwhm"": 2.64021333840469}]",0.0,2.578669376523827,2.64021333840469,,,,,,,,,,,,,,,
1574.904738641915,14.508448962598054,2,EELS,Gold,"[{""position"": 0.0, ""amplitude"": 2.578669376523827, ""fwhm"": 2.64021333840469}]",0.0,2.578669376523827,2.64021333840469,,,,,,,,,,,,,,,
1575.8842208109427,14.509359070014163,2,EELS,Gold,"[{""position"": 0.0, ""amplitude"": 2.578669376523827, ""fwhm"": 2.64021333840469}]",0.0,2.578669376523827,2.64021333840469,,,,,,,,,,,,,,,
1576.8637029799706,14.521826293175033,2,EELS,Gold,"[{""position"": 0.0, ""amplitude"": 2.578669376523827, ""fwhm"": 2.64021333840469}]",0.0,2.578669376523827,2.64021333840469,,,,,,,,,,,,,,,
1577.8431851489984,14.5092942817792,2,EELS,Gold,"[{""position"": 0.0, ""amplitude"": 2.578669376523827, ""fwhm"": 2.64021333840469}]",0.0,2.578669376523827,2.64021333840469,,,,,,,,,,,,,,,
1578.8226673180263,14.506826293175033,2,EELS,Gold,"[{""position"": 0.0, ""amplitude"": 2.578669376523827, ""fwhm"": 2.64021333840469}]",0.0,2.578669376523827,2.64021333840469,,,,,,,,,,,,,,,
1579.802149487054,14.507076855392748,2,EELS,Gold,"[{""position"": 0.0, ""amplitude"": 2.578669376523827, ""fwhm"": 2.64021333840469}]",0.0,2.578669376523827,2.64021333840469,,,,,,,,,,,,,,,
1580.781631656082,14.514965444802636,2,EELS,Gold,"[{""position"": 0.0, ""amplitude"": 2.578669376523827, ""fwhm"": 2.64021333840469}]",0.0,2.578669376523827,2.64021333840469,,,,,,,,,,,,,,,
1581.7611138251098,14.518658867959841,2,EELS,Gold,"[{""position"": 0.0, ""amplitude"": 2.578669376523827, ""fwhm"": 2.64021333840469}]",0.0,2.578669376523827,2.64021333840469,,,,,,,,,,,,,,,
1582.7405959941377,14.507752160204825,2,EELS,Gold,"[{""position"": 0.0, ""amplitude"": 2.578669376523827, ""fwhm"": 2.64021333840469}]",0.0,2.578669376523827,2.64021333840469,,,,,,,,,,,,,,,
1583.7200781631655,14.511826293175034,2,EELS,Gold,"[{""position"": 0.0, ""amplitude"": 2.578669376523827, ""fwhm"": 2.64021333840469}]",0.0,2.578669376523827,2.64021333840469,,,,,,,,,,,,,,,
1584.6995603321934,14.506826293175033,2,EELS,Gold,"[{""position"": 0.0, ""amplitude"": 2.578669376523827, ""fwhm"": 2.64021333840469}]",0.0,2.578669376523827,2.64021333840469,,,,,,,,,,,,,,,
1585.6790425012211,14.511826293175034,2,EELS,Gold,"[{""position"": 0.0, ""amplitude"": 2.578669376523827, ""fwhm"": 2.64021333840469}]",0.0,2.578669376523827,2.64021333840469,,,,,,,,,,,,,,,
1586.658524670249,14.508680215469255,2,EELS,Gold,"[{""position"": 0.0, ""amplitude"": 2.578669376523827, ""fwhm"": 2.64021333840469}]",0.0,2.578669376523827,2.64021333840469,,,,,,,,,,,,,,,
1587.6380068392768,14.519401869231453,2,EELS,Gold,"[{""position"": 0.0, ""amplitude"": 2.578669376523827, ""fwhm"": 2.64021333840469}]",0.0,2.578669376523827,2.64021333840469,,,,,,,,,,,,,,,
1588.6174890083048,14.506826293175033,2,EELS,Gold,"[{""position"": 0.0, ""amplitude"": 2.578669376523827, ""fwhm"": 2.64021333840469}]",0.0,2.578669376523827,2.64021333840469,,,,,,,,,,,,,,,
1589.5969711773325,14.511826293175034,2,EELS,Gold,"[{""position"": 0.0, ""amplitude"": 2.578669376523827, ""fwhm"": 2.64021333840469}]",0.0,2.578669376523827,2.64021333840469,,,,,,,,,,,,,,,
1590.5764533463605,14.515859380178387,2,EELS,Gold,"[{""position"": 0.0, ""amplitude"": 2.578669376523827, ""fwhm"": 2.64021333840469}]",0.0,2.578669376523827,2.64021333840469,,,,,,,,,,,,,,,
1591.5559355153882,14.506826293175033,2,EELS,Gold,"[{""position"": 0.0, ""amplitude"": 2.578669376523827, ""fwhm"": 2.64021333840469}]",0.0,2.578669376523827,2.64021333840469,,,,,,,,,,,,,,,
1592.5354176844162,14.516826293175033,2,EELS,Gold,"[{""position"": 0.0, ""amplitude"": 2.578669376523827, ""fwhm"": 2.64021333840469}]",0.0,2.578669376523827,2.64021333840469,,,,,,,,,,,,,,,
1593.514899853444,14.506826293175033,2,EELS,Gold,"[{""position"": 0.0, ""amplitude"": 2.578669376523827, ""fwhm"": 2.64021333840469}]",0.0,2.578669376523827,2.64021333840469,,,,,,,,,,,,,,,
1594.4943820224719,14.506826293175033,2,EELS,Gold,"[{""position"": 0.0, ""amplitude"": 2.578669376523827, ""fwhm"": 2.64021333840469}]",0.0,2.578669376523827,2.64021333840469,,,,,,,,,,,,,,,
1595.4738641914996,14.506826293175033,2,EELS,Gold,"[{""position"": 0.0, ""amplitude"": 2.578669376523827, ""fwhm"": 2.64021333840469}]",0.0,2.578669376523827,2.64021333840469,,,,,,,,,,,,,,,
1596.4533463605276,14.519026385779727,2,EELS,Gold,"[{""position"": 0.0, ""amplitude"": 2.578669376523827, ""fwhm"": 2.64021333840469}]",0.0,2.578669376523827,2.64021333840469,,,,,,,,,,,,,,,
1597.4328285295553,14.521826293175033,2,EELS,Gold,"[{""position"": 0.0, ""amplitude"": 2.578669376523827, ""fwhm"": 2.64021333840469}]",0.0,2.578669376523827,2.64021333840469,,,,,,,,,,,,,,,
1598.4123106985833,14.506826293175033,2,EELS,Gold,"[{""position"": 0.0, ""amplitude"": 2.578669376523827, ""fwhm"": 2.64021333840469}]",0.0,2.578669376523827,2.64021333840469,,,,,,,,,,,,,,,
1599.391792867611,14.511826293175034,2,EELS,Gold,"[{""position"": 0.0, ""amplitude"": 2.578669376523827, ""fwhm"": 2.64021333840469}]",0.0,2.578669376523827,2.64021333840469,,,,,,,,,,,,,,,
1600.371275036639,14.522388768423871,2,EELS,Gold,"[{""position"": 0.0, ""amplitude"": 2.578669376523827, ""fwhm"": 2.64021333840469}]",0.0,2.578669376523827,2.64021333840469,,,,,,,,,,,,,,,
1601.3507572056667,14.516208594687255,2,EELS,Gold,"[{""position"": 0.0, ""amplitude"": 2.578669376523827, ""fwhm"": 2.64021333840469}]",0.0,2.578669376523827,2.64021333840469,,,,,,,,,,,,,,,
1602.3302393746947,14.515830616685252,2,EELS,Gold,"[{""position"": 0.0, ""amplitude"": 2.578669376523827, ""fwhm"": 2.64021333840469}]",0.0,2.578669376523827,2.64021333840469,,,,,,,,,,,,,,,
1603.3097215437224,14.516826293175033,2,EELS,Gold,"[{""position"": 0.0, ""amplitude"": 2.578669376523827, ""fwhm"": 2.64021333840469}]",0.0,2.578669376523827,2.64021333840469,,,,,,,,,,,,,,,
1604.2892037127503,14.516826293175033,2,EELS,Gold,"[{""position"": 0.0, ""amplitude"": 2.578669376523827, ""fwhm"": 2.64021333840469}]",0.0,2.578669376523827,2.64021333840469,,,,,,,,,,,,,,,
1605.268685881778,14.511910991530678,2,EELS,Gold,"[{""position"": 0.0, ""amplitude"": 2.578669376523827, ""fwhm"": 2.64021333840469}]",0.0,2.578669376523827,2.64021333840469,,,,,,,,,,,,,,,
1606.248168050806,14.516826293175033,2,EELS,Gold,"[{""position"": 0.0, ""amplitude"": 2.578669376523827, ""fwhm"": 2.64021333840469}]",0.0,2.578669376523827,2.64021333840469,,,,,,,,,,,,,,,
1607.2276502198338,14.506826293175033,2,EELS,Gold,"[{""position"": 0.0, ""amplitude"": 2.578669376523827, ""fwhm"": 2.64021333840469}]",0.0,2.578669376523827,2.64021333840469,,,,,,,,,,,,,,,
1608.2071323888617,14.511888114290638,2,EELS,Gold,"[{""position"": 0.0, ""amplitude"": 2.578669376523827, ""fwhm"": 2.64021333840469}]",0.0,2.578669376523827,2.64021333840469,,,,,,,,,,,,,,,
1609.1866145578895,14.507441317651052,2,EELS,Gold,"[{""position"": 0.0, ""amplitude"": 2.578669376523827, ""fwhm"": 2.64021333840469}]",0.0,2.578669376523827,2.64021333840469,,,,,,,,,,,,,,,
1610.1660967269174,14.511826293175034,2,EELS,Gold,"[{""position"": 0.0, ""amplitude"": 2.578669376523827, ""fwhm"": 2.64021333840469}]",0.0,2.578669376523827,2.64021333840469,,,,,,,,,,,,,,,
1611.1455788959452,14.506826293175033,2,EELS,Gold,"[{""position"": 0.0, ""amplitude"": 2.578669376523827, ""fwhm"": 2.64021333840469}]",0.0,2.578669376523827,2.64021333840469,,,,,,,,,,,,,,,
1612.1250610649731,14.511826293175034,2,EELS,Gold,"[{""position"": 0.0, ""amplitude"": 2.578669376523827, ""fwhm"": 2.64021333840469}]",0.0,2.578669376523827,2.64021333840469,,,,,,,,,,,,,,,
1613.1045432340009,14.506826293175033,2,EELS,Gold,"[{""position"": 0.0, ""amplitude"": 2.578669376523827, ""fwhm"": 2.64021333840469}]",0.0,2.578669376523827,2.64021333840469,,,,,,,,,,,,,,,
1614.0840254030288,14.508242390222271,2,EELS,Gold,"[{""position"": 0.0, ""amplitude"": 2.578669376523827, ""fwhm"": 2.64021333840469}]",0.0,2.578669376523827,2.64021333840469,,,,,,,,,,,,,,,
1615.0635075720566,14.516826293175033,2,EELS,Gold,"[{""position"": 0.0, ""amplitude"": 2.578669376523827, ""fwhm"": 2.64021333840469}]",0.0,2.578669376523827,2.64021333840469,,,,,,,,,,,,,,,
1616.0429897410845,14.506826293175033,2,EELS,Gold,"[{""position"": 0.0, ""amplitude"": 2.578669376523827, ""fwhm"": 2.64021333840469}]",0.0,2.578669376523827,2.64021333840469,,,,,,,,,,,,,,,
1617.0224719101122,14.506826293175033,2,EELS,Gold,"[{""position"": 0.0, ""amplitude"": 2.578669376523827, ""fwhm"": 2.64021333840469}]",0.0,2.578669376523827,2.64021333840469,,,,,,,,,,,,,,,
1618.0019540791402,14.506828946982134,2,EELS,Gold,"[{""position"": 0.0, ""amplitude"": 2.578669376523827, ""fwhm"": 2.64021333840469}]",0.0,2.578669376523827,2.64021333840469,,,,,,,,,,,,,,,
1618.981436248168,14.517557882653556,2,EELS,Gold,"[{""position"": 0.0, ""amplitude"": 2.578669376523827, ""fwhm"": 2.64021333840469}]",0.0,2.578669376523827,2.64021333840469,,,,,,,,,,,,,,,
1619.960918417196,14.512111686440472,2,EELS,Gold,"[{""position"": 0.0, ""amplitude"": 2.578669376523827, ""fwhm"": 2.64021333840469}]",0.0,2.578669376523827,2.64021333840469,,,,,,,,,,,,,,,
1620.9404005862236,14.508321358235245,2,EELS,Gold,"[{""position"": 0.0, ""amplitude"": 2.578669376523827, ""fwhm"": 2.64021333840469}]",0.0,2.578669376523827,2.64021333840469,,,,,,,,,,,,,,,
1621.9198827552516,14.518382714885304,2,EELS,Gold,"[{""position"": 0.0, ""amplitude"": 2.578669376523827, ""fwhm"": 2.64021333840469}]",0.0,2.578669376523827,2.64021333840469,,,,,,,,,,,,,,,
1622.8993649242793,14.516826293175033,2,EELS,Gold,"[{""position"": 0.0, ""amplitude"": 2.578669376523827, ""fwhm"": 2.64021333840469}]",0.0,2.578669376523827,2.64021333840469,,,,,,,,,,,,,,,
1623.8788470933073,14.506826293175033,2,EELS,Gold,"[{""position"": 0.0, ""amplitude"": 2.578669376523827, ""fwhm"": 2.64021333840469}]",0.0,2.578669376523827,2.64021333840469,,,,,,,,,,,,,,,
1624.858329262335,14.516826293175033,2,EELS,Gold,"[{""position"": 0.0, ""amplitude"": 2.578669376523827, ""fwhm"": 2.64021333840469}]",0.0,2.578669376523827,2.64021333840469,,,,,,,,,,,,,,,
1625.837811431363,14.521826293175033,2,EELS,Gold,"[{""position"": 0.0, ""amplitude"": 2.578669376523827, ""fwhm"": 2.64021333840469}]",0.0,2.578669376523827,2.64021333840469,,,,,,,,,,,,,,,
1626.8172936003907,14.512857436010586,2,EELS,Gold,"[{""position"": 0.0, ""amplitude"": 2.578669376523827, ""fwhm"": 2.64021333840469}]",0.0,2.578669376523827,2.64021333840469,,,,,,,,,,,,,,,
1627.7967757694187,14.516826293175033,2,EELS,Gold,"[{""position"": 0.0, ""amplitude"": 2.578669376523827, ""fwhm"": 2.64021333840469}]",0.0,2.578669376523827,2.64021333840469,,,,,,,,,,,,,,,
1628.7762579384464,14.51837382114342,2,EELS,Gold,"[{""position"": 0.0, ""amplitude"": 2.578669376523827, ""fwhm"": 2.64021333840469}]",0.0,2.578669376523827,2.64021333840469,,,,,,,,,,,,,,,
1629.7557401074744,14.511826293175034,2,EELS,Gold,"[{""position"": 0.0, ""amplitude"": 2.578669376523827, ""fwhm"": 2.64021333840469}]",0.0,2.578669376523827,2.64021333840469,,,,,,,,,,,,,,,
1630.735222276502,14.518736832486523,2,EELS,Gold,"[{""position"": 0.0, ""amplitude"": 2.578669376523827, ""fwhm"": 2.64021333840469}]",0.0,2.578669376523827,2.64021333840469,,,,,,,,,,,,,,,
1631.71470444553,14.506826293175033,2,EELS,Gold,"[{""position"": 0.0, ""amplitude"": 2.578669376523827, ""fwhm"": 2.64021333840469}]",0.0,2.578669376523827,2.64021333840469,,,,,,,,,,,,,,,
1632.6941866145578,14.511826293175034,2,EELS,Gold,"[{""position"": 0.0, ""amplitude"": 2.578669376523827, ""fwhm"": 2.64021333840469}]",0.0,2.578669376523827,2.64021333840469,,,,,,,,,,,,,,,
1633.6736687835858,14.506826293175033,2,EELS,Gold,"[{""position"": 0.0, ""amplitude"": 2.578669376523827, ""fwhm"": 2.64021333840469}]",0.0,2.578669376523827,2.64021333840469,,,,,,,,,,,,,,,
1634.6531509526135,14.511826293175034,2,EELS,Gold,"[{""position"": 0.0, ""amplitude"": 2.578669376523827, ""fwhm"": 2.64021333840469}]",0.0,2.578669376523827,2.64021333840469,,,,,,,,,,,,,,,
1635.6326331216414,14.50892494776492,2,EELS,Gold,"[{""position"": 0.0, ""amplitude"": 2.578669376523827, ""fwhm"": 2.64021333840469}]",0.0,2.578669376523827,2.64021333840469,,,,,,,,,,,,,,,
1636.6121152906692,14.5289003236091,2,EELS,Gold,"[{""position"": 0.0, ""amplitude"": 2.578669376523827, ""fwhm"": 2.64021333840469}]",0.0,2.578669376523827,2.64021333840469,,,,,,,,,,,,,,,
1637.591597459697,14.51175752388655,2,EELS,Gold,"[{""position"": 0.0, ""amplitude"": 2.578669376523827, ""fwhm"": 2.64021333840469}]",0.0,2.578669376523827,2.64021333840469,,,,,,,,,,,,,,,
1638.5710796287249,14.506826293175033,2,EELS,Gold,"[{""position"": 0.0, ""amplitude"": 2.578669376523827, ""fwhm"": 2.64021333840469}]",0.0,2.578669376523827,2.64021333840469,,,,,,,,,,,,,,,
1639.5505617977526,14.526826293175032,2,EELS,Gold,"[{""position"": 0.0, ""amplitude"": 2.578669376523827, ""fwhm"": 2.64021333840469}]",0.0,2.578669376523827,2.64021333840469,,,,,,,,,,,,,,,
1640.5300439667806,14.511826293175034,2,EELS,Gold,"[{""position"": 0.0, ""amplitude"": 2.578669376523827, ""fwhm"": 2.64021333840469}]",0.0,2.578669376523827,2.64021333840469,,,,,,,,,,,,,,,
1641.5095261358083,14.507440584536276,2,EELS,Gold,"[{""position"": 0.0, ""amplitude"": 2.578669376523827, ""fwhm"": 2.64021333840469}]",0.0,2.578669376523827,2.64021333840469,,,,,,,,,,,,,,,
1642.4890083048363,14.508688091365137,2,EELS,Gold,"[{""position"": 0.0, ""amplitude"": 2.578669376523827, ""fwhm"": 2.64021333840469}]",0.0,2.578669376523827,2.64021333840469,,,,,,,,,,,,,,,
1643.468490473864,14.512628618270375,2,EELS,Gold,"[{""position"": 0.0, ""amplitude"": 2.578669376523827, ""fwhm"": 2.64021333840469}]",0.0,2.578669376523827,2.64021333840469,,,,,,,,,,,,,,,
1644.447972642892,14.511826293175034,2,EELS,Gold,"[{""position"": 0.0, ""amplitude"": 2.578669376523827, ""fwhm"": 2.64021333840469}]",0.0,2.578669376523827,2.64021333840469,,,,,,,,,,,,,,,
1645.4274548119197,14.511265300857447,2,EELS,Gold,"[{""position"": 0.0, ""amplitude"": 2.578669376523827, ""fwhm"": 2.64021333840469}]",0.0,2.578669376523827,2.64021333840469,,,,,,,,,,,,,,,
1646.4069369809476,14.511826293175034,2,EELS,Gold,"[{""position"": 0.0, ""amplitude"": 2.578669376523827, ""fwhm"": 2.64021333840469}]",0.0,2.578669376523827,2.64021333840469,,,,,,,,,,,,,,,
1647.3864191499754,14.511826293175034,2,EELS,Gold,"[{""position"": 0.0, ""amplitude"": 2.578669376523827, ""fwhm"": 2.64021333840469}]",0.0,2.578669376523827,2.64021333840469,,,,,,,,,,,,,,,
1648.3659013190033,14.511826293175034,2,EELS,Gold,"[{""position"": 0.0, ""amplitude"": 2.578669376523827, ""fwhm"": 2.64021333840469}]",0.0,2.578669376523827,2.64021333840469,,,,,,,,,,,,,,,
1649.345383488031,14.52189622474229,2,EELS,Gold,"[{""position"": 0.0, ""amplitude"": 2.578669376523827, ""fwhm"": 2.64021333840469}]",0.0,2.578669376523827,2.64021333840469,,,,,,,,,,,,,,,
1650.324865657059,14.51094252341899,2,EELS,Gold,"[{""position"": 0.0, ""amplitude"": 2.578669376523827, ""fwhm"": 2.64021333840469}]",0.0,2.578669376523827,2.64021333840469,,,,,,,,,,,,,,,
1651.3043478260868,14.506826293175033,2,EELS,Gold,"[{""position"": 0.0, ""amplitude"": 2.578669376523827, ""fwhm"": 2.64021333840469}]",0.0,2.578669376523827,2.64021333840469,,,,,,,,,,,,,,,
1652.2838299951147,14.506826293175033,2,EELS,Gold,"[{""position"": 0.0, ""amplitude"": 2.578669376523827, ""fwhm"": 2.64021333840469}]",0.0,2.578669376523827,2.64021333840469,,,,,,,,,,,,,,,
1653.2633121641425,14.516826293175033,2,EELS,Gold,"[{""position"": 0.0, ""amplitude"": 2.578669376523827, ""fwhm"": 2.64021333840469}]",0.0,2.578669376523827,2.64021333840469,,,,,,,,,,,,,,,
1654.2427943331704,14.506826293175033,2,EELS,Gold,"[{""position"": 0.0, ""amplitude"": 2.578669376523827, ""fwhm"": 2.64021333840469}]",0.0,2.578669376523827,2.64021333840469,,,,,,,,,,,,,,,
1655.2222765021982,14.509811838607748,2,EELS,Gold,"[{""position"": 0.0, ""amplitude"": 2.578669376523827, ""fwhm"": 2.64021333840469}]",0.0,2.578669376523827,2.64021333840469,,,,,,,,,,,,,,,
1656.2017586712261,14.526826293175032,2,EELS,Gold,"[{""position"": 0.0, ""amplitude"": 2.578669376523827, ""fwhm"": 2.64021333840469}]",0.0,2.578669376523827,2.64021333840469,,,,,,,,,,,,,,,
1657.1812408402538,14.506826293175033,2,EELS,Gold,"[{""position"": 0.0, ""amplitude"": 2.578669376523827, ""fwhm"": 2.64021333840469}]",0.0,2.578669376523827,2.64021333840469,,,,,,,,,,,,,,,
1658.1607230092818,14.509696351146166,2,EELS,Gold,"[{""position"": 0.0, ""amplitude"": 2.578669376523827, ""fwhm"": 2.64021333840469}]",0.0,2.578669376523827,2.64021333840469,,,,,,,,,,,,,,,
1659.1402051783095,14.506826293175033,2,EELS,Gold,"[{""position"": 0.0, ""amplitude"": 2.578669376523827, ""fwhm"": 2.64021333840469}]",0.0,2.578669376523827,2.64021333840469,,,,,,,,,,,,,,,
1660.1196873473375,14.525176736028076,2,EELS,Gold,"[{""position"": 0.0, ""amplitude"": 2.578669376523827, ""fwhm"": 2.64021333840469}]",0.0,2.578669376523827,2.64021333840469,,,,,,,,,,,,,,,
1661.0991695163652,14.506826293175033,2,EELS,Gold,"[{""position"": 0.0, ""amplitude"": 2.578669376523827, ""fwhm"": 2.64021333840469}]",0.0,2.578669376523827,2.64021333840469,,,,,,,,,,,,,,,
1662.0786516853932,14.508593164332488,2,EELS,Gold,"[{""position"": 0.0, ""amplitude"": 2.578669376523827, ""fwhm"": 2.64021333840469}]",0.0,2.578669376523827,2.64021333840469,,,,,,,,,,,,,,,
1663.058133854421,14.521090078540652,2,EELS,Gold,"[{""position"": 0.0, ""amplitude"": 2.578669376523827, ""fwhm"": 2.64021333840469}]",0.0,2.578669376523827,2.64021333840469,,,,,,,,,,,,,,,
1664.037616023449,14.519443945010888,2,EELS,Gold,"[{""position"": 0.0, ""amplitude"": 2.578669376523827, ""fwhm"": 2.64021333840469}]",0.0,2.578669376523827,2.64021333840469,,,,,,,,,,,,,,,
1665.0170981924766,14.511826293175034,2,EELS,Gold,"[{""position"": 0.0, ""amplitude"": 2.578669376523827, ""fwhm"": 2.64021333840469}]",0.0,2.578669376523827,2.64021333840469,,,,,,,,,,,,,,,
1665.9965803615046,14.521826293175033,2,EELS,Gold,"[{""position"": 0.0, ""amplitude"": 2.578669376523827, ""fwhm"": 2.64021333840469}]",0.0,2.578669376523827,2.64021333840469,,,,,,,,,,,,,,,
1666.9760625305323,14.511826293175034,2,EELS,Gold,"[{""position"": 0.0, ""amplitude"": 2.578669376523827, ""fwhm"": 2.64021333840469}]",0.0,2.578669376523827,2.64021333840469,,,,,,,,,,,,,,,
1667.9555446995603,14.509449283844212,2,EELS,Gold,"[{""position"": 0.0, ""amplitude"": 2.578669376523827, ""fwhm"": 2.64021333840469}]",0.0,2.578669376523827,2.64021333840469,,,,,,,,,,,,,,,
1668.935026868588,14.516826293175033,2,EELS,Gold,"[{""position"": 0.0, ""amplitude"": 2.578669376523827, ""fwhm"": 2.64021333840469}]",0.0,2.578669376523827,2.64021333840469,,,,,,,,,,,,,,,
1669.914509037616,14.506826293175033,2,EELS,Gold,"[{""position"": 0.0, ""amplitude"": 2.578669376523827, ""fwhm"": 2.64021333840469}]",0.0,2.578669376523827,2.64021333840469,,,,,,,,,,,,,,,
1670.8939912066437,14.506826293175033,2,EELS,Gold,"[{""position"": 0.0, ""amplitude"": 2.578669376523827, ""fwhm"": 2.64021333840469}]",0.0,2.578669376523827,2.64021333840469,,,,,,,,,,,,,,,
1671.8734733756717,14.511826293175034,2,EELS,Gold,"[{""position"": 0.0, ""amplitude"": 2.578669376523827, ""fwhm"": 2.64021333840469}]",0.0,2.578669376523827,2.64021333840469,,,,,,,,,,,,,,,
1672.8529555446994,14.506826293175033,2,EELS,Gold,"[{""position"": 0.0, ""amplitude"": 2.578669376523827, ""fwhm"": 2.64021333840469}]",0.0,2.578669376523827,2.64021333840469,,,,,,,,,,,,,,,
1673.8324377137274,14.515965036304772,2,EELS,Gold,"[{""position"": 0.0, ""amplitude"": 2.578669376523827, ""fwhm"": 2.64021333840469}]",0.0,2.578669376523827,2.64021333840469,,,,,,,,,,,,,,,
1674.811919882755,14.516826293175033,2,EELS,Gold,"[{""position"": 0.0, ""amplitude"": 2.578669376523827, ""fwhm"": 2.64021333840469}]",0.0,2.578669376523827,2.64021333840469,,,,,,,,,,,,,,,
1675.791402051783,14.518626614783495,2,EELS,Gold,"[{""position"": 0.0, ""amplitude"": 2.578669376523827, ""fwhm"": 2.64021333840469}]",0.0,2.578669376523827,2.64021333840469,,,,,,,,,,,,,,,
1676.7708842208108,14.511891575976795,2,EELS,Gold,"[{""position"": 0.0, ""amplitude"": 2.578669376523827, ""fwhm"": 2.64021333840469}]",0.0,2.578669376523827,2.64021333840469,,,,,,,,,,,,,,,
1677.7503663898387,14.516855442193428,2,EELS,Gold,"[{""position"": 0.0, ""amplitude"": 2.578669376523827, ""fwhm"": 2.64021333840469}]",0.0,2.578669376523827,2.64021333840469,,,,,,,,,,,,,,,
1678.7298485588665,14.506826293175033,2,EELS,Gold,"[{""position"": 0.0, ""amplitude"": 2.578669376523827, ""fwhm"": 2.64021333840469}]",0.0,2.578669376523827,2.64021333840469,,,,,,,,,,,,,,,
1679.7093307278944,14.508830473440156,2,EELS,Gold,"[{""position"": 0.0, ""amplitude"": 2.578669376523827, ""fwhm"": 2.64021333840469}]",0.0,2.578669376523827,2.64021333840469,,,,,,,,,,,,,,,
1680.6888128969222,14.507243108225303,2,EELS,Gold,"[{""position"": 0.0, ""amplitude"": 2.578669376523827, ""fwhm"": 2.64021333840469}]",0.0,2.578669376523827,2.64021333840469,,,,,,,,,,,,,,,
1681.6682950659501,14.512094584989553,2,EELS,Gold,"[{""position"": 0.0, ""amplitude"": 2.578669376523827, ""fwhm"": 2.64021333840469}]",0.0,2.578669376523827,2.64021333840469,,,,,,,,,,,,,,,
1682.6477772349779,14.506826293175033,2,EELS,Gold,"[{""position"": 0.0, ""amplitude"": 2.578669376523827, ""fwhm"": 2.64021333840469}]",0.0,2.578669376523827,2.64021333840469,,,,,,,,,,,,,,,
1683.6272594040058,14.511826293175034,2,EELS,Gold,"[{""position"": 0.0, ""amplitude"": 2.578669376523827, ""fwhm"": 2.64021333840469}]",0.0,2.578669376523827,2.64021333840469,,,,,,,,,,,,,,,
1684.6067415730336,14.518363442819942,2,EELS,Gold,"[{""position"": 0.0, ""amplitude"": 2.578669376523827, ""fwhm"": 2.64021333840469}]",0.0,2.578669376523827,2.64021333840469,,,,,,,,,,,,,,,
1685.5862237420615,14.517438220641834,2,EELS,Gold,"[{""position"": 0.0, ""amplitude"": 2.578669376523827, ""fwhm"": 2.64021333840469}]",0.0,2.578669376523827,2.64021333840469,,,,,,,,,,,,,,,
1686.5657059110893,14.50716340914973,2,EELS,Gold,"[{""position"": 0.0, ""amplitude"": 2.578669376523827, ""fwhm"": 2.64021333840469}]",0.0,2.578669376523827,2.64021333840469,,,,,,,,,,,,,,,
1687.5451880801172,14.516826293175033,2,EELS,Gold,"[{""position"": 0.0, ""amplitude"": 2.578669376523827, ""fwhm"": 2.64021333840469}]",0.0,2.578669376523827,2.64021333840469,,,,,,,,,,,,,,,
1688.524670249145,14.511857354273037,2,EELS,Gold,"[{""position"": 0.0, ""amplitude"": 2.578669376523827, ""fwhm"": 2.64021333840469}]",0.0,2.578669376523827,2.64021333840469,,,,,,,,,,,,,,,
1689.504152418173,14.511826293175034,2,EELS,Gold,"[{""position"": 0.0, ""amplitude"": 2.578669376523827, ""fwhm"": 2.64021333840469}]",0.0,2.578669376523827,2.64021333840469,,,,,,,,,,,,,,,
1690.4836345872006,14.516826293175033,2,EELS,Gold,"[{""position"": 0.0, ""amplitude"": 2.578669376523827, ""fwhm"": 2.64021333840469}]",0.0,2.578669376523827,2.64021333840469,,,,,,,,,,,,,,,
1691.4631167562286,14.516826293175033,2,EELS,Gold,"[{""position"": 0.0, ""amplitude"": 2.578669376523827, ""fwhm"": 2.64021333840469}]",0.0,2.578669376523827,2.64021333840469,,,,,,,,,,,,,,,
1692.4425989252563,14.511884623171294,2,EELS,Gold,"[{""position"": 0.0, ""amplitude"": 2.578669376523827, ""fwhm"": 2.64021333840469}]",0.0,2.578669376523827,2.64021333840469,,,,,,,,,,,,,,,
1693.4220810942843,14.516826293175033,2,EELS,Gold,"[{""position"": 0.0, ""amplitude"": 2.578669376523827, ""fwhm"": 2.64021333840469}]",0.0,2.578669376523827,2.64021333840469,,,,,,,,,,,,,,,
1694.401563263312,14.511826293175034,2,EELS,Gold,"[{""position"": 0.0, ""amplitude"": 2.578669376523827, ""fwhm"": 2.64021333840469}]",0.0,2.578669376523827,2.64021333840469,,,,,,,,,,,,,,,
1695.38104543234,14.517149947148118,2,EELS,Gold,"[{""position"": 0.0, ""amplitude"": 2.578669376523827, ""fwhm"": 2.64021333840469}]",0.0,2.578669376523827,2.64021333840469,,,,,,,,,,,,,,,
1696.3605276013677,14.511826293175034,2,EELS,Gold,"[{""position"": 0.0, ""amplitude"": 2.578669376523827, ""fwhm"": 2.64021333840469}]",0.0,2.578669376523827,2.64021333840469,,,,,,,,,,,,,,,
1697.3400097703957,14.512132609414271,2,EELS,Gold,"[{""position"": 0.0, ""amplitude"": 2.578669376523827, ""fwhm"": 2.64021333840469}]",0.0,2.578669376523827,2.64021333840469,,,,,,,,,,,,,,,
1698.3194919394234,14.512959356238177,2,EELS,Gold,"[{""position"": 0.0, ""amplitude"": 2.578669376523827, ""fwhm"": 2.64021333840469}]",0.0,2.578669376523827,2.64021333840469,,,,,,,,,,,,,,,
1699.2989741084514,14.50761752577822,2,EELS,Gold,"[{""position"": 0.0, ""amplitude"": 2.578669376523827, ""fwhm"": 2.64021333840469}]",0.0,2.578669376523827,2.64021333840469,,,,,,,,,,,,,,,
1700.278456277479,14.507523533939242,2,EELS,Gold,"[{""position"": 0.0, ""amplitude"": 2.578669376523827, ""fwhm"": 2.64021333840469}]",0.0,2.578669376523827,2.64021333840469,,,,,,,,,,,,,,,
1701.257938446507,14.511826293175034,2,EELS,Gold,"[{""position"": 0.0, ""amplitude"": 2.578669376523827, ""fwhm"": 2.64021333840469}]",0.0,2.578669376523827,2.64021333840469,,,,,,,,,,,,,,,
1702.2374206155348,14.511251491233434,2,EELS,Gold,"[{""position"": 0.0, ""amplitude"": 2.578669376523827, ""fwhm"": 2.64021333840469}]",0.0,2.578669376523827,2.64021333840469,,,,,,,,,,,,,,,
1703.2169027845628,14.511844012726892,2,EELS,Gold,"[{""position"": 0.0, ""amplitude"": 2.578669376523827, ""fwhm"": 2.64021333840469}]",0.0,2.578669376523827,2.64021333840469,,,,,,,,,,,,,,,
1704.1963849535905,14.509043151672214,2,EELS,Gold,"[{""position"": 0.0, ""amplitude"": 2.578669376523827, ""fwhm"": 2.64021333840469}]",0.0,2.578669376523827,2.64021333840469,,,,,,,,,,,,,,,
1705.1758671226185,14.518530465098918,2,EELS,Gold,"[{""position"": 0.0, ""amplitude"": 2.578669376523827, ""fwhm"": 2.64021333840469}]",0.0,2.578669376523827,2.64021333840469,,,,,,,,,,,,,,,
1706.1553492916462,14.511826293175034,2,EELS,Gold,"[{""position"": 0.0, ""amplitude"": 2.578669376523827, ""fwhm"": 2.64021333840469}]",0.0,2.578669376523827,2.64021333840469,,,,,,,,,,,,,,,
1707.1348314606741,14.532853662534789,2,EELS,Gold,"[{""position"": 0.0, ""amplitude"": 2.578669376523827, ""fwhm"": 2.64021333840469}]",0.0,2.578669376523827,2.64021333840469,,,,,,,,,,,,,,,
1708.1143136297019,14.511826293175034,2,EELS,Gold,"[{""position"": 0.0, ""amplitude"": 2.578669376523827, ""fwhm"": 2.64021333840469}]",0.0,2.578669376523827,2.64021333840469,,,,,,,,,,,,,,,
1709.0937957987298,14.506826293175033,2,EELS,Gold,"[{""position"": 0.0, ""amplitude"": 2.578669376523827, ""fwhm"": 2.64021333840469}]",0.0,2.578669376523827,2.64021333840469,,,,,,,,,,,,,,,
1710.0732779677576,14.506826293175033,2,EELS,Gold,"[{""position"": 0.0, ""amplitude"": 2.578669376523827, ""fwhm"": 2.64021333840469}]",0.0,2.578669376523827,2.64021333840469,,,,,,,,,,,,,,,
1711.0527601367855,14.51290344861077,2,EELS,Gold,"[{""position"": 0.0, ""amplitude"": 2.578669376523827, ""fwhm"": 2.64021333840469}]",0.0,2.578669376523827,2.64021333840469,,,,,,,,,,,,,,,
1712.0322423058133,14.506826293175033,2,EELS,Gold,"[{""position"": 0.0, ""amplitude"": 2.578669376523827, ""fwhm"": 2.64021333840469}]",0.0,2.578669376523827,2.64021333840469,,,,,,,,,,,,,,,
1713.0117244748412,14.511826293175034,2,EELS,Gold,"[{""position"": 0.0, ""amplitude"": 2.578669376523827, ""fwhm"": 2.64021333840469}]",0.0,2.578669376523827,2.64021333840469,,,,,,,,,,,,,,,
1713.991206643869,14.521826293175033,2,EELS,Gold,"[{""position"": 0.0, ""amplitude"": 2.578669376523827, ""fwhm"": 2.64021333840469}]",0.0,2.578669376523827,2.64021333840469,,,,,,,,,,,,,,,
1714.970688812897,14.514410645558533,2,EELS,Gold,"[{""position"": 0.0, ""amplitude"": 2.578669376523827, ""fwhm"": 2.64021333840469}]",0.0,2.578669376523827,2.64021333840469,,,,,,,,,,,,,,,
1715.9501709819247,14.506826293175033,2,EELS,Gold,"[{""position"": 0.0, ""amplitude"": 2.578669376523827, ""fwhm"": 2.64021333840469}]",0.0,2.578669376523827,2.64021333840469,,,,,,,,,,,,,,,
1716.9296531509526,14.514714794420637,2,EELS,Gold,"[{""position"": 0.0, ""amplitude"": 2.578669376523827, ""fwhm"": 2.64021333840469}]",0.0,2.578669376523827,2.64021333840469,,,,,,,,,,,,,,,
1717.9091353199804,14.509265876972991,2,EELS,Gold,"[{""position"": 0.0, ""amplitude"": 2.578669376523827, ""fwhm"": 2.64021333840469}]",0.0,2.578669376523827,2.64021333840469,,,,,,,,,,,,,,,
1718.8886174890083,14.511826293175034,2,EELS,Gold,"[{""position"": 0.0, ""amplitude"": 2.578669376523827, ""fwhm"": 2.64021333840469}]",0.0,2.578669376523827,2.64021333840469,,,,,,,,,,,,,,,
1719.868099658036,14.514739374830048,2,EELS,Gold,"[{""position"": 0.0, ""amplitude"": 2.578669376523827, ""fwhm"": 2.64021333840469}]",0.0,2.578669376523827,2.64021333840469,,,,,,,,,,,,,,,
1720.847581827064,14.506826293175033,2,EELS,Gold,"[{""position"": 0.0, ""amplitude"": 2.578669376523827, ""fwhm"": 2.64021333840469}]",0.0,2.578669376523827,2.64021333840469,,,,,,,,,,,,,,,
1721.8270639960917,14.506826293175033,2,EELS,Gold,"[{""position"": 0.0, ""amplitude"": 2.578669376523827, ""fwhm"": 2.64021333840469}]",0.0,2.578669376523827,2.64021333840469,,,,,,,,,,,,,,,
1722.8065461651197,14.506826293175033,2,EELS,Gold,"[{""position"": 0.0, ""amplitude"": 2.578669376523827, ""fwhm"": 2.64021333840469}]",0.0,2.578669376523827,2.64021333840469,,,,,,,,,,,,,,,
1723.7860283341474,14.516835390817029,2,EELS,Gold,"[{""position"": 0.0, ""amplitude"": 2.578669376523827, ""fwhm"": 2.64021333840469}]",0.0,2.578669376523827,2.64021333840469,,,,,,,,,,,,,,,
1724.7655105031754,14.511826293175034,2,EELS,Gold,"[{""position"": 0.0, ""amplitude"": 2.578669376523827, ""fwhm"": 2.64021333840469}]",0.0,2.578669376523827,2.64021333840469,,,,,,,,,,,,,,,
1725.7449926722031,14.506826293175033,2,EELS,Gold,"[{""position"": 0.0, ""amplitude"": 2.578669376523827, ""fwhm"": 2.64021333840469}]",0.0,2.578669376523827,2.64021333840469,,,,,,,,,,,,,,,
1726.724474841231,14.506826293175033,2,EELS,Gold,"[{""position"": 0.0, ""amplitude"": 2.578669376523827, ""fwhm"": 2.64021333840469}]",0.0,2.578669376523827,2.64021333840469,,,,,,,,,,,,,,,
1727.7039570102588,14.512202587485717,2,EELS,Gold,"[{""position"": 0.0, ""amplitude"": 2.578669376523827, ""fwhm"": 2.64021333840469}]",0.0,2.578669376523827,2.64021333840469,,,,,,,,,,,,,,,
1728.6834391792866,14.516826293175033,2,EELS,Gold,"[{""position"": 0.0, ""amplitude"": 2.578669376523827, ""fwhm"": 2.64021333840469}]",0.0,2.578669376523827,2.64021333840469,,,,,,,,,,,,,,,
1729.6629213483145,14.518203846136126,2,EELS,Gold,"[{""position"": 0.0, ""amplitude"": 2.578669376523827, ""fwhm"": 2.64021333840469}]",0.0,2.578669376523827,2.64021333840469,,,,,,,,,,,,,,,
1730.6424035173422,14.506979317417567,2,EELS,Gold,"[{""position"": 0.0, ""amplitude"": 2.578669376523827, ""fwhm"": 2.64021333840469}]",0.0,2.578669376523827,2.64021333840469,,,,,,,,,,,,,,,
1731.6218856863702,14.517042856868763,2,EELS,Gold,"[{""position"": 0.0, ""amplitude"": 2.578669376523827, ""fwhm"": 2.64021333840469}]",0.0,2.578669376523827,2.64021333840469,,,,,,,,,,,,,,,
1732.601367855398,14.513372676671272,2,EELS,Gold,"[{""position"": 0.0, ""amplitude"": 2.578669376523827, ""fwhm"": 2.64021333840469}]",0.0,2.578669376523827,2.64021333840469,,,,,,,,,,,,,,,
1733.580850024426,14.515502534561604,2,EELS,Gold,"[{""position"": 0.0, ""amplitude"": 2.578669376523827, ""fwhm"": 2.64021333840469}]",0.0,2.578669376523827,2.64021333840469,,,,,,,,,,,,,,,
1734.5603321934536,14.52060591561665,2,EELS,Gold,"[{""position"": 0.0, ""amplitude"": 2.578669376523827, ""fwhm"": 2.64021333840469}]",0.0,2.578669376523827,2.64021333840469,,,,,,,,,,,,,,,
1735.5398143624816,14.520300082722164,2,EELS,Gold,"[{""position"": 0.0, ""amplitude"": 2.578669376523827, ""fwhm"": 2.64021333840469}]",0.0,2.578669376523827,2.64021333840469,,,,,,,,,,,,,,,
1736.5192965315093,14.509088418241483,2,EELS,Gold,"[{""position"": 0.0, ""amplitude"": 2.578669376523827, ""fwhm"": 2.64021333840469}]",0.0,2.578669376523827,2.64021333840469,,,,,,,,,,,,,,,
1737.4987787005373,14.522220827550967,2,EELS,Gold,"[{""position"": 0.0, ""amplitude"": 2.578669376523827, ""fwhm"": 2.64021333840469}]",0.0,2.578669376523827,2.64021333840469,,,,,,,,,,,,,,,
1738.478260869565,14.517972987029069,2,EELS,Gold,"[{""position"": 0.0, ""amplitude"": 2.578669376523827, ""fwhm"": 2.64021333840469}]",0.0,2.578669376523827,2.64021333840469,,,,,,,,,,,,,,,
1739.457743038593,14.507683494863256,2,EELS,Gold,"[{""position"": 0.0, ""amplitude"": 2.578669376523827, ""fwhm"": 2.64021333840469}]",0.0,2.578669376523827,2.64021333840469,,,,,,,,,,,,,,,
1740.4372252076207,14.512629453071062,2,EELS,Gold,"[{""position"": 0.0, ""amplitude"": 2.578669376523827, ""fwhm"": 2.64021333840469}]",0.0,2.578669376523827,2.64021333840469,,,,,,,,,,,,,,,
1741.4167073766487,14.516826293175033,2,EELS,Gold,"[{""position"": 0.0, ""amplitude"": 2.578669376523827, ""fwhm"": 2.64021333840469}]",0.0,2.578669376523827,2.64021333840469,,,,,,,,,,,,,,,
1742.3961895456764,14.521826293175033,2,EELS,Gold,"[{""position"": 0.0, ""amplitude"": 2.578669376523827, ""fwhm"": 2.64021333840469}]",0.0,2.578669376523827,2.64021333840469,,,,,,,,,,,,,,,
1743.3756717147044,14.515073302120822,2,EELS,Gold,"[{""position"": 0.0, ""amplitude"": 2.578669376523827, ""fwhm"": 2.64021333840469}]",0.0,2.578669376523827,2.64021333840469,,,,,,,,,,,,,,,
1744.355153883732,14.50937141298671,2,EELS,Gold,"[{""position"": 0.0, ""amplitude"": 2.578669376523827, ""fwhm"": 2.64021333840469}]",0.0,2.578669376523827,2.64021333840469,,,,,,,,,,,,,,,
1745.33463605276,14.518458861410371,2,EELS,Gold,"[{""position"": 0.0, ""amplitude"": 2.578669376523827, ""fwhm"": 2.64021333840469}]",0.0,2.578669376523827,2.64021333840469,,,,,,,,,,,,,,,
1746.3141182217878,14.51712117842145,2,EELS,Gold,"[{""position"": 0.0, ""amplitude"": 2.578669376523827, ""fwhm"": 2.64021333840469}]",0.0,2.578669376523827,2.64021333840469,,,,,,,,,,,,,,,
1747.2936003908158,14.506826293175033,2,EELS,Gold,"[{""position"": 0.0, ""amplitude"": 2.578669376523827, ""fwhm"": 2.64021333840469}]",0.0,2.578669376523827,2.64021333840469,,,,,,,,,,,,,,,
1748.2730825598435,14.511826293175034,2,EELS,Gold,"[{""position"": 0.0, ""amplitude"": 2.578669376523827, ""fwhm"": 2.64021333840469}]",0.0,2.578669376523827,2.64021333840469,,,,,,,,,,,,,,,
1749.2525647288714,14.50766405656644,2,EELS,Gold,"[{""position"": 0.0, ""amplitude"": 2.578669376523827, ""fwhm"": 2.64021333840469}]",0.0,2.578669376523827,2.64021333840469,,,,,,,,,,,,,,,
1750.2320468978992,14.516024941916692,2,EELS,Gold,"[{""position"": 0.0, ""amplitude"": 2.578669376523827, ""fwhm"": 2.64021333840469}]",0.0,2.578669376523827,2.64021333840469,,,,,,,,,,,,,,,
1751.2115290669271,14.51105713677112,2,EELS,Gold,"[{""position"": 0.0, ""amplitude"": 2.578669376523827, ""fwhm"": 2.64021333840469}]",0.0,2.578669376523827,2.64021333840469,,,,,,,,,,,,,,,
1752.1910112359549,14.506826293175033,2,EELS,Gold,"[{""position"": 0.0, ""amplitude"": 2.578669376523827, ""fwhm"": 2.64021333840469}]",0.0,2.578669376523827,2.64021333840469,,,,,,,,,,,,,,,
1753.1704934049828,14.507496255986299,2,EELS,Gold,"[{""position"": 0.0, ""amplitude"": 2.578669376523827, ""fwhm"": 2.64021333840469}]",0.0,2.578669376523827,2.64021333840469,,,,,,,,,,,,,,,
1754.1499755740106,14.516826293175033,2,EELS,Gold,"[{""position"": 0.0, ""amplitude"": 2.578669376523827, ""fwhm"": 2.64021333840469}]",0.0,2.578669376523827,2.64021333840469,,,,,,,,,,,,,,,
1755.1294577430385,14.511826293175034,2,EELS,Gold,"[{""position"": 0.0, ""amplitude"": 2.578669376523827, ""fwhm"": 2.64021333840469}]",0.0,2.578669376523827,2.64021333840469,,,,,,,,,,,,,,,
1756.1089399120663,14.514541370480174,2,EELS,Gold,"[{""position"": 0.0, ""amplitude"": 2.578669376523827, ""fwhm"": 2.64021333840469}]",0.0,2.578669376523827,2.64021333840469,,,,,,,,,,,,,,,
1757.0884220810942,14.520974721287745,2,EELS,Gold,"[{""position"": 0.0, ""amplitude"": 2.578669376523827, ""fwhm"": 2.64021333840469}]",0.0,2.578669376523827,2.64021333840469,,,,,,,,,,,,,,,
1758.067904250122,14.511826293175034,2,EELS,Gold,"[{""position"": 0.0, ""amplitude"": 2.578669376523827, ""fwhm"": 2.64021333840469}]",0.0,2.578669376523827,2.64021333840469,,,,,,,,,,,,,,,
1759.04738641915,14.512470245520952,2,EELS,Gold,"[{""position"": 0.0, ""amplitude"": 2.578669376523827, ""fwhm"": 2.64021333840469}]",0.0,2.578669376523827,2.64021333840469,,,,,,,,,,,,,,,
1760.0268685881776,14.506826293175033,2,EELS,Gold,"[{""position"": 0.0, ""amplitude"": 2.578669376523827, ""fwhm"": 2.64021333840469}]",0.0,2.578669376523827,2.64021333840469,,,,,,,,,,,,,,,
1761.0063507572056,14.5090710642604,2,EELS,Gold,"[{""position"": 0.0, ""amplitude"": 2.578669376523827, ""fwhm"": 2.64021333840469}]",0.0,2.578669376523827,2.64021333840469,,,,,,,,,,,,,,,
1761.9858329262333,14.511826293175034,2,EELS,Gold,"[{""position"": 0.0, ""amplitude"": 2.578669376523827, ""fwhm"": 2.64021333840469}]",0.0,2.578669376523827,2.64021333840469,,,,,,,,,,,,,,,
1762.9653150952613,14.506826293175033,2,EELS,Gold,"[{""position"": 0.0, ""amplitude"": 2.578669376523827, ""fwhm"": 2.64021333840469}]",0.0,2.578669376523827,2.64021333840469,,,,,,,,,,,,,,,
1763.944797264289,14.519431500558724,2,EELS,Gold,"[{""position"": 0.0, ""amplitude"": 2.578669376523827, ""fwhm"": 2.64021333840469}]",0.0,2.578669376523827,2.64021333840469,,,,,,,,,,,,,,,
1764.924279433317,14.506826293175033,2,EELS,Gold,"[{""position"": 0.0, ""amplitude"": 2.578669376523827, ""fwhm"": 2.64021333840469}]",0.0,2.578669376523827,2.64021333840469,,,,,,,,,,,,,,,
1765.9037616023447,14.506826293175033,2,EELS,Gold,"[{""position"": 0.0, ""amplitude"": 2.578669376523827, ""fwhm"": 2.64021333840469}]",0.0,2.578669376523827,2.64021333840469,,,,,,,,,,,,,,,
1766.8832437713727,14.517966766077466,2,EELS,Gold,"[{""position"": 0.0, ""amplitude"": 2.578669376523827, ""fwhm"": 2.64021333840469}]",0.0,2.578669376523827,2.64021333840469,,,,,,,,,,,,,,,
1767.8627259404004,14.507753392803842,2,EELS,Gold,"[{""position"": 0.0, ""amplitude"": 2.578669376523827, ""fwhm"": 2.64021333840469}]",0.0,2.578669376523827,2.64021333840469,,,,,,,,,,,,,,,
1768.8422081094284,14.51301967558938,2,EELS,Gold,"[{""position"": 0.0, ""amplitude"": 2.578669376523827, ""fwhm"": 2.64021333840469}]",0.0,2.578669376523827,2.64021333840469,,,,,,,,,,,,,,,
1769.8216902784561,14.516826293175033,2,EELS,Gold,"[{""position"": 0.0, ""amplitude"": 2.578669376523827, ""fwhm"": 2.64021333840469}]",0.0,2.578669376523827,2.64021333840469,,,,,,,,,,,,,,,
1770.801172447484,14.513277948903708,2,EELS,Gold,"[{""position"": 0.0, ""amplitude"": 2.578669376523827, ""fwhm"": 2.64021333840469}]",0.0,2.578669376523827,2.64021333840469,,,,,,,,,,,,,,,
1771.7806546165118,14.511826293175034,2,EELS,Gold,"[{""position"": 0.0, ""amplitude"": 2.578669376523827, ""fwhm"": 2.64021333840469}]",0.0,2.578669376523827,2.64021333840469,,,,,,,,,,,,,,,
1772.7601367855398,14.513827737328869,2,EELS,Gold,"[{""position"": 0.0, ""amplitude"": 2.578669376523827, ""fwhm"": 2.64021333840469}]",0.0,2.578669376523827,2.64021333840469,,,,,,,,,,,,,,,
1773.7396189545675,14.509727043215303,2,EELS,Gold,"[{""position"": 0.0, ""amplitude"": 2.578669376523827, ""fwhm"": 2.64021333840469}]",0.0,2.578669376523827,2.64021333840469,,,,,,,,,,,,,,,
1774.7191011235955,14.516826293175033,2,EELS,Gold,"[{""position"": 0.0, ""amplitude"": 2.578669376523827, ""fwhm"": 2.64021333840469}]",0.0,2.578669376523827,2.64021333840469,,,,,,,,,,,,,,,
1775.6985832926232,14.507690360382423,2,EELS,Gold,"[{""position"": 0.0, ""amplitude"": 2.578669376523827, ""fwhm"": 2.64021333840469}]",0.0,2.578669376523827,2.64021333840469,,,,,,,,,,,,,,,
1776.6780654616512,14.509569205552669,2,EELS,Gold,"[{""position"": 0.0, ""amplitude"": 2.578669376523827, ""fwhm"": 2.64021333840469}]",0.0,2.578669376523827,2.64021333840469,,,,,,,,,,,,,,,
1777.657547630679,14.516826293175033,2,EELS,Gold,"[{""position"": 0.0, ""amplitude"": 2.578669376523827, ""fwhm"": 2.64021333840469}]",0.0,2.578669376523827,2.64021333840469,,,,,,,,,,,,,,,
1778.6370297997069,14.518580321529273,2,EELS,Gold,"[{""position"": 0.0, ""amplitude"": 2.578669376523827, ""fwhm"": 2.64021333840469}]",0.0,2.578669376523827,2.64021333840469,,,,,,,,,,,,,,,
1779.6165119687346,14.506826293175033,2,EELS,Gold,"[{""position"": 0.0, ""amplitude"": 2.578669376523827, ""fwhm"": 2.64021333840469}]",0.0,2.578669376523827,2.64021333840469,,,,,,,,,,,,,,,
1780.5959941377625,14.519674895350121,2,EELS,Gold,"[{""position"": 0.0, ""amplitude"": 2.578669376523827, ""fwhm"": 2.64021333840469}]",0.0,2.578669376523827,2.64021333840469,,,,,,,,,,,,,,,
1781.5754763067903,14.511920831791464,2,EELS,Gold,"[{""position"": 0.0, ""amplitude"": 2.578669376523827, ""fwhm"": 2.64021333840469}]",0.0,2.578669376523827,2.64021333840469,,,,,,,,,,,,,,,
1782.5549584758182,14.506826293175033,2,EELS,Gold,"[{""position"": 0.0, ""amplitude"": 2.578669376523827, ""fwhm"": 2.64021333840469}]",0.0,2.578669376523827,2.64021333840469,,,,,,,,,,,,,,,
1783.534440644846,14.519380535458506,2,EELS,Gold,"[{""position"": 0.0, ""amplitude"": 2.578669376523827, ""fwhm"": 2.64021333840469}]",0.0,2.578669376523827,2.64021333840469,,,,,,,,,,,,,,,
1784.513922813874,14.516301926633915,2,EELS,Gold,"[{""position"": 0.0, ""amplitude"": 2.578669376523827, ""fwhm"": 2.64021333840469}]",0.0,2.578669376523827,2.64021333840469,,,,,,,,,,,,,,,
1785.4934049829017,14.508095717483497,2,EELS,Gold,"[{""position"": 0.0, ""amplitude"": 2.578669376523827, ""fwhm"": 2.64021333840469}]",0.0,2.578669376523827,2.64021333840469,,,,,,,,,,,,,,,
1786.4728871519296,14.520991026954068,2,EELS,Gold,"[{""position"": 0.0, ""amplitude"": 2.578669376523827, ""fwhm"": 2.64021333840469}]",0.0,2.578669376523827,2.64021333840469,,,,,,,,,,,,,,,
1787.4523693209574,14.511826293175034,2,EELS,Gold,"[{""position"": 0.0, ""amplitude"": 2.578669376523827, ""fwhm"": 2.64021333840469}]",0.0,2.578669376523827,2.64021333840469,,,,,,,,,,,,,,,
1788.4318514899853,14.50856035104173,2,EELS,Gold,"[{""position"": 0.0, ""amplitude"": 2.578669376523827, ""fwhm"": 2.64021333840469}]",0.0,2.578669376523827,2.64021333840469,,,,,,,,,,,,,,,
1789.411333659013,14.506826293175033,2,EELS,Gold,"[{""position"": 0.0, ""amplitude"": 2.578669376523827, ""fwhm"": 2.64021333840469}]",0.0,2.578669376523827,2.64021333840469,,,,,,,,,,,,,,,
1790.390815828041,14.506826293175033,2,EELS,Gold,"[{""position"": 0.0, ""amplitude"": 2.578669376523827, ""fwhm"": 2.64021333840469}]",0.0,2.578669376523827,2.64021333840469,,,,,,,,,,,,,,,
1791.3702979970687,14.521826293175033,2,EELS,Gold,"[{""position"": 0.0, ""amplitude"": 2.578669376523827, ""fwhm"": 2.64021333840469}]",0.0,2.578669376523827,2.64021333840469,,,,,,,,,,,,,,,
1792.3497801660967,14.508420651016115,2,EELS,Gold,"[{""position"": 0.0, ""amplitude"": 2.578669376523827, ""fwhm"": 2.64021333840469}]",0.0,2.578669376523827,2.64021333840469,,,,,,,,,,,,,,,
1793.3292623351244,14.514100002180555,2,EELS,Gold,"[{""position"": 0.0, ""amplitude"": 2.578669376523827, ""fwhm"": 2.64021333840469}]",0.0,2.578669376523827,2.64021333840469,,,,,,,,,,,,,,,
1794.3087445041524,14.510303322135066,2,EELS,Gold,"[{""position"": 0.0, ""amplitude"": 2.578669376523827, ""fwhm"": 2.64021333840469}]",0.0,2.578669376523827,2.64021333840469,,,,,,,,,,,,,,,
1795.2882266731801,14.524876530317531,2,EELS,Gold,"[{""position"": 0.0, ""amplitude"": 2.578669376523827, ""fwhm"": 2.64021333840469}]",0.0,2.578669376523827,2.64021333840469,,,,,,,,,,,,,,,
1796.267708842208,14.511826293175034,2,EELS,Gold,"[{""position"": 0.0, ""amplitude"": 2.578669376523827, ""fwhm"": 2.64021333840469}]",0.0,2.578669376523827,2.64021333840469,,,,,,,,,,,,,,,
1797.2471910112358,14.510170971204447,2,EELS,Gold,"[{""position"": 0.0, ""amplitude"": 2.578669376523827, ""fwhm"": 2.64021333840469}]",0.0,2.578669376523827,2.64021333840469,,,,,,,,,,,,,,,
1798.2266731802638,14.525443323669,2,EELS,Gold,"[{""position"": 0.0, ""amplitude"": 2.578669376523827, ""fwhm"": 2.64021333840469}]",0.0,2.578669376523827,2.64021333840469,,,,,,,,,,,,,,,
1799.2061553492915,14.521826293175033,2,EELS,Gold,"[{""position"": 0.0, ""amplitude"": 2.578669376523827, ""fwhm"": 2.64021333840469}]",0.0,2.578669376523827,2.64021333840469,,,,,,,,,,,,,,,
1800.1856375183195,14.516916511585002,2,EELS,Gold,"[{""position"": 0.0, ""amplitude"": 2.578669376523827, ""fwhm"": 2.64021333840469}]",0.0,2.578669376523827,2.64021333840469,,,,,,,,,,,,,,,
1801.1651196873472,14.516826293175033,2,EELS,Gold,"[{""position"": 0.0, ""amplitude"": 2.578669376523827, ""fwhm"": 2.64021333840469}]",0.0,2.578669376523827,2.64021333840469,,,,,,,,,,,,,,,
1802.1446018563752,14.515661223651016,2,EELS,Gold,"[{""position"": 0.0, ""amplitude"": 2.578669376523827, ""fwhm"": 2.64021333840469}]",0.0,2.578669376523827,2.64021333840469,,,,,,,,,,,,,,,
1803.124084025403,14.516826293175033,2,EELS,Gold,"[{""position"": 0.0, ""amplitude"": 2.578669376523827, ""fwhm"": 2.64021333840469}]",0.0,2.578669376523827,2.64021333840469,,,,,,,,,,,,,,,
1804.1035661944309,14.518222425569673,2,EELS,Gold,"[{""position"": 0.0, ""amplitude"": 2.578669376523827, ""fwhm"": 2.64021333840469}]",0.0,2.578669376523827,2.64021333840469,,,,,,,,,,,,,,,
1805.0830483634586,14.506826293175033,2,EELS,Gold,"[{""position"": 0.0, ""amplitude"": 2.578669376523827, ""fwhm"": 2.64021333840469}]",0.0,2.578669376523827,2.64021333840469,,,,,,,,,,,,,,,
1806.0625305324866,14.511826293175034,2,EELS,Gold,"[{""position"": 0.0, ""amplitude"": 2.578669376523827, ""fwhm"": 2.64021333840469}]",0.0,2.578669376523827,2.64021333840469,,,,,,,,,,,,,,,
1807.0420127015143,14.516826293175033,2,EELS,Gold,"[{""position"": 0.0, ""amplitude"": 2.578669376523827, ""fwhm"": 2.64021333840469}]",0.0,2.578669376523827,2.64021333840469,,,,,,,,,,,,,,,
1808.0214948705423,14.516826293175033,2,EELS,Gold,"[{""position"": 0.0, ""amplitude"": 2.578669376523827, ""fwhm"": 2.64021333840469}]",0.0,2.578669376523827,2.64021333840469,,,,,,,,,,,,,,,
1809.00097703957,14.516826293175033,2,EELS,Gold,"[{""position"": 0.0, ""amplitude"": 2.578669376523827, ""fwhm"": 2.64021333840469}]",0.0,2.578669376523827,2.64021333840469,,,,,,,,,,,,,,,
1809.980459208598,14.506988532922737,2,EELS,Gold,"[{""position"": 0.0, ""amplitude"": 2.578669376523827, ""fwhm"": 2.64021333840469}]",0.0,2.578669376523827,2.64021333840469,,,,,,,,,,,,,,,
1810.9599413776257,14.511404779945147,2,EELS,Gold,"[{""position"": 0.0, ""amplitude"": 2.578669376523827, ""fwhm"": 2.64021333840469}]",0.0,2.578669376523827,2.64021333840469,,,,,,,,,,,,,,,
1811.9394235466536,14.5073574145484,2,EELS,Gold,"[{""position"": 0.0, ""amplitude"": 2.578669376523827, ""fwhm"": 2.64021333840469}]",0.0,2.578669376523827,2.64021333840469,,,,,,,,,,,,,,,
1812.9189057156814,14.51199243638479,2,EELS,Gold,"[{""position"": 0.0, ""amplitude"": 2.578669376523827, ""fwhm"": 2.64021333840469}]",0.0,2.578669376523827,2.64021333840469,,,,,,,,,,,,,,,
1813.8983878847093,14.511826293175034,2,EELS,Gold,"[{""position"": 0.0, ""amplitude"": 2.578669376523827, ""fwhm"": 2.64021333840469}]",0.0,2.578669376523827,2.64021333840469,,,,,,,,,,,,,,,
1814.877870053737,14.511826293175034,2,EELS,Gold,"[{""position"": 0.0, ""amplitude"": 2.578669376523827, ""fwhm"": 2.64021333840469}]",0.0,2.578669376523827,2.64021333840469,,,,,,,,,,,,,,,
1815.857352222765,14.506826293175033,2,EELS,Gold,"[{""position"": 0.0, ""amplitude"": 2.578669376523827, ""fwhm"": 2.64021333840469}]",0.0,2.578669376523827,2.64021333840469,,,,,,,,,,,,,,,
1816.8368343917928,14.511826293175034,2,EELS,Gold,"[{""position"": 0.0, ""amplitude"": 2.578669376523827, ""fwhm"": 2.64021333840469}]",0.0,2.578669376523827,2.64021333840469,,,,,,,,,,,,,,,
1817.8163165608207,14.518863289306243,2,EELS,Gold,"[{""position"": 0.0, ""amplitude"": 2.578669376523827, ""fwhm"": 2.64021333840469}]",0.0,2.578669376523827,2.64021333840469,,,,,,,,,,,,,,,
1818.7957987298485,14.516826293175033,2,EELS,Gold,"[{""position"": 0.0, ""amplitude"": 2.578669376523827, ""fwhm"": 2.64021333840469}]",0.0,2.578669376523827,2.64021333840469,,,,,,,,,,,,,,,
1819.7752808988762,14.508440549422437,2,EELS,Gold,"[{""position"": 0.0, ""amplitude"": 2.578669376523827, ""fwhm"": 2.64021333840469}]",0.0,2.578669376523827,2.64021333840469,,,,,,,,,,,,,,,
1820.7547630679042,14.511826293175034,2,EELS,Gold,"[{""position"": 0.0, ""amplitude"": 2.578669376523827, ""fwhm"": 2.64021333840469}]",0.0,2.578669376523827,2.64021333840469,,,,,,,,,,,,,,,
1821.7342452369319,14.516826293175033,2,EELS,Gold,"[{""position"": 0.0, ""amplitude"": 2.578669376523827, ""fwhm"": 2.64021333840469}]",0.0,2.578669376523827,2.64021333840469,,,,,,,,,,,,,,,
1822.7137274059598,14.511826293175034,2,EELS,Gold,"[{""position"": 0.0, ""amplitude"": 2.578669376523827, ""fwhm"": 2.64021333840469}]",0.0,2.578669376523827,2.64021333840469,,,,,,,,,,,,,,,
1823.6932095749876,14.50910947396321,2,EELS,Gold,"[{""position"": 0.0, ""amplitude"": 2.578669376523827, ""fwhm"": 2.64021333840469}]",0.0,2.578669376523827,2.64021333840469,,,,,,,,,,,,,,,
1824.6726917440155,14.511826293175034,2,EELS,Gold,"[{""position"": 0.0, ""amplitude"": 2.578669376523827, ""fwhm"": 2.64021333840469}]",0.0,2.578669376523827,2.64021333840469,,,,,,,,,,,,,,,
1825.6521739130433,14.509646525945096,2,EELS,Gold,"[{""position"": 0.0, ""amplitude"": 2.578669376523827, ""fwhm"": 2.64021333840469}]",0.0,2.578669376523827,2.64021333840469,,,,,,,,,,,,,,,
1826.6316560820712,14.50729464734882,2,EELS,Gold,"[{""position"": 0.0, ""amplitude"": 2.578669376523827, ""fwhm"": 2.64021333840469}]",0.0,2.578669376523827,2.64021333840469,,,,,,,,,,,,,,,
1827.611138251099,14.511826293175034,2,EELS,Gold,"[{""position"": 0.0, ""amplitude"": 2.578669376523827, ""fwhm"": 2.64021333840469}]",0.0,2.578669376523827,2.64021333840469,,,,,,,,,,,,,,,
1828.590620420127,14.514669917534567,2,EELS,Gold,"[{""position"": 0.0, ""amplitude"": 2.578669376523827, ""fwhm"": 2.64021333840469}]",0.0,2.578669376523827,2.64021333840469,,,,,,,,,,,,,,,
1829.5701025891547,14.521826293175033,2,EELS,Gold,"[{""position"": 0.0, ""amplitude"": 2.578669376523827, ""fwhm"": 2.64021333840469}]",0.0,2.578669376523827,2.64021333840469,,,,,,,,,,,,,,,
1830.5495847581826,14.516826293175033,2,EELS,Gold,"[{""position"": 0.0, ""amplitude"": 2.578669376523827, ""fwhm"": 2.64021333840469}]",0.0,2.578669376523827,2.64021333840469,,,,,,,,,,,,,,,
1831.5290669272104,14.506826293175033,2,EELS,Gold,"[{""position"": 0.0, ""amplitude"": 2.578669376523827, ""fwhm"": 2.64021333840469}]",0.0,2.578669376523827,2.64021333840469,,,,,,,,,,,,,,,
1832.5085490962383,14.506826293175033,2,EELS,Gold,"[{""position"": 0.0, ""amplitude"": 2.578669376523827, ""fwhm"": 2.64021333840469}]",0.0,2.578669376523827,2.64021333840469,,,,,,,,,,,,,,,
1833.488031265266,14.51544196583064,2,EELS,Gold,"[{""position"": 0.0, ""amplitude"": 2.578669376523827, ""fwhm"": 2.64021333840469}]",0.0,2.578669376523827,2.64021333840469,,,,,,,,,,,,,,,
1834.467513434294,14.511826293175034,2,EELS,Gold,"[{""position"": 0.0, ""amplitude"": 2.578669376523827, ""fwhm"": 2.64021333840469}]",0.0,2.578669376523827,2.64021333840469,,,,,,,,,,,,,,,
1835.4469956033217,14.515058722894029,2,EELS,Gold,"[{""position"": 0.0, ""amplitude"": 2.578669376523827, ""fwhm"": 2.64021333840469}]",0.0,2.578669376523827,2.64021333840469,,,,,,,,,,,,,,,
1836.4264777723497,14.516826293175033,2,EELS,Gold,"[{""position"": 0.0, ""amplitude"": 2.578669376523827, ""fwhm"": 2.64021333840469}]",0.0,2.578669376523827,2.64021333840469,,,,,,,,,,,,,,,
1837.4059599413774,14.512661633080334,2,EELS,Gold,"[{""position"": 0.0, ""amplitude"": 2.578669376523827, ""fwhm"": 2.64021333840469}]",0.0,2.578669376523827,2.64021333840469,,,,,,,,,,,,,,,
1838.3854421104054,14.518064840701866,2,EELS,Gold,"[{""position"": 0.0, ""amplitude"": 2.578669376523827, ""fwhm"": 2.64021333840469}]",0.0,2.578669376523827,2.64021333840469,,,,,,,,,,,,,,,
1839.3649242794331,14.508637248931908,2,EELS,Gold,"[{""position"": 0.0, ""amplitude"": 2.578669376523827, ""fwhm"": 2.64021333840469}]",0.0,2.578669376523827,2.64021333840469,,,,,,,,,,,,,,,
1840.344406448461,14.511826293175034,2,EELS,Gold,"[{""position"": 0.0, ""amplitude"": 2.578669376523827, ""fwhm"": 2.64021333840469}]",0.0,2.578669376523827,2.64021333840469,,,,,,,,,,,,,,,
1841.3238886174888,14.516826293175033,2,EELS,Gold,"[{""position"": 0.0, ""amplitude"": 2.578669376523827, ""fwhm"": 2.64021333840469}]",0.0,2.578669376523827,2.64021333840469,,,,,,,,,,,,,,,
1842.3033707865168,14.506826293175033,2,EELS,Gold,"[{""position"": 0.0, ""amplitude"": 2.578669376523827, ""fwhm"": 2.64021333840469}]",0.0,2.578669376523827,2.64021333840469,,,,,,,,,,,,,,,
1843.2828529555445,14.511826293175034,2,EELS,Gold,"[{""position"": 0.0, ""amplitude"": 2.578669376523827, ""fwhm"": 2.64021333840469}]",0.0,2.578669376523827,2.64021333840469,,,,,,,,,,,,,,,
1844.2623351245725,14.511826293175034,2,EELS,Gold,"[{""position"": 0.0, ""amplitude"": 2.578669376523827, ""fwhm"": 2.64021333840469}]",0.0,2.578669376523827,2.64021333840469,,,,,,,,,,,,,,,
1845.2418172936002,14.506826293175033,2,EELS,Gold,"[{""position"": 0.0, ""amplitude"": 2.578669376523827, ""fwhm"": 2.64021333840469}]",0.0,2.578669376523827,2.64021333840469,,,,,,,,,,,,,,,
1846.2212994626282,14.523338099134817,2,EELS,Gold,"[{""position"": 0.0, ""amplitude"": 2.578669376523827, ""fwhm"": 2.64021333840469}]",0.0,2.578669376523827,2.64021333840469,,,,,,,,,,,,,,,
1847.200781631656,14.507077929385478,2,EELS,Gold,"[{""position"": 0.0, ""amplitude"": 2.578669376523827, ""fwhm"": 2.64021333840469}]",0.0,2.578669376523827,2.64021333840469,,,,,,,,,,,,,,,
1848.1802638006839,14.515287994640317,2,EELS,Gold,"[{""position"": 0.0, ""amplitude"": 2.578669376523827, ""fwhm"": 2.64021333840469}]",0.0,2.578669376523827,2.64021333840469,,,,,,,,,,,,,,,
1849.1597459697116,14.512023211173279,2,EELS,Gold,"[{""position"": 0.0, ""amplitude"": 2.578669376523827, ""fwhm"": 2.64021333840469}]",0.0,2.578669376523827,2.64021333840469,,,,,,,,,,,,,,,
1850.1392281387396,14.521826293175033,2,EELS,Gold,"[{""position"": 0.0, ""amplitude"": 2.578669376523827, ""fwhm"": 2.64021333840469}]",0.0,2.578669376523827,2.64021333840469,,,,,,,,,,,,,,,
1851.1187103077673,14.516991236565836,2,EELS,Gold,"[{""position"": 0.0, ""amplitude"": 2.578669376523827, ""fwhm"": 2.64021333840469}]",0.0,2.578669376523827,2.64021333840469,,,,,,,,,,,,,,,
1852.0981924767952,14.523709522391021,2,EELS,Gold,"[{""position"": 0.0, ""amplitude"": 2.578669376523827, ""fwhm"": 2.64021333840469}]",0.0,2.578669376523827,2.64021333840469,,,,,,,,,,,,,,,
1853.077674645823,14.506826293175033,2,EELS,Gold,"[{""position"": 0.0, ""amplitude"": 2.578669376523827, ""fwhm"": 2.64021333840469}]",0.0,2.578669376523827,2.64021333840469,,,,,,,,,,,,,,,
1854.057156814851,14.506826293175033,2,EELS,Gold,"[{""position"": 0.0, ""amplitude"": 2.578669376523827, ""fwhm"": 2.64021333840469}]",0.0,2.578669376523827,2.64021333840469,,,,,,,,,,,,,,,
1855.0366389838787,14.506826293175033,2,EELS,Gold,"[{""position"": 0.0, ""amplitude"": 2.578669376523827, ""fwhm"": 2.64021333840469}]",0.0,2.578669376523827,2.64021333840469,,,,,,,,,,,,,,,
1856.0161211529066,14.507902031891582,2,EELS,Gold,"[{""position"": 0.0, ""amplitude"": 2.578669376523827, ""fwhm"": 2.64021333840469}]",0.0,2.578669376523827,2.64021333840469,,,,,,,,,,,,,,,
1856.9956033219344,14.508201854678862,2,EELS,Gold,"[{""position"": 0.0, ""amplitude"": 2.578669376523827, ""fwhm"": 2.64021333840469}]",0.0,2.578669376523827,2.64021333840469,,,,,,,,,,,,,,,
1857.9750854909623,14.507103372171942,2,EELS,Gold,"[{""position"": 0.0, ""amplitude"": 2.578669376523827, ""fwhm"": 2.64021333840469}]",0.0,2.578669376523827,2.64021333840469,,,,,,,,,,,,,,,
1858.95456765999,14.506826293175033,2,EELS,Gold,"[{""position"": 0.0, ""amplitude"": 2.578669376523827, ""fwhm"": 2.64021333840469}]",0.0,2.578669376523827,2.64021333840469,,,,,,,,,,,,,,,
1859.934049829018,14.511826293175034,2,EELS,Gold,"[{""position"": 0.0, ""amplitude"": 2.578669376523827, ""fwhm"": 2.64021333840469}]",0.0,2.578669376523827,2.64021333840469,,,,,,,,,,,,,,,
1860.9135319980458,14.506826293175033,2,EELS,Gold,"[{""position"": 0.0, ""amplitude"": 2.578669376523827, ""fwhm"": 2.64021333840469}]",0.0,2.578669376523827,2.64021333840469,,,,,,,,,,,,,,,
1861.8930141670737,14.511826293175034,2,EELS,Gold,"[{""position"": 0.0, ""amplitude"": 2.578669376523827, ""fwhm"": 2.64021333840469}]",0.0,2.578669376523827,2.64021333840469,,,,,,,,,,,,,,,
1862.8724963361014,14.511856164402829,2,EELS,Gold,"[{""position"": 0.0, ""amplitude"": 2.578669376523827, ""fwhm"": 2.64021333840469}]",0.0,2.578669376523827,2.64021333840469,,,,,,,,,,,,,,,
1863.8519785051294,14.511826293175034,2,EELS,Gold,"[{""position"": 0.0, ""amplitude"": 2.578669376523827, ""fwhm"": 2.64021333840469}]",0.0,2.578669376523827,2.64021333840469,,,,,,,,,,,,,,,
1864.8314606741571,14.52579118708461,2,EELS,Gold,"[{""position"": 0.0, ""amplitude"": 2.578669376523827, ""fwhm"": 2.64021333840469}]",0.0,2.578669376523827,2.64021333840469,,,,,,,,,,,,,,,
1865.810942843185,14.511826293175034,2,EELS,Gold,"[{""position"": 0.0, ""amplitude"": 2.578669376523827, ""fwhm"": 2.64021333840469}]",0.0,2.578669376523827,2.64021333840469,,,,,,,,,,,,,,,
1866.7904250122128,14.517622502332479,2,EELS,Gold,"[{""position"": 0.0, ""amplitude"": 2.578669376523827, ""fwhm"": 2.64021333840469}]",0.0,2.578669376523827,2.64021333840469,,,,,,,,,,,,,,,
1867.7699071812408,14.523977035949413,2,EELS,Gold,"[{""position"": 0.0, ""amplitude"": 2.578669376523827, ""fwhm"": 2.64021333840469}]",0.0,2.578669376523827,2.64021333840469,,,,,,,,,,,,,,,
1868.7493893502685,14.508650951407,2,EELS,Gold,"[{""position"": 0.0, ""amplitude"": 2.578669376523827, ""fwhm"": 2.64021333840469}]",0.0,2.578669376523827,2.64021333840469,,,,,,,,,,,,,,,
1869.7288715192965,14.513871979684218,2,EELS,Gold,"[{""position"": 0.0, ""amplitude"": 2.578669376523827, ""fwhm"": 2.64021333840469}]",0.0,2.578669376523827,2.64021333840469,,,,,,,,,,,,,,,
1870.7083536883242,14.509242823596994,2,EELS,Gold,"[{""position"": 0.0, ""amplitude"": 2.578669376523827, ""fwhm"": 2.64021333840469}]",0.0,2.578669376523827,2.64021333840469,,,,,,,,,,,,,,,
1871.6878358573522,14.511826293175034,2,EELS,Gold,"[{""position"": 0.0, ""amplitude"": 2.578669376523827, ""fwhm"": 2.64021333840469}]",0.0,2.578669376523827,2.64021333840469,,,,,,,,,,,,,,,
1872.66731802638,14.511826293175034,2,EELS,Gold,"[{""position"": 0.0, ""amplitude"": 2.578669376523827, ""fwhm"": 2.64021333840469}]",0.0,2.578669376523827,2.64021333840469,,,,,,,,,,,,,,,
1873.6468001954079,14.506826293175033,2,EELS,Gold,"[{""position"": 0.0, ""amplitude"": 2.578669376523827, ""fwhm"": 2.64021333840469}]",0.0,2.578669376523827,2.64021333840469,,,,,,,,,,,,,,,
1874.6262823644356,14.511826293175034,2,EELS,Gold,"[{""position"": 0.0, ""amplitude"": 2.578669376523827, ""fwhm"": 2.64021333840469}]",0.0,2.578669376523827,2.64021333840469,,,,,,,,,,,,,,,
1875.6057645334636,14.511826293175034,2,EELS,Gold,"[{""position"": 0.0, ""amplitude"": 2.578669376523827, ""fwhm"": 2.64021333840469}]",0.0,2.578669376523827,2.64021333840469,,,,,,,,,,,,,,,
1876.5852467024913,14.51983700321082,2,EELS,Gold,"[{""position"": 0.0, ""amplitude"": 2.578669376523827, ""fwhm"": 2.64021333840469}]",0.0,2.578669376523827,2.64021333840469,,,,,,,,,,,,,,,
1877.5647288715193,14.511826293175034,2,EELS,Gold,"[{""position"": 0.0, ""amplitude"": 2.578669376523827, ""fwhm"": 2.64021333840469}]",0.0,2.578669376523827,2.64021333840469,,,,,,,,,,,,,,,
1878.544211040547,14.506826293175033,2,EELS,Gold,"[{""position"": 0.0, ""amplitude"": 2.578669376523827, ""fwhm"": 2.64021333840469}]",0.0,2.578669376523827,2.64021333840469,,,,,,,,,,,,,,,
1879.523693209575,14.516826293175033,2,EELS,Gold,"[{""position"": 0.0, ""amplitude"": 2.578669376523827, ""fwhm"": 2.64021333840469}]",0.0,2.578669376523827,2.64021333840469,,,,,,,,,,,,,,,
1880.5031753786027,14.531969674667101,2,EELS,Gold,"[{""position"": 0.0, ""amplitude"": 2.578669376523827, ""fwhm"": 2.64021333840469}]",0.0,2.578669376523827,2.64021333840469,,,,,,,,,,,,,,,
1881.4826575476307,14.506826293175033,2,EELS,Gold,"[{""position"": 0.0, ""amplitude"": 2.578669376523827, ""fwhm"": 2.64021333840469}]",0.0,2.578669376523827,2.64021333840469,,,,,,,,,,,,,,,
1882.4621397166584,14.511826293175034,2,EELS,Gold,"[{""position"": 0.0, ""amplitude"": 2.578669376523827, ""fwhm"": 2.64021333840469}]",0.0,2.578669376523827,2.64021333840469,,,,,,,,,,,,,,,
1883.4416218856863,14.507161846015958,2,EELS,Gold,"[{""position"": 0.0, ""amplitude"": 2.578669376523827, ""fwhm"": 2.64021333840469}]",0.0,2.578669376523827,2.64021333840469,,,,,,,,,,,,,,,
1884.421104054714,14.511732605218587,2,EELS,Gold,"[{""position"": 0.0, ""amplitude"": 2.578669376523827, ""fwhm"": 2.64021333840469}]",0.0,2.578669376523827,2.64021333840469,,,,,,,,,,,,,,,
1885.400586223742,14.506826293175033,2,EELS,Gold,"[{""position"": 0.0, ""amplitude"": 2.578669376523827, ""fwhm"": 2.64021333840469}]",0.0,2.578669376523827,2.64021333840469,,,,,,,,,,,,,,,
1886.3800683927698,14.518613258802475,2,EELS,Gold,"[{""position"": 0.0, ""amplitude"": 2.578669376523827, ""fwhm"": 2.64021333840469}]",0.0,2.578669376523827,2.64021333840469,,,,,,,,,,,,,,,
1887.3595505617977,14.509900933489703,2,EELS,Gold,"[{""position"": 0.0, ""amplitude"": 2.578669376523827, ""fwhm"": 2.64021333840469}]",0.0,2.578669376523827,2.64021333840469,,,,,,,,,,,,,,,
1888.3390327308255,14.506826293175033,2,EELS,Gold,"[{""position"": 0.0, ""amplitude"": 2.578669376523827, ""fwhm"": 2.64021333840469}]",0.0,2.578669376523827,2.64021333840469,,,,,,,,,,,,,,,
1889.3185148998534,14.506826293175033,2,EELS,Gold,"[{""position"": 0.0, ""amplitude"": 2.578669376523827, ""fwhm"": 2.64021333840469}]",0.0,2.578669376523827,2.64021333840469,,,,,,,,,,,,,,,
1890.2979970688812,14.509577653075526,2,EELS,Gold,"[{""position"": 0.0, ""amplitude"": 2.578669376523827, ""fwhm"": 2.64021333840469}]",0.0,2.578669376523827,2.64021333840469,,,,,,,,,,,,,,,
1891.2774792379091,14.516826293175033,2,EELS,Gold,"[{""position"": 0.0, ""amplitude"": 2.578669376523827, ""fwhm"": 2.64021333840469}]",0.0,2.578669376523827,2.64021333840469,,,,,,,,,,,,,,,
1892.2569614069369,14.50791091461272,2,EELS,Gold,"[{""position"": 0.0, ""amplitude"": 2.578669376523827, ""fwhm"": 2.64021333840469}]",0.0,2.578669376523827,2.64021333840469,,,,,,,,,,,,,,,
1893.2364435759648,14.506826293175033,2,EELS,Gold,"[{""position"": 0.0, ""amplitude"": 2.578669376523827, ""fwhm"": 2.64021333840469}]",0.0,2.578669376523827,2.64021333840469,,,,,,,,,,,,,,,
1894.2159257449925,14.511826293175034,2,EELS,Gold,"[{""position"": 0.0, ""amplitude"": 2.578669376523827, ""fwhm"": 2.64021333840469}]",0.0,2.578669376523827,2.64021333840469,,,,,,,,,,,,,,,
1895.1954079140205,14.506826293175033,2,EELS,Gold,"[{""position"": 0.0, ""amplitude"": 2.578669376523827, ""fwhm"": 2.64021333840469}]",0.0,2.578669376523827,2.64021333840469,,,,,,,,,,,,,,,
1896.1748900830482,14.508483341077454,2,EELS,Gold,"[{""position"": 0.0, ""amplitude"": 2.578669376523827, ""fwhm"": 2.64021333840469}]",0.0,2.578669376523827,2.64021333840469,,,,,,,,,,,,,,,
1897.1543722520762,14.517361574884697,2,EELS,Gold,"[{""position"": 0.0, ""amplitude"": 2.578669376523827, ""fwhm"": 2.64021333840469}]",0.0,2.578669376523827,2.64021333840469,,,,,,,,,,,,,,,
1898.133854421104,14.512096726648245,2,EELS,Gold,"[{""position"": 0.0, ""amplitude"": 2.578669376523827, ""fwhm"": 2.64021333840469}]",0.0,2.578669376523827,2.64021333840469,,,,,,,,,,,,,,,
1899.113336590132,14.518306682054563,2,EELS,Gold,"[{""position"": 0.0, ""amplitude"": 2.578669376523827, ""fwhm"": 2.64021333840469}]",0.0,2.578669376523827,2.64021333840469,,,,,,,,,,,,,,,
1900.0928187591596,14.511327125453874,2,EELS,Gold,"[{""position"": 0.0, ""amplitude"": 2.578669376523827, ""fwhm"": 2.64021333840469}]",0.0,2.578669376523827,2.64021333840469,,,,,,,,,,,,,,,
1901.0723009281876,14.511826293175034,2,EELS,Gold,"[{""position"": 0.0, ""amplitude"": 2.578669376523827, ""fwhm"": 2.64021333840469}]",0.0,2.578669376523827,2.64021333840469,,,,,,,,,,,,,,,
1902.0517830972153,14.511826293175034,2,EELS,Gold,"[{""position"": 0.0, ""amplitude"": 2.578669376523827, ""fwhm"": 2.64021333840469}]",0.0,2.578669376523827,2.64021333840469,,,,,,,,,,,,,,,
1903.0312652662433,14.518097714692795,2,EELS,Gold,"[{""position"": 0.0, ""amplitude"": 2.578669376523827, ""fwhm"": 2.64021333840469}]",0.0,2.578669376523827,2.64021333840469,,,,,,,,,,,,,,,
1904.010747435271,14.516826293175033,2,EELS,Gold,"[{""position"": 0.0, ""amplitude"": 2.578669376523827, ""fwhm"": 2.64021333840469}]",0.0,2.578669376523827,2.64021333840469,,,,,,,,,,,,,,,
1904.990229604299,14.51722440406019,2,EELS,Gold,"[{""position"": 0.0, ""amplitude"": 2.578669376523827, ""fwhm"": 2.64021333840469}]",0.0,2.578669376523827,2.64021333840469,,,,,,,,,,,,,,,
1905.9697117733267,14.506826293175033,2,EELS,Gold,"[{""position"": 0.0, ""amplitude"": 2.578669376523827, ""fwhm"": 2.64021333840469}]",0.0,2.578669376523827,2.64021333840469,,,,,,,,,,,,,,,
1906.9491939423547,14.511826293175034,2,EELS,Gold,"[{""position"": 0.0, ""amplitude"": 2.578669376523827, ""fwhm"": 2.64021333840469}]",0.0,2.578669376523827,2.64021333840469,,,,,,,,,,,,,,,
1907.9286761113824,14.509068187176776,2,EELS,Gold,"[{""position"": 0.0, ""amplitude"": 2.578669376523827, ""fwhm"": 2.64021333840469}]",0.0,2.578669376523827,2.64021333840469,,,,,,,,,,,,,,,
1908.9081582804104,14.506826293175033,2,EELS,Gold,"[{""position"": 0.0, ""amplitude"": 2.578669376523827, ""fwhm"": 2.64021333840469}]",0.0,2.578669376523827,2.64021333840469,,,,,,,,,,,,,,,
1909.887640449438,14.518116939931776,2,EELS,Gold,"[{""position"": 0.0, ""amplitude"": 2.578669376523827, ""fwhm"": 2.64021333840469}]",0.0,2.578669376523827,2.64021333840469,,,,,,,,,,,,,,,
1910.8671226184658,14.515902229327597,2,EELS,Gold,"[{""position"": 0.0, ""amplitude"": 2.578669376523827, ""fwhm"": 2.64021333840469}]",0.0,2.578669376523827,2.64021333840469,,,,,,,,,,,,,,,
1911.8466047874938,14.513798016658491,2,EELS,Gold,"[{""position"": 0.0, ""amplitude"": 2.578669376523827, ""fwhm"": 2.64021333840469}]",0.0,2.578669376523827,2.64021333840469,,,,,,,,,,,,,,,
1912.8260869565215,14.52220655568168,2,EELS,Gold,"[{""position"": 0.0, ""amplitude"": 2.578669376523827, ""fwhm"": 2.64021333840469}]",0.0,2.578669376523827,2.64021333840469,,,,,,,,,,,,,,,
1913.8055691255495,14.51615634678447,2,EELS,Gold,"[{""position"": 0.0, ""amplitude"": 2.578669376523827, ""fwhm"": 2.64021333840469}]",0.0,2.578669376523827,2.64021333840469,,,,,,,,,,,,,,,
1914.7850512945772,14.514101915268446,2,EELS,Gold,"[{""position"": 0.0, ""amplitude"": 2.578669376523827, ""fwhm"": 2.64021333840469}]",0.0,2.578669376523827,2.64021333840469,,,,,,,,,,,,,,,
1915.7645334636052,14.511826293175034,2,EELS,Gold,"[{""position"": 0.0, ""amplitude"": 2.578669376523827, ""fwhm"": 2.64021333840469}]",0.0,2.578669376523827,2.64021333840469,,,,,,,,,,,,,,,
1916.744015632633,14.511946655307947,2,EELS,Gold,"[{""position"": 0.0, ""amplitude"": 2.578669376523827, ""fwhm"": 2.64021333840469}]",0.0,2.578669376523827,2.64021333840469,,,,,,,,,,,,,,,
1917.7234978016609,14.523497746843185,2,EELS,Gold,"[{""position"": 0.0, ""amplitude"": 2.578669376523827, ""fwhm"": 2.64021333840469}]",0.0,2.578669376523827,2.64021333840469,,,,,,,,,,,,,,,
1918.7029799706886,14.511826293175034,2,EELS,Gold,"[{""position"": 0.0, ""amplitude"": 2.578669376523827, ""fwhm"": 2.64021333840469}]",0.0,2.578669376523827,2.64021333840469,,,,,,,,,,,,,,,
1919.6824621397166,14.506826293175033,2,EELS,Gold,"[{""position"": 0.0, ""amplitude"": 2.578669376523827, ""fwhm"": 2.64021333840469}]",0.0,2.578669376523827,2.64021333840469,,,,,,,,,,,,,,,
1920.6619443087443,14.506826293175033,2,EELS,Gold,"[{""position"": 0.0, ""amplitude"": 2.578669376523827, ""fwhm"": 2.64021333840469}]",0.0,2.578669376523827,2.64021333840469,,,,,,,,,,,,,,,
1921.6414264777723,14.511224848248176,2,EELS,Gold,"[{""position"": 0.0, ""amplitude"": 2.578669376523827, ""fwhm"": 2.64021333840469}]",0.0,2.578669376523827,2.64021333840469,,,,,,,,,,,,,,,
1922.6209086468,14.511326753368158,2,EELS,Gold,"[{""position"": 0.0, ""amplitude"": 2.578669376523827, ""fwhm"": 2.64021333840469}]",0.0,2.578669376523827,2.64021333840469,,,,,,,,,,,,,,,
1923.600390815828,14.507061399356633,2,EELS,Gold,"[{""position"": 0.0, ""amplitude"": 2.578669376523827, ""fwhm"": 2.64021333840469}]",0.0,2.578669376523827,2.64021333840469,,,,,,,,,,,,,,,
1924.5798729848557,14.506826293175033,2,EELS,Gold,"[{""position"": 0.0, ""amplitude"": 2.578669376523827, ""fwhm"": 2.64021333840469}]",0.0,2.578669376523827,2.64021333840469,,,,,,,,,,,,,,,
1925.5593551538836,14.506826293175033,2,EELS,Gold,"[{""position"": 0.0, ""amplitude"": 2.578669376523827, ""fwhm"": 2.64021333840469}]",0.0,2.578669376523827,2.64021333840469,,,,,,,,,,,,,,,
1926.5388373229114,14.511826293175034,2,EELS,Gold,"[{""position"": 0.0, ""amplitude"": 2.578669376523827, ""fwhm"": 2.64021333840469}]",0.0,2.578669376523827,2.64021333840469,,,,,,,,,,,,,,,
1927.5183194919393,14.511826293175034,2,EELS,Gold,"[{""position"": 0.0, ""amplitude"": 2.578669376523827, ""fwhm"": 2.64021333840469}]",0.0,2.578669376523827,2.64021333840469,,,,,,,,,,,,,,,
1928.497801660967,14.517066979070766,2,EELS,Gold,"[{""position"": 0.0, ""amplitude"": 2.578669376523827, ""fwhm"": 2.64021333840469}]",0.0,2.578669376523827,2.64021333840469,,,,,,,,,,,,,,,
1929.477283829995,14.512152345599507,2,EELS,Gold,"[{""position"": 0.0, ""amplitude"": 2.578669376523827, ""fwhm"": 2.64021333840469}]",0.0,2.578669376523827,2.64021333840469,,,,,,,,,,,,,,,
1930.4567659990228,14.506826293175033,2,EELS,Gold,"[{""position"": 0.0, ""amplitude"": 2.578669376523827, ""fwhm"": 2.64021333840469}]",0.0,2.578669376523827,2.64021333840469,,,,,,,,,,,,,,,
1931.4362481680507,14.511826293175034,2,EELS,Gold,"[{""position"": 0.0, ""amplitude"": 2.578669376523827, ""fwhm"": 2.64021333840469}]",0.0,2.578669376523827,2.64021333840469,,,,,,,,,,,,,,,
1932.4157303370785,14.516826293175033,2,EELS,Gold,"[{""position"": 0.0, ""amplitude"": 2.578669376523827, ""fwhm"": 2.64021333840469}]",0.0,2.578669376523827,2.64021333840469,,,,,,,,,,,,,,,
1933.3952125061064,14.511826293175034,2,EELS,Gold,"[{""position"": 0.0, ""amplitude"": 2.578669376523827, ""fwhm"": 2.64021333840469}]",0.0,2.578669376523827,2.64021333840469,,,,,,,,,,,,,,,
1934.3746946751342,14.516067853291746,2,EELS,Gold,"[{""position"": 0.0, ""amplitude"": 2.578669376523827, ""fwhm"": 2.64021333840469}]",0.0,2.578669376523827,2.64021333840469,,,,,,,,,,,,,,,
1935.354176844162,14.519622535850518,2,EELS,Gold,"[{""position"": 0.0, ""amplitude"": 2.578669376523827, ""fwhm"": 2.64021333840469}]",0.0,2.578669376523827,2.64021333840469,,,,,,,,,,,,,,,
1936.3336590131898,14.50892626194799,2,EELS,Gold,"[{""position"": 0.0, ""amplitude"": 2.578669376523827, ""fwhm"": 2.64021333840469}]",0.0,2.578669376523827,2.64021333840469,,,,,,,,,,,,,,,
1937.3131411822178,14.511826293175034,2,EELS,Gold,"[{""position"": 0.0, ""amplitude"": 2.578669376523827, ""fwhm"": 2.64021333840469}]",0.0,2.578669376523827,2.64021333840469,,,,,,,,,,,,,,,
1938.2926233512455,14.51009495134674,2,EELS,Gold,"[{""position"": 0.0, ""amplitude"": 2.578669376523827, ""fwhm"": 2.64021333840469}]",0.0,2.578669376523827,2.64021333840469,,,,,,,,,,,,,,,
1939.2721055202735,14.508508570997025,2,EELS,Gold,"[{""position"": 0.0, ""amplitude"": 2.578669376523827, ""fwhm"": 2.64021333840469}]",0.0,2.578669376523827,2.64021333840469,,,,,,,,,,,,,,,
1940.2515876893012,14.507882690327381,2,EELS,Gold,"[{""position"": 0.0, ""amplitude"": 2.578669376523827, ""fwhm"": 2.64021333840469}]",0.0,2.578669376523827,2.64021333840469,,,,,,,,,,,,,,,
1941.2310698583292,14.516826293175033,2,EELS,Gold,"[{""position"": 0.0, ""amplitude"": 2.578669376523827, ""fwhm"": 2.64021333840469}]",0.0,2.578669376523827,2.64021333840469,,,,,,,,,,,,,,,
1942.210552027357,14.527662119303063,2,EELS,Gold,"[{""position"": 0.0, ""amplitude"": 2.578669376523827, ""fwhm"": 2.64021333840469}]",0.0,2.578669376523827,2.64021333840469,,,,,,,,,,,,,,,
1943.1900341963849,14.5075844480624,2,EELS,Gold,"[{""position"": 0.0, ""amplitude"": 2.578669376523827, ""fwhm"": 2.64021333840469}]",0.0,2.578669376523827,2.64021333840469,,,,,,,,,,,,,,,
1944.1695163654126,14.511826293175034,2,EELS,Gold,"[{""position"": 0.0, ""amplitude"": 2.578669376523827, ""fwhm"": 2.64021333840469}]",0.0,2.578669376523827,2.64021333840469,,,,,,,,,,,,,,,
1945.1489985344406,14.521826293175033,2,EELS,Gold,"[{""position"": 0.0, ""amplitude"": 2.578669376523827, ""fwhm"": 2.64021333840469}]",0.0,2.578669376523827,2.64021333840469,,,,,,,,,,,,,,,
1946.1284807034683,14.506826293175033,2,EELS,Gold,"[{""position"": 0.0, ""amplitude"": 2.578669376523827, ""fwhm"": 2.64021333840469}]",0.0,2.578669376523827,2.64021333840469,,,,,,,,,,,,,,,
1947.1079628724963,14.506826293175033,2,EELS,Gold,"[{""position"": 0.0, ""amplitude"": 2.578669376523827, ""fwhm"": 2.64021333840469}]",0.0,2.578669376523827,2.64021333840469,,,,,,,,,,,,,,,
1948.087445041524,14.511826293175034,2,EELS,Gold,"[{""position"": 0.0, ""amplitude"": 2.578669376523827, ""fwhm"": 2.64021333840469}]",0.0,2.578669376523827,2.64021333840469,,,,,,,,,,,,,,,
1949.066927210552,14.521826293175033,2,EELS,Gold,"[{""position"": 0.0, ""amplitude"": 2.578669376523827, ""fwhm"": 2.64021333840469}]",0.0,2.578669376523827,2.64021333840469,,,,,,,,,,,,,,,
1950.0464093795797,14.511826293175034,2,EELS,Gold,"[{""position"": 0.0, ""amplitude"": 2.578669376523827, ""fwhm"": 2.64021333840469}]",0.0,2.578669376523827,2.64021333840469,,,,,,,,,,,,,,,
1951.0258915486077,14.516826293175033,2,EELS,Gold,"[{""position"": 0.0, ""amplitude"": 2.578669376523827, ""fwhm"": 2.64021333840469}]",0.0,2.578669376523827,2.64021333840469,,,,,,,,,,,,,,,
1952.0053737176354,14.50759369518648,2,EELS,Gold,"[{""position"": 0.0, ""amplitude"": 2.578669376523827, ""fwhm"": 2.64021333840469}]",0.0,2.578669376523827,2.64021333840469,,,,,,,,,,,,,,,
1952.9848558866634,14.515392916272805,2,EELS,Gold,"[{""position"": 0.0, ""amplitude"": 2.578669376523827, ""fwhm"": 2.64021333840469}]",0.0,2.578669376523827,2.64021333840469,,,,,,,,,,,,,,,
1953.964338055691,14.511826293175034,2,EELS,Gold,"[{""position"": 0.0, ""amplitude"": 2.578669376523827, ""fwhm"": 2.64021333840469}]",0.0,2.578669376523827,2.64021333840469,,,,,,,,,,,,,,,
1954.943820224719,14.516826293175033,2,EELS,Gold,"[{""position"": 0.0, ""amplitude"": 2.578669376523827, ""fwhm"": 2.64021333840469}]",0.0,2.578669376523827,2.64021333840469,,,,,,,,,,,,,,,
1955.9233023937468,14.516826293175033,2,EELS,Gold,"[{""position"": 0.0, ""amplitude"": 2.578669376523827, ""fwhm"": 2.64021333840469}]",0.0,2.578669376523827,2.64021333840469,,,,,,,,,,,,,,,
1956.9027845627747,14.516826293175033,2,EELS,Gold,"[{""position"": 0.0, ""amplitude"": 2.578669376523827, ""fwhm"": 2.64021333840469}]",0.0,2.578669376523827,2.64021333840469,,,,,,,,,,,,,,,
1957.8822667318025,14.514910032831184,2,EELS,Gold,"[{""position"": 0.0, ""amplitude"": 2.578669376523827, ""fwhm"": 2.64021333840469}]",0.0,2.578669376523827,2.64021333840469,,,,,,,,,,,,,,,
1958.8617489008304,14.509515876604825,2,EELS,Gold,"[{""position"": 0.0, ""amplitude"": 2.578669376523827, ""fwhm"": 2.64021333840469}]",0.0,2.578669376523827,2.64021333840469,,,,,,,,,,,,,,,
1959.8412310698582,14.509336711830496,2,EELS,Gold,"[{""position"": 0.0, ""amplitude"": 2.578669376523827, ""fwhm"": 2.64021333840469}]",0.0,2.578669376523827,2.64021333840469,,,,,,,,,,,,,,,
1960.8207132388861,14.509253926852148,2,EELS,Gold,"[{""position"": 0.0, ""amplitude"": 2.578669376523827, ""fwhm"": 2.64021333840469}]",0.0,2.578669376523827,2.64021333840469,,,,,,,,,,,,,,,
1961.8001954079139,14.512967037103566,2,EELS,Gold,"[{""position"": 0.0, ""amplitude"": 2.578669376523827, ""fwhm"": 2.64021333840469}]",0.0,2.578669376523827,2.64021333840469,,,,,,,,,,,,,,,
1962.7796775769418,14.507875433448564,2,EELS,Gold,"[{""position"": 0.0, ""amplitude"": 2.578669376523827, ""fwhm"": 2.64021333840469}]",0.0,2.578669376523827,2.64021333840469,,,,,,,,,,,,,,,
1963.7591597459696,14.517472043183252,2,EELS,Gold,"[{""position"": 0.0, ""amplitude"": 2.578669376523827, ""fwhm"": 2.64021333840469}]",0.0,2.578669376523827,2.64021333840469,,,,,,,,,,,,,,,
1964.7386419149975,14.521826293175033,2,EELS,Gold,"[{""position"": 0.0, ""amplitude"": 2.578669376523827, ""fwhm"": 2.64021333840469}]",0.0,2.578669376523827,2.64021333840469,,,,,,,,,,,,,,,
1965.7181240840252,14.507056796703772,2,EELS,Gold,"[{""position"": 0.0, ""amplitude"": 2.578669376523827, ""fwhm"": 2.64021333840469}]",0.0,2.578669376523827,2.64021333840469,,,,,,,,,,,,,,,
1966.6976062530532,14.507396851616585,2,EELS,Gold,"[{""position"": 0.0, ""amplitude"": 2.578669376523827, ""fwhm"": 2.64021333840469}]",0.0,2.578669376523827,2.64021333840469,,,,,,,,,,,,,,,
1967.677088422081,14.518473420192965,2,EELS,Gold,"[{""position"": 0.0, ""amplitude"": 2.578669376523827, ""fwhm"": 2.64021333840469}]",0.0,2.578669376523827,2.64021333840469,,,,,,,,,,,,,,,
1968.656570591109,14.507099449344745,2,EELS,Gold,"[{""position"": 0.0, ""amplitude"": 2.578669376523827, ""fwhm"": 2.64021333840469}]",0.0,2.578669376523827,2.64021333840469,,,,,,,,,,,,,,,
1969.6360527601366,14.5122685029795,2,EELS,Gold,"[{""position"": 0.0, ""amplitude"": 2.578669376523827, ""fwhm"": 2.64021333840469}]",0.0,2.578669376523827,2.64021333840469,,,,,,,,,,,,,,,
1970.6155349291646,14.511826293175034,2,EELS,Gold,"[{""position"": 0.0, ""amplitude"": 2.578669376523827, ""fwhm"": 2.64021333840469}]",0.0,2.578669376523827,2.64021333840469,,,,,,,,,,,,,,,
1971.5950170981923,14.513786128803979,2,EELS,Gold,"[{""position"": 0.0, ""amplitude"": 2.578669376523827, ""fwhm"": 2.64021333840469}]",0.0,2.578669376523827,2.64021333840469,,,,,,,,,,,,,,,
1972.5744992672203,14.506826293175033,2,EELS,Gold,"[{""position"": 0.0, ""amplitude"": 2.578669376523827, ""fwhm"": 2.64021333840469}]",0.0,2.578669376523827,2.64021333840469,,,,,,,,,,,,,,,
1973.553981436248,14.506846442619327,2,EELS,Gold,"[{""position"": 0.0, ""amplitude"": 2.578669376523827, ""fwhm"": 2.64021333840469}]",0.0,2.578669376523827,2.64021333840469,,,,,,,,,,,,,,,
1974.533463605276,14.506826293175033,2,EELS,Gold,"[{""position"": 0.0, ""amplitude"": 2.578669376523827, ""fwhm"": 2.64021333840469}]",0.0,2.578669376523827,2.64021333840469,,,,,,,,,,,,,,,
1975.5129457743037,14.509468966654952,2,EELS,Gold,"[{""position"": 0.0, ""amplitude"": 2.578669376523827, ""fwhm"": 2.64021333840469}]",0.0,2.578669376523827,2.64021333840469,,,,,,,,,,,,,,,
1976.4924279433317,14.508524036792979,2,EELS,Gold,"[{""position"": 0.0, ""amplitude"": 2.578669376523827, ""fwhm"": 2.64021333840469}]",0.0,2.578669376523827,2.64021333840469,,,,,,,,,,,,,,,
1977.4719101123594,14.508990154922728,2,EELS,Gold,"[{""position"": 0.0, ""amplitude"": 2.578669376523827, ""fwhm"": 2.64021333840469}]",0.0,2.578669376523827,2.64021333840469,,,,,,,,,,,,,,,
1978.4513922813874,14.507277201530744,2,EELS,Gold,"[{""position"": 0.0, ""amplitude"": 2.578669376523827, ""fwhm"": 2.64021333840469}]",0.0,2.578669376523827,2.64021333840469,,,,,,,,,,,,,,,
1979.430874450415,14.506826293175033,2,EELS,Gold,"[{""position"": 0.0, ""amplitude"": 2.578669376523827, ""fwhm"": 2.64021333840469}]",0.0,2.578669376523827,2.64021333840469,,,,,,,,,,,,,,,
1980.410356619443,14.511826293175034,2,EELS,Gold,"[{""position"": 0.0, ""amplitude"": 2.578669376523827, ""fwhm"": 2.64021333840469}]",0.0,2.578669376523827,2.64021333840469,,,,,,,,,,,,,,,
1981.3898387884708,14.517958382308958,2,EELS,Gold,"[{""position"": 0.0, ""amplitude"": 2.578669376523827, ""fwhm"": 2.64021333840469}]",0.0,2.578669376523827,2.64021333840469,,,,,,,,,,,,,,,
1982.3693209574988,14.511826293175034,2,EELS,Gold,"[{""position"": 0.0, ""amplitude"": 2.578669376523827, ""fwhm"": 2.64021333840469}]",0.0,2.578669376523827,2.64021333840469,,,,,,,,,,,,,,,
1983.3488031265265,14.52409139808177,2,EELS,Gold,"[{""position"": 0.0, ""amplitude"": 2.578669376523827, ""fwhm"": 2.64021333840469}]",0.0,2.578669376523827,2.64021333840469,,,,,,,,,,,,,,,
1984.3282852955545,14.513096016549483,2,EELS,Gold,"[{""position"": 0.0, ""amplitude"": 2.578669376523827, ""fwhm"": 2.64021333840469}]",0.0,2.578669376523827,2.64021333840469,,,,,,,,,,,,,,,
1985.3077674645822,14.508079175749092,2,EELS,Gold,"[{""position"": 0.0, ""amplitude"": 2.578669376523827, ""fwhm"": 2.64021333840469}]",0.0,2.578669376523827,2.64021333840469,,,,,,,,,,,,,,,
1986.2872496336101,14.516826293175033,2,EELS,Gold,"[{""position"": 0.0, ""amplitude"": 2.578669376523827, ""fwhm"": 2.64021333840469}]",0.0,2.578669376523827,2.64021333840469,,,,,,,,,,,,,,,
1987.2667318026379,14.516826293175033,2,EELS,Gold,"[{""position"": 0.0, ""amplitude"": 2.578669376523827, ""fwhm"": 2.64021333840469}]",0.0,2.578669376523827,2.64021333840469,,,,,,,,,,,,,,,
1988.2462139716658,14.518664929709718,2,EELS,Gold,"[{""position"": 0.0, ""amplitude"": 2.578669376523827, ""fwhm"": 2.64021333840469}]",0.0,2.578669376523827,2.64021333840469,,,,,,,,,,,,,,,
1989.2256961406936,14.511826293175034,2,EELS,Gold,"[{""position"": 0.0, ""amplitude"": 2.578669376523827, ""fwhm"": 2.64021333840469}]",0.0,2.578669376523827,2.64021333840469,,,,,,,,,,,,,,,
1990.2051783097215,14.524080341497811,2,EELS,Gold,"[{""position"": 0.0, ""amplitude"": 2.578669376523827, ""fwhm"": 2.64021333840469}]",0.0,2.578669376523827,2.64021333840469,,,,,,,,,,,,,,,
1991.1846604787493,14.506826293175033,2,EELS,Gold,"[{""position"": 0.0, ""amplitude"": 2.578669376523827, ""fwhm"": 2.64021333840469}]",0.0,2.578669376523827,2.64021333840469,,,,,,,,,,,,,,,
1992.1641426477772,14.511260216325372,2,EELS,Gold,"[{""position"": 0.0, ""amplitude"": 2.578669376523827, ""fwhm"": 2.64021333840469}]",0.0,2.578669376523827,2.64021333840469,,,,,,,,,,,,,,,
1993.143624816805,14.516189079115852,2,EELS,Gold,"[{""position"": 0.0, ""amplitude"": 2.578669376523827, ""fwhm"": 2.64021333840469}]",0.0,2.578669376523827,2.64021333840469,,,,,,,,,,,,,,,
1994.123106985833,14.511826293175034,2,EELS,Gold,"[{""position"": 0.0, ""amplitude"": 2.578669376523827, ""fwhm"": 2.64021333840469}]",0.0,2.578669376523827,2.64021333840469,,,,,,,,,,,,,,,
1995.1025891548607,14.506826293175033,2,EELS,Gold,"[{""position"": 0.0, ""amplitude"": 2.578669376523827, ""fwhm"": 2.64021333840469}]",0.0,2.578669376523827,2.64021333840469,,,,,,,,,,,,,,,
1996.0820713238886,14.506826293175033,2,EELS,Gold,"[{""position"": 0.0, ""amplitude"": 2.578669376523827, ""fwhm"": 2.64021333840469}]",0.0,2.578669376523827,2.64021333840469,,,,,,,,,,,,,,,
1997.0615534929163,14.516826293175033,2,EELS,Gold,"[{""position"": 0.0, ""amplitude"": 2.578669376523827, ""fwhm"": 2.64021333840469}]",0.0,2.578669376523827,2.64021333840469,,,,,,,,,,,,,,,
1998.0410356619443,14.506826293175033,2,EELS,Gold,"[{""position"": 0.0, ""amplitude"": 2.578669376523827, ""fwhm"": 2.64021333840469}]",0.0,2.578669376523827,2.64021333840469,,,,,,,,,,,,,,,
1999.020517830972,14.511826293175034,2,EELS,Gold,"[{""position"": 0.0, ""amplitude"": 2.578669376523827, ""fwhm"": 2.64021333840469}]",0.0,2.578669376523827,2.64021333840469,,,,,,,,,,,,,,,
2000.0,14.520062739085919,2,EELS,Gold,"[{""position"": 0.0, ""amplitude"": 2.578669376523827, ""fwhm"": 2.64021333840469}]",0.0,2.578669376523827,2.64021333840469,,,,,,,,,,,,,,,
